home_team,away_team,odds_commence_time_utc,nba_game_day_local,odds_id,odds_snapshot_last_utc,spread_home_last,spread_away_last,spread_home_consensus,spread_away_consensus,spread_home_consensus_all_time,spread_away_consensus_all_time,total_last,total_consensus,total_consensus_all_time,moneyline_home_last,moneyline_away_last,moneyline_home_consensus,moneyline_away_consensus,moneyline_home_consensus_all_time,moneyline_away_consensus_all_time,consensus_book_count,all_time_snapshot_count
Philadelphia 76ers,Memphis Grizzlies,2026-03-10T23:10:00Z,2026-03-10,e735f6e9e8e98e8b92c380f09760ec3f,2026-03-10T21:54:03.108262+00:00,-4.0,4.0,-3.727,3.727,-5.0,5.0,229.0,229.182,229.136,-170,150,-168.545,142.091,-196.273,163.545,11,16
Atlanta Hawks,Dallas Mavericks,2026-03-10T23:40:00Z,2026-03-10,abc7626b6e289bd9003f66cd3df84349,2026-03-10T21:54:03.108262+00:00,-10.0,10.0,-10.0,10.0,-9.0,9.0,241.0,240.818,238.773,-420,340,-438.636,335.636,-382.364,299.455,11,16
Brooklyn Nets,Detroit Pistons,2026-03-10T23:40:00Z,2026-03-10,9421796c001c679383541d472b15be1f,2026-03-10T21:54:03.108262+00:00,15.0,-15.0,14.818,-14.818,14.682,-14.682,216.5,216.545,216.818,708,-1028,702.909,-1134.364,676.182,-1073.182,11,16
Miami Heat,Washington Wizards,2026-03-10T23:40:00Z,2026-03-10,565b25ab007865785e752c67dfb61e99,2026-03-10T21:54:03.108262+00:00,-16.5,16.5,-16.409,16.409,-15.409,15.409,237.5,237.773,242.727,-1174,781,-1224.909,743.182,-1027.727,651.182,11,16
San Antonio Spurs,Boston Celtics,2026-03-11T00:10:00Z,2026-03-10,e989d01a7b748cf7e0c892b5259ea99d,2026-03-10T21:54:03.108262+00:00,-3.5,3.5,-3.455,3.455,-3.318,3.318,221.5,221.455,222.273,-155,136,-157.364,132.091,-148.364,125,11,16
Houston Rockets,Toronto Raptors,2026-03-11T00:10:00Z,2026-03-10,f9792224d24b63aa28a24224ea099225,2026-03-10T21:54:03.108262+00:00,-4.5,4.5,-4.5,4.5,-4.727,4.727,220.0,220.045,217.318,-185,162,-188.818,158.182,-193.818,162,11,16
Milwaukee Bucks,Phoenix Suns,2026-03-11T00:10:00Z,2026-03-10,133cc0d0b8283948b909c38cc93d2d62,2026-03-11T00:57:41.134104+00:00,2.5,-2.5,1.5,-1.5,2.0,-2.0,232.5,230.0,217.409,114,-146,8,-107.818,110,-131.091,11,17
Portland Trail Blazers,Charlotte Hornets,2026-03-11T02:10:00Z,2026-03-10,25729251b2eb774717c748181096b0be,2026-03-11T00:57:41.134104+00:00,3.5,-3.5,3.545,-3.545,3.136,-3.136,228.0,227.773,227.318,136,-155,134.182,-159.909,127.727,-151.727,11,17
Golden State Warriors,Chicago Bulls,2026-03-11T02:10:00Z,2026-03-10,c248f3294c1e35f27919ab0f49322752,2026-03-11T00:57:41.134104+00:00,-6.0,6.0,-6.0,6.0,-6.364,6.364,227.0,227.273,227.909,-228,195,-235.818,193.545,-237.182,195.091,11,17
Sacramento Kings,Indiana Pacers,2026-03-11T02:10:00Z,2026-03-10,eacde0007a133dae3e1eee3630c04a60,2026-03-11T00:57:41.134104+00:00,-3.5,3.5,-3.364,3.364,-4.0,4.0,236.0,236.409,236.045,-155,136,-158.636,133.364,-172.182,144.545,11,17
Los Angeles Lakers,Minnesota Timberwolves,2026-03-11T03:10:00Z,2026-03-10,4df738bb19716e5b1ea6f389fa1fd60d,2026-03-11T00:57:41.134104+00:00,2.5,-2.5,2.5,-2.5,2.136,-2.136,230.5,230.364,234.0,117,-133,115.091,-136.818,112.727,-133.727,11,17
Philadelphia 76ers,Memphis Grizzlies,2026-03-10T23:12:00Z,2026-03-10,e735f6e9e8e98e8b92c380f09760ec3f,2026-03-11T00:57:41.134104+00:00,5.5,-5.5,5.75,-5.75,5.75,-5.75,256.5,255.312,255.312,240,-330,241.25,-336.625,241.25,-336.625,8,1
Brooklyn Nets,Detroit Pistons,2026-03-10T23:41:00Z,2026-03-10,9421796c001c679383541d472b15be1f,2026-03-11T00:57:41.134104+00:00,34.5,-34.5,34.25,-34.25,34.25,-34.25,216.5,217.375,217.375,3300,-10000,3300,-10000,3300,-10000,8,1
Miami Heat,Washington Wizards,2026-03-10T23:41:00Z,2026-03-10,565b25ab007865785e752c67dfb61e99,2026-03-11T00:57:41.134104+00:00,-20.5,20.5,-20.938,20.938,-20.938,20.938,250.5,251.812,251.812,-20000,2200,-15600,2480,-15600,2480,8,1
Atlanta Hawks,Dallas Mavericks,2026-03-10T23:42:00Z,2026-03-10,abc7626b6e289bd9003f66cd3df84349,2026-03-11T00:57:41.134104+00:00,-13.5,13.5,-13.062,13.062,-13.062,13.062,236.5,237.312,237.312,-3000,1000,-1985.375,843.75,-1985.375,843.75,8,1
Houston Rockets,Toronto Raptors,2026-03-11T00:12:00Z,2026-03-10,f9792224d24b63aa28a24224ea099225,2026-03-11T00:57:41.134104+00:00,-4.5,4.5,-4.75,4.75,-4.75,4.75,225.5,224.125,224.125,-215,164,-222.25,169.875,-222.25,169.875,8,1
San Antonio Spurs,Boston Celtics,2026-03-11T00:13:00Z,2026-03-10,e989d01a7b748cf7e0c892b5259ea99d,2026-03-11T00:57:41.134104+00:00,2.5,-2.5,2.562,-2.562,2.562,-2.562,224.5,225.5,225.5,128,-164,95,-155.375,95,-155.375,8,1
Orlando Magic,Cleveland Cavaliers,2026-03-11T23:40:00Z,2026-03-11,2b7e07f92609e7a5ad0edcfe650d99e8,2026-03-11T22:55:03.813661+00:00,3.5,-3.5,3.409,-3.409,2.864,-2.864,226.0,226.091,225.909,136,-155,135.818,-161.545,127.909,-151.273,11,12
Denver Nuggets,Houston Rockets,2026-03-12T02:10:00Z,2026-03-11,dc635f9b3f854e9881597341b126a1ff,2026-03-12T01:18:08.107975+00:00,-7.0,7.0,-6.955,6.955,-5.273,5.273,231.0,231.091,228.545,-253,214,-258.909,210.273,-215,178.273,11,14
Los Angeles Clippers,Minnesota Timberwolves,2026-03-12T02:40:00Z,2026-03-11,93eb0e796df39c4bd0667f1bbc5a1cb1,2026-03-12T02:40:00.762086+00:00,-2.0,2.0,-1.818,1.818,-1.773,1.773,226.0,226.273,226.273,-128,112,-124.909,86.545,-127,70,11,16
New Orleans Pelicans,Toronto Raptors,2026-03-12T00:10:00Z,2026-03-11,f017158f6d19c234ca36c9f4158a2dd7,2026-03-11T22:55:03.813661+00:00,2.5,-2.5,2.5,-2.5,1.318,-1.318,235.0,234.727,232.591,122,-138,118.818,-141.182,102,-121.818,11,11
Utah Jazz,New York Knicks,2026-03-12T01:10:00Z,2026-03-11,6df2d79d5f33a116e65cebdf6b58df62,2026-03-11T22:55:03.813661+00:00,14.0,-14.0,14.318,-14.318,12.5,-12.5,230.5,230.591,229.636,683,-979,662.545,-1044.545,527.273,-766,11,11
Sacramento Kings,Charlotte Hornets,2026-03-12T02:10:00Z,2026-03-11,9456ca1700b88516e897b6814de3681c,2026-03-12T01:18:08.107975+00:00,14.0,-14.0,14.136,-14.136,12.5,-12.5,224.5,224.455,226.636,603,-834,591.636,-891.182,503.636,-722.909,11,13
Oklahoma City Thunder,Boston Celtics,2026-03-13T01:40:00Z,2026-03-12,54729c42f16b535d7db5602607b652cb,2026-03-12T19:41:19.512156+00:00,-7.5,7.5,-7.545,7.545,-6.5,6.5,216.0,216.318,216.409,-282,237,-288.182,233.091,-249.727,203.818,11,21
Detroit Pistons,Philadelphia 76ers,2026-03-12T23:10:00Z,2026-03-12,05abd26b6e3a0a9e4317e3948c06a097,2026-03-12T19:41:19.512156+00:00,-15.5,15.5,-15.455,15.455,-14.5,14.5,222.0,222.227,221.0,-1174,781,-1175.545,719.364,-984.364,636.909,11,16
Orlando Magic,Cleveland Cavaliers,2026-03-11T23:42:00Z,2026-03-11,2b7e07f92609e7a5ad0edcfe650d99e8,2026-03-12T02:23:32.843851+00:00,-4.5,4.5,-4.812,4.812,2.625,-2.625,251.5,240.125,240.062,-10000,3300,-4041,1025.25,103.125,-165.375,8,3
New Orleans Pelicans,Toronto Raptors,2026-03-12T00:12:00Z,2026-03-11,f017158f6d19c234ca36c9f4158a2dd7,2026-03-12T02:23:32.843851+00:00,-15.5,15.5,-13.25,13.25,2.125,-2.125,228.5,233.938,238.125,108,-138,106.75,-137.25,81.125,-137.375,8,3
Utah Jazz,New York Knicks,2026-03-12T01:11:00Z,2026-03-11,6df2d79d5f33a116e65cebdf6b58df62,2026-03-12T03:04:01.169948+00:00,7.5,-7.5,9.364,-9.364,13.864,-13.864,245.5,242.318,232.0,470,-770,511.727,-801,628.818,-971.909,11,7
Indiana Pacers,Phoenix Suns,2026-03-12T23:10:00Z,2026-03-12,934acadeb7fcd3d3c1d79fd8b324040c,2026-03-12T19:41:19.512156+00:00,8.5,-8.5,8.545,-8.545,8.773,-8.773,223.5,223.273,226.0,329,-405,311.909,-399.818,297.364,-381.364,11,15
Orlando Magic,Washington Wizards,2026-03-12T23:10:00Z,2026-03-12,cd2e1d8b7576bcfeb478f6e35d9b3981,2026-03-12T19:41:19.512156+00:00,-14.0,14.0,-14.136,14.136,-14.318,14.318,234.0,234.091,230.773,-946,665,-1048.455,663.636,-1017,645.091,11,15
Atlanta Hawks,Brooklyn Nets,2026-03-12T23:40:00Z,2026-03-12,262c75be6af3afb9a3e942e061ca61b4,2026-03-12T19:41:19.512156+00:00,-15.5,15.5,-15.545,15.545,-13.909,13.909,226.0,226.045,226.455,-1028,708,-1136.727,705.909,-921.727,600.818,11,15
Miami Heat,Milwaukee Bucks,2026-03-12T23:40:00Z,2026-03-12,4c710b46284886c35732575897017b19,2026-03-12T19:41:19.512156+00:00,-6.5,6.5,-6.5,6.5,-6.136,6.136,234.5,234.545,229.455,-248,210,-258.636,210.182,-250.727,204.091,11,15
Memphis Grizzlies,Dallas Mavericks,2026-03-13T00:10:00Z,2026-03-12,8139b5bfd0d6cb35977cd039afbbbc06,2026-03-12T19:41:19.512156+00:00,5.0,-5.0,5.0,-5.0,4.091,-4.091,238.0,238.0,236.864,171,-195,169.909,-204,152.273,-181.818,11,15
San Antonio Spurs,Denver Nuggets,2026-03-13T01:10:00Z,2026-03-12,bb77f1e69f95b7403a2ab81b5bcc7a2d,2026-03-12T19:41:19.512156+00:00,-4.5,4.5,-4.591,4.591,-4.955,4.955,240.5,240.045,236.0,-190,166,-193.818,162.091,-205.273,170.273,11,15
Los Angeles Lakers,Chicago Bulls,2026-03-13T02:40:00Z,2026-03-12,4aee4f2701274412ad8157cdfea22caf,2026-03-13T05:05:19.122159+00:00,-13.5,13.5,-12.455,12.455,-10.409,10.409,270.5,245.182,232.091,-591,456,-595.727,425.273,-515.364,385.455,11,17
Sacramento Kings,Charlotte Hornets,2026-03-12T02:11:00Z,2026-03-11,9456ca1700b88516e897b6814de3681c,2026-03-12T04:26:32.080224+00:00,8.5,-8.5,10.045,-10.045,15.227,-15.227,236.5,233.0,229.909,255,-350,364,-530.545,683.545,-1299.636,11,6
Denver Nuggets,Houston Rockets,2026-03-12T02:13:00Z,2026-03-11,dc635f9b3f854e9881597341b126a1ff,2026-03-12T04:26:32.080224+00:00,-35.5,35.5,-27.818,27.818,-8.045,8.045,218.5,223.409,229.636,-260,196,-267.182,204.273,-343.091,254.182,11,6
Los Angeles Clippers,Minnesota Timberwolves,2026-03-12T02:42:00Z,2026-03-11,93eb0e796df39c4bd0667f1bbc5a1cb1,2026-03-12T04:26:32.080224+00:00,-8.5,8.5,-7.409,7.409,-3.409,3.409,258.5,250.136,227.455,-1100,600,-771.364,434.727,-169,132.545,11,4
Orlando Magic,Washington Wizards,2026-03-12T23:11:00Z,2026-03-12,cd2e1d8b7576bcfeb478f6e35d9b3981,2026-03-13T01:53:02.368955+00:00,-4.5,4.5,-6.429,6.429,-6.429,6.429,267.5,261.0,261.0,-3500,1060,-5027,1164,-5027,1164,8,1
Atlanta Hawks,Brooklyn Nets,2026-03-12T23:41:00Z,2026-03-12,262c75be6af3afb9a3e942e061ca61b4,2026-03-13T01:53:02.368955+00:00,-13.5,13.5,-13.938,13.938,-13.938,13.938,204.5,210.0,210.0,-1400,750,-1400,750,-1400,750,8,1
Miami Heat,Milwaukee Bucks,2026-03-12T23:41:00Z,2026-03-12,4c710b46284886c35732575897017b19,2026-03-13T01:53:02.368955+00:00,-5.5,5.5,-5.167,5.167,-5.167,5.167,217.5,219.25,219.25,-4000,1100,-2048.714,720,-2048.714,720,8,1
Memphis Grizzlies,Dallas Mavericks,2026-03-13T00:11:00Z,2026-03-12,8139b5bfd0d6cb35977cd039afbbbc06,2026-03-13T01:53:02.368955+00:00,8.5,-8.5,7.938,-7.938,7.938,-7.938,227.5,229.688,229.688,600,-1100,530.625,-1005.75,530.625,-1005.75,8,1
San Antonio Spurs,Denver Nuggets,2026-03-13T01:11:00Z,2026-03-12,bb77f1e69f95b7403a2ab81b5bcc7a2d,2026-03-13T01:53:02.368955+00:00,-11.5,11.5,-10.688,10.688,-10.688,10.688,246.5,243.75,243.75,-620,400,-564,368.125,-564,368.125,8,1
Oklahoma City Thunder,Boston Celtics,2026-03-13T01:43:00Z,2026-03-12,54729c42f16b535d7db5602607b652cb,2026-03-13T01:53:02.368955+00:00,-8.5,8.5,-8.091,8.091,-8.091,8.091,216.5,214.909,214.909,-345,285,-332.545,250.909,-332.545,250.909,11,1
Dallas Mavericks,Cleveland Cavaliers,2026-03-13T23:40:00Z,2026-03-13,fff92660471a227787e69030342c161a,2026-03-13T22:32:00.169112+00:00,13.5,-13.5,13.5,-13.5,12.364,-12.364,237.5,237.545,233.591,533,-713,528.727,-772,453.273,-643.545,11,9
Detroit Pistons,Memphis Grizzlies,2026-03-13T23:40:00Z,2026-03-13,9f90f0cfcf3b921f77ede1f83724a96f,2026-03-13T22:32:00.169112+00:00,-15.5,15.5,-15.773,15.773,-15.636,15.636,234.0,233.682,231.818,-1365,872,-1440.364,824.182,-1206.455,717.545,11,9
Indiana Pacers,New York Knicks,2026-03-13T23:40:00Z,2026-03-13,aef5ba1e4c95ece8672f8bb0672fe17d,2026-03-13T22:32:00.169112+00:00,12.5,-12.5,12.682,-12.682,11.864,-11.864,227.5,227.409,227.455,493,-650,507.545,-739,486,-710.818,11,9
Toronto Raptors,Phoenix Suns,2026-03-13T23:40:00Z,2026-03-13,9d9b5899c3a11e2fb35194811631cd40,2026-03-13T22:32:00.169112+00:00,-5.5,5.5,-5.455,5.455,-3.818,3.818,219.0,219.318,218.409,-197,173,-203.364,169.727,-174,144.364,11,9
Houston Rockets,New Orleans Pelicans,2026-03-14T00:10:00Z,2026-03-13,8d4b91d706b4ca4f3b81cc33346b3d14,2026-03-13T22:32:00.169112+00:00,-6.0,6.0,-5.818,5.818,-7.045,7.045,230.0,230.136,226.682,-223,191,-231.909,189.909,-283.182,225,11,9
Golden State Warriors,Minnesota Timberwolves,2026-03-14T02:10:00Z,2026-03-13,8f70af8b76f27c4f0a7a6957464edf9d,2026-03-14T00:44:31.314354+00:00,5.5,-5.5,5.636,-5.636,6.045,-6.045,223.5,223.227,227.864,179,-204,176.273,-211.727,193,-238.818,11,10
Portland Trail Blazers,Utah Jazz,2026-03-14T02:10:00Z,2026-03-13,d935250226e658edb6e7a0f1eaf4edea,2026-03-14T00:44:31.314354+00:00,-15.5,15.5,-15.5,15.5,-13.318,13.318,234.5,234.864,227.227,-1174,781,-1230.818,744.636,-905.818,577.545,11,10
Los Angeles Clippers,Chicago Bulls,2026-03-14T02:40:00Z,2026-03-13,3e5d3f236671e27e0921615898f5f035,2026-03-14T00:44:31.314354+00:00,-13.0,13.0,-13.045,13.045,-12.364,12.364,234.0,233.955,234.773,-737,547,-788.636,539,-604.636,427.636,11,9
Philadelphia 76ers,Brooklyn Nets,2026-03-14T17:10:00Z,2026-03-14,12c0f198cfa33b284457ae31066ace94,2026-03-14T17:45:05.861675+00:00,-16.5,16.5,-13.182,13.182,-9.091,9.091,202.5,208.182,215.591,-2500,900,-1424.182,653.727,-398.273,308.091,11,10
San Antonio Spurs,Charlotte Hornets,2026-03-14T19:40:00Z,2026-03-14,385c8f2c3153a39f3b1864e324132599,2026-03-14T17:45:05.861675+00:00,-4.5,4.5,-4.5,4.5,-5.591,5.591,230.5,230.773,228.682,-180,158,-186.727,156.727,-236.455,193.727,11,10
Los Angeles Lakers,Denver Nuggets,2026-03-14T22:40:00Z,2026-03-14,5b7467a257447a40f885525e863992a5,2026-03-14T05:17:50.962596+00:00,2.5,-2.5,2.591,-2.591,2.364,-2.364,244.5,244.136,243.045,120,-136,119.364,-141.727,116,-137.364,11,9
Miami Heat,Orlando Magic,2026-03-15T00:10:00Z,2026-03-14,b356eed95fac84c751e3a07a9b013bdb,2026-03-14T17:45:05.861675+00:00,-4.5,4.5,-4.455,4.455,-3.273,3.273,237.0,237.136,235.409,-185,162,-186,155.909,-154.091,129.818,11,10
Detroit Pistons,Memphis Grizzlies,2026-03-13T23:41:00Z,2026-03-13,9f90f0cfcf3b921f77ede1f83724a96f,2026-03-14T00:44:31.314354+00:00,-15.5,15.5,-14.938,14.938,-14.938,14.938,239.5,239.688,239.688,-3500,1060,-2925,963.75,-2925,963.75,8,1
Indiana Pacers,New York Knicks,2026-03-13T23:41:00Z,2026-03-13,aef5ba1e4c95ece8672f8bb0672fe17d,2026-03-14T00:44:31.314354+00:00,15.5,-15.5,15.188,-15.188,15.188,-15.188,211.5,212.0,212.0,1060,-3500,1020,-3525,1020,-3525,8,1
Toronto Raptors,Phoenix Suns,2026-03-13T23:42:00Z,2026-03-13,9d9b5899c3a11e2fb35194811631cd40,2026-03-14T00:44:31.314354+00:00,-1.5,1.5,-1.5,1.5,-1.5,1.5,230.5,228.625,228.625,-140,110,-132.5,77.125,-132.5,77.125,8,1
Dallas Mavericks,Cleveland Cavaliers,2026-03-13T23:43:00Z,2026-03-13,fff92660471a227787e69030342c161a,2026-03-14T00:44:31.314354+00:00,20.5,-20.5,20.375,-20.375,20.375,-20.375,234.5,236.0,236.0,1800,-10000,1960,-9200,1960,-9200,8,1
Houston Rockets,New Orleans Pelicans,2026-03-14T00:12:00Z,2026-03-13,8d4b91d706b4ca4f3b81cc33346b3d14,2026-03-14T02:49:39.163549+00:00,-7.0,7.0,-6.375,6.375,-6.188,6.188,223.0,223.75,224.188,-7000,1500,-2930.625,671.875,-279.375,207.5,8,2
Boston Celtics,Washington Wizards,2026-03-14T22:10:00Z,2026-03-14,99121dd3b759ee039a7172119402defe,2026-03-14T17:45:05.861675+00:00,-20.0,20.0,-20.136,20.136,-19.727,19.727,232.5,232.545,228.318,-2553,1223,-2944.182,1222.364,-2443.909,1088.182,11,8
Portland Trail Blazers,Utah Jazz,2026-03-14T02:12:00Z,2026-03-13,d935250226e658edb6e7a0f1eaf4edea,2026-03-14T04:35:17.058808+00:00,-10.5,10.5,-10.938,10.938,-11.188,11.188,239.5,239.375,240.375,-1100,650,-846.875,509.375,-821.875,490.625,8,3
Golden State Warriors,Minnesota Timberwolves,2026-03-14T02:13:00Z,2026-03-13,8f70af8b76f27c4f0a7a6957464edf9d,2026-03-14T04:35:17.058808+00:00,11.5,-11.5,10.938,-10.938,7.312,-7.312,244.5,239.0,233.375,285,-400,248.75,-342.625,248.75,-342.625,8,3
Los Angeles Clippers,Chicago Bulls,2026-03-14T02:41:00Z,2026-03-13,3e5d3f236671e27e0921615898f5f035,2026-03-14T05:00:00.586655+00:00,-10.5,10.5,-11.136,11.136,-14.227,14.227,234.5,232.455,237.5,-50000,3500,-7728.727,1403.364,-1024.182,596.545,11,5
Atlanta Hawks,Milwaukee Bucks,2026-03-14T19:10:00Z,2026-03-14,67fd3c76881fc3018d06f51684b04db5,2026-03-14T17:45:05.861675+00:00,-11.0,11.0,-10.773,10.773,-7.955,7.955,226.5,226.591,230.909,-493,390,-471.636,357.636,-299,240.909,11,7
Los Angeles Clippers,Sacramento Kings,2026-03-15T02:40:00Z,2026-03-14,fd3cb91e05ed15d6fa70f51f1d305f3b,2026-03-14T17:45:05.861675+00:00,-13.5,13.5,-13.5,13.5,-13.5,13.5,233.0,232.318,231.636,-862,619,-898.727,593.091,-876,581.727,11,6
Los Angeles Lakers,Denver Nuggets,2026-03-15T00:40:00Z,2026-03-14,5b7467a257447a40f885525e863992a5,2026-03-14T17:45:05.861675+00:00,3.0,-3.0,2.909,-2.909,2.909,-2.909,244.5,244.591,244.591,136,-155,128.364,-152.455,128.364,-152.455,11,1
Oklahoma City Thunder,Minnesota Timberwolves,2026-03-15T17:12:00Z,2026-03-15,689cb75979724773a16b617332228d55,2026-03-15T19:34:37.035357+00:00,-13.5,13.5,-11.909,11.909,-11.273,11.273,219.5,219.909,226.727,-4500,1200,-3439.636,994.455,-643.727,410.091,11,4
Cleveland Cavaliers,Dallas Mavericks,2026-03-15T19:40:00Z,2026-03-15,45f9fc1bf871b54d2392e9ec6506097f,2026-03-15T19:34:37.035357+00:00,-15.0,15.0,-14.909,14.909,-15.136,15.136,234.0,233.818,235.682,-1077,733,-1158.364,716.091,-1271.273,764.182,11,4
Toronto Raptors,Detroit Pistons,2026-03-15T19:40:00Z,2026-03-15,ee20dd8148c700589a380b7f5b5c1010,2026-03-15T19:34:37.035357+00:00,3.0,-3.0,3.0,-3.0,3.5,-3.5,224.5,224.455,224.091,132,-149,127.545,-151.091,140.727,-167.182,11,4
Milwaukee Bucks,Indiana Pacers,2026-03-15T19:40:00Z,2026-03-15,4d87f60750a28b81c5a82803e3b412a7,2026-03-15T19:34:37.035357+00:00,-7.5,7.5,-7.545,7.545,-7.045,7.045,228.0,227.955,227.227,-287,241,-302.545,242.364,-267.818,217.727,11,4
Philadelphia 76ers,Portland Trail Blazers,2026-03-15T22:10:00Z,2026-03-15,6420f72c1e96bb40f11548af8dbb2950,2026-03-15T22:02:06.573990+00:00,8.5,-8.5,8.5,-8.5,8.318,-8.318,229.5,229.136,228.409,274,-331,271.636,-345.727,265.909,-336.727,11,6
New York Knicks,Golden State Warriors,2026-03-16T00:10:00Z,2026-03-15,f9869f17c6d1080f1c2d99d55725ce16,2026-03-15T22:02:06.573990+00:00,-14.5,14.5,-14.455,14.455,-14.227,14.227,219.5,219.545,218.955,-931,657,-967.364,628.091,-949.273,621.909,11,6
Sacramento Kings,Utah Jazz,2026-03-16T02:10:00Z,2026-03-15,ae243acf61e3bbc8a0fef18df12adf30,2026-03-16T04:04:16.934433+00:00,-8.5,8.5,-7.273,7.273,-3.136,3.136,231.5,231.136,232.682,-3500,1060,-1732.909,698.364,-155.455,130.545,11,13
Cleveland Cavaliers,Dallas Mavericks,2026-03-15T19:41:00Z,2026-03-15,45f9fc1bf871b54d2392e9ec6506097f,2026-03-15T22:02:06.573990+00:00,9.5,-9.5,7.25,-7.25,-9.562,9.562,256.5,242.5,224.625,-590,390,-647,404.375,-647,404.375,8,2
Toronto Raptors,Detroit Pistons,2026-03-15T19:42:00Z,2026-03-15,ee20dd8148c700589a380b7f5b5c1010,2026-03-15T22:02:06.573990+00:00,-5.5,5.5,-7.062,7.062,1.938,-1.938,224.5,226.688,232.188,-3500,1060,-3722,881.875,108.5,-139,8,2
Milwaukee Bucks,Indiana Pacers,2026-03-15T19:42:00Z,2026-03-15,4d87f60750a28b81c5a82803e3b412a7,2026-03-15T22:02:06.573990+00:00,-12.5,12.5,-10.25,10.25,-4.062,4.062,257.5,254.188,246.188,-192,148,-202,152.875,-202,152.875,8,2
Philadelphia 76ers,Portland Trail Blazers,2026-03-15T22:11:00Z,2026-03-15,6420f72c1e96bb40f11548af8dbb2950,2026-03-16T00:24:11.838531+00:00,-5.5,5.5,-3.857,3.857,-3.571,3.571,215.5,217.9,218.1,-10000,3300,-14126.286,1940,-12306.286,1892.857,8,2
New York Knicks,Golden State Warriors,2026-03-16T00:13:00Z,2026-03-15,f9869f17c6d1080f1c2d99d55725ce16,2026-03-16T02:45:01.588778+00:00,-3.5,3.5,-8.409,8.409,-14.682,14.682,218.5,218.591,222.5,-10000,1700,-2236.909,815.818,-1058.364,614.455,11,5
Atlanta Hawks,Orlando Magic,2026-03-16T23:10:00Z,2026-03-16,ffe5b43309eff2a1e0131998ff33abd6,2026-03-16T22:19:39.389743+00:00,-3.5,3.5,-3.455,3.455,-2.364,2.364,231.5,231.727,232.045,-153,135,-155.818,131.273,-137.909,116.091,11,26
Boston Celtics,Phoenix Suns,2026-03-16T23:40:00Z,2026-03-16,b0397850f18d2c86059f0f78aefdc405,2026-03-16T22:19:39.389743+00:00,-9.0,9.0,-8.909,8.909,-9.545,9.545,215.0,215.0,214.409,-386,315,-399.182,309.091,-410.182,316.727,11,26
Houston Rockets,Los Angeles Lakers,2026-03-17T01:40:00Z,2026-03-16,e18bb0c990005d46d98ab6ec89f2cfff,2026-03-17T01:05:05.224582+00:00,1.0,-1.0,1.0,-1.0,-2.136,2.136,223.0,223.409,225.318,-106,-110,-68.636,-114.727,-138.273,117,11,31
Los Angeles Clippers,San Antonio Spurs,2026-03-17T02:10:00Z,2026-03-16,b2e6e94e965db18685d98bd53c840be5,2026-03-17T01:05:05.224582+00:00,8.0,-8.0,7.864,-7.864,8.773,-8.773,234.0,233.909,226.364,263,-317,257.091,-324.091,297.636,-378.727,11,31
Brooklyn Nets,Portland Trail Blazers,2026-03-16T23:40:00Z,2026-03-16,b2cf48e20e7ea3f4ee141bf67f8229d1,2026-03-16T22:19:39.389743+00:00,11.0,-11.0,11.091,-11.091,9.955,-9.955,221.5,221.409,222.0,401,-508,390.182,-523.091,348.727,-460.545,11,23
Chicago Bulls,Memphis Grizzlies,2026-03-17T00:10:00Z,2026-03-16,3e7ba7718b4959c6c644a0dfdda73dcd,2026-03-17T00:03:57.998941+00:00,-7.0,7.0,-7.091,7.091,-5.636,5.636,243.5,243.682,239.818,-272,229,-281.091,227.545,-237.364,194.727,11,26
Washington Wizards,Golden State Warriors,2026-03-16T23:10:00Z,2026-03-16,16a4c04f493443107656ff044ca9f8c0,2026-03-16T22:19:39.389743+00:00,7.5,-7.5,7.5,-7.5,6.864,-6.864,234.0,234.0,230.227,245,-292,245.636,-306.818,239.364,-297.727,11,22
New Orleans Pelicans,Dallas Mavericks,2026-03-17T00:10:00Z,2026-03-16,ed74764cb6bf8e55c87066ca2f7592fc,2026-03-17T00:03:57.998941+00:00,-9.0,9.0,-8.773,8.773,-8.045,8.045,240.5,240.364,237.864,-327,271,-343.818,269.818,-298,240.182,11,25
Charlotte Hornets,Miami Heat,2026-03-17T23:10:00Z,2026-03-17,97559ed79c99e86d90fc2f9d2059e761,2026-03-17T22:02:05.810220+00:00,-5.0,5.0,-5.136,5.136,-3.727,3.727,236.5,236.591,233.227,-195,171,-202.545,168.364,-165.818,139.455,11,30
Washington Wizards,Golden State Warriors,2026-03-16T23:10:27Z,2026-03-16,16a4c04f493443107656ff044ca9f8c0,2026-03-17T01:05:05.224582+00:00,15.5,-15.5,13.5,-13.5,11.875,-11.875,242.5,241.375,234.812,3000,-50000,1680,-12460,465,-791.25,8,5
Atlanta Hawks,Orlando Magic,2026-03-16T23:12:00Z,2026-03-16,ffe5b43309eff2a1e0131998ff33abd6,2026-03-17T01:05:05.224582+00:00,-18.5,18.5,-19.562,19.562,-9.062,9.062,239.5,239.188,226.25,-100000,4000,-13232,925,-459.125,313.125,8,5
Boston Celtics,Phoenix Suns,2026-03-16T23:41:00Z,2026-03-16,b0397850f18d2c86059f0f78aefdc405,2026-03-16T23:41:08.222800+00:00,-9.0,9.0,-8.909,8.909,-8.909,8.909,216.5,216.409,216.409,-380,311,-392.273,305.909,-392.273,305.909,11,1
Brooklyn Nets,Portland Trail Blazers,2026-03-16T23:42:00Z,2026-03-16,b2cf48e20e7ea3f4ee141bf67f8229d1,2026-03-16T23:41:08.222800+00:00,10.5,-10.5,10.8,-10.8,10.8,-10.8,221.5,221.455,221.455,390,-493,379.818,-508.545,379.818,-508.545,11,1
New York Knicks,Indiana Pacers,2026-03-17T23:40:00Z,2026-03-17,9eba01d4cfa06caacc9d62a166b5a632,2026-03-17T22:02:05.810220+00:00,-14.5,14.5,-14.5,14.5,-16.091,16.091,221.5,221.455,225.136,-883,631,-909.273,601.455,-1147.091,698.909,11,22
Milwaukee Bucks,Cleveland Cavaliers,2026-03-18T00:10:00Z,2026-03-17,8951b3300ad3588888cb2397ea770d5e,2026-03-17T22:02:05.810220+00:00,12.0,-12.0,11.909,-11.909,9.636,-9.636,226.5,225.364,227.636,440,-567,414.273,-560.636,332.273,-434.636,11,22
Brooklyn Nets,Portland Trail Blazers,2026-03-16T23:40:55Z,2026-03-16,b2cf48e20e7ea3f4ee141bf67f8229d1,2026-03-17T01:05:05.224582+00:00,20.5,-20.5,18.636,-18.636,14.864,-14.864,212.5,215.455,218.318,3000,-50000,1425.455,-9207.545,668.636,-1451.455,11,4
Boston Celtics,Phoenix Suns,2026-03-16T23:42:00Z,2026-03-16,b0397850f18d2c86059f0f78aefdc405,2026-03-17T02:16:34.400476+00:00,-5.5,5.5,-8.136,8.136,-7.227,7.227,214.5,231.636,222.545,-10000,2200,-2164.545,683.636,-304.364,233.273,11,5
Chicago Bulls,Memphis Grizzlies,2026-03-17T00:11:00Z,2026-03-16,3e7ba7718b4959c6c644a0dfdda73dcd,2026-03-17T02:25:54.605482+00:00,-25.5,25.5,-18.864,18.864,-7.045,7.045,244.5,241.318,246.727,-400,285,-336.182,250.909,-282.091,217.273,11,4
New Orleans Pelicans,Dallas Mavericks,2026-03-17T00:11:00Z,2026-03-16,ed74764cb6bf8e55c87066ca2f7592fc,2026-03-17T02:25:54.605482+00:00,-14.5,14.5,-14.091,14.091,-8.318,8.318,238.5,242.864,239.227,-1600,750,-1577.455,681.273,-344.273,257.182,11,4
Denver Nuggets,Philadelphia 76ers,2026-03-18T01:10:00Z,2026-03-17,259082f7f5b98968cfaa3245ddc3da0b,2026-03-17T19:05:05.664032+00:00,-15.5,15.5,-15.727,15.727,-15.727,15.727,236.5,236.5,233.136,-1174,781,-1243.091,753.455,-1143.364,703.091,11,17
Houston Rockets,Los Angeles Lakers,2026-03-17T01:42:00Z,2026-03-16,e18bb0c990005d46d98ab6ec89f2cfff,2026-03-17T04:09:59.339534+00:00,7.5,-7.5,4.0,-4.0,2.688,-2.688,196.5,205.625,220.688,3300,-10000,393.75,-1796.25,94.5,-154.5,8,4
Los Angeles Clippers,San Antonio Spurs,2026-03-17T02:13:00Z,2026-03-16,b2e6e94e965db18685d98bd53c840be5,2026-03-17T04:52:21.646548+00:00,5.5,-5.5,7.545,-7.545,8.0,-8.0,235.5,231.955,234.045,280,-360,1126.182,-4646.455,254.818,-333.182,11,7
Orlando Magic,Oklahoma City Thunder,2026-03-17T23:10:00Z,2026-03-17,1071bc9088322a8c42c7cd80db4c8c6f,2026-03-17T22:02:05.810220+00:00,10.0,-10.0,10.0,-10.0,9.318,-9.318,224.0,223.727,222.045,340,-420,342.636,-447.182,335.818,-439,11,17
Minnesota Timberwolves,Phoenix Suns,2026-03-18T00:10:00Z,2026-03-17,79806ec6c1db4dc28fa93612d8269dc0,2026-03-18T02:23:52.873298+00:00,-13.5,13.5,-10.227,10.227,-5.227,5.227,227.5,225.5,222.273,-10000,3300,-1286.364,480.909,-182.909,153.364,11,20
Washington Wizards,Detroit Pistons,2026-03-17T23:10:00Z,2026-03-17,ef96df74a063b75de7971612d1c1b18a,2026-03-18T01:05:06.320785+00:00,23.5,-23.5,21.864,-21.864,18.0,-18.0,235.5,235.045,234.318,3300,-10000,1315.273,-3068.182,903.091,-1676.818,11,15
Sacramento Kings,San Antonio Spurs,2026-03-18T03:10:00Z,2026-03-17,352d39711b11d736c88876aa668df022,2026-03-18T01:05:06.320785+00:00,13.5,-13.5,13.455,-13.455,13.864,-13.864,235.5,235.545,233.455,590,-810,573.455,-856.364,544.182,-805.818,11,15
Denver Nuggets,Philadelphia 76ers,2026-03-18T02:10:00Z,2026-03-17,259082f7f5b98968cfaa3245ddc3da0b,2026-03-18T01:05:06.320785+00:00,-15.5,15.5,-15.5,15.5,-15.818,15.818,236.5,236.455,236.545,-1174,781,-1232.091,745.091,-1252,760.273,11,2
Boston Celtics,Golden State Warriors,2026-03-18T23:10:00Z,2026-03-18,559e3b7523e4be26e5788e58c1e6067b,2026-03-18T22:02:05.463592+00:00,-12.0,12.0,-11.682,11.682,-12.364,12.364,216.0,216.591,215.182,-591,456,-635,454.636,-629.273,449.091,11,8
Chicago Bulls,Toronto Raptors,2026-03-19T00:10:00Z,2026-03-18,a9e7cf9b2e8337be24987faf71d38562,2026-03-18T22:02:05.463592+00:00,7.0,-7.0,7.227,-7.227,7.455,-7.455,235.5,235.5,233.182,241,-287,239.818,-297.727,242.909,-301.636,11,8
Houston Rockets,Los Angeles Lakers,2026-03-19T01:40:00Z,2026-03-18,3646f994ee580be92e086ca3205cec9c,2026-03-19T01:05:05.669025+00:00,-2.0,2.0,-1.909,1.909,-2.136,2.136,223.0,222.636,222.364,-126,110,-130.182,109.818,-131.909,111,11,9
Charlotte Hornets,Miami Heat,2026-03-17T23:11:00Z,2026-03-17,97559ed79c99e86d90fc2f9d2059e761,2026-03-18T01:05:06.320785+00:00,-6.5,6.5,-7.25,7.25,-7.25,7.25,237.5,238.625,238.625,-480,330,-580.75,370.625,-580.75,370.625,8,1
Orlando Magic,Oklahoma City Thunder,2026-03-17T23:11:00Z,2026-03-17,1071bc9088322a8c42c7cd80db4c8c6f,2026-03-18T01:05:06.320785+00:00,7.5,-7.5,6.625,-6.625,6.625,-6.625,216.5,217.438,217.438,900,-2500,567.5,-1160.25,567.5,-1160.25,8,1
New York Knicks,Indiana Pacers,2026-03-17T23:42:00Z,2026-03-17,9eba01d4cfa06caacc9d62a166b5a632,2026-03-18T01:05:06.320785+00:00,-18.5,18.5,-17.375,17.375,-17.375,17.375,256.5,255.0,255.0,-20000,2000,-28600,2320,-28600,2320,8,1
Milwaukee Bucks,Cleveland Cavaliers,2026-03-18T00:12:00Z,2026-03-17,8951b3300ad3588888cb2397ea770d5e,2026-03-18T02:23:52.873298+00:00,9.5,-9.5,8.5,-8.5,7.875,-7.875,235.5,235.688,232.312,2500,-15000,970.625,-3488.75,298.75,-426.875,8,3
Brooklyn Nets,Oklahoma City Thunder,2026-03-18T23:40:00Z,2026-03-18,b8069101e24852c60cabdc606432eee7,2026-03-19T01:05:05.669025+00:00,39.5,-39.5,33.318,-33.318,19.364,-19.364,198.5,204.0,215.091,1120,-2050,1082,-2268.182,1143.182,-2550.273,11,8
New Orleans Pelicans,Los Angeles Clippers,2026-03-19T00:10:00Z,2026-03-18,17096eee549e2159e71d78bb3849db57,2026-03-18T22:02:05.463592+00:00,-1.5,1.5,-1.5,1.5,-1.773,1.773,236.5,236.545,231.136,-118,102,-120.273,82,-126.273,106.182,11,7
Dallas Mavericks,Atlanta Hawks,2026-03-19T00:40:00Z,2026-03-18,d1b7a6b86d3200f31d702d039df933e1,2026-03-18T22:02:05.463592+00:00,8.5,-8.5,8.364,-8.364,8.409,-8.409,238.5,238.455,238.045,274,-331,263.364,-331.727,270.636,-341.636,11,7
Sacramento Kings,San Antonio Spurs,2026-03-18T02:11:00Z,2026-03-17,352d39711b11d736c88876aa668df022,2026-03-18T02:23:52.873298+00:00,13.5,-13.5,16.045,-16.045,15.636,-15.636,233.5,228.773,229.136,561,-760,765.636,-1603.636,718.818,-1369.091,11,2
Denver Nuggets,Philadelphia 76ers,2026-03-18T02:13:00Z,2026-03-17,259082f7f5b98968cfaa3245ddc3da0b,2026-03-18T02:23:52.873298+00:00,-15.0,15.0,-17.136,17.136,-17.273,17.273,236.0,236.318,236.227,-1174,781,-2070.364,903.182,-2343.091,931.364,11,2
Indiana Pacers,Portland Trail Blazers,2026-03-18T23:40:00Z,2026-03-18,ad16cbe50231fbc2c6e23cc24db31365,2026-03-18T22:02:05.463592+00:00,13.0,-13.0,12.818,-12.818,10.409,-10.409,231.0,231.227,234.591,517,-689,523.909,-757.091,386.727,-519.909,11,6
Minnesota Timberwolves,Utah Jazz,2026-03-19T00:10:00Z,2026-03-18,c159c8836e9475f580cc678470d80c1b,2026-03-18T22:02:05.463592+00:00,-13.0,13.0,-13.045,13.045,-12.136,12.136,230.0,230.182,233.5,-737,547,-810.909,546.909,-679,479.455,11,6
Memphis Grizzlies,Denver Nuggets,2026-03-19T00:40:00Z,2026-03-18,88b9327dddb11904d24fb9f317b5db4f,2026-03-19T01:05:05.669025+00:00,8.5,-8.5,10.455,-10.455,13.045,-13.045,244.5,245.818,242.182,320,-460,391.455,-566.455,547.273,-806.727,11,5
Boston Celtics,Golden State Warriors,2026-03-18T23:13:00Z,2026-03-18,559e3b7523e4be26e5788e58c1e6067b,2026-03-19T01:05:05.669025+00:00,-18.5,18.5,-17.25,17.25,-17.25,17.25,216.5,216.875,216.875,-10000,3300,-7500,2200,-7500,2200,8,1
Indiana Pacers,Portland Trail Blazers,2026-03-18T23:41:00Z,2026-03-18,ad16cbe50231fbc2c6e23cc24db31365,2026-03-19T01:05:05.669025+00:00,18.5,-18.5,18.875,-18.875,18.875,-18.875,253.5,253.875,253.875,3000,-50000,2750,-21250,2750,-21250,8,1
Chicago Bulls,Toronto Raptors,2026-03-19T00:11:00Z,2026-03-18,a9e7cf9b2e8337be24987faf71d38562,2026-03-19T01:05:05.669025+00:00,15.5,-15.5,18.5,-18.5,18.5,-18.5,239.5,239.125,239.125,1100,-4000,1408.333,-5666.667,1408.333,-5666.667,8,1
Minnesota Timberwolves,Utah Jazz,2026-03-19T00:11:00Z,2026-03-18,c159c8836e9475f580cc678470d80c1b,2026-03-19T01:05:05.669025+00:00,-20.5,20.5,-18.5,18.5,-18.5,18.5,248.5,247.875,247.875,-20000,2500,-10285.714,1850,-10285.714,1850,8,1
New Orleans Pelicans,Los Angeles Clippers,2026-03-19T00:12:00Z,2026-03-18,17096eee549e2159e71d78bb3849db57,2026-03-19T01:05:05.669025+00:00,5.5,-5.5,6.143,-6.143,6.143,-6.143,236.5,236.938,236.938,200,-265,205.625,-274.25,205.625,-274.25,8,1
Dallas Mavericks,Atlanta Hawks,2026-03-19T00:41:00Z,2026-03-18,d1b7a6b86d3200f31d702d039df933e1,2026-03-19T01:05:05.669025+00:00,11.5,-11.5,11.062,-11.062,11.062,-11.062,243.5,244.875,244.875,360,-530,425.625,-685.625,425.625,-685.625,8,1
Washington Wizards,Detroit Pistons,2026-03-19T23:10:00Z,2026-03-19,570e79a6a678168c3cb3e69098069448,2026-03-19T22:02:05.622221+00:00,14.0,-14.0,14.091,-14.091,15.545,-15.545,232.5,232.136,230.227,781,-1174,709.727,-1135,775.818,-1327.273,11,9
Charlotte Hornets,Orlando Magic,2026-03-19T23:15:00Z,2026-03-19,ec3ff082cb50037d2f7bb5258b1e2d41,2026-03-19T22:02:05.622221+00:00,-5.5,5.5,-5.591,5.591,-4.682,4.682,227.5,227.273,226.955,-209,182,-220.818,182.455,-193.364,161.909,11,9
San Antonio Spurs,Phoenix Suns,2026-03-20T00:10:00Z,2026-03-19,08972bedbb384ff5c67374d76d71c61b,2026-03-20T01:05:05.245980+00:00,-2.5,2.5,-4.591,4.591,-9.545,9.545,221.5,222.773,226.182,-172,134,-243.091,190.091,-452.727,344.455,11,10
Chicago Bulls,Cleveland Cavaliers,2026-03-20T00:10:00Z,2026-03-19,53d402557ce913ced0dbf5fe564b0ebb,2026-03-19T22:02:05.622221+00:00,10.5,-10.5,10.591,-10.591,13.182,-13.182,238.0,237.727,239.818,408,-518,401.182,-544.909,525.636,-761.455,11,8
New Orleans Pelicans,Los Angeles Clippers,2026-03-20T00:10:00Z,2026-03-19,dea454fe13c4c2e0254013f35efaceaf,2026-03-19T22:02:05.622221+00:00,-2.5,2.5,-2.455,2.455,-1.182,1.182,229.5,229.773,233.318,-130,114,-133,111.727,-119.727,45.273,11,8
Miami Heat,Los Angeles Lakers,2026-03-20T00:10:00Z,2026-03-19,b438071ab82326fa2fa702112ad04536,2026-03-19T22:02:05.622221+00:00,-5.5,5.5,-5.591,5.591,-3.045,3.045,240.5,240.591,239.5,-214,185,-225.273,186.182,-143.364,120.182,11,8
Utah Jazz,Milwaukee Bucks,2026-03-20T01:10:00Z,2026-03-19,c9330059cfdf19891d9b4ecfa62d54c5,2026-03-20T01:05:05.245980+00:00,6.0,-6.0,6.0,-6.0,4.636,-4.636,228.0,227.5,229.273,206,-243,200.545,-246.182,174.727,-210,11,9
Sacramento Kings,Philadelphia 76ers,2026-03-20T02:10:00Z,2026-03-19,34058ad6afd721c206c16f9d0eb7c77d,2026-03-20T04:08:59.231904+00:00,23.5,-23.5,16.455,-16.455,3.5,-3.5,253.5,246.818,231.591,3300,-10000,410.909,-1040.727,134.727,-160.273,11,10
Brooklyn Nets,New York Knicks,2026-03-20T23:40:00Z,2026-03-20,9dec9fb17fd32b89e42c5060a469312a,2026-03-20T23:35:05.207519+00:00,19.0,-19.0,18.591,-18.591,18.091,-18.091,215.0,214.682,215.682,1203,-2453,1096.636,-2313.909,1047.909,-2131.818,11,10
Charlotte Hornets,Orlando Magic,2026-03-19T23:11:00Z,2026-03-19,ec3ff082cb50037d2f7bb5258b1e2d41,2026-03-20T01:05:05.245980+00:00,-22.5,22.5,-22.125,22.125,-22.125,22.125,246.5,246.375,246.375,-10000,3300,-10000,3300,-10000,3300,8,1
Washington Wizards,Detroit Pistons,2026-03-19T23:11:00Z,2026-03-19,570e79a6a678168c3cb3e69098069448,2026-03-20T01:05:05.245980+00:00,14.5,-14.5,14.25,-14.25,14.25,-14.25,226.5,225.25,225.25,3500,-50000,3600,-53333.333,3600,-53333.333,8,1
Chicago Bulls,Cleveland Cavaliers,2026-03-20T00:11:00Z,2026-03-19,53d402557ce913ced0dbf5fe564b0ebb,2026-03-20T01:05:05.245980+00:00,20.5,-20.5,21.438,-21.438,21.438,-21.438,227.5,228.75,228.75,1800,-10000,1720.833,-7833.333,1720.833,-7833.333,8,1
New Orleans Pelicans,Los Angeles Clippers,2026-03-20T00:11:00Z,2026-03-19,dea454fe13c4c2e0254013f35efaceaf,2026-03-20T01:05:05.245980+00:00,-6.5,6.5,-5.125,5.125,-5.125,5.125,224.5,222.625,222.625,-260,196,-236.875,180.125,-236.875,180.125,8,1
Miami Heat,Los Angeles Lakers,2026-03-20T00:11:00Z,2026-03-19,b438071ab82326fa2fa702112ad04536,2026-03-20T01:05:05.245980+00:00,-7.5,7.5,-6.188,6.188,-6.188,6.188,247.5,243.5,243.5,-370,265,-291.5,215.625,-291.5,215.625,8,1
Houston Rockets,Atlanta Hawks,2026-03-21T00:10:00Z,2026-03-20,bf9a522d732a5622666e8bae89203de1,2026-03-21T00:05:04.956077+00:00,-2.5,2.5,-2.909,2.909,-3.909,3.909,227.0,227.182,226.909,-144,127,-151.727,127.455,-170.364,143.364,11,10
Minnesota Timberwolves,Portland Trail Blazers,2026-03-21T00:10:00Z,2026-03-20,ad2565936a516016f0e5cde775d11ad0,2026-03-21T00:05:04.956077+00:00,-1.0,1.0,-1.136,1.136,-2.773,2.773,231.5,231.273,229.727,-113,-103,-117.364,-84.182,-142.273,119.818,11,10
Detroit Pistons,Golden State Warriors,2026-03-20T23:40:00Z,2026-03-20,f381a9f3443b5155e9e74cbdb8c0c849,2026-03-20T23:35:05.207519+00:00,-6.0,6.0,-5.955,5.955,-6.227,6.227,219.0,218.909,217.545,-232,198,-235.182,193.273,-242.091,198.636,11,8
Memphis Grizzlies,Boston Celtics,2026-03-21T00:10:00Z,2026-03-20,62da7cf8935f70ca97e56996eda2dd1a,2026-03-21T00:05:04.956077+00:00,15.5,-15.5,15.227,-15.227,15.045,-15.045,230.0,229.955,228.045,872,-1365,782.545,-1328.636,712.091,-1147.636,11,9
Denver Nuggets,Toronto Raptors,2026-03-21T01:10:00Z,2026-03-20,1bcdb9dabad4bb99e11958b30508dc78,2026-03-21T01:05:05.008406+00:00,-7.0,7.0,-6.636,6.636,-6.864,6.864,239.0,238.818,234.455,-263,222,-270.364,219.273,-270.364,219.091,11,11
Orlando Magic,Los Angeles Lakers,2026-03-21T23:11:00Z,2026-03-21,041a208c3a53186e8bc0983045ab66f7,2026-03-22T01:35:05.559429+00:00,-1.5,1.5,-0.227,0.227,2.773,-2.773,210.5,220.955,232.591,-6000,1400,-909.182,313.636,127.909,-151.909,11,35
Dallas Mavericks,Los Angeles Clippers,2026-03-22T00:45:00Z,2026-03-21,817a30a82900f0db41d5b094f424e33b,2026-03-22T03:21:55.524936+00:00,10.5,-10.5,6.955,-6.955,7.182,-7.182,269.5,247.591,232.545,240,-330,219.727,-288.909,237.273,-295.091,11,36
New Orleans Pelicans,Cleveland Cavaliers,2026-03-21T23:10:00Z,2026-03-21,87e5b0e532472d1e7a6815746302dd10,2026-03-21T23:05:05.688001+00:00,5.0,-5.0,4.909,-4.909,4.909,-4.909,237.5,237.864,233.682,175,-200,170.182,-204,164.636,-197.091,11,23
San Antonio Spurs,Indiana Pacers,2026-03-22T00:10:00Z,2026-03-21,1a580864294677520ddb2a2a0fe31268,2026-03-22T00:05:07.640811+00:00,-16.0,16.0,-16.227,16.227,-17.818,17.818,235.5,235.318,232.273,-1464,910,-1557.364,856.636,-2138.182,1040.636,11,25
Washington Wizards,Oklahoma City Thunder,2026-03-21T21:10:00Z,2026-03-21,a1158df1a3a21def58491807df167c6a,2026-03-21T23:35:05.560724+00:00,23.5,-23.5,21.455,-21.455,20.909,-20.909,241.5,241.545,229.636,1500,-7000,1374.455,-5886.636,1378.273,-4480.545,11,23
Utah Jazz,Philadelphia 76ers,2026-03-22T01:40:00Z,2026-03-21,b9b4d5f3dfbad29e6a0e3e08fff25a95,2026-03-22T01:35:05.559429+00:00,5.5,-5.5,5.591,-5.591,6.182,-6.182,228.5,228.409,232.364,191,-223,190.182,-232,215.727,-265.545,11,29
Brooklyn Nets,New York Knicks,2026-03-20T23:41:00Z,2026-03-20,9dec9fb17fd32b89e42c5060a469312a,2026-03-21T02:05:06.627227+00:00,1.5,-1.5,9.562,-9.562,14.312,-14.312,187.0,191.188,197.5,1300,-5000,1170,-4621.5,687.5,-1336.75,8,5
Detroit Pistons,Golden State Warriors,2026-03-20T23:41:31Z,2026-03-20,f381a9f3443b5155e9e74cbdb8c0c849,2026-03-21T02:05:06.627227+00:00,-17.5,17.5,-17.562,17.562,-6.0,6.0,216.5,215.0,216.062,-10000,3300,-2048.125,873.75,-264.75,200,8,5
Houston Rockets,Atlanta Hawks,2026-03-21T00:11:00Z,2026-03-20,bf9a522d732a5622666e8bae89203de1,2026-03-21T02:35:08.061154+00:00,-22.5,22.5,-22.312,22.312,-5.125,5.125,215.5,225.188,235.75,-520,350,-550.625,359.375,-219.75,167.5,8,5
Memphis Grizzlies,Boston Celtics,2026-03-21T00:11:00Z,2026-03-20,62da7cf8935f70ca97e56996eda2dd1a,2026-03-21T02:35:08.061154+00:00,8.5,-8.5,4.875,-4.875,14.312,-14.312,230.5,231.438,228.125,-132,104,-101,46,675,-1381.25,8,5
Minnesota Timberwolves,Portland Trail Blazers,2026-03-21T00:11:00Z,2026-03-20,ad2565936a516016f0e5cde775d11ad0,2026-03-21T02:35:08.061154+00:00,4.5,-4.5,3.062,-3.062,3.375,-3.375,211.5,218.5,229.375,1500,-7000,734.625,-2407.5,132.625,-171.125,8,5
Denver Nuggets,Toronto Raptors,2026-03-21T01:12:00Z,2026-03-20,1bcdb9dabad4bb99e11958b30508dc78,2026-03-21T02:35:08.061154+00:00,1.5,-1.5,0.938,-0.938,-3.062,3.062,235.5,235.312,230.938,110,-140,45,-81.875,-173.875,108.625,8,3
Phoenix Suns,Milwaukee Bucks,2026-03-22T02:11:00Z,2026-03-21,d6b73b8b266617c9d9eeba4a6c9bf5f9,2026-03-22T02:05:07.115084+00:00,-11.5,11.5,-11.318,11.318,-11.409,11.409,218.0,218.136,219.591,-567,440,-595,432,-593.091,430.091,11,25
Houston Rockets,Miami Heat,2026-03-22T00:11:00Z,2026-03-21,3b6c1dd86ba56eddae458728b80c3320,2026-03-22T02:35:07.866051+00:00,1.5,-1.5,-1.364,1.364,-1.0,1.0,227.5,235.591,229.364,146,-188,-172.818,70.727,-130,109.273,11,26
Charlotte Hornets,Memphis Grizzlies,2026-03-21T23:10:00Z,2026-03-21,caa8acf3be841cea790d25a4082d4817,2026-03-21T23:05:05.688001+00:00,-19.0,19.0,-18.727,18.727,-16.409,16.409,233.0,233.091,234.955,-1657,989,-1952.182,989.364,-1266,754.455,11,15
Atlanta Hawks,Golden State Warriors,2026-03-22T00:10:00Z,2026-03-21,3523e11ab67a699ba097925fb4981746,2026-03-22T00:05:07.640811+00:00,-7.5,7.5,-7.545,7.545,-10.136,10.136,228.0,228.136,229.091,-287,241,-310.545,247.091,-437,332.182,11,17
Boston Celtics,Minnesota Timberwolves,2026-03-23T00:10:00Z,2026-03-22,1a05c77c819835b566aa84234d87308b,2026-03-22T23:51:22.471066+00:00,-10.0,10.0,-10.182,10.182,-9.636,9.636,222.0,222.045,219.773,-415,336,-437.455,335.182,-408.818,316,11,34
Charlotte Hornets,Memphis Grizzlies,2026-03-21T23:11:00Z,2026-03-21,caa8acf3be841cea790d25a4082d4817,2026-03-22T01:35:05.559429+00:00,-21.5,21.5,-23.062,23.062,-17.812,17.812,227.5,223.312,228.438,-10000,2500,-12609.571,1782.143,-2423.857,922.143,8,7
New Orleans Pelicans,Cleveland Cavaliers,2026-03-21T23:11:00Z,2026-03-21,87e5b0e532472d1e7a6815746302dd10,2026-03-22T01:35:05.559429+00:00,4.5,-4.5,2.125,-2.125,6.75,-6.75,218.5,224.188,240.125,3300,-10000,1149.625,-7577.125,197.625,-306,8,7
Denver Nuggets,Portland Trail Blazers,2026-03-22T21:10:00Z,2026-03-22,2a8d0098f2f9618a48da74e1db566ffd,2026-03-22T23:24:33.313031+00:00,-14.5,14.5,-13.864,13.864,-8.682,8.682,246.5,247.227,240.636,-10000,3300,-2844.636,981.727,-361.909,284.818,11,31
New York Knicks,Washington Wizards,2026-03-22T23:40:00Z,2026-03-22,4dd372ed75728dd87afb1727ae355dc3,2026-03-22T23:24:33.313031+00:00,-22.0,22.0,-22.273,22.273,-19.545,19.545,229.0,229.136,228.0,-3453,1403,-4368.455,1429.636,-2780.545,1172.364,11,31
Phoenix Suns,Toronto Raptors,2026-03-23T01:10:00Z,2026-03-22,cc54e4aec84694c34dba42b139467839,2026-03-23T00:15:53.654016+00:00,4.0,-4.0,3.773,-3.773,1.5,-1.5,219.5,219.5,220.5,148,-167,143.273,-170.364,49,-123.636,11,33
Atlanta Hawks,Golden State Warriors,2026-03-22T00:11:00Z,2026-03-21,3523e11ab67a699ba097925fb4981746,2026-03-22T02:35:07.866051+00:00,-22.5,22.5,-19.875,19.875,-5.375,5.375,236.5,239.062,241.938,-100000,4000,-20276.25,1665,-231.25,174.875,8,8
San Antonio Spurs,Indiana Pacers,2026-03-22T00:11:00Z,2026-03-21,1a580864294677520ddb2a2a0fe31268,2026-03-22T02:30:57.310442+00:00,-17.5,17.5,-18.188,18.188,-21.438,21.438,233.5,249.625,250.375,-2500,1000,-14083.333,2733.333,-6500,1575,8,7
Sacramento Kings,Brooklyn Nets,2026-03-22T22:10:00Z,2026-03-22,d59068d1012b6bf912e2b6824b39bf51,2026-03-22T21:16:09.330820+00:00,-6.5,6.5,-6.5,6.5,-4.136,4.136,219.0,218.773,218.455,-228,195,-242.273,197.909,-184.545,154.273,11,25
Utah Jazz,Philadelphia 76ers,2026-03-22T01:41:00Z,2026-03-21,b9b4d5f3dfbad29e6a0e3e08fff25a95,2026-03-22T04:09:15.381570+00:00,10.5,-10.5,7.375,-7.375,6.438,-6.438,242.5,244.188,238.938,195,-235,81.625,-146.875,208.75,-280.25,8,9
Phoenix Suns,Milwaukee Bucks,2026-03-22T02:10:00Z,2026-03-21,d6b73b8b266617c9d9eeba4a6c9bf5f9,2026-03-22T04:09:15.381570+00:00,-4.5,4.5,-4.312,4.312,-14.875,14.875,209.5,209.812,203.812,-440,310,-375.75,265,-1251.625,662.5,8,8
Philadelphia 76ers,Oklahoma City Thunder,2026-03-23T23:10:00Z,2026-03-23,49b50074de17e9d2082babc6b09b0d97,2026-03-23T23:05:05.647036+00:00,16.0,-16.0,16.273,-16.273,14.909,-14.909,227.0,226.727,222.091,781,-1174,757.364,-1270.364,731.091,-1194.091,11,29
Orlando Magic,Indiana Pacers,2026-03-23T23:10:00Z,2026-03-23,ee838160ed85754aa11218f7ec3708b0,2026-03-24T01:35:06.605723+00:00,1.5,-1.5,-0.091,0.091,-12.909,12.909,255.5,251.0,233.818,600,-1100,44.273,-186,-819,552.727,11,33
Denver Nuggets,Portland Trail Blazers,2026-03-22T21:12:00Z,2026-03-22,2a8d0098f2f9618a48da74e1db566ffd,2026-03-22T21:05:05.135844+00:00,-8.0,8.0,-8.182,8.182,-8.182,8.182,237.5,237.545,237.545,-331,274,-347.818,275.273,-347.818,275.273,11,1
Sacramento Kings,Brooklyn Nets,2026-03-22T22:11:00Z,2026-03-22,d59068d1012b6bf912e2b6824b39bf51,2026-03-23T00:15:53.654016+00:00,-3.5,3.5,-4.909,4.909,-6.773,6.773,238.5,232.091,218.727,-520,350,-564.364,326.727,-250.182,204,11,7
Detroit Pistons,Los Angeles Lakers,2026-03-23T23:10:00Z,2026-03-23,b542245530e737dbd0703796ab0c1257,2026-03-23T23:05:05.647036+00:00,1.5,-1.5,1.364,-1.364,2.545,-2.545,224.5,224.636,227.318,104,-120,45.909,-120.455,114.455,-135.909,11,25
Miami Heat,San Antonio Spurs,2026-03-23T23:10:00Z,2026-03-23,c61d2594de00eb4d12ba96127dc437e5,2026-03-23T23:05:05.647036+00:00,3.5,-3.5,3.455,-3.455,5.364,-5.364,244.5,244.5,240.091,136,-155,136.182,-162.364,181.727,-218.727,11,25
Los Angeles Clippers,Milwaukee Bucks,2026-03-24T02:40:00Z,2026-03-23,9d16ebba2fd9d005cddea05f25e60145,2026-03-24T02:35:04.976263+00:00,-13.5,13.5,-13.591,13.591,-12.773,12.773,221.5,221.5,224.364,-786,576,-868.545,578.818,-730.545,505.364,11,31
Dallas Mavericks,Golden State Warriors,2026-03-24T01:40:00Z,2026-03-23,d6018addbf422198251c0674270b87f3,2026-03-24T01:35:06.605723+00:00,3.0,-3.0,2.818,-2.818,2.591,-2.591,230.5,230.409,230.227,122,-138,117.273,-139.545,118.364,-140.091,11,28
Chicago Bulls,Houston Rockets,2026-03-24T00:10:00Z,2026-03-23,20907151ed2de3c55309ff635a0b4f53,2026-03-24T00:05:05.618291+00:00,9.0,-9.0,8.864,-8.864,8.364,-8.364,233.0,233.045,228.091,321,-395,308.636,-396.364,288.545,-369.636,11,24
New York Knicks,Washington Wizards,2026-03-22T23:41:00Z,2026-03-22,4dd372ed75728dd87afb1727ae355dc3,2026-03-23T01:35:12.000145+00:00,-21.5,21.5,-21.727,21.727,-22.864,22.864,249.5,244.818,230.364,-4000,1100,-3558.8,1222.4,-6825.3,1612.4,11,3
Atlanta Hawks,Memphis Grizzlies,2026-03-23T23:40:00Z,2026-03-23,9693d8c4274c9eabbcb9ab22fcf44936,2026-03-23T23:05:05.647036+00:00,-13.5,13.5,-13.455,13.455,-13.455,13.455,240.0,240.0,239.909,-834,603,-913.818,603.364,-841.545,568.364,11,20
Boston Celtics,Minnesota Timberwolves,2026-03-23T00:12:00Z,2026-03-22,1a05c77c819835b566aa84234d87308b,2026-03-23T02:26:26.411034+00:00,13.5,-13.5,3.318,-3.318,-11.045,11.045,196.5,206.455,219.955,3300,-10000,-516.636,-428.727,-599.818,399,11,3
Utah Jazz,Toronto Raptors,2026-03-24T01:10:00Z,2026-03-23,3791f62ad672c74a9eaaf206188b1696,2026-03-24T01:05:05.894184+00:00,9.5,-9.5,9.455,-9.455,12.591,-12.591,231.5,231.273,230.5,374,-469,370.545,-493.182,525.727,-764.818,11,23
Portland Trail Blazers,Brooklyn Nets,2026-03-24T02:10:00Z,2026-03-23,3cd97096b11e331414ff5b0b6c515f5c,2026-03-24T01:35:06.605723+00:00,-15.5,15.5,-15.5,15.5,-13.955,13.955,218.0,217.818,219.227,-979,683,-1091.364,683.364,-968.182,624.182,11,24
Boston Celtics,Minnesota Timberwolves,2026-04-01T00:13:00Z,2026-03-31,b77ea470306af0f37b1bd4043a2a9fe3,2026-03-23T00:15:53.654016+00:00,-10.5,10.5,-10.5,10.5,-10.5,10.5,222.5,222.5,222.5,-460,320,-460,320,-460,320,1,1
Phoenix Suns,Toronto Raptors,2026-03-23T01:12:00Z,2026-03-22,cc54e4aec84694c34dba42b139467839,2026-03-23T02:49:34.561143+00:00,-22.5,22.5,-21.188,21.188,-2.812,2.812,220.5,219.812,215.438,-10000,3300,-1820.25,773.75,-220,155.625,8,4
New York Knicks,New Orleans Pelicans,2026-03-24T23:40:00Z,2026-03-24,3ffbb865981907829bb58d7f86351ba0,2026-03-24T23:05:05.071326+00:00,-8.5,8.5,-8.545,8.545,-9.318,9.318,229.0,229.091,231.455,-351,289,-362.091,284.273,-383.273,298.545,11,24
Phoenix Suns,Denver Nuggets,2026-03-25T03:10:00Z,2026-03-24,5cc255e5f9f9fefa4cc7e5316e16a519,2026-03-25T02:35:04.930245+00:00,6.0,-6.0,6.091,-6.091,5.409,-5.409,233.0,233.091,234.091,202,-238,198.091,-241.545,182.091,-221.273,11,30
Charlotte Hornets,Sacramento Kings,2026-03-24T23:10:00Z,2026-03-24,c4901bf9c9ebf81236d22ca4626b5a31,2026-03-24T23:05:05.071326+00:00,-18.0,18.0,-18.0,18.0,-16.955,16.955,232.0,232.5,228.864,-1755,1025,-1820.182,965.182,-1395.727,799.909,11,22
Detroit Pistons,Los Angeles Lakers,2026-03-23T23:11:00Z,2026-03-23,b542245530e737dbd0703796ab0c1257,2026-03-24T01:35:06.605723+00:00,-2.5,2.5,-2.062,2.062,2.375,-2.375,224.5,225.938,214.062,-1800,800,-979.125,461.875,126.75,-162.375,8,5
Philadelphia 76ers,Oklahoma City Thunder,2026-03-23T23:11:00Z,2026-03-23,49b50074de17e9d2082babc6b09b0d97,2026-03-24T01:05:05.894184+00:00,21.5,-21.5,21.062,-21.062,20.688,-20.688,230.5,230.312,235.375,3300,-10000,1796.875,-11075,1390.625,-5700,8,4
Miami Heat,San Antonio Spurs,2026-03-23T23:13:00Z,2026-03-23,c61d2594de00eb4d12ba96127dc437e5,2026-03-24T01:35:06.605723+00:00,24.5,-24.5,25.75,-25.75,5.188,-5.188,247.5,246.062,255.812,3300,-10000,1021.25,-2497.5,172.5,-225,8,5
Atlanta Hawks,Memphis Grizzlies,2026-03-23T23:41:00Z,2026-03-23,9693d8c4274c9eabbcb9ab22fcf44936,2026-03-24T02:05:08.208314+00:00,-39.5,39.5,-28.364,28.364,-13.5,13.5,253.5,242.227,239.0,-1000,625,-9148.273,1429,-889.909,590.455,11,6
Chicago Bulls,Houston Rockets,2026-03-24T00:11:00Z,2026-03-23,20907151ed2de3c55309ff635a0b4f53,2026-03-24T02:35:04.976263+00:00,-4.5,4.5,-3.562,3.562,0.438,-0.438,256.5,247.125,240.5,-1300,700,-25299,2332.75,-63.75,-90.875,8,5
Utah Jazz,Toronto Raptors,2026-03-24T01:13:00Z,2026-03-23,3791f62ad672c74a9eaaf206188b1696,2026-03-24T02:35:04.976263+00:00,14.5,-14.5,15.125,-15.125,11.938,-11.938,243.5,244.625,226.312,1200,-4500,940.625,-2751.25,507.5,-848.5,8,3
Dallas Mavericks,Golden State Warriors,2026-03-24T01:43:00Z,2026-03-23,d6018addbf422198251c0674270b87f3,2026-03-24T02:35:04.976263+00:00,-6.5,6.5,-5.625,5.625,4.375,-4.375,248.5,248.938,235.062,-290,215,-253.375,189.375,154.625,-200.25,8,2
Portland Trail Blazers,Brooklyn Nets,2026-03-24T02:11:00Z,2026-03-23,3cd97096b11e331414ff5b0b6c515f5c,2026-03-24T02:05:08.208314+00:00,-15.5,15.5,-15.545,15.545,-15.545,15.545,218.5,218.5,218.5,-979,683,-1090,677.909,-1090,677.909,11,1
Portland Trail Blazers,Brooklyn Nets,2026-03-24T02:12:00Z,2026-03-23,3cd97096b11e331414ff5b0b6c515f5c,2026-03-24T02:35:04.976263+00:00,-17.5,17.5,-16.938,16.938,-16.938,16.938,219.5,220.188,220.188,-1800,800,-1820.875,837.5,-1820.875,837.5,8,1
Cleveland Cavaliers,Orlando Magic,2026-03-25T00:10:00Z,2026-03-24,6b03ae1305a70007dbaebefa0c8af0b7,2026-03-25T00:05:05.319867+00:00,-10.5,10.5,-10.5,10.5,-10.0,10.0,230.0,230.136,229.409,-444,356,-461.727,351.727,-433.182,333.364,11,17
Boston Celtics,Oklahoma City Thunder,2026-03-25T23:40:00Z,2026-03-25,277fee894c9dc5c623ed6a131bf513c7,2026-03-25T23:05:05.544523+00:00,2.0,-2.0,2.091,-2.091,3.227,-3.227,222.5,222.045,217.818,117,-133,112.091,-133.273,129.364,-154.727,11,35
Minnesota Timberwolves,Houston Rockets,2026-03-26T01:40:00Z,2026-03-25,cf2665074fd82e7b5f2b4393f20afd32,2026-03-26T01:35:07.390572+00:00,2.0,-2.0,1.909,-1.909,1.273,-1.273,223.0,222.955,222.273,112,-128,109.727,-130.727,46.273,-120.909,11,40
Detroit Pistons,Atlanta Hawks,2026-03-25T23:10:00Z,2026-03-25,8aaad66627fe854cc273103047d880e6,2026-03-25T23:05:05.544523+00:00,-2.5,2.5,-2.364,2.364,-2.682,2.682,229.0,229.5,226.818,-144,127,-142.091,119.818,-147.364,123.636,11,33
Cleveland Cavaliers,Miami Heat,2026-03-25T23:40:00Z,2026-03-25,bb33d3e33ac233af2a20161310f567f2,2026-03-25T23:35:06.140377+00:00,-2.5,2.5,-2.5,2.5,-3.545,3.545,243.0,242.909,241.864,-144,127,-145.364,122.364,-161.909,136.091,11,32
Denver Nuggets,Dallas Mavericks,2026-03-26T02:10:00Z,2026-03-25,63b3c408cf1e55eb8d34aec686038a87,2026-03-26T02:05:08.950941+00:00,-10.5,10.5,-10.591,10.591,-13.909,13.909,246.5,246.091,245.273,-615,471,-614.091,444.909,-838.182,565,11,34
Los Angeles Clippers,Toronto Raptors,2026-03-26T02:40:00Z,2026-03-25,24a4d71edcffcb5584a61d2aa89c66d8,2026-03-26T02:35:07.097818+00:00,-4.0,4.0,-3.864,3.864,-3.864,3.864,227.0,226.364,225.0,-178,157,-178.364,149.455,-169.182,142,11,35
Indiana Pacers,Los Angeles Lakers,2026-03-25T23:10:00Z,2026-03-25,3d71d6b6b1bc85b5ec831ae9dba2c93c,2026-03-25T23:05:05.544523+00:00,8.5,-8.5,8.545,-8.545,11.409,-11.409,241.0,241.273,238.455,343,-425,328.182,-428.182,450.909,-627.182,11,22
Charlotte Hornets,Sacramento Kings,2026-03-24T23:11:00Z,2026-03-24,c4901bf9c9ebf81236d22ca4626b5a31,2026-03-25T01:05:05.061413+00:00,-42.5,42.5,-41.812,41.812,-22.688,22.688,234.5,236.875,230.312,-10000,3300,-8666.667,1966.667,-8666.667,1750,8,4
New York Knicks,New Orleans Pelicans,2026-03-24T23:41:00Z,2026-03-24,3ffbb865981907829bb58d7f86351ba0,2026-03-24T23:35:05.010242+00:00,-8.5,8.5,-8.5,8.5,-8.5,8.5,229.0,229.091,229.091,-351,289,-358,281.545,-358,281.545,11,1
Philadelphia 76ers,Chicago Bulls,2026-03-25T23:10:00Z,2026-03-25,eaf07668d23364ac54cbcf69f4808ba9,2026-03-26T01:35:07.390572+00:00,-21.5,21.5,-19.591,19.591,-6.682,6.682,284.5,268.682,237.364,-10000,1800,-5732.818,1235.182,-248.455,202.818,11,26
New York Knicks,New Orleans Pelicans,2026-03-24T23:44:00Z,2026-03-24,3ffbb865981907829bb58d7f86351ba0,2026-03-25T02:05:06.302711+00:00,-4.5,4.5,-5.75,5.75,-8.625,8.625,232.0,237.188,238.938,-20000,2000,-20518.75,2053.125,-427.5,295,8,5
Memphis Grizzlies,San Antonio Spurs,2026-03-26T00:10:00Z,2026-03-25,bcbad64f54906ae96b4be0ef54b453b4,2026-03-26T02:05:08.950941+00:00,30.5,-30.5,27.273,-27.273,15.727,-15.727,220.5,224.136,235.318,3300,-10000,2873.727,-26889.818,771.455,-1305.273,11,26
Cleveland Cavaliers,Orlando Magic,2026-03-25T00:12:41Z,2026-03-24,6b03ae1305a70007dbaebefa0c8af0b7,2026-03-25T02:35:04.930245+00:00,-3.5,3.5,-5.688,5.688,-7.75,7.75,262.5,258.125,237.938,-4000,1500,-2525,896.25,-332,239.375,8,5
Portland Trail Blazers,Milwaukee Bucks,2026-03-26T02:10:00Z,2026-03-25,d17b632d984be98852b4bc409ae1d056,2026-03-26T02:05:08.950941+00:00,-15.5,15.5,-15.273,15.273,-11.864,11.864,226.5,225.955,225.909,-979,683,-1051.455,665.364,-644.727,463,11,24
Utah Jazz,Washington Wizards,2026-03-26T01:10:00Z,2026-03-25,dcd42c163a10db20aa31d9ee311c07bd,2026-03-26T01:05:05.526505+00:00,-3.0,3.0,-3.273,3.273,-4.591,4.591,239.5,239.318,240.364,-149,132,-155.455,130,-189.091,158.182,11,21
Golden State Warriors,Brooklyn Nets,2026-03-26T02:10:00Z,2026-03-25,f0853d396988ee8ea615897e136d22cb,2026-03-26T02:05:08.950941+00:00,-12.5,12.5,-12.5,12.5,-11.455,11.455,218.5,218.273,217.818,-786,576,-712.364,501.909,-578.636,421.818,11,22
Charlotte Hornets,New York Knicks,2026-03-26T23:10:00Z,2026-03-26,b5dcac663f902f16c62d91c7552bd07a,2026-03-26T23:05:05.668392+00:00,-2.0,2.0,-2.227,2.227,0.227,-0.227,223.5,224.0,223.727,-128,112,-133.091,111.727,-111.182,-90.364,11,22
Detroit Pistons,Atlanta Hawks,2026-03-25T23:12:00Z,2026-03-25,8aaad66627fe854cc273103047d880e6,2026-03-26T02:05:08.950941+00:00,-2.5,2.5,-1.938,1.938,2.5,-2.5,228.5,245.125,241.875,142,-184,83.375,-128,88.625,-146.5,8,6
Indiana Pacers,Los Angeles Lakers,2026-03-25T23:12:00Z,2026-03-25,3d71d6b6b1bc85b5ec831ae9dba2c93c,2026-03-26T01:35:07.390572+00:00,7.5,-7.5,9.75,-9.75,16.0,-16.0,259.5,254.562,251.5,3300,-10000,1765.625,-10854.375,769.375,-1662.5,8,5
Boston Celtics,Oklahoma City Thunder,2026-03-25T23:41:00Z,2026-03-25,277fee894c9dc5c623ed6a131bf513c7,2026-03-26T02:05:08.950941+00:00,-9.5,9.5,-4.727,4.727,2.136,-2.136,231.5,228.045,222.0,-10000,900,-1542.273,382,112.545,-134.182,11,6
Orlando Magic,Sacramento Kings,2026-03-26T23:10:00Z,2026-03-26,6c518123941e3d6b5ca85502a16136f5,2026-03-26T23:05:05.668392+00:00,-15.5,15.5,-15.455,15.455,-15.636,15.636,231.0,230.818,229.455,-1270,826,-1334.182,784.636,-1248.273,753,11,21
Cleveland Cavaliers,Miami Heat,2026-03-25T23:42:00Z,2026-03-25,bb33d3e33ac233af2a20161310f567f2,2026-03-26T02:05:08.950941+00:00,12.5,-12.5,12.312,-12.312,0.875,-0.875,226.5,227.938,226.25,-140,120,-9.125,-71,-4.375,-99.625,8,5
Utah Jazz,Washington Wizards,2026-03-26T01:11:00Z,2026-03-25,dcd42c163a10db20aa31d9ee311c07bd,2026-03-26T02:35:07.097818+00:00,21.5,-21.5,21.125,-21.125,4.5,-4.5,232.5,233.562,234.812,3500,-50000,1536.875,-10610.5,151.5,-196.75,8,3
Minnesota Timberwolves,Houston Rockets,2026-03-26T01:42:00Z,2026-03-25,cf2665074fd82e7b5f2b4393f20afd32,2026-03-26T02:35:07.097818+00:00,-1.5,1.5,-0.688,0.688,0.125,-0.125,203.5,203.25,218.188,100,-128,-72,-8.625,-118.375,-86.375,8,2
Golden State Warriors,Brooklyn Nets,2026-03-26T02:11:00Z,2026-03-25,f0853d396988ee8ea615897e136d22cb,2026-03-26T02:35:07.097818+00:00,-12.5,12.5,-11.625,11.625,-11.625,11.625,208.5,209.312,209.312,-800,480,-777.25,470.625,-777.25,470.625,8,1
Denver Nuggets,Dallas Mavericks,2026-03-26T02:11:00Z,2026-03-25,63b3c408cf1e55eb8d34aec686038a87,2026-03-26T02:35:07.097818+00:00,-10.5,10.5,-10.188,10.188,-10.188,10.188,252.5,250.125,250.125,-500,340,-604.25,390,-604.25,390,8,1
Portland Trail Blazers,Milwaukee Bucks,2026-03-26T02:12:00Z,2026-03-25,d17b632d984be98852b4bc409ae1d056,2026-03-26T02:35:07.097818+00:00,-19.5,19.5,-18.625,18.625,-18.625,18.625,239.5,237.75,237.75,-3500,1060,-2560.625,960.625,-2560.625,960.625,8,1
Detroit Pistons,New Orleans Pelicans,2026-03-26T23:10:00Z,2026-03-26,63f535c5a95e35b7644f7b6655c82b98,2026-03-26T23:05:05.668392+00:00,-5.0,5.0,-4.818,4.818,-5.182,5.182,226.0,225.773,225.727,-214,185,-213.727,177.273,-205.273,170.909,11,15
Boston Celtics,Atlanta Hawks,2026-03-27T23:40:00Z,2026-03-27,9443e4a245659d7362366345b5a91b39,2026-03-27T23:35:06.135698+00:00,-5.0,5.0,-4.864,4.864,-6.636,6.636,223.5,223.636,224.409,-214,185,-217.545,180.364,-254.909,208.091,11,36
Cleveland Cavaliers,Miami Heat,2026-03-27T23:40:00Z,2026-03-27,5ce07242b2ab7c9c82700854c237a77a,2026-03-27T23:35:06.135698+00:00,-5.5,5.5,-5.5,5.5,-4.864,4.864,240.5,240.773,241.5,-214,185,-217.182,180.364,-203.455,169.636,11,36
Oklahoma City Thunder,Chicago Bulls,2026-03-28T00:10:00Z,2026-03-27,e1036e62b7cea2b7bade60f85bc0c1b1,2026-03-28T00:05:05.370784+00:00,-19.0,19.0,-19.045,19.045,-19.5,19.5,242.0,241.409,236.909,-2253,1163,-2423,1137.364,-2623,1173.455,11,36
Denver Nuggets,Utah Jazz,2026-03-28T01:10:00Z,2026-03-27,a2b709618069c3dd7c15f6192c11e93c,2026-03-28T00:05:05.370784+00:00,-19.5,19.5,-19.455,19.455,-18.091,18.091,246.5,246.5,248.5,-2253,1163,-2523,1137.636,-2083.364,1021.636,11,33
Portland Trail Blazers,Dallas Mavericks,2026-03-28T02:10:00Z,2026-03-27,d4d54362306cefaac74ff35c3b020b78,2026-03-28T00:05:05.370784+00:00,-10.5,10.5,-10.455,10.455,-9.864,9.864,241.0,241.182,236.773,-464,370,-480.818,364.727,-436.909,333.182,11,32
Charlotte Hornets,New York Knicks,2026-03-26T23:11:00Z,2026-03-26,b5dcac663f902f16c62d91c7552bd07a,2026-03-27T01:35:10.059254+00:00,-9.5,9.5,-12.062,12.062,-3.688,3.688,215.5,221.812,231.25,-10000,3300,-8244,1376.875,-169.25,131.5,8,5
Orlando Magic,Sacramento Kings,2026-03-26T23:11:00Z,2026-03-26,6c518123941e3d6b5ca85502a16136f5,2026-03-27T01:35:10.059254+00:00,-3.5,3.5,-5.25,5.25,-15.375,15.375,234.5,232.25,234.375,-2800,1200,-4679.375,1319.375,-1653.625,768.75,8,5
Detroit Pistons,New Orleans Pelicans,2026-03-26T23:12:00Z,2026-03-26,63f535c5a95e35b7644f7b6655c82b98,2026-03-27T01:05:06.704658+00:00,-13.5,13.5,-13.438,13.438,-3.0,3.0,236.5,236.188,229.312,-10000,2200,-3845,1036.875,-161.5,99.5,8,4
Indiana Pacers,Los Angeles Clippers,2026-03-27T23:10:00Z,2026-03-27,cfb595cba37696e470059102db23fca9,2026-03-28T00:05:05.370784+00:00,-3.5,3.5,-0.545,0.545,9.727,-9.727,232.5,234.182,235.636,-215,164,-62.273,9.818,348.545,-458.182,11,21
Memphis Grizzlies,Houston Rockets,2026-03-28T00:10:00Z,2026-03-27,874b67c6be5c213484fdecdf0e37faf6,2026-03-28T00:05:05.370784+00:00,14.0,-14.0,13.727,-13.727,12.545,-12.545,227.0,227.409,226.818,631,-883,631,-976.636,521.364,-758.182,11,21
Golden State Warriors,Washington Wizards,2026-03-28T02:10:00Z,2026-03-27,79aaaf1d88e3174addc5d58bd07e024d,2026-03-28T00:05:05.370784+00:00,-12.0,12.0,-12.409,12.409,-13.818,13.818,230.5,230.409,234.318,-755,558,-790.727,539.364,-896.909,594.727,11,20
Los Angeles Lakers,Brooklyn Nets,2026-03-28T02:40:00Z,2026-03-27,b552edb9183af4efd9e7b1b203525ac0,2026-03-28T00:05:05.370784+00:00,-19.0,19.0,-18.545,18.545,-17.136,17.136,225.5,225.091,220.818,-1950,1092,-2286.364,1086.636,-1747.455,931.273,11,20
Toronto Raptors,New Orleans Pelicans,2026-03-28T00:40:00Z,2026-03-27,f2ffa80a1e0d1a911096e80676b07a99,2026-03-28T00:05:05.370784+00:00,-8.5,8.5,-8.5,8.5,-7.864,7.864,229.0,229.045,228.091,-327,271,-338.818,267.273,-315.091,250.727,11,18
Milwaukee Bucks,San Antonio Spurs,2026-03-28T19:10:00Z,2026-03-28,61b1ef0450e08478d708e8ab8a384647,2026-03-28T18:05:05.259663+00:00,17.5,-17.5,17.364,-17.364,18.409,-18.409,227.0,226.773,226.409,1092,-1950,1024.182,-2004.545,1017.364,-2039.182,11,11
Minnesota Timberwolves,Detroit Pistons,2026-03-28T21:40:00Z,2026-03-28,2f64bcd6f06f9cb1132a6be530d6848c,2026-03-29T00:05:11.682324+00:00,19.5,-19.5,13.591,-13.591,-1.455,1.455,198.5,201.636,222.773,160,-210,1012.091,-5679.455,-133.545,94.364,11,19
Charlotte Hornets,Philadelphia 76ers,2026-03-28T22:10:00Z,2026-03-28,def835f85134dff31d0e29a14591d960,2026-03-28T22:05:06.479328+00:00,-6.5,6.5,-6.455,6.455,-5.773,5.773,233.0,232.409,231.5,-243,206,-248,202.455,-217.364,180.273,11,14
Atlanta Hawks,Sacramento Kings,2026-03-28T23:40:00Z,2026-03-28,d7a3bd092d17e72cfe007b92fc74dd1f,2026-03-28T23:35:06.018981+00:00,-13.0,13.0,-13.318,13.318,-14.955,14.955,234.5,234.818,237.364,-713,533,-778.545,532.364,-1036.818,654.273,11,16
Cleveland Cavaliers,Miami Heat,2026-03-27T23:40:51Z,2026-03-27,5ce07242b2ab7c9c82700854c237a77a,2026-03-28T00:05:05.370784+00:00,-11.5,11.5,-11.125,11.125,-11.125,11.125,246.5,245.0,245.0,-670,430,-652.5,411.875,-652.5,411.875,8,1
Boston Celtics,Atlanta Hawks,2026-03-27T23:41:00Z,2026-03-27,9443e4a245659d7362366345b5a91b39,2026-03-28T00:05:05.370784+00:00,1.5,-1.5,0.062,-0.062,0.062,-0.062,219.5,218.938,218.938,-104,-122,-61.625,-20.375,-61.625,-20.375,8,1
Memphis Grizzlies,Chicago Bulls,2026-03-29T00:10:00Z,2026-03-28,df362c645ce96c954aeec281f1951a22,2026-03-29T02:35:05.529186+00:00,-3.5,3.5,-0.773,0.773,3.636,-3.636,249.5,249.364,245.227,-1000,560,-393.091,208.091,144.364,-171.727,11,20
Phoenix Suns,Utah Jazz,2026-03-29T02:10:00Z,2026-03-28,6ddf73112fefbe7dcb275c09ebdae6a6,2026-03-29T02:35:05.529186+00:00,-24.5,24.5,-23.0,23.0,-16.727,16.727,237.5,235.273,229.864,-20000,2200,-5800.909,1402.727,-1418.455,810.455,11,20
Oklahoma City Thunder,New York Knicks,2026-03-29T23:40:00Z,2026-03-29,f1fe04fb5d59dc4d3b310d56b74a9f2a,2026-03-29T23:05:05.629251+00:00,-8.5,8.5,-8.273,8.273,-8.636,8.636,223.5,223.545,223.682,-366,301,-361,284.455,-361.909,282.545,11,31
Indiana Pacers,Miami Heat,2026-03-29T21:10:00Z,2026-03-29,4a5c2769cf86051e5ed8bdd8a6633ab4,2026-03-29T21:05:08.200215+00:00,8.5,-8.5,8.5,-8.5,9.136,-9.136,245.5,245.409,244.318,285,-345,279.818,-355.909,314.273,-405.455,11,22
Toronto Raptors,Orlando Magic,2026-03-29T22:10:00Z,2026-03-29,4d3b276afc5789fb4a6564eee411bfa9,2026-03-29T21:05:08.200215+00:00,-2.5,2.5,-2.273,2.273,-2.864,2.864,226.0,225.773,224.727,-133,117,-134.727,113.182,-143.273,120.182,11,24
Milwaukee Bucks,San Antonio Spurs,2026-03-28T19:11:00Z,2026-03-28,61b1ef0450e08478d708e8ab8a384647,2026-03-28T21:05:22.007673+00:00,33.5,-33.5,28.909,-28.909,18.455,-18.455,226.5,227.182,224.955,4000,-100000,1709.5,-14215.2,969.5,-2170.2,11,4
Charlotte Hornets,Boston Celtics,2026-03-29T22:10:00Z,2026-03-29,8d6b8b25d9790bf08a65761a3d63b611,2026-03-29T22:05:07.465844+00:00,-2.5,2.5,-2.318,2.318,-0.455,0.455,217.0,216.818,215.682,-138,122,-135.727,114.091,-98.818,-30.364,11,22
Milwaukee Bucks,Los Angeles Clippers,2026-03-29T19:40:00Z,2026-03-29,f31725bf02115b40d00c134f7f730357,2026-03-29T19:35:06.488239+00:00,17.5,-17.5,17.409,-17.409,13.818,-13.818,220.5,220.0,222.773,872,-1365,833.273,-1508.545,577.364,-865,11,15
Charlotte Hornets,Philadelphia 76ers,2026-03-28T22:11:00Z,2026-03-28,def835f85134dff31d0e29a14591d960,2026-03-29T00:35:05.689788+00:00,2.5,-2.5,-0.812,0.812,-9.062,9.062,235.5,238.438,231.875,900,-2500,1216.875,-8216,-424.125,296.25,8,5
New Orleans Pelicans,Houston Rockets,2026-03-29T23:10:00Z,2026-03-29,c05251e56d0bd871f5523e30058c7735,2026-03-29T23:05:05.629251+00:00,6.0,-6.0,5.818,-5.818,6.136,-6.136,226.5,226.545,224.864,202,-238,198.545,-243,196.364,-240.818,11,19
Denver Nuggets,Golden State Warriors,2026-03-30T02:10:00Z,2026-03-29,976eb35602aca3acd738ec2621478695,2026-03-30T02:05:04.939367+00:00,-11.5,11.5,-11.636,11.636,-11.5,11.5,238.0,238.0,238.545,-615,471,-635.636,457,-604.545,436.909,11,24
Atlanta Hawks,Sacramento Kings,2026-03-28T23:43:00Z,2026-03-28,d7a3bd092d17e72cfe007b92fc74dd1f,2026-03-29T01:35:06.373396+00:00,-4.5,4.5,-5.438,5.438,-9.812,9.812,230.5,231.062,232.75,-430,300,-438.375,302.25,-481.75,330,8,4
Portland Trail Blazers,Washington Wizards,2026-03-29T22:10:00Z,2026-03-29,4ec80843b404f3215ab2cad16ced7f41,2026-03-29T22:05:07.465844+00:00,-16.5,16.5,-16.545,16.545,-15.591,15.591,236.5,235.955,237.182,-1755,1025,-1732.182,924.636,-1224.545,745.273,11,15
Brooklyn Nets,Sacramento Kings,2026-03-29T22:10:00Z,2026-03-29,ba9f78305e7187a27e22f030883c2c19,2026-03-30T00:05:05.968171+00:00,-13.5,13.5,-10.318,10.318,-1.227,1.227,215.5,216.045,221.091,-50000,3500,-7557.545,1238.818,-119.091,-10,11,18
Milwaukee Bucks,Los Angeles Clippers,2026-03-29T19:41:00Z,2026-03-29,f31725bf02115b40d00c134f7f730357,2026-03-29T22:05:07.465844+00:00,15.5,-15.5,13.688,-13.688,15.938,-15.938,240.5,227.125,220.5,2000,-20000,1840.625,-9987.5,859.375,-1950,8,4
Indiana Pacers,Miami Heat,2026-03-29T21:11:00Z,2026-03-29,4a5c2769cf86051e5ed8bdd8a6633ab4,2026-03-29T23:05:05.629251+00:00,-4.5,4.5,-5.0,5.0,2.812,-2.812,264.5,264.938,266.562,-460,320,-431.25,296,96.375,-157,8,3
Toronto Raptors,Orlando Magic,2026-03-29T22:11:00Z,2026-03-29,4d3b276afc5789fb4a6564eee411bfa9,2026-03-29T22:05:07.465844+00:00,-1.5,1.5,-1.409,1.409,-1.409,1.409,226.5,226.091,226.091,-123,107,-120.455,45.818,-120.455,45.818,11,1
Charlotte Hornets,Boston Celtics,2026-03-29T22:11:00Z,2026-03-29,8d6b8b25d9790bf08a65761a3d63b611,2026-03-30T00:05:05.968171+00:00,14.5,-14.5,14.312,-14.312,2.188,-2.188,217.5,217.25,209.438,3300,-10000,1087.5,-2802.125,82.625,-139.625,8,4
Toronto Raptors,Orlando Magic,2026-03-29T22:12:00Z,2026-03-29,4d3b276afc5789fb4a6564eee411bfa9,2026-03-30T00:05:05.968171+00:00,-50.5,50.5,-47.938,47.938,-6.5,6.5,234.5,235.375,231.188,-2500,900,-1772.5,800,-285.5,210,8,4
Portland Trail Blazers,Washington Wizards,2026-03-29T22:12:00Z,2026-03-29,4ec80843b404f3215ab2cad16ced7f41,2026-03-30T00:05:05.968171+00:00,-36.5,36.5,-36.312,36.312,-20.625,20.625,215.5,215.312,212.5,-50000,3500,-9746,1678.125,-7162.5,1487.5,8,4
Miami Heat,Philadelphia 76ers,2026-03-30T23:10:00Z,2026-03-30,2ba4ff0cef51aafdf9c5509533b14091,2026-03-30T23:05:07.057817+00:00,2.0,-2.0,2.182,-2.182,1.273,-1.273,243.0,242.818,246.045,118,-134,114.818,-136.727,47.455,-122.091,11,21
Atlanta Hawks,Boston Celtics,2026-03-30T23:40:00Z,2026-03-30,6faf1f26b1e369d008c889f78e15732b,2026-03-31T01:35:05.186043+00:00,-14.5,14.5,-12.227,12.227,-0.273,0.273,211.5,217.0,222.091,-10000,3300,-1254.818,541,-113.818,-88.091,11,26
Memphis Grizzlies,Phoenix Suns,2026-03-31T00:10:00Z,2026-03-30,7d18651bc9124e2b06c6ffbc3af06ee6,2026-03-31T00:05:06.009334+00:00,12.0,-12.0,12.318,-12.318,12.864,-12.864,229.0,228.455,228.955,502,-664,496.818,-713.909,540.727,-788.636,11,22
New Orleans Pelicans,Houston Rockets,2026-03-29T23:12:00Z,2026-03-29,c05251e56d0bd871f5523e30058c7735,2026-03-30T01:35:07.224357+00:00,29.5,-29.5,27.875,-27.875,5.375,-5.375,241.5,236.75,229.562,4000,-100000,1526.25,-15581.25,176.75,-231.25,8,4
Oklahoma City Thunder,New York Knicks,2026-03-29T23:42:00Z,2026-03-29,f1fe04fb5d59dc4d3b310d56b74a9f2a,2026-03-30T02:05:04.939367+00:00,-6.5,6.5,-6.773,6.773,-8.045,8.045,217.5,218.091,223.636,-1450,700,-1271.455,546.091,-351.455,277.455,11,5
Dallas Mavericks,Minnesota Timberwolves,2026-03-31T00:40:00Z,2026-03-30,529b588f29593d9353dc633d814bc188,2026-03-31T00:35:05.768385+00:00,8.5,-8.5,8.5,-8.5,7.0,-7.0,236.5,236.5,235.455,278,-336,272.545,-346.909,223.545,-276.818,11,21
Oklahoma City Thunder,Detroit Pistons,2026-03-31T01:40:00Z,2026-03-30,e3266348b9f8e04ffa8ca5bbe8e55265,2026-03-31T01:35:05.186043+00:00,-12.0,12.0,-11.773,11.773,-13.409,13.409,217.5,217.591,219.318,-624,477,-632.273,456.182,-783.273,534.909,11,23
San Antonio Spurs,Chicago Bulls,2026-03-31T00:10:00Z,2026-03-30,99052db19c4b4026e439fcc94cd4f6e8,2026-03-31T00:05:06.009334+00:00,-18.0,18.0,-17.818,17.818,-18.0,18.0,246.5,246.636,242.955,-1950,1092,-2219.727,1071.909,-1965.182,988.909,11,19
Utah Jazz,Cleveland Cavaliers,2026-03-31T01:10:00Z,2026-03-30,2d048fe85c2360eaad38501d77dd41e4,2026-03-31T01:05:06.333645+00:00,16.5,-16.5,16.545,-16.545,17.591,-17.591,242.5,242.182,243.364,950,-1561,875.909,-1588.909,988.182,-1945.636,11,21
Los Angeles Lakers,Washington Wizards,2026-03-31T02:10:00Z,2026-03-30,7bab999d0c94806e44c5de1d60333079,2026-03-31T02:05:07.379233+00:00,-16.0,16.0,-15.864,15.864,-16.0,16.0,236.5,236.636,235.273,-1365,872,-1513.545,840.545,-1396.091,804.091,11,23
Denver Nuggets,Golden State Warriors,2026-03-30T02:18:00Z,2026-03-29,976eb35602aca3acd738ec2621478695,2026-03-30T02:35:06.352476+00:00,-8.5,8.5,-9.438,9.438,-9.438,9.438,233.5,234.688,234.688,-340,250,-458.625,315.625,-458.625,315.625,8,1
Houston Rockets,New York Knicks,2026-04-01T00:10:00Z,2026-03-31,0fee871b4f5cc68f4c933d5eb56d25c8,2026-03-31T23:35:07.079845+00:00,1.0,-1.0,1.091,-1.091,1.091,-1.091,218.0,217.727,218.5,-104,-112,-105.091,-114.727,-105.545,-114.182,11,25
Brooklyn Nets,Charlotte Hornets,2026-03-31T23:40:00Z,2026-03-31,5821188b8c12a7b49e0f069e3974e502,2026-03-31T23:35:07.079845+00:00,18.0,-18.0,18.182,-18.182,15.773,-15.773,219.0,219.182,217.727,1059,-1852,1041.091,-2068.364,785.636,-1345.364,11,24
Orlando Magic,Phoenix Suns,2026-03-31T23:10:00Z,2026-03-31,8c95b58e16520c12308e0196b0c19198,2026-03-31T23:05:05.850505+00:00,-2.0,2.0,-2.091,2.091,-2.591,2.591,225.5,225.091,225.091,-133,117,-130.545,109.818,-137.182,114.545,11,22
Miami Heat,Philadelphia 76ers,2026-03-30T23:12:00Z,2026-03-30,2ba4ff0cef51aafdf9c5509533b14091,2026-03-31T01:35:05.186043+00:00,-4.5,4.5,-3.125,3.125,-4.938,4.938,229.5,230.562,254.688,-1600,750,-2492.5,627.5,-215.875,163.25,8,5
Los Angeles Clippers,Portland Trail Blazers,2026-04-01T03:10:00Z,2026-03-31,4ae1016a615b3bc0fcef523ab3c8933b,2026-04-01T00:05:07.153439+00:00,-4.5,4.5,-4.682,4.682,-4.955,4.955,225.5,225.5,227.136,-192,168,-199.727,166.818,-203.636,170.273,11,22
Memphis Grizzlies,Phoenix Suns,2026-03-31T00:11:00Z,2026-03-30,7d18651bc9124e2b06c6ffbc3af06ee6,2026-03-31T02:05:07.379233+00:00,14.5,-14.5,13.875,-13.875,13.688,-13.688,234.5,234.438,234.25,3300,-10000,717,-1834.375,655.625,-1290.875,8,4
San Antonio Spurs,Chicago Bulls,2026-03-31T00:13:00Z,2026-03-30,99052db19c4b4026e439fcc94cd4f6e8,2026-03-31T02:35:07.268132+00:00,-15.5,15.5,-15.875,15.875,-15.75,15.75,242.5,248.5,245.062,-10000,3300,-7937.5,1678.125,-1641.25,762.5,8,5
Los Angeles Lakers,Cleveland Cavaliers,2026-04-01T02:40:00Z,2026-03-31,87dab37c8c29cf1586f973f3fe0ca38a,2026-04-01T00:05:07.153439+00:00,-2.0,2.0,-1.773,1.773,-1.409,1.409,235.0,234.727,236.545,-127,111,-130.727,109.727,-123.818,104,11,21
Dallas Mavericks,Minnesota Timberwolves,2026-03-31T00:41:00Z,2026-03-30,529b588f29593d9353dc633d814bc188,2026-03-31T02:35:07.268132+00:00,26.5,-26.5,25.812,-25.812,13.75,-13.75,221.5,220.875,237.75,3300,-10000,1578.125,-5333.375,618.125,-1186.25,8,4
Detroit Pistons,Toronto Raptors,2026-04-01T00:10:00Z,2026-03-31,b6b9e83d82f672bcffebdad2ba67d51d,2026-03-31T23:35:07.079845+00:00,-3.0,3.0,-3.136,3.136,-2.864,2.864,220.5,220.545,219.545,-149,132,-152.909,128.455,-140.818,118.182,11,19
Utah Jazz,Cleveland Cavaliers,2026-03-31T01:11:00Z,2026-03-30,2d048fe85c2360eaad38501d77dd41e4,2026-03-31T02:35:07.268132+00:00,19.5,-19.5,17.688,-17.688,14.938,-14.938,235.5,235.75,242.938,2500,-20000,1671.875,-9125,735,-1477.125,8,3
Milwaukee Bucks,Dallas Mavericks,2026-04-01T00:10:00Z,2026-03-31,ce4beaf577105bae5d26c3205ccce3b4,2026-04-01T02:05:08.609740+00:00,-24.5,24.5,-11.545,11.545,0.273,-0.273,226.5,228.864,227.773,-10000,3300,-1253.364,466.545,-50,-115.364,11,23
Oklahoma City Thunder,Detroit Pistons,2026-03-31T01:43:00Z,2026-03-30,e3266348b9f8e04ffa8ca5bbe8e55265,2026-03-31T02:35:07.268132+00:00,-13.5,13.5,-13.0,13.0,-13.188,13.188,214.5,212.562,224.375,-1400,680,-1174.25,625.625,-959.875,546.25,8,2
Los Angeles Lakers,Washington Wizards,2026-03-31T02:12:00Z,2026-03-30,7bab999d0c94806e44c5de1d60333079,2026-03-31T02:35:07.268132+00:00,-14.5,14.5,-13.625,13.625,-13.625,13.625,226.5,226.625,226.625,-1100,600,-1129,603.125,-1129,603.125,8,1
Miami Heat,Boston Celtics,2026-04-01T23:40:00Z,2026-04-01,5f035331e20684a116344413531bab36,2026-04-01T00:05:07.153439+00:00,5.0,-5.0,4.917,-4.917,4.583,-4.583,229.5,228.917,229.0,168,-200,164.167,-199.167,159.167,-193.667,6,8
Golden State Warriors,San Antonio Spurs,2026-04-02T02:10:00Z,2026-04-01,54540a1bafcd2e0cff9b5cd8a09e0bfa,2026-04-01T00:05:07.153439+00:00,11.5,-11.5,11.5,-11.5,11.5,-11.5,228.5,227.8,227.8,500,-700,452,-634,449,-632,5,6
Utah Jazz,Denver Nuggets,2026-04-02T01:10:00Z,2026-04-01,8b86324be55670d1f3c59008ae771dac,2026-04-02T00:05:06.601153+00:00,17.0,-17.0,16.818,-16.818,17.227,-17.227,249.5,249.682,248.636,1092,-1950,977.909,-1910.636,995.182,-1940.909,11,24
Orlando Magic,Phoenix Suns,2026-03-31T23:11:00Z,2026-03-31,8c95b58e16520c12308e0196b0c19198,2026-04-01T01:35:05.741490+00:00,-2.5,2.5,-2.625,2.625,-9.688,9.688,232.5,233.25,220.75,-280,210,-226,142.875,-460,312.5,8,5
Brooklyn Nets,Charlotte Hornets,2026-03-31T23:41:00Z,2026-03-31,5821188b8c12a7b49e0f069e3974e502,2026-04-01T02:05:08.609740+00:00,31.5,-31.5,29.125,-29.125,24.812,-24.812,204.5,210.812,218.0,1800,-6500,1670,-7500,2030,-10800,8,5
Detroit Pistons,Toronto Raptors,2026-04-01T00:11:00Z,2026-03-31,b6b9e83d82f672bcffebdad2ba67d51d,2026-04-01T00:05:07.153439+00:00,-3.5,3.5,-3.455,3.455,-3.455,3.455,221.0,220.636,220.636,-155,136,-156.636,131.182,-156.636,131.182,11,1
Houston Rockets,New York Knicks,2026-04-01T00:11:00Z,2026-03-31,0fee871b4f5cc68f4c933d5eb56d25c8,2026-04-01T00:05:07.153439+00:00,1.0,-1.0,1.045,-1.045,1.045,-1.045,219.0,218.5,218.5,100,-116,-49.091,-116.091,-49.091,-116.091,11,1
Washington Wizards,Philadelphia 76ers,2026-04-01T23:10:00Z,2026-04-01,ccecac4a3706f43f36fd63ae97cbfc88,2026-04-01T22:35:06.004276+00:00,14.0,-14.0,14.227,-14.227,15.818,-15.818,237.5,237.818,238.0,733,-1077,698.455,-1120.636,782.727,-1325.636,11,19
Detroit Pistons,Toronto Raptors,2026-04-01T00:13:00Z,2026-03-31,b6b9e83d82f672bcffebdad2ba67d51d,2026-04-01T02:35:07.916822+00:00,-11.5,11.5,-11.0,11.0,-7.214,7.214,248.5,238.571,216.143,-10000,1750,-3214.167,780,-263,199.167,7,5
Houston Rockets,New York Knicks,2026-04-01T00:13:00Z,2026-03-31,0fee871b4f5cc68f4c933d5eb56d25c8,2026-04-01T02:35:07.916822+00:00,-17.5,17.5,-17.214,17.214,-10.214,10.214,209.0,212.714,219.5,-50000,3500,-10373.333,1372.5,-380.833,265,7,5
Los Angeles Lakers,Cleveland Cavaliers,2026-04-01T02:30:00Z,2026-03-31,87dab37c8c29cf1586f973f3fe0ca38a,2026-04-01T02:05:08.609740+00:00,-2.0,2.0,-2.188,2.188,-1.75,1.75,235.5,235.562,234.75,-138,122,-138.5,116.125,-129.875,108.75,8,4
Los Angeles Clippers,Portland Trail Blazers,2026-04-01T03:00:00Z,2026-03-31,4ae1016a615b3bc0fcef523ab3c8933b,2026-04-01T02:35:07.916822+00:00,-4.5,4.5,-4.5,4.5,-4.667,4.667,225.5,225.5,225.556,-195,171,-195.222,162.556,-198.333,164.667,9,5
Miami Heat,Boston Celtics,2026-04-01T23:30:00Z,2026-04-01,5f035331e20684a116344413531bab36,2026-04-01T23:05:06.074413+00:00,4.5,-4.5,4.545,-4.545,5.409,-5.409,229.5,229.636,228.5,175,-200,167.182,-200.545,169.727,-203.727,11,19
Chicago Bulls,Indiana Pacers,2026-04-02T00:10:00Z,2026-04-01,1e9f8048801efb165d39e008270e4942,2026-04-02T00:05:06.601153+00:00,-4.0,4.0,-3.773,3.773,-4.636,4.636,247.0,246.773,245.227,-165,146,-164.818,139,-192.909,161.455,11,21
Golden State Warriors,San Antonio Spurs,2026-04-02T02:00:00Z,2026-04-01,54540a1bafcd2e0cff9b5cd8a09e0bfa,2026-04-02T00:05:06.601153+00:00,14.0,-14.0,14.136,-14.136,12.955,-12.955,227.5,227.545,226.955,683,-979,621.455,-953.455,567.727,-847.727,11,21
Orlando Magic,Atlanta Hawks,2026-04-01T23:10:00Z,2026-04-01,4f3f3b8a05f65c9938f8dff1229df5e3,2026-04-01T22:35:06.004276+00:00,2.5,-2.5,2.545,-2.545,4.273,-4.273,234.5,234.636,233.091,122,-138,118.727,-141.182,145,-173.455,11,16
Los Angeles Lakers,Cleveland Cavaliers,2026-04-01T02:35:00Z,2026-03-31,87dab37c8c29cf1586f973f3fe0ca38a,2026-04-01T02:35:07.916822+00:00,-1.5,1.5,-2.111,2.111,-2.111,2.111,236.0,235.944,235.944,-133,117,-137.778,115.333,-137.778,115.333,9,1
Houston Rockets,Milwaukee Bucks,2026-04-02T00:00:00Z,2026-04-01,6f4627df908d38c70424ce6896309b37,2026-04-01T23:35:06.317750+00:00,-19.0,19.0,-19.182,19.182,-17.136,17.136,215.5,215.227,217.682,-2353,1183,-2409.364,1131.636,-1824.636,961.182,11,16
Memphis Grizzlies,New York Knicks,2026-04-02T00:00:00Z,2026-04-01,d1686c3ffba608b202d00ecc3756d422,2026-04-01T23:35:06.317750+00:00,14.0,-14.0,13.818,-13.818,14.5,-14.5,225.0,225.227,227.909,576,-786,577.545,-866.364,672,-1057.273,11,16
Toronto Raptors,Sacramento Kings,2026-04-02T00:00:00Z,2026-04-01,333a6fd05a4f8492b95e9d9426450430,2026-04-01T23:35:06.317750+00:00,-12.5,12.5,-12.682,12.682,-13.364,13.364,228.0,228.136,226.136,-689,517,-744.364,512.455,-922,604.273,11,16
Orlando Magic,Atlanta Hawks,2026-04-01T23:11:00Z,2026-04-01,4f3f3b8a05f65c9938f8dff1229df5e3,2026-04-01T23:05:06.074413+00:00,2.5,-2.5,2.455,-2.455,2.455,-2.455,235.5,235.455,235.455,122,-138,118.455,-140.818,118.455,-140.818,11,1
Washington Wizards,Philadelphia 76ers,2026-04-01T23:12:00Z,2026-04-01,ccecac4a3706f43f36fd63ae97cbfc88,2026-04-01T23:05:06.074413+00:00,14.5,-14.5,14.409,-14.409,14.409,-14.409,239.0,238.773,238.773,781,-1174,722.091,-1171.727,722.091,-1171.727,11,1
Oklahoma City Thunder,Los Angeles Lakers,2026-04-03T01:40:00Z,2026-04-02,97f990a7956a23f16f9298270f5b556e,2026-04-03T01:35:07.302933+00:00,-9.5,9.5,-9.364,9.364,-8.773,8.773,233.5,233.0,228.591,-371,304,-378.727,297,-345,273.545,11,22
Washington Wizards,Philadelphia 76ers,2026-04-01T23:11:04Z,2026-04-01,ccecac4a3706f43f36fd63ae97cbfc88,2026-04-02T00:05:06.601153+00:00,10.5,-10.5,9.812,-9.812,14.938,-14.938,259.5,257.375,240.625,500,-850,480.625,-802.25,812.5,-1818.75,8,2
Orlando Magic,Atlanta Hawks,2026-04-01T23:11:23Z,2026-04-01,4f3f3b8a05f65c9938f8dff1229df5e3,2026-04-02T00:05:06.601153+00:00,10.5,-10.5,10.5,-10.5,-1.5,1.5,238.5,238.062,229.938,470,-770,428.125,-688.625,-131.75,0.625,8,2
Miami Heat,Boston Celtics,2026-04-01T23:35:00Z,2026-04-01,5f035331e20684a116344413531bab36,2026-04-01T23:35:06.317750+00:00,4.5,-4.5,4.545,-4.545,4.545,-4.545,229.5,229.727,229.727,162,-185,164.364,-196.909,164.364,-196.909,11,1
Miami Heat,Boston Celtics,2026-04-01T23:42:00Z,2026-04-01,5f035331e20684a116344413531bab36,2026-04-02T00:05:06.601153+00:00,8.5,-8.5,8.188,-8.188,8.188,-8.188,253.5,251.625,251.625,330,-480,278.125,-399.75,278.125,-399.75,8,1
Houston Rockets,Milwaukee Bucks,2026-04-02T00:05:00Z,2026-04-01,6f4627df908d38c70424ce6896309b37,2026-04-02T00:05:06.601153+00:00,-19.0,19.0,-19.227,19.227,-19.227,19.227,216.5,216.136,216.136,-2353,1183,-2473,1146.727,-2473,1146.727,11,1
Memphis Grizzlies,New York Knicks,2026-04-02T00:05:00Z,2026-04-01,d1686c3ffba608b202d00ecc3756d422,2026-04-02T00:05:06.601153+00:00,13.5,-13.5,13.636,-13.636,13.636,-13.636,225.0,225.045,225.045,603,-834,584.545,-879.818,584.545,-879.818,11,1
Toronto Raptors,Sacramento Kings,2026-04-02T00:05:00Z,2026-04-01,333a6fd05a4f8492b95e9d9426450430,2026-04-02T00:05:06.601153+00:00,-12.5,12.5,-12.636,12.636,-12.636,12.636,228.0,228.227,228.227,-689,517,-737.091,511.091,-737.091,511.091,11,1
Charlotte Hornets,Phoenix Suns,2026-04-02T23:10:00Z,2026-04-02,289fb44a6171fe5e7365b05dca97889e,2026-04-02T23:05:06.662196+00:00,-5.5,5.5,-5.682,5.682,-5.545,5.545,227.5,227.409,222.0,-219,188,-226.545,186.455,-209.273,174,11,15
Detroit Pistons,Minnesota Timberwolves,2026-04-02T23:10:00Z,2026-04-02,b70520c84d1db67fb83d5d3666ef1d46,2026-04-02T23:05:06.662196+00:00,-5.5,5.5,-5.455,5.455,-2.955,2.955,220.5,220.864,224.409,-204,179,-210.545,175.091,-154,129.818,11,15
Golden State Warriors,Cleveland Cavaliers,2026-04-03T02:10:00Z,2026-04-02,67a88265216bd48208f38288dba434ba,2026-04-03T02:05:07.548992+00:00,10.5,-10.5,10.409,-10.409,10.045,-10.045,230.0,229.909,227.227,364,-455,361.727,-477.818,357.636,-471.455,11,20
Portland Trail Blazers,New Orleans Pelicans,2026-04-03T02:10:00Z,2026-04-02,52a9bdfa0493e80275ae71f49de1146f,2026-04-03T02:05:07.548992+00:00,-6.0,6.0,-5.955,5.955,-6.636,6.636,235.5,234.909,232.0,-243,206,-238.273,194.909,-261.909,212.636,11,20
Los Angeles Clippers,San Antonio Spurs,2026-04-03T02:40:00Z,2026-04-02,8acdc53c485cd361a907edc8d53091f2,2026-04-03T02:35:05.777382+00:00,-2.5,2.5,-2.409,2.409,4.091,-4.091,232.0,232.091,231.0,-141,124,-140.545,118.091,146,-173.636,11,21
Philadelphia 76ers,Minnesota Timberwolves,2026-04-03T23:10:00Z,2026-04-03,21031d5ee035e890ee79d1afeef2f40c,2026-04-03T23:05:06.560358+00:00,-3.5,3.5,-3.5,3.5,-2.182,2.182,234.0,234.0,233.409,-162,143,-164.091,137.818,-134.818,113.545,11,21
New York Knicks,Chicago Bulls,2026-04-03T23:40:00Z,2026-04-03,d2565f4ec40ef0701e442d56c8d44ff2,2026-04-03T23:35:05.869095+00:00,-13.5,13.5,-13.818,13.818,-15.682,15.682,237.0,237.0,237.727,-1270,826,-1062.909,673.182,-1388.636,802.182,11,22
Brooklyn Nets,Atlanta Hawks,2026-04-03T23:40:00Z,2026-04-03,cb55f248d8dbb539ca55edf31d762f6a,2026-04-03T23:35:05.869095+00:00,17.0,-17.0,16.773,-16.773,15.773,-15.773,226.0,225.364,225.136,1042,-1804,948.273,-1774.636,826.818,-1450.636,11,21
Memphis Grizzlies,Toronto Raptors,2026-04-04T00:10:00Z,2026-04-03,3880a34134efe663dcdc776fff7cde38,2026-04-03T23:35:05.869095+00:00,14.0,-14.0,14.136,-14.136,12.636,-12.636,233.5,233.409,231.318,708,-1028,653.182,-1026.182,568.636,-843.636,11,21
Charlotte Hornets,Phoenix Suns,2026-04-02T23:11:00Z,2026-04-02,289fb44a6171fe5e7365b05dca97889e,2026-04-03T01:05:05.716766+00:00,-15.5,15.5,-15.375,15.375,-1.688,1.688,249.5,248.25,244.312,-10000,3300,-1748.125,736.25,-127.625,-27.125,8,4
Detroit Pistons,Minnesota Timberwolves,2026-04-02T23:13:00Z,2026-04-02,b70520c84d1db67fb83d5d3666ef1d46,2026-04-03T01:35:07.302933+00:00,-6.5,6.5,-7.312,7.312,-5.688,5.688,214.5,215.438,226.312,-50000,3500,-7618.875,841.625,-251.25,188.125,8,5
Milwaukee Bucks,Boston Celtics,2026-04-04T00:10:00Z,2026-04-03,d33be5a00d538b7bd7dee98ed5166593,2026-04-04T00:05:07.009113+00:00,18.0,-18.0,17.864,-17.864,16.727,-16.727,218.0,218.091,218.182,1203,-2453,1086.091,-2268.455,980.091,-1853.091,11,21
Houston Rockets,Utah Jazz,2026-04-04T00:10:00Z,2026-04-03,e9a2348d7311c62fe296a00ed8c03e29,2026-04-04T00:05:07.009113+00:00,-18.5,18.5,-18.455,18.455,-17.318,17.318,233.5,233.409,231.318,-2253,1163,-2204.818,1055.818,-1713.818,924.455,11,20
Dallas Mavericks,Orlando Magic,2026-04-04T00:40:00Z,2026-04-03,905392b9896b3f0d42e43bc4af97d72e,2026-04-04T00:35:06.663756+00:00,7.0,-7.0,6.818,-6.818,6.955,-6.955,239.0,239.5,234.909,229,-272,220.818,-272.727,228.364,-282.818,11,21
Charlotte Hornets,Indiana Pacers,2026-04-03T23:10:00Z,2026-04-03,033717528554996f232e2517ea1ad281,2026-04-03T23:05:06.560358+00:00,-15.5,15.5,-15.5,15.5,-15.318,15.318,234.5,234.364,233.591,-1561,950,-1531.364,847.273,-1235.273,740.545,11,17
Oklahoma City Thunder,Los Angeles Lakers,2026-04-03T01:43:00Z,2026-04-02,97f990a7956a23f16f9298270f5b556e,2026-04-03T02:35:05.777382+00:00,-32.5,32.5,-30.188,30.188,-16.812,16.812,247.5,244.562,234.625,-50000,3500,-27041.75,2468.75,-1698,775,8,2
Golden State Warriors,Cleveland Cavaliers,2026-04-03T02:11:00Z,2026-04-02,67a88265216bd48208f38288dba434ba,2026-04-03T02:35:05.777382+00:00,10.5,-10.5,10.875,-10.875,10.875,-10.875,229.5,230.125,230.125,400,-620,390,-595.625,390,-595.625,8,1
Portland Trail Blazers,New Orleans Pelicans,2026-04-03T02:12:00Z,2026-04-02,52a9bdfa0493e80275ae71f49de1146f,2026-04-03T02:35:05.777382+00:00,-8.5,8.5,-7.5,7.5,-7.5,7.5,239.5,240.25,240.25,-360,260,-325.125,238.125,-325.125,238.125,8,1
Sacramento Kings,New Orleans Pelicans,2026-04-04T02:10:00Z,2026-04-03,2c0009c3a722545d107730244928ad22,2026-04-04T02:05:07.963880+00:00,7.0,-7.0,6.591,-6.591,5.273,-5.273,232.0,232.409,234.318,210,-248,203.364,-249.455,163,-195.273,11,18
Denver Nuggets,San Antonio Spurs,2026-04-04T19:10:00Z,2026-04-04,53273367f28e360f2e7814dd06e29a24,2026-04-04T19:05:06.759518+00:00,1.5,-1.5,1.727,-1.727,2.0,-2.0,244.0,243.955,242.545,107,-123,105.818,-126.818,112.364,-133.364,11,20
Miami Heat,Washington Wizards,2026-04-04T19:10:00Z,2026-04-04,b146607a8fe26fe467294dfdbaa0ff2b,2026-04-04T19:05:06.759518+00:00,-18.0,18.0,-18.364,18.364,-16.864,16.864,246.0,246.273,247.227,-2453,1203,-2513.909,1143.545,-1892.455,988.364,11,19
Charlotte Hornets,Indiana Pacers,2026-04-03T23:12:00Z,2026-04-03,033717528554996f232e2517ea1ad281,2026-04-04T01:05:06.462455+00:00,-20.5,20.5,-21.625,21.625,-25.0,25.0,243.5,243.25,241.875,-50000,3500,-21500,2479.167,-9916.667,1945.833,8,4
Philadelphia 76ers,Minnesota Timberwolves,2026-04-03T23:13:00Z,2026-04-03,21031d5ee035e890ee79d1afeef2f40c,2026-04-04T01:35:08.620297+00:00,-11.5,11.5,-9.625,9.625,-6.25,6.25,220.5,216.25,215.688,-10000,3300,-2306,955.625,-273.75,204.375,8,5
Brooklyn Nets,Atlanta Hawks,2026-04-03T23:41:00Z,2026-04-03,cb55f248d8dbb539ca55edf31d762f6a,2026-04-04T01:35:08.620297+00:00,24.5,-24.5,22.812,-22.812,23.125,-23.125,243.5,241.0,225.812,3300,-10000,2039.286,-9500,2017.857,-10642.857,8,4
New York Knicks,Chicago Bulls,2026-04-03T23:42:00Z,2026-04-03,d2565f4ec40ef0701e442d56c8d44ff2,2026-04-04T02:05:07.963880+00:00,-40.5,40.5,-39.75,39.75,-23.688,23.688,227.5,234.25,230.688,-10000,1700,-9100,1940,-9100,1940,8,5
Memphis Grizzlies,Toronto Raptors,2026-04-04T00:11:00Z,2026-04-03,3880a34134efe663dcdc776fff7cde38,2026-04-04T02:35:10.188078+00:00,29.5,-29.5,25.409,-25.409,14.591,-14.591,222.5,226.273,233.545,3500,-50000,1278.182,-7524.909,701.455,-1143.091,11,6
Philadelphia 76ers,Detroit Pistons,2026-04-04T23:10:00Z,2026-04-04,dc7b446ad8c325394b7d604d3e17ad7b,2026-04-04T21:05:06.949428+00:00,3.0,-3.0,3.0,-3.0,0.591,-0.591,226.0,226.045,227.182,127,-144,124.455,-147.636,-11.364,-63.455,11,17
Milwaukee Bucks,Boston Celtics,2026-04-04T00:11:00Z,2026-04-03,d33be5a00d538b7bd7dee98ed5166593,2026-04-04T02:05:07.963880+00:00,31.5,-31.5,30.562,-30.562,25.625,-25.625,237.5,238.625,227.438,3300,-10000,2960,-23000,2600,-20200,8,4
Houston Rockets,Utah Jazz,2026-04-04T00:12:00Z,2026-04-03,e9a2348d7311c62fe296a00ed8c03e29,2026-04-04T02:05:07.963880+00:00,-34.5,34.5,-33.5,33.5,-20.938,20.938,235.5,236.312,228.5,-100000,4000,-25357.143,2442.857,-5214.286,1342.857,8,4
Dallas Mavericks,Orlando Magic,2026-04-04T00:41:00Z,2026-04-03,905392b9896b3f0d42e43bc4af97d72e,2026-04-04T02:35:10.188078+00:00,18.5,-18.5,16.562,-16.562,8.812,-8.812,259.5,257.938,245.188,3300,-10000,1671.875,-6104.125,303.75,-438.125,8,4
Sacramento Kings,New Orleans Pelicans,2026-04-04T02:11:00Z,2026-04-03,2c0009c3a722545d107730244928ad22,2026-04-04T02:35:10.188078+00:00,12.5,-12.5,10.812,-10.812,10.812,-10.812,224.5,224.188,224.188,450,-720,400.625,-632,400.625,-632,8,1
Boston Celtics,Toronto Raptors,2026-04-05T19:40:00Z,2026-04-05,6f1339b3519de542ab74c59857bfeff1,2026-04-04T21:05:06.949428+00:00,-9.5,9.5,-10.0,10.0,-9.875,9.875,221.5,221.125,220.688,-460,360,-453.333,341.333,-426.667,322.167,8,11
Chicago Bulls,Phoenix Suns,2026-04-05T19:40:00Z,2026-04-05,8071f80d106d512c88016b240e766d84,2026-04-04T21:05:06.949428+00:00,9.5,-9.5,9.938,-9.938,10.25,-10.25,237.0,236.438,235.562,400,-520,369.167,-495,371.667,-500,8,11
Minnesota Timberwolves,Charlotte Hornets,2026-04-05T23:10:00Z,2026-04-05,8bce3373da945128589ce3cabae25443,2026-04-04T21:05:06.949428+00:00,-1.5,1.5,-1.5,1.5,-1.071,1.071,226.0,226.643,227.786,-124,106,-119.6,19.2,-119.6,-20.8,7,11
New Orleans Pelicans,Orlando Magic,2026-04-05T23:10:00Z,2026-04-05,9f54cd277a7d7a9fe0de35d568dfa4af,2026-04-04T21:05:06.949428+00:00,4.0,-4.0,4.143,-4.143,3.429,-3.429,236.0,235.714,235.143,154,-184,140.8,-170,134.8,-162,7,11
Oklahoma City Thunder,Utah Jazz,2026-04-05T23:10:00Z,2026-04-05,5441d9423f924c9a489ca00a7e321466,2026-04-04T21:05:06.949428+00:00,-20.5,20.5,-21.071,21.071,-21.357,21.357,239.0,239.071,239.071,-3000,1300,-3967,1410,-3967,1410,7,11
Dallas Mavericks,Los Angeles Lakers,2026-04-05T23:40:00Z,2026-04-05,c6dfafffbada89cc908addd3a1f7748b,2026-04-04T21:05:06.949428+00:00,5.5,-5.5,6.143,-6.143,6.429,-6.429,233.5,234.929,235.357,194,-235,198.8,-246.6,204,-254,7,11
Sacramento Kings,Los Angeles Clippers,2026-04-06T01:10:00Z,2026-04-05,f01f7ab4597dc0c1a08e837d9b9beae9,2026-04-04T21:05:06.949428+00:00,11.5,-11.5,11.5,-11.5,11.5,-11.5,229.0,229.5,230.5,480,-650,448,-629,453,-634,7,11
Golden State Warriors,Houston Rockets,2026-04-06T02:10:00Z,2026-04-05,8516988340b00d09278e04abd65885ad,2026-04-04T21:05:06.949428+00:00,4.0,-4.0,3.929,-3.929,3.571,-3.571,225.0,224.643,223.5,132,-156,138.4,-166.8,136.6,-164.2,7,11
Miami Heat,Washington Wizards,2026-04-04T19:12:00Z,2026-04-04,b146607a8fe26fe467294dfdbaa0ff2b,2026-04-04T21:05:06.949428+00:00,-29.5,29.5,-29.625,29.625,-16.125,16.125,285.5,280.188,250.75,-2800,1100,-8995.875,1618.125,-1958.375,855.625,8,4
Denver Nuggets,San Antonio Spurs,2026-04-04T19:13:00Z,2026-04-04,53273367f28e360f2e7814dd06e29a24,2026-04-04T21:05:06.949428+00:00,3.5,-3.5,4.812,-4.812,4.188,-4.188,248.5,247.062,253.062,164,-215,203.625,-275.875,144.875,-188,8,4
Brooklyn Nets,Washington Wizards,2026-04-05T19:40:00Z,2026-04-05,c1b3d187f022b0870bfa7128e1d02ae5,2026-04-04T21:05:06.949428+00:00,-4.5,4.5,-4.5,4.5,-4.5,4.5,230.5,230.25,230.25,-186,156,-187.5,154,-187.5,154,2,4
Cleveland Cavaliers,Indiana Pacers,2026-04-05T22:10:00Z,2026-04-05,4f3d29a0317850ac56b0c6db31223705,2026-04-04T21:05:06.949428+00:00,-16.0,16.0,-16.0,16.0,-16.0,16.0,239.5,239.5,239.5,-1800,980,-1800,980,-1800,980,1,2
Atlanta Hawks,New York Knicks,2026-04-06T23:10:00Z,2026-04-06,dce0f3f389617fa7daa990c209ee8acc,2026-04-06T23:05:07.247915+00:00,-1.5,1.5,-1.409,1.409,-1.5,1.5,226.0,226.227,227.182,-118,102,-120.455,64.182,-119.364,63.364,11,11
Orlando Magic,Detroit Pistons,2026-04-06T23:10:00Z,2026-04-06,ec27c42246b5e40c34f4c2d93930ed20,2026-04-06T23:05:07.247915+00:00,1.0,-1.0,1.182,-1.182,1.682,-1.682,222.5,222.545,221.636,102,-118,7.818,-118.818,106.636,-127.545,11,11
Memphis Grizzlies,Cleveland Cavaliers,2026-04-07T00:10:00Z,2026-04-06,c2ff7eb921314ca5ebc2ad18db189374,2026-04-07T00:05:07.073919+00:00,13.5,-13.5,13.5,-13.5,15.136,-15.136,231.5,231.5,233.955,733,-1077,674.182,-1075.182,838.909,-1489.364,11,13
San Antonio Spurs,Philadelphia 76ers,2026-04-07T00:10:00Z,2026-04-06,14dede373d304abbddc590d2bcc81e4e,2026-04-07T00:05:07.073919+00:00,-9.0,9.0,-8.682,8.682,-8.545,8.545,237.0,237.136,237.182,-366,301,-371.455,292.091,-366.909,288.818,11,13
Denver Nuggets,Portland Trail Blazers,2026-04-07T01:10:00Z,2026-04-06,76e52ccb4140e4936de62dbadae0808d,2026-04-07T02:35:10.631818+00:00,3.5,-3.5,-0.409,0.409,-7.545,7.545,242.5,241.591,238.091,102,-130,-66,-29.455,-318.273,253.091,11,16
Toronto Raptors,Miami Heat,2026-04-07T23:40:00Z,2026-04-07,9aaa887e3f4a853902d6613072b2f35b,2026-04-07T23:35:06.544051+00:00,-2.5,2.5,-2.364,2.364,0.636,-0.636,241.0,241.091,239.091,-138,122,-138.909,117,-57.182,-17.545,11,33
Boston Celtics,Charlotte Hornets,2026-04-08T00:10:00Z,2026-04-07,96d26f7a098eba89636e1a99c7c79d8d,2026-04-08T00:05:06.939878+00:00,-4.0,4.0,-4.227,4.227,-6.136,6.136,221.0,221.0,219.773,-200,175,-195.182,162.909,-232.364,191.182,11,34
Los Angeles Clippers,Dallas Mavericks,2026-04-08T02:40:00Z,2026-04-07,3133467540e08b88d68625ed9e975399,2026-04-08T02:35:09.135036+00:00,-12.0,12.0,-12.045,12.045,-11.455,11.455,235.5,235.455,236.318,-640,487,-648.091,464.182,-565.455,414.182,11,39
Los Angeles Lakers,Oklahoma City Thunder,2026-04-08T02:40:00Z,2026-04-07,01f002eb30dfd24045740d4fbf68207e,2026-04-08T02:35:09.135036+00:00,18.0,-18.0,17.909,-17.909,15.0,-15.0,221.0,221.091,223.864,1059,-1852,1070.455,-2241.091,880,-1613.909,11,39
Phoenix Suns,Houston Rockets,2026-04-08T03:10:00Z,2026-04-07,6ec00d2267f0fe20067d4e2363a17162,2026-04-08T02:35:09.135036+00:00,1.0,-1.0,1.136,-1.136,1.045,-1.045,222.0,221.682,218.955,102,-118,-11.455,-117.455,4,-114.818,11,39
Orlando Magic,Detroit Pistons,2026-04-06T23:11:00Z,2026-04-06,ec27c42246b5e40c34f4c2d93930ed20,2026-04-07T01:35:10.044696+00:00,-14.5,14.5,-13.312,13.312,-2.688,2.688,234.5,232.375,223.312,-714,475,-2999.875,916.25,-157,121.75,8,5
Atlanta Hawks,New York Knicks,2026-04-06T23:13:00Z,2026-04-06,dce0f3f389617fa7daa990c209ee8acc,2026-04-07T01:35:10.044696+00:00,1.5,-1.5,-0.438,0.438,1.062,-1.062,212.5,208.625,233.062,1200,-2800,443.375,-1470,-3.5,-125.5,8,5
Memphis Grizzlies,Cleveland Cavaliers,2026-04-07T00:11:00Z,2026-04-06,c2ff7eb921314ca5ebc2ad18db189374,2026-04-07T02:05:08.667287+00:00,12.5,-12.5,12.5,-12.5,5.812,-5.812,258.5,259.875,235.562,2500,-20000,1815.625,-8591.875,199.125,-270.125,8,4
San Antonio Spurs,Philadelphia 76ers,2026-04-07T00:11:00Z,2026-04-06,14dede373d304abbddc590d2bcc81e4e,2026-04-07T02:35:10.631818+00:00,-11.5,11.5,-11.5,11.5,-7.938,7.938,222.5,229.812,236.5,-1600,750,-950,525.625,-383.75,271.875,8,5
Denver Nuggets,Portland Trail Blazers,2026-04-07T01:12:00Z,2026-04-06,76e52ccb4140e4936de62dbadae0808d,2026-04-07T01:05:08.098185+00:00,-6.0,6.0,-6.545,6.545,-7.455,7.455,235.5,235.636,235.636,-263,222,-282.182,227.818,-328,261.545,11,2
Golden State Warriors,Sacramento Kings,2026-04-08T02:10:00Z,2026-04-07,74efed6fa8060207aa1784a960c6141c,2026-04-08T02:05:08.693503+00:00,-14.5,14.5,-14.773,14.773,-15.364,15.364,232.0,232.727,234.091,-1028,708,-1095.909,686.273,-1046.091,665.636,11,24
Indiana Pacers,Minnesota Timberwolves,2026-04-07T23:10:00Z,2026-04-07,be5171067867c61067c779345515c72d,2026-04-08T01:35:10.119059+00:00,17.5,-17.5,19.0,-19.0,12.5,-12.5,236.5,236.455,230.545,2000,-20000,1376.091,-6376,487.727,-691.909,11,22
New Orleans Pelicans,Utah Jazz,2026-04-08T00:10:00Z,2026-04-07,24016853f9722af6d4829341d7ae4d81,2026-04-08T00:05:06.939878+00:00,-6.0,6.0,-6.318,6.318,-11.545,11.545,243.0,243.091,242.0,-243,206,-254,207,-587.909,427.455,11,19
Washington Wizards,Chicago Bulls,2026-04-07T23:10:00Z,2026-04-07,9f4ac4d421b28dcb2764f555eb8a8f0c,2026-04-07T23:05:06.450168+00:00,6.0,-6.0,5.818,-5.818,5.864,-5.864,249.5,249.591,249.773,191,-223,188,-229.182,189.455,-230.636,11,16
Brooklyn Nets,Milwaukee Bucks,2026-04-07T23:40:00Z,2026-04-07,d669fae8ce6b2ba2ca97fb61dc09e2ce,2026-04-07T23:05:06.450168+00:00,2.0,-2.0,2.227,-2.227,2.0,-2.0,220.0,220.0,220.227,117,-133,115.455,-137.818,115.545,-137.182,11,16
Washington Wizards,Chicago Bulls,2026-04-07T23:11:00Z,2026-04-07,9f4ac4d421b28dcb2764f555eb8a8f0c,2026-04-08T01:35:10.119059+00:00,28.5,-28.5,28.25,-28.25,13.188,-13.188,219.5,223.062,246.125,1300,-5000,1350,-5975,532.5,-951.25,8,5
Brooklyn Nets,Milwaukee Bucks,2026-04-07T23:41:00Z,2026-04-07,d669fae8ce6b2ba2ca97fb61dc09e2ce,2026-04-08T01:35:10.119059+00:00,-3.5,3.5,-2.727,2.727,1.545,-1.545,186.5,195.227,218.182,-370,265,-250.182,162.455,101.545,-121.727,11,5
Toronto Raptors,Miami Heat,2026-04-07T23:42:00Z,2026-04-07,9aaa887e3f4a853902d6613072b2f35b,2026-04-08T02:05:08.693503+00:00,-21.5,21.5,-21.375,21.375,-4.188,4.188,215.5,220.625,239.875,-10000,3300,-1830.625,779.375,-189.125,119.25,8,5
Cleveland Cavaliers,Atlanta Hawks,2026-04-08T23:10:00Z,2026-04-08,3fe42fd427985fed1fee7c2e58935a67,2026-04-08T22:35:06.893814+00:00,-3.5,3.5,-3.5,3.5,-2.318,2.318,236.5,236.455,236.318,-158,139,-161.727,135.818,-130.273,108.727,11,19
San Antonio Spurs,Portland Trail Blazers,2026-04-09T00:10:00Z,2026-04-08,08c9fd2b6b80f1f763e2c2eb3e935208,2026-04-08T23:05:06.597042+00:00,-3.5,3.5,-3.5,3.5,-3.545,3.545,229.5,229.682,235.545,-155,136,-161.182,135.545,-158.818,133.091,11,20
New Orleans Pelicans,Utah Jazz,2026-04-08T00:11:00Z,2026-04-07,24016853f9722af6d4829341d7ae4d81,2026-04-08T02:05:08.693503+00:00,-26.5,26.5,-24.062,24.062,-3.562,3.562,280.5,281.0,242.375,-1800,800,-1606.25,759.375,-167.125,53.625,8,4
Boston Celtics,Charlotte Hornets,2026-04-08T00:13:00Z,2026-04-07,96d26f7a098eba89636e1a99c7c79d8d,2026-04-08T02:35:09.135036+00:00,-12.5,12.5,-9.438,9.438,1.188,-1.188,216.5,226.438,223.812,-5000,1225,-904.375,343.75,-10.375,-95.625,8,5
Denver Nuggets,Memphis Grizzlies,2026-04-09T01:10:00Z,2026-04-08,41c07b1937b8a59703253dc470ca4ddb,2026-04-09T01:05:05.998684+00:00,-23.5,23.5,-23.455,23.455,-21.727,21.727,247.0,247.182,244.0,-5041,1711,-6994.636,1739.727,-5527.455,1567.636,11,21
Golden State Warriors,Sacramento Kings,2026-04-08T02:12:00Z,2026-04-07,74efed6fa8060207aa1784a960c6141c,2026-04-08T02:35:09.135036+00:00,-13.5,13.5,-12.188,12.188,-12.188,12.188,224.5,224.25,224.25,-900,520,-821,489.375,-821,489.375,8,1
Detroit Pistons,Milwaukee Bucks,2026-04-08T23:10:00Z,2026-04-08,c14b4c18b6b1e91a53302fdcc32910f2,2026-04-08T23:05:06.597042+00:00,-22.0,22.0,-22.0,22.0,-18.727,18.727,223.0,222.682,220.818,-3253,1363,-4577.455,1424.727,-2232.091,1073.545,11,15
Los Angeles Clippers,Oklahoma City Thunder,2026-04-09T02:10:00Z,2026-04-08,68ab4a35de88dba88af31eeb3ba710fb,2026-04-09T02:05:07.896375+00:00,9.0,-9.0,8.636,-8.636,7.0,-7.0,223.5,223.682,226.091,304,-371,287.091,-365.545,217.273,-268.182,11,21
Orlando Magic,Minnesota Timberwolves,2026-04-08T23:10:00Z,2026-04-08,cc5e682d9f44baa1c9d41eb3fd1c89b0,2026-04-08T22:35:06.893814+00:00,-11.5,11.5,-11.455,11.455,-6.045,6.045,233.0,232.909,227.909,-464,370,-500.364,374.818,-219.182,181.545,11,13
Phoenix Suns,Dallas Mavericks,2026-04-09T02:10:00Z,2026-04-08,3e95057b94b2d930c8cc201db634eaf8,2026-04-09T02:05:07.896375+00:00,-12.5,12.5,-12.5,12.5,-10.636,10.636,234.0,233.864,230.773,-640,487,-712.636,497.909,-584,424.818,11,20
Cleveland Cavaliers,Atlanta Hawks,2026-04-08T23:11:00Z,2026-04-08,3fe42fd427985fed1fee7c2e58935a67,2026-04-08T23:05:06.597042+00:00,-4.0,4.0,-4.0,4.0,-4.0,4.0,237.0,236.818,236.818,-172,152,-171,144.455,-171,144.455,11,1
Orlando Magic,Minnesota Timberwolves,2026-04-08T23:13:00Z,2026-04-08,cc5e682d9f44baa1c9d41eb3fd1c89b0,2026-04-08T23:05:06.597042+00:00,-11.5,11.5,-11.5,11.5,-11.5,11.5,233.5,233.091,233.091,-474,377,-502.182,376.273,-502.182,376.273,11,1
Cleveland Cavaliers,Atlanta Hawks,2026-04-08T23:13:00Z,2026-04-08,3fe42fd427985fed1fee7c2e58935a67,2026-04-09T01:35:07.820317+00:00,-6.5,6.5,-8.688,8.688,-4.938,4.938,249.5,245.812,235.0,-1250,600,-4392.5,1099.375,-215.625,164,8,5
Detroit Pistons,Milwaukee Bucks,2026-04-08T23:13:17Z,2026-04-08,c14b4c18b6b1e91a53302fdcc32910f2,2026-04-09T01:35:07.820317+00:00,-26.5,26.5,-27.125,27.125,-20.625,20.625,245.5,249.938,228.375,-7000,1500,-7437.5,1603.125,-6125,1350,8,5
Orlando Magic,Minnesota Timberwolves,2026-04-08T23:13:23Z,2026-04-08,cc5e682d9f44baa1c9d41eb3fd1c89b0,2026-04-09T01:35:07.820317+00:00,-12.5,12.5,-16.812,16.812,-9.562,9.562,247.5,247.438,236.562,-10000,3300,-30912.5,3178.125,-449.625,308.125,8,5
San Antonio Spurs,Portland Trail Blazers,2026-04-09T01:40:00Z,2026-04-08,08c9fd2b6b80f1f763e2c2eb3e935208,2026-04-09T01:35:07.820317+00:00,-3.0,3.0,-3.0,3.0,-3.455,3.455,229.0,229.591,229.545,-149,132,-154.091,129.182,-164.727,138.818,11,5
Denver Nuggets,Memphis Grizzlies,2026-04-09T01:11:00Z,2026-04-08,41c07b1937b8a59703253dc470ca4ddb,2026-04-09T02:35:06.196260+00:00,-13.5,13.5,-13.062,13.062,-21.438,21.438,259.5,259.062,251.938,-4000,1200,-2581.25,918.75,-6054.375,1459.375,8,3
San Antonio Spurs,Portland Trail Blazers,2026-04-09T01:43:00Z,2026-04-08,08c9fd2b6b80f1f763e2c2eb3e935208,2026-04-09T02:35:06.196260+00:00,-9.5,9.5,-10.125,10.125,-3.312,3.312,223.5,224.625,227.188,-650,420,-676.75,424.375,-171.5,132.25,8,2
Washington Wizards,Chicago Bulls,2026-04-09T23:10:00Z,2026-04-09,0852cffec341701f6a0dde8619ae9f56,2026-04-09T23:05:06.915379+00:00,7.0,-7.0,6.727,-6.727,5.864,-5.864,249.5,249.318,245.091,233,-277,225.364,-279.727,196.455,-240,11,11
Toronto Raptors,Miami Heat,2026-04-09T23:10:00Z,2026-04-09,53b49bbe56f8581f353bbbb5c6179ac5,2026-04-09T23:05:06.915379+00:00,-4.0,4.0,-4.045,4.045,-4.136,4.136,236.5,236.591,236.773,-165,146,-170.091,142.727,-177.727,149.182,11,11
New York Knicks,Boston Celtics,2026-04-09T23:40:00Z,2026-04-09,bf30a732402325cab54ab666ee0f5c11,2026-04-09T23:05:06.915379+00:00,-4.0,4.0,-4.045,4.045,-3.545,3.545,212.0,212.091,217.136,-165,146,-172.364,144.818,-165.909,139.818,11,11
Brooklyn Nets,Indiana Pacers,2026-04-09T23:40:00Z,2026-04-09,625bbdf7bc0bdf1d57b3f97742908221,2026-04-09T23:05:06.915379+00:00,3.0,-3.0,3.182,-3.182,2.682,-2.682,224.5,224.5,223.818,139,-158,133.455,-158.545,125.182,-148.182,11,11
Houston Rockets,Philadelphia 76ers,2026-04-10T00:10:00Z,2026-04-09,30b372ff1973370201b644c207be2dd3,2026-04-10T00:05:06.122059+00:00,-6.0,6.0,-6.091,6.091,-3.636,3.636,226.0,226.318,226.409,-248,210,-247.364,201.909,-166.091,139.636,11,12
Golden State Warriors,Los Angeles Lakers,2026-04-10T02:10:00Z,2026-04-09,29fe17f5b19da82ce2957c3683a10aa7,2026-04-10T02:05:09.213408+00:00,-1.5,1.5,-1.455,1.455,-4.909,4.909,222.0,222.045,225.5,-113,-103,-119.909,-9.727,-202.364,168.455,11,16
Phoenix Suns,Dallas Mavericks,2026-04-09T02:10:23Z,2026-04-08,3e95057b94b2d930c8cc201db634eaf8,2026-04-09T02:35:06.196260+00:00,-12.5,12.5,-12.562,12.562,-12.562,12.562,236.5,235.0,235.0,-900,520,-984.5,552.5,-984.5,552.5,8,1
Los Angeles Clippers,Oklahoma City Thunder,2026-04-09T02:10:32Z,2026-04-08,68ab4a35de88dba88af31eeb3ba710fb,2026-04-09T02:35:06.196260+00:00,14.5,-14.5,13.875,-13.875,13.875,-13.875,226.5,227.125,227.125,750,-1600,643.125,-1201.75,643.125,-1201.75,8,1
Portland Trail Blazers,Los Angeles Clippers,2026-04-11T02:10:00Z,2026-04-10,858993998045b68682b2aae461cb4037,2026-04-11T02:05:10.660876+00:00,-2.0,2.0,-1.727,1.727,-1.909,1.909,226.5,226.636,225.182,-125,109,-124.182,85.364,-127.909,88.818,11,28
Washington Wizards,Chicago Bulls,2026-04-09T23:12:28Z,2026-04-09,0852cffec341701f6a0dde8619ae9f56,2026-04-10T01:35:07.738270+00:00,10.5,-10.5,12.875,-12.875,5.875,-5.875,228.5,228.062,232.438,4000,-100000,1210,-14268.75,215.625,-296.625,8,4
Toronto Raptors,Miami Heat,2026-04-09T23:12:30Z,2026-04-09,53b49bbe56f8581f353bbbb5c6179ac5,2026-04-10T01:35:07.738270+00:00,-16.5,16.5,-17.188,17.188,-6.5,6.5,244.5,244.438,234.312,-20000,2000,-7664.75,1615,-301.25,220.625,8,4
Brooklyn Nets,Indiana Pacers,2026-04-09T23:40:39Z,2026-04-09,625bbdf7bc0bdf1d57b3f97742908221,2026-04-10T01:35:07.738270+00:00,25.5,-25.5,25.375,-25.375,9.75,-9.75,221.5,223.25,215.188,3300,-10000,1532.5,-7344.5,356.25,-543.25,8,4
New York Knicks,Boston Celtics,2026-04-09T23:43:08Z,2026-04-09,bf30a732402325cab54ab666ee0f5c11,2026-04-10T02:05:09.213408+00:00,-5.5,5.5,-1.25,1.25,-2.062,2.062,219.5,215.0,204.375,-4000,1500,-1650.625,447.5,-139.875,33.125,8,5
Houston Rockets,Philadelphia 76ers,2026-04-10T00:11:33Z,2026-04-09,30b372ff1973370201b644c207be2dd3,2026-04-10T02:35:08.250862+00:00,-8.5,8.5,-11.688,11.688,-9.0,9.0,216.5,218.0,226.438,-50000,3000,-17179.125,1815.625,-449.75,309.375,8,5
San Antonio Spurs,Dallas Mavericks,2026-04-11T00:10:00Z,2026-04-10,51aa38f3acd638a314975c61ab16a862,2026-04-10T23:35:06.902909+00:00,-18.5,18.5,-18.545,18.545,-17.091,17.091,238.0,238.182,236.318,-1950,1092,-2165.182,1064.091,-1685.182,901,11,19
Utah Jazz,Memphis Grizzlies,2026-04-11T01:40:00Z,2026-04-10,88bf78be502ce70dd7e5e669cd9f95df,2026-04-11T01:35:07.471385+00:00,-5.0,5.0,-4.773,4.773,-3.955,3.955,248.0,248.045,247.318,-185,162,-187.364,156.818,-169.636,142.909,11,22
Charlotte Hornets,Detroit Pistons,2026-04-10T23:10:00Z,2026-04-10,1126b937945abff19e12dc1ac60f2ecb,2026-04-10T23:05:07.555704+00:00,-5.5,5.5,-5.636,5.636,-3.318,3.318,225.0,225.409,223.5,-201,176,-211.818,176.091,-161.182,135.727,11,16
Golden State Warriors,Los Angeles Lakers,2026-04-10T02:13:14Z,2026-04-09,29fe17f5b19da82ce2957c3683a10aa7,2026-04-10T02:35:08.250862+00:00,3.5,-3.5,2.875,-2.875,2.875,-2.875,217.5,216.0,216.0,122,-156,123.5,-159,123.5,-159,8,1
Chicago Bulls,Orlando Magic,2026-04-11T00:10:00Z,2026-04-10,ebbf0d3885094991ff36055e753635a3,2026-04-11T00:05:06.756645+00:00,15.5,-15.5,15.909,-15.909,14.773,-14.773,247.0,246.318,242.364,781,-1174,770,-1302.182,659.818,-1041.364,11,17
Atlanta Hawks,Cleveland Cavaliers,2026-04-10T23:10:00Z,2026-04-10,70a2274c4f82c7a3f37879b7edf0cfa4,2026-04-10T23:05:07.555704+00:00,-8.0,8.0,-8.136,8.136,-7.955,7.955,233.0,233.091,233.5,-351,289,-363,285.091,-320.545,255.818,11,14
Washington Wizards,Miami Heat,2026-04-10T23:10:00Z,2026-04-10,f47d78a747510d6ef00500f74872372d,2026-04-10T23:05:07.555704+00:00,15.5,-15.5,15.818,-15.818,18.182,-18.182,244.0,243.818,249.455,910,-1464,862.545,-1561.909,999.909,-1938.091,11,14
Boston Celtics,New Orleans Pelicans,2026-04-10T23:40:00Z,2026-04-10,80adae4b4459f5602f7500d94892f2a5,2026-04-10T23:35:06.902909+00:00,-18.0,18.0,-18.091,18.091,-16.636,16.636,227.5,227.136,224.045,-1950,1092,-2110.636,1053.818,-1502.273,848,11,15
Indiana Pacers,Philadelphia 76ers,2026-04-10T23:40:00Z,2026-04-10,4398234154ac742bd22d689c8d4bf956,2026-04-10T23:35:06.902909+00:00,14.5,-14.5,14.591,-14.591,15.455,-15.455,235.0,234.545,234.636,733,-1077,698.273,-1126.182,755.182,-1266.818,11,15
New York Knicks,Toronto Raptors,2026-04-10T23:40:00Z,2026-04-10,39083e08e7959b0ec516933d574379cd,2026-04-10T23:35:06.902909+00:00,-6.5,6.5,-6.5,6.5,-6.591,6.591,218.0,218.955,219.591,-263,222,-264.818,215.727,-266,216.909,11,15
Milwaukee Bucks,Brooklyn Nets,2026-04-11T00:10:00Z,2026-04-10,d463e0aa51436ff32f8ee83d6d3893a8,2026-04-11T00:05:06.756645+00:00,-10.5,10.5,-10.455,10.455,-9.591,9.591,218.0,217.955,218.727,-479,381,-504.455,378.364,-470.909,357.727,11,16
Denver Nuggets,Oklahoma City Thunder,2026-04-11T01:10:00Z,2026-04-10,11fa8c6f7710a287909a9765aa925cce,2026-04-11T02:05:10.660876+00:00,-6.5,6.5,-5.682,5.682,-11.545,11.545,224.5,224.0,231.545,-340,250,-285.455,210.727,-579.091,421.364,11,20
Houston Rockets,Minnesota Timberwolves,2026-04-11T01:40:00Z,2026-04-10,1fbdc557471472d90b606f5e50853915,2026-04-11T01:35:07.471385+00:00,-9.5,9.5,-9.591,9.591,-10.318,10.318,228.0,227.682,221.909,-455,364,-484.182,362.727,-452.273,344,11,19
Sacramento Kings,Golden State Warriors,2026-04-11T02:10:00Z,2026-04-10,d6099dffbcac5bbcdf69fd35c6229ff7,2026-04-11T02:05:10.660876+00:00,11.0,-11.0,10.909,-10.909,11.273,-11.273,228.5,228.545,230.0,390,-493,383.545,-515.364,389.636,-524.818,11,20
Los Angeles Lakers,Phoenix Suns,2026-04-11T02:40:00Z,2026-04-10,1935906088ec1cf3d2f989ace06a8acb,2026-04-11T02:05:10.660876+00:00,2.5,-2.5,2.364,-2.364,1.818,-1.818,217.0,216.864,219.364,117,-133,112.545,-133.818,110.455,-131.182,11,20
Philadelphia 76ers,Milwaukee Bucks,2026-04-12T22:00:00Z,2026-04-12,23c66e71d25675800d939e532e38bcd2,2026-04-10T19:35:06.808112+00:00,-9.5,9.5,-9.5,9.5,-9.5,9.5,,,,-295,230,-295,230,-295,230,1,1
Atlanta Hawks,Cleveland Cavaliers,2026-04-10T23:12:00Z,2026-04-10,70a2274c4f82c7a3f37879b7edf0cfa4,2026-04-11T01:35:07.471385+00:00,-22.5,22.5,-21.625,21.625,-9.75,9.75,228.5,223.125,225.938,-1400,680,-1641.875,725.625,-495.125,337.5,8,5
Charlotte Hornets,Detroit Pistons,2026-04-10T23:12:00Z,2026-04-10,1126b937945abff19e12dc1ac60f2ecb,2026-04-11T01:35:07.471385+00:00,15.5,-15.5,14.75,-14.75,-2.5,2.5,220.5,228.562,231.25,200,-265,103.625,-181,-145.25,87.25,8,5
Washington Wizards,Miami Heat,2026-04-10T23:14:00Z,2026-04-10,f47d78a747510d6ef00500f74872372d,2026-04-11T01:35:07.471385+00:00,23.5,-23.5,22.688,-22.688,17.375,-17.375,250.5,250.062,236.062,3300,-10000,2068.75,-9887.5,982.5,-2987.5,8,5
Indiana Pacers,Philadelphia 76ers,2026-04-10T23:41:00Z,2026-04-10,4398234154ac742bd22d689c8d4bf956,2026-04-11T01:35:07.471385+00:00,10.5,-10.5,10.5,-10.5,16.188,-16.188,210.5,212.188,227.562,1700,-10000,1340.625,-5143.75,843.75,-1916,8,4
Boston Celtics,New Orleans Pelicans,2026-04-10T23:42:00Z,2026-04-10,80adae4b4459f5602f7500d94892f2a5,2026-04-11T01:35:07.471385+00:00,-29.5,29.5,-30.75,30.75,-28.312,28.312,257.5,256.688,233.5,-10000,3300,-30000,3900,-30000,3900,8,4
New York Knicks,Toronto Raptors,2026-04-10T23:43:00Z,2026-04-10,39083e08e7959b0ec516933d574379cd,2026-04-11T02:05:10.660876+00:00,-15.5,15.5,-15.812,15.812,-7.438,7.438,211.5,205.875,213.25,-50000,3500,-11613.875,1818.75,-361.875,258.75,8,5
San Antonio Spurs,Dallas Mavericks,2026-04-11T00:11:00Z,2026-04-10,51aa38f3acd638a314975c61ab16a862,2026-04-11T02:05:10.660876+00:00,-22.5,22.5,-21.091,21.091,-18.364,18.364,259.5,252.727,236.455,-10000,3300,-2842.455,1125.727,-2101.545,1049.364,11,5
Chicago Bulls,Orlando Magic,2026-04-11T00:11:00Z,2026-04-10,ebbf0d3885094991ff36055e753635a3,2026-04-11T02:05:10.660876+00:00,26.5,-26.5,26.0,-26.0,15.75,-15.75,231.5,231.812,237.375,3500,-50000,1702.5,-10629.375,787.5,-1662,8,4
Milwaukee Bucks,Brooklyn Nets,2026-04-11T00:13:00Z,2026-04-10,d463e0aa51436ff32f8ee83d6d3893a8,2026-04-11T02:05:10.660876+00:00,-14.5,14.5,-15.312,15.312,-17.438,17.438,233.5,233.375,224.625,-10000,3300,-3931.25,1311.875,-2133.375,898.125,8,4
Utah Jazz,Memphis Grizzlies,2026-04-11T01:42:00Z,2026-04-10,88bf78be502ce70dd7e5e669cd9f95df,2026-04-11T02:05:10.660876+00:00,-6.5,6.5,-5.312,5.312,-5.312,5.312,248.5,248.438,248.438,-235,180,-215.25,163.75,-215.25,163.75,8,1
Houston Rockets,Minnesota Timberwolves,2026-04-11T01:43:00Z,2026-04-10,1fbdc557471472d90b606f5e50853915,2026-04-11T02:05:10.660876+00:00,-9.5,9.5,-9.25,9.25,-9.25,9.25,236.5,235.812,235.812,-430,300,-472.5,321.25,-472.5,321.25,8,1
Miami Heat,Atlanta Hawks,2026-04-12T22:10:00Z,2026-04-12,22dcb3e32847c7eab5774e8927016216,2026-04-13T00:05:06.042542+00:00,-17.5,17.5,-15.864,15.864,-5.318,5.318,251.5,248.455,241.364,-1800,800,-1230.273,627.818,-207.909,173.455,11,15
Boston Celtics,Orlando Magic,2026-04-12T22:10:00Z,2026-04-12,f78d40af453b24c39e18559579894d14,2026-04-12T22:05:06.449482+00:00,13.5,-13.5,13.227,-13.227,12.773,-12.773,222.5,222.409,221.091,547,-737,540.182,-798.273,520.818,-753.364,11,11
Toronto Raptors,Brooklyn Nets,2026-04-12T22:10:00Z,2026-04-12,d55bfef33abc5dc6dba0717236d0ee80,2026-04-12T22:05:06.449482+00:00,-24.0,24.0,-23.909,23.909,-23.591,23.591,219.0,219.045,219.409,-6727,1915,-9191.889,1984.111,-8857.889,1918.111,11,11
New York Knicks,Charlotte Hornets,2026-04-12T22:10:00Z,2026-04-12,38b10a0526d5b246097a502269bcdf71,2026-04-12T22:05:06.449482+00:00,14.5,-14.5,14.318,-14.318,14.0,-14.0,217.0,216.773,217.545,603,-834,604.364,-917.545,575.182,-862.182,11,11
Cleveland Cavaliers,Washington Wizards,2026-04-12T22:10:00Z,2026-04-12,ad75b36adad0af42dea87b9bcdfa91f8,2026-04-12T22:05:06.449482+00:00,-10.5,10.5,-10.636,10.636,-10.5,10.5,234.0,234.273,235.409,-508,401,-500.818,376,-558,409.727,11,11
Indiana Pacers,Detroit Pistons,2026-04-12T22:10:00Z,2026-04-12,4675acfb68965858aa571a0493a222da,2026-04-13T00:35:12.142631+00:00,8.5,-8.5,14.0,-14.0,14.227,-14.227,257.5,246.5,229.727,1500,-7000,1294.091,-4820.182,630.909,-978.364,11,16
Philadelphia 76ers,Milwaukee Bucks,2026-04-12T22:10:00Z,2026-04-12,23c66e71d25675800d939e532e38bcd2,2026-04-12T22:05:06.449482+00:00,-16.0,16.0,-16.182,16.182,-15.182,15.182,224.5,224.955,226.818,-1464,910,-1557.364,864.455,-1203.727,732.545,11,11
Dallas Mavericks,Chicago Bulls,2026-04-13T00:40:00Z,2026-04-12,c8cde1aa908581185caf0bb87659055a,2026-04-13T00:35:12.142631+00:00,-5.0,5.0,-5.227,5.227,-6.545,6.545,250.0,249.864,248.545,-200,175,-205.364,170.909,-269.636,218.545,11,16
San Antonio Spurs,Denver Nuggets,2026-04-13T00:40:00Z,2026-04-12,09604d4c311c1eb2215317d12154f42a,2026-04-13T00:35:12.142631+00:00,-9.5,9.5,-9.591,9.591,-11.045,11.045,235.0,234.818,232.545,-420,340,-443.364,338.909,-529.818,392.273,11,16
Los Angeles Clippers,Golden State Warriors,2026-04-13T00:40:00Z,2026-04-12,06ccc7d0ba2acaf031c7d42eea09672c,2026-04-13T00:35:12.142631+00:00,-3.5,3.5,-3.864,3.864,-6.5,6.5,229.5,229.182,226.045,-160,141,-166.545,140.273,-266.364,216.091,11,16
Houston Rockets,Memphis Grizzlies,2026-04-13T00:40:00Z,2026-04-12,fdd561cce076bab5eb0f0651d1d0f8e4,2026-04-13T00:35:12.142631+00:00,-15.0,15.0,-14.636,14.636,-13.591,13.591,231.0,230.591,226.409,-1077,733,-1094.455,684.909,-938.727,611.364,11,16
Los Angeles Lakers,Utah Jazz,2026-04-13T00:40:00Z,2026-04-12,3f3bec3a69985062b105b5fe8bf06fe9,2026-04-13T00:35:12.142631+00:00,-14.5,14.5,-14.545,14.545,-13.727,13.727,239.0,239.0,235.545,-1174,781,-1130.818,700.182,-984.636,636.818,11,16
Minnesota Timberwolves,New Orleans Pelicans,2026-04-13T00:40:00Z,2026-04-12,47ede7b5685ae38218b5c2ea1ffd1699,2026-04-13T00:35:12.142631+00:00,-3.5,3.5,-3.682,3.682,-5.545,5.545,239.0,238.773,236.545,-165,146,-172.545,144.545,-241.364,197.636,11,16
Oklahoma City Thunder,Phoenix Suns,2026-04-13T00:40:00Z,2026-04-12,8c4fafe262a5424f243a130d7ab60e82,2026-04-13T02:35:05.480869+00:00,27.5,-27.5,16.591,-16.591,-6.5,6.5,238.5,227.727,212.545,1700,-10000,785.273,-3656.636,-279.455,226.727,11,20
Portland Trail Blazers,Sacramento Kings,2026-04-13T00:40:00Z,2026-04-12,3f5adb3e93b0c63eb14ed1d0e8b90a43,2026-04-13T00:35:12.142631+00:00,-19.0,19.0,-18.909,18.909,-17.045,17.045,226.5,226.5,226.545,-2353,1183,-2523,1144,-1865.636,983.182,11,16
New York Knicks,Charlotte Hornets,2026-04-12T22:11:00Z,2026-04-12,38b10a0526d5b246097a502269bcdf71,2026-04-13T00:05:06.042542+00:00,16.5,-16.5,15.0,-15.0,14.625,-14.625,205.5,208.625,212.375,3300,-10000,1348.125,-4100,684.375,-1420.875,8,4
Cleveland Cavaliers,Washington Wizards,2026-04-12T22:11:00Z,2026-04-12,ad75b36adad0af42dea87b9bcdfa91f8,2026-04-13T00:05:06.042542+00:00,-9.5,9.5,-9.438,9.438,-25.125,25.125,253.5,254.188,240.0,-10000,1700,-4166.875,1166.25,-10733.375,1612.5,8,4
Philadelphia 76ers,Milwaukee Bucks,2026-04-12T22:12:00Z,2026-04-12,23c66e71d25675800d939e532e38bcd2,2026-04-13T00:05:06.042542+00:00,-25.5,25.5,-25.25,25.25,-14.312,14.312,227.5,226.562,220.375,-2200,870,-3579.375,1046.25,-1472.5,718.75,8,4
Boston Celtics,Orlando Magic,2026-04-12T22:13:00Z,2026-04-12,f78d40af453b24c39e18559579894d14,2026-04-13T00:35:12.142631+00:00,-2.5,2.5,-3.625,3.625,14.812,-14.812,224.5,225.5,218.625,-310,230,-348.25,245.625,709.375,-1435,8,5
Toronto Raptors,Brooklyn Nets,2026-04-12T22:13:00Z,2026-04-12,d55bfef33abc5dc6dba0717236d0ee80,2026-04-13T00:35:12.142631+00:00,-35.5,35.5,-34.688,34.688,-25.562,25.562,235.5,236.812,219.0,-10000,3300,-26666.667,3100,-26666.667,3100,8,5
Charlotte Hornets,Miami Heat,2026-04-15T23:40:00Z,2026-04-15,48d7cc894162372714ad016109df0e73,2026-04-13T01:35:05.582802+00:00,-5.5,5.5,-5.5,5.5,-5.071,5.071,228.0,227.286,229.214,-204,179,-210.571,175.857,-202.286,169.429,7,3
Dallas Mavericks,Chicago Bulls,2026-04-13T00:41:00Z,2026-04-12,c8cde1aa908581185caf0bb87659055a,2026-04-13T02:35:05.480869+00:00,-23.5,23.5,-23.062,23.062,-10.75,10.75,261.5,263.062,265.125,-50000,3500,-12612.5,1834.375,-575.5,375,8,4
Houston Rockets,Memphis Grizzlies,2026-04-13T00:41:00Z,2026-04-12,fdd561cce076bab5eb0f0651d1d0f8e4,2026-04-13T02:35:05.480869+00:00,-36.5,36.5,-33.562,33.562,-14.188,14.188,232.5,232.562,229.25,-8000,2000,-2130.875,827.5,-1243.375,640,8,4
Los Angeles Lakers,Utah Jazz,2026-04-13T00:41:00Z,2026-04-12,3f3bec3a69985062b105b5fe8bf06fe9,2026-04-13T02:35:05.480869+00:00,-25.5,25.5,-23.875,23.875,-19.0,19.0,234.5,233.062,235.062,-4000,1100,-5916.625,1378.125,-4441.625,1184.375,8,4
San Antonio Spurs,Denver Nuggets,2026-04-13T00:42:00Z,2026-04-12,09604d4c311c1eb2215317d12154f42a,2026-04-13T02:35:05.480869+00:00,5.5,-5.5,6.062,-6.062,-5.875,5.875,252.5,252.188,251.75,320,-460,322.5,-476.875,-226.5,171.25,8,4
Los Angeles Clippers,Golden State Warriors,2026-04-13T00:42:00Z,2026-04-12,06ccc7d0ba2acaf031c7d42eea09672c,2026-04-13T02:35:05.480869+00:00,-8.5,8.5,-9.0,9.0,-2.688,2.688,222.5,224.562,220.938,-1000,560,-1552.125,707.5,-138.875,101.25,8,4
Minnesota Timberwolves,New Orleans Pelicans,2026-04-13T00:42:00Z,2026-04-12,47ede7b5685ae38218b5c2ea1ffd1699,2026-04-13T02:35:05.480869+00:00,-9.5,9.5,-10.312,10.312,-4.938,4.938,242.5,243.188,235.125,-4000,1100,-3341.125,1028.125,-187.375,144.25,8,4
Portland Trail Blazers,Sacramento Kings,2026-04-13T00:43:00Z,2026-04-12,3f5adb3e93b0c63eb14ed1d0e8b90a43,2026-04-13T02:35:05.480869+00:00,-12.5,12.5,-12.438,12.438,-16.812,16.812,239.5,238.875,238.375,-50000,3500,-12979.375,1800,-2104.375,865.625,8,4
Charlotte Hornets,Miami Heat,2026-04-14T23:30:00Z,2026-04-14,25f53495c4044a1d8fb682e3715eb7b3,2026-04-14T02:35:06.124471+00:00,-5.5,5.5,-5.5,5.5,-5.5,5.5,229.0,228.818,227.364,-223,191,-222.091,182.909,-212.455,176.636,11,25
Philadelphia 76ers,Orlando Magic,2026-04-14T23:40:00Z,2026-04-14,77fc0797ec86af0045233c0b4b1d2976,2026-04-13T01:35:05.582802+00:00,-1.0,1.0,-0.875,0.875,0.375,-0.375,220.0,220.25,220.688,-118,102,-115.25,-4.25,-109.625,-60,8,2
Philadelphia 76ers,Orlando Magic,2026-04-15T23:30:00Z,2026-04-15,f7264c00c662a127d58f4ab12fc498bc,2026-04-14T02:35:06.124471+00:00,-2.0,2.0,-1.75,1.75,-1.1,1.1,220.5,220.45,220.2,-128,112,-125,64.7,-115.5,-44,10,25
New York Knicks,Atlanta Hawks,2026-04-18T17:00:00Z,2026-04-18,bee2c9ea4bf8df373aa45af7005b583d,2026-04-13T02:35:05.480869+00:00,-5.0,5.0,-5.25,5.25,-5.25,5.25,215.5,216.25,216.25,-198,166,-204.5,168.5,-206.25,170,4,4
Cleveland Cavaliers,Toronto Raptors,2026-04-18T17:00:00Z,2026-04-18,2a8e5a45f1bcb477a6f9cbd7739d005e,2026-04-14T02:35:06.124471+00:00,-8.0,8.0,-7.8,7.8,-7.2,7.2,218.0,218.4,218.15,-322,267,-323.5,257.8,-287.1,231.7,10,25
Philadelphia 76ers,Orlando Magic,2026-04-14T23:30:00Z,2026-04-14,77fc0797ec86af0045233c0b4b1d2976,2026-04-13T02:05:05.574557+00:00,-1.0,1.0,-1.1,1.1,-1.1,1.1,220.0,220.1,220.1,-118,102,-117.6,18,-117.6,18,5,1
Charlotte Hornets,Miami Heat,2026-04-15T23:30:00Z,2026-04-15,48d7cc894162372714ad016109df0e73,2026-04-13T02:05:05.574557+00:00,-5.5,5.5,-5.5,5.5,-5.5,5.5,227.5,227.5,227.5,-204,179,-211,176.5,-211,176.5,4,1
Phoenix Suns,Portland Trail Blazers,2026-04-15T02:10:00Z,2026-04-14,0999cb23cd03811476b378dd4045ea16,2026-04-15T01:35:06.613795+00:00,-3.0,3.0,-2.955,2.955,-4.045,4.045,215.5,215.864,217.545,-153,135,-153.727,130,-169.545,142.364,11,36
Los Angeles Clippers,Golden State Warriors,2026-04-16T02:10:00Z,2026-04-15,7cfae0891b99865ef7fc9d357b69ca28,2026-04-16T01:35:05.635281+00:00,-5.5,5.5,-5.5,5.5,-4.227,4.227,220.5,220.5,220.136,-219,188,-223.455,184.364,-181,152.545,11,55
Denver Nuggets,Minnesota Timberwolves,2026-04-18T19:40:00Z,2026-04-18,526f783434e5dabca25ee032d8fee612,2026-04-18T19:05:06.106374+00:00,-7.0,7.0,-6.818,6.818,-6.045,6.045,232.5,232.455,231.0,-282,237,-283.636,229,-234.818,192.545,11,106
New York Knicks,Atlanta Hawks,2026-04-18T22:00:00Z,2026-04-18,bee2c9ea4bf8df373aa45af7005b583d,2026-04-14T02:35:06.124471+00:00,-5.0,5.0,-4.9,4.9,-4.9,4.9,216.5,216.3,216.25,-209,182,-204.5,170.2,-201.4,167.7,10,21
Los Angeles Lakers,Houston Rockets,2026-04-19T00:40:00Z,2026-04-18,1a9383105929a09e5662227ad45554b8,2026-04-19T00:35:06.279668+00:00,2.5,-2.5,2.545,-2.545,5.091,-5.091,208.5,208.364,207.318,122,-138,119.636,-141.818,175.545,-211.182,11,116
Charlotte Hornets,Miami Heat,2026-04-14T23:40:00Z,2026-04-14,25f53495c4044a1d8fb682e3715eb7b3,2026-04-14T23:05:06.203666+00:00,-6.0,6.0,-6.05,6.05,-5.6,5.6,228.5,228.25,228.95,-248,210,-247.6,202.8,-225.3,184.7,10,10
Philadelphia 76ers,Orlando Magic,2026-04-15T23:40:00Z,2026-04-15,f7264c00c662a127d58f4ab12fc498bc,2026-04-15T23:05:05.719437+00:00,-1.5,1.5,-1.409,1.409,-1.818,1.818,223.5,223.273,220.727,-116,100,-119.909,45.364,-126.545,70,11,29
Cleveland Cavaliers,Toronto Raptors,2026-04-18T17:10:00Z,2026-04-18,2a8e5a45f1bcb477a6f9cbd7739d005e,2026-04-18T16:35:07.170184+00:00,-8.0,8.0,-8.409,8.409,-7.818,7.818,220.5,220.227,218.636,-366,301,-384.182,298.091,-324.364,258.455,11,80
New York Knicks,Atlanta Hawks,2026-04-18T22:10:00Z,2026-04-18,bee2c9ea4bf8df373aa45af7005b583d,2026-04-18T21:05:07.495212+00:00,-6.0,6.0,-6.273,6.273,-4.909,4.909,218.0,217.909,216.364,-253,214,-253.545,206.909,-205,170.818,11,89
Charlotte Hornets,Miami Heat,2026-04-14T23:42:00Z,2026-04-14,25f53495c4044a1d8fb682e3715eb7b3,2026-04-14T23:35:06.043751+00:00,-6.0,6.0,-5.95,5.95,-5.95,5.95,228.0,228.15,228.15,-258,218,-253.1,206.9,-253.1,206.9,10,1
Charlotte Hornets,Miami Heat,2026-04-14T23:41:04Z,2026-04-14,25f53495c4044a1d8fb682e3715eb7b3,2026-04-15T02:35:07.785333+00:00,-2.5,2.5,-0.929,0.929,-8.929,8.929,250.5,243.357,228.143,138,-178,-111.857,-5,-404,281.429,7,6
Phoenix Suns,Portland Trail Blazers,2026-04-15T02:15:00Z,2026-04-14,0999cb23cd03811476b378dd4045ea16,2026-04-15T02:05:05.911314+00:00,-3.0,3.0,-2.85,2.85,-2.85,2.85,215.5,215.65,215.65,-142,125,-148.2,125,-148.2,125,10,1
Phoenix Suns,Portland Trail Blazers,2026-04-15T02:15:47Z,2026-04-14,0999cb23cd03811476b378dd4045ea16,2026-04-15T02:35:07.785333+00:00,-5.5,5.5,-5.571,5.571,-5.571,5.571,220.5,220.857,220.857,-210,162,-224.286,169.571,-224.286,169.571,7,1
San Antonio Spurs,Portland Trail Blazers,2026-04-20T01:00:00Z,2026-04-19,04e3ad1ccbad6419ac711ff120fd5cbe,2026-04-15T23:05:05.719437+00:00,-11.0,11.0,-10.8,10.8,-10.35,10.35,222.0,222.4,222.5,-532,417,-522.8,386.3,-505.9,376.2,10,12
Philadelphia 76ers,Orlando Magic,2026-04-15T23:42:00Z,2026-04-15,f7264c00c662a127d58f4ab12fc498bc,2026-04-15T23:35:05.769934+00:00,-1.0,1.0,-1.0,1.0,-1.0,1.0,223.0,223.3,223.3,-112,-104,-115,-64.7,-115,-64.7,10,1
San Antonio Spurs,Portland Trail Blazers,2026-04-20T01:10:00Z,2026-04-19,04e3ad1ccbad6419ac711ff120fd5cbe,2026-04-20T01:05:05.978782+00:00,-11.5,11.5,-12.045,12.045,-10.818,10.818,223.0,222.818,222.318,-674,508,-718.182,501.455,-525.273,389.818,11,88
Philadelphia 76ers,Orlando Magic,2026-04-15T23:40:47Z,2026-04-15,f7264c00c662a127d58f4ab12fc498bc,2026-04-16T02:05:06.875807+00:00,-4.5,4.5,-4.5,4.5,-1.875,1.875,211.5,211.938,215.125,-560,370,-473.125,323.75,-149.375,-36.5,8,5
Los Angeles Clippers,Golden State Warriors,2026-04-16T02:12:00Z,2026-04-15,7cfae0891b99865ef7fc9d357b69ca28,2026-04-16T02:05:06.875807+00:00,-5.5,5.5,-5.5,5.5,-5.5,5.5,220.5,220.455,220.455,-219,188,-219.364,181.455,-219.364,181.455,11,1
Los Angeles Clippers,Golden State Warriors,2026-04-16T02:17:53Z,2026-04-15,7cfae0891b99865ef7fc9d357b69ca28,2026-04-16T02:35:15.006995+00:00,-5.5,5.5,-5.357,5.357,-5.357,5.357,219.5,218.938,218.938,-250,190,-229.375,173.75,-229.375,173.75,8,1
Orlando Magic,Charlotte Hornets,2026-04-17T23:40:00Z,2026-04-17,fc16dfbe5b438857b93902fa811dd8f6,2026-04-17T23:05:06.419489+00:00,3.0,-3.0,3.045,-3.045,3.091,-3.091,217.5,217.682,219.0,126,-143,127,-151.091,138.455,-164,11,36
Boston Celtics,Philadelphia 76ers,2026-04-19T17:10:00Z,2026-04-19,00d1efd43d0790297fb68684a9171191,2026-04-19T17:05:06.038426+00:00,-13.0,13.0,-12.864,12.864,-12.091,12.091,217.0,216.682,214.5,-810,590,-868.091,576.455,-713.364,496.364,11,67
Phoenix Suns,Golden State Warriors,2026-04-18T02:10:00Z,2026-04-17,c8d1b7fd06c21e259b9416daf596f023,2026-04-18T01:35:06.659452+00:00,-3.0,3.0,-2.864,2.864,-2.455,2.455,220.0,219.955,218.409,-146,129,-146.455,123.545,-136.182,114.455,11,40
Orlando Magic,Charlotte Hornets,2026-04-17T23:45:00Z,2026-04-17,fc16dfbe5b438857b93902fa811dd8f6,2026-04-17T23:35:06.614677+00:00,2.5,-2.5,2.682,-2.682,2.682,-2.682,217.0,217.591,217.591,126,-143,124,-147.545,124,-147.545,11,1
Orlando Magic,Charlotte Hornets,2026-04-17T23:40:51Z,2026-04-17,fc16dfbe5b438857b93902fa811dd8f6,2026-04-18T02:35:07.827139+00:00,-27.5,27.5,-28.25,28.25,-8.312,8.312,212.5,215.438,216.125,-10000,3300,-24491.125,2409.375,-350.125,253.125,8,6
Phoenix Suns,Golden State Warriors,2026-04-18T02:15:00Z,2026-04-17,c8d1b7fd06c21e259b9416daf596f023,2026-04-18T02:05:05.865130+00:00,-3.0,3.0,-2.864,2.864,-2.864,2.864,219.5,219.5,219.5,-147,130,-146.545,123.545,-146.545,123.545,11,1
Phoenix Suns,Golden State Warriors,2026-04-18T02:18:02Z,2026-04-17,c8d1b7fd06c21e259b9416daf596f023,2026-04-18T02:35:07.827139+00:00,-7.5,7.5,-6.5,6.5,-6.5,6.5,219.5,218.556,218.556,-340,250,-271.111,201.667,-271.111,201.667,9,1
Detroit Pistons,Orlando Magic,2026-04-19T22:40:00Z,2026-04-19,e777e2f049a5c85aed96a220a2cfe924,2026-04-19T22:35:07.474178+00:00,-8.5,8.5,-8.636,8.636,-8.182,8.182,220.5,220.682,218.455,-400,325,-404.091,312.364,-358.727,280.909,11,35
Oklahoma City Thunder,Phoenix Suns,2026-04-19T19:40:00Z,2026-04-19,ef6021edff80a85fe2dae5cf3530d9d4,2026-04-19T19:35:05.864192+00:00,-17.0,17.0,-16.909,16.909,-13.409,13.409,216.0,216.045,215.545,-1464,910,-1520.636,850.545,-870.818,581.545,11,29
Cleveland Cavaliers,Toronto Raptors,2026-04-18T17:15:00Z,2026-04-18,2a8e5a45f1bcb477a6f9cbd7739d005e,2026-04-18T17:05:07.172459+00:00,-8.5,8.5,-8.5,8.5,-8.5,8.5,222.0,221.818,221.818,-366,301,-381.909,297.636,-381.909,297.636,11,1
Cleveland Cavaliers,Toronto Raptors,2026-04-18T17:09:17Z,2026-04-18,2a8e5a45f1bcb477a6f9cbd7739d005e,2026-04-18T19:35:06.248098+00:00,-19.5,19.5,-19.5,19.5,-6.375,6.375,239.5,237.812,223.188,-100000,4000,-14292.375,1216.25,-281.125,208.75,8,5
Denver Nuggets,Minnesota Timberwolves,2026-04-18T19:45:00Z,2026-04-18,526f783434e5dabca25ee032d8fee612,2026-04-18T19:35:06.248098+00:00,-7.0,7.0,-7.0,7.0,-7.0,7.0,233.0,232.773,232.773,-282,237,-284.091,230.091,-284.091,230.091,11,1
Denver Nuggets,Minnesota Timberwolves,2026-04-18T19:41:33Z,2026-04-18,526f783434e5dabca25ee032d8fee612,2026-04-18T22:05:07.080730+00:00,-7.5,7.5,-7.375,7.375,-1.562,1.562,218.5,223.562,237.875,-20000,2000,-12090,1536.875,-137.375,81.75,8,4
Cleveland Cavaliers,Toronto Raptors,2026-04-20T23:10:00Z,2026-04-20,273905d6a4ae9217ec0734b66a0eb28b,2026-04-20T23:05:05.887684+00:00,-9.5,9.5,-9.318,9.318,-8.455,8.455,221.5,221.455,223.909,-415,336,-444.545,338.091,-374.636,293.182,11,48
New York Knicks,Atlanta Hawks,2026-04-18T22:17:00Z,2026-04-18,bee2c9ea4bf8df373aa45af7005b583d,2026-04-18T22:05:07.080730+00:00,-6.0,6.0,-6.045,6.045,-6.045,6.045,218.0,218.0,218.0,-248,210,-247.455,202.364,-247.455,202.364,11,1
New York Knicks,Atlanta Hawks,2026-04-18T22:18:39Z,2026-04-18,bee2c9ea4bf8df373aa45af7005b583d,2026-04-19T01:05:07.304190+00:00,-11.5,11.5,-12.938,12.938,-7.125,7.125,210.5,211.562,224.812,-100000,4000,-14080.625,1140.625,-301.625,223.125,8,6
Denver Nuggets,Minnesota Timberwolves,2026-04-21T02:40:00Z,2026-04-20,a52365fe7f7123df1c4220d9591a6da2,2026-04-21T02:35:05.793363+00:00,-7.5,7.5,-7.409,7.409,-6.5,6.5,233.0,232.864,230.864,-312,260,-305.273,244.636,-250.364,204.273,11,51
Los Angeles Lakers,Houston Rockets,2026-04-19T00:48:12Z,2026-04-18,1a9383105929a09e5662227ad45554b8,2026-04-19T02:35:05.627718+00:00,-7.5,7.5,-6.5,6.5,0.375,-0.375,194.5,194.375,223.625,-620,400,-478.75,320.375,-5.75,-98.125,8,4
New York Knicks,Atlanta Hawks,2026-04-21T00:10:00Z,2026-04-20,a1b444bd00a27cbae3cf7ca3bf75a3f0,2026-04-21T00:05:05.993332+00:00,-6.0,6.0,-6.091,6.091,-5.955,5.955,218.5,217.818,216.409,-232,198,-239.727,196.273,-233.273,191.818,11,41
Los Angeles Lakers,Houston Rockets,2026-04-22T02:40:00Z,2026-04-21,d3d28b764e5099920880de59a45e82cf,2026-04-22T02:35:05.978729+00:00,6.0,-6.0,5.864,-5.864,4.682,-4.682,209.0,208.909,206.045,191,-223,190.455,-231.727,157.727,-189,11,63
Boston Celtics,Philadelphia 76ers,2026-04-19T17:11:04Z,2026-04-19,00d1efd43d0790297fb68684a9171191,2026-04-19T19:35:05.864192+00:00,-28.5,28.5,-31.625,31.625,-17.0,17.0,214.5,217.5,213.125,-10000,3300,-30787.5,3315.625,-2062.5,871.875,8,5
Boston Celtics,Philadelphia 76ers,2026-04-21T23:10:00Z,2026-04-21,d1a7a6e7b024f888e922a62b14fcf466,2026-04-21T23:05:06.811882+00:00,-13.5,13.5,-13.5,13.5,-13.818,13.818,218.0,217.864,216.273,-786,576,-844.455,567.727,-961.545,626.182,11,49
Oklahoma City Thunder,Phoenix Suns,2026-04-19T19:46:15Z,2026-04-19,ef6021edff80a85fe2dae5cf3530d9d4,2026-04-19T22:05:06.205585+00:00,-34.5,34.5,-34.938,34.938,-21.062,21.062,205.5,208.688,221.0,-10000,3300,-8555.5,2054.167,-8555.5,1787.5,8,4
Oklahoma City Thunder,Phoenix Suns,2026-04-23T01:40:00Z,2026-04-22,0ce48ecb61f40bc3bd784adfe7f8e811,2026-04-23T01:05:08.003409+00:00,-17.0,17.0,-17.136,17.136,-17.773,17.773,216.0,215.909,213.318,-1657,989,-1888.727,969.727,-1977.273,999.273,11,69
Detroit Pistons,Orlando Magic,2026-04-19T22:37:43Z,2026-04-19,e777e2f049a5c85aed96a220a2cfe924,2026-04-20T01:05:05.978782+00:00,8.5,-8.5,8.375,-8.375,-6.062,6.062,214.5,212.625,225.312,3300,-10000,655.75,-1730,-257.25,193.75,8,5
San Antonio Spurs,Portland Trail Blazers,2026-04-20T01:18:00Z,2026-04-19,04e3ad1ccbad6419ac711ff120fd5cbe,2026-04-20T02:35:06.868146+00:00,-13.5,13.5,-14.0,14.0,-14.0,14.0,215.5,217.556,222.556,-2500,900,-2172.222,878.333,-1245.667,649.444,9,3
Detroit Pistons,Orlando Magic,2026-04-22T23:00:00Z,2026-04-22,c9bc6bcae048283407d1cb53995eee8e,2026-04-22T01:35:06.179635+00:00,-8.5,8.5,-8.682,8.682,-9.545,9.545,218.5,218.455,217.273,-386,315,-396.182,307.545,-423.182,323.909,11,43
San Antonio Spurs,Portland Trail Blazers,2026-04-22T00:00:00Z,2026-04-21,680084e4612c197a1cf4170d82ba6f10,2026-04-21T17:35:06.177676+00:00,-11.0,11.0,-11.364,11.364,-11.773,11.773,220.5,220.455,220.318,-689,517,-697.545,491.273,-668.182,474.091,11,25
Cleveland Cavaliers,Toronto Raptors,2026-04-20T23:13:02Z,2026-04-20,273905d6a4ae9217ec0734b66a0eb28b,2026-04-21T01:35:05.766565+00:00,-10.5,10.5,-11.188,11.188,-13.0,13.0,218.5,214.125,216.938,-75000,4500,-11331.25,1271.875,-999.25,555.625,8,5
New York Knicks,Atlanta Hawks,2026-04-21T00:09:41Z,2026-04-20,a1b444bd00a27cbae3cf7ca3bf75a3f0,2026-04-21T02:35:05.793363+00:00,-2.5,2.5,-4.188,4.188,-9.062,9.062,213.5,216.625,213.625,-260,196,-648.375,345.75,-400.625,282.5,8,5
Toronto Raptors,Cleveland Cavaliers,2026-04-24T00:10:00Z,2026-04-23,b754568efb2036d7f3b661cc8093e66f,2026-04-24T00:05:06.271709+00:00,3.0,-3.0,2.773,-2.773,3.227,-3.227,221.0,221.182,219.409,127,-144,123.545,-146.091,129.636,-154,11,61
Atlanta Hawks,New York Knicks,2026-04-23T23:10:00Z,2026-04-23,b2b129565e14b8782b318b699b05ab3b,2026-04-23T23:05:07.057369+00:00,1.0,-1.0,1.0,-1.0,0.273,-0.273,215.0,214.727,216.409,-101,-115,-11.091,-117.909,-88.909,-112.818,11,38
Minnesota Timberwolves,Denver Nuggets,2026-04-24T01:30:00Z,2026-04-23,c548073cbcde990c77986a123bd2d5bd,2026-04-23T23:35:06.151126+00:00,0.0,0.0,0.773,-0.773,1.409,-1.409,232.0,232.091,233.5,-102,-116,-68,-115.545,47.909,-122.364,11,57
Atlanta Hawks,New York Knicks,2026-04-23T23:00:00Z,2026-04-23,b2b129565e14b8782b318b699b05ab3b,2026-04-22T01:35:06.179635+00:00,0.0,0.0,-0.2,0.2,-0.4,0.4,215.5,216.2,216.55,-106,-110,-111,-109,-111.75,-108.25,10,18
San Antonio Spurs,Portland Trail Blazers,2026-04-22T00:10:00Z,2026-04-21,680084e4612c197a1cf4170d82ba6f10,2026-04-21T23:35:05.912841+00:00,-11.0,11.0,-11.0,11.0,-11.318,11.318,221.0,221.045,220.455,-600,462,-643.455,458.909,-685.727,485.364,11,11
Boston Celtics,Philadelphia 76ers,2026-04-21T23:12:57Z,2026-04-21,d1a7a6e7b024f888e922a62b14fcf466,2026-04-22T01:35:06.179635+00:00,14.5,-14.5,12.25,-12.25,-18.625,18.625,210.5,211.75,216.75,900,-2000,1.375,-290.125,-3222.875,1031.25,8,5
San Antonio Spurs,Portland Trail Blazers,2026-04-22T00:12:00Z,2026-04-21,680084e4612c197a1cf4170d82ba6f10,2026-04-22T00:05:06.264432+00:00,-11.0,11.0,-10.909,10.909,-10.909,10.909,221.5,221.318,221.318,-600,462,-629.182,450.545,-629.182,450.545,11,1
San Antonio Spurs,Portland Trail Blazers,2026-04-22T00:07:00Z,2026-04-21,680084e4612c197a1cf4170d82ba6f10,2026-04-22T02:35:05.978729+00:00,2.5,-2.5,-3.875,3.875,-7.75,7.75,215.5,210.25,218.75,680,-1400,306.875,-750.25,-379.125,268.125,8,5
Philadelphia 76ers,Boston Celtics,2026-04-24T23:10:00Z,2026-04-24,8d8ab21ae69d529ee4bd01fb8ace8276,2026-04-24T20:05:06.294347+00:00,8.5,-8.5,8.364,-8.364,7.409,-7.409,215.5,215.5,215.727,274,-331,270.636,-342.364,243.364,-301.455,11,54
Detroit Pistons,Orlando Magic,2026-04-22T23:10:00Z,2026-04-22,c9bc6bcae048283407d1cb53995eee8e,2026-04-22T23:05:07.221033+00:00,-9.0,9.0,-8.909,8.909,-8.682,8.682,219.0,218.773,218.455,-376,308,-383.455,299.273,-396.182,307.545,11,16
Houston Rockets,Los Angeles Lakers,2026-04-25T00:10:00Z,2026-04-24,5000a9f1dd7ba71de7ae6ceef836aa48,2026-04-24T20:05:06.294347+00:00,-9.0,9.0,-8.909,8.909,-9.682,9.682,207.0,206.955,205.682,-322,267,-336,266.364,-425.909,326.273,11,51
Portland Trail Blazers,San Antonio Spurs,2026-04-25T02:40:00Z,2026-04-24,af4847d63733e67ddd02f2bafac8ea6f,2026-04-24T20:05:06.294347+00:00,2.0,-2.0,2.364,-2.364,1.318,-1.318,218.5,219.273,220.318,119,-135,114.727,-136,46.818,-121.364,11,51
Detroit Pistons,Orlando Magic,2026-04-22T23:13:00Z,2026-04-22,c9bc6bcae048283407d1cb53995eee8e,2026-04-23T01:35:06.109694+00:00,-19.5,19.5,-19.125,19.125,-8.375,8.375,186.5,186.562,214.875,-290,215,-269.75,202.5,-396.25,280.625,8,5
Oklahoma City Thunder,Phoenix Suns,2026-04-23T01:43:00Z,2026-04-22,0ce48ecb61f40bc3bd784adfe7f8e811,2026-04-23T01:35:06.109694+00:00,-17.0,17.0,-17.273,17.273,-17.273,17.273,216.0,216.182,216.182,-1657,989,-1843.273,955.182,-1843.273,955.182,11,1
Oklahoma City Thunder,Phoenix Suns,2026-04-23T01:48:04Z,2026-04-22,0ce48ecb61f40bc3bd784adfe7f8e811,2026-04-23T02:35:06.240695+00:00,-14.5,14.5,-14.875,14.875,-19.0,19.0,228.5,226.125,219.688,-3000,1000,-2329.375,909.375,-4587.5,1184.375,8,2
Orlando Magic,Detroit Pistons,2026-04-25T17:10:00Z,2026-04-25,e480da9a1b9dacbed9120388db4f133f,2026-04-24T20:05:06.294347+00:00,2.5,-2.5,2.591,-2.591,2.682,-2.682,214.0,213.909,214.545,127,-144,120.455,-142.909,125.727,-148.545,11,32
Phoenix Suns,Oklahoma City Thunder,2026-04-25T19:30:00Z,2026-04-25,9f41c322eb6aa09683dc241cacc31d7c,2026-04-24T02:35:06.488108+00:00,9.0,-9.0,9.3,-9.3,9.55,-9.55,214.5,214.5,214.9,332,-410,333.2,-436.5,342.7,-453.5,10,21
Atlanta Hawks,New York Knicks,2026-04-23T23:11:00Z,2026-04-23,b2b129565e14b8782b318b699b05ab3b,2026-04-24T01:35:06.582436+00:00,-1.5,1.5,-2.625,2.625,-5.812,5.812,215.5,216.5,202.938,-186,144,-231.625,173.625,-231.5,176.875,8,5
Minnesota Timberwolves,Denver Nuggets,2026-04-24T01:40:00Z,2026-04-23,c548073cbcde990c77986a123bd2d5bd,2026-04-24T01:35:06.582436+00:00,-1.0,1.0,-1.136,1.136,-1.091,1.091,232.0,232.227,232.136,-119,103,-119,26.273,-119.455,26.727,11,4
Toronto Raptors,Cleveland Cavaliers,2026-04-24T00:09:16Z,2026-04-23,b754568efb2036d7f3b661cc8093e66f,2026-04-24T02:35:06.488108+00:00,-23.5,23.5,-21.75,21.75,-3.438,3.438,230.5,223.875,225.188,130,-166,117.375,-151.125,-164.875,127.75,8,5
Minnesota Timberwolves,Denver Nuggets,2026-04-24T01:48:00Z,2026-04-23,c548073cbcde990c77986a123bd2d5bd,2026-04-24T02:35:06.488108+00:00,-10.5,10.5,-10.188,10.188,-6.938,6.938,216.5,218.0,215.875,-670,430,-579.625,380,-269.125,200,8,2
Atlanta Hawks,New York Knicks,2026-04-25T22:10:00Z,2026-04-25,184d31a9a32dffc9c91eac3766d6f12d,2026-04-24T20:05:06.294347+00:00,1.5,-1.5,1.65,-1.65,1.85,-1.85,214.5,214.55,214.5,107,-123,108.1,-129.1,108.9,-130,10,11
Toronto Raptors,Cleveland Cavaliers,2026-04-26T17:10:00Z,2026-04-26,d94d967f8600a3fb8b869f32c31a7357,2026-04-24T20:05:06.294347+00:00,3.5,-3.5,3.6,-3.6,3.1,-3.1,221.0,220.9,220.5,146,-165,138.4,-164.5,128.7,-153.4,10,10
Phoenix Suns,Oklahoma City Thunder,2026-04-25T19:40:00Z,2026-04-25,9f41c322eb6aa09683dc241cacc31d7c,2026-04-24T20:05:06.294347+00:00,9.0,-9.0,9.182,-9.182,9.318,-9.318,214.5,214.5,214.5,340,-420,323.182,-418.636,334.182,-437.273,11,9
Minnesota Timberwolves,Denver Nuggets,2026-04-26T00:40:00Z,2026-04-25,b24e970fd53cf667dd009e54d107d4b1,2026-04-24T20:05:06.294347+00:00,1.5,-1.5,1.5,-1.5,1.6,-1.6,229.5,229.6,229.65,105,-121,104.1,-124.9,104.3,-125.1,10,9
Portland Trail Blazers,San Antonio Spurs,2026-04-26T19:49:48Z,2026-04-26,0cab123e90bdf5d1d144a7e26ebc339c,2026-04-26T22:05:14.120540+00:00,14.5,-14.5,14.562,-14.562,14.562,-14.562,205.5,204.75,204.75,3300,-10000,3300,-10000,3300,-10000,8,1
Philadelphia 76ers,Boston Celtics,2026-04-26T23:10:00Z,2026-04-26,62dc6619019d4366984883a71b283077,2026-04-26T22:35:07.244940+00:00,6.0,-6.0,6.273,-6.273,7.273,-7.273,213.0,213.227,213.682,188,-219,186.636,-226.909,214.091,-263.727,11,2
Houston Rockets,Los Angeles Lakers,2026-04-27T01:40:00Z,2026-04-26,399d2e69e4408801d09e614c88779989,2026-04-27T01:35:05.522751+00:00,-4.0,4.0,-4.091,4.091,-2.773,2.773,206.5,206.409,205.455,-168,149,-168,141.636,-138.909,116.818,11,8
Orlando Magic,Detroit Pistons,2026-04-28T00:10:00Z,2026-04-27,846b0e9b691b5a291619fa22f96c7dfa,2026-04-28T00:05:06.202112+00:00,3.5,-3.5,3.591,-3.591,2.727,-2.727,214.0,213.955,214.182,150,-170,141.909,-168.727,122.545,-145.455,11,25
Phoenix Suns,Oklahoma City Thunder,2026-04-28T01:40:00Z,2026-04-27,b3eb8f644d05290981f8805f5410f24a,2026-04-28T01:35:05.560529+00:00,11.0,-11.0,11.045,-11.045,10.636,-10.636,216.0,215.864,213.545,401,-508,394.636,-533.091,374.727,-501.727,11,28
Denver Nuggets,Minnesota Timberwolves,2026-04-28T02:40:00Z,2026-04-27,e4d639b6c49e5fd0accc6e80636e88fe,2026-04-28T01:35:05.560529+00:00,-11.5,11.5,-11.591,11.591,-10.955,10.955,224.5,224.636,222.136,-503,398,-545.364,400.182,-512.182,383.364,11,28
New York Knicks,Atlanta Hawks,2026-04-29T00:10:00Z,2026-04-28,595b24bea54d0917338e4a51372398b3,2026-04-29T00:05:06.707969+00:00,-6.5,6.5,-6.5,6.5,-6.5,6.5,215.0,214.727,213.045,-253,214,-257.818,210.364,-275.182,223,11,44
Cleveland Cavaliers,Toronto Raptors,2026-04-29T23:10:00Z,2026-04-29,6fa2ebdc614d327bc9a4558541adcd30,2026-04-28T10:05:12.552791+00:00,-9.0,9.0,-8.85,8.85,-9.05,9.05,216.0,215.95,215.75,-371,304,-388.1,301.7,-406.1,314.4,10,29
San Antonio Spurs,Portland Trail Blazers,2026-04-29T01:40:00Z,2026-04-28,f61ea629819d5176316c94a379c02ad2,2026-04-29T01:05:06.197748+00:00,-11.0,11.0,-11.045,11.045,-11.909,11.909,219.0,218.864,215.455,-567,440,-591,429.182,-641,459.182,11,45
Philadelphia 76ers,Boston Celtics,2026-04-26T23:07:00Z,2026-04-26,62dc6619019d4366984883a71b283077,2026-04-27T01:35:05.522751+00:00,30.5,-30.5,23.0,-23.0,6.136,-6.136,224.5,218.727,212.727,3300,-10000,1372.636,-12267.364,189.909,-230.727,11,6
Boston Celtics,Philadelphia 76ers,2026-04-28T23:10:00Z,2026-04-28,d749c50ad2a2660df91f9dc1b8e20d78,2026-04-28T23:05:05.885131+00:00,-10.0,10.0,-10.227,10.227,-11.636,11.636,214.5,214.455,214.909,-425,343,-454.636,345.636,-618.727,449,11,35
Houston Rockets,Los Angeles Lakers,2026-04-27T01:43:40Z,2026-04-26,399d2e69e4408801d09e614c88779989,2026-04-27T02:35:05.609680+00:00,-6.5,6.5,-6.25,6.25,-1.938,1.938,195.5,195.5,201.75,-265,200,-268.75,199.375,-135.125,54.25,8,2
Los Angeles Lakers,Houston Rockets,2026-04-30T01:40:00Z,2026-04-29,0d0aa62d4305ee094389473b308ce0bd,2026-04-28T10:05:12.552791+00:00,-2.5,2.5,-2.95,2.95,-2.5,2.5,208.0,208.0,207.5,-146,129,-151.4,127.5,-143.1,120.1,10,19
Orlando Magic,Detroit Pistons,2026-04-28T00:07:37Z,2026-04-27,846b0e9b691b5a291619fa22f96c7dfa,2026-04-28T01:35:05.560529+00:00,0.5,-0.5,2.5,-2.5,2.812,-2.812,212.5,211.688,214.188,-104,-120,76.75,-170.375,122,-157.75,8,3
Detroit Pistons,Orlando Magic,2026-04-29T23:10:00Z,2026-04-29,912bee9cc9d36b6017819f012c0c56f1,2026-04-29T22:35:06.179450+00:00,-11.0,11.0,-10.818,10.818,-9.5,9.5,211.0,210.818,210.727,-450,360,-459.091,351,-387.636,302,11,34
Minnesota Timberwolves,Denver Nuggets,2026-05-01T02:10:00Z,2026-04-30,b981ac0f551b6f109cd18fa31de439b4,2026-04-28T19:05:06.706361+00:00,5.5,-5.5,5.6,-5.6,6.1,-6.1,225.0,225.05,225.2,195,-228,188,-229.3,198.5,-243.3,10,7
Cleveland Cavaliers,Toronto Raptors,2026-04-29T23:40:00Z,2026-04-29,6fa2ebdc614d327bc9a4558541adcd30,2026-04-29T23:05:06.845196+00:00,-10.0,10.0,-10.182,10.182,-8.591,8.591,219.5,219.545,215.909,-395,321,-416.818,322,-378.273,296.455,11,34
Los Angeles Lakers,Houston Rockets,2026-04-30T02:10:00Z,2026-04-29,0d0aa62d4305ee094389473b308ce0bd,2026-04-30T02:05:07.083902+00:00,-3.5,3.5,-3.545,3.545,-4.273,4.273,209.5,208.909,208.318,-149,132,-157.273,132.182,-180.545,151.909,11,40
Minnesota Timberwolves,Denver Nuggets,2026-05-01T02:00:00Z,2026-04-30,b981ac0f551b6f109cd18fa31de439b4,2026-04-29T02:35:06.245287+00:00,5.5,-5.5,5.7,-5.7,5.6,-5.6,225.0,225.15,225.05,195,-228,189.1,-231.1,188,-229.5,10,14
Boston Celtics,Philadelphia 76ers,2026-04-28T23:14:00Z,2026-04-28,d749c50ad2a2660df91f9dc1b8e20d78,2026-04-29T01:35:06.715702+00:00,14.5,-14.5,13.562,-13.562,-10.438,10.438,210.5,215.312,204.062,600,-1100,-63.125,-80.625,-563.875,369.375,8,5
New York Knicks,Atlanta Hawks,2026-04-29T00:14:00Z,2026-04-28,595b24bea54d0917338e4a51372398b3,2026-04-29T02:35:06.245287+00:00,-24.5,24.5,-23.875,23.875,-8.25,8.25,214.5,215.25,217.438,-20000,2500,-6954.375,1546.875,-374.375,268.75,8,5
San Antonio Spurs,Portland Trail Blazers,2026-04-29T01:45:00Z,2026-04-28,f61ea629819d5176316c94a379c02ad2,2026-04-29T01:35:06.715702+00:00,-11.0,11.0,-11.091,11.091,-11.091,11.091,219.0,219.136,219.136,-591,456,-595,432.909,-595,432.909,11,1
Philadelphia 76ers,Boston Celtics,2026-04-30T23:00:00Z,2026-04-30,b2f1e46d7adfcf49fa68a52df4938626,2026-04-29T02:05:08.145375+00:00,5.5,-5.5,5.562,-5.562,5.562,-5.562,212.5,212.5,212.625,185,-214,182.75,-220.5,181.25,-218.625,8,2
San Antonio Spurs,Portland Trail Blazers,2026-04-29T01:48:13Z,2026-04-28,f61ea629819d5176316c94a379c02ad2,2026-04-29T02:35:06.245287+00:00,-21.5,21.5,-21.389,21.389,-15.5,15.5,217.5,220.222,227.5,-20000,2000,-5690.111,1251.667,-1684.556,766.111,9,2
Philadelphia 76ers,Boston Celtics,2026-04-30T23:10:00Z,2026-04-30,b2f1e46d7adfcf49fa68a52df4938626,2026-04-29T02:35:06.245287+00:00,5.5,-5.5,5.5,-5.5,5.5,-5.5,212.5,212.5,212.5,185,-214,182.7,-221.9,182.7,-221.9,10,1
Atlanta Hawks,New York Knicks,2026-04-30T23:10:00Z,2026-04-30,24992ea72a9115eaa601ff602cc60468,2026-04-30T23:05:06.217987+00:00,3.0,-3.0,2.818,-2.818,1.955,-1.955,215.0,214.818,213.727,124,-141,125.455,-149.182,109.818,-130.636,11,35
Philadelphia 76ers,Boston Celtics,2026-05-01T00:10:00Z,2026-04-30,b2f1e46d7adfcf49fa68a52df4938626,2026-04-30T23:35:06.084936+00:00,6.0,-6.0,6.227,-6.227,5.591,-5.591,213.0,213.545,212.545,191,-223,192.636,-234.182,185.364,-224.545,11,36
Minnesota Timberwolves,Denver Nuggets,2026-05-01T01:40:00Z,2026-04-30,b981ac0f551b6f109cd18fa31de439b4,2026-05-01T01:35:05.935925+00:00,7.0,-7.0,7.273,-7.273,5.591,-5.591,224.0,223.636,225.091,256,-307,244.545,-305,189.182,-230.545,11,40
Detroit Pistons,Orlando Magic,2026-04-29T23:12:00Z,2026-04-29,912bee9cc9d36b6017819f012c0c56f1,2026-04-29T23:05:06.845196+00:00,-11.0,11.0,-11.0,11.0,-11.0,11.0,211.0,210.818,210.818,-450,360,-461.364,351.909,-461.364,351.909,11,1
Detroit Pistons,Orlando Magic,2026-04-29T23:09:17Z,2026-04-29,912bee9cc9d36b6017819f012c0c56f1,2026-04-30T01:35:05.723499+00:00,-6.5,6.5,-8.0,8.0,-14.688,14.688,228.5,229.375,222.062,-3000,1000,-4475,1200,-1050,574.375,8,5
Cleveland Cavaliers,Toronto Raptors,2026-04-29T23:42:00Z,2026-04-29,6fa2ebdc614d327bc9a4558541adcd30,2026-04-29T23:35:05.750031+00:00,-9.5,9.5,-9.778,9.778,-9.778,9.778,219.5,219.55,219.55,-380,311,-401,312,-401,312,10,1
Cleveland Cavaliers,Toronto Raptors,2026-04-29T23:43:35Z,2026-04-29,6fa2ebdc614d327bc9a4558541adcd30,2026-04-30T02:05:07.083902+00:00,-9.5,9.5,-9.062,9.062,-6.188,6.188,254.5,256.25,227.75,-50000,3000,-11144.25,1524.375,-252.75,189.375,8,5
Orlando Magic,Detroit Pistons,2026-05-01T23:00:00Z,2026-05-01,88e10294c54deffd6e9e6efcba249d2c,2026-04-30T02:35:07.266006+00:00,2.5,-2.5,2.85,-2.85,3.15,-3.15,210.5,210.95,211.05,127,-144,127.6,-152.4,132,-157.7,10,2
Los Angeles Lakers,Houston Rockets,2026-04-30T02:18:45Z,2026-04-29,0d0aa62d4305ee094389473b308ce0bd,2026-04-30T02:35:07.266006+00:00,-3.0,3.0,-4.318,4.318,-4.318,4.318,209.0,205.909,205.909,-149,132,-194,152.636,-194,152.636,11,1
Toronto Raptors,Cleveland Cavaliers,2026-05-02T00:00:00Z,2026-05-01,d1938a9c13602a661e894f996f2680e8,2026-04-30T02:35:07.266006+00:00,3.5,-3.5,4.056,-4.056,4.056,-4.056,220.0,220.5,220.5,142,-168,145.571,-176.143,145.571,-176.143,9,1
Orlando Magic,Detroit Pistons,2026-05-01T23:10:00Z,2026-05-01,88e10294c54deffd6e9e6efcba249d2c,2026-05-01T23:05:06.706807+00:00,3.5,-3.5,3.455,-3.455,3.227,-3.227,210.5,210.5,210.727,133,-151,135.636,-161.182,131.818,-155.909,11,35
Toronto Raptors,Cleveland Cavaliers,2026-05-01T23:40:00Z,2026-05-01,d1938a9c13602a661e894f996f2680e8,2026-05-01T23:35:06.802868+00:00,4.5,-4.5,4.636,-4.636,4.0,-4.0,218.5,218.773,220.091,167,-191,162.364,-194.182,148.091,-176.091,11,36
Houston Rockets,Los Angeles Lakers,2026-05-02T01:40:00Z,2026-05-01,c361a0b8c035a055bd9497b52674e3fb,2026-05-02T01:35:06.873050+00:00,-5.0,5.0,-4.955,4.955,-4.227,4.227,204.0,203.727,206.591,-185,162,-188.818,157.909,-183.182,153.545,11,40
Atlanta Hawks,New York Knicks,2026-04-30T23:13:00Z,2026-04-30,24992ea72a9115eaa601ff602cc60468,2026-05-01T01:35:05.935925+00:00,49.5,-49.5,50.0,-50.0,12.562,-12.562,230.5,232.75,216.062,2500,-10000,746.25,-1990,502.5,-865,8,5
Philadelphia 76ers,Boston Celtics,2026-05-01T00:12:00Z,2026-04-30,b2f1e46d7adfcf49fa68a52df4938626,2026-05-01T00:05:06.159866+00:00,6.0,-6.0,6.318,-6.318,6.318,-6.318,215.0,214.318,214.318,195,-228,192.273,-233.727,192.273,-233.727,11,1
Philadelphia 76ers,Boston Celtics,2026-05-01T00:13:11Z,2026-04-30,b2f1e46d7adfcf49fa68a52df4938626,2026-05-01T02:35:06.649955+00:00,-16.5,16.5,-14.0,14.0,4.688,-4.688,199.5,197.25,207.375,-50000,3500,-20502.125,1568.125,166.25,-217.375,8,5
Minnesota Timberwolves,Denver Nuggets,2026-05-01T01:45:00Z,2026-04-30,b981ac0f551b6f109cd18fa31de439b4,2026-05-01T02:35:06.649955+00:00,1.5,-1.5,3.125,-3.125,5.562,-5.562,219.5,221.375,220.375,124,-158,131.375,-168.375,186.25,-246.25,8,2
Boston Celtics,Philadelphia 76ers,2026-05-02T19:00:00Z,2026-05-02,a37e80a2e3cf3aaa3ae84a9124987058,2026-05-01T02:35:06.649955+00:00,-7.5,7.5,-7.75,7.75,-7.75,7.75,206.5,206.75,206.75,-295,240,-295,236.25,-295,236.25,4,1
Boston Celtics,Philadelphia 76ers,2026-05-02T23:40:00Z,2026-05-02,a37e80a2e3cf3aaa3ae84a9124987058,2026-05-02T23:35:06.092195+00:00,-4.0,4.0,-3.864,3.864,-7.636,7.636,204.5,204.909,206.409,-159,140,-160.273,135.091,-295.455,237.091,11,36
San Antonio Spurs,Minnesota Timberwolves,2026-05-05T01:30:00Z,2026-05-04,219920e3a715ceb3dc69f3638f7571d5,2026-05-02T02:35:07.792545+00:00,-14.0,14.0,-14.05,14.05,-14.25,14.25,216.0,216.5,216.75,-883,631,-929.2,608.9,-1004.8,642.9,10,21
Orlando Magic,Detroit Pistons,2026-05-01T23:09:16Z,2026-05-01,88e10294c54deffd6e9e6efcba249d2c,2026-05-02T01:35:06.873050+00:00,13.5,-13.5,12.625,-12.625,4.062,-4.062,175.5,177.5,209.562,-120,-106,-177,111.5,148.5,-193.875,8,5
Toronto Raptors,Cleveland Cavaliers,2026-05-01T23:41:07Z,2026-05-01,d1938a9c13602a661e894f996f2680e8,2026-05-02T02:35:07.792545+00:00,-1.5,1.5,-3.125,3.125,6.375,-6.375,227.5,225.5,229.562,-1100,600,-523.125,200.875,192.5,-257.125,8,6
Houston Rockets,Los Angeles Lakers,2026-05-02T01:48:34Z,2026-05-01,c361a0b8c035a055bd9497b52674e3fb,2026-05-02T02:35:07.792545+00:00,8.5,-8.5,6.444,-6.444,-1.0,1.0,185.5,189.111,201.056,240,-330,208.333,-302.111,-89.444,-9.778,9,2
Detroit Pistons,Orlando Magic,2026-05-03T17:00:00Z,2026-05-03,be60e6f50fc77fc3a3cf6925472bad91,2026-05-02T02:35:07.792545+00:00,-9.0,9.0,-8.833,8.833,-8.722,8.722,203.5,203.611,203.667,-371,304,-378.444,294.778,-381.778,296.444,9,2
Cleveland Cavaliers,Toronto Raptors,2026-05-03T17:00:00Z,2026-05-03,a463f640631f8b0580966b909965de14,2026-05-02T02:35:07.792545+00:00,-7.5,7.5,-7.562,7.562,-7.562,7.562,212.5,211.812,211.812,-295,240,-300.833,238.333,-300.833,238.333,8,1
Detroit Pistons,Orlando Magic,2026-05-03T19:40:00Z,2026-05-03,be60e6f50fc77fc3a3cf6925472bad91,2026-05-03T19:35:06.664682+00:00,-8.5,8.5,-8.455,8.455,-8.773,8.773,201.0,201.136,203.0,-317,263,-324.818,259,-361.909,283.545,11,29
Cleveland Cavaliers,Toronto Raptors,2026-05-03T23:40:00Z,2026-05-03,a463f640631f8b0580966b909965de14,2026-05-03T23:35:06.591855+00:00,-8.5,8.5,-8.5,8.5,-8.136,8.136,209.0,209.182,211.182,-317,263,-329.818,262,-325.818,259.818,11,36
San Antonio Spurs,Minnesota Timberwolves,2026-05-05T01:40:00Z,2026-05-04,219920e3a715ceb3dc69f3638f7571d5,2026-05-05T01:35:06.711795+00:00,-10.0,10.0,-10.136,10.136,-13.591,13.591,218.5,218.364,216.545,-410,332,-423,325.545,-845,567.364,11,61
Oklahoma City Thunder,Los Angeles Lakers,2026-05-06T01:40:00Z,2026-05-05,689b4554b0b10e67f46872eb2e74b98d,2026-05-04T18:05:21.304672+00:00,-16.0,16.0,-15.75,15.75,-14.9,14.9,213.5,213.45,213.45,-1126,757,-1188.2,719.4,-1055.2,668.3,10,47
Boston Celtics,Philadelphia 76ers,2026-05-02T23:36:16Z,2026-05-02,a37e80a2e3cf3aaa3ae84a9124987058,2026-05-03T02:05:09.029460+00:00,8.5,-8.5,6.5,-6.5,6.188,-6.188,214.5,214.625,203.062,460,-835,259.375,-386.5,190.625,-252.5,8,5
New York Knicks,Philadelphia 76ers,2026-05-05T00:10:00Z,2026-05-04,b11391b35b7a0cf79deeef3bb3eb9009,2026-05-05T00:05:06.438040+00:00,-7.5,7.5,-7.545,7.545,-6.818,6.818,212.5,212.727,212.136,-277,233,-288.273,232.636,-272.091,220.545,11,39
Detroit Pistons,Orlando Magic,2026-05-03T19:41:39Z,2026-05-03,be60e6f50fc77fc3a3cf6925472bad91,2026-05-03T22:05:06.335630+00:00,-17.5,17.5,-17.188,17.188,-7.0,7.0,209.5,208.188,199.5,-1200,630,-1422.875,685,-310.75,226.25,8,4
Cleveland Cavaliers,Toronto Raptors,2026-05-03T23:42:55Z,2026-05-03,a463f640631f8b0580966b909965de14,2026-05-04T02:35:11.204867+00:00,-12.5,12.5,-15.125,15.125,-3.5,3.5,217.5,209.562,208.062,-100000,5000,-14666.125,1400,-172.5,132.125,8,6
Detroit Pistons,Cleveland Cavaliers,2026-05-05T23:10:00Z,2026-05-05,0d7933fbc3dd3e384f9b709cff4e882c,2026-05-06T01:35:07.202364+00:00,-7.5,7.5,-6.045,6.045,-3.318,3.318,212.5,216.273,214.136,-10000,3300,-1325.636,557.455,-155.636,131.182,11,40
Oklahoma City Thunder,Los Angeles Lakers,2026-05-06T00:40:00Z,2026-05-05,689b4554b0b10e67f46872eb2e74b98d,2026-05-06T00:35:06.960086+00:00,-16.0,16.0,-15.591,15.591,-15.682,15.682,212.5,212.545,213.455,-883,631,-906.909,596.091,-1184.727,722.182,11,32
New York Knicks,Philadelphia 76ers,2026-05-05T00:13:39Z,2026-05-04,b11391b35b7a0cf79deeef3bb3eb9009,2026-05-05T02:35:06.679104+00:00,-35.5,35.5,-34.0,34.0,-8.625,8.625,231.5,233.625,215.125,-10000,3300,-6216.125,1511.25,-360,258.125,8,5
San Antonio Spurs,Minnesota Timberwolves,2026-05-05T01:43:12Z,2026-05-04,219920e3a715ceb3dc69f3638f7571d5,2026-05-05T02:35:06.679104+00:00,-6.5,6.5,-6.429,6.429,-10.571,10.571,204.5,205.571,208.714,-350,255,-287.857,212.143,-529.857,351.429,7,2
New York Knicks,Philadelphia 76ers,2026-05-06T23:10:00Z,2026-05-06,d146e10295545e18ac8915a1f5860317,2026-05-06T22:35:05.589831+00:00,-10.5,10.5,-10.5,10.5,-6.818,6.818,214.0,213.818,214.818,-444,356,-457.091,348.818,-270.091,219.364,11,34
San Antonio Spurs,Minnesota Timberwolves,2026-05-07T01:40:00Z,2026-05-06,246001ab42d44857430f7fe63f423461,2026-05-07T01:35:06.997256+00:00,-10.0,10.0,-10.273,10.273,-9.364,9.364,218.0,217.591,215.727,-420,340,-429.091,329.455,-381,296.273,11,39
Oklahoma City Thunder,Los Angeles Lakers,2026-05-06T00:43:02Z,2026-05-05,689b4554b0b10e67f46872eb2e74b98d,2026-05-06T02:35:05.827917+00:00,-14.5,14.5,-13.938,13.938,-12.062,12.062,206.5,207.375,211.438,-10000,1700,-5516.625,1328.125,-651.625,418.125,8,4
Detroit Pistons,Cleveland Cavaliers,2026-05-08T02:10:00Z,2026-05-07,862af0717b53a01b5e93a188a655d663,2026-05-06T01:35:07.202364+00:00,-3.5,3.5,-3.5,3.5,-3.5,3.5,215.5,215.5,215.5,-164,138,-164,138,-164,138,1,1
Detroit Pistons,Cleveland Cavaliers,2026-05-07T23:10:00Z,2026-05-07,862af0717b53a01b5e93a188a655d663,2026-05-07T23:05:06.130040+00:00,-4.0,4.0,-3.773,3.773,-3.273,3.273,215.0,215.0,215.727,-162,143,-164.273,138.182,-157.818,133.636,11,37
Oklahoma City Thunder,Los Angeles Lakers,2026-05-08T01:40:00Z,2026-05-07,a306b74e13d87d2f8d64b1e01c2cf958,2026-05-08T01:35:06.101219+00:00,-15.5,15.5,-15.455,15.455,-15.5,15.5,211.5,211.364,209.773,-950,668,-1017,649,-938.636,612.909,11,40
New York Knicks,Philadelphia 76ers,2026-05-06T23:11:00Z,2026-05-06,d146e10295545e18ac8915a1f5860317,2026-05-06T23:05:05.904051+00:00,-10.5,10.5,-10.455,10.455,-10.455,10.455,214.0,213.955,213.955,-455,364,-459.455,350.273,-459.455,350.273,11,1
New York Knicks,Philadelphia 76ers,2026-05-06T23:14:00Z,2026-05-06,d146e10295545e18ac8915a1f5860317,2026-05-07T02:05:07.842281+00:00,-6.5,6.5,-5.312,5.312,-8.812,8.812,211.5,218.125,217.0,-10000,3300,-1789.375,728.75,-397.5,278.75,8,6
San Antonio Spurs,Minnesota Timberwolves,2026-05-07T01:48:13Z,2026-05-06,246001ab42d44857430f7fe63f423461,2026-05-07T02:35:05.992659+00:00,-16.5,16.5,-14.045,14.045,-9.318,9.318,205.5,208.545,215.773,-2000,830,-1506.364,698.818,-404.091,294.727,11,2
Philadelphia 76ers,New York Knicks,2026-05-08T23:10:00Z,2026-05-08,30d614c5d781b768faf9cf885e890851,2026-05-08T22:35:06.303922+00:00,-4.0,4.0,-4.0,4.0,1.909,-1.909,214.5,214.545,213.818,-180,158,-179.182,150.091,68.273,-107.182,11,36
Minnesota Timberwolves,San Antonio Spurs,2026-05-09T01:40:00Z,2026-05-08,1b5c084f510006e8f30cd6cac40e231d,2026-05-09T01:35:07.322437+00:00,5.5,-5.5,5.5,-5.5,3.727,-3.727,216.5,216.773,216.273,185,-215,181.364,-219.545,144.455,-171.545,11,40
Detroit Pistons,Cleveland Cavaliers,2026-05-07T23:11:00Z,2026-05-07,862af0717b53a01b5e93a188a655d663,2026-05-08T01:35:06.101219+00:00,-6.5,6.5,-6.625,6.625,-7.938,7.938,206.5,206.438,206.188,-10000,1700,-16877.5,1459.375,-340.375,244.375,8,5
Oklahoma City Thunder,Los Angeles Lakers,2026-05-08T01:45:52Z,2026-05-07,a306b74e13d87d2f8d64b1e01c2cf958,2026-05-08T02:35:06.253706+00:00,-13.5,13.5,-12.75,12.75,-14.562,14.562,210.5,211.125,208.375,-1400,680,-929.25,521.25,-1103.625,594.375,8,2
Cleveland Cavaliers,Detroit Pistons,2026-05-09T19:10:00Z,2026-05-09,2734c350b90f332dbece882dd10b204e,2026-05-09T19:05:06.321747+00:00,-5.0,5.0,-4.909,4.909,-3.955,3.955,212.0,211.818,212.136,-180,158,-191.636,160.182,-170.182,142.909,11,29
Los Angeles Lakers,Oklahoma City Thunder,2026-05-10T00:40:00Z,2026-05-09,40c8a29efb894c4dd6bf6acc5025c9cb,2026-05-10T00:35:05.659864+00:00,9.5,-9.5,9.227,-9.227,8.591,-8.591,210.5,210.636,211.545,304,-371,293.273,-374.636,297.182,-380.455,11,37
Philadelphia 76ers,New York Knicks,2026-05-08T23:11:00Z,2026-05-08,30d614c5d781b768faf9cf885e890851,2026-05-08T23:05:08.949789+00:00,-3.0,3.0,-3.318,3.318,-3.318,3.318,214.5,214.545,214.545,-155,136,-159.545,134,-159.545,134,11,1
Philadelphia 76ers,New York Knicks,2026-05-08T23:12:00Z,2026-05-08,30d614c5d781b768faf9cf885e890851,2026-05-09T01:35:07.322437+00:00,12.5,-12.5,12.0,-12.0,-5.688,5.688,207.5,208.688,216.562,3300,-10000,514.625,-1382.125,-244.625,186.625,8,5
Minnesota Timberwolves,San Antonio Spurs,2026-05-09T01:48:00Z,2026-05-08,1b5c084f510006e8f30cd6cac40e231d,2026-05-09T02:35:07.111477+00:00,5.5,-5.5,5.625,-5.625,10.938,-10.938,205.5,205.125,201.438,215,-290,203.5,-273.875,457.5,-752.5,8,2
Philadelphia 76ers,New York Knicks,2026-05-10T19:40:00Z,2026-05-10,878243c543236baba132ad43ae333aae,2026-05-10T22:05:06.567578+00:00,31.5,-31.5,24.182,-24.182,1.318,-1.318,253.5,240.773,212.545,2500,-20000,1146.636,-5159.273,-10.273,-118.818,11,33
Minnesota Timberwolves,San Antonio Spurs,2026-05-10T23:40:00Z,2026-05-10,77e60e525f42e8337027f550bcd2f1cc,2026-05-10T23:05:05.754478+00:00,5.0,-5.0,5.136,-5.136,4.5,-4.5,219.0,218.773,217.045,158,-180,161.636,-193.364,153.727,-183.273,11,33
Cleveland Cavaliers,Detroit Pistons,2026-05-09T19:14:00Z,2026-05-09,2734c350b90f332dbece882dd10b204e,2026-05-09T22:05:07.620970+00:00,-6.5,6.5,-2.75,2.75,-4.125,4.125,213.5,212.75,218.438,-10000,3300,-1363,442.875,-197.5,150.75,8,5
Cleveland Cavaliers,Detroit Pistons,2026-05-12T00:00:00Z,2026-05-11,b537062ee0483d20ae932052628b663d,2026-05-11T10:05:06.618057+00:00,-3.5,3.5,-3.5,3.5,-3.5,3.5,213.0,213.273,212.273,-165,146,-164,138,-163.545,137.364,11,31
Los Angeles Lakers,Oklahoma City Thunder,2026-05-10T00:41:00Z,2026-05-09,40c8a29efb894c4dd6bf6acc5025c9cb,2026-05-10T02:35:06.158440+00:00,11.5,-11.5,11.75,-11.75,11.438,-11.438,226.5,225.375,215.625,1060,-3500,987.5,-2750,411.25,-651.25,8,3
Los Angeles Lakers,Oklahoma City Thunder,2026-05-12T02:40:00Z,2026-05-11,0db68bfa022e22873f48b8539addd5ae,2026-05-12T02:35:06.791373+00:00,12.5,-12.5,12.5,-12.5,10.909,-10.909,214.5,214.455,214.273,462,-600,440.909,-609.636,388.909,-523.091,11,41
Minnesota Timberwolves,San Antonio Spurs,2026-05-10T23:41:00Z,2026-05-10,77e60e525f42e8337027f550bcd2f1cc,2026-05-10T23:35:06.387508+00:00,5.0,-5.0,5.182,-5.182,5.182,-5.182,219.0,218.682,218.682,160,-182,161.818,-193.636,161.818,-193.636,11,1
Minnesota Timberwolves,San Antonio Spurs,2026-05-10T23:43:00Z,2026-05-10,77e60e525f42e8337027f550bcd2f1cc,2026-05-11T02:05:06.166223+00:00,0.5,-0.5,-0.562,0.562,4.688,-4.688,217.5,218.562,216.25,-111,-115,-98.125,-7.125,157.375,-207.25,8,5
San Antonio Spurs,Minnesota Timberwolves,2026-05-12T00:00:00Z,2026-05-11,2dc93da2025b065a6e16162476dce452,2026-05-11T02:35:07.333152+00:00,-10.5,10.5,-10.5,10.5,-10.5,10.5,216.5,216.5,216.5,-500,360,-500,360,-500,360,1,1
San Antonio Spurs,Minnesota Timberwolves,2026-05-13T02:00:00Z,2026-05-12,09800f9101b348d4a66742a3d8888b82,2026-05-11T10:05:06.618057+00:00,-10.0,10.0,-10.0,10.0,-10.0,10.0,217.5,217.15,217.1,-425,343,-437.5,333.1,-437.6,334.3,10,2
Cleveland Cavaliers,Detroit Pistons,2026-05-12T00:10:00Z,2026-05-11,b537062ee0483d20ae932052628b663d,2026-05-12T00:05:08.595379+00:00,-3.5,3.5,-3.591,3.591,-3.682,3.682,212.5,212.773,213.5,-157,138,-163.455,136.545,-166.727,140.091,11,15
San Antonio Spurs,Minnesota Timberwolves,2026-05-13T00:10:00Z,2026-05-12,09800f9101b348d4a66742a3d8888b82,2026-05-12T23:35:06.393933+00:00,-10.0,10.0,-10.0,10.0,-10.182,10.182,218.5,218.409,218.318,-425,343,-420.636,324.545,-425.091,326.273,11,34
Cleveland Cavaliers,Detroit Pistons,2026-05-12T00:11:44Z,2026-05-11,b537062ee0483d20ae932052628b663d,2026-05-12T02:35:06.791373+00:00,-8.5,8.5,-11.562,11.562,-2.125,2.125,214.5,215.688,210.375,-1600,750,-2434.875,768.75,-139.75,57.5,8,4
Detroit Pistons,Cleveland Cavaliers,2026-05-13T23:30:00Z,2026-05-13,c3531530e77a4ada542bdbff23de5409,2026-05-12T02:35:06.791373+00:00,-3.5,3.5,-3.5,3.5,-3.5,3.5,211.5,212.25,212.25,-164,138,-162.75,136,-162.75,136,4,1
Detroit Pistons,Cleveland Cavaliers,2026-05-14T00:10:00Z,2026-05-13,c3531530e77a4ada542bdbff23de5409,2026-05-14T00:05:10.748821+00:00,-4.0,4.0,-4.091,4.091,-3.909,3.909,210.5,210.591,212.318,-163,144,-170.273,143.273,-171.545,144.273,11,36
San Antonio Spurs,Minnesota Timberwolves,2026-05-13T00:15:00Z,2026-05-12,09800f9101b348d4a66742a3d8888b82,2026-05-13T00:05:07.285140+00:00,-10.5,10.5,-10.182,10.182,-10.182,10.182,218.5,218.273,218.273,-425,343,-429.455,330.455,-429.455,330.455,11,1
San Antonio Spurs,Minnesota Timberwolves,2026-05-13T00:13:52Z,2026-05-12,09800f9101b348d4a66742a3d8888b82,2026-05-13T02:35:07.244769+00:00,-21.5,21.5,-20.375,20.375,-14.188,14.188,221.5,221.625,226.375,-50000,3000,-11460.25,1871.875,-965,545.625,8,5
Minnesota Timberwolves,San Antonio Spurs,2026-05-16T01:40:00Z,2026-05-15,1bd4432ce20bc61756180bf2d1c59c91,2026-05-16T01:35:06.618440+00:00,6.0,-6.0,5.864,-5.864,4.818,-4.818,219.0,218.818,218.5,191,-223,190.455,-231.727,165,-197.909,11,53
Detroit Pistons,Cleveland Cavaliers,2026-05-14T00:14:16Z,2026-05-13,c3531530e77a4ada542bdbff23de5409,2026-05-14T02:35:06.144324+00:00,-6.5,6.5,-7.562,7.562,-7.625,7.625,211.5,211.875,215.438,-4000,1100,-3012.5,996.875,-356.25,256.25,8,3
Cleveland Cavaliers,Detroit Pistons,2026-05-15T23:10:00Z,2026-05-15,745d265e0d83dac45060b44665d8cbe5,2026-05-15T23:05:07.794536+00:00,-4.0,4.0,-4.091,4.091,-4.045,4.045,209.5,209.682,209.227,-168,149,-174.818,146.545,-175.909,147.455,11,30
Cleveland Cavaliers,Detroit Pistons,2026-05-15T23:12:00Z,2026-05-15,745d265e0d83dac45060b44665d8cbe5,2026-05-16T01:35:06.618440+00:00,13.5,-13.5,13.75,-13.75,-6.25,6.25,213.5,211.688,208.938,6000,-50000,986.875,-6586.25,-259.75,195,8,5
Minnesota Timberwolves,San Antonio Spurs,2026-05-16T01:49:00Z,2026-05-15,1bd4432ce20bc61756180bf2d1c59c91,2026-05-16T02:35:06.486629+00:00,21.5,-21.5,21.312,-21.312,8.125,-8.125,223.5,224.062,227.25,1500,-7000,1052.5,-4068.75,256.875,-359.375,8,2
Detroit Pistons,Cleveland Cavaliers,2026-05-17T22:10:00Z,2026-05-17,465746f51ad349641512f36c52306968,2026-05-16T02:35:06.486629+00:00,-4.0,4.0,-4.05,4.05,-3.6,3.6,205.5,205.4,205.45,-180,158,-180.1,150.9,-173.2,145.5,10,2
Detroit Pistons,Cleveland Cavaliers,2026-05-18T00:10:00Z,2026-05-17,465746f51ad349641512f36c52306968,2026-05-17T23:35:06.125690+00:00,-4.0,4.0,-4.273,4.273,-4.273,4.273,204.0,204.364,205.591,-185,162,-188.182,157.455,-186.636,155.909,11,35
Oklahoma City Thunder,San Antonio Spurs,2026-05-19T00:40:00Z,2026-05-18,924fe1c270c7ccb9e7a9cfa3002bdf05,2026-05-19T00:05:06.293351+00:00,-7.0,7.0,-6.955,6.955,-6.5,6.5,219.5,219.773,218.227,-243,206,-250.091,204.273,-257.182,209.909,11,56
Detroit Pistons,Cleveland Cavaliers,2026-05-18T00:14:27Z,2026-05-17,465746f51ad349641512f36c52306968,2026-05-18T02:35:06.224898+00:00,33.5,-33.5,31.938,-31.938,-3.25,3.25,216.5,218.688,201.125,2500,-10000,1139.375,-3878.75,-169.75,130.375,8,5
New York Knicks,Cleveland Cavaliers,2026-05-20T00:10:00Z,2026-05-19,7e2d40a6d3b163e318b7abbe026c40c1,2026-05-20T00:05:06.768641+00:00,-6.0,6.0,-6.227,6.227,-6.955,6.955,218.5,218.136,216.409,-230,196,-235.818,193,-262.545,213.455,11,38
Oklahoma City Thunder,San Antonio Spurs,2026-05-19T00:45:00Z,2026-05-18,924fe1c270c7ccb9e7a9cfa3002bdf05,2026-05-19T00:35:06.461710+00:00,-7.0,7.0,-7.0,7.0,-7.0,7.0,219.5,219.273,219.273,-258,218,-254.818,208.182,-254.818,208.182,11,1
Oklahoma City Thunder,San Antonio Spurs,2026-05-19T00:37:11Z,2026-05-18,924fe1c270c7ccb9e7a9cfa3002bdf05,2026-05-19T02:35:06.213008+00:00,5.5,-5.5,4.812,-4.812,-5.812,5.812,203.5,204.0,217.375,360,-530,265,-383.125,-254.5,190.125,8,4
Oklahoma City Thunder,San Antonio Spurs,2026-05-21T00:40:00Z,2026-05-20,51176769d0f89d3e39adc8e90922f84d,2026-05-21T00:05:06.945658+00:00,-7.5,7.5,-7.682,7.682,-6.5,6.5,215.5,215.318,215.864,-263,222,-269.273,218.636,-244.364,199.818,11,37
New York Knicks,Cleveland Cavaliers,2026-05-20T00:13:43Z,2026-05-19,7e2d40a6d3b163e318b7abbe026c40c1,2026-05-20T02:35:06.585694+00:00,4.5,-4.5,5.438,-5.438,-6.188,6.188,201.5,201.938,208.688,310,-440,381.25,-995,-261.5,196.875,8,5
New York Knicks,Cleveland Cavaliers,2026-05-22T00:10:00Z,2026-05-21,dc45982e3723fb38d8477a1a75395594,2026-05-21T23:35:06.832068+00:00,-5.5,5.5,-5.318,5.318,-6.227,6.227,215.5,215.591,214.5,-200,175,-202.273,168.455,-233.273,191.182,11,36
Oklahoma City Thunder,San Antonio Spurs,2026-05-21T00:38:00Z,2026-05-20,51176769d0f89d3e39adc8e90922f84d,2026-05-21T00:35:06.674818+00:00,-7.5,7.5,-7.636,7.636,-7.636,7.636,214.5,214.045,214.045,-258,218,-267,216.455,-267,216.455,11,1
Oklahoma City Thunder,San Antonio Spurs,2026-05-21T00:37:00Z,2026-05-20,51176769d0f89d3e39adc8e90922f84d,2026-05-21T02:35:06.503137+00:00,-7.5,7.5,-6.5,6.5,-5.438,5.438,233.5,234.438,220.312,-620,400,-449.875,301.875,-226.875,172.5,8,4
San Antonio Spurs,Oklahoma City Thunder,2026-05-23T00:40:00Z,2026-05-22,7b814a0bc57622abcbc708d9e9a27fca,2026-05-23T00:05:06.463858+00:00,-2.5,2.5,-2.545,2.545,-1.864,1.864,219.0,219.182,216.045,-138,122,-142.818,119.909,-129.364,108.727,11,37
New York Knicks,Cleveland Cavaliers,2026-05-22T00:13:00Z,2026-05-21,dc45982e3723fb38d8477a1a75395594,2026-05-22T00:05:06.875050+00:00,-5.5,5.5,-5.409,5.409,-5.409,5.409,215.5,215.5,215.5,-204,179,-202.182,168.364,-202.182,168.364,11,1
New York Knicks,Cleveland Cavaliers,2026-05-22T00:14:00Z,2026-05-21,dc45982e3723fb38d8477a1a75395594,2026-05-22T02:35:06.047848+00:00,-17.5,17.5,-16.562,16.562,-5.125,5.125,203.5,205.312,217.75,-3000,1000,-2170.875,875,-219.375,166.75,8,5
Cleveland Cavaliers,New York Knicks,2026-05-24T00:10:00Z,2026-05-23,4247d31ac7706ebe455b8f221c9e4184,2026-05-24T00:05:07.791107+00:00,-3.0,3.0,-3.273,3.273,-2.455,2.455,216.0,216.091,213.545,-144,127,-146.545,123.182,-135.273,113.818,11,37
San Antonio Spurs,Oklahoma City Thunder,2026-05-23T00:38:00Z,2026-05-22,7b814a0bc57622abcbc708d9e9a27fca,2026-05-23T00:35:14.816118+00:00,-2.5,2.5,-2.955,2.955,-2.955,2.955,219.0,219.091,219.091,-146,129,-148.364,124.545,-148.364,124.545,11,1
San Antonio Spurs,Oklahoma City Thunder,2026-05-23T00:37:00Z,2026-05-22,7b814a0bc57622abcbc708d9e9a27fca,2026-05-23T02:35:06.681993+00:00,5.5,-5.5,5.5,-5.5,-5.375,5.375,228.5,228.75,221.562,235,-320,213.75,-288.25,-235,178.125,8,4
San Antonio Spurs,Oklahoma City Thunder,2026-05-25T00:00:00Z,2026-05-24,74cd3b630383a2e3eff3afd92006ebb3,2026-05-23T10:05:08.271834+00:00,-1.5,1.5,-1.6,1.6,-1.6,1.6,218.5,218.9,218.9,-123,107,-125.1,104.4,-125.1,104.4,10,1
San Antonio Spurs,Oklahoma City Thunder,2026-05-25T00:10:00Z,2026-05-24,74cd3b630383a2e3eff3afd92006ebb3,2026-05-24T23:35:06.479505+00:00,-3.0,3.0,-2.909,2.909,-1.636,1.636,219.0,219.273,218.864,-138,122,-147.818,124.364,-127.636,106.909,11,35
Cleveland Cavaliers,New York Knicks,2026-05-24T00:13:40Z,2026-05-23,4247d31ac7706ebe455b8f221c9e4184,2026-05-24T02:35:06.295299+00:00,12.5,-12.5,11.688,-11.688,1.25,-1.25,228.5,226.812,223.938,8000,-100000,1684.375,-14174.75,-55,-123.875,8,5
Cleveland Cavaliers,New York Knicks,2026-05-26T00:10:00Z,2026-05-25,a752ca36635e2ccb1bb5a9f387282e1c,2026-05-26T00:05:06.548311+00:00,2.0,-2.0,2.273,-2.273,1.955,-1.955,219.0,218.864,217.227,109,-125,110.818,-131.455,112.364,-133.364,11,37
San Antonio Spurs,Oklahoma City Thunder,2026-05-25T00:15:00Z,2026-05-24,74cd3b630383a2e3eff3afd92006ebb3,2026-05-25T00:05:06.623204+00:00,-3.0,3.0,-2.909,2.909,-2.909,2.909,219.0,219.136,219.136,-138,122,-147.182,123.818,-147.182,123.818,11,1
San Antonio Spurs,Oklahoma City Thunder,2026-05-25T00:13:00Z,2026-05-24,74cd3b630383a2e3eff3afd92006ebb3,2026-05-25T02:35:06.173307+00:00,-18.5,18.5,-18.125,18.125,-9.562,9.562,183.5,184.125,213.5,-10000,3300,-4981.25,1429.375,-446.625,307.5,8,5
Oklahoma City Thunder,San Antonio Spurs,2026-05-27T00:40:00Z,2026-05-26,197dd95ba7880a2cd6a00df88014610b,2026-05-27T02:35:07.157903+00:00,-9.5,9.5,-6.409,6.409,-5.409,5.409,244.5,217.091,215.682,-1200,630,-542.909,323,-196.364,164,11,42
Cleveland Cavaliers,New York Knicks,2026-05-26T00:13:29Z,2026-05-25,a752ca36635e2ccb1bb5a9f387282e1c,2026-05-26T02:35:08.122884+00:00,39.5,-39.5,37.938,-37.938,6.375,-6.375,219.5,221.375,231.25,1300,-5000,1115.625,-3966.625,196.875,-263.125,8,5
Oklahoma City Thunder,New York Knicks,2026-06-04T00:40:00Z,2026-06-03,27f8823f01243e8857b317dec213f14c,2026-05-31T02:35:08.277514+00:00,-5.5,5.5,-6.0,6.0,-6.5,6.5,215.5,216.0,216.5,-225,188,-227.5,189,-237.5,195,2,85
San Antonio Spurs,New York Knicks,2026-06-04T00:40:00Z,2026-06-03,1aae688472781f1a1aaf3efdb38e884b,2026-06-02T10:05:09.137721+00:00,-4.5,4.5,-4.65,4.65,-5.0,5.0,218.5,218.4,217.95,-185,162,-192.9,160.5,-202.6,167.9,10,128
San Antonio Spurs,Oklahoma City Thunder,2026-05-29T00:40:00Z,2026-05-28,78fd894a8789f5fd7f2318cc85b2fc44,2026-05-29T00:35:06.440104+00:00,-3.5,3.5,-3.455,3.455,-3.5,3.5,219.5,219.273,219.227,-155,136,-162.364,136.636,-161.364,135.727,11,24
San Antonio Spurs,Oklahoma City Thunder,2026-05-29T00:37:00Z,2026-05-28,78fd894a8789f5fd7f2318cc85b2fc44,2026-05-29T02:35:05.812499+00:00,-22.5,22.5,-17.75,17.75,-7.15,7.15,215.5,195.3,199.55,-10000,3300,-8808,967.5,-334.1,218.5,10,4
Oklahoma City Thunder,San Antonio Spurs,2026-05-31T00:10:00Z,2026-05-30,c2c2561efd4d4f69367aa83be60995a0,2026-05-31T00:05:06.759436+00:00,-3.5,3.5,-3.364,3.364,-3.5,3.5,211.5,211.773,212.682,-142,125,-146.909,123.636,-156.273,131.818,11,30
Oklahoma City Thunder,San Antonio Spurs,2026-05-31T00:16:14Z,2026-05-30,c2c2561efd4d4f69367aa83be60995a0,2026-05-31T02:35:08.277514+00:00,6.5,-6.5,5.2,-5.2,2.3,-2.3,215.5,194.35,197.7,500,-850,317.4,-538.4,69.9,-101.7,10,5
San Antonio Spurs,New York Knicks,2026-06-04T00:30:00Z,2026-06-03,1aae688472781f1a1aaf3efdb38e884b,2026-06-03T23:35:06.961489+00:00,-5.0,5.0,-4.727,4.727,-4.545,4.545,217.0,217.136,218.5,-185,162,-190.273,158.818,-188.909,157.909,11,32
San Antonio Spurs,New York Knicks,2026-06-04T00:44:00Z,2026-06-03,1aae688472781f1a1aaf3efdb38e884b,2026-06-04T02:35:06.673901+00:00,-2.5,2.5,-2.15,2.15,-5.7,5.7,206.5,186.2,190.65,-166,130,-154.7,121.9,-258.5,194,10,4
San Antonio Spurs,New York Knicks,2026-06-06T00:40:00Z,2026-06-05,2852e944f8ef0bc3eba79f883b9101ba,2026-06-06T00:05:06.486727+00:00,-6.5,6.5,-6.682,6.682,-6.136,6.136,217.0,217.182,214.591,-241,205,-242.818,198.727,-228.636,187.727,11,35
San Antonio Spurs,New York Knicks,2026-06-06T00:45:00Z,2026-06-05,2852e944f8ef0bc3eba79f883b9101ba,2026-06-06T00:35:06.954822+00:00,-7.0,7.0,-6.636,6.636,-6.636,6.636,217.0,217.045,217.045,-255,215,-245.273,200.455,-245.273,200.455,11,1
San Antonio Spurs,New York Knicks,2026-06-06T00:44:00Z,2026-06-05,2852e944f8ef0bc3eba79f883b9101ba,2026-06-06T02:35:06.526032+00:00,1.5,-1.5,-0.1,0.1,-6.65,6.65,215.5,194.1,195.35,-108,-118,-106.8,-63.5,-264.6,202.2,10,4
New York Knicks,San Antonio Spurs,2026-06-09T00:40:00Z,2026-06-08,0707c5b20ff523e730c85090c7faffdf,2026-06-09T00:35:08.045960+00:00,-1.0,1.0,-1.318,1.318,-2.227,2.227,215.5,215.5,215.864,-111,-105,-120.273,27.545,-131.818,110.636,11,59
New York Knicks,San Antonio Spurs,2026-06-09T00:44:00Z,2026-06-08,0707c5b20ff523e730c85090c7faffdf,2026-06-09T02:35:07.113297+00:00,3.5,-3.5,3.2,-3.2,3.7,-3.7,228.5,203.9,194.45,132,-170,138.2,-175.5,132.9,-168.7,10,4
New York Knicks,San Antonio Spurs,2026-06-11T00:40:00Z,2026-06-10,9ea306ebbe68ff94dfa5b88d1e250b37,2026-06-11T00:35:15.167897+00:00,-2.0,2.0,-2.273,2.273,-1.864,1.864,216.0,216.227,216.545,-133,117,-134.545,113.636,-127.727,106.818,11,37
New York Knicks,San Antonio Spurs,2026-06-11T00:43:00Z,2026-06-10,9ea306ebbe68ff94dfa5b88d1e250b37,2026-06-11T02:35:10.545212+00:00,15.5,-15.5,10.45,-10.45,2.8,-2.8,217.5,197.65,200.85,1100,-4000,679.5,-2222.6,71.5,-122.1,10,4
San Antonio Spurs,New York Knicks,2026-06-14T00:40:00Z,2026-06-13,6cc5c3b9cfcb1d94bed9f3ca972b3114,2026-06-13T21:05:18.734066+00:00,-5.5,5.5,-5.5,5.5,-5.5,5.5,216.0,216.227,216.636,-190,166,-202.091,168.364,-211.091,175.455,11,36
Detroit Pistons,Boston Celtics,2026-10-20T19:00:00Z,2026-10-20,26b036ff107f3c658258eaf4a6f26228,2026-09-12T19:35:41.209151+00:00,-2.0,2.0,-1.611,1.611,-1.778,1.778,220.5,221.444,223.056,-120,102,-123.429,103.143,-122.429,73.429,9,98
New York Knicks,Philadelphia 76ers,2026-10-20T23:00:00Z,2026-10-20,2b042ddad3d3c6c6fe5b7005dc26c775,2026-09-12T19:35:41.209151+00:00,-5.0,5.0,-5.389,5.389,-4.5,4.5,230.5,231.833,230.333,-198,166,-195.143,160.286,-179.571,149.143,9,98
San Antonio Spurs,Oklahoma City Thunder,2026-10-21T01:30:00Z,2026-10-20,bccd283de56915e29af1788beb0abfc9,2026-09-12T19:35:41.209151+00:00,-2.5,2.5,-1.889,1.889,-2.111,2.111,230.0,230.333,230.167,-120,102,-123.857,103.429,-128,107.571,9,98
Miami Heat,Minnesota Timberwolves,2026-10-21T23:40:00Z,2026-10-21,93cdd8e4ade5697cfccf42ee42c4d207,2026-09-12T19:35:41.209151+00:00,-1.5,1.5,-1.5,1.5,-1.929,1.929,242.5,242.786,241.071,-116,-102,-121.2,62.6,-131.6,70.4,7,98
Los Angeles Lakers,Golden State Warriors,2026-10-22T02:10:00Z,2026-10-21,6fff70f4bf196dba25060a5775a03b54,2026-09-12T19:35:41.209151+00:00,-5.5,5.5,-5.071,5.071,-4.643,4.643,235.5,235.5,235.286,-166,140,-182.2,152.4,-182.2,152.8,7,98
Philadelphia 76ers,Cleveland Cavaliers,2026-10-22T23:10:00Z,2026-10-22,110e33c79c5ec8c0377702aff685f83b,2026-09-12T19:35:41.209151+00:00,-4.5,4.5,-4.375,4.375,-4.5,4.5,233.5,233.75,233.75,-175,145,-171.25,143.75,-170,143,4,98
Oklahoma City Thunder,Denver Nuggets,2026-10-23T01:40:00Z,2026-10-22,223b2883b9b05a67329ef246384b85f1,2026-09-12T19:35:41.209151+00:00,-7.5,7.5,-7.625,7.625,-7.5,7.5,232.5,232.25,232.25,-278,225,-279.333,224.333,-277,222.333,4,98
Boston Celtics,New York Knicks,2026-10-23T23:10:00Z,2026-10-23,0d34c898f6cbb990077ae9f0a2773513,2026-09-12T19:35:41.209151+00:00,-2.5,2.5,-2.0,2.0,-2.0,2.0,223.5,223.5,224.0,-130,110,-127.5,107.5,-127.5,107.5,2,98
San Antonio Spurs,Houston Rockets,2026-10-24T01:40:00Z,2026-10-23,49fc89a9696a9a20b658732b34ce61c4,2026-09-12T19:35:41.209151+00:00,-6.5,6.5,-6.5,6.5,-6.5,6.5,225.5,226.0,225.5,-225,185,-225,185,-225,185,2,98
New York Knicks,San Antonio Spurs,2026-12-25T17:00:00Z,2026-12-25,a6555e8b7252dfb32f1817fc8c59ad83,2026-09-12T19:35:41.209151+00:00,1.5,-1.5,-0.417,0.417,-0.417,0.417,227.5,228.583,228.75,-104,-112,-76.833,-109.833,-76.833,-109.833,6,98
Boston Celtics,Miami Heat,2026-12-25T19:30:00Z,2026-12-25,d60e7fc0690e4dff121a086395e24de4,2026-09-12T19:35:41.209151+00:00,-6.5,6.5,-5.583,5.583,-5.667,5.667,231.5,230.833,230.333,-194,162,-187.667,154.833,-184.333,152.5,6,98
Los Angeles Lakers,Philadelphia 76ers,2026-12-25T22:00:00Z,2026-12-25,dfd908bad3a3bfcae9e08bf128273b18,2026-09-12T19:35:41.209151+00:00,-1.5,1.5,-1.417,1.417,-0.917,0.917,237.5,236.583,235.083,-108,-108,-114.167,-72.333,-114.167,-39,6,98
Minnesota Timberwolves,Oklahoma City Thunder,2026-12-26T01:00:00Z,2026-12-25,2b7218aa25cf98318a40e6f2469a5c5d,2026-09-12T19:35:41.209151+00:00,4.5,-4.5,4.417,-4.417,4.083,-4.083,233.5,233.417,232.75,134,-158,139,-165.833,134.833,-160.667,6,98
Golden State Warriors,Denver Nuggets,2026-12-26T03:30:00Z,2026-12-25,85a2379bc49135f2759709e55af0c4c6,2026-09-12T19:35:41.209151+00:00,2.5,-2.5,2.417,-2.417,2.583,-2.583,239.5,238.0,235.667,112,-132,111.667,-132.667,112.833,-134.333,6,98
Philadelphia 76ers,New York Knicks,2026-10-30T23:40:00Z,2026-10-30,96a166bbd49782dbd9a61c2fb9069787,2026-09-12T19:35:41.209151+00:00,-2.5,2.5,-2.5,2.5,-1.5,1.5,231.5,231.5,231.5,-125,105,-125,105,-125,105,1,96
Dallas Mavericks,Houston Rockets,2026-10-31T00:10:00Z,2026-10-30,b9778d0e3a26167eb49901dcae7eeb98,2026-09-12T19:35:41.209151+00:00,4.5,-4.5,4.5,-4.5,4.5,-4.5,227.5,227.5,226.5,145,-175,145,-175,142,-170,1,96
Miami Heat,Indiana Pacers,2026-10-31T00:10:00Z,2026-10-30,c3a424e24d426af94a693e06a33e3037,2026-09-12T19:35:41.209151+00:00,-3.5,3.5,-3.5,3.5,-3.5,3.5,241.5,241.5,239.5,-155,130,-155,130,-155,130,1,96
Golden State Warriors,Los Angeles Lakers,2026-10-31T02:10:00Z,2026-10-30,761c15cdefb5a94e34f234e11d6e57ad,2026-09-12T19:35:41.209151+00:00,1.5,-1.5,1.5,-1.5,1.5,-1.5,235.5,235.5,234.5,-110,-110,-110,-110,-105,-115,1,96
Cleveland Cavaliers,Philadelphia 76ers,2026-11-07T00:10:00Z,2026-11-06,85869b2fdc16ef10d3e2582bf05ead95,2026-08-12T17:05:17.204397+00:00,-2.5,2.5,-2.5,2.5,-2.5,2.5,233.5,233.5,233.5,-125,105,-125,105,-125,105,1,1
Oklahoma City Thunder,Minnesota Timberwolves,2026-11-26T00:40:00Z,2026-11-25,07421d1675d6bc51bb5fa91f84a09eb3,2026-09-12T19:35:41.209151+00:00,-8.5,8.5,-8.5,8.5,-9.5,9.5,235.5,235.5,232.5,-375,295,-375,295,-375,295,1,96
New York Knicks,Miami Heat,2026-11-27T23:10:00Z,2026-11-27,3c522e32c3035d7dc3e1734903b84654,2026-08-12T17:05:17.204397+00:00,-5.5,5.5,-5.5,5.5,-5.5,5.5,232.5,232.5,232.5,-192,160,-192,160,-192,160,1,1
San Antonio Spurs,Los Angeles Lakers,2026-11-28T01:40:00Z,2026-11-27,13d9ca3bcb664829c603755d31401002,2026-08-12T17:05:17.204397+00:00,-7.5,7.5,-7.5,7.5,-7.5,7.5,232.5,232.5,232.5,-285,230,-285,230,-285,230,1,1
Washington Wizards,Charlotte Hornets,2026-10-30T23:10:00Z,2026-10-30,45ebc54751ef3e435192eaeb0470acfb,2026-09-12T19:35:41.209151+00:00,1.5,-1.5,1.5,-1.5,1.5,-1.5,235.5,235.5,235.5,-105,-115,-105,-115,-105,-115,1,95
Boston Celtics,Chicago Bulls,2026-10-30T23:40:00Z,2026-10-30,036a93ca33d6261c21d4bfa6e0d02568,2026-09-12T19:35:41.209151+00:00,-11.5,11.5,-11.5,11.5,-11.5,11.5,232.5,232.5,232.5,-575,425,-575,425,-575,425,1,95
Brooklyn Nets,Detroit Pistons,2026-10-30T23:40:00Z,2026-10-30,64df299b882ea19ad5f8cb0ed5516a6f,2026-09-12T19:35:41.209151+00:00,7.5,-7.5,7.5,-7.5,7.5,-7.5,225.5,225.5,225.5,250,-310,250,-310,250,-310,1,95
Phoenix Suns,Denver Nuggets,2026-10-31T02:10:00Z,2026-10-30,9ae108f7a23e86e8102237053dd9e58d,2026-09-12T19:35:41.209151+00:00,2.5,-2.5,2.5,-2.5,2.5,-2.5,233.5,233.5,233.5,114,-135,114,-135,114,-135,1,95
Cleveland Cavaliers,Philadelphia 76ers,2026-11-07T00:40:00Z,2026-11-06,85869b2fdc16ef10d3e2582bf05ead95,2026-09-12T19:35:41.209151+00:00,-1.5,1.5,-1.5,1.5,-2.5,2.5,233.5,233.5,233.5,-122,102,-122,102,-125,105,1,95
Los Angeles Lakers,Portland Trail Blazers,2026-11-07T03:10:00Z,2026-11-06,83d77fe350d56a036fd7a3404e78249a,2026-09-12T19:35:41.209151+00:00,-3.5,3.5,-3.5,3.5,-4.5,4.5,238.5,238.5,238.5,-162,136,-162,136,-162,136,1,95
Indiana Pacers,New York Knicks,2026-11-14T00:10:00Z,2026-11-13,6669b911691463c669a5c10574742e8e,2026-09-12T19:35:41.209151+00:00,2.5,-2.5,2.5,-2.5,2.5,-2.5,233.5,233.5,233.5,110,-130,110,-130,105,-125,1,95
San Antonio Spurs,Golden State Warriors,2026-11-14T02:40:00Z,2026-11-13,1fae7f34ec6035dffa74feb148ee26c7,2026-09-12T19:35:41.209151+00:00,-10.5,10.5,-10.5,10.5,-11.5,11.5,234.5,234.5,234.5,-520,390,-520,390,-520,390,1,95
Denver Nuggets,Houston Rockets,2026-11-21T03:10:00Z,2026-11-20,086d2fe80483ffcc280994fe2e12d4f4,2026-09-12T19:35:41.209151+00:00,-3.5,3.5,-3.5,3.5,-3.5,3.5,227.5,227.5,227.5,-155,130,-155,130,-148,124,1,95
Washington Wizards,Boston Celtics,2026-11-25T01:10:00Z,2026-11-24,3167a4072c65c9314c71d0fe49be8e28,2026-09-12T19:35:41.209151+00:00,5.5,-5.5,5.5,-5.5,5.5,-5.5,230.5,230.5,230.5,160,-192,160,-192,164,-198,1,95
Denver Nuggets,Dallas Mavericks,2026-11-25T03:10:00Z,2026-11-24,6bfadbd22ed8a054cf82ec1b12b78243,2026-09-12T19:35:41.209151+00:00,-8.5,8.5,-8.5,8.5,-8.5,8.5,237.5,237.5,237.5,-345,275,-345,275,-345,275,1,95
Philadelphia 76ers,Miami Heat,2026-11-25T22:10:00Z,2026-11-25,4f6d199bb67cf3a517a3880fd2f00b26,2026-09-12T19:35:41.209151+00:00,-3.5,3.5,-3.5,3.5,-3.5,3.5,239.5,239.5,238.5,-162,136,-162,136,-162,136,1,95
Portland Trail Blazers,San Antonio Spurs,2026-11-26T03:10:00Z,2026-11-25,9aa9f220709533d70d11f85fae886771,2026-09-12T19:35:41.209151+00:00,4.5,-4.5,4.5,-4.5,4.5,-4.5,237.5,237.5,237.5,142,-170,142,-170,142,-170,1,95
New York Knicks,Miami Heat,2026-11-28T00:10:00Z,2026-11-27,3c522e32c3035d7dc3e1734903b84654,2026-09-12T19:35:41.209151+00:00,-5.5,5.5,-5.5,5.5,-5.5,5.5,232.5,232.5,232.5,-198,164,-198,164,-198,164,1,95
San Antonio Spurs,Los Angeles Lakers,2026-11-28T02:40:00Z,2026-11-27,13d9ca3bcb664829c603755d31401002,2026-09-12T19:35:41.209151+00:00,-8.5,8.5,-8.5,8.5,-7.5,7.5,232.5,232.5,232.5,-285,230,-285,230,-278,225,1,95
Orlando Magic,Atlanta Hawks,2026-10-21T23:10:00Z,2026-10-21,85e6e4e2404ef7268659739997758da1,2026-09-12T19:35:41.209151+00:00,-2.5,2.5,-2.5,2.5,-2.5,2.5,233.5,233.5,233.5,-135,114,-135,114.75,-135,114.75,6,91
Washington Wizards,Milwaukee Bucks,2026-10-21T23:10:00Z,2026-10-21,164cc0396837d5ff433215ffd3279283,2026-09-12T19:35:41.209151+00:00,-6.5,6.5,-6.417,6.417,-6.5,6.5,238.5,238.667,238.0,-230,190,-228.75,188,-237,193.75,6,91
Brooklyn Nets,Charlotte Hornets,2026-10-21T23:40:00Z,2026-10-21,47cc511bb5ce50f715e3625ce5ef77ee,2026-09-12T19:35:41.209151+00:00,4.5,-4.5,4.5,-4.5,4.5,-4.5,224.5,225.667,226.0,142,-170,144.75,-171.25,144.75,-171.25,6,91
New Orleans Pelicans,Indiana Pacers,2026-10-22T00:10:00Z,2026-10-21,fd33c09c84ab4c2fe6955d59f8dc5dd2,2026-09-12T19:35:41.209151+00:00,3.5,-3.5,3.833,-3.833,3.833,-3.833,242.5,242.667,242.833,136,-162,137.75,-163,137.75,-163,6,91
Memphis Grizzlies,Utah Jazz,2026-10-22T00:10:00Z,2026-10-21,e6769c813dd625b622df94c14a562ce2,2026-09-12T19:35:41.209151+00:00,3.5,-3.5,2.833,-2.833,2.5,-2.5,242.5,241.833,241.5,124,-148,122.75,-145.75,122.75,-145.75,6,91
Houston Rockets,Dallas Mavericks,2026-10-22T00:40:00Z,2026-10-21,af2f084075391e55ba2a596e7846bb40,2026-09-12T19:35:41.209151+00:00,-8.0,8.0,-8.333,8.333,-8.333,8.333,227.5,227.5,227.5,-310,250,-316.25,253.75,-316.25,253.75,6,91
Portland Trail Blazers,Phoenix Suns,2026-10-22T02:10:00Z,2026-10-21,71e24359951927c356bd8c852fb867dd,2026-09-12T19:35:41.209151+00:00,-3.5,3.5,-4.167,4.167,-4.5,4.5,235.5,235.333,235.5,-170,142,-172.5,145,-172.75,145.5,6,91
