game_id,game_date,home_team,away_team,spread_home,spread_away,total,Total Projection,Line Bet,Spread Edge,Total Edge,Parlay Edge Score,confidence_tier,selection_authority,primary_model_source,Decision Factors,Explanation,Home Line Projection,Line Result,Projected Away score,Projected Home Score,Total Bet,actionability,agent_reasoning,arbitration,arbitration_cluster,away_points,away_score,away_team_key,bookmaker_count,cluster_alignment,commence_time,completed,confidence_reason,consensus_book_count,disagreement_flag,espn_game_id,has_h2h,has_schedule_match,has_spreads,has_totals,home_points,home_score,home_team_key,league,line_source,market_count,models,moneyline_away,moneyline_away_last,moneyline_home,moneyline_home_last,odds_event_count,odds_event_id,odds_snapshot_last_utc,source_system,spread_away_last,spread_home_last,status,status_state,total_last,venue
nfl_401772510,2025-09-05,Philadelphia Eagles,Dallas Cowboys,-8.5,8.5,47.5,47.0,AWAY,-0.25,-0.5,0.75,LOW,Football_MarketBlend_v1,Football_MarketBlend_v1,"{'blend_inputs': ['Football_MarketConsensus_v1', 'Football_SpreadValue_v1', 'Football_TotalValue_v1', 'Football_LineMovement_v1', 'Football_KeyNumberGuard_v1'], 'key_number_risk': False}","Game: Dallas Cowboys @ Philadelphia Eagles
Authority: Football_MarketBlend_v1
Market: Spread -8.5, Total 47.5
Projection: Margin -8.25, Total 47.0
Spread Pick: AWAY (edge -0.25)
Total Pick: UNDER (edge -0.5)",-8.25,,,,UNDER,ACTIVE,,"{'spread': None, 'total': None}",FOOTBALL_MARKET_BLEND,20,20,DAL,11,FOOTBALL_MARKET_BLEND,2025-09-05T00:20:00Z,1,Football market blend edge clears threshold,11,False,,true,true,true,true,24,24,PHI,nfl,odds_api_flattened_consensus,3,"{'Football_KeyNumberGuard_v1': {'context_flags': {'key_number_risk': False, 'key_numbers': [3, 7, 10]}, 'home_line_proj': -8.5, 'model_name': 'Football_KeyNumberGuard_v1', 'parlay_edge_score': 0, 'spread_distance': 0.0, 'spread_edge': 0.0, 'spread_pick': '', 'total_distance': 0.0, 'total_edge': 0.0, 'total_pick': '', 'total_projection': 47.5}, 'Football_LineMovement_v1': {'context_flags': {'movement_available': False}, 'home_line_proj': -8.5, 'model_name': 'Football_LineMovement_v1', 'parlay_edge_score': 0, 'spread_distance': 0.0, 'spread_edge': 0.0, 'spread_pick': '', 'total_distance': 0.0, 'total_edge': 0.0, 'total_pick': '', 'total_projection': 47.5}, 'Football_MarketBlend_v1': {'context_flags': {'blend_inputs': ['Football_MarketConsensus_v1', 'Football_SpreadValue_v1', 'Football_TotalValue_v1', 'Football_LineMovement_v1', 'Football_KeyNumberGuard_v1'], 'key_number_risk': False}, 'home_line_proj': -8.25, 'model_name': 'Football_MarketBlend_v1', 'parlay_edge_score': 0.75, 'spread_distance': 0.25, 'spread_edge': -0.25, 'spread_pick': 'AWAY', 'total_distance': 0.5, 'total_edge': -0.5, 'total_pick': 'UNDER', 'total_projection': 47.0}, 'Football_MarketConsensus_v1': {'context_flags': {'book_count': 11, 'source': 'market_consensus'}, 'home_line_proj': -8.5, 'model_name': 'Football_MarketConsensus_v1', 'parlay_edge_score': 0, 'spread_distance': 0.0, 'spread_edge': 0.0, 'spread_pick': '', 'total_distance': 0.0, 'total_edge': 0.0, 'total_pick': '', 'total_projection': 47.5}, 'Football_SpreadValue_v1': {'context_flags': {'book_count': 11.0, 'value_shift': 0.75}, 'home_line_proj': -7.75, 'model_name': 'Football_SpreadValue_v1', 'parlay_edge_score': 0.75, 'spread_distance': 0.75, 'spread_edge': -0.75, 'spread_pick': 'AWAY', 'total_distance': 0.0, 'total_edge': 0.0, 'total_pick': '', 'total_projection': 47.5}, 'Football_TotalValue_v1': {'context_flags': {'book_count': 11.0, 'total_value_rule': 'low_total_over_high_total_under'}, 'home_line_proj': -8.5, 'model_name': 'Football_TotalValue_v1', 'parlay_edge_score': 1.0, 'spread_distance': 0.0, 'spread_edge': 0.0, 'spread_pick': '', 'total_distance': 1.0, 'total_edge': -1.0, 'total_pick': 'UNDER', 'total_projection': 46.5}}",350.0,350.0,-450.0,-450.0,66,f1bc532dff946d15cb85654b5c4b246e,2025-09-04T15:55:38Z,odds_api_flattened,8.5,-8.5,STATUS_FINAL,post,47.5,Lincoln Financial Field
nfl_401772714,2025-09-06,Los Angeles Chargers,Kansas City Chiefs,3.0,-3.0,47.0,46.5,,0.25,-0.5,0.75,LOW,Football_MarketBlend_v1,Football_MarketBlend_v1,"{'blend_inputs': ['Football_MarketConsensus_v1', 'Football_SpreadValue_v1', 'Football_TotalValue_v1', 'Football_LineMovement_v1', 'Football_KeyNumberGuard_v1'], 'key_number_risk': True, 'spread_veto': 'key_number_guard'}","Game: Kansas City Chiefs @ Los Angeles Chargers
Authority: Football_MarketBlend_v1
Market: Spread 3.0, Total 47.0
Projection: Margin 2.75, Total 46.5
Spread Pick:  (edge 0.25)
Total Pick: UNDER (edge -0.5)",2.75,,,,UNDER,ACTIVE,,"{'spread': None, 'total': None}",FOOTBALL_MARKET_BLEND,21,21,KC,11,FOOTBALL_MARKET_BLEND,2025-09-06T00:00:00Z,1,Football market blend edge clears threshold,11,False,,true,true,true,true,27,27,LAC,nfl,odds_api_flattened_consensus,3,"{'Football_KeyNumberGuard_v1': {'context_flags': {'key_number_risk': True, 'key_numbers': [3, 7, 10]}, 'home_line_proj': 3.0, 'model_name': 'Football_KeyNumberGuard_v1', 'parlay_edge_score': 0, 'spread_distance': 0.0, 'spread_edge': 0.0, 'spread_pick': '', 'total_distance': 0.0, 'total_edge': 0.0, 'total_pick': '', 'total_projection': 47.0}, 'Football_LineMovement_v1': {'context_flags': {'movement_available': False}, 'home_line_proj': 3.0, 'model_name': 'Football_LineMovement_v1', 'parlay_edge_score': 0, 'spread_distance': 0.0, 'spread_edge': 0.0, 'spread_pick': '', 'total_distance': 0.0, 'total_edge': 0.0, 'total_pick': '', 'total_projection': 47.0}, 'Football_MarketBlend_v1': {'context_flags': {'blend_inputs': ['Football_MarketConsensus_v1', 'Football_SpreadValue_v1', 'Football_TotalValue_v1', 'Football_LineMovement_v1', 'Football_KeyNumberGuard_v1'], 'key_number_risk': True, 'spread_veto': 'key_number_guard'}, 'home_line_proj': 2.75, 'model_name': 'Football_MarketBlend_v1', 'parlay_edge_score': 0.75, 'spread_distance': 0.25, 'spread_edge': 0.25, 'spread_pick': '', 'total_distance': 0.5, 'total_edge': -0.5, 'total_pick': 'UNDER', 'total_projection': 46.5}, 'Football_MarketConsensus_v1': {'context_flags': {'book_count': 11, 'source': 'market_consensus'}, 'home_line_proj': 3.0, 'model_name': 'Football_MarketConsensus_v1', 'parlay_edge_score': 0, 'spread_distance': 0.0, 'spread_edge': 0.0, 'spread_pick': '', 'total_distance': 0.0, 'total_edge': 0.0, 'total_pick': '', 'total_projection': 47.0}, 'Football_SpreadValue_v1': {'context_flags': {'book_count': 11.0, 'value_shift': -0.75}, 'home_line_proj': 2.25, 'model_name': 'Football_SpreadValue_v1', 'parlay_edge_score': 0.75, 'spread_distance': 0.75, 'spread_edge': 0.75, 'spread_pick': 'HOME', 'total_distance': 0.0, 'total_edge': 0.0, 'total_pick': '', 'total_projection': 47.0}, 'Football_TotalValue_v1': {'context_flags': {'book_count': 11.0, 'total_value_rule': 'low_total_over_high_total_under'}, 'home_line_proj': 3.0, 'model_name': 'Football_TotalValue_v1', 'parlay_edge_score': 1.0, 'spread_distance': 0.0, 'spread_edge': 0.0, 'spread_pick': '', 'total_distance': 1.0, 'total_edge': -1.0, 'total_pick': 'UNDER', 'total_projection': 46.0}}",-167.0,-167.0,142.0,142.0,66,9535d3e3ee9d9fc83ea2b500ad0b587c,2025-09-05T15:55:40Z,odds_api_flattened,-3.0,3.0,STATUS_FINAL,post,47.0,Corinthians Arena
nfl_401772718,2025-09-07,New Orleans Saints,Arizona Cardinals,6.0,-6.0,44.5,45.0,HOME,0.25,0.5,0.75,LOW,Football_MarketBlend_v1,Football_MarketBlend_v1,"{'blend_inputs': ['Football_MarketConsensus_v1', 'Football_SpreadValue_v1', 'Football_TotalValue_v1', 'Football_LineMovement_v1', 'Football_KeyNumberGuard_v1'], 'key_number_risk': False}","Game: Arizona Cardinals @ New Orleans Saints
Authority: Football_MarketBlend_v1
Market: Spread 6.0, Total 44.5
Projection: Margin 5.75, Total 45.0
Spread Pick: HOME (edge 0.25)
Total Pick: OVER (edge 0.5)",5.75,,,,OVER,ACTIVE,,"{'spread': None, 'total': None}",FOOTBALL_MARKET_BLEND,20,20,ARI,11,FOOTBALL_MARKET_BLEND,2025-09-07T17:00:00Z,1,Football market blend edge clears threshold,11,False,,true,true,true,true,13,13,NO,nfl,odds_api_flattened_consensus,3,"{'Football_KeyNumberGuard_v1': {'context_flags': {'key_number_risk': False, 'key_numbers': [3, 7, 10]}, 'home_line_proj': 6.0, 'model_name': 'Football_KeyNumberGuard_v1', 'parlay_edge_score': 0, 'spread_distance': 0.0, 'spread_edge': 0.0, 'spread_pick': '', 'total_distance': 0.0, 'total_edge': 0.0, 'total_pick': '', 'total_projection': 44.5}, 'Football_LineMovement_v1': {'context_flags': {'movement_available': False}, 'home_line_proj': 6.0, 'model_name': 'Football_LineMovement_v1', 'parlay_edge_score': 0, 'spread_distance': 0.0, 'spread_edge': 0.0, 'spread_pick': '', 'total_distance': 0.0, 'total_edge': 0.0, 'total_pick': '', 'total_projection': 44.5}, 'Football_MarketBlend_v1': {'context_flags': {'blend_inputs': ['Football_MarketConsensus_v1', 'Football_SpreadValue_v1', 'Football_TotalValue_v1', 'Football_LineMovement_v1', 'Football_KeyNumberGuard_v1'], 'key_number_risk': False}, 'home_line_proj': 5.75, 'model_name': 'Football_MarketBlend_v1', 'parlay_edge_score': 0.75, 'spread_distance': 0.25, 'spread_edge': 0.25, 'spread_pick': 'HOME', 'total_distance': 0.5, 'total_edge': 0.5, 'total_pick': 'OVER', 'total_projection': 45.0}, 'Football_MarketConsensus_v1': {'context_flags': {'book_count': 11, 'source': 'market_consensus'}, 'home_line_proj': 6.0, 'model_name': 'Football_MarketConsensus_v1', 'parlay_edge_score': 0, 'spread_distance': 0.0, 'spread_edge': 0.0, 'spread_pick': '', 'total_distance': 0.0, 'total_edge': 0.0, 'total_pick': '', 'total_projection': 44.5}, 'Football_SpreadValue_v1': {'context_flags': {'book_count': 11.0, 'value_shift': -0.75}, 'home_line_proj': 5.25, 'model_name': 'Football_SpreadValue_v1', 'parlay_edge_score': 0.75, 'spread_distance': 0.75, 'spread_edge': 0.75, 'spread_pick': 'HOME', 'total_distance': 0.0, 'total_edge': 0.0, 'total_pick': '', 'total_projection': 44.5}, 'Football_TotalValue_v1': {'context_flags': {'book_count': 11.0, 'total_value_rule': 'low_total_over_high_total_under'}, 'home_line_proj': 6.0, 'model_name': 'Football_TotalValue_v1', 'parlay_edge_score': 1.0, 'spread_distance': 0.0, 'spread_edge': 0.0, 'spread_pick': '', 'total_distance': 1.0, 'total_edge': 1.0, 'total_pick': 'OVER', 'total_projection': 45.5}}",-270.0,-270.0,222.0,222.0,66,557d13ef8f4c1d21044f3a478cda6d0b,2025-09-07T15:55:38Z,odds_api_flattened,-6.0,6.0,STATUS_FINAL,post,44.5,Caesars Superdome
nfl_401772719,2025-09-07,Indianapolis Colts,Miami Dolphins,-1.0,1.0,46.5,46.0,AWAY,-0.25,-0.5,0.75,LOW,Football_MarketBlend_v1,Football_MarketBlend_v1,"{'blend_inputs': ['Football_MarketConsensus_v1', 'Football_SpreadValue_v1', 'Football_TotalValue_v1', 'Football_LineMovement_v1', 'Football_KeyNumberGuard_v1'], 'key_number_risk': False}","Game: Miami Dolphins @ Indianapolis Colts
Authority: Football_MarketBlend_v1
Market: Spread -1.0, Total 46.5
Projection: Margin -0.75, Total 46.0
Spread Pick: AWAY (edge -0.25)
Total Pick: UNDER (edge -0.5)",-0.75,,,,UNDER,ACTIVE,,"{'spread': None, 'total': None}",FOOTBALL_MARKET_BLEND,8,8,MIA,11,FOOTBALL_MARKET_BLEND,2025-09-07T17:00:00Z,1,Football market blend edge clears threshold,11,False,,true,true,true,true,33,33,IND,nfl,odds_api_flattened_consensus,3,"{'Football_KeyNumberGuard_v1': {'context_flags': {'key_number_risk': False, 'key_numbers': [3, 7, 10]}, 'home_line_proj': -1.0, 'model_name': 'Football_KeyNumberGuard_v1', 'parlay_edge_score': 0, 'spread_distance': 0.0, 'spread_edge': 0.0, 'spread_pick': '', 'total_distance': 0.0, 'total_edge': 0.0, 'total_pick': '', 'total_projection': 46.5}, 'Football_LineMovement_v1': {'context_flags': {'movement_available': False}, 'home_line_proj': -1.0, 'model_name': 'Football_LineMovement_v1', 'parlay_edge_score': 0, 'spread_distance': 0.0, 'spread_edge': 0.0, 'spread_pick': '', 'total_distance': 0.0, 'total_edge': 0.0, 'total_pick': '', 'total_projection': 46.5}, 'Football_MarketBlend_v1': {'context_flags': {'blend_inputs': ['Football_MarketConsensus_v1', 'Football_SpreadValue_v1', 'Football_TotalValue_v1', 'Football_LineMovement_v1', 'Football_KeyNumberGuard_v1'], 'key_number_risk': False}, 'home_line_proj': -0.75, 'model_name': 'Football_MarketBlend_v1', 'parlay_edge_score': 0.75, 'spread_distance': 0.25, 'spread_edge': -0.25, 'spread_pick': 'AWAY', 'total_distance': 0.5, 'total_edge': -0.5, 'total_pick': 'UNDER', 'total_projection': 46.0}, 'Football_MarketConsensus_v1': {'context_flags': {'book_count': 11, 'source': 'market_consensus'}, 'home_line_proj': -1.0, 'model_name': 'Football_MarketConsensus_v1', 'parlay_edge_score': 0, 'spread_distance': 0.0, 'spread_edge': 0.0, 'spread_pick': '', 'total_distance': 0.0, 'total_edge': 0.0, 'total_pick': '', 'total_projection': 46.5}, 'Football_SpreadValue_v1': {'context_flags': {'book_count': 11.0, 'value_shift': 0.75}, 'home_line_proj': -0.25, 'model_name': 'Football_SpreadValue_v1', 'parlay_edge_score': 0.75, 'spread_distance': 0.75, 'spread_edge': -0.75, 'spread_pick': 'AWAY', 'total_distance': 0.0, 'total_edge': 0.0, 'total_pick': '', 'total_projection': 46.5}, 'Football_TotalValue_v1': {'context_flags': {'book_count': 11.0, 'total_value_rule': 'low_total_over_high_total_under'}, 'home_line_proj': -1.0, 'model_name': 'Football_TotalValue_v1', 'parlay_edge_score': 1.0, 'spread_distance': 0.0, 'spread_edge': 0.0, 'spread_pick': '', 'total_distance': 1.0, 'total_edge': -1.0, 'total_pick': 'UNDER', 'total_projection': 45.5}}",-104.0,-104.0,-117.0,-117.0,64,b02a72c768a6c6dee87aa74f78e84176,2025-09-07T15:55:38Z,odds_api_flattened,1.0,-1.0,STATUS_FINAL,post,46.5,Lucas Oil Stadium
nfl_401772720,2025-09-07,New England Patriots,Las Vegas Raiders,-2.5,2.5,44.0,44.5,,-0.25,0.5,0.75,LOW,Football_MarketBlend_v1,Football_MarketBlend_v1,"{'blend_inputs': ['Football_MarketConsensus_v1', 'Football_SpreadValue_v1', 'Football_TotalValue_v1', 'Football_LineMovement_v1', 'Football_KeyNumberGuard_v1'], 'key_number_risk': True, 'spread_veto': 'key_number_guard'}","Game: Las Vegas Raiders @ New England Patriots
Authority: Football_MarketBlend_v1
Market: Spread -2.5, Total 44.0
Projection: Margin -2.25, Total 44.5
Spread Pick:  (edge -0.25)
Total Pick: OVER (edge 0.5)",-2.25,,,,OVER,ACTIVE,,"{'spread': None, 'total': None}",FOOTBALL_MARKET_BLEND,20,20,LV,11,FOOTBALL_MARKET_BLEND,2025-09-07T17:00:00Z,1,Football market blend edge clears threshold,11,False,,true,true,true,true,13,13,NE,nfl,odds_api_flattened_consensus,3,"{'Football_KeyNumberGuard_v1': {'context_flags': {'key_number_risk': True, 'key_numbers': [3, 7, 10]}, 'home_line_proj': -2.5, 'model_name': 'Football_KeyNumberGuard_v1', 'parlay_edge_score': 0, 'spread_distance': 0.0, 'spread_edge': 0.0, 'spread_pick': '', 'total_distance': 0.0, 'total_edge': 0.0, 'total_pick': '', 'total_projection': 44.0}, 'Football_LineMovement_v1': {'context_flags': {'movement_available': False}, 'home_line_proj': -2.5, 'model_name': 'Football_LineMovement_v1', 'parlay_edge_score': 0, 'spread_distance': 0.0, 'spread_edge': 0.0, 'spread_pick': '', 'total_distance': 0.0, 'total_edge': 0.0, 'total_pick': '', 'total_projection': 44.0}, 'Football_MarketBlend_v1': {'context_flags': {'blend_inputs': ['Football_MarketConsensus_v1', 'Football_SpreadValue_v1', 'Football_TotalValue_v1', 'Football_LineMovement_v1', 'Football_KeyNumberGuard_v1'], 'key_number_risk': True, 'spread_veto': 'key_number_guard'}, 'home_line_proj': -2.25, 'model_name': 'Football_MarketBlend_v1', 'parlay_edge_score': 0.75, 'spread_distance': 0.25, 'spread_edge': -0.25, 'spread_pick': '', 'total_distance': 0.5, 'total_edge': 0.5, 'total_pick': 'OVER', 'total_projection': 44.5}, 'Football_MarketConsensus_v1': {'context_flags': {'book_count': 11, 'source': 'market_consensus'}, 'home_line_proj': -2.5, 'model_name': 'Football_MarketConsensus_v1', 'parlay_edge_score': 0, 'spread_distance': 0.0, 'spread_edge': 0.0, 'spread_pick': '', 'total_distance': 0.0, 'total_edge': 0.0, 'total_pick': '', 'total_projection': 44.0}, 'Football_SpreadValue_v1': {'context_flags': {'book_count': 11.0, 'value_shift': 0.75}, 'home_line_proj': -1.75, 'model_name': 'Football_SpreadValue_v1', 'parlay_edge_score': 0.75, 'spread_distance': 0.75, 'spread_edge': -0.75, 'spread_pick': 'AWAY', 'total_distance': 0.0, 'total_edge': 0.0, 'total_pick': '', 'total_projection': 44.0}, 'Football_TotalValue_v1': {'context_flags': {'book_count': 11.0, 'total_value_rule': 'low_total_over_high_total_under'}, 'home_line_proj': -2.5, 'model_name': 'Football_TotalValue_v1', 'parlay_edge_score': 1.0, 'spread_distance': 0.0, 'spread_edge': 0.0, 'spread_pick': '', 'total_distance': 1.0, 'total_edge': 1.0, 'total_pick': 'OVER', 'total_projection': 45.0}}",124.0,124.0,-145.0,-145.0,66,0b2455795dfcd692dd607503e4f20d04,2025-09-07T15:55:38Z,odds_api_flattened,2.5,-2.5,STATUS_FINAL,post,44.0,Gillette Stadium
nfl_401772721,2025-09-07,New York Jets,Pittsburgh Steelers,3.0,-3.0,38.0,38.5,,0.25,0.5,0.75,LOW,Football_MarketBlend_v1,Football_MarketBlend_v1,"{'blend_inputs': ['Football_MarketConsensus_v1', 'Football_SpreadValue_v1', 'Football_TotalValue_v1', 'Football_LineMovement_v1', 'Football_KeyNumberGuard_v1'], 'key_number_risk': True, 'spread_veto': 'key_number_guard'}","Game: Pittsburgh Steelers @ New York Jets
Authority: Football_MarketBlend_v1
Market: Spread 3.0, Total 38.0
Projection: Margin 2.75, Total 38.5
Spread Pick:  (edge 0.25)
Total Pick: OVER (edge 0.5)",2.75,,,,OVER,ACTIVE,,"{'spread': None, 'total': None}",FOOTBALL_MARKET_BLEND,34,34,PIT,11,FOOTBALL_MARKET_BLEND,2025-09-07T17:00:00Z,1,Football market blend edge clears threshold,11,False,,true,true,true,true,32,32,NYJ,nfl,odds_api_flattened_consensus,3,"{'Football_KeyNumberGuard_v1': {'context_flags': {'key_number_risk': True, 'key_numbers': [3, 7, 10]}, 'home_line_proj': 3.0, 'model_name': 'Football_KeyNumberGuard_v1', 'parlay_edge_score': 0, 'spread_distance': 0.0, 'spread_edge': 0.0, 'spread_pick': '', 'total_distance': 0.0, 'total_edge': 0.0, 'total_pick': '', 'total_projection': 38.0}, 'Football_LineMovement_v1': {'context_flags': {'movement_available': False}, 'home_line_proj': 3.0, 'model_name': 'Football_LineMovement_v1', 'parlay_edge_score': 0, 'spread_distance': 0.0, 'spread_edge': 0.0, 'spread_pick': '', 'total_distance': 0.0, 'total_edge': 0.0, 'total_pick': '', 'total_projection': 38.0}, 'Football_MarketBlend_v1': {'context_flags': {'blend_inputs': ['Football_MarketConsensus_v1', 'Football_SpreadValue_v1', 'Football_TotalValue_v1', 'Football_LineMovement_v1', 'Football_KeyNumberGuard_v1'], 'key_number_risk': True, 'spread_veto': 'key_number_guard'}, 'home_line_proj': 2.75, 'model_name': 'Football_MarketBlend_v1', 'parlay_edge_score': 0.75, 'spread_distance': 0.25, 'spread_edge': 0.25, 'spread_pick': '', 'total_distance': 0.5, 'total_edge': 0.5, 'total_pick': 'OVER', 'total_projection': 38.5}, 'Football_MarketConsensus_v1': {'context_flags': {'book_count': 11, 'source': 'market_consensus'}, 'home_line_proj': 3.0, 'model_name': 'Football_MarketConsensus_v1', 'parlay_edge_score': 0, 'spread_distance': 0.0, 'spread_edge': 0.0, 'spread_pick': '', 'total_distance': 0.0, 'total_edge': 0.0, 'total_pick': '', 'total_projection': 38.0}, 'Football_SpreadValue_v1': {'context_flags': {'book_count': 11.0, 'value_shift': -0.75}, 'home_line_proj': 2.25, 'model_name': 'Football_SpreadValue_v1', 'parlay_edge_score': 0.75, 'spread_distance': 0.75, 'spread_edge': 0.75, 'spread_pick': 'HOME', 'total_distance': 0.0, 'total_edge': 0.0, 'total_pick': '', 'total_projection': 38.0}, 'Football_TotalValue_v1': {'context_flags': {'book_count': 11.0, 'total_value_rule': 'low_total_over_high_total_under'}, 'home_line_proj': 3.0, 'model_name': 'Football_TotalValue_v1', 'parlay_edge_score': 1.0, 'spread_distance': 0.0, 'spread_edge': 0.0, 'spread_pick': '', 'total_distance': 1.0, 'total_edge': 1.0, 'total_pick': 'OVER', 'total_projection': 39.0}}",-164.0,-164.0,138.0,138.0,66,5ed483bb614b18955f8b43f177746371,2025-09-07T15:55:38Z,odds_api_flattened,-3.0,3.0,STATUS_FINAL,post,38.0,MetLife Stadium
nfl_401772722,2025-09-07,Green Bay Packers,Detroit Lions,-1.5,1.5,47.5,47.0,AWAY,-0.25,-0.5,0.75,LOW,Football_MarketBlend_v1,Football_MarketBlend_v1,"{'blend_inputs': ['Football_MarketConsensus_v1', 'Football_SpreadValue_v1', 'Football_TotalValue_v1', 'Football_LineMovement_v1', 'Football_KeyNumberGuard_v1'], 'key_number_risk': False}","Game: Detroit Lions @ Green Bay Packers
Authority: Football_MarketBlend_v1
Market: Spread -1.5, Total 47.5
Projection: Margin -1.25, Total 47.0
Spread Pick: AWAY (edge -0.25)
Total Pick: UNDER (edge -0.5)",-1.25,,,,UNDER,ACTIVE,,"{'spread': None, 'total': None}",FOOTBALL_MARKET_BLEND,13,13,DET,11,FOOTBALL_MARKET_BLEND,2025-09-07T20:25:00Z,1,Football market blend edge clears threshold,11,False,,true,true,true,true,27,27,GB,nfl,odds_api_flattened_consensus,3,"{'Football_KeyNumberGuard_v1': {'context_flags': {'key_number_risk': False, 'key_numbers': [3, 7, 10]}, 'home_line_proj': -1.5, 'model_name': 'Football_KeyNumberGuard_v1', 'parlay_edge_score': 0, 'spread_distance': 0.0, 'spread_edge': 0.0, 'spread_pick': '', 'total_distance': 0.0, 'total_edge': 0.0, 'total_pick': '', 'total_projection': 47.5}, 'Football_LineMovement_v1': {'context_flags': {'movement_available': False}, 'home_line_proj': -1.5, 'model_name': 'Football_LineMovement_v1', 'parlay_edge_score': 0, 'spread_distance': 0.0, 'spread_edge': 0.0, 'spread_pick': '', 'total_distance': 0.0, 'total_edge': 0.0, 'total_pick': '', 'total_projection': 47.5}, 'Football_MarketBlend_v1': {'context_flags': {'blend_inputs': ['Football_MarketConsensus_v1', 'Football_SpreadValue_v1', 'Football_TotalValue_v1', 'Football_LineMovement_v1', 'Football_KeyNumberGuard_v1'], 'key_number_risk': False}, 'home_line_proj': -1.25, 'model_name': 'Football_MarketBlend_v1', 'parlay_edge_score': 0.75, 'spread_distance': 0.25, 'spread_edge': -0.25, 'spread_pick': 'AWAY', 'total_distance': 0.5, 'total_edge': -0.5, 'total_pick': 'UNDER', 'total_projection': 47.0}, 'Football_MarketConsensus_v1': {'context_flags': {'book_count': 11, 'source': 'market_consensus'}, 'home_line_proj': -1.5, 'model_name': 'Football_MarketConsensus_v1', 'parlay_edge_score': 0, 'spread_distance': 0.0, 'spread_edge': 0.0, 'spread_pick': '', 'total_distance': 0.0, 'total_edge': 0.0, 'total_pick': '', 'total_projection': 47.5}, 'Football_SpreadValue_v1': {'context_flags': {'book_count': 11.0, 'value_shift': 0.75}, 'home_line_proj': -0.75, 'model_name': 'Football_SpreadValue_v1', 'parlay_edge_score': 0.75, 'spread_distance': 0.75, 'spread_edge': -0.75, 'spread_pick': 'AWAY', 'total_distance': 0.0, 'total_edge': 0.0, 'total_pick': '', 'total_projection': 47.5}, 'Football_TotalValue_v1': {'context_flags': {'book_count': 11.0, 'total_value_rule': 'low_total_over_high_total_under'}, 'home_line_proj': -1.5, 'model_name': 'Football_TotalValue_v1', 'parlay_edge_score': 1.0, 'spread_distance': 0.0, 'spread_edge': 0.0, 'spread_pick': '', 'total_distance': 1.0, 'total_edge': -1.0, 'total_pick': 'UNDER', 'total_projection': 46.5}}",105.0,105.0,-125.0,-125.0,66,8e0e2d9237098222f9ca7554b11b12bb,2025-09-07T15:55:38Z,odds_api_flattened,1.5,-1.5,STATUS_FINAL,post,47.5,Lambeau Field
nfl_401772723,2025-09-07,Los Angeles Rams,Houston Texans,-3.0,3.0,43.5,44.0,,-0.25,0.5,0.75,LOW,Football_MarketBlend_v1,Football_MarketBlend_v1,"{'blend_inputs': ['Football_MarketConsensus_v1', 'Football_SpreadValue_v1', 'Football_TotalValue_v1', 'Football_LineMovement_v1', 'Football_KeyNumberGuard_v1'], 'key_number_risk': True, 'spread_veto': 'key_number_guard'}","Game: Houston Texans @ Los Angeles Rams
Authority: Football_MarketBlend_v1
Market: Spread -3.0, Total 43.5
Projection: Margin -2.75, Total 44.0
Spread Pick:  (edge -0.25)
Total Pick: OVER (edge 0.5)",-2.75,,,,OVER,ACTIVE,,"{'spread': None, 'total': None}",FOOTBALL_MARKET_BLEND,9,9,HOU,11,FOOTBALL_MARKET_BLEND,2025-09-07T20:25:00Z,1,Football market blend edge clears threshold,11,False,,true,true,true,true,14,14,LAR,nfl,odds_api_flattened_consensus,3,"{'Football_KeyNumberGuard_v1': {'context_flags': {'key_number_risk': True, 'key_numbers': [3, 7, 10]}, 'home_line_proj': -3.0, 'model_name': 'Football_KeyNumberGuard_v1', 'parlay_edge_score': 0, 'spread_distance': 0.0, 'spread_edge': 0.0, 'spread_pick': '', 'total_distance': 0.0, 'total_edge': 0.0, 'total_pick': '', 'total_projection': 43.5}, 'Football_LineMovement_v1': {'context_flags': {'movement_available': False}, 'home_line_proj': -3.0, 'model_name': 'Football_LineMovement_v1', 'parlay_edge_score': 0, 'spread_distance': 0.0, 'spread_edge': 0.0, 'spread_pick': '', 'total_distance': 0.0, 'total_edge': 0.0, 'total_pick': '', 'total_projection': 43.5}, 'Football_MarketBlend_v1': {'context_flags': {'blend_inputs': ['Football_MarketConsensus_v1', 'Football_SpreadValue_v1', 'Football_TotalValue_v1', 'Football_LineMovement_v1', 'Football_KeyNumberGuard_v1'], 'key_number_risk': True, 'spread_veto': 'key_number_guard'}, 'home_line_proj': -2.75, 'model_name': 'Football_MarketBlend_v1', 'parlay_edge_score': 0.75, 'spread_distance': 0.25, 'spread_edge': -0.25, 'spread_pick': '', 'total_distance': 0.5, 'total_edge': 0.5, 'total_pick': 'OVER', 'total_projection': 44.0}, 'Football_MarketConsensus_v1': {'context_flags': {'book_count': 11, 'source': 'market_consensus'}, 'home_line_proj': -3.0, 'model_name': 'Football_MarketConsensus_v1', 'parlay_edge_score': 0, 'spread_distance': 0.0, 'spread_edge': 0.0, 'spread_pick': '', 'total_distance': 0.0, 'total_edge': 0.0, 'total_pick': '', 'total_projection': 43.5}, 'Football_SpreadValue_v1': {'context_flags': {'book_count': 11.0, 'value_shift': 0.75}, 'home_line_proj': -2.25, 'model_name': 'Football_SpreadValue_v1', 'parlay_edge_score': 0.75, 'spread_distance': 0.75, 'spread_edge': -0.75, 'spread_pick': 'AWAY', 'total_distance': 0.0, 'total_edge': 0.0, 'total_pick': '', 'total_projection': 43.5}, 'Football_TotalValue_v1': {'context_flags': {'book_count': 11.0, 'total_value_rule': 'low_total_over_high_total_under'}, 'home_line_proj': -3.0, 'model_name': 'Football_TotalValue_v1', 'parlay_edge_score': 1.0, 'spread_distance': 0.0, 'spread_edge': 0.0, 'spread_pick': '', 'total_distance': 1.0, 'total_edge': 1.0, 'total_pick': 'OVER', 'total_projection': 44.5}}",143.0,143.0,-170.0,-170.0,66,dc0e3db61983a138098f28226788d2d3,2025-09-07T15:55:38Z,odds_api_flattened,3.0,-3.0,STATUS_FINAL,post,43.5,SoFi Stadium
nfl_401772827,2025-09-07,Washington Commanders,New York Giants,-6.0,6.0,45.5,45.0,AWAY,-0.25,-0.5,0.75,LOW,Football_MarketBlend_v1,Football_MarketBlend_v1,"{'blend_inputs': ['Football_MarketConsensus_v1', 'Football_SpreadValue_v1', 'Football_TotalValue_v1', 'Football_LineMovement_v1', 'Football_KeyNumberGuard_v1'], 'key_number_risk': False}","Game: New York Giants @ Washington Commanders
Authority: Football_MarketBlend_v1
Market: Spread -6.0, Total 45.5
Projection: Margin -5.75, Total 45.0
Spread Pick: AWAY (edge -0.25)
Total Pick: UNDER (edge -0.5)",-5.75,,,,UNDER,ACTIVE,,"{'spread': None, 'total': None}",FOOTBALL_MARKET_BLEND,6,6,NYG,11,FOOTBALL_MARKET_BLEND,2025-09-07T17:00:00Z,1,Football market blend edge clears threshold,11,False,,true,true,true,true,21,21,WAS,nfl,odds_api_flattened_consensus,3,"{'Football_KeyNumberGuard_v1': {'context_flags': {'key_number_risk': False, 'key_numbers': [3, 7, 10]}, 'home_line_proj': -6.0, 'model_name': 'Football_KeyNumberGuard_v1', 'parlay_edge_score': 0, 'spread_distance': 0.0, 'spread_edge': 0.0, 'spread_pick': '', 'total_distance': 0.0, 'total_edge': 0.0, 'total_pick': '', 'total_projection': 45.5}, 'Football_LineMovement_v1': {'context_flags': {'movement_available': False}, 'home_line_proj': -6.0, 'model_name': 'Football_LineMovement_v1', 'parlay_edge_score': 0, 'spread_distance': 0.0, 'spread_edge': 0.0, 'spread_pick': '', 'total_distance': 0.0, 'total_edge': 0.0, 'total_pick': '', 'total_projection': 45.5}, 'Football_MarketBlend_v1': {'context_flags': {'blend_inputs': ['Football_MarketConsensus_v1', 'Football_SpreadValue_v1', 'Football_TotalValue_v1', 'Football_LineMovement_v1', 'Football_KeyNumberGuard_v1'], 'key_number_risk': False}, 'home_line_proj': -5.75, 'model_name': 'Football_MarketBlend_v1', 'parlay_edge_score': 0.75, 'spread_distance': 0.25, 'spread_edge': -0.25, 'spread_pick': 'AWAY', 'total_distance': 0.5, 'total_edge': -0.5, 'total_pick': 'UNDER', 'total_projection': 45.0}, 'Football_MarketConsensus_v1': {'context_flags': {'book_count': 11, 'source': 'market_consensus'}, 'home_line_proj': -6.0, 'model_name': 'Football_MarketConsensus_v1', 'parlay_edge_score': 0, 'spread_distance': 0.0, 'spread_edge': 0.0, 'spread_pick': '', 'total_distance': 0.0, 'total_edge': 0.0, 'total_pick': '', 'total_projection': 45.5}, 'Football_SpreadValue_v1': {'context_flags': {'book_count': 11.0, 'value_shift': 0.75}, 'home_line_proj': -5.25, 'model_name': 'Football_SpreadValue_v1', 'parlay_edge_score': 0.75, 'spread_distance': 0.75, 'spread_edge': -0.75, 'spread_pick': 'AWAY', 'total_distance': 0.0, 'total_edge': 0.0, 'total_pick': '', 'total_projection': 45.5}, 'Football_TotalValue_v1': {'context_flags': {'book_count': 11.0, 'total_value_rule': 'low_total_over_high_total_under'}, 'home_line_proj': -6.0, 'model_name': 'Football_TotalValue_v1', 'parlay_edge_score': 1.0, 'spread_distance': 0.0, 'spread_edge': 0.0, 'spread_pick': '', 'total_distance': 1.0, 'total_edge': -1.0, 'total_pick': 'UNDER', 'total_projection': 44.5}}",228.0,228.0,-285.0,-285.0,66,4cce00ca468c67eca17a9a061f778fb2,2025-09-07T15:55:38Z,odds_api_flattened,6.0,-6.0,STATUS_FINAL,post,45.5,Northwest Stadium
nfl_401772828,2025-09-07,Jacksonville Jaguars,Carolina Panthers,-4.5,4.5,46.0,45.5,AWAY,-0.25,-0.5,0.75,LOW,Football_MarketBlend_v1,Football_MarketBlend_v1,"{'blend_inputs': ['Football_MarketConsensus_v1', 'Football_SpreadValue_v1', 'Football_TotalValue_v1', 'Football_LineMovement_v1', 'Football_KeyNumberGuard_v1'], 'key_number_risk': False}","Game: Carolina Panthers @ Jacksonville Jaguars
Authority: Football_MarketBlend_v1
Market: Spread -4.5, Total 46.0
Projection: Margin -4.25, Total 45.5
Spread Pick: AWAY (edge -0.25)
Total Pick: UNDER (edge -0.5)",-4.25,,,,UNDER,ACTIVE,,"{'spread': None, 'total': None}",FOOTBALL_MARKET_BLEND,10,10,CAR,11,FOOTBALL_MARKET_BLEND,2025-09-07T17:00:00Z,1,Football market blend edge clears threshold,11,False,,true,true,true,true,26,26,JAX,nfl,odds_api_flattened_consensus,3,"{'Football_KeyNumberGuard_v1': {'context_flags': {'key_number_risk': False, 'key_numbers': [3, 7, 10]}, 'home_line_proj': -4.5, 'model_name': 'Football_KeyNumberGuard_v1', 'parlay_edge_score': 0, 'spread_distance': 0.0, 'spread_edge': 0.0, 'spread_pick': '', 'total_distance': 0.0, 'total_edge': 0.0, 'total_pick': '', 'total_projection': 46.0}, 'Football_LineMovement_v1': {'context_flags': {'movement_available': False}, 'home_line_proj': -4.5, 'model_name': 'Football_LineMovement_v1', 'parlay_edge_score': 0, 'spread_distance': 0.0, 'spread_edge': 0.0, 'spread_pick': '', 'total_distance': 0.0, 'total_edge': 0.0, 'total_pick': '', 'total_projection': 46.0}, 'Football_MarketBlend_v1': {'context_flags': {'blend_inputs': ['Football_MarketConsensus_v1', 'Football_SpreadValue_v1', 'Football_TotalValue_v1', 'Football_LineMovement_v1', 'Football_KeyNumberGuard_v1'], 'key_number_risk': False}, 'home_line_proj': -4.25, 'model_name': 'Football_MarketBlend_v1', 'parlay_edge_score': 0.75, 'spread_distance': 0.25, 'spread_edge': -0.25, 'spread_pick': 'AWAY', 'total_distance': 0.5, 'total_edge': -0.5, 'total_pick': 'UNDER', 'total_projection': 45.5}, 'Football_MarketConsensus_v1': {'context_flags': {'book_count': 11, 'source': 'market_consensus'}, 'home_line_proj': -4.5, 'model_name': 'Football_MarketConsensus_v1', 'parlay_edge_score': 0, 'spread_distance': 0.0, 'spread_edge': 0.0, 'spread_pick': '', 'total_distance': 0.0, 'total_edge': 0.0, 'total_pick': '', 'total_projection': 46.0}, 'Football_SpreadValue_v1': {'context_flags': {'book_count': 11.0, 'value_shift': 0.75}, 'home_line_proj': -3.75, 'model_name': 'Football_SpreadValue_v1', 'parlay_edge_score': 0.75, 'spread_distance': 0.75, 'spread_edge': -0.75, 'spread_pick': 'AWAY', 'total_distance': 0.0, 'total_edge': 0.0, 'total_pick': '', 'total_projection': 46.0}, 'Football_TotalValue_v1': {'context_flags': {'book_count': 11.0, 'total_value_rule': 'low_total_over_high_total_under'}, 'home_line_proj': -4.5, 'model_name': 'Football_TotalValue_v1', 'parlay_edge_score': 1.0, 'spread_distance': 0.0, 'spread_edge': 0.0, 'spread_pick': '', 'total_distance': 1.0, 'total_edge': -1.0, 'total_pick': 'UNDER', 'total_projection': 45.0}}",176.0,176.0,-210.0,-210.0,66,394256a6c3d0f5ecd1208fffaae6a72f,2025-09-07T15:55:38Z,odds_api_flattened,4.5,-4.5,STATUS_FINAL,post,46.0,EverBank Stadium
nfl_401772829,2025-09-07,Cleveland Browns,Cincinnati Bengals,4.5,-4.5,48.0,47.5,HOME,0.25,-0.5,0.75,LOW,Football_MarketBlend_v1,Football_MarketBlend_v1,"{'blend_inputs': ['Football_MarketConsensus_v1', 'Football_SpreadValue_v1', 'Football_TotalValue_v1', 'Football_LineMovement_v1', 'Football_KeyNumberGuard_v1'], 'key_number_risk': False}","Game: Cincinnati Bengals @ Cleveland Browns
Authority: Football_MarketBlend_v1
Market: Spread 4.5, Total 48.0
Projection: Margin 4.25, Total 47.5
Spread Pick: HOME (edge 0.25)
Total Pick: UNDER (edge -0.5)",4.25,,,,UNDER,ACTIVE,,"{'spread': None, 'total': None}",FOOTBALL_MARKET_BLEND,17,17,CIN,11,FOOTBALL_MARKET_BLEND,2025-09-07T17:00:00Z,1,Football market blend edge clears threshold,11,False,,true,true,true,true,16,16,CLE,nfl,odds_api_flattened_consensus,3,"{'Football_KeyNumberGuard_v1': {'context_flags': {'key_number_risk': False, 'key_numbers': [3, 7, 10]}, 'home_line_proj': 4.5, 'model_name': 'Football_KeyNumberGuard_v1', 'parlay_edge_score': 0, 'spread_distance': 0.0, 'spread_edge': 0.0, 'spread_pick': '', 'total_distance': 0.0, 'total_edge': 0.0, 'total_pick': '', 'total_projection': 48.0}, 'Football_LineMovement_v1': {'context_flags': {'movement_available': False}, 'home_line_proj': 4.5, 'model_name': 'Football_LineMovement_v1', 'parlay_edge_score': 0, 'spread_distance': 0.0, 'spread_edge': 0.0, 'spread_pick': '', 'total_distance': 0.0, 'total_edge': 0.0, 'total_pick': '', 'total_projection': 48.0}, 'Football_MarketBlend_v1': {'context_flags': {'blend_inputs': ['Football_MarketConsensus_v1', 'Football_SpreadValue_v1', 'Football_TotalValue_v1', 'Football_LineMovement_v1', 'Football_KeyNumberGuard_v1'], 'key_number_risk': False}, 'home_line_proj': 4.25, 'model_name': 'Football_MarketBlend_v1', 'parlay_edge_score': 0.75, 'spread_distance': 0.25, 'spread_edge': 0.25, 'spread_pick': 'HOME', 'total_distance': 0.5, 'total_edge': -0.5, 'total_pick': 'UNDER', 'total_projection': 47.5}, 'Football_MarketConsensus_v1': {'context_flags': {'book_count': 11, 'source': 'market_consensus'}, 'home_line_proj': 4.5, 'model_name': 'Football_MarketConsensus_v1', 'parlay_edge_score': 0, 'spread_distance': 0.0, 'spread_edge': 0.0, 'spread_pick': '', 'total_distance': 0.0, 'total_edge': 0.0, 'total_pick': '', 'total_projection': 48.0}, 'Football_SpreadValue_v1': {'context_flags': {'book_count': 11.0, 'value_shift': -0.75}, 'home_line_proj': 3.75, 'model_name': 'Football_SpreadValue_v1', 'parlay_edge_score': 0.75, 'spread_distance': 0.75, 'spread_edge': 0.75, 'spread_pick': 'HOME', 'total_distance': 0.0, 'total_edge': 0.0, 'total_pick': '', 'total_projection': 48.0}, 'Football_TotalValue_v1': {'context_flags': {'book_count': 11.0, 'total_value_rule': 'low_total_over_high_total_under'}, 'home_line_proj': 4.5, 'model_name': 'Football_TotalValue_v1', 'parlay_edge_score': 1.0, 'spread_distance': 0.0, 'spread_edge': 0.0, 'spread_pick': '', 'total_distance': 1.0, 'total_edge': -1.0, 'total_pick': 'UNDER', 'total_projection': 47.0}}",-230.0,-230.0,190.0,190.0,66,e2d3b0596efcebc1c19dab92009f5e26,2025-09-07T15:55:38Z,odds_api_flattened,-4.5,4.5,STATUS_FINAL,post,48.0,Huntington Bank Field
nfl_401772830,2025-09-07,Atlanta Falcons,Tampa Bay Buccaneers,0.0,-0.0,47.5,47.0,AWAY,-0.25,-0.5,0.75,LOW,Football_MarketBlend_v1,Football_MarketBlend_v1,"{'blend_inputs': ['Football_MarketConsensus_v1', 'Football_SpreadValue_v1', 'Football_TotalValue_v1', 'Football_LineMovement_v1', 'Football_KeyNumberGuard_v1'], 'key_number_risk': False}","Game: Tampa Bay Buccaneers @ Atlanta Falcons
Authority: Football_MarketBlend_v1
Market: Spread 0.0, Total 47.5
Projection: Margin 0.25, Total 47.0
Spread Pick: AWAY (edge -0.25)
Total Pick: UNDER (edge -0.5)",0.25,,,,UNDER,ACTIVE,,"{'spread': None, 'total': None}",FOOTBALL_MARKET_BLEND,23,23,TB,11,FOOTBALL_MARKET_BLEND,2025-09-07T17:00:00Z,1,Football market blend edge clears threshold,11,False,,true,true,true,true,20,20,ATL,nfl,odds_api_flattened_consensus,3,"{'Football_KeyNumberGuard_v1': {'context_flags': {'key_number_risk': False, 'key_numbers': [3, 7, 10]}, 'home_line_proj': 0.0, 'model_name': 'Football_KeyNumberGuard_v1', 'parlay_edge_score': 0, 'spread_distance': 0.0, 'spread_edge': 0.0, 'spread_pick': '', 'total_distance': 0.0, 'total_edge': 0.0, 'total_pick': '', 'total_projection': 47.5}, 'Football_LineMovement_v1': {'context_flags': {'movement_available': False}, 'home_line_proj': 0.0, 'model_name': 'Football_LineMovement_v1', 'parlay_edge_score': 0, 'spread_distance': 0.0, 'spread_edge': 0.0, 'spread_pick': '', 'total_distance': 0.0, 'total_edge': 0.0, 'total_pick': '', 'total_projection': 47.5}, 'Football_MarketBlend_v1': {'context_flags': {'blend_inputs': ['Football_MarketConsensus_v1', 'Football_SpreadValue_v1', 'Football_TotalValue_v1', 'Football_LineMovement_v1', 'Football_KeyNumberGuard_v1'], 'key_number_risk': False}, 'home_line_proj': 0.25, 'model_name': 'Football_MarketBlend_v1', 'parlay_edge_score': 0.75, 'spread_distance': 0.25, 'spread_edge': -0.25, 'spread_pick': 'AWAY', 'total_distance': 0.5, 'total_edge': -0.5, 'total_pick': 'UNDER', 'total_projection': 47.0}, 'Football_MarketConsensus_v1': {'context_flags': {'book_count': 11, 'source': 'market_consensus'}, 'home_line_proj': 0.0, 'model_name': 'Football_MarketConsensus_v1', 'parlay_edge_score': 0, 'spread_distance': 0.0, 'spread_edge': 0.0, 'spread_pick': '', 'total_distance': 0.0, 'total_edge': 0.0, 'total_pick': '', 'total_projection': 47.5}, 'Football_SpreadValue_v1': {'context_flags': {'book_count': 11.0, 'value_shift': 0.75}, 'home_line_proj': 0.75, 'model_name': 'Football_SpreadValue_v1', 'parlay_edge_score': 0.75, 'spread_distance': 0.75, 'spread_edge': -0.75, 'spread_pick': 'AWAY', 'total_distance': 0.0, 'total_edge': 0.0, 'total_pick': '', 'total_projection': 47.5}, 'Football_TotalValue_v1': {'context_flags': {'book_count': 11.0, 'total_value_rule': 'low_total_over_high_total_under'}, 'home_line_proj': 0.0, 'model_name': 'Football_TotalValue_v1', 'parlay_edge_score': 1.0, 'spread_distance': 0.0, 'spread_edge': 0.0, 'spread_pick': '', 'total_distance': 1.0, 'total_edge': -1.0, 'total_pick': 'UNDER', 'total_projection': 46.5}}",-110.0,-110.0,-110.0,-110.0,64,1e09eb3fe1385796c1a32000de48ac64,2025-09-07T15:55:38Z,odds_api_flattened,-0.0,0.0,STATUS_FINAL,post,47.5,Mercedes-Benz Stadium
nfl_401772831,2025-09-07,Seattle Seahawks,San Francisco 49ers,1.5,-1.5,43.5,44.0,HOME,0.25,0.5,0.75,LOW,Football_MarketBlend_v1,Football_MarketBlend_v1,"{'blend_inputs': ['Football_MarketConsensus_v1', 'Football_SpreadValue_v1', 'Football_TotalValue_v1', 'Football_LineMovement_v1', 'Football_KeyNumberGuard_v1'], 'key_number_risk': False}","Game: San Francisco 49ers @ Seattle Seahawks
Authority: Football_MarketBlend_v1
Market: Spread 1.5, Total 43.5
Projection: Margin 1.25, Total 44.0
Spread Pick: HOME (edge 0.25)
Total Pick: OVER (edge 0.5)",1.25,,,,OVER,ACTIVE,,"{'spread': None, 'total': None}",FOOTBALL_MARKET_BLEND,17,17,SF,11,FOOTBALL_MARKET_BLEND,2025-09-07T20:05:00Z,1,Football market blend edge clears threshold,11,False,,true,true,true,true,13,13,SEA,nfl,odds_api_flattened_consensus,3,"{'Football_KeyNumberGuard_v1': {'context_flags': {'key_number_risk': False, 'key_numbers': [3, 7, 10]}, 'home_line_proj': 1.5, 'model_name': 'Football_KeyNumberGuard_v1', 'parlay_edge_score': 0, 'spread_distance': 0.0, 'spread_edge': 0.0, 'spread_pick': '', 'total_distance': 0.0, 'total_edge': 0.0, 'total_pick': '', 'total_projection': 43.5}, 'Football_LineMovement_v1': {'context_flags': {'movement_available': False}, 'home_line_proj': 1.5, 'model_name': 'Football_LineMovement_v1', 'parlay_edge_score': 0, 'spread_distance': 0.0, 'spread_edge': 0.0, 'spread_pick': '', 'total_distance': 0.0, 'total_edge': 0.0, 'total_pick': '', 'total_projection': 43.5}, 'Football_MarketBlend_v1': {'context_flags': {'blend_inputs': ['Football_MarketConsensus_v1', 'Football_SpreadValue_v1', 'Football_TotalValue_v1', 'Football_LineMovement_v1', 'Football_KeyNumberGuard_v1'], 'key_number_risk': False}, 'home_line_proj': 1.25, 'model_name': 'Football_MarketBlend_v1', 'parlay_edge_score': 0.75, 'spread_distance': 0.25, 'spread_edge': 0.25, 'spread_pick': 'HOME', 'total_distance': 0.5, 'total_edge': 0.5, 'total_pick': 'OVER', 'total_projection': 44.0}, 'Football_MarketConsensus_v1': {'context_flags': {'book_count': 11, 'source': 'market_consensus'}, 'home_line_proj': 1.5, 'model_name': 'Football_MarketConsensus_v1', 'parlay_edge_score': 0, 'spread_distance': 0.0, 'spread_edge': 0.0, 'spread_pick': '', 'total_distance': 0.0, 'total_edge': 0.0, 'total_pick': '', 'total_projection': 43.5}, 'Football_SpreadValue_v1': {'context_flags': {'book_count': 11.0, 'value_shift': -0.75}, 'home_line_proj': 0.75, 'model_name': 'Football_SpreadValue_v1', 'parlay_edge_score': 0.75, 'spread_distance': 0.75, 'spread_edge': 0.75, 'spread_pick': 'HOME', 'total_distance': 0.0, 'total_edge': 0.0, 'total_pick': '', 'total_projection': 43.5}, 'Football_TotalValue_v1': {'context_flags': {'book_count': 11.0, 'total_value_rule': 'low_total_over_high_total_under'}, 'home_line_proj': 1.5, 'model_name': 'Football_TotalValue_v1', 'parlay_edge_score': 1.0, 'spread_distance': 0.0, 'spread_edge': 0.0, 'spread_pick': '', 'total_distance': 1.0, 'total_edge': 1.0, 'total_pick': 'OVER', 'total_projection': 44.5}}",-128.0,-128.0,108.0,108.0,66,9f1ad249959aacae89e5e74e43429a4a,2025-09-07T15:55:38Z,odds_api_flattened,-1.5,1.5,STATUS_FINAL,post,43.5,Lumen Field
nfl_401772832,2025-09-07,Denver Broncos,Tennessee Titans,-9.0,9.0,42.5,43.0,AWAY,-0.25,0.5,0.75,LOW,Football_MarketBlend_v1,Football_MarketBlend_v1,"{'blend_inputs': ['Football_MarketConsensus_v1', 'Football_SpreadValue_v1', 'Football_TotalValue_v1', 'Football_LineMovement_v1', 'Football_KeyNumberGuard_v1'], 'key_number_risk': False}","Game: Tennessee Titans @ Denver Broncos
Authority: Football_MarketBlend_v1
Market: Spread -9.0, Total 42.5
Projection: Margin -8.75, Total 43.0
Spread Pick: AWAY (edge -0.25)
Total Pick: OVER (edge 0.5)",-8.75,,,,OVER,ACTIVE,,"{'spread': None, 'total': None}",FOOTBALL_MARKET_BLEND,12,12,TEN,11,FOOTBALL_MARKET_BLEND,2025-09-07T20:05:00Z,1,Football market blend edge clears threshold,11,False,,true,true,true,true,20,20,DEN,nfl,odds_api_flattened_consensus,3,"{'Football_KeyNumberGuard_v1': {'context_flags': {'key_number_risk': False, 'key_numbers': [3, 7, 10]}, 'home_line_proj': -9.0, 'model_name': 'Football_KeyNumberGuard_v1', 'parlay_edge_score': 0, 'spread_distance': 0.0, 'spread_edge': 0.0, 'spread_pick': '', 'total_distance': 0.0, 'total_edge': 0.0, 'total_pick': '', 'total_projection': 42.5}, 'Football_LineMovement_v1': {'context_flags': {'movement_available': False}, 'home_line_proj': -9.0, 'model_name': 'Football_LineMovement_v1', 'parlay_edge_score': 0, 'spread_distance': 0.0, 'spread_edge': 0.0, 'spread_pick': '', 'total_distance': 0.0, 'total_edge': 0.0, 'total_pick': '', 'total_projection': 42.5}, 'Football_MarketBlend_v1': {'context_flags': {'blend_inputs': ['Football_MarketConsensus_v1', 'Football_SpreadValue_v1', 'Football_TotalValue_v1', 'Football_LineMovement_v1', 'Football_KeyNumberGuard_v1'], 'key_number_risk': False}, 'home_line_proj': -8.75, 'model_name': 'Football_MarketBlend_v1', 'parlay_edge_score': 0.75, 'spread_distance': 0.25, 'spread_edge': -0.25, 'spread_pick': 'AWAY', 'total_distance': 0.5, 'total_edge': 0.5, 'total_pick': 'OVER', 'total_projection': 43.0}, 'Football_MarketConsensus_v1': {'context_flags': {'book_count': 11, 'source': 'market_consensus'}, 'home_line_proj': -9.0, 'model_name': 'Football_MarketConsensus_v1', 'parlay_edge_score': 0, 'spread_distance': 0.0, 'spread_edge': 0.0, 'spread_pick': '', 'total_distance': 0.0, 'total_edge': 0.0, 'total_pick': '', 'total_projection': 42.5}, 'Football_SpreadValue_v1': {'context_flags': {'book_count': 11.0, 'value_shift': 0.75}, 'home_line_proj': -8.25, 'model_name': 'Football_SpreadValue_v1', 'parlay_edge_score': 0.75, 'spread_distance': 0.75, 'spread_edge': -0.75, 'spread_pick': 'AWAY', 'total_distance': 0.0, 'total_edge': 0.0, 'total_pick': '', 'total_projection': 42.5}, 'Football_TotalValue_v1': {'context_flags': {'book_count': 11.0, 'total_value_rule': 'low_total_over_high_total_under'}, 'home_line_proj': -9.0, 'model_name': 'Football_TotalValue_v1', 'parlay_edge_score': 1.0, 'spread_distance': 0.0, 'spread_edge': 0.0, 'spread_pick': '', 'total_distance': 1.0, 'total_edge': 1.0, 'total_pick': 'OVER', 'total_projection': 43.5}}",350.0,350.0,-460.0,-460.0,66,68397f3aa9eb847a421a49f990a11928,2025-09-07T15:55:38Z,odds_api_flattened,9.0,-9.0,STATUS_FINAL,post,42.5,Empower Field at Mile High
nfl_401772918,2025-09-08,Buffalo Bills,Baltimore Ravens,1.0,-1.0,50.5,50.0,HOME,0.25,-0.5,0.75,LOW,Football_MarketBlend_v1,Football_MarketBlend_v1,"{'blend_inputs': ['Football_MarketConsensus_v1', 'Football_SpreadValue_v1', 'Football_TotalValue_v1', 'Football_LineMovement_v1', 'Football_KeyNumberGuard_v1'], 'key_number_risk': False}","Game: Baltimore Ravens @ Buffalo Bills
Authority: Football_MarketBlend_v1
Market: Spread 1.0, Total 50.5
Projection: Margin 0.75, Total 50.0
Spread Pick: HOME (edge 0.25)
Total Pick: UNDER (edge -0.5)",0.75,,,,UNDER,ACTIVE,,"{'spread': None, 'total': None}",FOOTBALL_MARKET_BLEND,40,40,BAL,11,FOOTBALL_MARKET_BLEND,2025-09-08T00:20:00Z,1,Football market blend edge clears threshold,11,False,,true,true,true,true,41,41,BUF,nfl,odds_api_flattened_consensus,3,"{'Football_KeyNumberGuard_v1': {'context_flags': {'key_number_risk': False, 'key_numbers': [3, 7, 10]}, 'home_line_proj': 1.0, 'model_name': 'Football_KeyNumberGuard_v1', 'parlay_edge_score': 0, 'spread_distance': 0.0, 'spread_edge': 0.0, 'spread_pick': '', 'total_distance': 0.0, 'total_edge': 0.0, 'total_pick': '', 'total_projection': 50.5}, 'Football_LineMovement_v1': {'context_flags': {'movement_available': False}, 'home_line_proj': 1.0, 'model_name': 'Football_LineMovement_v1', 'parlay_edge_score': 0, 'spread_distance': 0.0, 'spread_edge': 0.0, 'spread_pick': '', 'total_distance': 0.0, 'total_edge': 0.0, 'total_pick': '', 'total_projection': 50.5}, 'Football_MarketBlend_v1': {'context_flags': {'blend_inputs': ['Football_MarketConsensus_v1', 'Football_SpreadValue_v1', 'Football_TotalValue_v1', 'Football_LineMovement_v1', 'Football_KeyNumberGuard_v1'], 'key_number_risk': False}, 'home_line_proj': 0.75, 'model_name': 'Football_MarketBlend_v1', 'parlay_edge_score': 0.75, 'spread_distance': 0.25, 'spread_edge': 0.25, 'spread_pick': 'HOME', 'total_distance': 0.5, 'total_edge': -0.5, 'total_pick': 'UNDER', 'total_projection': 50.0}, 'Football_MarketConsensus_v1': {'context_flags': {'book_count': 11, 'source': 'market_consensus'}, 'home_line_proj': 1.0, 'model_name': 'Football_MarketConsensus_v1', 'parlay_edge_score': 0, 'spread_distance': 0.0, 'spread_edge': 0.0, 'spread_pick': '', 'total_distance': 0.0, 'total_edge': 0.0, 'total_pick': '', 'total_projection': 50.5}, 'Football_SpreadValue_v1': {'context_flags': {'book_count': 11.0, 'value_shift': -0.75}, 'home_line_proj': 0.25, 'model_name': 'Football_SpreadValue_v1', 'parlay_edge_score': 0.75, 'spread_distance': 0.75, 'spread_edge': 0.75, 'spread_pick': 'HOME', 'total_distance': 0.0, 'total_edge': 0.0, 'total_pick': '', 'total_projection': 50.5}, 'Football_TotalValue_v1': {'context_flags': {'book_count': 11.0, 'total_value_rule': 'low_total_over_high_total_under'}, 'home_line_proj': 1.0, 'model_name': 'Football_TotalValue_v1', 'parlay_edge_score': 1.0, 'spread_distance': 0.0, 'spread_edge': 0.0, 'spread_pick': '', 'total_distance': 1.0, 'total_edge': -1.0, 'total_pick': 'UNDER', 'total_projection': 49.5}}",-120.0,-120.0,100.0,100.0,66,dee0a41ed5e8201a96d457899adbe918,2025-09-07T15:55:38Z,odds_api_flattened,-1.0,1.0,STATUS_FINAL,post,50.5,Highmark Stadium (Old)
nfl_401772810,2025-09-09,Chicago Bears,Minnesota Vikings,1.5,-1.5,43.5,44.0,HOME,0.25,0.5,0.75,LOW,Football_MarketBlend_v1,Football_MarketBlend_v1,"{'blend_inputs': ['Football_MarketConsensus_v1', 'Football_SpreadValue_v1', 'Football_TotalValue_v1', 'Football_LineMovement_v1', 'Football_KeyNumberGuard_v1'], 'key_number_risk': False}","Game: Minnesota Vikings @ Chicago Bears
Authority: Football_MarketBlend_v1
Market: Spread 1.5, Total 43.5
Projection: Margin 1.25, Total 44.0
Spread Pick: HOME (edge 0.25)
Total Pick: OVER (edge 0.5)",1.25,,,,OVER,ACTIVE,,"{'spread': None, 'total': None}",FOOTBALL_MARKET_BLEND,27,27,MIN,11,FOOTBALL_MARKET_BLEND,2025-09-09T00:15:00Z,1,Football market blend edge clears threshold,11,False,,true,true,true,true,24,24,CHI,nfl,odds_api_flattened_consensus,3,"{'Football_KeyNumberGuard_v1': {'context_flags': {'key_number_risk': False, 'key_numbers': [3, 7, 10]}, 'home_line_proj': 1.5, 'model_name': 'Football_KeyNumberGuard_v1', 'parlay_edge_score': 0, 'spread_distance': 0.0, 'spread_edge': 0.0, 'spread_pick': '', 'total_distance': 0.0, 'total_edge': 0.0, 'total_pick': '', 'total_projection': 43.5}, 'Football_LineMovement_v1': {'context_flags': {'movement_available': False}, 'home_line_proj': 1.5, 'model_name': 'Football_LineMovement_v1', 'parlay_edge_score': 0, 'spread_distance': 0.0, 'spread_edge': 0.0, 'spread_pick': '', 'total_distance': 0.0, 'total_edge': 0.0, 'total_pick': '', 'total_projection': 43.5}, 'Football_MarketBlend_v1': {'context_flags': {'blend_inputs': ['Football_MarketConsensus_v1', 'Football_SpreadValue_v1', 'Football_TotalValue_v1', 'Football_LineMovement_v1', 'Football_KeyNumberGuard_v1'], 'key_number_risk': False}, 'home_line_proj': 1.25, 'model_name': 'Football_MarketBlend_v1', 'parlay_edge_score': 0.75, 'spread_distance': 0.25, 'spread_edge': 0.25, 'spread_pick': 'HOME', 'total_distance': 0.5, 'total_edge': 0.5, 'total_pick': 'OVER', 'total_projection': 44.0}, 'Football_MarketConsensus_v1': {'context_flags': {'book_count': 11, 'source': 'market_consensus'}, 'home_line_proj': 1.5, 'model_name': 'Football_MarketConsensus_v1', 'parlay_edge_score': 0, 'spread_distance': 0.0, 'spread_edge': 0.0, 'spread_pick': '', 'total_distance': 0.0, 'total_edge': 0.0, 'total_pick': '', 'total_projection': 43.5}, 'Football_SpreadValue_v1': {'context_flags': {'book_count': 11.0, 'value_shift': -0.75}, 'home_line_proj': 0.75, 'model_name': 'Football_SpreadValue_v1', 'parlay_edge_score': 0.75, 'spread_distance': 0.75, 'spread_edge': 0.75, 'spread_pick': 'HOME', 'total_distance': 0.0, 'total_edge': 0.0, 'total_pick': '', 'total_projection': 43.5}, 'Football_TotalValue_v1': {'context_flags': {'book_count': 11.0, 'total_value_rule': 'low_total_over_high_total_under'}, 'home_line_proj': 1.5, 'model_name': 'Football_TotalValue_v1', 'parlay_edge_score': 1.0, 'spread_distance': 0.0, 'spread_edge': 0.0, 'spread_pick': '', 'total_distance': 1.0, 'total_edge': 1.0, 'total_pick': 'OVER', 'total_projection': 44.5}}",-122.0,-122.0,101.0,101.0,66,c6d7807cee33d5e81c671527b9c8b3f1,2025-09-08T15:55:39Z,odds_api_flattened,-1.5,1.5,STATUS_FINAL,post,43.5,Soldier Field
nfl_401772936,2025-09-12,Green Bay Packers,Washington Commanders,-3.0,3.0,49.0,48.5,,-0.25,-0.5,0.75,LOW,Football_MarketBlend_v1,Football_MarketBlend_v1,"{'blend_inputs': ['Football_MarketConsensus_v1', 'Football_SpreadValue_v1', 'Football_TotalValue_v1', 'Football_LineMovement_v1', 'Football_KeyNumberGuard_v1'], 'key_number_risk': True, 'spread_veto': 'key_number_guard'}","Game: Washington Commanders @ Green Bay Packers
Authority: Football_MarketBlend_v1
Market: Spread -3.0, Total 49.0
Projection: Margin -2.75, Total 48.5
Spread Pick:  (edge -0.25)
Total Pick: UNDER (edge -0.5)",-2.75,,,,UNDER,ACTIVE,,"{'spread': None, 'total': None}",FOOTBALL_MARKET_BLEND,18,18,WAS,11,FOOTBALL_MARKET_BLEND,2025-09-12T00:16:00Z,1,Football market blend edge clears threshold,11,False,,true,true,true,true,27,27,GB,nfl,odds_api_flattened_consensus,3,"{'Football_KeyNumberGuard_v1': {'context_flags': {'key_number_risk': True, 'key_numbers': [3, 7, 10]}, 'home_line_proj': -3.0, 'model_name': 'Football_KeyNumberGuard_v1', 'parlay_edge_score': 0, 'spread_distance': 0.0, 'spread_edge': 0.0, 'spread_pick': '', 'total_distance': 0.0, 'total_edge': 0.0, 'total_pick': '', 'total_projection': 49.0}, 'Football_LineMovement_v1': {'context_flags': {'movement_available': False}, 'home_line_proj': -3.0, 'model_name': 'Football_LineMovement_v1', 'parlay_edge_score': 0, 'spread_distance': 0.0, 'spread_edge': 0.0, 'spread_pick': '', 'total_distance': 0.0, 'total_edge': 0.0, 'total_pick': '', 'total_projection': 49.0}, 'Football_MarketBlend_v1': {'context_flags': {'blend_inputs': ['Football_MarketConsensus_v1', 'Football_SpreadValue_v1', 'Football_TotalValue_v1', 'Football_LineMovement_v1', 'Football_KeyNumberGuard_v1'], 'key_number_risk': True, 'spread_veto': 'key_number_guard'}, 'home_line_proj': -2.75, 'model_name': 'Football_MarketBlend_v1', 'parlay_edge_score': 0.75, 'spread_distance': 0.25, 'spread_edge': -0.25, 'spread_pick': '', 'total_distance': 0.5, 'total_edge': -0.5, 'total_pick': 'UNDER', 'total_projection': 48.5}, 'Football_MarketConsensus_v1': {'context_flags': {'book_count': 11, 'source': 'market_consensus'}, 'home_line_proj': -3.0, 'model_name': 'Football_MarketConsensus_v1', 'parlay_edge_score': 0, 'spread_distance': 0.0, 'spread_edge': 0.0, 'spread_pick': '', 'total_distance': 0.0, 'total_edge': 0.0, 'total_pick': '', 'total_projection': 49.0}, 'Football_SpreadValue_v1': {'context_flags': {'book_count': 11.0, 'value_shift': 0.75}, 'home_line_proj': -2.25, 'model_name': 'Football_SpreadValue_v1', 'parlay_edge_score': 0.75, 'spread_distance': 0.75, 'spread_edge': -0.75, 'spread_pick': 'AWAY', 'total_distance': 0.0, 'total_edge': 0.0, 'total_pick': '', 'total_projection': 49.0}, 'Football_TotalValue_v1': {'context_flags': {'book_count': 11.0, 'total_value_rule': 'low_total_over_high_total_under'}, 'home_line_proj': -3.0, 'model_name': 'Football_TotalValue_v1', 'parlay_edge_score': 1.0, 'spread_distance': 0.0, 'spread_edge': 0.0, 'spread_pick': '', 'total_distance': 1.0, 'total_edge': -1.0, 'total_pick': 'UNDER', 'total_projection': 48.0}}",150.0,150.0,-178.0,-178.0,66,0c6e5d9821ce0d3e82f3e792879776a6,2025-09-11T15:55:39Z,odds_api_flattened,3.0,-3.0,STATUS_FINAL,post,49.0,Lambeau Field
nfl_401772724,2025-09-14,Tennessee Titans,Los Angeles Rams,5.5,-5.5,41.5,42.0,HOME,0.25,0.5,0.75,LOW,Football_MarketBlend_v1,Football_MarketBlend_v1,"{'blend_inputs': ['Football_MarketConsensus_v1', 'Football_SpreadValue_v1', 'Football_TotalValue_v1', 'Football_LineMovement_v1', 'Football_KeyNumberGuard_v1'], 'key_number_risk': False}","Game: Los Angeles Rams @ Tennessee Titans
Authority: Football_MarketBlend_v1
Market: Spread 5.5, Total 41.5
Projection: Margin 5.25, Total 42.0
Spread Pick: HOME (edge 0.25)
Total Pick: OVER (edge 0.5)",5.25,,,,OVER,ACTIVE,,"{'spread': None, 'total': None}",FOOTBALL_MARKET_BLEND,33,33,LAR,11,FOOTBALL_MARKET_BLEND,2025-09-14T17:01:00Z,1,Football market blend edge clears threshold,11,False,,true,true,true,true,19,19,TEN,nfl,odds_api_flattened_consensus,3,"{'Football_KeyNumberGuard_v1': {'context_flags': {'key_number_risk': False, 'key_numbers': [3, 7, 10]}, 'home_line_proj': 5.5, 'model_name': 'Football_KeyNumberGuard_v1', 'parlay_edge_score': 0, 'spread_distance': 0.0, 'spread_edge': 0.0, 'spread_pick': '', 'total_distance': 0.0, 'total_edge': 0.0, 'total_pick': '', 'total_projection': 41.5}, 'Football_LineMovement_v1': {'context_flags': {'movement_available': False}, 'home_line_proj': 5.5, 'model_name': 'Football_LineMovement_v1', 'parlay_edge_score': 0, 'spread_distance': 0.0, 'spread_edge': 0.0, 'spread_pick': '', 'total_distance': 0.0, 'total_edge': 0.0, 'total_pick': '', 'total_projection': 41.5}, 'Football_MarketBlend_v1': {'context_flags': {'blend_inputs': ['Football_MarketConsensus_v1', 'Football_SpreadValue_v1', 'Football_TotalValue_v1', 'Football_LineMovement_v1', 'Football_KeyNumberGuard_v1'], 'key_number_risk': False}, 'home_line_proj': 5.25, 'model_name': 'Football_MarketBlend_v1', 'parlay_edge_score': 0.75, 'spread_distance': 0.25, 'spread_edge': 0.25, 'spread_pick': 'HOME', 'total_distance': 0.5, 'total_edge': 0.5, 'total_pick': 'OVER', 'total_projection': 42.0}, 'Football_MarketConsensus_v1': {'context_flags': {'book_count': 11, 'source': 'market_consensus'}, 'home_line_proj': 5.5, 'model_name': 'Football_MarketConsensus_v1', 'parlay_edge_score': 0, 'spread_distance': 0.0, 'spread_edge': 0.0, 'spread_pick': '', 'total_distance': 0.0, 'total_edge': 0.0, 'total_pick': '', 'total_projection': 41.5}, 'Football_SpreadValue_v1': {'context_flags': {'book_count': 11.0, 'value_shift': -0.75}, 'home_line_proj': 4.75, 'model_name': 'Football_SpreadValue_v1', 'parlay_edge_score': 0.75, 'spread_distance': 0.75, 'spread_edge': 0.75, 'spread_pick': 'HOME', 'total_distance': 0.0, 'total_edge': 0.0, 'total_pick': '', 'total_projection': 41.5}, 'Football_TotalValue_v1': {'context_flags': {'book_count': 11.0, 'total_value_rule': 'low_total_over_high_total_under'}, 'home_line_proj': 5.5, 'model_name': 'Football_TotalValue_v1', 'parlay_edge_score': 1.0, 'spread_distance': 0.0, 'spread_edge': 0.0, 'spread_pick': '', 'total_distance': 1.0, 'total_edge': 1.0, 'total_pick': 'OVER', 'total_projection': 42.5}}",-250.0,-250.0,205.0,205.0,66,0e6f68b30237afc04d1517a193213a65,2025-09-14T15:55:38Z,odds_api_flattened,-5.5,5.5,STATUS_FINAL,post,41.5,Nissan Stadium
nfl_401772725,2025-09-14,Cincinnati Bengals,Jacksonville Jaguars,-3.5,3.5,49.0,48.5,,-0.25,-0.5,0.75,LOW,Football_MarketBlend_v1,Football_MarketBlend_v1,"{'blend_inputs': ['Football_MarketConsensus_v1', 'Football_SpreadValue_v1', 'Football_TotalValue_v1', 'Football_LineMovement_v1', 'Football_KeyNumberGuard_v1'], 'key_number_risk': True, 'spread_veto': 'key_number_guard'}","Game: Jacksonville Jaguars @ Cincinnati Bengals
Authority: Football_MarketBlend_v1
Market: Spread -3.5, Total 49.0
Projection: Margin -3.25, Total 48.5
Spread Pick:  (edge -0.25)
Total Pick: UNDER (edge -0.5)",-3.25,,,,UNDER,ACTIVE,,"{'spread': None, 'total': None}",FOOTBALL_MARKET_BLEND,27,27,JAX,11,FOOTBALL_MARKET_BLEND,2025-09-14T17:00:00Z,1,Football market blend edge clears threshold,11,False,,true,true,true,true,31,31,CIN,nfl,odds_api_flattened_consensus,3,"{'Football_KeyNumberGuard_v1': {'context_flags': {'key_number_risk': True, 'key_numbers': [3, 7, 10]}, 'home_line_proj': -3.5, 'model_name': 'Football_KeyNumberGuard_v1', 'parlay_edge_score': 0, 'spread_distance': 0.0, 'spread_edge': 0.0, 'spread_pick': '', 'total_distance': 0.0, 'total_edge': 0.0, 'total_pick': '', 'total_projection': 49.0}, 'Football_LineMovement_v1': {'context_flags': {'movement_available': False}, 'home_line_proj': -3.5, 'model_name': 'Football_LineMovement_v1', 'parlay_edge_score': 0, 'spread_distance': 0.0, 'spread_edge': 0.0, 'spread_pick': '', 'total_distance': 0.0, 'total_edge': 0.0, 'total_pick': '', 'total_projection': 49.0}, 'Football_MarketBlend_v1': {'context_flags': {'blend_inputs': ['Football_MarketConsensus_v1', 'Football_SpreadValue_v1', 'Football_TotalValue_v1', 'Football_LineMovement_v1', 'Football_KeyNumberGuard_v1'], 'key_number_risk': True, 'spread_veto': 'key_number_guard'}, 'home_line_proj': -3.25, 'model_name': 'Football_MarketBlend_v1', 'parlay_edge_score': 0.75, 'spread_distance': 0.25, 'spread_edge': -0.25, 'spread_pick': '', 'total_distance': 0.5, 'total_edge': -0.5, 'total_pick': 'UNDER', 'total_projection': 48.5}, 'Football_MarketConsensus_v1': {'context_flags': {'book_count': 11, 'source': 'market_consensus'}, 'home_line_proj': -3.5, 'model_name': 'Football_MarketConsensus_v1', 'parlay_edge_score': 0, 'spread_distance': 0.0, 'spread_edge': 0.0, 'spread_pick': '', 'total_distance': 0.0, 'total_edge': 0.0, 'total_pick': '', 'total_projection': 49.0}, 'Football_SpreadValue_v1': {'context_flags': {'book_count': 11.0, 'value_shift': 0.75}, 'home_line_proj': -2.75, 'model_name': 'Football_SpreadValue_v1', 'parlay_edge_score': 0.75, 'spread_distance': 0.75, 'spread_edge': -0.75, 'spread_pick': 'AWAY', 'total_distance': 0.0, 'total_edge': 0.0, 'total_pick': '', 'total_projection': 49.0}, 'Football_TotalValue_v1': {'context_flags': {'book_count': 11.0, 'total_value_rule': 'low_total_over_high_total_under'}, 'home_line_proj': -3.5, 'model_name': 'Football_TotalValue_v1', 'parlay_edge_score': 1.0, 'spread_distance': 0.0, 'spread_edge': 0.0, 'spread_pick': '', 'total_distance': 1.0, 'total_edge': -1.0, 'total_pick': 'UNDER', 'total_projection': 48.0}}",160.0,160.0,-190.0,-190.0,66,ec75e45d75691f810f347e0c5ff25d6e,2025-09-14T15:55:38Z,odds_api_flattened,3.5,-3.5,STATUS_FINAL,post,49.0,Paycor Stadium
nfl_401772726,2025-09-14,Baltimore Ravens,Cleveland Browns,-12.5,12.5,45.5,45.0,AWAY,-0.25,-0.5,0.75,LOW,Football_MarketBlend_v1,Football_MarketBlend_v1,"{'blend_inputs': ['Football_MarketConsensus_v1', 'Football_SpreadValue_v1', 'Football_TotalValue_v1', 'Football_LineMovement_v1', 'Football_KeyNumberGuard_v1'], 'key_number_risk': False}","Game: Cleveland Browns @ Baltimore Ravens
Authority: Football_MarketBlend_v1
Market: Spread -12.5, Total 45.5
Projection: Margin -12.25, Total 45.0
Spread Pick: AWAY (edge -0.25)
Total Pick: UNDER (edge -0.5)",-12.25,,,,UNDER,ACTIVE,,"{'spread': None, 'total': None}",FOOTBALL_MARKET_BLEND,17,17,CLE,11,FOOTBALL_MARKET_BLEND,2025-09-14T17:01:00Z,1,Football market blend edge clears threshold,11,False,,true,true,true,true,41,41,BAL,nfl,odds_api_flattened_consensus,3,"{'Football_KeyNumberGuard_v1': {'context_flags': {'key_number_risk': False, 'key_numbers': [3, 7, 10]}, 'home_line_proj': -12.5, 'model_name': 'Football_KeyNumberGuard_v1', 'parlay_edge_score': 0, 'spread_distance': 0.0, 'spread_edge': 0.0, 'spread_pick': '', 'total_distance': 0.0, 'total_edge': 0.0, 'total_pick': '', 'total_projection': 45.5}, 'Football_LineMovement_v1': {'context_flags': {'movement_available': False}, 'home_line_proj': -12.5, 'model_name': 'Football_LineMovement_v1', 'parlay_edge_score': 0, 'spread_distance': 0.0, 'spread_edge': 0.0, 'spread_pick': '', 'total_distance': 0.0, 'total_edge': 0.0, 'total_pick': '', 'total_projection': 45.5}, 'Football_MarketBlend_v1': {'context_flags': {'blend_inputs': ['Football_MarketConsensus_v1', 'Football_SpreadValue_v1', 'Football_TotalValue_v1', 'Football_LineMovement_v1', 'Football_KeyNumberGuard_v1'], 'key_number_risk': False}, 'home_line_proj': -12.25, 'model_name': 'Football_MarketBlend_v1', 'parlay_edge_score': 0.75, 'spread_distance': 0.25, 'spread_edge': -0.25, 'spread_pick': 'AWAY', 'total_distance': 0.5, 'total_edge': -0.5, 'total_pick': 'UNDER', 'total_projection': 45.0}, 'Football_MarketConsensus_v1': {'context_flags': {'book_count': 11, 'source': 'market_consensus'}, 'home_line_proj': -12.5, 'model_name': 'Football_MarketConsensus_v1', 'parlay_edge_score': 0, 'spread_distance': 0.0, 'spread_edge': 0.0, 'spread_pick': '', 'total_distance': 0.0, 'total_edge': 0.0, 'total_pick': '', 'total_projection': 45.5}, 'Football_SpreadValue_v1': {'context_flags': {'book_count': 11.0, 'value_shift': 0.75}, 'home_line_proj': -11.75, 'model_name': 'Football_SpreadValue_v1', 'parlay_edge_score': 0.75, 'spread_distance': 0.75, 'spread_edge': -0.75, 'spread_pick': 'AWAY', 'total_distance': 0.0, 'total_edge': 0.0, 'total_pick': '', 'total_projection': 45.5}, 'Football_TotalValue_v1': {'context_flags': {'book_count': 11.0, 'total_value_rule': 'low_total_over_high_total_under'}, 'home_line_proj': -12.5, 'model_name': 'Football_TotalValue_v1', 'parlay_edge_score': 1.0, 'spread_distance': 0.0, 'spread_edge': 0.0, 'spread_pick': '', 'total_distance': 1.0, 'total_edge': -1.0, 'total_pick': 'UNDER', 'total_projection': 44.5}}",590.0,590.0,-900.0,-900.0,66,553edb8bf2452482b37dde58e832a6fb,2025-09-14T15:55:38Z,odds_api_flattened,12.5,-12.5,STATUS_FINAL,post,45.5,M&T Bank Stadium
nfl_401772727,2025-09-14,New York Jets,Buffalo Bills,5.5,-5.5,47.5,47.0,HOME,0.25,-0.5,0.75,LOW,Football_MarketBlend_v1,Football_MarketBlend_v1,"{'blend_inputs': ['Football_MarketConsensus_v1', 'Football_SpreadValue_v1', 'Football_TotalValue_v1', 'Football_LineMovement_v1', 'Football_KeyNumberGuard_v1'], 'key_number_risk': False}","Game: Buffalo Bills @ New York Jets
Authority: Football_MarketBlend_v1
Market: Spread 5.5, Total 47.5
Projection: Margin 5.25, Total 47.0
Spread Pick: HOME (edge 0.25)
Total Pick: UNDER (edge -0.5)",5.25,,,,UNDER,ACTIVE,,"{'spread': None, 'total': None}",FOOTBALL_MARKET_BLEND,30,30,BUF,11,FOOTBALL_MARKET_BLEND,2025-09-14T17:01:00Z,1,Football market blend edge clears threshold,11,False,,true,true,true,true,10,10,NYJ,nfl,odds_api_flattened_consensus,3,"{'Football_KeyNumberGuard_v1': {'context_flags': {'key_number_risk': False, 'key_numbers': [3, 7, 10]}, 'home_line_proj': 5.5, 'model_name': 'Football_KeyNumberGuard_v1', 'parlay_edge_score': 0, 'spread_distance': 0.0, 'spread_edge': 0.0, 'spread_pick': '', 'total_distance': 0.0, 'total_edge': 0.0, 'total_pick': '', 'total_projection': 47.5}, 'Football_LineMovement_v1': {'context_flags': {'movement_available': False}, 'home_line_proj': 5.5, 'model_name': 'Football_LineMovement_v1', 'parlay_edge_score': 0, 'spread_distance': 0.0, 'spread_edge': 0.0, 'spread_pick': '', 'total_distance': 0.0, 'total_edge': 0.0, 'total_pick': '', 'total_projection': 47.5}, 'Football_MarketBlend_v1': {'context_flags': {'blend_inputs': ['Football_MarketConsensus_v1', 'Football_SpreadValue_v1', 'Football_TotalValue_v1', 'Football_LineMovement_v1', 'Football_KeyNumberGuard_v1'], 'key_number_risk': False}, 'home_line_proj': 5.25, 'model_name': 'Football_MarketBlend_v1', 'parlay_edge_score': 0.75, 'spread_distance': 0.25, 'spread_edge': 0.25, 'spread_pick': 'HOME', 'total_distance': 0.5, 'total_edge': -0.5, 'total_pick': 'UNDER', 'total_projection': 47.0}, 'Football_MarketConsensus_v1': {'context_flags': {'book_count': 11, 'source': 'market_consensus'}, 'home_line_proj': 5.5, 'model_name': 'Football_MarketConsensus_v1', 'parlay_edge_score': 0, 'spread_distance': 0.0, 'spread_edge': 0.0, 'spread_pick': '', 'total_distance': 0.0, 'total_edge': 0.0, 'total_pick': '', 'total_projection': 47.5}, 'Football_SpreadValue_v1': {'context_flags': {'book_count': 11.0, 'value_shift': -0.75}, 'home_line_proj': 4.75, 'model_name': 'Football_SpreadValue_v1', 'parlay_edge_score': 0.75, 'spread_distance': 0.75, 'spread_edge': 0.75, 'spread_pick': 'HOME', 'total_distance': 0.0, 'total_edge': 0.0, 'total_pick': '', 'total_projection': 47.5}, 'Football_TotalValue_v1': {'context_flags': {'book_count': 11.0, 'total_value_rule': 'low_total_over_high_total_under'}, 'home_line_proj': 5.5, 'model_name': 'Football_TotalValue_v1', 'parlay_edge_score': 1.0, 'spread_distance': 0.0, 'spread_edge': 0.0, 'spread_pick': '', 'total_distance': 1.0, 'total_edge': -1.0, 'total_pick': 'UNDER', 'total_projection': 46.5}}",-285.0,-285.0,222.0,222.0,66,cd0fd9335b5182d3bfed35ab8d5ab6fb,2025-09-14T15:55:38Z,odds_api_flattened,-5.5,5.5,STATUS_FINAL,post,47.5,MetLife Stadium
nfl_401772728,2025-09-14,Miami Dolphins,New England Patriots,-2.5,2.5,43.5,44.0,,-0.25,0.5,0.75,LOW,Football_MarketBlend_v1,Football_MarketBlend_v1,"{'blend_inputs': ['Football_MarketConsensus_v1', 'Football_SpreadValue_v1', 'Football_TotalValue_v1', 'Football_LineMovement_v1', 'Football_KeyNumberGuard_v1'], 'key_number_risk': True, 'spread_veto': 'key_number_guard'}","Game: New England Patriots @ Miami Dolphins
Authority: Football_MarketBlend_v1
Market: Spread -2.5, Total 43.5
Projection: Margin -2.25, Total 44.0
Spread Pick:  (edge -0.25)
Total Pick: OVER (edge 0.5)",-2.25,,,,OVER,ACTIVE,,"{'spread': None, 'total': None}",FOOTBALL_MARKET_BLEND,33,33,NE,11,FOOTBALL_MARKET_BLEND,2025-09-14T17:00:00Z,1,Football market blend edge clears threshold,11,False,,true,true,true,true,27,27,MIA,nfl,odds_api_flattened_consensus,3,"{'Football_KeyNumberGuard_v1': {'context_flags': {'key_number_risk': True, 'key_numbers': [3, 7, 10]}, 'home_line_proj': -2.5, 'model_name': 'Football_KeyNumberGuard_v1', 'parlay_edge_score': 0, 'spread_distance': 0.0, 'spread_edge': 0.0, 'spread_pick': '', 'total_distance': 0.0, 'total_edge': 0.0, 'total_pick': '', 'total_projection': 43.5}, 'Football_LineMovement_v1': {'context_flags': {'movement_available': False}, 'home_line_proj': -2.5, 'model_name': 'Football_LineMovement_v1', 'parlay_edge_score': 0, 'spread_distance': 0.0, 'spread_edge': 0.0, 'spread_pick': '', 'total_distance': 0.0, 'total_edge': 0.0, 'total_pick': '', 'total_projection': 43.5}, 'Football_MarketBlend_v1': {'context_flags': {'blend_inputs': ['Football_MarketConsensus_v1', 'Football_SpreadValue_v1', 'Football_TotalValue_v1', 'Football_LineMovement_v1', 'Football_KeyNumberGuard_v1'], 'key_number_risk': True, 'spread_veto': 'key_number_guard'}, 'home_line_proj': -2.25, 'model_name': 'Football_MarketBlend_v1', 'parlay_edge_score': 0.75, 'spread_distance': 0.25, 'spread_edge': -0.25, 'spread_pick': '', 'total_distance': 0.5, 'total_edge': 0.5, 'total_pick': 'OVER', 'total_projection': 44.0}, 'Football_MarketConsensus_v1': {'context_flags': {'book_count': 11, 'source': 'market_consensus'}, 'home_line_proj': -2.5, 'model_name': 'Football_MarketConsensus_v1', 'parlay_edge_score': 0, 'spread_distance': 0.0, 'spread_edge': 0.0, 'spread_pick': '', 'total_distance': 0.0, 'total_edge': 0.0, 'total_pick': '', 'total_projection': 43.5}, 'Football_SpreadValue_v1': {'context_flags': {'book_count': 11.0, 'value_shift': 0.75}, 'home_line_proj': -1.75, 'model_name': 'Football_SpreadValue_v1', 'parlay_edge_score': 0.75, 'spread_distance': 0.75, 'spread_edge': -0.75, 'spread_pick': 'AWAY', 'total_distance': 0.0, 'total_edge': 0.0, 'total_pick': '', 'total_projection': 43.5}, 'Football_TotalValue_v1': {'context_flags': {'book_count': 11.0, 'total_value_rule': 'low_total_over_high_total_under'}, 'home_line_proj': -2.5, 'model_name': 'Football_TotalValue_v1', 'parlay_edge_score': 1.0, 'spread_distance': 0.0, 'spread_edge': 0.0, 'spread_pick': '', 'total_distance': 1.0, 'total_edge': 1.0, 'total_pick': 'OVER', 'total_projection': 44.5}}",110.0,110.0,-135.0,-135.0,66,575c1b169aab675ec72372ccb0f4c55f,2025-09-14T15:55:38Z,odds_api_flattened,2.5,-2.5,STATUS_FINAL,post,43.5,Hard Rock Stadium
nfl_401772729,2025-09-14,Indianapolis Colts,Denver Broncos,1.0,-1.0,43.5,44.0,HOME,0.25,0.5,0.75,LOW,Football_MarketBlend_v1,Football_MarketBlend_v1,"{'blend_inputs': ['Football_MarketConsensus_v1', 'Football_SpreadValue_v1', 'Football_TotalValue_v1', 'Football_LineMovement_v1', 'Football_KeyNumberGuard_v1'], 'key_number_risk': False}","Game: Denver Broncos @ Indianapolis Colts
Authority: Football_MarketBlend_v1
Market: Spread 1.0, Total 43.5
Projection: Margin 0.75, Total 44.0
Spread Pick: HOME (edge 0.25)
Total Pick: OVER (edge 0.5)",0.75,,,,OVER,ACTIVE,,"{'spread': None, 'total': None}",FOOTBALL_MARKET_BLEND,28,28,DEN,11,FOOTBALL_MARKET_BLEND,2025-09-14T20:06:00Z,1,Football market blend edge clears threshold,11,False,,true,true,true,true,29,29,IND,nfl,odds_api_flattened_consensus,3,"{'Football_KeyNumberGuard_v1': {'context_flags': {'key_number_risk': False, 'key_numbers': [3, 7, 10]}, 'home_line_proj': 1.0, 'model_name': 'Football_KeyNumberGuard_v1', 'parlay_edge_score': 0, 'spread_distance': 0.0, 'spread_edge': 0.0, 'spread_pick': '', 'total_distance': 0.0, 'total_edge': 0.0, 'total_pick': '', 'total_projection': 43.5}, 'Football_LineMovement_v1': {'context_flags': {'movement_available': False}, 'home_line_proj': 1.0, 'model_name': 'Football_LineMovement_v1', 'parlay_edge_score': 0, 'spread_distance': 0.0, 'spread_edge': 0.0, 'spread_pick': '', 'total_distance': 0.0, 'total_edge': 0.0, 'total_pick': '', 'total_projection': 43.5}, 'Football_MarketBlend_v1': {'context_flags': {'blend_inputs': ['Football_MarketConsensus_v1', 'Football_SpreadValue_v1', 'Football_TotalValue_v1', 'Football_LineMovement_v1', 'Football_KeyNumberGuard_v1'], 'key_number_risk': False}, 'home_line_proj': 0.75, 'model_name': 'Football_MarketBlend_v1', 'parlay_edge_score': 0.75, 'spread_distance': 0.25, 'spread_edge': 0.25, 'spread_pick': 'HOME', 'total_distance': 0.5, 'total_edge': 0.5, 'total_pick': 'OVER', 'total_projection': 44.0}, 'Football_MarketConsensus_v1': {'context_flags': {'book_count': 11, 'source': 'market_consensus'}, 'home_line_proj': 1.0, 'model_name': 'Football_MarketConsensus_v1', 'parlay_edge_score': 0, 'spread_distance': 0.0, 'spread_edge': 0.0, 'spread_pick': '', 'total_distance': 0.0, 'total_edge': 0.0, 'total_pick': '', 'total_projection': 43.5}, 'Football_SpreadValue_v1': {'context_flags': {'book_count': 11.0, 'value_shift': -0.75}, 'home_line_proj': 0.25, 'model_name': 'Football_SpreadValue_v1', 'parlay_edge_score': 0.75, 'spread_distance': 0.75, 'spread_edge': 0.75, 'spread_pick': 'HOME', 'total_distance': 0.0, 'total_edge': 0.0, 'total_pick': '', 'total_projection': 43.5}, 'Football_TotalValue_v1': {'context_flags': {'book_count': 11.0, 'total_value_rule': 'low_total_over_high_total_under'}, 'home_line_proj': 1.0, 'model_name': 'Football_TotalValue_v1', 'parlay_edge_score': 1.0, 'spread_distance': 0.0, 'spread_edge': 0.0, 'spread_pick': '', 'total_distance': 1.0, 'total_edge': 1.0, 'total_pick': 'OVER', 'total_projection': 44.5}}",-120.0,-120.0,101.0,101.0,64,e217b38ef8bc6e98d3512cb42b90782e,2025-09-14T15:55:38Z,odds_api_flattened,-1.0,1.0,STATUS_FINAL,post,43.5,Lucas Oil Stadium
nfl_401772730,2025-09-14,Arizona Cardinals,Carolina Panthers,-7.0,7.0,44.5,45.0,,-0.25,0.5,0.75,LOW,Football_MarketBlend_v1,Football_MarketBlend_v1,"{'blend_inputs': ['Football_MarketConsensus_v1', 'Football_SpreadValue_v1', 'Football_TotalValue_v1', 'Football_LineMovement_v1', 'Football_KeyNumberGuard_v1'], 'key_number_risk': True, 'spread_veto': 'key_number_guard'}","Game: Carolina Panthers @ Arizona Cardinals
Authority: Football_MarketBlend_v1
Market: Spread -7.0, Total 44.5
Projection: Margin -6.75, Total 45.0
Spread Pick:  (edge -0.25)
Total Pick: OVER (edge 0.5)",-6.75,,,,OVER,ACTIVE,,"{'spread': None, 'total': None}",FOOTBALL_MARKET_BLEND,22,22,CAR,11,FOOTBALL_MARKET_BLEND,2025-09-14T20:05:00Z,1,Football market blend edge clears threshold,11,False,,true,true,true,true,27,27,ARI,nfl,odds_api_flattened_consensus,3,"{'Football_KeyNumberGuard_v1': {'context_flags': {'key_number_risk': True, 'key_numbers': [3, 7, 10]}, 'home_line_proj': -7.0, 'model_name': 'Football_KeyNumberGuard_v1', 'parlay_edge_score': 0, 'spread_distance': 0.0, 'spread_edge': 0.0, 'spread_pick': '', 'total_distance': 0.0, 'total_edge': 0.0, 'total_pick': '', 'total_projection': 44.5}, 'Football_LineMovement_v1': {'context_flags': {'movement_available': False}, 'home_line_proj': -7.0, 'model_name': 'Football_LineMovement_v1', 'parlay_edge_score': 0, 'spread_distance': 0.0, 'spread_edge': 0.0, 'spread_pick': '', 'total_distance': 0.0, 'total_edge': 0.0, 'total_pick': '', 'total_projection': 44.5}, 'Football_MarketBlend_v1': {'context_flags': {'blend_inputs': ['Football_MarketConsensus_v1', 'Football_SpreadValue_v1', 'Football_TotalValue_v1', 'Football_LineMovement_v1', 'Football_KeyNumberGuard_v1'], 'key_number_risk': True, 'spread_veto': 'key_number_guard'}, 'home_line_proj': -6.75, 'model_name': 'Football_MarketBlend_v1', 'parlay_edge_score': 0.75, 'spread_distance': 0.25, 'spread_edge': -0.25, 'spread_pick': '', 'total_distance': 0.5, 'total_edge': 0.5, 'total_pick': 'OVER', 'total_projection': 45.0}, 'Football_MarketConsensus_v1': {'context_flags': {'book_count': 11, 'source': 'market_consensus'}, 'home_line_proj': -7.0, 'model_name': 'Football_MarketConsensus_v1', 'parlay_edge_score': 0, 'spread_distance': 0.0, 'spread_edge': 0.0, 'spread_pick': '', 'total_distance': 0.0, 'total_edge': 0.0, 'total_pick': '', 'total_projection': 44.5}, 'Football_SpreadValue_v1': {'context_flags': {'book_count': 11.0, 'value_shift': 0.75}, 'home_line_proj': -6.25, 'model_name': 'Football_SpreadValue_v1', 'parlay_edge_score': 0.75, 'spread_distance': 0.75, 'spread_edge': -0.75, 'spread_pick': 'AWAY', 'total_distance': 0.0, 'total_edge': 0.0, 'total_pick': '', 'total_projection': 44.5}, 'Football_TotalValue_v1': {'context_flags': {'book_count': 11.0, 'total_value_rule': 'low_total_over_high_total_under'}, 'home_line_proj': -7.0, 'model_name': 'Football_TotalValue_v1', 'parlay_edge_score': 1.0, 'spread_distance': 0.0, 'spread_edge': 0.0, 'spread_pick': '', 'total_distance': 1.0, 'total_edge': 1.0, 'total_pick': 'OVER', 'total_projection': 45.5}}",260.0,260.0,-330.0,-330.0,66,7e2ad5ef04493526707e0868f7b70c47,2025-09-14T15:55:38Z,odds_api_flattened,7.0,-7.0,STATUS_FINAL,post,44.5,State Farm Stadium
nfl_401772833,2025-09-14,New Orleans Saints,San Francisco 49ers,3.0,-3.0,40.5,41.0,,0.25,0.5,0.75,LOW,Football_MarketBlend_v1,Football_MarketBlend_v1,"{'blend_inputs': ['Football_MarketConsensus_v1', 'Football_SpreadValue_v1', 'Football_TotalValue_v1', 'Football_LineMovement_v1', 'Football_KeyNumberGuard_v1'], 'key_number_risk': True, 'spread_veto': 'key_number_guard'}","Game: San Francisco 49ers @ New Orleans Saints
Authority: Football_MarketBlend_v1
Market: Spread 3.0, Total 40.5
Projection: Margin 2.75, Total 41.0
Spread Pick:  (edge 0.25)
Total Pick: OVER (edge 0.5)",2.75,,,,OVER,ACTIVE,,"{'spread': None, 'total': None}",FOOTBALL_MARKET_BLEND,26,26,SF,11,FOOTBALL_MARKET_BLEND,2025-09-14T17:01:00Z,1,Football market blend edge clears threshold,11,False,,true,true,true,true,21,21,NO,nfl,odds_api_flattened_consensus,3,"{'Football_KeyNumberGuard_v1': {'context_flags': {'key_number_risk': True, 'key_numbers': [3, 7, 10]}, 'home_line_proj': 3.0, 'model_name': 'Football_KeyNumberGuard_v1', 'parlay_edge_score': 0, 'spread_distance': 0.0, 'spread_edge': 0.0, 'spread_pick': '', 'total_distance': 0.0, 'total_edge': 0.0, 'total_pick': '', 'total_projection': 40.5}, 'Football_LineMovement_v1': {'context_flags': {'movement_available': False}, 'home_line_proj': 3.0, 'model_name': 'Football_LineMovement_v1', 'parlay_edge_score': 0, 'spread_distance': 0.0, 'spread_edge': 0.0, 'spread_pick': '', 'total_distance': 0.0, 'total_edge': 0.0, 'total_pick': '', 'total_projection': 40.5}, 'Football_MarketBlend_v1': {'context_flags': {'blend_inputs': ['Football_MarketConsensus_v1', 'Football_SpreadValue_v1', 'Football_TotalValue_v1', 'Football_LineMovement_v1', 'Football_KeyNumberGuard_v1'], 'key_number_risk': True, 'spread_veto': 'key_number_guard'}, 'home_line_proj': 2.75, 'model_name': 'Football_MarketBlend_v1', 'parlay_edge_score': 0.75, 'spread_distance': 0.25, 'spread_edge': 0.25, 'spread_pick': '', 'total_distance': 0.5, 'total_edge': 0.5, 'total_pick': 'OVER', 'total_projection': 41.0}, 'Football_MarketConsensus_v1': {'context_flags': {'book_count': 11, 'source': 'market_consensus'}, 'home_line_proj': 3.0, 'model_name': 'Football_MarketConsensus_v1', 'parlay_edge_score': 0, 'spread_distance': 0.0, 'spread_edge': 0.0, 'spread_pick': '', 'total_distance': 0.0, 'total_edge': 0.0, 'total_pick': '', 'total_projection': 40.5}, 'Football_SpreadValue_v1': {'context_flags': {'book_count': 11.0, 'value_shift': -0.75}, 'home_line_proj': 2.25, 'model_name': 'Football_SpreadValue_v1', 'parlay_edge_score': 0.75, 'spread_distance': 0.75, 'spread_edge': 0.75, 'spread_pick': 'HOME', 'total_distance': 0.0, 'total_edge': 0.0, 'total_pick': '', 'total_projection': 40.5}, 'Football_TotalValue_v1': {'context_flags': {'book_count': 11.0, 'total_value_rule': 'low_total_over_high_total_under'}, 'home_line_proj': 3.0, 'model_name': 'Football_TotalValue_v1', 'parlay_edge_score': 1.0, 'spread_distance': 0.0, 'spread_edge': 0.0, 'spread_pick': '', 'total_distance': 1.0, 'total_edge': 1.0, 'total_pick': 'OVER', 'total_projection': 41.5}}",-160.0,-160.0,135.0,135.0,66,866d7405986fb4d14897cdb6c0aa5926,2025-09-14T15:55:38Z,odds_api_flattened,-3.0,3.0,STATUS_FINAL,post,40.5,Caesars Superdome
nfl_401772834,2025-09-14,Dallas Cowboys,New York Giants,-5.0,5.0,44.5,45.0,AWAY,-0.25,0.5,0.75,LOW,Football_MarketBlend_v1,Football_MarketBlend_v1,"{'blend_inputs': ['Football_MarketConsensus_v1', 'Football_SpreadValue_v1', 'Football_TotalValue_v1', 'Football_LineMovement_v1', 'Football_KeyNumberGuard_v1'], 'key_number_risk': False}","Game: New York Giants @ Dallas Cowboys
Authority: Football_MarketBlend_v1
Market: Spread -5.0, Total 44.5
Projection: Margin -4.75, Total 45.0
Spread Pick: AWAY (edge -0.25)
Total Pick: OVER (edge 0.5)",-4.75,,,,OVER,ACTIVE,,"{'spread': None, 'total': None}",FOOTBALL_MARKET_BLEND,37,37,NYG,11,FOOTBALL_MARKET_BLEND,2025-09-14T17:00:00Z,1,Football market blend edge clears threshold,11,False,,true,true,true,true,40,40,DAL,nfl,odds_api_flattened_consensus,3,"{'Football_KeyNumberGuard_v1': {'context_flags': {'key_number_risk': False, 'key_numbers': [3, 7, 10]}, 'home_line_proj': -5.0, 'model_name': 'Football_KeyNumberGuard_v1', 'parlay_edge_score': 0, 'spread_distance': 0.0, 'spread_edge': 0.0, 'spread_pick': '', 'total_distance': 0.0, 'total_edge': 0.0, 'total_pick': '', 'total_projection': 44.5}, 'Football_LineMovement_v1': {'context_flags': {'movement_available': False}, 'home_line_proj': -5.0, 'model_name': 'Football_LineMovement_v1', 'parlay_edge_score': 0, 'spread_distance': 0.0, 'spread_edge': 0.0, 'spread_pick': '', 'total_distance': 0.0, 'total_edge': 0.0, 'total_pick': '', 'total_projection': 44.5}, 'Football_MarketBlend_v1': {'context_flags': {'blend_inputs': ['Football_MarketConsensus_v1', 'Football_SpreadValue_v1', 'Football_TotalValue_v1', 'Football_LineMovement_v1', 'Football_KeyNumberGuard_v1'], 'key_number_risk': False}, 'home_line_proj': -4.75, 'model_name': 'Football_MarketBlend_v1', 'parlay_edge_score': 0.75, 'spread_distance': 0.25, 'spread_edge': -0.25, 'spread_pick': 'AWAY', 'total_distance': 0.5, 'total_edge': 0.5, 'total_pick': 'OVER', 'total_projection': 45.0}, 'Football_MarketConsensus_v1': {'context_flags': {'book_count': 11, 'source': 'market_consensus'}, 'home_line_proj': -5.0, 'model_name': 'Football_MarketConsensus_v1', 'parlay_edge_score': 0, 'spread_distance': 0.0, 'spread_edge': 0.0, 'spread_pick': '', 'total_distance': 0.0, 'total_edge': 0.0, 'total_pick': '', 'total_projection': 44.5}, 'Football_SpreadValue_v1': {'context_flags': {'book_count': 11.0, 'value_shift': 0.75}, 'home_line_proj': -4.25, 'model_name': 'Football_SpreadValue_v1', 'parlay_edge_score': 0.75, 'spread_distance': 0.75, 'spread_edge': -0.75, 'spread_pick': 'AWAY', 'total_distance': 0.0, 'total_edge': 0.0, 'total_pick': '', 'total_projection': 44.5}, 'Football_TotalValue_v1': {'context_flags': {'book_count': 11.0, 'total_value_rule': 'low_total_over_high_total_under'}, 'home_line_proj': -5.0, 'model_name': 'Football_TotalValue_v1', 'parlay_edge_score': 1.0, 'spread_distance': 0.0, 'spread_edge': 0.0, 'spread_pick': '', 'total_distance': 1.0, 'total_edge': 1.0, 'total_pick': 'OVER', 'total_projection': 45.5}}",205.0,205.0,-250.0,-250.0,66,05a5b084f4e19535b2d3f91ef5c00169,2025-09-14T15:55:38Z,odds_api_flattened,5.0,-5.0,STATUS_FINAL,post,44.5,AT&T Stadium
nfl_401772835,2025-09-14,Detroit Lions,Chicago Bears,-6.5,6.5,46.0,45.5,,-0.25,-0.5,0.75,LOW,Football_MarketBlend_v1,Football_MarketBlend_v1,"{'blend_inputs': ['Football_MarketConsensus_v1', 'Football_SpreadValue_v1', 'Football_TotalValue_v1', 'Football_LineMovement_v1', 'Football_KeyNumberGuard_v1'], 'key_number_risk': True, 'spread_veto': 'key_number_guard'}","Game: Chicago Bears @ Detroit Lions
Authority: Football_MarketBlend_v1
Market: Spread -6.5, Total 46.0
Projection: Margin -6.25, Total 45.5
Spread Pick:  (edge -0.25)
Total Pick: UNDER (edge -0.5)",-6.25,,,,UNDER,ACTIVE,,"{'spread': None, 'total': None}",FOOTBALL_MARKET_BLEND,21,21,CHI,11,FOOTBALL_MARKET_BLEND,2025-09-14T17:00:00Z,1,Football market blend edge clears threshold,11,False,,true,true,true,true,52,52,DET,nfl,odds_api_flattened_consensus,3,"{'Football_KeyNumberGuard_v1': {'context_flags': {'key_number_risk': True, 'key_numbers': [3, 7, 10]}, 'home_line_proj': -6.5, 'model_name': 'Football_KeyNumberGuard_v1', 'parlay_edge_score': 0, 'spread_distance': 0.0, 'spread_edge': 0.0, 'spread_pick': '', 'total_distance': 0.0, 'total_edge': 0.0, 'total_pick': '', 'total_projection': 46.0}, 'Football_LineMovement_v1': {'context_flags': {'movement_available': False}, 'home_line_proj': -6.5, 'model_name': 'Football_LineMovement_v1', 'parlay_edge_score': 0, 'spread_distance': 0.0, 'spread_edge': 0.0, 'spread_pick': '', 'total_distance': 0.0, 'total_edge': 0.0, 'total_pick': '', 'total_projection': 46.0}, 'Football_MarketBlend_v1': {'context_flags': {'blend_inputs': ['Football_MarketConsensus_v1', 'Football_SpreadValue_v1', 'Football_TotalValue_v1', 'Football_LineMovement_v1', 'Football_KeyNumberGuard_v1'], 'key_number_risk': True, 'spread_veto': 'key_number_guard'}, 'home_line_proj': -6.25, 'model_name': 'Football_MarketBlend_v1', 'parlay_edge_score': 0.75, 'spread_distance': 0.25, 'spread_edge': -0.25, 'spread_pick': '', 'total_distance': 0.5, 'total_edge': -0.5, 'total_pick': 'UNDER', 'total_projection': 45.5}, 'Football_MarketConsensus_v1': {'context_flags': {'book_count': 11, 'source': 'market_consensus'}, 'home_line_proj': -6.5, 'model_name': 'Football_MarketConsensus_v1', 'parlay_edge_score': 0, 'spread_distance': 0.0, 'spread_edge': 0.0, 'spread_pick': '', 'total_distance': 0.0, 'total_edge': 0.0, 'total_pick': '', 'total_projection': 46.0}, 'Football_SpreadValue_v1': {'context_flags': {'book_count': 11.0, 'value_shift': 0.75}, 'home_line_proj': -5.75, 'model_name': 'Football_SpreadValue_v1', 'parlay_edge_score': 0.75, 'spread_distance': 0.75, 'spread_edge': -0.75, 'spread_pick': 'AWAY', 'total_distance': 0.0, 'total_edge': 0.0, 'total_pick': '', 'total_projection': 46.0}, 'Football_TotalValue_v1': {'context_flags': {'book_count': 11.0, 'total_value_rule': 'low_total_over_high_total_under'}, 'home_line_proj': -6.5, 'model_name': 'Football_TotalValue_v1', 'parlay_edge_score': 1.0, 'spread_distance': 0.0, 'spread_edge': 0.0, 'spread_pick': '', 'total_distance': 1.0, 'total_edge': -1.0, 'total_pick': 'UNDER', 'total_projection': 45.0}}",230.0,230.0,-280.0,-280.0,66,1ee9ea2c8256bc6be5dd92e60f6c17de,2025-09-14T15:55:38Z,odds_api_flattened,6.5,-6.5,STATUS_FINAL,post,46.0,Ford Field
nfl_401772836,2025-09-14,Pittsburgh Steelers,Seattle Seahawks,-3.5,3.5,40.5,41.0,,-0.25,0.5,0.75,LOW,Football_MarketBlend_v1,Football_MarketBlend_v1,"{'blend_inputs': ['Football_MarketConsensus_v1', 'Football_SpreadValue_v1', 'Football_TotalValue_v1', 'Football_LineMovement_v1', 'Football_KeyNumberGuard_v1'], 'key_number_risk': True, 'spread_veto': 'key_number_guard'}","Game: Seattle Seahawks @ Pittsburgh Steelers
Authority: Football_MarketBlend_v1
Market: Spread -3.5, Total 40.5
Projection: Margin -3.25, Total 41.0
Spread Pick:  (edge -0.25)
Total Pick: OVER (edge 0.5)",-3.25,,,,OVER,ACTIVE,,"{'spread': None, 'total': None}",FOOTBALL_MARKET_BLEND,31,31,SEA,11,FOOTBALL_MARKET_BLEND,2025-09-14T17:01:00Z,1,Football market blend edge clears threshold,11,False,,true,true,true,true,17,17,PIT,nfl,odds_api_flattened_consensus,3,"{'Football_KeyNumberGuard_v1': {'context_flags': {'key_number_risk': True, 'key_numbers': [3, 7, 10]}, 'home_line_proj': -3.5, 'model_name': 'Football_KeyNumberGuard_v1', 'parlay_edge_score': 0, 'spread_distance': 0.0, 'spread_edge': 0.0, 'spread_pick': '', 'total_distance': 0.0, 'total_edge': 0.0, 'total_pick': '', 'total_projection': 40.5}, 'Football_LineMovement_v1': {'context_flags': {'movement_available': False}, 'home_line_proj': -3.5, 'model_name': 'Football_LineMovement_v1', 'parlay_edge_score': 0, 'spread_distance': 0.0, 'spread_edge': 0.0, 'spread_pick': '', 'total_distance': 0.0, 'total_edge': 0.0, 'total_pick': '', 'total_projection': 40.5}, 'Football_MarketBlend_v1': {'context_flags': {'blend_inputs': ['Football_MarketConsensus_v1', 'Football_SpreadValue_v1', 'Football_TotalValue_v1', 'Football_LineMovement_v1', 'Football_KeyNumberGuard_v1'], 'key_number_risk': True, 'spread_veto': 'key_number_guard'}, 'home_line_proj': -3.25, 'model_name': 'Football_MarketBlend_v1', 'parlay_edge_score': 0.75, 'spread_distance': 0.25, 'spread_edge': -0.25, 'spread_pick': '', 'total_distance': 0.5, 'total_edge': 0.5, 'total_pick': 'OVER', 'total_projection': 41.0}, 'Football_MarketConsensus_v1': {'context_flags': {'book_count': 11, 'source': 'market_consensus'}, 'home_line_proj': -3.5, 'model_name': 'Football_MarketConsensus_v1', 'parlay_edge_score': 0, 'spread_distance': 0.0, 'spread_edge': 0.0, 'spread_pick': '', 'total_distance': 0.0, 'total_edge': 0.0, 'total_pick': '', 'total_projection': 40.5}, 'Football_SpreadValue_v1': {'context_flags': {'book_count': 11.0, 'value_shift': 0.75}, 'home_line_proj': -2.75, 'model_name': 'Football_SpreadValue_v1', 'parlay_edge_score': 0.75, 'spread_distance': 0.75, 'spread_edge': -0.75, 'spread_pick': 'AWAY', 'total_distance': 0.0, 'total_edge': 0.0, 'total_pick': '', 'total_projection': 40.5}, 'Football_TotalValue_v1': {'context_flags': {'book_count': 11.0, 'total_value_rule': 'low_total_over_high_total_under'}, 'home_line_proj': -3.5, 'model_name': 'Football_TotalValue_v1', 'parlay_edge_score': 1.0, 'spread_distance': 0.0, 'spread_edge': 0.0, 'spread_pick': '', 'total_distance': 1.0, 'total_edge': 1.0, 'total_pick': 'OVER', 'total_projection': 41.5}}",154.0,154.0,-190.0,-190.0,66,82f9fd7001598d5cf9c1bdd57c66cae4,2025-09-14T15:55:38Z,odds_api_flattened,3.5,-3.5,STATUS_FINAL,post,40.5,Acrisure Stadium
nfl_401772837,2025-09-14,Kansas City Chiefs,Philadelphia Eagles,1.0,-1.0,47.0,46.5,HOME,0.25,-0.5,0.75,LOW,Football_MarketBlend_v1,Football_MarketBlend_v1,"{'blend_inputs': ['Football_MarketConsensus_v1', 'Football_SpreadValue_v1', 'Football_TotalValue_v1', 'Football_LineMovement_v1', 'Football_KeyNumberGuard_v1'], 'key_number_risk': False}","Game: Philadelphia Eagles @ Kansas City Chiefs
Authority: Football_MarketBlend_v1
Market: Spread 1.0, Total 47.0
Projection: Margin 0.75, Total 46.5
Spread Pick: HOME (edge 0.25)
Total Pick: UNDER (edge -0.5)",0.75,,,,UNDER,ACTIVE,,"{'spread': None, 'total': None}",FOOTBALL_MARKET_BLEND,20,20,PHI,11,FOOTBALL_MARKET_BLEND,2025-09-14T20:25:00Z,1,Football market blend edge clears threshold,11,False,,true,true,true,true,17,17,KC,nfl,odds_api_flattened_consensus,3,"{'Football_KeyNumberGuard_v1': {'context_flags': {'key_number_risk': False, 'key_numbers': [3, 7, 10]}, 'home_line_proj': 1.0, 'model_name': 'Football_KeyNumberGuard_v1', 'parlay_edge_score': 0, 'spread_distance': 0.0, 'spread_edge': 0.0, 'spread_pick': '', 'total_distance': 0.0, 'total_edge': 0.0, 'total_pick': '', 'total_projection': 47.0}, 'Football_LineMovement_v1': {'context_flags': {'movement_available': False}, 'home_line_proj': 1.0, 'model_name': 'Football_LineMovement_v1', 'parlay_edge_score': 0, 'spread_distance': 0.0, 'spread_edge': 0.0, 'spread_pick': '', 'total_distance': 0.0, 'total_edge': 0.0, 'total_pick': '', 'total_projection': 47.0}, 'Football_MarketBlend_v1': {'context_flags': {'blend_inputs': ['Football_MarketConsensus_v1', 'Football_SpreadValue_v1', 'Football_TotalValue_v1', 'Football_LineMovement_v1', 'Football_KeyNumberGuard_v1'], 'key_number_risk': False}, 'home_line_proj': 0.75, 'model_name': 'Football_MarketBlend_v1', 'parlay_edge_score': 0.75, 'spread_distance': 0.25, 'spread_edge': 0.25, 'spread_pick': 'HOME', 'total_distance': 0.5, 'total_edge': -0.5, 'total_pick': 'UNDER', 'total_projection': 46.5}, 'Football_MarketConsensus_v1': {'context_flags': {'book_count': 11, 'source': 'market_consensus'}, 'home_line_proj': 1.0, 'model_name': 'Football_MarketConsensus_v1', 'parlay_edge_score': 0, 'spread_distance': 0.0, 'spread_edge': 0.0, 'spread_pick': '', 'total_distance': 0.0, 'total_edge': 0.0, 'total_pick': '', 'total_projection': 47.0}, 'Football_SpreadValue_v1': {'context_flags': {'book_count': 11.0, 'value_shift': -0.75}, 'home_line_proj': 0.25, 'model_name': 'Football_SpreadValue_v1', 'parlay_edge_score': 0.75, 'spread_distance': 0.75, 'spread_edge': 0.75, 'spread_pick': 'HOME', 'total_distance': 0.0, 'total_edge': 0.0, 'total_pick': '', 'total_projection': 47.0}, 'Football_TotalValue_v1': {'context_flags': {'book_count': 11.0, 'total_value_rule': 'low_total_over_high_total_under'}, 'home_line_proj': 1.0, 'model_name': 'Football_TotalValue_v1', 'parlay_edge_score': 1.0, 'spread_distance': 0.0, 'spread_edge': 0.0, 'spread_pick': '', 'total_distance': 1.0, 'total_edge': -1.0, 'total_pick': 'UNDER', 'total_projection': 46.0}}",-120.0,-120.0,100.0,100.0,64,bbec8d71145954cff67915c9b006bb6e,2025-09-14T15:55:38Z,odds_api_flattened,-1.0,1.0,STATUS_FINAL,post,47.0,GEHA Field at Arrowhead Stadium
nfl_401772715,2025-09-15,Houston Texans,Tampa Bay Buccaneers,-2.5,2.5,42.5,43.0,,-0.25,0.5,0.75,LOW,Football_MarketBlend_v1,Football_MarketBlend_v1,"{'blend_inputs': ['Football_MarketConsensus_v1', 'Football_SpreadValue_v1', 'Football_TotalValue_v1', 'Football_LineMovement_v1', 'Football_KeyNumberGuard_v1'], 'key_number_risk': True, 'spread_veto': 'key_number_guard'}","Game: Tampa Bay Buccaneers @ Houston Texans
Authority: Football_MarketBlend_v1
Market: Spread -2.5, Total 42.5
Projection: Margin -2.25, Total 43.0
Spread Pick:  (edge -0.25)
Total Pick: OVER (edge 0.5)",-2.25,,,,OVER,ACTIVE,,"{'spread': None, 'total': None}",FOOTBALL_MARKET_BLEND,20,20,TB,11,FOOTBALL_MARKET_BLEND,2025-09-15T23:01:00Z,1,Football market blend edge clears threshold,11,False,,true,true,true,true,19,19,HOU,nfl,odds_api_flattened_consensus,3,"{'Football_KeyNumberGuard_v1': {'context_flags': {'key_number_risk': True, 'key_numbers': [3, 7, 10]}, 'home_line_proj': -2.5, 'model_name': 'Football_KeyNumberGuard_v1', 'parlay_edge_score': 0, 'spread_distance': 0.0, 'spread_edge': 0.0, 'spread_pick': '', 'total_distance': 0.0, 'total_edge': 0.0, 'total_pick': '', 'total_projection': 42.5}, 'Football_LineMovement_v1': {'context_flags': {'movement_available': False}, 'home_line_proj': -2.5, 'model_name': 'Football_LineMovement_v1', 'parlay_edge_score': 0, 'spread_distance': 0.0, 'spread_edge': 0.0, 'spread_pick': '', 'total_distance': 0.0, 'total_edge': 0.0, 'total_pick': '', 'total_projection': 42.5}, 'Football_MarketBlend_v1': {'context_flags': {'blend_inputs': ['Football_MarketConsensus_v1', 'Football_SpreadValue_v1', 'Football_TotalValue_v1', 'Football_LineMovement_v1', 'Football_KeyNumberGuard_v1'], 'key_number_risk': True, 'spread_veto': 'key_number_guard'}, 'home_line_proj': -2.25, 'model_name': 'Football_MarketBlend_v1', 'parlay_edge_score': 0.75, 'spread_distance': 0.25, 'spread_edge': -0.25, 'spread_pick': '', 'total_distance': 0.5, 'total_edge': 0.5, 'total_pick': 'OVER', 'total_projection': 43.0}, 'Football_MarketConsensus_v1': {'context_flags': {'book_count': 11, 'source': 'market_consensus'}, 'home_line_proj': -2.5, 'model_name': 'Football_MarketConsensus_v1', 'parlay_edge_score': 0, 'spread_distance': 0.0, 'spread_edge': 0.0, 'spread_pick': '', 'total_distance': 0.0, 'total_edge': 0.0, 'total_pick': '', 'total_projection': 42.5}, 'Football_SpreadValue_v1': {'context_flags': {'book_count': 11.0, 'value_shift': 0.75}, 'home_line_proj': -1.75, 'model_name': 'Football_SpreadValue_v1', 'parlay_edge_score': 0.75, 'spread_distance': 0.75, 'spread_edge': -0.75, 'spread_pick': 'AWAY', 'total_distance': 0.0, 'total_edge': 0.0, 'total_pick': '', 'total_projection': 42.5}, 'Football_TotalValue_v1': {'context_flags': {'book_count': 11.0, 'total_value_rule': 'low_total_over_high_total_under'}, 'home_line_proj': -2.5, 'model_name': 'Football_TotalValue_v1', 'parlay_edge_score': 1.0, 'spread_distance': 0.0, 'spread_edge': 0.0, 'spread_pick': '', 'total_distance': 1.0, 'total_edge': 1.0, 'total_pick': 'OVER', 'total_projection': 43.5}}",120.0,120.0,-145.0,-145.0,66,7d9a04f411031528d9c1d2df7b9a0453,2025-09-15T15:55:39Z,odds_api_flattened,2.5,-2.5,STATUS_FINAL,post,42.5,NRG Stadium
nfl_401772919,2025-09-15,Minnesota Vikings,Atlanta Falcons,-3.0,3.0,44.5,45.0,,-0.25,0.5,0.75,LOW,Football_MarketBlend_v1,Football_MarketBlend_v1,"{'blend_inputs': ['Football_MarketConsensus_v1', 'Football_SpreadValue_v1', 'Football_TotalValue_v1', 'Football_LineMovement_v1', 'Football_KeyNumberGuard_v1'], 'key_number_risk': True, 'spread_veto': 'key_number_guard'}","Game: Atlanta Falcons @ Minnesota Vikings
Authority: Football_MarketBlend_v1
Market: Spread -3.0, Total 44.5
Projection: Margin -2.75, Total 45.0
Spread Pick:  (edge -0.25)
Total Pick: OVER (edge 0.5)",-2.75,,,,OVER,ACTIVE,,"{'spread': None, 'total': None}",FOOTBALL_MARKET_BLEND,22,22,ATL,11,FOOTBALL_MARKET_BLEND,2025-09-15T00:20:00Z,1,Football market blend edge clears threshold,11,False,,true,true,true,true,6,6,MIN,nfl,odds_api_flattened_consensus,3,"{'Football_KeyNumberGuard_v1': {'context_flags': {'key_number_risk': True, 'key_numbers': [3, 7, 10]}, 'home_line_proj': -3.0, 'model_name': 'Football_KeyNumberGuard_v1', 'parlay_edge_score': 0, 'spread_distance': 0.0, 'spread_edge': 0.0, 'spread_pick': '', 'total_distance': 0.0, 'total_edge': 0.0, 'total_pick': '', 'total_projection': 44.5}, 'Football_LineMovement_v1': {'context_flags': {'movement_available': False}, 'home_line_proj': -3.0, 'model_name': 'Football_LineMovement_v1', 'parlay_edge_score': 0, 'spread_distance': 0.0, 'spread_edge': 0.0, 'spread_pick': '', 'total_distance': 0.0, 'total_edge': 0.0, 'total_pick': '', 'total_projection': 44.5}, 'Football_MarketBlend_v1': {'context_flags': {'blend_inputs': ['Football_MarketConsensus_v1', 'Football_SpreadValue_v1', 'Football_TotalValue_v1', 'Football_LineMovement_v1', 'Football_KeyNumberGuard_v1'], 'key_number_risk': True, 'spread_veto': 'key_number_guard'}, 'home_line_proj': -2.75, 'model_name': 'Football_MarketBlend_v1', 'parlay_edge_score': 0.75, 'spread_distance': 0.25, 'spread_edge': -0.25, 'spread_pick': '', 'total_distance': 0.5, 'total_edge': 0.5, 'total_pick': 'OVER', 'total_projection': 45.0}, 'Football_MarketConsensus_v1': {'context_flags': {'book_count': 11, 'source': 'market_consensus'}, 'home_line_proj': -3.0, 'model_name': 'Football_MarketConsensus_v1', 'parlay_edge_score': 0, 'spread_distance': 0.0, 'spread_edge': 0.0, 'spread_pick': '', 'total_distance': 0.0, 'total_edge': 0.0, 'total_pick': '', 'total_projection': 44.5}, 'Football_SpreadValue_v1': {'context_flags': {'book_count': 11.0, 'value_shift': 0.75}, 'home_line_proj': -2.25, 'model_name': 'Football_SpreadValue_v1', 'parlay_edge_score': 0.75, 'spread_distance': 0.75, 'spread_edge': -0.75, 'spread_pick': 'AWAY', 'total_distance': 0.0, 'total_edge': 0.0, 'total_pick': '', 'total_projection': 44.5}, 'Football_TotalValue_v1': {'context_flags': {'book_count': 11.0, 'total_value_rule': 'low_total_over_high_total_under'}, 'home_line_proj': -3.0, 'model_name': 'Football_TotalValue_v1', 'parlay_edge_score': 1.0, 'spread_distance': 0.0, 'spread_edge': 0.0, 'spread_pick': '', 'total_distance': 1.0, 'total_edge': 1.0, 'total_pick': 'OVER', 'total_projection': 45.5}}",143.0,143.0,-165.0,-165.0,66,37d09ce5d357536d0e58dd4ba0ab4106,2025-09-14T15:55:38Z,odds_api_flattened,3.0,-3.0,STATUS_FINAL,post,44.5,U.S. Bank Stadium
nfl_401772811,2025-09-16,Las Vegas Raiders,Los Angeles Chargers,3.5,-3.5,46.5,46.0,,0.25,-0.5,0.75,LOW,Football_MarketBlend_v1,Football_MarketBlend_v1,"{'blend_inputs': ['Football_MarketConsensus_v1', 'Football_SpreadValue_v1', 'Football_TotalValue_v1', 'Football_LineMovement_v1', 'Football_KeyNumberGuard_v1'], 'key_number_risk': True, 'spread_veto': 'key_number_guard'}","Game: Los Angeles Chargers @ Las Vegas Raiders
Authority: Football_MarketBlend_v1
Market: Spread 3.5, Total 46.5
Projection: Margin 3.25, Total 46.0
Spread Pick:  (edge 0.25)
Total Pick: UNDER (edge -0.5)",3.25,,,,UNDER,ACTIVE,,"{'spread': None, 'total': None}",FOOTBALL_MARKET_BLEND,20,20,LAC,11,FOOTBALL_MARKET_BLEND,2025-09-16T02:00:00Z,1,Football market blend edge clears threshold,11,False,,true,true,true,true,9,9,LV,nfl,odds_api_flattened_consensus,3,"{'Football_KeyNumberGuard_v1': {'context_flags': {'key_number_risk': True, 'key_numbers': [3, 7, 10]}, 'home_line_proj': 3.5, 'model_name': 'Football_KeyNumberGuard_v1', 'parlay_edge_score': 0, 'spread_distance': 0.0, 'spread_edge': 0.0, 'spread_pick': '', 'total_distance': 0.0, 'total_edge': 0.0, 'total_pick': '', 'total_projection': 46.5}, 'Football_LineMovement_v1': {'context_flags': {'movement_available': False}, 'home_line_proj': 3.5, 'model_name': 'Football_LineMovement_v1', 'parlay_edge_score': 0, 'spread_distance': 0.0, 'spread_edge': 0.0, 'spread_pick': '', 'total_distance': 0.0, 'total_edge': 0.0, 'total_pick': '', 'total_projection': 46.5}, 'Football_MarketBlend_v1': {'context_flags': {'blend_inputs': ['Football_MarketConsensus_v1', 'Football_SpreadValue_v1', 'Football_TotalValue_v1', 'Football_LineMovement_v1', 'Football_KeyNumberGuard_v1'], 'key_number_risk': True, 'spread_veto': 'key_number_guard'}, 'home_line_proj': 3.25, 'model_name': 'Football_MarketBlend_v1', 'parlay_edge_score': 0.75, 'spread_distance': 0.25, 'spread_edge': 0.25, 'spread_pick': '', 'total_distance': 0.5, 'total_edge': -0.5, 'total_pick': 'UNDER', 'total_projection': 46.0}, 'Football_MarketConsensus_v1': {'context_flags': {'book_count': 11, 'source': 'market_consensus'}, 'home_line_proj': 3.5, 'model_name': 'Football_MarketConsensus_v1', 'parlay_edge_score': 0, 'spread_distance': 0.0, 'spread_edge': 0.0, 'spread_pick': '', 'total_distance': 0.0, 'total_edge': 0.0, 'total_pick': '', 'total_projection': 46.5}, 'Football_SpreadValue_v1': {'context_flags': {'book_count': 11.0, 'value_shift': -0.75}, 'home_line_proj': 2.75, 'model_name': 'Football_SpreadValue_v1', 'parlay_edge_score': 0.75, 'spread_distance': 0.75, 'spread_edge': 0.75, 'spread_pick': 'HOME', 'total_distance': 0.0, 'total_edge': 0.0, 'total_pick': '', 'total_projection': 46.5}, 'Football_TotalValue_v1': {'context_flags': {'book_count': 11.0, 'total_value_rule': 'low_total_over_high_total_under'}, 'home_line_proj': 3.5, 'model_name': 'Football_TotalValue_v1', 'parlay_edge_score': 1.0, 'spread_distance': 0.0, 'spread_edge': 0.0, 'spread_pick': '', 'total_distance': 1.0, 'total_edge': -1.0, 'total_pick': 'UNDER', 'total_projection': 45.5}}",-190.0,-190.0,160.0,160.0,66,bebae12f59f19bd877df7ac3cab05263,2025-09-15T15:55:39Z,odds_api_flattened,-3.5,3.5,STATUS_FINAL,post,46.5,Allegiant Stadium
nfl_401772937,2025-09-19,Buffalo Bills,Miami Dolphins,-11.5,11.5,50.5,50.0,AWAY,-0.25,-0.5,0.75,LOW,Football_MarketBlend_v1,Football_MarketBlend_v1,"{'blend_inputs': ['Football_MarketConsensus_v1', 'Football_SpreadValue_v1', 'Football_TotalValue_v1', 'Football_LineMovement_v1', 'Football_KeyNumberGuard_v1'], 'key_number_risk': False}","Game: Miami Dolphins @ Buffalo Bills
Authority: Football_MarketBlend_v1
Market: Spread -11.5, Total 50.5
Projection: Margin -11.25, Total 50.0
Spread Pick: AWAY (edge -0.25)
Total Pick: UNDER (edge -0.5)",-11.25,,,,UNDER,ACTIVE,,"{'spread': None, 'total': None}",FOOTBALL_MARKET_BLEND,21,21,MIA,11,FOOTBALL_MARKET_BLEND,2025-09-19T00:15:00Z,1,Football market blend edge clears threshold,11,False,,true,true,true,true,31,31,BUF,nfl,odds_api_flattened_consensus,3,"{'Football_KeyNumberGuard_v1': {'context_flags': {'key_number_risk': False, 'key_numbers': [3, 7, 10]}, 'home_line_proj': -11.5, 'model_name': 'Football_KeyNumberGuard_v1', 'parlay_edge_score': 0, 'spread_distance': 0.0, 'spread_edge': 0.0, 'spread_pick': '', 'total_distance': 0.0, 'total_edge': 0.0, 'total_pick': '', 'total_projection': 50.5}, 'Football_LineMovement_v1': {'context_flags': {'movement_available': False}, 'home_line_proj': -11.5, 'model_name': 'Football_LineMovement_v1', 'parlay_edge_score': 0, 'spread_distance': 0.0, 'spread_edge': 0.0, 'spread_pick': '', 'total_distance': 0.0, 'total_edge': 0.0, 'total_pick': '', 'total_projection': 50.5}, 'Football_MarketBlend_v1': {'context_flags': {'blend_inputs': ['Football_MarketConsensus_v1', 'Football_SpreadValue_v1', 'Football_TotalValue_v1', 'Football_LineMovement_v1', 'Football_KeyNumberGuard_v1'], 'key_number_risk': False}, 'home_line_proj': -11.25, 'model_name': 'Football_MarketBlend_v1', 'parlay_edge_score': 0.75, 'spread_distance': 0.25, 'spread_edge': -0.25, 'spread_pick': 'AWAY', 'total_distance': 0.5, 'total_edge': -0.5, 'total_pick': 'UNDER', 'total_projection': 50.0}, 'Football_MarketConsensus_v1': {'context_flags': {'book_count': 11, 'source': 'market_consensus'}, 'home_line_proj': -11.5, 'model_name': 'Football_MarketConsensus_v1', 'parlay_edge_score': 0, 'spread_distance': 0.0, 'spread_edge': 0.0, 'spread_pick': '', 'total_distance': 0.0, 'total_edge': 0.0, 'total_pick': '', 'total_projection': 50.5}, 'Football_SpreadValue_v1': {'context_flags': {'book_count': 11.0, 'value_shift': 0.75}, 'home_line_proj': -10.75, 'model_name': 'Football_SpreadValue_v1', 'parlay_edge_score': 0.75, 'spread_distance': 0.75, 'spread_edge': -0.75, 'spread_pick': 'AWAY', 'total_distance': 0.0, 'total_edge': 0.0, 'total_pick': '', 'total_projection': 50.5}, 'Football_TotalValue_v1': {'context_flags': {'book_count': 11.0, 'total_value_rule': 'low_total_over_high_total_under'}, 'home_line_proj': -11.5, 'model_name': 'Football_TotalValue_v1', 'parlay_edge_score': 1.0, 'spread_distance': 0.0, 'spread_edge': 0.0, 'spread_pick': '', 'total_distance': 1.0, 'total_edge': -1.0, 'total_pick': 'UNDER', 'total_projection': 49.5}}",575.0,575.0,-850.0,-850.0,66,aca5234c57e31b1931e51d2d0d6046f5,2025-09-18T15:55:40Z,odds_api_flattened,11.5,-11.5,STATUS_FINAL,post,50.5,Highmark Stadium (Old)
nfl_401772731,2025-09-21,Minnesota Vikings,Cincinnati Bengals,-3.0,3.0,42.5,43.0,,-0.25,0.5,0.75,LOW,Football_MarketBlend_v1,Football_MarketBlend_v1,"{'blend_inputs': ['Football_MarketConsensus_v1', 'Football_SpreadValue_v1', 'Football_TotalValue_v1', 'Football_LineMovement_v1', 'Football_KeyNumberGuard_v1'], 'key_number_risk': True, 'spread_veto': 'key_number_guard'}","Game: Cincinnati Bengals @ Minnesota Vikings
Authority: Football_MarketBlend_v1
Market: Spread -3.0, Total 42.5
Projection: Margin -2.75, Total 43.0
Spread Pick:  (edge -0.25)
Total Pick: OVER (edge 0.5)",-2.75,,,,OVER,ACTIVE,,"{'spread': None, 'total': None}",FOOTBALL_MARKET_BLEND,10,10,CIN,11,FOOTBALL_MARKET_BLEND,2025-09-21T17:00:00Z,1,Football market blend edge clears threshold,11,False,,true,true,true,true,48,48,MIN,nfl,odds_api_flattened_consensus,3,"{'Football_KeyNumberGuard_v1': {'context_flags': {'key_number_risk': True, 'key_numbers': [3, 7, 10]}, 'home_line_proj': -3.0, 'model_name': 'Football_KeyNumberGuard_v1', 'parlay_edge_score': 0, 'spread_distance': 0.0, 'spread_edge': 0.0, 'spread_pick': '', 'total_distance': 0.0, 'total_edge': 0.0, 'total_pick': '', 'total_projection': 42.5}, 'Football_LineMovement_v1': {'context_flags': {'movement_available': False}, 'home_line_proj': -3.0, 'model_name': 'Football_LineMovement_v1', 'parlay_edge_score': 0, 'spread_distance': 0.0, 'spread_edge': 0.0, 'spread_pick': '', 'total_distance': 0.0, 'total_edge': 0.0, 'total_pick': '', 'total_projection': 42.5}, 'Football_MarketBlend_v1': {'context_flags': {'blend_inputs': ['Football_MarketConsensus_v1', 'Football_SpreadValue_v1', 'Football_TotalValue_v1', 'Football_LineMovement_v1', 'Football_KeyNumberGuard_v1'], 'key_number_risk': True, 'spread_veto': 'key_number_guard'}, 'home_line_proj': -2.75, 'model_name': 'Football_MarketBlend_v1', 'parlay_edge_score': 0.75, 'spread_distance': 0.25, 'spread_edge': -0.25, 'spread_pick': '', 'total_distance': 0.5, 'total_edge': 0.5, 'total_pick': 'OVER', 'total_projection': 43.0}, 'Football_MarketConsensus_v1': {'context_flags': {'book_count': 11, 'source': 'market_consensus'}, 'home_line_proj': -3.0, 'model_name': 'Football_MarketConsensus_v1', 'parlay_edge_score': 0, 'spread_distance': 0.0, 'spread_edge': 0.0, 'spread_pick': '', 'total_distance': 0.0, 'total_edge': 0.0, 'total_pick': '', 'total_projection': 42.5}, 'Football_SpreadValue_v1': {'context_flags': {'book_count': 11.0, 'value_shift': 0.75}, 'home_line_proj': -2.25, 'model_name': 'Football_SpreadValue_v1', 'parlay_edge_score': 0.75, 'spread_distance': 0.75, 'spread_edge': -0.75, 'spread_pick': 'AWAY', 'total_distance': 0.0, 'total_edge': 0.0, 'total_pick': '', 'total_projection': 42.5}, 'Football_TotalValue_v1': {'context_flags': {'book_count': 11.0, 'total_value_rule': 'low_total_over_high_total_under'}, 'home_line_proj': -3.0, 'model_name': 'Football_TotalValue_v1', 'parlay_edge_score': 1.0, 'spread_distance': 0.0, 'spread_edge': 0.0, 'spread_pick': '', 'total_distance': 1.0, 'total_edge': 1.0, 'total_pick': 'OVER', 'total_projection': 43.5}}",136.0,136.0,-164.0,-164.0,66,eefb7f130c8fc2c129e296fe5c6ba3e3,2025-09-21T15:55:38Z,odds_api_flattened,3.0,-3.0,STATUS_FINAL,post,42.5,U.S. Bank Stadium
nfl_401772732,2025-09-21,New England Patriots,Pittsburgh Steelers,1.0,-1.0,44.5,45.0,HOME,0.25,0.5,0.75,LOW,Football_MarketBlend_v1,Football_MarketBlend_v1,"{'blend_inputs': ['Football_MarketConsensus_v1', 'Football_SpreadValue_v1', 'Football_TotalValue_v1', 'Football_LineMovement_v1', 'Football_KeyNumberGuard_v1'], 'key_number_risk': False}","Game: Pittsburgh Steelers @ New England Patriots
Authority: Football_MarketBlend_v1
Market: Spread 1.0, Total 44.5
Projection: Margin 0.75, Total 45.0
Spread Pick: HOME (edge 0.25)
Total Pick: OVER (edge 0.5)",0.75,,,,OVER,ACTIVE,,"{'spread': None, 'total': None}",FOOTBALL_MARKET_BLEND,21,21,PIT,11,FOOTBALL_MARKET_BLEND,2025-09-21T17:00:00Z,1,Football market blend edge clears threshold,11,False,,true,true,true,true,14,14,NE,nfl,odds_api_flattened_consensus,3,"{'Football_KeyNumberGuard_v1': {'context_flags': {'key_number_risk': False, 'key_numbers': [3, 7, 10]}, 'home_line_proj': 1.0, 'model_name': 'Football_KeyNumberGuard_v1', 'parlay_edge_score': 0, 'spread_distance': 0.0, 'spread_edge': 0.0, 'spread_pick': '', 'total_distance': 0.0, 'total_edge': 0.0, 'total_pick': '', 'total_projection': 44.5}, 'Football_LineMovement_v1': {'context_flags': {'movement_available': False}, 'home_line_proj': 1.0, 'model_name': 'Football_LineMovement_v1', 'parlay_edge_score': 0, 'spread_distance': 0.0, 'spread_edge': 0.0, 'spread_pick': '', 'total_distance': 0.0, 'total_edge': 0.0, 'total_pick': '', 'total_projection': 44.5}, 'Football_MarketBlend_v1': {'context_flags': {'blend_inputs': ['Football_MarketConsensus_v1', 'Football_SpreadValue_v1', 'Football_TotalValue_v1', 'Football_LineMovement_v1', 'Football_KeyNumberGuard_v1'], 'key_number_risk': False}, 'home_line_proj': 0.75, 'model_name': 'Football_MarketBlend_v1', 'parlay_edge_score': 0.75, 'spread_distance': 0.25, 'spread_edge': 0.25, 'spread_pick': 'HOME', 'total_distance': 0.5, 'total_edge': 0.5, 'total_pick': 'OVER', 'total_projection': 45.0}, 'Football_MarketConsensus_v1': {'context_flags': {'book_count': 11, 'source': 'market_consensus'}, 'home_line_proj': 1.0, 'model_name': 'Football_MarketConsensus_v1', 'parlay_edge_score': 0, 'spread_distance': 0.0, 'spread_edge': 0.0, 'spread_pick': '', 'total_distance': 0.0, 'total_edge': 0.0, 'total_pick': '', 'total_projection': 44.5}, 'Football_SpreadValue_v1': {'context_flags': {'book_count': 11.0, 'value_shift': -0.75}, 'home_line_proj': 0.25, 'model_name': 'Football_SpreadValue_v1', 'parlay_edge_score': 0.75, 'spread_distance': 0.75, 'spread_edge': 0.75, 'spread_pick': 'HOME', 'total_distance': 0.0, 'total_edge': 0.0, 'total_pick': '', 'total_projection': 44.5}, 'Football_TotalValue_v1': {'context_flags': {'book_count': 11.0, 'total_value_rule': 'low_total_over_high_total_under'}, 'home_line_proj': 1.0, 'model_name': 'Football_TotalValue_v1', 'parlay_edge_score': 1.0, 'spread_distance': 0.0, 'spread_edge': 0.0, 'spread_pick': '', 'total_distance': 1.0, 'total_edge': 1.0, 'total_pick': 'OVER', 'total_projection': 45.5}}",-119.0,-119.0,-102.0,-102.0,66,c4c42918a645b1a4773f47d7eaa5cfcf,2025-09-21T15:55:38Z,odds_api_flattened,-1.0,1.0,STATUS_FINAL,post,44.5,Gillette Stadium
nfl_401772733,2025-09-21,Tennessee Titans,Indianapolis Colts,5.5,-5.5,43.5,44.0,HOME,0.25,0.5,0.75,LOW,Football_MarketBlend_v1,Football_MarketBlend_v1,"{'blend_inputs': ['Football_MarketConsensus_v1', 'Football_SpreadValue_v1', 'Football_TotalValue_v1', 'Football_LineMovement_v1', 'Football_KeyNumberGuard_v1'], 'key_number_risk': False}","Game: Indianapolis Colts @ Tennessee Titans
Authority: Football_MarketBlend_v1
Market: Spread 5.5, Total 43.5
Projection: Margin 5.25, Total 44.0
Spread Pick: HOME (edge 0.25)
Total Pick: OVER (edge 0.5)",5.25,,,,OVER,ACTIVE,,"{'spread': None, 'total': None}",FOOTBALL_MARKET_BLEND,41,41,IND,11,FOOTBALL_MARKET_BLEND,2025-09-21T17:01:00Z,1,Football market blend edge clears threshold,11,False,,true,true,true,true,20,20,TEN,nfl,odds_api_flattened_consensus,3,"{'Football_KeyNumberGuard_v1': {'context_flags': {'key_number_risk': False, 'key_numbers': [3, 7, 10]}, 'home_line_proj': 5.5, 'model_name': 'Football_KeyNumberGuard_v1', 'parlay_edge_score': 0, 'spread_distance': 0.0, 'spread_edge': 0.0, 'spread_pick': '', 'total_distance': 0.0, 'total_edge': 0.0, 'total_pick': '', 'total_projection': 43.5}, 'Football_LineMovement_v1': {'context_flags': {'movement_available': False}, 'home_line_proj': 5.5, 'model_name': 'Football_LineMovement_v1', 'parlay_edge_score': 0, 'spread_distance': 0.0, 'spread_edge': 0.0, 'spread_pick': '', 'total_distance': 0.0, 'total_edge': 0.0, 'total_pick': '', 'total_projection': 43.5}, 'Football_MarketBlend_v1': {'context_flags': {'blend_inputs': ['Football_MarketConsensus_v1', 'Football_SpreadValue_v1', 'Football_TotalValue_v1', 'Football_LineMovement_v1', 'Football_KeyNumberGuard_v1'], 'key_number_risk': False}, 'home_line_proj': 5.25, 'model_name': 'Football_MarketBlend_v1', 'parlay_edge_score': 0.75, 'spread_distance': 0.25, 'spread_edge': 0.25, 'spread_pick': 'HOME', 'total_distance': 0.5, 'total_edge': 0.5, 'total_pick': 'OVER', 'total_projection': 44.0}, 'Football_MarketConsensus_v1': {'context_flags': {'book_count': 11, 'source': 'market_consensus'}, 'home_line_proj': 5.5, 'model_name': 'Football_MarketConsensus_v1', 'parlay_edge_score': 0, 'spread_distance': 0.0, 'spread_edge': 0.0, 'spread_pick': '', 'total_distance': 0.0, 'total_edge': 0.0, 'total_pick': '', 'total_projection': 43.5}, 'Football_SpreadValue_v1': {'context_flags': {'book_count': 11.0, 'value_shift': -0.75}, 'home_line_proj': 4.75, 'model_name': 'Football_SpreadValue_v1', 'parlay_edge_score': 0.75, 'spread_distance': 0.75, 'spread_edge': 0.75, 'spread_pick': 'HOME', 'total_distance': 0.0, 'total_edge': 0.0, 'total_pick': '', 'total_projection': 43.5}, 'Football_TotalValue_v1': {'context_flags': {'book_count': 11.0, 'total_value_rule': 'low_total_over_high_total_under'}, 'home_line_proj': 5.5, 'model_name': 'Football_TotalValue_v1', 'parlay_edge_score': 1.0, 'spread_distance': 0.0, 'spread_edge': 0.0, 'spread_pick': '', 'total_distance': 1.0, 'total_edge': 1.0, 'total_pick': 'OVER', 'total_projection': 44.5}}",-240.0,-240.0,195.0,195.0,66,bb506016737825f4d0b1f9862f95c246,2025-09-21T15:55:38Z,odds_api_flattened,-5.5,5.5,STATUS_FINAL,post,43.5,Nissan Stadium
nfl_401772734,2025-09-21,Jacksonville Jaguars,Houston Texans,-1.5,1.5,43.5,44.0,AWAY,-0.25,0.5,0.75,LOW,Football_MarketBlend_v1,Football_MarketBlend_v1,"{'blend_inputs': ['Football_MarketConsensus_v1', 'Football_SpreadValue_v1', 'Football_TotalValue_v1', 'Football_LineMovement_v1', 'Football_KeyNumberGuard_v1'], 'key_number_risk': False}","Game: Houston Texans @ Jacksonville Jaguars
Authority: Football_MarketBlend_v1
Market: Spread -1.5, Total 43.5
Projection: Margin -1.25, Total 44.0
Spread Pick: AWAY (edge -0.25)
Total Pick: OVER (edge 0.5)",-1.25,,,,OVER,ACTIVE,,"{'spread': None, 'total': None}",FOOTBALL_MARKET_BLEND,10,10,HOU,11,FOOTBALL_MARKET_BLEND,2025-09-21T17:00:00Z,1,Football market blend edge clears threshold,11,False,,true,true,true,true,17,17,JAX,nfl,odds_api_flattened_consensus,3,"{'Football_KeyNumberGuard_v1': {'context_flags': {'key_number_risk': False, 'key_numbers': [3, 7, 10]}, 'home_line_proj': -1.5, 'model_name': 'Football_KeyNumberGuard_v1', 'parlay_edge_score': 0, 'spread_distance': 0.0, 'spread_edge': 0.0, 'spread_pick': '', 'total_distance': 0.0, 'total_edge': 0.0, 'total_pick': '', 'total_projection': 43.5}, 'Football_LineMovement_v1': {'context_flags': {'movement_available': False}, 'home_line_proj': -1.5, 'model_name': 'Football_LineMovement_v1', 'parlay_edge_score': 0, 'spread_distance': 0.0, 'spread_edge': 0.0, 'spread_pick': '', 'total_distance': 0.0, 'total_edge': 0.0, 'total_pick': '', 'total_projection': 43.5}, 'Football_MarketBlend_v1': {'context_flags': {'blend_inputs': ['Football_MarketConsensus_v1', 'Football_SpreadValue_v1', 'Football_TotalValue_v1', 'Football_LineMovement_v1', 'Football_KeyNumberGuard_v1'], 'key_number_risk': False}, 'home_line_proj': -1.25, 'model_name': 'Football_MarketBlend_v1', 'parlay_edge_score': 0.75, 'spread_distance': 0.25, 'spread_edge': -0.25, 'spread_pick': 'AWAY', 'total_distance': 0.5, 'total_edge': 0.5, 'total_pick': 'OVER', 'total_projection': 44.0}, 'Football_MarketConsensus_v1': {'context_flags': {'book_count': 11, 'source': 'market_consensus'}, 'home_line_proj': -1.5, 'model_name': 'Football_MarketConsensus_v1', 'parlay_edge_score': 0, 'spread_distance': 0.0, 'spread_edge': 0.0, 'spread_pick': '', 'total_distance': 0.0, 'total_edge': 0.0, 'total_pick': '', 'total_projection': 43.5}, 'Football_SpreadValue_v1': {'context_flags': {'book_count': 11.0, 'value_shift': 0.75}, 'home_line_proj': -0.75, 'model_name': 'Football_SpreadValue_v1', 'parlay_edge_score': 0.75, 'spread_distance': 0.75, 'spread_edge': -0.75, 'spread_pick': 'AWAY', 'total_distance': 0.0, 'total_edge': 0.0, 'total_pick': '', 'total_projection': 43.5}, 'Football_TotalValue_v1': {'context_flags': {'book_count': 11.0, 'total_value_rule': 'low_total_over_high_total_under'}, 'home_line_proj': -1.5, 'model_name': 'Football_TotalValue_v1', 'parlay_edge_score': 1.0, 'spread_distance': 0.0, 'spread_edge': 0.0, 'spread_pick': '', 'total_distance': 1.0, 'total_edge': 1.0, 'total_pick': 'OVER', 'total_projection': 44.5}}",105.0,105.0,-125.0,-125.0,62,97de7672b61dbddbce982711c121e76d,2025-09-21T15:55:38Z,odds_api_flattened,1.5,-1.5,STATUS_FINAL,post,43.5,EverBank Stadium
nfl_401772735,2025-09-21,Los Angeles Chargers,Denver Broncos,-2.5,2.5,45.5,45.0,,-0.25,-0.5,0.75,LOW,Football_MarketBlend_v1,Football_MarketBlend_v1,"{'blend_inputs': ['Football_MarketConsensus_v1', 'Football_SpreadValue_v1', 'Football_TotalValue_v1', 'Football_LineMovement_v1', 'Football_KeyNumberGuard_v1'], 'key_number_risk': True, 'spread_veto': 'key_number_guard'}","Game: Denver Broncos @ Los Angeles Chargers
Authority: Football_MarketBlend_v1
Market: Spread -2.5, Total 45.5
Projection: Margin -2.25, Total 45.0
Spread Pick:  (edge -0.25)
Total Pick: UNDER (edge -0.5)",-2.25,,,,UNDER,ACTIVE,,"{'spread': None, 'total': None}",FOOTBALL_MARKET_BLEND,20,20,DEN,11,FOOTBALL_MARKET_BLEND,2025-09-21T20:05:00Z,1,Football market blend edge clears threshold,11,False,,true,true,true,true,23,23,LAC,nfl,odds_api_flattened_consensus,3,"{'Football_KeyNumberGuard_v1': {'context_flags': {'key_number_risk': True, 'key_numbers': [3, 7, 10]}, 'home_line_proj': -2.5, 'model_name': 'Football_KeyNumberGuard_v1', 'parlay_edge_score': 0, 'spread_distance': 0.0, 'spread_edge': 0.0, 'spread_pick': '', 'total_distance': 0.0, 'total_edge': 0.0, 'total_pick': '', 'total_projection': 45.5}, 'Football_LineMovement_v1': {'context_flags': {'movement_available': False}, 'home_line_proj': -2.5, 'model_name': 'Football_LineMovement_v1', 'parlay_edge_score': 0, 'spread_distance': 0.0, 'spread_edge': 0.0, 'spread_pick': '', 'total_distance': 0.0, 'total_edge': 0.0, 'total_pick': '', 'total_projection': 45.5}, 'Football_MarketBlend_v1': {'context_flags': {'blend_inputs': ['Football_MarketConsensus_v1', 'Football_SpreadValue_v1', 'Football_TotalValue_v1', 'Football_LineMovement_v1', 'Football_KeyNumberGuard_v1'], 'key_number_risk': True, 'spread_veto': 'key_number_guard'}, 'home_line_proj': -2.25, 'model_name': 'Football_MarketBlend_v1', 'parlay_edge_score': 0.75, 'spread_distance': 0.25, 'spread_edge': -0.25, 'spread_pick': '', 'total_distance': 0.5, 'total_edge': -0.5, 'total_pick': 'UNDER', 'total_projection': 45.0}, 'Football_MarketConsensus_v1': {'context_flags': {'book_count': 11, 'source': 'market_consensus'}, 'home_line_proj': -2.5, 'model_name': 'Football_MarketConsensus_v1', 'parlay_edge_score': 0, 'spread_distance': 0.0, 'spread_edge': 0.0, 'spread_pick': '', 'total_distance': 0.0, 'total_edge': 0.0, 'total_pick': '', 'total_projection': 45.5}, 'Football_SpreadValue_v1': {'context_flags': {'book_count': 11.0, 'value_shift': 0.75}, 'home_line_proj': -1.75, 'model_name': 'Football_SpreadValue_v1', 'parlay_edge_score': 0.75, 'spread_distance': 0.75, 'spread_edge': -0.75, 'spread_pick': 'AWAY', 'total_distance': 0.0, 'total_edge': 0.0, 'total_pick': '', 'total_projection': 45.5}, 'Football_TotalValue_v1': {'context_flags': {'book_count': 11.0, 'total_value_rule': 'low_total_over_high_total_under'}, 'home_line_proj': -2.5, 'model_name': 'Football_TotalValue_v1', 'parlay_edge_score': 1.0, 'spread_distance': 0.0, 'spread_edge': 0.0, 'spread_pick': '', 'total_distance': 1.0, 'total_edge': -1.0, 'total_pick': 'UNDER', 'total_projection': 44.5}}",125.0,125.0,-148.0,-148.0,66,0ee3f5a0078c21cfdffd1b97002e7da5,2025-09-21T15:55:38Z,odds_api_flattened,2.5,-2.5,STATUS_FINAL,post,45.5,SoFi Stadium
nfl_401772736,2025-09-21,Seattle Seahawks,New Orleans Saints,-7.0,7.0,41.5,42.0,,-0.25,0.5,0.75,LOW,Football_MarketBlend_v1,Football_MarketBlend_v1,"{'blend_inputs': ['Football_MarketConsensus_v1', 'Football_SpreadValue_v1', 'Football_TotalValue_v1', 'Football_LineMovement_v1', 'Football_KeyNumberGuard_v1'], 'key_number_risk': True, 'spread_veto': 'key_number_guard'}","Game: New Orleans Saints @ Seattle Seahawks
Authority: Football_MarketBlend_v1
Market: Spread -7.0, Total 41.5
Projection: Margin -6.75, Total 42.0
Spread Pick:  (edge -0.25)
Total Pick: OVER (edge 0.5)",-6.75,,,,OVER,ACTIVE,,"{'spread': None, 'total': None}",FOOTBALL_MARKET_BLEND,13,13,NO,11,FOOTBALL_MARKET_BLEND,2025-09-21T20:05:00Z,1,Football market blend edge clears threshold,11,False,,true,true,true,true,44,44,SEA,nfl,odds_api_flattened_consensus,3,"{'Football_KeyNumberGuard_v1': {'context_flags': {'key_number_risk': True, 'key_numbers': [3, 7, 10]}, 'home_line_proj': -7.0, 'model_name': 'Football_KeyNumberGuard_v1', 'parlay_edge_score': 0, 'spread_distance': 0.0, 'spread_edge': 0.0, 'spread_pick': '', 'total_distance': 0.0, 'total_edge': 0.0, 'total_pick': '', 'total_projection': 41.5}, 'Football_LineMovement_v1': {'context_flags': {'movement_available': False}, 'home_line_proj': -7.0, 'model_name': 'Football_LineMovement_v1', 'parlay_edge_score': 0, 'spread_distance': 0.0, 'spread_edge': 0.0, 'spread_pick': '', 'total_distance': 0.0, 'total_edge': 0.0, 'total_pick': '', 'total_projection': 41.5}, 'Football_MarketBlend_v1': {'context_flags': {'blend_inputs': ['Football_MarketConsensus_v1', 'Football_SpreadValue_v1', 'Football_TotalValue_v1', 'Football_LineMovement_v1', 'Football_KeyNumberGuard_v1'], 'key_number_risk': True, 'spread_veto': 'key_number_guard'}, 'home_line_proj': -6.75, 'model_name': 'Football_MarketBlend_v1', 'parlay_edge_score': 0.75, 'spread_distance': 0.25, 'spread_edge': -0.25, 'spread_pick': '', 'total_distance': 0.5, 'total_edge': 0.5, 'total_pick': 'OVER', 'total_projection': 42.0}, 'Football_MarketConsensus_v1': {'context_flags': {'book_count': 11, 'source': 'market_consensus'}, 'home_line_proj': -7.0, 'model_name': 'Football_MarketConsensus_v1', 'parlay_edge_score': 0, 'spread_distance': 0.0, 'spread_edge': 0.0, 'spread_pick': '', 'total_distance': 0.0, 'total_edge': 0.0, 'total_pick': '', 'total_projection': 41.5}, 'Football_SpreadValue_v1': {'context_flags': {'book_count': 11.0, 'value_shift': 0.75}, 'home_line_proj': -6.25, 'model_name': 'Football_SpreadValue_v1', 'parlay_edge_score': 0.75, 'spread_distance': 0.75, 'spread_edge': -0.75, 'spread_pick': 'AWAY', 'total_distance': 0.0, 'total_edge': 0.0, 'total_pick': '', 'total_projection': 41.5}, 'Football_TotalValue_v1': {'context_flags': {'book_count': 11.0, 'total_value_rule': 'low_total_over_high_total_under'}, 'home_line_proj': -7.0, 'model_name': 'Football_TotalValue_v1', 'parlay_edge_score': 1.0, 'spread_distance': 0.0, 'spread_edge': 0.0, 'spread_pick': '', 'total_distance': 1.0, 'total_edge': 1.0, 'total_pick': 'OVER', 'total_projection': 42.5}}",310.0,310.0,-400.0,-400.0,64,311c411c2d53e36a902763dc7a2ef678,2025-09-21T15:55:38Z,odds_api_flattened,7.0,-7.0,STATUS_FINAL,post,41.5,Lumen Field
nfl_401772838,2025-09-21,Carolina Panthers,Atlanta Falcons,4.5,-4.5,44.0,44.5,HOME,0.25,0.5,0.75,LOW,Football_MarketBlend_v1,Football_MarketBlend_v1,"{'blend_inputs': ['Football_MarketConsensus_v1', 'Football_SpreadValue_v1', 'Football_TotalValue_v1', 'Football_LineMovement_v1', 'Football_KeyNumberGuard_v1'], 'key_number_risk': False}","Game: Atlanta Falcons @ Carolina Panthers
Authority: Football_MarketBlend_v1
Market: Spread 4.5, Total 44.0
Projection: Margin 4.25, Total 44.5
Spread Pick: HOME (edge 0.25)
Total Pick: OVER (edge 0.5)",4.25,,,,OVER,ACTIVE,,"{'spread': None, 'total': None}",FOOTBALL_MARKET_BLEND,0,0,ATL,11,FOOTBALL_MARKET_BLEND,2025-09-21T17:00:00Z,1,Football market blend edge clears threshold,11,False,,true,true,true,true,30,30,CAR,nfl,odds_api_flattened_consensus,3,"{'Football_KeyNumberGuard_v1': {'context_flags': {'key_number_risk': False, 'key_numbers': [3, 7, 10]}, 'home_line_proj': 4.5, 'model_name': 'Football_KeyNumberGuard_v1', 'parlay_edge_score': 0, 'spread_distance': 0.0, 'spread_edge': 0.0, 'spread_pick': '', 'total_distance': 0.0, 'total_edge': 0.0, 'total_pick': '', 'total_projection': 44.0}, 'Football_LineMovement_v1': {'context_flags': {'movement_available': False}, 'home_line_proj': 4.5, 'model_name': 'Football_LineMovement_v1', 'parlay_edge_score': 0, 'spread_distance': 0.0, 'spread_edge': 0.0, 'spread_pick': '', 'total_distance': 0.0, 'total_edge': 0.0, 'total_pick': '', 'total_projection': 44.0}, 'Football_MarketBlend_v1': {'context_flags': {'blend_inputs': ['Football_MarketConsensus_v1', 'Football_SpreadValue_v1', 'Football_TotalValue_v1', 'Football_LineMovement_v1', 'Football_KeyNumberGuard_v1'], 'key_number_risk': False}, 'home_line_proj': 4.25, 'model_name': 'Football_MarketBlend_v1', 'parlay_edge_score': 0.75, 'spread_distance': 0.25, 'spread_edge': 0.25, 'spread_pick': 'HOME', 'total_distance': 0.5, 'total_edge': 0.5, 'total_pick': 'OVER', 'total_projection': 44.5}, 'Football_MarketConsensus_v1': {'context_flags': {'book_count': 11, 'source': 'market_consensus'}, 'home_line_proj': 4.5, 'model_name': 'Football_MarketConsensus_v1', 'parlay_edge_score': 0, 'spread_distance': 0.0, 'spread_edge': 0.0, 'spread_pick': '', 'total_distance': 0.0, 'total_edge': 0.0, 'total_pick': '', 'total_projection': 44.0}, 'Football_SpreadValue_v1': {'context_flags': {'book_count': 11.0, 'value_shift': -0.75}, 'home_line_proj': 3.75, 'model_name': 'Football_SpreadValue_v1', 'parlay_edge_score': 0.75, 'spread_distance': 0.75, 'spread_edge': 0.75, 'spread_pick': 'HOME', 'total_distance': 0.0, 'total_edge': 0.0, 'total_pick': '', 'total_projection': 44.0}, 'Football_TotalValue_v1': {'context_flags': {'book_count': 11.0, 'total_value_rule': 'low_total_over_high_total_under'}, 'home_line_proj': 4.5, 'model_name': 'Football_TotalValue_v1', 'parlay_edge_score': 1.0, 'spread_distance': 0.0, 'spread_edge': 0.0, 'spread_pick': '', 'total_distance': 1.0, 'total_edge': 1.0, 'total_pick': 'OVER', 'total_projection': 45.0}}",-240.0,-240.0,200.0,200.0,62,5737e4dbf6879c5061bb23033a4d8a55,2025-09-21T15:55:38Z,odds_api_flattened,-4.5,4.5,STATUS_FINAL,post,44.0,Bank of America Stadium
nfl_401772839,2025-09-21,Philadelphia Eagles,Los Angeles Rams,-3.5,3.5,45.5,45.0,,-0.25,-0.5,0.75,LOW,Football_MarketBlend_v1,Football_MarketBlend_v1,"{'blend_inputs': ['Football_MarketConsensus_v1', 'Football_SpreadValue_v1', 'Football_TotalValue_v1', 'Football_LineMovement_v1', 'Football_KeyNumberGuard_v1'], 'key_number_risk': True, 'spread_veto': 'key_number_guard'}","Game: Los Angeles Rams @ Philadelphia Eagles
Authority: Football_MarketBlend_v1
Market: Spread -3.5, Total 45.5
Projection: Margin -3.25, Total 45.0
Spread Pick:  (edge -0.25)
Total Pick: UNDER (edge -0.5)",-3.25,,,,UNDER,ACTIVE,,"{'spread': None, 'total': None}",FOOTBALL_MARKET_BLEND,26,26,LAR,11,FOOTBALL_MARKET_BLEND,2025-09-21T17:01:00Z,1,Football market blend edge clears threshold,11,False,,true,true,true,true,33,33,PHI,nfl,odds_api_flattened_consensus,3,"{'Football_KeyNumberGuard_v1': {'context_flags': {'key_number_risk': True, 'key_numbers': [3, 7, 10]}, 'home_line_proj': -3.5, 'model_name': 'Football_KeyNumberGuard_v1', 'parlay_edge_score': 0, 'spread_distance': 0.0, 'spread_edge': 0.0, 'spread_pick': '', 'total_distance': 0.0, 'total_edge': 0.0, 'total_pick': '', 'total_projection': 45.5}, 'Football_LineMovement_v1': {'context_flags': {'movement_available': False}, 'home_line_proj': -3.5, 'model_name': 'Football_LineMovement_v1', 'parlay_edge_score': 0, 'spread_distance': 0.0, 'spread_edge': 0.0, 'spread_pick': '', 'total_distance': 0.0, 'total_edge': 0.0, 'total_pick': '', 'total_projection': 45.5}, 'Football_MarketBlend_v1': {'context_flags': {'blend_inputs': ['Football_MarketConsensus_v1', 'Football_SpreadValue_v1', 'Football_TotalValue_v1', 'Football_LineMovement_v1', 'Football_KeyNumberGuard_v1'], 'key_number_risk': True, 'spread_veto': 'key_number_guard'}, 'home_line_proj': -3.25, 'model_name': 'Football_MarketBlend_v1', 'parlay_edge_score': 0.75, 'spread_distance': 0.25, 'spread_edge': -0.25, 'spread_pick': '', 'total_distance': 0.5, 'total_edge': -0.5, 'total_pick': 'UNDER', 'total_projection': 45.0}, 'Football_MarketConsensus_v1': {'context_flags': {'book_count': 11, 'source': 'market_consensus'}, 'home_line_proj': -3.5, 'model_name': 'Football_MarketConsensus_v1', 'parlay_edge_score': 0, 'spread_distance': 0.0, 'spread_edge': 0.0, 'spread_pick': '', 'total_distance': 0.0, 'total_edge': 0.0, 'total_pick': '', 'total_projection': 45.5}, 'Football_SpreadValue_v1': {'context_flags': {'book_count': 11.0, 'value_shift': 0.75}, 'home_line_proj': -2.75, 'model_name': 'Football_SpreadValue_v1', 'parlay_edge_score': 0.75, 'spread_distance': 0.75, 'spread_edge': -0.75, 'spread_pick': 'AWAY', 'total_distance': 0.0, 'total_edge': 0.0, 'total_pick': '', 'total_projection': 45.5}, 'Football_TotalValue_v1': {'context_flags': {'book_count': 11.0, 'total_value_rule': 'low_total_over_high_total_under'}, 'home_line_proj': -3.5, 'model_name': 'Football_TotalValue_v1', 'parlay_edge_score': 1.0, 'spread_distance': 0.0, 'spread_edge': 0.0, 'spread_pick': '', 'total_distance': 1.0, 'total_edge': -1.0, 'total_pick': 'UNDER', 'total_projection': 44.5}}",164.0,164.0,-198.0,-198.0,66,4c4ae4a2d54fc3f71c450187e9391ddc,2025-09-21T15:55:38Z,odds_api_flattened,3.5,-3.5,STATUS_FINAL,post,45.5,Lincoln Financial Field
nfl_401772840,2025-09-21,Tampa Bay Buccaneers,New York Jets,-6.5,6.5,43.0,43.5,,-0.25,0.5,0.75,LOW,Football_MarketBlend_v1,Football_MarketBlend_v1,"{'blend_inputs': ['Football_MarketConsensus_v1', 'Football_SpreadValue_v1', 'Football_TotalValue_v1', 'Football_LineMovement_v1', 'Football_KeyNumberGuard_v1'], 'key_number_risk': True, 'spread_veto': 'key_number_guard'}","Game: New York Jets @ Tampa Bay Buccaneers
Authority: Football_MarketBlend_v1
Market: Spread -6.5, Total 43.0
Projection: Margin -6.25, Total 43.5
Spread Pick:  (edge -0.25)
Total Pick: OVER (edge 0.5)",-6.25,,,,OVER,ACTIVE,,"{'spread': None, 'total': None}",FOOTBALL_MARKET_BLEND,27,27,NYJ,11,FOOTBALL_MARKET_BLEND,2025-09-21T17:00:00Z,1,Football market blend edge clears threshold,11,False,,true,true,true,true,29,29,TB,nfl,odds_api_flattened_consensus,3,"{'Football_KeyNumberGuard_v1': {'context_flags': {'key_number_risk': True, 'key_numbers': [3, 7, 10]}, 'home_line_proj': -6.5, 'model_name': 'Football_KeyNumberGuard_v1', 'parlay_edge_score': 0, 'spread_distance': 0.0, 'spread_edge': 0.0, 'spread_pick': '', 'total_distance': 0.0, 'total_edge': 0.0, 'total_pick': '', 'total_projection': 43.0}, 'Football_LineMovement_v1': {'context_flags': {'movement_available': False}, 'home_line_proj': -6.5, 'model_name': 'Football_LineMovement_v1', 'parlay_edge_score': 0, 'spread_distance': 0.0, 'spread_edge': 0.0, 'spread_pick': '', 'total_distance': 0.0, 'total_edge': 0.0, 'total_pick': '', 'total_projection': 43.0}, 'Football_MarketBlend_v1': {'context_flags': {'blend_inputs': ['Football_MarketConsensus_v1', 'Football_SpreadValue_v1', 'Football_TotalValue_v1', 'Football_LineMovement_v1', 'Football_KeyNumberGuard_v1'], 'key_number_risk': True, 'spread_veto': 'key_number_guard'}, 'home_line_proj': -6.25, 'model_name': 'Football_MarketBlend_v1', 'parlay_edge_score': 0.75, 'spread_distance': 0.25, 'spread_edge': -0.25, 'spread_pick': '', 'total_distance': 0.5, 'total_edge': 0.5, 'total_pick': 'OVER', 'total_projection': 43.5}, 'Football_MarketConsensus_v1': {'context_flags': {'book_count': 11, 'source': 'market_consensus'}, 'home_line_proj': -6.5, 'model_name': 'Football_MarketConsensus_v1', 'parlay_edge_score': 0, 'spread_distance': 0.0, 'spread_edge': 0.0, 'spread_pick': '', 'total_distance': 0.0, 'total_edge': 0.0, 'total_pick': '', 'total_projection': 43.0}, 'Football_SpreadValue_v1': {'context_flags': {'book_count': 11.0, 'value_shift': 0.75}, 'home_line_proj': -5.75, 'model_name': 'Football_SpreadValue_v1', 'parlay_edge_score': 0.75, 'spread_distance': 0.75, 'spread_edge': -0.75, 'spread_pick': 'AWAY', 'total_distance': 0.0, 'total_edge': 0.0, 'total_pick': '', 'total_projection': 43.0}, 'Football_TotalValue_v1': {'context_flags': {'book_count': 11.0, 'total_value_rule': 'low_total_over_high_total_under'}, 'home_line_proj': -6.5, 'model_name': 'Football_TotalValue_v1', 'parlay_edge_score': 1.0, 'spread_distance': 0.0, 'spread_edge': 0.0, 'spread_pick': '', 'total_distance': 1.0, 'total_edge': 1.0, 'total_pick': 'OVER', 'total_projection': 44.0}}",263.0,263.0,-328.0,-328.0,66,02522f48a7b7e7524881c1b1638cd94d,2025-09-21T15:55:38Z,odds_api_flattened,6.5,-6.5,STATUS_FINAL,post,43.0,Raymond James Stadium
nfl_401772841,2025-09-21,Washington Commanders,Las Vegas Raiders,-3.0,3.0,43.5,44.0,,-0.25,0.5,0.75,LOW,Football_MarketBlend_v1,Football_MarketBlend_v1,"{'blend_inputs': ['Football_MarketConsensus_v1', 'Football_SpreadValue_v1', 'Football_TotalValue_v1', 'Football_LineMovement_v1', 'Football_KeyNumberGuard_v1'], 'key_number_risk': True, 'spread_veto': 'key_number_guard'}","Game: Las Vegas Raiders @ Washington Commanders
Authority: Football_MarketBlend_v1
Market: Spread -3.0, Total 43.5
Projection: Margin -2.75, Total 44.0
Spread Pick:  (edge -0.25)
Total Pick: OVER (edge 0.5)",-2.75,,,,OVER,ACTIVE,,"{'spread': None, 'total': None}",FOOTBALL_MARKET_BLEND,24,24,LV,11,FOOTBALL_MARKET_BLEND,2025-09-21T17:00:00Z,1,Football market blend edge clears threshold,11,False,,true,true,true,true,41,41,WAS,nfl,odds_api_flattened_consensus,3,"{'Football_KeyNumberGuard_v1': {'context_flags': {'key_number_risk': True, 'key_numbers': [3, 7, 10]}, 'home_line_proj': -3.0, 'model_name': 'Football_KeyNumberGuard_v1', 'parlay_edge_score': 0, 'spread_distance': 0.0, 'spread_edge': 0.0, 'spread_pick': '', 'total_distance': 0.0, 'total_edge': 0.0, 'total_pick': '', 'total_projection': 43.5}, 'Football_LineMovement_v1': {'context_flags': {'movement_available': False}, 'home_line_proj': -3.0, 'model_name': 'Football_LineMovement_v1', 'parlay_edge_score': 0, 'spread_distance': 0.0, 'spread_edge': 0.0, 'spread_pick': '', 'total_distance': 0.0, 'total_edge': 0.0, 'total_pick': '', 'total_projection': 43.5}, 'Football_MarketBlend_v1': {'context_flags': {'blend_inputs': ['Football_MarketConsensus_v1', 'Football_SpreadValue_v1', 'Football_TotalValue_v1', 'Football_LineMovement_v1', 'Football_KeyNumberGuard_v1'], 'key_number_risk': True, 'spread_veto': 'key_number_guard'}, 'home_line_proj': -2.75, 'model_name': 'Football_MarketBlend_v1', 'parlay_edge_score': 0.75, 'spread_distance': 0.25, 'spread_edge': -0.25, 'spread_pick': '', 'total_distance': 0.5, 'total_edge': 0.5, 'total_pick': 'OVER', 'total_projection': 44.0}, 'Football_MarketConsensus_v1': {'context_flags': {'book_count': 11, 'source': 'market_consensus'}, 'home_line_proj': -3.0, 'model_name': 'Football_MarketConsensus_v1', 'parlay_edge_score': 0, 'spread_distance': 0.0, 'spread_edge': 0.0, 'spread_pick': '', 'total_distance': 0.0, 'total_edge': 0.0, 'total_pick': '', 'total_projection': 43.5}, 'Football_SpreadValue_v1': {'context_flags': {'book_count': 11.0, 'value_shift': 0.75}, 'home_line_proj': -2.25, 'model_name': 'Football_SpreadValue_v1', 'parlay_edge_score': 0.75, 'spread_distance': 0.75, 'spread_edge': -0.75, 'spread_pick': 'AWAY', 'total_distance': 0.0, 'total_edge': 0.0, 'total_pick': '', 'total_projection': 43.5}, 'Football_TotalValue_v1': {'context_flags': {'book_count': 11.0, 'total_value_rule': 'low_total_over_high_total_under'}, 'home_line_proj': -3.0, 'model_name': 'Football_TotalValue_v1', 'parlay_edge_score': 1.0, 'spread_distance': 0.0, 'spread_edge': 0.0, 'spread_pick': '', 'total_distance': 1.0, 'total_edge': 1.0, 'total_pick': 'OVER', 'total_projection': 44.5}}",130.0,130.0,-154.0,-154.0,66,03a5eed2c8ef5d1c8a48866ea4b0d63a,2025-09-21T15:55:38Z,odds_api_flattened,3.0,-3.0,STATUS_FINAL,post,43.5,Northwest Stadium
nfl_401772842,2025-09-21,Cleveland Browns,Green Bay Packers,7.5,-7.5,41.5,42.0,,0.25,0.5,0.75,LOW,Football_MarketBlend_v1,Football_MarketBlend_v1,"{'blend_inputs': ['Football_MarketConsensus_v1', 'Football_SpreadValue_v1', 'Football_TotalValue_v1', 'Football_LineMovement_v1', 'Football_KeyNumberGuard_v1'], 'key_number_risk': True, 'spread_veto': 'key_number_guard'}","Game: Green Bay Packers @ Cleveland Browns
Authority: Football_MarketBlend_v1
Market: Spread 7.5, Total 41.5
Projection: Margin 7.25, Total 42.0
Spread Pick:  (edge 0.25)
Total Pick: OVER (edge 0.5)",7.25,,,,OVER,ACTIVE,,"{'spread': None, 'total': None}",FOOTBALL_MARKET_BLEND,10,10,GB,11,FOOTBALL_MARKET_BLEND,2025-09-21T17:00:00Z,1,Football market blend edge clears threshold,11,False,,true,true,true,true,13,13,CLE,nfl,odds_api_flattened_consensus,3,"{'Football_KeyNumberGuard_v1': {'context_flags': {'key_number_risk': True, 'key_numbers': [3, 7, 10]}, 'home_line_proj': 7.5, 'model_name': 'Football_KeyNumberGuard_v1', 'parlay_edge_score': 0, 'spread_distance': 0.0, 'spread_edge': 0.0, 'spread_pick': '', 'total_distance': 0.0, 'total_edge': 0.0, 'total_pick': '', 'total_projection': 41.5}, 'Football_LineMovement_v1': {'context_flags': {'movement_available': False}, 'home_line_proj': 7.5, 'model_name': 'Football_LineMovement_v1', 'parlay_edge_score': 0, 'spread_distance': 0.0, 'spread_edge': 0.0, 'spread_pick': '', 'total_distance': 0.0, 'total_edge': 0.0, 'total_pick': '', 'total_projection': 41.5}, 'Football_MarketBlend_v1': {'context_flags': {'blend_inputs': ['Football_MarketConsensus_v1', 'Football_SpreadValue_v1', 'Football_TotalValue_v1', 'Football_LineMovement_v1', 'Football_KeyNumberGuard_v1'], 'key_number_risk': True, 'spread_veto': 'key_number_guard'}, 'home_line_proj': 7.25, 'model_name': 'Football_MarketBlend_v1', 'parlay_edge_score': 0.75, 'spread_distance': 0.25, 'spread_edge': 0.25, 'spread_pick': '', 'total_distance': 0.5, 'total_edge': 0.5, 'total_pick': 'OVER', 'total_projection': 42.0}, 'Football_MarketConsensus_v1': {'context_flags': {'book_count': 11, 'source': 'market_consensus'}, 'home_line_proj': 7.5, 'model_name': 'Football_MarketConsensus_v1', 'parlay_edge_score': 0, 'spread_distance': 0.0, 'spread_edge': 0.0, 'spread_pick': '', 'total_distance': 0.0, 'total_edge': 0.0, 'total_pick': '', 'total_projection': 41.5}, 'Football_SpreadValue_v1': {'context_flags': {'book_count': 11.0, 'value_shift': -0.75}, 'home_line_proj': 6.75, 'model_name': 'Football_SpreadValue_v1', 'parlay_edge_score': 0.75, 'spread_distance': 0.75, 'spread_edge': 0.75, 'spread_pick': 'HOME', 'total_distance': 0.0, 'total_edge': 0.0, 'total_pick': '', 'total_projection': 41.5}, 'Football_TotalValue_v1': {'context_flags': {'book_count': 11.0, 'total_value_rule': 'low_total_over_high_total_under'}, 'home_line_proj': 7.5, 'model_name': 'Football_TotalValue_v1', 'parlay_edge_score': 1.0, 'spread_distance': 0.0, 'spread_edge': 0.0, 'spread_pick': '', 'total_distance': 1.0, 'total_edge': 1.0, 'total_pick': 'OVER', 'total_projection': 42.5}}",-424.0,-424.0,330.0,330.0,66,581955d1b79fe87a3a61a4885cd7ea67,2025-09-21T15:55:38Z,odds_api_flattened,-7.5,7.5,STATUS_FINAL,post,41.5,Huntington Bank Field
nfl_401772843,2025-09-21,San Francisco 49ers,Arizona Cardinals,-1.5,1.5,44.5,45.0,AWAY,-0.25,0.5,0.75,LOW,Football_MarketBlend_v1,Football_MarketBlend_v1,"{'blend_inputs': ['Football_MarketConsensus_v1', 'Football_SpreadValue_v1', 'Football_TotalValue_v1', 'Football_LineMovement_v1', 'Football_KeyNumberGuard_v1'], 'key_number_risk': False}","Game: Arizona Cardinals @ San Francisco 49ers
Authority: Football_MarketBlend_v1
Market: Spread -1.5, Total 44.5
Projection: Margin -1.25, Total 45.0
Spread Pick: AWAY (edge -0.25)
Total Pick: OVER (edge 0.5)",-1.25,,,,OVER,ACTIVE,,"{'spread': None, 'total': None}",FOOTBALL_MARKET_BLEND,15,15,ARI,11,FOOTBALL_MARKET_BLEND,2025-09-21T20:26:00Z,1,Football market blend edge clears threshold,11,False,,true,true,true,true,16,16,SF,nfl,odds_api_flattened_consensus,3,"{'Football_KeyNumberGuard_v1': {'context_flags': {'key_number_risk': False, 'key_numbers': [3, 7, 10]}, 'home_line_proj': -1.5, 'model_name': 'Football_KeyNumberGuard_v1', 'parlay_edge_score': 0, 'spread_distance': 0.0, 'spread_edge': 0.0, 'spread_pick': '', 'total_distance': 0.0, 'total_edge': 0.0, 'total_pick': '', 'total_projection': 44.5}, 'Football_LineMovement_v1': {'context_flags': {'movement_available': False}, 'home_line_proj': -1.5, 'model_name': 'Football_LineMovement_v1', 'parlay_edge_score': 0, 'spread_distance': 0.0, 'spread_edge': 0.0, 'spread_pick': '', 'total_distance': 0.0, 'total_edge': 0.0, 'total_pick': '', 'total_projection': 44.5}, 'Football_MarketBlend_v1': {'context_flags': {'blend_inputs': ['Football_MarketConsensus_v1', 'Football_SpreadValue_v1', 'Football_TotalValue_v1', 'Football_LineMovement_v1', 'Football_KeyNumberGuard_v1'], 'key_number_risk': False}, 'home_line_proj': -1.25, 'model_name': 'Football_MarketBlend_v1', 'parlay_edge_score': 0.75, 'spread_distance': 0.25, 'spread_edge': -0.25, 'spread_pick': 'AWAY', 'total_distance': 0.5, 'total_edge': 0.5, 'total_pick': 'OVER', 'total_projection': 45.0}, 'Football_MarketConsensus_v1': {'context_flags': {'book_count': 11, 'source': 'market_consensus'}, 'home_line_proj': -1.5, 'model_name': 'Football_MarketConsensus_v1', 'parlay_edge_score': 0, 'spread_distance': 0.0, 'spread_edge': 0.0, 'spread_pick': '', 'total_distance': 0.0, 'total_edge': 0.0, 'total_pick': '', 'total_projection': 44.5}, 'Football_SpreadValue_v1': {'context_flags': {'book_count': 11.0, 'value_shift': 0.75}, 'home_line_proj': -0.75, 'model_name': 'Football_SpreadValue_v1', 'parlay_edge_score': 0.75, 'spread_distance': 0.75, 'spread_edge': -0.75, 'spread_pick': 'AWAY', 'total_distance': 0.0, 'total_edge': 0.0, 'total_pick': '', 'total_projection': 44.5}, 'Football_TotalValue_v1': {'context_flags': {'book_count': 11.0, 'total_value_rule': 'low_total_over_high_total_under'}, 'home_line_proj': -1.5, 'model_name': 'Football_TotalValue_v1', 'parlay_edge_score': 1.0, 'spread_distance': 0.0, 'spread_edge': 0.0, 'spread_pick': '', 'total_distance': 1.0, 'total_edge': 1.0, 'total_pick': 'OVER', 'total_projection': 45.5}}",104.0,104.0,-125.0,-125.0,66,20b50dac292089c063b21e1410f172ef,2025-09-21T15:55:38Z,odds_api_flattened,1.5,-1.5,STATUS_FINAL,post,44.5,Levi's Stadium
nfl_401772844,2025-09-21,Chicago Bears,Dallas Cowboys,1.0,-1.0,50.0,49.5,HOME,0.25,-0.5,0.75,LOW,Football_MarketBlend_v1,Football_MarketBlend_v1,"{'blend_inputs': ['Football_MarketConsensus_v1', 'Football_SpreadValue_v1', 'Football_TotalValue_v1', 'Football_LineMovement_v1', 'Football_KeyNumberGuard_v1'], 'key_number_risk': False}","Game: Dallas Cowboys @ Chicago Bears
Authority: Football_MarketBlend_v1
Market: Spread 1.0, Total 50.0
Projection: Margin 0.75, Total 49.5
Spread Pick: HOME (edge 0.25)
Total Pick: UNDER (edge -0.5)",0.75,,,,UNDER,ACTIVE,,"{'spread': None, 'total': None}",FOOTBALL_MARKET_BLEND,14,14,DAL,11,FOOTBALL_MARKET_BLEND,2025-09-21T20:25:00Z,1,Football market blend edge clears threshold,11,False,,true,true,true,true,31,31,CHI,nfl,odds_api_flattened_consensus,3,"{'Football_KeyNumberGuard_v1': {'context_flags': {'key_number_risk': False, 'key_numbers': [3, 7, 10]}, 'home_line_proj': 1.0, 'model_name': 'Football_KeyNumberGuard_v1', 'parlay_edge_score': 0, 'spread_distance': 0.0, 'spread_edge': 0.0, 'spread_pick': '', 'total_distance': 0.0, 'total_edge': 0.0, 'total_pick': '', 'total_projection': 50.0}, 'Football_LineMovement_v1': {'context_flags': {'movement_available': False}, 'home_line_proj': 1.0, 'model_name': 'Football_LineMovement_v1', 'parlay_edge_score': 0, 'spread_distance': 0.0, 'spread_edge': 0.0, 'spread_pick': '', 'total_distance': 0.0, 'total_edge': 0.0, 'total_pick': '', 'total_projection': 50.0}, 'Football_MarketBlend_v1': {'context_flags': {'blend_inputs': ['Football_MarketConsensus_v1', 'Football_SpreadValue_v1', 'Football_TotalValue_v1', 'Football_LineMovement_v1', 'Football_KeyNumberGuard_v1'], 'key_number_risk': False}, 'home_line_proj': 0.75, 'model_name': 'Football_MarketBlend_v1', 'parlay_edge_score': 0.75, 'spread_distance': 0.25, 'spread_edge': 0.25, 'spread_pick': 'HOME', 'total_distance': 0.5, 'total_edge': -0.5, 'total_pick': 'UNDER', 'total_projection': 49.5}, 'Football_MarketConsensus_v1': {'context_flags': {'book_count': 11, 'source': 'market_consensus'}, 'home_line_proj': 1.0, 'model_name': 'Football_MarketConsensus_v1', 'parlay_edge_score': 0, 'spread_distance': 0.0, 'spread_edge': 0.0, 'spread_pick': '', 'total_distance': 0.0, 'total_edge': 0.0, 'total_pick': '', 'total_projection': 50.0}, 'Football_SpreadValue_v1': {'context_flags': {'book_count': 11.0, 'value_shift': -0.75}, 'home_line_proj': 0.25, 'model_name': 'Football_SpreadValue_v1', 'parlay_edge_score': 0.75, 'spread_distance': 0.75, 'spread_edge': 0.75, 'spread_pick': 'HOME', 'total_distance': 0.0, 'total_edge': 0.0, 'total_pick': '', 'total_projection': 50.0}, 'Football_TotalValue_v1': {'context_flags': {'book_count': 11.0, 'total_value_rule': 'low_total_over_high_total_under'}, 'home_line_proj': 1.0, 'model_name': 'Football_TotalValue_v1', 'parlay_edge_score': 1.0, 'spread_distance': 0.0, 'spread_edge': 0.0, 'spread_pick': '', 'total_distance': 1.0, 'total_edge': -1.0, 'total_pick': 'UNDER', 'total_projection': 49.0}}",-124.0,-124.0,103.5,103.5,64,186868cc79ce1f5d22075b67ebbc7b64,2025-09-21T15:55:38Z,odds_api_flattened,-1.0,1.0,STATUS_FINAL,post,50.0,Soldier Field
nfl_401772920,2025-09-22,New York Giants,Kansas City Chiefs,6.0,-6.0,44.5,45.0,HOME,0.25,0.5,0.75,LOW,Football_MarketBlend_v1,Football_MarketBlend_v1,"{'blend_inputs': ['Football_MarketConsensus_v1', 'Football_SpreadValue_v1', 'Football_TotalValue_v1', 'Football_LineMovement_v1', 'Football_KeyNumberGuard_v1'], 'key_number_risk': False}","Game: Kansas City Chiefs @ New York Giants
Authority: Football_MarketBlend_v1
Market: Spread 6.0, Total 44.5
Projection: Margin 5.75, Total 45.0
Spread Pick: HOME (edge 0.25)
Total Pick: OVER (edge 0.5)",5.75,,,,OVER,ACTIVE,,"{'spread': None, 'total': None}",FOOTBALL_MARKET_BLEND,22,22,KC,11,FOOTBALL_MARKET_BLEND,2025-09-22T00:21:00Z,1,Football market blend edge clears threshold,11,False,,true,true,true,true,9,9,NYG,nfl,odds_api_flattened_consensus,3,"{'Football_KeyNumberGuard_v1': {'context_flags': {'key_number_risk': False, 'key_numbers': [3, 7, 10]}, 'home_line_proj': 6.0, 'model_name': 'Football_KeyNumberGuard_v1', 'parlay_edge_score': 0, 'spread_distance': 0.0, 'spread_edge': 0.0, 'spread_pick': '', 'total_distance': 0.0, 'total_edge': 0.0, 'total_pick': '', 'total_projection': 44.5}, 'Football_LineMovement_v1': {'context_flags': {'movement_available': False}, 'home_line_proj': 6.0, 'model_name': 'Football_LineMovement_v1', 'parlay_edge_score': 0, 'spread_distance': 0.0, 'spread_edge': 0.0, 'spread_pick': '', 'total_distance': 0.0, 'total_edge': 0.0, 'total_pick': '', 'total_projection': 44.5}, 'Football_MarketBlend_v1': {'context_flags': {'blend_inputs': ['Football_MarketConsensus_v1', 'Football_SpreadValue_v1', 'Football_TotalValue_v1', 'Football_LineMovement_v1', 'Football_KeyNumberGuard_v1'], 'key_number_risk': False}, 'home_line_proj': 5.75, 'model_name': 'Football_MarketBlend_v1', 'parlay_edge_score': 0.75, 'spread_distance': 0.25, 'spread_edge': 0.25, 'spread_pick': 'HOME', 'total_distance': 0.5, 'total_edge': 0.5, 'total_pick': 'OVER', 'total_projection': 45.0}, 'Football_MarketConsensus_v1': {'context_flags': {'book_count': 11, 'source': 'market_consensus'}, 'home_line_proj': 6.0, 'model_name': 'Football_MarketConsensus_v1', 'parlay_edge_score': 0, 'spread_distance': 0.0, 'spread_edge': 0.0, 'spread_pick': '', 'total_distance': 0.0, 'total_edge': 0.0, 'total_pick': '', 'total_projection': 44.5}, 'Football_SpreadValue_v1': {'context_flags': {'book_count': 11.0, 'value_shift': -0.75}, 'home_line_proj': 5.25, 'model_name': 'Football_SpreadValue_v1', 'parlay_edge_score': 0.75, 'spread_distance': 0.75, 'spread_edge': 0.75, 'spread_pick': 'HOME', 'total_distance': 0.0, 'total_edge': 0.0, 'total_pick': '', 'total_projection': 44.5}, 'Football_TotalValue_v1': {'context_flags': {'book_count': 11.0, 'total_value_rule': 'low_total_over_high_total_under'}, 'home_line_proj': 6.0, 'model_name': 'Football_TotalValue_v1', 'parlay_edge_score': 1.0, 'spread_distance': 0.0, 'spread_edge': 0.0, 'spread_pick': '', 'total_distance': 1.0, 'total_edge': 1.0, 'total_pick': 'OVER', 'total_projection': 45.5}}",-320.0,-320.0,252.0,252.0,66,ee840f13db8bd150fcdd8f6670fa7041,2025-09-21T15:55:38Z,odds_api_flattened,-6.0,6.0,STATUS_FINAL,post,44.5,MetLife Stadium
nfl_401772812,2025-09-23,Baltimore Ravens,Detroit Lions,-4.5,4.5,53.5,53.0,AWAY,-0.25,-0.5,0.75,LOW,Football_MarketBlend_v1,Football_MarketBlend_v1,"{'blend_inputs': ['Football_MarketConsensus_v1', 'Football_SpreadValue_v1', 'Football_TotalValue_v1', 'Football_LineMovement_v1', 'Football_KeyNumberGuard_v1'], 'key_number_risk': False}","Game: Detroit Lions @ Baltimore Ravens
Authority: Football_MarketBlend_v1
Market: Spread -4.5, Total 53.5
Projection: Margin -4.25, Total 53.0
Spread Pick: AWAY (edge -0.25)
Total Pick: UNDER (edge -0.5)",-4.25,,,,UNDER,ACTIVE,,"{'spread': None, 'total': None}",FOOTBALL_MARKET_BLEND,38,38,DET,11,FOOTBALL_MARKET_BLEND,2025-09-23T00:15:00Z,1,Football market blend edge clears threshold,11,False,,true,true,true,true,30,30,BAL,nfl,odds_api_flattened_consensus,3,"{'Football_KeyNumberGuard_v1': {'context_flags': {'key_number_risk': False, 'key_numbers': [3, 7, 10]}, 'home_line_proj': -4.5, 'model_name': 'Football_KeyNumberGuard_v1', 'parlay_edge_score': 0, 'spread_distance': 0.0, 'spread_edge': 0.0, 'spread_pick': '', 'total_distance': 0.0, 'total_edge': 0.0, 'total_pick': '', 'total_projection': 53.5}, 'Football_LineMovement_v1': {'context_flags': {'movement_available': False}, 'home_line_proj': -4.5, 'model_name': 'Football_LineMovement_v1', 'parlay_edge_score': 0, 'spread_distance': 0.0, 'spread_edge': 0.0, 'spread_pick': '', 'total_distance': 0.0, 'total_edge': 0.0, 'total_pick': '', 'total_projection': 53.5}, 'Football_MarketBlend_v1': {'context_flags': {'blend_inputs': ['Football_MarketConsensus_v1', 'Football_SpreadValue_v1', 'Football_TotalValue_v1', 'Football_LineMovement_v1', 'Football_KeyNumberGuard_v1'], 'key_number_risk': False}, 'home_line_proj': -4.25, 'model_name': 'Football_MarketBlend_v1', 'parlay_edge_score': 0.75, 'spread_distance': 0.25, 'spread_edge': -0.25, 'spread_pick': 'AWAY', 'total_distance': 0.5, 'total_edge': -0.5, 'total_pick': 'UNDER', 'total_projection': 53.0}, 'Football_MarketConsensus_v1': {'context_flags': {'book_count': 11, 'source': 'market_consensus'}, 'home_line_proj': -4.5, 'model_name': 'Football_MarketConsensus_v1', 'parlay_edge_score': 0, 'spread_distance': 0.0, 'spread_edge': 0.0, 'spread_pick': '', 'total_distance': 0.0, 'total_edge': 0.0, 'total_pick': '', 'total_projection': 53.5}, 'Football_SpreadValue_v1': {'context_flags': {'book_count': 11.0, 'value_shift': 0.75}, 'home_line_proj': -3.75, 'model_name': 'Football_SpreadValue_v1', 'parlay_edge_score': 0.75, 'spread_distance': 0.75, 'spread_edge': -0.75, 'spread_pick': 'AWAY', 'total_distance': 0.0, 'total_edge': 0.0, 'total_pick': '', 'total_projection': 53.5}, 'Football_TotalValue_v1': {'context_flags': {'book_count': 11.0, 'total_value_rule': 'low_total_over_high_total_under'}, 'home_line_proj': -4.5, 'model_name': 'Football_TotalValue_v1', 'parlay_edge_score': 1.0, 'spread_distance': 0.0, 'spread_edge': 0.0, 'spread_pick': '', 'total_distance': 1.0, 'total_edge': -1.0, 'total_pick': 'UNDER', 'total_projection': 52.5}}",192.0,192.0,-234.0,-234.0,66,6e67ddae4bb01d1c2d3f461ee62d2666,2025-09-22T15:55:39Z,odds_api_flattened,4.5,-4.5,STATUS_FINAL,post,53.5,M&T Bank Stadium
nfl_401772938,2025-09-26,Arizona Cardinals,Seattle Seahawks,1.5,-1.5,43.5,44.0,HOME,0.25,0.5,0.75,LOW,Football_MarketBlend_v1,Football_MarketBlend_v1,"{'blend_inputs': ['Football_MarketConsensus_v1', 'Football_SpreadValue_v1', 'Football_TotalValue_v1', 'Football_LineMovement_v1', 'Football_KeyNumberGuard_v1'], 'key_number_risk': False}","Game: Seattle Seahawks @ Arizona Cardinals
Authority: Football_MarketBlend_v1
Market: Spread 1.5, Total 43.5
Projection: Margin 1.25, Total 44.0
Spread Pick: HOME (edge 0.25)
Total Pick: OVER (edge 0.5)",1.25,,,,OVER,ACTIVE,,"{'spread': None, 'total': None}",FOOTBALL_MARKET_BLEND,23,23,SEA,11,FOOTBALL_MARKET_BLEND,2025-09-26T00:16:00Z,1,Football market blend edge clears threshold,11,False,,true,true,true,true,20,20,ARI,nfl,odds_api_flattened_consensus,3,"{'Football_KeyNumberGuard_v1': {'context_flags': {'key_number_risk': False, 'key_numbers': [3, 7, 10]}, 'home_line_proj': 1.5, 'model_name': 'Football_KeyNumberGuard_v1', 'parlay_edge_score': 0, 'spread_distance': 0.0, 'spread_edge': 0.0, 'spread_pick': '', 'total_distance': 0.0, 'total_edge': 0.0, 'total_pick': '', 'total_projection': 43.5}, 'Football_LineMovement_v1': {'context_flags': {'movement_available': False}, 'home_line_proj': 1.5, 'model_name': 'Football_LineMovement_v1', 'parlay_edge_score': 0, 'spread_distance': 0.0, 'spread_edge': 0.0, 'spread_pick': '', 'total_distance': 0.0, 'total_edge': 0.0, 'total_pick': '', 'total_projection': 43.5}, 'Football_MarketBlend_v1': {'context_flags': {'blend_inputs': ['Football_MarketConsensus_v1', 'Football_SpreadValue_v1', 'Football_TotalValue_v1', 'Football_LineMovement_v1', 'Football_KeyNumberGuard_v1'], 'key_number_risk': False}, 'home_line_proj': 1.25, 'model_name': 'Football_MarketBlend_v1', 'parlay_edge_score': 0.75, 'spread_distance': 0.25, 'spread_edge': 0.25, 'spread_pick': 'HOME', 'total_distance': 0.5, 'total_edge': 0.5, 'total_pick': 'OVER', 'total_projection': 44.0}, 'Football_MarketConsensus_v1': {'context_flags': {'book_count': 11, 'source': 'market_consensus'}, 'home_line_proj': 1.5, 'model_name': 'Football_MarketConsensus_v1', 'parlay_edge_score': 0, 'spread_distance': 0.0, 'spread_edge': 0.0, 'spread_pick': '', 'total_distance': 0.0, 'total_edge': 0.0, 'total_pick': '', 'total_projection': 43.5}, 'Football_SpreadValue_v1': {'context_flags': {'book_count': 11.0, 'value_shift': -0.75}, 'home_line_proj': 0.75, 'model_name': 'Football_SpreadValue_v1', 'parlay_edge_score': 0.75, 'spread_distance': 0.75, 'spread_edge': 0.75, 'spread_pick': 'HOME', 'total_distance': 0.0, 'total_edge': 0.0, 'total_pick': '', 'total_projection': 43.5}, 'Football_TotalValue_v1': {'context_flags': {'book_count': 11.0, 'total_value_rule': 'low_total_over_high_total_under'}, 'home_line_proj': 1.5, 'model_name': 'Football_TotalValue_v1', 'parlay_edge_score': 1.0, 'spread_distance': 0.0, 'spread_edge': 0.0, 'spread_pick': '', 'total_distance': 1.0, 'total_edge': 1.0, 'total_pick': 'OVER', 'total_projection': 44.5}}",-127.0,-127.0,107.0,107.0,66,4a08b89f07a4a395620f6df5c1d239f4,2025-09-25T15:55:40Z,odds_api_flattened,-1.5,1.5,STATUS_FINAL,post,43.5,State Farm Stadium
nfl_401772632,2025-09-28,Pittsburgh Steelers,Minnesota Vikings,-17.5,17.5,38.5,39.0,AWAY,-0.25,0.5,0.75,LOW,Football_MarketBlend_v1,Football_MarketBlend_v1,"{'blend_inputs': ['Football_MarketConsensus_v1', 'Football_SpreadValue_v1', 'Football_TotalValue_v1', 'Football_LineMovement_v1', 'Football_KeyNumberGuard_v1'], 'key_number_risk': False}","Game: Minnesota Vikings @ Pittsburgh Steelers
Authority: Football_MarketBlend_v1
Market: Spread -17.5, Total 38.5
Projection: Margin -17.25, Total 39.0
Spread Pick: AWAY (edge -0.25)
Total Pick: OVER (edge 0.5)",-17.25,,,,OVER,ACTIVE,,"{'spread': None, 'total': None}",FOOTBALL_MARKET_BLEND,21,21,MIN,11,FOOTBALL_MARKET_BLEND,2025-09-28T13:33:00Z,1,Football market blend edge clears threshold,11,False,,true,true,true,true,24,24,PIT,nfl,odds_api_flattened_consensus,3,"{'Football_KeyNumberGuard_v1': {'context_flags': {'key_number_risk': False, 'key_numbers': [3, 7, 10]}, 'home_line_proj': -17.5, 'model_name': 'Football_KeyNumberGuard_v1', 'parlay_edge_score': 0, 'spread_distance': 0.0, 'spread_edge': 0.0, 'spread_pick': '', 'total_distance': 0.0, 'total_edge': 0.0, 'total_pick': '', 'total_projection': 38.5}, 'Football_LineMovement_v1': {'context_flags': {'movement_available': False}, 'home_line_proj': -17.5, 'model_name': 'Football_LineMovement_v1', 'parlay_edge_score': 0, 'spread_distance': 0.0, 'spread_edge': 0.0, 'spread_pick': '', 'total_distance': 0.0, 'total_edge': 0.0, 'total_pick': '', 'total_projection': 38.5}, 'Football_MarketBlend_v1': {'context_flags': {'blend_inputs': ['Football_MarketConsensus_v1', 'Football_SpreadValue_v1', 'Football_TotalValue_v1', 'Football_LineMovement_v1', 'Football_KeyNumberGuard_v1'], 'key_number_risk': False}, 'home_line_proj': -17.25, 'model_name': 'Football_MarketBlend_v1', 'parlay_edge_score': 0.75, 'spread_distance': 0.25, 'spread_edge': -0.25, 'spread_pick': 'AWAY', 'total_distance': 0.5, 'total_edge': 0.5, 'total_pick': 'OVER', 'total_projection': 39.0}, 'Football_MarketConsensus_v1': {'context_flags': {'book_count': 11, 'source': 'market_consensus'}, 'home_line_proj': -17.5, 'model_name': 'Football_MarketConsensus_v1', 'parlay_edge_score': 0, 'spread_distance': 0.0, 'spread_edge': 0.0, 'spread_pick': '', 'total_distance': 0.0, 'total_edge': 0.0, 'total_pick': '', 'total_projection': 38.5}, 'Football_SpreadValue_v1': {'context_flags': {'book_count': 11.0, 'value_shift': 0.75}, 'home_line_proj': -16.75, 'model_name': 'Football_SpreadValue_v1', 'parlay_edge_score': 0.75, 'spread_distance': 0.75, 'spread_edge': -0.75, 'spread_pick': 'AWAY', 'total_distance': 0.0, 'total_edge': 0.0, 'total_pick': '', 'total_projection': 38.5}, 'Football_TotalValue_v1': {'context_flags': {'book_count': 11.0, 'total_value_rule': 'low_total_over_high_total_under'}, 'home_line_proj': -17.5, 'model_name': 'Football_TotalValue_v1', 'parlay_edge_score': 1.0, 'spread_distance': 0.0, 'spread_edge': 0.0, 'spread_pick': '', 'total_distance': 1.0, 'total_edge': 1.0, 'total_pick': 'OVER', 'total_projection': 39.5}}",677.5,677.5,-3437.5,-3437.5,54,4dd631102a977fd398f7ea594ed208f2,2025-09-28T15:55:38Z,odds_api_flattened,17.5,-17.5,STATUS_FINAL,post,38.5,Croke Park
nfl_401772737,2025-09-28,New York Giants,Los Angeles Chargers,6.0,-6.0,43.5,44.0,HOME,0.25,0.5,0.75,LOW,Football_MarketBlend_v1,Football_MarketBlend_v1,"{'blend_inputs': ['Football_MarketConsensus_v1', 'Football_SpreadValue_v1', 'Football_TotalValue_v1', 'Football_LineMovement_v1', 'Football_KeyNumberGuard_v1'], 'key_number_risk': False}","Game: Los Angeles Chargers @ New York Giants
Authority: Football_MarketBlend_v1
Market: Spread 6.0, Total 43.5
Projection: Margin 5.75, Total 44.0
Spread Pick: HOME (edge 0.25)
Total Pick: OVER (edge 0.5)",5.75,,,,OVER,ACTIVE,,"{'spread': None, 'total': None}",FOOTBALL_MARKET_BLEND,18,18,LAC,11,FOOTBALL_MARKET_BLEND,2025-09-28T17:00:00Z,1,Football market blend edge clears threshold,11,False,,true,true,true,true,21,21,NYG,nfl,odds_api_flattened_consensus,3,"{'Football_KeyNumberGuard_v1': {'context_flags': {'key_number_risk': False, 'key_numbers': [3, 7, 10]}, 'home_line_proj': 6.0, 'model_name': 'Football_KeyNumberGuard_v1', 'parlay_edge_score': 0, 'spread_distance': 0.0, 'spread_edge': 0.0, 'spread_pick': '', 'total_distance': 0.0, 'total_edge': 0.0, 'total_pick': '', 'total_projection': 43.5}, 'Football_LineMovement_v1': {'context_flags': {'movement_available': False}, 'home_line_proj': 6.0, 'model_name': 'Football_LineMovement_v1', 'parlay_edge_score': 0, 'spread_distance': 0.0, 'spread_edge': 0.0, 'spread_pick': '', 'total_distance': 0.0, 'total_edge': 0.0, 'total_pick': '', 'total_projection': 43.5}, 'Football_MarketBlend_v1': {'context_flags': {'blend_inputs': ['Football_MarketConsensus_v1', 'Football_SpreadValue_v1', 'Football_TotalValue_v1', 'Football_LineMovement_v1', 'Football_KeyNumberGuard_v1'], 'key_number_risk': False}, 'home_line_proj': 5.75, 'model_name': 'Football_MarketBlend_v1', 'parlay_edge_score': 0.75, 'spread_distance': 0.25, 'spread_edge': 0.25, 'spread_pick': 'HOME', 'total_distance': 0.5, 'total_edge': 0.5, 'total_pick': 'OVER', 'total_projection': 44.0}, 'Football_MarketConsensus_v1': {'context_flags': {'book_count': 11, 'source': 'market_consensus'}, 'home_line_proj': 6.0, 'model_name': 'Football_MarketConsensus_v1', 'parlay_edge_score': 0, 'spread_distance': 0.0, 'spread_edge': 0.0, 'spread_pick': '', 'total_distance': 0.0, 'total_edge': 0.0, 'total_pick': '', 'total_projection': 43.5}, 'Football_SpreadValue_v1': {'context_flags': {'book_count': 11.0, 'value_shift': -0.75}, 'home_line_proj': 5.25, 'model_name': 'Football_SpreadValue_v1', 'parlay_edge_score': 0.75, 'spread_distance': 0.75, 'spread_edge': 0.75, 'spread_pick': 'HOME', 'total_distance': 0.0, 'total_edge': 0.0, 'total_pick': '', 'total_projection': 43.5}, 'Football_TotalValue_v1': {'context_flags': {'book_count': 11.0, 'total_value_rule': 'low_total_over_high_total_under'}, 'home_line_proj': 6.0, 'model_name': 'Football_TotalValue_v1', 'parlay_edge_score': 1.0, 'spread_distance': 0.0, 'spread_edge': 0.0, 'spread_pick': '', 'total_distance': 1.0, 'total_edge': 1.0, 'total_pick': 'OVER', 'total_projection': 44.5}}",-300.0,-300.0,240.0,240.0,66,d921b1e86b0a30ad91000ffc360d302d,2025-09-28T15:55:38Z,odds_api_flattened,-6.0,6.0,STATUS_FINAL,post,43.5,MetLife Stadium
nfl_401772738,2025-09-28,Houston Texans,Tennessee Titans,-7.0,7.0,40.0,40.5,,-0.25,0.5,0.75,LOW,Football_MarketBlend_v1,Football_MarketBlend_v1,"{'blend_inputs': ['Football_MarketConsensus_v1', 'Football_SpreadValue_v1', 'Football_TotalValue_v1', 'Football_LineMovement_v1', 'Football_KeyNumberGuard_v1'], 'key_number_risk': True, 'spread_veto': 'key_number_guard'}","Game: Tennessee Titans @ Houston Texans
Authority: Football_MarketBlend_v1
Market: Spread -7.0, Total 40.0
Projection: Margin -6.75, Total 40.5
Spread Pick:  (edge -0.25)
Total Pick: OVER (edge 0.5)",-6.75,,,,OVER,ACTIVE,,"{'spread': None, 'total': None}",FOOTBALL_MARKET_BLEND,0,0,TEN,11,FOOTBALL_MARKET_BLEND,2025-09-28T17:01:00Z,1,Football market blend edge clears threshold,11,False,,true,true,true,true,26,26,HOU,nfl,odds_api_flattened_consensus,3,"{'Football_KeyNumberGuard_v1': {'context_flags': {'key_number_risk': True, 'key_numbers': [3, 7, 10]}, 'home_line_proj': -7.0, 'model_name': 'Football_KeyNumberGuard_v1', 'parlay_edge_score': 0, 'spread_distance': 0.0, 'spread_edge': 0.0, 'spread_pick': '', 'total_distance': 0.0, 'total_edge': 0.0, 'total_pick': '', 'total_projection': 40.0}, 'Football_LineMovement_v1': {'context_flags': {'movement_available': False}, 'home_line_proj': -7.0, 'model_name': 'Football_LineMovement_v1', 'parlay_edge_score': 0, 'spread_distance': 0.0, 'spread_edge': 0.0, 'spread_pick': '', 'total_distance': 0.0, 'total_edge': 0.0, 'total_pick': '', 'total_projection': 40.0}, 'Football_MarketBlend_v1': {'context_flags': {'blend_inputs': ['Football_MarketConsensus_v1', 'Football_SpreadValue_v1', 'Football_TotalValue_v1', 'Football_LineMovement_v1', 'Football_KeyNumberGuard_v1'], 'key_number_risk': True, 'spread_veto': 'key_number_guard'}, 'home_line_proj': -6.75, 'model_name': 'Football_MarketBlend_v1', 'parlay_edge_score': 0.75, 'spread_distance': 0.25, 'spread_edge': -0.25, 'spread_pick': '', 'total_distance': 0.5, 'total_edge': 0.5, 'total_pick': 'OVER', 'total_projection': 40.5}, 'Football_MarketConsensus_v1': {'context_flags': {'book_count': 11, 'source': 'market_consensus'}, 'home_line_proj': -7.0, 'model_name': 'Football_MarketConsensus_v1', 'parlay_edge_score': 0, 'spread_distance': 0.0, 'spread_edge': 0.0, 'spread_pick': '', 'total_distance': 0.0, 'total_edge': 0.0, 'total_pick': '', 'total_projection': 40.0}, 'Football_SpreadValue_v1': {'context_flags': {'book_count': 11.0, 'value_shift': 0.75}, 'home_line_proj': -6.25, 'model_name': 'Football_SpreadValue_v1', 'parlay_edge_score': 0.75, 'spread_distance': 0.75, 'spread_edge': -0.75, 'spread_pick': 'AWAY', 'total_distance': 0.0, 'total_edge': 0.0, 'total_pick': '', 'total_projection': 40.0}, 'Football_TotalValue_v1': {'context_flags': {'book_count': 11.0, 'total_value_rule': 'low_total_over_high_total_under'}, 'home_line_proj': -7.0, 'model_name': 'Football_TotalValue_v1', 'parlay_edge_score': 1.0, 'spread_distance': 0.0, 'spread_edge': 0.0, 'spread_pick': '', 'total_distance': 1.0, 'total_edge': 1.0, 'total_pick': 'OVER', 'total_projection': 41.0}}",300.0,300.0,-390.0,-390.0,66,85c9b76cd6bd575b611cb4e8feb7a0b0,2025-09-28T15:55:38Z,odds_api_flattened,7.0,-7.0,STATUS_FINAL,post,40.0,NRG Stadium
nfl_401772739,2025-09-28,Atlanta Falcons,Washington Commanders,-2.5,2.5,43.5,44.0,,-0.25,0.5,0.75,LOW,Football_MarketBlend_v1,Football_MarketBlend_v1,"{'blend_inputs': ['Football_MarketConsensus_v1', 'Football_SpreadValue_v1', 'Football_TotalValue_v1', 'Football_LineMovement_v1', 'Football_KeyNumberGuard_v1'], 'key_number_risk': True, 'spread_veto': 'key_number_guard'}","Game: Washington Commanders @ Atlanta Falcons
Authority: Football_MarketBlend_v1
Market: Spread -2.5, Total 43.5
Projection: Margin -2.25, Total 44.0
Spread Pick:  (edge -0.25)
Total Pick: OVER (edge 0.5)",-2.25,,,,OVER,ACTIVE,,"{'spread': None, 'total': None}",FOOTBALL_MARKET_BLEND,27,27,WAS,11,FOOTBALL_MARKET_BLEND,2025-09-28T17:01:00Z,1,Football market blend edge clears threshold,11,False,,true,true,true,true,34,34,ATL,nfl,odds_api_flattened_consensus,3,"{'Football_KeyNumberGuard_v1': {'context_flags': {'key_number_risk': True, 'key_numbers': [3, 7, 10]}, 'home_line_proj': -2.5, 'model_name': 'Football_KeyNumberGuard_v1', 'parlay_edge_score': 0, 'spread_distance': 0.0, 'spread_edge': 0.0, 'spread_pick': '', 'total_distance': 0.0, 'total_edge': 0.0, 'total_pick': '', 'total_projection': 43.5}, 'Football_LineMovement_v1': {'context_flags': {'movement_available': False}, 'home_line_proj': -2.5, 'model_name': 'Football_LineMovement_v1', 'parlay_edge_score': 0, 'spread_distance': 0.0, 'spread_edge': 0.0, 'spread_pick': '', 'total_distance': 0.0, 'total_edge': 0.0, 'total_pick': '', 'total_projection': 43.5}, 'Football_MarketBlend_v1': {'context_flags': {'blend_inputs': ['Football_MarketConsensus_v1', 'Football_SpreadValue_v1', 'Football_TotalValue_v1', 'Football_LineMovement_v1', 'Football_KeyNumberGuard_v1'], 'key_number_risk': True, 'spread_veto': 'key_number_guard'}, 'home_line_proj': -2.25, 'model_name': 'Football_MarketBlend_v1', 'parlay_edge_score': 0.75, 'spread_distance': 0.25, 'spread_edge': -0.25, 'spread_pick': '', 'total_distance': 0.5, 'total_edge': 0.5, 'total_pick': 'OVER', 'total_projection': 44.0}, 'Football_MarketConsensus_v1': {'context_flags': {'book_count': 11, 'source': 'market_consensus'}, 'home_line_proj': -2.5, 'model_name': 'Football_MarketConsensus_v1', 'parlay_edge_score': 0, 'spread_distance': 0.0, 'spread_edge': 0.0, 'spread_pick': '', 'total_distance': 0.0, 'total_edge': 0.0, 'total_pick': '', 'total_projection': 43.5}, 'Football_SpreadValue_v1': {'context_flags': {'book_count': 11.0, 'value_shift': 0.75}, 'home_line_proj': -1.75, 'model_name': 'Football_SpreadValue_v1', 'parlay_edge_score': 0.75, 'spread_distance': 0.75, 'spread_edge': -0.75, 'spread_pick': 'AWAY', 'total_distance': 0.0, 'total_edge': 0.0, 'total_pick': '', 'total_projection': 43.5}, 'Football_TotalValue_v1': {'context_flags': {'book_count': 11.0, 'total_value_rule': 'low_total_over_high_total_under'}, 'home_line_proj': -2.5, 'model_name': 'Football_TotalValue_v1', 'parlay_edge_score': 1.0, 'spread_distance': 0.0, 'spread_edge': 0.0, 'spread_pick': '', 'total_distance': 1.0, 'total_edge': 1.0, 'total_pick': 'OVER', 'total_projection': 44.5}}",125.0,125.0,-150.0,-150.0,66,b7934d72587b62de0f563ac9acbaa770,2025-09-28T15:55:38Z,odds_api_flattened,2.5,-2.5,STATUS_FINAL,post,43.5,Mercedes-Benz Stadium
nfl_401772740,2025-09-28,Buffalo Bills,New Orleans Saints,-14.5,14.5,48.5,48.0,AWAY,-0.25,-0.5,0.75,LOW,Football_MarketBlend_v1,Football_MarketBlend_v1,"{'blend_inputs': ['Football_MarketConsensus_v1', 'Football_SpreadValue_v1', 'Football_TotalValue_v1', 'Football_LineMovement_v1', 'Football_KeyNumberGuard_v1'], 'key_number_risk': False}","Game: New Orleans Saints @ Buffalo Bills
Authority: Football_MarketBlend_v1
Market: Spread -14.5, Total 48.5
Projection: Margin -14.25, Total 48.0
Spread Pick: AWAY (edge -0.25)
Total Pick: UNDER (edge -0.5)",-14.25,,,,UNDER,ACTIVE,,"{'spread': None, 'total': None}",FOOTBALL_MARKET_BLEND,19,19,NO,11,FOOTBALL_MARKET_BLEND,2025-09-28T17:01:00Z,1,Football market blend edge clears threshold,11,False,,true,true,true,true,31,31,BUF,nfl,odds_api_flattened_consensus,3,"{'Football_KeyNumberGuard_v1': {'context_flags': {'key_number_risk': False, 'key_numbers': [3, 7, 10]}, 'home_line_proj': -14.5, 'model_name': 'Football_KeyNumberGuard_v1', 'parlay_edge_score': 0, 'spread_distance': 0.0, 'spread_edge': 0.0, 'spread_pick': '', 'total_distance': 0.0, 'total_edge': 0.0, 'total_pick': '', 'total_projection': 48.5}, 'Football_LineMovement_v1': {'context_flags': {'movement_available': False}, 'home_line_proj': -14.5, 'model_name': 'Football_LineMovement_v1', 'parlay_edge_score': 0, 'spread_distance': 0.0, 'spread_edge': 0.0, 'spread_pick': '', 'total_distance': 0.0, 'total_edge': 0.0, 'total_pick': '', 'total_projection': 48.5}, 'Football_MarketBlend_v1': {'context_flags': {'blend_inputs': ['Football_MarketConsensus_v1', 'Football_SpreadValue_v1', 'Football_TotalValue_v1', 'Football_LineMovement_v1', 'Football_KeyNumberGuard_v1'], 'key_number_risk': False}, 'home_line_proj': -14.25, 'model_name': 'Football_MarketBlend_v1', 'parlay_edge_score': 0.75, 'spread_distance': 0.25, 'spread_edge': -0.25, 'spread_pick': 'AWAY', 'total_distance': 0.5, 'total_edge': -0.5, 'total_pick': 'UNDER', 'total_projection': 48.0}, 'Football_MarketConsensus_v1': {'context_flags': {'book_count': 11, 'source': 'market_consensus'}, 'home_line_proj': -14.5, 'model_name': 'Football_MarketConsensus_v1', 'parlay_edge_score': 0, 'spread_distance': 0.0, 'spread_edge': 0.0, 'spread_pick': '', 'total_distance': 0.0, 'total_edge': 0.0, 'total_pick': '', 'total_projection': 48.5}, 'Football_SpreadValue_v1': {'context_flags': {'book_count': 11.0, 'value_shift': 0.75}, 'home_line_proj': -13.75, 'model_name': 'Football_SpreadValue_v1', 'parlay_edge_score': 0.75, 'spread_distance': 0.75, 'spread_edge': -0.75, 'spread_pick': 'AWAY', 'total_distance': 0.0, 'total_edge': 0.0, 'total_pick': '', 'total_projection': 48.5}, 'Football_TotalValue_v1': {'context_flags': {'book_count': 11.0, 'total_value_rule': 'low_total_over_high_total_under'}, 'home_line_proj': -14.5, 'model_name': 'Football_TotalValue_v1', 'parlay_edge_score': 1.0, 'spread_distance': 0.0, 'spread_edge': 0.0, 'spread_pick': '', 'total_distance': 1.0, 'total_edge': -1.0, 'total_pick': 'UNDER', 'total_projection': 47.5}}",817.0,817.0,-1400.0,-1400.0,66,d16a43752aaac66e9ff8768d8590b662,2025-09-28T15:55:38Z,odds_api_flattened,14.5,-14.5,STATUS_FINAL,post,48.5,Highmark Stadium (Old)
nfl_401772741,2025-09-28,Kansas City Chiefs,Baltimore Ravens,2.5,-2.5,48.5,48.0,,0.25,-0.5,0.75,LOW,Football_MarketBlend_v1,Football_MarketBlend_v1,"{'blend_inputs': ['Football_MarketConsensus_v1', 'Football_SpreadValue_v1', 'Football_TotalValue_v1', 'Football_LineMovement_v1', 'Football_KeyNumberGuard_v1'], 'key_number_risk': True, 'spread_veto': 'key_number_guard'}","Game: Baltimore Ravens @ Kansas City Chiefs
Authority: Football_MarketBlend_v1
Market: Spread 2.5, Total 48.5
Projection: Margin 2.25, Total 48.0
Spread Pick:  (edge 0.25)
Total Pick: UNDER (edge -0.5)",2.25,,,,UNDER,ACTIVE,,"{'spread': None, 'total': None}",FOOTBALL_MARKET_BLEND,20,20,BAL,11,FOOTBALL_MARKET_BLEND,2025-09-28T20:25:00Z,1,Football market blend edge clears threshold,11,False,,true,true,true,true,37,37,KC,nfl,odds_api_flattened_consensus,3,"{'Football_KeyNumberGuard_v1': {'context_flags': {'key_number_risk': True, 'key_numbers': [3, 7, 10]}, 'home_line_proj': 2.5, 'model_name': 'Football_KeyNumberGuard_v1', 'parlay_edge_score': 0, 'spread_distance': 0.0, 'spread_edge': 0.0, 'spread_pick': '', 'total_distance': 0.0, 'total_edge': 0.0, 'total_pick': '', 'total_projection': 48.5}, 'Football_LineMovement_v1': {'context_flags': {'movement_available': False}, 'home_line_proj': 2.5, 'model_name': 'Football_LineMovement_v1', 'parlay_edge_score': 0, 'spread_distance': 0.0, 'spread_edge': 0.0, 'spread_pick': '', 'total_distance': 0.0, 'total_edge': 0.0, 'total_pick': '', 'total_projection': 48.5}, 'Football_MarketBlend_v1': {'context_flags': {'blend_inputs': ['Football_MarketConsensus_v1', 'Football_SpreadValue_v1', 'Football_TotalValue_v1', 'Football_LineMovement_v1', 'Football_KeyNumberGuard_v1'], 'key_number_risk': True, 'spread_veto': 'key_number_guard'}, 'home_line_proj': 2.25, 'model_name': 'Football_MarketBlend_v1', 'parlay_edge_score': 0.75, 'spread_distance': 0.25, 'spread_edge': 0.25, 'spread_pick': '', 'total_distance': 0.5, 'total_edge': -0.5, 'total_pick': 'UNDER', 'total_projection': 48.0}, 'Football_MarketConsensus_v1': {'context_flags': {'book_count': 11, 'source': 'market_consensus'}, 'home_line_proj': 2.5, 'model_name': 'Football_MarketConsensus_v1', 'parlay_edge_score': 0, 'spread_distance': 0.0, 'spread_edge': 0.0, 'spread_pick': '', 'total_distance': 0.0, 'total_edge': 0.0, 'total_pick': '', 'total_projection': 48.5}, 'Football_SpreadValue_v1': {'context_flags': {'book_count': 11.0, 'value_shift': -0.75}, 'home_line_proj': 1.75, 'model_name': 'Football_SpreadValue_v1', 'parlay_edge_score': 0.75, 'spread_distance': 0.75, 'spread_edge': 0.75, 'spread_pick': 'HOME', 'total_distance': 0.0, 'total_edge': 0.0, 'total_pick': '', 'total_projection': 48.5}, 'Football_TotalValue_v1': {'context_flags': {'book_count': 11.0, 'total_value_rule': 'low_total_over_high_total_under'}, 'home_line_proj': 2.5, 'model_name': 'Football_TotalValue_v1', 'parlay_edge_score': 1.0, 'spread_distance': 0.0, 'spread_edge': 0.0, 'spread_pick': '', 'total_distance': 1.0, 'total_edge': -1.0, 'total_pick': 'UNDER', 'total_projection': 47.5}}",-150.0,-150.0,125.0,125.0,66,051233db287b02fd3e7574955879ece2,2025-09-28T15:55:38Z,odds_api_flattened,-2.5,2.5,STATUS_FINAL,post,48.5,GEHA Field at Arrowhead Stadium
nfl_401772742,2025-09-28,Las Vegas Raiders,Chicago Bears,-1.5,1.5,48.0,47.5,AWAY,-0.25,-0.5,0.75,LOW,Football_MarketBlend_v1,Football_MarketBlend_v1,"{'blend_inputs': ['Football_MarketConsensus_v1', 'Football_SpreadValue_v1', 'Football_TotalValue_v1', 'Football_LineMovement_v1', 'Football_KeyNumberGuard_v1'], 'key_number_risk': False}","Game: Chicago Bears @ Las Vegas Raiders
Authority: Football_MarketBlend_v1
Market: Spread -1.5, Total 48.0
Projection: Margin -1.25, Total 47.5
Spread Pick: AWAY (edge -0.25)
Total Pick: UNDER (edge -0.5)",-1.25,,,,UNDER,ACTIVE,,"{'spread': None, 'total': None}",FOOTBALL_MARKET_BLEND,25,25,CHI,11,FOOTBALL_MARKET_BLEND,2025-09-28T20:26:00Z,1,Football market blend edge clears threshold,11,False,,true,true,true,true,24,24,LV,nfl,odds_api_flattened_consensus,3,"{'Football_KeyNumberGuard_v1': {'context_flags': {'key_number_risk': False, 'key_numbers': [3, 7, 10]}, 'home_line_proj': -1.5, 'model_name': 'Football_KeyNumberGuard_v1', 'parlay_edge_score': 0, 'spread_distance': 0.0, 'spread_edge': 0.0, 'spread_pick': '', 'total_distance': 0.0, 'total_edge': 0.0, 'total_pick': '', 'total_projection': 48.0}, 'Football_LineMovement_v1': {'context_flags': {'movement_available': False}, 'home_line_proj': -1.5, 'model_name': 'Football_LineMovement_v1', 'parlay_edge_score': 0, 'spread_distance': 0.0, 'spread_edge': 0.0, 'spread_pick': '', 'total_distance': 0.0, 'total_edge': 0.0, 'total_pick': '', 'total_projection': 48.0}, 'Football_MarketBlend_v1': {'context_flags': {'blend_inputs': ['Football_MarketConsensus_v1', 'Football_SpreadValue_v1', 'Football_TotalValue_v1', 'Football_LineMovement_v1', 'Football_KeyNumberGuard_v1'], 'key_number_risk': False}, 'home_line_proj': -1.25, 'model_name': 'Football_MarketBlend_v1', 'parlay_edge_score': 0.75, 'spread_distance': 0.25, 'spread_edge': -0.25, 'spread_pick': 'AWAY', 'total_distance': 0.5, 'total_edge': -0.5, 'total_pick': 'UNDER', 'total_projection': 47.5}, 'Football_MarketConsensus_v1': {'context_flags': {'book_count': 11, 'source': 'market_consensus'}, 'home_line_proj': -1.5, 'model_name': 'Football_MarketConsensus_v1', 'parlay_edge_score': 0, 'spread_distance': 0.0, 'spread_edge': 0.0, 'spread_pick': '', 'total_distance': 0.0, 'total_edge': 0.0, 'total_pick': '', 'total_projection': 48.0}, 'Football_SpreadValue_v1': {'context_flags': {'book_count': 11.0, 'value_shift': 0.75}, 'home_line_proj': -0.75, 'model_name': 'Football_SpreadValue_v1', 'parlay_edge_score': 0.75, 'spread_distance': 0.75, 'spread_edge': -0.75, 'spread_pick': 'AWAY', 'total_distance': 0.0, 'total_edge': 0.0, 'total_pick': '', 'total_projection': 48.0}, 'Football_TotalValue_v1': {'context_flags': {'book_count': 11.0, 'total_value_rule': 'low_total_over_high_total_under'}, 'home_line_proj': -1.5, 'model_name': 'Football_TotalValue_v1', 'parlay_edge_score': 1.0, 'spread_distance': 0.0, 'spread_edge': 0.0, 'spread_pick': '', 'total_distance': 1.0, 'total_edge': -1.0, 'total_pick': 'UNDER', 'total_projection': 47.0}}",105.0,105.0,-129.0,-129.0,66,af6fbb0a2e996613bc393115276c60e2,2025-09-28T15:55:38Z,odds_api_flattened,1.5,-1.5,STATUS_FINAL,post,48.0,Allegiant Stadium
nfl_401772845,2025-09-28,Tampa Bay Buccaneers,Philadelphia Eagles,3.5,-3.5,44.0,44.5,,0.25,0.5,0.75,LOW,Football_MarketBlend_v1,Football_MarketBlend_v1,"{'blend_inputs': ['Football_MarketConsensus_v1', 'Football_SpreadValue_v1', 'Football_TotalValue_v1', 'Football_LineMovement_v1', 'Football_KeyNumberGuard_v1'], 'key_number_risk': True, 'spread_veto': 'key_number_guard'}","Game: Philadelphia Eagles @ Tampa Bay Buccaneers
Authority: Football_MarketBlend_v1
Market: Spread 3.5, Total 44.0
Projection: Margin 3.25, Total 44.5
Spread Pick:  (edge 0.25)
Total Pick: OVER (edge 0.5)",3.25,,,,OVER,ACTIVE,,"{'spread': None, 'total': None}",FOOTBALL_MARKET_BLEND,31,31,PHI,11,FOOTBALL_MARKET_BLEND,2025-09-28T17:01:00Z,1,Football market blend edge clears threshold,11,False,,true,true,true,true,25,25,TB,nfl,odds_api_flattened_consensus,3,"{'Football_KeyNumberGuard_v1': {'context_flags': {'key_number_risk': True, 'key_numbers': [3, 7, 10]}, 'home_line_proj': 3.5, 'model_name': 'Football_KeyNumberGuard_v1', 'parlay_edge_score': 0, 'spread_distance': 0.0, 'spread_edge': 0.0, 'spread_pick': '', 'total_distance': 0.0, 'total_edge': 0.0, 'total_pick': '', 'total_projection': 44.0}, 'Football_LineMovement_v1': {'context_flags': {'movement_available': False}, 'home_line_proj': 3.5, 'model_name': 'Football_LineMovement_v1', 'parlay_edge_score': 0, 'spread_distance': 0.0, 'spread_edge': 0.0, 'spread_pick': '', 'total_distance': 0.0, 'total_edge': 0.0, 'total_pick': '', 'total_projection': 44.0}, 'Football_MarketBlend_v1': {'context_flags': {'blend_inputs': ['Football_MarketConsensus_v1', 'Football_SpreadValue_v1', 'Football_TotalValue_v1', 'Football_LineMovement_v1', 'Football_KeyNumberGuard_v1'], 'key_number_risk': True, 'spread_veto': 'key_number_guard'}, 'home_line_proj': 3.25, 'model_name': 'Football_MarketBlend_v1', 'parlay_edge_score': 0.75, 'spread_distance': 0.25, 'spread_edge': 0.25, 'spread_pick': '', 'total_distance': 0.5, 'total_edge': 0.5, 'total_pick': 'OVER', 'total_projection': 44.5}, 'Football_MarketConsensus_v1': {'context_flags': {'book_count': 11, 'source': 'market_consensus'}, 'home_line_proj': 3.5, 'model_name': 'Football_MarketConsensus_v1', 'parlay_edge_score': 0, 'spread_distance': 0.0, 'spread_edge': 0.0, 'spread_pick': '', 'total_distance': 0.0, 'total_edge': 0.0, 'total_pick': '', 'total_projection': 44.0}, 'Football_SpreadValue_v1': {'context_flags': {'book_count': 11.0, 'value_shift': -0.75}, 'home_line_proj': 2.75, 'model_name': 'Football_SpreadValue_v1', 'parlay_edge_score': 0.75, 'spread_distance': 0.75, 'spread_edge': 0.75, 'spread_pick': 'HOME', 'total_distance': 0.0, 'total_edge': 0.0, 'total_pick': '', 'total_projection': 44.0}, 'Football_TotalValue_v1': {'context_flags': {'book_count': 11.0, 'total_value_rule': 'low_total_over_high_total_under'}, 'home_line_proj': 3.5, 'model_name': 'Football_TotalValue_v1', 'parlay_edge_score': 1.0, 'spread_distance': 0.0, 'spread_edge': 0.0, 'spread_pick': '', 'total_distance': 1.0, 'total_edge': 1.0, 'total_pick': 'OVER', 'total_projection': 45.0}}",-195.0,-195.0,165.0,165.0,66,894976986c24d52cf1d45f0e6bb0e90c,2025-09-28T15:55:38Z,odds_api_flattened,-3.5,3.5,STATUS_FINAL,post,44.0,Raymond James Stadium
nfl_401772846,2025-09-28,Detroit Lions,Cleveland Browns,-10.0,10.0,44.5,45.0,,-0.25,0.5,0.75,LOW,Football_MarketBlend_v1,Football_MarketBlend_v1,"{'blend_inputs': ['Football_MarketConsensus_v1', 'Football_SpreadValue_v1', 'Football_TotalValue_v1', 'Football_LineMovement_v1', 'Football_KeyNumberGuard_v1'], 'key_number_risk': True, 'spread_veto': 'key_number_guard'}","Game: Cleveland Browns @ Detroit Lions
Authority: Football_MarketBlend_v1
Market: Spread -10.0, Total 44.5
Projection: Margin -9.75, Total 45.0
Spread Pick:  (edge -0.25)
Total Pick: OVER (edge 0.5)",-9.75,,,,OVER,ACTIVE,,"{'spread': None, 'total': None}",FOOTBALL_MARKET_BLEND,10,10,CLE,11,FOOTBALL_MARKET_BLEND,2025-09-28T17:00:00Z,1,Football market blend edge clears threshold,11,False,,true,true,true,true,34,34,DET,nfl,odds_api_flattened_consensus,3,"{'Football_KeyNumberGuard_v1': {'context_flags': {'key_number_risk': True, 'key_numbers': [3, 7, 10]}, 'home_line_proj': -10.0, 'model_name': 'Football_KeyNumberGuard_v1', 'parlay_edge_score': 0, 'spread_distance': 0.0, 'spread_edge': 0.0, 'spread_pick': '', 'total_distance': 0.0, 'total_edge': 0.0, 'total_pick': '', 'total_projection': 44.5}, 'Football_LineMovement_v1': {'context_flags': {'movement_available': False}, 'home_line_proj': -10.0, 'model_name': 'Football_LineMovement_v1', 'parlay_edge_score': 0, 'spread_distance': 0.0, 'spread_edge': 0.0, 'spread_pick': '', 'total_distance': 0.0, 'total_edge': 0.0, 'total_pick': '', 'total_projection': 44.5}, 'Football_MarketBlend_v1': {'context_flags': {'blend_inputs': ['Football_MarketConsensus_v1', 'Football_SpreadValue_v1', 'Football_TotalValue_v1', 'Football_LineMovement_v1', 'Football_KeyNumberGuard_v1'], 'key_number_risk': True, 'spread_veto': 'key_number_guard'}, 'home_line_proj': -9.75, 'model_name': 'Football_MarketBlend_v1', 'parlay_edge_score': 0.75, 'spread_distance': 0.25, 'spread_edge': -0.25, 'spread_pick': '', 'total_distance': 0.5, 'total_edge': 0.5, 'total_pick': 'OVER', 'total_projection': 45.0}, 'Football_MarketConsensus_v1': {'context_flags': {'book_count': 11, 'source': 'market_consensus'}, 'home_line_proj': -10.0, 'model_name': 'Football_MarketConsensus_v1', 'parlay_edge_score': 0, 'spread_distance': 0.0, 'spread_edge': 0.0, 'spread_pick': '', 'total_distance': 0.0, 'total_edge': 0.0, 'total_pick': '', 'total_projection': 44.5}, 'Football_SpreadValue_v1': {'context_flags': {'book_count': 11.0, 'value_shift': 0.75}, 'home_line_proj': -9.25, 'model_name': 'Football_SpreadValue_v1', 'parlay_edge_score': 0.75, 'spread_distance': 0.75, 'spread_edge': -0.75, 'spread_pick': 'AWAY', 'total_distance': 0.0, 'total_edge': 0.0, 'total_pick': '', 'total_projection': 44.5}, 'Football_TotalValue_v1': {'context_flags': {'book_count': 11.0, 'total_value_rule': 'low_total_over_high_total_under'}, 'home_line_proj': -10.0, 'model_name': 'Football_TotalValue_v1', 'parlay_edge_score': 1.0, 'spread_distance': 0.0, 'spread_edge': 0.0, 'spread_pick': '', 'total_distance': 1.0, 'total_edge': 1.0, 'total_pick': 'OVER', 'total_projection': 45.5}}",410.0,410.0,-550.0,-550.0,66,bcb1f89cf378a586097c50585e53acce,2025-09-28T15:55:38Z,odds_api_flattened,10.0,-10.0,STATUS_FINAL,post,44.5,Ford Field
nfl_401772847,2025-09-28,New England Patriots,Carolina Panthers,-5.5,5.5,43.0,43.5,AWAY,-0.25,0.5,0.75,LOW,Football_MarketBlend_v1,Football_MarketBlend_v1,"{'blend_inputs': ['Football_MarketConsensus_v1', 'Football_SpreadValue_v1', 'Football_TotalValue_v1', 'Football_LineMovement_v1', 'Football_KeyNumberGuard_v1'], 'key_number_risk': False}","Game: Carolina Panthers @ New England Patriots
Authority: Football_MarketBlend_v1
Market: Spread -5.5, Total 43.0
Projection: Margin -5.25, Total 43.5
Spread Pick: AWAY (edge -0.25)
Total Pick: OVER (edge 0.5)",-5.25,,,,OVER,ACTIVE,,"{'spread': None, 'total': None}",FOOTBALL_MARKET_BLEND,13,13,CAR,11,FOOTBALL_MARKET_BLEND,2025-09-28T17:01:00Z,1,Football market blend edge clears threshold,11,False,,true,true,true,true,42,42,NE,nfl,odds_api_flattened_consensus,3,"{'Football_KeyNumberGuard_v1': {'context_flags': {'key_number_risk': False, 'key_numbers': [3, 7, 10]}, 'home_line_proj': -5.5, 'model_name': 'Football_KeyNumberGuard_v1', 'parlay_edge_score': 0, 'spread_distance': 0.0, 'spread_edge': 0.0, 'spread_pick': '', 'total_distance': 0.0, 'total_edge': 0.0, 'total_pick': '', 'total_projection': 43.0}, 'Football_LineMovement_v1': {'context_flags': {'movement_available': False}, 'home_line_proj': -5.5, 'model_name': 'Football_LineMovement_v1', 'parlay_edge_score': 0, 'spread_distance': 0.0, 'spread_edge': 0.0, 'spread_pick': '', 'total_distance': 0.0, 'total_edge': 0.0, 'total_pick': '', 'total_projection': 43.0}, 'Football_MarketBlend_v1': {'context_flags': {'blend_inputs': ['Football_MarketConsensus_v1', 'Football_SpreadValue_v1', 'Football_TotalValue_v1', 'Football_LineMovement_v1', 'Football_KeyNumberGuard_v1'], 'key_number_risk': False}, 'home_line_proj': -5.25, 'model_name': 'Football_MarketBlend_v1', 'parlay_edge_score': 0.75, 'spread_distance': 0.25, 'spread_edge': -0.25, 'spread_pick': 'AWAY', 'total_distance': 0.5, 'total_edge': 0.5, 'total_pick': 'OVER', 'total_projection': 43.5}, 'Football_MarketConsensus_v1': {'context_flags': {'book_count': 11, 'source': 'market_consensus'}, 'home_line_proj': -5.5, 'model_name': 'Football_MarketConsensus_v1', 'parlay_edge_score': 0, 'spread_distance': 0.0, 'spread_edge': 0.0, 'spread_pick': '', 'total_distance': 0.0, 'total_edge': 0.0, 'total_pick': '', 'total_projection': 43.0}, 'Football_SpreadValue_v1': {'context_flags': {'book_count': 11.0, 'value_shift': 0.75}, 'home_line_proj': -4.75, 'model_name': 'Football_SpreadValue_v1', 'parlay_edge_score': 0.75, 'spread_distance': 0.75, 'spread_edge': -0.75, 'spread_pick': 'AWAY', 'total_distance': 0.0, 'total_edge': 0.0, 'total_pick': '', 'total_projection': 43.0}, 'Football_TotalValue_v1': {'context_flags': {'book_count': 11.0, 'total_value_rule': 'low_total_over_high_total_under'}, 'home_line_proj': -5.5, 'model_name': 'Football_TotalValue_v1', 'parlay_edge_score': 1.0, 'spread_distance': 0.0, 'spread_edge': 0.0, 'spread_pick': '', 'total_distance': 1.0, 'total_edge': 1.0, 'total_pick': 'OVER', 'total_projection': 44.0}}",200.0,200.0,-245.0,-245.0,66,f8fe40924827231233dc10f6999d8ff7,2025-09-28T15:55:38Z,odds_api_flattened,5.5,-5.5,STATUS_FINAL,post,43.0,Gillette Stadium
nfl_401772848,2025-09-28,San Francisco 49ers,Jacksonville Jaguars,-3.0,3.0,45.5,45.0,,-0.25,-0.5,0.75,LOW,Football_MarketBlend_v1,Football_MarketBlend_v1,"{'blend_inputs': ['Football_MarketConsensus_v1', 'Football_SpreadValue_v1', 'Football_TotalValue_v1', 'Football_LineMovement_v1', 'Football_KeyNumberGuard_v1'], 'key_number_risk': True, 'spread_veto': 'key_number_guard'}","Game: Jacksonville Jaguars @ San Francisco 49ers
Authority: Football_MarketBlend_v1
Market: Spread -3.0, Total 45.5
Projection: Margin -2.75, Total 45.0
Spread Pick:  (edge -0.25)
Total Pick: UNDER (edge -0.5)",-2.75,,,,UNDER,ACTIVE,,"{'spread': None, 'total': None}",FOOTBALL_MARKET_BLEND,26,26,JAX,11,FOOTBALL_MARKET_BLEND,2025-09-28T20:06:00Z,1,Football market blend edge clears threshold,11,False,,true,true,true,true,21,21,SF,nfl,odds_api_flattened_consensus,3,"{'Football_KeyNumberGuard_v1': {'context_flags': {'key_number_risk': True, 'key_numbers': [3, 7, 10]}, 'home_line_proj': -3.0, 'model_name': 'Football_KeyNumberGuard_v1', 'parlay_edge_score': 0, 'spread_distance': 0.0, 'spread_edge': 0.0, 'spread_pick': '', 'total_distance': 0.0, 'total_edge': 0.0, 'total_pick': '', 'total_projection': 45.5}, 'Football_LineMovement_v1': {'context_flags': {'movement_available': False}, 'home_line_proj': -3.0, 'model_name': 'Football_LineMovement_v1', 'parlay_edge_score': 0, 'spread_distance': 0.0, 'spread_edge': 0.0, 'spread_pick': '', 'total_distance': 0.0, 'total_edge': 0.0, 'total_pick': '', 'total_projection': 45.5}, 'Football_MarketBlend_v1': {'context_flags': {'blend_inputs': ['Football_MarketConsensus_v1', 'Football_SpreadValue_v1', 'Football_TotalValue_v1', 'Football_LineMovement_v1', 'Football_KeyNumberGuard_v1'], 'key_number_risk': True, 'spread_veto': 'key_number_guard'}, 'home_line_proj': -2.75, 'model_name': 'Football_MarketBlend_v1', 'parlay_edge_score': 0.75, 'spread_distance': 0.25, 'spread_edge': -0.25, 'spread_pick': '', 'total_distance': 0.5, 'total_edge': -0.5, 'total_pick': 'UNDER', 'total_projection': 45.0}, 'Football_MarketConsensus_v1': {'context_flags': {'book_count': 11, 'source': 'market_consensus'}, 'home_line_proj': -3.0, 'model_name': 'Football_MarketConsensus_v1', 'parlay_edge_score': 0, 'spread_distance': 0.0, 'spread_edge': 0.0, 'spread_pick': '', 'total_distance': 0.0, 'total_edge': 0.0, 'total_pick': '', 'total_projection': 45.5}, 'Football_SpreadValue_v1': {'context_flags': {'book_count': 11.0, 'value_shift': 0.75}, 'home_line_proj': -2.25, 'model_name': 'Football_SpreadValue_v1', 'parlay_edge_score': 0.75, 'spread_distance': 0.75, 'spread_edge': -0.75, 'spread_pick': 'AWAY', 'total_distance': 0.0, 'total_edge': 0.0, 'total_pick': '', 'total_projection': 45.5}, 'Football_TotalValue_v1': {'context_flags': {'book_count': 11.0, 'total_value_rule': 'low_total_over_high_total_under'}, 'home_line_proj': -3.0, 'model_name': 'Football_TotalValue_v1', 'parlay_edge_score': 1.0, 'spread_distance': 0.0, 'spread_edge': 0.0, 'spread_pick': '', 'total_distance': 1.0, 'total_edge': -1.0, 'total_pick': 'UNDER', 'total_projection': 44.5}}",145.0,145.0,-175.0,-175.0,66,09f55b4a19a83eb951a9400a11123477,2025-09-28T15:55:38Z,odds_api_flattened,3.0,-3.0,STATUS_FINAL,post,45.5,Levi's Stadium
nfl_401772849,2025-09-28,Los Angeles Rams,Indianapolis Colts,-3.5,3.5,49.5,49.0,,-0.25,-0.5,0.75,LOW,Football_MarketBlend_v1,Football_MarketBlend_v1,"{'blend_inputs': ['Football_MarketConsensus_v1', 'Football_SpreadValue_v1', 'Football_TotalValue_v1', 'Football_LineMovement_v1', 'Football_KeyNumberGuard_v1'], 'key_number_risk': True, 'spread_veto': 'key_number_guard'}","Game: Indianapolis Colts @ Los Angeles Rams
Authority: Football_MarketBlend_v1
Market: Spread -3.5, Total 49.5
Projection: Margin -3.25, Total 49.0
Spread Pick:  (edge -0.25)
Total Pick: UNDER (edge -0.5)",-3.25,,,,UNDER,ACTIVE,,"{'spread': None, 'total': None}",FOOTBALL_MARKET_BLEND,20,20,IND,11,FOOTBALL_MARKET_BLEND,2025-09-28T20:06:00Z,1,Football market blend edge clears threshold,11,False,,true,true,true,true,27,27,LAR,nfl,odds_api_flattened_consensus,3,"{'Football_KeyNumberGuard_v1': {'context_flags': {'key_number_risk': True, 'key_numbers': [3, 7, 10]}, 'home_line_proj': -3.5, 'model_name': 'Football_KeyNumberGuard_v1', 'parlay_edge_score': 0, 'spread_distance': 0.0, 'spread_edge': 0.0, 'spread_pick': '', 'total_distance': 0.0, 'total_edge': 0.0, 'total_pick': '', 'total_projection': 49.5}, 'Football_LineMovement_v1': {'context_flags': {'movement_available': False}, 'home_line_proj': -3.5, 'model_name': 'Football_LineMovement_v1', 'parlay_edge_score': 0, 'spread_distance': 0.0, 'spread_edge': 0.0, 'spread_pick': '', 'total_distance': 0.0, 'total_edge': 0.0, 'total_pick': '', 'total_projection': 49.5}, 'Football_MarketBlend_v1': {'context_flags': {'blend_inputs': ['Football_MarketConsensus_v1', 'Football_SpreadValue_v1', 'Football_TotalValue_v1', 'Football_LineMovement_v1', 'Football_KeyNumberGuard_v1'], 'key_number_risk': True, 'spread_veto': 'key_number_guard'}, 'home_line_proj': -3.25, 'model_name': 'Football_MarketBlend_v1', 'parlay_edge_score': 0.75, 'spread_distance': 0.25, 'spread_edge': -0.25, 'spread_pick': '', 'total_distance': 0.5, 'total_edge': -0.5, 'total_pick': 'UNDER', 'total_projection': 49.0}, 'Football_MarketConsensus_v1': {'context_flags': {'book_count': 11, 'source': 'market_consensus'}, 'home_line_proj': -3.5, 'model_name': 'Football_MarketConsensus_v1', 'parlay_edge_score': 0, 'spread_distance': 0.0, 'spread_edge': 0.0, 'spread_pick': '', 'total_distance': 0.0, 'total_edge': 0.0, 'total_pick': '', 'total_projection': 49.5}, 'Football_SpreadValue_v1': {'context_flags': {'book_count': 11.0, 'value_shift': 0.75}, 'home_line_proj': -2.75, 'model_name': 'Football_SpreadValue_v1', 'parlay_edge_score': 0.75, 'spread_distance': 0.75, 'spread_edge': -0.75, 'spread_pick': 'AWAY', 'total_distance': 0.0, 'total_edge': 0.0, 'total_pick': '', 'total_projection': 49.5}, 'Football_TotalValue_v1': {'context_flags': {'book_count': 11.0, 'total_value_rule': 'low_total_over_high_total_under'}, 'home_line_proj': -3.5, 'model_name': 'Football_TotalValue_v1', 'parlay_edge_score': 1.0, 'spread_distance': 0.0, 'spread_edge': 0.0, 'spread_pick': '', 'total_distance': 1.0, 'total_edge': -1.0, 'total_pick': 'UNDER', 'total_projection': 48.5}}",158.0,158.0,-190.0,-190.0,66,d90e0de2d5fa2d57e8812f31775ad0ba,2025-09-28T15:55:38Z,odds_api_flattened,3.5,-3.5,STATUS_FINAL,post,49.5,SoFi Stadium
nfl_401772813,2025-09-29,Miami Dolphins,New York Jets,-2.5,2.5,44.5,45.0,,-0.25,0.5,0.75,LOW,Football_MarketBlend_v1,Football_MarketBlend_v1,"{'blend_inputs': ['Football_MarketConsensus_v1', 'Football_SpreadValue_v1', 'Football_TotalValue_v1', 'Football_LineMovement_v1', 'Football_KeyNumberGuard_v1'], 'key_number_risk': True, 'spread_veto': 'key_number_guard'}","Game: New York Jets @ Miami Dolphins
Authority: Football_MarketBlend_v1
Market: Spread -2.5, Total 44.5
Projection: Margin -2.25, Total 45.0
Spread Pick:  (edge -0.25)
Total Pick: OVER (edge 0.5)",-2.25,,,,OVER,ACTIVE,,"{'spread': None, 'total': None}",FOOTBALL_MARKET_BLEND,21,21,NYJ,11,FOOTBALL_MARKET_BLEND,2025-09-29T23:16:00Z,1,Football market blend edge clears threshold,11,False,,true,true,true,true,27,27,MIA,nfl,odds_api_flattened_consensus,3,"{'Football_KeyNumberGuard_v1': {'context_flags': {'key_number_risk': True, 'key_numbers': [3, 7, 10]}, 'home_line_proj': -2.5, 'model_name': 'Football_KeyNumberGuard_v1', 'parlay_edge_score': 0, 'spread_distance': 0.0, 'spread_edge': 0.0, 'spread_pick': '', 'total_distance': 0.0, 'total_edge': 0.0, 'total_pick': '', 'total_projection': 44.5}, 'Football_LineMovement_v1': {'context_flags': {'movement_available': False}, 'home_line_proj': -2.5, 'model_name': 'Football_LineMovement_v1', 'parlay_edge_score': 0, 'spread_distance': 0.0, 'spread_edge': 0.0, 'spread_pick': '', 'total_distance': 0.0, 'total_edge': 0.0, 'total_pick': '', 'total_projection': 44.5}, 'Football_MarketBlend_v1': {'context_flags': {'blend_inputs': ['Football_MarketConsensus_v1', 'Football_SpreadValue_v1', 'Football_TotalValue_v1', 'Football_LineMovement_v1', 'Football_KeyNumberGuard_v1'], 'key_number_risk': True, 'spread_veto': 'key_number_guard'}, 'home_line_proj': -2.25, 'model_name': 'Football_MarketBlend_v1', 'parlay_edge_score': 0.75, 'spread_distance': 0.25, 'spread_edge': -0.25, 'spread_pick': '', 'total_distance': 0.5, 'total_edge': 0.5, 'total_pick': 'OVER', 'total_projection': 45.0}, 'Football_MarketConsensus_v1': {'context_flags': {'book_count': 11, 'source': 'market_consensus'}, 'home_line_proj': -2.5, 'model_name': 'Football_MarketConsensus_v1', 'parlay_edge_score': 0, 'spread_distance': 0.0, 'spread_edge': 0.0, 'spread_pick': '', 'total_distance': 0.0, 'total_edge': 0.0, 'total_pick': '', 'total_projection': 44.5}, 'Football_SpreadValue_v1': {'context_flags': {'book_count': 11.0, 'value_shift': 0.75}, 'home_line_proj': -1.75, 'model_name': 'Football_SpreadValue_v1', 'parlay_edge_score': 0.75, 'spread_distance': 0.75, 'spread_edge': -0.75, 'spread_pick': 'AWAY', 'total_distance': 0.0, 'total_edge': 0.0, 'total_pick': '', 'total_projection': 44.5}, 'Football_TotalValue_v1': {'context_flags': {'book_count': 11.0, 'total_value_rule': 'low_total_over_high_total_under'}, 'home_line_proj': -2.5, 'model_name': 'Football_TotalValue_v1', 'parlay_edge_score': 1.0, 'spread_distance': 0.0, 'spread_edge': 0.0, 'spread_pick': '', 'total_distance': 1.0, 'total_edge': 1.0, 'total_pick': 'OVER', 'total_projection': 45.5}}",126.0,126.0,-150.0,-150.0,66,bc76fb8d846588ed46297aaab4e83de9,2025-09-29T15:55:39Z,odds_api_flattened,2.5,-2.5,STATUS_FINAL,post,44.5,Hard Rock Stadium
nfl_401772921,2025-09-29,Dallas Cowboys,Green Bay Packers,6.5,-6.5,46.5,46.0,,0.25,-0.5,0.75,LOW,Football_MarketBlend_v1,Football_MarketBlend_v1,"{'blend_inputs': ['Football_MarketConsensus_v1', 'Football_SpreadValue_v1', 'Football_TotalValue_v1', 'Football_LineMovement_v1', 'Football_KeyNumberGuard_v1'], 'key_number_risk': True, 'spread_veto': 'key_number_guard'}","Game: Green Bay Packers @ Dallas Cowboys
Authority: Football_MarketBlend_v1
Market: Spread 6.5, Total 46.5
Projection: Margin 6.25, Total 46.0
Spread Pick:  (edge 0.25)
Total Pick: UNDER (edge -0.5)",6.25,,,,UNDER,ACTIVE,,"{'spread': None, 'total': None}",FOOTBALL_MARKET_BLEND,40,40,GB,11,FOOTBALL_MARKET_BLEND,2025-09-29T00:21:00Z,1,Football market blend edge clears threshold,11,False,,true,true,true,true,40,40,DAL,nfl,odds_api_flattened_consensus,3,"{'Football_KeyNumberGuard_v1': {'context_flags': {'key_number_risk': True, 'key_numbers': [3, 7, 10]}, 'home_line_proj': 6.5, 'model_name': 'Football_KeyNumberGuard_v1', 'parlay_edge_score': 0, 'spread_distance': 0.0, 'spread_edge': 0.0, 'spread_pick': '', 'total_distance': 0.0, 'total_edge': 0.0, 'total_pick': '', 'total_projection': 46.5}, 'Football_LineMovement_v1': {'context_flags': {'movement_available': False}, 'home_line_proj': 6.5, 'model_name': 'Football_LineMovement_v1', 'parlay_edge_score': 0, 'spread_distance': 0.0, 'spread_edge': 0.0, 'spread_pick': '', 'total_distance': 0.0, 'total_edge': 0.0, 'total_pick': '', 'total_projection': 46.5}, 'Football_MarketBlend_v1': {'context_flags': {'blend_inputs': ['Football_MarketConsensus_v1', 'Football_SpreadValue_v1', 'Football_TotalValue_v1', 'Football_LineMovement_v1', 'Football_KeyNumberGuard_v1'], 'key_number_risk': True, 'spread_veto': 'key_number_guard'}, 'home_line_proj': 6.25, 'model_name': 'Football_MarketBlend_v1', 'parlay_edge_score': 0.75, 'spread_distance': 0.25, 'spread_edge': 0.25, 'spread_pick': '', 'total_distance': 0.5, 'total_edge': -0.5, 'total_pick': 'UNDER', 'total_projection': 46.0}, 'Football_MarketConsensus_v1': {'context_flags': {'book_count': 11, 'source': 'market_consensus'}, 'home_line_proj': 6.5, 'model_name': 'Football_MarketConsensus_v1', 'parlay_edge_score': 0, 'spread_distance': 0.0, 'spread_edge': 0.0, 'spread_pick': '', 'total_distance': 0.0, 'total_edge': 0.0, 'total_pick': '', 'total_projection': 46.5}, 'Football_SpreadValue_v1': {'context_flags': {'book_count': 11.0, 'value_shift': -0.75}, 'home_line_proj': 5.75, 'model_name': 'Football_SpreadValue_v1', 'parlay_edge_score': 0.75, 'spread_distance': 0.75, 'spread_edge': 0.75, 'spread_pick': 'HOME', 'total_distance': 0.0, 'total_edge': 0.0, 'total_pick': '', 'total_projection': 46.5}, 'Football_TotalValue_v1': {'context_flags': {'book_count': 11.0, 'total_value_rule': 'low_total_over_high_total_under'}, 'home_line_proj': 6.5, 'model_name': 'Football_TotalValue_v1', 'parlay_edge_score': 1.0, 'spread_distance': 0.0, 'spread_edge': 0.0, 'spread_pick': '', 'total_distance': 1.0, 'total_edge': -1.0, 'total_pick': 'UNDER', 'total_projection': 45.5}}",-330.0,-330.0,267.0,267.0,66,de432abcc3bd8d42a582ae9f71388dcd,2025-09-28T15:55:38Z,odds_api_flattened,-6.5,6.5,STATUS_FINAL,post,46.5,AT&T Stadium
nfl_401772716,2025-09-30,Denver Broncos,Cincinnati Bengals,-7.5,7.5,44.5,45.0,,-0.25,0.5,0.75,LOW,Football_MarketBlend_v1,Football_MarketBlend_v1,"{'blend_inputs': ['Football_MarketConsensus_v1', 'Football_SpreadValue_v1', 'Football_TotalValue_v1', 'Football_LineMovement_v1', 'Football_KeyNumberGuard_v1'], 'key_number_risk': True, 'spread_veto': 'key_number_guard'}","Game: Cincinnati Bengals @ Denver Broncos
Authority: Football_MarketBlend_v1
Market: Spread -7.5, Total 44.5
Projection: Margin -7.25, Total 45.0
Spread Pick:  (edge -0.25)
Total Pick: OVER (edge 0.5)",-7.25,,,,OVER,ACTIVE,,"{'spread': None, 'total': None}",FOOTBALL_MARKET_BLEND,3,3,CIN,11,FOOTBALL_MARKET_BLEND,2025-09-30T00:16:00Z,1,Football market blend edge clears threshold,11,False,,true,true,true,true,28,28,DEN,nfl,odds_api_flattened_consensus,3,"{'Football_KeyNumberGuard_v1': {'context_flags': {'key_number_risk': True, 'key_numbers': [3, 7, 10]}, 'home_line_proj': -7.5, 'model_name': 'Football_KeyNumberGuard_v1', 'parlay_edge_score': 0, 'spread_distance': 0.0, 'spread_edge': 0.0, 'spread_pick': '', 'total_distance': 0.0, 'total_edge': 0.0, 'total_pick': '', 'total_projection': 44.5}, 'Football_LineMovement_v1': {'context_flags': {'movement_available': False}, 'home_line_proj': -7.5, 'model_name': 'Football_LineMovement_v1', 'parlay_edge_score': 0, 'spread_distance': 0.0, 'spread_edge': 0.0, 'spread_pick': '', 'total_distance': 0.0, 'total_edge': 0.0, 'total_pick': '', 'total_projection': 44.5}, 'Football_MarketBlend_v1': {'context_flags': {'blend_inputs': ['Football_MarketConsensus_v1', 'Football_SpreadValue_v1', 'Football_TotalValue_v1', 'Football_LineMovement_v1', 'Football_KeyNumberGuard_v1'], 'key_number_risk': True, 'spread_veto': 'key_number_guard'}, 'home_line_proj': -7.25, 'model_name': 'Football_MarketBlend_v1', 'parlay_edge_score': 0.75, 'spread_distance': 0.25, 'spread_edge': -0.25, 'spread_pick': '', 'total_distance': 0.5, 'total_edge': 0.5, 'total_pick': 'OVER', 'total_projection': 45.0}, 'Football_MarketConsensus_v1': {'context_flags': {'book_count': 11, 'source': 'market_consensus'}, 'home_line_proj': -7.5, 'model_name': 'Football_MarketConsensus_v1', 'parlay_edge_score': 0, 'spread_distance': 0.0, 'spread_edge': 0.0, 'spread_pick': '', 'total_distance': 0.0, 'total_edge': 0.0, 'total_pick': '', 'total_projection': 44.5}, 'Football_SpreadValue_v1': {'context_flags': {'book_count': 11.0, 'value_shift': 0.75}, 'home_line_proj': -6.75, 'model_name': 'Football_SpreadValue_v1', 'parlay_edge_score': 0.75, 'spread_distance': 0.75, 'spread_edge': -0.75, 'spread_pick': 'AWAY', 'total_distance': 0.0, 'total_edge': 0.0, 'total_pick': '', 'total_projection': 44.5}, 'Football_TotalValue_v1': {'context_flags': {'book_count': 11.0, 'total_value_rule': 'low_total_over_high_total_under'}, 'home_line_proj': -7.5, 'model_name': 'Football_TotalValue_v1', 'parlay_edge_score': 1.0, 'spread_distance': 0.0, 'spread_edge': 0.0, 'spread_pick': '', 'total_distance': 1.0, 'total_edge': 1.0, 'total_pick': 'OVER', 'total_projection': 45.5}}",350.0,350.0,-455.0,-455.0,66,8dcb2a6bf542ccb7e6bc58f83c8fc2ac,2025-09-29T15:55:39Z,odds_api_flattened,7.5,-7.5,STATUS_FINAL,post,44.5,Empower Field at Mile High
nfl_401772939,2025-10-03,Los Angeles Rams,San Francisco 49ers,-8.5,8.5,44.0,44.5,AWAY,-0.25,0.5,0.75,LOW,Football_MarketBlend_v1,Football_MarketBlend_v1,"{'blend_inputs': ['Football_MarketConsensus_v1', 'Football_SpreadValue_v1', 'Football_TotalValue_v1', 'Football_LineMovement_v1', 'Football_KeyNumberGuard_v1'], 'key_number_risk': False}","Game: San Francisco 49ers @ Los Angeles Rams
Authority: Football_MarketBlend_v1
Market: Spread -8.5, Total 44.0
Projection: Margin -8.25, Total 44.5
Spread Pick: AWAY (edge -0.25)
Total Pick: OVER (edge 0.5)",-8.25,,,,OVER,ACTIVE,,"{'spread': None, 'total': None}",FOOTBALL_MARKET_BLEND,26,26,SF,11,FOOTBALL_MARKET_BLEND,2025-10-03T00:16:00Z,1,Football market blend edge clears threshold,11,False,,true,true,true,true,23,23,LAR,nfl,odds_api_flattened_consensus,3,"{'Football_KeyNumberGuard_v1': {'context_flags': {'key_number_risk': False, 'key_numbers': [3, 7, 10]}, 'home_line_proj': -8.5, 'model_name': 'Football_KeyNumberGuard_v1', 'parlay_edge_score': 0, 'spread_distance': 0.0, 'spread_edge': 0.0, 'spread_pick': '', 'total_distance': 0.0, 'total_edge': 0.0, 'total_pick': '', 'total_projection': 44.0}, 'Football_LineMovement_v1': {'context_flags': {'movement_available': False}, 'home_line_proj': -8.5, 'model_name': 'Football_LineMovement_v1', 'parlay_edge_score': 0, 'spread_distance': 0.0, 'spread_edge': 0.0, 'spread_pick': '', 'total_distance': 0.0, 'total_edge': 0.0, 'total_pick': '', 'total_projection': 44.0}, 'Football_MarketBlend_v1': {'context_flags': {'blend_inputs': ['Football_MarketConsensus_v1', 'Football_SpreadValue_v1', 'Football_TotalValue_v1', 'Football_LineMovement_v1', 'Football_KeyNumberGuard_v1'], 'key_number_risk': False}, 'home_line_proj': -8.25, 'model_name': 'Football_MarketBlend_v1', 'parlay_edge_score': 0.75, 'spread_distance': 0.25, 'spread_edge': -0.25, 'spread_pick': 'AWAY', 'total_distance': 0.5, 'total_edge': 0.5, 'total_pick': 'OVER', 'total_projection': 44.5}, 'Football_MarketConsensus_v1': {'context_flags': {'book_count': 11, 'source': 'market_consensus'}, 'home_line_proj': -8.5, 'model_name': 'Football_MarketConsensus_v1', 'parlay_edge_score': 0, 'spread_distance': 0.0, 'spread_edge': 0.0, 'spread_pick': '', 'total_distance': 0.0, 'total_edge': 0.0, 'total_pick': '', 'total_projection': 44.0}, 'Football_SpreadValue_v1': {'context_flags': {'book_count': 11.0, 'value_shift': 0.75}, 'home_line_proj': -7.75, 'model_name': 'Football_SpreadValue_v1', 'parlay_edge_score': 0.75, 'spread_distance': 0.75, 'spread_edge': -0.75, 'spread_pick': 'AWAY', 'total_distance': 0.0, 'total_edge': 0.0, 'total_pick': '', 'total_projection': 44.0}, 'Football_TotalValue_v1': {'context_flags': {'book_count': 11.0, 'total_value_rule': 'low_total_over_high_total_under'}, 'home_line_proj': -8.5, 'model_name': 'Football_TotalValue_v1', 'parlay_edge_score': 1.0, 'spread_distance': 0.0, 'spread_edge': 0.0, 'spread_pick': '', 'total_distance': 1.0, 'total_edge': 1.0, 'total_pick': 'OVER', 'total_projection': 45.0}}",350.0,350.0,-455.0,-455.0,66,c4b72eabb3d557e73022ec730d8e3944,2025-10-02T15:55:39Z,odds_api_flattened,8.5,-8.5,STATUS_FINAL,post,44.0,SoFi Stadium
nfl_401772633,2025-10-05,Cleveland Browns,Minnesota Vikings,-2.5,2.5,38.5,39.0,,-0.25,0.5,0.75,LOW,Football_MarketBlend_v1,Football_MarketBlend_v1,"{'blend_inputs': ['Football_MarketConsensus_v1', 'Football_SpreadValue_v1', 'Football_TotalValue_v1', 'Football_LineMovement_v1', 'Football_KeyNumberGuard_v1'], 'key_number_risk': True, 'spread_veto': 'key_number_guard'}","Game: Minnesota Vikings @ Cleveland Browns
Authority: Football_MarketBlend_v1
Market: Spread -2.5, Total 38.5
Projection: Margin -2.25, Total 39.0
Spread Pick:  (edge -0.25)
Total Pick: OVER (edge 0.5)",-2.25,,,,OVER,ACTIVE,,"{'spread': None, 'total': None}",FOOTBALL_MARKET_BLEND,21,21,MIN,11,FOOTBALL_MARKET_BLEND,2025-10-05T13:32:00Z,1,Football market blend edge clears threshold,11,False,,true,true,true,true,17,17,CLE,nfl,odds_api_flattened_consensus,3,"{'Football_KeyNumberGuard_v1': {'context_flags': {'key_number_risk': True, 'key_numbers': [3, 7, 10]}, 'home_line_proj': -2.5, 'model_name': 'Football_KeyNumberGuard_v1', 'parlay_edge_score': 0, 'spread_distance': 0.0, 'spread_edge': 0.0, 'spread_pick': '', 'total_distance': 0.0, 'total_edge': 0.0, 'total_pick': '', 'total_projection': 38.5}, 'Football_LineMovement_v1': {'context_flags': {'movement_available': False}, 'home_line_proj': -2.5, 'model_name': 'Football_LineMovement_v1', 'parlay_edge_score': 0, 'spread_distance': 0.0, 'spread_edge': 0.0, 'spread_pick': '', 'total_distance': 0.0, 'total_edge': 0.0, 'total_pick': '', 'total_projection': 38.5}, 'Football_MarketBlend_v1': {'context_flags': {'blend_inputs': ['Football_MarketConsensus_v1', 'Football_SpreadValue_v1', 'Football_TotalValue_v1', 'Football_LineMovement_v1', 'Football_KeyNumberGuard_v1'], 'key_number_risk': True, 'spread_veto': 'key_number_guard'}, 'home_line_proj': -2.25, 'model_name': 'Football_MarketBlend_v1', 'parlay_edge_score': 0.75, 'spread_distance': 0.25, 'spread_edge': -0.25, 'spread_pick': '', 'total_distance': 0.5, 'total_edge': 0.5, 'total_pick': 'OVER', 'total_projection': 39.0}, 'Football_MarketConsensus_v1': {'context_flags': {'book_count': 11, 'source': 'market_consensus'}, 'home_line_proj': -2.5, 'model_name': 'Football_MarketConsensus_v1', 'parlay_edge_score': 0, 'spread_distance': 0.0, 'spread_edge': 0.0, 'spread_pick': '', 'total_distance': 0.0, 'total_edge': 0.0, 'total_pick': '', 'total_projection': 38.5}, 'Football_SpreadValue_v1': {'context_flags': {'book_count': 11.0, 'value_shift': 0.75}, 'home_line_proj': -1.75, 'model_name': 'Football_SpreadValue_v1', 'parlay_edge_score': 0.75, 'spread_distance': 0.75, 'spread_edge': -0.75, 'spread_pick': 'AWAY', 'total_distance': 0.0, 'total_edge': 0.0, 'total_pick': '', 'total_projection': 38.5}, 'Football_TotalValue_v1': {'context_flags': {'book_count': 11.0, 'total_value_rule': 'low_total_over_high_total_under'}, 'home_line_proj': -2.5, 'model_name': 'Football_TotalValue_v1', 'parlay_edge_score': 1.0, 'spread_distance': 0.0, 'spread_edge': 0.0, 'spread_pick': '', 'total_distance': 1.0, 'total_edge': 1.0, 'total_pick': 'OVER', 'total_projection': 39.5}}",150.0,150.0,-205.0,-205.0,66,6e206c7bc9379b07d27298a393305384,2025-10-05T15:55:38Z,odds_api_flattened,2.5,-2.5,STATUS_FINAL,post,38.5,Tottenham Hotspur Stadium
nfl_401772743,2025-10-05,Baltimore Ravens,Houston Texans,2.5,-2.5,40.5,41.0,,0.25,0.5,0.75,LOW,Football_MarketBlend_v1,Football_MarketBlend_v1,"{'blend_inputs': ['Football_MarketConsensus_v1', 'Football_SpreadValue_v1', 'Football_TotalValue_v1', 'Football_LineMovement_v1', 'Football_KeyNumberGuard_v1'], 'key_number_risk': True, 'spread_veto': 'key_number_guard'}","Game: Houston Texans @ Baltimore Ravens
Authority: Football_MarketBlend_v1
Market: Spread 2.5, Total 40.5
Projection: Margin 2.25, Total 41.0
Spread Pick:  (edge 0.25)
Total Pick: OVER (edge 0.5)",2.25,,,,OVER,ACTIVE,,"{'spread': None, 'total': None}",FOOTBALL_MARKET_BLEND,44,44,HOU,11,FOOTBALL_MARKET_BLEND,2025-10-05T17:01:00Z,1,Football market blend edge clears threshold,11,False,,true,true,true,true,10,10,BAL,nfl,odds_api_flattened_consensus,3,"{'Football_KeyNumberGuard_v1': {'context_flags': {'key_number_risk': True, 'key_numbers': [3, 7, 10]}, 'home_line_proj': 2.5, 'model_name': 'Football_KeyNumberGuard_v1', 'parlay_edge_score': 0, 'spread_distance': 0.0, 'spread_edge': 0.0, 'spread_pick': '', 'total_distance': 0.0, 'total_edge': 0.0, 'total_pick': '', 'total_projection': 40.5}, 'Football_LineMovement_v1': {'context_flags': {'movement_available': False}, 'home_line_proj': 2.5, 'model_name': 'Football_LineMovement_v1', 'parlay_edge_score': 0, 'spread_distance': 0.0, 'spread_edge': 0.0, 'spread_pick': '', 'total_distance': 0.0, 'total_edge': 0.0, 'total_pick': '', 'total_projection': 40.5}, 'Football_MarketBlend_v1': {'context_flags': {'blend_inputs': ['Football_MarketConsensus_v1', 'Football_SpreadValue_v1', 'Football_TotalValue_v1', 'Football_LineMovement_v1', 'Football_KeyNumberGuard_v1'], 'key_number_risk': True, 'spread_veto': 'key_number_guard'}, 'home_line_proj': 2.25, 'model_name': 'Football_MarketBlend_v1', 'parlay_edge_score': 0.75, 'spread_distance': 0.25, 'spread_edge': 0.25, 'spread_pick': '', 'total_distance': 0.5, 'total_edge': 0.5, 'total_pick': 'OVER', 'total_projection': 41.0}, 'Football_MarketConsensus_v1': {'context_flags': {'book_count': 11, 'source': 'market_consensus'}, 'home_line_proj': 2.5, 'model_name': 'Football_MarketConsensus_v1', 'parlay_edge_score': 0, 'spread_distance': 0.0, 'spread_edge': 0.0, 'spread_pick': '', 'total_distance': 0.0, 'total_edge': 0.0, 'total_pick': '', 'total_projection': 40.5}, 'Football_SpreadValue_v1': {'context_flags': {'book_count': 11.0, 'value_shift': -0.75}, 'home_line_proj': 1.75, 'model_name': 'Football_SpreadValue_v1', 'parlay_edge_score': 0.75, 'spread_distance': 0.75, 'spread_edge': 0.75, 'spread_pick': 'HOME', 'total_distance': 0.0, 'total_edge': 0.0, 'total_pick': '', 'total_projection': 40.5}, 'Football_TotalValue_v1': {'context_flags': {'book_count': 11.0, 'total_value_rule': 'low_total_over_high_total_under'}, 'home_line_proj': 2.5, 'model_name': 'Football_TotalValue_v1', 'parlay_edge_score': 1.0, 'spread_distance': 0.0, 'spread_edge': 0.0, 'spread_pick': '', 'total_distance': 1.0, 'total_edge': 1.0, 'total_pick': 'OVER', 'total_projection': 41.5}}",-140.0,-140.0,115.0,115.0,66,6eb8eeff6a052455649ddd2a50e0a188,2025-10-05T15:55:38Z,odds_api_flattened,-2.5,2.5,STATUS_FINAL,post,40.5,M&T Bank Stadium
nfl_401772744,2025-10-05,New Orleans Saints,New York Giants,-2.0,2.0,42.0,42.5,AWAY,-0.25,0.5,0.75,LOW,Football_MarketBlend_v1,Football_MarketBlend_v1,"{'blend_inputs': ['Football_MarketConsensus_v1', 'Football_SpreadValue_v1', 'Football_TotalValue_v1', 'Football_LineMovement_v1', 'Football_KeyNumberGuard_v1'], 'key_number_risk': False}","Game: New York Giants @ New Orleans Saints
Authority: Football_MarketBlend_v1
Market: Spread -2.0, Total 42.0
Projection: Margin -1.75, Total 42.5
Spread Pick: AWAY (edge -0.25)
Total Pick: OVER (edge 0.5)",-1.75,,,,OVER,ACTIVE,,"{'spread': None, 'total': None}",FOOTBALL_MARKET_BLEND,14,14,NYG,11,FOOTBALL_MARKET_BLEND,2025-10-05T17:01:00Z,1,Football market blend edge clears threshold,11,False,,true,true,true,true,26,26,NO,nfl,odds_api_flattened_consensus,3,"{'Football_KeyNumberGuard_v1': {'context_flags': {'key_number_risk': False, 'key_numbers': [3, 7, 10]}, 'home_line_proj': -2.0, 'model_name': 'Football_KeyNumberGuard_v1', 'parlay_edge_score': 0, 'spread_distance': 0.0, 'spread_edge': 0.0, 'spread_pick': '', 'total_distance': 0.0, 'total_edge': 0.0, 'total_pick': '', 'total_projection': 42.0}, 'Football_LineMovement_v1': {'context_flags': {'movement_available': False}, 'home_line_proj': -2.0, 'model_name': 'Football_LineMovement_v1', 'parlay_edge_score': 0, 'spread_distance': 0.0, 'spread_edge': 0.0, 'spread_pick': '', 'total_distance': 0.0, 'total_edge': 0.0, 'total_pick': '', 'total_projection': 42.0}, 'Football_MarketBlend_v1': {'context_flags': {'blend_inputs': ['Football_MarketConsensus_v1', 'Football_SpreadValue_v1', 'Football_TotalValue_v1', 'Football_LineMovement_v1', 'Football_KeyNumberGuard_v1'], 'key_number_risk': False}, 'home_line_proj': -1.75, 'model_name': 'Football_MarketBlend_v1', 'parlay_edge_score': 0.75, 'spread_distance': 0.25, 'spread_edge': -0.25, 'spread_pick': 'AWAY', 'total_distance': 0.5, 'total_edge': 0.5, 'total_pick': 'OVER', 'total_projection': 42.5}, 'Football_MarketConsensus_v1': {'context_flags': {'book_count': 11, 'source': 'market_consensus'}, 'home_line_proj': -2.0, 'model_name': 'Football_MarketConsensus_v1', 'parlay_edge_score': 0, 'spread_distance': 0.0, 'spread_edge': 0.0, 'spread_pick': '', 'total_distance': 0.0, 'total_edge': 0.0, 'total_pick': '', 'total_projection': 42.0}, 'Football_SpreadValue_v1': {'context_flags': {'book_count': 11.0, 'value_shift': 0.75}, 'home_line_proj': -1.25, 'model_name': 'Football_SpreadValue_v1', 'parlay_edge_score': 0.75, 'spread_distance': 0.75, 'spread_edge': -0.75, 'spread_pick': 'AWAY', 'total_distance': 0.0, 'total_edge': 0.0, 'total_pick': '', 'total_projection': 42.0}, 'Football_TotalValue_v1': {'context_flags': {'book_count': 11.0, 'total_value_rule': 'low_total_over_high_total_under'}, 'home_line_proj': -2.0, 'model_name': 'Football_TotalValue_v1', 'parlay_edge_score': 1.0, 'spread_distance': 0.0, 'spread_edge': 0.0, 'spread_pick': '', 'total_distance': 1.0, 'total_edge': 1.0, 'total_pick': 'OVER', 'total_projection': 43.0}}",108.0,108.0,-130.0,-130.0,66,1fe136913ef0e77717c0f0668163637f,2025-10-05T15:55:38Z,odds_api_flattened,2.0,-2.0,STATUS_FINAL,post,42.0,Caesars Superdome
nfl_401772745,2025-10-05,Philadelphia Eagles,Denver Broncos,-4.0,4.0,44.0,44.5,AWAY,-0.25,0.5,0.75,LOW,Football_MarketBlend_v1,Football_MarketBlend_v1,"{'blend_inputs': ['Football_MarketConsensus_v1', 'Football_SpreadValue_v1', 'Football_TotalValue_v1', 'Football_LineMovement_v1', 'Football_KeyNumberGuard_v1'], 'key_number_risk': False}","Game: Denver Broncos @ Philadelphia Eagles
Authority: Football_MarketBlend_v1
Market: Spread -4.0, Total 44.0
Projection: Margin -3.75, Total 44.5
Spread Pick: AWAY (edge -0.25)
Total Pick: OVER (edge 0.5)",-3.75,,,,OVER,ACTIVE,,"{'spread': None, 'total': None}",FOOTBALL_MARKET_BLEND,21,21,DEN,11,FOOTBALL_MARKET_BLEND,2025-10-05T17:01:00Z,1,Football market blend edge clears threshold,11,False,,true,true,true,true,17,17,PHI,nfl,odds_api_flattened_consensus,3,"{'Football_KeyNumberGuard_v1': {'context_flags': {'key_number_risk': False, 'key_numbers': [3, 7, 10]}, 'home_line_proj': -4.0, 'model_name': 'Football_KeyNumberGuard_v1', 'parlay_edge_score': 0, 'spread_distance': 0.0, 'spread_edge': 0.0, 'spread_pick': '', 'total_distance': 0.0, 'total_edge': 0.0, 'total_pick': '', 'total_projection': 44.0}, 'Football_LineMovement_v1': {'context_flags': {'movement_available': False}, 'home_line_proj': -4.0, 'model_name': 'Football_LineMovement_v1', 'parlay_edge_score': 0, 'spread_distance': 0.0, 'spread_edge': 0.0, 'spread_pick': '', 'total_distance': 0.0, 'total_edge': 0.0, 'total_pick': '', 'total_projection': 44.0}, 'Football_MarketBlend_v1': {'context_flags': {'blend_inputs': ['Football_MarketConsensus_v1', 'Football_SpreadValue_v1', 'Football_TotalValue_v1', 'Football_LineMovement_v1', 'Football_KeyNumberGuard_v1'], 'key_number_risk': False}, 'home_line_proj': -3.75, 'model_name': 'Football_MarketBlend_v1', 'parlay_edge_score': 0.75, 'spread_distance': 0.25, 'spread_edge': -0.25, 'spread_pick': 'AWAY', 'total_distance': 0.5, 'total_edge': 0.5, 'total_pick': 'OVER', 'total_projection': 44.5}, 'Football_MarketConsensus_v1': {'context_flags': {'book_count': 11, 'source': 'market_consensus'}, 'home_line_proj': -4.0, 'model_name': 'Football_MarketConsensus_v1', 'parlay_edge_score': 0, 'spread_distance': 0.0, 'spread_edge': 0.0, 'spread_pick': '', 'total_distance': 0.0, 'total_edge': 0.0, 'total_pick': '', 'total_projection': 44.0}, 'Football_SpreadValue_v1': {'context_flags': {'book_count': 11.0, 'value_shift': 0.75}, 'home_line_proj': -3.25, 'model_name': 'Football_SpreadValue_v1', 'parlay_edge_score': 0.75, 'spread_distance': 0.75, 'spread_edge': -0.75, 'spread_pick': 'AWAY', 'total_distance': 0.0, 'total_edge': 0.0, 'total_pick': '', 'total_projection': 44.0}, 'Football_TotalValue_v1': {'context_flags': {'book_count': 11.0, 'total_value_rule': 'low_total_over_high_total_under'}, 'home_line_proj': -4.0, 'model_name': 'Football_TotalValue_v1', 'parlay_edge_score': 1.0, 'spread_distance': 0.0, 'spread_edge': 0.0, 'spread_pick': '', 'total_distance': 1.0, 'total_edge': 1.0, 'total_pick': 'OVER', 'total_projection': 45.0}}",185.0,185.0,-225.0,-225.0,66,bc4f9a719baf61261befad75f4bdb539,2025-10-05T15:55:38Z,odds_api_flattened,4.0,-4.0,STATUS_FINAL,post,44.0,Lincoln Financial Field
nfl_401772746,2025-10-05,Seattle Seahawks,Tampa Bay Buccaneers,-3.5,3.5,44.5,45.0,,-0.25,0.5,0.75,LOW,Football_MarketBlend_v1,Football_MarketBlend_v1,"{'blend_inputs': ['Football_MarketConsensus_v1', 'Football_SpreadValue_v1', 'Football_TotalValue_v1', 'Football_LineMovement_v1', 'Football_KeyNumberGuard_v1'], 'key_number_risk': True, 'spread_veto': 'key_number_guard'}","Game: Tampa Bay Buccaneers @ Seattle Seahawks
Authority: Football_MarketBlend_v1
Market: Spread -3.5, Total 44.5
Projection: Margin -3.25, Total 45.0
Spread Pick:  (edge -0.25)
Total Pick: OVER (edge 0.5)",-3.25,,,,OVER,ACTIVE,,"{'spread': None, 'total': None}",FOOTBALL_MARKET_BLEND,38,38,TB,11,FOOTBALL_MARKET_BLEND,2025-10-05T20:06:00Z,1,Football market blend edge clears threshold,11,False,,true,true,true,true,35,35,SEA,nfl,odds_api_flattened_consensus,3,"{'Football_KeyNumberGuard_v1': {'context_flags': {'key_number_risk': True, 'key_numbers': [3, 7, 10]}, 'home_line_proj': -3.5, 'model_name': 'Football_KeyNumberGuard_v1', 'parlay_edge_score': 0, 'spread_distance': 0.0, 'spread_edge': 0.0, 'spread_pick': '', 'total_distance': 0.0, 'total_edge': 0.0, 'total_pick': '', 'total_projection': 44.5}, 'Football_LineMovement_v1': {'context_flags': {'movement_available': False}, 'home_line_proj': -3.5, 'model_name': 'Football_LineMovement_v1', 'parlay_edge_score': 0, 'spread_distance': 0.0, 'spread_edge': 0.0, 'spread_pick': '', 'total_distance': 0.0, 'total_edge': 0.0, 'total_pick': '', 'total_projection': 44.5}, 'Football_MarketBlend_v1': {'context_flags': {'blend_inputs': ['Football_MarketConsensus_v1', 'Football_SpreadValue_v1', 'Football_TotalValue_v1', 'Football_LineMovement_v1', 'Football_KeyNumberGuard_v1'], 'key_number_risk': True, 'spread_veto': 'key_number_guard'}, 'home_line_proj': -3.25, 'model_name': 'Football_MarketBlend_v1', 'parlay_edge_score': 0.75, 'spread_distance': 0.25, 'spread_edge': -0.25, 'spread_pick': '', 'total_distance': 0.5, 'total_edge': 0.5, 'total_pick': 'OVER', 'total_projection': 45.0}, 'Football_MarketConsensus_v1': {'context_flags': {'book_count': 11, 'source': 'market_consensus'}, 'home_line_proj': -3.5, 'model_name': 'Football_MarketConsensus_v1', 'parlay_edge_score': 0, 'spread_distance': 0.0, 'spread_edge': 0.0, 'spread_pick': '', 'total_distance': 0.0, 'total_edge': 0.0, 'total_pick': '', 'total_projection': 44.5}, 'Football_SpreadValue_v1': {'context_flags': {'book_count': 11.0, 'value_shift': 0.75}, 'home_line_proj': -2.75, 'model_name': 'Football_SpreadValue_v1', 'parlay_edge_score': 0.75, 'spread_distance': 0.75, 'spread_edge': -0.75, 'spread_pick': 'AWAY', 'total_distance': 0.0, 'total_edge': 0.0, 'total_pick': '', 'total_projection': 44.5}, 'Football_TotalValue_v1': {'context_flags': {'book_count': 11.0, 'total_value_rule': 'low_total_over_high_total_under'}, 'home_line_proj': -3.5, 'model_name': 'Football_TotalValue_v1', 'parlay_edge_score': 1.0, 'spread_distance': 0.0, 'spread_edge': 0.0, 'spread_pick': '', 'total_distance': 1.0, 'total_edge': 1.0, 'total_pick': 'OVER', 'total_projection': 45.5}}",162.0,162.0,-190.0,-190.0,66,6f5a22a3ca33478094cef1e9212ba0fc,2025-10-05T15:55:38Z,odds_api_flattened,3.5,-3.5,STATUS_FINAL,post,44.5,Lumen Field
nfl_401772747,2025-10-05,Arizona Cardinals,Tennessee Titans,-7.5,7.5,41.0,41.5,,-0.25,0.5,0.75,LOW,Football_MarketBlend_v1,Football_MarketBlend_v1,"{'blend_inputs': ['Football_MarketConsensus_v1', 'Football_SpreadValue_v1', 'Football_TotalValue_v1', 'Football_LineMovement_v1', 'Football_KeyNumberGuard_v1'], 'key_number_risk': True, 'spread_veto': 'key_number_guard'}","Game: Tennessee Titans @ Arizona Cardinals
Authority: Football_MarketBlend_v1
Market: Spread -7.5, Total 41.0
Projection: Margin -7.25, Total 41.5
Spread Pick:  (edge -0.25)
Total Pick: OVER (edge 0.5)",-7.25,,,,OVER,ACTIVE,,"{'spread': None, 'total': None}",FOOTBALL_MARKET_BLEND,22,22,TEN,11,FOOTBALL_MARKET_BLEND,2025-10-05T20:06:00Z,1,Football market blend edge clears threshold,11,False,,true,true,true,true,21,21,ARI,nfl,odds_api_flattened_consensus,3,"{'Football_KeyNumberGuard_v1': {'context_flags': {'key_number_risk': True, 'key_numbers': [3, 7, 10]}, 'home_line_proj': -7.5, 'model_name': 'Football_KeyNumberGuard_v1', 'parlay_edge_score': 0, 'spread_distance': 0.0, 'spread_edge': 0.0, 'spread_pick': '', 'total_distance': 0.0, 'total_edge': 0.0, 'total_pick': '', 'total_projection': 41.0}, 'Football_LineMovement_v1': {'context_flags': {'movement_available': False}, 'home_line_proj': -7.5, 'model_name': 'Football_LineMovement_v1', 'parlay_edge_score': 0, 'spread_distance': 0.0, 'spread_edge': 0.0, 'spread_pick': '', 'total_distance': 0.0, 'total_edge': 0.0, 'total_pick': '', 'total_projection': 41.0}, 'Football_MarketBlend_v1': {'context_flags': {'blend_inputs': ['Football_MarketConsensus_v1', 'Football_SpreadValue_v1', 'Football_TotalValue_v1', 'Football_LineMovement_v1', 'Football_KeyNumberGuard_v1'], 'key_number_risk': True, 'spread_veto': 'key_number_guard'}, 'home_line_proj': -7.25, 'model_name': 'Football_MarketBlend_v1', 'parlay_edge_score': 0.75, 'spread_distance': 0.25, 'spread_edge': -0.25, 'spread_pick': '', 'total_distance': 0.5, 'total_edge': 0.5, 'total_pick': 'OVER', 'total_projection': 41.5}, 'Football_MarketConsensus_v1': {'context_flags': {'book_count': 11, 'source': 'market_consensus'}, 'home_line_proj': -7.5, 'model_name': 'Football_MarketConsensus_v1', 'parlay_edge_score': 0, 'spread_distance': 0.0, 'spread_edge': 0.0, 'spread_pick': '', 'total_distance': 0.0, 'total_edge': 0.0, 'total_pick': '', 'total_projection': 41.0}, 'Football_SpreadValue_v1': {'context_flags': {'book_count': 11.0, 'value_shift': 0.75}, 'home_line_proj': -6.75, 'model_name': 'Football_SpreadValue_v1', 'parlay_edge_score': 0.75, 'spread_distance': 0.75, 'spread_edge': -0.75, 'spread_pick': 'AWAY', 'total_distance': 0.0, 'total_edge': 0.0, 'total_pick': '', 'total_projection': 41.0}, 'Football_TotalValue_v1': {'context_flags': {'book_count': 11.0, 'total_value_rule': 'low_total_over_high_total_under'}, 'home_line_proj': -7.5, 'model_name': 'Football_TotalValue_v1', 'parlay_edge_score': 1.0, 'spread_distance': 0.0, 'spread_edge': 0.0, 'spread_pick': '', 'total_distance': 1.0, 'total_edge': 1.0, 'total_pick': 'OVER', 'total_projection': 42.0}}",330.0,330.0,-440.0,-440.0,66,8fa3fd86eaa7b432469d43b84904e1dc,2025-10-05T15:55:38Z,odds_api_flattened,7.5,-7.5,STATUS_FINAL,post,41.0,State Farm Stadium
nfl_401772850,2025-10-05,New York Jets,Dallas Cowboys,0.0,0.0,47.5,47.0,AWAY,-0.25,-0.5,0.75,LOW,Football_MarketBlend_v1,Football_MarketBlend_v1,"{'blend_inputs': ['Football_MarketConsensus_v1', 'Football_SpreadValue_v1', 'Football_TotalValue_v1', 'Football_LineMovement_v1', 'Football_KeyNumberGuard_v1'], 'key_number_risk': False}","Game: Dallas Cowboys @ New York Jets
Authority: Football_MarketBlend_v1
Market: Spread 0.0, Total 47.5
Projection: Margin 0.25, Total 47.0
Spread Pick: AWAY (edge -0.25)
Total Pick: UNDER (edge -0.5)",0.25,,,,UNDER,ACTIVE,,"{'spread': None, 'total': None}",FOOTBALL_MARKET_BLEND,37,37,DAL,11,FOOTBALL_MARKET_BLEND,2025-10-05T17:01:00Z,1,Football market blend edge clears threshold,11,False,,true,true,true,true,22,22,NYJ,nfl,odds_api_flattened_consensus,3,"{'Football_KeyNumberGuard_v1': {'context_flags': {'key_number_risk': False, 'key_numbers': [3, 7, 10]}, 'home_line_proj': 0.0, 'model_name': 'Football_KeyNumberGuard_v1', 'parlay_edge_score': 0, 'spread_distance': 0.0, 'spread_edge': 0.0, 'spread_pick': '', 'total_distance': 0.0, 'total_edge': 0.0, 'total_pick': '', 'total_projection': 47.5}, 'Football_LineMovement_v1': {'context_flags': {'movement_available': False}, 'home_line_proj': 0.0, 'model_name': 'Football_LineMovement_v1', 'parlay_edge_score': 0, 'spread_distance': 0.0, 'spread_edge': 0.0, 'spread_pick': '', 'total_distance': 0.0, 'total_edge': 0.0, 'total_pick': '', 'total_projection': 47.5}, 'Football_MarketBlend_v1': {'context_flags': {'blend_inputs': ['Football_MarketConsensus_v1', 'Football_SpreadValue_v1', 'Football_TotalValue_v1', 'Football_LineMovement_v1', 'Football_KeyNumberGuard_v1'], 'key_number_risk': False}, 'home_line_proj': 0.25, 'model_name': 'Football_MarketBlend_v1', 'parlay_edge_score': 0.75, 'spread_distance': 0.25, 'spread_edge': -0.25, 'spread_pick': 'AWAY', 'total_distance': 0.5, 'total_edge': -0.5, 'total_pick': 'UNDER', 'total_projection': 47.0}, 'Football_MarketConsensus_v1': {'context_flags': {'book_count': 11, 'source': 'market_consensus'}, 'home_line_proj': 0.0, 'model_name': 'Football_MarketConsensus_v1', 'parlay_edge_score': 0, 'spread_distance': 0.0, 'spread_edge': 0.0, 'spread_pick': '', 'total_distance': 0.0, 'total_edge': 0.0, 'total_pick': '', 'total_projection': 47.5}, 'Football_SpreadValue_v1': {'context_flags': {'book_count': 11.0, 'value_shift': 0.75}, 'home_line_proj': 0.75, 'model_name': 'Football_SpreadValue_v1', 'parlay_edge_score': 0.75, 'spread_distance': 0.75, 'spread_edge': -0.75, 'spread_pick': 'AWAY', 'total_distance': 0.0, 'total_edge': 0.0, 'total_pick': '', 'total_projection': 47.5}, 'Football_TotalValue_v1': {'context_flags': {'book_count': 11.0, 'total_value_rule': 'low_total_over_high_total_under'}, 'home_line_proj': 0.0, 'model_name': 'Football_TotalValue_v1', 'parlay_edge_score': 1.0, 'spread_distance': 0.0, 'spread_edge': 0.0, 'spread_pick': '', 'total_distance': 1.0, 'total_edge': -1.0, 'total_pick': 'UNDER', 'total_projection': 46.5}}",-111.5,-111.5,-108.0,-108.0,60,df7e32f3c6cfaaa66de560906faabe32,2025-10-05T15:55:38Z,odds_api_flattened,0.0,0.0,STATUS_FINAL,post,47.5,MetLife Stadium
nfl_401772851,2025-10-05,Indianapolis Colts,Las Vegas Raiders,-7.0,7.0,47.5,47.0,,-0.25,-0.5,0.75,LOW,Football_MarketBlend_v1,Football_MarketBlend_v1,"{'blend_inputs': ['Football_MarketConsensus_v1', 'Football_SpreadValue_v1', 'Football_TotalValue_v1', 'Football_LineMovement_v1', 'Football_KeyNumberGuard_v1'], 'key_number_risk': True, 'spread_veto': 'key_number_guard'}","Game: Las Vegas Raiders @ Indianapolis Colts
Authority: Football_MarketBlend_v1
Market: Spread -7.0, Total 47.5
Projection: Margin -6.75, Total 47.0
Spread Pick:  (edge -0.25)
Total Pick: UNDER (edge -0.5)",-6.75,,,,UNDER,ACTIVE,,"{'spread': None, 'total': None}",FOOTBALL_MARKET_BLEND,6,6,LV,11,FOOTBALL_MARKET_BLEND,2025-10-05T17:01:00Z,1,Football market blend edge clears threshold,11,False,,true,true,true,true,40,40,IND,nfl,odds_api_flattened_consensus,3,"{'Football_KeyNumberGuard_v1': {'context_flags': {'key_number_risk': True, 'key_numbers': [3, 7, 10]}, 'home_line_proj': -7.0, 'model_name': 'Football_KeyNumberGuard_v1', 'parlay_edge_score': 0, 'spread_distance': 0.0, 'spread_edge': 0.0, 'spread_pick': '', 'total_distance': 0.0, 'total_edge': 0.0, 'total_pick': '', 'total_projection': 47.5}, 'Football_LineMovement_v1': {'context_flags': {'movement_available': False}, 'home_line_proj': -7.0, 'model_name': 'Football_LineMovement_v1', 'parlay_edge_score': 0, 'spread_distance': 0.0, 'spread_edge': 0.0, 'spread_pick': '', 'total_distance': 0.0, 'total_edge': 0.0, 'total_pick': '', 'total_projection': 47.5}, 'Football_MarketBlend_v1': {'context_flags': {'blend_inputs': ['Football_MarketConsensus_v1', 'Football_SpreadValue_v1', 'Football_TotalValue_v1', 'Football_LineMovement_v1', 'Football_KeyNumberGuard_v1'], 'key_number_risk': True, 'spread_veto': 'key_number_guard'}, 'home_line_proj': -6.75, 'model_name': 'Football_MarketBlend_v1', 'parlay_edge_score': 0.75, 'spread_distance': 0.25, 'spread_edge': -0.25, 'spread_pick': '', 'total_distance': 0.5, 'total_edge': -0.5, 'total_pick': 'UNDER', 'total_projection': 47.0}, 'Football_MarketConsensus_v1': {'context_flags': {'book_count': 11, 'source': 'market_consensus'}, 'home_line_proj': -7.0, 'model_name': 'Football_MarketConsensus_v1', 'parlay_edge_score': 0, 'spread_distance': 0.0, 'spread_edge': 0.0, 'spread_pick': '', 'total_distance': 0.0, 'total_edge': 0.0, 'total_pick': '', 'total_projection': 47.5}, 'Football_SpreadValue_v1': {'context_flags': {'book_count': 11.0, 'value_shift': 0.75}, 'home_line_proj': -6.25, 'model_name': 'Football_SpreadValue_v1', 'parlay_edge_score': 0.75, 'spread_distance': 0.75, 'spread_edge': -0.75, 'spread_pick': 'AWAY', 'total_distance': 0.0, 'total_edge': 0.0, 'total_pick': '', 'total_projection': 47.5}, 'Football_TotalValue_v1': {'context_flags': {'book_count': 11.0, 'total_value_rule': 'low_total_over_high_total_under'}, 'home_line_proj': -7.0, 'model_name': 'Football_TotalValue_v1', 'parlay_edge_score': 1.0, 'spread_distance': 0.0, 'spread_edge': 0.0, 'spread_pick': '', 'total_distance': 1.0, 'total_edge': -1.0, 'total_pick': 'UNDER', 'total_projection': 46.5}}",289.0,289.0,-360.0,-360.0,66,1e3d3526039030b96471845ade5992cf,2025-10-05T15:55:38Z,odds_api_flattened,7.0,-7.0,STATUS_FINAL,post,47.5,Lucas Oil Stadium
nfl_401772852,2025-10-05,Carolina Panthers,Miami Dolphins,1.0,-1.0,44.0,44.5,HOME,0.25,0.5,0.75,LOW,Football_MarketBlend_v1,Football_MarketBlend_v1,"{'blend_inputs': ['Football_MarketConsensus_v1', 'Football_SpreadValue_v1', 'Football_TotalValue_v1', 'Football_LineMovement_v1', 'Football_KeyNumberGuard_v1'], 'key_number_risk': False}","Game: Miami Dolphins @ Carolina Panthers
Authority: Football_MarketBlend_v1
Market: Spread 1.0, Total 44.0
Projection: Margin 0.75, Total 44.5
Spread Pick: HOME (edge 0.25)
Total Pick: OVER (edge 0.5)",0.75,,,,OVER,ACTIVE,,"{'spread': None, 'total': None}",FOOTBALL_MARKET_BLEND,24,24,MIA,11,FOOTBALL_MARKET_BLEND,2025-10-05T17:01:00Z,1,Football market blend edge clears threshold,11,False,,true,true,true,true,27,27,CAR,nfl,odds_api_flattened_consensus,3,"{'Football_KeyNumberGuard_v1': {'context_flags': {'key_number_risk': False, 'key_numbers': [3, 7, 10]}, 'home_line_proj': 1.0, 'model_name': 'Football_KeyNumberGuard_v1', 'parlay_edge_score': 0, 'spread_distance': 0.0, 'spread_edge': 0.0, 'spread_pick': '', 'total_distance': 0.0, 'total_edge': 0.0, 'total_pick': '', 'total_projection': 44.0}, 'Football_LineMovement_v1': {'context_flags': {'movement_available': False}, 'home_line_proj': 1.0, 'model_name': 'Football_LineMovement_v1', 'parlay_edge_score': 0, 'spread_distance': 0.0, 'spread_edge': 0.0, 'spread_pick': '', 'total_distance': 0.0, 'total_edge': 0.0, 'total_pick': '', 'total_projection': 44.0}, 'Football_MarketBlend_v1': {'context_flags': {'blend_inputs': ['Football_MarketConsensus_v1', 'Football_SpreadValue_v1', 'Football_TotalValue_v1', 'Football_LineMovement_v1', 'Football_KeyNumberGuard_v1'], 'key_number_risk': False}, 'home_line_proj': 0.75, 'model_name': 'Football_MarketBlend_v1', 'parlay_edge_score': 0.75, 'spread_distance': 0.25, 'spread_edge': 0.25, 'spread_pick': 'HOME', 'total_distance': 0.5, 'total_edge': 0.5, 'total_pick': 'OVER', 'total_projection': 44.5}, 'Football_MarketConsensus_v1': {'context_flags': {'book_count': 11, 'source': 'market_consensus'}, 'home_line_proj': 1.0, 'model_name': 'Football_MarketConsensus_v1', 'parlay_edge_score': 0, 'spread_distance': 0.0, 'spread_edge': 0.0, 'spread_pick': '', 'total_distance': 0.0, 'total_edge': 0.0, 'total_pick': '', 'total_projection': 44.0}, 'Football_SpreadValue_v1': {'context_flags': {'book_count': 11.0, 'value_shift': -0.75}, 'home_line_proj': 0.25, 'model_name': 'Football_SpreadValue_v1', 'parlay_edge_score': 0.75, 'spread_distance': 0.75, 'spread_edge': 0.75, 'spread_pick': 'HOME', 'total_distance': 0.0, 'total_edge': 0.0, 'total_pick': '', 'total_projection': 44.0}, 'Football_TotalValue_v1': {'context_flags': {'book_count': 11.0, 'total_value_rule': 'low_total_over_high_total_under'}, 'home_line_proj': 1.0, 'model_name': 'Football_TotalValue_v1', 'parlay_edge_score': 1.0, 'spread_distance': 0.0, 'spread_edge': 0.0, 'spread_pick': '', 'total_distance': 1.0, 'total_edge': 1.0, 'total_pick': 'OVER', 'total_projection': 45.0}}",-120.0,-120.0,100.0,100.0,66,ff8222149317a63ffe50fcda777d14c0,2025-10-05T15:55:38Z,odds_api_flattened,-1.0,1.0,STATUS_FINAL,post,44.0,Bank of America Stadium
nfl_401772853,2025-10-05,Los Angeles Chargers,Washington Commanders,-3.0,3.0,47.5,47.0,,-0.25,-0.5,0.75,LOW,Football_MarketBlend_v1,Football_MarketBlend_v1,"{'blend_inputs': ['Football_MarketConsensus_v1', 'Football_SpreadValue_v1', 'Football_TotalValue_v1', 'Football_LineMovement_v1', 'Football_KeyNumberGuard_v1'], 'key_number_risk': True, 'spread_veto': 'key_number_guard'}","Game: Washington Commanders @ Los Angeles Chargers
Authority: Football_MarketBlend_v1
Market: Spread -3.0, Total 47.5
Projection: Margin -2.75, Total 47.0
Spread Pick:  (edge -0.25)
Total Pick: UNDER (edge -0.5)",-2.75,,,,UNDER,ACTIVE,,"{'spread': None, 'total': None}",FOOTBALL_MARKET_BLEND,27,27,WAS,11,FOOTBALL_MARKET_BLEND,2025-10-05T20:26:00Z,1,Football market blend edge clears threshold,11,False,,true,true,true,true,10,10,LAC,nfl,odds_api_flattened_consensus,3,"{'Football_KeyNumberGuard_v1': {'context_flags': {'key_number_risk': True, 'key_numbers': [3, 7, 10]}, 'home_line_proj': -3.0, 'model_name': 'Football_KeyNumberGuard_v1', 'parlay_edge_score': 0, 'spread_distance': 0.0, 'spread_edge': 0.0, 'spread_pick': '', 'total_distance': 0.0, 'total_edge': 0.0, 'total_pick': '', 'total_projection': 47.5}, 'Football_LineMovement_v1': {'context_flags': {'movement_available': False}, 'home_line_proj': -3.0, 'model_name': 'Football_LineMovement_v1', 'parlay_edge_score': 0, 'spread_distance': 0.0, 'spread_edge': 0.0, 'spread_pick': '', 'total_distance': 0.0, 'total_edge': 0.0, 'total_pick': '', 'total_projection': 47.5}, 'Football_MarketBlend_v1': {'context_flags': {'blend_inputs': ['Football_MarketConsensus_v1', 'Football_SpreadValue_v1', 'Football_TotalValue_v1', 'Football_LineMovement_v1', 'Football_KeyNumberGuard_v1'], 'key_number_risk': True, 'spread_veto': 'key_number_guard'}, 'home_line_proj': -2.75, 'model_name': 'Football_MarketBlend_v1', 'parlay_edge_score': 0.75, 'spread_distance': 0.25, 'spread_edge': -0.25, 'spread_pick': '', 'total_distance': 0.5, 'total_edge': -0.5, 'total_pick': 'UNDER', 'total_projection': 47.0}, 'Football_MarketConsensus_v1': {'context_flags': {'book_count': 11, 'source': 'market_consensus'}, 'home_line_proj': -3.0, 'model_name': 'Football_MarketConsensus_v1', 'parlay_edge_score': 0, 'spread_distance': 0.0, 'spread_edge': 0.0, 'spread_pick': '', 'total_distance': 0.0, 'total_edge': 0.0, 'total_pick': '', 'total_projection': 47.5}, 'Football_SpreadValue_v1': {'context_flags': {'book_count': 11.0, 'value_shift': 0.75}, 'home_line_proj': -2.25, 'model_name': 'Football_SpreadValue_v1', 'parlay_edge_score': 0.75, 'spread_distance': 0.75, 'spread_edge': -0.75, 'spread_pick': 'AWAY', 'total_distance': 0.0, 'total_edge': 0.0, 'total_pick': '', 'total_projection': 47.5}, 'Football_TotalValue_v1': {'context_flags': {'book_count': 11.0, 'total_value_rule': 'low_total_over_high_total_under'}, 'home_line_proj': -3.0, 'model_name': 'Football_TotalValue_v1', 'parlay_edge_score': 1.0, 'spread_distance': 0.0, 'spread_edge': 0.0, 'spread_pick': '', 'total_distance': 1.0, 'total_edge': -1.0, 'total_pick': 'UNDER', 'total_projection': 46.5}}",134.0,134.0,-155.0,-155.0,66,79c4e9f40e2647dc2a7b377cf61c48cd,2025-10-05T15:55:38Z,odds_api_flattened,3.0,-3.0,STATUS_FINAL,post,47.5,SoFi Stadium
nfl_401772854,2025-10-05,Cincinnati Bengals,Detroit Lions,10.0,-10.0,49.5,49.0,,0.25,-0.5,0.75,LOW,Football_MarketBlend_v1,Football_MarketBlend_v1,"{'blend_inputs': ['Football_MarketConsensus_v1', 'Football_SpreadValue_v1', 'Football_TotalValue_v1', 'Football_LineMovement_v1', 'Football_KeyNumberGuard_v1'], 'key_number_risk': True, 'spread_veto': 'key_number_guard'}","Game: Detroit Lions @ Cincinnati Bengals
Authority: Football_MarketBlend_v1
Market: Spread 10.0, Total 49.5
Projection: Margin 9.75, Total 49.0
Spread Pick:  (edge 0.25)
Total Pick: UNDER (edge -0.5)",9.75,,,,UNDER,ACTIVE,,"{'spread': None, 'total': None}",FOOTBALL_MARKET_BLEND,37,37,DET,11,FOOTBALL_MARKET_BLEND,2025-10-05T20:26:00Z,1,Football market blend edge clears threshold,11,False,,true,true,true,true,24,24,CIN,nfl,odds_api_flattened_consensus,3,"{'Football_KeyNumberGuard_v1': {'context_flags': {'key_number_risk': True, 'key_numbers': [3, 7, 10]}, 'home_line_proj': 10.0, 'model_name': 'Football_KeyNumberGuard_v1', 'parlay_edge_score': 0, 'spread_distance': 0.0, 'spread_edge': 0.0, 'spread_pick': '', 'total_distance': 0.0, 'total_edge': 0.0, 'total_pick': '', 'total_projection': 49.5}, 'Football_LineMovement_v1': {'context_flags': {'movement_available': False}, 'home_line_proj': 10.0, 'model_name': 'Football_LineMovement_v1', 'parlay_edge_score': 0, 'spread_distance': 0.0, 'spread_edge': 0.0, 'spread_pick': '', 'total_distance': 0.0, 'total_edge': 0.0, 'total_pick': '', 'total_projection': 49.5}, 'Football_MarketBlend_v1': {'context_flags': {'blend_inputs': ['Football_MarketConsensus_v1', 'Football_SpreadValue_v1', 'Football_TotalValue_v1', 'Football_LineMovement_v1', 'Football_KeyNumberGuard_v1'], 'key_number_risk': True, 'spread_veto': 'key_number_guard'}, 'home_line_proj': 9.75, 'model_name': 'Football_MarketBlend_v1', 'parlay_edge_score': 0.75, 'spread_distance': 0.25, 'spread_edge': 0.25, 'spread_pick': '', 'total_distance': 0.5, 'total_edge': -0.5, 'total_pick': 'UNDER', 'total_projection': 49.0}, 'Football_MarketConsensus_v1': {'context_flags': {'book_count': 11, 'source': 'market_consensus'}, 'home_line_proj': 10.0, 'model_name': 'Football_MarketConsensus_v1', 'parlay_edge_score': 0, 'spread_distance': 0.0, 'spread_edge': 0.0, 'spread_pick': '', 'total_distance': 0.0, 'total_edge': 0.0, 'total_pick': '', 'total_projection': 49.5}, 'Football_SpreadValue_v1': {'context_flags': {'book_count': 11.0, 'value_shift': -0.75}, 'home_line_proj': 9.25, 'model_name': 'Football_SpreadValue_v1', 'parlay_edge_score': 0.75, 'spread_distance': 0.75, 'spread_edge': 0.75, 'spread_pick': 'HOME', 'total_distance': 0.0, 'total_edge': 0.0, 'total_pick': '', 'total_projection': 49.5}, 'Football_TotalValue_v1': {'context_flags': {'book_count': 11.0, 'total_value_rule': 'low_total_over_high_total_under'}, 'home_line_proj': 10.0, 'model_name': 'Football_TotalValue_v1', 'parlay_edge_score': 1.0, 'spread_distance': 0.0, 'spread_edge': 0.0, 'spread_pick': '', 'total_distance': 1.0, 'total_edge': -1.0, 'total_pick': 'UNDER', 'total_projection': 48.5}}",-600.0,-600.0,430.0,430.0,66,e9de9c4390a28a90f437760050b23531,2025-10-05T15:55:38Z,odds_api_flattened,-10.0,10.0,STATUS_FINAL,post,49.5,Paycor Stadium
nfl_401772922,2025-10-06,Buffalo Bills,New England Patriots,-8.0,8.0,49.0,48.5,AWAY,-0.25,-0.5,0.75,LOW,Football_MarketBlend_v1,Football_MarketBlend_v1,"{'blend_inputs': ['Football_MarketConsensus_v1', 'Football_SpreadValue_v1', 'Football_TotalValue_v1', 'Football_LineMovement_v1', 'Football_KeyNumberGuard_v1'], 'key_number_risk': False}","Game: New England Patriots @ Buffalo Bills
Authority: Football_MarketBlend_v1
Market: Spread -8.0, Total 49.0
Projection: Margin -7.75, Total 48.5
Spread Pick: AWAY (edge -0.25)
Total Pick: UNDER (edge -0.5)",-7.75,,,,UNDER,ACTIVE,,"{'spread': None, 'total': None}",FOOTBALL_MARKET_BLEND,23,23,NE,11,FOOTBALL_MARKET_BLEND,2025-10-06T00:21:00Z,1,Football market blend edge clears threshold,11,False,,true,true,true,true,20,20,BUF,nfl,odds_api_flattened_consensus,3,"{'Football_KeyNumberGuard_v1': {'context_flags': {'key_number_risk': False, 'key_numbers': [3, 7, 10]}, 'home_line_proj': -8.0, 'model_name': 'Football_KeyNumberGuard_v1', 'parlay_edge_score': 0, 'spread_distance': 0.0, 'spread_edge': 0.0, 'spread_pick': '', 'total_distance': 0.0, 'total_edge': 0.0, 'total_pick': '', 'total_projection': 49.0}, 'Football_LineMovement_v1': {'context_flags': {'movement_available': False}, 'home_line_proj': -8.0, 'model_name': 'Football_LineMovement_v1', 'parlay_edge_score': 0, 'spread_distance': 0.0, 'spread_edge': 0.0, 'spread_pick': '', 'total_distance': 0.0, 'total_edge': 0.0, 'total_pick': '', 'total_projection': 49.0}, 'Football_MarketBlend_v1': {'context_flags': {'blend_inputs': ['Football_MarketConsensus_v1', 'Football_SpreadValue_v1', 'Football_TotalValue_v1', 'Football_LineMovement_v1', 'Football_KeyNumberGuard_v1'], 'key_number_risk': False}, 'home_line_proj': -7.75, 'model_name': 'Football_MarketBlend_v1', 'parlay_edge_score': 0.75, 'spread_distance': 0.25, 'spread_edge': -0.25, 'spread_pick': 'AWAY', 'total_distance': 0.5, 'total_edge': -0.5, 'total_pick': 'UNDER', 'total_projection': 48.5}, 'Football_MarketConsensus_v1': {'context_flags': {'book_count': 11, 'source': 'market_consensus'}, 'home_line_proj': -8.0, 'model_name': 'Football_MarketConsensus_v1', 'parlay_edge_score': 0, 'spread_distance': 0.0, 'spread_edge': 0.0, 'spread_pick': '', 'total_distance': 0.0, 'total_edge': 0.0, 'total_pick': '', 'total_projection': 49.0}, 'Football_SpreadValue_v1': {'context_flags': {'book_count': 11.0, 'value_shift': 0.75}, 'home_line_proj': -7.25, 'model_name': 'Football_SpreadValue_v1', 'parlay_edge_score': 0.75, 'spread_distance': 0.75, 'spread_edge': -0.75, 'spread_pick': 'AWAY', 'total_distance': 0.0, 'total_edge': 0.0, 'total_pick': '', 'total_projection': 49.0}, 'Football_TotalValue_v1': {'context_flags': {'book_count': 11.0, 'total_value_rule': 'low_total_over_high_total_under'}, 'home_line_proj': -8.0, 'model_name': 'Football_TotalValue_v1', 'parlay_edge_score': 1.0, 'spread_distance': 0.0, 'spread_edge': 0.0, 'spread_pick': '', 'total_distance': 1.0, 'total_edge': -1.0, 'total_pick': 'UNDER', 'total_projection': 48.0}}",350.0,350.0,-450.0,-450.0,66,ba826e757d625a676452b8d3d6971bb0,2025-10-05T15:55:38Z,odds_api_flattened,8.0,-8.0,STATUS_FINAL,post,49.0,Highmark Stadium (Old)
nfl_401772814,2025-10-07,Jacksonville Jaguars,Kansas City Chiefs,3.5,-3.5,45.5,45.0,,0.25,-0.5,0.75,LOW,Football_MarketBlend_v1,Football_MarketBlend_v1,"{'blend_inputs': ['Football_MarketConsensus_v1', 'Football_SpreadValue_v1', 'Football_TotalValue_v1', 'Football_LineMovement_v1', 'Football_KeyNumberGuard_v1'], 'key_number_risk': True, 'spread_veto': 'key_number_guard'}","Game: Kansas City Chiefs @ Jacksonville Jaguars
Authority: Football_MarketBlend_v1
Market: Spread 3.5, Total 45.5
Projection: Margin 3.25, Total 45.0
Spread Pick:  (edge 0.25)
Total Pick: UNDER (edge -0.5)",3.25,,,,UNDER,ACTIVE,,"{'spread': None, 'total': None}",FOOTBALL_MARKET_BLEND,28,28,KC,11,FOOTBALL_MARKET_BLEND,2025-10-07T00:16:00Z,1,Football market blend edge clears threshold,11,False,,true,true,true,true,31,31,JAX,nfl,odds_api_flattened_consensus,3,"{'Football_KeyNumberGuard_v1': {'context_flags': {'key_number_risk': True, 'key_numbers': [3, 7, 10]}, 'home_line_proj': 3.5, 'model_name': 'Football_KeyNumberGuard_v1', 'parlay_edge_score': 0, 'spread_distance': 0.0, 'spread_edge': 0.0, 'spread_pick': '', 'total_distance': 0.0, 'total_edge': 0.0, 'total_pick': '', 'total_projection': 45.5}, 'Football_LineMovement_v1': {'context_flags': {'movement_available': False}, 'home_line_proj': 3.5, 'model_name': 'Football_LineMovement_v1', 'parlay_edge_score': 0, 'spread_distance': 0.0, 'spread_edge': 0.0, 'spread_pick': '', 'total_distance': 0.0, 'total_edge': 0.0, 'total_pick': '', 'total_projection': 45.5}, 'Football_MarketBlend_v1': {'context_flags': {'blend_inputs': ['Football_MarketConsensus_v1', 'Football_SpreadValue_v1', 'Football_TotalValue_v1', 'Football_LineMovement_v1', 'Football_KeyNumberGuard_v1'], 'key_number_risk': True, 'spread_veto': 'key_number_guard'}, 'home_line_proj': 3.25, 'model_name': 'Football_MarketBlend_v1', 'parlay_edge_score': 0.75, 'spread_distance': 0.25, 'spread_edge': 0.25, 'spread_pick': '', 'total_distance': 0.5, 'total_edge': -0.5, 'total_pick': 'UNDER', 'total_projection': 45.0}, 'Football_MarketConsensus_v1': {'context_flags': {'book_count': 11, 'source': 'market_consensus'}, 'home_line_proj': 3.5, 'model_name': 'Football_MarketConsensus_v1', 'parlay_edge_score': 0, 'spread_distance': 0.0, 'spread_edge': 0.0, 'spread_pick': '', 'total_distance': 0.0, 'total_edge': 0.0, 'total_pick': '', 'total_projection': 45.5}, 'Football_SpreadValue_v1': {'context_flags': {'book_count': 11.0, 'value_shift': -0.75}, 'home_line_proj': 2.75, 'model_name': 'Football_SpreadValue_v1', 'parlay_edge_score': 0.75, 'spread_distance': 0.75, 'spread_edge': 0.75, 'spread_pick': 'HOME', 'total_distance': 0.0, 'total_edge': 0.0, 'total_pick': '', 'total_projection': 45.5}, 'Football_TotalValue_v1': {'context_flags': {'book_count': 11.0, 'total_value_rule': 'low_total_over_high_total_under'}, 'home_line_proj': 3.5, 'model_name': 'Football_TotalValue_v1', 'parlay_edge_score': 1.0, 'spread_distance': 0.0, 'spread_edge': 0.0, 'spread_pick': '', 'total_distance': 1.0, 'total_edge': -1.0, 'total_pick': 'UNDER', 'total_projection': 44.5}}",-200.0,-200.0,165.0,165.0,66,1910db6879dddf37e4f86f0bcf1c9547,2025-10-06T15:55:39Z,odds_api_flattened,-3.5,3.5,STATUS_FINAL,post,45.5,EverBank Stadium
nfl_401772940,2025-10-10,New York Giants,Philadelphia Eagles,7.5,-7.5,40.5,41.0,,0.25,0.5,0.75,LOW,Football_MarketBlend_v1,Football_MarketBlend_v1,"{'blend_inputs': ['Football_MarketConsensus_v1', 'Football_SpreadValue_v1', 'Football_TotalValue_v1', 'Football_LineMovement_v1', 'Football_KeyNumberGuard_v1'], 'key_number_risk': True, 'spread_veto': 'key_number_guard'}","Game: Philadelphia Eagles @ New York Giants
Authority: Football_MarketBlend_v1
Market: Spread 7.5, Total 40.5
Projection: Margin 7.25, Total 41.0
Spread Pick:  (edge 0.25)
Total Pick: OVER (edge 0.5)",7.25,,,,OVER,ACTIVE,,"{'spread': None, 'total': None}",FOOTBALL_MARKET_BLEND,17,17,PHI,11,FOOTBALL_MARKET_BLEND,2025-10-10T00:15:00Z,1,Football market blend edge clears threshold,11,False,,true,true,true,true,34,34,NYG,nfl,odds_api_flattened_consensus,3,"{'Football_KeyNumberGuard_v1': {'context_flags': {'key_number_risk': True, 'key_numbers': [3, 7, 10]}, 'home_line_proj': 7.5, 'model_name': 'Football_KeyNumberGuard_v1', 'parlay_edge_score': 0, 'spread_distance': 0.0, 'spread_edge': 0.0, 'spread_pick': '', 'total_distance': 0.0, 'total_edge': 0.0, 'total_pick': '', 'total_projection': 40.5}, 'Football_LineMovement_v1': {'context_flags': {'movement_available': False}, 'home_line_proj': 7.5, 'model_name': 'Football_LineMovement_v1', 'parlay_edge_score': 0, 'spread_distance': 0.0, 'spread_edge': 0.0, 'spread_pick': '', 'total_distance': 0.0, 'total_edge': 0.0, 'total_pick': '', 'total_projection': 40.5}, 'Football_MarketBlend_v1': {'context_flags': {'blend_inputs': ['Football_MarketConsensus_v1', 'Football_SpreadValue_v1', 'Football_TotalValue_v1', 'Football_LineMovement_v1', 'Football_KeyNumberGuard_v1'], 'key_number_risk': True, 'spread_veto': 'key_number_guard'}, 'home_line_proj': 7.25, 'model_name': 'Football_MarketBlend_v1', 'parlay_edge_score': 0.75, 'spread_distance': 0.25, 'spread_edge': 0.25, 'spread_pick': '', 'total_distance': 0.5, 'total_edge': 0.5, 'total_pick': 'OVER', 'total_projection': 41.0}, 'Football_MarketConsensus_v1': {'context_flags': {'book_count': 11, 'source': 'market_consensus'}, 'home_line_proj': 7.5, 'model_name': 'Football_MarketConsensus_v1', 'parlay_edge_score': 0, 'spread_distance': 0.0, 'spread_edge': 0.0, 'spread_pick': '', 'total_distance': 0.0, 'total_edge': 0.0, 'total_pick': '', 'total_projection': 40.5}, 'Football_SpreadValue_v1': {'context_flags': {'book_count': 11.0, 'value_shift': -0.75}, 'home_line_proj': 6.75, 'model_name': 'Football_SpreadValue_v1', 'parlay_edge_score': 0.75, 'spread_distance': 0.75, 'spread_edge': 0.75, 'spread_pick': 'HOME', 'total_distance': 0.0, 'total_edge': 0.0, 'total_pick': '', 'total_projection': 40.5}, 'Football_TotalValue_v1': {'context_flags': {'book_count': 11.0, 'total_value_rule': 'low_total_over_high_total_under'}, 'home_line_proj': 7.5, 'model_name': 'Football_TotalValue_v1', 'parlay_edge_score': 1.0, 'spread_distance': 0.0, 'spread_edge': 0.0, 'spread_pick': '', 'total_distance': 1.0, 'total_edge': 1.0, 'total_pick': 'OVER', 'total_projection': 41.5}}",-422.5,-422.5,325.0,325.0,64,e10fe83ee6178a598e7fa84ea0913366,2025-10-09T15:55:39Z,odds_api_flattened,-7.5,7.5,STATUS_FINAL,post,40.5,MetLife Stadium
nfl_401772634,2025-10-12,New York Jets,Denver Broncos,2.5,-2.5,31.5,32.0,,0.25,0.5,0.75,LOW,Football_MarketBlend_v1,Football_MarketBlend_v1,"{'blend_inputs': ['Football_MarketConsensus_v1', 'Football_SpreadValue_v1', 'Football_TotalValue_v1', 'Football_LineMovement_v1', 'Football_KeyNumberGuard_v1'], 'key_number_risk': True, 'spread_veto': 'key_number_guard'}","Game: Denver Broncos @ New York Jets
Authority: Football_MarketBlend_v1
Market: Spread 2.5, Total 31.5
Projection: Margin 2.25, Total 32.0
Spread Pick:  (edge 0.25)
Total Pick: OVER (edge 0.5)",2.25,,,,OVER,ACTIVE,,"{'spread': None, 'total': None}",FOOTBALL_MARKET_BLEND,13,13,DEN,11,FOOTBALL_MARKET_BLEND,2025-10-12T13:32:26Z,1,Football market blend edge clears threshold,11,False,,true,true,true,true,11,11,NYJ,nfl,odds_api_flattened_consensus,3,"{'Football_KeyNumberGuard_v1': {'context_flags': {'key_number_risk': True, 'key_numbers': [3, 7, 10]}, 'home_line_proj': 2.5, 'model_name': 'Football_KeyNumberGuard_v1', 'parlay_edge_score': 0, 'spread_distance': 0.0, 'spread_edge': 0.0, 'spread_pick': '', 'total_distance': 0.0, 'total_edge': 0.0, 'total_pick': '', 'total_projection': 31.5}, 'Football_LineMovement_v1': {'context_flags': {'movement_available': False}, 'home_line_proj': 2.5, 'model_name': 'Football_LineMovement_v1', 'parlay_edge_score': 0, 'spread_distance': 0.0, 'spread_edge': 0.0, 'spread_pick': '', 'total_distance': 0.0, 'total_edge': 0.0, 'total_pick': '', 'total_projection': 31.5}, 'Football_MarketBlend_v1': {'context_flags': {'blend_inputs': ['Football_MarketConsensus_v1', 'Football_SpreadValue_v1', 'Football_TotalValue_v1', 'Football_LineMovement_v1', 'Football_KeyNumberGuard_v1'], 'key_number_risk': True, 'spread_veto': 'key_number_guard'}, 'home_line_proj': 2.25, 'model_name': 'Football_MarketBlend_v1', 'parlay_edge_score': 0.75, 'spread_distance': 0.25, 'spread_edge': 0.25, 'spread_pick': '', 'total_distance': 0.5, 'total_edge': 0.5, 'total_pick': 'OVER', 'total_projection': 32.0}, 'Football_MarketConsensus_v1': {'context_flags': {'book_count': 11, 'source': 'market_consensus'}, 'home_line_proj': 2.5, 'model_name': 'Football_MarketConsensus_v1', 'parlay_edge_score': 0, 'spread_distance': 0.0, 'spread_edge': 0.0, 'spread_pick': '', 'total_distance': 0.0, 'total_edge': 0.0, 'total_pick': '', 'total_projection': 31.5}, 'Football_SpreadValue_v1': {'context_flags': {'book_count': 11.0, 'value_shift': -0.75}, 'home_line_proj': 1.75, 'model_name': 'Football_SpreadValue_v1', 'parlay_edge_score': 0.75, 'spread_distance': 0.75, 'spread_edge': 0.75, 'spread_pick': 'HOME', 'total_distance': 0.0, 'total_edge': 0.0, 'total_pick': '', 'total_projection': 31.5}, 'Football_TotalValue_v1': {'context_flags': {'book_count': 11.0, 'total_value_rule': 'low_total_over_high_total_under'}, 'home_line_proj': 2.5, 'model_name': 'Football_TotalValue_v1', 'parlay_edge_score': 1.0, 'spread_distance': 0.0, 'spread_edge': 0.0, 'spread_pick': '', 'total_distance': 1.0, 'total_edge': 1.0, 'total_pick': 'OVER', 'total_projection': 32.5}}",-235.0,-235.0,175.0,175.0,66,e34812ee7fbf13bd75e4298bccfbdd10,2025-10-12T15:55:38Z,odds_api_flattened,-2.5,2.5,STATUS_FINAL,post,31.5,Tottenham Hotspur Stadium
nfl_401772748,2025-10-12,Pittsburgh Steelers,Cleveland Browns,-6.0,6.0,38.0,38.5,AWAY,-0.25,0.5,0.75,LOW,Football_MarketBlend_v1,Football_MarketBlend_v1,"{'blend_inputs': ['Football_MarketConsensus_v1', 'Football_SpreadValue_v1', 'Football_TotalValue_v1', 'Football_LineMovement_v1', 'Football_KeyNumberGuard_v1'], 'key_number_risk': False}","Game: Cleveland Browns @ Pittsburgh Steelers
Authority: Football_MarketBlend_v1
Market: Spread -6.0, Total 38.0
Projection: Margin -5.75, Total 38.5
Spread Pick: AWAY (edge -0.25)
Total Pick: OVER (edge 0.5)",-5.75,,,,OVER,ACTIVE,,"{'spread': None, 'total': None}",FOOTBALL_MARKET_BLEND,9,9,CLE,11,FOOTBALL_MARKET_BLEND,2025-10-12T17:01:00Z,1,Football market blend edge clears threshold,11,False,,true,true,true,true,23,23,PIT,nfl,odds_api_flattened_consensus,3,"{'Football_KeyNumberGuard_v1': {'context_flags': {'key_number_risk': False, 'key_numbers': [3, 7, 10]}, 'home_line_proj': -6.0, 'model_name': 'Football_KeyNumberGuard_v1', 'parlay_edge_score': 0, 'spread_distance': 0.0, 'spread_edge': 0.0, 'spread_pick': '', 'total_distance': 0.0, 'total_edge': 0.0, 'total_pick': '', 'total_projection': 38.0}, 'Football_LineMovement_v1': {'context_flags': {'movement_available': False}, 'home_line_proj': -6.0, 'model_name': 'Football_LineMovement_v1', 'parlay_edge_score': 0, 'spread_distance': 0.0, 'spread_edge': 0.0, 'spread_pick': '', 'total_distance': 0.0, 'total_edge': 0.0, 'total_pick': '', 'total_projection': 38.0}, 'Football_MarketBlend_v1': {'context_flags': {'blend_inputs': ['Football_MarketConsensus_v1', 'Football_SpreadValue_v1', 'Football_TotalValue_v1', 'Football_LineMovement_v1', 'Football_KeyNumberGuard_v1'], 'key_number_risk': False}, 'home_line_proj': -5.75, 'model_name': 'Football_MarketBlend_v1', 'parlay_edge_score': 0.75, 'spread_distance': 0.25, 'spread_edge': -0.25, 'spread_pick': 'AWAY', 'total_distance': 0.5, 'total_edge': 0.5, 'total_pick': 'OVER', 'total_projection': 38.5}, 'Football_MarketConsensus_v1': {'context_flags': {'book_count': 11, 'source': 'market_consensus'}, 'home_line_proj': -6.0, 'model_name': 'Football_MarketConsensus_v1', 'parlay_edge_score': 0, 'spread_distance': 0.0, 'spread_edge': 0.0, 'spread_pick': '', 'total_distance': 0.0, 'total_edge': 0.0, 'total_pick': '', 'total_projection': 38.0}, 'Football_SpreadValue_v1': {'context_flags': {'book_count': 11.0, 'value_shift': 0.75}, 'home_line_proj': -5.25, 'model_name': 'Football_SpreadValue_v1', 'parlay_edge_score': 0.75, 'spread_distance': 0.75, 'spread_edge': -0.75, 'spread_pick': 'AWAY', 'total_distance': 0.0, 'total_edge': 0.0, 'total_pick': '', 'total_projection': 38.0}, 'Football_TotalValue_v1': {'context_flags': {'book_count': 11.0, 'total_value_rule': 'low_total_over_high_total_under'}, 'home_line_proj': -6.0, 'model_name': 'Football_TotalValue_v1', 'parlay_edge_score': 1.0, 'spread_distance': 0.0, 'spread_edge': 0.0, 'spread_pick': '', 'total_distance': 1.0, 'total_edge': 1.0, 'total_pick': 'OVER', 'total_projection': 39.0}}",240.0,240.0,-295.0,-295.0,66,a11bbccb332241029ebaeb519b93b776,2025-10-12T15:55:38Z,odds_api_flattened,6.0,-6.0,STATUS_FINAL,post,38.0,Acrisure Stadium
nfl_401772749,2025-10-12,Tampa Bay Buccaneers,San Francisco 49ers,-3.5,3.5,47.0,46.5,,-0.25,-0.5,0.75,LOW,Football_MarketBlend_v1,Football_MarketBlend_v1,"{'blend_inputs': ['Football_MarketConsensus_v1', 'Football_SpreadValue_v1', 'Football_TotalValue_v1', 'Football_LineMovement_v1', 'Football_KeyNumberGuard_v1'], 'key_number_risk': True, 'spread_veto': 'key_number_guard'}","Game: San Francisco 49ers @ Tampa Bay Buccaneers
Authority: Football_MarketBlend_v1
Market: Spread -3.5, Total 47.0
Projection: Margin -3.25, Total 46.5
Spread Pick:  (edge -0.25)
Total Pick: UNDER (edge -0.5)",-3.25,,,,UNDER,ACTIVE,,"{'spread': None, 'total': None}",FOOTBALL_MARKET_BLEND,19,19,SF,11,FOOTBALL_MARKET_BLEND,2025-10-12T20:26:00Z,1,Football market blend edge clears threshold,11,False,,true,true,true,true,30,30,TB,nfl,odds_api_flattened_consensus,3,"{'Football_KeyNumberGuard_v1': {'context_flags': {'key_number_risk': True, 'key_numbers': [3, 7, 10]}, 'home_line_proj': -3.5, 'model_name': 'Football_KeyNumberGuard_v1', 'parlay_edge_score': 0, 'spread_distance': 0.0, 'spread_edge': 0.0, 'spread_pick': '', 'total_distance': 0.0, 'total_edge': 0.0, 'total_pick': '', 'total_projection': 47.0}, 'Football_LineMovement_v1': {'context_flags': {'movement_available': False}, 'home_line_proj': -3.5, 'model_name': 'Football_LineMovement_v1', 'parlay_edge_score': 0, 'spread_distance': 0.0, 'spread_edge': 0.0, 'spread_pick': '', 'total_distance': 0.0, 'total_edge': 0.0, 'total_pick': '', 'total_projection': 47.0}, 'Football_MarketBlend_v1': {'context_flags': {'blend_inputs': ['Football_MarketConsensus_v1', 'Football_SpreadValue_v1', 'Football_TotalValue_v1', 'Football_LineMovement_v1', 'Football_KeyNumberGuard_v1'], 'key_number_risk': True, 'spread_veto': 'key_number_guard'}, 'home_line_proj': -3.25, 'model_name': 'Football_MarketBlend_v1', 'parlay_edge_score': 0.75, 'spread_distance': 0.25, 'spread_edge': -0.25, 'spread_pick': '', 'total_distance': 0.5, 'total_edge': -0.5, 'total_pick': 'UNDER', 'total_projection': 46.5}, 'Football_MarketConsensus_v1': {'context_flags': {'book_count': 11, 'source': 'market_consensus'}, 'home_line_proj': -3.5, 'model_name': 'Football_MarketConsensus_v1', 'parlay_edge_score': 0, 'spread_distance': 0.0, 'spread_edge': 0.0, 'spread_pick': '', 'total_distance': 0.0, 'total_edge': 0.0, 'total_pick': '', 'total_projection': 47.0}, 'Football_SpreadValue_v1': {'context_flags': {'book_count': 11.0, 'value_shift': 0.75}, 'home_line_proj': -2.75, 'model_name': 'Football_SpreadValue_v1', 'parlay_edge_score': 0.75, 'spread_distance': 0.75, 'spread_edge': -0.75, 'spread_pick': 'AWAY', 'total_distance': 0.0, 'total_edge': 0.0, 'total_pick': '', 'total_projection': 47.0}, 'Football_TotalValue_v1': {'context_flags': {'book_count': 11.0, 'total_value_rule': 'low_total_over_high_total_under'}, 'home_line_proj': -3.5, 'model_name': 'Football_TotalValue_v1', 'parlay_edge_score': 1.0, 'spread_distance': 0.0, 'spread_edge': 0.0, 'spread_pick': '', 'total_distance': 1.0, 'total_edge': -1.0, 'total_pick': 'UNDER', 'total_projection': 46.0}}",150.0,150.0,-183.0,-183.0,66,9e705d669039f2ca8364f408b7792a8a,2025-10-12T15:55:38Z,odds_api_flattened,3.5,-3.5,STATUS_FINAL,post,47.0,Raymond James Stadium
nfl_401772750,2025-10-12,Miami Dolphins,Los Angeles Chargers,3.5,-3.5,44.5,45.0,,0.25,0.5,0.75,LOW,Football_MarketBlend_v1,Football_MarketBlend_v1,"{'blend_inputs': ['Football_MarketConsensus_v1', 'Football_SpreadValue_v1', 'Football_TotalValue_v1', 'Football_LineMovement_v1', 'Football_KeyNumberGuard_v1'], 'key_number_risk': True, 'spread_veto': 'key_number_guard'}","Game: Los Angeles Chargers @ Miami Dolphins
Authority: Football_MarketBlend_v1
Market: Spread 3.5, Total 44.5
Projection: Margin 3.25, Total 45.0
Spread Pick:  (edge 0.25)
Total Pick: OVER (edge 0.5)",3.25,,,,OVER,ACTIVE,,"{'spread': None, 'total': None}",FOOTBALL_MARKET_BLEND,29,29,LAC,11,FOOTBALL_MARKET_BLEND,2025-10-12T17:01:00Z,1,Football market blend edge clears threshold,11,False,,true,true,true,true,27,27,MIA,nfl,odds_api_flattened_consensus,3,"{'Football_KeyNumberGuard_v1': {'context_flags': {'key_number_risk': True, 'key_numbers': [3, 7, 10]}, 'home_line_proj': 3.5, 'model_name': 'Football_KeyNumberGuard_v1', 'parlay_edge_score': 0, 'spread_distance': 0.0, 'spread_edge': 0.0, 'spread_pick': '', 'total_distance': 0.0, 'total_edge': 0.0, 'total_pick': '', 'total_projection': 44.5}, 'Football_LineMovement_v1': {'context_flags': {'movement_available': False}, 'home_line_proj': 3.5, 'model_name': 'Football_LineMovement_v1', 'parlay_edge_score': 0, 'spread_distance': 0.0, 'spread_edge': 0.0, 'spread_pick': '', 'total_distance': 0.0, 'total_edge': 0.0, 'total_pick': '', 'total_projection': 44.5}, 'Football_MarketBlend_v1': {'context_flags': {'blend_inputs': ['Football_MarketConsensus_v1', 'Football_SpreadValue_v1', 'Football_TotalValue_v1', 'Football_LineMovement_v1', 'Football_KeyNumberGuard_v1'], 'key_number_risk': True, 'spread_veto': 'key_number_guard'}, 'home_line_proj': 3.25, 'model_name': 'Football_MarketBlend_v1', 'parlay_edge_score': 0.75, 'spread_distance': 0.25, 'spread_edge': 0.25, 'spread_pick': '', 'total_distance': 0.5, 'total_edge': 0.5, 'total_pick': 'OVER', 'total_projection': 45.0}, 'Football_MarketConsensus_v1': {'context_flags': {'book_count': 11, 'source': 'market_consensus'}, 'home_line_proj': 3.5, 'model_name': 'Football_MarketConsensus_v1', 'parlay_edge_score': 0, 'spread_distance': 0.0, 'spread_edge': 0.0, 'spread_pick': '', 'total_distance': 0.0, 'total_edge': 0.0, 'total_pick': '', 'total_projection': 44.5}, 'Football_SpreadValue_v1': {'context_flags': {'book_count': 11.0, 'value_shift': -0.75}, 'home_line_proj': 2.75, 'model_name': 'Football_SpreadValue_v1', 'parlay_edge_score': 0.75, 'spread_distance': 0.75, 'spread_edge': 0.75, 'spread_pick': 'HOME', 'total_distance': 0.0, 'total_edge': 0.0, 'total_pick': '', 'total_projection': 44.5}, 'Football_TotalValue_v1': {'context_flags': {'book_count': 11.0, 'total_value_rule': 'low_total_over_high_total_under'}, 'home_line_proj': 3.5, 'model_name': 'Football_TotalValue_v1', 'parlay_edge_score': 1.0, 'spread_distance': 0.0, 'spread_edge': 0.0, 'spread_pick': '', 'total_distance': 1.0, 'total_edge': 1.0, 'total_pick': 'OVER', 'total_projection': 45.5}}",-200.0,-200.0,165.0,165.0,66,a7211a87bbd5fb2ee473eb9c93ee2e68,2025-10-12T15:55:38Z,odds_api_flattened,-3.5,3.5,STATUS_FINAL,post,44.5,Hard Rock Stadium
nfl_401772751,2025-10-12,New Orleans Saints,New England Patriots,3.5,-3.5,46.0,45.5,,0.25,-0.5,0.75,LOW,Football_MarketBlend_v1,Football_MarketBlend_v1,"{'blend_inputs': ['Football_MarketConsensus_v1', 'Football_SpreadValue_v1', 'Football_TotalValue_v1', 'Football_LineMovement_v1', 'Football_KeyNumberGuard_v1'], 'key_number_risk': True, 'spread_veto': 'key_number_guard'}","Game: New England Patriots @ New Orleans Saints
Authority: Football_MarketBlend_v1
Market: Spread 3.5, Total 46.0
Projection: Margin 3.25, Total 45.5
Spread Pick:  (edge 0.25)
Total Pick: UNDER (edge -0.5)",3.25,,,,UNDER,ACTIVE,,"{'spread': None, 'total': None}",FOOTBALL_MARKET_BLEND,25,25,NE,11,FOOTBALL_MARKET_BLEND,2025-10-12T17:00:00Z,1,Football market blend edge clears threshold,11,False,,true,true,true,true,19,19,NO,nfl,odds_api_flattened_consensus,3,"{'Football_KeyNumberGuard_v1': {'context_flags': {'key_number_risk': True, 'key_numbers': [3, 7, 10]}, 'home_line_proj': 3.5, 'model_name': 'Football_KeyNumberGuard_v1', 'parlay_edge_score': 0, 'spread_distance': 0.0, 'spread_edge': 0.0, 'spread_pick': '', 'total_distance': 0.0, 'total_edge': 0.0, 'total_pick': '', 'total_projection': 46.0}, 'Football_LineMovement_v1': {'context_flags': {'movement_available': False}, 'home_line_proj': 3.5, 'model_name': 'Football_LineMovement_v1', 'parlay_edge_score': 0, 'spread_distance': 0.0, 'spread_edge': 0.0, 'spread_pick': '', 'total_distance': 0.0, 'total_edge': 0.0, 'total_pick': '', 'total_projection': 46.0}, 'Football_MarketBlend_v1': {'context_flags': {'blend_inputs': ['Football_MarketConsensus_v1', 'Football_SpreadValue_v1', 'Football_TotalValue_v1', 'Football_LineMovement_v1', 'Football_KeyNumberGuard_v1'], 'key_number_risk': True, 'spread_veto': 'key_number_guard'}, 'home_line_proj': 3.25, 'model_name': 'Football_MarketBlend_v1', 'parlay_edge_score': 0.75, 'spread_distance': 0.25, 'spread_edge': 0.25, 'spread_pick': '', 'total_distance': 0.5, 'total_edge': -0.5, 'total_pick': 'UNDER', 'total_projection': 45.5}, 'Football_MarketConsensus_v1': {'context_flags': {'book_count': 11, 'source': 'market_consensus'}, 'home_line_proj': 3.5, 'model_name': 'Football_MarketConsensus_v1', 'parlay_edge_score': 0, 'spread_distance': 0.0, 'spread_edge': 0.0, 'spread_pick': '', 'total_distance': 0.0, 'total_edge': 0.0, 'total_pick': '', 'total_projection': 46.0}, 'Football_SpreadValue_v1': {'context_flags': {'book_count': 11.0, 'value_shift': -0.75}, 'home_line_proj': 2.75, 'model_name': 'Football_SpreadValue_v1', 'parlay_edge_score': 0.75, 'spread_distance': 0.75, 'spread_edge': 0.75, 'spread_pick': 'HOME', 'total_distance': 0.0, 'total_edge': 0.0, 'total_pick': '', 'total_projection': 46.0}, 'Football_TotalValue_v1': {'context_flags': {'book_count': 11.0, 'total_value_rule': 'low_total_over_high_total_under'}, 'home_line_proj': 3.5, 'model_name': 'Football_TotalValue_v1', 'parlay_edge_score': 1.0, 'spread_distance': 0.0, 'spread_edge': 0.0, 'spread_pick': '', 'total_distance': 1.0, 'total_edge': -1.0, 'total_pick': 'UNDER', 'total_projection': 45.0}}",-185.0,-185.0,155.0,155.0,66,f2c642e1f95555424b9a9a4f03733b42,2025-10-12T15:55:38Z,odds_api_flattened,-3.5,3.5,STATUS_FINAL,post,46.0,Caesars Superdome
nfl_401772752,2025-10-12,Green Bay Packers,Cincinnati Bengals,-14.0,14.0,44.5,45.0,AWAY,-0.25,0.5,0.75,LOW,Football_MarketBlend_v1,Football_MarketBlend_v1,"{'blend_inputs': ['Football_MarketConsensus_v1', 'Football_SpreadValue_v1', 'Football_TotalValue_v1', 'Football_LineMovement_v1', 'Football_KeyNumberGuard_v1'], 'key_number_risk': False}","Game: Cincinnati Bengals @ Green Bay Packers
Authority: Football_MarketBlend_v1
Market: Spread -14.0, Total 44.5
Projection: Margin -13.75, Total 45.0
Spread Pick: AWAY (edge -0.25)
Total Pick: OVER (edge 0.5)",-13.75,,,,OVER,ACTIVE,,"{'spread': None, 'total': None}",FOOTBALL_MARKET_BLEND,18,18,CIN,11,FOOTBALL_MARKET_BLEND,2025-10-12T20:26:00Z,1,Football market blend edge clears threshold,11,False,,true,true,true,true,27,27,GB,nfl,odds_api_flattened_consensus,3,"{'Football_KeyNumberGuard_v1': {'context_flags': {'key_number_risk': False, 'key_numbers': [3, 7, 10]}, 'home_line_proj': -14.0, 'model_name': 'Football_KeyNumberGuard_v1', 'parlay_edge_score': 0, 'spread_distance': 0.0, 'spread_edge': 0.0, 'spread_pick': '', 'total_distance': 0.0, 'total_edge': 0.0, 'total_pick': '', 'total_projection': 44.5}, 'Football_LineMovement_v1': {'context_flags': {'movement_available': False}, 'home_line_proj': -14.0, 'model_name': 'Football_LineMovement_v1', 'parlay_edge_score': 0, 'spread_distance': 0.0, 'spread_edge': 0.0, 'spread_pick': '', 'total_distance': 0.0, 'total_edge': 0.0, 'total_pick': '', 'total_projection': 44.5}, 'Football_MarketBlend_v1': {'context_flags': {'blend_inputs': ['Football_MarketConsensus_v1', 'Football_SpreadValue_v1', 'Football_TotalValue_v1', 'Football_LineMovement_v1', 'Football_KeyNumberGuard_v1'], 'key_number_risk': False}, 'home_line_proj': -13.75, 'model_name': 'Football_MarketBlend_v1', 'parlay_edge_score': 0.75, 'spread_distance': 0.25, 'spread_edge': -0.25, 'spread_pick': 'AWAY', 'total_distance': 0.5, 'total_edge': 0.5, 'total_pick': 'OVER', 'total_projection': 45.0}, 'Football_MarketConsensus_v1': {'context_flags': {'book_count': 11, 'source': 'market_consensus'}, 'home_line_proj': -14.0, 'model_name': 'Football_MarketConsensus_v1', 'parlay_edge_score': 0, 'spread_distance': 0.0, 'spread_edge': 0.0, 'spread_pick': '', 'total_distance': 0.0, 'total_edge': 0.0, 'total_pick': '', 'total_projection': 44.5}, 'Football_SpreadValue_v1': {'context_flags': {'book_count': 11.0, 'value_shift': 0.75}, 'home_line_proj': -13.25, 'model_name': 'Football_SpreadValue_v1', 'parlay_edge_score': 0.75, 'spread_distance': 0.75, 'spread_edge': -0.75, 'spread_pick': 'AWAY', 'total_distance': 0.0, 'total_edge': 0.0, 'total_pick': '', 'total_projection': 44.5}, 'Football_TotalValue_v1': {'context_flags': {'book_count': 11.0, 'total_value_rule': 'low_total_over_high_total_under'}, 'home_line_proj': -14.0, 'model_name': 'Football_TotalValue_v1', 'parlay_edge_score': 1.0, 'spread_distance': 0.0, 'spread_edge': 0.0, 'spread_pick': '', 'total_distance': 1.0, 'total_edge': 1.0, 'total_pick': 'OVER', 'total_projection': 45.5}}",750.0,750.0,-1250.0,-1250.0,66,0c85b0939650e29689bb2651b33522eb,2025-10-12T15:55:38Z,odds_api_flattened,14.0,-14.0,STATUS_FINAL,post,44.5,Lambeau Field
nfl_401772855,2025-10-12,Baltimore Ravens,Los Angeles Rams,7.0,-7.0,44.0,44.5,,0.25,0.5,0.75,LOW,Football_MarketBlend_v1,Football_MarketBlend_v1,"{'blend_inputs': ['Football_MarketConsensus_v1', 'Football_SpreadValue_v1', 'Football_TotalValue_v1', 'Football_LineMovement_v1', 'Football_KeyNumberGuard_v1'], 'key_number_risk': True, 'spread_veto': 'key_number_guard'}","Game: Los Angeles Rams @ Baltimore Ravens
Authority: Football_MarketBlend_v1
Market: Spread 7.0, Total 44.0
Projection: Margin 6.75, Total 44.5
Spread Pick:  (edge 0.25)
Total Pick: OVER (edge 0.5)",6.75,,,,OVER,ACTIVE,,"{'spread': None, 'total': None}",FOOTBALL_MARKET_BLEND,17,17,LAR,11,FOOTBALL_MARKET_BLEND,2025-10-12T17:01:00Z,1,Football market blend edge clears threshold,11,False,,true,true,true,true,3,3,BAL,nfl,odds_api_flattened_consensus,3,"{'Football_KeyNumberGuard_v1': {'context_flags': {'key_number_risk': True, 'key_numbers': [3, 7, 10]}, 'home_line_proj': 7.0, 'model_name': 'Football_KeyNumberGuard_v1', 'parlay_edge_score': 0, 'spread_distance': 0.0, 'spread_edge': 0.0, 'spread_pick': '', 'total_distance': 0.0, 'total_edge': 0.0, 'total_pick': '', 'total_projection': 44.0}, 'Football_LineMovement_v1': {'context_flags': {'movement_available': False}, 'home_line_proj': 7.0, 'model_name': 'Football_LineMovement_v1', 'parlay_edge_score': 0, 'spread_distance': 0.0, 'spread_edge': 0.0, 'spread_pick': '', 'total_distance': 0.0, 'total_edge': 0.0, 'total_pick': '', 'total_projection': 44.0}, 'Football_MarketBlend_v1': {'context_flags': {'blend_inputs': ['Football_MarketConsensus_v1', 'Football_SpreadValue_v1', 'Football_TotalValue_v1', 'Football_LineMovement_v1', 'Football_KeyNumberGuard_v1'], 'key_number_risk': True, 'spread_veto': 'key_number_guard'}, 'home_line_proj': 6.75, 'model_name': 'Football_MarketBlend_v1', 'parlay_edge_score': 0.75, 'spread_distance': 0.25, 'spread_edge': 0.25, 'spread_pick': '', 'total_distance': 0.5, 'total_edge': 0.5, 'total_pick': 'OVER', 'total_projection': 44.5}, 'Football_MarketConsensus_v1': {'context_flags': {'book_count': 11, 'source': 'market_consensus'}, 'home_line_proj': 7.0, 'model_name': 'Football_MarketConsensus_v1', 'parlay_edge_score': 0, 'spread_distance': 0.0, 'spread_edge': 0.0, 'spread_pick': '', 'total_distance': 0.0, 'total_edge': 0.0, 'total_pick': '', 'total_projection': 44.0}, 'Football_SpreadValue_v1': {'context_flags': {'book_count': 11.0, 'value_shift': -0.75}, 'home_line_proj': 6.25, 'model_name': 'Football_SpreadValue_v1', 'parlay_edge_score': 0.75, 'spread_distance': 0.75, 'spread_edge': 0.75, 'spread_pick': 'HOME', 'total_distance': 0.0, 'total_edge': 0.0, 'total_pick': '', 'total_projection': 44.0}, 'Football_TotalValue_v1': {'context_flags': {'book_count': 11.0, 'total_value_rule': 'low_total_over_high_total_under'}, 'home_line_proj': 7.0, 'model_name': 'Football_TotalValue_v1', 'parlay_edge_score': 1.0, 'spread_distance': 0.0, 'spread_edge': 0.0, 'spread_pick': '', 'total_distance': 1.0, 'total_edge': 1.0, 'total_pick': 'OVER', 'total_projection': 45.0}}",-360.0,-360.0,285.0,285.0,66,b235bc78609644cb28492cc1d6ad69fd,2025-10-12T15:55:38Z,odds_api_flattened,-7.0,7.0,STATUS_FINAL,post,44.0,M&T Bank Stadium
nfl_401772856,2025-10-12,Indianapolis Colts,Arizona Cardinals,-9.0,9.0,46.5,46.0,AWAY,-0.25,-0.5,0.75,LOW,Football_MarketBlend_v1,Football_MarketBlend_v1,"{'blend_inputs': ['Football_MarketConsensus_v1', 'Football_SpreadValue_v1', 'Football_TotalValue_v1', 'Football_LineMovement_v1', 'Football_KeyNumberGuard_v1'], 'key_number_risk': False}","Game: Arizona Cardinals @ Indianapolis Colts
Authority: Football_MarketBlend_v1
Market: Spread -9.0, Total 46.5
Projection: Margin -8.75, Total 46.0
Spread Pick: AWAY (edge -0.25)
Total Pick: UNDER (edge -0.5)",-8.75,,,,UNDER,ACTIVE,,"{'spread': None, 'total': None}",FOOTBALL_MARKET_BLEND,27,27,ARI,11,FOOTBALL_MARKET_BLEND,2025-10-12T17:01:00Z,1,Football market blend edge clears threshold,11,False,,true,true,true,true,31,31,IND,nfl,odds_api_flattened_consensus,3,"{'Football_KeyNumberGuard_v1': {'context_flags': {'key_number_risk': False, 'key_numbers': [3, 7, 10]}, 'home_line_proj': -9.0, 'model_name': 'Football_KeyNumberGuard_v1', 'parlay_edge_score': 0, 'spread_distance': 0.0, 'spread_edge': 0.0, 'spread_pick': '', 'total_distance': 0.0, 'total_edge': 0.0, 'total_pick': '', 'total_projection': 46.5}, 'Football_LineMovement_v1': {'context_flags': {'movement_available': False}, 'home_line_proj': -9.0, 'model_name': 'Football_LineMovement_v1', 'parlay_edge_score': 0, 'spread_distance': 0.0, 'spread_edge': 0.0, 'spread_pick': '', 'total_distance': 0.0, 'total_edge': 0.0, 'total_pick': '', 'total_projection': 46.5}, 'Football_MarketBlend_v1': {'context_flags': {'blend_inputs': ['Football_MarketConsensus_v1', 'Football_SpreadValue_v1', 'Football_TotalValue_v1', 'Football_LineMovement_v1', 'Football_KeyNumberGuard_v1'], 'key_number_risk': False}, 'home_line_proj': -8.75, 'model_name': 'Football_MarketBlend_v1', 'parlay_edge_score': 0.75, 'spread_distance': 0.25, 'spread_edge': -0.25, 'spread_pick': 'AWAY', 'total_distance': 0.5, 'total_edge': -0.5, 'total_pick': 'UNDER', 'total_projection': 46.0}, 'Football_MarketConsensus_v1': {'context_flags': {'book_count': 11, 'source': 'market_consensus'}, 'home_line_proj': -9.0, 'model_name': 'Football_MarketConsensus_v1', 'parlay_edge_score': 0, 'spread_distance': 0.0, 'spread_edge': 0.0, 'spread_pick': '', 'total_distance': 0.0, 'total_edge': 0.0, 'total_pick': '', 'total_projection': 46.5}, 'Football_SpreadValue_v1': {'context_flags': {'book_count': 11.0, 'value_shift': 0.75}, 'home_line_proj': -8.25, 'model_name': 'Football_SpreadValue_v1', 'parlay_edge_score': 0.75, 'spread_distance': 0.75, 'spread_edge': -0.75, 'spread_pick': 'AWAY', 'total_distance': 0.0, 'total_edge': 0.0, 'total_pick': '', 'total_projection': 46.5}, 'Football_TotalValue_v1': {'context_flags': {'book_count': 11.0, 'total_value_rule': 'low_total_over_high_total_under'}, 'home_line_proj': -9.0, 'model_name': 'Football_TotalValue_v1', 'parlay_edge_score': 1.0, 'spread_distance': 0.0, 'spread_edge': 0.0, 'spread_pick': '', 'total_distance': 1.0, 'total_edge': -1.0, 'total_pick': 'UNDER', 'total_projection': 45.5}}",350.0,350.0,-459.0,-459.0,66,dfa87b0532de1389297103c2e3195347,2025-10-12T15:55:38Z,odds_api_flattened,9.0,-9.0,STATUS_FINAL,post,46.5,Lucas Oil Stadium
nfl_401772857,2025-10-12,Jacksonville Jaguars,Seattle Seahawks,1.0,-1.0,47.0,46.5,HOME,0.25,-0.5,0.75,LOW,Football_MarketBlend_v1,Football_MarketBlend_v1,"{'blend_inputs': ['Football_MarketConsensus_v1', 'Football_SpreadValue_v1', 'Football_TotalValue_v1', 'Football_LineMovement_v1', 'Football_KeyNumberGuard_v1'], 'key_number_risk': False}","Game: Seattle Seahawks @ Jacksonville Jaguars
Authority: Football_MarketBlend_v1
Market: Spread 1.0, Total 47.0
Projection: Margin 0.75, Total 46.5
Spread Pick: HOME (edge 0.25)
Total Pick: UNDER (edge -0.5)",0.75,,,,UNDER,ACTIVE,,"{'spread': None, 'total': None}",FOOTBALL_MARKET_BLEND,20,20,SEA,11,FOOTBALL_MARKET_BLEND,2025-10-12T17:00:00Z,1,Football market blend edge clears threshold,11,False,,true,true,true,true,12,12,JAX,nfl,odds_api_flattened_consensus,3,"{'Football_KeyNumberGuard_v1': {'context_flags': {'key_number_risk': False, 'key_numbers': [3, 7, 10]}, 'home_line_proj': 1.0, 'model_name': 'Football_KeyNumberGuard_v1', 'parlay_edge_score': 0, 'spread_distance': 0.0, 'spread_edge': 0.0, 'spread_pick': '', 'total_distance': 0.0, 'total_edge': 0.0, 'total_pick': '', 'total_projection': 47.0}, 'Football_LineMovement_v1': {'context_flags': {'movement_available': False}, 'home_line_proj': 1.0, 'model_name': 'Football_LineMovement_v1', 'parlay_edge_score': 0, 'spread_distance': 0.0, 'spread_edge': 0.0, 'spread_pick': '', 'total_distance': 0.0, 'total_edge': 0.0, 'total_pick': '', 'total_projection': 47.0}, 'Football_MarketBlend_v1': {'context_flags': {'blend_inputs': ['Football_MarketConsensus_v1', 'Football_SpreadValue_v1', 'Football_TotalValue_v1', 'Football_LineMovement_v1', 'Football_KeyNumberGuard_v1'], 'key_number_risk': False}, 'home_line_proj': 0.75, 'model_name': 'Football_MarketBlend_v1', 'parlay_edge_score': 0.75, 'spread_distance': 0.25, 'spread_edge': 0.25, 'spread_pick': 'HOME', 'total_distance': 0.5, 'total_edge': -0.5, 'total_pick': 'UNDER', 'total_projection': 46.5}, 'Football_MarketConsensus_v1': {'context_flags': {'book_count': 11, 'source': 'market_consensus'}, 'home_line_proj': 1.0, 'model_name': 'Football_MarketConsensus_v1', 'parlay_edge_score': 0, 'spread_distance': 0.0, 'spread_edge': 0.0, 'spread_pick': '', 'total_distance': 0.0, 'total_edge': 0.0, 'total_pick': '', 'total_projection': 47.0}, 'Football_SpreadValue_v1': {'context_flags': {'book_count': 11.0, 'value_shift': -0.75}, 'home_line_proj': 0.25, 'model_name': 'Football_SpreadValue_v1', 'parlay_edge_score': 0.75, 'spread_distance': 0.75, 'spread_edge': 0.75, 'spread_pick': 'HOME', 'total_distance': 0.0, 'total_edge': 0.0, 'total_pick': '', 'total_projection': 47.0}, 'Football_TotalValue_v1': {'context_flags': {'book_count': 11.0, 'total_value_rule': 'low_total_over_high_total_under'}, 'home_line_proj': 1.0, 'model_name': 'Football_TotalValue_v1', 'parlay_edge_score': 1.0, 'spread_distance': 0.0, 'spread_edge': 0.0, 'spread_pick': '', 'total_distance': 1.0, 'total_edge': -1.0, 'total_pick': 'UNDER', 'total_projection': 46.0}}",-115.0,-115.0,-105.0,-105.0,64,e5dd1fed586cfc0ec2d7c06f2a02c37a,2025-10-12T15:55:38Z,odds_api_flattened,-1.0,1.0,STATUS_FINAL,post,47.0,EverBank Stadium
nfl_401772858,2025-10-12,Carolina Panthers,Dallas Cowboys,3.0,-3.0,47.5,47.0,,0.25,-0.5,0.75,LOW,Football_MarketBlend_v1,Football_MarketBlend_v1,"{'blend_inputs': ['Football_MarketConsensus_v1', 'Football_SpreadValue_v1', 'Football_TotalValue_v1', 'Football_LineMovement_v1', 'Football_KeyNumberGuard_v1'], 'key_number_risk': True, 'spread_veto': 'key_number_guard'}","Game: Dallas Cowboys @ Carolina Panthers
Authority: Football_MarketBlend_v1
Market: Spread 3.0, Total 47.5
Projection: Margin 2.75, Total 47.0
Spread Pick:  (edge 0.25)
Total Pick: UNDER (edge -0.5)",2.75,,,,UNDER,ACTIVE,,"{'spread': None, 'total': None}",FOOTBALL_MARKET_BLEND,27,27,DAL,11,FOOTBALL_MARKET_BLEND,2025-10-12T17:01:00Z,1,Football market blend edge clears threshold,11,False,,true,true,true,true,30,30,CAR,nfl,odds_api_flattened_consensus,3,"{'Football_KeyNumberGuard_v1': {'context_flags': {'key_number_risk': True, 'key_numbers': [3, 7, 10]}, 'home_line_proj': 3.0, 'model_name': 'Football_KeyNumberGuard_v1', 'parlay_edge_score': 0, 'spread_distance': 0.0, 'spread_edge': 0.0, 'spread_pick': '', 'total_distance': 0.0, 'total_edge': 0.0, 'total_pick': '', 'total_projection': 47.5}, 'Football_LineMovement_v1': {'context_flags': {'movement_available': False}, 'home_line_proj': 3.0, 'model_name': 'Football_LineMovement_v1', 'parlay_edge_score': 0, 'spread_distance': 0.0, 'spread_edge': 0.0, 'spread_pick': '', 'total_distance': 0.0, 'total_edge': 0.0, 'total_pick': '', 'total_projection': 47.5}, 'Football_MarketBlend_v1': {'context_flags': {'blend_inputs': ['Football_MarketConsensus_v1', 'Football_SpreadValue_v1', 'Football_TotalValue_v1', 'Football_LineMovement_v1', 'Football_KeyNumberGuard_v1'], 'key_number_risk': True, 'spread_veto': 'key_number_guard'}, 'home_line_proj': 2.75, 'model_name': 'Football_MarketBlend_v1', 'parlay_edge_score': 0.75, 'spread_distance': 0.25, 'spread_edge': 0.25, 'spread_pick': '', 'total_distance': 0.5, 'total_edge': -0.5, 'total_pick': 'UNDER', 'total_projection': 47.0}, 'Football_MarketConsensus_v1': {'context_flags': {'book_count': 11, 'source': 'market_consensus'}, 'home_line_proj': 3.0, 'model_name': 'Football_MarketConsensus_v1', 'parlay_edge_score': 0, 'spread_distance': 0.0, 'spread_edge': 0.0, 'spread_pick': '', 'total_distance': 0.0, 'total_edge': 0.0, 'total_pick': '', 'total_projection': 47.5}, 'Football_SpreadValue_v1': {'context_flags': {'book_count': 11.0, 'value_shift': -0.75}, 'home_line_proj': 2.25, 'model_name': 'Football_SpreadValue_v1', 'parlay_edge_score': 0.75, 'spread_distance': 0.75, 'spread_edge': 0.75, 'spread_pick': 'HOME', 'total_distance': 0.0, 'total_edge': 0.0, 'total_pick': '', 'total_projection': 47.5}, 'Football_TotalValue_v1': {'context_flags': {'book_count': 11.0, 'total_value_rule': 'low_total_over_high_total_under'}, 'home_line_proj': 3.0, 'model_name': 'Football_TotalValue_v1', 'parlay_edge_score': 1.0, 'spread_distance': 0.0, 'spread_edge': 0.0, 'spread_pick': '', 'total_distance': 1.0, 'total_edge': -1.0, 'total_pick': 'UNDER', 'total_projection': 46.5}}",-160.0,-160.0,136.0,136.0,66,dd3a14fa1529e79bd338a7bfd71d5b3a,2025-10-12T15:55:38Z,odds_api_flattened,-3.0,3.0,STATUS_FINAL,post,47.5,Bank of America Stadium
nfl_401772859,2025-10-12,Las Vegas Raiders,Tennessee Titans,-3.5,3.5,41.5,42.0,,-0.25,0.5,0.75,LOW,Football_MarketBlend_v1,Football_MarketBlend_v1,"{'blend_inputs': ['Football_MarketConsensus_v1', 'Football_SpreadValue_v1', 'Football_TotalValue_v1', 'Football_LineMovement_v1', 'Football_KeyNumberGuard_v1'], 'key_number_risk': True, 'spread_veto': 'key_number_guard'}","Game: Tennessee Titans @ Las Vegas Raiders
Authority: Football_MarketBlend_v1
Market: Spread -3.5, Total 41.5
Projection: Margin -3.25, Total 42.0
Spread Pick:  (edge -0.25)
Total Pick: OVER (edge 0.5)",-3.25,,,,OVER,ACTIVE,,"{'spread': None, 'total': None}",FOOTBALL_MARKET_BLEND,10,10,TEN,11,FOOTBALL_MARKET_BLEND,2025-10-12T20:06:00Z,1,Football market blend edge clears threshold,11,False,,true,true,true,true,20,20,LV,nfl,odds_api_flattened_consensus,3,"{'Football_KeyNumberGuard_v1': {'context_flags': {'key_number_risk': True, 'key_numbers': [3, 7, 10]}, 'home_line_proj': -3.5, 'model_name': 'Football_KeyNumberGuard_v1', 'parlay_edge_score': 0, 'spread_distance': 0.0, 'spread_edge': 0.0, 'spread_pick': '', 'total_distance': 0.0, 'total_edge': 0.0, 'total_pick': '', 'total_projection': 41.5}, 'Football_LineMovement_v1': {'context_flags': {'movement_available': False}, 'home_line_proj': -3.5, 'model_name': 'Football_LineMovement_v1', 'parlay_edge_score': 0, 'spread_distance': 0.0, 'spread_edge': 0.0, 'spread_pick': '', 'total_distance': 0.0, 'total_edge': 0.0, 'total_pick': '', 'total_projection': 41.5}, 'Football_MarketBlend_v1': {'context_flags': {'blend_inputs': ['Football_MarketConsensus_v1', 'Football_SpreadValue_v1', 'Football_TotalValue_v1', 'Football_LineMovement_v1', 'Football_KeyNumberGuard_v1'], 'key_number_risk': True, 'spread_veto': 'key_number_guard'}, 'home_line_proj': -3.25, 'model_name': 'Football_MarketBlend_v1', 'parlay_edge_score': 0.75, 'spread_distance': 0.25, 'spread_edge': -0.25, 'spread_pick': '', 'total_distance': 0.5, 'total_edge': 0.5, 'total_pick': 'OVER', 'total_projection': 42.0}, 'Football_MarketConsensus_v1': {'context_flags': {'book_count': 11, 'source': 'market_consensus'}, 'home_line_proj': -3.5, 'model_name': 'Football_MarketConsensus_v1', 'parlay_edge_score': 0, 'spread_distance': 0.0, 'spread_edge': 0.0, 'spread_pick': '', 'total_distance': 0.0, 'total_edge': 0.0, 'total_pick': '', 'total_projection': 41.5}, 'Football_SpreadValue_v1': {'context_flags': {'book_count': 11.0, 'value_shift': 0.75}, 'home_line_proj': -2.75, 'model_name': 'Football_SpreadValue_v1', 'parlay_edge_score': 0.75, 'spread_distance': 0.75, 'spread_edge': -0.75, 'spread_pick': 'AWAY', 'total_distance': 0.0, 'total_edge': 0.0, 'total_pick': '', 'total_projection': 41.5}, 'Football_TotalValue_v1': {'context_flags': {'book_count': 11.0, 'total_value_rule': 'low_total_over_high_total_under'}, 'home_line_proj': -3.5, 'model_name': 'Football_TotalValue_v1', 'parlay_edge_score': 1.0, 'spread_distance': 0.0, 'spread_edge': 0.0, 'spread_pick': '', 'total_distance': 1.0, 'total_edge': 1.0, 'total_pick': 'OVER', 'total_projection': 42.5}}",161.0,161.0,-195.0,-195.0,66,4963bff460a5f26cab46a8e5ea6db148,2025-10-12T15:55:38Z,odds_api_flattened,3.5,-3.5,STATUS_FINAL,post,41.5,Allegiant Stadium
nfl_401772815,2025-10-13,Atlanta Falcons,Buffalo Bills,3.5,-3.5,50.0,49.5,,0.25,-0.5,0.75,LOW,Football_MarketBlend_v1,Football_MarketBlend_v1,"{'blend_inputs': ['Football_MarketConsensus_v1', 'Football_SpreadValue_v1', 'Football_TotalValue_v1', 'Football_LineMovement_v1', 'Football_KeyNumberGuard_v1'], 'key_number_risk': True, 'spread_veto': 'key_number_guard'}","Game: Buffalo Bills @ Atlanta Falcons
Authority: Football_MarketBlend_v1
Market: Spread 3.5, Total 50.0
Projection: Margin 3.25, Total 49.5
Spread Pick:  (edge 0.25)
Total Pick: UNDER (edge -0.5)",3.25,,,,UNDER,ACTIVE,,"{'spread': None, 'total': None}",FOOTBALL_MARKET_BLEND,14,14,BUF,11,FOOTBALL_MARKET_BLEND,2025-10-13T23:15:00Z,1,Football market blend edge clears threshold,11,False,,true,true,true,true,24,24,ATL,nfl,odds_api_flattened_consensus,3,"{'Football_KeyNumberGuard_v1': {'context_flags': {'key_number_risk': True, 'key_numbers': [3, 7, 10]}, 'home_line_proj': 3.5, 'model_name': 'Football_KeyNumberGuard_v1', 'parlay_edge_score': 0, 'spread_distance': 0.0, 'spread_edge': 0.0, 'spread_pick': '', 'total_distance': 0.0, 'total_edge': 0.0, 'total_pick': '', 'total_projection': 50.0}, 'Football_LineMovement_v1': {'context_flags': {'movement_available': False}, 'home_line_proj': 3.5, 'model_name': 'Football_LineMovement_v1', 'parlay_edge_score': 0, 'spread_distance': 0.0, 'spread_edge': 0.0, 'spread_pick': '', 'total_distance': 0.0, 'total_edge': 0.0, 'total_pick': '', 'total_projection': 50.0}, 'Football_MarketBlend_v1': {'context_flags': {'blend_inputs': ['Football_MarketConsensus_v1', 'Football_SpreadValue_v1', 'Football_TotalValue_v1', 'Football_LineMovement_v1', 'Football_KeyNumberGuard_v1'], 'key_number_risk': True, 'spread_veto': 'key_number_guard'}, 'home_line_proj': 3.25, 'model_name': 'Football_MarketBlend_v1', 'parlay_edge_score': 0.75, 'spread_distance': 0.25, 'spread_edge': 0.25, 'spread_pick': '', 'total_distance': 0.5, 'total_edge': -0.5, 'total_pick': 'UNDER', 'total_projection': 49.5}, 'Football_MarketConsensus_v1': {'context_flags': {'book_count': 11, 'source': 'market_consensus'}, 'home_line_proj': 3.5, 'model_name': 'Football_MarketConsensus_v1', 'parlay_edge_score': 0, 'spread_distance': 0.0, 'spread_edge': 0.0, 'spread_pick': '', 'total_distance': 0.0, 'total_edge': 0.0, 'total_pick': '', 'total_projection': 50.0}, 'Football_SpreadValue_v1': {'context_flags': {'book_count': 11.0, 'value_shift': -0.75}, 'home_line_proj': 2.75, 'model_name': 'Football_SpreadValue_v1', 'parlay_edge_score': 0.75, 'spread_distance': 0.75, 'spread_edge': 0.75, 'spread_pick': 'HOME', 'total_distance': 0.0, 'total_edge': 0.0, 'total_pick': '', 'total_projection': 50.0}, 'Football_TotalValue_v1': {'context_flags': {'book_count': 11.0, 'total_value_rule': 'low_total_over_high_total_under'}, 'home_line_proj': 3.5, 'model_name': 'Football_TotalValue_v1', 'parlay_edge_score': 1.0, 'spread_distance': 0.0, 'spread_edge': 0.0, 'spread_pick': '', 'total_distance': 1.0, 'total_edge': -1.0, 'total_pick': 'UNDER', 'total_projection': 49.0}}",-205.0,-205.0,172.0,172.0,66,33e0adf378d2856ffe5f8452e7d5512d,2025-10-13T15:55:40Z,odds_api_flattened,-3.5,3.5,STATUS_FINAL,post,50.0,Mercedes-Benz Stadium
nfl_401772923,2025-10-13,Kansas City Chiefs,Detroit Lions,-2.5,2.5,52.0,51.5,,-0.25,-0.5,0.75,LOW,Football_MarketBlend_v1,Football_MarketBlend_v1,"{'blend_inputs': ['Football_MarketConsensus_v1', 'Football_SpreadValue_v1', 'Football_TotalValue_v1', 'Football_LineMovement_v1', 'Football_KeyNumberGuard_v1'], 'key_number_risk': True, 'spread_veto': 'key_number_guard'}","Game: Detroit Lions @ Kansas City Chiefs
Authority: Football_MarketBlend_v1
Market: Spread -2.5, Total 52.0
Projection: Margin -2.25, Total 51.5
Spread Pick:  (edge -0.25)
Total Pick: UNDER (edge -0.5)",-2.25,,,,UNDER,ACTIVE,,"{'spread': None, 'total': None}",FOOTBALL_MARKET_BLEND,17,17,DET,11,FOOTBALL_MARKET_BLEND,2025-10-13T00:20:00Z,1,Football market blend edge clears threshold,11,False,,true,true,true,true,30,30,KC,nfl,odds_api_flattened_consensus,3,"{'Football_KeyNumberGuard_v1': {'context_flags': {'key_number_risk': True, 'key_numbers': [3, 7, 10]}, 'home_line_proj': -2.5, 'model_name': 'Football_KeyNumberGuard_v1', 'parlay_edge_score': 0, 'spread_distance': 0.0, 'spread_edge': 0.0, 'spread_pick': '', 'total_distance': 0.0, 'total_edge': 0.0, 'total_pick': '', 'total_projection': 52.0}, 'Football_LineMovement_v1': {'context_flags': {'movement_available': False}, 'home_line_proj': -2.5, 'model_name': 'Football_LineMovement_v1', 'parlay_edge_score': 0, 'spread_distance': 0.0, 'spread_edge': 0.0, 'spread_pick': '', 'total_distance': 0.0, 'total_edge': 0.0, 'total_pick': '', 'total_projection': 52.0}, 'Football_MarketBlend_v1': {'context_flags': {'blend_inputs': ['Football_MarketConsensus_v1', 'Football_SpreadValue_v1', 'Football_TotalValue_v1', 'Football_LineMovement_v1', 'Football_KeyNumberGuard_v1'], 'key_number_risk': True, 'spread_veto': 'key_number_guard'}, 'home_line_proj': -2.25, 'model_name': 'Football_MarketBlend_v1', 'parlay_edge_score': 0.75, 'spread_distance': 0.25, 'spread_edge': -0.25, 'spread_pick': '', 'total_distance': 0.5, 'total_edge': -0.5, 'total_pick': 'UNDER', 'total_projection': 51.5}, 'Football_MarketConsensus_v1': {'context_flags': {'book_count': 11, 'source': 'market_consensus'}, 'home_line_proj': -2.5, 'model_name': 'Football_MarketConsensus_v1', 'parlay_edge_score': 0, 'spread_distance': 0.0, 'spread_edge': 0.0, 'spread_pick': '', 'total_distance': 0.0, 'total_edge': 0.0, 'total_pick': '', 'total_projection': 52.0}, 'Football_SpreadValue_v1': {'context_flags': {'book_count': 11.0, 'value_shift': 0.75}, 'home_line_proj': -1.75, 'model_name': 'Football_SpreadValue_v1', 'parlay_edge_score': 0.75, 'spread_distance': 0.75, 'spread_edge': -0.75, 'spread_pick': 'AWAY', 'total_distance': 0.0, 'total_edge': 0.0, 'total_pick': '', 'total_projection': 52.0}, 'Football_TotalValue_v1': {'context_flags': {'book_count': 11.0, 'total_value_rule': 'low_total_over_high_total_under'}, 'home_line_proj': -2.5, 'model_name': 'Football_TotalValue_v1', 'parlay_edge_score': 1.0, 'spread_distance': 0.0, 'spread_edge': 0.0, 'spread_pick': '', 'total_distance': 1.0, 'total_edge': -1.0, 'total_pick': 'UNDER', 'total_projection': 51.0}}",118.0,118.0,-140.0,-140.0,66,82e432d5d8bc0b5a6cbe0c324de90de3,2025-10-12T15:55:38Z,odds_api_flattened,2.5,-2.5,STATUS_FINAL,post,52.0,GEHA Field at Arrowhead Stadium
nfl_401772717,2025-10-14,Washington Commanders,Chicago Bears,-5.5,5.5,49.5,49.0,AWAY,-0.25,-0.5,0.75,LOW,Football_MarketBlend_v1,Football_MarketBlend_v1,"{'blend_inputs': ['Football_MarketConsensus_v1', 'Football_SpreadValue_v1', 'Football_TotalValue_v1', 'Football_LineMovement_v1', 'Football_KeyNumberGuard_v1'], 'key_number_risk': False}","Game: Chicago Bears @ Washington Commanders
Authority: Football_MarketBlend_v1
Market: Spread -5.5, Total 49.5
Projection: Margin -5.25, Total 49.0
Spread Pick: AWAY (edge -0.25)
Total Pick: UNDER (edge -0.5)",-5.25,,,,UNDER,ACTIVE,,"{'spread': None, 'total': None}",FOOTBALL_MARKET_BLEND,25,25,CHI,11,FOOTBALL_MARKET_BLEND,2025-10-14T00:16:00Z,1,Football market blend edge clears threshold,11,False,,true,true,true,true,24,24,WAS,nfl,odds_api_flattened_consensus,3,"{'Football_KeyNumberGuard_v1': {'context_flags': {'key_number_risk': False, 'key_numbers': [3, 7, 10]}, 'home_line_proj': -5.5, 'model_name': 'Football_KeyNumberGuard_v1', 'parlay_edge_score': 0, 'spread_distance': 0.0, 'spread_edge': 0.0, 'spread_pick': '', 'total_distance': 0.0, 'total_edge': 0.0, 'total_pick': '', 'total_projection': 49.5}, 'Football_LineMovement_v1': {'context_flags': {'movement_available': False}, 'home_line_proj': -5.5, 'model_name': 'Football_LineMovement_v1', 'parlay_edge_score': 0, 'spread_distance': 0.0, 'spread_edge': 0.0, 'spread_pick': '', 'total_distance': 0.0, 'total_edge': 0.0, 'total_pick': '', 'total_projection': 49.5}, 'Football_MarketBlend_v1': {'context_flags': {'blend_inputs': ['Football_MarketConsensus_v1', 'Football_SpreadValue_v1', 'Football_TotalValue_v1', 'Football_LineMovement_v1', 'Football_KeyNumberGuard_v1'], 'key_number_risk': False}, 'home_line_proj': -5.25, 'model_name': 'Football_MarketBlend_v1', 'parlay_edge_score': 0.75, 'spread_distance': 0.25, 'spread_edge': -0.25, 'spread_pick': 'AWAY', 'total_distance': 0.5, 'total_edge': -0.5, 'total_pick': 'UNDER', 'total_projection': 49.0}, 'Football_MarketConsensus_v1': {'context_flags': {'book_count': 11, 'source': 'market_consensus'}, 'home_line_proj': -5.5, 'model_name': 'Football_MarketConsensus_v1', 'parlay_edge_score': 0, 'spread_distance': 0.0, 'spread_edge': 0.0, 'spread_pick': '', 'total_distance': 0.0, 'total_edge': 0.0, 'total_pick': '', 'total_projection': 49.5}, 'Football_SpreadValue_v1': {'context_flags': {'book_count': 11.0, 'value_shift': 0.75}, 'home_line_proj': -4.75, 'model_name': 'Football_SpreadValue_v1', 'parlay_edge_score': 0.75, 'spread_distance': 0.75, 'spread_edge': -0.75, 'spread_pick': 'AWAY', 'total_distance': 0.0, 'total_edge': 0.0, 'total_pick': '', 'total_projection': 49.5}, 'Football_TotalValue_v1': {'context_flags': {'book_count': 11.0, 'total_value_rule': 'low_total_over_high_total_under'}, 'home_line_proj': -5.5, 'model_name': 'Football_TotalValue_v1', 'parlay_edge_score': 1.0, 'spread_distance': 0.0, 'spread_edge': 0.0, 'spread_pick': '', 'total_distance': 1.0, 'total_edge': -1.0, 'total_pick': 'UNDER', 'total_projection': 48.5}}",203.0,203.0,-250.0,-250.0,66,38366aa83a3eb6cef71a1134c4fceb2c,2025-10-13T15:55:40Z,odds_api_flattened,5.5,-5.5,STATUS_FINAL,post,49.5,Northwest Stadium
nfl_401772941,2025-10-17,Cincinnati Bengals,Pittsburgh Steelers,5.5,-5.5,44.5,45.0,HOME,0.25,0.5,0.75,LOW,Football_MarketBlend_v1,Football_MarketBlend_v1,"{'blend_inputs': ['Football_MarketConsensus_v1', 'Football_SpreadValue_v1', 'Football_TotalValue_v1', 'Football_LineMovement_v1', 'Football_KeyNumberGuard_v1'], 'key_number_risk': False}","Game: Pittsburgh Steelers @ Cincinnati Bengals
Authority: Football_MarketBlend_v1
Market: Spread 5.5, Total 44.5
Projection: Margin 5.25, Total 45.0
Spread Pick: HOME (edge 0.25)
Total Pick: OVER (edge 0.5)",5.25,,,,OVER,ACTIVE,,"{'spread': None, 'total': None}",FOOTBALL_MARKET_BLEND,31,31,PIT,11,FOOTBALL_MARKET_BLEND,2025-10-17T00:15:00Z,1,Football market blend edge clears threshold,11,False,,true,true,true,true,33,33,CIN,nfl,odds_api_flattened_consensus,3,"{'Football_KeyNumberGuard_v1': {'context_flags': {'key_number_risk': False, 'key_numbers': [3, 7, 10]}, 'home_line_proj': 5.5, 'model_name': 'Football_KeyNumberGuard_v1', 'parlay_edge_score': 0, 'spread_distance': 0.0, 'spread_edge': 0.0, 'spread_pick': '', 'total_distance': 0.0, 'total_edge': 0.0, 'total_pick': '', 'total_projection': 44.5}, 'Football_LineMovement_v1': {'context_flags': {'movement_available': False}, 'home_line_proj': 5.5, 'model_name': 'Football_LineMovement_v1', 'parlay_edge_score': 0, 'spread_distance': 0.0, 'spread_edge': 0.0, 'spread_pick': '', 'total_distance': 0.0, 'total_edge': 0.0, 'total_pick': '', 'total_projection': 44.5}, 'Football_MarketBlend_v1': {'context_flags': {'blend_inputs': ['Football_MarketConsensus_v1', 'Football_SpreadValue_v1', 'Football_TotalValue_v1', 'Football_LineMovement_v1', 'Football_KeyNumberGuard_v1'], 'key_number_risk': False}, 'home_line_proj': 5.25, 'model_name': 'Football_MarketBlend_v1', 'parlay_edge_score': 0.75, 'spread_distance': 0.25, 'spread_edge': 0.25, 'spread_pick': 'HOME', 'total_distance': 0.5, 'total_edge': 0.5, 'total_pick': 'OVER', 'total_projection': 45.0}, 'Football_MarketConsensus_v1': {'context_flags': {'book_count': 11, 'source': 'market_consensus'}, 'home_line_proj': 5.5, 'model_name': 'Football_MarketConsensus_v1', 'parlay_edge_score': 0, 'spread_distance': 0.0, 'spread_edge': 0.0, 'spread_pick': '', 'total_distance': 0.0, 'total_edge': 0.0, 'total_pick': '', 'total_projection': 44.5}, 'Football_SpreadValue_v1': {'context_flags': {'book_count': 11.0, 'value_shift': -0.75}, 'home_line_proj': 4.75, 'model_name': 'Football_SpreadValue_v1', 'parlay_edge_score': 0.75, 'spread_distance': 0.75, 'spread_edge': 0.75, 'spread_pick': 'HOME', 'total_distance': 0.0, 'total_edge': 0.0, 'total_pick': '', 'total_projection': 44.5}, 'Football_TotalValue_v1': {'context_flags': {'book_count': 11.0, 'total_value_rule': 'low_total_over_high_total_under'}, 'home_line_proj': 5.5, 'model_name': 'Football_TotalValue_v1', 'parlay_edge_score': 1.0, 'spread_distance': 0.0, 'spread_edge': 0.0, 'spread_pick': '', 'total_distance': 1.0, 'total_edge': 1.0, 'total_pick': 'OVER', 'total_projection': 45.5}}",-260.0,-260.0,210.0,210.0,66,6076f9eab496770efc0ab7095b27c122,2025-10-16T15:55:39Z,odds_api_flattened,-5.5,5.5,STATUS_FINAL,post,44.5,Paycor Stadium
nfl_401772635,2025-10-19,Jacksonville Jaguars,Los Angeles Rams,19.5,-19.5,31.5,32.0,HOME,0.25,0.5,0.75,LOW,Football_MarketBlend_v1,Football_MarketBlend_v1,"{'blend_inputs': ['Football_MarketConsensus_v1', 'Football_SpreadValue_v1', 'Football_TotalValue_v1', 'Football_LineMovement_v1', 'Football_KeyNumberGuard_v1'], 'key_number_risk': False}","Game: Los Angeles Rams @ Jacksonville Jaguars
Authority: Football_MarketBlend_v1
Market: Spread 19.5, Total 31.5
Projection: Margin 19.25, Total 32.0
Spread Pick: HOME (edge 0.25)
Total Pick: OVER (edge 0.5)",19.25,,,,OVER,ACTIVE,,"{'spread': None, 'total': None}",FOOTBALL_MARKET_BLEND,35,35,LAR,11,FOOTBALL_MARKET_BLEND,2025-10-19T13:32:42Z,1,Football market blend edge clears threshold,11,False,,true,true,true,true,7,7,JAX,nfl,odds_api_flattened_consensus,3,"{'Football_KeyNumberGuard_v1': {'context_flags': {'key_number_risk': False, 'key_numbers': [3, 7, 10]}, 'home_line_proj': 19.5, 'model_name': 'Football_KeyNumberGuard_v1', 'parlay_edge_score': 0, 'spread_distance': 0.0, 'spread_edge': 0.0, 'spread_pick': '', 'total_distance': 0.0, 'total_edge': 0.0, 'total_pick': '', 'total_projection': 31.5}, 'Football_LineMovement_v1': {'context_flags': {'movement_available': False}, 'home_line_proj': 19.5, 'model_name': 'Football_LineMovement_v1', 'parlay_edge_score': 0, 'spread_distance': 0.0, 'spread_edge': 0.0, 'spread_pick': '', 'total_distance': 0.0, 'total_edge': 0.0, 'total_pick': '', 'total_projection': 31.5}, 'Football_MarketBlend_v1': {'context_flags': {'blend_inputs': ['Football_MarketConsensus_v1', 'Football_SpreadValue_v1', 'Football_TotalValue_v1', 'Football_LineMovement_v1', 'Football_KeyNumberGuard_v1'], 'key_number_risk': False}, 'home_line_proj': 19.25, 'model_name': 'Football_MarketBlend_v1', 'parlay_edge_score': 0.75, 'spread_distance': 0.25, 'spread_edge': 0.25, 'spread_pick': 'HOME', 'total_distance': 0.5, 'total_edge': 0.5, 'total_pick': 'OVER', 'total_projection': 32.0}, 'Football_MarketConsensus_v1': {'context_flags': {'book_count': 11, 'source': 'market_consensus'}, 'home_line_proj': 19.5, 'model_name': 'Football_MarketConsensus_v1', 'parlay_edge_score': 0, 'spread_distance': 0.0, 'spread_edge': 0.0, 'spread_pick': '', 'total_distance': 0.0, 'total_edge': 0.0, 'total_pick': '', 'total_projection': 31.5}, 'Football_SpreadValue_v1': {'context_flags': {'book_count': 11.0, 'value_shift': -0.75}, 'home_line_proj': 18.75, 'model_name': 'Football_SpreadValue_v1', 'parlay_edge_score': 0.75, 'spread_distance': 0.75, 'spread_edge': 0.75, 'spread_pick': 'HOME', 'total_distance': 0.0, 'total_edge': 0.0, 'total_pick': '', 'total_projection': 31.5}, 'Football_TotalValue_v1': {'context_flags': {'book_count': 11.0, 'total_value_rule': 'low_total_over_high_total_under'}, 'home_line_proj': 19.5, 'model_name': 'Football_TotalValue_v1', 'parlay_edge_score': 1.0, 'spread_distance': 0.0, 'spread_edge': 0.0, 'spread_pick': '', 'total_distance': 1.0, 'total_edge': 1.0, 'total_pick': 'OVER', 'total_projection': 32.5}}",-2800.0,-2800.0,1100.0,1100.0,58,79de65f1b97c9145ebdcb019eb486500,2025-10-19T15:55:39Z,odds_api_flattened,-19.5,19.5,STATUS_FINAL,post,31.5,Wembley Stadium
nfl_401772753,2025-10-19,Kansas City Chiefs,Las Vegas Raiders,-13.0,13.0,44.5,45.0,AWAY,-0.25,0.5,0.75,LOW,Football_MarketBlend_v1,Football_MarketBlend_v1,"{'blend_inputs': ['Football_MarketConsensus_v1', 'Football_SpreadValue_v1', 'Football_TotalValue_v1', 'Football_LineMovement_v1', 'Football_KeyNumberGuard_v1'], 'key_number_risk': False}","Game: Las Vegas Raiders @ Kansas City Chiefs
Authority: Football_MarketBlend_v1
Market: Spread -13.0, Total 44.5
Projection: Margin -12.75, Total 45.0
Spread Pick: AWAY (edge -0.25)
Total Pick: OVER (edge 0.5)",-12.75,,,,OVER,ACTIVE,,"{'spread': None, 'total': None}",FOOTBALL_MARKET_BLEND,0,0,LV,11,FOOTBALL_MARKET_BLEND,2025-10-19T17:00:00Z,1,Football market blend edge clears threshold,11,False,,true,true,true,true,31,31,KC,nfl,odds_api_flattened_consensus,3,"{'Football_KeyNumberGuard_v1': {'context_flags': {'key_number_risk': False, 'key_numbers': [3, 7, 10]}, 'home_line_proj': -13.0, 'model_name': 'Football_KeyNumberGuard_v1', 'parlay_edge_score': 0, 'spread_distance': 0.0, 'spread_edge': 0.0, 'spread_pick': '', 'total_distance': 0.0, 'total_edge': 0.0, 'total_pick': '', 'total_projection': 44.5}, 'Football_LineMovement_v1': {'context_flags': {'movement_available': False}, 'home_line_proj': -13.0, 'model_name': 'Football_LineMovement_v1', 'parlay_edge_score': 0, 'spread_distance': 0.0, 'spread_edge': 0.0, 'spread_pick': '', 'total_distance': 0.0, 'total_edge': 0.0, 'total_pick': '', 'total_projection': 44.5}, 'Football_MarketBlend_v1': {'context_flags': {'blend_inputs': ['Football_MarketConsensus_v1', 'Football_SpreadValue_v1', 'Football_TotalValue_v1', 'Football_LineMovement_v1', 'Football_KeyNumberGuard_v1'], 'key_number_risk': False}, 'home_line_proj': -12.75, 'model_name': 'Football_MarketBlend_v1', 'parlay_edge_score': 0.75, 'spread_distance': 0.25, 'spread_edge': -0.25, 'spread_pick': 'AWAY', 'total_distance': 0.5, 'total_edge': 0.5, 'total_pick': 'OVER', 'total_projection': 45.0}, 'Football_MarketConsensus_v1': {'context_flags': {'book_count': 11, 'source': 'market_consensus'}, 'home_line_proj': -13.0, 'model_name': 'Football_MarketConsensus_v1', 'parlay_edge_score': 0, 'spread_distance': 0.0, 'spread_edge': 0.0, 'spread_pick': '', 'total_distance': 0.0, 'total_edge': 0.0, 'total_pick': '', 'total_projection': 44.5}, 'Football_SpreadValue_v1': {'context_flags': {'book_count': 11.0, 'value_shift': 0.75}, 'home_line_proj': -12.25, 'model_name': 'Football_SpreadValue_v1', 'parlay_edge_score': 0.75, 'spread_distance': 0.75, 'spread_edge': -0.75, 'spread_pick': 'AWAY', 'total_distance': 0.0, 'total_edge': 0.0, 'total_pick': '', 'total_projection': 44.5}, 'Football_TotalValue_v1': {'context_flags': {'book_count': 11.0, 'total_value_rule': 'low_total_over_high_total_under'}, 'home_line_proj': -13.0, 'model_name': 'Football_TotalValue_v1', 'parlay_edge_score': 1.0, 'spread_distance': 0.0, 'spread_edge': 0.0, 'spread_pick': '', 'total_distance': 1.0, 'total_edge': 1.0, 'total_pick': 'OVER', 'total_projection': 45.5}}",614.0,614.0,-950.0,-950.0,66,3127c0dd6ed51a44354af51791bc3e5a,2025-10-19T15:55:39Z,odds_api_flattened,13.0,-13.0,STATUS_FINAL,post,44.5,GEHA Field at Arrowhead Stadium
nfl_401772754,2025-10-19,Cleveland Browns,Miami Dolphins,-2.5,2.5,34.5,35.0,,-0.25,0.5,0.75,LOW,Football_MarketBlend_v1,Football_MarketBlend_v1,"{'blend_inputs': ['Football_MarketConsensus_v1', 'Football_SpreadValue_v1', 'Football_TotalValue_v1', 'Football_LineMovement_v1', 'Football_KeyNumberGuard_v1'], 'key_number_risk': True, 'spread_veto': 'key_number_guard'}","Game: Miami Dolphins @ Cleveland Browns
Authority: Football_MarketBlend_v1
Market: Spread -2.5, Total 34.5
Projection: Margin -2.25, Total 35.0
Spread Pick:  (edge -0.25)
Total Pick: OVER (edge 0.5)",-2.25,,,,OVER,ACTIVE,,"{'spread': None, 'total': None}",FOOTBALL_MARKET_BLEND,6,6,MIA,11,FOOTBALL_MARKET_BLEND,2025-10-19T17:00:00Z,1,Football market blend edge clears threshold,11,False,,true,true,true,true,31,31,CLE,nfl,odds_api_flattened_consensus,3,"{'Football_KeyNumberGuard_v1': {'context_flags': {'key_number_risk': True, 'key_numbers': [3, 7, 10]}, 'home_line_proj': -2.5, 'model_name': 'Football_KeyNumberGuard_v1', 'parlay_edge_score': 0, 'spread_distance': 0.0, 'spread_edge': 0.0, 'spread_pick': '', 'total_distance': 0.0, 'total_edge': 0.0, 'total_pick': '', 'total_projection': 34.5}, 'Football_LineMovement_v1': {'context_flags': {'movement_available': False}, 'home_line_proj': -2.5, 'model_name': 'Football_LineMovement_v1', 'parlay_edge_score': 0, 'spread_distance': 0.0, 'spread_edge': 0.0, 'spread_pick': '', 'total_distance': 0.0, 'total_edge': 0.0, 'total_pick': '', 'total_projection': 34.5}, 'Football_MarketBlend_v1': {'context_flags': {'blend_inputs': ['Football_MarketConsensus_v1', 'Football_SpreadValue_v1', 'Football_TotalValue_v1', 'Football_LineMovement_v1', 'Football_KeyNumberGuard_v1'], 'key_number_risk': True, 'spread_veto': 'key_number_guard'}, 'home_line_proj': -2.25, 'model_name': 'Football_MarketBlend_v1', 'parlay_edge_score': 0.75, 'spread_distance': 0.25, 'spread_edge': -0.25, 'spread_pick': '', 'total_distance': 0.5, 'total_edge': 0.5, 'total_pick': 'OVER', 'total_projection': 35.0}, 'Football_MarketConsensus_v1': {'context_flags': {'book_count': 11, 'source': 'market_consensus'}, 'home_line_proj': -2.5, 'model_name': 'Football_MarketConsensus_v1', 'parlay_edge_score': 0, 'spread_distance': 0.0, 'spread_edge': 0.0, 'spread_pick': '', 'total_distance': 0.0, 'total_edge': 0.0, 'total_pick': '', 'total_projection': 34.5}, 'Football_SpreadValue_v1': {'context_flags': {'book_count': 11.0, 'value_shift': 0.75}, 'home_line_proj': -1.75, 'model_name': 'Football_SpreadValue_v1', 'parlay_edge_score': 0.75, 'spread_distance': 0.75, 'spread_edge': -0.75, 'spread_pick': 'AWAY', 'total_distance': 0.0, 'total_edge': 0.0, 'total_pick': '', 'total_projection': 34.5}, 'Football_TotalValue_v1': {'context_flags': {'book_count': 11.0, 'total_value_rule': 'low_total_over_high_total_under'}, 'home_line_proj': -2.5, 'model_name': 'Football_TotalValue_v1', 'parlay_edge_score': 1.0, 'spread_distance': 0.0, 'spread_edge': 0.0, 'spread_pick': '', 'total_distance': 1.0, 'total_edge': 1.0, 'total_pick': 'OVER', 'total_projection': 35.5}}",120.0,120.0,-144.0,-144.0,66,f0336c9a3749716250afba387d157377,2025-10-19T15:55:39Z,odds_api_flattened,2.5,-2.5,STATUS_FINAL,post,34.5,Huntington Bank Field
nfl_401772755,2025-10-19,Tennessee Titans,New England Patriots,6.5,-6.5,41.5,42.0,,0.25,0.5,0.75,LOW,Football_MarketBlend_v1,Football_MarketBlend_v1,"{'blend_inputs': ['Football_MarketConsensus_v1', 'Football_SpreadValue_v1', 'Football_TotalValue_v1', 'Football_LineMovement_v1', 'Football_KeyNumberGuard_v1'], 'key_number_risk': True, 'spread_veto': 'key_number_guard'}","Game: New England Patriots @ Tennessee Titans
Authority: Football_MarketBlend_v1
Market: Spread 6.5, Total 41.5
Projection: Margin 6.25, Total 42.0
Spread Pick:  (edge 0.25)
Total Pick: OVER (edge 0.5)",6.25,,,,OVER,ACTIVE,,"{'spread': None, 'total': None}",FOOTBALL_MARKET_BLEND,31,31,NE,11,FOOTBALL_MARKET_BLEND,2025-10-19T17:00:00Z,1,Football market blend edge clears threshold,11,False,,true,true,true,true,13,13,TEN,nfl,odds_api_flattened_consensus,3,"{'Football_KeyNumberGuard_v1': {'context_flags': {'key_number_risk': True, 'key_numbers': [3, 7, 10]}, 'home_line_proj': 6.5, 'model_name': 'Football_KeyNumberGuard_v1', 'parlay_edge_score': 0, 'spread_distance': 0.0, 'spread_edge': 0.0, 'spread_pick': '', 'total_distance': 0.0, 'total_edge': 0.0, 'total_pick': '', 'total_projection': 41.5}, 'Football_LineMovement_v1': {'context_flags': {'movement_available': False}, 'home_line_proj': 6.5, 'model_name': 'Football_LineMovement_v1', 'parlay_edge_score': 0, 'spread_distance': 0.0, 'spread_edge': 0.0, 'spread_pick': '', 'total_distance': 0.0, 'total_edge': 0.0, 'total_pick': '', 'total_projection': 41.5}, 'Football_MarketBlend_v1': {'context_flags': {'blend_inputs': ['Football_MarketConsensus_v1', 'Football_SpreadValue_v1', 'Football_TotalValue_v1', 'Football_LineMovement_v1', 'Football_KeyNumberGuard_v1'], 'key_number_risk': True, 'spread_veto': 'key_number_guard'}, 'home_line_proj': 6.25, 'model_name': 'Football_MarketBlend_v1', 'parlay_edge_score': 0.75, 'spread_distance': 0.25, 'spread_edge': 0.25, 'spread_pick': '', 'total_distance': 0.5, 'total_edge': 0.5, 'total_pick': 'OVER', 'total_projection': 42.0}, 'Football_MarketConsensus_v1': {'context_flags': {'book_count': 11, 'source': 'market_consensus'}, 'home_line_proj': 6.5, 'model_name': 'Football_MarketConsensus_v1', 'parlay_edge_score': 0, 'spread_distance': 0.0, 'spread_edge': 0.0, 'spread_pick': '', 'total_distance': 0.0, 'total_edge': 0.0, 'total_pick': '', 'total_projection': 41.5}, 'Football_SpreadValue_v1': {'context_flags': {'book_count': 11.0, 'value_shift': -0.75}, 'home_line_proj': 5.75, 'model_name': 'Football_SpreadValue_v1', 'parlay_edge_score': 0.75, 'spread_distance': 0.75, 'spread_edge': 0.75, 'spread_pick': 'HOME', 'total_distance': 0.0, 'total_edge': 0.0, 'total_pick': '', 'total_projection': 41.5}, 'Football_TotalValue_v1': {'context_flags': {'book_count': 11.0, 'total_value_rule': 'low_total_over_high_total_under'}, 'home_line_proj': 6.5, 'model_name': 'Football_TotalValue_v1', 'parlay_edge_score': 1.0, 'spread_distance': 0.0, 'spread_edge': 0.0, 'spread_pick': '', 'total_distance': 1.0, 'total_edge': 1.0, 'total_pick': 'OVER', 'total_projection': 42.5}}",-300.0,-300.0,240.0,240.0,64,f7fa9341eeffb08f7e6e769398cd32e2,2025-10-19T15:55:39Z,odds_api_flattened,-6.5,6.5,STATUS_FINAL,post,41.5,Nissan Stadium
nfl_401772756,2025-10-19,Los Angeles Chargers,Indianapolis Colts,-2.0,2.0,48.5,48.0,AWAY,-0.25,-0.5,0.75,LOW,Football_MarketBlend_v1,Football_MarketBlend_v1,"{'blend_inputs': ['Football_MarketConsensus_v1', 'Football_SpreadValue_v1', 'Football_TotalValue_v1', 'Football_LineMovement_v1', 'Football_KeyNumberGuard_v1'], 'key_number_risk': False}","Game: Indianapolis Colts @ Los Angeles Chargers
Authority: Football_MarketBlend_v1
Market: Spread -2.0, Total 48.5
Projection: Margin -1.75, Total 48.0
Spread Pick: AWAY (edge -0.25)
Total Pick: UNDER (edge -0.5)",-1.75,,,,UNDER,ACTIVE,,"{'spread': None, 'total': None}",FOOTBALL_MARKET_BLEND,38,38,IND,11,FOOTBALL_MARKET_BLEND,2025-10-19T20:05:00Z,1,Football market blend edge clears threshold,11,False,,true,true,true,true,24,24,LAC,nfl,odds_api_flattened_consensus,3,"{'Football_KeyNumberGuard_v1': {'context_flags': {'key_number_risk': False, 'key_numbers': [3, 7, 10]}, 'home_line_proj': -2.0, 'model_name': 'Football_KeyNumberGuard_v1', 'parlay_edge_score': 0, 'spread_distance': 0.0, 'spread_edge': 0.0, 'spread_pick': '', 'total_distance': 0.0, 'total_edge': 0.0, 'total_pick': '', 'total_projection': 48.5}, 'Football_LineMovement_v1': {'context_flags': {'movement_available': False}, 'home_line_proj': -2.0, 'model_name': 'Football_LineMovement_v1', 'parlay_edge_score': 0, 'spread_distance': 0.0, 'spread_edge': 0.0, 'spread_pick': '', 'total_distance': 0.0, 'total_edge': 0.0, 'total_pick': '', 'total_projection': 48.5}, 'Football_MarketBlend_v1': {'context_flags': {'blend_inputs': ['Football_MarketConsensus_v1', 'Football_SpreadValue_v1', 'Football_TotalValue_v1', 'Football_LineMovement_v1', 'Football_KeyNumberGuard_v1'], 'key_number_risk': False}, 'home_line_proj': -1.75, 'model_name': 'Football_MarketBlend_v1', 'parlay_edge_score': 0.75, 'spread_distance': 0.25, 'spread_edge': -0.25, 'spread_pick': 'AWAY', 'total_distance': 0.5, 'total_edge': -0.5, 'total_pick': 'UNDER', 'total_projection': 48.0}, 'Football_MarketConsensus_v1': {'context_flags': {'book_count': 11, 'source': 'market_consensus'}, 'home_line_proj': -2.0, 'model_name': 'Football_MarketConsensus_v1', 'parlay_edge_score': 0, 'spread_distance': 0.0, 'spread_edge': 0.0, 'spread_pick': '', 'total_distance': 0.0, 'total_edge': 0.0, 'total_pick': '', 'total_projection': 48.5}, 'Football_SpreadValue_v1': {'context_flags': {'book_count': 11.0, 'value_shift': 0.75}, 'home_line_proj': -1.25, 'model_name': 'Football_SpreadValue_v1', 'parlay_edge_score': 0.75, 'spread_distance': 0.75, 'spread_edge': -0.75, 'spread_pick': 'AWAY', 'total_distance': 0.0, 'total_edge': 0.0, 'total_pick': '', 'total_projection': 48.5}, 'Football_TotalValue_v1': {'context_flags': {'book_count': 11.0, 'total_value_rule': 'low_total_over_high_total_under'}, 'home_line_proj': -2.0, 'model_name': 'Football_TotalValue_v1', 'parlay_edge_score': 1.0, 'spread_distance': 0.0, 'spread_edge': 0.0, 'spread_pick': '', 'total_distance': 1.0, 'total_edge': -1.0, 'total_pick': 'UNDER', 'total_projection': 47.5}}",115.0,115.0,-137.0,-137.0,66,a0ad5501e9d1d2ee9f61d9f293374f17,2025-10-19T15:55:39Z,odds_api_flattened,2.0,-2.0,STATUS_FINAL,post,48.5,SoFi Stadium
nfl_401772757,2025-10-19,Denver Broncos,New York Giants,-8.0,8.0,40.5,41.0,AWAY,-0.25,0.5,0.75,LOW,Football_MarketBlend_v1,Football_MarketBlend_v1,"{'blend_inputs': ['Football_MarketConsensus_v1', 'Football_SpreadValue_v1', 'Football_TotalValue_v1', 'Football_LineMovement_v1', 'Football_KeyNumberGuard_v1'], 'key_number_risk': False}","Game: New York Giants @ Denver Broncos
Authority: Football_MarketBlend_v1
Market: Spread -8.0, Total 40.5
Projection: Margin -7.75, Total 41.0
Spread Pick: AWAY (edge -0.25)
Total Pick: OVER (edge 0.5)",-7.75,,,,OVER,ACTIVE,,"{'spread': None, 'total': None}",FOOTBALL_MARKET_BLEND,32,32,NYG,11,FOOTBALL_MARKET_BLEND,2025-10-19T20:05:00Z,1,Football market blend edge clears threshold,11,False,,true,true,true,true,33,33,DEN,nfl,odds_api_flattened_consensus,3,"{'Football_KeyNumberGuard_v1': {'context_flags': {'key_number_risk': False, 'key_numbers': [3, 7, 10]}, 'home_line_proj': -8.0, 'model_name': 'Football_KeyNumberGuard_v1', 'parlay_edge_score': 0, 'spread_distance': 0.0, 'spread_edge': 0.0, 'spread_pick': '', 'total_distance': 0.0, 'total_edge': 0.0, 'total_pick': '', 'total_projection': 40.5}, 'Football_LineMovement_v1': {'context_flags': {'movement_available': False}, 'home_line_proj': -8.0, 'model_name': 'Football_LineMovement_v1', 'parlay_edge_score': 0, 'spread_distance': 0.0, 'spread_edge': 0.0, 'spread_pick': '', 'total_distance': 0.0, 'total_edge': 0.0, 'total_pick': '', 'total_projection': 40.5}, 'Football_MarketBlend_v1': {'context_flags': {'blend_inputs': ['Football_MarketConsensus_v1', 'Football_SpreadValue_v1', 'Football_TotalValue_v1', 'Football_LineMovement_v1', 'Football_KeyNumberGuard_v1'], 'key_number_risk': False}, 'home_line_proj': -7.75, 'model_name': 'Football_MarketBlend_v1', 'parlay_edge_score': 0.75, 'spread_distance': 0.25, 'spread_edge': -0.25, 'spread_pick': 'AWAY', 'total_distance': 0.5, 'total_edge': 0.5, 'total_pick': 'OVER', 'total_projection': 41.0}, 'Football_MarketConsensus_v1': {'context_flags': {'book_count': 11, 'source': 'market_consensus'}, 'home_line_proj': -8.0, 'model_name': 'Football_MarketConsensus_v1', 'parlay_edge_score': 0, 'spread_distance': 0.0, 'spread_edge': 0.0, 'spread_pick': '', 'total_distance': 0.0, 'total_edge': 0.0, 'total_pick': '', 'total_projection': 40.5}, 'Football_SpreadValue_v1': {'context_flags': {'book_count': 11.0, 'value_shift': 0.75}, 'home_line_proj': -7.25, 'model_name': 'Football_SpreadValue_v1', 'parlay_edge_score': 0.75, 'spread_distance': 0.75, 'spread_edge': -0.75, 'spread_pick': 'AWAY', 'total_distance': 0.0, 'total_edge': 0.0, 'total_pick': '', 'total_projection': 40.5}, 'Football_TotalValue_v1': {'context_flags': {'book_count': 11.0, 'total_value_rule': 'low_total_over_high_total_under'}, 'home_line_proj': -8.0, 'model_name': 'Football_TotalValue_v1', 'parlay_edge_score': 1.0, 'spread_distance': 0.0, 'spread_edge': 0.0, 'spread_pick': '', 'total_distance': 1.0, 'total_edge': 1.0, 'total_pick': 'OVER', 'total_projection': 41.5}}",330.0,330.0,-430.0,-430.0,66,3be866344dfa050e602a6e69170b3cbe,2025-10-19T15:55:39Z,odds_api_flattened,8.0,-8.0,STATUS_FINAL,post,40.5,Empower Field at Mile High
nfl_401772860,2025-10-19,New York Jets,Carolina Panthers,1.0,-1.0,41.0,41.5,HOME,0.25,0.5,0.75,LOW,Football_MarketBlend_v1,Football_MarketBlend_v1,"{'blend_inputs': ['Football_MarketConsensus_v1', 'Football_SpreadValue_v1', 'Football_TotalValue_v1', 'Football_LineMovement_v1', 'Football_KeyNumberGuard_v1'], 'key_number_risk': False}","Game: Carolina Panthers @ New York Jets
Authority: Football_MarketBlend_v1
Market: Spread 1.0, Total 41.0
Projection: Margin 0.75, Total 41.5
Spread Pick: HOME (edge 0.25)
Total Pick: OVER (edge 0.5)",0.75,,,,OVER,ACTIVE,,"{'spread': None, 'total': None}",FOOTBALL_MARKET_BLEND,13,13,CAR,11,FOOTBALL_MARKET_BLEND,2025-10-19T17:00:00Z,1,Football market blend edge clears threshold,11,False,,true,true,true,true,6,6,NYJ,nfl,odds_api_flattened_consensus,3,"{'Football_KeyNumberGuard_v1': {'context_flags': {'key_number_risk': False, 'key_numbers': [3, 7, 10]}, 'home_line_proj': 1.0, 'model_name': 'Football_KeyNumberGuard_v1', 'parlay_edge_score': 0, 'spread_distance': 0.0, 'spread_edge': 0.0, 'spread_pick': '', 'total_distance': 0.0, 'total_edge': 0.0, 'total_pick': '', 'total_projection': 41.0}, 'Football_LineMovement_v1': {'context_flags': {'movement_available': False}, 'home_line_proj': 1.0, 'model_name': 'Football_LineMovement_v1', 'parlay_edge_score': 0, 'spread_distance': 0.0, 'spread_edge': 0.0, 'spread_pick': '', 'total_distance': 0.0, 'total_edge': 0.0, 'total_pick': '', 'total_projection': 41.0}, 'Football_MarketBlend_v1': {'context_flags': {'blend_inputs': ['Football_MarketConsensus_v1', 'Football_SpreadValue_v1', 'Football_TotalValue_v1', 'Football_LineMovement_v1', 'Football_KeyNumberGuard_v1'], 'key_number_risk': False}, 'home_line_proj': 0.75, 'model_name': 'Football_MarketBlend_v1', 'parlay_edge_score': 0.75, 'spread_distance': 0.25, 'spread_edge': 0.25, 'spread_pick': 'HOME', 'total_distance': 0.5, 'total_edge': 0.5, 'total_pick': 'OVER', 'total_projection': 41.5}, 'Football_MarketConsensus_v1': {'context_flags': {'book_count': 11, 'source': 'market_consensus'}, 'home_line_proj': 1.0, 'model_name': 'Football_MarketConsensus_v1', 'parlay_edge_score': 0, 'spread_distance': 0.0, 'spread_edge': 0.0, 'spread_pick': '', 'total_distance': 0.0, 'total_edge': 0.0, 'total_pick': '', 'total_projection': 41.0}, 'Football_SpreadValue_v1': {'context_flags': {'book_count': 11.0, 'value_shift': -0.75}, 'home_line_proj': 0.25, 'model_name': 'Football_SpreadValue_v1', 'parlay_edge_score': 0.75, 'spread_distance': 0.75, 'spread_edge': 0.75, 'spread_pick': 'HOME', 'total_distance': 0.0, 'total_edge': 0.0, 'total_pick': '', 'total_projection': 41.0}, 'Football_TotalValue_v1': {'context_flags': {'book_count': 11.0, 'total_value_rule': 'low_total_over_high_total_under'}, 'home_line_proj': 1.0, 'model_name': 'Football_TotalValue_v1', 'parlay_edge_score': 1.0, 'spread_distance': 0.0, 'spread_edge': 0.0, 'spread_pick': '', 'total_distance': 1.0, 'total_edge': 1.0, 'total_pick': 'OVER', 'total_projection': 42.0}}",-111.0,-111.0,-109.0,-109.0,64,ba4e8bfa1f4eeaa74c7b09f409361c0d,2025-10-19T15:55:39Z,odds_api_flattened,-1.0,1.0,STATUS_FINAL,post,41.0,MetLife Stadium
nfl_401772861,2025-10-19,Chicago Bears,New Orleans Saints,-4.5,4.5,44.5,45.0,AWAY,-0.25,0.5,0.75,LOW,Football_MarketBlend_v1,Football_MarketBlend_v1,"{'blend_inputs': ['Football_MarketConsensus_v1', 'Football_SpreadValue_v1', 'Football_TotalValue_v1', 'Football_LineMovement_v1', 'Football_KeyNumberGuard_v1'], 'key_number_risk': False}","Game: New Orleans Saints @ Chicago Bears
Authority: Football_MarketBlend_v1
Market: Spread -4.5, Total 44.5
Projection: Margin -4.25, Total 45.0
Spread Pick: AWAY (edge -0.25)
Total Pick: OVER (edge 0.5)",-4.25,,,,OVER,ACTIVE,,"{'spread': None, 'total': None}",FOOTBALL_MARKET_BLEND,14,14,NO,11,FOOTBALL_MARKET_BLEND,2025-10-19T17:00:00Z,1,Football market blend edge clears threshold,11,False,,true,true,true,true,26,26,CHI,nfl,odds_api_flattened_consensus,3,"{'Football_KeyNumberGuard_v1': {'context_flags': {'key_number_risk': False, 'key_numbers': [3, 7, 10]}, 'home_line_proj': -4.5, 'model_name': 'Football_KeyNumberGuard_v1', 'parlay_edge_score': 0, 'spread_distance': 0.0, 'spread_edge': 0.0, 'spread_pick': '', 'total_distance': 0.0, 'total_edge': 0.0, 'total_pick': '', 'total_projection': 44.5}, 'Football_LineMovement_v1': {'context_flags': {'movement_available': False}, 'home_line_proj': -4.5, 'model_name': 'Football_LineMovement_v1', 'parlay_edge_score': 0, 'spread_distance': 0.0, 'spread_edge': 0.0, 'spread_pick': '', 'total_distance': 0.0, 'total_edge': 0.0, 'total_pick': '', 'total_projection': 44.5}, 'Football_MarketBlend_v1': {'context_flags': {'blend_inputs': ['Football_MarketConsensus_v1', 'Football_SpreadValue_v1', 'Football_TotalValue_v1', 'Football_LineMovement_v1', 'Football_KeyNumberGuard_v1'], 'key_number_risk': False}, 'home_line_proj': -4.25, 'model_name': 'Football_MarketBlend_v1', 'parlay_edge_score': 0.75, 'spread_distance': 0.25, 'spread_edge': -0.25, 'spread_pick': 'AWAY', 'total_distance': 0.5, 'total_edge': 0.5, 'total_pick': 'OVER', 'total_projection': 45.0}, 'Football_MarketConsensus_v1': {'context_flags': {'book_count': 11, 'source': 'market_consensus'}, 'home_line_proj': -4.5, 'model_name': 'Football_MarketConsensus_v1', 'parlay_edge_score': 0, 'spread_distance': 0.0, 'spread_edge': 0.0, 'spread_pick': '', 'total_distance': 0.0, 'total_edge': 0.0, 'total_pick': '', 'total_projection': 44.5}, 'Football_SpreadValue_v1': {'context_flags': {'book_count': 11.0, 'value_shift': 0.75}, 'home_line_proj': -3.75, 'model_name': 'Football_SpreadValue_v1', 'parlay_edge_score': 0.75, 'spread_distance': 0.75, 'spread_edge': -0.75, 'spread_pick': 'AWAY', 'total_distance': 0.0, 'total_edge': 0.0, 'total_pick': '', 'total_projection': 44.5}, 'Football_TotalValue_v1': {'context_flags': {'book_count': 11.0, 'total_value_rule': 'low_total_over_high_total_under'}, 'home_line_proj': -4.5, 'model_name': 'Football_TotalValue_v1', 'parlay_edge_score': 1.0, 'spread_distance': 0.0, 'spread_edge': 0.0, 'spread_pick': '', 'total_distance': 1.0, 'total_edge': 1.0, 'total_pick': 'OVER', 'total_projection': 45.5}}",180.0,180.0,-220.0,-220.0,66,8f06a4b503cc7309cb0df4a8b67f9930,2025-10-19T15:55:39Z,odds_api_flattened,4.5,-4.5,STATUS_FINAL,post,44.5,Soldier Field
nfl_401772862,2025-10-19,Minnesota Vikings,Philadelphia Eagles,2.0,-2.0,44.0,44.5,HOME,0.25,0.5,0.75,LOW,Football_MarketBlend_v1,Football_MarketBlend_v1,"{'blend_inputs': ['Football_MarketConsensus_v1', 'Football_SpreadValue_v1', 'Football_TotalValue_v1', 'Football_LineMovement_v1', 'Football_KeyNumberGuard_v1'], 'key_number_risk': False}","Game: Philadelphia Eagles @ Minnesota Vikings
Authority: Football_MarketBlend_v1
Market: Spread 2.0, Total 44.0
Projection: Margin 1.75, Total 44.5
Spread Pick: HOME (edge 0.25)
Total Pick: OVER (edge 0.5)",1.75,,,,OVER,ACTIVE,,"{'spread': None, 'total': None}",FOOTBALL_MARKET_BLEND,28,28,PHI,11,FOOTBALL_MARKET_BLEND,2025-10-19T17:00:00Z,1,Football market blend edge clears threshold,11,False,,true,true,true,true,22,22,MIN,nfl,odds_api_flattened_consensus,3,"{'Football_KeyNumberGuard_v1': {'context_flags': {'key_number_risk': False, 'key_numbers': [3, 7, 10]}, 'home_line_proj': 2.0, 'model_name': 'Football_KeyNumberGuard_v1', 'parlay_edge_score': 0, 'spread_distance': 0.0, 'spread_edge': 0.0, 'spread_pick': '', 'total_distance': 0.0, 'total_edge': 0.0, 'total_pick': '', 'total_projection': 44.0}, 'Football_LineMovement_v1': {'context_flags': {'movement_available': False}, 'home_line_proj': 2.0, 'model_name': 'Football_LineMovement_v1', 'parlay_edge_score': 0, 'spread_distance': 0.0, 'spread_edge': 0.0, 'spread_pick': '', 'total_distance': 0.0, 'total_edge': 0.0, 'total_pick': '', 'total_projection': 44.0}, 'Football_MarketBlend_v1': {'context_flags': {'blend_inputs': ['Football_MarketConsensus_v1', 'Football_SpreadValue_v1', 'Football_TotalValue_v1', 'Football_LineMovement_v1', 'Football_KeyNumberGuard_v1'], 'key_number_risk': False}, 'home_line_proj': 1.75, 'model_name': 'Football_MarketBlend_v1', 'parlay_edge_score': 0.75, 'spread_distance': 0.25, 'spread_edge': 0.25, 'spread_pick': 'HOME', 'total_distance': 0.5, 'total_edge': 0.5, 'total_pick': 'OVER', 'total_projection': 44.5}, 'Football_MarketConsensus_v1': {'context_flags': {'book_count': 11, 'source': 'market_consensus'}, 'home_line_proj': 2.0, 'model_name': 'Football_MarketConsensus_v1', 'parlay_edge_score': 0, 'spread_distance': 0.0, 'spread_edge': 0.0, 'spread_pick': '', 'total_distance': 0.0, 'total_edge': 0.0, 'total_pick': '', 'total_projection': 44.0}, 'Football_SpreadValue_v1': {'context_flags': {'book_count': 11.0, 'value_shift': -0.75}, 'home_line_proj': 1.25, 'model_name': 'Football_SpreadValue_v1', 'parlay_edge_score': 0.75, 'spread_distance': 0.75, 'spread_edge': 0.75, 'spread_pick': 'HOME', 'total_distance': 0.0, 'total_edge': 0.0, 'total_pick': '', 'total_projection': 44.0}, 'Football_TotalValue_v1': {'context_flags': {'book_count': 11.0, 'total_value_rule': 'low_total_over_high_total_under'}, 'home_line_proj': 2.0, 'model_name': 'Football_TotalValue_v1', 'parlay_edge_score': 1.0, 'spread_distance': 0.0, 'spread_edge': 0.0, 'spread_pick': '', 'total_distance': 1.0, 'total_edge': 1.0, 'total_pick': 'OVER', 'total_projection': 45.0}}",-135.0,-135.0,114.0,114.0,66,6a8d2daf7f75100d02656bc0217737e8,2025-10-19T15:55:39Z,odds_api_flattened,-2.0,2.0,STATUS_FINAL,post,44.0,U.S. Bank Stadium
nfl_401772863,2025-10-19,Arizona Cardinals,Green Bay Packers,7.0,-7.0,44.5,45.0,,0.25,0.5,0.75,LOW,Football_MarketBlend_v1,Football_MarketBlend_v1,"{'blend_inputs': ['Football_MarketConsensus_v1', 'Football_SpreadValue_v1', 'Football_TotalValue_v1', 'Football_LineMovement_v1', 'Football_KeyNumberGuard_v1'], 'key_number_risk': True, 'spread_veto': 'key_number_guard'}","Game: Green Bay Packers @ Arizona Cardinals
Authority: Football_MarketBlend_v1
Market: Spread 7.0, Total 44.5
Projection: Margin 6.75, Total 45.0
Spread Pick:  (edge 0.25)
Total Pick: OVER (edge 0.5)",6.75,,,,OVER,ACTIVE,,"{'spread': None, 'total': None}",FOOTBALL_MARKET_BLEND,27,27,GB,11,FOOTBALL_MARKET_BLEND,2025-10-19T20:25:00Z,1,Football market blend edge clears threshold,11,False,,true,true,true,true,23,23,ARI,nfl,odds_api_flattened_consensus,3,"{'Football_KeyNumberGuard_v1': {'context_flags': {'key_number_risk': True, 'key_numbers': [3, 7, 10]}, 'home_line_proj': 7.0, 'model_name': 'Football_KeyNumberGuard_v1', 'parlay_edge_score': 0, 'spread_distance': 0.0, 'spread_edge': 0.0, 'spread_pick': '', 'total_distance': 0.0, 'total_edge': 0.0, 'total_pick': '', 'total_projection': 44.5}, 'Football_LineMovement_v1': {'context_flags': {'movement_available': False}, 'home_line_proj': 7.0, 'model_name': 'Football_LineMovement_v1', 'parlay_edge_score': 0, 'spread_distance': 0.0, 'spread_edge': 0.0, 'spread_pick': '', 'total_distance': 0.0, 'total_edge': 0.0, 'total_pick': '', 'total_projection': 44.5}, 'Football_MarketBlend_v1': {'context_flags': {'blend_inputs': ['Football_MarketConsensus_v1', 'Football_SpreadValue_v1', 'Football_TotalValue_v1', 'Football_LineMovement_v1', 'Football_KeyNumberGuard_v1'], 'key_number_risk': True, 'spread_veto': 'key_number_guard'}, 'home_line_proj': 6.75, 'model_name': 'Football_MarketBlend_v1', 'parlay_edge_score': 0.75, 'spread_distance': 0.25, 'spread_edge': 0.25, 'spread_pick': '', 'total_distance': 0.5, 'total_edge': 0.5, 'total_pick': 'OVER', 'total_projection': 45.0}, 'Football_MarketConsensus_v1': {'context_flags': {'book_count': 11, 'source': 'market_consensus'}, 'home_line_proj': 7.0, 'model_name': 'Football_MarketConsensus_v1', 'parlay_edge_score': 0, 'spread_distance': 0.0, 'spread_edge': 0.0, 'spread_pick': '', 'total_distance': 0.0, 'total_edge': 0.0, 'total_pick': '', 'total_projection': 44.5}, 'Football_SpreadValue_v1': {'context_flags': {'book_count': 11.0, 'value_shift': -0.75}, 'home_line_proj': 6.25, 'model_name': 'Football_SpreadValue_v1', 'parlay_edge_score': 0.75, 'spread_distance': 0.75, 'spread_edge': 0.75, 'spread_pick': 'HOME', 'total_distance': 0.0, 'total_edge': 0.0, 'total_pick': '', 'total_projection': 44.5}, 'Football_TotalValue_v1': {'context_flags': {'book_count': 11.0, 'total_value_rule': 'low_total_over_high_total_under'}, 'home_line_proj': 7.0, 'model_name': 'Football_TotalValue_v1', 'parlay_edge_score': 1.0, 'spread_distance': 0.0, 'spread_edge': 0.0, 'spread_pick': '', 'total_distance': 1.0, 'total_edge': 1.0, 'total_pick': 'OVER', 'total_projection': 45.5}}",-375.0,-375.0,290.0,290.0,66,1036171316ac51350b388c99e000cfc1,2025-10-19T15:55:39Z,odds_api_flattened,-7.0,7.0,STATUS_FINAL,post,44.5,State Farm Stadium
nfl_401772864,2025-10-19,Dallas Cowboys,Washington Commanders,-1.5,1.5,54.5,54.0,AWAY,-0.25,-0.5,0.75,LOW,Football_MarketBlend_v1,Football_MarketBlend_v1,"{'blend_inputs': ['Football_MarketConsensus_v1', 'Football_SpreadValue_v1', 'Football_TotalValue_v1', 'Football_LineMovement_v1', 'Football_KeyNumberGuard_v1'], 'key_number_risk': False}","Game: Washington Commanders @ Dallas Cowboys
Authority: Football_MarketBlend_v1
Market: Spread -1.5, Total 54.5
Projection: Margin -1.25, Total 54.0
Spread Pick: AWAY (edge -0.25)
Total Pick: UNDER (edge -0.5)",-1.25,,,,UNDER,ACTIVE,,"{'spread': None, 'total': None}",FOOTBALL_MARKET_BLEND,22,22,WAS,11,FOOTBALL_MARKET_BLEND,2025-10-19T20:25:00Z,1,Football market blend edge clears threshold,11,False,,true,true,true,true,44,44,DAL,nfl,odds_api_flattened_consensus,3,"{'Football_KeyNumberGuard_v1': {'context_flags': {'key_number_risk': False, 'key_numbers': [3, 7, 10]}, 'home_line_proj': -1.5, 'model_name': 'Football_KeyNumberGuard_v1', 'parlay_edge_score': 0, 'spread_distance': 0.0, 'spread_edge': 0.0, 'spread_pick': '', 'total_distance': 0.0, 'total_edge': 0.0, 'total_pick': '', 'total_projection': 54.5}, 'Football_LineMovement_v1': {'context_flags': {'movement_available': False}, 'home_line_proj': -1.5, 'model_name': 'Football_LineMovement_v1', 'parlay_edge_score': 0, 'spread_distance': 0.0, 'spread_edge': 0.0, 'spread_pick': '', 'total_distance': 0.0, 'total_edge': 0.0, 'total_pick': '', 'total_projection': 54.5}, 'Football_MarketBlend_v1': {'context_flags': {'blend_inputs': ['Football_MarketConsensus_v1', 'Football_SpreadValue_v1', 'Football_TotalValue_v1', 'Football_LineMovement_v1', 'Football_KeyNumberGuard_v1'], 'key_number_risk': False}, 'home_line_proj': -1.25, 'model_name': 'Football_MarketBlend_v1', 'parlay_edge_score': 0.75, 'spread_distance': 0.25, 'spread_edge': -0.25, 'spread_pick': 'AWAY', 'total_distance': 0.5, 'total_edge': -0.5, 'total_pick': 'UNDER', 'total_projection': 54.0}, 'Football_MarketConsensus_v1': {'context_flags': {'book_count': 11, 'source': 'market_consensus'}, 'home_line_proj': -1.5, 'model_name': 'Football_MarketConsensus_v1', 'parlay_edge_score': 0, 'spread_distance': 0.0, 'spread_edge': 0.0, 'spread_pick': '', 'total_distance': 0.0, 'total_edge': 0.0, 'total_pick': '', 'total_projection': 54.5}, 'Football_SpreadValue_v1': {'context_flags': {'book_count': 11.0, 'value_shift': 0.75}, 'home_line_proj': -0.75, 'model_name': 'Football_SpreadValue_v1', 'parlay_edge_score': 0.75, 'spread_distance': 0.75, 'spread_edge': -0.75, 'spread_pick': 'AWAY', 'total_distance': 0.0, 'total_edge': 0.0, 'total_pick': '', 'total_projection': 54.5}, 'Football_TotalValue_v1': {'context_flags': {'book_count': 11.0, 'total_value_rule': 'low_total_over_high_total_under'}, 'home_line_proj': -1.5, 'model_name': 'Football_TotalValue_v1', 'parlay_edge_score': 1.0, 'spread_distance': 0.0, 'spread_edge': 0.0, 'spread_pick': '', 'total_distance': 1.0, 'total_edge': -1.0, 'total_pick': 'UNDER', 'total_projection': 53.5}}",105.0,105.0,-127.0,-127.0,66,ff0c1ce30d562926ce40fc9bbaa2b7b1,2025-10-19T15:55:39Z,odds_api_flattened,1.5,-1.5,STATUS_FINAL,post,54.5,AT&T Stadium
nfl_401772816,2025-10-20,Detroit Lions,Tampa Bay Buccaneers,-6.0,6.0,53.0,52.5,AWAY,-0.25,-0.5,0.75,LOW,Football_MarketBlend_v1,Football_MarketBlend_v1,"{'blend_inputs': ['Football_MarketConsensus_v1', 'Football_SpreadValue_v1', 'Football_TotalValue_v1', 'Football_LineMovement_v1', 'Football_KeyNumberGuard_v1'], 'key_number_risk': False}","Game: Tampa Bay Buccaneers @ Detroit Lions
Authority: Football_MarketBlend_v1
Market: Spread -6.0, Total 53.0
Projection: Margin -5.75, Total 52.5
Spread Pick: AWAY (edge -0.25)
Total Pick: UNDER (edge -0.5)",-5.75,,,,UNDER,ACTIVE,,"{'spread': None, 'total': None}",FOOTBALL_MARKET_BLEND,9,9,TB,11,FOOTBALL_MARKET_BLEND,2025-10-20T23:00:00Z,1,Football market blend edge clears threshold,11,False,,true,true,true,true,24,24,DET,nfl,odds_api_flattened_consensus,3,"{'Football_KeyNumberGuard_v1': {'context_flags': {'key_number_risk': False, 'key_numbers': [3, 7, 10]}, 'home_line_proj': -6.0, 'model_name': 'Football_KeyNumberGuard_v1', 'parlay_edge_score': 0, 'spread_distance': 0.0, 'spread_edge': 0.0, 'spread_pick': '', 'total_distance': 0.0, 'total_edge': 0.0, 'total_pick': '', 'total_projection': 53.0}, 'Football_LineMovement_v1': {'context_flags': {'movement_available': False}, 'home_line_proj': -6.0, 'model_name': 'Football_LineMovement_v1', 'parlay_edge_score': 0, 'spread_distance': 0.0, 'spread_edge': 0.0, 'spread_pick': '', 'total_distance': 0.0, 'total_edge': 0.0, 'total_pick': '', 'total_projection': 53.0}, 'Football_MarketBlend_v1': {'context_flags': {'blend_inputs': ['Football_MarketConsensus_v1', 'Football_SpreadValue_v1', 'Football_TotalValue_v1', 'Football_LineMovement_v1', 'Football_KeyNumberGuard_v1'], 'key_number_risk': False}, 'home_line_proj': -5.75, 'model_name': 'Football_MarketBlend_v1', 'parlay_edge_score': 0.75, 'spread_distance': 0.25, 'spread_edge': -0.25, 'spread_pick': 'AWAY', 'total_distance': 0.5, 'total_edge': -0.5, 'total_pick': 'UNDER', 'total_projection': 52.5}, 'Football_MarketConsensus_v1': {'context_flags': {'book_count': 11, 'source': 'market_consensus'}, 'home_line_proj': -6.0, 'model_name': 'Football_MarketConsensus_v1', 'parlay_edge_score': 0, 'spread_distance': 0.0, 'spread_edge': 0.0, 'spread_pick': '', 'total_distance': 0.0, 'total_edge': 0.0, 'total_pick': '', 'total_projection': 53.0}, 'Football_SpreadValue_v1': {'context_flags': {'book_count': 11.0, 'value_shift': 0.75}, 'home_line_proj': -5.25, 'model_name': 'Football_SpreadValue_v1', 'parlay_edge_score': 0.75, 'spread_distance': 0.75, 'spread_edge': -0.75, 'spread_pick': 'AWAY', 'total_distance': 0.0, 'total_edge': 0.0, 'total_pick': '', 'total_projection': 53.0}, 'Football_TotalValue_v1': {'context_flags': {'book_count': 11.0, 'total_value_rule': 'low_total_over_high_total_under'}, 'home_line_proj': -6.0, 'model_name': 'Football_TotalValue_v1', 'parlay_edge_score': 1.0, 'spread_distance': 0.0, 'spread_edge': 0.0, 'spread_pick': '', 'total_distance': 1.0, 'total_edge': -1.0, 'total_pick': 'UNDER', 'total_projection': 52.0}}",225.0,225.0,-275.0,-275.0,66,b808059d3ccc754ace4a3d23b58e47e8,2025-10-20T15:55:40Z,odds_api_flattened,6.0,-6.0,STATUS_FINAL,post,53.0,Ford Field
nfl_401772924,2025-10-20,San Francisco 49ers,Atlanta Falcons,-1.0,1.0,47.0,46.5,AWAY,-0.25,-0.5,0.75,LOW,Football_MarketBlend_v1,Football_MarketBlend_v1,"{'blend_inputs': ['Football_MarketConsensus_v1', 'Football_SpreadValue_v1', 'Football_TotalValue_v1', 'Football_LineMovement_v1', 'Football_KeyNumberGuard_v1'], 'key_number_risk': False}","Game: Atlanta Falcons @ San Francisco 49ers
Authority: Football_MarketBlend_v1
Market: Spread -1.0, Total 47.0
Projection: Margin -0.75, Total 46.5
Spread Pick: AWAY (edge -0.25)
Total Pick: UNDER (edge -0.5)",-0.75,,,,UNDER,ACTIVE,,"{'spread': None, 'total': None}",FOOTBALL_MARKET_BLEND,10,10,ATL,11,FOOTBALL_MARKET_BLEND,2025-10-20T00:20:00Z,1,Football market blend edge clears threshold,11,False,,true,true,true,true,20,20,SF,nfl,odds_api_flattened_consensus,3,"{'Football_KeyNumberGuard_v1': {'context_flags': {'key_number_risk': False, 'key_numbers': [3, 7, 10]}, 'home_line_proj': -1.0, 'model_name': 'Football_KeyNumberGuard_v1', 'parlay_edge_score': 0, 'spread_distance': 0.0, 'spread_edge': 0.0, 'spread_pick': '', 'total_distance': 0.0, 'total_edge': 0.0, 'total_pick': '', 'total_projection': 47.0}, 'Football_LineMovement_v1': {'context_flags': {'movement_available': False}, 'home_line_proj': -1.0, 'model_name': 'Football_LineMovement_v1', 'parlay_edge_score': 0, 'spread_distance': 0.0, 'spread_edge': 0.0, 'spread_pick': '', 'total_distance': 0.0, 'total_edge': 0.0, 'total_pick': '', 'total_projection': 47.0}, 'Football_MarketBlend_v1': {'context_flags': {'blend_inputs': ['Football_MarketConsensus_v1', 'Football_SpreadValue_v1', 'Football_TotalValue_v1', 'Football_LineMovement_v1', 'Football_KeyNumberGuard_v1'], 'key_number_risk': False}, 'home_line_proj': -0.75, 'model_name': 'Football_MarketBlend_v1', 'parlay_edge_score': 0.75, 'spread_distance': 0.25, 'spread_edge': -0.25, 'spread_pick': 'AWAY', 'total_distance': 0.5, 'total_edge': -0.5, 'total_pick': 'UNDER', 'total_projection': 46.5}, 'Football_MarketConsensus_v1': {'context_flags': {'book_count': 11, 'source': 'market_consensus'}, 'home_line_proj': -1.0, 'model_name': 'Football_MarketConsensus_v1', 'parlay_edge_score': 0, 'spread_distance': 0.0, 'spread_edge': 0.0, 'spread_pick': '', 'total_distance': 0.0, 'total_edge': 0.0, 'total_pick': '', 'total_projection': 47.0}, 'Football_SpreadValue_v1': {'context_flags': {'book_count': 11.0, 'value_shift': 0.75}, 'home_line_proj': -0.25, 'model_name': 'Football_SpreadValue_v1', 'parlay_edge_score': 0.75, 'spread_distance': 0.75, 'spread_edge': -0.75, 'spread_pick': 'AWAY', 'total_distance': 0.0, 'total_edge': 0.0, 'total_pick': '', 'total_projection': 47.0}, 'Football_TotalValue_v1': {'context_flags': {'book_count': 11.0, 'total_value_rule': 'low_total_over_high_total_under'}, 'home_line_proj': -1.0, 'model_name': 'Football_TotalValue_v1', 'parlay_edge_score': 1.0, 'spread_distance': 0.0, 'spread_edge': 0.0, 'spread_pick': '', 'total_distance': 1.0, 'total_edge': -1.0, 'total_pick': 'UNDER', 'total_projection': 46.0}}",-103.0,-103.0,-117.5,-117.5,60,7b2ded52498efcf97a08ef10ee99b0f3,2025-10-19T15:55:39Z,odds_api_flattened,1.0,-1.0,STATUS_FINAL,post,47.0,Levi's Stadium
nfl_401772826,2025-10-21,Seattle Seahawks,Houston Texans,-3.0,3.0,41.0,41.5,,-0.25,0.5,0.75,LOW,Football_MarketBlend_v1,Football_MarketBlend_v1,"{'blend_inputs': ['Football_MarketConsensus_v1', 'Football_SpreadValue_v1', 'Football_TotalValue_v1', 'Football_LineMovement_v1', 'Football_KeyNumberGuard_v1'], 'key_number_risk': True, 'spread_veto': 'key_number_guard'}","Game: Houston Texans @ Seattle Seahawks
Authority: Football_MarketBlend_v1
Market: Spread -3.0, Total 41.0
Projection: Margin -2.75, Total 41.5
Spread Pick:  (edge -0.25)
Total Pick: OVER (edge 0.5)",-2.75,,,,OVER,ACTIVE,,"{'spread': None, 'total': None}",FOOTBALL_MARKET_BLEND,19,19,HOU,11,FOOTBALL_MARKET_BLEND,2025-10-21T02:00:00Z,1,Football market blend edge clears threshold,11,False,,true,true,true,true,27,27,SEA,nfl,odds_api_flattened_consensus,3,"{'Football_KeyNumberGuard_v1': {'context_flags': {'key_number_risk': True, 'key_numbers': [3, 7, 10]}, 'home_line_proj': -3.0, 'model_name': 'Football_KeyNumberGuard_v1', 'parlay_edge_score': 0, 'spread_distance': 0.0, 'spread_edge': 0.0, 'spread_pick': '', 'total_distance': 0.0, 'total_edge': 0.0, 'total_pick': '', 'total_projection': 41.0}, 'Football_LineMovement_v1': {'context_flags': {'movement_available': False}, 'home_line_proj': -3.0, 'model_name': 'Football_LineMovement_v1', 'parlay_edge_score': 0, 'spread_distance': 0.0, 'spread_edge': 0.0, 'spread_pick': '', 'total_distance': 0.0, 'total_edge': 0.0, 'total_pick': '', 'total_projection': 41.0}, 'Football_MarketBlend_v1': {'context_flags': {'blend_inputs': ['Football_MarketConsensus_v1', 'Football_SpreadValue_v1', 'Football_TotalValue_v1', 'Football_LineMovement_v1', 'Football_KeyNumberGuard_v1'], 'key_number_risk': True, 'spread_veto': 'key_number_guard'}, 'home_line_proj': -2.75, 'model_name': 'Football_MarketBlend_v1', 'parlay_edge_score': 0.75, 'spread_distance': 0.25, 'spread_edge': -0.25, 'spread_pick': '', 'total_distance': 0.5, 'total_edge': 0.5, 'total_pick': 'OVER', 'total_projection': 41.5}, 'Football_MarketConsensus_v1': {'context_flags': {'book_count': 11, 'source': 'market_consensus'}, 'home_line_proj': -3.0, 'model_name': 'Football_MarketConsensus_v1', 'parlay_edge_score': 0, 'spread_distance': 0.0, 'spread_edge': 0.0, 'spread_pick': '', 'total_distance': 0.0, 'total_edge': 0.0, 'total_pick': '', 'total_projection': 41.0}, 'Football_SpreadValue_v1': {'context_flags': {'book_count': 11.0, 'value_shift': 0.75}, 'home_line_proj': -2.25, 'model_name': 'Football_SpreadValue_v1', 'parlay_edge_score': 0.75, 'spread_distance': 0.75, 'spread_edge': -0.75, 'spread_pick': 'AWAY', 'total_distance': 0.0, 'total_edge': 0.0, 'total_pick': '', 'total_projection': 41.0}, 'Football_TotalValue_v1': {'context_flags': {'book_count': 11.0, 'total_value_rule': 'low_total_over_high_total_under'}, 'home_line_proj': -3.0, 'model_name': 'Football_TotalValue_v1', 'parlay_edge_score': 1.0, 'spread_distance': 0.0, 'spread_edge': 0.0, 'spread_pick': '', 'total_distance': 1.0, 'total_edge': 1.0, 'total_pick': 'OVER', 'total_projection': 42.0}}",146.0,146.0,-175.0,-175.0,66,7ca953ab786f70b22cabbe4946d330fa,2025-10-20T15:55:40Z,odds_api_flattened,3.0,-3.0,STATUS_FINAL,post,41.0,Lumen Field
nfl_401772942,2025-10-24,Los Angeles Chargers,Minnesota Vikings,-3.5,3.5,44.5,45.0,,-0.25,0.5,0.75,LOW,Football_MarketBlend_v1,Football_MarketBlend_v1,"{'blend_inputs': ['Football_MarketConsensus_v1', 'Football_SpreadValue_v1', 'Football_TotalValue_v1', 'Football_LineMovement_v1', 'Football_KeyNumberGuard_v1'], 'key_number_risk': True, 'spread_veto': 'key_number_guard'}","Game: Minnesota Vikings @ Los Angeles Chargers
Authority: Football_MarketBlend_v1
Market: Spread -3.5, Total 44.5
Projection: Margin -3.25, Total 45.0
Spread Pick:  (edge -0.25)
Total Pick: OVER (edge 0.5)",-3.25,,,,OVER,ACTIVE,,"{'spread': None, 'total': None}",FOOTBALL_MARKET_BLEND,10,10,MIN,11,FOOTBALL_MARKET_BLEND,2025-10-24T00:15:00Z,1,Football market blend edge clears threshold,11,False,,true,true,true,true,37,37,LAC,nfl,odds_api_flattened_consensus,3,"{'Football_KeyNumberGuard_v1': {'context_flags': {'key_number_risk': True, 'key_numbers': [3, 7, 10]}, 'home_line_proj': -3.5, 'model_name': 'Football_KeyNumberGuard_v1', 'parlay_edge_score': 0, 'spread_distance': 0.0, 'spread_edge': 0.0, 'spread_pick': '', 'total_distance': 0.0, 'total_edge': 0.0, 'total_pick': '', 'total_projection': 44.5}, 'Football_LineMovement_v1': {'context_flags': {'movement_available': False}, 'home_line_proj': -3.5, 'model_name': 'Football_LineMovement_v1', 'parlay_edge_score': 0, 'spread_distance': 0.0, 'spread_edge': 0.0, 'spread_pick': '', 'total_distance': 0.0, 'total_edge': 0.0, 'total_pick': '', 'total_projection': 44.5}, 'Football_MarketBlend_v1': {'context_flags': {'blend_inputs': ['Football_MarketConsensus_v1', 'Football_SpreadValue_v1', 'Football_TotalValue_v1', 'Football_LineMovement_v1', 'Football_KeyNumberGuard_v1'], 'key_number_risk': True, 'spread_veto': 'key_number_guard'}, 'home_line_proj': -3.25, 'model_name': 'Football_MarketBlend_v1', 'parlay_edge_score': 0.75, 'spread_distance': 0.25, 'spread_edge': -0.25, 'spread_pick': '', 'total_distance': 0.5, 'total_edge': 0.5, 'total_pick': 'OVER', 'total_projection': 45.0}, 'Football_MarketConsensus_v1': {'context_flags': {'book_count': 11, 'source': 'market_consensus'}, 'home_line_proj': -3.5, 'model_name': 'Football_MarketConsensus_v1', 'parlay_edge_score': 0, 'spread_distance': 0.0, 'spread_edge': 0.0, 'spread_pick': '', 'total_distance': 0.0, 'total_edge': 0.0, 'total_pick': '', 'total_projection': 44.5}, 'Football_SpreadValue_v1': {'context_flags': {'book_count': 11.0, 'value_shift': 0.75}, 'home_line_proj': -2.75, 'model_name': 'Football_SpreadValue_v1', 'parlay_edge_score': 0.75, 'spread_distance': 0.75, 'spread_edge': -0.75, 'spread_pick': 'AWAY', 'total_distance': 0.0, 'total_edge': 0.0, 'total_pick': '', 'total_projection': 44.5}, 'Football_TotalValue_v1': {'context_flags': {'book_count': 11.0, 'total_value_rule': 'low_total_over_high_total_under'}, 'home_line_proj': -3.5, 'model_name': 'Football_TotalValue_v1', 'parlay_edge_score': 1.0, 'spread_distance': 0.0, 'spread_edge': 0.0, 'spread_pick': '', 'total_distance': 1.0, 'total_edge': 1.0, 'total_pick': 'OVER', 'total_projection': 45.5}}",150.0,150.0,-180.0,-180.0,66,6439b16f4a038f1c351dc3f1aef27471,2025-10-23T15:55:39Z,odds_api_flattened,3.5,-3.5,STATUS_FINAL,post,44.5,SoFi Stadium
nfl_401772758,2025-10-26,Cincinnati Bengals,New York Jets,-5.5,5.5,44.0,44.5,AWAY,-0.25,0.5,0.75,LOW,Football_MarketBlend_v1,Football_MarketBlend_v1,"{'blend_inputs': ['Football_MarketConsensus_v1', 'Football_SpreadValue_v1', 'Football_TotalValue_v1', 'Football_LineMovement_v1', 'Football_KeyNumberGuard_v1'], 'key_number_risk': False}","Game: New York Jets @ Cincinnati Bengals
Authority: Football_MarketBlend_v1
Market: Spread -5.5, Total 44.0
Projection: Margin -5.25, Total 44.5
Spread Pick: AWAY (edge -0.25)
Total Pick: OVER (edge 0.5)",-5.25,,,,OVER,ACTIVE,,"{'spread': None, 'total': None}",FOOTBALL_MARKET_BLEND,39,39,NYJ,11,FOOTBALL_MARKET_BLEND,2025-10-26T17:00:00Z,1,Football market blend edge clears threshold,11,False,,true,true,true,true,38,38,CIN,nfl,odds_api_flattened_consensus,3,"{'Football_KeyNumberGuard_v1': {'context_flags': {'key_number_risk': False, 'key_numbers': [3, 7, 10]}, 'home_line_proj': -5.5, 'model_name': 'Football_KeyNumberGuard_v1', 'parlay_edge_score': 0, 'spread_distance': 0.0, 'spread_edge': 0.0, 'spread_pick': '', 'total_distance': 0.0, 'total_edge': 0.0, 'total_pick': '', 'total_projection': 44.0}, 'Football_LineMovement_v1': {'context_flags': {'movement_available': False}, 'home_line_proj': -5.5, 'model_name': 'Football_LineMovement_v1', 'parlay_edge_score': 0, 'spread_distance': 0.0, 'spread_edge': 0.0, 'spread_pick': '', 'total_distance': 0.0, 'total_edge': 0.0, 'total_pick': '', 'total_projection': 44.0}, 'Football_MarketBlend_v1': {'context_flags': {'blend_inputs': ['Football_MarketConsensus_v1', 'Football_SpreadValue_v1', 'Football_TotalValue_v1', 'Football_LineMovement_v1', 'Football_KeyNumberGuard_v1'], 'key_number_risk': False}, 'home_line_proj': -5.25, 'model_name': 'Football_MarketBlend_v1', 'parlay_edge_score': 0.75, 'spread_distance': 0.25, 'spread_edge': -0.25, 'spread_pick': 'AWAY', 'total_distance': 0.5, 'total_edge': 0.5, 'total_pick': 'OVER', 'total_projection': 44.5}, 'Football_MarketConsensus_v1': {'context_flags': {'book_count': 11, 'source': 'market_consensus'}, 'home_line_proj': -5.5, 'model_name': 'Football_MarketConsensus_v1', 'parlay_edge_score': 0, 'spread_distance': 0.0, 'spread_edge': 0.0, 'spread_pick': '', 'total_distance': 0.0, 'total_edge': 0.0, 'total_pick': '', 'total_projection': 44.0}, 'Football_SpreadValue_v1': {'context_flags': {'book_count': 11.0, 'value_shift': 0.75}, 'home_line_proj': -4.75, 'model_name': 'Football_SpreadValue_v1', 'parlay_edge_score': 0.75, 'spread_distance': 0.75, 'spread_edge': -0.75, 'spread_pick': 'AWAY', 'total_distance': 0.0, 'total_edge': 0.0, 'total_pick': '', 'total_projection': 44.0}, 'Football_TotalValue_v1': {'context_flags': {'book_count': 11.0, 'total_value_rule': 'low_total_over_high_total_under'}, 'home_line_proj': -5.5, 'model_name': 'Football_TotalValue_v1', 'parlay_edge_score': 1.0, 'spread_distance': 0.0, 'spread_edge': 0.0, 'spread_pick': '', 'total_distance': 1.0, 'total_edge': 1.0, 'total_pick': 'OVER', 'total_projection': 45.0}}",235.0,235.0,-290.0,-290.0,66,9c1f73e48ca9750f6e7d5d64874057c2,2025-10-26T15:55:38Z,odds_api_flattened,5.5,-5.5,STATUS_FINAL,post,44.0,Paycor Stadium
nfl_401772759,2025-10-26,Baltimore Ravens,Chicago Bears,-2.5,2.5,45.0,44.5,,-0.25,-0.5,0.75,LOW,Football_MarketBlend_v1,Football_MarketBlend_v1,"{'blend_inputs': ['Football_MarketConsensus_v1', 'Football_SpreadValue_v1', 'Football_TotalValue_v1', 'Football_LineMovement_v1', 'Football_KeyNumberGuard_v1'], 'key_number_risk': True, 'spread_veto': 'key_number_guard'}","Game: Chicago Bears @ Baltimore Ravens
Authority: Football_MarketBlend_v1
Market: Spread -2.5, Total 45.0
Projection: Margin -2.25, Total 44.5
Spread Pick:  (edge -0.25)
Total Pick: UNDER (edge -0.5)",-2.25,,,,UNDER,ACTIVE,,"{'spread': None, 'total': None}",FOOTBALL_MARKET_BLEND,16,16,CHI,11,FOOTBALL_MARKET_BLEND,2025-10-26T17:00:00Z,1,Football market blend edge clears threshold,11,False,,true,true,true,true,30,30,BAL,nfl,odds_api_flattened_consensus,3,"{'Football_KeyNumberGuard_v1': {'context_flags': {'key_number_risk': True, 'key_numbers': [3, 7, 10]}, 'home_line_proj': -2.5, 'model_name': 'Football_KeyNumberGuard_v1', 'parlay_edge_score': 0, 'spread_distance': 0.0, 'spread_edge': 0.0, 'spread_pick': '', 'total_distance': 0.0, 'total_edge': 0.0, 'total_pick': '', 'total_projection': 45.0}, 'Football_LineMovement_v1': {'context_flags': {'movement_available': False}, 'home_line_proj': -2.5, 'model_name': 'Football_LineMovement_v1', 'parlay_edge_score': 0, 'spread_distance': 0.0, 'spread_edge': 0.0, 'spread_pick': '', 'total_distance': 0.0, 'total_edge': 0.0, 'total_pick': '', 'total_projection': 45.0}, 'Football_MarketBlend_v1': {'context_flags': {'blend_inputs': ['Football_MarketConsensus_v1', 'Football_SpreadValue_v1', 'Football_TotalValue_v1', 'Football_LineMovement_v1', 'Football_KeyNumberGuard_v1'], 'key_number_risk': True, 'spread_veto': 'key_number_guard'}, 'home_line_proj': -2.25, 'model_name': 'Football_MarketBlend_v1', 'parlay_edge_score': 0.75, 'spread_distance': 0.25, 'spread_edge': -0.25, 'spread_pick': '', 'total_distance': 0.5, 'total_edge': -0.5, 'total_pick': 'UNDER', 'total_projection': 44.5}, 'Football_MarketConsensus_v1': {'context_flags': {'book_count': 11, 'source': 'market_consensus'}, 'home_line_proj': -2.5, 'model_name': 'Football_MarketConsensus_v1', 'parlay_edge_score': 0, 'spread_distance': 0.0, 'spread_edge': 0.0, 'spread_pick': '', 'total_distance': 0.0, 'total_edge': 0.0, 'total_pick': '', 'total_projection': 45.0}, 'Football_SpreadValue_v1': {'context_flags': {'book_count': 11.0, 'value_shift': 0.75}, 'home_line_proj': -1.75, 'model_name': 'Football_SpreadValue_v1', 'parlay_edge_score': 0.75, 'spread_distance': 0.75, 'spread_edge': -0.75, 'spread_pick': 'AWAY', 'total_distance': 0.0, 'total_edge': 0.0, 'total_pick': '', 'total_projection': 45.0}, 'Football_TotalValue_v1': {'context_flags': {'book_count': 11.0, 'total_value_rule': 'low_total_over_high_total_under'}, 'home_line_proj': -2.5, 'model_name': 'Football_TotalValue_v1', 'parlay_edge_score': 1.0, 'spread_distance': 0.0, 'spread_edge': 0.0, 'spread_pick': '', 'total_distance': 1.0, 'total_edge': -1.0, 'total_pick': 'UNDER', 'total_projection': 44.0}}",124.0,124.0,-148.0,-148.0,66,a061e80d1f50eab193b34d19f8e59f62,2025-10-26T15:55:38Z,odds_api_flattened,2.5,-2.5,STATUS_FINAL,post,45.0,M&T Bank Stadium
nfl_401772760,2025-10-26,Atlanta Falcons,Miami Dolphins,-7.0,7.0,44.5,45.0,,-0.25,0.5,0.75,LOW,Football_MarketBlend_v1,Football_MarketBlend_v1,"{'blend_inputs': ['Football_MarketConsensus_v1', 'Football_SpreadValue_v1', 'Football_TotalValue_v1', 'Football_LineMovement_v1', 'Football_KeyNumberGuard_v1'], 'key_number_risk': True, 'spread_veto': 'key_number_guard'}","Game: Miami Dolphins @ Atlanta Falcons
Authority: Football_MarketBlend_v1
Market: Spread -7.0, Total 44.5
Projection: Margin -6.75, Total 45.0
Spread Pick:  (edge -0.25)
Total Pick: OVER (edge 0.5)",-6.75,,,,OVER,ACTIVE,,"{'spread': None, 'total': None}",FOOTBALL_MARKET_BLEND,34,34,MIA,11,FOOTBALL_MARKET_BLEND,2025-10-26T17:00:00Z,1,Football market blend edge clears threshold,11,False,,true,true,true,true,10,10,ATL,nfl,odds_api_flattened_consensus,3,"{'Football_KeyNumberGuard_v1': {'context_flags': {'key_number_risk': True, 'key_numbers': [3, 7, 10]}, 'home_line_proj': -7.0, 'model_name': 'Football_KeyNumberGuard_v1', 'parlay_edge_score': 0, 'spread_distance': 0.0, 'spread_edge': 0.0, 'spread_pick': '', 'total_distance': 0.0, 'total_edge': 0.0, 'total_pick': '', 'total_projection': 44.5}, 'Football_LineMovement_v1': {'context_flags': {'movement_available': False}, 'home_line_proj': -7.0, 'model_name': 'Football_LineMovement_v1', 'parlay_edge_score': 0, 'spread_distance': 0.0, 'spread_edge': 0.0, 'spread_pick': '', 'total_distance': 0.0, 'total_edge': 0.0, 'total_pick': '', 'total_projection': 44.5}, 'Football_MarketBlend_v1': {'context_flags': {'blend_inputs': ['Football_MarketConsensus_v1', 'Football_SpreadValue_v1', 'Football_TotalValue_v1', 'Football_LineMovement_v1', 'Football_KeyNumberGuard_v1'], 'key_number_risk': True, 'spread_veto': 'key_number_guard'}, 'home_line_proj': -6.75, 'model_name': 'Football_MarketBlend_v1', 'parlay_edge_score': 0.75, 'spread_distance': 0.25, 'spread_edge': -0.25, 'spread_pick': '', 'total_distance': 0.5, 'total_edge': 0.5, 'total_pick': 'OVER', 'total_projection': 45.0}, 'Football_MarketConsensus_v1': {'context_flags': {'book_count': 11, 'source': 'market_consensus'}, 'home_line_proj': -7.0, 'model_name': 'Football_MarketConsensus_v1', 'parlay_edge_score': 0, 'spread_distance': 0.0, 'spread_edge': 0.0, 'spread_pick': '', 'total_distance': 0.0, 'total_edge': 0.0, 'total_pick': '', 'total_projection': 44.5}, 'Football_SpreadValue_v1': {'context_flags': {'book_count': 11.0, 'value_shift': 0.75}, 'home_line_proj': -6.25, 'model_name': 'Football_SpreadValue_v1', 'parlay_edge_score': 0.75, 'spread_distance': 0.75, 'spread_edge': -0.75, 'spread_pick': 'AWAY', 'total_distance': 0.0, 'total_edge': 0.0, 'total_pick': '', 'total_projection': 44.5}, 'Football_TotalValue_v1': {'context_flags': {'book_count': 11.0, 'total_value_rule': 'low_total_over_high_total_under'}, 'home_line_proj': -7.0, 'model_name': 'Football_TotalValue_v1', 'parlay_edge_score': 1.0, 'spread_distance': 0.0, 'spread_edge': 0.0, 'spread_pick': '', 'total_distance': 1.0, 'total_edge': 1.0, 'total_pick': 'OVER', 'total_projection': 45.5}}",300.0,300.0,-390.0,-390.0,66,ac02b1b59aa0623845378a02bc530c68,2025-10-26T15:55:38Z,odds_api_flattened,7.0,-7.0,STATUS_FINAL,post,44.5,Mercedes-Benz Stadium
nfl_401772761,2025-10-26,Indianapolis Colts,Tennessee Titans,-14.5,14.5,47.5,47.0,AWAY,-0.25,-0.5,0.75,LOW,Football_MarketBlend_v1,Football_MarketBlend_v1,"{'blend_inputs': ['Football_MarketConsensus_v1', 'Football_SpreadValue_v1', 'Football_TotalValue_v1', 'Football_LineMovement_v1', 'Football_KeyNumberGuard_v1'], 'key_number_risk': False}","Game: Tennessee Titans @ Indianapolis Colts
Authority: Football_MarketBlend_v1
Market: Spread -14.5, Total 47.5
Projection: Margin -14.25, Total 47.0
Spread Pick: AWAY (edge -0.25)
Total Pick: UNDER (edge -0.5)",-14.25,,,,UNDER,ACTIVE,,"{'spread': None, 'total': None}",FOOTBALL_MARKET_BLEND,14,14,TEN,11,FOOTBALL_MARKET_BLEND,2025-10-26T20:25:00Z,1,Football market blend edge clears threshold,11,False,,true,true,true,true,38,38,IND,nfl,odds_api_flattened_consensus,3,"{'Football_KeyNumberGuard_v1': {'context_flags': {'key_number_risk': False, 'key_numbers': [3, 7, 10]}, 'home_line_proj': -14.5, 'model_name': 'Football_KeyNumberGuard_v1', 'parlay_edge_score': 0, 'spread_distance': 0.0, 'spread_edge': 0.0, 'spread_pick': '', 'total_distance': 0.0, 'total_edge': 0.0, 'total_pick': '', 'total_projection': 47.5}, 'Football_LineMovement_v1': {'context_flags': {'movement_available': False}, 'home_line_proj': -14.5, 'model_name': 'Football_LineMovement_v1', 'parlay_edge_score': 0, 'spread_distance': 0.0, 'spread_edge': 0.0, 'spread_pick': '', 'total_distance': 0.0, 'total_edge': 0.0, 'total_pick': '', 'total_projection': 47.5}, 'Football_MarketBlend_v1': {'context_flags': {'blend_inputs': ['Football_MarketConsensus_v1', 'Football_SpreadValue_v1', 'Football_TotalValue_v1', 'Football_LineMovement_v1', 'Football_KeyNumberGuard_v1'], 'key_number_risk': False}, 'home_line_proj': -14.25, 'model_name': 'Football_MarketBlend_v1', 'parlay_edge_score': 0.75, 'spread_distance': 0.25, 'spread_edge': -0.25, 'spread_pick': 'AWAY', 'total_distance': 0.5, 'total_edge': -0.5, 'total_pick': 'UNDER', 'total_projection': 47.0}, 'Football_MarketConsensus_v1': {'context_flags': {'book_count': 11, 'source': 'market_consensus'}, 'home_line_proj': -14.5, 'model_name': 'Football_MarketConsensus_v1', 'parlay_edge_score': 0, 'spread_distance': 0.0, 'spread_edge': 0.0, 'spread_pick': '', 'total_distance': 0.0, 'total_edge': 0.0, 'total_pick': '', 'total_projection': 47.5}, 'Football_SpreadValue_v1': {'context_flags': {'book_count': 11.0, 'value_shift': 0.75}, 'home_line_proj': -13.75, 'model_name': 'Football_SpreadValue_v1', 'parlay_edge_score': 0.75, 'spread_distance': 0.75, 'spread_edge': -0.75, 'spread_pick': 'AWAY', 'total_distance': 0.0, 'total_edge': 0.0, 'total_pick': '', 'total_projection': 47.5}, 'Football_TotalValue_v1': {'context_flags': {'book_count': 11.0, 'total_value_rule': 'low_total_over_high_total_under'}, 'home_line_proj': -14.5, 'model_name': 'Football_TotalValue_v1', 'parlay_edge_score': 1.0, 'spread_distance': 0.0, 'spread_edge': 0.0, 'spread_pick': '', 'total_distance': 1.0, 'total_edge': -1.0, 'total_pick': 'UNDER', 'total_projection': 46.5}}",870.0,870.0,-1600.0,-1600.0,66,88187a33b007c088d75c6cd14c83086c,2025-10-26T15:55:38Z,odds_api_flattened,14.5,-14.5,STATUS_FINAL,post,47.5,Lucas Oil Stadium
nfl_401772762,2025-10-26,Denver Broncos,Dallas Cowboys,-3.5,3.5,51.5,51.0,,-0.25,-0.5,0.75,LOW,Football_MarketBlend_v1,Football_MarketBlend_v1,"{'blend_inputs': ['Football_MarketConsensus_v1', 'Football_SpreadValue_v1', 'Football_TotalValue_v1', 'Football_LineMovement_v1', 'Football_KeyNumberGuard_v1'], 'key_number_risk': True, 'spread_veto': 'key_number_guard'}","Game: Dallas Cowboys @ Denver Broncos
Authority: Football_MarketBlend_v1
Market: Spread -3.5, Total 51.5
Projection: Margin -3.25, Total 51.0
Spread Pick:  (edge -0.25)
Total Pick: UNDER (edge -0.5)",-3.25,,,,UNDER,ACTIVE,,"{'spread': None, 'total': None}",FOOTBALL_MARKET_BLEND,24,24,DAL,11,FOOTBALL_MARKET_BLEND,2025-10-26T20:25:00Z,1,Football market blend edge clears threshold,11,False,,true,true,true,true,44,44,DEN,nfl,odds_api_flattened_consensus,3,"{'Football_KeyNumberGuard_v1': {'context_flags': {'key_number_risk': True, 'key_numbers': [3, 7, 10]}, 'home_line_proj': -3.5, 'model_name': 'Football_KeyNumberGuard_v1', 'parlay_edge_score': 0, 'spread_distance': 0.0, 'spread_edge': 0.0, 'spread_pick': '', 'total_distance': 0.0, 'total_edge': 0.0, 'total_pick': '', 'total_projection': 51.5}, 'Football_LineMovement_v1': {'context_flags': {'movement_available': False}, 'home_line_proj': -3.5, 'model_name': 'Football_LineMovement_v1', 'parlay_edge_score': 0, 'spread_distance': 0.0, 'spread_edge': 0.0, 'spread_pick': '', 'total_distance': 0.0, 'total_edge': 0.0, 'total_pick': '', 'total_projection': 51.5}, 'Football_MarketBlend_v1': {'context_flags': {'blend_inputs': ['Football_MarketConsensus_v1', 'Football_SpreadValue_v1', 'Football_TotalValue_v1', 'Football_LineMovement_v1', 'Football_KeyNumberGuard_v1'], 'key_number_risk': True, 'spread_veto': 'key_number_guard'}, 'home_line_proj': -3.25, 'model_name': 'Football_MarketBlend_v1', 'parlay_edge_score': 0.75, 'spread_distance': 0.25, 'spread_edge': -0.25, 'spread_pick': '', 'total_distance': 0.5, 'total_edge': -0.5, 'total_pick': 'UNDER', 'total_projection': 51.0}, 'Football_MarketConsensus_v1': {'context_flags': {'book_count': 11, 'source': 'market_consensus'}, 'home_line_proj': -3.5, 'model_name': 'Football_MarketConsensus_v1', 'parlay_edge_score': 0, 'spread_distance': 0.0, 'spread_edge': 0.0, 'spread_pick': '', 'total_distance': 0.0, 'total_edge': 0.0, 'total_pick': '', 'total_projection': 51.5}, 'Football_SpreadValue_v1': {'context_flags': {'book_count': 11.0, 'value_shift': 0.75}, 'home_line_proj': -2.75, 'model_name': 'Football_SpreadValue_v1', 'parlay_edge_score': 0.75, 'spread_distance': 0.75, 'spread_edge': -0.75, 'spread_pick': 'AWAY', 'total_distance': 0.0, 'total_edge': 0.0, 'total_pick': '', 'total_projection': 51.5}, 'Football_TotalValue_v1': {'context_flags': {'book_count': 11.0, 'total_value_rule': 'low_total_over_high_total_under'}, 'home_line_proj': -3.5, 'model_name': 'Football_TotalValue_v1', 'parlay_edge_score': 1.0, 'spread_distance': 0.0, 'spread_edge': 0.0, 'spread_pick': '', 'total_distance': 1.0, 'total_edge': -1.0, 'total_pick': 'UNDER', 'total_projection': 50.5}}",160.0,160.0,-195.0,-195.0,66,40c2ebd9ddd5ce8ff5b1ada730bb1785,2025-10-26T15:55:38Z,odds_api_flattened,3.5,-3.5,STATUS_FINAL,post,51.5,Empower Field at Mile High
nfl_401772865,2025-10-26,Carolina Panthers,Buffalo Bills,7.0,-7.0,47.5,47.0,,0.25,-0.5,0.75,LOW,Football_MarketBlend_v1,Football_MarketBlend_v1,"{'blend_inputs': ['Football_MarketConsensus_v1', 'Football_SpreadValue_v1', 'Football_TotalValue_v1', 'Football_LineMovement_v1', 'Football_KeyNumberGuard_v1'], 'key_number_risk': True, 'spread_veto': 'key_number_guard'}","Game: Buffalo Bills @ Carolina Panthers
Authority: Football_MarketBlend_v1
Market: Spread 7.0, Total 47.5
Projection: Margin 6.75, Total 47.0
Spread Pick:  (edge 0.25)
Total Pick: UNDER (edge -0.5)",6.75,,,,UNDER,ACTIVE,,"{'spread': None, 'total': None}",FOOTBALL_MARKET_BLEND,40,40,BUF,11,FOOTBALL_MARKET_BLEND,2025-10-26T17:00:00Z,1,Football market blend edge clears threshold,11,False,,true,true,true,true,9,9,CAR,nfl,odds_api_flattened_consensus,3,"{'Football_KeyNumberGuard_v1': {'context_flags': {'key_number_risk': True, 'key_numbers': [3, 7, 10]}, 'home_line_proj': 7.0, 'model_name': 'Football_KeyNumberGuard_v1', 'parlay_edge_score': 0, 'spread_distance': 0.0, 'spread_edge': 0.0, 'spread_pick': '', 'total_distance': 0.0, 'total_edge': 0.0, 'total_pick': '', 'total_projection': 47.5}, 'Football_LineMovement_v1': {'context_flags': {'movement_available': False}, 'home_line_proj': 7.0, 'model_name': 'Football_LineMovement_v1', 'parlay_edge_score': 0, 'spread_distance': 0.0, 'spread_edge': 0.0, 'spread_pick': '', 'total_distance': 0.0, 'total_edge': 0.0, 'total_pick': '', 'total_projection': 47.5}, 'Football_MarketBlend_v1': {'context_flags': {'blend_inputs': ['Football_MarketConsensus_v1', 'Football_SpreadValue_v1', 'Football_TotalValue_v1', 'Football_LineMovement_v1', 'Football_KeyNumberGuard_v1'], 'key_number_risk': True, 'spread_veto': 'key_number_guard'}, 'home_line_proj': 6.75, 'model_name': 'Football_MarketBlend_v1', 'parlay_edge_score': 0.75, 'spread_distance': 0.25, 'spread_edge': 0.25, 'spread_pick': '', 'total_distance': 0.5, 'total_edge': -0.5, 'total_pick': 'UNDER', 'total_projection': 47.0}, 'Football_MarketConsensus_v1': {'context_flags': {'book_count': 11, 'source': 'market_consensus'}, 'home_line_proj': 7.0, 'model_name': 'Football_MarketConsensus_v1', 'parlay_edge_score': 0, 'spread_distance': 0.0, 'spread_edge': 0.0, 'spread_pick': '', 'total_distance': 0.0, 'total_edge': 0.0, 'total_pick': '', 'total_projection': 47.5}, 'Football_SpreadValue_v1': {'context_flags': {'book_count': 11.0, 'value_shift': -0.75}, 'home_line_proj': 6.25, 'model_name': 'Football_SpreadValue_v1', 'parlay_edge_score': 0.75, 'spread_distance': 0.75, 'spread_edge': 0.75, 'spread_pick': 'HOME', 'total_distance': 0.0, 'total_edge': 0.0, 'total_pick': '', 'total_projection': 47.5}, 'Football_TotalValue_v1': {'context_flags': {'book_count': 11.0, 'total_value_rule': 'low_total_over_high_total_under'}, 'home_line_proj': 7.0, 'model_name': 'Football_TotalValue_v1', 'parlay_edge_score': 1.0, 'spread_distance': 0.0, 'spread_edge': 0.0, 'spread_pick': '', 'total_distance': 1.0, 'total_edge': -1.0, 'total_pick': 'UNDER', 'total_projection': 46.5}}",-420.0,-420.0,312.0,312.0,66,53d4369464c66630f03a5d128cd39b08,2025-10-26T15:55:38Z,odds_api_flattened,-7.0,7.0,STATUS_FINAL,post,47.5,Bank of America Stadium
nfl_401772866,2025-10-26,Houston Texans,San Francisco 49ers,-2.5,2.5,42.0,42.5,,-0.25,0.5,0.75,LOW,Football_MarketBlend_v1,Football_MarketBlend_v1,"{'blend_inputs': ['Football_MarketConsensus_v1', 'Football_SpreadValue_v1', 'Football_TotalValue_v1', 'Football_LineMovement_v1', 'Football_KeyNumberGuard_v1'], 'key_number_risk': True, 'spread_veto': 'key_number_guard'}","Game: San Francisco 49ers @ Houston Texans
Authority: Football_MarketBlend_v1
Market: Spread -2.5, Total 42.0
Projection: Margin -2.25, Total 42.5
Spread Pick:  (edge -0.25)
Total Pick: OVER (edge 0.5)",-2.25,,,,OVER,ACTIVE,,"{'spread': None, 'total': None}",FOOTBALL_MARKET_BLEND,15,15,SF,11,FOOTBALL_MARKET_BLEND,2025-10-26T17:00:00Z,1,Football market blend edge clears threshold,11,False,,true,true,true,true,26,26,HOU,nfl,odds_api_flattened_consensus,3,"{'Football_KeyNumberGuard_v1': {'context_flags': {'key_number_risk': True, 'key_numbers': [3, 7, 10]}, 'home_line_proj': -2.5, 'model_name': 'Football_KeyNumberGuard_v1', 'parlay_edge_score': 0, 'spread_distance': 0.0, 'spread_edge': 0.0, 'spread_pick': '', 'total_distance': 0.0, 'total_edge': 0.0, 'total_pick': '', 'total_projection': 42.0}, 'Football_LineMovement_v1': {'context_flags': {'movement_available': False}, 'home_line_proj': -2.5, 'model_name': 'Football_LineMovement_v1', 'parlay_edge_score': 0, 'spread_distance': 0.0, 'spread_edge': 0.0, 'spread_pick': '', 'total_distance': 0.0, 'total_edge': 0.0, 'total_pick': '', 'total_projection': 42.0}, 'Football_MarketBlend_v1': {'context_flags': {'blend_inputs': ['Football_MarketConsensus_v1', 'Football_SpreadValue_v1', 'Football_TotalValue_v1', 'Football_LineMovement_v1', 'Football_KeyNumberGuard_v1'], 'key_number_risk': True, 'spread_veto': 'key_number_guard'}, 'home_line_proj': -2.25, 'model_name': 'Football_MarketBlend_v1', 'parlay_edge_score': 0.75, 'spread_distance': 0.25, 'spread_edge': -0.25, 'spread_pick': '', 'total_distance': 0.5, 'total_edge': 0.5, 'total_pick': 'OVER', 'total_projection': 42.5}, 'Football_MarketConsensus_v1': {'context_flags': {'book_count': 11, 'source': 'market_consensus'}, 'home_line_proj': -2.5, 'model_name': 'Football_MarketConsensus_v1', 'parlay_edge_score': 0, 'spread_distance': 0.0, 'spread_edge': 0.0, 'spread_pick': '', 'total_distance': 0.0, 'total_edge': 0.0, 'total_pick': '', 'total_projection': 42.0}, 'Football_SpreadValue_v1': {'context_flags': {'book_count': 11.0, 'value_shift': 0.75}, 'home_line_proj': -1.75, 'model_name': 'Football_SpreadValue_v1', 'parlay_edge_score': 0.75, 'spread_distance': 0.75, 'spread_edge': -0.75, 'spread_pick': 'AWAY', 'total_distance': 0.0, 'total_edge': 0.0, 'total_pick': '', 'total_projection': 42.0}, 'Football_TotalValue_v1': {'context_flags': {'book_count': 11.0, 'total_value_rule': 'low_total_over_high_total_under'}, 'home_line_proj': -2.5, 'model_name': 'Football_TotalValue_v1', 'parlay_edge_score': 1.0, 'spread_distance': 0.0, 'spread_edge': 0.0, 'spread_pick': '', 'total_distance': 1.0, 'total_edge': 1.0, 'total_pick': 'OVER', 'total_projection': 43.0}}",128.0,128.0,-152.0,-152.0,66,abc4104a9ac597ce37d703613256fd6c,2025-10-26T15:55:38Z,odds_api_flattened,2.5,-2.5,STATUS_FINAL,post,42.0,NRG Stadium
nfl_401772867,2025-10-26,Philadelphia Eagles,New York Giants,-7.5,7.5,44.0,44.5,,-0.25,0.5,0.75,LOW,Football_MarketBlend_v1,Football_MarketBlend_v1,"{'blend_inputs': ['Football_MarketConsensus_v1', 'Football_SpreadValue_v1', 'Football_TotalValue_v1', 'Football_LineMovement_v1', 'Football_KeyNumberGuard_v1'], 'key_number_risk': True, 'spread_veto': 'key_number_guard'}","Game: New York Giants @ Philadelphia Eagles
Authority: Football_MarketBlend_v1
Market: Spread -7.5, Total 44.0
Projection: Margin -7.25, Total 44.5
Spread Pick:  (edge -0.25)
Total Pick: OVER (edge 0.5)",-7.25,,,,OVER,ACTIVE,,"{'spread': None, 'total': None}",FOOTBALL_MARKET_BLEND,20,20,NYG,11,FOOTBALL_MARKET_BLEND,2025-10-26T17:00:00Z,1,Football market blend edge clears threshold,11,False,,true,true,true,true,38,38,PHI,nfl,odds_api_flattened_consensus,3,"{'Football_KeyNumberGuard_v1': {'context_flags': {'key_number_risk': True, 'key_numbers': [3, 7, 10]}, 'home_line_proj': -7.5, 'model_name': 'Football_KeyNumberGuard_v1', 'parlay_edge_score': 0, 'spread_distance': 0.0, 'spread_edge': 0.0, 'spread_pick': '', 'total_distance': 0.0, 'total_edge': 0.0, 'total_pick': '', 'total_projection': 44.0}, 'Football_LineMovement_v1': {'context_flags': {'movement_available': False}, 'home_line_proj': -7.5, 'model_name': 'Football_LineMovement_v1', 'parlay_edge_score': 0, 'spread_distance': 0.0, 'spread_edge': 0.0, 'spread_pick': '', 'total_distance': 0.0, 'total_edge': 0.0, 'total_pick': '', 'total_projection': 44.0}, 'Football_MarketBlend_v1': {'context_flags': {'blend_inputs': ['Football_MarketConsensus_v1', 'Football_SpreadValue_v1', 'Football_TotalValue_v1', 'Football_LineMovement_v1', 'Football_KeyNumberGuard_v1'], 'key_number_risk': True, 'spread_veto': 'key_number_guard'}, 'home_line_proj': -7.25, 'model_name': 'Football_MarketBlend_v1', 'parlay_edge_score': 0.75, 'spread_distance': 0.25, 'spread_edge': -0.25, 'spread_pick': '', 'total_distance': 0.5, 'total_edge': 0.5, 'total_pick': 'OVER', 'total_projection': 44.5}, 'Football_MarketConsensus_v1': {'context_flags': {'book_count': 11, 'source': 'market_consensus'}, 'home_line_proj': -7.5, 'model_name': 'Football_MarketConsensus_v1', 'parlay_edge_score': 0, 'spread_distance': 0.0, 'spread_edge': 0.0, 'spread_pick': '', 'total_distance': 0.0, 'total_edge': 0.0, 'total_pick': '', 'total_projection': 44.0}, 'Football_SpreadValue_v1': {'context_flags': {'book_count': 11.0, 'value_shift': 0.75}, 'home_line_proj': -6.75, 'model_name': 'Football_SpreadValue_v1', 'parlay_edge_score': 0.75, 'spread_distance': 0.75, 'spread_edge': -0.75, 'spread_pick': 'AWAY', 'total_distance': 0.0, 'total_edge': 0.0, 'total_pick': '', 'total_projection': 44.0}, 'Football_TotalValue_v1': {'context_flags': {'book_count': 11.0, 'total_value_rule': 'low_total_over_high_total_under'}, 'home_line_proj': -7.5, 'model_name': 'Football_TotalValue_v1', 'parlay_edge_score': 1.0, 'spread_distance': 0.0, 'spread_edge': 0.0, 'spread_pick': '', 'total_distance': 1.0, 'total_edge': 1.0, 'total_pick': 'OVER', 'total_projection': 45.0}}",300.0,300.0,-400.0,-400.0,66,a8ebe01e05675c109b53a97f653f8653,2025-10-26T15:55:38Z,odds_api_flattened,7.5,-7.5,STATUS_FINAL,post,44.0,Lincoln Financial Field
nfl_401772868,2025-10-26,New England Patriots,Cleveland Browns,-7.0,7.0,40.5,41.0,,-0.25,0.5,0.75,LOW,Football_MarketBlend_v1,Football_MarketBlend_v1,"{'blend_inputs': ['Football_MarketConsensus_v1', 'Football_SpreadValue_v1', 'Football_TotalValue_v1', 'Football_LineMovement_v1', 'Football_KeyNumberGuard_v1'], 'key_number_risk': True, 'spread_veto': 'key_number_guard'}","Game: Cleveland Browns @ New England Patriots
Authority: Football_MarketBlend_v1
Market: Spread -7.0, Total 40.5
Projection: Margin -6.75, Total 41.0
Spread Pick:  (edge -0.25)
Total Pick: OVER (edge 0.5)",-6.75,,,,OVER,ACTIVE,,"{'spread': None, 'total': None}",FOOTBALL_MARKET_BLEND,13,13,CLE,11,FOOTBALL_MARKET_BLEND,2025-10-26T17:00:00Z,1,Football market blend edge clears threshold,11,False,,true,true,true,true,32,32,NE,nfl,odds_api_flattened_consensus,3,"{'Football_KeyNumberGuard_v1': {'context_flags': {'key_number_risk': True, 'key_numbers': [3, 7, 10]}, 'home_line_proj': -7.0, 'model_name': 'Football_KeyNumberGuard_v1', 'parlay_edge_score': 0, 'spread_distance': 0.0, 'spread_edge': 0.0, 'spread_pick': '', 'total_distance': 0.0, 'total_edge': 0.0, 'total_pick': '', 'total_projection': 40.5}, 'Football_LineMovement_v1': {'context_flags': {'movement_available': False}, 'home_line_proj': -7.0, 'model_name': 'Football_LineMovement_v1', 'parlay_edge_score': 0, 'spread_distance': 0.0, 'spread_edge': 0.0, 'spread_pick': '', 'total_distance': 0.0, 'total_edge': 0.0, 'total_pick': '', 'total_projection': 40.5}, 'Football_MarketBlend_v1': {'context_flags': {'blend_inputs': ['Football_MarketConsensus_v1', 'Football_SpreadValue_v1', 'Football_TotalValue_v1', 'Football_LineMovement_v1', 'Football_KeyNumberGuard_v1'], 'key_number_risk': True, 'spread_veto': 'key_number_guard'}, 'home_line_proj': -6.75, 'model_name': 'Football_MarketBlend_v1', 'parlay_edge_score': 0.75, 'spread_distance': 0.25, 'spread_edge': -0.25, 'spread_pick': '', 'total_distance': 0.5, 'total_edge': 0.5, 'total_pick': 'OVER', 'total_projection': 41.0}, 'Football_MarketConsensus_v1': {'context_flags': {'book_count': 11, 'source': 'market_consensus'}, 'home_line_proj': -7.0, 'model_name': 'Football_MarketConsensus_v1', 'parlay_edge_score': 0, 'spread_distance': 0.0, 'spread_edge': 0.0, 'spread_pick': '', 'total_distance': 0.0, 'total_edge': 0.0, 'total_pick': '', 'total_projection': 40.5}, 'Football_SpreadValue_v1': {'context_flags': {'book_count': 11.0, 'value_shift': 0.75}, 'home_line_proj': -6.25, 'model_name': 'Football_SpreadValue_v1', 'parlay_edge_score': 0.75, 'spread_distance': 0.75, 'spread_edge': -0.75, 'spread_pick': 'AWAY', 'total_distance': 0.0, 'total_edge': 0.0, 'total_pick': '', 'total_projection': 40.5}, 'Football_TotalValue_v1': {'context_flags': {'book_count': 11.0, 'total_value_rule': 'low_total_over_high_total_under'}, 'home_line_proj': -7.0, 'model_name': 'Football_TotalValue_v1', 'parlay_edge_score': 1.0, 'spread_distance': 0.0, 'spread_edge': 0.0, 'spread_pick': '', 'total_distance': 1.0, 'total_edge': 1.0, 'total_pick': 'OVER', 'total_projection': 41.5}}",295.0,295.0,-375.0,-375.0,66,3536a3e857050d2dd6e2019ceb668f67,2025-10-26T15:55:38Z,odds_api_flattened,7.0,-7.0,STATUS_FINAL,post,40.5,Gillette Stadium
nfl_401772869,2025-10-26,New Orleans Saints,Tampa Bay Buccaneers,3.5,-3.5,46.0,45.5,,0.25,-0.5,0.75,LOW,Football_MarketBlend_v1,Football_MarketBlend_v1,"{'blend_inputs': ['Football_MarketConsensus_v1', 'Football_SpreadValue_v1', 'Football_TotalValue_v1', 'Football_LineMovement_v1', 'Football_KeyNumberGuard_v1'], 'key_number_risk': True, 'spread_veto': 'key_number_guard'}","Game: Tampa Bay Buccaneers @ New Orleans Saints
Authority: Football_MarketBlend_v1
Market: Spread 3.5, Total 46.0
Projection: Margin 3.25, Total 45.5
Spread Pick:  (edge 0.25)
Total Pick: UNDER (edge -0.5)",3.25,,,,UNDER,ACTIVE,,"{'spread': None, 'total': None}",FOOTBALL_MARKET_BLEND,23,23,TB,11,FOOTBALL_MARKET_BLEND,2025-10-26T20:05:00Z,1,Football market blend edge clears threshold,11,False,,true,true,true,true,3,3,NO,nfl,odds_api_flattened_consensus,3,"{'Football_KeyNumberGuard_v1': {'context_flags': {'key_number_risk': True, 'key_numbers': [3, 7, 10]}, 'home_line_proj': 3.5, 'model_name': 'Football_KeyNumberGuard_v1', 'parlay_edge_score': 0, 'spread_distance': 0.0, 'spread_edge': 0.0, 'spread_pick': '', 'total_distance': 0.0, 'total_edge': 0.0, 'total_pick': '', 'total_projection': 46.0}, 'Football_LineMovement_v1': {'context_flags': {'movement_available': False}, 'home_line_proj': 3.5, 'model_name': 'Football_LineMovement_v1', 'parlay_edge_score': 0, 'spread_distance': 0.0, 'spread_edge': 0.0, 'spread_pick': '', 'total_distance': 0.0, 'total_edge': 0.0, 'total_pick': '', 'total_projection': 46.0}, 'Football_MarketBlend_v1': {'context_flags': {'blend_inputs': ['Football_MarketConsensus_v1', 'Football_SpreadValue_v1', 'Football_TotalValue_v1', 'Football_LineMovement_v1', 'Football_KeyNumberGuard_v1'], 'key_number_risk': True, 'spread_veto': 'key_number_guard'}, 'home_line_proj': 3.25, 'model_name': 'Football_MarketBlend_v1', 'parlay_edge_score': 0.75, 'spread_distance': 0.25, 'spread_edge': 0.25, 'spread_pick': '', 'total_distance': 0.5, 'total_edge': -0.5, 'total_pick': 'UNDER', 'total_projection': 45.5}, 'Football_MarketConsensus_v1': {'context_flags': {'book_count': 11, 'source': 'market_consensus'}, 'home_line_proj': 3.5, 'model_name': 'Football_MarketConsensus_v1', 'parlay_edge_score': 0, 'spread_distance': 0.0, 'spread_edge': 0.0, 'spread_pick': '', 'total_distance': 0.0, 'total_edge': 0.0, 'total_pick': '', 'total_projection': 46.0}, 'Football_SpreadValue_v1': {'context_flags': {'book_count': 11.0, 'value_shift': -0.75}, 'home_line_proj': 2.75, 'model_name': 'Football_SpreadValue_v1', 'parlay_edge_score': 0.75, 'spread_distance': 0.75, 'spread_edge': 0.75, 'spread_pick': 'HOME', 'total_distance': 0.0, 'total_edge': 0.0, 'total_pick': '', 'total_projection': 46.0}, 'Football_TotalValue_v1': {'context_flags': {'book_count': 11.0, 'total_value_rule': 'low_total_over_high_total_under'}, 'home_line_proj': 3.5, 'model_name': 'Football_TotalValue_v1', 'parlay_edge_score': 1.0, 'spread_distance': 0.0, 'spread_edge': 0.0, 'spread_pick': '', 'total_distance': 1.0, 'total_edge': -1.0, 'total_pick': 'UNDER', 'total_projection': 45.0}}",-210.0,-210.0,175.0,175.0,66,a8dd9bb0681692540d067bd0e9e66989,2025-10-26T15:55:38Z,odds_api_flattened,-3.5,3.5,STATUS_FINAL,post,46.0,Caesars Superdome
nfl_401772925,2025-10-27,Pittsburgh Steelers,Green Bay Packers,3.0,-3.0,45.5,45.0,,0.25,-0.5,0.75,LOW,Football_MarketBlend_v1,Football_MarketBlend_v1,"{'blend_inputs': ['Football_MarketConsensus_v1', 'Football_SpreadValue_v1', 'Football_TotalValue_v1', 'Football_LineMovement_v1', 'Football_KeyNumberGuard_v1'], 'key_number_risk': True, 'spread_veto': 'key_number_guard'}","Game: Green Bay Packers @ Pittsburgh Steelers
Authority: Football_MarketBlend_v1
Market: Spread 3.0, Total 45.5
Projection: Margin 2.75, Total 45.0
Spread Pick:  (edge 0.25)
Total Pick: UNDER (edge -0.5)",2.75,,,,UNDER,ACTIVE,,"{'spread': None, 'total': None}",FOOTBALL_MARKET_BLEND,35,35,GB,11,FOOTBALL_MARKET_BLEND,2025-10-27T00:20:00Z,1,Football market blend edge clears threshold,11,False,,true,true,true,true,25,25,PIT,nfl,odds_api_flattened_consensus,3,"{'Football_KeyNumberGuard_v1': {'context_flags': {'key_number_risk': True, 'key_numbers': [3, 7, 10]}, 'home_line_proj': 3.0, 'model_name': 'Football_KeyNumberGuard_v1', 'parlay_edge_score': 0, 'spread_distance': 0.0, 'spread_edge': 0.0, 'spread_pick': '', 'total_distance': 0.0, 'total_edge': 0.0, 'total_pick': '', 'total_projection': 45.5}, 'Football_LineMovement_v1': {'context_flags': {'movement_available': False}, 'home_line_proj': 3.0, 'model_name': 'Football_LineMovement_v1', 'parlay_edge_score': 0, 'spread_distance': 0.0, 'spread_edge': 0.0, 'spread_pick': '', 'total_distance': 0.0, 'total_edge': 0.0, 'total_pick': '', 'total_projection': 45.5}, 'Football_MarketBlend_v1': {'context_flags': {'blend_inputs': ['Football_MarketConsensus_v1', 'Football_SpreadValue_v1', 'Football_TotalValue_v1', 'Football_LineMovement_v1', 'Football_KeyNumberGuard_v1'], 'key_number_risk': True, 'spread_veto': 'key_number_guard'}, 'home_line_proj': 2.75, 'model_name': 'Football_MarketBlend_v1', 'parlay_edge_score': 0.75, 'spread_distance': 0.25, 'spread_edge': 0.25, 'spread_pick': '', 'total_distance': 0.5, 'total_edge': -0.5, 'total_pick': 'UNDER', 'total_projection': 45.0}, 'Football_MarketConsensus_v1': {'context_flags': {'book_count': 11, 'source': 'market_consensus'}, 'home_line_proj': 3.0, 'model_name': 'Football_MarketConsensus_v1', 'parlay_edge_score': 0, 'spread_distance': 0.0, 'spread_edge': 0.0, 'spread_pick': '', 'total_distance': 0.0, 'total_edge': 0.0, 'total_pick': '', 'total_projection': 45.5}, 'Football_SpreadValue_v1': {'context_flags': {'book_count': 11.0, 'value_shift': -0.75}, 'home_line_proj': 2.25, 'model_name': 'Football_SpreadValue_v1', 'parlay_edge_score': 0.75, 'spread_distance': 0.75, 'spread_edge': 0.75, 'spread_pick': 'HOME', 'total_distance': 0.0, 'total_edge': 0.0, 'total_pick': '', 'total_projection': 45.5}, 'Football_TotalValue_v1': {'context_flags': {'book_count': 11.0, 'total_value_rule': 'low_total_over_high_total_under'}, 'home_line_proj': 3.0, 'model_name': 'Football_TotalValue_v1', 'parlay_edge_score': 1.0, 'spread_distance': 0.0, 'spread_edge': 0.0, 'spread_pick': '', 'total_distance': 1.0, 'total_edge': -1.0, 'total_pick': 'UNDER', 'total_projection': 44.5}}",-155.0,-155.0,130.0,130.0,66,fb900eef07307ebf5c1930341ecd852a,2025-10-26T15:55:38Z,odds_api_flattened,-3.0,3.0,STATUS_FINAL,post,45.5,Acrisure Stadium
nfl_401772817,2025-10-28,Kansas City Chiefs,Washington Commanders,-11.0,11.0,48.0,47.5,AWAY,-0.25,-0.5,0.75,LOW,Football_MarketBlend_v1,Football_MarketBlend_v1,"{'blend_inputs': ['Football_MarketConsensus_v1', 'Football_SpreadValue_v1', 'Football_TotalValue_v1', 'Football_LineMovement_v1', 'Football_KeyNumberGuard_v1'], 'key_number_risk': False}","Game: Washington Commanders @ Kansas City Chiefs
Authority: Football_MarketBlend_v1
Market: Spread -11.0, Total 48.0
Projection: Margin -10.75, Total 47.5
Spread Pick: AWAY (edge -0.25)
Total Pick: UNDER (edge -0.5)",-10.75,,,,UNDER,ACTIVE,,"{'spread': None, 'total': None}",FOOTBALL_MARKET_BLEND,7,7,WAS,11,FOOTBALL_MARKET_BLEND,2025-10-28T00:15:00Z,1,Football market blend edge clears threshold,11,False,,true,true,true,true,28,28,KC,nfl,odds_api_flattened_consensus,3,"{'Football_KeyNumberGuard_v1': {'context_flags': {'key_number_risk': False, 'key_numbers': [3, 7, 10]}, 'home_line_proj': -11.0, 'model_name': 'Football_KeyNumberGuard_v1', 'parlay_edge_score': 0, 'spread_distance': 0.0, 'spread_edge': 0.0, 'spread_pick': '', 'total_distance': 0.0, 'total_edge': 0.0, 'total_pick': '', 'total_projection': 48.0}, 'Football_LineMovement_v1': {'context_flags': {'movement_available': False}, 'home_line_proj': -11.0, 'model_name': 'Football_LineMovement_v1', 'parlay_edge_score': 0, 'spread_distance': 0.0, 'spread_edge': 0.0, 'spread_pick': '', 'total_distance': 0.0, 'total_edge': 0.0, 'total_pick': '', 'total_projection': 48.0}, 'Football_MarketBlend_v1': {'context_flags': {'blend_inputs': ['Football_MarketConsensus_v1', 'Football_SpreadValue_v1', 'Football_TotalValue_v1', 'Football_LineMovement_v1', 'Football_KeyNumberGuard_v1'], 'key_number_risk': False}, 'home_line_proj': -10.75, 'model_name': 'Football_MarketBlend_v1', 'parlay_edge_score': 0.75, 'spread_distance': 0.25, 'spread_edge': -0.25, 'spread_pick': 'AWAY', 'total_distance': 0.5, 'total_edge': -0.5, 'total_pick': 'UNDER', 'total_projection': 47.5}, 'Football_MarketConsensus_v1': {'context_flags': {'book_count': 11, 'source': 'market_consensus'}, 'home_line_proj': -11.0, 'model_name': 'Football_MarketConsensus_v1', 'parlay_edge_score': 0, 'spread_distance': 0.0, 'spread_edge': 0.0, 'spread_pick': '', 'total_distance': 0.0, 'total_edge': 0.0, 'total_pick': '', 'total_projection': 48.0}, 'Football_SpreadValue_v1': {'context_flags': {'book_count': 11.0, 'value_shift': 0.75}, 'home_line_proj': -10.25, 'model_name': 'Football_SpreadValue_v1', 'parlay_edge_score': 0.75, 'spread_distance': 0.75, 'spread_edge': -0.75, 'spread_pick': 'AWAY', 'total_distance': 0.0, 'total_edge': 0.0, 'total_pick': '', 'total_projection': 48.0}, 'Football_TotalValue_v1': {'context_flags': {'book_count': 11.0, 'total_value_rule': 'low_total_over_high_total_under'}, 'home_line_proj': -11.0, 'model_name': 'Football_TotalValue_v1', 'parlay_edge_score': 1.0, 'spread_distance': 0.0, 'spread_edge': 0.0, 'spread_pick': '', 'total_distance': 1.0, 'total_edge': -1.0, 'total_pick': 'UNDER', 'total_projection': 47.0}}",525.0,525.0,-750.0,-750.0,66,7e3361e84d5223a8d210a887b249f247,2025-10-27T15:55:39Z,odds_api_flattened,11.0,-11.0,STATUS_FINAL,post,48.0,GEHA Field at Arrowhead Stadium
nfl_401772943,2025-10-31,Miami Dolphins,Baltimore Ravens,7.5,-7.5,51.0,50.5,,0.25,-0.5,0.75,LOW,Football_MarketBlend_v1,Football_MarketBlend_v1,"{'blend_inputs': ['Football_MarketConsensus_v1', 'Football_SpreadValue_v1', 'Football_TotalValue_v1', 'Football_LineMovement_v1', 'Football_KeyNumberGuard_v1'], 'key_number_risk': True, 'spread_veto': 'key_number_guard'}","Game: Baltimore Ravens @ Miami Dolphins
Authority: Football_MarketBlend_v1
Market: Spread 7.5, Total 51.0
Projection: Margin 7.25, Total 50.5
Spread Pick:  (edge 0.25)
Total Pick: UNDER (edge -0.5)",7.25,,,,UNDER,ACTIVE,,"{'spread': None, 'total': None}",FOOTBALL_MARKET_BLEND,28,28,BAL,11,FOOTBALL_MARKET_BLEND,2025-10-31T00:15:00Z,1,Football market blend edge clears threshold,11,False,,true,true,true,true,6,6,MIA,nfl,odds_api_flattened_consensus,3,"{'Football_KeyNumberGuard_v1': {'context_flags': {'key_number_risk': True, 'key_numbers': [3, 7, 10]}, 'home_line_proj': 7.5, 'model_name': 'Football_KeyNumberGuard_v1', 'parlay_edge_score': 0, 'spread_distance': 0.0, 'spread_edge': 0.0, 'spread_pick': '', 'total_distance': 0.0, 'total_edge': 0.0, 'total_pick': '', 'total_projection': 51.0}, 'Football_LineMovement_v1': {'context_flags': {'movement_available': False}, 'home_line_proj': 7.5, 'model_name': 'Football_LineMovement_v1', 'parlay_edge_score': 0, 'spread_distance': 0.0, 'spread_edge': 0.0, 'spread_pick': '', 'total_distance': 0.0, 'total_edge': 0.0, 'total_pick': '', 'total_projection': 51.0}, 'Football_MarketBlend_v1': {'context_flags': {'blend_inputs': ['Football_MarketConsensus_v1', 'Football_SpreadValue_v1', 'Football_TotalValue_v1', 'Football_LineMovement_v1', 'Football_KeyNumberGuard_v1'], 'key_number_risk': True, 'spread_veto': 'key_number_guard'}, 'home_line_proj': 7.25, 'model_name': 'Football_MarketBlend_v1', 'parlay_edge_score': 0.75, 'spread_distance': 0.25, 'spread_edge': 0.25, 'spread_pick': '', 'total_distance': 0.5, 'total_edge': -0.5, 'total_pick': 'UNDER', 'total_projection': 50.5}, 'Football_MarketConsensus_v1': {'context_flags': {'book_count': 11, 'source': 'market_consensus'}, 'home_line_proj': 7.5, 'model_name': 'Football_MarketConsensus_v1', 'parlay_edge_score': 0, 'spread_distance': 0.0, 'spread_edge': 0.0, 'spread_pick': '', 'total_distance': 0.0, 'total_edge': 0.0, 'total_pick': '', 'total_projection': 51.0}, 'Football_SpreadValue_v1': {'context_flags': {'book_count': 11.0, 'value_shift': -0.75}, 'home_line_proj': 6.75, 'model_name': 'Football_SpreadValue_v1', 'parlay_edge_score': 0.75, 'spread_distance': 0.75, 'spread_edge': 0.75, 'spread_pick': 'HOME', 'total_distance': 0.0, 'total_edge': 0.0, 'total_pick': '', 'total_projection': 51.0}, 'Football_TotalValue_v1': {'context_flags': {'book_count': 11.0, 'total_value_rule': 'low_total_over_high_total_under'}, 'home_line_proj': 7.5, 'model_name': 'Football_TotalValue_v1', 'parlay_edge_score': 1.0, 'spread_distance': 0.0, 'spread_edge': 0.0, 'spread_pick': '', 'total_distance': 1.0, 'total_edge': -1.0, 'total_pick': 'UNDER', 'total_projection': 50.0}}",-450.0,-450.0,341.0,341.0,66,677dbbb6ad96fc5f5b36bb20b43139dd,2025-10-30T15:55:39Z,odds_api_flattened,-7.5,7.5,STATUS_FINAL,post,51.0,Hard Rock Stadium
nfl_401772763,2025-11-02,New England Patriots,Atlanta Falcons,-5.0,5.0,45.5,45.0,AWAY,-0.25,-0.5,0.75,LOW,Football_MarketBlend_v1,Football_MarketBlend_v1,"{'blend_inputs': ['Football_MarketConsensus_v1', 'Football_SpreadValue_v1', 'Football_TotalValue_v1', 'Football_LineMovement_v1', 'Football_KeyNumberGuard_v1'], 'key_number_risk': False}","Game: Atlanta Falcons @ New England Patriots
Authority: Football_MarketBlend_v1
Market: Spread -5.0, Total 45.5
Projection: Margin -4.75, Total 45.0
Spread Pick: AWAY (edge -0.25)
Total Pick: UNDER (edge -0.5)",-4.75,,,,UNDER,ACTIVE,,"{'spread': None, 'total': None}",FOOTBALL_MARKET_BLEND,23,23,ATL,11,FOOTBALL_MARKET_BLEND,2025-11-02T18:00:00Z,1,Football market blend edge clears threshold,11,False,,true,true,true,true,24,24,NE,nfl,odds_api_flattened_consensus,3,"{'Football_KeyNumberGuard_v1': {'context_flags': {'key_number_risk': False, 'key_numbers': [3, 7, 10]}, 'home_line_proj': -5.0, 'model_name': 'Football_KeyNumberGuard_v1', 'parlay_edge_score': 0, 'spread_distance': 0.0, 'spread_edge': 0.0, 'spread_pick': '', 'total_distance': 0.0, 'total_edge': 0.0, 'total_pick': '', 'total_projection': 45.5}, 'Football_LineMovement_v1': {'context_flags': {'movement_available': False}, 'home_line_proj': -5.0, 'model_name': 'Football_LineMovement_v1', 'parlay_edge_score': 0, 'spread_distance': 0.0, 'spread_edge': 0.0, 'spread_pick': '', 'total_distance': 0.0, 'total_edge': 0.0, 'total_pick': '', 'total_projection': 45.5}, 'Football_MarketBlend_v1': {'context_flags': {'blend_inputs': ['Football_MarketConsensus_v1', 'Football_SpreadValue_v1', 'Football_TotalValue_v1', 'Football_LineMovement_v1', 'Football_KeyNumberGuard_v1'], 'key_number_risk': False}, 'home_line_proj': -4.75, 'model_name': 'Football_MarketBlend_v1', 'parlay_edge_score': 0.75, 'spread_distance': 0.25, 'spread_edge': -0.25, 'spread_pick': 'AWAY', 'total_distance': 0.5, 'total_edge': -0.5, 'total_pick': 'UNDER', 'total_projection': 45.0}, 'Football_MarketConsensus_v1': {'context_flags': {'book_count': 11, 'source': 'market_consensus'}, 'home_line_proj': -5.0, 'model_name': 'Football_MarketConsensus_v1', 'parlay_edge_score': 0, 'spread_distance': 0.0, 'spread_edge': 0.0, 'spread_pick': '', 'total_distance': 0.0, 'total_edge': 0.0, 'total_pick': '', 'total_projection': 45.5}, 'Football_SpreadValue_v1': {'context_flags': {'book_count': 11.0, 'value_shift': 0.75}, 'home_line_proj': -4.25, 'model_name': 'Football_SpreadValue_v1', 'parlay_edge_score': 0.75, 'spread_distance': 0.75, 'spread_edge': -0.75, 'spread_pick': 'AWAY', 'total_distance': 0.0, 'total_edge': 0.0, 'total_pick': '', 'total_projection': 45.5}, 'Football_TotalValue_v1': {'context_flags': {'book_count': 11.0, 'total_value_rule': 'low_total_over_high_total_under'}, 'home_line_proj': -5.0, 'model_name': 'Football_TotalValue_v1', 'parlay_edge_score': 1.0, 'spread_distance': 0.0, 'spread_edge': 0.0, 'spread_pick': '', 'total_distance': 1.0, 'total_edge': -1.0, 'total_pick': 'UNDER', 'total_projection': 44.5}}",200.0,200.0,-245.0,-245.0,66,6dd3b8a705ed0db85d59fa19b9062cc8,2025-11-02T15:55:38Z,odds_api_flattened,5.0,-5.0,STATUS_FINAL,post,45.5,Gillette Stadium
nfl_401772764,2025-11-02,Tennessee Titans,Los Angeles Chargers,10.0,-10.0,43.5,44.0,,0.25,0.5,0.75,LOW,Football_MarketBlend_v1,Football_MarketBlend_v1,"{'blend_inputs': ['Football_MarketConsensus_v1', 'Football_SpreadValue_v1', 'Football_TotalValue_v1', 'Football_LineMovement_v1', 'Football_KeyNumberGuard_v1'], 'key_number_risk': True, 'spread_veto': 'key_number_guard'}","Game: Los Angeles Chargers @ Tennessee Titans
Authority: Football_MarketBlend_v1
Market: Spread 10.0, Total 43.5
Projection: Margin 9.75, Total 44.0
Spread Pick:  (edge 0.25)
Total Pick: OVER (edge 0.5)",9.75,,,,OVER,ACTIVE,,"{'spread': None, 'total': None}",FOOTBALL_MARKET_BLEND,27,27,LAC,11,FOOTBALL_MARKET_BLEND,2025-11-02T18:00:00Z,1,Football market blend edge clears threshold,11,False,,true,true,true,true,20,20,TEN,nfl,odds_api_flattened_consensus,3,"{'Football_KeyNumberGuard_v1': {'context_flags': {'key_number_risk': True, 'key_numbers': [3, 7, 10]}, 'home_line_proj': 10.0, 'model_name': 'Football_KeyNumberGuard_v1', 'parlay_edge_score': 0, 'spread_distance': 0.0, 'spread_edge': 0.0, 'spread_pick': '', 'total_distance': 0.0, 'total_edge': 0.0, 'total_pick': '', 'total_projection': 43.5}, 'Football_LineMovement_v1': {'context_flags': {'movement_available': False}, 'home_line_proj': 10.0, 'model_name': 'Football_LineMovement_v1', 'parlay_edge_score': 0, 'spread_distance': 0.0, 'spread_edge': 0.0, 'spread_pick': '', 'total_distance': 0.0, 'total_edge': 0.0, 'total_pick': '', 'total_projection': 43.5}, 'Football_MarketBlend_v1': {'context_flags': {'blend_inputs': ['Football_MarketConsensus_v1', 'Football_SpreadValue_v1', 'Football_TotalValue_v1', 'Football_LineMovement_v1', 'Football_KeyNumberGuard_v1'], 'key_number_risk': True, 'spread_veto': 'key_number_guard'}, 'home_line_proj': 9.75, 'model_name': 'Football_MarketBlend_v1', 'parlay_edge_score': 0.75, 'spread_distance': 0.25, 'spread_edge': 0.25, 'spread_pick': '', 'total_distance': 0.5, 'total_edge': 0.5, 'total_pick': 'OVER', 'total_projection': 44.0}, 'Football_MarketConsensus_v1': {'context_flags': {'book_count': 11, 'source': 'market_consensus'}, 'home_line_proj': 10.0, 'model_name': 'Football_MarketConsensus_v1', 'parlay_edge_score': 0, 'spread_distance': 0.0, 'spread_edge': 0.0, 'spread_pick': '', 'total_distance': 0.0, 'total_edge': 0.0, 'total_pick': '', 'total_projection': 43.5}, 'Football_SpreadValue_v1': {'context_flags': {'book_count': 11.0, 'value_shift': -0.75}, 'home_line_proj': 9.25, 'model_name': 'Football_SpreadValue_v1', 'parlay_edge_score': 0.75, 'spread_distance': 0.75, 'spread_edge': 0.75, 'spread_pick': 'HOME', 'total_distance': 0.0, 'total_edge': 0.0, 'total_pick': '', 'total_projection': 43.5}, 'Football_TotalValue_v1': {'context_flags': {'book_count': 11.0, 'total_value_rule': 'low_total_over_high_total_under'}, 'home_line_proj': 10.0, 'model_name': 'Football_TotalValue_v1', 'parlay_edge_score': 1.0, 'spread_distance': 0.0, 'spread_edge': 0.0, 'spread_pick': '', 'total_distance': 1.0, 'total_edge': 1.0, 'total_pick': 'OVER', 'total_projection': 44.5}}",-590.0,-590.0,410.0,410.0,66,b60025aea576e2e89ef7bc7303f847ec,2025-11-02T15:55:38Z,odds_api_flattened,-10.0,10.0,STATUS_FINAL,post,43.5,Nissan Stadium
nfl_401772765,2025-11-02,Cincinnati Bengals,Chicago Bears,2.5,-2.5,51.5,51.0,,0.25,-0.5,0.75,LOW,Football_MarketBlend_v1,Football_MarketBlend_v1,"{'blend_inputs': ['Football_MarketConsensus_v1', 'Football_SpreadValue_v1', 'Football_TotalValue_v1', 'Football_LineMovement_v1', 'Football_KeyNumberGuard_v1'], 'key_number_risk': True, 'spread_veto': 'key_number_guard'}","Game: Chicago Bears @ Cincinnati Bengals
Authority: Football_MarketBlend_v1
Market: Spread 2.5, Total 51.5
Projection: Margin 2.25, Total 51.0
Spread Pick:  (edge 0.25)
Total Pick: UNDER (edge -0.5)",2.25,,,,UNDER,ACTIVE,,"{'spread': None, 'total': None}",FOOTBALL_MARKET_BLEND,47,47,CHI,11,FOOTBALL_MARKET_BLEND,2025-11-02T18:00:00Z,1,Football market blend edge clears threshold,11,False,,true,true,true,true,42,42,CIN,nfl,odds_api_flattened_consensus,3,"{'Football_KeyNumberGuard_v1': {'context_flags': {'key_number_risk': True, 'key_numbers': [3, 7, 10]}, 'home_line_proj': 2.5, 'model_name': 'Football_KeyNumberGuard_v1', 'parlay_edge_score': 0, 'spread_distance': 0.0, 'spread_edge': 0.0, 'spread_pick': '', 'total_distance': 0.0, 'total_edge': 0.0, 'total_pick': '', 'total_projection': 51.5}, 'Football_LineMovement_v1': {'context_flags': {'movement_available': False}, 'home_line_proj': 2.5, 'model_name': 'Football_LineMovement_v1', 'parlay_edge_score': 0, 'spread_distance': 0.0, 'spread_edge': 0.0, 'spread_pick': '', 'total_distance': 0.0, 'total_edge': 0.0, 'total_pick': '', 'total_projection': 51.5}, 'Football_MarketBlend_v1': {'context_flags': {'blend_inputs': ['Football_MarketConsensus_v1', 'Football_SpreadValue_v1', 'Football_TotalValue_v1', 'Football_LineMovement_v1', 'Football_KeyNumberGuard_v1'], 'key_number_risk': True, 'spread_veto': 'key_number_guard'}, 'home_line_proj': 2.25, 'model_name': 'Football_MarketBlend_v1', 'parlay_edge_score': 0.75, 'spread_distance': 0.25, 'spread_edge': 0.25, 'spread_pick': '', 'total_distance': 0.5, 'total_edge': -0.5, 'total_pick': 'UNDER', 'total_projection': 51.0}, 'Football_MarketConsensus_v1': {'context_flags': {'book_count': 11, 'source': 'market_consensus'}, 'home_line_proj': 2.5, 'model_name': 'Football_MarketConsensus_v1', 'parlay_edge_score': 0, 'spread_distance': 0.0, 'spread_edge': 0.0, 'spread_pick': '', 'total_distance': 0.0, 'total_edge': 0.0, 'total_pick': '', 'total_projection': 51.5}, 'Football_SpreadValue_v1': {'context_flags': {'book_count': 11.0, 'value_shift': -0.75}, 'home_line_proj': 1.75, 'model_name': 'Football_SpreadValue_v1', 'parlay_edge_score': 0.75, 'spread_distance': 0.75, 'spread_edge': 0.75, 'spread_pick': 'HOME', 'total_distance': 0.0, 'total_edge': 0.0, 'total_pick': '', 'total_projection': 51.5}, 'Football_TotalValue_v1': {'context_flags': {'book_count': 11.0, 'total_value_rule': 'low_total_over_high_total_under'}, 'home_line_proj': 2.5, 'model_name': 'Football_TotalValue_v1', 'parlay_edge_score': 1.0, 'spread_distance': 0.0, 'spread_edge': 0.0, 'spread_pick': '', 'total_distance': 1.0, 'total_edge': -1.0, 'total_pick': 'UNDER', 'total_projection': 50.5}}",-155.0,-155.0,130.0,130.0,66,016f76d8237e8d4eb62b9c2ef68381bb,2025-11-02T15:55:38Z,odds_api_flattened,-2.5,2.5,STATUS_FINAL,post,51.5,Paycor Stadium
nfl_401772766,2025-11-02,Pittsburgh Steelers,Indianapolis Colts,3.0,-3.0,51.5,51.0,,0.25,-0.5,0.75,LOW,Football_MarketBlend_v1,Football_MarketBlend_v1,"{'blend_inputs': ['Football_MarketConsensus_v1', 'Football_SpreadValue_v1', 'Football_TotalValue_v1', 'Football_LineMovement_v1', 'Football_KeyNumberGuard_v1'], 'key_number_risk': True, 'spread_veto': 'key_number_guard'}","Game: Indianapolis Colts @ Pittsburgh Steelers
Authority: Football_MarketBlend_v1
Market: Spread 3.0, Total 51.5
Projection: Margin 2.75, Total 51.0
Spread Pick:  (edge 0.25)
Total Pick: UNDER (edge -0.5)",2.75,,,,UNDER,ACTIVE,,"{'spread': None, 'total': None}",FOOTBALL_MARKET_BLEND,20,20,IND,11,FOOTBALL_MARKET_BLEND,2025-11-02T18:00:00Z,1,Football market blend edge clears threshold,11,False,,true,true,true,true,27,27,PIT,nfl,odds_api_flattened_consensus,3,"{'Football_KeyNumberGuard_v1': {'context_flags': {'key_number_risk': True, 'key_numbers': [3, 7, 10]}, 'home_line_proj': 3.0, 'model_name': 'Football_KeyNumberGuard_v1', 'parlay_edge_score': 0, 'spread_distance': 0.0, 'spread_edge': 0.0, 'spread_pick': '', 'total_distance': 0.0, 'total_edge': 0.0, 'total_pick': '', 'total_projection': 51.5}, 'Football_LineMovement_v1': {'context_flags': {'movement_available': False}, 'home_line_proj': 3.0, 'model_name': 'Football_LineMovement_v1', 'parlay_edge_score': 0, 'spread_distance': 0.0, 'spread_edge': 0.0, 'spread_pick': '', 'total_distance': 0.0, 'total_edge': 0.0, 'total_pick': '', 'total_projection': 51.5}, 'Football_MarketBlend_v1': {'context_flags': {'blend_inputs': ['Football_MarketConsensus_v1', 'Football_SpreadValue_v1', 'Football_TotalValue_v1', 'Football_LineMovement_v1', 'Football_KeyNumberGuard_v1'], 'key_number_risk': True, 'spread_veto': 'key_number_guard'}, 'home_line_proj': 2.75, 'model_name': 'Football_MarketBlend_v1', 'parlay_edge_score': 0.75, 'spread_distance': 0.25, 'spread_edge': 0.25, 'spread_pick': '', 'total_distance': 0.5, 'total_edge': -0.5, 'total_pick': 'UNDER', 'total_projection': 51.0}, 'Football_MarketConsensus_v1': {'context_flags': {'book_count': 11, 'source': 'market_consensus'}, 'home_line_proj': 3.0, 'model_name': 'Football_MarketConsensus_v1', 'parlay_edge_score': 0, 'spread_distance': 0.0, 'spread_edge': 0.0, 'spread_pick': '', 'total_distance': 0.0, 'total_edge': 0.0, 'total_pick': '', 'total_projection': 51.5}, 'Football_SpreadValue_v1': {'context_flags': {'book_count': 11.0, 'value_shift': -0.75}, 'home_line_proj': 2.25, 'model_name': 'Football_SpreadValue_v1', 'parlay_edge_score': 0.75, 'spread_distance': 0.75, 'spread_edge': 0.75, 'spread_pick': 'HOME', 'total_distance': 0.0, 'total_edge': 0.0, 'total_pick': '', 'total_projection': 51.5}, 'Football_TotalValue_v1': {'context_flags': {'book_count': 11.0, 'total_value_rule': 'low_total_over_high_total_under'}, 'home_line_proj': 3.0, 'model_name': 'Football_TotalValue_v1', 'parlay_edge_score': 1.0, 'spread_distance': 0.0, 'spread_edge': 0.0, 'spread_pick': '', 'total_distance': 1.0, 'total_edge': -1.0, 'total_pick': 'UNDER', 'total_projection': 50.5}}",-175.0,-175.0,145.0,145.0,66,2340a6e0794d5688996dcf8aaf634742,2025-11-02T15:55:38Z,odds_api_flattened,-3.0,3.0,STATUS_FINAL,post,51.5,Acrisure Stadium
nfl_401772767,2025-11-02,New York Giants,San Francisco 49ers,2.5,-2.5,48.5,48.0,,0.25,-0.5,0.75,LOW,Football_MarketBlend_v1,Football_MarketBlend_v1,"{'blend_inputs': ['Football_MarketConsensus_v1', 'Football_SpreadValue_v1', 'Football_TotalValue_v1', 'Football_LineMovement_v1', 'Football_KeyNumberGuard_v1'], 'key_number_risk': True, 'spread_veto': 'key_number_guard'}","Game: San Francisco 49ers @ New York Giants
Authority: Football_MarketBlend_v1
Market: Spread 2.5, Total 48.5
Projection: Margin 2.25, Total 48.0
Spread Pick:  (edge 0.25)
Total Pick: UNDER (edge -0.5)",2.25,,,,UNDER,ACTIVE,,"{'spread': None, 'total': None}",FOOTBALL_MARKET_BLEND,34,34,SF,11,FOOTBALL_MARKET_BLEND,2025-11-02T18:00:00Z,1,Football market blend edge clears threshold,11,False,,true,true,true,true,24,24,NYG,nfl,odds_api_flattened_consensus,3,"{'Football_KeyNumberGuard_v1': {'context_flags': {'key_number_risk': True, 'key_numbers': [3, 7, 10]}, 'home_line_proj': 2.5, 'model_name': 'Football_KeyNumberGuard_v1', 'parlay_edge_score': 0, 'spread_distance': 0.0, 'spread_edge': 0.0, 'spread_pick': '', 'total_distance': 0.0, 'total_edge': 0.0, 'total_pick': '', 'total_projection': 48.5}, 'Football_LineMovement_v1': {'context_flags': {'movement_available': False}, 'home_line_proj': 2.5, 'model_name': 'Football_LineMovement_v1', 'parlay_edge_score': 0, 'spread_distance': 0.0, 'spread_edge': 0.0, 'spread_pick': '', 'total_distance': 0.0, 'total_edge': 0.0, 'total_pick': '', 'total_projection': 48.5}, 'Football_MarketBlend_v1': {'context_flags': {'blend_inputs': ['Football_MarketConsensus_v1', 'Football_SpreadValue_v1', 'Football_TotalValue_v1', 'Football_LineMovement_v1', 'Football_KeyNumberGuard_v1'], 'key_number_risk': True, 'spread_veto': 'key_number_guard'}, 'home_line_proj': 2.25, 'model_name': 'Football_MarketBlend_v1', 'parlay_edge_score': 0.75, 'spread_distance': 0.25, 'spread_edge': 0.25, 'spread_pick': '', 'total_distance': 0.5, 'total_edge': -0.5, 'total_pick': 'UNDER', 'total_projection': 48.0}, 'Football_MarketConsensus_v1': {'context_flags': {'book_count': 11, 'source': 'market_consensus'}, 'home_line_proj': 2.5, 'model_name': 'Football_MarketConsensus_v1', 'parlay_edge_score': 0, 'spread_distance': 0.0, 'spread_edge': 0.0, 'spread_pick': '', 'total_distance': 0.0, 'total_edge': 0.0, 'total_pick': '', 'total_projection': 48.5}, 'Football_SpreadValue_v1': {'context_flags': {'book_count': 11.0, 'value_shift': -0.75}, 'home_line_proj': 1.75, 'model_name': 'Football_SpreadValue_v1', 'parlay_edge_score': 0.75, 'spread_distance': 0.75, 'spread_edge': 0.75, 'spread_pick': 'HOME', 'total_distance': 0.0, 'total_edge': 0.0, 'total_pick': '', 'total_projection': 48.5}, 'Football_TotalValue_v1': {'context_flags': {'book_count': 11.0, 'total_value_rule': 'low_total_over_high_total_under'}, 'home_line_proj': 2.5, 'model_name': 'Football_TotalValue_v1', 'parlay_edge_score': 1.0, 'spread_distance': 0.0, 'spread_edge': 0.0, 'spread_pick': '', 'total_distance': 1.0, 'total_edge': -1.0, 'total_pick': 'UNDER', 'total_projection': 47.5}}",-145.0,-145.0,120.0,120.0,66,a788e7cebff4b5fe10034710090e4529,2025-11-02T15:55:38Z,odds_api_flattened,-2.5,2.5,STATUS_FINAL,post,48.5,MetLife Stadium
nfl_401772768,2025-11-02,Buffalo Bills,Kansas City Chiefs,2.0,-2.0,52.5,52.0,HOME,0.25,-0.5,0.75,LOW,Football_MarketBlend_v1,Football_MarketBlend_v1,"{'blend_inputs': ['Football_MarketConsensus_v1', 'Football_SpreadValue_v1', 'Football_TotalValue_v1', 'Football_LineMovement_v1', 'Football_KeyNumberGuard_v1'], 'key_number_risk': False}","Game: Kansas City Chiefs @ Buffalo Bills
Authority: Football_MarketBlend_v1
Market: Spread 2.0, Total 52.5
Projection: Margin 1.75, Total 52.0
Spread Pick: HOME (edge 0.25)
Total Pick: UNDER (edge -0.5)",1.75,,,,UNDER,ACTIVE,,"{'spread': None, 'total': None}",FOOTBALL_MARKET_BLEND,21,21,KC,11,FOOTBALL_MARKET_BLEND,2025-11-02T21:25:00Z,1,Football market blend edge clears threshold,11,False,,true,true,true,true,28,28,BUF,nfl,odds_api_flattened_consensus,3,"{'Football_KeyNumberGuard_v1': {'context_flags': {'key_number_risk': False, 'key_numbers': [3, 7, 10]}, 'home_line_proj': 2.0, 'model_name': 'Football_KeyNumberGuard_v1', 'parlay_edge_score': 0, 'spread_distance': 0.0, 'spread_edge': 0.0, 'spread_pick': '', 'total_distance': 0.0, 'total_edge': 0.0, 'total_pick': '', 'total_projection': 52.5}, 'Football_LineMovement_v1': {'context_flags': {'movement_available': False}, 'home_line_proj': 2.0, 'model_name': 'Football_LineMovement_v1', 'parlay_edge_score': 0, 'spread_distance': 0.0, 'spread_edge': 0.0, 'spread_pick': '', 'total_distance': 0.0, 'total_edge': 0.0, 'total_pick': '', 'total_projection': 52.5}, 'Football_MarketBlend_v1': {'context_flags': {'blend_inputs': ['Football_MarketConsensus_v1', 'Football_SpreadValue_v1', 'Football_TotalValue_v1', 'Football_LineMovement_v1', 'Football_KeyNumberGuard_v1'], 'key_number_risk': False}, 'home_line_proj': 1.75, 'model_name': 'Football_MarketBlend_v1', 'parlay_edge_score': 0.75, 'spread_distance': 0.25, 'spread_edge': 0.25, 'spread_pick': 'HOME', 'total_distance': 0.5, 'total_edge': -0.5, 'total_pick': 'UNDER', 'total_projection': 52.0}, 'Football_MarketConsensus_v1': {'context_flags': {'book_count': 11, 'source': 'market_consensus'}, 'home_line_proj': 2.0, 'model_name': 'Football_MarketConsensus_v1', 'parlay_edge_score': 0, 'spread_distance': 0.0, 'spread_edge': 0.0, 'spread_pick': '', 'total_distance': 0.0, 'total_edge': 0.0, 'total_pick': '', 'total_projection': 52.5}, 'Football_SpreadValue_v1': {'context_flags': {'book_count': 11.0, 'value_shift': -0.75}, 'home_line_proj': 1.25, 'model_name': 'Football_SpreadValue_v1', 'parlay_edge_score': 0.75, 'spread_distance': 0.75, 'spread_edge': 0.75, 'spread_pick': 'HOME', 'total_distance': 0.0, 'total_edge': 0.0, 'total_pick': '', 'total_projection': 52.5}, 'Football_TotalValue_v1': {'context_flags': {'book_count': 11.0, 'total_value_rule': 'low_total_over_high_total_under'}, 'home_line_proj': 2.0, 'model_name': 'Football_TotalValue_v1', 'parlay_edge_score': 1.0, 'spread_distance': 0.0, 'spread_edge': 0.0, 'spread_pick': '', 'total_distance': 1.0, 'total_edge': -1.0, 'total_pick': 'UNDER', 'total_projection': 51.5}}",-132.0,-132.0,110.0,110.0,66,61531628516decd1ee8116da5f6f9056,2025-11-02T15:55:38Z,odds_api_flattened,-2.0,2.0,STATUS_FINAL,post,52.5,Highmark Stadium (Old)
nfl_401772870,2025-11-02,Houston Texans,Denver Broncos,-2.0,2.0,41.0,41.5,AWAY,-0.25,0.5,0.75,LOW,Football_MarketBlend_v1,Football_MarketBlend_v1,"{'blend_inputs': ['Football_MarketConsensus_v1', 'Football_SpreadValue_v1', 'Football_TotalValue_v1', 'Football_LineMovement_v1', 'Football_KeyNumberGuard_v1'], 'key_number_risk': False}","Game: Denver Broncos @ Houston Texans
Authority: Football_MarketBlend_v1
Market: Spread -2.0, Total 41.0
Projection: Margin -1.75, Total 41.5
Spread Pick: AWAY (edge -0.25)
Total Pick: OVER (edge 0.5)",-1.75,,,,OVER,ACTIVE,,"{'spread': None, 'total': None}",FOOTBALL_MARKET_BLEND,18,18,DEN,11,FOOTBALL_MARKET_BLEND,2025-11-02T18:00:00Z,1,Football market blend edge clears threshold,11,False,,true,true,true,true,15,15,HOU,nfl,odds_api_flattened_consensus,3,"{'Football_KeyNumberGuard_v1': {'context_flags': {'key_number_risk': False, 'key_numbers': [3, 7, 10]}, 'home_line_proj': -2.0, 'model_name': 'Football_KeyNumberGuard_v1', 'parlay_edge_score': 0, 'spread_distance': 0.0, 'spread_edge': 0.0, 'spread_pick': '', 'total_distance': 0.0, 'total_edge': 0.0, 'total_pick': '', 'total_projection': 41.0}, 'Football_LineMovement_v1': {'context_flags': {'movement_available': False}, 'home_line_proj': -2.0, 'model_name': 'Football_LineMovement_v1', 'parlay_edge_score': 0, 'spread_distance': 0.0, 'spread_edge': 0.0, 'spread_pick': '', 'total_distance': 0.0, 'total_edge': 0.0, 'total_pick': '', 'total_projection': 41.0}, 'Football_MarketBlend_v1': {'context_flags': {'blend_inputs': ['Football_MarketConsensus_v1', 'Football_SpreadValue_v1', 'Football_TotalValue_v1', 'Football_LineMovement_v1', 'Football_KeyNumberGuard_v1'], 'key_number_risk': False}, 'home_line_proj': -1.75, 'model_name': 'Football_MarketBlend_v1', 'parlay_edge_score': 0.75, 'spread_distance': 0.25, 'spread_edge': -0.25, 'spread_pick': 'AWAY', 'total_distance': 0.5, 'total_edge': 0.5, 'total_pick': 'OVER', 'total_projection': 41.5}, 'Football_MarketConsensus_v1': {'context_flags': {'book_count': 11, 'source': 'market_consensus'}, 'home_line_proj': -2.0, 'model_name': 'Football_MarketConsensus_v1', 'parlay_edge_score': 0, 'spread_distance': 0.0, 'spread_edge': 0.0, 'spread_pick': '', 'total_distance': 0.0, 'total_edge': 0.0, 'total_pick': '', 'total_projection': 41.0}, 'Football_SpreadValue_v1': {'context_flags': {'book_count': 11.0, 'value_shift': 0.75}, 'home_line_proj': -1.25, 'model_name': 'Football_SpreadValue_v1', 'parlay_edge_score': 0.75, 'spread_distance': 0.75, 'spread_edge': -0.75, 'spread_pick': 'AWAY', 'total_distance': 0.0, 'total_edge': 0.0, 'total_pick': '', 'total_projection': 41.0}, 'Football_TotalValue_v1': {'context_flags': {'book_count': 11.0, 'total_value_rule': 'low_total_over_high_total_under'}, 'home_line_proj': -2.0, 'model_name': 'Football_TotalValue_v1', 'parlay_edge_score': 1.0, 'spread_distance': 0.0, 'spread_edge': 0.0, 'spread_pick': '', 'total_distance': 1.0, 'total_edge': 1.0, 'total_pick': 'OVER', 'total_projection': 42.0}}",112.0,112.0,-135.0,-135.0,66,72e2ce6652bbb3901f60b38bec05bf5f,2025-11-02T15:55:38Z,odds_api_flattened,2.0,-2.0,STATUS_FINAL,post,41.0,NRG Stadium
nfl_401772871,2025-11-02,Detroit Lions,Minnesota Vikings,-9.5,9.5,48.0,47.5,,-0.25,-0.5,0.75,LOW,Football_MarketBlend_v1,Football_MarketBlend_v1,"{'blend_inputs': ['Football_MarketConsensus_v1', 'Football_SpreadValue_v1', 'Football_TotalValue_v1', 'Football_LineMovement_v1', 'Football_KeyNumberGuard_v1'], 'key_number_risk': True, 'spread_veto': 'key_number_guard'}","Game: Minnesota Vikings @ Detroit Lions
Authority: Football_MarketBlend_v1
Market: Spread -9.5, Total 48.0
Projection: Margin -9.25, Total 47.5
Spread Pick:  (edge -0.25)
Total Pick: UNDER (edge -0.5)",-9.25,,,,UNDER,ACTIVE,,"{'spread': None, 'total': None}",FOOTBALL_MARKET_BLEND,27,27,MIN,11,FOOTBALL_MARKET_BLEND,2025-11-02T18:00:00Z,1,Football market blend edge clears threshold,11,False,,true,true,true,true,24,24,DET,nfl,odds_api_flattened_consensus,3,"{'Football_KeyNumberGuard_v1': {'context_flags': {'key_number_risk': True, 'key_numbers': [3, 7, 10]}, 'home_line_proj': -9.5, 'model_name': 'Football_KeyNumberGuard_v1', 'parlay_edge_score': 0, 'spread_distance': 0.0, 'spread_edge': 0.0, 'spread_pick': '', 'total_distance': 0.0, 'total_edge': 0.0, 'total_pick': '', 'total_projection': 48.0}, 'Football_LineMovement_v1': {'context_flags': {'movement_available': False}, 'home_line_proj': -9.5, 'model_name': 'Football_LineMovement_v1', 'parlay_edge_score': 0, 'spread_distance': 0.0, 'spread_edge': 0.0, 'spread_pick': '', 'total_distance': 0.0, 'total_edge': 0.0, 'total_pick': '', 'total_projection': 48.0}, 'Football_MarketBlend_v1': {'context_flags': {'blend_inputs': ['Football_MarketConsensus_v1', 'Football_SpreadValue_v1', 'Football_TotalValue_v1', 'Football_LineMovement_v1', 'Football_KeyNumberGuard_v1'], 'key_number_risk': True, 'spread_veto': 'key_number_guard'}, 'home_line_proj': -9.25, 'model_name': 'Football_MarketBlend_v1', 'parlay_edge_score': 0.75, 'spread_distance': 0.25, 'spread_edge': -0.25, 'spread_pick': '', 'total_distance': 0.5, 'total_edge': -0.5, 'total_pick': 'UNDER', 'total_projection': 47.5}, 'Football_MarketConsensus_v1': {'context_flags': {'book_count': 11, 'source': 'market_consensus'}, 'home_line_proj': -9.5, 'model_name': 'Football_MarketConsensus_v1', 'parlay_edge_score': 0, 'spread_distance': 0.0, 'spread_edge': 0.0, 'spread_pick': '', 'total_distance': 0.0, 'total_edge': 0.0, 'total_pick': '', 'total_projection': 48.0}, 'Football_SpreadValue_v1': {'context_flags': {'book_count': 11.0, 'value_shift': 0.75}, 'home_line_proj': -8.75, 'model_name': 'Football_SpreadValue_v1', 'parlay_edge_score': 0.75, 'spread_distance': 0.75, 'spread_edge': -0.75, 'spread_pick': 'AWAY', 'total_distance': 0.0, 'total_edge': 0.0, 'total_pick': '', 'total_projection': 48.0}, 'Football_TotalValue_v1': {'context_flags': {'book_count': 11.0, 'total_value_rule': 'low_total_over_high_total_under'}, 'home_line_proj': -9.5, 'model_name': 'Football_TotalValue_v1', 'parlay_edge_score': 1.0, 'spread_distance': 0.0, 'spread_edge': 0.0, 'spread_pick': '', 'total_distance': 1.0, 'total_edge': -1.0, 'total_pick': 'UNDER', 'total_projection': 47.0}}",390.0,390.0,-525.0,-525.0,66,cf95657d78ab3e515203df1d19c3b0c2,2025-11-02T15:55:38Z,odds_api_flattened,9.5,-9.5,STATUS_FINAL,post,48.0,Ford Field
nfl_401772872,2025-11-02,Green Bay Packers,Carolina Panthers,-13.0,13.0,43.5,44.0,AWAY,-0.25,0.5,0.75,LOW,Football_MarketBlend_v1,Football_MarketBlend_v1,"{'blend_inputs': ['Football_MarketConsensus_v1', 'Football_SpreadValue_v1', 'Football_TotalValue_v1', 'Football_LineMovement_v1', 'Football_KeyNumberGuard_v1'], 'key_number_risk': False}","Game: Carolina Panthers @ Green Bay Packers
Authority: Football_MarketBlend_v1
Market: Spread -13.0, Total 43.5
Projection: Margin -12.75, Total 44.0
Spread Pick: AWAY (edge -0.25)
Total Pick: OVER (edge 0.5)",-12.75,,,,OVER,ACTIVE,,"{'spread': None, 'total': None}",FOOTBALL_MARKET_BLEND,16,16,CAR,11,FOOTBALL_MARKET_BLEND,2025-11-02T18:00:00Z,1,Football market blend edge clears threshold,11,False,,true,true,true,true,13,13,GB,nfl,odds_api_flattened_consensus,3,"{'Football_KeyNumberGuard_v1': {'context_flags': {'key_number_risk': False, 'key_numbers': [3, 7, 10]}, 'home_line_proj': -13.0, 'model_name': 'Football_KeyNumberGuard_v1', 'parlay_edge_score': 0, 'spread_distance': 0.0, 'spread_edge': 0.0, 'spread_pick': '', 'total_distance': 0.0, 'total_edge': 0.0, 'total_pick': '', 'total_projection': 43.5}, 'Football_LineMovement_v1': {'context_flags': {'movement_available': False}, 'home_line_proj': -13.0, 'model_name': 'Football_LineMovement_v1', 'parlay_edge_score': 0, 'spread_distance': 0.0, 'spread_edge': 0.0, 'spread_pick': '', 'total_distance': 0.0, 'total_edge': 0.0, 'total_pick': '', 'total_projection': 43.5}, 'Football_MarketBlend_v1': {'context_flags': {'blend_inputs': ['Football_MarketConsensus_v1', 'Football_SpreadValue_v1', 'Football_TotalValue_v1', 'Football_LineMovement_v1', 'Football_KeyNumberGuard_v1'], 'key_number_risk': False}, 'home_line_proj': -12.75, 'model_name': 'Football_MarketBlend_v1', 'parlay_edge_score': 0.75, 'spread_distance': 0.25, 'spread_edge': -0.25, 'spread_pick': 'AWAY', 'total_distance': 0.5, 'total_edge': 0.5, 'total_pick': 'OVER', 'total_projection': 44.0}, 'Football_MarketConsensus_v1': {'context_flags': {'book_count': 11, 'source': 'market_consensus'}, 'home_line_proj': -13.0, 'model_name': 'Football_MarketConsensus_v1', 'parlay_edge_score': 0, 'spread_distance': 0.0, 'spread_edge': 0.0, 'spread_pick': '', 'total_distance': 0.0, 'total_edge': 0.0, 'total_pick': '', 'total_projection': 43.5}, 'Football_SpreadValue_v1': {'context_flags': {'book_count': 11.0, 'value_shift': 0.75}, 'home_line_proj': -12.25, 'model_name': 'Football_SpreadValue_v1', 'parlay_edge_score': 0.75, 'spread_distance': 0.75, 'spread_edge': -0.75, 'spread_pick': 'AWAY', 'total_distance': 0.0, 'total_edge': 0.0, 'total_pick': '', 'total_projection': 43.5}, 'Football_TotalValue_v1': {'context_flags': {'book_count': 11.0, 'total_value_rule': 'low_total_over_high_total_under'}, 'home_line_proj': -13.0, 'model_name': 'Football_TotalValue_v1', 'parlay_edge_score': 1.0, 'spread_distance': 0.0, 'spread_edge': 0.0, 'spread_pick': '', 'total_distance': 1.0, 'total_edge': 1.0, 'total_pick': 'OVER', 'total_projection': 44.5}}",624.0,624.0,-1000.0,-1000.0,66,6031b513e188fc19a2311499566c9258,2025-11-02T15:55:38Z,odds_api_flattened,13.0,-13.0,STATUS_FINAL,post,43.5,Lambeau Field
nfl_401772873,2025-11-02,Las Vegas Raiders,Jacksonville Jaguars,2.5,-2.5,44.0,44.5,,0.25,0.5,0.75,LOW,Football_MarketBlend_v1,Football_MarketBlend_v1,"{'blend_inputs': ['Football_MarketConsensus_v1', 'Football_SpreadValue_v1', 'Football_TotalValue_v1', 'Football_LineMovement_v1', 'Football_KeyNumberGuard_v1'], 'key_number_risk': True, 'spread_veto': 'key_number_guard'}","Game: Jacksonville Jaguars @ Las Vegas Raiders
Authority: Football_MarketBlend_v1
Market: Spread 2.5, Total 44.0
Projection: Margin 2.25, Total 44.5
Spread Pick:  (edge 0.25)
Total Pick: OVER (edge 0.5)",2.25,,,,OVER,ACTIVE,,"{'spread': None, 'total': None}",FOOTBALL_MARKET_BLEND,30,30,JAX,11,FOOTBALL_MARKET_BLEND,2025-11-02T21:05:00Z,1,Football market blend edge clears threshold,11,False,,true,true,true,true,29,29,LV,nfl,odds_api_flattened_consensus,3,"{'Football_KeyNumberGuard_v1': {'context_flags': {'key_number_risk': True, 'key_numbers': [3, 7, 10]}, 'home_line_proj': 2.5, 'model_name': 'Football_KeyNumberGuard_v1', 'parlay_edge_score': 0, 'spread_distance': 0.0, 'spread_edge': 0.0, 'spread_pick': '', 'total_distance': 0.0, 'total_edge': 0.0, 'total_pick': '', 'total_projection': 44.0}, 'Football_LineMovement_v1': {'context_flags': {'movement_available': False}, 'home_line_proj': 2.5, 'model_name': 'Football_LineMovement_v1', 'parlay_edge_score': 0, 'spread_distance': 0.0, 'spread_edge': 0.0, 'spread_pick': '', 'total_distance': 0.0, 'total_edge': 0.0, 'total_pick': '', 'total_projection': 44.0}, 'Football_MarketBlend_v1': {'context_flags': {'blend_inputs': ['Football_MarketConsensus_v1', 'Football_SpreadValue_v1', 'Football_TotalValue_v1', 'Football_LineMovement_v1', 'Football_KeyNumberGuard_v1'], 'key_number_risk': True, 'spread_veto': 'key_number_guard'}, 'home_line_proj': 2.25, 'model_name': 'Football_MarketBlend_v1', 'parlay_edge_score': 0.75, 'spread_distance': 0.25, 'spread_edge': 0.25, 'spread_pick': '', 'total_distance': 0.5, 'total_edge': 0.5, 'total_pick': 'OVER', 'total_projection': 44.5}, 'Football_MarketConsensus_v1': {'context_flags': {'book_count': 11, 'source': 'market_consensus'}, 'home_line_proj': 2.5, 'model_name': 'Football_MarketConsensus_v1', 'parlay_edge_score': 0, 'spread_distance': 0.0, 'spread_edge': 0.0, 'spread_pick': '', 'total_distance': 0.0, 'total_edge': 0.0, 'total_pick': '', 'total_projection': 44.0}, 'Football_SpreadValue_v1': {'context_flags': {'book_count': 11.0, 'value_shift': -0.75}, 'home_line_proj': 1.75, 'model_name': 'Football_SpreadValue_v1', 'parlay_edge_score': 0.75, 'spread_distance': 0.75, 'spread_edge': 0.75, 'spread_pick': 'HOME', 'total_distance': 0.0, 'total_edge': 0.0, 'total_pick': '', 'total_projection': 44.0}, 'Football_TotalValue_v1': {'context_flags': {'book_count': 11.0, 'total_value_rule': 'low_total_over_high_total_under'}, 'home_line_proj': 2.5, 'model_name': 'Football_TotalValue_v1', 'parlay_edge_score': 1.0, 'spread_distance': 0.0, 'spread_edge': 0.0, 'spread_pick': '', 'total_distance': 1.0, 'total_edge': 1.0, 'total_pick': 'OVER', 'total_projection': 45.0}}",-140.0,-140.0,120.0,120.0,66,d0bf341e7959d69b55f1a8ff09065234,2025-11-02T15:55:38Z,odds_api_flattened,-2.5,2.5,STATUS_FINAL,post,44.0,Allegiant Stadium
nfl_401772874,2025-11-02,Los Angeles Rams,New Orleans Saints,-14.0,14.0,44.0,44.5,AWAY,-0.25,0.5,0.75,LOW,Football_MarketBlend_v1,Football_MarketBlend_v1,"{'blend_inputs': ['Football_MarketConsensus_v1', 'Football_SpreadValue_v1', 'Football_TotalValue_v1', 'Football_LineMovement_v1', 'Football_KeyNumberGuard_v1'], 'key_number_risk': False}","Game: New Orleans Saints @ Los Angeles Rams
Authority: Football_MarketBlend_v1
Market: Spread -14.0, Total 44.0
Projection: Margin -13.75, Total 44.5
Spread Pick: AWAY (edge -0.25)
Total Pick: OVER (edge 0.5)",-13.75,,,,OVER,ACTIVE,,"{'spread': None, 'total': None}",FOOTBALL_MARKET_BLEND,10,10,NO,11,FOOTBALL_MARKET_BLEND,2025-11-02T21:05:00Z,1,Football market blend edge clears threshold,11,False,,true,true,true,true,34,34,LAR,nfl,odds_api_flattened_consensus,3,"{'Football_KeyNumberGuard_v1': {'context_flags': {'key_number_risk': False, 'key_numbers': [3, 7, 10]}, 'home_line_proj': -14.0, 'model_name': 'Football_KeyNumberGuard_v1', 'parlay_edge_score': 0, 'spread_distance': 0.0, 'spread_edge': 0.0, 'spread_pick': '', 'total_distance': 0.0, 'total_edge': 0.0, 'total_pick': '', 'total_projection': 44.0}, 'Football_LineMovement_v1': {'context_flags': {'movement_available': False}, 'home_line_proj': -14.0, 'model_name': 'Football_LineMovement_v1', 'parlay_edge_score': 0, 'spread_distance': 0.0, 'spread_edge': 0.0, 'spread_pick': '', 'total_distance': 0.0, 'total_edge': 0.0, 'total_pick': '', 'total_projection': 44.0}, 'Football_MarketBlend_v1': {'context_flags': {'blend_inputs': ['Football_MarketConsensus_v1', 'Football_SpreadValue_v1', 'Football_TotalValue_v1', 'Football_LineMovement_v1', 'Football_KeyNumberGuard_v1'], 'key_number_risk': False}, 'home_line_proj': -13.75, 'model_name': 'Football_MarketBlend_v1', 'parlay_edge_score': 0.75, 'spread_distance': 0.25, 'spread_edge': -0.25, 'spread_pick': 'AWAY', 'total_distance': 0.5, 'total_edge': 0.5, 'total_pick': 'OVER', 'total_projection': 44.5}, 'Football_MarketConsensus_v1': {'context_flags': {'book_count': 11, 'source': 'market_consensus'}, 'home_line_proj': -14.0, 'model_name': 'Football_MarketConsensus_v1', 'parlay_edge_score': 0, 'spread_distance': 0.0, 'spread_edge': 0.0, 'spread_pick': '', 'total_distance': 0.0, 'total_edge': 0.0, 'total_pick': '', 'total_projection': 44.0}, 'Football_SpreadValue_v1': {'context_flags': {'book_count': 11.0, 'value_shift': 0.75}, 'home_line_proj': -13.25, 'model_name': 'Football_SpreadValue_v1', 'parlay_edge_score': 0.75, 'spread_distance': 0.75, 'spread_edge': -0.75, 'spread_pick': 'AWAY', 'total_distance': 0.0, 'total_edge': 0.0, 'total_pick': '', 'total_projection': 44.0}, 'Football_TotalValue_v1': {'context_flags': {'book_count': 11.0, 'total_value_rule': 'low_total_over_high_total_under'}, 'home_line_proj': -14.0, 'model_name': 'Football_TotalValue_v1', 'parlay_edge_score': 1.0, 'spread_distance': 0.0, 'spread_edge': 0.0, 'spread_pick': '', 'total_distance': 1.0, 'total_edge': 1.0, 'total_pick': 'OVER', 'total_projection': 45.0}}",750.0,750.0,-1250.0,-1250.0,66,b08df670a95f1809707b335dc75081c6,2025-11-02T15:55:38Z,odds_api_flattened,14.0,-14.0,STATUS_FINAL,post,44.0,SoFi Stadium
nfl_401772926,2025-11-03,Washington Commanders,Seattle Seahawks,3.0,-3.0,48.5,48.0,,0.25,-0.5,0.75,LOW,Football_MarketBlend_v1,Football_MarketBlend_v1,"{'blend_inputs': ['Football_MarketConsensus_v1', 'Football_SpreadValue_v1', 'Football_TotalValue_v1', 'Football_LineMovement_v1', 'Football_KeyNumberGuard_v1'], 'key_number_risk': True, 'spread_veto': 'key_number_guard'}","Game: Seattle Seahawks @ Washington Commanders
Authority: Football_MarketBlend_v1
Market: Spread 3.0, Total 48.5
Projection: Margin 2.75, Total 48.0
Spread Pick:  (edge 0.25)
Total Pick: UNDER (edge -0.5)",2.75,,,,UNDER,ACTIVE,,"{'spread': None, 'total': None}",FOOTBALL_MARKET_BLEND,38,38,SEA,11,FOOTBALL_MARKET_BLEND,2025-11-03T01:20:00Z,1,Football market blend edge clears threshold,11,False,,true,true,true,true,14,14,WAS,nfl,odds_api_flattened_consensus,3,"{'Football_KeyNumberGuard_v1': {'context_flags': {'key_number_risk': True, 'key_numbers': [3, 7, 10]}, 'home_line_proj': 3.0, 'model_name': 'Football_KeyNumberGuard_v1', 'parlay_edge_score': 0, 'spread_distance': 0.0, 'spread_edge': 0.0, 'spread_pick': '', 'total_distance': 0.0, 'total_edge': 0.0, 'total_pick': '', 'total_projection': 48.5}, 'Football_LineMovement_v1': {'context_flags': {'movement_available': False}, 'home_line_proj': 3.0, 'model_name': 'Football_LineMovement_v1', 'parlay_edge_score': 0, 'spread_distance': 0.0, 'spread_edge': 0.0, 'spread_pick': '', 'total_distance': 0.0, 'total_edge': 0.0, 'total_pick': '', 'total_projection': 48.5}, 'Football_MarketBlend_v1': {'context_flags': {'blend_inputs': ['Football_MarketConsensus_v1', 'Football_SpreadValue_v1', 'Football_TotalValue_v1', 'Football_LineMovement_v1', 'Football_KeyNumberGuard_v1'], 'key_number_risk': True, 'spread_veto': 'key_number_guard'}, 'home_line_proj': 2.75, 'model_name': 'Football_MarketBlend_v1', 'parlay_edge_score': 0.75, 'spread_distance': 0.25, 'spread_edge': 0.25, 'spread_pick': '', 'total_distance': 0.5, 'total_edge': -0.5, 'total_pick': 'UNDER', 'total_projection': 48.0}, 'Football_MarketConsensus_v1': {'context_flags': {'book_count': 11, 'source': 'market_consensus'}, 'home_line_proj': 3.0, 'model_name': 'Football_MarketConsensus_v1', 'parlay_edge_score': 0, 'spread_distance': 0.0, 'spread_edge': 0.0, 'spread_pick': '', 'total_distance': 0.0, 'total_edge': 0.0, 'total_pick': '', 'total_projection': 48.5}, 'Football_SpreadValue_v1': {'context_flags': {'book_count': 11.0, 'value_shift': -0.75}, 'home_line_proj': 2.25, 'model_name': 'Football_SpreadValue_v1', 'parlay_edge_score': 0.75, 'spread_distance': 0.75, 'spread_edge': 0.75, 'spread_pick': 'HOME', 'total_distance': 0.0, 'total_edge': 0.0, 'total_pick': '', 'total_projection': 48.5}, 'Football_TotalValue_v1': {'context_flags': {'book_count': 11.0, 'total_value_rule': 'low_total_over_high_total_under'}, 'home_line_proj': 3.0, 'model_name': 'Football_TotalValue_v1', 'parlay_edge_score': 1.0, 'spread_distance': 0.0, 'spread_edge': 0.0, 'spread_pick': '', 'total_distance': 1.0, 'total_edge': -1.0, 'total_pick': 'UNDER', 'total_projection': 47.5}}",-158.0,-158.0,135.0,135.0,66,c2fd8a23091a954fb21ff6d3537db826,2025-11-02T15:55:38Z,odds_api_flattened,-3.0,3.0,STATUS_FINAL,post,48.5,Northwest Stadium
nfl_401772818,2025-11-04,Dallas Cowboys,Arizona Cardinals,-3.0,3.0,53.5,53.0,,-0.25,-0.5,0.75,LOW,Football_MarketBlend_v1,Football_MarketBlend_v1,"{'blend_inputs': ['Football_MarketConsensus_v1', 'Football_SpreadValue_v1', 'Football_TotalValue_v1', 'Football_LineMovement_v1', 'Football_KeyNumberGuard_v1'], 'key_number_risk': True, 'spread_veto': 'key_number_guard'}","Game: Arizona Cardinals @ Dallas Cowboys
Authority: Football_MarketBlend_v1
Market: Spread -3.0, Total 53.5
Projection: Margin -2.75, Total 53.0
Spread Pick:  (edge -0.25)
Total Pick: UNDER (edge -0.5)",-2.75,,,,UNDER,ACTIVE,,"{'spread': None, 'total': None}",FOOTBALL_MARKET_BLEND,27,27,ARI,11,FOOTBALL_MARKET_BLEND,2025-11-04T01:15:00Z,1,Football market blend edge clears threshold,11,False,,true,true,true,true,17,17,DAL,nfl,odds_api_flattened_consensus,3,"{'Football_KeyNumberGuard_v1': {'context_flags': {'key_number_risk': True, 'key_numbers': [3, 7, 10]}, 'home_line_proj': -3.0, 'model_name': 'Football_KeyNumberGuard_v1', 'parlay_edge_score': 0, 'spread_distance': 0.0, 'spread_edge': 0.0, 'spread_pick': '', 'total_distance': 0.0, 'total_edge': 0.0, 'total_pick': '', 'total_projection': 53.5}, 'Football_LineMovement_v1': {'context_flags': {'movement_available': False}, 'home_line_proj': -3.0, 'model_name': 'Football_LineMovement_v1', 'parlay_edge_score': 0, 'spread_distance': 0.0, 'spread_edge': 0.0, 'spread_pick': '', 'total_distance': 0.0, 'total_edge': 0.0, 'total_pick': '', 'total_projection': 53.5}, 'Football_MarketBlend_v1': {'context_flags': {'blend_inputs': ['Football_MarketConsensus_v1', 'Football_SpreadValue_v1', 'Football_TotalValue_v1', 'Football_LineMovement_v1', 'Football_KeyNumberGuard_v1'], 'key_number_risk': True, 'spread_veto': 'key_number_guard'}, 'home_line_proj': -2.75, 'model_name': 'Football_MarketBlend_v1', 'parlay_edge_score': 0.75, 'spread_distance': 0.25, 'spread_edge': -0.25, 'spread_pick': '', 'total_distance': 0.5, 'total_edge': -0.5, 'total_pick': 'UNDER', 'total_projection': 53.0}, 'Football_MarketConsensus_v1': {'context_flags': {'book_count': 11, 'source': 'market_consensus'}, 'home_line_proj': -3.0, 'model_name': 'Football_MarketConsensus_v1', 'parlay_edge_score': 0, 'spread_distance': 0.0, 'spread_edge': 0.0, 'spread_pick': '', 'total_distance': 0.0, 'total_edge': 0.0, 'total_pick': '', 'total_projection': 53.5}, 'Football_SpreadValue_v1': {'context_flags': {'book_count': 11.0, 'value_shift': 0.75}, 'home_line_proj': -2.25, 'model_name': 'Football_SpreadValue_v1', 'parlay_edge_score': 0.75, 'spread_distance': 0.75, 'spread_edge': -0.75, 'spread_pick': 'AWAY', 'total_distance': 0.0, 'total_edge': 0.0, 'total_pick': '', 'total_projection': 53.5}, 'Football_TotalValue_v1': {'context_flags': {'book_count': 11.0, 'total_value_rule': 'low_total_over_high_total_under'}, 'home_line_proj': -3.0, 'model_name': 'Football_TotalValue_v1', 'parlay_edge_score': 1.0, 'spread_distance': 0.0, 'spread_edge': 0.0, 'spread_pick': '', 'total_distance': 1.0, 'total_edge': -1.0, 'total_pick': 'UNDER', 'total_projection': 52.5}}",145.0,145.0,-170.0,-170.0,66,f3dfb574e0a542375a480534525ee6cf,2025-11-03T15:55:37Z,odds_api_flattened,3.0,-3.0,STATUS_FINAL,post,53.5,AT&T Stadium
nfl_401772944,2025-11-07,Denver Broncos,Las Vegas Raiders,-9.0,9.0,43.0,43.5,AWAY,-0.25,0.5,0.75,LOW,Football_MarketBlend_v1,Football_MarketBlend_v1,"{'blend_inputs': ['Football_MarketConsensus_v1', 'Football_SpreadValue_v1', 'Football_TotalValue_v1', 'Football_LineMovement_v1', 'Football_KeyNumberGuard_v1'], 'key_number_risk': False}","Game: Las Vegas Raiders @ Denver Broncos
Authority: Football_MarketBlend_v1
Market: Spread -9.0, Total 43.0
Projection: Margin -8.75, Total 43.5
Spread Pick: AWAY (edge -0.25)
Total Pick: OVER (edge 0.5)",-8.75,,,,OVER,ACTIVE,,"{'spread': None, 'total': None}",FOOTBALL_MARKET_BLEND,7,7,LV,11,FOOTBALL_MARKET_BLEND,2025-11-07T01:15:00Z,1,Football market blend edge clears threshold,11,False,,true,true,true,true,10,10,DEN,nfl,odds_api_flattened_consensus,3,"{'Football_KeyNumberGuard_v1': {'context_flags': {'key_number_risk': False, 'key_numbers': [3, 7, 10]}, 'home_line_proj': -9.0, 'model_name': 'Football_KeyNumberGuard_v1', 'parlay_edge_score': 0, 'spread_distance': 0.0, 'spread_edge': 0.0, 'spread_pick': '', 'total_distance': 0.0, 'total_edge': 0.0, 'total_pick': '', 'total_projection': 43.0}, 'Football_LineMovement_v1': {'context_flags': {'movement_available': False}, 'home_line_proj': -9.0, 'model_name': 'Football_LineMovement_v1', 'parlay_edge_score': 0, 'spread_distance': 0.0, 'spread_edge': 0.0, 'spread_pick': '', 'total_distance': 0.0, 'total_edge': 0.0, 'total_pick': '', 'total_projection': 43.0}, 'Football_MarketBlend_v1': {'context_flags': {'blend_inputs': ['Football_MarketConsensus_v1', 'Football_SpreadValue_v1', 'Football_TotalValue_v1', 'Football_LineMovement_v1', 'Football_KeyNumberGuard_v1'], 'key_number_risk': False}, 'home_line_proj': -8.75, 'model_name': 'Football_MarketBlend_v1', 'parlay_edge_score': 0.75, 'spread_distance': 0.25, 'spread_edge': -0.25, 'spread_pick': 'AWAY', 'total_distance': 0.5, 'total_edge': 0.5, 'total_pick': 'OVER', 'total_projection': 43.5}, 'Football_MarketConsensus_v1': {'context_flags': {'book_count': 11, 'source': 'market_consensus'}, 'home_line_proj': -9.0, 'model_name': 'Football_MarketConsensus_v1', 'parlay_edge_score': 0, 'spread_distance': 0.0, 'spread_edge': 0.0, 'spread_pick': '', 'total_distance': 0.0, 'total_edge': 0.0, 'total_pick': '', 'total_projection': 43.0}, 'Football_SpreadValue_v1': {'context_flags': {'book_count': 11.0, 'value_shift': 0.75}, 'home_line_proj': -8.25, 'model_name': 'Football_SpreadValue_v1', 'parlay_edge_score': 0.75, 'spread_distance': 0.75, 'spread_edge': -0.75, 'spread_pick': 'AWAY', 'total_distance': 0.0, 'total_edge': 0.0, 'total_pick': '', 'total_projection': 43.0}, 'Football_TotalValue_v1': {'context_flags': {'book_count': 11.0, 'total_value_rule': 'low_total_over_high_total_under'}, 'home_line_proj': -9.0, 'model_name': 'Football_TotalValue_v1', 'parlay_edge_score': 1.0, 'spread_distance': 0.0, 'spread_edge': 0.0, 'spread_pick': '', 'total_distance': 1.0, 'total_edge': 1.0, 'total_pick': 'OVER', 'total_projection': 44.0}}",390.0,390.0,-520.0,-520.0,66,13bdffda97e8fb13179fe3f2f69d66f8,2025-11-06T15:55:38Z,odds_api_flattened,9.0,-9.0,STATUS_FINAL,post,43.0,Empower Field at Mile High
nfl_401772636,2025-11-09,Indianapolis Colts,Atlanta Falcons,-2.5,2.5,50.5,50.0,,-0.25,-0.5,0.75,LOW,Football_MarketBlend_v1,Football_MarketBlend_v1,"{'blend_inputs': ['Football_MarketConsensus_v1', 'Football_SpreadValue_v1', 'Football_TotalValue_v1', 'Football_LineMovement_v1', 'Football_KeyNumberGuard_v1'], 'key_number_risk': True, 'spread_veto': 'key_number_guard'}","Game: Atlanta Falcons @ Indianapolis Colts
Authority: Football_MarketBlend_v1
Market: Spread -2.5, Total 50.5
Projection: Margin -2.25, Total 50.0
Spread Pick:  (edge -0.25)
Total Pick: UNDER (edge -0.5)",-2.25,,,,UNDER,ACTIVE,,"{'spread': None, 'total': None}",FOOTBALL_MARKET_BLEND,25,25,ATL,11,FOOTBALL_MARKET_BLEND,2025-11-09T14:35:08Z,1,Football market blend edge clears threshold,11,False,,true,true,true,true,31,31,IND,nfl,odds_api_flattened_consensus,3,"{'Football_KeyNumberGuard_v1': {'context_flags': {'key_number_risk': True, 'key_numbers': [3, 7, 10]}, 'home_line_proj': -2.5, 'model_name': 'Football_KeyNumberGuard_v1', 'parlay_edge_score': 0, 'spread_distance': 0.0, 'spread_edge': 0.0, 'spread_pick': '', 'total_distance': 0.0, 'total_edge': 0.0, 'total_pick': '', 'total_projection': 50.5}, 'Football_LineMovement_v1': {'context_flags': {'movement_available': False}, 'home_line_proj': -2.5, 'model_name': 'Football_LineMovement_v1', 'parlay_edge_score': 0, 'spread_distance': 0.0, 'spread_edge': 0.0, 'spread_pick': '', 'total_distance': 0.0, 'total_edge': 0.0, 'total_pick': '', 'total_projection': 50.5}, 'Football_MarketBlend_v1': {'context_flags': {'blend_inputs': ['Football_MarketConsensus_v1', 'Football_SpreadValue_v1', 'Football_TotalValue_v1', 'Football_LineMovement_v1', 'Football_KeyNumberGuard_v1'], 'key_number_risk': True, 'spread_veto': 'key_number_guard'}, 'home_line_proj': -2.25, 'model_name': 'Football_MarketBlend_v1', 'parlay_edge_score': 0.75, 'spread_distance': 0.25, 'spread_edge': -0.25, 'spread_pick': '', 'total_distance': 0.5, 'total_edge': -0.5, 'total_pick': 'UNDER', 'total_projection': 50.0}, 'Football_MarketConsensus_v1': {'context_flags': {'book_count': 11, 'source': 'market_consensus'}, 'home_line_proj': -2.5, 'model_name': 'Football_MarketConsensus_v1', 'parlay_edge_score': 0, 'spread_distance': 0.0, 'spread_edge': 0.0, 'spread_pick': '', 'total_distance': 0.0, 'total_edge': 0.0, 'total_pick': '', 'total_projection': 50.5}, 'Football_SpreadValue_v1': {'context_flags': {'book_count': 11.0, 'value_shift': 0.75}, 'home_line_proj': -1.75, 'model_name': 'Football_SpreadValue_v1', 'parlay_edge_score': 0.75, 'spread_distance': 0.75, 'spread_edge': -0.75, 'spread_pick': 'AWAY', 'total_distance': 0.0, 'total_edge': 0.0, 'total_pick': '', 'total_projection': 50.5}, 'Football_TotalValue_v1': {'context_flags': {'book_count': 11.0, 'total_value_rule': 'low_total_over_high_total_under'}, 'home_line_proj': -2.5, 'model_name': 'Football_TotalValue_v1', 'parlay_edge_score': 1.0, 'spread_distance': 0.0, 'spread_edge': 0.0, 'spread_pick': '', 'total_distance': 1.0, 'total_edge': -1.0, 'total_pick': 'UNDER', 'total_projection': 49.5}}",145.0,145.0,-190.0,-190.0,66,42473c1ddf8f424069ff3f264dd8dca4,2025-11-09T15:55:37Z,odds_api_flattened,2.5,-2.5,STATUS_FINAL,post,50.5,Olympic Stadium Berlin
nfl_401772769,2025-11-09,New York Jets,Cleveland Browns,2.0,-2.0,37.5,38.0,HOME,0.25,0.5,0.75,LOW,Football_MarketBlend_v1,Football_MarketBlend_v1,"{'blend_inputs': ['Football_MarketConsensus_v1', 'Football_SpreadValue_v1', 'Football_TotalValue_v1', 'Football_LineMovement_v1', 'Football_KeyNumberGuard_v1'], 'key_number_risk': False}","Game: Cleveland Browns @ New York Jets
Authority: Football_MarketBlend_v1
Market: Spread 2.0, Total 37.5
Projection: Margin 1.75, Total 38.0
Spread Pick: HOME (edge 0.25)
Total Pick: OVER (edge 0.5)",1.75,,,,OVER,ACTIVE,,"{'spread': None, 'total': None}",FOOTBALL_MARKET_BLEND,20,20,CLE,11,FOOTBALL_MARKET_BLEND,2025-11-09T18:00:00Z,1,Football market blend edge clears threshold,11,False,,true,true,true,true,27,27,NYJ,nfl,odds_api_flattened_consensus,3,"{'Football_KeyNumberGuard_v1': {'context_flags': {'key_number_risk': False, 'key_numbers': [3, 7, 10]}, 'home_line_proj': 2.0, 'model_name': 'Football_KeyNumberGuard_v1', 'parlay_edge_score': 0, 'spread_distance': 0.0, 'spread_edge': 0.0, 'spread_pick': '', 'total_distance': 0.0, 'total_edge': 0.0, 'total_pick': '', 'total_projection': 37.5}, 'Football_LineMovement_v1': {'context_flags': {'movement_available': False}, 'home_line_proj': 2.0, 'model_name': 'Football_LineMovement_v1', 'parlay_edge_score': 0, 'spread_distance': 0.0, 'spread_edge': 0.0, 'spread_pick': '', 'total_distance': 0.0, 'total_edge': 0.0, 'total_pick': '', 'total_projection': 37.5}, 'Football_MarketBlend_v1': {'context_flags': {'blend_inputs': ['Football_MarketConsensus_v1', 'Football_SpreadValue_v1', 'Football_TotalValue_v1', 'Football_LineMovement_v1', 'Football_KeyNumberGuard_v1'], 'key_number_risk': False}, 'home_line_proj': 1.75, 'model_name': 'Football_MarketBlend_v1', 'parlay_edge_score': 0.75, 'spread_distance': 0.25, 'spread_edge': 0.25, 'spread_pick': 'HOME', 'total_distance': 0.5, 'total_edge': 0.5, 'total_pick': 'OVER', 'total_projection': 38.0}, 'Football_MarketConsensus_v1': {'context_flags': {'book_count': 11, 'source': 'market_consensus'}, 'home_line_proj': 2.0, 'model_name': 'Football_MarketConsensus_v1', 'parlay_edge_score': 0, 'spread_distance': 0.0, 'spread_edge': 0.0, 'spread_pick': '', 'total_distance': 0.0, 'total_edge': 0.0, 'total_pick': '', 'total_projection': 37.5}, 'Football_SpreadValue_v1': {'context_flags': {'book_count': 11.0, 'value_shift': -0.75}, 'home_line_proj': 1.25, 'model_name': 'Football_SpreadValue_v1', 'parlay_edge_score': 0.75, 'spread_distance': 0.75, 'spread_edge': 0.75, 'spread_pick': 'HOME', 'total_distance': 0.0, 'total_edge': 0.0, 'total_pick': '', 'total_projection': 37.5}, 'Football_TotalValue_v1': {'context_flags': {'book_count': 11.0, 'total_value_rule': 'low_total_over_high_total_under'}, 'home_line_proj': 2.0, 'model_name': 'Football_TotalValue_v1', 'parlay_edge_score': 1.0, 'spread_distance': 0.0, 'spread_edge': 0.0, 'spread_pick': '', 'total_distance': 1.0, 'total_edge': 1.0, 'total_pick': 'OVER', 'total_projection': 38.5}}",-130.0,-130.0,110.0,110.0,66,844b89333f293f055f8e0c147fb9fec5,2025-11-09T15:55:37Z,odds_api_flattened,-2.0,2.0,STATUS_FINAL,post,37.5,MetLife Stadium
nfl_401772770,2025-11-09,Houston Texans,Jacksonville Jaguars,-0.5,0.5,37.5,38.0,AWAY,-0.25,0.5,0.75,LOW,Football_MarketBlend_v1,Football_MarketBlend_v1,"{'blend_inputs': ['Football_MarketConsensus_v1', 'Football_SpreadValue_v1', 'Football_TotalValue_v1', 'Football_LineMovement_v1', 'Football_KeyNumberGuard_v1'], 'key_number_risk': False}","Game: Jacksonville Jaguars @ Houston Texans
Authority: Football_MarketBlend_v1
Market: Spread -0.5, Total 37.5
Projection: Margin -0.25, Total 38.0
Spread Pick: AWAY (edge -0.25)
Total Pick: OVER (edge 0.5)",-0.25,,,,OVER,ACTIVE,,"{'spread': None, 'total': None}",FOOTBALL_MARKET_BLEND,29,29,JAX,11,FOOTBALL_MARKET_BLEND,2025-11-09T18:00:00Z,1,Football market blend edge clears threshold,11,False,,true,true,true,true,36,36,HOU,nfl,odds_api_flattened_consensus,3,"{'Football_KeyNumberGuard_v1': {'context_flags': {'key_number_risk': False, 'key_numbers': [3, 7, 10]}, 'home_line_proj': -0.5, 'model_name': 'Football_KeyNumberGuard_v1', 'parlay_edge_score': 0, 'spread_distance': 0.0, 'spread_edge': 0.0, 'spread_pick': '', 'total_distance': 0.0, 'total_edge': 0.0, 'total_pick': '', 'total_projection': 37.5}, 'Football_LineMovement_v1': {'context_flags': {'movement_available': False}, 'home_line_proj': -0.5, 'model_name': 'Football_LineMovement_v1', 'parlay_edge_score': 0, 'spread_distance': 0.0, 'spread_edge': 0.0, 'spread_pick': '', 'total_distance': 0.0, 'total_edge': 0.0, 'total_pick': '', 'total_projection': 37.5}, 'Football_MarketBlend_v1': {'context_flags': {'blend_inputs': ['Football_MarketConsensus_v1', 'Football_SpreadValue_v1', 'Football_TotalValue_v1', 'Football_LineMovement_v1', 'Football_KeyNumberGuard_v1'], 'key_number_risk': False}, 'home_line_proj': -0.25, 'model_name': 'Football_MarketBlend_v1', 'parlay_edge_score': 0.75, 'spread_distance': 0.25, 'spread_edge': -0.25, 'spread_pick': 'AWAY', 'total_distance': 0.5, 'total_edge': 0.5, 'total_pick': 'OVER', 'total_projection': 38.0}, 'Football_MarketConsensus_v1': {'context_flags': {'book_count': 11, 'source': 'market_consensus'}, 'home_line_proj': -0.5, 'model_name': 'Football_MarketConsensus_v1', 'parlay_edge_score': 0, 'spread_distance': 0.0, 'spread_edge': 0.0, 'spread_pick': '', 'total_distance': 0.0, 'total_edge': 0.0, 'total_pick': '', 'total_projection': 37.5}, 'Football_SpreadValue_v1': {'context_flags': {'book_count': 11.0, 'value_shift': 0.75}, 'home_line_proj': 0.25, 'model_name': 'Football_SpreadValue_v1', 'parlay_edge_score': 0.75, 'spread_distance': 0.75, 'spread_edge': -0.75, 'spread_pick': 'AWAY', 'total_distance': 0.0, 'total_edge': 0.0, 'total_pick': '', 'total_projection': 37.5}, 'Football_TotalValue_v1': {'context_flags': {'book_count': 11.0, 'total_value_rule': 'low_total_over_high_total_under'}, 'home_line_proj': -0.5, 'model_name': 'Football_TotalValue_v1', 'parlay_edge_score': 1.0, 'spread_distance': 0.0, 'spread_edge': 0.0, 'spread_pick': '', 'total_distance': 1.0, 'total_edge': 1.0, 'total_pick': 'OVER', 'total_projection': 38.5}}",-110.0,-110.0,-110.0,-110.0,60,9dbf94f23521c7cae7fd89b2d33fc3bd,2025-11-09T15:55:37Z,odds_api_flattened,0.5,-0.5,STATUS_FINAL,post,37.5,NRG Stadium
nfl_401772771,2025-11-09,Miami Dolphins,Buffalo Bills,8.5,-8.5,50.0,49.5,HOME,0.25,-0.5,0.75,LOW,Football_MarketBlend_v1,Football_MarketBlend_v1,"{'blend_inputs': ['Football_MarketConsensus_v1', 'Football_SpreadValue_v1', 'Football_TotalValue_v1', 'Football_LineMovement_v1', 'Football_KeyNumberGuard_v1'], 'key_number_risk': False}","Game: Buffalo Bills @ Miami Dolphins
Authority: Football_MarketBlend_v1
Market: Spread 8.5, Total 50.0
Projection: Margin 8.25, Total 49.5
Spread Pick: HOME (edge 0.25)
Total Pick: UNDER (edge -0.5)",8.25,,,,UNDER,ACTIVE,,"{'spread': None, 'total': None}",FOOTBALL_MARKET_BLEND,13,13,BUF,11,FOOTBALL_MARKET_BLEND,2025-11-09T18:00:00Z,1,Football market blend edge clears threshold,11,False,,true,true,true,true,30,30,MIA,nfl,odds_api_flattened_consensus,3,"{'Football_KeyNumberGuard_v1': {'context_flags': {'key_number_risk': False, 'key_numbers': [3, 7, 10]}, 'home_line_proj': 8.5, 'model_name': 'Football_KeyNumberGuard_v1', 'parlay_edge_score': 0, 'spread_distance': 0.0, 'spread_edge': 0.0, 'spread_pick': '', 'total_distance': 0.0, 'total_edge': 0.0, 'total_pick': '', 'total_projection': 50.0}, 'Football_LineMovement_v1': {'context_flags': {'movement_available': False}, 'home_line_proj': 8.5, 'model_name': 'Football_LineMovement_v1', 'parlay_edge_score': 0, 'spread_distance': 0.0, 'spread_edge': 0.0, 'spread_pick': '', 'total_distance': 0.0, 'total_edge': 0.0, 'total_pick': '', 'total_projection': 50.0}, 'Football_MarketBlend_v1': {'context_flags': {'blend_inputs': ['Football_MarketConsensus_v1', 'Football_SpreadValue_v1', 'Football_TotalValue_v1', 'Football_LineMovement_v1', 'Football_KeyNumberGuard_v1'], 'key_number_risk': False}, 'home_line_proj': 8.25, 'model_name': 'Football_MarketBlend_v1', 'parlay_edge_score': 0.75, 'spread_distance': 0.25, 'spread_edge': 0.25, 'spread_pick': 'HOME', 'total_distance': 0.5, 'total_edge': -0.5, 'total_pick': 'UNDER', 'total_projection': 49.5}, 'Football_MarketConsensus_v1': {'context_flags': {'book_count': 11, 'source': 'market_consensus'}, 'home_line_proj': 8.5, 'model_name': 'Football_MarketConsensus_v1', 'parlay_edge_score': 0, 'spread_distance': 0.0, 'spread_edge': 0.0, 'spread_pick': '', 'total_distance': 0.0, 'total_edge': 0.0, 'total_pick': '', 'total_projection': 50.0}, 'Football_SpreadValue_v1': {'context_flags': {'book_count': 11.0, 'value_shift': -0.75}, 'home_line_proj': 7.75, 'model_name': 'Football_SpreadValue_v1', 'parlay_edge_score': 0.75, 'spread_distance': 0.75, 'spread_edge': 0.75, 'spread_pick': 'HOME', 'total_distance': 0.0, 'total_edge': 0.0, 'total_pick': '', 'total_projection': 50.0}, 'Football_TotalValue_v1': {'context_flags': {'book_count': 11.0, 'total_value_rule': 'low_total_over_high_total_under'}, 'home_line_proj': 8.5, 'model_name': 'Football_TotalValue_v1', 'parlay_edge_score': 1.0, 'spread_distance': 0.0, 'spread_edge': 0.0, 'spread_pick': '', 'total_distance': 1.0, 'total_edge': -1.0, 'total_pick': 'UNDER', 'total_projection': 49.0}}",-500.0,-500.0,375.0,375.0,66,3c10bc18680995136017c3bfd3152334,2025-11-09T15:55:37Z,odds_api_flattened,-8.5,8.5,STATUS_FINAL,post,50.0,Hard Rock Stadium
nfl_401772772,2025-11-09,Tampa Bay Buccaneers,New England Patriots,-2.5,2.5,48.0,47.5,,-0.25,-0.5,0.75,LOW,Football_MarketBlend_v1,Football_MarketBlend_v1,"{'blend_inputs': ['Football_MarketConsensus_v1', 'Football_SpreadValue_v1', 'Football_TotalValue_v1', 'Football_LineMovement_v1', 'Football_KeyNumberGuard_v1'], 'key_number_risk': True, 'spread_veto': 'key_number_guard'}","Game: New England Patriots @ Tampa Bay Buccaneers
Authority: Football_MarketBlend_v1
Market: Spread -2.5, Total 48.0
Projection: Margin -2.25, Total 47.5
Spread Pick:  (edge -0.25)
Total Pick: UNDER (edge -0.5)",-2.25,,,,UNDER,ACTIVE,,"{'spread': None, 'total': None}",FOOTBALL_MARKET_BLEND,28,28,NE,11,FOOTBALL_MARKET_BLEND,2025-11-09T18:00:00Z,1,Football market blend edge clears threshold,11,False,,true,true,true,true,23,23,TB,nfl,odds_api_flattened_consensus,3,"{'Football_KeyNumberGuard_v1': {'context_flags': {'key_number_risk': True, 'key_numbers': [3, 7, 10]}, 'home_line_proj': -2.5, 'model_name': 'Football_KeyNumberGuard_v1', 'parlay_edge_score': 0, 'spread_distance': 0.0, 'spread_edge': 0.0, 'spread_pick': '', 'total_distance': 0.0, 'total_edge': 0.0, 'total_pick': '', 'total_projection': 48.0}, 'Football_LineMovement_v1': {'context_flags': {'movement_available': False}, 'home_line_proj': -2.5, 'model_name': 'Football_LineMovement_v1', 'parlay_edge_score': 0, 'spread_distance': 0.0, 'spread_edge': 0.0, 'spread_pick': '', 'total_distance': 0.0, 'total_edge': 0.0, 'total_pick': '', 'total_projection': 48.0}, 'Football_MarketBlend_v1': {'context_flags': {'blend_inputs': ['Football_MarketConsensus_v1', 'Football_SpreadValue_v1', 'Football_TotalValue_v1', 'Football_LineMovement_v1', 'Football_KeyNumberGuard_v1'], 'key_number_risk': True, 'spread_veto': 'key_number_guard'}, 'home_line_proj': -2.25, 'model_name': 'Football_MarketBlend_v1', 'parlay_edge_score': 0.75, 'spread_distance': 0.25, 'spread_edge': -0.25, 'spread_pick': '', 'total_distance': 0.5, 'total_edge': -0.5, 'total_pick': 'UNDER', 'total_projection': 47.5}, 'Football_MarketConsensus_v1': {'context_flags': {'book_count': 11, 'source': 'market_consensus'}, 'home_line_proj': -2.5, 'model_name': 'Football_MarketConsensus_v1', 'parlay_edge_score': 0, 'spread_distance': 0.0, 'spread_edge': 0.0, 'spread_pick': '', 'total_distance': 0.0, 'total_edge': 0.0, 'total_pick': '', 'total_projection': 48.0}, 'Football_SpreadValue_v1': {'context_flags': {'book_count': 11.0, 'value_shift': 0.75}, 'home_line_proj': -1.75, 'model_name': 'Football_SpreadValue_v1', 'parlay_edge_score': 0.75, 'spread_distance': 0.75, 'spread_edge': -0.75, 'spread_pick': 'AWAY', 'total_distance': 0.0, 'total_edge': 0.0, 'total_pick': '', 'total_projection': 48.0}, 'Football_TotalValue_v1': {'context_flags': {'book_count': 11.0, 'total_value_rule': 'low_total_over_high_total_under'}, 'home_line_proj': -2.5, 'model_name': 'Football_TotalValue_v1', 'parlay_edge_score': 1.0, 'spread_distance': 0.0, 'spread_edge': 0.0, 'spread_pick': '', 'total_distance': 1.0, 'total_edge': -1.0, 'total_pick': 'UNDER', 'total_projection': 47.0}}",130.0,130.0,-154.0,-154.0,66,39e7c1f6e36d5bc4d2613ebf7bb83c10,2025-11-09T15:55:37Z,odds_api_flattened,2.5,-2.5,STATUS_FINAL,post,48.0,Raymond James Stadium
nfl_401772773,2025-11-09,Seattle Seahawks,Arizona Cardinals,-7.0,7.0,45.5,45.0,,-0.25,-0.5,0.75,LOW,Football_MarketBlend_v1,Football_MarketBlend_v1,"{'blend_inputs': ['Football_MarketConsensus_v1', 'Football_SpreadValue_v1', 'Football_TotalValue_v1', 'Football_LineMovement_v1', 'Football_KeyNumberGuard_v1'], 'key_number_risk': True, 'spread_veto': 'key_number_guard'}","Game: Arizona Cardinals @ Seattle Seahawks
Authority: Football_MarketBlend_v1
Market: Spread -7.0, Total 45.5
Projection: Margin -6.75, Total 45.0
Spread Pick:  (edge -0.25)
Total Pick: UNDER (edge -0.5)",-6.75,,,,UNDER,ACTIVE,,"{'spread': None, 'total': None}",FOOTBALL_MARKET_BLEND,22,22,ARI,11,FOOTBALL_MARKET_BLEND,2025-11-09T21:05:00Z,1,Football market blend edge clears threshold,11,False,,true,true,true,true,44,44,SEA,nfl,odds_api_flattened_consensus,3,"{'Football_KeyNumberGuard_v1': {'context_flags': {'key_number_risk': True, 'key_numbers': [3, 7, 10]}, 'home_line_proj': -7.0, 'model_name': 'Football_KeyNumberGuard_v1', 'parlay_edge_score': 0, 'spread_distance': 0.0, 'spread_edge': 0.0, 'spread_pick': '', 'total_distance': 0.0, 'total_edge': 0.0, 'total_pick': '', 'total_projection': 45.5}, 'Football_LineMovement_v1': {'context_flags': {'movement_available': False}, 'home_line_proj': -7.0, 'model_name': 'Football_LineMovement_v1', 'parlay_edge_score': 0, 'spread_distance': 0.0, 'spread_edge': 0.0, 'spread_pick': '', 'total_distance': 0.0, 'total_edge': 0.0, 'total_pick': '', 'total_projection': 45.5}, 'Football_MarketBlend_v1': {'context_flags': {'blend_inputs': ['Football_MarketConsensus_v1', 'Football_SpreadValue_v1', 'Football_TotalValue_v1', 'Football_LineMovement_v1', 'Football_KeyNumberGuard_v1'], 'key_number_risk': True, 'spread_veto': 'key_number_guard'}, 'home_line_proj': -6.75, 'model_name': 'Football_MarketBlend_v1', 'parlay_edge_score': 0.75, 'spread_distance': 0.25, 'spread_edge': -0.25, 'spread_pick': '', 'total_distance': 0.5, 'total_edge': -0.5, 'total_pick': 'UNDER', 'total_projection': 45.0}, 'Football_MarketConsensus_v1': {'context_flags': {'book_count': 11, 'source': 'market_consensus'}, 'home_line_proj': -7.0, 'model_name': 'Football_MarketConsensus_v1', 'parlay_edge_score': 0, 'spread_distance': 0.0, 'spread_edge': 0.0, 'spread_pick': '', 'total_distance': 0.0, 'total_edge': 0.0, 'total_pick': '', 'total_projection': 45.5}, 'Football_SpreadValue_v1': {'context_flags': {'book_count': 11.0, 'value_shift': 0.75}, 'home_line_proj': -6.25, 'model_name': 'Football_SpreadValue_v1', 'parlay_edge_score': 0.75, 'spread_distance': 0.75, 'spread_edge': -0.75, 'spread_pick': 'AWAY', 'total_distance': 0.0, 'total_edge': 0.0, 'total_pick': '', 'total_projection': 45.5}, 'Football_TotalValue_v1': {'context_flags': {'book_count': 11.0, 'total_value_rule': 'low_total_over_high_total_under'}, 'home_line_proj': -7.0, 'model_name': 'Football_TotalValue_v1', 'parlay_edge_score': 1.0, 'spread_distance': 0.0, 'spread_edge': 0.0, 'spread_pick': '', 'total_distance': 1.0, 'total_edge': -1.0, 'total_pick': 'UNDER', 'total_projection': 44.5}}",267.0,267.0,-340.0,-340.0,66,740b843794cc89176c4ffe38b66d30d9,2025-11-09T15:55:37Z,odds_api_flattened,7.0,-7.0,STATUS_FINAL,post,45.5,Lumen Field
nfl_401772875,2025-11-09,Chicago Bears,New York Giants,-4.5,4.5,45.5,45.0,AWAY,-0.25,-0.5,0.75,LOW,Football_MarketBlend_v1,Football_MarketBlend_v1,"{'blend_inputs': ['Football_MarketConsensus_v1', 'Football_SpreadValue_v1', 'Football_TotalValue_v1', 'Football_LineMovement_v1', 'Football_KeyNumberGuard_v1'], 'key_number_risk': False}","Game: New York Giants @ Chicago Bears
Authority: Football_MarketBlend_v1
Market: Spread -4.5, Total 45.5
Projection: Margin -4.25, Total 45.0
Spread Pick: AWAY (edge -0.25)
Total Pick: UNDER (edge -0.5)",-4.25,,,,UNDER,ACTIVE,,"{'spread': None, 'total': None}",FOOTBALL_MARKET_BLEND,20,20,NYG,11,FOOTBALL_MARKET_BLEND,2025-11-09T18:00:00Z,1,Football market blend edge clears threshold,11,False,,true,true,true,true,24,24,CHI,nfl,odds_api_flattened_consensus,3,"{'Football_KeyNumberGuard_v1': {'context_flags': {'key_number_risk': False, 'key_numbers': [3, 7, 10]}, 'home_line_proj': -4.5, 'model_name': 'Football_KeyNumberGuard_v1', 'parlay_edge_score': 0, 'spread_distance': 0.0, 'spread_edge': 0.0, 'spread_pick': '', 'total_distance': 0.0, 'total_edge': 0.0, 'total_pick': '', 'total_projection': 45.5}, 'Football_LineMovement_v1': {'context_flags': {'movement_available': False}, 'home_line_proj': -4.5, 'model_name': 'Football_LineMovement_v1', 'parlay_edge_score': 0, 'spread_distance': 0.0, 'spread_edge': 0.0, 'spread_pick': '', 'total_distance': 0.0, 'total_edge': 0.0, 'total_pick': '', 'total_projection': 45.5}, 'Football_MarketBlend_v1': {'context_flags': {'blend_inputs': ['Football_MarketConsensus_v1', 'Football_SpreadValue_v1', 'Football_TotalValue_v1', 'Football_LineMovement_v1', 'Football_KeyNumberGuard_v1'], 'key_number_risk': False}, 'home_line_proj': -4.25, 'model_name': 'Football_MarketBlend_v1', 'parlay_edge_score': 0.75, 'spread_distance': 0.25, 'spread_edge': -0.25, 'spread_pick': 'AWAY', 'total_distance': 0.5, 'total_edge': -0.5, 'total_pick': 'UNDER', 'total_projection': 45.0}, 'Football_MarketConsensus_v1': {'context_flags': {'book_count': 11, 'source': 'market_consensus'}, 'home_line_proj': -4.5, 'model_name': 'Football_MarketConsensus_v1', 'parlay_edge_score': 0, 'spread_distance': 0.0, 'spread_edge': 0.0, 'spread_pick': '', 'total_distance': 0.0, 'total_edge': 0.0, 'total_pick': '', 'total_projection': 45.5}, 'Football_SpreadValue_v1': {'context_flags': {'book_count': 11.0, 'value_shift': 0.75}, 'home_line_proj': -3.75, 'model_name': 'Football_SpreadValue_v1', 'parlay_edge_score': 0.75, 'spread_distance': 0.75, 'spread_edge': -0.75, 'spread_pick': 'AWAY', 'total_distance': 0.0, 'total_edge': 0.0, 'total_pick': '', 'total_projection': 45.5}, 'Football_TotalValue_v1': {'context_flags': {'book_count': 11.0, 'total_value_rule': 'low_total_over_high_total_under'}, 'home_line_proj': -4.5, 'model_name': 'Football_TotalValue_v1', 'parlay_edge_score': 1.0, 'spread_distance': 0.0, 'spread_edge': 0.0, 'spread_pick': '', 'total_distance': 1.0, 'total_edge': -1.0, 'total_pick': 'UNDER', 'total_projection': 44.5}}",185.0,185.0,-225.0,-225.0,66,3b1a97366685a96e6e1940ae56cc4d31,2025-11-09T15:55:37Z,odds_api_flattened,4.5,-4.5,STATUS_FINAL,post,45.5,Soldier Field
nfl_401772876,2025-11-09,Minnesota Vikings,Baltimore Ravens,4.5,-4.5,49.0,48.5,HOME,0.25,-0.5,0.75,LOW,Football_MarketBlend_v1,Football_MarketBlend_v1,"{'blend_inputs': ['Football_MarketConsensus_v1', 'Football_SpreadValue_v1', 'Football_TotalValue_v1', 'Football_LineMovement_v1', 'Football_KeyNumberGuard_v1'], 'key_number_risk': False}","Game: Baltimore Ravens @ Minnesota Vikings
Authority: Football_MarketBlend_v1
Market: Spread 4.5, Total 49.0
Projection: Margin 4.25, Total 48.5
Spread Pick: HOME (edge 0.25)
Total Pick: UNDER (edge -0.5)",4.25,,,,UNDER,ACTIVE,,"{'spread': None, 'total': None}",FOOTBALL_MARKET_BLEND,27,27,BAL,11,FOOTBALL_MARKET_BLEND,2025-11-09T18:00:00Z,1,Football market blend edge clears threshold,11,False,,true,true,true,true,19,19,MIN,nfl,odds_api_flattened_consensus,3,"{'Football_KeyNumberGuard_v1': {'context_flags': {'key_number_risk': False, 'key_numbers': [3, 7, 10]}, 'home_line_proj': 4.5, 'model_name': 'Football_KeyNumberGuard_v1', 'parlay_edge_score': 0, 'spread_distance': 0.0, 'spread_edge': 0.0, 'spread_pick': '', 'total_distance': 0.0, 'total_edge': 0.0, 'total_pick': '', 'total_projection': 49.0}, 'Football_LineMovement_v1': {'context_flags': {'movement_available': False}, 'home_line_proj': 4.5, 'model_name': 'Football_LineMovement_v1', 'parlay_edge_score': 0, 'spread_distance': 0.0, 'spread_edge': 0.0, 'spread_pick': '', 'total_distance': 0.0, 'total_edge': 0.0, 'total_pick': '', 'total_projection': 49.0}, 'Football_MarketBlend_v1': {'context_flags': {'blend_inputs': ['Football_MarketConsensus_v1', 'Football_SpreadValue_v1', 'Football_TotalValue_v1', 'Football_LineMovement_v1', 'Football_KeyNumberGuard_v1'], 'key_number_risk': False}, 'home_line_proj': 4.25, 'model_name': 'Football_MarketBlend_v1', 'parlay_edge_score': 0.75, 'spread_distance': 0.25, 'spread_edge': 0.25, 'spread_pick': 'HOME', 'total_distance': 0.5, 'total_edge': -0.5, 'total_pick': 'UNDER', 'total_projection': 48.5}, 'Football_MarketConsensus_v1': {'context_flags': {'book_count': 11, 'source': 'market_consensus'}, 'home_line_proj': 4.5, 'model_name': 'Football_MarketConsensus_v1', 'parlay_edge_score': 0, 'spread_distance': 0.0, 'spread_edge': 0.0, 'spread_pick': '', 'total_distance': 0.0, 'total_edge': 0.0, 'total_pick': '', 'total_projection': 49.0}, 'Football_SpreadValue_v1': {'context_flags': {'book_count': 11.0, 'value_shift': -0.75}, 'home_line_proj': 3.75, 'model_name': 'Football_SpreadValue_v1', 'parlay_edge_score': 0.75, 'spread_distance': 0.75, 'spread_edge': 0.75, 'spread_pick': 'HOME', 'total_distance': 0.0, 'total_edge': 0.0, 'total_pick': '', 'total_projection': 49.0}, 'Football_TotalValue_v1': {'context_flags': {'book_count': 11.0, 'total_value_rule': 'low_total_over_high_total_under'}, 'home_line_proj': 4.5, 'model_name': 'Football_TotalValue_v1', 'parlay_edge_score': 1.0, 'spread_distance': 0.0, 'spread_edge': 0.0, 'spread_pick': '', 'total_distance': 1.0, 'total_edge': -1.0, 'total_pick': 'UNDER', 'total_projection': 48.0}}",-230.0,-230.0,190.0,190.0,66,9900b89c4776c5b47dd26ca4c755edf9,2025-11-09T15:55:37Z,odds_api_flattened,-4.5,4.5,STATUS_FINAL,post,49.0,U.S. Bank Stadium
nfl_401772877,2025-11-09,Carolina Panthers,New Orleans Saints,-5.5,5.5,38.5,39.0,AWAY,-0.25,0.5,0.75,LOW,Football_MarketBlend_v1,Football_MarketBlend_v1,"{'blend_inputs': ['Football_MarketConsensus_v1', 'Football_SpreadValue_v1', 'Football_TotalValue_v1', 'Football_LineMovement_v1', 'Football_KeyNumberGuard_v1'], 'key_number_risk': False}","Game: New Orleans Saints @ Carolina Panthers
Authority: Football_MarketBlend_v1
Market: Spread -5.5, Total 38.5
Projection: Margin -5.25, Total 39.0
Spread Pick: AWAY (edge -0.25)
Total Pick: OVER (edge 0.5)",-5.25,,,,OVER,ACTIVE,,"{'spread': None, 'total': None}",FOOTBALL_MARKET_BLEND,17,17,NO,11,FOOTBALL_MARKET_BLEND,2025-11-09T18:00:00Z,1,Football market blend edge clears threshold,11,False,,true,true,true,true,7,7,CAR,nfl,odds_api_flattened_consensus,3,"{'Football_KeyNumberGuard_v1': {'context_flags': {'key_number_risk': False, 'key_numbers': [3, 7, 10]}, 'home_line_proj': -5.5, 'model_name': 'Football_KeyNumberGuard_v1', 'parlay_edge_score': 0, 'spread_distance': 0.0, 'spread_edge': 0.0, 'spread_pick': '', 'total_distance': 0.0, 'total_edge': 0.0, 'total_pick': '', 'total_projection': 38.5}, 'Football_LineMovement_v1': {'context_flags': {'movement_available': False}, 'home_line_proj': -5.5, 'model_name': 'Football_LineMovement_v1', 'parlay_edge_score': 0, 'spread_distance': 0.0, 'spread_edge': 0.0, 'spread_pick': '', 'total_distance': 0.0, 'total_edge': 0.0, 'total_pick': '', 'total_projection': 38.5}, 'Football_MarketBlend_v1': {'context_flags': {'blend_inputs': ['Football_MarketConsensus_v1', 'Football_SpreadValue_v1', 'Football_TotalValue_v1', 'Football_LineMovement_v1', 'Football_KeyNumberGuard_v1'], 'key_number_risk': False}, 'home_line_proj': -5.25, 'model_name': 'Football_MarketBlend_v1', 'parlay_edge_score': 0.75, 'spread_distance': 0.25, 'spread_edge': -0.25, 'spread_pick': 'AWAY', 'total_distance': 0.5, 'total_edge': 0.5, 'total_pick': 'OVER', 'total_projection': 39.0}, 'Football_MarketConsensus_v1': {'context_flags': {'book_count': 11, 'source': 'market_consensus'}, 'home_line_proj': -5.5, 'model_name': 'Football_MarketConsensus_v1', 'parlay_edge_score': 0, 'spread_distance': 0.0, 'spread_edge': 0.0, 'spread_pick': '', 'total_distance': 0.0, 'total_edge': 0.0, 'total_pick': '', 'total_projection': 38.5}, 'Football_SpreadValue_v1': {'context_flags': {'book_count': 11.0, 'value_shift': 0.75}, 'home_line_proj': -4.75, 'model_name': 'Football_SpreadValue_v1', 'parlay_edge_score': 0.75, 'spread_distance': 0.75, 'spread_edge': -0.75, 'spread_pick': 'AWAY', 'total_distance': 0.0, 'total_edge': 0.0, 'total_pick': '', 'total_projection': 38.5}, 'Football_TotalValue_v1': {'context_flags': {'book_count': 11.0, 'total_value_rule': 'low_total_over_high_total_under'}, 'home_line_proj': -5.5, 'model_name': 'Football_TotalValue_v1', 'parlay_edge_score': 1.0, 'spread_distance': 0.0, 'spread_edge': 0.0, 'spread_pick': '', 'total_distance': 1.0, 'total_edge': 1.0, 'total_pick': 'OVER', 'total_projection': 39.5}}",205.0,205.0,-250.0,-250.0,66,21f47a328fb2ab65c01360a7a2bd9571,2025-11-09T15:55:37Z,odds_api_flattened,5.5,-5.5,STATUS_FINAL,post,38.5,Bank of America Stadium
nfl_401772878,2025-11-09,Washington Commanders,Detroit Lions,8.0,-8.0,49.0,48.5,HOME,0.25,-0.5,0.75,LOW,Football_MarketBlend_v1,Football_MarketBlend_v1,"{'blend_inputs': ['Football_MarketConsensus_v1', 'Football_SpreadValue_v1', 'Football_TotalValue_v1', 'Football_LineMovement_v1', 'Football_KeyNumberGuard_v1'], 'key_number_risk': False}","Game: Detroit Lions @ Washington Commanders
Authority: Football_MarketBlend_v1
Market: Spread 8.0, Total 49.0
Projection: Margin 7.75, Total 48.5
Spread Pick: HOME (edge 0.25)
Total Pick: UNDER (edge -0.5)",7.75,,,,UNDER,ACTIVE,,"{'spread': None, 'total': None}",FOOTBALL_MARKET_BLEND,44,44,DET,11,FOOTBALL_MARKET_BLEND,2025-11-09T21:25:00Z,1,Football market blend edge clears threshold,11,False,,true,true,true,true,22,22,WAS,nfl,odds_api_flattened_consensus,3,"{'Football_KeyNumberGuard_v1': {'context_flags': {'key_number_risk': False, 'key_numbers': [3, 7, 10]}, 'home_line_proj': 8.0, 'model_name': 'Football_KeyNumberGuard_v1', 'parlay_edge_score': 0, 'spread_distance': 0.0, 'spread_edge': 0.0, 'spread_pick': '', 'total_distance': 0.0, 'total_edge': 0.0, 'total_pick': '', 'total_projection': 49.0}, 'Football_LineMovement_v1': {'context_flags': {'movement_available': False}, 'home_line_proj': 8.0, 'model_name': 'Football_LineMovement_v1', 'parlay_edge_score': 0, 'spread_distance': 0.0, 'spread_edge': 0.0, 'spread_pick': '', 'total_distance': 0.0, 'total_edge': 0.0, 'total_pick': '', 'total_projection': 49.0}, 'Football_MarketBlend_v1': {'context_flags': {'blend_inputs': ['Football_MarketConsensus_v1', 'Football_SpreadValue_v1', 'Football_TotalValue_v1', 'Football_LineMovement_v1', 'Football_KeyNumberGuard_v1'], 'key_number_risk': False}, 'home_line_proj': 7.75, 'model_name': 'Football_MarketBlend_v1', 'parlay_edge_score': 0.75, 'spread_distance': 0.25, 'spread_edge': 0.25, 'spread_pick': 'HOME', 'total_distance': 0.5, 'total_edge': -0.5, 'total_pick': 'UNDER', 'total_projection': 48.5}, 'Football_MarketConsensus_v1': {'context_flags': {'book_count': 11, 'source': 'market_consensus'}, 'home_line_proj': 8.0, 'model_name': 'Football_MarketConsensus_v1', 'parlay_edge_score': 0, 'spread_distance': 0.0, 'spread_edge': 0.0, 'spread_pick': '', 'total_distance': 0.0, 'total_edge': 0.0, 'total_pick': '', 'total_projection': 49.0}, 'Football_SpreadValue_v1': {'context_flags': {'book_count': 11.0, 'value_shift': -0.75}, 'home_line_proj': 7.25, 'model_name': 'Football_SpreadValue_v1', 'parlay_edge_score': 0.75, 'spread_distance': 0.75, 'spread_edge': 0.75, 'spread_pick': 'HOME', 'total_distance': 0.0, 'total_edge': 0.0, 'total_pick': '', 'total_projection': 49.0}, 'Football_TotalValue_v1': {'context_flags': {'book_count': 11.0, 'total_value_rule': 'low_total_over_high_total_under'}, 'home_line_proj': 8.0, 'model_name': 'Football_TotalValue_v1', 'parlay_edge_score': 1.0, 'spread_distance': 0.0, 'spread_edge': 0.0, 'spread_pick': '', 'total_distance': 1.0, 'total_edge': -1.0, 'total_pick': 'UNDER', 'total_projection': 48.0}}",-450.0,-450.0,350.0,350.0,66,93365f943b3aa23705bc9e1c7b47d7f8,2025-11-09T15:55:37Z,odds_api_flattened,-8.0,8.0,STATUS_FINAL,post,49.0,Northwest Stadium
nfl_401772879,2025-11-09,San Francisco 49ers,Los Angeles Rams,6.0,-6.0,49.5,49.0,HOME,0.25,-0.5,0.75,LOW,Football_MarketBlend_v1,Football_MarketBlend_v1,"{'blend_inputs': ['Football_MarketConsensus_v1', 'Football_SpreadValue_v1', 'Football_TotalValue_v1', 'Football_LineMovement_v1', 'Football_KeyNumberGuard_v1'], 'key_number_risk': False}","Game: Los Angeles Rams @ San Francisco 49ers
Authority: Football_MarketBlend_v1
Market: Spread 6.0, Total 49.5
Projection: Margin 5.75, Total 49.0
Spread Pick: HOME (edge 0.25)
Total Pick: UNDER (edge -0.5)",5.75,,,,UNDER,ACTIVE,,"{'spread': None, 'total': None}",FOOTBALL_MARKET_BLEND,42,42,LAR,11,FOOTBALL_MARKET_BLEND,2025-11-09T21:25:00Z,1,Football market blend edge clears threshold,11,False,,true,true,true,true,26,26,SF,nfl,odds_api_flattened_consensus,3,"{'Football_KeyNumberGuard_v1': {'context_flags': {'key_number_risk': False, 'key_numbers': [3, 7, 10]}, 'home_line_proj': 6.0, 'model_name': 'Football_KeyNumberGuard_v1', 'parlay_edge_score': 0, 'spread_distance': 0.0, 'spread_edge': 0.0, 'spread_pick': '', 'total_distance': 0.0, 'total_edge': 0.0, 'total_pick': '', 'total_projection': 49.5}, 'Football_LineMovement_v1': {'context_flags': {'movement_available': False}, 'home_line_proj': 6.0, 'model_name': 'Football_LineMovement_v1', 'parlay_edge_score': 0, 'spread_distance': 0.0, 'spread_edge': 0.0, 'spread_pick': '', 'total_distance': 0.0, 'total_edge': 0.0, 'total_pick': '', 'total_projection': 49.5}, 'Football_MarketBlend_v1': {'context_flags': {'blend_inputs': ['Football_MarketConsensus_v1', 'Football_SpreadValue_v1', 'Football_TotalValue_v1', 'Football_LineMovement_v1', 'Football_KeyNumberGuard_v1'], 'key_number_risk': False}, 'home_line_proj': 5.75, 'model_name': 'Football_MarketBlend_v1', 'parlay_edge_score': 0.75, 'spread_distance': 0.25, 'spread_edge': 0.25, 'spread_pick': 'HOME', 'total_distance': 0.5, 'total_edge': -0.5, 'total_pick': 'UNDER', 'total_projection': 49.0}, 'Football_MarketConsensus_v1': {'context_flags': {'book_count': 11, 'source': 'market_consensus'}, 'home_line_proj': 6.0, 'model_name': 'Football_MarketConsensus_v1', 'parlay_edge_score': 0, 'spread_distance': 0.0, 'spread_edge': 0.0, 'spread_pick': '', 'total_distance': 0.0, 'total_edge': 0.0, 'total_pick': '', 'total_projection': 49.5}, 'Football_SpreadValue_v1': {'context_flags': {'book_count': 11.0, 'value_shift': -0.75}, 'home_line_proj': 5.25, 'model_name': 'Football_SpreadValue_v1', 'parlay_edge_score': 0.75, 'spread_distance': 0.75, 'spread_edge': 0.75, 'spread_pick': 'HOME', 'total_distance': 0.0, 'total_edge': 0.0, 'total_pick': '', 'total_projection': 49.5}, 'Football_TotalValue_v1': {'context_flags': {'book_count': 11.0, 'total_value_rule': 'low_total_over_high_total_under'}, 'home_line_proj': 6.0, 'model_name': 'Football_TotalValue_v1', 'parlay_edge_score': 1.0, 'spread_distance': 0.0, 'spread_edge': 0.0, 'spread_pick': '', 'total_distance': 1.0, 'total_edge': -1.0, 'total_pick': 'UNDER', 'total_projection': 48.5}}",-260.0,-260.0,210.0,210.0,66,2710103fe4fb0170ae03b4e34bde8132,2025-11-09T15:55:37Z,odds_api_flattened,-6.0,6.0,STATUS_FINAL,post,49.5,Levi's Stadium
nfl_401772927,2025-11-10,Los Angeles Chargers,Pittsburgh Steelers,-2.5,2.5,44.5,45.0,,-0.25,0.5,0.75,LOW,Football_MarketBlend_v1,Football_MarketBlend_v1,"{'blend_inputs': ['Football_MarketConsensus_v1', 'Football_SpreadValue_v1', 'Football_TotalValue_v1', 'Football_LineMovement_v1', 'Football_KeyNumberGuard_v1'], 'key_number_risk': True, 'spread_veto': 'key_number_guard'}","Game: Pittsburgh Steelers @ Los Angeles Chargers
Authority: Football_MarketBlend_v1
Market: Spread -2.5, Total 44.5
Projection: Margin -2.25, Total 45.0
Spread Pick:  (edge -0.25)
Total Pick: OVER (edge 0.5)",-2.25,,,,OVER,ACTIVE,,"{'spread': None, 'total': None}",FOOTBALL_MARKET_BLEND,10,10,PIT,11,FOOTBALL_MARKET_BLEND,2025-11-10T01:20:00Z,1,Football market blend edge clears threshold,11,False,,true,true,true,true,25,25,LAC,nfl,odds_api_flattened_consensus,3,"{'Football_KeyNumberGuard_v1': {'context_flags': {'key_number_risk': True, 'key_numbers': [3, 7, 10]}, 'home_line_proj': -2.5, 'model_name': 'Football_KeyNumberGuard_v1', 'parlay_edge_score': 0, 'spread_distance': 0.0, 'spread_edge': 0.0, 'spread_pick': '', 'total_distance': 0.0, 'total_edge': 0.0, 'total_pick': '', 'total_projection': 44.5}, 'Football_LineMovement_v1': {'context_flags': {'movement_available': False}, 'home_line_proj': -2.5, 'model_name': 'Football_LineMovement_v1', 'parlay_edge_score': 0, 'spread_distance': 0.0, 'spread_edge': 0.0, 'spread_pick': '', 'total_distance': 0.0, 'total_edge': 0.0, 'total_pick': '', 'total_projection': 44.5}, 'Football_MarketBlend_v1': {'context_flags': {'blend_inputs': ['Football_MarketConsensus_v1', 'Football_SpreadValue_v1', 'Football_TotalValue_v1', 'Football_LineMovement_v1', 'Football_KeyNumberGuard_v1'], 'key_number_risk': True, 'spread_veto': 'key_number_guard'}, 'home_line_proj': -2.25, 'model_name': 'Football_MarketBlend_v1', 'parlay_edge_score': 0.75, 'spread_distance': 0.25, 'spread_edge': -0.25, 'spread_pick': '', 'total_distance': 0.5, 'total_edge': 0.5, 'total_pick': 'OVER', 'total_projection': 45.0}, 'Football_MarketConsensus_v1': {'context_flags': {'book_count': 11, 'source': 'market_consensus'}, 'home_line_proj': -2.5, 'model_name': 'Football_MarketConsensus_v1', 'parlay_edge_score': 0, 'spread_distance': 0.0, 'spread_edge': 0.0, 'spread_pick': '', 'total_distance': 0.0, 'total_edge': 0.0, 'total_pick': '', 'total_projection': 44.5}, 'Football_SpreadValue_v1': {'context_flags': {'book_count': 11.0, 'value_shift': 0.75}, 'home_line_proj': -1.75, 'model_name': 'Football_SpreadValue_v1', 'parlay_edge_score': 0.75, 'spread_distance': 0.75, 'spread_edge': -0.75, 'spread_pick': 'AWAY', 'total_distance': 0.0, 'total_edge': 0.0, 'total_pick': '', 'total_projection': 44.5}, 'Football_TotalValue_v1': {'context_flags': {'book_count': 11.0, 'total_value_rule': 'low_total_over_high_total_under'}, 'home_line_proj': -2.5, 'model_name': 'Football_TotalValue_v1', 'parlay_edge_score': 1.0, 'spread_distance': 0.0, 'spread_edge': 0.0, 'spread_pick': '', 'total_distance': 1.0, 'total_edge': 1.0, 'total_pick': 'OVER', 'total_projection': 45.5}}",126.0,126.0,-150.0,-150.0,66,349d53a4f89591312ea528e81b786474,2025-11-09T15:55:37Z,odds_api_flattened,2.5,-2.5,STATUS_FINAL,post,44.5,SoFi Stadium
nfl_401772630,2025-11-11,Green Bay Packers,Philadelphia Eagles,-1.0,1.0,45.5,45.0,AWAY,-0.25,-0.5,0.75,LOW,Football_MarketBlend_v1,Football_MarketBlend_v1,"{'blend_inputs': ['Football_MarketConsensus_v1', 'Football_SpreadValue_v1', 'Football_TotalValue_v1', 'Football_LineMovement_v1', 'Football_KeyNumberGuard_v1'], 'key_number_risk': False}","Game: Philadelphia Eagles @ Green Bay Packers
Authority: Football_MarketBlend_v1
Market: Spread -1.0, Total 45.5
Projection: Margin -0.75, Total 45.0
Spread Pick: AWAY (edge -0.25)
Total Pick: UNDER (edge -0.5)",-0.75,,,,UNDER,ACTIVE,,"{'spread': None, 'total': None}",FOOTBALL_MARKET_BLEND,10,10,PHI,11,FOOTBALL_MARKET_BLEND,2025-11-11T01:15:00Z,1,Football market blend edge clears threshold,11,False,,true,true,true,true,7,7,GB,nfl,odds_api_flattened_consensus,3,"{'Football_KeyNumberGuard_v1': {'context_flags': {'key_number_risk': False, 'key_numbers': [3, 7, 10]}, 'home_line_proj': -1.0, 'model_name': 'Football_KeyNumberGuard_v1', 'parlay_edge_score': 0, 'spread_distance': 0.0, 'spread_edge': 0.0, 'spread_pick': '', 'total_distance': 0.0, 'total_edge': 0.0, 'total_pick': '', 'total_projection': 45.5}, 'Football_LineMovement_v1': {'context_flags': {'movement_available': False}, 'home_line_proj': -1.0, 'model_name': 'Football_LineMovement_v1', 'parlay_edge_score': 0, 'spread_distance': 0.0, 'spread_edge': 0.0, 'spread_pick': '', 'total_distance': 0.0, 'total_edge': 0.0, 'total_pick': '', 'total_projection': 45.5}, 'Football_MarketBlend_v1': {'context_flags': {'blend_inputs': ['Football_MarketConsensus_v1', 'Football_SpreadValue_v1', 'Football_TotalValue_v1', 'Football_LineMovement_v1', 'Football_KeyNumberGuard_v1'], 'key_number_risk': False}, 'home_line_proj': -0.75, 'model_name': 'Football_MarketBlend_v1', 'parlay_edge_score': 0.75, 'spread_distance': 0.25, 'spread_edge': -0.25, 'spread_pick': 'AWAY', 'total_distance': 0.5, 'total_edge': -0.5, 'total_pick': 'UNDER', 'total_projection': 45.0}, 'Football_MarketConsensus_v1': {'context_flags': {'book_count': 11, 'source': 'market_consensus'}, 'home_line_proj': -1.0, 'model_name': 'Football_MarketConsensus_v1', 'parlay_edge_score': 0, 'spread_distance': 0.0, 'spread_edge': 0.0, 'spread_pick': '', 'total_distance': 0.0, 'total_edge': 0.0, 'total_pick': '', 'total_projection': 45.5}, 'Football_SpreadValue_v1': {'context_flags': {'book_count': 11.0, 'value_shift': 0.75}, 'home_line_proj': -0.25, 'model_name': 'Football_SpreadValue_v1', 'parlay_edge_score': 0.75, 'spread_distance': 0.75, 'spread_edge': -0.75, 'spread_pick': 'AWAY', 'total_distance': 0.0, 'total_edge': 0.0, 'total_pick': '', 'total_projection': 45.5}, 'Football_TotalValue_v1': {'context_flags': {'book_count': 11.0, 'total_value_rule': 'low_total_over_high_total_under'}, 'home_line_proj': -1.0, 'model_name': 'Football_TotalValue_v1', 'parlay_edge_score': 1.0, 'spread_distance': 0.0, 'spread_edge': 0.0, 'spread_pick': '', 'total_distance': 1.0, 'total_edge': -1.0, 'total_pick': 'UNDER', 'total_projection': 44.5}}",-106.5,-106.5,-114.0,-114.0,62,438868ff90501a1fe9a0fbecbee9dc12,2025-11-10T15:55:37Z,odds_api_flattened,1.0,-1.0,STATUS_FINAL,post,45.5,Lambeau Field
nfl_401772945,2025-11-14,New England Patriots,New York Jets,-13.0,13.0,43.0,43.5,AWAY,-0.25,0.5,0.75,LOW,Football_MarketBlend_v1,Football_MarketBlend_v1,"{'blend_inputs': ['Football_MarketConsensus_v1', 'Football_SpreadValue_v1', 'Football_TotalValue_v1', 'Football_LineMovement_v1', 'Football_KeyNumberGuard_v1'], 'key_number_risk': False}","Game: New York Jets @ New England Patriots
Authority: Football_MarketBlend_v1
Market: Spread -13.0, Total 43.0
Projection: Margin -12.75, Total 43.5
Spread Pick: AWAY (edge -0.25)
Total Pick: OVER (edge 0.5)",-12.75,,,,OVER,ACTIVE,,"{'spread': None, 'total': None}",FOOTBALL_MARKET_BLEND,14,14,NYJ,11,FOOTBALL_MARKET_BLEND,2025-11-14T01:15:00Z,1,Football market blend edge clears threshold,11,False,,true,true,true,true,27,27,NE,nfl,odds_api_flattened_consensus,3,"{'Football_KeyNumberGuard_v1': {'context_flags': {'key_number_risk': False, 'key_numbers': [3, 7, 10]}, 'home_line_proj': -13.0, 'model_name': 'Football_KeyNumberGuard_v1', 'parlay_edge_score': 0, 'spread_distance': 0.0, 'spread_edge': 0.0, 'spread_pick': '', 'total_distance': 0.0, 'total_edge': 0.0, 'total_pick': '', 'total_projection': 43.0}, 'Football_LineMovement_v1': {'context_flags': {'movement_available': False}, 'home_line_proj': -13.0, 'model_name': 'Football_LineMovement_v1', 'parlay_edge_score': 0, 'spread_distance': 0.0, 'spread_edge': 0.0, 'spread_pick': '', 'total_distance': 0.0, 'total_edge': 0.0, 'total_pick': '', 'total_projection': 43.0}, 'Football_MarketBlend_v1': {'context_flags': {'blend_inputs': ['Football_MarketConsensus_v1', 'Football_SpreadValue_v1', 'Football_TotalValue_v1', 'Football_LineMovement_v1', 'Football_KeyNumberGuard_v1'], 'key_number_risk': False}, 'home_line_proj': -12.75, 'model_name': 'Football_MarketBlend_v1', 'parlay_edge_score': 0.75, 'spread_distance': 0.25, 'spread_edge': -0.25, 'spread_pick': 'AWAY', 'total_distance': 0.5, 'total_edge': 0.5, 'total_pick': 'OVER', 'total_projection': 43.5}, 'Football_MarketConsensus_v1': {'context_flags': {'book_count': 11, 'source': 'market_consensus'}, 'home_line_proj': -13.0, 'model_name': 'Football_MarketConsensus_v1', 'parlay_edge_score': 0, 'spread_distance': 0.0, 'spread_edge': 0.0, 'spread_pick': '', 'total_distance': 0.0, 'total_edge': 0.0, 'total_pick': '', 'total_projection': 43.0}, 'Football_SpreadValue_v1': {'context_flags': {'book_count': 11.0, 'value_shift': 0.75}, 'home_line_proj': -12.25, 'model_name': 'Football_SpreadValue_v1', 'parlay_edge_score': 0.75, 'spread_distance': 0.75, 'spread_edge': -0.75, 'spread_pick': 'AWAY', 'total_distance': 0.0, 'total_edge': 0.0, 'total_pick': '', 'total_projection': 43.0}, 'Football_TotalValue_v1': {'context_flags': {'book_count': 11.0, 'total_value_rule': 'low_total_over_high_total_under'}, 'home_line_proj': -13.0, 'model_name': 'Football_TotalValue_v1', 'parlay_edge_score': 1.0, 'spread_distance': 0.0, 'spread_edge': 0.0, 'spread_pick': '', 'total_distance': 1.0, 'total_edge': 1.0, 'total_pick': 'OVER', 'total_projection': 44.0}}",575.0,575.0,-850.0,-850.0,66,32ec2bd4ac9e4c40f9f5cbed7e67f837,2025-11-13T15:55:37Z,odds_api_flattened,13.0,-13.0,STATUS_FINAL,post,43.0,Gillette Stadium
nfl_401772631,2025-11-16,Miami Dolphins,Washington Commanders,-1.5,1.5,35.5,36.0,AWAY,-0.25,0.5,0.75,LOW,Football_MarketBlend_v1,Football_MarketBlend_v1,"{'blend_inputs': ['Football_MarketConsensus_v1', 'Football_SpreadValue_v1', 'Football_TotalValue_v1', 'Football_LineMovement_v1', 'Football_KeyNumberGuard_v1'], 'key_number_risk': False}","Game: Washington Commanders @ Miami Dolphins
Authority: Football_MarketBlend_v1
Market: Spread -1.5, Total 35.5
Projection: Margin -1.25, Total 36.0
Spread Pick: AWAY (edge -0.25)
Total Pick: OVER (edge 0.5)",-1.25,,,,OVER,ACTIVE,,"{'spread': None, 'total': None}",FOOTBALL_MARKET_BLEND,13,13,WAS,11,FOOTBALL_MARKET_BLEND,2025-11-16T14:34:50Z,1,Football market blend edge clears threshold,11,False,,true,true,true,true,16,16,MIA,nfl,odds_api_flattened_consensus,3,"{'Football_KeyNumberGuard_v1': {'context_flags': {'key_number_risk': False, 'key_numbers': [3, 7, 10]}, 'home_line_proj': -1.5, 'model_name': 'Football_KeyNumberGuard_v1', 'parlay_edge_score': 0, 'spread_distance': 0.0, 'spread_edge': 0.0, 'spread_pick': '', 'total_distance': 0.0, 'total_edge': 0.0, 'total_pick': '', 'total_projection': 35.5}, 'Football_LineMovement_v1': {'context_flags': {'movement_available': False}, 'home_line_proj': -1.5, 'model_name': 'Football_LineMovement_v1', 'parlay_edge_score': 0, 'spread_distance': 0.0, 'spread_edge': 0.0, 'spread_pick': '', 'total_distance': 0.0, 'total_edge': 0.0, 'total_pick': '', 'total_projection': 35.5}, 'Football_MarketBlend_v1': {'context_flags': {'blend_inputs': ['Football_MarketConsensus_v1', 'Football_SpreadValue_v1', 'Football_TotalValue_v1', 'Football_LineMovement_v1', 'Football_KeyNumberGuard_v1'], 'key_number_risk': False}, 'home_line_proj': -1.25, 'model_name': 'Football_MarketBlend_v1', 'parlay_edge_score': 0.75, 'spread_distance': 0.25, 'spread_edge': -0.25, 'spread_pick': 'AWAY', 'total_distance': 0.5, 'total_edge': 0.5, 'total_pick': 'OVER', 'total_projection': 36.0}, 'Football_MarketConsensus_v1': {'context_flags': {'book_count': 11, 'source': 'market_consensus'}, 'home_line_proj': -1.5, 'model_name': 'Football_MarketConsensus_v1', 'parlay_edge_score': 0, 'spread_distance': 0.0, 'spread_edge': 0.0, 'spread_pick': '', 'total_distance': 0.0, 'total_edge': 0.0, 'total_pick': '', 'total_projection': 35.5}, 'Football_SpreadValue_v1': {'context_flags': {'book_count': 11.0, 'value_shift': 0.75}, 'home_line_proj': -0.75, 'model_name': 'Football_SpreadValue_v1', 'parlay_edge_score': 0.75, 'spread_distance': 0.75, 'spread_edge': -0.75, 'spread_pick': 'AWAY', 'total_distance': 0.0, 'total_edge': 0.0, 'total_pick': '', 'total_projection': 35.5}, 'Football_TotalValue_v1': {'context_flags': {'book_count': 11.0, 'total_value_rule': 'low_total_over_high_total_under'}, 'home_line_proj': -1.5, 'model_name': 'Football_TotalValue_v1', 'parlay_edge_score': 1.0, 'spread_distance': 0.0, 'spread_edge': 0.0, 'spread_pick': '', 'total_distance': 1.0, 'total_edge': 1.0, 'total_pick': 'OVER', 'total_projection': 36.5}}",-105.0,-105.0,-125.0,-125.0,66,265f0188945bb81ec64751571eb724cb,2025-11-16T15:55:37Z,odds_api_flattened,1.5,-1.5,STATUS_FINAL,post,35.5,Santiago Bernabéu
nfl_401772774,2025-11-16,Pittsburgh Steelers,Cincinnati Bengals,-5.5,5.5,48.5,48.0,AWAY,-0.25,-0.5,0.75,LOW,Football_MarketBlend_v1,Football_MarketBlend_v1,"{'blend_inputs': ['Football_MarketConsensus_v1', 'Football_SpreadValue_v1', 'Football_TotalValue_v1', 'Football_LineMovement_v1', 'Football_KeyNumberGuard_v1'], 'key_number_risk': False}","Game: Cincinnati Bengals @ Pittsburgh Steelers
Authority: Football_MarketBlend_v1
Market: Spread -5.5, Total 48.5
Projection: Margin -5.25, Total 48.0
Spread Pick: AWAY (edge -0.25)
Total Pick: UNDER (edge -0.5)",-5.25,,,,UNDER,ACTIVE,,"{'spread': None, 'total': None}",FOOTBALL_MARKET_BLEND,12,12,CIN,11,FOOTBALL_MARKET_BLEND,2025-11-16T18:00:00Z,1,Football market blend edge clears threshold,11,False,,true,true,true,true,34,34,PIT,nfl,odds_api_flattened_consensus,3,"{'Football_KeyNumberGuard_v1': {'context_flags': {'key_number_risk': False, 'key_numbers': [3, 7, 10]}, 'home_line_proj': -5.5, 'model_name': 'Football_KeyNumberGuard_v1', 'parlay_edge_score': 0, 'spread_distance': 0.0, 'spread_edge': 0.0, 'spread_pick': '', 'total_distance': 0.0, 'total_edge': 0.0, 'total_pick': '', 'total_projection': 48.5}, 'Football_LineMovement_v1': {'context_flags': {'movement_available': False}, 'home_line_proj': -5.5, 'model_name': 'Football_LineMovement_v1', 'parlay_edge_score': 0, 'spread_distance': 0.0, 'spread_edge': 0.0, 'spread_pick': '', 'total_distance': 0.0, 'total_edge': 0.0, 'total_pick': '', 'total_projection': 48.5}, 'Football_MarketBlend_v1': {'context_flags': {'blend_inputs': ['Football_MarketConsensus_v1', 'Football_SpreadValue_v1', 'Football_TotalValue_v1', 'Football_LineMovement_v1', 'Football_KeyNumberGuard_v1'], 'key_number_risk': False}, 'home_line_proj': -5.25, 'model_name': 'Football_MarketBlend_v1', 'parlay_edge_score': 0.75, 'spread_distance': 0.25, 'spread_edge': -0.25, 'spread_pick': 'AWAY', 'total_distance': 0.5, 'total_edge': -0.5, 'total_pick': 'UNDER', 'total_projection': 48.0}, 'Football_MarketConsensus_v1': {'context_flags': {'book_count': 11, 'source': 'market_consensus'}, 'home_line_proj': -5.5, 'model_name': 'Football_MarketConsensus_v1', 'parlay_edge_score': 0, 'spread_distance': 0.0, 'spread_edge': 0.0, 'spread_pick': '', 'total_distance': 0.0, 'total_edge': 0.0, 'total_pick': '', 'total_projection': 48.5}, 'Football_SpreadValue_v1': {'context_flags': {'book_count': 11.0, 'value_shift': 0.75}, 'home_line_proj': -4.75, 'model_name': 'Football_SpreadValue_v1', 'parlay_edge_score': 0.75, 'spread_distance': 0.75, 'spread_edge': -0.75, 'spread_pick': 'AWAY', 'total_distance': 0.0, 'total_edge': 0.0, 'total_pick': '', 'total_projection': 48.5}, 'Football_TotalValue_v1': {'context_flags': {'book_count': 11.0, 'total_value_rule': 'low_total_over_high_total_under'}, 'home_line_proj': -5.5, 'model_name': 'Football_TotalValue_v1', 'parlay_edge_score': 1.0, 'spread_distance': 0.0, 'spread_edge': 0.0, 'spread_pick': '', 'total_distance': 1.0, 'total_edge': -1.0, 'total_pick': 'UNDER', 'total_projection': 47.5}}",200.0,200.0,-245.0,-245.0,66,7147476b5d96c0ee874b838de3910ee3,2025-11-16T15:55:37Z,odds_api_flattened,5.5,-5.5,STATUS_FINAL,post,48.5,Acrisure Stadium
nfl_401772775,2025-11-16,Jacksonville Jaguars,Los Angeles Chargers,3.0,-3.0,43.5,44.0,,0.25,0.5,0.75,LOW,Football_MarketBlend_v1,Football_MarketBlend_v1,"{'blend_inputs': ['Football_MarketConsensus_v1', 'Football_SpreadValue_v1', 'Football_TotalValue_v1', 'Football_LineMovement_v1', 'Football_KeyNumberGuard_v1'], 'key_number_risk': True, 'spread_veto': 'key_number_guard'}","Game: Los Angeles Chargers @ Jacksonville Jaguars
Authority: Football_MarketBlend_v1
Market: Spread 3.0, Total 43.5
Projection: Margin 2.75, Total 44.0
Spread Pick:  (edge 0.25)
Total Pick: OVER (edge 0.5)",2.75,,,,OVER,ACTIVE,,"{'spread': None, 'total': None}",FOOTBALL_MARKET_BLEND,6,6,LAC,11,FOOTBALL_MARKET_BLEND,2025-11-16T18:00:00Z,1,Football market blend edge clears threshold,11,False,,true,true,true,true,35,35,JAX,nfl,odds_api_flattened_consensus,3,"{'Football_KeyNumberGuard_v1': {'context_flags': {'key_number_risk': True, 'key_numbers': [3, 7, 10]}, 'home_line_proj': 3.0, 'model_name': 'Football_KeyNumberGuard_v1', 'parlay_edge_score': 0, 'spread_distance': 0.0, 'spread_edge': 0.0, 'spread_pick': '', 'total_distance': 0.0, 'total_edge': 0.0, 'total_pick': '', 'total_projection': 43.5}, 'Football_LineMovement_v1': {'context_flags': {'movement_available': False}, 'home_line_proj': 3.0, 'model_name': 'Football_LineMovement_v1', 'parlay_edge_score': 0, 'spread_distance': 0.0, 'spread_edge': 0.0, 'spread_pick': '', 'total_distance': 0.0, 'total_edge': 0.0, 'total_pick': '', 'total_projection': 43.5}, 'Football_MarketBlend_v1': {'context_flags': {'blend_inputs': ['Football_MarketConsensus_v1', 'Football_SpreadValue_v1', 'Football_TotalValue_v1', 'Football_LineMovement_v1', 'Football_KeyNumberGuard_v1'], 'key_number_risk': True, 'spread_veto': 'key_number_guard'}, 'home_line_proj': 2.75, 'model_name': 'Football_MarketBlend_v1', 'parlay_edge_score': 0.75, 'spread_distance': 0.25, 'spread_edge': 0.25, 'spread_pick': '', 'total_distance': 0.5, 'total_edge': 0.5, 'total_pick': 'OVER', 'total_projection': 44.0}, 'Football_MarketConsensus_v1': {'context_flags': {'book_count': 11, 'source': 'market_consensus'}, 'home_line_proj': 3.0, 'model_name': 'Football_MarketConsensus_v1', 'parlay_edge_score': 0, 'spread_distance': 0.0, 'spread_edge': 0.0, 'spread_pick': '', 'total_distance': 0.0, 'total_edge': 0.0, 'total_pick': '', 'total_projection': 43.5}, 'Football_SpreadValue_v1': {'context_flags': {'book_count': 11.0, 'value_shift': -0.75}, 'home_line_proj': 2.25, 'model_name': 'Football_SpreadValue_v1', 'parlay_edge_score': 0.75, 'spread_distance': 0.75, 'spread_edge': 0.75, 'spread_pick': 'HOME', 'total_distance': 0.0, 'total_edge': 0.0, 'total_pick': '', 'total_projection': 43.5}, 'Football_TotalValue_v1': {'context_flags': {'book_count': 11.0, 'total_value_rule': 'low_total_over_high_total_under'}, 'home_line_proj': 3.0, 'model_name': 'Football_TotalValue_v1', 'parlay_edge_score': 1.0, 'spread_distance': 0.0, 'spread_edge': 0.0, 'spread_pick': '', 'total_distance': 1.0, 'total_edge': 1.0, 'total_pick': 'OVER', 'total_projection': 44.5}}",-150.0,-150.0,129.0,129.0,66,591fd7cff37201a14cbdfbd457592445,2025-11-16T15:55:37Z,odds_api_flattened,-3.0,3.0,STATUS_FINAL,post,43.5,EverBank Stadium
nfl_401772776,2025-11-16,Buffalo Bills,Tampa Bay Buccaneers,-6.0,6.0,46.5,46.0,AWAY,-0.25,-0.5,0.75,LOW,Football_MarketBlend_v1,Football_MarketBlend_v1,"{'blend_inputs': ['Football_MarketConsensus_v1', 'Football_SpreadValue_v1', 'Football_TotalValue_v1', 'Football_LineMovement_v1', 'Football_KeyNumberGuard_v1'], 'key_number_risk': False}","Game: Tampa Bay Buccaneers @ Buffalo Bills
Authority: Football_MarketBlend_v1
Market: Spread -6.0, Total 46.5
Projection: Margin -5.75, Total 46.0
Spread Pick: AWAY (edge -0.25)
Total Pick: UNDER (edge -0.5)",-5.75,,,,UNDER,ACTIVE,,"{'spread': None, 'total': None}",FOOTBALL_MARKET_BLEND,32,32,TB,11,FOOTBALL_MARKET_BLEND,2025-11-16T18:00:00Z,1,Football market blend edge clears threshold,11,False,,true,true,true,true,44,44,BUF,nfl,odds_api_flattened_consensus,3,"{'Football_KeyNumberGuard_v1': {'context_flags': {'key_number_risk': False, 'key_numbers': [3, 7, 10]}, 'home_line_proj': -6.0, 'model_name': 'Football_KeyNumberGuard_v1', 'parlay_edge_score': 0, 'spread_distance': 0.0, 'spread_edge': 0.0, 'spread_pick': '', 'total_distance': 0.0, 'total_edge': 0.0, 'total_pick': '', 'total_projection': 46.5}, 'Football_LineMovement_v1': {'context_flags': {'movement_available': False}, 'home_line_proj': -6.0, 'model_name': 'Football_LineMovement_v1', 'parlay_edge_score': 0, 'spread_distance': 0.0, 'spread_edge': 0.0, 'spread_pick': '', 'total_distance': 0.0, 'total_edge': 0.0, 'total_pick': '', 'total_projection': 46.5}, 'Football_MarketBlend_v1': {'context_flags': {'blend_inputs': ['Football_MarketConsensus_v1', 'Football_SpreadValue_v1', 'Football_TotalValue_v1', 'Football_LineMovement_v1', 'Football_KeyNumberGuard_v1'], 'key_number_risk': False}, 'home_line_proj': -5.75, 'model_name': 'Football_MarketBlend_v1', 'parlay_edge_score': 0.75, 'spread_distance': 0.25, 'spread_edge': -0.25, 'spread_pick': 'AWAY', 'total_distance': 0.5, 'total_edge': -0.5, 'total_pick': 'UNDER', 'total_projection': 46.0}, 'Football_MarketConsensus_v1': {'context_flags': {'book_count': 11, 'source': 'market_consensus'}, 'home_line_proj': -6.0, 'model_name': 'Football_MarketConsensus_v1', 'parlay_edge_score': 0, 'spread_distance': 0.0, 'spread_edge': 0.0, 'spread_pick': '', 'total_distance': 0.0, 'total_edge': 0.0, 'total_pick': '', 'total_projection': 46.5}, 'Football_SpreadValue_v1': {'context_flags': {'book_count': 11.0, 'value_shift': 0.75}, 'home_line_proj': -5.25, 'model_name': 'Football_SpreadValue_v1', 'parlay_edge_score': 0.75, 'spread_distance': 0.75, 'spread_edge': -0.75, 'spread_pick': 'AWAY', 'total_distance': 0.0, 'total_edge': 0.0, 'total_pick': '', 'total_projection': 46.5}, 'Football_TotalValue_v1': {'context_flags': {'book_count': 11.0, 'total_value_rule': 'low_total_over_high_total_under'}, 'home_line_proj': -6.0, 'model_name': 'Football_TotalValue_v1', 'parlay_edge_score': 1.0, 'spread_distance': 0.0, 'spread_edge': 0.0, 'spread_pick': '', 'total_distance': 1.0, 'total_edge': -1.0, 'total_pick': 'UNDER', 'total_projection': 45.5}}",234.0,234.0,-285.0,-285.0,66,96377d2fb55e3cef733cecccdecaed5f,2025-11-16T15:55:37Z,odds_api_flattened,6.0,-6.0,STATUS_FINAL,post,46.5,Highmark Stadium (Old)
nfl_401772777,2025-11-16,Cleveland Browns,Baltimore Ravens,7.5,-7.5,38.0,38.5,,0.25,0.5,0.75,LOW,Football_MarketBlend_v1,Football_MarketBlend_v1,"{'blend_inputs': ['Football_MarketConsensus_v1', 'Football_SpreadValue_v1', 'Football_TotalValue_v1', 'Football_LineMovement_v1', 'Football_KeyNumberGuard_v1'], 'key_number_risk': True, 'spread_veto': 'key_number_guard'}","Game: Baltimore Ravens @ Cleveland Browns
Authority: Football_MarketBlend_v1
Market: Spread 7.5, Total 38.0
Projection: Margin 7.25, Total 38.5
Spread Pick:  (edge 0.25)
Total Pick: OVER (edge 0.5)",7.25,,,,OVER,ACTIVE,,"{'spread': None, 'total': None}",FOOTBALL_MARKET_BLEND,23,23,BAL,11,FOOTBALL_MARKET_BLEND,2025-11-16T21:25:00Z,1,Football market blend edge clears threshold,11,False,,true,true,true,true,16,16,CLE,nfl,odds_api_flattened_consensus,3,"{'Football_KeyNumberGuard_v1': {'context_flags': {'key_number_risk': True, 'key_numbers': [3, 7, 10]}, 'home_line_proj': 7.5, 'model_name': 'Football_KeyNumberGuard_v1', 'parlay_edge_score': 0, 'spread_distance': 0.0, 'spread_edge': 0.0, 'spread_pick': '', 'total_distance': 0.0, 'total_edge': 0.0, 'total_pick': '', 'total_projection': 38.0}, 'Football_LineMovement_v1': {'context_flags': {'movement_available': False}, 'home_line_proj': 7.5, 'model_name': 'Football_LineMovement_v1', 'parlay_edge_score': 0, 'spread_distance': 0.0, 'spread_edge': 0.0, 'spread_pick': '', 'total_distance': 0.0, 'total_edge': 0.0, 'total_pick': '', 'total_projection': 38.0}, 'Football_MarketBlend_v1': {'context_flags': {'blend_inputs': ['Football_MarketConsensus_v1', 'Football_SpreadValue_v1', 'Football_TotalValue_v1', 'Football_LineMovement_v1', 'Football_KeyNumberGuard_v1'], 'key_number_risk': True, 'spread_veto': 'key_number_guard'}, 'home_line_proj': 7.25, 'model_name': 'Football_MarketBlend_v1', 'parlay_edge_score': 0.75, 'spread_distance': 0.25, 'spread_edge': 0.25, 'spread_pick': '', 'total_distance': 0.5, 'total_edge': 0.5, 'total_pick': 'OVER', 'total_projection': 38.5}, 'Football_MarketConsensus_v1': {'context_flags': {'book_count': 11, 'source': 'market_consensus'}, 'home_line_proj': 7.5, 'model_name': 'Football_MarketConsensus_v1', 'parlay_edge_score': 0, 'spread_distance': 0.0, 'spread_edge': 0.0, 'spread_pick': '', 'total_distance': 0.0, 'total_edge': 0.0, 'total_pick': '', 'total_projection': 38.0}, 'Football_SpreadValue_v1': {'context_flags': {'book_count': 11.0, 'value_shift': -0.75}, 'home_line_proj': 6.75, 'model_name': 'Football_SpreadValue_v1', 'parlay_edge_score': 0.75, 'spread_distance': 0.75, 'spread_edge': 0.75, 'spread_pick': 'HOME', 'total_distance': 0.0, 'total_edge': 0.0, 'total_pick': '', 'total_projection': 38.0}, 'Football_TotalValue_v1': {'context_flags': {'book_count': 11.0, 'total_value_rule': 'low_total_over_high_total_under'}, 'home_line_proj': 7.5, 'model_name': 'Football_TotalValue_v1', 'parlay_edge_score': 1.0, 'spread_distance': 0.0, 'spread_edge': 0.0, 'spread_pick': '', 'total_distance': 1.0, 'total_edge': 1.0, 'total_pick': 'OVER', 'total_projection': 39.0}}",-460.0,-460.0,338.0,338.0,66,cc60225b5a907bd9ba7c27c23131fc5c,2025-11-16T15:55:37Z,odds_api_flattened,-7.5,7.5,STATUS_FINAL,post,38.0,Huntington Bank Field
nfl_401772778,2025-11-16,Denver Broncos,Kansas City Chiefs,4.5,-4.5,45.0,44.5,HOME,0.25,-0.5,0.75,LOW,Football_MarketBlend_v1,Football_MarketBlend_v1,"{'blend_inputs': ['Football_MarketConsensus_v1', 'Football_SpreadValue_v1', 'Football_TotalValue_v1', 'Football_LineMovement_v1', 'Football_KeyNumberGuard_v1'], 'key_number_risk': False}","Game: Kansas City Chiefs @ Denver Broncos
Authority: Football_MarketBlend_v1
Market: Spread 4.5, Total 45.0
Projection: Margin 4.25, Total 44.5
Spread Pick: HOME (edge 0.25)
Total Pick: UNDER (edge -0.5)",4.25,,,,UNDER,ACTIVE,,"{'spread': None, 'total': None}",FOOTBALL_MARKET_BLEND,19,19,KC,11,FOOTBALL_MARKET_BLEND,2025-11-16T21:25:00Z,1,Football market blend edge clears threshold,11,False,,true,true,true,true,22,22,DEN,nfl,odds_api_flattened_consensus,3,"{'Football_KeyNumberGuard_v1': {'context_flags': {'key_number_risk': False, 'key_numbers': [3, 7, 10]}, 'home_line_proj': 4.5, 'model_name': 'Football_KeyNumberGuard_v1', 'parlay_edge_score': 0, 'spread_distance': 0.0, 'spread_edge': 0.0, 'spread_pick': '', 'total_distance': 0.0, 'total_edge': 0.0, 'total_pick': '', 'total_projection': 45.0}, 'Football_LineMovement_v1': {'context_flags': {'movement_available': False}, 'home_line_proj': 4.5, 'model_name': 'Football_LineMovement_v1', 'parlay_edge_score': 0, 'spread_distance': 0.0, 'spread_edge': 0.0, 'spread_pick': '', 'total_distance': 0.0, 'total_edge': 0.0, 'total_pick': '', 'total_projection': 45.0}, 'Football_MarketBlend_v1': {'context_flags': {'blend_inputs': ['Football_MarketConsensus_v1', 'Football_SpreadValue_v1', 'Football_TotalValue_v1', 'Football_LineMovement_v1', 'Football_KeyNumberGuard_v1'], 'key_number_risk': False}, 'home_line_proj': 4.25, 'model_name': 'Football_MarketBlend_v1', 'parlay_edge_score': 0.75, 'spread_distance': 0.25, 'spread_edge': 0.25, 'spread_pick': 'HOME', 'total_distance': 0.5, 'total_edge': -0.5, 'total_pick': 'UNDER', 'total_projection': 44.5}, 'Football_MarketConsensus_v1': {'context_flags': {'book_count': 11, 'source': 'market_consensus'}, 'home_line_proj': 4.5, 'model_name': 'Football_MarketConsensus_v1', 'parlay_edge_score': 0, 'spread_distance': 0.0, 'spread_edge': 0.0, 'spread_pick': '', 'total_distance': 0.0, 'total_edge': 0.0, 'total_pick': '', 'total_projection': 45.0}, 'Football_SpreadValue_v1': {'context_flags': {'book_count': 11.0, 'value_shift': -0.75}, 'home_line_proj': 3.75, 'model_name': 'Football_SpreadValue_v1', 'parlay_edge_score': 0.75, 'spread_distance': 0.75, 'spread_edge': 0.75, 'spread_pick': 'HOME', 'total_distance': 0.0, 'total_edge': 0.0, 'total_pick': '', 'total_projection': 45.0}, 'Football_TotalValue_v1': {'context_flags': {'book_count': 11.0, 'total_value_rule': 'low_total_over_high_total_under'}, 'home_line_proj': 4.5, 'model_name': 'Football_TotalValue_v1', 'parlay_edge_score': 1.0, 'spread_distance': 0.0, 'spread_edge': 0.0, 'spread_pick': '', 'total_distance': 1.0, 'total_edge': -1.0, 'total_pick': 'UNDER', 'total_projection': 44.0}}",-225.0,-225.0,188.0,188.0,66,96ce7785b0980b03282c7e10d4c58d4a,2025-11-16T15:55:37Z,odds_api_flattened,-4.5,4.5,STATUS_FINAL,post,45.0,Empower Field at Mile High
nfl_401772880,2025-11-16,Minnesota Vikings,Chicago Bears,-2.5,2.5,48.0,47.5,,-0.25,-0.5,0.75,LOW,Football_MarketBlend_v1,Football_MarketBlend_v1,"{'blend_inputs': ['Football_MarketConsensus_v1', 'Football_SpreadValue_v1', 'Football_TotalValue_v1', 'Football_LineMovement_v1', 'Football_KeyNumberGuard_v1'], 'key_number_risk': True, 'spread_veto': 'key_number_guard'}","Game: Chicago Bears @ Minnesota Vikings
Authority: Football_MarketBlend_v1
Market: Spread -2.5, Total 48.0
Projection: Margin -2.25, Total 47.5
Spread Pick:  (edge -0.25)
Total Pick: UNDER (edge -0.5)",-2.25,,,,UNDER,ACTIVE,,"{'spread': None, 'total': None}",FOOTBALL_MARKET_BLEND,19,19,CHI,11,FOOTBALL_MARKET_BLEND,2025-11-16T18:00:00Z,1,Football market blend edge clears threshold,11,False,,true,true,true,true,17,17,MIN,nfl,odds_api_flattened_consensus,3,"{'Football_KeyNumberGuard_v1': {'context_flags': {'key_number_risk': True, 'key_numbers': [3, 7, 10]}, 'home_line_proj': -2.5, 'model_name': 'Football_KeyNumberGuard_v1', 'parlay_edge_score': 0, 'spread_distance': 0.0, 'spread_edge': 0.0, 'spread_pick': '', 'total_distance': 0.0, 'total_edge': 0.0, 'total_pick': '', 'total_projection': 48.0}, 'Football_LineMovement_v1': {'context_flags': {'movement_available': False}, 'home_line_proj': -2.5, 'model_name': 'Football_LineMovement_v1', 'parlay_edge_score': 0, 'spread_distance': 0.0, 'spread_edge': 0.0, 'spread_pick': '', 'total_distance': 0.0, 'total_edge': 0.0, 'total_pick': '', 'total_projection': 48.0}, 'Football_MarketBlend_v1': {'context_flags': {'blend_inputs': ['Football_MarketConsensus_v1', 'Football_SpreadValue_v1', 'Football_TotalValue_v1', 'Football_LineMovement_v1', 'Football_KeyNumberGuard_v1'], 'key_number_risk': True, 'spread_veto': 'key_number_guard'}, 'home_line_proj': -2.25, 'model_name': 'Football_MarketBlend_v1', 'parlay_edge_score': 0.75, 'spread_distance': 0.25, 'spread_edge': -0.25, 'spread_pick': '', 'total_distance': 0.5, 'total_edge': -0.5, 'total_pick': 'UNDER', 'total_projection': 47.5}, 'Football_MarketConsensus_v1': {'context_flags': {'book_count': 11, 'source': 'market_consensus'}, 'home_line_proj': -2.5, 'model_name': 'Football_MarketConsensus_v1', 'parlay_edge_score': 0, 'spread_distance': 0.0, 'spread_edge': 0.0, 'spread_pick': '', 'total_distance': 0.0, 'total_edge': 0.0, 'total_pick': '', 'total_projection': 48.0}, 'Football_SpreadValue_v1': {'context_flags': {'book_count': 11.0, 'value_shift': 0.75}, 'home_line_proj': -1.75, 'model_name': 'Football_SpreadValue_v1', 'parlay_edge_score': 0.75, 'spread_distance': 0.75, 'spread_edge': -0.75, 'spread_pick': 'AWAY', 'total_distance': 0.0, 'total_edge': 0.0, 'total_pick': '', 'total_projection': 48.0}, 'Football_TotalValue_v1': {'context_flags': {'book_count': 11.0, 'total_value_rule': 'low_total_over_high_total_under'}, 'home_line_proj': -2.5, 'model_name': 'Football_TotalValue_v1', 'parlay_edge_score': 1.0, 'spread_distance': 0.0, 'spread_edge': 0.0, 'spread_pick': '', 'total_distance': 1.0, 'total_edge': -1.0, 'total_pick': 'UNDER', 'total_projection': 47.0}}",130.0,130.0,-150.0,-150.0,66,229a5e9ce60dcb344a8cc3c97121154e,2025-11-16T15:55:37Z,odds_api_flattened,2.5,-2.5,STATUS_FINAL,post,48.0,U.S. Bank Stadium
nfl_401772881,2025-11-16,Tennessee Titans,Houston Texans,5.5,-5.5,37.5,38.0,HOME,0.25,0.5,0.75,LOW,Football_MarketBlend_v1,Football_MarketBlend_v1,"{'blend_inputs': ['Football_MarketConsensus_v1', 'Football_SpreadValue_v1', 'Football_TotalValue_v1', 'Football_LineMovement_v1', 'Football_KeyNumberGuard_v1'], 'key_number_risk': False}","Game: Houston Texans @ Tennessee Titans
Authority: Football_MarketBlend_v1
Market: Spread 5.5, Total 37.5
Projection: Margin 5.25, Total 38.0
Spread Pick: HOME (edge 0.25)
Total Pick: OVER (edge 0.5)",5.25,,,,OVER,ACTIVE,,"{'spread': None, 'total': None}",FOOTBALL_MARKET_BLEND,16,16,HOU,11,FOOTBALL_MARKET_BLEND,2025-11-16T18:00:00Z,1,Football market blend edge clears threshold,11,False,,true,true,true,true,13,13,TEN,nfl,odds_api_flattened_consensus,3,"{'Football_KeyNumberGuard_v1': {'context_flags': {'key_number_risk': False, 'key_numbers': [3, 7, 10]}, 'home_line_proj': 5.5, 'model_name': 'Football_KeyNumberGuard_v1', 'parlay_edge_score': 0, 'spread_distance': 0.0, 'spread_edge': 0.0, 'spread_pick': '', 'total_distance': 0.0, 'total_edge': 0.0, 'total_pick': '', 'total_projection': 37.5}, 'Football_LineMovement_v1': {'context_flags': {'movement_available': False}, 'home_line_proj': 5.5, 'model_name': 'Football_LineMovement_v1', 'parlay_edge_score': 0, 'spread_distance': 0.0, 'spread_edge': 0.0, 'spread_pick': '', 'total_distance': 0.0, 'total_edge': 0.0, 'total_pick': '', 'total_projection': 37.5}, 'Football_MarketBlend_v1': {'context_flags': {'blend_inputs': ['Football_MarketConsensus_v1', 'Football_SpreadValue_v1', 'Football_TotalValue_v1', 'Football_LineMovement_v1', 'Football_KeyNumberGuard_v1'], 'key_number_risk': False}, 'home_line_proj': 5.25, 'model_name': 'Football_MarketBlend_v1', 'parlay_edge_score': 0.75, 'spread_distance': 0.25, 'spread_edge': 0.25, 'spread_pick': 'HOME', 'total_distance': 0.5, 'total_edge': 0.5, 'total_pick': 'OVER', 'total_projection': 38.0}, 'Football_MarketConsensus_v1': {'context_flags': {'book_count': 11, 'source': 'market_consensus'}, 'home_line_proj': 5.5, 'model_name': 'Football_MarketConsensus_v1', 'parlay_edge_score': 0, 'spread_distance': 0.0, 'spread_edge': 0.0, 'spread_pick': '', 'total_distance': 0.0, 'total_edge': 0.0, 'total_pick': '', 'total_projection': 37.5}, 'Football_SpreadValue_v1': {'context_flags': {'book_count': 11.0, 'value_shift': -0.75}, 'home_line_proj': 4.75, 'model_name': 'Football_SpreadValue_v1', 'parlay_edge_score': 0.75, 'spread_distance': 0.75, 'spread_edge': 0.75, 'spread_pick': 'HOME', 'total_distance': 0.0, 'total_edge': 0.0, 'total_pick': '', 'total_projection': 37.5}, 'Football_TotalValue_v1': {'context_flags': {'book_count': 11.0, 'total_value_rule': 'low_total_over_high_total_under'}, 'home_line_proj': 5.5, 'model_name': 'Football_TotalValue_v1', 'parlay_edge_score': 1.0, 'spread_distance': 0.0, 'spread_edge': 0.0, 'spread_pick': '', 'total_distance': 1.0, 'total_edge': 1.0, 'total_pick': 'OVER', 'total_projection': 38.5}}",-265.0,-265.0,215.0,215.0,66,fd2f29289d6437a7c07d4780c5f04936,2025-11-16T15:55:37Z,odds_api_flattened,-5.5,5.5,STATUS_FINAL,post,37.5,Nissan Stadium
nfl_401772882,2025-11-16,Atlanta Falcons,Carolina Panthers,-4.0,4.0,41.5,42.0,AWAY,-0.25,0.5,0.75,LOW,Football_MarketBlend_v1,Football_MarketBlend_v1,"{'blend_inputs': ['Football_MarketConsensus_v1', 'Football_SpreadValue_v1', 'Football_TotalValue_v1', 'Football_LineMovement_v1', 'Football_KeyNumberGuard_v1'], 'key_number_risk': False}","Game: Carolina Panthers @ Atlanta Falcons
Authority: Football_MarketBlend_v1
Market: Spread -4.0, Total 41.5
Projection: Margin -3.75, Total 42.0
Spread Pick: AWAY (edge -0.25)
Total Pick: OVER (edge 0.5)",-3.75,,,,OVER,ACTIVE,,"{'spread': None, 'total': None}",FOOTBALL_MARKET_BLEND,30,30,CAR,11,FOOTBALL_MARKET_BLEND,2025-11-16T18:00:00Z,1,Football market blend edge clears threshold,11,False,,true,true,true,true,27,27,ATL,nfl,odds_api_flattened_consensus,3,"{'Football_KeyNumberGuard_v1': {'context_flags': {'key_number_risk': False, 'key_numbers': [3, 7, 10]}, 'home_line_proj': -4.0, 'model_name': 'Football_KeyNumberGuard_v1', 'parlay_edge_score': 0, 'spread_distance': 0.0, 'spread_edge': 0.0, 'spread_pick': '', 'total_distance': 0.0, 'total_edge': 0.0, 'total_pick': '', 'total_projection': 41.5}, 'Football_LineMovement_v1': {'context_flags': {'movement_available': False}, 'home_line_proj': -4.0, 'model_name': 'Football_LineMovement_v1', 'parlay_edge_score': 0, 'spread_distance': 0.0, 'spread_edge': 0.0, 'spread_pick': '', 'total_distance': 0.0, 'total_edge': 0.0, 'total_pick': '', 'total_projection': 41.5}, 'Football_MarketBlend_v1': {'context_flags': {'blend_inputs': ['Football_MarketConsensus_v1', 'Football_SpreadValue_v1', 'Football_TotalValue_v1', 'Football_LineMovement_v1', 'Football_KeyNumberGuard_v1'], 'key_number_risk': False}, 'home_line_proj': -3.75, 'model_name': 'Football_MarketBlend_v1', 'parlay_edge_score': 0.75, 'spread_distance': 0.25, 'spread_edge': -0.25, 'spread_pick': 'AWAY', 'total_distance': 0.5, 'total_edge': 0.5, 'total_pick': 'OVER', 'total_projection': 42.0}, 'Football_MarketConsensus_v1': {'context_flags': {'book_count': 11, 'source': 'market_consensus'}, 'home_line_proj': -4.0, 'model_name': 'Football_MarketConsensus_v1', 'parlay_edge_score': 0, 'spread_distance': 0.0, 'spread_edge': 0.0, 'spread_pick': '', 'total_distance': 0.0, 'total_edge': 0.0, 'total_pick': '', 'total_projection': 41.5}, 'Football_SpreadValue_v1': {'context_flags': {'book_count': 11.0, 'value_shift': 0.75}, 'home_line_proj': -3.25, 'model_name': 'Football_SpreadValue_v1', 'parlay_edge_score': 0.75, 'spread_distance': 0.75, 'spread_edge': -0.75, 'spread_pick': 'AWAY', 'total_distance': 0.0, 'total_edge': 0.0, 'total_pick': '', 'total_projection': 41.5}, 'Football_TotalValue_v1': {'context_flags': {'book_count': 11.0, 'total_value_rule': 'low_total_over_high_total_under'}, 'home_line_proj': -4.0, 'model_name': 'Football_TotalValue_v1', 'parlay_edge_score': 1.0, 'spread_distance': 0.0, 'spread_edge': 0.0, 'spread_pick': '', 'total_distance': 1.0, 'total_edge': 1.0, 'total_pick': 'OVER', 'total_projection': 42.5}}",175.0,175.0,-210.0,-210.0,66,0ae85bbc3711ad0cb94475a40e2364f0,2025-11-16T15:55:37Z,odds_api_flattened,4.0,-4.0,STATUS_FINAL,post,41.5,Mercedes-Benz Stadium
nfl_401772883,2025-11-16,New York Giants,Green Bay Packers,7.0,-7.0,41.5,42.0,,0.25,0.5,0.75,LOW,Football_MarketBlend_v1,Football_MarketBlend_v1,"{'blend_inputs': ['Football_MarketConsensus_v1', 'Football_SpreadValue_v1', 'Football_TotalValue_v1', 'Football_LineMovement_v1', 'Football_KeyNumberGuard_v1'], 'key_number_risk': True, 'spread_veto': 'key_number_guard'}","Game: Green Bay Packers @ New York Giants
Authority: Football_MarketBlend_v1
Market: Spread 7.0, Total 41.5
Projection: Margin 6.75, Total 42.0
Spread Pick:  (edge 0.25)
Total Pick: OVER (edge 0.5)",6.75,,,,OVER,ACTIVE,,"{'spread': None, 'total': None}",FOOTBALL_MARKET_BLEND,27,27,GB,11,FOOTBALL_MARKET_BLEND,2025-11-16T18:00:00Z,1,Football market blend edge clears threshold,11,False,,true,true,true,true,20,20,NYG,nfl,odds_api_flattened_consensus,3,"{'Football_KeyNumberGuard_v1': {'context_flags': {'key_number_risk': True, 'key_numbers': [3, 7, 10]}, 'home_line_proj': 7.0, 'model_name': 'Football_KeyNumberGuard_v1', 'parlay_edge_score': 0, 'spread_distance': 0.0, 'spread_edge': 0.0, 'spread_pick': '', 'total_distance': 0.0, 'total_edge': 0.0, 'total_pick': '', 'total_projection': 41.5}, 'Football_LineMovement_v1': {'context_flags': {'movement_available': False}, 'home_line_proj': 7.0, 'model_name': 'Football_LineMovement_v1', 'parlay_edge_score': 0, 'spread_distance': 0.0, 'spread_edge': 0.0, 'spread_pick': '', 'total_distance': 0.0, 'total_edge': 0.0, 'total_pick': '', 'total_projection': 41.5}, 'Football_MarketBlend_v1': {'context_flags': {'blend_inputs': ['Football_MarketConsensus_v1', 'Football_SpreadValue_v1', 'Football_TotalValue_v1', 'Football_LineMovement_v1', 'Football_KeyNumberGuard_v1'], 'key_number_risk': True, 'spread_veto': 'key_number_guard'}, 'home_line_proj': 6.75, 'model_name': 'Football_MarketBlend_v1', 'parlay_edge_score': 0.75, 'spread_distance': 0.25, 'spread_edge': 0.25, 'spread_pick': '', 'total_distance': 0.5, 'total_edge': 0.5, 'total_pick': 'OVER', 'total_projection': 42.0}, 'Football_MarketConsensus_v1': {'context_flags': {'book_count': 11, 'source': 'market_consensus'}, 'home_line_proj': 7.0, 'model_name': 'Football_MarketConsensus_v1', 'parlay_edge_score': 0, 'spread_distance': 0.0, 'spread_edge': 0.0, 'spread_pick': '', 'total_distance': 0.0, 'total_edge': 0.0, 'total_pick': '', 'total_projection': 41.5}, 'Football_SpreadValue_v1': {'context_flags': {'book_count': 11.0, 'value_shift': -0.75}, 'home_line_proj': 6.25, 'model_name': 'Football_SpreadValue_v1', 'parlay_edge_score': 0.75, 'spread_distance': 0.75, 'spread_edge': 0.75, 'spread_pick': 'HOME', 'total_distance': 0.0, 'total_edge': 0.0, 'total_pick': '', 'total_projection': 41.5}, 'Football_TotalValue_v1': {'context_flags': {'book_count': 11.0, 'total_value_rule': 'low_total_over_high_total_under'}, 'home_line_proj': 7.0, 'model_name': 'Football_TotalValue_v1', 'parlay_edge_score': 1.0, 'spread_distance': 0.0, 'spread_edge': 0.0, 'spread_pick': '', 'total_distance': 1.0, 'total_edge': 1.0, 'total_pick': 'OVER', 'total_projection': 42.5}}",-380.0,-380.0,296.0,296.0,66,5c06e82838fcfade9adf1e89b8bd3081,2025-11-16T15:55:37Z,odds_api_flattened,-7.0,7.0,STATUS_FINAL,post,41.5,MetLife Stadium
nfl_401772884,2025-11-16,Los Angeles Rams,Seattle Seahawks,-3.0,3.0,48.5,48.0,,-0.25,-0.5,0.75,LOW,Football_MarketBlend_v1,Football_MarketBlend_v1,"{'blend_inputs': ['Football_MarketConsensus_v1', 'Football_SpreadValue_v1', 'Football_TotalValue_v1', 'Football_LineMovement_v1', 'Football_KeyNumberGuard_v1'], 'key_number_risk': True, 'spread_veto': 'key_number_guard'}","Game: Seattle Seahawks @ Los Angeles Rams
Authority: Football_MarketBlend_v1
Market: Spread -3.0, Total 48.5
Projection: Margin -2.75, Total 48.0
Spread Pick:  (edge -0.25)
Total Pick: UNDER (edge -0.5)",-2.75,,,,UNDER,ACTIVE,,"{'spread': None, 'total': None}",FOOTBALL_MARKET_BLEND,19,19,SEA,11,FOOTBALL_MARKET_BLEND,2025-11-16T21:05:00Z,1,Football market blend edge clears threshold,11,False,,true,true,true,true,21,21,LAR,nfl,odds_api_flattened_consensus,3,"{'Football_KeyNumberGuard_v1': {'context_flags': {'key_number_risk': True, 'key_numbers': [3, 7, 10]}, 'home_line_proj': -3.0, 'model_name': 'Football_KeyNumberGuard_v1', 'parlay_edge_score': 0, 'spread_distance': 0.0, 'spread_edge': 0.0, 'spread_pick': '', 'total_distance': 0.0, 'total_edge': 0.0, 'total_pick': '', 'total_projection': 48.5}, 'Football_LineMovement_v1': {'context_flags': {'movement_available': False}, 'home_line_proj': -3.0, 'model_name': 'Football_LineMovement_v1', 'parlay_edge_score': 0, 'spread_distance': 0.0, 'spread_edge': 0.0, 'spread_pick': '', 'total_distance': 0.0, 'total_edge': 0.0, 'total_pick': '', 'total_projection': 48.5}, 'Football_MarketBlend_v1': {'context_flags': {'blend_inputs': ['Football_MarketConsensus_v1', 'Football_SpreadValue_v1', 'Football_TotalValue_v1', 'Football_LineMovement_v1', 'Football_KeyNumberGuard_v1'], 'key_number_risk': True, 'spread_veto': 'key_number_guard'}, 'home_line_proj': -2.75, 'model_name': 'Football_MarketBlend_v1', 'parlay_edge_score': 0.75, 'spread_distance': 0.25, 'spread_edge': -0.25, 'spread_pick': '', 'total_distance': 0.5, 'total_edge': -0.5, 'total_pick': 'UNDER', 'total_projection': 48.0}, 'Football_MarketConsensus_v1': {'context_flags': {'book_count': 11, 'source': 'market_consensus'}, 'home_line_proj': -3.0, 'model_name': 'Football_MarketConsensus_v1', 'parlay_edge_score': 0, 'spread_distance': 0.0, 'spread_edge': 0.0, 'spread_pick': '', 'total_distance': 0.0, 'total_edge': 0.0, 'total_pick': '', 'total_projection': 48.5}, 'Football_SpreadValue_v1': {'context_flags': {'book_count': 11.0, 'value_shift': 0.75}, 'home_line_proj': -2.25, 'model_name': 'Football_SpreadValue_v1', 'parlay_edge_score': 0.75, 'spread_distance': 0.75, 'spread_edge': -0.75, 'spread_pick': 'AWAY', 'total_distance': 0.0, 'total_edge': 0.0, 'total_pick': '', 'total_projection': 48.5}, 'Football_TotalValue_v1': {'context_flags': {'book_count': 11.0, 'total_value_rule': 'low_total_over_high_total_under'}, 'home_line_proj': -3.0, 'model_name': 'Football_TotalValue_v1', 'parlay_edge_score': 1.0, 'spread_distance': 0.0, 'spread_edge': 0.0, 'spread_pick': '', 'total_distance': 1.0, 'total_edge': -1.0, 'total_pick': 'UNDER', 'total_projection': 47.5}}",145.0,145.0,-175.0,-175.0,66,e926e654cedeb65fcfcc389a5158ef4e,2025-11-16T15:55:37Z,odds_api_flattened,3.0,-3.0,STATUS_FINAL,post,48.5,SoFi Stadium
nfl_401772885,2025-11-16,Arizona Cardinals,San Francisco 49ers,3.5,-3.5,48.5,48.0,,0.25,-0.5,0.75,LOW,Football_MarketBlend_v1,Football_MarketBlend_v1,"{'blend_inputs': ['Football_MarketConsensus_v1', 'Football_SpreadValue_v1', 'Football_TotalValue_v1', 'Football_LineMovement_v1', 'Football_KeyNumberGuard_v1'], 'key_number_risk': True, 'spread_veto': 'key_number_guard'}","Game: San Francisco 49ers @ Arizona Cardinals
Authority: Football_MarketBlend_v1
Market: Spread 3.5, Total 48.5
Projection: Margin 3.25, Total 48.0
Spread Pick:  (edge 0.25)
Total Pick: UNDER (edge -0.5)",3.25,,,,UNDER,ACTIVE,,"{'spread': None, 'total': None}",FOOTBALL_MARKET_BLEND,41,41,SF,11,FOOTBALL_MARKET_BLEND,2025-11-16T21:05:00Z,1,Football market blend edge clears threshold,11,False,,true,true,true,true,22,22,ARI,nfl,odds_api_flattened_consensus,3,"{'Football_KeyNumberGuard_v1': {'context_flags': {'key_number_risk': True, 'key_numbers': [3, 7, 10]}, 'home_line_proj': 3.5, 'model_name': 'Football_KeyNumberGuard_v1', 'parlay_edge_score': 0, 'spread_distance': 0.0, 'spread_edge': 0.0, 'spread_pick': '', 'total_distance': 0.0, 'total_edge': 0.0, 'total_pick': '', 'total_projection': 48.5}, 'Football_LineMovement_v1': {'context_flags': {'movement_available': False}, 'home_line_proj': 3.5, 'model_name': 'Football_LineMovement_v1', 'parlay_edge_score': 0, 'spread_distance': 0.0, 'spread_edge': 0.0, 'spread_pick': '', 'total_distance': 0.0, 'total_edge': 0.0, 'total_pick': '', 'total_projection': 48.5}, 'Football_MarketBlend_v1': {'context_flags': {'blend_inputs': ['Football_MarketConsensus_v1', 'Football_SpreadValue_v1', 'Football_TotalValue_v1', 'Football_LineMovement_v1', 'Football_KeyNumberGuard_v1'], 'key_number_risk': True, 'spread_veto': 'key_number_guard'}, 'home_line_proj': 3.25, 'model_name': 'Football_MarketBlend_v1', 'parlay_edge_score': 0.75, 'spread_distance': 0.25, 'spread_edge': 0.25, 'spread_pick': '', 'total_distance': 0.5, 'total_edge': -0.5, 'total_pick': 'UNDER', 'total_projection': 48.0}, 'Football_MarketConsensus_v1': {'context_flags': {'book_count': 11, 'source': 'market_consensus'}, 'home_line_proj': 3.5, 'model_name': 'Football_MarketConsensus_v1', 'parlay_edge_score': 0, 'spread_distance': 0.0, 'spread_edge': 0.0, 'spread_pick': '', 'total_distance': 0.0, 'total_edge': 0.0, 'total_pick': '', 'total_projection': 48.5}, 'Football_SpreadValue_v1': {'context_flags': {'book_count': 11.0, 'value_shift': -0.75}, 'home_line_proj': 2.75, 'model_name': 'Football_SpreadValue_v1', 'parlay_edge_score': 0.75, 'spread_distance': 0.75, 'spread_edge': 0.75, 'spread_pick': 'HOME', 'total_distance': 0.0, 'total_edge': 0.0, 'total_pick': '', 'total_projection': 48.5}, 'Football_TotalValue_v1': {'context_flags': {'book_count': 11.0, 'total_value_rule': 'low_total_over_high_total_under'}, 'home_line_proj': 3.5, 'model_name': 'Football_TotalValue_v1', 'parlay_edge_score': 1.0, 'spread_distance': 0.0, 'spread_edge': 0.0, 'spread_pick': '', 'total_distance': 1.0, 'total_edge': -1.0, 'total_pick': 'UNDER', 'total_projection': 47.5}}",-190.0,-190.0,160.0,160.0,66,91630b9c62640117918fa30d2a62d2db,2025-11-16T15:55:37Z,odds_api_flattened,-3.5,3.5,STATUS_FINAL,post,48.5,State Farm Stadium
nfl_401772928,2025-11-17,Philadelphia Eagles,Detroit Lions,-2.5,2.5,46.5,46.0,,-0.25,-0.5,0.75,LOW,Football_MarketBlend_v1,Football_MarketBlend_v1,"{'blend_inputs': ['Football_MarketConsensus_v1', 'Football_SpreadValue_v1', 'Football_TotalValue_v1', 'Football_LineMovement_v1', 'Football_KeyNumberGuard_v1'], 'key_number_risk': True, 'spread_veto': 'key_number_guard'}","Game: Detroit Lions @ Philadelphia Eagles
Authority: Football_MarketBlend_v1
Market: Spread -2.5, Total 46.5
Projection: Margin -2.25, Total 46.0
Spread Pick:  (edge -0.25)
Total Pick: UNDER (edge -0.5)",-2.25,,,,UNDER,ACTIVE,,"{'spread': None, 'total': None}",FOOTBALL_MARKET_BLEND,9,9,DET,11,FOOTBALL_MARKET_BLEND,2025-11-17T01:20:00Z,1,Football market blend edge clears threshold,11,False,,true,true,true,true,16,16,PHI,nfl,odds_api_flattened_consensus,3,"{'Football_KeyNumberGuard_v1': {'context_flags': {'key_number_risk': True, 'key_numbers': [3, 7, 10]}, 'home_line_proj': -2.5, 'model_name': 'Football_KeyNumberGuard_v1', 'parlay_edge_score': 0, 'spread_distance': 0.0, 'spread_edge': 0.0, 'spread_pick': '', 'total_distance': 0.0, 'total_edge': 0.0, 'total_pick': '', 'total_projection': 46.5}, 'Football_LineMovement_v1': {'context_flags': {'movement_available': False}, 'home_line_proj': -2.5, 'model_name': 'Football_LineMovement_v1', 'parlay_edge_score': 0, 'spread_distance': 0.0, 'spread_edge': 0.0, 'spread_pick': '', 'total_distance': 0.0, 'total_edge': 0.0, 'total_pick': '', 'total_projection': 46.5}, 'Football_MarketBlend_v1': {'context_flags': {'blend_inputs': ['Football_MarketConsensus_v1', 'Football_SpreadValue_v1', 'Football_TotalValue_v1', 'Football_LineMovement_v1', 'Football_KeyNumberGuard_v1'], 'key_number_risk': True, 'spread_veto': 'key_number_guard'}, 'home_line_proj': -2.25, 'model_name': 'Football_MarketBlend_v1', 'parlay_edge_score': 0.75, 'spread_distance': 0.25, 'spread_edge': -0.25, 'spread_pick': '', 'total_distance': 0.5, 'total_edge': -0.5, 'total_pick': 'UNDER', 'total_projection': 46.0}, 'Football_MarketConsensus_v1': {'context_flags': {'book_count': 11, 'source': 'market_consensus'}, 'home_line_proj': -2.5, 'model_name': 'Football_MarketConsensus_v1', 'parlay_edge_score': 0, 'spread_distance': 0.0, 'spread_edge': 0.0, 'spread_pick': '', 'total_distance': 0.0, 'total_edge': 0.0, 'total_pick': '', 'total_projection': 46.5}, 'Football_SpreadValue_v1': {'context_flags': {'book_count': 11.0, 'value_shift': 0.75}, 'home_line_proj': -1.75, 'model_name': 'Football_SpreadValue_v1', 'parlay_edge_score': 0.75, 'spread_distance': 0.75, 'spread_edge': -0.75, 'spread_pick': 'AWAY', 'total_distance': 0.0, 'total_edge': 0.0, 'total_pick': '', 'total_projection': 46.5}, 'Football_TotalValue_v1': {'context_flags': {'book_count': 11.0, 'total_value_rule': 'low_total_over_high_total_under'}, 'home_line_proj': -2.5, 'model_name': 'Football_TotalValue_v1', 'parlay_edge_score': 1.0, 'spread_distance': 0.0, 'spread_edge': 0.0, 'spread_pick': '', 'total_distance': 1.0, 'total_edge': -1.0, 'total_pick': 'UNDER', 'total_projection': 45.5}}",125.0,125.0,-146.0,-146.0,66,6d209e0e637f3b116ec958e0634f2a02,2025-11-16T15:55:37Z,odds_api_flattened,2.5,-2.5,STATUS_FINAL,post,46.5,Lincoln Financial Field
nfl_401772819,2025-11-18,Las Vegas Raiders,Dallas Cowboys,3.5,-3.5,50.0,49.5,,0.25,-0.5,0.75,LOW,Football_MarketBlend_v1,Football_MarketBlend_v1,"{'blend_inputs': ['Football_MarketConsensus_v1', 'Football_SpreadValue_v1', 'Football_TotalValue_v1', 'Football_LineMovement_v1', 'Football_KeyNumberGuard_v1'], 'key_number_risk': True, 'spread_veto': 'key_number_guard'}","Game: Dallas Cowboys @ Las Vegas Raiders
Authority: Football_MarketBlend_v1
Market: Spread 3.5, Total 50.0
Projection: Margin 3.25, Total 49.5
Spread Pick:  (edge 0.25)
Total Pick: UNDER (edge -0.5)",3.25,,,,UNDER,ACTIVE,,"{'spread': None, 'total': None}",FOOTBALL_MARKET_BLEND,33,33,DAL,11,FOOTBALL_MARKET_BLEND,2025-11-18T01:15:00Z,1,Football market blend edge clears threshold,11,False,,true,true,true,true,16,16,LV,nfl,odds_api_flattened_consensus,3,"{'Football_KeyNumberGuard_v1': {'context_flags': {'key_number_risk': True, 'key_numbers': [3, 7, 10]}, 'home_line_proj': 3.5, 'model_name': 'Football_KeyNumberGuard_v1', 'parlay_edge_score': 0, 'spread_distance': 0.0, 'spread_edge': 0.0, 'spread_pick': '', 'total_distance': 0.0, 'total_edge': 0.0, 'total_pick': '', 'total_projection': 50.0}, 'Football_LineMovement_v1': {'context_flags': {'movement_available': False}, 'home_line_proj': 3.5, 'model_name': 'Football_LineMovement_v1', 'parlay_edge_score': 0, 'spread_distance': 0.0, 'spread_edge': 0.0, 'spread_pick': '', 'total_distance': 0.0, 'total_edge': 0.0, 'total_pick': '', 'total_projection': 50.0}, 'Football_MarketBlend_v1': {'context_flags': {'blend_inputs': ['Football_MarketConsensus_v1', 'Football_SpreadValue_v1', 'Football_TotalValue_v1', 'Football_LineMovement_v1', 'Football_KeyNumberGuard_v1'], 'key_number_risk': True, 'spread_veto': 'key_number_guard'}, 'home_line_proj': 3.25, 'model_name': 'Football_MarketBlend_v1', 'parlay_edge_score': 0.75, 'spread_distance': 0.25, 'spread_edge': 0.25, 'spread_pick': '', 'total_distance': 0.5, 'total_edge': -0.5, 'total_pick': 'UNDER', 'total_projection': 49.5}, 'Football_MarketConsensus_v1': {'context_flags': {'book_count': 11, 'source': 'market_consensus'}, 'home_line_proj': 3.5, 'model_name': 'Football_MarketConsensus_v1', 'parlay_edge_score': 0, 'spread_distance': 0.0, 'spread_edge': 0.0, 'spread_pick': '', 'total_distance': 0.0, 'total_edge': 0.0, 'total_pick': '', 'total_projection': 50.0}, 'Football_SpreadValue_v1': {'context_flags': {'book_count': 11.0, 'value_shift': -0.75}, 'home_line_proj': 2.75, 'model_name': 'Football_SpreadValue_v1', 'parlay_edge_score': 0.75, 'spread_distance': 0.75, 'spread_edge': 0.75, 'spread_pick': 'HOME', 'total_distance': 0.0, 'total_edge': 0.0, 'total_pick': '', 'total_projection': 50.0}, 'Football_TotalValue_v1': {'context_flags': {'book_count': 11.0, 'total_value_rule': 'low_total_over_high_total_under'}, 'home_line_proj': 3.5, 'model_name': 'Football_TotalValue_v1', 'parlay_edge_score': 1.0, 'spread_distance': 0.0, 'spread_edge': 0.0, 'spread_pick': '', 'total_distance': 1.0, 'total_edge': -1.0, 'total_pick': 'UNDER', 'total_projection': 49.0}}",-190.0,-190.0,157.0,157.0,66,80d04ba917883a6438580ebae9fb0f22,2025-11-17T15:55:38Z,odds_api_flattened,-3.5,3.5,STATUS_FINAL,post,50.0,Allegiant Stadium
nfl_401772946,2025-11-21,Houston Texans,Buffalo Bills,5.5,-5.5,43.5,44.0,HOME,0.25,0.5,0.75,LOW,Football_MarketBlend_v1,Football_MarketBlend_v1,"{'blend_inputs': ['Football_MarketConsensus_v1', 'Football_SpreadValue_v1', 'Football_TotalValue_v1', 'Football_LineMovement_v1', 'Football_KeyNumberGuard_v1'], 'key_number_risk': False}","Game: Buffalo Bills @ Houston Texans
Authority: Football_MarketBlend_v1
Market: Spread 5.5, Total 43.5
Projection: Margin 5.25, Total 44.0
Spread Pick: HOME (edge 0.25)
Total Pick: OVER (edge 0.5)",5.25,,,,OVER,ACTIVE,,"{'spread': None, 'total': None}",FOOTBALL_MARKET_BLEND,19,19,BUF,11,FOOTBALL_MARKET_BLEND,2025-11-21T01:15:00Z,1,Football market blend edge clears threshold,11,False,,true,true,true,true,23,23,HOU,nfl,odds_api_flattened_consensus,3,"{'Football_KeyNumberGuard_v1': {'context_flags': {'key_number_risk': False, 'key_numbers': [3, 7, 10]}, 'home_line_proj': 5.5, 'model_name': 'Football_KeyNumberGuard_v1', 'parlay_edge_score': 0, 'spread_distance': 0.0, 'spread_edge': 0.0, 'spread_pick': '', 'total_distance': 0.0, 'total_edge': 0.0, 'total_pick': '', 'total_projection': 43.5}, 'Football_LineMovement_v1': {'context_flags': {'movement_available': False}, 'home_line_proj': 5.5, 'model_name': 'Football_LineMovement_v1', 'parlay_edge_score': 0, 'spread_distance': 0.0, 'spread_edge': 0.0, 'spread_pick': '', 'total_distance': 0.0, 'total_edge': 0.0, 'total_pick': '', 'total_projection': 43.5}, 'Football_MarketBlend_v1': {'context_flags': {'blend_inputs': ['Football_MarketConsensus_v1', 'Football_SpreadValue_v1', 'Football_TotalValue_v1', 'Football_LineMovement_v1', 'Football_KeyNumberGuard_v1'], 'key_number_risk': False}, 'home_line_proj': 5.25, 'model_name': 'Football_MarketBlend_v1', 'parlay_edge_score': 0.75, 'spread_distance': 0.25, 'spread_edge': 0.25, 'spread_pick': 'HOME', 'total_distance': 0.5, 'total_edge': 0.5, 'total_pick': 'OVER', 'total_projection': 44.0}, 'Football_MarketConsensus_v1': {'context_flags': {'book_count': 11, 'source': 'market_consensus'}, 'home_line_proj': 5.5, 'model_name': 'Football_MarketConsensus_v1', 'parlay_edge_score': 0, 'spread_distance': 0.0, 'spread_edge': 0.0, 'spread_pick': '', 'total_distance': 0.0, 'total_edge': 0.0, 'total_pick': '', 'total_projection': 43.5}, 'Football_SpreadValue_v1': {'context_flags': {'book_count': 11.0, 'value_shift': -0.75}, 'home_line_proj': 4.75, 'model_name': 'Football_SpreadValue_v1', 'parlay_edge_score': 0.75, 'spread_distance': 0.75, 'spread_edge': 0.75, 'spread_pick': 'HOME', 'total_distance': 0.0, 'total_edge': 0.0, 'total_pick': '', 'total_projection': 43.5}, 'Football_TotalValue_v1': {'context_flags': {'book_count': 11.0, 'total_value_rule': 'low_total_over_high_total_under'}, 'home_line_proj': 5.5, 'model_name': 'Football_TotalValue_v1', 'parlay_edge_score': 1.0, 'spread_distance': 0.0, 'spread_edge': 0.0, 'spread_pick': '', 'total_distance': 1.0, 'total_edge': 1.0, 'total_pick': 'OVER', 'total_projection': 44.5}}",-270.0,-270.0,220.0,220.0,66,cd2e0964817c30ad3f5144ea49b55f2b,2025-11-20T15:55:38Z,odds_api_flattened,-5.5,5.5,STATUS_FINAL,post,43.5,NRG Stadium
nfl_401772779,2025-11-23,Kansas City Chiefs,Indianapolis Colts,-3.5,3.5,49.5,49.0,,-0.25,-0.5,0.75,LOW,Football_MarketBlend_v1,Football_MarketBlend_v1,"{'blend_inputs': ['Football_MarketConsensus_v1', 'Football_SpreadValue_v1', 'Football_TotalValue_v1', 'Football_LineMovement_v1', 'Football_KeyNumberGuard_v1'], 'key_number_risk': True, 'spread_veto': 'key_number_guard'}","Game: Indianapolis Colts @ Kansas City Chiefs
Authority: Football_MarketBlend_v1
Market: Spread -3.5, Total 49.5
Projection: Margin -3.25, Total 49.0
Spread Pick:  (edge -0.25)
Total Pick: UNDER (edge -0.5)",-3.25,,,,UNDER,ACTIVE,,"{'spread': None, 'total': None}",FOOTBALL_MARKET_BLEND,20,20,IND,11,FOOTBALL_MARKET_BLEND,2025-11-23T18:00:00Z,1,Football market blend edge clears threshold,11,False,,true,true,true,true,23,23,KC,nfl,odds_api_flattened_consensus,3,"{'Football_KeyNumberGuard_v1': {'context_flags': {'key_number_risk': True, 'key_numbers': [3, 7, 10]}, 'home_line_proj': -3.5, 'model_name': 'Football_KeyNumberGuard_v1', 'parlay_edge_score': 0, 'spread_distance': 0.0, 'spread_edge': 0.0, 'spread_pick': '', 'total_distance': 0.0, 'total_edge': 0.0, 'total_pick': '', 'total_projection': 49.5}, 'Football_LineMovement_v1': {'context_flags': {'movement_available': False}, 'home_line_proj': -3.5, 'model_name': 'Football_LineMovement_v1', 'parlay_edge_score': 0, 'spread_distance': 0.0, 'spread_edge': 0.0, 'spread_pick': '', 'total_distance': 0.0, 'total_edge': 0.0, 'total_pick': '', 'total_projection': 49.5}, 'Football_MarketBlend_v1': {'context_flags': {'blend_inputs': ['Football_MarketConsensus_v1', 'Football_SpreadValue_v1', 'Football_TotalValue_v1', 'Football_LineMovement_v1', 'Football_KeyNumberGuard_v1'], 'key_number_risk': True, 'spread_veto': 'key_number_guard'}, 'home_line_proj': -3.25, 'model_name': 'Football_MarketBlend_v1', 'parlay_edge_score': 0.75, 'spread_distance': 0.25, 'spread_edge': -0.25, 'spread_pick': '', 'total_distance': 0.5, 'total_edge': -0.5, 'total_pick': 'UNDER', 'total_projection': 49.0}, 'Football_MarketConsensus_v1': {'context_flags': {'book_count': 11, 'source': 'market_consensus'}, 'home_line_proj': -3.5, 'model_name': 'Football_MarketConsensus_v1', 'parlay_edge_score': 0, 'spread_distance': 0.0, 'spread_edge': 0.0, 'spread_pick': '', 'total_distance': 0.0, 'total_edge': 0.0, 'total_pick': '', 'total_projection': 49.5}, 'Football_SpreadValue_v1': {'context_flags': {'book_count': 11.0, 'value_shift': 0.75}, 'home_line_proj': -2.75, 'model_name': 'Football_SpreadValue_v1', 'parlay_edge_score': 0.75, 'spread_distance': 0.75, 'spread_edge': -0.75, 'spread_pick': 'AWAY', 'total_distance': 0.0, 'total_edge': 0.0, 'total_pick': '', 'total_projection': 49.5}, 'Football_TotalValue_v1': {'context_flags': {'book_count': 11.0, 'total_value_rule': 'low_total_over_high_total_under'}, 'home_line_proj': -3.5, 'model_name': 'Football_TotalValue_v1', 'parlay_edge_score': 1.0, 'spread_distance': 0.0, 'spread_edge': 0.0, 'spread_pick': '', 'total_distance': 1.0, 'total_edge': -1.0, 'total_pick': 'UNDER', 'total_projection': 48.5}}",160.0,160.0,-190.0,-190.0,66,8b39d8dc550ced94f9faa91878ebf6b6,2025-11-23T15:55:38Z,odds_api_flattened,3.5,-3.5,STATUS_FINAL,post,49.5,GEHA Field at Arrowhead Stadium
nfl_401772780,2025-11-23,Chicago Bears,Pittsburgh Steelers,-3.0,3.0,46.5,46.0,,-0.25,-0.5,0.75,LOW,Football_MarketBlend_v1,Football_MarketBlend_v1,"{'blend_inputs': ['Football_MarketConsensus_v1', 'Football_SpreadValue_v1', 'Football_TotalValue_v1', 'Football_LineMovement_v1', 'Football_KeyNumberGuard_v1'], 'key_number_risk': True, 'spread_veto': 'key_number_guard'}","Game: Pittsburgh Steelers @ Chicago Bears
Authority: Football_MarketBlend_v1
Market: Spread -3.0, Total 46.5
Projection: Margin -2.75, Total 46.0
Spread Pick:  (edge -0.25)
Total Pick: UNDER (edge -0.5)",-2.75,,,,UNDER,ACTIVE,,"{'spread': None, 'total': None}",FOOTBALL_MARKET_BLEND,28,28,PIT,11,FOOTBALL_MARKET_BLEND,2025-11-23T18:00:00Z,1,Football market blend edge clears threshold,11,False,,true,true,true,true,31,31,CHI,nfl,odds_api_flattened_consensus,3,"{'Football_KeyNumberGuard_v1': {'context_flags': {'key_number_risk': True, 'key_numbers': [3, 7, 10]}, 'home_line_proj': -3.0, 'model_name': 'Football_KeyNumberGuard_v1', 'parlay_edge_score': 0, 'spread_distance': 0.0, 'spread_edge': 0.0, 'spread_pick': '', 'total_distance': 0.0, 'total_edge': 0.0, 'total_pick': '', 'total_projection': 46.5}, 'Football_LineMovement_v1': {'context_flags': {'movement_available': False}, 'home_line_proj': -3.0, 'model_name': 'Football_LineMovement_v1', 'parlay_edge_score': 0, 'spread_distance': 0.0, 'spread_edge': 0.0, 'spread_pick': '', 'total_distance': 0.0, 'total_edge': 0.0, 'total_pick': '', 'total_projection': 46.5}, 'Football_MarketBlend_v1': {'context_flags': {'blend_inputs': ['Football_MarketConsensus_v1', 'Football_SpreadValue_v1', 'Football_TotalValue_v1', 'Football_LineMovement_v1', 'Football_KeyNumberGuard_v1'], 'key_number_risk': True, 'spread_veto': 'key_number_guard'}, 'home_line_proj': -2.75, 'model_name': 'Football_MarketBlend_v1', 'parlay_edge_score': 0.75, 'spread_distance': 0.25, 'spread_edge': -0.25, 'spread_pick': '', 'total_distance': 0.5, 'total_edge': -0.5, 'total_pick': 'UNDER', 'total_projection': 46.0}, 'Football_MarketConsensus_v1': {'context_flags': {'book_count': 11, 'source': 'market_consensus'}, 'home_line_proj': -3.0, 'model_name': 'Football_MarketConsensus_v1', 'parlay_edge_score': 0, 'spread_distance': 0.0, 'spread_edge': 0.0, 'spread_pick': '', 'total_distance': 0.0, 'total_edge': 0.0, 'total_pick': '', 'total_projection': 46.5}, 'Football_SpreadValue_v1': {'context_flags': {'book_count': 11.0, 'value_shift': 0.75}, 'home_line_proj': -2.25, 'model_name': 'Football_SpreadValue_v1', 'parlay_edge_score': 0.75, 'spread_distance': 0.75, 'spread_edge': -0.75, 'spread_pick': 'AWAY', 'total_distance': 0.0, 'total_edge': 0.0, 'total_pick': '', 'total_projection': 46.5}, 'Football_TotalValue_v1': {'context_flags': {'book_count': 11.0, 'total_value_rule': 'low_total_over_high_total_under'}, 'home_line_proj': -3.0, 'model_name': 'Football_TotalValue_v1', 'parlay_edge_score': 1.0, 'spread_distance': 0.0, 'spread_edge': 0.0, 'spread_pick': '', 'total_distance': 1.0, 'total_edge': -1.0, 'total_pick': 'UNDER', 'total_projection': 45.5}}",135.0,135.0,-159.0,-159.0,66,c8913b70b63ae247f23a4e1dec08c668,2025-11-23T15:55:38Z,odds_api_flattened,3.0,-3.0,STATUS_FINAL,post,46.5,Soldier Field
nfl_401772781,2025-11-23,Cincinnati Bengals,New England Patriots,7.5,-7.5,50.5,50.0,,0.25,-0.5,0.75,LOW,Football_MarketBlend_v1,Football_MarketBlend_v1,"{'blend_inputs': ['Football_MarketConsensus_v1', 'Football_SpreadValue_v1', 'Football_TotalValue_v1', 'Football_LineMovement_v1', 'Football_KeyNumberGuard_v1'], 'key_number_risk': True, 'spread_veto': 'key_number_guard'}","Game: New England Patriots @ Cincinnati Bengals
Authority: Football_MarketBlend_v1
Market: Spread 7.5, Total 50.5
Projection: Margin 7.25, Total 50.0
Spread Pick:  (edge 0.25)
Total Pick: UNDER (edge -0.5)",7.25,,,,UNDER,ACTIVE,,"{'spread': None, 'total': None}",FOOTBALL_MARKET_BLEND,26,26,NE,11,FOOTBALL_MARKET_BLEND,2025-11-23T18:00:00Z,1,Football market blend edge clears threshold,11,False,,true,true,true,true,20,20,CIN,nfl,odds_api_flattened_consensus,3,"{'Football_KeyNumberGuard_v1': {'context_flags': {'key_number_risk': True, 'key_numbers': [3, 7, 10]}, 'home_line_proj': 7.5, 'model_name': 'Football_KeyNumberGuard_v1', 'parlay_edge_score': 0, 'spread_distance': 0.0, 'spread_edge': 0.0, 'spread_pick': '', 'total_distance': 0.0, 'total_edge': 0.0, 'total_pick': '', 'total_projection': 50.5}, 'Football_LineMovement_v1': {'context_flags': {'movement_available': False}, 'home_line_proj': 7.5, 'model_name': 'Football_LineMovement_v1', 'parlay_edge_score': 0, 'spread_distance': 0.0, 'spread_edge': 0.0, 'spread_pick': '', 'total_distance': 0.0, 'total_edge': 0.0, 'total_pick': '', 'total_projection': 50.5}, 'Football_MarketBlend_v1': {'context_flags': {'blend_inputs': ['Football_MarketConsensus_v1', 'Football_SpreadValue_v1', 'Football_TotalValue_v1', 'Football_LineMovement_v1', 'Football_KeyNumberGuard_v1'], 'key_number_risk': True, 'spread_veto': 'key_number_guard'}, 'home_line_proj': 7.25, 'model_name': 'Football_MarketBlend_v1', 'parlay_edge_score': 0.75, 'spread_distance': 0.25, 'spread_edge': 0.25, 'spread_pick': '', 'total_distance': 0.5, 'total_edge': -0.5, 'total_pick': 'UNDER', 'total_projection': 50.0}, 'Football_MarketConsensus_v1': {'context_flags': {'book_count': 11, 'source': 'market_consensus'}, 'home_line_proj': 7.5, 'model_name': 'Football_MarketConsensus_v1', 'parlay_edge_score': 0, 'spread_distance': 0.0, 'spread_edge': 0.0, 'spread_pick': '', 'total_distance': 0.0, 'total_edge': 0.0, 'total_pick': '', 'total_projection': 50.5}, 'Football_SpreadValue_v1': {'context_flags': {'book_count': 11.0, 'value_shift': -0.75}, 'home_line_proj': 6.75, 'model_name': 'Football_SpreadValue_v1', 'parlay_edge_score': 0.75, 'spread_distance': 0.75, 'spread_edge': 0.75, 'spread_pick': 'HOME', 'total_distance': 0.0, 'total_edge': 0.0, 'total_pick': '', 'total_projection': 50.5}, 'Football_TotalValue_v1': {'context_flags': {'book_count': 11.0, 'total_value_rule': 'low_total_over_high_total_under'}, 'home_line_proj': 7.5, 'model_name': 'Football_TotalValue_v1', 'parlay_edge_score': 1.0, 'spread_distance': 0.0, 'spread_edge': 0.0, 'spread_pick': '', 'total_distance': 1.0, 'total_edge': -1.0, 'total_pick': 'UNDER', 'total_projection': 49.5}}",-380.0,-380.0,300.0,300.0,66,1a8f3d70399a5cad83c95196795ed77b,2025-11-23T15:55:38Z,odds_api_flattened,-7.5,7.5,STATUS_FINAL,post,50.5,Paycor Stadium
nfl_401772782,2025-11-23,Baltimore Ravens,New York Jets,-14.0,14.0,45.0,44.5,AWAY,-0.25,-0.5,0.75,LOW,Football_MarketBlend_v1,Football_MarketBlend_v1,"{'blend_inputs': ['Football_MarketConsensus_v1', 'Football_SpreadValue_v1', 'Football_TotalValue_v1', 'Football_LineMovement_v1', 'Football_KeyNumberGuard_v1'], 'key_number_risk': False}","Game: New York Jets @ Baltimore Ravens
Authority: Football_MarketBlend_v1
Market: Spread -14.0, Total 45.0
Projection: Margin -13.75, Total 44.5
Spread Pick: AWAY (edge -0.25)
Total Pick: UNDER (edge -0.5)",-13.75,,,,UNDER,ACTIVE,,"{'spread': None, 'total': None}",FOOTBALL_MARKET_BLEND,10,10,NYJ,11,FOOTBALL_MARKET_BLEND,2025-11-23T18:00:00Z,1,Football market blend edge clears threshold,11,False,,true,true,true,true,23,23,BAL,nfl,odds_api_flattened_consensus,3,"{'Football_KeyNumberGuard_v1': {'context_flags': {'key_number_risk': False, 'key_numbers': [3, 7, 10]}, 'home_line_proj': -14.0, 'model_name': 'Football_KeyNumberGuard_v1', 'parlay_edge_score': 0, 'spread_distance': 0.0, 'spread_edge': 0.0, 'spread_pick': '', 'total_distance': 0.0, 'total_edge': 0.0, 'total_pick': '', 'total_projection': 45.0}, 'Football_LineMovement_v1': {'context_flags': {'movement_available': False}, 'home_line_proj': -14.0, 'model_name': 'Football_LineMovement_v1', 'parlay_edge_score': 0, 'spread_distance': 0.0, 'spread_edge': 0.0, 'spread_pick': '', 'total_distance': 0.0, 'total_edge': 0.0, 'total_pick': '', 'total_projection': 45.0}, 'Football_MarketBlend_v1': {'context_flags': {'blend_inputs': ['Football_MarketConsensus_v1', 'Football_SpreadValue_v1', 'Football_TotalValue_v1', 'Football_LineMovement_v1', 'Football_KeyNumberGuard_v1'], 'key_number_risk': False}, 'home_line_proj': -13.75, 'model_name': 'Football_MarketBlend_v1', 'parlay_edge_score': 0.75, 'spread_distance': 0.25, 'spread_edge': -0.25, 'spread_pick': 'AWAY', 'total_distance': 0.5, 'total_edge': -0.5, 'total_pick': 'UNDER', 'total_projection': 44.5}, 'Football_MarketConsensus_v1': {'context_flags': {'book_count': 11, 'source': 'market_consensus'}, 'home_line_proj': -14.0, 'model_name': 'Football_MarketConsensus_v1', 'parlay_edge_score': 0, 'spread_distance': 0.0, 'spread_edge': 0.0, 'spread_pick': '', 'total_distance': 0.0, 'total_edge': 0.0, 'total_pick': '', 'total_projection': 45.0}, 'Football_SpreadValue_v1': {'context_flags': {'book_count': 11.0, 'value_shift': 0.75}, 'home_line_proj': -13.25, 'model_name': 'Football_SpreadValue_v1', 'parlay_edge_score': 0.75, 'spread_distance': 0.75, 'spread_edge': -0.75, 'spread_pick': 'AWAY', 'total_distance': 0.0, 'total_edge': 0.0, 'total_pick': '', 'total_projection': 45.0}, 'Football_TotalValue_v1': {'context_flags': {'book_count': 11.0, 'total_value_rule': 'low_total_over_high_total_under'}, 'home_line_proj': -14.0, 'model_name': 'Football_TotalValue_v1', 'parlay_edge_score': 1.0, 'spread_distance': 0.0, 'spread_edge': 0.0, 'spread_pick': '', 'total_distance': 1.0, 'total_edge': -1.0, 'total_pick': 'UNDER', 'total_projection': 44.0}}",700.0,700.0,-1100.0,-1100.0,66,7159d60c7a31c7d593167637723d7663,2025-11-23T15:55:38Z,odds_api_flattened,14.0,-14.0,STATUS_FINAL,post,45.0,M&T Bank Stadium
nfl_401772783,2025-11-23,Arizona Cardinals,Jacksonville Jaguars,2.5,-2.5,47.0,46.5,,0.25,-0.5,0.75,LOW,Football_MarketBlend_v1,Football_MarketBlend_v1,"{'blend_inputs': ['Football_MarketConsensus_v1', 'Football_SpreadValue_v1', 'Football_TotalValue_v1', 'Football_LineMovement_v1', 'Football_KeyNumberGuard_v1'], 'key_number_risk': True, 'spread_veto': 'key_number_guard'}","Game: Jacksonville Jaguars @ Arizona Cardinals
Authority: Football_MarketBlend_v1
Market: Spread 2.5, Total 47.0
Projection: Margin 2.25, Total 46.5
Spread Pick:  (edge 0.25)
Total Pick: UNDER (edge -0.5)",2.25,,,,UNDER,ACTIVE,,"{'spread': None, 'total': None}",FOOTBALL_MARKET_BLEND,27,27,JAX,11,FOOTBALL_MARKET_BLEND,2025-11-23T21:05:00Z,1,Football market blend edge clears threshold,11,False,,true,true,true,true,24,24,ARI,nfl,odds_api_flattened_consensus,3,"{'Football_KeyNumberGuard_v1': {'context_flags': {'key_number_risk': True, 'key_numbers': [3, 7, 10]}, 'home_line_proj': 2.5, 'model_name': 'Football_KeyNumberGuard_v1', 'parlay_edge_score': 0, 'spread_distance': 0.0, 'spread_edge': 0.0, 'spread_pick': '', 'total_distance': 0.0, 'total_edge': 0.0, 'total_pick': '', 'total_projection': 47.0}, 'Football_LineMovement_v1': {'context_flags': {'movement_available': False}, 'home_line_proj': 2.5, 'model_name': 'Football_LineMovement_v1', 'parlay_edge_score': 0, 'spread_distance': 0.0, 'spread_edge': 0.0, 'spread_pick': '', 'total_distance': 0.0, 'total_edge': 0.0, 'total_pick': '', 'total_projection': 47.0}, 'Football_MarketBlend_v1': {'context_flags': {'blend_inputs': ['Football_MarketConsensus_v1', 'Football_SpreadValue_v1', 'Football_TotalValue_v1', 'Football_LineMovement_v1', 'Football_KeyNumberGuard_v1'], 'key_number_risk': True, 'spread_veto': 'key_number_guard'}, 'home_line_proj': 2.25, 'model_name': 'Football_MarketBlend_v1', 'parlay_edge_score': 0.75, 'spread_distance': 0.25, 'spread_edge': 0.25, 'spread_pick': '', 'total_distance': 0.5, 'total_edge': -0.5, 'total_pick': 'UNDER', 'total_projection': 46.5}, 'Football_MarketConsensus_v1': {'context_flags': {'book_count': 11, 'source': 'market_consensus'}, 'home_line_proj': 2.5, 'model_name': 'Football_MarketConsensus_v1', 'parlay_edge_score': 0, 'spread_distance': 0.0, 'spread_edge': 0.0, 'spread_pick': '', 'total_distance': 0.0, 'total_edge': 0.0, 'total_pick': '', 'total_projection': 47.0}, 'Football_SpreadValue_v1': {'context_flags': {'book_count': 11.0, 'value_shift': -0.75}, 'home_line_proj': 1.75, 'model_name': 'Football_SpreadValue_v1', 'parlay_edge_score': 0.75, 'spread_distance': 0.75, 'spread_edge': 0.75, 'spread_pick': 'HOME', 'total_distance': 0.0, 'total_edge': 0.0, 'total_pick': '', 'total_projection': 47.0}, 'Football_TotalValue_v1': {'context_flags': {'book_count': 11.0, 'total_value_rule': 'low_total_over_high_total_under'}, 'home_line_proj': 2.5, 'model_name': 'Football_TotalValue_v1', 'parlay_edge_score': 1.0, 'spread_distance': 0.0, 'spread_edge': 0.0, 'spread_pick': '', 'total_distance': 1.0, 'total_edge': -1.0, 'total_pick': 'UNDER', 'total_projection': 46.0}}",-135.0,-135.0,114.0,114.0,66,e32e0030899c06fdf2c74745ca27d85a,2025-11-23T15:55:38Z,odds_api_flattened,-2.5,2.5,STATUS_FINAL,post,47.0,State Farm Stadium
nfl_401772784,2025-11-23,Las Vegas Raiders,Cleveland Browns,-3.5,3.5,36.0,36.5,,-0.25,0.5,0.75,LOW,Football_MarketBlend_v1,Football_MarketBlend_v1,"{'blend_inputs': ['Football_MarketConsensus_v1', 'Football_SpreadValue_v1', 'Football_TotalValue_v1', 'Football_LineMovement_v1', 'Football_KeyNumberGuard_v1'], 'key_number_risk': True, 'spread_veto': 'key_number_guard'}","Game: Cleveland Browns @ Las Vegas Raiders
Authority: Football_MarketBlend_v1
Market: Spread -3.5, Total 36.0
Projection: Margin -3.25, Total 36.5
Spread Pick:  (edge -0.25)
Total Pick: OVER (edge 0.5)",-3.25,,,,OVER,ACTIVE,,"{'spread': None, 'total': None}",FOOTBALL_MARKET_BLEND,24,24,CLE,11,FOOTBALL_MARKET_BLEND,2025-11-23T21:05:00Z,1,Football market blend edge clears threshold,11,False,,true,true,true,true,10,10,LV,nfl,odds_api_flattened_consensus,3,"{'Football_KeyNumberGuard_v1': {'context_flags': {'key_number_risk': True, 'key_numbers': [3, 7, 10]}, 'home_line_proj': -3.5, 'model_name': 'Football_KeyNumberGuard_v1', 'parlay_edge_score': 0, 'spread_distance': 0.0, 'spread_edge': 0.0, 'spread_pick': '', 'total_distance': 0.0, 'total_edge': 0.0, 'total_pick': '', 'total_projection': 36.0}, 'Football_LineMovement_v1': {'context_flags': {'movement_available': False}, 'home_line_proj': -3.5, 'model_name': 'Football_LineMovement_v1', 'parlay_edge_score': 0, 'spread_distance': 0.0, 'spread_edge': 0.0, 'spread_pick': '', 'total_distance': 0.0, 'total_edge': 0.0, 'total_pick': '', 'total_projection': 36.0}, 'Football_MarketBlend_v1': {'context_flags': {'blend_inputs': ['Football_MarketConsensus_v1', 'Football_SpreadValue_v1', 'Football_TotalValue_v1', 'Football_LineMovement_v1', 'Football_KeyNumberGuard_v1'], 'key_number_risk': True, 'spread_veto': 'key_number_guard'}, 'home_line_proj': -3.25, 'model_name': 'Football_MarketBlend_v1', 'parlay_edge_score': 0.75, 'spread_distance': 0.25, 'spread_edge': -0.25, 'spread_pick': '', 'total_distance': 0.5, 'total_edge': 0.5, 'total_pick': 'OVER', 'total_projection': 36.5}, 'Football_MarketConsensus_v1': {'context_flags': {'book_count': 11, 'source': 'market_consensus'}, 'home_line_proj': -3.5, 'model_name': 'Football_MarketConsensus_v1', 'parlay_edge_score': 0, 'spread_distance': 0.0, 'spread_edge': 0.0, 'spread_pick': '', 'total_distance': 0.0, 'total_edge': 0.0, 'total_pick': '', 'total_projection': 36.0}, 'Football_SpreadValue_v1': {'context_flags': {'book_count': 11.0, 'value_shift': 0.75}, 'home_line_proj': -2.75, 'model_name': 'Football_SpreadValue_v1', 'parlay_edge_score': 0.75, 'spread_distance': 0.75, 'spread_edge': -0.75, 'spread_pick': 'AWAY', 'total_distance': 0.0, 'total_edge': 0.0, 'total_pick': '', 'total_projection': 36.0}, 'Football_TotalValue_v1': {'context_flags': {'book_count': 11.0, 'total_value_rule': 'low_total_over_high_total_under'}, 'home_line_proj': -3.5, 'model_name': 'Football_TotalValue_v1', 'parlay_edge_score': 1.0, 'spread_distance': 0.0, 'spread_edge': 0.0, 'spread_pick': '', 'total_distance': 1.0, 'total_edge': 1.0, 'total_pick': 'OVER', 'total_projection': 37.0}}",155.0,155.0,-185.0,-185.0,66,27f50ddbc4c3fbad10398c5187a28dc7,2025-11-23T15:55:38Z,odds_api_flattened,3.5,-3.5,STATUS_FINAL,post,36.0,Allegiant Stadium
nfl_401772886,2025-11-23,Tennessee Titans,Seattle Seahawks,12.5,-12.5,41.5,42.0,HOME,0.25,0.5,0.75,LOW,Football_MarketBlend_v1,Football_MarketBlend_v1,"{'blend_inputs': ['Football_MarketConsensus_v1', 'Football_SpreadValue_v1', 'Football_TotalValue_v1', 'Football_LineMovement_v1', 'Football_KeyNumberGuard_v1'], 'key_number_risk': False}","Game: Seattle Seahawks @ Tennessee Titans
Authority: Football_MarketBlend_v1
Market: Spread 12.5, Total 41.5
Projection: Margin 12.25, Total 42.0
Spread Pick: HOME (edge 0.25)
Total Pick: OVER (edge 0.5)",12.25,,,,OVER,ACTIVE,,"{'spread': None, 'total': None}",FOOTBALL_MARKET_BLEND,30,30,SEA,11,FOOTBALL_MARKET_BLEND,2025-11-23T18:00:00Z,1,Football market blend edge clears threshold,11,False,,true,true,true,true,24,24,TEN,nfl,odds_api_flattened_consensus,3,"{'Football_KeyNumberGuard_v1': {'context_flags': {'key_number_risk': False, 'key_numbers': [3, 7, 10]}, 'home_line_proj': 12.5, 'model_name': 'Football_KeyNumberGuard_v1', 'parlay_edge_score': 0, 'spread_distance': 0.0, 'spread_edge': 0.0, 'spread_pick': '', 'total_distance': 0.0, 'total_edge': 0.0, 'total_pick': '', 'total_projection': 41.5}, 'Football_LineMovement_v1': {'context_flags': {'movement_available': False}, 'home_line_proj': 12.5, 'model_name': 'Football_LineMovement_v1', 'parlay_edge_score': 0, 'spread_distance': 0.0, 'spread_edge': 0.0, 'spread_pick': '', 'total_distance': 0.0, 'total_edge': 0.0, 'total_pick': '', 'total_projection': 41.5}, 'Football_MarketBlend_v1': {'context_flags': {'blend_inputs': ['Football_MarketConsensus_v1', 'Football_SpreadValue_v1', 'Football_TotalValue_v1', 'Football_LineMovement_v1', 'Football_KeyNumberGuard_v1'], 'key_number_risk': False}, 'home_line_proj': 12.25, 'model_name': 'Football_MarketBlend_v1', 'parlay_edge_score': 0.75, 'spread_distance': 0.25, 'spread_edge': 0.25, 'spread_pick': 'HOME', 'total_distance': 0.5, 'total_edge': 0.5, 'total_pick': 'OVER', 'total_projection': 42.0}, 'Football_MarketConsensus_v1': {'context_flags': {'book_count': 11, 'source': 'market_consensus'}, 'home_line_proj': 12.5, 'model_name': 'Football_MarketConsensus_v1', 'parlay_edge_score': 0, 'spread_distance': 0.0, 'spread_edge': 0.0, 'spread_pick': '', 'total_distance': 0.0, 'total_edge': 0.0, 'total_pick': '', 'total_projection': 41.5}, 'Football_SpreadValue_v1': {'context_flags': {'book_count': 11.0, 'value_shift': -0.75}, 'home_line_proj': 11.75, 'model_name': 'Football_SpreadValue_v1', 'parlay_edge_score': 0.75, 'spread_distance': 0.75, 'spread_edge': 0.75, 'spread_pick': 'HOME', 'total_distance': 0.0, 'total_edge': 0.0, 'total_pick': '', 'total_projection': 41.5}, 'Football_TotalValue_v1': {'context_flags': {'book_count': 11.0, 'total_value_rule': 'low_total_over_high_total_under'}, 'home_line_proj': 12.5, 'model_name': 'Football_TotalValue_v1', 'parlay_edge_score': 1.0, 'spread_distance': 0.0, 'spread_edge': 0.0, 'spread_pick': '', 'total_distance': 1.0, 'total_edge': 1.0, 'total_pick': 'OVER', 'total_projection': 42.5}}",-900.0,-900.0,613.0,613.0,66,0ff4e68cf39cc57ca7cf1276e4a44d2f,2025-11-23T15:55:38Z,odds_api_flattened,-12.5,12.5,STATUS_FINAL,post,41.5,Nissan Stadium
nfl_401772887,2025-11-23,Green Bay Packers,Minnesota Vikings,-6.5,6.5,41.5,42.0,,-0.25,0.5,0.75,LOW,Football_MarketBlend_v1,Football_MarketBlend_v1,"{'blend_inputs': ['Football_MarketConsensus_v1', 'Football_SpreadValue_v1', 'Football_TotalValue_v1', 'Football_LineMovement_v1', 'Football_KeyNumberGuard_v1'], 'key_number_risk': True, 'spread_veto': 'key_number_guard'}","Game: Minnesota Vikings @ Green Bay Packers
Authority: Football_MarketBlend_v1
Market: Spread -6.5, Total 41.5
Projection: Margin -6.25, Total 42.0
Spread Pick:  (edge -0.25)
Total Pick: OVER (edge 0.5)",-6.25,,,,OVER,ACTIVE,,"{'spread': None, 'total': None}",FOOTBALL_MARKET_BLEND,6,6,MIN,11,FOOTBALL_MARKET_BLEND,2025-11-23T18:00:00Z,1,Football market blend edge clears threshold,11,False,,true,true,true,true,23,23,GB,nfl,odds_api_flattened_consensus,3,"{'Football_KeyNumberGuard_v1': {'context_flags': {'key_number_risk': True, 'key_numbers': [3, 7, 10]}, 'home_line_proj': -6.5, 'model_name': 'Football_KeyNumberGuard_v1', 'parlay_edge_score': 0, 'spread_distance': 0.0, 'spread_edge': 0.0, 'spread_pick': '', 'total_distance': 0.0, 'total_edge': 0.0, 'total_pick': '', 'total_projection': 41.5}, 'Football_LineMovement_v1': {'context_flags': {'movement_available': False}, 'home_line_proj': -6.5, 'model_name': 'Football_LineMovement_v1', 'parlay_edge_score': 0, 'spread_distance': 0.0, 'spread_edge': 0.0, 'spread_pick': '', 'total_distance': 0.0, 'total_edge': 0.0, 'total_pick': '', 'total_projection': 41.5}, 'Football_MarketBlend_v1': {'context_flags': {'blend_inputs': ['Football_MarketConsensus_v1', 'Football_SpreadValue_v1', 'Football_TotalValue_v1', 'Football_LineMovement_v1', 'Football_KeyNumberGuard_v1'], 'key_number_risk': True, 'spread_veto': 'key_number_guard'}, 'home_line_proj': -6.25, 'model_name': 'Football_MarketBlend_v1', 'parlay_edge_score': 0.75, 'spread_distance': 0.25, 'spread_edge': -0.25, 'spread_pick': '', 'total_distance': 0.5, 'total_edge': 0.5, 'total_pick': 'OVER', 'total_projection': 42.0}, 'Football_MarketConsensus_v1': {'context_flags': {'book_count': 11, 'source': 'market_consensus'}, 'home_line_proj': -6.5, 'model_name': 'Football_MarketConsensus_v1', 'parlay_edge_score': 0, 'spread_distance': 0.0, 'spread_edge': 0.0, 'spread_pick': '', 'total_distance': 0.0, 'total_edge': 0.0, 'total_pick': '', 'total_projection': 41.5}, 'Football_SpreadValue_v1': {'context_flags': {'book_count': 11.0, 'value_shift': 0.75}, 'home_line_proj': -5.75, 'model_name': 'Football_SpreadValue_v1', 'parlay_edge_score': 0.75, 'spread_distance': 0.75, 'spread_edge': -0.75, 'spread_pick': 'AWAY', 'total_distance': 0.0, 'total_edge': 0.0, 'total_pick': '', 'total_projection': 41.5}, 'Football_TotalValue_v1': {'context_flags': {'book_count': 11.0, 'total_value_rule': 'low_total_over_high_total_under'}, 'home_line_proj': -6.5, 'model_name': 'Football_TotalValue_v1', 'parlay_edge_score': 1.0, 'spread_distance': 0.0, 'spread_edge': 0.0, 'spread_pick': '', 'total_distance': 1.0, 'total_edge': 1.0, 'total_pick': 'OVER', 'total_projection': 42.5}}",235.0,235.0,-290.0,-290.0,66,91019a528f43cd28965fdc68a3f3ef85,2025-11-23T15:55:38Z,odds_api_flattened,6.5,-6.5,STATUS_FINAL,post,41.5,Lambeau Field
nfl_401772888,2025-11-23,Detroit Lions,New York Giants,-13.5,13.5,50.5,50.0,AWAY,-0.25,-0.5,0.75,LOW,Football_MarketBlend_v1,Football_MarketBlend_v1,"{'blend_inputs': ['Football_MarketConsensus_v1', 'Football_SpreadValue_v1', 'Football_TotalValue_v1', 'Football_LineMovement_v1', 'Football_KeyNumberGuard_v1'], 'key_number_risk': False}","Game: New York Giants @ Detroit Lions
Authority: Football_MarketBlend_v1
Market: Spread -13.5, Total 50.5
Projection: Margin -13.25, Total 50.0
Spread Pick: AWAY (edge -0.25)
Total Pick: UNDER (edge -0.5)",-13.25,,,,UNDER,ACTIVE,,"{'spread': None, 'total': None}",FOOTBALL_MARKET_BLEND,27,27,NYG,11,FOOTBALL_MARKET_BLEND,2025-11-23T18:00:00Z,1,Football market blend edge clears threshold,11,False,,true,true,true,true,34,34,DET,nfl,odds_api_flattened_consensus,3,"{'Football_KeyNumberGuard_v1': {'context_flags': {'key_number_risk': False, 'key_numbers': [3, 7, 10]}, 'home_line_proj': -13.5, 'model_name': 'Football_KeyNumberGuard_v1', 'parlay_edge_score': 0, 'spread_distance': 0.0, 'spread_edge': 0.0, 'spread_pick': '', 'total_distance': 0.0, 'total_edge': 0.0, 'total_pick': '', 'total_projection': 50.5}, 'Football_LineMovement_v1': {'context_flags': {'movement_available': False}, 'home_line_proj': -13.5, 'model_name': 'Football_LineMovement_v1', 'parlay_edge_score': 0, 'spread_distance': 0.0, 'spread_edge': 0.0, 'spread_pick': '', 'total_distance': 0.0, 'total_edge': 0.0, 'total_pick': '', 'total_projection': 50.5}, 'Football_MarketBlend_v1': {'context_flags': {'blend_inputs': ['Football_MarketConsensus_v1', 'Football_SpreadValue_v1', 'Football_TotalValue_v1', 'Football_LineMovement_v1', 'Football_KeyNumberGuard_v1'], 'key_number_risk': False}, 'home_line_proj': -13.25, 'model_name': 'Football_MarketBlend_v1', 'parlay_edge_score': 0.75, 'spread_distance': 0.25, 'spread_edge': -0.25, 'spread_pick': 'AWAY', 'total_distance': 0.5, 'total_edge': -0.5, 'total_pick': 'UNDER', 'total_projection': 50.0}, 'Football_MarketConsensus_v1': {'context_flags': {'book_count': 11, 'source': 'market_consensus'}, 'home_line_proj': -13.5, 'model_name': 'Football_MarketConsensus_v1', 'parlay_edge_score': 0, 'spread_distance': 0.0, 'spread_edge': 0.0, 'spread_pick': '', 'total_distance': 0.0, 'total_edge': 0.0, 'total_pick': '', 'total_projection': 50.5}, 'Football_SpreadValue_v1': {'context_flags': {'book_count': 11.0, 'value_shift': 0.75}, 'home_line_proj': -12.75, 'model_name': 'Football_SpreadValue_v1', 'parlay_edge_score': 0.75, 'spread_distance': 0.75, 'spread_edge': -0.75, 'spread_pick': 'AWAY', 'total_distance': 0.0, 'total_edge': 0.0, 'total_pick': '', 'total_projection': 50.5}, 'Football_TotalValue_v1': {'context_flags': {'book_count': 11.0, 'total_value_rule': 'low_total_over_high_total_under'}, 'home_line_proj': -13.5, 'model_name': 'Football_TotalValue_v1', 'parlay_edge_score': 1.0, 'spread_distance': 0.0, 'spread_edge': 0.0, 'spread_pick': '', 'total_distance': 1.0, 'total_edge': -1.0, 'total_pick': 'UNDER', 'total_projection': 49.5}}",625.0,625.0,-950.0,-950.0,66,535bbe97d4e56494b039ade88459c338,2025-11-23T15:55:38Z,odds_api_flattened,13.5,-13.5,STATUS_FINAL,post,50.5,Ford Field
nfl_401772889,2025-11-23,New Orleans Saints,Atlanta Falcons,-1.5,1.5,41.0,41.5,AWAY,-0.25,0.5,0.75,LOW,Football_MarketBlend_v1,Football_MarketBlend_v1,"{'blend_inputs': ['Football_MarketConsensus_v1', 'Football_SpreadValue_v1', 'Football_TotalValue_v1', 'Football_LineMovement_v1', 'Football_KeyNumberGuard_v1'], 'key_number_risk': False}","Game: Atlanta Falcons @ New Orleans Saints
Authority: Football_MarketBlend_v1
Market: Spread -1.5, Total 41.0
Projection: Margin -1.25, Total 41.5
Spread Pick: AWAY (edge -0.25)
Total Pick: OVER (edge 0.5)",-1.25,,,,OVER,ACTIVE,,"{'spread': None, 'total': None}",FOOTBALL_MARKET_BLEND,24,24,ATL,11,FOOTBALL_MARKET_BLEND,2025-11-23T21:25:00Z,1,Football market blend edge clears threshold,11,False,,true,true,true,true,10,10,NO,nfl,odds_api_flattened_consensus,3,"{'Football_KeyNumberGuard_v1': {'context_flags': {'key_number_risk': False, 'key_numbers': [3, 7, 10]}, 'home_line_proj': -1.5, 'model_name': 'Football_KeyNumberGuard_v1', 'parlay_edge_score': 0, 'spread_distance': 0.0, 'spread_edge': 0.0, 'spread_pick': '', 'total_distance': 0.0, 'total_edge': 0.0, 'total_pick': '', 'total_projection': 41.0}, 'Football_LineMovement_v1': {'context_flags': {'movement_available': False}, 'home_line_proj': -1.5, 'model_name': 'Football_LineMovement_v1', 'parlay_edge_score': 0, 'spread_distance': 0.0, 'spread_edge': 0.0, 'spread_pick': '', 'total_distance': 0.0, 'total_edge': 0.0, 'total_pick': '', 'total_projection': 41.0}, 'Football_MarketBlend_v1': {'context_flags': {'blend_inputs': ['Football_MarketConsensus_v1', 'Football_SpreadValue_v1', 'Football_TotalValue_v1', 'Football_LineMovement_v1', 'Football_KeyNumberGuard_v1'], 'key_number_risk': False}, 'home_line_proj': -1.25, 'model_name': 'Football_MarketBlend_v1', 'parlay_edge_score': 0.75, 'spread_distance': 0.25, 'spread_edge': -0.25, 'spread_pick': 'AWAY', 'total_distance': 0.5, 'total_edge': 0.5, 'total_pick': 'OVER', 'total_projection': 41.5}, 'Football_MarketConsensus_v1': {'context_flags': {'book_count': 11, 'source': 'market_consensus'}, 'home_line_proj': -1.5, 'model_name': 'Football_MarketConsensus_v1', 'parlay_edge_score': 0, 'spread_distance': 0.0, 'spread_edge': 0.0, 'spread_pick': '', 'total_distance': 0.0, 'total_edge': 0.0, 'total_pick': '', 'total_projection': 41.0}, 'Football_SpreadValue_v1': {'context_flags': {'book_count': 11.0, 'value_shift': 0.75}, 'home_line_proj': -0.75, 'model_name': 'Football_SpreadValue_v1', 'parlay_edge_score': 0.75, 'spread_distance': 0.75, 'spread_edge': -0.75, 'spread_pick': 'AWAY', 'total_distance': 0.0, 'total_edge': 0.0, 'total_pick': '', 'total_projection': 41.0}, 'Football_TotalValue_v1': {'context_flags': {'book_count': 11.0, 'total_value_rule': 'low_total_over_high_total_under'}, 'home_line_proj': -1.5, 'model_name': 'Football_TotalValue_v1', 'parlay_edge_score': 1.0, 'spread_distance': 0.0, 'spread_edge': 0.0, 'spread_pick': '', 'total_distance': 1.0, 'total_edge': 1.0, 'total_pick': 'OVER', 'total_projection': 42.0}}",107.0,107.0,-127.0,-127.0,66,8c2d6a56aa63f42227f18a18fc3d2146,2025-11-23T15:55:38Z,odds_api_flattened,1.5,-1.5,STATUS_FINAL,post,41.0,Caesars Superdome
nfl_401772890,2025-11-23,Dallas Cowboys,Philadelphia Eagles,3.0,-3.0,47.5,47.0,,0.25,-0.5,0.75,LOW,Football_MarketBlend_v1,Football_MarketBlend_v1,"{'blend_inputs': ['Football_MarketConsensus_v1', 'Football_SpreadValue_v1', 'Football_TotalValue_v1', 'Football_LineMovement_v1', 'Football_KeyNumberGuard_v1'], 'key_number_risk': True, 'spread_veto': 'key_number_guard'}","Game: Philadelphia Eagles @ Dallas Cowboys
Authority: Football_MarketBlend_v1
Market: Spread 3.0, Total 47.5
Projection: Margin 2.75, Total 47.0
Spread Pick:  (edge 0.25)
Total Pick: UNDER (edge -0.5)",2.75,,,,UNDER,ACTIVE,,"{'spread': None, 'total': None}",FOOTBALL_MARKET_BLEND,21,21,PHI,11,FOOTBALL_MARKET_BLEND,2025-11-23T21:25:00Z,1,Football market blend edge clears threshold,11,False,,true,true,true,true,24,24,DAL,nfl,odds_api_flattened_consensus,3,"{'Football_KeyNumberGuard_v1': {'context_flags': {'key_number_risk': True, 'key_numbers': [3, 7, 10]}, 'home_line_proj': 3.0, 'model_name': 'Football_KeyNumberGuard_v1', 'parlay_edge_score': 0, 'spread_distance': 0.0, 'spread_edge': 0.0, 'spread_pick': '', 'total_distance': 0.0, 'total_edge': 0.0, 'total_pick': '', 'total_projection': 47.5}, 'Football_LineMovement_v1': {'context_flags': {'movement_available': False}, 'home_line_proj': 3.0, 'model_name': 'Football_LineMovement_v1', 'parlay_edge_score': 0, 'spread_distance': 0.0, 'spread_edge': 0.0, 'spread_pick': '', 'total_distance': 0.0, 'total_edge': 0.0, 'total_pick': '', 'total_projection': 47.5}, 'Football_MarketBlend_v1': {'context_flags': {'blend_inputs': ['Football_MarketConsensus_v1', 'Football_SpreadValue_v1', 'Football_TotalValue_v1', 'Football_LineMovement_v1', 'Football_KeyNumberGuard_v1'], 'key_number_risk': True, 'spread_veto': 'key_number_guard'}, 'home_line_proj': 2.75, 'model_name': 'Football_MarketBlend_v1', 'parlay_edge_score': 0.75, 'spread_distance': 0.25, 'spread_edge': 0.25, 'spread_pick': '', 'total_distance': 0.5, 'total_edge': -0.5, 'total_pick': 'UNDER', 'total_projection': 47.0}, 'Football_MarketConsensus_v1': {'context_flags': {'book_count': 11, 'source': 'market_consensus'}, 'home_line_proj': 3.0, 'model_name': 'Football_MarketConsensus_v1', 'parlay_edge_score': 0, 'spread_distance': 0.0, 'spread_edge': 0.0, 'spread_pick': '', 'total_distance': 0.0, 'total_edge': 0.0, 'total_pick': '', 'total_projection': 47.5}, 'Football_SpreadValue_v1': {'context_flags': {'book_count': 11.0, 'value_shift': -0.75}, 'home_line_proj': 2.25, 'model_name': 'Football_SpreadValue_v1', 'parlay_edge_score': 0.75, 'spread_distance': 0.75, 'spread_edge': 0.75, 'spread_pick': 'HOME', 'total_distance': 0.0, 'total_edge': 0.0, 'total_pick': '', 'total_projection': 47.5}, 'Football_TotalValue_v1': {'context_flags': {'book_count': 11.0, 'total_value_rule': 'low_total_over_high_total_under'}, 'home_line_proj': 3.0, 'model_name': 'Football_TotalValue_v1', 'parlay_edge_score': 1.0, 'spread_distance': 0.0, 'spread_edge': 0.0, 'spread_pick': '', 'total_distance': 1.0, 'total_edge': -1.0, 'total_pick': 'UNDER', 'total_projection': 46.5}}",-162.0,-162.0,137.0,137.0,66,4553ba763cb3cfcfc33fd62672a2057f,2025-11-23T15:55:38Z,odds_api_flattened,-3.0,3.0,STATUS_FINAL,post,47.5,AT&T Stadium
nfl_401772929,2025-11-24,Los Angeles Rams,Tampa Bay Buccaneers,-7.0,7.0,49.5,49.0,,-0.25,-0.5,0.75,LOW,Football_MarketBlend_v1,Football_MarketBlend_v1,"{'blend_inputs': ['Football_MarketConsensus_v1', 'Football_SpreadValue_v1', 'Football_TotalValue_v1', 'Football_LineMovement_v1', 'Football_KeyNumberGuard_v1'], 'key_number_risk': True, 'spread_veto': 'key_number_guard'}","Game: Tampa Bay Buccaneers @ Los Angeles Rams
Authority: Football_MarketBlend_v1
Market: Spread -7.0, Total 49.5
Projection: Margin -6.75, Total 49.0
Spread Pick:  (edge -0.25)
Total Pick: UNDER (edge -0.5)",-6.75,,,,UNDER,ACTIVE,,"{'spread': None, 'total': None}",FOOTBALL_MARKET_BLEND,7,7,TB,11,FOOTBALL_MARKET_BLEND,2025-11-24T01:20:00Z,1,Football market blend edge clears threshold,11,False,,true,true,true,true,34,34,LAR,nfl,odds_api_flattened_consensus,3,"{'Football_KeyNumberGuard_v1': {'context_flags': {'key_number_risk': True, 'key_numbers': [3, 7, 10]}, 'home_line_proj': -7.0, 'model_name': 'Football_KeyNumberGuard_v1', 'parlay_edge_score': 0, 'spread_distance': 0.0, 'spread_edge': 0.0, 'spread_pick': '', 'total_distance': 0.0, 'total_edge': 0.0, 'total_pick': '', 'total_projection': 49.5}, 'Football_LineMovement_v1': {'context_flags': {'movement_available': False}, 'home_line_proj': -7.0, 'model_name': 'Football_LineMovement_v1', 'parlay_edge_score': 0, 'spread_distance': 0.0, 'spread_edge': 0.0, 'spread_pick': '', 'total_distance': 0.0, 'total_edge': 0.0, 'total_pick': '', 'total_projection': 49.5}, 'Football_MarketBlend_v1': {'context_flags': {'blend_inputs': ['Football_MarketConsensus_v1', 'Football_SpreadValue_v1', 'Football_TotalValue_v1', 'Football_LineMovement_v1', 'Football_KeyNumberGuard_v1'], 'key_number_risk': True, 'spread_veto': 'key_number_guard'}, 'home_line_proj': -6.75, 'model_name': 'Football_MarketBlend_v1', 'parlay_edge_score': 0.75, 'spread_distance': 0.25, 'spread_edge': -0.25, 'spread_pick': '', 'total_distance': 0.5, 'total_edge': -0.5, 'total_pick': 'UNDER', 'total_projection': 49.0}, 'Football_MarketConsensus_v1': {'context_flags': {'book_count': 11, 'source': 'market_consensus'}, 'home_line_proj': -7.0, 'model_name': 'Football_MarketConsensus_v1', 'parlay_edge_score': 0, 'spread_distance': 0.0, 'spread_edge': 0.0, 'spread_pick': '', 'total_distance': 0.0, 'total_edge': 0.0, 'total_pick': '', 'total_projection': 49.5}, 'Football_SpreadValue_v1': {'context_flags': {'book_count': 11.0, 'value_shift': 0.75}, 'home_line_proj': -6.25, 'model_name': 'Football_SpreadValue_v1', 'parlay_edge_score': 0.75, 'spread_distance': 0.75, 'spread_edge': -0.75, 'spread_pick': 'AWAY', 'total_distance': 0.0, 'total_edge': 0.0, 'total_pick': '', 'total_projection': 49.5}, 'Football_TotalValue_v1': {'context_flags': {'book_count': 11.0, 'total_value_rule': 'low_total_over_high_total_under'}, 'home_line_proj': -7.0, 'model_name': 'Football_TotalValue_v1', 'parlay_edge_score': 1.0, 'spread_distance': 0.0, 'spread_edge': 0.0, 'spread_pick': '', 'total_distance': 1.0, 'total_edge': -1.0, 'total_pick': 'UNDER', 'total_projection': 48.5}}",285.0,285.0,-360.0,-360.0,66,9e7119f5a24471c39145663b84f100b2,2025-11-23T15:55:38Z,odds_api_flattened,7.0,-7.0,STATUS_FINAL,post,49.5,SoFi Stadium
nfl_401772820,2025-11-25,San Francisco 49ers,Carolina Panthers,-7.5,7.5,49.5,49.0,,-0.25,-0.5,0.75,LOW,Football_MarketBlend_v1,Football_MarketBlend_v1,"{'blend_inputs': ['Football_MarketConsensus_v1', 'Football_SpreadValue_v1', 'Football_TotalValue_v1', 'Football_LineMovement_v1', 'Football_KeyNumberGuard_v1'], 'key_number_risk': True, 'spread_veto': 'key_number_guard'}","Game: Carolina Panthers @ San Francisco 49ers
Authority: Football_MarketBlend_v1
Market: Spread -7.5, Total 49.5
Projection: Margin -7.25, Total 49.0
Spread Pick:  (edge -0.25)
Total Pick: UNDER (edge -0.5)",-7.25,,,,UNDER,ACTIVE,,"{'spread': None, 'total': None}",FOOTBALL_MARKET_BLEND,9,9,CAR,11,FOOTBALL_MARKET_BLEND,2025-11-25T01:15:00Z,1,Football market blend edge clears threshold,11,False,,true,true,true,true,20,20,SF,nfl,odds_api_flattened_consensus,3,"{'Football_KeyNumberGuard_v1': {'context_flags': {'key_number_risk': True, 'key_numbers': [3, 7, 10]}, 'home_line_proj': -7.5, 'model_name': 'Football_KeyNumberGuard_v1', 'parlay_edge_score': 0, 'spread_distance': 0.0, 'spread_edge': 0.0, 'spread_pick': '', 'total_distance': 0.0, 'total_edge': 0.0, 'total_pick': '', 'total_projection': 49.5}, 'Football_LineMovement_v1': {'context_flags': {'movement_available': False}, 'home_line_proj': -7.5, 'model_name': 'Football_LineMovement_v1', 'parlay_edge_score': 0, 'spread_distance': 0.0, 'spread_edge': 0.0, 'spread_pick': '', 'total_distance': 0.0, 'total_edge': 0.0, 'total_pick': '', 'total_projection': 49.5}, 'Football_MarketBlend_v1': {'context_flags': {'blend_inputs': ['Football_MarketConsensus_v1', 'Football_SpreadValue_v1', 'Football_TotalValue_v1', 'Football_LineMovement_v1', 'Football_KeyNumberGuard_v1'], 'key_number_risk': True, 'spread_veto': 'key_number_guard'}, 'home_line_proj': -7.25, 'model_name': 'Football_MarketBlend_v1', 'parlay_edge_score': 0.75, 'spread_distance': 0.25, 'spread_edge': -0.25, 'spread_pick': '', 'total_distance': 0.5, 'total_edge': -0.5, 'total_pick': 'UNDER', 'total_projection': 49.0}, 'Football_MarketConsensus_v1': {'context_flags': {'book_count': 11, 'source': 'market_consensus'}, 'home_line_proj': -7.5, 'model_name': 'Football_MarketConsensus_v1', 'parlay_edge_score': 0, 'spread_distance': 0.0, 'spread_edge': 0.0, 'spread_pick': '', 'total_distance': 0.0, 'total_edge': 0.0, 'total_pick': '', 'total_projection': 49.5}, 'Football_SpreadValue_v1': {'context_flags': {'book_count': 11.0, 'value_shift': 0.75}, 'home_line_proj': -6.75, 'model_name': 'Football_SpreadValue_v1', 'parlay_edge_score': 0.75, 'spread_distance': 0.75, 'spread_edge': -0.75, 'spread_pick': 'AWAY', 'total_distance': 0.0, 'total_edge': 0.0, 'total_pick': '', 'total_projection': 49.5}, 'Football_TotalValue_v1': {'context_flags': {'book_count': 11.0, 'total_value_rule': 'low_total_over_high_total_under'}, 'home_line_proj': -7.5, 'model_name': 'Football_TotalValue_v1', 'parlay_edge_score': 1.0, 'spread_distance': 0.0, 'spread_edge': 0.0, 'spread_pick': '', 'total_distance': 1.0, 'total_edge': -1.0, 'total_pick': 'UNDER', 'total_projection': 48.5}}",310.0,310.0,-400.0,-400.0,66,90391be251d876bb41d36978a43c7ac2,2025-11-24T15:55:37Z,odds_api_flattened,7.5,-7.5,STATUS_FINAL,post,49.5,Levi's Stadium
nfl_401772694,2025-11-27,Dallas Cowboys,Kansas City Chiefs,3.5,-3.5,52.5,52.0,,0.25,-0.5,0.75,LOW,Football_MarketBlend_v1,Football_MarketBlend_v1,"{'blend_inputs': ['Football_MarketConsensus_v1', 'Football_SpreadValue_v1', 'Football_TotalValue_v1', 'Football_LineMovement_v1', 'Football_KeyNumberGuard_v1'], 'key_number_risk': True, 'spread_veto': 'key_number_guard'}","Game: Kansas City Chiefs @ Dallas Cowboys
Authority: Football_MarketBlend_v1
Market: Spread 3.5, Total 52.5
Projection: Margin 3.25, Total 52.0
Spread Pick:  (edge 0.25)
Total Pick: UNDER (edge -0.5)",3.25,,,,UNDER,ACTIVE,,"{'spread': None, 'total': None}",FOOTBALL_MARKET_BLEND,28,28,KC,11,FOOTBALL_MARKET_BLEND,2025-11-27T21:30:00Z,1,Football market blend edge clears threshold,11,False,,true,true,true,true,31,31,DAL,nfl,odds_api_flattened_consensus,3,"{'Football_KeyNumberGuard_v1': {'context_flags': {'key_number_risk': True, 'key_numbers': [3, 7, 10]}, 'home_line_proj': 3.5, 'model_name': 'Football_KeyNumberGuard_v1', 'parlay_edge_score': 0, 'spread_distance': 0.0, 'spread_edge': 0.0, 'spread_pick': '', 'total_distance': 0.0, 'total_edge': 0.0, 'total_pick': '', 'total_projection': 52.5}, 'Football_LineMovement_v1': {'context_flags': {'movement_available': False}, 'home_line_proj': 3.5, 'model_name': 'Football_LineMovement_v1', 'parlay_edge_score': 0, 'spread_distance': 0.0, 'spread_edge': 0.0, 'spread_pick': '', 'total_distance': 0.0, 'total_edge': 0.0, 'total_pick': '', 'total_projection': 52.5}, 'Football_MarketBlend_v1': {'context_flags': {'blend_inputs': ['Football_MarketConsensus_v1', 'Football_SpreadValue_v1', 'Football_TotalValue_v1', 'Football_LineMovement_v1', 'Football_KeyNumberGuard_v1'], 'key_number_risk': True, 'spread_veto': 'key_number_guard'}, 'home_line_proj': 3.25, 'model_name': 'Football_MarketBlend_v1', 'parlay_edge_score': 0.75, 'spread_distance': 0.25, 'spread_edge': 0.25, 'spread_pick': '', 'total_distance': 0.5, 'total_edge': -0.5, 'total_pick': 'UNDER', 'total_projection': 52.0}, 'Football_MarketConsensus_v1': {'context_flags': {'book_count': 11, 'source': 'market_consensus'}, 'home_line_proj': 3.5, 'model_name': 'Football_MarketConsensus_v1', 'parlay_edge_score': 0, 'spread_distance': 0.0, 'spread_edge': 0.0, 'spread_pick': '', 'total_distance': 0.0, 'total_edge': 0.0, 'total_pick': '', 'total_projection': 52.5}, 'Football_SpreadValue_v1': {'context_flags': {'book_count': 11.0, 'value_shift': -0.75}, 'home_line_proj': 2.75, 'model_name': 'Football_SpreadValue_v1', 'parlay_edge_score': 0.75, 'spread_distance': 0.75, 'spread_edge': 0.75, 'spread_pick': 'HOME', 'total_distance': 0.0, 'total_edge': 0.0, 'total_pick': '', 'total_projection': 52.5}, 'Football_TotalValue_v1': {'context_flags': {'book_count': 11.0, 'total_value_rule': 'low_total_over_high_total_under'}, 'home_line_proj': 3.5, 'model_name': 'Football_TotalValue_v1', 'parlay_edge_score': 1.0, 'spread_distance': 0.0, 'spread_edge': 0.0, 'spread_pick': '', 'total_distance': 1.0, 'total_edge': -1.0, 'total_pick': 'UNDER', 'total_projection': 51.5}}",-185.0,-185.0,154.0,154.0,66,de53b8a594fe830c5fd56484705cd756,2025-11-27T15:55:38Z,odds_api_flattened,-3.5,3.5,STATUS_FINAL,post,52.5,AT&T Stadium
nfl_401772891,2025-11-27,Detroit Lions,Green Bay Packers,-3.0,3.0,48.0,47.5,,-0.25,-0.5,0.75,LOW,Football_MarketBlend_v1,Football_MarketBlend_v1,"{'blend_inputs': ['Football_MarketConsensus_v1', 'Football_SpreadValue_v1', 'Football_TotalValue_v1', 'Football_LineMovement_v1', 'Football_KeyNumberGuard_v1'], 'key_number_risk': True, 'spread_veto': 'key_number_guard'}","Game: Green Bay Packers @ Detroit Lions
Authority: Football_MarketBlend_v1
Market: Spread -3.0, Total 48.0
Projection: Margin -2.75, Total 47.5
Spread Pick:  (edge -0.25)
Total Pick: UNDER (edge -0.5)",-2.75,,,,UNDER,ACTIVE,,"{'spread': None, 'total': None}",FOOTBALL_MARKET_BLEND,31,31,GB,11,FOOTBALL_MARKET_BLEND,2025-11-27T18:00:00Z,1,Football market blend edge clears threshold,11,False,,true,true,true,true,24,24,DET,nfl,odds_api_flattened_consensus,3,"{'Football_KeyNumberGuard_v1': {'context_flags': {'key_number_risk': True, 'key_numbers': [3, 7, 10]}, 'home_line_proj': -3.0, 'model_name': 'Football_KeyNumberGuard_v1', 'parlay_edge_score': 0, 'spread_distance': 0.0, 'spread_edge': 0.0, 'spread_pick': '', 'total_distance': 0.0, 'total_edge': 0.0, 'total_pick': '', 'total_projection': 48.0}, 'Football_LineMovement_v1': {'context_flags': {'movement_available': False}, 'home_line_proj': -3.0, 'model_name': 'Football_LineMovement_v1', 'parlay_edge_score': 0, 'spread_distance': 0.0, 'spread_edge': 0.0, 'spread_pick': '', 'total_distance': 0.0, 'total_edge': 0.0, 'total_pick': '', 'total_projection': 48.0}, 'Football_MarketBlend_v1': {'context_flags': {'blend_inputs': ['Football_MarketConsensus_v1', 'Football_SpreadValue_v1', 'Football_TotalValue_v1', 'Football_LineMovement_v1', 'Football_KeyNumberGuard_v1'], 'key_number_risk': True, 'spread_veto': 'key_number_guard'}, 'home_line_proj': -2.75, 'model_name': 'Football_MarketBlend_v1', 'parlay_edge_score': 0.75, 'spread_distance': 0.25, 'spread_edge': -0.25, 'spread_pick': '', 'total_distance': 0.5, 'total_edge': -0.5, 'total_pick': 'UNDER', 'total_projection': 47.5}, 'Football_MarketConsensus_v1': {'context_flags': {'book_count': 11, 'source': 'market_consensus'}, 'home_line_proj': -3.0, 'model_name': 'Football_MarketConsensus_v1', 'parlay_edge_score': 0, 'spread_distance': 0.0, 'spread_edge': 0.0, 'spread_pick': '', 'total_distance': 0.0, 'total_edge': 0.0, 'total_pick': '', 'total_projection': 48.0}, 'Football_SpreadValue_v1': {'context_flags': {'book_count': 11.0, 'value_shift': 0.75}, 'home_line_proj': -2.25, 'model_name': 'Football_SpreadValue_v1', 'parlay_edge_score': 0.75, 'spread_distance': 0.75, 'spread_edge': -0.75, 'spread_pick': 'AWAY', 'total_distance': 0.0, 'total_edge': 0.0, 'total_pick': '', 'total_projection': 48.0}, 'Football_TotalValue_v1': {'context_flags': {'book_count': 11.0, 'total_value_rule': 'low_total_over_high_total_under'}, 'home_line_proj': -3.0, 'model_name': 'Football_TotalValue_v1', 'parlay_edge_score': 1.0, 'spread_distance': 0.0, 'spread_edge': 0.0, 'spread_pick': '', 'total_distance': 1.0, 'total_edge': -1.0, 'total_pick': 'UNDER', 'total_projection': 47.0}}",136.0,136.0,-162.0,-162.0,66,fe2eb07797580740af78037ab498198e,2025-11-27T15:55:38Z,odds_api_flattened,3.0,-3.0,STATUS_FINAL,post,48.0,Ford Field
nfl_401772621,2025-11-28,Philadelphia Eagles,Chicago Bears,-7.0,7.0,43.5,44.0,,-0.25,0.5,0.75,LOW,Football_MarketBlend_v1,Football_MarketBlend_v1,"{'blend_inputs': ['Football_MarketConsensus_v1', 'Football_SpreadValue_v1', 'Football_TotalValue_v1', 'Football_LineMovement_v1', 'Football_KeyNumberGuard_v1'], 'key_number_risk': True, 'spread_veto': 'key_number_guard'}","Game: Chicago Bears @ Philadelphia Eagles
Authority: Football_MarketBlend_v1
Market: Spread -7.0, Total 43.5
Projection: Margin -6.75, Total 44.0
Spread Pick:  (edge -0.25)
Total Pick: OVER (edge 0.5)",-6.75,,,,OVER,ACTIVE,,"{'spread': None, 'total': None}",FOOTBALL_MARKET_BLEND,24,24,CHI,11,FOOTBALL_MARKET_BLEND,2025-11-28T20:00:00Z,1,Football market blend edge clears threshold,11,False,,true,true,true,true,15,15,PHI,nfl,odds_api_flattened_consensus,3,"{'Football_KeyNumberGuard_v1': {'context_flags': {'key_number_risk': True, 'key_numbers': [3, 7, 10]}, 'home_line_proj': -7.0, 'model_name': 'Football_KeyNumberGuard_v1', 'parlay_edge_score': 0, 'spread_distance': 0.0, 'spread_edge': 0.0, 'spread_pick': '', 'total_distance': 0.0, 'total_edge': 0.0, 'total_pick': '', 'total_projection': 43.5}, 'Football_LineMovement_v1': {'context_flags': {'movement_available': False}, 'home_line_proj': -7.0, 'model_name': 'Football_LineMovement_v1', 'parlay_edge_score': 0, 'spread_distance': 0.0, 'spread_edge': 0.0, 'spread_pick': '', 'total_distance': 0.0, 'total_edge': 0.0, 'total_pick': '', 'total_projection': 43.5}, 'Football_MarketBlend_v1': {'context_flags': {'blend_inputs': ['Football_MarketConsensus_v1', 'Football_SpreadValue_v1', 'Football_TotalValue_v1', 'Football_LineMovement_v1', 'Football_KeyNumberGuard_v1'], 'key_number_risk': True, 'spread_veto': 'key_number_guard'}, 'home_line_proj': -6.75, 'model_name': 'Football_MarketBlend_v1', 'parlay_edge_score': 0.75, 'spread_distance': 0.25, 'spread_edge': -0.25, 'spread_pick': '', 'total_distance': 0.5, 'total_edge': 0.5, 'total_pick': 'OVER', 'total_projection': 44.0}, 'Football_MarketConsensus_v1': {'context_flags': {'book_count': 11, 'source': 'market_consensus'}, 'home_line_proj': -7.0, 'model_name': 'Football_MarketConsensus_v1', 'parlay_edge_score': 0, 'spread_distance': 0.0, 'spread_edge': 0.0, 'spread_pick': '', 'total_distance': 0.0, 'total_edge': 0.0, 'total_pick': '', 'total_projection': 43.5}, 'Football_SpreadValue_v1': {'context_flags': {'book_count': 11.0, 'value_shift': 0.75}, 'home_line_proj': -6.25, 'model_name': 'Football_SpreadValue_v1', 'parlay_edge_score': 0.75, 'spread_distance': 0.75, 'spread_edge': -0.75, 'spread_pick': 'AWAY', 'total_distance': 0.0, 'total_edge': 0.0, 'total_pick': '', 'total_projection': 43.5}, 'Football_TotalValue_v1': {'context_flags': {'book_count': 11.0, 'total_value_rule': 'low_total_over_high_total_under'}, 'home_line_proj': -7.0, 'model_name': 'Football_TotalValue_v1', 'parlay_edge_score': 1.0, 'spread_distance': 0.0, 'spread_edge': 0.0, 'spread_pick': '', 'total_distance': 1.0, 'total_edge': 1.0, 'total_pick': 'OVER', 'total_projection': 44.5}}",274.0,274.0,-350.0,-350.0,66,52f539d9d080618aa8830a0b03846a80,2025-11-28T15:55:38Z,odds_api_flattened,7.0,-7.0,STATUS_FINAL,post,43.5,Lincoln Financial Field
nfl_401772930,2025-11-28,Baltimore Ravens,Cincinnati Bengals,-7.5,7.5,51.5,51.0,,-0.25,-0.5,0.75,LOW,Football_MarketBlend_v1,Football_MarketBlend_v1,"{'blend_inputs': ['Football_MarketConsensus_v1', 'Football_SpreadValue_v1', 'Football_TotalValue_v1', 'Football_LineMovement_v1', 'Football_KeyNumberGuard_v1'], 'key_number_risk': True, 'spread_veto': 'key_number_guard'}","Game: Cincinnati Bengals @ Baltimore Ravens
Authority: Football_MarketBlend_v1
Market: Spread -7.5, Total 51.5
Projection: Margin -7.25, Total 51.0
Spread Pick:  (edge -0.25)
Total Pick: UNDER (edge -0.5)",-7.25,,,,UNDER,ACTIVE,,"{'spread': None, 'total': None}",FOOTBALL_MARKET_BLEND,32,32,CIN,11,FOOTBALL_MARKET_BLEND,2025-11-28T01:20:00Z,1,Football market blend edge clears threshold,11,False,,true,true,true,true,14,14,BAL,nfl,odds_api_flattened_consensus,3,"{'Football_KeyNumberGuard_v1': {'context_flags': {'key_number_risk': True, 'key_numbers': [3, 7, 10]}, 'home_line_proj': -7.5, 'model_name': 'Football_KeyNumberGuard_v1', 'parlay_edge_score': 0, 'spread_distance': 0.0, 'spread_edge': 0.0, 'spread_pick': '', 'total_distance': 0.0, 'total_edge': 0.0, 'total_pick': '', 'total_projection': 51.5}, 'Football_LineMovement_v1': {'context_flags': {'movement_available': False}, 'home_line_proj': -7.5, 'model_name': 'Football_LineMovement_v1', 'parlay_edge_score': 0, 'spread_distance': 0.0, 'spread_edge': 0.0, 'spread_pick': '', 'total_distance': 0.0, 'total_edge': 0.0, 'total_pick': '', 'total_projection': 51.5}, 'Football_MarketBlend_v1': {'context_flags': {'blend_inputs': ['Football_MarketConsensus_v1', 'Football_SpreadValue_v1', 'Football_TotalValue_v1', 'Football_LineMovement_v1', 'Football_KeyNumberGuard_v1'], 'key_number_risk': True, 'spread_veto': 'key_number_guard'}, 'home_line_proj': -7.25, 'model_name': 'Football_MarketBlend_v1', 'parlay_edge_score': 0.75, 'spread_distance': 0.25, 'spread_edge': -0.25, 'spread_pick': '', 'total_distance': 0.5, 'total_edge': -0.5, 'total_pick': 'UNDER', 'total_projection': 51.0}, 'Football_MarketConsensus_v1': {'context_flags': {'book_count': 11, 'source': 'market_consensus'}, 'home_line_proj': -7.5, 'model_name': 'Football_MarketConsensus_v1', 'parlay_edge_score': 0, 'spread_distance': 0.0, 'spread_edge': 0.0, 'spread_pick': '', 'total_distance': 0.0, 'total_edge': 0.0, 'total_pick': '', 'total_projection': 51.5}, 'Football_SpreadValue_v1': {'context_flags': {'book_count': 11.0, 'value_shift': 0.75}, 'home_line_proj': -6.75, 'model_name': 'Football_SpreadValue_v1', 'parlay_edge_score': 0.75, 'spread_distance': 0.75, 'spread_edge': -0.75, 'spread_pick': 'AWAY', 'total_distance': 0.0, 'total_edge': 0.0, 'total_pick': '', 'total_projection': 51.5}, 'Football_TotalValue_v1': {'context_flags': {'book_count': 11.0, 'total_value_rule': 'low_total_over_high_total_under'}, 'home_line_proj': -7.5, 'model_name': 'Football_TotalValue_v1', 'parlay_edge_score': 1.0, 'spread_distance': 0.0, 'spread_edge': 0.0, 'spread_pick': '', 'total_distance': 1.0, 'total_edge': -1.0, 'total_pick': 'UNDER', 'total_projection': 50.5}}",295.0,295.0,-375.0,-375.0,66,883a79a306b312fad75ebf04b441b4da,2025-11-27T15:55:38Z,odds_api_flattened,7.5,-7.5,STATUS_FINAL,post,51.5,M&T Bank Stadium
nfl_401772785,2025-11-30,Cleveland Browns,San Francisco 49ers,5.5,-5.5,35.0,35.5,HOME,0.25,0.5,0.75,LOW,Football_MarketBlend_v1,Football_MarketBlend_v1,"{'blend_inputs': ['Football_MarketConsensus_v1', 'Football_SpreadValue_v1', 'Football_TotalValue_v1', 'Football_LineMovement_v1', 'Football_KeyNumberGuard_v1'], 'key_number_risk': False}","Game: San Francisco 49ers @ Cleveland Browns
Authority: Football_MarketBlend_v1
Market: Spread 5.5, Total 35.0
Projection: Margin 5.25, Total 35.5
Spread Pick: HOME (edge 0.25)
Total Pick: OVER (edge 0.5)",5.25,,,,OVER,ACTIVE,,"{'spread': None, 'total': None}",FOOTBALL_MARKET_BLEND,26,26,SF,11,FOOTBALL_MARKET_BLEND,2025-11-30T18:00:00Z,1,Football market blend edge clears threshold,11,False,,true,true,true,true,8,8,CLE,nfl,odds_api_flattened_consensus,3,"{'Football_KeyNumberGuard_v1': {'context_flags': {'key_number_risk': False, 'key_numbers': [3, 7, 10]}, 'home_line_proj': 5.5, 'model_name': 'Football_KeyNumberGuard_v1', 'parlay_edge_score': 0, 'spread_distance': 0.0, 'spread_edge': 0.0, 'spread_pick': '', 'total_distance': 0.0, 'total_edge': 0.0, 'total_pick': '', 'total_projection': 35.0}, 'Football_LineMovement_v1': {'context_flags': {'movement_available': False}, 'home_line_proj': 5.5, 'model_name': 'Football_LineMovement_v1', 'parlay_edge_score': 0, 'spread_distance': 0.0, 'spread_edge': 0.0, 'spread_pick': '', 'total_distance': 0.0, 'total_edge': 0.0, 'total_pick': '', 'total_projection': 35.0}, 'Football_MarketBlend_v1': {'context_flags': {'blend_inputs': ['Football_MarketConsensus_v1', 'Football_SpreadValue_v1', 'Football_TotalValue_v1', 'Football_LineMovement_v1', 'Football_KeyNumberGuard_v1'], 'key_number_risk': False}, 'home_line_proj': 5.25, 'model_name': 'Football_MarketBlend_v1', 'parlay_edge_score': 0.75, 'spread_distance': 0.25, 'spread_edge': 0.25, 'spread_pick': 'HOME', 'total_distance': 0.5, 'total_edge': 0.5, 'total_pick': 'OVER', 'total_projection': 35.5}, 'Football_MarketConsensus_v1': {'context_flags': {'book_count': 11, 'source': 'market_consensus'}, 'home_line_proj': 5.5, 'model_name': 'Football_MarketConsensus_v1', 'parlay_edge_score': 0, 'spread_distance': 0.0, 'spread_edge': 0.0, 'spread_pick': '', 'total_distance': 0.0, 'total_edge': 0.0, 'total_pick': '', 'total_projection': 35.0}, 'Football_SpreadValue_v1': {'context_flags': {'book_count': 11.0, 'value_shift': -0.75}, 'home_line_proj': 4.75, 'model_name': 'Football_SpreadValue_v1', 'parlay_edge_score': 0.75, 'spread_distance': 0.75, 'spread_edge': 0.75, 'spread_pick': 'HOME', 'total_distance': 0.0, 'total_edge': 0.0, 'total_pick': '', 'total_projection': 35.0}, 'Football_TotalValue_v1': {'context_flags': {'book_count': 11.0, 'total_value_rule': 'low_total_over_high_total_under'}, 'home_line_proj': 5.5, 'model_name': 'Football_TotalValue_v1', 'parlay_edge_score': 1.0, 'spread_distance': 0.0, 'spread_edge': 0.0, 'spread_pick': '', 'total_distance': 1.0, 'total_edge': 1.0, 'total_pick': 'OVER', 'total_projection': 36.0}}",-260.0,-260.0,210.0,210.0,66,36fcf5ca155a5dcd2f7a87fd2a985b02,2025-11-30T15:55:37Z,odds_api_flattened,-5.5,5.5,STATUS_FINAL,post,35.0,Huntington Bank Field
nfl_401772786,2025-11-30,Tennessee Titans,Jacksonville Jaguars,5.5,-5.5,42.0,42.5,HOME,0.25,0.5,0.75,LOW,Football_MarketBlend_v1,Football_MarketBlend_v1,"{'blend_inputs': ['Football_MarketConsensus_v1', 'Football_SpreadValue_v1', 'Football_TotalValue_v1', 'Football_LineMovement_v1', 'Football_KeyNumberGuard_v1'], 'key_number_risk': False}","Game: Jacksonville Jaguars @ Tennessee Titans
Authority: Football_MarketBlend_v1
Market: Spread 5.5, Total 42.0
Projection: Margin 5.25, Total 42.5
Spread Pick: HOME (edge 0.25)
Total Pick: OVER (edge 0.5)",5.25,,,,OVER,ACTIVE,,"{'spread': None, 'total': None}",FOOTBALL_MARKET_BLEND,25,25,JAX,11,FOOTBALL_MARKET_BLEND,2025-11-30T18:00:00Z,1,Football market blend edge clears threshold,11,False,,true,true,true,true,3,3,TEN,nfl,odds_api_flattened_consensus,3,"{'Football_KeyNumberGuard_v1': {'context_flags': {'key_number_risk': False, 'key_numbers': [3, 7, 10]}, 'home_line_proj': 5.5, 'model_name': 'Football_KeyNumberGuard_v1', 'parlay_edge_score': 0, 'spread_distance': 0.0, 'spread_edge': 0.0, 'spread_pick': '', 'total_distance': 0.0, 'total_edge': 0.0, 'total_pick': '', 'total_projection': 42.0}, 'Football_LineMovement_v1': {'context_flags': {'movement_available': False}, 'home_line_proj': 5.5, 'model_name': 'Football_LineMovement_v1', 'parlay_edge_score': 0, 'spread_distance': 0.0, 'spread_edge': 0.0, 'spread_pick': '', 'total_distance': 0.0, 'total_edge': 0.0, 'total_pick': '', 'total_projection': 42.0}, 'Football_MarketBlend_v1': {'context_flags': {'blend_inputs': ['Football_MarketConsensus_v1', 'Football_SpreadValue_v1', 'Football_TotalValue_v1', 'Football_LineMovement_v1', 'Football_KeyNumberGuard_v1'], 'key_number_risk': False}, 'home_line_proj': 5.25, 'model_name': 'Football_MarketBlend_v1', 'parlay_edge_score': 0.75, 'spread_distance': 0.25, 'spread_edge': 0.25, 'spread_pick': 'HOME', 'total_distance': 0.5, 'total_edge': 0.5, 'total_pick': 'OVER', 'total_projection': 42.5}, 'Football_MarketConsensus_v1': {'context_flags': {'book_count': 11, 'source': 'market_consensus'}, 'home_line_proj': 5.5, 'model_name': 'Football_MarketConsensus_v1', 'parlay_edge_score': 0, 'spread_distance': 0.0, 'spread_edge': 0.0, 'spread_pick': '', 'total_distance': 0.0, 'total_edge': 0.0, 'total_pick': '', 'total_projection': 42.0}, 'Football_SpreadValue_v1': {'context_flags': {'book_count': 11.0, 'value_shift': -0.75}, 'home_line_proj': 4.75, 'model_name': 'Football_SpreadValue_v1', 'parlay_edge_score': 0.75, 'spread_distance': 0.75, 'spread_edge': 0.75, 'spread_pick': 'HOME', 'total_distance': 0.0, 'total_edge': 0.0, 'total_pick': '', 'total_projection': 42.0}, 'Football_TotalValue_v1': {'context_flags': {'book_count': 11.0, 'total_value_rule': 'low_total_over_high_total_under'}, 'home_line_proj': 5.5, 'model_name': 'Football_TotalValue_v1', 'parlay_edge_score': 1.0, 'spread_distance': 0.0, 'spread_edge': 0.0, 'spread_pick': '', 'total_distance': 1.0, 'total_edge': 1.0, 'total_pick': 'OVER', 'total_projection': 43.0}}",-275.0,-275.0,220.0,220.0,66,61e1e459b2ddafd43e8808d4f40c01d9,2025-11-30T15:55:37Z,odds_api_flattened,-5.5,5.5,STATUS_FINAL,post,42.0,Nissan Stadium
nfl_401772787,2025-11-30,Indianapolis Colts,Houston Texans,-3.0,3.0,44.5,45.0,,-0.25,0.5,0.75,LOW,Football_MarketBlend_v1,Football_MarketBlend_v1,"{'blend_inputs': ['Football_MarketConsensus_v1', 'Football_SpreadValue_v1', 'Football_TotalValue_v1', 'Football_LineMovement_v1', 'Football_KeyNumberGuard_v1'], 'key_number_risk': True, 'spread_veto': 'key_number_guard'}","Game: Houston Texans @ Indianapolis Colts
Authority: Football_MarketBlend_v1
Market: Spread -3.0, Total 44.5
Projection: Margin -2.75, Total 45.0
Spread Pick:  (edge -0.25)
Total Pick: OVER (edge 0.5)",-2.75,,,,OVER,ACTIVE,,"{'spread': None, 'total': None}",FOOTBALL_MARKET_BLEND,20,20,HOU,11,FOOTBALL_MARKET_BLEND,2025-11-30T18:00:00Z,1,Football market blend edge clears threshold,11,False,,true,true,true,true,16,16,IND,nfl,odds_api_flattened_consensus,3,"{'Football_KeyNumberGuard_v1': {'context_flags': {'key_number_risk': True, 'key_numbers': [3, 7, 10]}, 'home_line_proj': -3.0, 'model_name': 'Football_KeyNumberGuard_v1', 'parlay_edge_score': 0, 'spread_distance': 0.0, 'spread_edge': 0.0, 'spread_pick': '', 'total_distance': 0.0, 'total_edge': 0.0, 'total_pick': '', 'total_projection': 44.5}, 'Football_LineMovement_v1': {'context_flags': {'movement_available': False}, 'home_line_proj': -3.0, 'model_name': 'Football_LineMovement_v1', 'parlay_edge_score': 0, 'spread_distance': 0.0, 'spread_edge': 0.0, 'spread_pick': '', 'total_distance': 0.0, 'total_edge': 0.0, 'total_pick': '', 'total_projection': 44.5}, 'Football_MarketBlend_v1': {'context_flags': {'blend_inputs': ['Football_MarketConsensus_v1', 'Football_SpreadValue_v1', 'Football_TotalValue_v1', 'Football_LineMovement_v1', 'Football_KeyNumberGuard_v1'], 'key_number_risk': True, 'spread_veto': 'key_number_guard'}, 'home_line_proj': -2.75, 'model_name': 'Football_MarketBlend_v1', 'parlay_edge_score': 0.75, 'spread_distance': 0.25, 'spread_edge': -0.25, 'spread_pick': '', 'total_distance': 0.5, 'total_edge': 0.5, 'total_pick': 'OVER', 'total_projection': 45.0}, 'Football_MarketConsensus_v1': {'context_flags': {'book_count': 11, 'source': 'market_consensus'}, 'home_line_proj': -3.0, 'model_name': 'Football_MarketConsensus_v1', 'parlay_edge_score': 0, 'spread_distance': 0.0, 'spread_edge': 0.0, 'spread_pick': '', 'total_distance': 0.0, 'total_edge': 0.0, 'total_pick': '', 'total_projection': 44.5}, 'Football_SpreadValue_v1': {'context_flags': {'book_count': 11.0, 'value_shift': 0.75}, 'home_line_proj': -2.25, 'model_name': 'Football_SpreadValue_v1', 'parlay_edge_score': 0.75, 'spread_distance': 0.75, 'spread_edge': -0.75, 'spread_pick': 'AWAY', 'total_distance': 0.0, 'total_edge': 0.0, 'total_pick': '', 'total_projection': 44.5}, 'Football_TotalValue_v1': {'context_flags': {'book_count': 11.0, 'total_value_rule': 'low_total_over_high_total_under'}, 'home_line_proj': -3.0, 'model_name': 'Football_TotalValue_v1', 'parlay_edge_score': 1.0, 'spread_distance': 0.0, 'spread_edge': 0.0, 'spread_pick': '', 'total_distance': 1.0, 'total_edge': 1.0, 'total_pick': 'OVER', 'total_projection': 45.5}}",138.0,138.0,-162.0,-162.0,66,fa46c661007f5f0cbbf6abf939ac9d51,2025-11-30T15:55:37Z,odds_api_flattened,3.0,-3.0,STATUS_FINAL,post,44.5,Lucas Oil Stadium
nfl_401772788,2025-11-30,Los Angeles Chargers,Las Vegas Raiders,-10.0,10.0,40.5,41.0,,-0.25,0.5,0.75,LOW,Football_MarketBlend_v1,Football_MarketBlend_v1,"{'blend_inputs': ['Football_MarketConsensus_v1', 'Football_SpreadValue_v1', 'Football_TotalValue_v1', 'Football_LineMovement_v1', 'Football_KeyNumberGuard_v1'], 'key_number_risk': True, 'spread_veto': 'key_number_guard'}","Game: Las Vegas Raiders @ Los Angeles Chargers
Authority: Football_MarketBlend_v1
Market: Spread -10.0, Total 40.5
Projection: Margin -9.75, Total 41.0
Spread Pick:  (edge -0.25)
Total Pick: OVER (edge 0.5)",-9.75,,,,OVER,ACTIVE,,"{'spread': None, 'total': None}",FOOTBALL_MARKET_BLEND,14,14,LV,11,FOOTBALL_MARKET_BLEND,2025-11-30T21:25:00Z,1,Football market blend edge clears threshold,11,False,,true,true,true,true,31,31,LAC,nfl,odds_api_flattened_consensus,3,"{'Football_KeyNumberGuard_v1': {'context_flags': {'key_number_risk': True, 'key_numbers': [3, 7, 10]}, 'home_line_proj': -10.0, 'model_name': 'Football_KeyNumberGuard_v1', 'parlay_edge_score': 0, 'spread_distance': 0.0, 'spread_edge': 0.0, 'spread_pick': '', 'total_distance': 0.0, 'total_edge': 0.0, 'total_pick': '', 'total_projection': 40.5}, 'Football_LineMovement_v1': {'context_flags': {'movement_available': False}, 'home_line_proj': -10.0, 'model_name': 'Football_LineMovement_v1', 'parlay_edge_score': 0, 'spread_distance': 0.0, 'spread_edge': 0.0, 'spread_pick': '', 'total_distance': 0.0, 'total_edge': 0.0, 'total_pick': '', 'total_projection': 40.5}, 'Football_MarketBlend_v1': {'context_flags': {'blend_inputs': ['Football_MarketConsensus_v1', 'Football_SpreadValue_v1', 'Football_TotalValue_v1', 'Football_LineMovement_v1', 'Football_KeyNumberGuard_v1'], 'key_number_risk': True, 'spread_veto': 'key_number_guard'}, 'home_line_proj': -9.75, 'model_name': 'Football_MarketBlend_v1', 'parlay_edge_score': 0.75, 'spread_distance': 0.25, 'spread_edge': -0.25, 'spread_pick': '', 'total_distance': 0.5, 'total_edge': 0.5, 'total_pick': 'OVER', 'total_projection': 41.0}, 'Football_MarketConsensus_v1': {'context_flags': {'book_count': 11, 'source': 'market_consensus'}, 'home_line_proj': -10.0, 'model_name': 'Football_MarketConsensus_v1', 'parlay_edge_score': 0, 'spread_distance': 0.0, 'spread_edge': 0.0, 'spread_pick': '', 'total_distance': 0.0, 'total_edge': 0.0, 'total_pick': '', 'total_projection': 40.5}, 'Football_SpreadValue_v1': {'context_flags': {'book_count': 11.0, 'value_shift': 0.75}, 'home_line_proj': -9.25, 'model_name': 'Football_SpreadValue_v1', 'parlay_edge_score': 0.75, 'spread_distance': 0.75, 'spread_edge': -0.75, 'spread_pick': 'AWAY', 'total_distance': 0.0, 'total_edge': 0.0, 'total_pick': '', 'total_projection': 40.5}, 'Football_TotalValue_v1': {'context_flags': {'book_count': 11.0, 'total_value_rule': 'low_total_over_high_total_under'}, 'home_line_proj': -10.0, 'model_name': 'Football_TotalValue_v1', 'parlay_edge_score': 1.0, 'spread_distance': 0.0, 'spread_edge': 0.0, 'spread_pick': '', 'total_distance': 1.0, 'total_edge': 1.0, 'total_pick': 'OVER', 'total_projection': 41.5}}",415.0,415.0,-575.0,-575.0,66,76ac5a8d2c8679ae6ea8861114791bd8,2025-11-30T15:55:37Z,odds_api_flattened,10.0,-10.0,STATUS_FINAL,post,40.5,SoFi Stadium
nfl_401772789,2025-11-30,Pittsburgh Steelers,Buffalo Bills,3.0,-3.0,45.5,45.0,,0.25,-0.5,0.75,LOW,Football_MarketBlend_v1,Football_MarketBlend_v1,"{'blend_inputs': ['Football_MarketConsensus_v1', 'Football_SpreadValue_v1', 'Football_TotalValue_v1', 'Football_LineMovement_v1', 'Football_KeyNumberGuard_v1'], 'key_number_risk': True, 'spread_veto': 'key_number_guard'}","Game: Buffalo Bills @ Pittsburgh Steelers
Authority: Football_MarketBlend_v1
Market: Spread 3.0, Total 45.5
Projection: Margin 2.75, Total 45.0
Spread Pick:  (edge 0.25)
Total Pick: UNDER (edge -0.5)",2.75,,,,UNDER,ACTIVE,,"{'spread': None, 'total': None}",FOOTBALL_MARKET_BLEND,26,26,BUF,11,FOOTBALL_MARKET_BLEND,2025-11-30T21:25:00Z,1,Football market blend edge clears threshold,11,False,,true,true,true,true,7,7,PIT,nfl,odds_api_flattened_consensus,3,"{'Football_KeyNumberGuard_v1': {'context_flags': {'key_number_risk': True, 'key_numbers': [3, 7, 10]}, 'home_line_proj': 3.0, 'model_name': 'Football_KeyNumberGuard_v1', 'parlay_edge_score': 0, 'spread_distance': 0.0, 'spread_edge': 0.0, 'spread_pick': '', 'total_distance': 0.0, 'total_edge': 0.0, 'total_pick': '', 'total_projection': 45.5}, 'Football_LineMovement_v1': {'context_flags': {'movement_available': False}, 'home_line_proj': 3.0, 'model_name': 'Football_LineMovement_v1', 'parlay_edge_score': 0, 'spread_distance': 0.0, 'spread_edge': 0.0, 'spread_pick': '', 'total_distance': 0.0, 'total_edge': 0.0, 'total_pick': '', 'total_projection': 45.5}, 'Football_MarketBlend_v1': {'context_flags': {'blend_inputs': ['Football_MarketConsensus_v1', 'Football_SpreadValue_v1', 'Football_TotalValue_v1', 'Football_LineMovement_v1', 'Football_KeyNumberGuard_v1'], 'key_number_risk': True, 'spread_veto': 'key_number_guard'}, 'home_line_proj': 2.75, 'model_name': 'Football_MarketBlend_v1', 'parlay_edge_score': 0.75, 'spread_distance': 0.25, 'spread_edge': 0.25, 'spread_pick': '', 'total_distance': 0.5, 'total_edge': -0.5, 'total_pick': 'UNDER', 'total_projection': 45.0}, 'Football_MarketConsensus_v1': {'context_flags': {'book_count': 11, 'source': 'market_consensus'}, 'home_line_proj': 3.0, 'model_name': 'Football_MarketConsensus_v1', 'parlay_edge_score': 0, 'spread_distance': 0.0, 'spread_edge': 0.0, 'spread_pick': '', 'total_distance': 0.0, 'total_edge': 0.0, 'total_pick': '', 'total_projection': 45.5}, 'Football_SpreadValue_v1': {'context_flags': {'book_count': 11.0, 'value_shift': -0.75}, 'home_line_proj': 2.25, 'model_name': 'Football_SpreadValue_v1', 'parlay_edge_score': 0.75, 'spread_distance': 0.75, 'spread_edge': 0.75, 'spread_pick': 'HOME', 'total_distance': 0.0, 'total_edge': 0.0, 'total_pick': '', 'total_projection': 45.5}, 'Football_TotalValue_v1': {'context_flags': {'book_count': 11.0, 'total_value_rule': 'low_total_over_high_total_under'}, 'home_line_proj': 3.0, 'model_name': 'Football_TotalValue_v1', 'parlay_edge_score': 1.0, 'spread_distance': 0.0, 'spread_edge': 0.0, 'spread_pick': '', 'total_distance': 1.0, 'total_edge': -1.0, 'total_pick': 'UNDER', 'total_projection': 44.5}}",-170.0,-170.0,144.0,144.0,66,365a766a3862bc47a5455dc3b097421e,2025-11-30T15:55:37Z,odds_api_flattened,-3.0,3.0,STATUS_FINAL,post,45.5,Acrisure Stadium
nfl_401772892,2025-11-30,Miami Dolphins,New Orleans Saints,-5.5,5.5,42.0,42.5,AWAY,-0.25,0.5,0.75,LOW,Football_MarketBlend_v1,Football_MarketBlend_v1,"{'blend_inputs': ['Football_MarketConsensus_v1', 'Football_SpreadValue_v1', 'Football_TotalValue_v1', 'Football_LineMovement_v1', 'Football_KeyNumberGuard_v1'], 'key_number_risk': False}","Game: New Orleans Saints @ Miami Dolphins
Authority: Football_MarketBlend_v1
Market: Spread -5.5, Total 42.0
Projection: Margin -5.25, Total 42.5
Spread Pick: AWAY (edge -0.25)
Total Pick: OVER (edge 0.5)",-5.25,,,,OVER,ACTIVE,,"{'spread': None, 'total': None}",FOOTBALL_MARKET_BLEND,17,17,NO,11,FOOTBALL_MARKET_BLEND,2025-11-30T18:00:00Z,1,Football market blend edge clears threshold,11,False,,true,true,true,true,21,21,MIA,nfl,odds_api_flattened_consensus,3,"{'Football_KeyNumberGuard_v1': {'context_flags': {'key_number_risk': False, 'key_numbers': [3, 7, 10]}, 'home_line_proj': -5.5, 'model_name': 'Football_KeyNumberGuard_v1', 'parlay_edge_score': 0, 'spread_distance': 0.0, 'spread_edge': 0.0, 'spread_pick': '', 'total_distance': 0.0, 'total_edge': 0.0, 'total_pick': '', 'total_projection': 42.0}, 'Football_LineMovement_v1': {'context_flags': {'movement_available': False}, 'home_line_proj': -5.5, 'model_name': 'Football_LineMovement_v1', 'parlay_edge_score': 0, 'spread_distance': 0.0, 'spread_edge': 0.0, 'spread_pick': '', 'total_distance': 0.0, 'total_edge': 0.0, 'total_pick': '', 'total_projection': 42.0}, 'Football_MarketBlend_v1': {'context_flags': {'blend_inputs': ['Football_MarketConsensus_v1', 'Football_SpreadValue_v1', 'Football_TotalValue_v1', 'Football_LineMovement_v1', 'Football_KeyNumberGuard_v1'], 'key_number_risk': False}, 'home_line_proj': -5.25, 'model_name': 'Football_MarketBlend_v1', 'parlay_edge_score': 0.75, 'spread_distance': 0.25, 'spread_edge': -0.25, 'spread_pick': 'AWAY', 'total_distance': 0.5, 'total_edge': 0.5, 'total_pick': 'OVER', 'total_projection': 42.5}, 'Football_MarketConsensus_v1': {'context_flags': {'book_count': 11, 'source': 'market_consensus'}, 'home_line_proj': -5.5, 'model_name': 'Football_MarketConsensus_v1', 'parlay_edge_score': 0, 'spread_distance': 0.0, 'spread_edge': 0.0, 'spread_pick': '', 'total_distance': 0.0, 'total_edge': 0.0, 'total_pick': '', 'total_projection': 42.0}, 'Football_SpreadValue_v1': {'context_flags': {'book_count': 11.0, 'value_shift': 0.75}, 'home_line_proj': -4.75, 'model_name': 'Football_SpreadValue_v1', 'parlay_edge_score': 0.75, 'spread_distance': 0.75, 'spread_edge': -0.75, 'spread_pick': 'AWAY', 'total_distance': 0.0, 'total_edge': 0.0, 'total_pick': '', 'total_projection': 42.0}, 'Football_TotalValue_v1': {'context_flags': {'book_count': 11.0, 'total_value_rule': 'low_total_over_high_total_under'}, 'home_line_proj': -5.5, 'model_name': 'Football_TotalValue_v1', 'parlay_edge_score': 1.0, 'spread_distance': 0.0, 'spread_edge': 0.0, 'spread_pick': '', 'total_distance': 1.0, 'total_edge': 1.0, 'total_pick': 'OVER', 'total_projection': 43.0}}",210.0,210.0,-258.0,-258.0,66,e3c9bfba57bbe784481d881ea3b4519d,2025-11-30T15:55:37Z,odds_api_flattened,5.5,-5.5,STATUS_FINAL,post,42.0,Hard Rock Stadium
nfl_401772893,2025-11-30,New York Jets,Atlanta Falcons,3.0,-3.0,38.5,39.0,,0.25,0.5,0.75,LOW,Football_MarketBlend_v1,Football_MarketBlend_v1,"{'blend_inputs': ['Football_MarketConsensus_v1', 'Football_SpreadValue_v1', 'Football_TotalValue_v1', 'Football_LineMovement_v1', 'Football_KeyNumberGuard_v1'], 'key_number_risk': True, 'spread_veto': 'key_number_guard'}","Game: Atlanta Falcons @ New York Jets
Authority: Football_MarketBlend_v1
Market: Spread 3.0, Total 38.5
Projection: Margin 2.75, Total 39.0
Spread Pick:  (edge 0.25)
Total Pick: OVER (edge 0.5)",2.75,,,,OVER,ACTIVE,,"{'spread': None, 'total': None}",FOOTBALL_MARKET_BLEND,24,24,ATL,11,FOOTBALL_MARKET_BLEND,2025-11-30T18:00:00Z,1,Football market blend edge clears threshold,11,False,,true,true,true,true,27,27,NYJ,nfl,odds_api_flattened_consensus,3,"{'Football_KeyNumberGuard_v1': {'context_flags': {'key_number_risk': True, 'key_numbers': [3, 7, 10]}, 'home_line_proj': 3.0, 'model_name': 'Football_KeyNumberGuard_v1', 'parlay_edge_score': 0, 'spread_distance': 0.0, 'spread_edge': 0.0, 'spread_pick': '', 'total_distance': 0.0, 'total_edge': 0.0, 'total_pick': '', 'total_projection': 38.5}, 'Football_LineMovement_v1': {'context_flags': {'movement_available': False}, 'home_line_proj': 3.0, 'model_name': 'Football_LineMovement_v1', 'parlay_edge_score': 0, 'spread_distance': 0.0, 'spread_edge': 0.0, 'spread_pick': '', 'total_distance': 0.0, 'total_edge': 0.0, 'total_pick': '', 'total_projection': 38.5}, 'Football_MarketBlend_v1': {'context_flags': {'blend_inputs': ['Football_MarketConsensus_v1', 'Football_SpreadValue_v1', 'Football_TotalValue_v1', 'Football_LineMovement_v1', 'Football_KeyNumberGuard_v1'], 'key_number_risk': True, 'spread_veto': 'key_number_guard'}, 'home_line_proj': 2.75, 'model_name': 'Football_MarketBlend_v1', 'parlay_edge_score': 0.75, 'spread_distance': 0.25, 'spread_edge': 0.25, 'spread_pick': '', 'total_distance': 0.5, 'total_edge': 0.5, 'total_pick': 'OVER', 'total_projection': 39.0}, 'Football_MarketConsensus_v1': {'context_flags': {'book_count': 11, 'source': 'market_consensus'}, 'home_line_proj': 3.0, 'model_name': 'Football_MarketConsensus_v1', 'parlay_edge_score': 0, 'spread_distance': 0.0, 'spread_edge': 0.0, 'spread_pick': '', 'total_distance': 0.0, 'total_edge': 0.0, 'total_pick': '', 'total_projection': 38.5}, 'Football_SpreadValue_v1': {'context_flags': {'book_count': 11.0, 'value_shift': -0.75}, 'home_line_proj': 2.25, 'model_name': 'Football_SpreadValue_v1', 'parlay_edge_score': 0.75, 'spread_distance': 0.75, 'spread_edge': 0.75, 'spread_pick': 'HOME', 'total_distance': 0.0, 'total_edge': 0.0, 'total_pick': '', 'total_projection': 38.5}, 'Football_TotalValue_v1': {'context_flags': {'book_count': 11.0, 'total_value_rule': 'low_total_over_high_total_under'}, 'home_line_proj': 3.0, 'model_name': 'Football_TotalValue_v1', 'parlay_edge_score': 1.0, 'spread_distance': 0.0, 'spread_edge': 0.0, 'spread_pick': '', 'total_distance': 1.0, 'total_edge': 1.0, 'total_pick': 'OVER', 'total_projection': 39.5}}",-175.0,-175.0,143.0,143.0,66,9da608f5bdae527b280abd61e47a110b,2025-11-30T15:55:37Z,odds_api_flattened,-3.0,3.0,STATUS_FINAL,post,38.5,MetLife Stadium
nfl_401772894,2025-11-30,Carolina Panthers,Los Angeles Rams,10.5,-10.5,45.0,44.5,,0.25,-0.5,0.75,LOW,Football_MarketBlend_v1,Football_MarketBlend_v1,"{'blend_inputs': ['Football_MarketConsensus_v1', 'Football_SpreadValue_v1', 'Football_TotalValue_v1', 'Football_LineMovement_v1', 'Football_KeyNumberGuard_v1'], 'key_number_risk': True, 'spread_veto': 'key_number_guard'}","Game: Los Angeles Rams @ Carolina Panthers
Authority: Football_MarketBlend_v1
Market: Spread 10.5, Total 45.0
Projection: Margin 10.25, Total 44.5
Spread Pick:  (edge 0.25)
Total Pick: UNDER (edge -0.5)",10.25,,,,UNDER,ACTIVE,,"{'spread': None, 'total': None}",FOOTBALL_MARKET_BLEND,28,28,LAR,11,FOOTBALL_MARKET_BLEND,2025-11-30T18:00:00Z,1,Football market blend edge clears threshold,11,False,,true,true,true,true,31,31,CAR,nfl,odds_api_flattened_consensus,3,"{'Football_KeyNumberGuard_v1': {'context_flags': {'key_number_risk': True, 'key_numbers': [3, 7, 10]}, 'home_line_proj': 10.5, 'model_name': 'Football_KeyNumberGuard_v1', 'parlay_edge_score': 0, 'spread_distance': 0.0, 'spread_edge': 0.0, 'spread_pick': '', 'total_distance': 0.0, 'total_edge': 0.0, 'total_pick': '', 'total_projection': 45.0}, 'Football_LineMovement_v1': {'context_flags': {'movement_available': False}, 'home_line_proj': 10.5, 'model_name': 'Football_LineMovement_v1', 'parlay_edge_score': 0, 'spread_distance': 0.0, 'spread_edge': 0.0, 'spread_pick': '', 'total_distance': 0.0, 'total_edge': 0.0, 'total_pick': '', 'total_projection': 45.0}, 'Football_MarketBlend_v1': {'context_flags': {'blend_inputs': ['Football_MarketConsensus_v1', 'Football_SpreadValue_v1', 'Football_TotalValue_v1', 'Football_LineMovement_v1', 'Football_KeyNumberGuard_v1'], 'key_number_risk': True, 'spread_veto': 'key_number_guard'}, 'home_line_proj': 10.25, 'model_name': 'Football_MarketBlend_v1', 'parlay_edge_score': 0.75, 'spread_distance': 0.25, 'spread_edge': 0.25, 'spread_pick': '', 'total_distance': 0.5, 'total_edge': -0.5, 'total_pick': 'UNDER', 'total_projection': 44.5}, 'Football_MarketConsensus_v1': {'context_flags': {'book_count': 11, 'source': 'market_consensus'}, 'home_line_proj': 10.5, 'model_name': 'Football_MarketConsensus_v1', 'parlay_edge_score': 0, 'spread_distance': 0.0, 'spread_edge': 0.0, 'spread_pick': '', 'total_distance': 0.0, 'total_edge': 0.0, 'total_pick': '', 'total_projection': 45.0}, 'Football_SpreadValue_v1': {'context_flags': {'book_count': 11.0, 'value_shift': -0.75}, 'home_line_proj': 9.75, 'model_name': 'Football_SpreadValue_v1', 'parlay_edge_score': 0.75, 'spread_distance': 0.75, 'spread_edge': 0.75, 'spread_pick': 'HOME', 'total_distance': 0.0, 'total_edge': 0.0, 'total_pick': '', 'total_projection': 45.0}, 'Football_TotalValue_v1': {'context_flags': {'book_count': 11.0, 'total_value_rule': 'low_total_over_high_total_under'}, 'home_line_proj': 10.5, 'model_name': 'Football_TotalValue_v1', 'parlay_edge_score': 1.0, 'spread_distance': 0.0, 'spread_edge': 0.0, 'spread_pick': '', 'total_distance': 1.0, 'total_edge': -1.0, 'total_pick': 'UNDER', 'total_projection': 44.0}}",-600.0,-600.0,440.0,440.0,66,67e51d17848485bed8737bd7043a275a,2025-11-30T15:55:37Z,odds_api_flattened,-10.5,10.5,STATUS_FINAL,post,45.0,Bank of America Stadium
nfl_401772895,2025-11-30,Tampa Bay Buccaneers,Arizona Cardinals,-3.5,3.5,44.5,45.0,,-0.25,0.5,0.75,LOW,Football_MarketBlend_v1,Football_MarketBlend_v1,"{'blend_inputs': ['Football_MarketConsensus_v1', 'Football_SpreadValue_v1', 'Football_TotalValue_v1', 'Football_LineMovement_v1', 'Football_KeyNumberGuard_v1'], 'key_number_risk': True, 'spread_veto': 'key_number_guard'}","Game: Arizona Cardinals @ Tampa Bay Buccaneers
Authority: Football_MarketBlend_v1
Market: Spread -3.5, Total 44.5
Projection: Margin -3.25, Total 45.0
Spread Pick:  (edge -0.25)
Total Pick: OVER (edge 0.5)",-3.25,,,,OVER,ACTIVE,,"{'spread': None, 'total': None}",FOOTBALL_MARKET_BLEND,17,17,ARI,11,FOOTBALL_MARKET_BLEND,2025-11-30T18:00:00Z,1,Football market blend edge clears threshold,11,False,,true,true,true,true,20,20,TB,nfl,odds_api_flattened_consensus,3,"{'Football_KeyNumberGuard_v1': {'context_flags': {'key_number_risk': True, 'key_numbers': [3, 7, 10]}, 'home_line_proj': -3.5, 'model_name': 'Football_KeyNumberGuard_v1', 'parlay_edge_score': 0, 'spread_distance': 0.0, 'spread_edge': 0.0, 'spread_pick': '', 'total_distance': 0.0, 'total_edge': 0.0, 'total_pick': '', 'total_projection': 44.5}, 'Football_LineMovement_v1': {'context_flags': {'movement_available': False}, 'home_line_proj': -3.5, 'model_name': 'Football_LineMovement_v1', 'parlay_edge_score': 0, 'spread_distance': 0.0, 'spread_edge': 0.0, 'spread_pick': '', 'total_distance': 0.0, 'total_edge': 0.0, 'total_pick': '', 'total_projection': 44.5}, 'Football_MarketBlend_v1': {'context_flags': {'blend_inputs': ['Football_MarketConsensus_v1', 'Football_SpreadValue_v1', 'Football_TotalValue_v1', 'Football_LineMovement_v1', 'Football_KeyNumberGuard_v1'], 'key_number_risk': True, 'spread_veto': 'key_number_guard'}, 'home_line_proj': -3.25, 'model_name': 'Football_MarketBlend_v1', 'parlay_edge_score': 0.75, 'spread_distance': 0.25, 'spread_edge': -0.25, 'spread_pick': '', 'total_distance': 0.5, 'total_edge': 0.5, 'total_pick': 'OVER', 'total_projection': 45.0}, 'Football_MarketConsensus_v1': {'context_flags': {'book_count': 11, 'source': 'market_consensus'}, 'home_line_proj': -3.5, 'model_name': 'Football_MarketConsensus_v1', 'parlay_edge_score': 0, 'spread_distance': 0.0, 'spread_edge': 0.0, 'spread_pick': '', 'total_distance': 0.0, 'total_edge': 0.0, 'total_pick': '', 'total_projection': 44.5}, 'Football_SpreadValue_v1': {'context_flags': {'book_count': 11.0, 'value_shift': 0.75}, 'home_line_proj': -2.75, 'model_name': 'Football_SpreadValue_v1', 'parlay_edge_score': 0.75, 'spread_distance': 0.75, 'spread_edge': -0.75, 'spread_pick': 'AWAY', 'total_distance': 0.0, 'total_edge': 0.0, 'total_pick': '', 'total_projection': 44.5}, 'Football_TotalValue_v1': {'context_flags': {'book_count': 11.0, 'total_value_rule': 'low_total_over_high_total_under'}, 'home_line_proj': -3.5, 'model_name': 'Football_TotalValue_v1', 'parlay_edge_score': 1.0, 'spread_distance': 0.0, 'spread_edge': 0.0, 'spread_pick': '', 'total_distance': 1.0, 'total_edge': 1.0, 'total_pick': 'OVER', 'total_projection': 45.5}}",159.0,159.0,-188.0,-188.0,66,c0d324e29ce58b36bdc77564f7aae56f,2025-11-30T15:55:37Z,odds_api_flattened,3.5,-3.5,STATUS_FINAL,post,44.5,Raymond James Stadium
nfl_401772896,2025-11-30,Seattle Seahawks,Minnesota Vikings,-12.0,12.0,41.5,42.0,AWAY,-0.25,0.5,0.75,LOW,Football_MarketBlend_v1,Football_MarketBlend_v1,"{'blend_inputs': ['Football_MarketConsensus_v1', 'Football_SpreadValue_v1', 'Football_TotalValue_v1', 'Football_LineMovement_v1', 'Football_KeyNumberGuard_v1'], 'key_number_risk': False}","Game: Minnesota Vikings @ Seattle Seahawks
Authority: Football_MarketBlend_v1
Market: Spread -12.0, Total 41.5
Projection: Margin -11.75, Total 42.0
Spread Pick: AWAY (edge -0.25)
Total Pick: OVER (edge 0.5)",-11.75,,,,OVER,ACTIVE,,"{'spread': None, 'total': None}",FOOTBALL_MARKET_BLEND,0,0,MIN,11,FOOTBALL_MARKET_BLEND,2025-11-30T21:05:00Z,1,Football market blend edge clears threshold,11,False,,true,true,true,true,26,26,SEA,nfl,odds_api_flattened_consensus,3,"{'Football_KeyNumberGuard_v1': {'context_flags': {'key_number_risk': False, 'key_numbers': [3, 7, 10]}, 'home_line_proj': -12.0, 'model_name': 'Football_KeyNumberGuard_v1', 'parlay_edge_score': 0, 'spread_distance': 0.0, 'spread_edge': 0.0, 'spread_pick': '', 'total_distance': 0.0, 'total_edge': 0.0, 'total_pick': '', 'total_projection': 41.5}, 'Football_LineMovement_v1': {'context_flags': {'movement_available': False}, 'home_line_proj': -12.0, 'model_name': 'Football_LineMovement_v1', 'parlay_edge_score': 0, 'spread_distance': 0.0, 'spread_edge': 0.0, 'spread_pick': '', 'total_distance': 0.0, 'total_edge': 0.0, 'total_pick': '', 'total_projection': 41.5}, 'Football_MarketBlend_v1': {'context_flags': {'blend_inputs': ['Football_MarketConsensus_v1', 'Football_SpreadValue_v1', 'Football_TotalValue_v1', 'Football_LineMovement_v1', 'Football_KeyNumberGuard_v1'], 'key_number_risk': False}, 'home_line_proj': -11.75, 'model_name': 'Football_MarketBlend_v1', 'parlay_edge_score': 0.75, 'spread_distance': 0.25, 'spread_edge': -0.25, 'spread_pick': 'AWAY', 'total_distance': 0.5, 'total_edge': 0.5, 'total_pick': 'OVER', 'total_projection': 42.0}, 'Football_MarketConsensus_v1': {'context_flags': {'book_count': 11, 'source': 'market_consensus'}, 'home_line_proj': -12.0, 'model_name': 'Football_MarketConsensus_v1', 'parlay_edge_score': 0, 'spread_distance': 0.0, 'spread_edge': 0.0, 'spread_pick': '', 'total_distance': 0.0, 'total_edge': 0.0, 'total_pick': '', 'total_projection': 41.5}, 'Football_SpreadValue_v1': {'context_flags': {'book_count': 11.0, 'value_shift': 0.75}, 'home_line_proj': -11.25, 'model_name': 'Football_SpreadValue_v1', 'parlay_edge_score': 0.75, 'spread_distance': 0.75, 'spread_edge': -0.75, 'spread_pick': 'AWAY', 'total_distance': 0.0, 'total_edge': 0.0, 'total_pick': '', 'total_projection': 41.5}, 'Football_TotalValue_v1': {'context_flags': {'book_count': 11.0, 'total_value_rule': 'low_total_over_high_total_under'}, 'home_line_proj': -12.0, 'model_name': 'Football_TotalValue_v1', 'parlay_edge_score': 1.0, 'spread_distance': 0.0, 'spread_edge': 0.0, 'spread_pick': '', 'total_distance': 1.0, 'total_edge': 1.0, 'total_pick': 'OVER', 'total_projection': 42.5}}",550.0,550.0,-800.0,-800.0,66,6f956074c4df48e7b07a3286a6c6ed2a,2025-11-30T15:55:37Z,odds_api_flattened,12.0,-12.0,STATUS_FINAL,post,41.5,Lumen Field
nfl_401772931,2025-12-01,Washington Commanders,Denver Broncos,6.5,-6.5,43.5,44.0,,0.25,0.5,0.75,LOW,Football_MarketBlend_v1,Football_MarketBlend_v1,"{'blend_inputs': ['Football_MarketConsensus_v1', 'Football_SpreadValue_v1', 'Football_TotalValue_v1', 'Football_LineMovement_v1', 'Football_KeyNumberGuard_v1'], 'key_number_risk': True, 'spread_veto': 'key_number_guard'}","Game: Denver Broncos @ Washington Commanders
Authority: Football_MarketBlend_v1
Market: Spread 6.5, Total 43.5
Projection: Margin 6.25, Total 44.0
Spread Pick:  (edge 0.25)
Total Pick: OVER (edge 0.5)",6.25,,,,OVER,ACTIVE,,"{'spread': None, 'total': None}",FOOTBALL_MARKET_BLEND,27,27,DEN,11,FOOTBALL_MARKET_BLEND,2025-12-01T01:20:00Z,1,Football market blend edge clears threshold,11,False,,true,true,true,true,26,26,WAS,nfl,odds_api_flattened_consensus,3,"{'Football_KeyNumberGuard_v1': {'context_flags': {'key_number_risk': True, 'key_numbers': [3, 7, 10]}, 'home_line_proj': 6.5, 'model_name': 'Football_KeyNumberGuard_v1', 'parlay_edge_score': 0, 'spread_distance': 0.0, 'spread_edge': 0.0, 'spread_pick': '', 'total_distance': 0.0, 'total_edge': 0.0, 'total_pick': '', 'total_projection': 43.5}, 'Football_LineMovement_v1': {'context_flags': {'movement_available': False}, 'home_line_proj': 6.5, 'model_name': 'Football_LineMovement_v1', 'parlay_edge_score': 0, 'spread_distance': 0.0, 'spread_edge': 0.0, 'spread_pick': '', 'total_distance': 0.0, 'total_edge': 0.0, 'total_pick': '', 'total_projection': 43.5}, 'Football_MarketBlend_v1': {'context_flags': {'blend_inputs': ['Football_MarketConsensus_v1', 'Football_SpreadValue_v1', 'Football_TotalValue_v1', 'Football_LineMovement_v1', 'Football_KeyNumberGuard_v1'], 'key_number_risk': True, 'spread_veto': 'key_number_guard'}, 'home_line_proj': 6.25, 'model_name': 'Football_MarketBlend_v1', 'parlay_edge_score': 0.75, 'spread_distance': 0.25, 'spread_edge': 0.25, 'spread_pick': '', 'total_distance': 0.5, 'total_edge': 0.5, 'total_pick': 'OVER', 'total_projection': 44.0}, 'Football_MarketConsensus_v1': {'context_flags': {'book_count': 11, 'source': 'market_consensus'}, 'home_line_proj': 6.5, 'model_name': 'Football_MarketConsensus_v1', 'parlay_edge_score': 0, 'spread_distance': 0.0, 'spread_edge': 0.0, 'spread_pick': '', 'total_distance': 0.0, 'total_edge': 0.0, 'total_pick': '', 'total_projection': 43.5}, 'Football_SpreadValue_v1': {'context_flags': {'book_count': 11.0, 'value_shift': -0.75}, 'home_line_proj': 5.75, 'model_name': 'Football_SpreadValue_v1', 'parlay_edge_score': 0.75, 'spread_distance': 0.75, 'spread_edge': 0.75, 'spread_pick': 'HOME', 'total_distance': 0.0, 'total_edge': 0.0, 'total_pick': '', 'total_projection': 43.5}, 'Football_TotalValue_v1': {'context_flags': {'book_count': 11.0, 'total_value_rule': 'low_total_over_high_total_under'}, 'home_line_proj': 6.5, 'model_name': 'Football_TotalValue_v1', 'parlay_edge_score': 1.0, 'spread_distance': 0.0, 'spread_edge': 0.0, 'spread_pick': '', 'total_distance': 1.0, 'total_edge': 1.0, 'total_pick': 'OVER', 'total_projection': 44.5}}",-290.0,-290.0,237.0,237.0,66,9c040de8f1dfc3ddee20e0d65c9402de,2025-11-30T15:55:37Z,odds_api_flattened,-6.5,6.5,STATUS_FINAL,post,43.5,Northwest Stadium
nfl_401772821,2025-12-02,New England Patriots,New York Giants,-7.0,7.0,46.5,46.0,,-0.25,-0.5,0.75,LOW,Football_MarketBlend_v1,Football_MarketBlend_v1,"{'blend_inputs': ['Football_MarketConsensus_v1', 'Football_SpreadValue_v1', 'Football_TotalValue_v1', 'Football_LineMovement_v1', 'Football_KeyNumberGuard_v1'], 'key_number_risk': True, 'spread_veto': 'key_number_guard'}","Game: New York Giants @ New England Patriots
Authority: Football_MarketBlend_v1
Market: Spread -7.0, Total 46.5
Projection: Margin -6.75, Total 46.0
Spread Pick:  (edge -0.25)
Total Pick: UNDER (edge -0.5)",-6.75,,,,UNDER,ACTIVE,,"{'spread': None, 'total': None}",FOOTBALL_MARKET_BLEND,15,15,NYG,11,FOOTBALL_MARKET_BLEND,2025-12-02T01:15:00Z,1,Football market blend edge clears threshold,11,False,,true,true,true,true,33,33,NE,nfl,odds_api_flattened_consensus,3,"{'Football_KeyNumberGuard_v1': {'context_flags': {'key_number_risk': True, 'key_numbers': [3, 7, 10]}, 'home_line_proj': -7.0, 'model_name': 'Football_KeyNumberGuard_v1', 'parlay_edge_score': 0, 'spread_distance': 0.0, 'spread_edge': 0.0, 'spread_pick': '', 'total_distance': 0.0, 'total_edge': 0.0, 'total_pick': '', 'total_projection': 46.5}, 'Football_LineMovement_v1': {'context_flags': {'movement_available': False}, 'home_line_proj': -7.0, 'model_name': 'Football_LineMovement_v1', 'parlay_edge_score': 0, 'spread_distance': 0.0, 'spread_edge': 0.0, 'spread_pick': '', 'total_distance': 0.0, 'total_edge': 0.0, 'total_pick': '', 'total_projection': 46.5}, 'Football_MarketBlend_v1': {'context_flags': {'blend_inputs': ['Football_MarketConsensus_v1', 'Football_SpreadValue_v1', 'Football_TotalValue_v1', 'Football_LineMovement_v1', 'Football_KeyNumberGuard_v1'], 'key_number_risk': True, 'spread_veto': 'key_number_guard'}, 'home_line_proj': -6.75, 'model_name': 'Football_MarketBlend_v1', 'parlay_edge_score': 0.75, 'spread_distance': 0.25, 'spread_edge': -0.25, 'spread_pick': '', 'total_distance': 0.5, 'total_edge': -0.5, 'total_pick': 'UNDER', 'total_projection': 46.0}, 'Football_MarketConsensus_v1': {'context_flags': {'book_count': 11, 'source': 'market_consensus'}, 'home_line_proj': -7.0, 'model_name': 'Football_MarketConsensus_v1', 'parlay_edge_score': 0, 'spread_distance': 0.0, 'spread_edge': 0.0, 'spread_pick': '', 'total_distance': 0.0, 'total_edge': 0.0, 'total_pick': '', 'total_projection': 46.5}, 'Football_SpreadValue_v1': {'context_flags': {'book_count': 11.0, 'value_shift': 0.75}, 'home_line_proj': -6.25, 'model_name': 'Football_SpreadValue_v1', 'parlay_edge_score': 0.75, 'spread_distance': 0.75, 'spread_edge': -0.75, 'spread_pick': 'AWAY', 'total_distance': 0.0, 'total_edge': 0.0, 'total_pick': '', 'total_projection': 46.5}, 'Football_TotalValue_v1': {'context_flags': {'book_count': 11.0, 'total_value_rule': 'low_total_over_high_total_under'}, 'home_line_proj': -7.0, 'model_name': 'Football_TotalValue_v1', 'parlay_edge_score': 1.0, 'spread_distance': 0.0, 'spread_edge': 0.0, 'spread_pick': '', 'total_distance': 1.0, 'total_edge': -1.0, 'total_pick': 'UNDER', 'total_projection': 45.5}}",295.0,295.0,-375.0,-375.0,66,3e65786eddd4c7aee9e7f2504f6fdedc,2025-12-01T15:55:37Z,odds_api_flattened,7.0,-7.0,STATUS_FINAL,post,46.5,Gillette Stadium
nfl_401772947,2025-12-05,Detroit Lions,Dallas Cowboys,-3.0,3.0,54.5,54.0,,-0.25,-0.5,0.75,LOW,Football_MarketBlend_v1,Football_MarketBlend_v1,"{'blend_inputs': ['Football_MarketConsensus_v1', 'Football_SpreadValue_v1', 'Football_TotalValue_v1', 'Football_LineMovement_v1', 'Football_KeyNumberGuard_v1'], 'key_number_risk': True, 'spread_veto': 'key_number_guard'}","Game: Dallas Cowboys @ Detroit Lions
Authority: Football_MarketBlend_v1
Market: Spread -3.0, Total 54.5
Projection: Margin -2.75, Total 54.0
Spread Pick:  (edge -0.25)
Total Pick: UNDER (edge -0.5)",-2.75,,,,UNDER,ACTIVE,,"{'spread': None, 'total': None}",FOOTBALL_MARKET_BLEND,30,30,DAL,11,FOOTBALL_MARKET_BLEND,2025-12-05T01:15:00Z,1,Football market blend edge clears threshold,11,False,,true,true,true,true,44,44,DET,nfl,odds_api_flattened_consensus,3,"{'Football_KeyNumberGuard_v1': {'context_flags': {'key_number_risk': True, 'key_numbers': [3, 7, 10]}, 'home_line_proj': -3.0, 'model_name': 'Football_KeyNumberGuard_v1', 'parlay_edge_score': 0, 'spread_distance': 0.0, 'spread_edge': 0.0, 'spread_pick': '', 'total_distance': 0.0, 'total_edge': 0.0, 'total_pick': '', 'total_projection': 54.5}, 'Football_LineMovement_v1': {'context_flags': {'movement_available': False}, 'home_line_proj': -3.0, 'model_name': 'Football_LineMovement_v1', 'parlay_edge_score': 0, 'spread_distance': 0.0, 'spread_edge': 0.0, 'spread_pick': '', 'total_distance': 0.0, 'total_edge': 0.0, 'total_pick': '', 'total_projection': 54.5}, 'Football_MarketBlend_v1': {'context_flags': {'blend_inputs': ['Football_MarketConsensus_v1', 'Football_SpreadValue_v1', 'Football_TotalValue_v1', 'Football_LineMovement_v1', 'Football_KeyNumberGuard_v1'], 'key_number_risk': True, 'spread_veto': 'key_number_guard'}, 'home_line_proj': -2.75, 'model_name': 'Football_MarketBlend_v1', 'parlay_edge_score': 0.75, 'spread_distance': 0.25, 'spread_edge': -0.25, 'spread_pick': '', 'total_distance': 0.5, 'total_edge': -0.5, 'total_pick': 'UNDER', 'total_projection': 54.0}, 'Football_MarketConsensus_v1': {'context_flags': {'book_count': 11, 'source': 'market_consensus'}, 'home_line_proj': -3.0, 'model_name': 'Football_MarketConsensus_v1', 'parlay_edge_score': 0, 'spread_distance': 0.0, 'spread_edge': 0.0, 'spread_pick': '', 'total_distance': 0.0, 'total_edge': 0.0, 'total_pick': '', 'total_projection': 54.5}, 'Football_SpreadValue_v1': {'context_flags': {'book_count': 11.0, 'value_shift': 0.75}, 'home_line_proj': -2.25, 'model_name': 'Football_SpreadValue_v1', 'parlay_edge_score': 0.75, 'spread_distance': 0.75, 'spread_edge': -0.75, 'spread_pick': 'AWAY', 'total_distance': 0.0, 'total_edge': 0.0, 'total_pick': '', 'total_projection': 54.5}, 'Football_TotalValue_v1': {'context_flags': {'book_count': 11.0, 'total_value_rule': 'low_total_over_high_total_under'}, 'home_line_proj': -3.0, 'model_name': 'Football_TotalValue_v1', 'parlay_edge_score': 1.0, 'spread_distance': 0.0, 'spread_edge': 0.0, 'spread_pick': '', 'total_distance': 1.0, 'total_edge': -1.0, 'total_pick': 'UNDER', 'total_projection': 53.5}}",140.0,140.0,-165.0,-165.0,66,81db991c5b34169eeeff8d734d8836d9,2025-12-04T15:55:38Z,odds_api_flattened,3.0,-3.0,STATUS_FINAL,post,54.5,Ford Field
nfl_401772790,2025-12-07,New York Jets,Miami Dolphins,2.5,-2.5,41.0,41.5,,0.25,0.5,0.75,LOW,Football_MarketBlend_v1,Football_MarketBlend_v1,"{'blend_inputs': ['Football_MarketConsensus_v1', 'Football_SpreadValue_v1', 'Football_TotalValue_v1', 'Football_LineMovement_v1', 'Football_KeyNumberGuard_v1'], 'key_number_risk': True, 'spread_veto': 'key_number_guard'}","Game: Miami Dolphins @ New York Jets
Authority: Football_MarketBlend_v1
Market: Spread 2.5, Total 41.0
Projection: Margin 2.25, Total 41.5
Spread Pick:  (edge 0.25)
Total Pick: OVER (edge 0.5)",2.25,,,,OVER,ACTIVE,,"{'spread': None, 'total': None}",FOOTBALL_MARKET_BLEND,34,34,MIA,11,FOOTBALL_MARKET_BLEND,2025-12-07T18:00:00Z,1,Football market blend edge clears threshold,11,False,,true,true,true,true,10,10,NYJ,nfl,odds_api_flattened_consensus,3,"{'Football_KeyNumberGuard_v1': {'context_flags': {'key_number_risk': True, 'key_numbers': [3, 7, 10]}, 'home_line_proj': 2.5, 'model_name': 'Football_KeyNumberGuard_v1', 'parlay_edge_score': 0, 'spread_distance': 0.0, 'spread_edge': 0.0, 'spread_pick': '', 'total_distance': 0.0, 'total_edge': 0.0, 'total_pick': '', 'total_projection': 41.0}, 'Football_LineMovement_v1': {'context_flags': {'movement_available': False}, 'home_line_proj': 2.5, 'model_name': 'Football_LineMovement_v1', 'parlay_edge_score': 0, 'spread_distance': 0.0, 'spread_edge': 0.0, 'spread_pick': '', 'total_distance': 0.0, 'total_edge': 0.0, 'total_pick': '', 'total_projection': 41.0}, 'Football_MarketBlend_v1': {'context_flags': {'blend_inputs': ['Football_MarketConsensus_v1', 'Football_SpreadValue_v1', 'Football_TotalValue_v1', 'Football_LineMovement_v1', 'Football_KeyNumberGuard_v1'], 'key_number_risk': True, 'spread_veto': 'key_number_guard'}, 'home_line_proj': 2.25, 'model_name': 'Football_MarketBlend_v1', 'parlay_edge_score': 0.75, 'spread_distance': 0.25, 'spread_edge': 0.25, 'spread_pick': '', 'total_distance': 0.5, 'total_edge': 0.5, 'total_pick': 'OVER', 'total_projection': 41.5}, 'Football_MarketConsensus_v1': {'context_flags': {'book_count': 11, 'source': 'market_consensus'}, 'home_line_proj': 2.5, 'model_name': 'Football_MarketConsensus_v1', 'parlay_edge_score': 0, 'spread_distance': 0.0, 'spread_edge': 0.0, 'spread_pick': '', 'total_distance': 0.0, 'total_edge': 0.0, 'total_pick': '', 'total_projection': 41.0}, 'Football_SpreadValue_v1': {'context_flags': {'book_count': 11.0, 'value_shift': -0.75}, 'home_line_proj': 1.75, 'model_name': 'Football_SpreadValue_v1', 'parlay_edge_score': 0.75, 'spread_distance': 0.75, 'spread_edge': 0.75, 'spread_pick': 'HOME', 'total_distance': 0.0, 'total_edge': 0.0, 'total_pick': '', 'total_projection': 41.0}, 'Football_TotalValue_v1': {'context_flags': {'book_count': 11.0, 'total_value_rule': 'low_total_over_high_total_under'}, 'home_line_proj': 2.5, 'model_name': 'Football_TotalValue_v1', 'parlay_edge_score': 1.0, 'spread_distance': 0.0, 'spread_edge': 0.0, 'spread_pick': '', 'total_distance': 1.0, 'total_edge': 1.0, 'total_pick': 'OVER', 'total_projection': 42.0}}",-145.0,-145.0,120.0,120.0,66,c86a0783216d21040c87fce3aadd3336,2025-12-07T15:55:37Z,odds_api_flattened,-2.5,2.5,STATUS_FINAL,post,41.0,MetLife Stadium
nfl_401772791,2025-12-07,Baltimore Ravens,Pittsburgh Steelers,-5.5,5.5,43.0,43.5,AWAY,-0.25,0.5,0.75,LOW,Football_MarketBlend_v1,Football_MarketBlend_v1,"{'blend_inputs': ['Football_MarketConsensus_v1', 'Football_SpreadValue_v1', 'Football_TotalValue_v1', 'Football_LineMovement_v1', 'Football_KeyNumberGuard_v1'], 'key_number_risk': False}","Game: Pittsburgh Steelers @ Baltimore Ravens
Authority: Football_MarketBlend_v1
Market: Spread -5.5, Total 43.0
Projection: Margin -5.25, Total 43.5
Spread Pick: AWAY (edge -0.25)
Total Pick: OVER (edge 0.5)",-5.25,,,,OVER,ACTIVE,,"{'spread': None, 'total': None}",FOOTBALL_MARKET_BLEND,27,27,PIT,11,FOOTBALL_MARKET_BLEND,2025-12-07T18:00:00Z,1,Football market blend edge clears threshold,11,False,,true,true,true,true,22,22,BAL,nfl,odds_api_flattened_consensus,3,"{'Football_KeyNumberGuard_v1': {'context_flags': {'key_number_risk': False, 'key_numbers': [3, 7, 10]}, 'home_line_proj': -5.5, 'model_name': 'Football_KeyNumberGuard_v1', 'parlay_edge_score': 0, 'spread_distance': 0.0, 'spread_edge': 0.0, 'spread_pick': '', 'total_distance': 0.0, 'total_edge': 0.0, 'total_pick': '', 'total_projection': 43.0}, 'Football_LineMovement_v1': {'context_flags': {'movement_available': False}, 'home_line_proj': -5.5, 'model_name': 'Football_LineMovement_v1', 'parlay_edge_score': 0, 'spread_distance': 0.0, 'spread_edge': 0.0, 'spread_pick': '', 'total_distance': 0.0, 'total_edge': 0.0, 'total_pick': '', 'total_projection': 43.0}, 'Football_MarketBlend_v1': {'context_flags': {'blend_inputs': ['Football_MarketConsensus_v1', 'Football_SpreadValue_v1', 'Football_TotalValue_v1', 'Football_LineMovement_v1', 'Football_KeyNumberGuard_v1'], 'key_number_risk': False}, 'home_line_proj': -5.25, 'model_name': 'Football_MarketBlend_v1', 'parlay_edge_score': 0.75, 'spread_distance': 0.25, 'spread_edge': -0.25, 'spread_pick': 'AWAY', 'total_distance': 0.5, 'total_edge': 0.5, 'total_pick': 'OVER', 'total_projection': 43.5}, 'Football_MarketConsensus_v1': {'context_flags': {'book_count': 11, 'source': 'market_consensus'}, 'home_line_proj': -5.5, 'model_name': 'Football_MarketConsensus_v1', 'parlay_edge_score': 0, 'spread_distance': 0.0, 'spread_edge': 0.0, 'spread_pick': '', 'total_distance': 0.0, 'total_edge': 0.0, 'total_pick': '', 'total_projection': 43.0}, 'Football_SpreadValue_v1': {'context_flags': {'book_count': 11.0, 'value_shift': 0.75}, 'home_line_proj': -4.75, 'model_name': 'Football_SpreadValue_v1', 'parlay_edge_score': 0.75, 'spread_distance': 0.75, 'spread_edge': -0.75, 'spread_pick': 'AWAY', 'total_distance': 0.0, 'total_edge': 0.0, 'total_pick': '', 'total_projection': 43.0}, 'Football_TotalValue_v1': {'context_flags': {'book_count': 11.0, 'total_value_rule': 'low_total_over_high_total_under'}, 'home_line_proj': -5.5, 'model_name': 'Football_TotalValue_v1', 'parlay_edge_score': 1.0, 'spread_distance': 0.0, 'spread_edge': 0.0, 'spread_pick': '', 'total_distance': 1.0, 'total_edge': 1.0, 'total_pick': 'OVER', 'total_projection': 44.0}}",225.0,225.0,-275.0,-275.0,66,4fead7bd0592ec121cc3baf72e3e21e0,2025-12-07T15:55:37Z,odds_api_flattened,5.5,-5.5,STATUS_FINAL,post,43.0,M&T Bank Stadium
nfl_401772792,2025-12-07,Tampa Bay Buccaneers,New Orleans Saints,-8.0,8.0,41.5,42.0,AWAY,-0.25,0.5,0.75,LOW,Football_MarketBlend_v1,Football_MarketBlend_v1,"{'blend_inputs': ['Football_MarketConsensus_v1', 'Football_SpreadValue_v1', 'Football_TotalValue_v1', 'Football_LineMovement_v1', 'Football_KeyNumberGuard_v1'], 'key_number_risk': False}","Game: New Orleans Saints @ Tampa Bay Buccaneers
Authority: Football_MarketBlend_v1
Market: Spread -8.0, Total 41.5
Projection: Margin -7.75, Total 42.0
Spread Pick: AWAY (edge -0.25)
Total Pick: OVER (edge 0.5)",-7.75,,,,OVER,ACTIVE,,"{'spread': None, 'total': None}",FOOTBALL_MARKET_BLEND,24,24,NO,11,FOOTBALL_MARKET_BLEND,2025-12-07T18:00:00Z,1,Football market blend edge clears threshold,11,False,,true,true,true,true,20,20,TB,nfl,odds_api_flattened_consensus,3,"{'Football_KeyNumberGuard_v1': {'context_flags': {'key_number_risk': False, 'key_numbers': [3, 7, 10]}, 'home_line_proj': -8.0, 'model_name': 'Football_KeyNumberGuard_v1', 'parlay_edge_score': 0, 'spread_distance': 0.0, 'spread_edge': 0.0, 'spread_pick': '', 'total_distance': 0.0, 'total_edge': 0.0, 'total_pick': '', 'total_projection': 41.5}, 'Football_LineMovement_v1': {'context_flags': {'movement_available': False}, 'home_line_proj': -8.0, 'model_name': 'Football_LineMovement_v1', 'parlay_edge_score': 0, 'spread_distance': 0.0, 'spread_edge': 0.0, 'spread_pick': '', 'total_distance': 0.0, 'total_edge': 0.0, 'total_pick': '', 'total_projection': 41.5}, 'Football_MarketBlend_v1': {'context_flags': {'blend_inputs': ['Football_MarketConsensus_v1', 'Football_SpreadValue_v1', 'Football_TotalValue_v1', 'Football_LineMovement_v1', 'Football_KeyNumberGuard_v1'], 'key_number_risk': False}, 'home_line_proj': -7.75, 'model_name': 'Football_MarketBlend_v1', 'parlay_edge_score': 0.75, 'spread_distance': 0.25, 'spread_edge': -0.25, 'spread_pick': 'AWAY', 'total_distance': 0.5, 'total_edge': 0.5, 'total_pick': 'OVER', 'total_projection': 42.0}, 'Football_MarketConsensus_v1': {'context_flags': {'book_count': 11, 'source': 'market_consensus'}, 'home_line_proj': -8.0, 'model_name': 'Football_MarketConsensus_v1', 'parlay_edge_score': 0, 'spread_distance': 0.0, 'spread_edge': 0.0, 'spread_pick': '', 'total_distance': 0.0, 'total_edge': 0.0, 'total_pick': '', 'total_projection': 41.5}, 'Football_SpreadValue_v1': {'context_flags': {'book_count': 11.0, 'value_shift': 0.75}, 'home_line_proj': -7.25, 'model_name': 'Football_SpreadValue_v1', 'parlay_edge_score': 0.75, 'spread_distance': 0.75, 'spread_edge': -0.75, 'spread_pick': 'AWAY', 'total_distance': 0.0, 'total_edge': 0.0, 'total_pick': '', 'total_projection': 41.5}, 'Football_TotalValue_v1': {'context_flags': {'book_count': 11.0, 'total_value_rule': 'low_total_over_high_total_under'}, 'home_line_proj': -8.0, 'model_name': 'Football_TotalValue_v1', 'parlay_edge_score': 1.0, 'spread_distance': 0.0, 'spread_edge': 0.0, 'spread_pick': '', 'total_distance': 1.0, 'total_edge': 1.0, 'total_pick': 'OVER', 'total_projection': 42.5}}",340.0,340.0,-440.0,-440.0,66,15555b4c7283dc6553e011dd6c8aea8d,2025-12-07T15:55:37Z,odds_api_flattened,8.0,-8.0,STATUS_FINAL,post,41.5,Raymond James Stadium
nfl_401772793,2025-12-07,Jacksonville Jaguars,Indianapolis Colts,1.5,-1.5,45.0,44.5,HOME,0.25,-0.5,0.75,LOW,Football_MarketBlend_v1,Football_MarketBlend_v1,"{'blend_inputs': ['Football_MarketConsensus_v1', 'Football_SpreadValue_v1', 'Football_TotalValue_v1', 'Football_LineMovement_v1', 'Football_KeyNumberGuard_v1'], 'key_number_risk': False}","Game: Indianapolis Colts @ Jacksonville Jaguars
Authority: Football_MarketBlend_v1
Market: Spread 1.5, Total 45.0
Projection: Margin 1.25, Total 44.5
Spread Pick: HOME (edge 0.25)
Total Pick: UNDER (edge -0.5)",1.25,,,,UNDER,ACTIVE,,"{'spread': None, 'total': None}",FOOTBALL_MARKET_BLEND,19,19,IND,11,FOOTBALL_MARKET_BLEND,2025-12-07T18:00:00Z,1,Football market blend edge clears threshold,11,False,,true,true,true,true,36,36,JAX,nfl,odds_api_flattened_consensus,3,"{'Football_KeyNumberGuard_v1': {'context_flags': {'key_number_risk': False, 'key_numbers': [3, 7, 10]}, 'home_line_proj': 1.5, 'model_name': 'Football_KeyNumberGuard_v1', 'parlay_edge_score': 0, 'spread_distance': 0.0, 'spread_edge': 0.0, 'spread_pick': '', 'total_distance': 0.0, 'total_edge': 0.0, 'total_pick': '', 'total_projection': 45.0}, 'Football_LineMovement_v1': {'context_flags': {'movement_available': False}, 'home_line_proj': 1.5, 'model_name': 'Football_LineMovement_v1', 'parlay_edge_score': 0, 'spread_distance': 0.0, 'spread_edge': 0.0, 'spread_pick': '', 'total_distance': 0.0, 'total_edge': 0.0, 'total_pick': '', 'total_projection': 45.0}, 'Football_MarketBlend_v1': {'context_flags': {'blend_inputs': ['Football_MarketConsensus_v1', 'Football_SpreadValue_v1', 'Football_TotalValue_v1', 'Football_LineMovement_v1', 'Football_KeyNumberGuard_v1'], 'key_number_risk': False}, 'home_line_proj': 1.25, 'model_name': 'Football_MarketBlend_v1', 'parlay_edge_score': 0.75, 'spread_distance': 0.25, 'spread_edge': 0.25, 'spread_pick': 'HOME', 'total_distance': 0.5, 'total_edge': -0.5, 'total_pick': 'UNDER', 'total_projection': 44.5}, 'Football_MarketConsensus_v1': {'context_flags': {'book_count': 11, 'source': 'market_consensus'}, 'home_line_proj': 1.5, 'model_name': 'Football_MarketConsensus_v1', 'parlay_edge_score': 0, 'spread_distance': 0.0, 'spread_edge': 0.0, 'spread_pick': '', 'total_distance': 0.0, 'total_edge': 0.0, 'total_pick': '', 'total_projection': 45.0}, 'Football_SpreadValue_v1': {'context_flags': {'book_count': 11.0, 'value_shift': -0.75}, 'home_line_proj': 0.75, 'model_name': 'Football_SpreadValue_v1', 'parlay_edge_score': 0.75, 'spread_distance': 0.75, 'spread_edge': 0.75, 'spread_pick': 'HOME', 'total_distance': 0.0, 'total_edge': 0.0, 'total_pick': '', 'total_projection': 45.0}, 'Football_TotalValue_v1': {'context_flags': {'book_count': 11.0, 'total_value_rule': 'low_total_over_high_total_under'}, 'home_line_proj': 1.5, 'model_name': 'Football_TotalValue_v1', 'parlay_edge_score': 1.0, 'spread_distance': 0.0, 'spread_edge': 0.0, 'spread_pick': '', 'total_distance': 1.0, 'total_edge': -1.0, 'total_pick': 'UNDER', 'total_projection': 44.0}}",-126.0,-126.0,106.0,106.0,66,4e289ac7d9b5663fd5a06881f2b1424d,2025-12-07T15:55:37Z,odds_api_flattened,-1.5,1.5,STATUS_FINAL,post,45.0,EverBank Stadium
nfl_401772794,2025-12-07,Las Vegas Raiders,Denver Broncos,8.0,-8.0,40.5,41.0,HOME,0.25,0.5,0.75,LOW,Football_MarketBlend_v1,Football_MarketBlend_v1,"{'blend_inputs': ['Football_MarketConsensus_v1', 'Football_SpreadValue_v1', 'Football_TotalValue_v1', 'Football_LineMovement_v1', 'Football_KeyNumberGuard_v1'], 'key_number_risk': False}","Game: Denver Broncos @ Las Vegas Raiders
Authority: Football_MarketBlend_v1
Market: Spread 8.0, Total 40.5
Projection: Margin 7.75, Total 41.0
Spread Pick: HOME (edge 0.25)
Total Pick: OVER (edge 0.5)",7.75,,,,OVER,ACTIVE,,"{'spread': None, 'total': None}",FOOTBALL_MARKET_BLEND,24,24,DEN,11,FOOTBALL_MARKET_BLEND,2025-12-07T21:05:00Z,1,Football market blend edge clears threshold,11,False,,true,true,true,true,17,17,LV,nfl,odds_api_flattened_consensus,3,"{'Football_KeyNumberGuard_v1': {'context_flags': {'key_number_risk': False, 'key_numbers': [3, 7, 10]}, 'home_line_proj': 8.0, 'model_name': 'Football_KeyNumberGuard_v1', 'parlay_edge_score': 0, 'spread_distance': 0.0, 'spread_edge': 0.0, 'spread_pick': '', 'total_distance': 0.0, 'total_edge': 0.0, 'total_pick': '', 'total_projection': 40.5}, 'Football_LineMovement_v1': {'context_flags': {'movement_available': False}, 'home_line_proj': 8.0, 'model_name': 'Football_LineMovement_v1', 'parlay_edge_score': 0, 'spread_distance': 0.0, 'spread_edge': 0.0, 'spread_pick': '', 'total_distance': 0.0, 'total_edge': 0.0, 'total_pick': '', 'total_projection': 40.5}, 'Football_MarketBlend_v1': {'context_flags': {'blend_inputs': ['Football_MarketConsensus_v1', 'Football_SpreadValue_v1', 'Football_TotalValue_v1', 'Football_LineMovement_v1', 'Football_KeyNumberGuard_v1'], 'key_number_risk': False}, 'home_line_proj': 7.75, 'model_name': 'Football_MarketBlend_v1', 'parlay_edge_score': 0.75, 'spread_distance': 0.25, 'spread_edge': 0.25, 'spread_pick': 'HOME', 'total_distance': 0.5, 'total_edge': 0.5, 'total_pick': 'OVER', 'total_projection': 41.0}, 'Football_MarketConsensus_v1': {'context_flags': {'book_count': 11, 'source': 'market_consensus'}, 'home_line_proj': 8.0, 'model_name': 'Football_MarketConsensus_v1', 'parlay_edge_score': 0, 'spread_distance': 0.0, 'spread_edge': 0.0, 'spread_pick': '', 'total_distance': 0.0, 'total_edge': 0.0, 'total_pick': '', 'total_projection': 40.5}, 'Football_SpreadValue_v1': {'context_flags': {'book_count': 11.0, 'value_shift': -0.75}, 'home_line_proj': 7.25, 'model_name': 'Football_SpreadValue_v1', 'parlay_edge_score': 0.75, 'spread_distance': 0.75, 'spread_edge': 0.75, 'spread_pick': 'HOME', 'total_distance': 0.0, 'total_edge': 0.0, 'total_pick': '', 'total_projection': 40.5}, 'Football_TotalValue_v1': {'context_flags': {'book_count': 11.0, 'total_value_rule': 'low_total_over_high_total_under'}, 'home_line_proj': 8.0, 'model_name': 'Football_TotalValue_v1', 'parlay_edge_score': 1.0, 'spread_distance': 0.0, 'spread_edge': 0.0, 'spread_pick': '', 'total_distance': 1.0, 'total_edge': 1.0, 'total_pick': 'OVER', 'total_projection': 41.5}}",-470.0,-470.0,356.0,356.0,66,d5fd126cbfea2ccd79962a17f0ef4463,2025-12-07T15:55:37Z,odds_api_flattened,-8.0,8.0,STATUS_FINAL,post,40.5,Allegiant Stadium
nfl_401772897,2025-12-07,Green Bay Packers,Chicago Bears,-6.5,6.5,44.0,44.5,,-0.25,0.5,0.75,LOW,Football_MarketBlend_v1,Football_MarketBlend_v1,"{'blend_inputs': ['Football_MarketConsensus_v1', 'Football_SpreadValue_v1', 'Football_TotalValue_v1', 'Football_LineMovement_v1', 'Football_KeyNumberGuard_v1'], 'key_number_risk': True, 'spread_veto': 'key_number_guard'}","Game: Chicago Bears @ Green Bay Packers
Authority: Football_MarketBlend_v1
Market: Spread -6.5, Total 44.0
Projection: Margin -6.25, Total 44.5
Spread Pick:  (edge -0.25)
Total Pick: OVER (edge 0.5)",-6.25,,,,OVER,ACTIVE,,"{'spread': None, 'total': None}",FOOTBALL_MARKET_BLEND,21,21,CHI,11,FOOTBALL_MARKET_BLEND,2025-12-07T21:25:00Z,1,Football market blend edge clears threshold,11,False,,true,true,true,true,28,28,GB,nfl,odds_api_flattened_consensus,3,"{'Football_KeyNumberGuard_v1': {'context_flags': {'key_number_risk': True, 'key_numbers': [3, 7, 10]}, 'home_line_proj': -6.5, 'model_name': 'Football_KeyNumberGuard_v1', 'parlay_edge_score': 0, 'spread_distance': 0.0, 'spread_edge': 0.0, 'spread_pick': '', 'total_distance': 0.0, 'total_edge': 0.0, 'total_pick': '', 'total_projection': 44.0}, 'Football_LineMovement_v1': {'context_flags': {'movement_available': False}, 'home_line_proj': -6.5, 'model_name': 'Football_LineMovement_v1', 'parlay_edge_score': 0, 'spread_distance': 0.0, 'spread_edge': 0.0, 'spread_pick': '', 'total_distance': 0.0, 'total_edge': 0.0, 'total_pick': '', 'total_projection': 44.0}, 'Football_MarketBlend_v1': {'context_flags': {'blend_inputs': ['Football_MarketConsensus_v1', 'Football_SpreadValue_v1', 'Football_TotalValue_v1', 'Football_LineMovement_v1', 'Football_KeyNumberGuard_v1'], 'key_number_risk': True, 'spread_veto': 'key_number_guard'}, 'home_line_proj': -6.25, 'model_name': 'Football_MarketBlend_v1', 'parlay_edge_score': 0.75, 'spread_distance': 0.25, 'spread_edge': -0.25, 'spread_pick': '', 'total_distance': 0.5, 'total_edge': 0.5, 'total_pick': 'OVER', 'total_projection': 44.5}, 'Football_MarketConsensus_v1': {'context_flags': {'book_count': 11, 'source': 'market_consensus'}, 'home_line_proj': -6.5, 'model_name': 'Football_MarketConsensus_v1', 'parlay_edge_score': 0, 'spread_distance': 0.0, 'spread_edge': 0.0, 'spread_pick': '', 'total_distance': 0.0, 'total_edge': 0.0, 'total_pick': '', 'total_projection': 44.0}, 'Football_SpreadValue_v1': {'context_flags': {'book_count': 11.0, 'value_shift': 0.75}, 'home_line_proj': -5.75, 'model_name': 'Football_SpreadValue_v1', 'parlay_edge_score': 0.75, 'spread_distance': 0.75, 'spread_edge': -0.75, 'spread_pick': 'AWAY', 'total_distance': 0.0, 'total_edge': 0.0, 'total_pick': '', 'total_projection': 44.0}, 'Football_TotalValue_v1': {'context_flags': {'book_count': 11.0, 'total_value_rule': 'low_total_over_high_total_under'}, 'home_line_proj': -6.5, 'model_name': 'Football_TotalValue_v1', 'parlay_edge_score': 1.0, 'spread_distance': 0.0, 'spread_edge': 0.0, 'spread_pick': '', 'total_distance': 1.0, 'total_edge': 1.0, 'total_pick': 'OVER', 'total_projection': 45.0}}",250.0,250.0,-315.0,-315.0,66,5b1211b476d0afa2b57133c9603583b6,2025-12-07T15:55:37Z,odds_api_flattened,6.5,-6.5,STATUS_FINAL,post,44.0,Lambeau Field
nfl_401772898,2025-12-07,Cleveland Browns,Tennessee Titans,-3.5,3.5,33.5,34.0,,-0.25,0.5,0.75,LOW,Football_MarketBlend_v1,Football_MarketBlend_v1,"{'blend_inputs': ['Football_MarketConsensus_v1', 'Football_SpreadValue_v1', 'Football_TotalValue_v1', 'Football_LineMovement_v1', 'Football_KeyNumberGuard_v1'], 'key_number_risk': True, 'spread_veto': 'key_number_guard'}","Game: Tennessee Titans @ Cleveland Browns
Authority: Football_MarketBlend_v1
Market: Spread -3.5, Total 33.5
Projection: Margin -3.25, Total 34.0
Spread Pick:  (edge -0.25)
Total Pick: OVER (edge 0.5)",-3.25,,,,OVER,ACTIVE,,"{'spread': None, 'total': None}",FOOTBALL_MARKET_BLEND,31,31,TEN,11,FOOTBALL_MARKET_BLEND,2025-12-07T18:00:00Z,1,Football market blend edge clears threshold,11,False,,true,true,true,true,29,29,CLE,nfl,odds_api_flattened_consensus,3,"{'Football_KeyNumberGuard_v1': {'context_flags': {'key_number_risk': True, 'key_numbers': [3, 7, 10]}, 'home_line_proj': -3.5, 'model_name': 'Football_KeyNumberGuard_v1', 'parlay_edge_score': 0, 'spread_distance': 0.0, 'spread_edge': 0.0, 'spread_pick': '', 'total_distance': 0.0, 'total_edge': 0.0, 'total_pick': '', 'total_projection': 33.5}, 'Football_LineMovement_v1': {'context_flags': {'movement_available': False}, 'home_line_proj': -3.5, 'model_name': 'Football_LineMovement_v1', 'parlay_edge_score': 0, 'spread_distance': 0.0, 'spread_edge': 0.0, 'spread_pick': '', 'total_distance': 0.0, 'total_edge': 0.0, 'total_pick': '', 'total_projection': 33.5}, 'Football_MarketBlend_v1': {'context_flags': {'blend_inputs': ['Football_MarketConsensus_v1', 'Football_SpreadValue_v1', 'Football_TotalValue_v1', 'Football_LineMovement_v1', 'Football_KeyNumberGuard_v1'], 'key_number_risk': True, 'spread_veto': 'key_number_guard'}, 'home_line_proj': -3.25, 'model_name': 'Football_MarketBlend_v1', 'parlay_edge_score': 0.75, 'spread_distance': 0.25, 'spread_edge': -0.25, 'spread_pick': '', 'total_distance': 0.5, 'total_edge': 0.5, 'total_pick': 'OVER', 'total_projection': 34.0}, 'Football_MarketConsensus_v1': {'context_flags': {'book_count': 11, 'source': 'market_consensus'}, 'home_line_proj': -3.5, 'model_name': 'Football_MarketConsensus_v1', 'parlay_edge_score': 0, 'spread_distance': 0.0, 'spread_edge': 0.0, 'spread_pick': '', 'total_distance': 0.0, 'total_edge': 0.0, 'total_pick': '', 'total_projection': 33.5}, 'Football_SpreadValue_v1': {'context_flags': {'book_count': 11.0, 'value_shift': 0.75}, 'home_line_proj': -2.75, 'model_name': 'Football_SpreadValue_v1', 'parlay_edge_score': 0.75, 'spread_distance': 0.75, 'spread_edge': -0.75, 'spread_pick': 'AWAY', 'total_distance': 0.0, 'total_edge': 0.0, 'total_pick': '', 'total_projection': 33.5}, 'Football_TotalValue_v1': {'context_flags': {'book_count': 11.0, 'total_value_rule': 'low_total_over_high_total_under'}, 'home_line_proj': -3.5, 'model_name': 'Football_TotalValue_v1', 'parlay_edge_score': 1.0, 'spread_distance': 0.0, 'spread_edge': 0.0, 'spread_pick': '', 'total_distance': 1.0, 'total_edge': 1.0, 'total_pick': 'OVER', 'total_projection': 34.5}}",165.0,165.0,-200.0,-200.0,66,f95be6b9bd8ce1208f766cbaae8a4822,2025-12-07T15:55:37Z,odds_api_flattened,3.5,-3.5,STATUS_FINAL,post,33.5,Huntington Bank Field
nfl_401772899,2025-12-07,Minnesota Vikings,Washington Commanders,1.0,-1.0,43.5,44.0,HOME,0.25,0.5,0.75,LOW,Football_MarketBlend_v1,Football_MarketBlend_v1,"{'blend_inputs': ['Football_MarketConsensus_v1', 'Football_SpreadValue_v1', 'Football_TotalValue_v1', 'Football_LineMovement_v1', 'Football_KeyNumberGuard_v1'], 'key_number_risk': False}","Game: Washington Commanders @ Minnesota Vikings
Authority: Football_MarketBlend_v1
Market: Spread 1.0, Total 43.5
Projection: Margin 0.75, Total 44.0
Spread Pick: HOME (edge 0.25)
Total Pick: OVER (edge 0.5)",0.75,,,,OVER,ACTIVE,,"{'spread': None, 'total': None}",FOOTBALL_MARKET_BLEND,0,0,WAS,11,FOOTBALL_MARKET_BLEND,2025-12-07T18:00:00Z,1,Football market blend edge clears threshold,11,False,,true,true,true,true,31,31,MIN,nfl,odds_api_flattened_consensus,3,"{'Football_KeyNumberGuard_v1': {'context_flags': {'key_number_risk': False, 'key_numbers': [3, 7, 10]}, 'home_line_proj': 1.0, 'model_name': 'Football_KeyNumberGuard_v1', 'parlay_edge_score': 0, 'spread_distance': 0.0, 'spread_edge': 0.0, 'spread_pick': '', 'total_distance': 0.0, 'total_edge': 0.0, 'total_pick': '', 'total_projection': 43.5}, 'Football_LineMovement_v1': {'context_flags': {'movement_available': False}, 'home_line_proj': 1.0, 'model_name': 'Football_LineMovement_v1', 'parlay_edge_score': 0, 'spread_distance': 0.0, 'spread_edge': 0.0, 'spread_pick': '', 'total_distance': 0.0, 'total_edge': 0.0, 'total_pick': '', 'total_projection': 43.5}, 'Football_MarketBlend_v1': {'context_flags': {'blend_inputs': ['Football_MarketConsensus_v1', 'Football_SpreadValue_v1', 'Football_TotalValue_v1', 'Football_LineMovement_v1', 'Football_KeyNumberGuard_v1'], 'key_number_risk': False}, 'home_line_proj': 0.75, 'model_name': 'Football_MarketBlend_v1', 'parlay_edge_score': 0.75, 'spread_distance': 0.25, 'spread_edge': 0.25, 'spread_pick': 'HOME', 'total_distance': 0.5, 'total_edge': 0.5, 'total_pick': 'OVER', 'total_projection': 44.0}, 'Football_MarketConsensus_v1': {'context_flags': {'book_count': 11, 'source': 'market_consensus'}, 'home_line_proj': 1.0, 'model_name': 'Football_MarketConsensus_v1', 'parlay_edge_score': 0, 'spread_distance': 0.0, 'spread_edge': 0.0, 'spread_pick': '', 'total_distance': 0.0, 'total_edge': 0.0, 'total_pick': '', 'total_projection': 43.5}, 'Football_SpreadValue_v1': {'context_flags': {'book_count': 11.0, 'value_shift': -0.75}, 'home_line_proj': 0.25, 'model_name': 'Football_SpreadValue_v1', 'parlay_edge_score': 0.75, 'spread_distance': 0.75, 'spread_edge': 0.75, 'spread_pick': 'HOME', 'total_distance': 0.0, 'total_edge': 0.0, 'total_pick': '', 'total_projection': 43.5}, 'Football_TotalValue_v1': {'context_flags': {'book_count': 11.0, 'total_value_rule': 'low_total_over_high_total_under'}, 'home_line_proj': 1.0, 'model_name': 'Football_TotalValue_v1', 'parlay_edge_score': 1.0, 'spread_distance': 0.0, 'spread_edge': 0.0, 'spread_pick': '', 'total_distance': 1.0, 'total_edge': 1.0, 'total_pick': 'OVER', 'total_projection': 44.5}}",-116.0,-116.0,-105.0,-105.0,66,58b16c4033587f5662ff365bce2dbb92,2025-12-07T15:55:37Z,odds_api_flattened,-1.0,1.0,STATUS_FINAL,post,43.5,U.S. Bank Stadium
nfl_401772900,2025-12-07,Atlanta Falcons,Seattle Seahawks,6.5,-6.5,44.5,45.0,,0.25,0.5,0.75,LOW,Football_MarketBlend_v1,Football_MarketBlend_v1,"{'blend_inputs': ['Football_MarketConsensus_v1', 'Football_SpreadValue_v1', 'Football_TotalValue_v1', 'Football_LineMovement_v1', 'Football_KeyNumberGuard_v1'], 'key_number_risk': True, 'spread_veto': 'key_number_guard'}","Game: Seattle Seahawks @ Atlanta Falcons
Authority: Football_MarketBlend_v1
Market: Spread 6.5, Total 44.5
Projection: Margin 6.25, Total 45.0
Spread Pick:  (edge 0.25)
Total Pick: OVER (edge 0.5)",6.25,,,,OVER,ACTIVE,,"{'spread': None, 'total': None}",FOOTBALL_MARKET_BLEND,37,37,SEA,11,FOOTBALL_MARKET_BLEND,2025-12-07T18:00:00Z,1,Football market blend edge clears threshold,11,False,,true,true,true,true,9,9,ATL,nfl,odds_api_flattened_consensus,3,"{'Football_KeyNumberGuard_v1': {'context_flags': {'key_number_risk': True, 'key_numbers': [3, 7, 10]}, 'home_line_proj': 6.5, 'model_name': 'Football_KeyNumberGuard_v1', 'parlay_edge_score': 0, 'spread_distance': 0.0, 'spread_edge': 0.0, 'spread_pick': '', 'total_distance': 0.0, 'total_edge': 0.0, 'total_pick': '', 'total_projection': 44.5}, 'Football_LineMovement_v1': {'context_flags': {'movement_available': False}, 'home_line_proj': 6.5, 'model_name': 'Football_LineMovement_v1', 'parlay_edge_score': 0, 'spread_distance': 0.0, 'spread_edge': 0.0, 'spread_pick': '', 'total_distance': 0.0, 'total_edge': 0.0, 'total_pick': '', 'total_projection': 44.5}, 'Football_MarketBlend_v1': {'context_flags': {'blend_inputs': ['Football_MarketConsensus_v1', 'Football_SpreadValue_v1', 'Football_TotalValue_v1', 'Football_LineMovement_v1', 'Football_KeyNumberGuard_v1'], 'key_number_risk': True, 'spread_veto': 'key_number_guard'}, 'home_line_proj': 6.25, 'model_name': 'Football_MarketBlend_v1', 'parlay_edge_score': 0.75, 'spread_distance': 0.25, 'spread_edge': 0.25, 'spread_pick': '', 'total_distance': 0.5, 'total_edge': 0.5, 'total_pick': 'OVER', 'total_projection': 45.0}, 'Football_MarketConsensus_v1': {'context_flags': {'book_count': 11, 'source': 'market_consensus'}, 'home_line_proj': 6.5, 'model_name': 'Football_MarketConsensus_v1', 'parlay_edge_score': 0, 'spread_distance': 0.0, 'spread_edge': 0.0, 'spread_pick': '', 'total_distance': 0.0, 'total_edge': 0.0, 'total_pick': '', 'total_projection': 44.5}, 'Football_SpreadValue_v1': {'context_flags': {'book_count': 11.0, 'value_shift': -0.75}, 'home_line_proj': 5.75, 'model_name': 'Football_SpreadValue_v1', 'parlay_edge_score': 0.75, 'spread_distance': 0.75, 'spread_edge': 0.75, 'spread_pick': 'HOME', 'total_distance': 0.0, 'total_edge': 0.0, 'total_pick': '', 'total_projection': 44.5}, 'Football_TotalValue_v1': {'context_flags': {'book_count': 11.0, 'total_value_rule': 'low_total_over_high_total_under'}, 'home_line_proj': 6.5, 'model_name': 'Football_TotalValue_v1', 'parlay_edge_score': 1.0, 'spread_distance': 0.0, 'spread_edge': 0.0, 'spread_pick': '', 'total_distance': 1.0, 'total_edge': 1.0, 'total_pick': 'OVER', 'total_projection': 45.5}}",-345.0,-345.0,266.0,266.0,66,f0bdd27bbed46dfc3d0657500c95a96c,2025-12-07T15:55:37Z,odds_api_flattened,-6.5,6.5,STATUS_FINAL,post,44.5,Mercedes-Benz Stadium
nfl_401772901,2025-12-07,Arizona Cardinals,Los Angeles Rams,9.5,-9.5,48.5,48.0,,0.25,-0.5,0.75,LOW,Football_MarketBlend_v1,Football_MarketBlend_v1,"{'blend_inputs': ['Football_MarketConsensus_v1', 'Football_SpreadValue_v1', 'Football_TotalValue_v1', 'Football_LineMovement_v1', 'Football_KeyNumberGuard_v1'], 'key_number_risk': True, 'spread_veto': 'key_number_guard'}","Game: Los Angeles Rams @ Arizona Cardinals
Authority: Football_MarketBlend_v1
Market: Spread 9.5, Total 48.5
Projection: Margin 9.25, Total 48.0
Spread Pick:  (edge 0.25)
Total Pick: UNDER (edge -0.5)",9.25,,,,UNDER,ACTIVE,,"{'spread': None, 'total': None}",FOOTBALL_MARKET_BLEND,45,45,LAR,11,FOOTBALL_MARKET_BLEND,2025-12-07T21:25:00Z,1,Football market blend edge clears threshold,11,False,,true,true,true,true,17,17,ARI,nfl,odds_api_flattened_consensus,3,"{'Football_KeyNumberGuard_v1': {'context_flags': {'key_number_risk': True, 'key_numbers': [3, 7, 10]}, 'home_line_proj': 9.5, 'model_name': 'Football_KeyNumberGuard_v1', 'parlay_edge_score': 0, 'spread_distance': 0.0, 'spread_edge': 0.0, 'spread_pick': '', 'total_distance': 0.0, 'total_edge': 0.0, 'total_pick': '', 'total_projection': 48.5}, 'Football_LineMovement_v1': {'context_flags': {'movement_available': False}, 'home_line_proj': 9.5, 'model_name': 'Football_LineMovement_v1', 'parlay_edge_score': 0, 'spread_distance': 0.0, 'spread_edge': 0.0, 'spread_pick': '', 'total_distance': 0.0, 'total_edge': 0.0, 'total_pick': '', 'total_projection': 48.5}, 'Football_MarketBlend_v1': {'context_flags': {'blend_inputs': ['Football_MarketConsensus_v1', 'Football_SpreadValue_v1', 'Football_TotalValue_v1', 'Football_LineMovement_v1', 'Football_KeyNumberGuard_v1'], 'key_number_risk': True, 'spread_veto': 'key_number_guard'}, 'home_line_proj': 9.25, 'model_name': 'Football_MarketBlend_v1', 'parlay_edge_score': 0.75, 'spread_distance': 0.25, 'spread_edge': 0.25, 'spread_pick': '', 'total_distance': 0.5, 'total_edge': -0.5, 'total_pick': 'UNDER', 'total_projection': 48.0}, 'Football_MarketConsensus_v1': {'context_flags': {'book_count': 11, 'source': 'market_consensus'}, 'home_line_proj': 9.5, 'model_name': 'Football_MarketConsensus_v1', 'parlay_edge_score': 0, 'spread_distance': 0.0, 'spread_edge': 0.0, 'spread_pick': '', 'total_distance': 0.0, 'total_edge': 0.0, 'total_pick': '', 'total_projection': 48.5}, 'Football_SpreadValue_v1': {'context_flags': {'book_count': 11.0, 'value_shift': -0.75}, 'home_line_proj': 8.75, 'model_name': 'Football_SpreadValue_v1', 'parlay_edge_score': 0.75, 'spread_distance': 0.75, 'spread_edge': 0.75, 'spread_pick': 'HOME', 'total_distance': 0.0, 'total_edge': 0.0, 'total_pick': '', 'total_projection': 48.5}, 'Football_TotalValue_v1': {'context_flags': {'book_count': 11.0, 'total_value_rule': 'low_total_over_high_total_under'}, 'home_line_proj': 9.5, 'model_name': 'Football_TotalValue_v1', 'parlay_edge_score': 1.0, 'spread_distance': 0.0, 'spread_edge': 0.0, 'spread_pick': '', 'total_distance': 1.0, 'total_edge': -1.0, 'total_pick': 'UNDER', 'total_projection': 47.5}}",-500.0,-500.0,374.0,374.0,66,12bbffdcd65d53436b56c68a811ca610,2025-12-07T15:55:37Z,odds_api_flattened,-9.5,9.5,STATUS_FINAL,post,48.5,State Farm Stadium
nfl_401772902,2025-12-07,Buffalo Bills,Cincinnati Bengals,-6.0,6.0,54.5,54.0,AWAY,-0.25,-0.5,0.75,LOW,Football_MarketBlend_v1,Football_MarketBlend_v1,"{'blend_inputs': ['Football_MarketConsensus_v1', 'Football_SpreadValue_v1', 'Football_TotalValue_v1', 'Football_LineMovement_v1', 'Football_KeyNumberGuard_v1'], 'key_number_risk': False}","Game: Cincinnati Bengals @ Buffalo Bills
Authority: Football_MarketBlend_v1
Market: Spread -6.0, Total 54.5
Projection: Margin -5.75, Total 54.0
Spread Pick: AWAY (edge -0.25)
Total Pick: UNDER (edge -0.5)",-5.75,,,,UNDER,ACTIVE,,"{'spread': None, 'total': None}",FOOTBALL_MARKET_BLEND,34,34,CIN,11,FOOTBALL_MARKET_BLEND,2025-12-07T18:00:00Z,1,Football market blend edge clears threshold,11,False,,true,true,true,true,39,39,BUF,nfl,odds_api_flattened_consensus,3,"{'Football_KeyNumberGuard_v1': {'context_flags': {'key_number_risk': False, 'key_numbers': [3, 7, 10]}, 'home_line_proj': -6.0, 'model_name': 'Football_KeyNumberGuard_v1', 'parlay_edge_score': 0, 'spread_distance': 0.0, 'spread_edge': 0.0, 'spread_pick': '', 'total_distance': 0.0, 'total_edge': 0.0, 'total_pick': '', 'total_projection': 54.5}, 'Football_LineMovement_v1': {'context_flags': {'movement_available': False}, 'home_line_proj': -6.0, 'model_name': 'Football_LineMovement_v1', 'parlay_edge_score': 0, 'spread_distance': 0.0, 'spread_edge': 0.0, 'spread_pick': '', 'total_distance': 0.0, 'total_edge': 0.0, 'total_pick': '', 'total_projection': 54.5}, 'Football_MarketBlend_v1': {'context_flags': {'blend_inputs': ['Football_MarketConsensus_v1', 'Football_SpreadValue_v1', 'Football_TotalValue_v1', 'Football_LineMovement_v1', 'Football_KeyNumberGuard_v1'], 'key_number_risk': False}, 'home_line_proj': -5.75, 'model_name': 'Football_MarketBlend_v1', 'parlay_edge_score': 0.75, 'spread_distance': 0.25, 'spread_edge': -0.25, 'spread_pick': 'AWAY', 'total_distance': 0.5, 'total_edge': -0.5, 'total_pick': 'UNDER', 'total_projection': 54.0}, 'Football_MarketConsensus_v1': {'context_flags': {'book_count': 11, 'source': 'market_consensus'}, 'home_line_proj': -6.0, 'model_name': 'Football_MarketConsensus_v1', 'parlay_edge_score': 0, 'spread_distance': 0.0, 'spread_edge': 0.0, 'spread_pick': '', 'total_distance': 0.0, 'total_edge': 0.0, 'total_pick': '', 'total_projection': 54.5}, 'Football_SpreadValue_v1': {'context_flags': {'book_count': 11.0, 'value_shift': 0.75}, 'home_line_proj': -5.25, 'model_name': 'Football_SpreadValue_v1', 'parlay_edge_score': 0.75, 'spread_distance': 0.75, 'spread_edge': -0.75, 'spread_pick': 'AWAY', 'total_distance': 0.0, 'total_edge': 0.0, 'total_pick': '', 'total_projection': 54.5}, 'Football_TotalValue_v1': {'context_flags': {'book_count': 11.0, 'total_value_rule': 'low_total_over_high_total_under'}, 'home_line_proj': -6.0, 'model_name': 'Football_TotalValue_v1', 'parlay_edge_score': 1.0, 'spread_distance': 0.0, 'spread_edge': 0.0, 'spread_pick': '', 'total_distance': 1.0, 'total_edge': -1.0, 'total_pick': 'UNDER', 'total_projection': 53.5}}",225.0,225.0,-275.0,-275.0,66,c67c327076a98a3a1c4a5eb32e5a80c2,2025-12-07T15:55:37Z,odds_api_flattened,6.0,-6.0,STATUS_FINAL,post,54.5,Highmark Stadium (Old)
nfl_401772932,2025-12-08,Kansas City Chiefs,Houston Texans,-4.0,4.0,41.5,42.0,AWAY,-0.25,0.5,0.75,LOW,Football_MarketBlend_v1,Football_MarketBlend_v1,"{'blend_inputs': ['Football_MarketConsensus_v1', 'Football_SpreadValue_v1', 'Football_TotalValue_v1', 'Football_LineMovement_v1', 'Football_KeyNumberGuard_v1'], 'key_number_risk': False}","Game: Houston Texans @ Kansas City Chiefs
Authority: Football_MarketBlend_v1
Market: Spread -4.0, Total 41.5
Projection: Margin -3.75, Total 42.0
Spread Pick: AWAY (edge -0.25)
Total Pick: OVER (edge 0.5)",-3.75,,,,OVER,ACTIVE,,"{'spread': None, 'total': None}",FOOTBALL_MARKET_BLEND,20,20,HOU,11,FOOTBALL_MARKET_BLEND,2025-12-08T01:20:00Z,1,Football market blend edge clears threshold,11,False,,true,true,true,true,10,10,KC,nfl,odds_api_flattened_consensus,3,"{'Football_KeyNumberGuard_v1': {'context_flags': {'key_number_risk': False, 'key_numbers': [3, 7, 10]}, 'home_line_proj': -4.0, 'model_name': 'Football_KeyNumberGuard_v1', 'parlay_edge_score': 0, 'spread_distance': 0.0, 'spread_edge': 0.0, 'spread_pick': '', 'total_distance': 0.0, 'total_edge': 0.0, 'total_pick': '', 'total_projection': 41.5}, 'Football_LineMovement_v1': {'context_flags': {'movement_available': False}, 'home_line_proj': -4.0, 'model_name': 'Football_LineMovement_v1', 'parlay_edge_score': 0, 'spread_distance': 0.0, 'spread_edge': 0.0, 'spread_pick': '', 'total_distance': 0.0, 'total_edge': 0.0, 'total_pick': '', 'total_projection': 41.5}, 'Football_MarketBlend_v1': {'context_flags': {'blend_inputs': ['Football_MarketConsensus_v1', 'Football_SpreadValue_v1', 'Football_TotalValue_v1', 'Football_LineMovement_v1', 'Football_KeyNumberGuard_v1'], 'key_number_risk': False}, 'home_line_proj': -3.75, 'model_name': 'Football_MarketBlend_v1', 'parlay_edge_score': 0.75, 'spread_distance': 0.25, 'spread_edge': -0.25, 'spread_pick': 'AWAY', 'total_distance': 0.5, 'total_edge': 0.5, 'total_pick': 'OVER', 'total_projection': 42.0}, 'Football_MarketConsensus_v1': {'context_flags': {'book_count': 11, 'source': 'market_consensus'}, 'home_line_proj': -4.0, 'model_name': 'Football_MarketConsensus_v1', 'parlay_edge_score': 0, 'spread_distance': 0.0, 'spread_edge': 0.0, 'spread_pick': '', 'total_distance': 0.0, 'total_edge': 0.0, 'total_pick': '', 'total_projection': 41.5}, 'Football_SpreadValue_v1': {'context_flags': {'book_count': 11.0, 'value_shift': 0.75}, 'home_line_proj': -3.25, 'model_name': 'Football_SpreadValue_v1', 'parlay_edge_score': 0.75, 'spread_distance': 0.75, 'spread_edge': -0.75, 'spread_pick': 'AWAY', 'total_distance': 0.0, 'total_edge': 0.0, 'total_pick': '', 'total_projection': 41.5}, 'Football_TotalValue_v1': {'context_flags': {'book_count': 11.0, 'total_value_rule': 'low_total_over_high_total_under'}, 'home_line_proj': -4.0, 'model_name': 'Football_TotalValue_v1', 'parlay_edge_score': 1.0, 'spread_distance': 0.0, 'spread_edge': 0.0, 'spread_pick': '', 'total_distance': 1.0, 'total_edge': 1.0, 'total_pick': 'OVER', 'total_projection': 42.5}}",170.0,170.0,-210.0,-210.0,66,4727a6cfcd3d604dbfcb898c5a4d40a6,2025-12-07T15:55:37Z,odds_api_flattened,4.0,-4.0,STATUS_FINAL,post,41.5,GEHA Field at Arrowhead Stadium
nfl_401772822,2025-12-09,Los Angeles Chargers,Philadelphia Eagles,2.0,-2.0,41.5,42.0,HOME,0.25,0.5,0.75,LOW,Football_MarketBlend_v1,Football_MarketBlend_v1,"{'blend_inputs': ['Football_MarketConsensus_v1', 'Football_SpreadValue_v1', 'Football_TotalValue_v1', 'Football_LineMovement_v1', 'Football_KeyNumberGuard_v1'], 'key_number_risk': False}","Game: Philadelphia Eagles @ Los Angeles Chargers
Authority: Football_MarketBlend_v1
Market: Spread 2.0, Total 41.5
Projection: Margin 1.75, Total 42.0
Spread Pick: HOME (edge 0.25)
Total Pick: OVER (edge 0.5)",1.75,,,,OVER,ACTIVE,,"{'spread': None, 'total': None}",FOOTBALL_MARKET_BLEND,19,19,PHI,11,FOOTBALL_MARKET_BLEND,2025-12-09T01:15:00Z,1,Football market blend edge clears threshold,11,False,,true,true,true,true,22,22,LAC,nfl,odds_api_flattened_consensus,3,"{'Football_KeyNumberGuard_v1': {'context_flags': {'key_number_risk': False, 'key_numbers': [3, 7, 10]}, 'home_line_proj': 2.0, 'model_name': 'Football_KeyNumberGuard_v1', 'parlay_edge_score': 0, 'spread_distance': 0.0, 'spread_edge': 0.0, 'spread_pick': '', 'total_distance': 0.0, 'total_edge': 0.0, 'total_pick': '', 'total_projection': 41.5}, 'Football_LineMovement_v1': {'context_flags': {'movement_available': False}, 'home_line_proj': 2.0, 'model_name': 'Football_LineMovement_v1', 'parlay_edge_score': 0, 'spread_distance': 0.0, 'spread_edge': 0.0, 'spread_pick': '', 'total_distance': 0.0, 'total_edge': 0.0, 'total_pick': '', 'total_projection': 41.5}, 'Football_MarketBlend_v1': {'context_flags': {'blend_inputs': ['Football_MarketConsensus_v1', 'Football_SpreadValue_v1', 'Football_TotalValue_v1', 'Football_LineMovement_v1', 'Football_KeyNumberGuard_v1'], 'key_number_risk': False}, 'home_line_proj': 1.75, 'model_name': 'Football_MarketBlend_v1', 'parlay_edge_score': 0.75, 'spread_distance': 0.25, 'spread_edge': 0.25, 'spread_pick': 'HOME', 'total_distance': 0.5, 'total_edge': 0.5, 'total_pick': 'OVER', 'total_projection': 42.0}, 'Football_MarketConsensus_v1': {'context_flags': {'book_count': 11, 'source': 'market_consensus'}, 'home_line_proj': 2.0, 'model_name': 'Football_MarketConsensus_v1', 'parlay_edge_score': 0, 'spread_distance': 0.0, 'spread_edge': 0.0, 'spread_pick': '', 'total_distance': 0.0, 'total_edge': 0.0, 'total_pick': '', 'total_projection': 41.5}, 'Football_SpreadValue_v1': {'context_flags': {'book_count': 11.0, 'value_shift': -0.75}, 'home_line_proj': 1.25, 'model_name': 'Football_SpreadValue_v1', 'parlay_edge_score': 0.75, 'spread_distance': 0.75, 'spread_edge': 0.75, 'spread_pick': 'HOME', 'total_distance': 0.0, 'total_edge': 0.0, 'total_pick': '', 'total_projection': 41.5}, 'Football_TotalValue_v1': {'context_flags': {'book_count': 11.0, 'total_value_rule': 'low_total_over_high_total_under'}, 'home_line_proj': 2.0, 'model_name': 'Football_TotalValue_v1', 'parlay_edge_score': 1.0, 'spread_distance': 0.0, 'spread_edge': 0.0, 'spread_pick': '', 'total_distance': 1.0, 'total_edge': 1.0, 'total_pick': 'OVER', 'total_projection': 42.5}}",-136.0,-136.0,115.0,115.0,66,5d7b12c34454df4ff2c59a15ca58e63f,2025-12-08T15:55:37Z,odds_api_flattened,-2.0,2.0,STATUS_FINAL,post,41.5,SoFi Stadium
nfl_401772948,2025-12-12,Tampa Bay Buccaneers,Atlanta Falcons,-5.0,5.0,44.0,44.5,AWAY,-0.25,0.5,0.75,LOW,Football_MarketBlend_v1,Football_MarketBlend_v1,"{'blend_inputs': ['Football_MarketConsensus_v1', 'Football_SpreadValue_v1', 'Football_TotalValue_v1', 'Football_LineMovement_v1', 'Football_KeyNumberGuard_v1'], 'key_number_risk': False}","Game: Atlanta Falcons @ Tampa Bay Buccaneers
Authority: Football_MarketBlend_v1
Market: Spread -5.0, Total 44.0
Projection: Margin -4.75, Total 44.5
Spread Pick: AWAY (edge -0.25)
Total Pick: OVER (edge 0.5)",-4.75,,,,OVER,ACTIVE,,"{'spread': None, 'total': None}",FOOTBALL_MARKET_BLEND,29,29,ATL,11,FOOTBALL_MARKET_BLEND,2025-12-12T01:15:00Z,1,Football market blend edge clears threshold,11,False,,true,true,true,true,28,28,TB,nfl,odds_api_flattened_consensus,3,"{'Football_KeyNumberGuard_v1': {'context_flags': {'key_number_risk': False, 'key_numbers': [3, 7, 10]}, 'home_line_proj': -5.0, 'model_name': 'Football_KeyNumberGuard_v1', 'parlay_edge_score': 0, 'spread_distance': 0.0, 'spread_edge': 0.0, 'spread_pick': '', 'total_distance': 0.0, 'total_edge': 0.0, 'total_pick': '', 'total_projection': 44.0}, 'Football_LineMovement_v1': {'context_flags': {'movement_available': False}, 'home_line_proj': -5.0, 'model_name': 'Football_LineMovement_v1', 'parlay_edge_score': 0, 'spread_distance': 0.0, 'spread_edge': 0.0, 'spread_pick': '', 'total_distance': 0.0, 'total_edge': 0.0, 'total_pick': '', 'total_projection': 44.0}, 'Football_MarketBlend_v1': {'context_flags': {'blend_inputs': ['Football_MarketConsensus_v1', 'Football_SpreadValue_v1', 'Football_TotalValue_v1', 'Football_LineMovement_v1', 'Football_KeyNumberGuard_v1'], 'key_number_risk': False}, 'home_line_proj': -4.75, 'model_name': 'Football_MarketBlend_v1', 'parlay_edge_score': 0.75, 'spread_distance': 0.25, 'spread_edge': -0.25, 'spread_pick': 'AWAY', 'total_distance': 0.5, 'total_edge': 0.5, 'total_pick': 'OVER', 'total_projection': 44.5}, 'Football_MarketConsensus_v1': {'context_flags': {'book_count': 11, 'source': 'market_consensus'}, 'home_line_proj': -5.0, 'model_name': 'Football_MarketConsensus_v1', 'parlay_edge_score': 0, 'spread_distance': 0.0, 'spread_edge': 0.0, 'spread_pick': '', 'total_distance': 0.0, 'total_edge': 0.0, 'total_pick': '', 'total_projection': 44.0}, 'Football_SpreadValue_v1': {'context_flags': {'book_count': 11.0, 'value_shift': 0.75}, 'home_line_proj': -4.25, 'model_name': 'Football_SpreadValue_v1', 'parlay_edge_score': 0.75, 'spread_distance': 0.75, 'spread_edge': -0.75, 'spread_pick': 'AWAY', 'total_distance': 0.0, 'total_edge': 0.0, 'total_pick': '', 'total_projection': 44.0}, 'Football_TotalValue_v1': {'context_flags': {'book_count': 11.0, 'total_value_rule': 'low_total_over_high_total_under'}, 'home_line_proj': -5.0, 'model_name': 'Football_TotalValue_v1', 'parlay_edge_score': 1.0, 'spread_distance': 0.0, 'spread_edge': 0.0, 'spread_pick': '', 'total_distance': 1.0, 'total_edge': 1.0, 'total_pick': 'OVER', 'total_projection': 45.0}}",205.0,205.0,-250.0,-250.0,66,08bfd9cd8115339250817cc66a8b3cba,2025-12-11T15:55:38Z,odds_api_flattened,5.0,-5.0,STATUS_FINAL,post,44.0,Raymond James Stadium
nfl_401772795,2025-12-14,New England Patriots,Buffalo Bills,2.0,-2.0,49.5,49.0,HOME,0.25,-0.5,0.75,LOW,Football_MarketBlend_v1,Football_MarketBlend_v1,"{'blend_inputs': ['Football_MarketConsensus_v1', 'Football_SpreadValue_v1', 'Football_TotalValue_v1', 'Football_LineMovement_v1', 'Football_KeyNumberGuard_v1'], 'key_number_risk': False}","Game: Buffalo Bills @ New England Patriots
Authority: Football_MarketBlend_v1
Market: Spread 2.0, Total 49.5
Projection: Margin 1.75, Total 49.0
Spread Pick: HOME (edge 0.25)
Total Pick: UNDER (edge -0.5)",1.75,,,,UNDER,ACTIVE,,"{'spread': None, 'total': None}",FOOTBALL_MARKET_BLEND,35,35,BUF,11,FOOTBALL_MARKET_BLEND,2025-12-14T18:00:00Z,1,Football market blend edge clears threshold,11,False,,true,true,true,true,31,31,NE,nfl,odds_api_flattened_consensus,3,"{'Football_KeyNumberGuard_v1': {'context_flags': {'key_number_risk': False, 'key_numbers': [3, 7, 10]}, 'home_line_proj': 2.0, 'model_name': 'Football_KeyNumberGuard_v1', 'parlay_edge_score': 0, 'spread_distance': 0.0, 'spread_edge': 0.0, 'spread_pick': '', 'total_distance': 0.0, 'total_edge': 0.0, 'total_pick': '', 'total_projection': 49.5}, 'Football_LineMovement_v1': {'context_flags': {'movement_available': False}, 'home_line_proj': 2.0, 'model_name': 'Football_LineMovement_v1', 'parlay_edge_score': 0, 'spread_distance': 0.0, 'spread_edge': 0.0, 'spread_pick': '', 'total_distance': 0.0, 'total_edge': 0.0, 'total_pick': '', 'total_projection': 49.5}, 'Football_MarketBlend_v1': {'context_flags': {'blend_inputs': ['Football_MarketConsensus_v1', 'Football_SpreadValue_v1', 'Football_TotalValue_v1', 'Football_LineMovement_v1', 'Football_KeyNumberGuard_v1'], 'key_number_risk': False}, 'home_line_proj': 1.75, 'model_name': 'Football_MarketBlend_v1', 'parlay_edge_score': 0.75, 'spread_distance': 0.25, 'spread_edge': 0.25, 'spread_pick': 'HOME', 'total_distance': 0.5, 'total_edge': -0.5, 'total_pick': 'UNDER', 'total_projection': 49.0}, 'Football_MarketConsensus_v1': {'context_flags': {'book_count': 11, 'source': 'market_consensus'}, 'home_line_proj': 2.0, 'model_name': 'Football_MarketConsensus_v1', 'parlay_edge_score': 0, 'spread_distance': 0.0, 'spread_edge': 0.0, 'spread_pick': '', 'total_distance': 0.0, 'total_edge': 0.0, 'total_pick': '', 'total_projection': 49.5}, 'Football_SpreadValue_v1': {'context_flags': {'book_count': 11.0, 'value_shift': -0.75}, 'home_line_proj': 1.25, 'model_name': 'Football_SpreadValue_v1', 'parlay_edge_score': 0.75, 'spread_distance': 0.75, 'spread_edge': 0.75, 'spread_pick': 'HOME', 'total_distance': 0.0, 'total_edge': 0.0, 'total_pick': '', 'total_projection': 49.5}, 'Football_TotalValue_v1': {'context_flags': {'book_count': 11.0, 'total_value_rule': 'low_total_over_high_total_under'}, 'home_line_proj': 2.0, 'model_name': 'Football_TotalValue_v1', 'parlay_edge_score': 1.0, 'spread_distance': 0.0, 'spread_edge': 0.0, 'spread_pick': '', 'total_distance': 1.0, 'total_edge': -1.0, 'total_pick': 'UNDER', 'total_projection': 48.5}}",-137.0,-137.0,115.0,115.0,66,c127c7a2426ec655e18ca9c394068f6c,2025-12-14T15:55:37Z,odds_api_flattened,-2.0,2.0,STATUS_FINAL,post,49.5,Gillette Stadium
nfl_401772796,2025-12-14,Cincinnati Bengals,Baltimore Ravens,3.0,-3.0,51.5,51.0,,0.25,-0.5,0.75,LOW,Football_MarketBlend_v1,Football_MarketBlend_v1,"{'blend_inputs': ['Football_MarketConsensus_v1', 'Football_SpreadValue_v1', 'Football_TotalValue_v1', 'Football_LineMovement_v1', 'Football_KeyNumberGuard_v1'], 'key_number_risk': True, 'spread_veto': 'key_number_guard'}","Game: Baltimore Ravens @ Cincinnati Bengals
Authority: Football_MarketBlend_v1
Market: Spread 3.0, Total 51.5
Projection: Margin 2.75, Total 51.0
Spread Pick:  (edge 0.25)
Total Pick: UNDER (edge -0.5)",2.75,,,,UNDER,ACTIVE,,"{'spread': None, 'total': None}",FOOTBALL_MARKET_BLEND,24,24,BAL,11,FOOTBALL_MARKET_BLEND,2025-12-14T18:00:00Z,1,Football market blend edge clears threshold,11,False,,true,true,true,true,0,0,CIN,nfl,odds_api_flattened_consensus,3,"{'Football_KeyNumberGuard_v1': {'context_flags': {'key_number_risk': True, 'key_numbers': [3, 7, 10]}, 'home_line_proj': 3.0, 'model_name': 'Football_KeyNumberGuard_v1', 'parlay_edge_score': 0, 'spread_distance': 0.0, 'spread_edge': 0.0, 'spread_pick': '', 'total_distance': 0.0, 'total_edge': 0.0, 'total_pick': '', 'total_projection': 51.5}, 'Football_LineMovement_v1': {'context_flags': {'movement_available': False}, 'home_line_proj': 3.0, 'model_name': 'Football_LineMovement_v1', 'parlay_edge_score': 0, 'spread_distance': 0.0, 'spread_edge': 0.0, 'spread_pick': '', 'total_distance': 0.0, 'total_edge': 0.0, 'total_pick': '', 'total_projection': 51.5}, 'Football_MarketBlend_v1': {'context_flags': {'blend_inputs': ['Football_MarketConsensus_v1', 'Football_SpreadValue_v1', 'Football_TotalValue_v1', 'Football_LineMovement_v1', 'Football_KeyNumberGuard_v1'], 'key_number_risk': True, 'spread_veto': 'key_number_guard'}, 'home_line_proj': 2.75, 'model_name': 'Football_MarketBlend_v1', 'parlay_edge_score': 0.75, 'spread_distance': 0.25, 'spread_edge': 0.25, 'spread_pick': '', 'total_distance': 0.5, 'total_edge': -0.5, 'total_pick': 'UNDER', 'total_projection': 51.0}, 'Football_MarketConsensus_v1': {'context_flags': {'book_count': 11, 'source': 'market_consensus'}, 'home_line_proj': 3.0, 'model_name': 'Football_MarketConsensus_v1', 'parlay_edge_score': 0, 'spread_distance': 0.0, 'spread_edge': 0.0, 'spread_pick': '', 'total_distance': 0.0, 'total_edge': 0.0, 'total_pick': '', 'total_projection': 51.5}, 'Football_SpreadValue_v1': {'context_flags': {'book_count': 11.0, 'value_shift': -0.75}, 'home_line_proj': 2.25, 'model_name': 'Football_SpreadValue_v1', 'parlay_edge_score': 0.75, 'spread_distance': 0.75, 'spread_edge': 0.75, 'spread_pick': 'HOME', 'total_distance': 0.0, 'total_edge': 0.0, 'total_pick': '', 'total_projection': 51.5}, 'Football_TotalValue_v1': {'context_flags': {'book_count': 11.0, 'total_value_rule': 'low_total_over_high_total_under'}, 'home_line_proj': 3.0, 'model_name': 'Football_TotalValue_v1', 'parlay_edge_score': 1.0, 'spread_distance': 0.0, 'spread_edge': 0.0, 'spread_pick': '', 'total_distance': 1.0, 'total_edge': -1.0, 'total_pick': 'UNDER', 'total_projection': 50.5}}",-165.0,-165.0,135.0,135.0,66,1aa1fb046f11dadb32dad77d5baf552e,2025-12-14T15:55:37Z,odds_api_flattened,-3.0,3.0,STATUS_FINAL,post,51.5,Paycor Stadium
nfl_401772797,2025-12-14,Jacksonville Jaguars,New York Jets,-14.0,14.0,40.5,41.0,AWAY,-0.25,0.5,0.75,LOW,Football_MarketBlend_v1,Football_MarketBlend_v1,"{'blend_inputs': ['Football_MarketConsensus_v1', 'Football_SpreadValue_v1', 'Football_TotalValue_v1', 'Football_LineMovement_v1', 'Football_KeyNumberGuard_v1'], 'key_number_risk': False}","Game: New York Jets @ Jacksonville Jaguars
Authority: Football_MarketBlend_v1
Market: Spread -14.0, Total 40.5
Projection: Margin -13.75, Total 41.0
Spread Pick: AWAY (edge -0.25)
Total Pick: OVER (edge 0.5)",-13.75,,,,OVER,ACTIVE,,"{'spread': None, 'total': None}",FOOTBALL_MARKET_BLEND,20,20,NYJ,11,FOOTBALL_MARKET_BLEND,2025-12-14T18:00:00Z,1,Football market blend edge clears threshold,11,False,,true,true,true,true,48,48,JAX,nfl,odds_api_flattened_consensus,3,"{'Football_KeyNumberGuard_v1': {'context_flags': {'key_number_risk': False, 'key_numbers': [3, 7, 10]}, 'home_line_proj': -14.0, 'model_name': 'Football_KeyNumberGuard_v1', 'parlay_edge_score': 0, 'spread_distance': 0.0, 'spread_edge': 0.0, 'spread_pick': '', 'total_distance': 0.0, 'total_edge': 0.0, 'total_pick': '', 'total_projection': 40.5}, 'Football_LineMovement_v1': {'context_flags': {'movement_available': False}, 'home_line_proj': -14.0, 'model_name': 'Football_LineMovement_v1', 'parlay_edge_score': 0, 'spread_distance': 0.0, 'spread_edge': 0.0, 'spread_pick': '', 'total_distance': 0.0, 'total_edge': 0.0, 'total_pick': '', 'total_projection': 40.5}, 'Football_MarketBlend_v1': {'context_flags': {'blend_inputs': ['Football_MarketConsensus_v1', 'Football_SpreadValue_v1', 'Football_TotalValue_v1', 'Football_LineMovement_v1', 'Football_KeyNumberGuard_v1'], 'key_number_risk': False}, 'home_line_proj': -13.75, 'model_name': 'Football_MarketBlend_v1', 'parlay_edge_score': 0.75, 'spread_distance': 0.25, 'spread_edge': -0.25, 'spread_pick': 'AWAY', 'total_distance': 0.5, 'total_edge': 0.5, 'total_pick': 'OVER', 'total_projection': 41.0}, 'Football_MarketConsensus_v1': {'context_flags': {'book_count': 11, 'source': 'market_consensus'}, 'home_line_proj': -14.0, 'model_name': 'Football_MarketConsensus_v1', 'parlay_edge_score': 0, 'spread_distance': 0.0, 'spread_edge': 0.0, 'spread_pick': '', 'total_distance': 0.0, 'total_edge': 0.0, 'total_pick': '', 'total_projection': 40.5}, 'Football_SpreadValue_v1': {'context_flags': {'book_count': 11.0, 'value_shift': 0.75}, 'home_line_proj': -13.25, 'model_name': 'Football_SpreadValue_v1', 'parlay_edge_score': 0.75, 'spread_distance': 0.75, 'spread_edge': -0.75, 'spread_pick': 'AWAY', 'total_distance': 0.0, 'total_edge': 0.0, 'total_pick': '', 'total_projection': 40.5}, 'Football_TotalValue_v1': {'context_flags': {'book_count': 11.0, 'total_value_rule': 'low_total_over_high_total_under'}, 'home_line_proj': -14.0, 'model_name': 'Football_TotalValue_v1', 'parlay_edge_score': 1.0, 'spread_distance': 0.0, 'spread_edge': 0.0, 'spread_pick': '', 'total_distance': 1.0, 'total_edge': 1.0, 'total_pick': 'OVER', 'total_projection': 41.5}}",700.0,700.0,-1100.0,-1100.0,66,0f0601c020a478f5d9f81f06a141c2c8,2025-12-14T15:55:37Z,odds_api_flattened,14.0,-14.0,STATUS_FINAL,post,40.5,EverBank Stadium
nfl_401772798,2025-12-14,Kansas City Chiefs,Los Angeles Chargers,-6.0,6.0,41.5,42.0,AWAY,-0.25,0.5,0.75,LOW,Football_MarketBlend_v1,Football_MarketBlend_v1,"{'blend_inputs': ['Football_MarketConsensus_v1', 'Football_SpreadValue_v1', 'Football_TotalValue_v1', 'Football_LineMovement_v1', 'Football_KeyNumberGuard_v1'], 'key_number_risk': False}","Game: Los Angeles Chargers @ Kansas City Chiefs
Authority: Football_MarketBlend_v1
Market: Spread -6.0, Total 41.5
Projection: Margin -5.75, Total 42.0
Spread Pick: AWAY (edge -0.25)
Total Pick: OVER (edge 0.5)",-5.75,,,,OVER,ACTIVE,,"{'spread': None, 'total': None}",FOOTBALL_MARKET_BLEND,16,16,LAC,11,FOOTBALL_MARKET_BLEND,2025-12-14T18:00:00Z,1,Football market blend edge clears threshold,11,False,,true,true,true,true,13,13,KC,nfl,odds_api_flattened_consensus,3,"{'Football_KeyNumberGuard_v1': {'context_flags': {'key_number_risk': False, 'key_numbers': [3, 7, 10]}, 'home_line_proj': -6.0, 'model_name': 'Football_KeyNumberGuard_v1', 'parlay_edge_score': 0, 'spread_distance': 0.0, 'spread_edge': 0.0, 'spread_pick': '', 'total_distance': 0.0, 'total_edge': 0.0, 'total_pick': '', 'total_projection': 41.5}, 'Football_LineMovement_v1': {'context_flags': {'movement_available': False}, 'home_line_proj': -6.0, 'model_name': 'Football_LineMovement_v1', 'parlay_edge_score': 0, 'spread_distance': 0.0, 'spread_edge': 0.0, 'spread_pick': '', 'total_distance': 0.0, 'total_edge': 0.0, 'total_pick': '', 'total_projection': 41.5}, 'Football_MarketBlend_v1': {'context_flags': {'blend_inputs': ['Football_MarketConsensus_v1', 'Football_SpreadValue_v1', 'Football_TotalValue_v1', 'Football_LineMovement_v1', 'Football_KeyNumberGuard_v1'], 'key_number_risk': False}, 'home_line_proj': -5.75, 'model_name': 'Football_MarketBlend_v1', 'parlay_edge_score': 0.75, 'spread_distance': 0.25, 'spread_edge': -0.25, 'spread_pick': 'AWAY', 'total_distance': 0.5, 'total_edge': 0.5, 'total_pick': 'OVER', 'total_projection': 42.0}, 'Football_MarketConsensus_v1': {'context_flags': {'book_count': 11, 'source': 'market_consensus'}, 'home_line_proj': -6.0, 'model_name': 'Football_MarketConsensus_v1', 'parlay_edge_score': 0, 'spread_distance': 0.0, 'spread_edge': 0.0, 'spread_pick': '', 'total_distance': 0.0, 'total_edge': 0.0, 'total_pick': '', 'total_projection': 41.5}, 'Football_SpreadValue_v1': {'context_flags': {'book_count': 11.0, 'value_shift': 0.75}, 'home_line_proj': -5.25, 'model_name': 'Football_SpreadValue_v1', 'parlay_edge_score': 0.75, 'spread_distance': 0.75, 'spread_edge': -0.75, 'spread_pick': 'AWAY', 'total_distance': 0.0, 'total_edge': 0.0, 'total_pick': '', 'total_projection': 41.5}, 'Football_TotalValue_v1': {'context_flags': {'book_count': 11.0, 'total_value_rule': 'low_total_over_high_total_under'}, 'home_line_proj': -6.0, 'model_name': 'Football_TotalValue_v1', 'parlay_edge_score': 1.0, 'spread_distance': 0.0, 'spread_edge': 0.0, 'spread_pick': '', 'total_distance': 1.0, 'total_edge': 1.0, 'total_pick': 'OVER', 'total_projection': 42.5}}",230.0,230.0,-285.0,-285.0,66,cd5151f8a1e7fcba4901929e77b94acd,2025-12-14T15:55:37Z,odds_api_flattened,6.0,-6.0,STATUS_FINAL,post,41.5,GEHA Field at Arrowhead Stadium
nfl_401772799,2025-12-14,Seattle Seahawks,Indianapolis Colts,-14.0,14.0,41.5,42.0,AWAY,-0.25,0.5,0.75,LOW,Football_MarketBlend_v1,Football_MarketBlend_v1,"{'blend_inputs': ['Football_MarketConsensus_v1', 'Football_SpreadValue_v1', 'Football_TotalValue_v1', 'Football_LineMovement_v1', 'Football_KeyNumberGuard_v1'], 'key_number_risk': False}","Game: Indianapolis Colts @ Seattle Seahawks
Authority: Football_MarketBlend_v1
Market: Spread -14.0, Total 41.5
Projection: Margin -13.75, Total 42.0
Spread Pick: AWAY (edge -0.25)
Total Pick: OVER (edge 0.5)",-13.75,,,,OVER,ACTIVE,,"{'spread': None, 'total': None}",FOOTBALL_MARKET_BLEND,16,16,IND,11,FOOTBALL_MARKET_BLEND,2025-12-14T21:25:00Z,1,Football market blend edge clears threshold,11,False,,true,true,true,true,18,18,SEA,nfl,odds_api_flattened_consensus,3,"{'Football_KeyNumberGuard_v1': {'context_flags': {'key_number_risk': False, 'key_numbers': [3, 7, 10]}, 'home_line_proj': -14.0, 'model_name': 'Football_KeyNumberGuard_v1', 'parlay_edge_score': 0, 'spread_distance': 0.0, 'spread_edge': 0.0, 'spread_pick': '', 'total_distance': 0.0, 'total_edge': 0.0, 'total_pick': '', 'total_projection': 41.5}, 'Football_LineMovement_v1': {'context_flags': {'movement_available': False}, 'home_line_proj': -14.0, 'model_name': 'Football_LineMovement_v1', 'parlay_edge_score': 0, 'spread_distance': 0.0, 'spread_edge': 0.0, 'spread_pick': '', 'total_distance': 0.0, 'total_edge': 0.0, 'total_pick': '', 'total_projection': 41.5}, 'Football_MarketBlend_v1': {'context_flags': {'blend_inputs': ['Football_MarketConsensus_v1', 'Football_SpreadValue_v1', 'Football_TotalValue_v1', 'Football_LineMovement_v1', 'Football_KeyNumberGuard_v1'], 'key_number_risk': False}, 'home_line_proj': -13.75, 'model_name': 'Football_MarketBlend_v1', 'parlay_edge_score': 0.75, 'spread_distance': 0.25, 'spread_edge': -0.25, 'spread_pick': 'AWAY', 'total_distance': 0.5, 'total_edge': 0.5, 'total_pick': 'OVER', 'total_projection': 42.0}, 'Football_MarketConsensus_v1': {'context_flags': {'book_count': 11, 'source': 'market_consensus'}, 'home_line_proj': -14.0, 'model_name': 'Football_MarketConsensus_v1', 'parlay_edge_score': 0, 'spread_distance': 0.0, 'spread_edge': 0.0, 'spread_pick': '', 'total_distance': 0.0, 'total_edge': 0.0, 'total_pick': '', 'total_projection': 41.5}, 'Football_SpreadValue_v1': {'context_flags': {'book_count': 11.0, 'value_shift': 0.75}, 'home_line_proj': -13.25, 'model_name': 'Football_SpreadValue_v1', 'parlay_edge_score': 0.75, 'spread_distance': 0.75, 'spread_edge': -0.75, 'spread_pick': 'AWAY', 'total_distance': 0.0, 'total_edge': 0.0, 'total_pick': '', 'total_projection': 41.5}, 'Football_TotalValue_v1': {'context_flags': {'book_count': 11.0, 'total_value_rule': 'low_total_over_high_total_under'}, 'home_line_proj': -14.0, 'model_name': 'Football_TotalValue_v1', 'parlay_edge_score': 1.0, 'spread_distance': 0.0, 'spread_edge': 0.0, 'spread_pick': '', 'total_distance': 1.0, 'total_edge': 1.0, 'total_pick': 'OVER', 'total_projection': 42.5}}",700.0,700.0,-1100.0,-1100.0,66,f7343baf47dcf23e672799d00788173d,2025-12-14T15:55:37Z,odds_api_flattened,14.0,-14.0,STATUS_FINAL,post,41.5,Lumen Field
nfl_401772800,2025-12-14,Denver Broncos,Green Bay Packers,1.0,-1.0,42.5,43.0,HOME,0.25,0.5,0.75,LOW,Football_MarketBlend_v1,Football_MarketBlend_v1,"{'blend_inputs': ['Football_MarketConsensus_v1', 'Football_SpreadValue_v1', 'Football_TotalValue_v1', 'Football_LineMovement_v1', 'Football_KeyNumberGuard_v1'], 'key_number_risk': False}","Game: Green Bay Packers @ Denver Broncos
Authority: Football_MarketBlend_v1
Market: Spread 1.0, Total 42.5
Projection: Margin 0.75, Total 43.0
Spread Pick: HOME (edge 0.25)
Total Pick: OVER (edge 0.5)",0.75,,,,OVER,ACTIVE,,"{'spread': None, 'total': None}",FOOTBALL_MARKET_BLEND,26,26,GB,11,FOOTBALL_MARKET_BLEND,2025-12-14T21:25:00Z,1,Football market blend edge clears threshold,11,False,,true,true,true,true,34,34,DEN,nfl,odds_api_flattened_consensus,3,"{'Football_KeyNumberGuard_v1': {'context_flags': {'key_number_risk': False, 'key_numbers': [3, 7, 10]}, 'home_line_proj': 1.0, 'model_name': 'Football_KeyNumberGuard_v1', 'parlay_edge_score': 0, 'spread_distance': 0.0, 'spread_edge': 0.0, 'spread_pick': '', 'total_distance': 0.0, 'total_edge': 0.0, 'total_pick': '', 'total_projection': 42.5}, 'Football_LineMovement_v1': {'context_flags': {'movement_available': False}, 'home_line_proj': 1.0, 'model_name': 'Football_LineMovement_v1', 'parlay_edge_score': 0, 'spread_distance': 0.0, 'spread_edge': 0.0, 'spread_pick': '', 'total_distance': 0.0, 'total_edge': 0.0, 'total_pick': '', 'total_projection': 42.5}, 'Football_MarketBlend_v1': {'context_flags': {'blend_inputs': ['Football_MarketConsensus_v1', 'Football_SpreadValue_v1', 'Football_TotalValue_v1', 'Football_LineMovement_v1', 'Football_KeyNumberGuard_v1'], 'key_number_risk': False}, 'home_line_proj': 0.75, 'model_name': 'Football_MarketBlend_v1', 'parlay_edge_score': 0.75, 'spread_distance': 0.25, 'spread_edge': 0.25, 'spread_pick': 'HOME', 'total_distance': 0.5, 'total_edge': 0.5, 'total_pick': 'OVER', 'total_projection': 43.0}, 'Football_MarketConsensus_v1': {'context_flags': {'book_count': 11, 'source': 'market_consensus'}, 'home_line_proj': 1.0, 'model_name': 'Football_MarketConsensus_v1', 'parlay_edge_score': 0, 'spread_distance': 0.0, 'spread_edge': 0.0, 'spread_pick': '', 'total_distance': 0.0, 'total_edge': 0.0, 'total_pick': '', 'total_projection': 42.5}, 'Football_SpreadValue_v1': {'context_flags': {'book_count': 11.0, 'value_shift': -0.75}, 'home_line_proj': 0.25, 'model_name': 'Football_SpreadValue_v1', 'parlay_edge_score': 0.75, 'spread_distance': 0.75, 'spread_edge': 0.75, 'spread_pick': 'HOME', 'total_distance': 0.0, 'total_edge': 0.0, 'total_pick': '', 'total_projection': 42.5}, 'Football_TotalValue_v1': {'context_flags': {'book_count': 11.0, 'total_value_rule': 'low_total_over_high_total_under'}, 'home_line_proj': 1.0, 'model_name': 'Football_TotalValue_v1', 'parlay_edge_score': 1.0, 'spread_distance': 0.0, 'spread_edge': 0.0, 'spread_pick': '', 'total_distance': 1.0, 'total_edge': 1.0, 'total_pick': 'OVER', 'total_projection': 43.5}}",-117.0,-117.0,-104.0,-104.0,66,2ec8a387d0c337aeffac3f956c292e87,2025-12-14T15:55:37Z,odds_api_flattened,-1.0,1.0,STATUS_FINAL,post,42.5,Empower Field at Mile High
nfl_401772903,2025-12-14,Houston Texans,Arizona Cardinals,-10.5,10.5,42.5,43.0,,-0.25,0.5,0.75,LOW,Football_MarketBlend_v1,Football_MarketBlend_v1,"{'blend_inputs': ['Football_MarketConsensus_v1', 'Football_SpreadValue_v1', 'Football_TotalValue_v1', 'Football_LineMovement_v1', 'Football_KeyNumberGuard_v1'], 'key_number_risk': True, 'spread_veto': 'key_number_guard'}","Game: Arizona Cardinals @ Houston Texans
Authority: Football_MarketBlend_v1
Market: Spread -10.5, Total 42.5
Projection: Margin -10.25, Total 43.0
Spread Pick:  (edge -0.25)
Total Pick: OVER (edge 0.5)",-10.25,,,,OVER,ACTIVE,,"{'spread': None, 'total': None}",FOOTBALL_MARKET_BLEND,20,20,ARI,11,FOOTBALL_MARKET_BLEND,2025-12-14T18:00:00Z,1,Football market blend edge clears threshold,11,False,,true,true,true,true,40,40,HOU,nfl,odds_api_flattened_consensus,3,"{'Football_KeyNumberGuard_v1': {'context_flags': {'key_number_risk': True, 'key_numbers': [3, 7, 10]}, 'home_line_proj': -10.5, 'model_name': 'Football_KeyNumberGuard_v1', 'parlay_edge_score': 0, 'spread_distance': 0.0, 'spread_edge': 0.0, 'spread_pick': '', 'total_distance': 0.0, 'total_edge': 0.0, 'total_pick': '', 'total_projection': 42.5}, 'Football_LineMovement_v1': {'context_flags': {'movement_available': False}, 'home_line_proj': -10.5, 'model_name': 'Football_LineMovement_v1', 'parlay_edge_score': 0, 'spread_distance': 0.0, 'spread_edge': 0.0, 'spread_pick': '', 'total_distance': 0.0, 'total_edge': 0.0, 'total_pick': '', 'total_projection': 42.5}, 'Football_MarketBlend_v1': {'context_flags': {'blend_inputs': ['Football_MarketConsensus_v1', 'Football_SpreadValue_v1', 'Football_TotalValue_v1', 'Football_LineMovement_v1', 'Football_KeyNumberGuard_v1'], 'key_number_risk': True, 'spread_veto': 'key_number_guard'}, 'home_line_proj': -10.25, 'model_name': 'Football_MarketBlend_v1', 'parlay_edge_score': 0.75, 'spread_distance': 0.25, 'spread_edge': -0.25, 'spread_pick': '', 'total_distance': 0.5, 'total_edge': 0.5, 'total_pick': 'OVER', 'total_projection': 43.0}, 'Football_MarketConsensus_v1': {'context_flags': {'book_count': 11, 'source': 'market_consensus'}, 'home_line_proj': -10.5, 'model_name': 'Football_MarketConsensus_v1', 'parlay_edge_score': 0, 'spread_distance': 0.0, 'spread_edge': 0.0, 'spread_pick': '', 'total_distance': 0.0, 'total_edge': 0.0, 'total_pick': '', 'total_projection': 42.5}, 'Football_SpreadValue_v1': {'context_flags': {'book_count': 11.0, 'value_shift': 0.75}, 'home_line_proj': -9.75, 'model_name': 'Football_SpreadValue_v1', 'parlay_edge_score': 0.75, 'spread_distance': 0.75, 'spread_edge': -0.75, 'spread_pick': 'AWAY', 'total_distance': 0.0, 'total_edge': 0.0, 'total_pick': '', 'total_projection': 42.5}, 'Football_TotalValue_v1': {'context_flags': {'book_count': 11.0, 'total_value_rule': 'low_total_over_high_total_under'}, 'home_line_proj': -10.5, 'model_name': 'Football_TotalValue_v1', 'parlay_edge_score': 1.0, 'spread_distance': 0.0, 'spread_edge': 0.0, 'spread_pick': '', 'total_distance': 1.0, 'total_edge': 1.0, 'total_pick': 'OVER', 'total_projection': 43.5}}",410.0,410.0,-560.0,-560.0,66,a360e4c43576d22057ff90d818928066,2025-12-14T15:55:37Z,odds_api_flattened,10.5,-10.5,STATUS_FINAL,post,42.5,NRG Stadium
nfl_401772904,2025-12-14,Chicago Bears,Cleveland Browns,-7.5,7.5,38.0,38.5,,-0.25,0.5,0.75,LOW,Football_MarketBlend_v1,Football_MarketBlend_v1,"{'blend_inputs': ['Football_MarketConsensus_v1', 'Football_SpreadValue_v1', 'Football_TotalValue_v1', 'Football_LineMovement_v1', 'Football_KeyNumberGuard_v1'], 'key_number_risk': True, 'spread_veto': 'key_number_guard'}","Game: Cleveland Browns @ Chicago Bears
Authority: Football_MarketBlend_v1
Market: Spread -7.5, Total 38.0
Projection: Margin -7.25, Total 38.5
Spread Pick:  (edge -0.25)
Total Pick: OVER (edge 0.5)",-7.25,,,,OVER,ACTIVE,,"{'spread': None, 'total': None}",FOOTBALL_MARKET_BLEND,3,3,CLE,11,FOOTBALL_MARKET_BLEND,2025-12-14T18:00:00Z,1,Football market blend edge clears threshold,11,False,,true,true,true,true,31,31,CHI,nfl,odds_api_flattened_consensus,3,"{'Football_KeyNumberGuard_v1': {'context_flags': {'key_number_risk': True, 'key_numbers': [3, 7, 10]}, 'home_line_proj': -7.5, 'model_name': 'Football_KeyNumberGuard_v1', 'parlay_edge_score': 0, 'spread_distance': 0.0, 'spread_edge': 0.0, 'spread_pick': '', 'total_distance': 0.0, 'total_edge': 0.0, 'total_pick': '', 'total_projection': 38.0}, 'Football_LineMovement_v1': {'context_flags': {'movement_available': False}, 'home_line_proj': -7.5, 'model_name': 'Football_LineMovement_v1', 'parlay_edge_score': 0, 'spread_distance': 0.0, 'spread_edge': 0.0, 'spread_pick': '', 'total_distance': 0.0, 'total_edge': 0.0, 'total_pick': '', 'total_projection': 38.0}, 'Football_MarketBlend_v1': {'context_flags': {'blend_inputs': ['Football_MarketConsensus_v1', 'Football_SpreadValue_v1', 'Football_TotalValue_v1', 'Football_LineMovement_v1', 'Football_KeyNumberGuard_v1'], 'key_number_risk': True, 'spread_veto': 'key_number_guard'}, 'home_line_proj': -7.25, 'model_name': 'Football_MarketBlend_v1', 'parlay_edge_score': 0.75, 'spread_distance': 0.25, 'spread_edge': -0.25, 'spread_pick': '', 'total_distance': 0.5, 'total_edge': 0.5, 'total_pick': 'OVER', 'total_projection': 38.5}, 'Football_MarketConsensus_v1': {'context_flags': {'book_count': 11, 'source': 'market_consensus'}, 'home_line_proj': -7.5, 'model_name': 'Football_MarketConsensus_v1', 'parlay_edge_score': 0, 'spread_distance': 0.0, 'spread_edge': 0.0, 'spread_pick': '', 'total_distance': 0.0, 'total_edge': 0.0, 'total_pick': '', 'total_projection': 38.0}, 'Football_SpreadValue_v1': {'context_flags': {'book_count': 11.0, 'value_shift': 0.75}, 'home_line_proj': -6.75, 'model_name': 'Football_SpreadValue_v1', 'parlay_edge_score': 0.75, 'spread_distance': 0.75, 'spread_edge': -0.75, 'spread_pick': 'AWAY', 'total_distance': 0.0, 'total_edge': 0.0, 'total_pick': '', 'total_projection': 38.0}, 'Football_TotalValue_v1': {'context_flags': {'book_count': 11.0, 'total_value_rule': 'low_total_over_high_total_under'}, 'home_line_proj': -7.5, 'model_name': 'Football_TotalValue_v1', 'parlay_edge_score': 1.0, 'spread_distance': 0.0, 'spread_edge': 0.0, 'spread_pick': '', 'total_distance': 1.0, 'total_edge': 1.0, 'total_pick': 'OVER', 'total_projection': 39.0}}",300.0,300.0,-375.0,-375.0,66,8261541e6b9b32537bd0821ef2c0a05d,2025-12-14T15:55:37Z,odds_api_flattened,7.5,-7.5,STATUS_FINAL,post,38.0,Soldier Field
nfl_401772905,2025-12-14,New York Giants,Washington Commanders,-2.5,2.5,46.0,45.5,,-0.25,-0.5,0.75,LOW,Football_MarketBlend_v1,Football_MarketBlend_v1,"{'blend_inputs': ['Football_MarketConsensus_v1', 'Football_SpreadValue_v1', 'Football_TotalValue_v1', 'Football_LineMovement_v1', 'Football_KeyNumberGuard_v1'], 'key_number_risk': True, 'spread_veto': 'key_number_guard'}","Game: Washington Commanders @ New York Giants
Authority: Football_MarketBlend_v1
Market: Spread -2.5, Total 46.0
Projection: Margin -2.25, Total 45.5
Spread Pick:  (edge -0.25)
Total Pick: UNDER (edge -0.5)",-2.25,,,,UNDER,ACTIVE,,"{'spread': None, 'total': None}",FOOTBALL_MARKET_BLEND,29,29,WAS,11,FOOTBALL_MARKET_BLEND,2025-12-14T18:00:00Z,1,Football market blend edge clears threshold,11,False,,true,true,true,true,21,21,NYG,nfl,odds_api_flattened_consensus,3,"{'Football_KeyNumberGuard_v1': {'context_flags': {'key_number_risk': True, 'key_numbers': [3, 7, 10]}, 'home_line_proj': -2.5, 'model_name': 'Football_KeyNumberGuard_v1', 'parlay_edge_score': 0, 'spread_distance': 0.0, 'spread_edge': 0.0, 'spread_pick': '', 'total_distance': 0.0, 'total_edge': 0.0, 'total_pick': '', 'total_projection': 46.0}, 'Football_LineMovement_v1': {'context_flags': {'movement_available': False}, 'home_line_proj': -2.5, 'model_name': 'Football_LineMovement_v1', 'parlay_edge_score': 0, 'spread_distance': 0.0, 'spread_edge': 0.0, 'spread_pick': '', 'total_distance': 0.0, 'total_edge': 0.0, 'total_pick': '', 'total_projection': 46.0}, 'Football_MarketBlend_v1': {'context_flags': {'blend_inputs': ['Football_MarketConsensus_v1', 'Football_SpreadValue_v1', 'Football_TotalValue_v1', 'Football_LineMovement_v1', 'Football_KeyNumberGuard_v1'], 'key_number_risk': True, 'spread_veto': 'key_number_guard'}, 'home_line_proj': -2.25, 'model_name': 'Football_MarketBlend_v1', 'parlay_edge_score': 0.75, 'spread_distance': 0.25, 'spread_edge': -0.25, 'spread_pick': '', 'total_distance': 0.5, 'total_edge': -0.5, 'total_pick': 'UNDER', 'total_projection': 45.5}, 'Football_MarketConsensus_v1': {'context_flags': {'book_count': 11, 'source': 'market_consensus'}, 'home_line_proj': -2.5, 'model_name': 'Football_MarketConsensus_v1', 'parlay_edge_score': 0, 'spread_distance': 0.0, 'spread_edge': 0.0, 'spread_pick': '', 'total_distance': 0.0, 'total_edge': 0.0, 'total_pick': '', 'total_projection': 46.0}, 'Football_SpreadValue_v1': {'context_flags': {'book_count': 11.0, 'value_shift': 0.75}, 'home_line_proj': -1.75, 'model_name': 'Football_SpreadValue_v1', 'parlay_edge_score': 0.75, 'spread_distance': 0.75, 'spread_edge': -0.75, 'spread_pick': 'AWAY', 'total_distance': 0.0, 'total_edge': 0.0, 'total_pick': '', 'total_projection': 46.0}, 'Football_TotalValue_v1': {'context_flags': {'book_count': 11.0, 'total_value_rule': 'low_total_over_high_total_under'}, 'home_line_proj': -2.5, 'model_name': 'Football_TotalValue_v1', 'parlay_edge_score': 1.0, 'spread_distance': 0.0, 'spread_edge': 0.0, 'spread_pick': '', 'total_distance': 1.0, 'total_edge': -1.0, 'total_pick': 'UNDER', 'total_projection': 45.0}}",120.0,120.0,-145.0,-145.0,66,3aba4bb1fe41ecd45f934116fcc90c3f,2025-12-14T15:55:37Z,odds_api_flattened,2.5,-2.5,STATUS_FINAL,post,46.0,MetLife Stadium
nfl_401772906,2025-12-14,Philadelphia Eagles,Las Vegas Raiders,-12.5,12.5,37.5,38.0,AWAY,-0.25,0.5,0.75,LOW,Football_MarketBlend_v1,Football_MarketBlend_v1,"{'blend_inputs': ['Football_MarketConsensus_v1', 'Football_SpreadValue_v1', 'Football_TotalValue_v1', 'Football_LineMovement_v1', 'Football_KeyNumberGuard_v1'], 'key_number_risk': False}","Game: Las Vegas Raiders @ Philadelphia Eagles
Authority: Football_MarketBlend_v1
Market: Spread -12.5, Total 37.5
Projection: Margin -12.25, Total 38.0
Spread Pick: AWAY (edge -0.25)
Total Pick: OVER (edge 0.5)",-12.25,,,,OVER,ACTIVE,,"{'spread': None, 'total': None}",FOOTBALL_MARKET_BLEND,0,0,LV,11,FOOTBALL_MARKET_BLEND,2025-12-14T18:00:00Z,1,Football market blend edge clears threshold,11,False,,true,true,true,true,31,31,PHI,nfl,odds_api_flattened_consensus,3,"{'Football_KeyNumberGuard_v1': {'context_flags': {'key_number_risk': False, 'key_numbers': [3, 7, 10]}, 'home_line_proj': -12.5, 'model_name': 'Football_KeyNumberGuard_v1', 'parlay_edge_score': 0, 'spread_distance': 0.0, 'spread_edge': 0.0, 'spread_pick': '', 'total_distance': 0.0, 'total_edge': 0.0, 'total_pick': '', 'total_projection': 37.5}, 'Football_LineMovement_v1': {'context_flags': {'movement_available': False}, 'home_line_proj': -12.5, 'model_name': 'Football_LineMovement_v1', 'parlay_edge_score': 0, 'spread_distance': 0.0, 'spread_edge': 0.0, 'spread_pick': '', 'total_distance': 0.0, 'total_edge': 0.0, 'total_pick': '', 'total_projection': 37.5}, 'Football_MarketBlend_v1': {'context_flags': {'blend_inputs': ['Football_MarketConsensus_v1', 'Football_SpreadValue_v1', 'Football_TotalValue_v1', 'Football_LineMovement_v1', 'Football_KeyNumberGuard_v1'], 'key_number_risk': False}, 'home_line_proj': -12.25, 'model_name': 'Football_MarketBlend_v1', 'parlay_edge_score': 0.75, 'spread_distance': 0.25, 'spread_edge': -0.25, 'spread_pick': 'AWAY', 'total_distance': 0.5, 'total_edge': 0.5, 'total_pick': 'OVER', 'total_projection': 38.0}, 'Football_MarketConsensus_v1': {'context_flags': {'book_count': 11, 'source': 'market_consensus'}, 'home_line_proj': -12.5, 'model_name': 'Football_MarketConsensus_v1', 'parlay_edge_score': 0, 'spread_distance': 0.0, 'spread_edge': 0.0, 'spread_pick': '', 'total_distance': 0.0, 'total_edge': 0.0, 'total_pick': '', 'total_projection': 37.5}, 'Football_SpreadValue_v1': {'context_flags': {'book_count': 11.0, 'value_shift': 0.75}, 'home_line_proj': -11.75, 'model_name': 'Football_SpreadValue_v1', 'parlay_edge_score': 0.75, 'spread_distance': 0.75, 'spread_edge': -0.75, 'spread_pick': 'AWAY', 'total_distance': 0.0, 'total_edge': 0.0, 'total_pick': '', 'total_projection': 37.5}, 'Football_TotalValue_v1': {'context_flags': {'book_count': 11.0, 'total_value_rule': 'low_total_over_high_total_under'}, 'home_line_proj': -12.5, 'model_name': 'Football_TotalValue_v1', 'parlay_edge_score': 1.0, 'spread_distance': 0.0, 'spread_edge': 0.0, 'spread_pick': '', 'total_distance': 1.0, 'total_edge': 1.0, 'total_pick': 'OVER', 'total_projection': 38.5}}",586.0,586.0,-900.0,-900.0,66,813dab51d999b87c7968ac4890965f73,2025-12-14T15:55:37Z,odds_api_flattened,12.5,-12.5,STATUS_FINAL,post,37.5,Lincoln Financial Field
nfl_401772907,2025-12-14,San Francisco 49ers,Tennessee Titans,-12.5,12.5,44.5,45.0,AWAY,-0.25,0.5,0.75,LOW,Football_MarketBlend_v1,Football_MarketBlend_v1,"{'blend_inputs': ['Football_MarketConsensus_v1', 'Football_SpreadValue_v1', 'Football_TotalValue_v1', 'Football_LineMovement_v1', 'Football_KeyNumberGuard_v1'], 'key_number_risk': False}","Game: Tennessee Titans @ San Francisco 49ers
Authority: Football_MarketBlend_v1
Market: Spread -12.5, Total 44.5
Projection: Margin -12.25, Total 45.0
Spread Pick: AWAY (edge -0.25)
Total Pick: OVER (edge 0.5)",-12.25,,,,OVER,ACTIVE,,"{'spread': None, 'total': None}",FOOTBALL_MARKET_BLEND,24,24,TEN,11,FOOTBALL_MARKET_BLEND,2025-12-14T21:25:00Z,1,Football market blend edge clears threshold,11,False,,true,true,true,true,37,37,SF,nfl,odds_api_flattened_consensus,3,"{'Football_KeyNumberGuard_v1': {'context_flags': {'key_number_risk': False, 'key_numbers': [3, 7, 10]}, 'home_line_proj': -12.5, 'model_name': 'Football_KeyNumberGuard_v1', 'parlay_edge_score': 0, 'spread_distance': 0.0, 'spread_edge': 0.0, 'spread_pick': '', 'total_distance': 0.0, 'total_edge': 0.0, 'total_pick': '', 'total_projection': 44.5}, 'Football_LineMovement_v1': {'context_flags': {'movement_available': False}, 'home_line_proj': -12.5, 'model_name': 'Football_LineMovement_v1', 'parlay_edge_score': 0, 'spread_distance': 0.0, 'spread_edge': 0.0, 'spread_pick': '', 'total_distance': 0.0, 'total_edge': 0.0, 'total_pick': '', 'total_projection': 44.5}, 'Football_MarketBlend_v1': {'context_flags': {'blend_inputs': ['Football_MarketConsensus_v1', 'Football_SpreadValue_v1', 'Football_TotalValue_v1', 'Football_LineMovement_v1', 'Football_KeyNumberGuard_v1'], 'key_number_risk': False}, 'home_line_proj': -12.25, 'model_name': 'Football_MarketBlend_v1', 'parlay_edge_score': 0.75, 'spread_distance': 0.25, 'spread_edge': -0.25, 'spread_pick': 'AWAY', 'total_distance': 0.5, 'total_edge': 0.5, 'total_pick': 'OVER', 'total_projection': 45.0}, 'Football_MarketConsensus_v1': {'context_flags': {'book_count': 11, 'source': 'market_consensus'}, 'home_line_proj': -12.5, 'model_name': 'Football_MarketConsensus_v1', 'parlay_edge_score': 0, 'spread_distance': 0.0, 'spread_edge': 0.0, 'spread_pick': '', 'total_distance': 0.0, 'total_edge': 0.0, 'total_pick': '', 'total_projection': 44.5}, 'Football_SpreadValue_v1': {'context_flags': {'book_count': 11.0, 'value_shift': 0.75}, 'home_line_proj': -11.75, 'model_name': 'Football_SpreadValue_v1', 'parlay_edge_score': 0.75, 'spread_distance': 0.75, 'spread_edge': -0.75, 'spread_pick': 'AWAY', 'total_distance': 0.0, 'total_edge': 0.0, 'total_pick': '', 'total_projection': 44.5}, 'Football_TotalValue_v1': {'context_flags': {'book_count': 11.0, 'total_value_rule': 'low_total_over_high_total_under'}, 'home_line_proj': -12.5, 'model_name': 'Football_TotalValue_v1', 'parlay_edge_score': 1.0, 'spread_distance': 0.0, 'spread_edge': 0.0, 'spread_pick': '', 'total_distance': 1.0, 'total_edge': 1.0, 'total_pick': 'OVER', 'total_projection': 45.5}}",600.0,600.0,-900.0,-900.0,66,7ba03312d1012d9872de9999e496558f,2025-12-14T15:55:37Z,odds_api_flattened,12.5,-12.5,STATUS_FINAL,post,44.5,Levi's Stadium
nfl_401772908,2025-12-14,New Orleans Saints,Carolina Panthers,2.5,-2.5,41.5,42.0,,0.25,0.5,0.75,LOW,Football_MarketBlend_v1,Football_MarketBlend_v1,"{'blend_inputs': ['Football_MarketConsensus_v1', 'Football_SpreadValue_v1', 'Football_TotalValue_v1', 'Football_LineMovement_v1', 'Football_KeyNumberGuard_v1'], 'key_number_risk': True, 'spread_veto': 'key_number_guard'}","Game: Carolina Panthers @ New Orleans Saints
Authority: Football_MarketBlend_v1
Market: Spread 2.5, Total 41.5
Projection: Margin 2.25, Total 42.0
Spread Pick:  (edge 0.25)
Total Pick: OVER (edge 0.5)",2.25,,,,OVER,ACTIVE,,"{'spread': None, 'total': None}",FOOTBALL_MARKET_BLEND,17,17,CAR,11,FOOTBALL_MARKET_BLEND,2025-12-14T21:25:00Z,1,Football market blend edge clears threshold,11,False,,true,true,true,true,20,20,NO,nfl,odds_api_flattened_consensus,3,"{'Football_KeyNumberGuard_v1': {'context_flags': {'key_number_risk': True, 'key_numbers': [3, 7, 10]}, 'home_line_proj': 2.5, 'model_name': 'Football_KeyNumberGuard_v1', 'parlay_edge_score': 0, 'spread_distance': 0.0, 'spread_edge': 0.0, 'spread_pick': '', 'total_distance': 0.0, 'total_edge': 0.0, 'total_pick': '', 'total_projection': 41.5}, 'Football_LineMovement_v1': {'context_flags': {'movement_available': False}, 'home_line_proj': 2.5, 'model_name': 'Football_LineMovement_v1', 'parlay_edge_score': 0, 'spread_distance': 0.0, 'spread_edge': 0.0, 'spread_pick': '', 'total_distance': 0.0, 'total_edge': 0.0, 'total_pick': '', 'total_projection': 41.5}, 'Football_MarketBlend_v1': {'context_flags': {'blend_inputs': ['Football_MarketConsensus_v1', 'Football_SpreadValue_v1', 'Football_TotalValue_v1', 'Football_LineMovement_v1', 'Football_KeyNumberGuard_v1'], 'key_number_risk': True, 'spread_veto': 'key_number_guard'}, 'home_line_proj': 2.25, 'model_name': 'Football_MarketBlend_v1', 'parlay_edge_score': 0.75, 'spread_distance': 0.25, 'spread_edge': 0.25, 'spread_pick': '', 'total_distance': 0.5, 'total_edge': 0.5, 'total_pick': 'OVER', 'total_projection': 42.0}, 'Football_MarketConsensus_v1': {'context_flags': {'book_count': 11, 'source': 'market_consensus'}, 'home_line_proj': 2.5, 'model_name': 'Football_MarketConsensus_v1', 'parlay_edge_score': 0, 'spread_distance': 0.0, 'spread_edge': 0.0, 'spread_pick': '', 'total_distance': 0.0, 'total_edge': 0.0, 'total_pick': '', 'total_projection': 41.5}, 'Football_SpreadValue_v1': {'context_flags': {'book_count': 11.0, 'value_shift': -0.75}, 'home_line_proj': 1.75, 'model_name': 'Football_SpreadValue_v1', 'parlay_edge_score': 0.75, 'spread_distance': 0.75, 'spread_edge': 0.75, 'spread_pick': 'HOME', 'total_distance': 0.0, 'total_edge': 0.0, 'total_pick': '', 'total_projection': 41.5}, 'Football_TotalValue_v1': {'context_flags': {'book_count': 11.0, 'total_value_rule': 'low_total_over_high_total_under'}, 'home_line_proj': 2.5, 'model_name': 'Football_TotalValue_v1', 'parlay_edge_score': 1.0, 'spread_distance': 0.0, 'spread_edge': 0.0, 'spread_pick': '', 'total_distance': 1.0, 'total_edge': 1.0, 'total_pick': 'OVER', 'total_projection': 42.5}}",-146.0,-146.0,124.0,124.0,66,f3fd2782d4d03bd12a177fbbad17005b,2025-12-14T15:55:37Z,odds_api_flattened,-2.5,2.5,STATUS_FINAL,post,41.5,Caesars Superdome
nfl_401772909,2025-12-14,Los Angeles Rams,Detroit Lions,-6.0,6.0,55.0,54.5,AWAY,-0.25,-0.5,0.75,LOW,Football_MarketBlend_v1,Football_MarketBlend_v1,"{'blend_inputs': ['Football_MarketConsensus_v1', 'Football_SpreadValue_v1', 'Football_TotalValue_v1', 'Football_LineMovement_v1', 'Football_KeyNumberGuard_v1'], 'key_number_risk': False}","Game: Detroit Lions @ Los Angeles Rams
Authority: Football_MarketBlend_v1
Market: Spread -6.0, Total 55.0
Projection: Margin -5.75, Total 54.5
Spread Pick: AWAY (edge -0.25)
Total Pick: UNDER (edge -0.5)",-5.75,,,,UNDER,ACTIVE,,"{'spread': None, 'total': None}",FOOTBALL_MARKET_BLEND,34,34,DET,11,FOOTBALL_MARKET_BLEND,2025-12-14T21:25:00Z,1,Football market blend edge clears threshold,11,False,,true,true,true,true,41,41,LAR,nfl,odds_api_flattened_consensus,3,"{'Football_KeyNumberGuard_v1': {'context_flags': {'key_number_risk': False, 'key_numbers': [3, 7, 10]}, 'home_line_proj': -6.0, 'model_name': 'Football_KeyNumberGuard_v1', 'parlay_edge_score': 0, 'spread_distance': 0.0, 'spread_edge': 0.0, 'spread_pick': '', 'total_distance': 0.0, 'total_edge': 0.0, 'total_pick': '', 'total_projection': 55.0}, 'Football_LineMovement_v1': {'context_flags': {'movement_available': False}, 'home_line_proj': -6.0, 'model_name': 'Football_LineMovement_v1', 'parlay_edge_score': 0, 'spread_distance': 0.0, 'spread_edge': 0.0, 'spread_pick': '', 'total_distance': 0.0, 'total_edge': 0.0, 'total_pick': '', 'total_projection': 55.0}, 'Football_MarketBlend_v1': {'context_flags': {'blend_inputs': ['Football_MarketConsensus_v1', 'Football_SpreadValue_v1', 'Football_TotalValue_v1', 'Football_LineMovement_v1', 'Football_KeyNumberGuard_v1'], 'key_number_risk': False}, 'home_line_proj': -5.75, 'model_name': 'Football_MarketBlend_v1', 'parlay_edge_score': 0.75, 'spread_distance': 0.25, 'spread_edge': -0.25, 'spread_pick': 'AWAY', 'total_distance': 0.5, 'total_edge': -0.5, 'total_pick': 'UNDER', 'total_projection': 54.5}, 'Football_MarketConsensus_v1': {'context_flags': {'book_count': 11, 'source': 'market_consensus'}, 'home_line_proj': -6.0, 'model_name': 'Football_MarketConsensus_v1', 'parlay_edge_score': 0, 'spread_distance': 0.0, 'spread_edge': 0.0, 'spread_pick': '', 'total_distance': 0.0, 'total_edge': 0.0, 'total_pick': '', 'total_projection': 55.0}, 'Football_SpreadValue_v1': {'context_flags': {'book_count': 11.0, 'value_shift': 0.75}, 'home_line_proj': -5.25, 'model_name': 'Football_SpreadValue_v1', 'parlay_edge_score': 0.75, 'spread_distance': 0.75, 'spread_edge': -0.75, 'spread_pick': 'AWAY', 'total_distance': 0.0, 'total_edge': 0.0, 'total_pick': '', 'total_projection': 55.0}, 'Football_TotalValue_v1': {'context_flags': {'book_count': 11.0, 'total_value_rule': 'low_total_over_high_total_under'}, 'home_line_proj': -6.0, 'model_name': 'Football_TotalValue_v1', 'parlay_edge_score': 1.0, 'spread_distance': 0.0, 'spread_edge': 0.0, 'spread_pick': '', 'total_distance': 1.0, 'total_edge': -1.0, 'total_pick': 'UNDER', 'total_projection': 54.0}}",215.0,215.0,-260.0,-260.0,66,bd299b70476643cff05f2be58e12301a,2025-12-14T15:55:37Z,odds_api_flattened,6.0,-6.0,STATUS_FINAL,post,55.0,SoFi Stadium
nfl_401772933,2025-12-15,Dallas Cowboys,Minnesota Vikings,-5.5,5.5,47.5,47.0,AWAY,-0.25,-0.5,0.75,LOW,Football_MarketBlend_v1,Football_MarketBlend_v1,"{'blend_inputs': ['Football_MarketConsensus_v1', 'Football_SpreadValue_v1', 'Football_TotalValue_v1', 'Football_LineMovement_v1', 'Football_KeyNumberGuard_v1'], 'key_number_risk': False}","Game: Minnesota Vikings @ Dallas Cowboys
Authority: Football_MarketBlend_v1
Market: Spread -5.5, Total 47.5
Projection: Margin -5.25, Total 47.0
Spread Pick: AWAY (edge -0.25)
Total Pick: UNDER (edge -0.5)",-5.25,,,,UNDER,ACTIVE,,"{'spread': None, 'total': None}",FOOTBALL_MARKET_BLEND,34,34,MIN,11,FOOTBALL_MARKET_BLEND,2025-12-15T01:20:00Z,1,Football market blend edge clears threshold,11,False,,true,true,true,true,26,26,DAL,nfl,odds_api_flattened_consensus,3,"{'Football_KeyNumberGuard_v1': {'context_flags': {'key_number_risk': False, 'key_numbers': [3, 7, 10]}, 'home_line_proj': -5.5, 'model_name': 'Football_KeyNumberGuard_v1', 'parlay_edge_score': 0, 'spread_distance': 0.0, 'spread_edge': 0.0, 'spread_pick': '', 'total_distance': 0.0, 'total_edge': 0.0, 'total_pick': '', 'total_projection': 47.5}, 'Football_LineMovement_v1': {'context_flags': {'movement_available': False}, 'home_line_proj': -5.5, 'model_name': 'Football_LineMovement_v1', 'parlay_edge_score': 0, 'spread_distance': 0.0, 'spread_edge': 0.0, 'spread_pick': '', 'total_distance': 0.0, 'total_edge': 0.0, 'total_pick': '', 'total_projection': 47.5}, 'Football_MarketBlend_v1': {'context_flags': {'blend_inputs': ['Football_MarketConsensus_v1', 'Football_SpreadValue_v1', 'Football_TotalValue_v1', 'Football_LineMovement_v1', 'Football_KeyNumberGuard_v1'], 'key_number_risk': False}, 'home_line_proj': -5.25, 'model_name': 'Football_MarketBlend_v1', 'parlay_edge_score': 0.75, 'spread_distance': 0.25, 'spread_edge': -0.25, 'spread_pick': 'AWAY', 'total_distance': 0.5, 'total_edge': -0.5, 'total_pick': 'UNDER', 'total_projection': 47.0}, 'Football_MarketConsensus_v1': {'context_flags': {'book_count': 11, 'source': 'market_consensus'}, 'home_line_proj': -5.5, 'model_name': 'Football_MarketConsensus_v1', 'parlay_edge_score': 0, 'spread_distance': 0.0, 'spread_edge': 0.0, 'spread_pick': '', 'total_distance': 0.0, 'total_edge': 0.0, 'total_pick': '', 'total_projection': 47.5}, 'Football_SpreadValue_v1': {'context_flags': {'book_count': 11.0, 'value_shift': 0.75}, 'home_line_proj': -4.75, 'model_name': 'Football_SpreadValue_v1', 'parlay_edge_score': 0.75, 'spread_distance': 0.75, 'spread_edge': -0.75, 'spread_pick': 'AWAY', 'total_distance': 0.0, 'total_edge': 0.0, 'total_pick': '', 'total_projection': 47.5}, 'Football_TotalValue_v1': {'context_flags': {'book_count': 11.0, 'total_value_rule': 'low_total_over_high_total_under'}, 'home_line_proj': -5.5, 'model_name': 'Football_TotalValue_v1', 'parlay_edge_score': 1.0, 'spread_distance': 0.0, 'spread_edge': 0.0, 'spread_pick': '', 'total_distance': 1.0, 'total_edge': -1.0, 'total_pick': 'UNDER', 'total_projection': 46.5}}",215.0,215.0,-270.0,-270.0,66,3c74ebd1d005a7346c182daf6f7279dd,2025-12-14T15:55:37Z,odds_api_flattened,5.5,-5.5,STATUS_FINAL,post,47.5,AT&T Stadium
nfl_401772823,2025-12-16,Pittsburgh Steelers,Miami Dolphins,-3.0,3.0,42.5,43.0,,-0.25,0.5,0.75,LOW,Football_MarketBlend_v1,Football_MarketBlend_v1,"{'blend_inputs': ['Football_MarketConsensus_v1', 'Football_SpreadValue_v1', 'Football_TotalValue_v1', 'Football_LineMovement_v1', 'Football_KeyNumberGuard_v1'], 'key_number_risk': True, 'spread_veto': 'key_number_guard'}","Game: Miami Dolphins @ Pittsburgh Steelers
Authority: Football_MarketBlend_v1
Market: Spread -3.0, Total 42.5
Projection: Margin -2.75, Total 43.0
Spread Pick:  (edge -0.25)
Total Pick: OVER (edge 0.5)",-2.75,,,,OVER,ACTIVE,,"{'spread': None, 'total': None}",FOOTBALL_MARKET_BLEND,15,15,MIA,11,FOOTBALL_MARKET_BLEND,2025-12-16T01:15:00Z,1,Football market blend edge clears threshold,11,False,,true,true,true,true,28,28,PIT,nfl,odds_api_flattened_consensus,3,"{'Football_KeyNumberGuard_v1': {'context_flags': {'key_number_risk': True, 'key_numbers': [3, 7, 10]}, 'home_line_proj': -3.0, 'model_name': 'Football_KeyNumberGuard_v1', 'parlay_edge_score': 0, 'spread_distance': 0.0, 'spread_edge': 0.0, 'spread_pick': '', 'total_distance': 0.0, 'total_edge': 0.0, 'total_pick': '', 'total_projection': 42.5}, 'Football_LineMovement_v1': {'context_flags': {'movement_available': False}, 'home_line_proj': -3.0, 'model_name': 'Football_LineMovement_v1', 'parlay_edge_score': 0, 'spread_distance': 0.0, 'spread_edge': 0.0, 'spread_pick': '', 'total_distance': 0.0, 'total_edge': 0.0, 'total_pick': '', 'total_projection': 42.5}, 'Football_MarketBlend_v1': {'context_flags': {'blend_inputs': ['Football_MarketConsensus_v1', 'Football_SpreadValue_v1', 'Football_TotalValue_v1', 'Football_LineMovement_v1', 'Football_KeyNumberGuard_v1'], 'key_number_risk': True, 'spread_veto': 'key_number_guard'}, 'home_line_proj': -2.75, 'model_name': 'Football_MarketBlend_v1', 'parlay_edge_score': 0.75, 'spread_distance': 0.25, 'spread_edge': -0.25, 'spread_pick': '', 'total_distance': 0.5, 'total_edge': 0.5, 'total_pick': 'OVER', 'total_projection': 43.0}, 'Football_MarketConsensus_v1': {'context_flags': {'book_count': 11, 'source': 'market_consensus'}, 'home_line_proj': -3.0, 'model_name': 'Football_MarketConsensus_v1', 'parlay_edge_score': 0, 'spread_distance': 0.0, 'spread_edge': 0.0, 'spread_pick': '', 'total_distance': 0.0, 'total_edge': 0.0, 'total_pick': '', 'total_projection': 42.5}, 'Football_SpreadValue_v1': {'context_flags': {'book_count': 11.0, 'value_shift': 0.75}, 'home_line_proj': -2.25, 'model_name': 'Football_SpreadValue_v1', 'parlay_edge_score': 0.75, 'spread_distance': 0.75, 'spread_edge': -0.75, 'spread_pick': 'AWAY', 'total_distance': 0.0, 'total_edge': 0.0, 'total_pick': '', 'total_projection': 42.5}, 'Football_TotalValue_v1': {'context_flags': {'book_count': 11.0, 'total_value_rule': 'low_total_over_high_total_under'}, 'home_line_proj': -3.0, 'model_name': 'Football_TotalValue_v1', 'parlay_edge_score': 1.0, 'spread_distance': 0.0, 'spread_edge': 0.0, 'spread_pick': '', 'total_distance': 1.0, 'total_edge': 1.0, 'total_pick': 'OVER', 'total_projection': 43.5}}",145.0,145.0,-176.0,-176.0,66,ba5d065a7e9ea9afe54642036f2ec83a,2025-12-15T15:55:37Z,odds_api_flattened,3.0,-3.0,STATUS_FINAL,post,42.5,Acrisure Stadium
nfl_401772949,2025-12-19,Seattle Seahawks,Los Angeles Rams,-1.5,1.5,42.5,43.0,AWAY,-0.25,0.5,0.75,LOW,Football_MarketBlend_v1,Football_MarketBlend_v1,"{'blend_inputs': ['Football_MarketConsensus_v1', 'Football_SpreadValue_v1', 'Football_TotalValue_v1', 'Football_LineMovement_v1', 'Football_KeyNumberGuard_v1'], 'key_number_risk': False}","Game: Los Angeles Rams @ Seattle Seahawks
Authority: Football_MarketBlend_v1
Market: Spread -1.5, Total 42.5
Projection: Margin -1.25, Total 43.0
Spread Pick: AWAY (edge -0.25)
Total Pick: OVER (edge 0.5)",-1.25,,,,OVER,ACTIVE,,"{'spread': None, 'total': None}",FOOTBALL_MARKET_BLEND,37,37,LAR,11,FOOTBALL_MARKET_BLEND,2025-12-19T01:15:00Z,1,Football market blend edge clears threshold,11,False,,true,true,true,true,38,38,SEA,nfl,odds_api_flattened_consensus,3,"{'Football_KeyNumberGuard_v1': {'context_flags': {'key_number_risk': False, 'key_numbers': [3, 7, 10]}, 'home_line_proj': -1.5, 'model_name': 'Football_KeyNumberGuard_v1', 'parlay_edge_score': 0, 'spread_distance': 0.0, 'spread_edge': 0.0, 'spread_pick': '', 'total_distance': 0.0, 'total_edge': 0.0, 'total_pick': '', 'total_projection': 42.5}, 'Football_LineMovement_v1': {'context_flags': {'movement_available': False}, 'home_line_proj': -1.5, 'model_name': 'Football_LineMovement_v1', 'parlay_edge_score': 0, 'spread_distance': 0.0, 'spread_edge': 0.0, 'spread_pick': '', 'total_distance': 0.0, 'total_edge': 0.0, 'total_pick': '', 'total_projection': 42.5}, 'Football_MarketBlend_v1': {'context_flags': {'blend_inputs': ['Football_MarketConsensus_v1', 'Football_SpreadValue_v1', 'Football_TotalValue_v1', 'Football_LineMovement_v1', 'Football_KeyNumberGuard_v1'], 'key_number_risk': False}, 'home_line_proj': -1.25, 'model_name': 'Football_MarketBlend_v1', 'parlay_edge_score': 0.75, 'spread_distance': 0.25, 'spread_edge': -0.25, 'spread_pick': 'AWAY', 'total_distance': 0.5, 'total_edge': 0.5, 'total_pick': 'OVER', 'total_projection': 43.0}, 'Football_MarketConsensus_v1': {'context_flags': {'book_count': 11, 'source': 'market_consensus'}, 'home_line_proj': -1.5, 'model_name': 'Football_MarketConsensus_v1', 'parlay_edge_score': 0, 'spread_distance': 0.0, 'spread_edge': 0.0, 'spread_pick': '', 'total_distance': 0.0, 'total_edge': 0.0, 'total_pick': '', 'total_projection': 42.5}, 'Football_SpreadValue_v1': {'context_flags': {'book_count': 11.0, 'value_shift': 0.75}, 'home_line_proj': -0.75, 'model_name': 'Football_SpreadValue_v1', 'parlay_edge_score': 0.75, 'spread_distance': 0.75, 'spread_edge': -0.75, 'spread_pick': 'AWAY', 'total_distance': 0.0, 'total_edge': 0.0, 'total_pick': '', 'total_projection': 42.5}, 'Football_TotalValue_v1': {'context_flags': {'book_count': 11.0, 'total_value_rule': 'low_total_over_high_total_under'}, 'home_line_proj': -1.5, 'model_name': 'Football_TotalValue_v1', 'parlay_edge_score': 1.0, 'spread_distance': 0.0, 'spread_edge': 0.0, 'spread_pick': '', 'total_distance': 1.0, 'total_edge': 1.0, 'total_pick': 'OVER', 'total_projection': 43.5}}",105.0,105.0,-126.0,-126.0,64,ac7881cc5a498c5b72680498d3fa8f6e,2025-12-18T15:55:37Z,odds_api_flattened,1.5,-1.5,STATUS_FINAL,post,42.5,Lumen Field
nfl_401772612,2025-12-20,Washington Commanders,Philadelphia Eagles,7.0,-7.0,44.5,45.0,,0.25,0.5,0.75,LOW,Football_MarketBlend_v1,Football_MarketBlend_v1,"{'blend_inputs': ['Football_MarketConsensus_v1', 'Football_SpreadValue_v1', 'Football_TotalValue_v1', 'Football_LineMovement_v1', 'Football_KeyNumberGuard_v1'], 'key_number_risk': True, 'spread_veto': 'key_number_guard'}","Game: Philadelphia Eagles @ Washington Commanders
Authority: Football_MarketBlend_v1
Market: Spread 7.0, Total 44.5
Projection: Margin 6.75, Total 45.0
Spread Pick:  (edge 0.25)
Total Pick: OVER (edge 0.5)",6.75,,,,OVER,ACTIVE,,"{'spread': None, 'total': None}",FOOTBALL_MARKET_BLEND,29,29,PHI,11,FOOTBALL_MARKET_BLEND,2025-12-20T22:00:00Z,1,Football market blend edge clears threshold,11,False,,true,true,true,true,18,18,WAS,nfl,odds_api_flattened_consensus,3,"{'Football_KeyNumberGuard_v1': {'context_flags': {'key_number_risk': True, 'key_numbers': [3, 7, 10]}, 'home_line_proj': 7.0, 'model_name': 'Football_KeyNumberGuard_v1', 'parlay_edge_score': 0, 'spread_distance': 0.0, 'spread_edge': 0.0, 'spread_pick': '', 'total_distance': 0.0, 'total_edge': 0.0, 'total_pick': '', 'total_projection': 44.5}, 'Football_LineMovement_v1': {'context_flags': {'movement_available': False}, 'home_line_proj': 7.0, 'model_name': 'Football_LineMovement_v1', 'parlay_edge_score': 0, 'spread_distance': 0.0, 'spread_edge': 0.0, 'spread_pick': '', 'total_distance': 0.0, 'total_edge': 0.0, 'total_pick': '', 'total_projection': 44.5}, 'Football_MarketBlend_v1': {'context_flags': {'blend_inputs': ['Football_MarketConsensus_v1', 'Football_SpreadValue_v1', 'Football_TotalValue_v1', 'Football_LineMovement_v1', 'Football_KeyNumberGuard_v1'], 'key_number_risk': True, 'spread_veto': 'key_number_guard'}, 'home_line_proj': 6.75, 'model_name': 'Football_MarketBlend_v1', 'parlay_edge_score': 0.75, 'spread_distance': 0.25, 'spread_edge': 0.25, 'spread_pick': '', 'total_distance': 0.5, 'total_edge': 0.5, 'total_pick': 'OVER', 'total_projection': 45.0}, 'Football_MarketConsensus_v1': {'context_flags': {'book_count': 11, 'source': 'market_consensus'}, 'home_line_proj': 7.0, 'model_name': 'Football_MarketConsensus_v1', 'parlay_edge_score': 0, 'spread_distance': 0.0, 'spread_edge': 0.0, 'spread_pick': '', 'total_distance': 0.0, 'total_edge': 0.0, 'total_pick': '', 'total_projection': 44.5}, 'Football_SpreadValue_v1': {'context_flags': {'book_count': 11.0, 'value_shift': -0.75}, 'home_line_proj': 6.25, 'model_name': 'Football_SpreadValue_v1', 'parlay_edge_score': 0.75, 'spread_distance': 0.75, 'spread_edge': 0.75, 'spread_pick': 'HOME', 'total_distance': 0.0, 'total_edge': 0.0, 'total_pick': '', 'total_projection': 44.5}, 'Football_TotalValue_v1': {'context_flags': {'book_count': 11.0, 'total_value_rule': 'low_total_over_high_total_under'}, 'home_line_proj': 7.0, 'model_name': 'Football_TotalValue_v1', 'parlay_edge_score': 1.0, 'spread_distance': 0.0, 'spread_edge': 0.0, 'spread_pick': '', 'total_distance': 1.0, 'total_edge': 1.0, 'total_pick': 'OVER', 'total_projection': 45.5}}",-350.0,-350.0,278.0,278.0,64,18fe4528a0bc43d9cd64bd09c0d5019f,2025-12-20T15:55:37Z,odds_api_flattened,-7.0,7.0,STATUS_FINAL,post,44.5,Northwest Stadium
nfl_401772613,2025-12-21,Chicago Bears,Green Bay Packers,-1.0,1.0,45.5,45.0,AWAY,-0.25,-0.5,0.75,LOW,Football_MarketBlend_v1,Football_MarketBlend_v1,"{'blend_inputs': ['Football_MarketConsensus_v1', 'Football_SpreadValue_v1', 'Football_TotalValue_v1', 'Football_LineMovement_v1', 'Football_KeyNumberGuard_v1'], 'key_number_risk': False}","Game: Green Bay Packers @ Chicago Bears
Authority: Football_MarketBlend_v1
Market: Spread -1.0, Total 45.5
Projection: Margin -0.75, Total 45.0
Spread Pick: AWAY (edge -0.25)
Total Pick: UNDER (edge -0.5)",-0.75,,,,UNDER,ACTIVE,,"{'spread': None, 'total': None}",FOOTBALL_MARKET_BLEND,16,16,GB,11,FOOTBALL_MARKET_BLEND,2025-12-21T01:20:00Z,1,Football market blend edge clears threshold,11,False,,true,true,true,true,22,22,CHI,nfl,odds_api_flattened_consensus,3,"{'Football_KeyNumberGuard_v1': {'context_flags': {'key_number_risk': False, 'key_numbers': [3, 7, 10]}, 'home_line_proj': -1.0, 'model_name': 'Football_KeyNumberGuard_v1', 'parlay_edge_score': 0, 'spread_distance': 0.0, 'spread_edge': 0.0, 'spread_pick': '', 'total_distance': 0.0, 'total_edge': 0.0, 'total_pick': '', 'total_projection': 45.5}, 'Football_LineMovement_v1': {'context_flags': {'movement_available': False}, 'home_line_proj': -1.0, 'model_name': 'Football_LineMovement_v1', 'parlay_edge_score': 0, 'spread_distance': 0.0, 'spread_edge': 0.0, 'spread_pick': '', 'total_distance': 0.0, 'total_edge': 0.0, 'total_pick': '', 'total_projection': 45.5}, 'Football_MarketBlend_v1': {'context_flags': {'blend_inputs': ['Football_MarketConsensus_v1', 'Football_SpreadValue_v1', 'Football_TotalValue_v1', 'Football_LineMovement_v1', 'Football_KeyNumberGuard_v1'], 'key_number_risk': False}, 'home_line_proj': -0.75, 'model_name': 'Football_MarketBlend_v1', 'parlay_edge_score': 0.75, 'spread_distance': 0.25, 'spread_edge': -0.25, 'spread_pick': 'AWAY', 'total_distance': 0.5, 'total_edge': -0.5, 'total_pick': 'UNDER', 'total_projection': 45.0}, 'Football_MarketConsensus_v1': {'context_flags': {'book_count': 11, 'source': 'market_consensus'}, 'home_line_proj': -1.0, 'model_name': 'Football_MarketConsensus_v1', 'parlay_edge_score': 0, 'spread_distance': 0.0, 'spread_edge': 0.0, 'spread_pick': '', 'total_distance': 0.0, 'total_edge': 0.0, 'total_pick': '', 'total_projection': 45.5}, 'Football_SpreadValue_v1': {'context_flags': {'book_count': 11.0, 'value_shift': 0.75}, 'home_line_proj': -0.25, 'model_name': 'Football_SpreadValue_v1', 'parlay_edge_score': 0.75, 'spread_distance': 0.75, 'spread_edge': -0.75, 'spread_pick': 'AWAY', 'total_distance': 0.0, 'total_edge': 0.0, 'total_pick': '', 'total_projection': 45.5}, 'Football_TotalValue_v1': {'context_flags': {'book_count': 11.0, 'total_value_rule': 'low_total_over_high_total_under'}, 'home_line_proj': -1.0, 'model_name': 'Football_TotalValue_v1', 'parlay_edge_score': 1.0, 'spread_distance': 0.0, 'spread_edge': 0.0, 'spread_pick': '', 'total_distance': 1.0, 'total_edge': -1.0, 'total_pick': 'UNDER', 'total_projection': 44.5}}",-102.0,-102.0,-118.0,-118.0,64,9f70d98bc6918dc8e21f329405b649fe,2025-12-20T15:55:37Z,odds_api_flattened,1.0,-1.0,STATUS_FINAL,post,45.5,Soldier Field
nfl_401772801,2025-12-21,New Orleans Saints,New York Jets,-6.5,6.5,40.5,41.0,,-0.25,0.5,0.75,LOW,Football_MarketBlend_v1,Football_MarketBlend_v1,"{'blend_inputs': ['Football_MarketConsensus_v1', 'Football_SpreadValue_v1', 'Football_TotalValue_v1', 'Football_LineMovement_v1', 'Football_KeyNumberGuard_v1'], 'key_number_risk': True, 'spread_veto': 'key_number_guard'}","Game: New York Jets @ New Orleans Saints
Authority: Football_MarketBlend_v1
Market: Spread -6.5, Total 40.5
Projection: Margin -6.25, Total 41.0
Spread Pick:  (edge -0.25)
Total Pick: OVER (edge 0.5)",-6.25,,,,OVER,ACTIVE,,"{'spread': None, 'total': None}",FOOTBALL_MARKET_BLEND,6,6,NYJ,11,FOOTBALL_MARKET_BLEND,2025-12-21T18:00:00Z,1,Football market blend edge clears threshold,11,False,,true,true,true,true,29,29,NO,nfl,odds_api_flattened_consensus,3,"{'Football_KeyNumberGuard_v1': {'context_flags': {'key_number_risk': True, 'key_numbers': [3, 7, 10]}, 'home_line_proj': -6.5, 'model_name': 'Football_KeyNumberGuard_v1', 'parlay_edge_score': 0, 'spread_distance': 0.0, 'spread_edge': 0.0, 'spread_pick': '', 'total_distance': 0.0, 'total_edge': 0.0, 'total_pick': '', 'total_projection': 40.5}, 'Football_LineMovement_v1': {'context_flags': {'movement_available': False}, 'home_line_proj': -6.5, 'model_name': 'Football_LineMovement_v1', 'parlay_edge_score': 0, 'spread_distance': 0.0, 'spread_edge': 0.0, 'spread_pick': '', 'total_distance': 0.0, 'total_edge': 0.0, 'total_pick': '', 'total_projection': 40.5}, 'Football_MarketBlend_v1': {'context_flags': {'blend_inputs': ['Football_MarketConsensus_v1', 'Football_SpreadValue_v1', 'Football_TotalValue_v1', 'Football_LineMovement_v1', 'Football_KeyNumberGuard_v1'], 'key_number_risk': True, 'spread_veto': 'key_number_guard'}, 'home_line_proj': -6.25, 'model_name': 'Football_MarketBlend_v1', 'parlay_edge_score': 0.75, 'spread_distance': 0.25, 'spread_edge': -0.25, 'spread_pick': '', 'total_distance': 0.5, 'total_edge': 0.5, 'total_pick': 'OVER', 'total_projection': 41.0}, 'Football_MarketConsensus_v1': {'context_flags': {'book_count': 11, 'source': 'market_consensus'}, 'home_line_proj': -6.5, 'model_name': 'Football_MarketConsensus_v1', 'parlay_edge_score': 0, 'spread_distance': 0.0, 'spread_edge': 0.0, 'spread_pick': '', 'total_distance': 0.0, 'total_edge': 0.0, 'total_pick': '', 'total_projection': 40.5}, 'Football_SpreadValue_v1': {'context_flags': {'book_count': 11.0, 'value_shift': 0.75}, 'home_line_proj': -5.75, 'model_name': 'Football_SpreadValue_v1', 'parlay_edge_score': 0.75, 'spread_distance': 0.75, 'spread_edge': -0.75, 'spread_pick': 'AWAY', 'total_distance': 0.0, 'total_edge': 0.0, 'total_pick': '', 'total_projection': 40.5}, 'Football_TotalValue_v1': {'context_flags': {'book_count': 11.0, 'total_value_rule': 'low_total_over_high_total_under'}, 'home_line_proj': -6.5, 'model_name': 'Football_TotalValue_v1', 'parlay_edge_score': 1.0, 'spread_distance': 0.0, 'spread_edge': 0.0, 'spread_pick': '', 'total_distance': 1.0, 'total_edge': 1.0, 'total_pick': 'OVER', 'total_projection': 41.5}}",235.0,235.0,-290.0,-290.0,64,aa5b25e85d1ad6540d7a5ae04b73ddfd,2025-12-21T15:55:37Z,odds_api_flattened,6.5,-6.5,STATUS_FINAL,post,40.5,Caesars Superdome
nfl_401772802,2025-12-21,Cleveland Browns,Buffalo Bills,10.5,-10.5,40.5,41.0,,0.25,0.5,0.75,LOW,Football_MarketBlend_v1,Football_MarketBlend_v1,"{'blend_inputs': ['Football_MarketConsensus_v1', 'Football_SpreadValue_v1', 'Football_TotalValue_v1', 'Football_LineMovement_v1', 'Football_KeyNumberGuard_v1'], 'key_number_risk': True, 'spread_veto': 'key_number_guard'}","Game: Buffalo Bills @ Cleveland Browns
Authority: Football_MarketBlend_v1
Market: Spread 10.5, Total 40.5
Projection: Margin 10.25, Total 41.0
Spread Pick:  (edge 0.25)
Total Pick: OVER (edge 0.5)",10.25,,,,OVER,ACTIVE,,"{'spread': None, 'total': None}",FOOTBALL_MARKET_BLEND,23,23,BUF,11,FOOTBALL_MARKET_BLEND,2025-12-21T18:00:00Z,1,Football market blend edge clears threshold,11,False,,true,true,true,true,20,20,CLE,nfl,odds_api_flattened_consensus,3,"{'Football_KeyNumberGuard_v1': {'context_flags': {'key_number_risk': True, 'key_numbers': [3, 7, 10]}, 'home_line_proj': 10.5, 'model_name': 'Football_KeyNumberGuard_v1', 'parlay_edge_score': 0, 'spread_distance': 0.0, 'spread_edge': 0.0, 'spread_pick': '', 'total_distance': 0.0, 'total_edge': 0.0, 'total_pick': '', 'total_projection': 40.5}, 'Football_LineMovement_v1': {'context_flags': {'movement_available': False}, 'home_line_proj': 10.5, 'model_name': 'Football_LineMovement_v1', 'parlay_edge_score': 0, 'spread_distance': 0.0, 'spread_edge': 0.0, 'spread_pick': '', 'total_distance': 0.0, 'total_edge': 0.0, 'total_pick': '', 'total_projection': 40.5}, 'Football_MarketBlend_v1': {'context_flags': {'blend_inputs': ['Football_MarketConsensus_v1', 'Football_SpreadValue_v1', 'Football_TotalValue_v1', 'Football_LineMovement_v1', 'Football_KeyNumberGuard_v1'], 'key_number_risk': True, 'spread_veto': 'key_number_guard'}, 'home_line_proj': 10.25, 'model_name': 'Football_MarketBlend_v1', 'parlay_edge_score': 0.75, 'spread_distance': 0.25, 'spread_edge': 0.25, 'spread_pick': '', 'total_distance': 0.5, 'total_edge': 0.5, 'total_pick': 'OVER', 'total_projection': 41.0}, 'Football_MarketConsensus_v1': {'context_flags': {'book_count': 11, 'source': 'market_consensus'}, 'home_line_proj': 10.5, 'model_name': 'Football_MarketConsensus_v1', 'parlay_edge_score': 0, 'spread_distance': 0.0, 'spread_edge': 0.0, 'spread_pick': '', 'total_distance': 0.0, 'total_edge': 0.0, 'total_pick': '', 'total_projection': 40.5}, 'Football_SpreadValue_v1': {'context_flags': {'book_count': 11.0, 'value_shift': -0.75}, 'home_line_proj': 9.75, 'model_name': 'Football_SpreadValue_v1', 'parlay_edge_score': 0.75, 'spread_distance': 0.75, 'spread_edge': 0.75, 'spread_pick': 'HOME', 'total_distance': 0.0, 'total_edge': 0.0, 'total_pick': '', 'total_projection': 40.5}, 'Football_TotalValue_v1': {'context_flags': {'book_count': 11.0, 'total_value_rule': 'low_total_over_high_total_under'}, 'home_line_proj': 10.5, 'model_name': 'Football_TotalValue_v1', 'parlay_edge_score': 1.0, 'spread_distance': 0.0, 'spread_edge': 0.0, 'spread_pick': '', 'total_distance': 1.0, 'total_edge': 1.0, 'total_pick': 'OVER', 'total_projection': 41.5}}",-625.0,-625.0,431.0,431.0,64,2557976e0e66ab698539b543de125469,2025-12-21T15:55:37Z,odds_api_flattened,-10.5,10.5,STATUS_FINAL,post,40.5,Huntington Bank Field
nfl_401772803,2025-12-21,Tennessee Titans,Kansas City Chiefs,3.0,-3.0,37.5,38.0,,0.25,0.5,0.75,LOW,Football_MarketBlend_v1,Football_MarketBlend_v1,"{'blend_inputs': ['Football_MarketConsensus_v1', 'Football_SpreadValue_v1', 'Football_TotalValue_v1', 'Football_LineMovement_v1', 'Football_KeyNumberGuard_v1'], 'key_number_risk': True, 'spread_veto': 'key_number_guard'}","Game: Kansas City Chiefs @ Tennessee Titans
Authority: Football_MarketBlend_v1
Market: Spread 3.0, Total 37.5
Projection: Margin 2.75, Total 38.0
Spread Pick:  (edge 0.25)
Total Pick: OVER (edge 0.5)",2.75,,,,OVER,ACTIVE,,"{'spread': None, 'total': None}",FOOTBALL_MARKET_BLEND,9,9,KC,11,FOOTBALL_MARKET_BLEND,2025-12-21T18:00:00Z,1,Football market blend edge clears threshold,11,False,,true,true,true,true,26,26,TEN,nfl,odds_api_flattened_consensus,3,"{'Football_KeyNumberGuard_v1': {'context_flags': {'key_number_risk': True, 'key_numbers': [3, 7, 10]}, 'home_line_proj': 3.0, 'model_name': 'Football_KeyNumberGuard_v1', 'parlay_edge_score': 0, 'spread_distance': 0.0, 'spread_edge': 0.0, 'spread_pick': '', 'total_distance': 0.0, 'total_edge': 0.0, 'total_pick': '', 'total_projection': 37.5}, 'Football_LineMovement_v1': {'context_flags': {'movement_available': False}, 'home_line_proj': 3.0, 'model_name': 'Football_LineMovement_v1', 'parlay_edge_score': 0, 'spread_distance': 0.0, 'spread_edge': 0.0, 'spread_pick': '', 'total_distance': 0.0, 'total_edge': 0.0, 'total_pick': '', 'total_projection': 37.5}, 'Football_MarketBlend_v1': {'context_flags': {'blend_inputs': ['Football_MarketConsensus_v1', 'Football_SpreadValue_v1', 'Football_TotalValue_v1', 'Football_LineMovement_v1', 'Football_KeyNumberGuard_v1'], 'key_number_risk': True, 'spread_veto': 'key_number_guard'}, 'home_line_proj': 2.75, 'model_name': 'Football_MarketBlend_v1', 'parlay_edge_score': 0.75, 'spread_distance': 0.25, 'spread_edge': 0.25, 'spread_pick': '', 'total_distance': 0.5, 'total_edge': 0.5, 'total_pick': 'OVER', 'total_projection': 38.0}, 'Football_MarketConsensus_v1': {'context_flags': {'book_count': 11, 'source': 'market_consensus'}, 'home_line_proj': 3.0, 'model_name': 'Football_MarketConsensus_v1', 'parlay_edge_score': 0, 'spread_distance': 0.0, 'spread_edge': 0.0, 'spread_pick': '', 'total_distance': 0.0, 'total_edge': 0.0, 'total_pick': '', 'total_projection': 37.5}, 'Football_SpreadValue_v1': {'context_flags': {'book_count': 11.0, 'value_shift': -0.75}, 'home_line_proj': 2.25, 'model_name': 'Football_SpreadValue_v1', 'parlay_edge_score': 0.75, 'spread_distance': 0.75, 'spread_edge': 0.75, 'spread_pick': 'HOME', 'total_distance': 0.0, 'total_edge': 0.0, 'total_pick': '', 'total_projection': 37.5}, 'Football_TotalValue_v1': {'context_flags': {'book_count': 11.0, 'total_value_rule': 'low_total_over_high_total_under'}, 'home_line_proj': 3.0, 'model_name': 'Football_TotalValue_v1', 'parlay_edge_score': 1.0, 'spread_distance': 0.0, 'spread_edge': 0.0, 'spread_pick': '', 'total_distance': 1.0, 'total_edge': 1.0, 'total_pick': 'OVER', 'total_projection': 38.5}}",-170.0,-170.0,143.0,143.0,64,0cce34b9a49c4c6bdc1e65449e37a0f9,2025-12-21T15:55:37Z,odds_api_flattened,-3.0,3.0,STATUS_FINAL,post,37.5,Nissan Stadium
nfl_401772805,2025-12-21,Houston Texans,Las Vegas Raiders,-14.0,14.0,39.0,39.5,AWAY,-0.25,0.5,0.75,LOW,Football_MarketBlend_v1,Football_MarketBlend_v1,"{'blend_inputs': ['Football_MarketConsensus_v1', 'Football_SpreadValue_v1', 'Football_TotalValue_v1', 'Football_LineMovement_v1', 'Football_KeyNumberGuard_v1'], 'key_number_risk': False}","Game: Las Vegas Raiders @ Houston Texans
Authority: Football_MarketBlend_v1
Market: Spread -14.0, Total 39.0
Projection: Margin -13.75, Total 39.5
Spread Pick: AWAY (edge -0.25)
Total Pick: OVER (edge 0.5)",-13.75,,,,OVER,ACTIVE,,"{'spread': None, 'total': None}",FOOTBALL_MARKET_BLEND,21,21,LV,11,FOOTBALL_MARKET_BLEND,2025-12-21T21:25:00Z,1,Football market blend edge clears threshold,11,False,,true,true,true,true,23,23,HOU,nfl,odds_api_flattened_consensus,3,"{'Football_KeyNumberGuard_v1': {'context_flags': {'key_number_risk': False, 'key_numbers': [3, 7, 10]}, 'home_line_proj': -14.0, 'model_name': 'Football_KeyNumberGuard_v1', 'parlay_edge_score': 0, 'spread_distance': 0.0, 'spread_edge': 0.0, 'spread_pick': '', 'total_distance': 0.0, 'total_edge': 0.0, 'total_pick': '', 'total_projection': 39.0}, 'Football_LineMovement_v1': {'context_flags': {'movement_available': False}, 'home_line_proj': -14.0, 'model_name': 'Football_LineMovement_v1', 'parlay_edge_score': 0, 'spread_distance': 0.0, 'spread_edge': 0.0, 'spread_pick': '', 'total_distance': 0.0, 'total_edge': 0.0, 'total_pick': '', 'total_projection': 39.0}, 'Football_MarketBlend_v1': {'context_flags': {'blend_inputs': ['Football_MarketConsensus_v1', 'Football_SpreadValue_v1', 'Football_TotalValue_v1', 'Football_LineMovement_v1', 'Football_KeyNumberGuard_v1'], 'key_number_risk': False}, 'home_line_proj': -13.75, 'model_name': 'Football_MarketBlend_v1', 'parlay_edge_score': 0.75, 'spread_distance': 0.25, 'spread_edge': -0.25, 'spread_pick': 'AWAY', 'total_distance': 0.5, 'total_edge': 0.5, 'total_pick': 'OVER', 'total_projection': 39.5}, 'Football_MarketConsensus_v1': {'context_flags': {'book_count': 11, 'source': 'market_consensus'}, 'home_line_proj': -14.0, 'model_name': 'Football_MarketConsensus_v1', 'parlay_edge_score': 0, 'spread_distance': 0.0, 'spread_edge': 0.0, 'spread_pick': '', 'total_distance': 0.0, 'total_edge': 0.0, 'total_pick': '', 'total_projection': 39.0}, 'Football_SpreadValue_v1': {'context_flags': {'book_count': 11.0, 'value_shift': 0.75}, 'home_line_proj': -13.25, 'model_name': 'Football_SpreadValue_v1', 'parlay_edge_score': 0.75, 'spread_distance': 0.75, 'spread_edge': -0.75, 'spread_pick': 'AWAY', 'total_distance': 0.0, 'total_edge': 0.0, 'total_pick': '', 'total_projection': 39.0}, 'Football_TotalValue_v1': {'context_flags': {'book_count': 11.0, 'total_value_rule': 'low_total_over_high_total_under'}, 'home_line_proj': -14.0, 'model_name': 'Football_TotalValue_v1', 'parlay_edge_score': 1.0, 'spread_distance': 0.0, 'spread_edge': 0.0, 'spread_pick': '', 'total_distance': 1.0, 'total_edge': 1.0, 'total_pick': 'OVER', 'total_projection': 40.0}}",744.0,744.0,-1250.0,-1250.0,64,47a54fb60f7b79179bc80e18a7c5de81,2025-12-21T15:55:37Z,odds_api_flattened,14.0,-14.0,STATUS_FINAL,post,39.0,NRG Stadium
nfl_401772806,2025-12-21,Detroit Lions,Pittsburgh Steelers,-7.5,7.5,52.0,51.5,,-0.25,-0.5,0.75,LOW,Football_MarketBlend_v1,Football_MarketBlend_v1,"{'blend_inputs': ['Football_MarketConsensus_v1', 'Football_SpreadValue_v1', 'Football_TotalValue_v1', 'Football_LineMovement_v1', 'Football_KeyNumberGuard_v1'], 'key_number_risk': True, 'spread_veto': 'key_number_guard'}","Game: Pittsburgh Steelers @ Detroit Lions
Authority: Football_MarketBlend_v1
Market: Spread -7.5, Total 52.0
Projection: Margin -7.25, Total 51.5
Spread Pick:  (edge -0.25)
Total Pick: UNDER (edge -0.5)",-7.25,,,,UNDER,ACTIVE,,"{'spread': None, 'total': None}",FOOTBALL_MARKET_BLEND,29,29,PIT,11,FOOTBALL_MARKET_BLEND,2025-12-21T21:25:00Z,1,Football market blend edge clears threshold,11,False,,true,true,true,true,24,24,DET,nfl,odds_api_flattened_consensus,3,"{'Football_KeyNumberGuard_v1': {'context_flags': {'key_number_risk': True, 'key_numbers': [3, 7, 10]}, 'home_line_proj': -7.5, 'model_name': 'Football_KeyNumberGuard_v1', 'parlay_edge_score': 0, 'spread_distance': 0.0, 'spread_edge': 0.0, 'spread_pick': '', 'total_distance': 0.0, 'total_edge': 0.0, 'total_pick': '', 'total_projection': 52.0}, 'Football_LineMovement_v1': {'context_flags': {'movement_available': False}, 'home_line_proj': -7.5, 'model_name': 'Football_LineMovement_v1', 'parlay_edge_score': 0, 'spread_distance': 0.0, 'spread_edge': 0.0, 'spread_pick': '', 'total_distance': 0.0, 'total_edge': 0.0, 'total_pick': '', 'total_projection': 52.0}, 'Football_MarketBlend_v1': {'context_flags': {'blend_inputs': ['Football_MarketConsensus_v1', 'Football_SpreadValue_v1', 'Football_TotalValue_v1', 'Football_LineMovement_v1', 'Football_KeyNumberGuard_v1'], 'key_number_risk': True, 'spread_veto': 'key_number_guard'}, 'home_line_proj': -7.25, 'model_name': 'Football_MarketBlend_v1', 'parlay_edge_score': 0.75, 'spread_distance': 0.25, 'spread_edge': -0.25, 'spread_pick': '', 'total_distance': 0.5, 'total_edge': -0.5, 'total_pick': 'UNDER', 'total_projection': 51.5}, 'Football_MarketConsensus_v1': {'context_flags': {'book_count': 11, 'source': 'market_consensus'}, 'home_line_proj': -7.5, 'model_name': 'Football_MarketConsensus_v1', 'parlay_edge_score': 0, 'spread_distance': 0.0, 'spread_edge': 0.0, 'spread_pick': '', 'total_distance': 0.0, 'total_edge': 0.0, 'total_pick': '', 'total_projection': 52.0}, 'Football_SpreadValue_v1': {'context_flags': {'book_count': 11.0, 'value_shift': 0.75}, 'home_line_proj': -6.75, 'model_name': 'Football_SpreadValue_v1', 'parlay_edge_score': 0.75, 'spread_distance': 0.75, 'spread_edge': -0.75, 'spread_pick': 'AWAY', 'total_distance': 0.0, 'total_edge': 0.0, 'total_pick': '', 'total_projection': 52.0}, 'Football_TotalValue_v1': {'context_flags': {'book_count': 11.0, 'total_value_rule': 'low_total_over_high_total_under'}, 'home_line_proj': -7.5, 'model_name': 'Football_TotalValue_v1', 'parlay_edge_score': 1.0, 'spread_distance': 0.0, 'spread_edge': 0.0, 'spread_pick': '', 'total_distance': 1.0, 'total_edge': -1.0, 'total_pick': 'UNDER', 'total_projection': 51.0}}",289.0,289.0,-360.0,-360.0,64,a03f89d3aaadf737deb09be24986d5bf,2025-12-21T15:55:37Z,odds_api_flattened,7.5,-7.5,STATUS_FINAL,post,52.0,Ford Field
nfl_401772910,2025-12-21,Dallas Cowboys,Los Angeles Chargers,-1.5,1.5,50.5,50.0,AWAY,-0.25,-0.5,0.75,LOW,Football_MarketBlend_v1,Football_MarketBlend_v1,"{'blend_inputs': ['Football_MarketConsensus_v1', 'Football_SpreadValue_v1', 'Football_TotalValue_v1', 'Football_LineMovement_v1', 'Football_KeyNumberGuard_v1'], 'key_number_risk': False}","Game: Los Angeles Chargers @ Dallas Cowboys
Authority: Football_MarketBlend_v1
Market: Spread -1.5, Total 50.5
Projection: Margin -1.25, Total 50.0
Spread Pick: AWAY (edge -0.25)
Total Pick: UNDER (edge -0.5)",-1.25,,,,UNDER,ACTIVE,,"{'spread': None, 'total': None}",FOOTBALL_MARKET_BLEND,34,34,LAC,11,FOOTBALL_MARKET_BLEND,2025-12-21T18:00:00Z,1,Football market blend edge clears threshold,11,False,,true,true,true,true,17,17,DAL,nfl,odds_api_flattened_consensus,3,"{'Football_KeyNumberGuard_v1': {'context_flags': {'key_number_risk': False, 'key_numbers': [3, 7, 10]}, 'home_line_proj': -1.5, 'model_name': 'Football_KeyNumberGuard_v1', 'parlay_edge_score': 0, 'spread_distance': 0.0, 'spread_edge': 0.0, 'spread_pick': '', 'total_distance': 0.0, 'total_edge': 0.0, 'total_pick': '', 'total_projection': 50.5}, 'Football_LineMovement_v1': {'context_flags': {'movement_available': False}, 'home_line_proj': -1.5, 'model_name': 'Football_LineMovement_v1', 'parlay_edge_score': 0, 'spread_distance': 0.0, 'spread_edge': 0.0, 'spread_pick': '', 'total_distance': 0.0, 'total_edge': 0.0, 'total_pick': '', 'total_projection': 50.5}, 'Football_MarketBlend_v1': {'context_flags': {'blend_inputs': ['Football_MarketConsensus_v1', 'Football_SpreadValue_v1', 'Football_TotalValue_v1', 'Football_LineMovement_v1', 'Football_KeyNumberGuard_v1'], 'key_number_risk': False}, 'home_line_proj': -1.25, 'model_name': 'Football_MarketBlend_v1', 'parlay_edge_score': 0.75, 'spread_distance': 0.25, 'spread_edge': -0.25, 'spread_pick': 'AWAY', 'total_distance': 0.5, 'total_edge': -0.5, 'total_pick': 'UNDER', 'total_projection': 50.0}, 'Football_MarketConsensus_v1': {'context_flags': {'book_count': 11, 'source': 'market_consensus'}, 'home_line_proj': -1.5, 'model_name': 'Football_MarketConsensus_v1', 'parlay_edge_score': 0, 'spread_distance': 0.0, 'spread_edge': 0.0, 'spread_pick': '', 'total_distance': 0.0, 'total_edge': 0.0, 'total_pick': '', 'total_projection': 50.5}, 'Football_SpreadValue_v1': {'context_flags': {'book_count': 11.0, 'value_shift': 0.75}, 'home_line_proj': -0.75, 'model_name': 'Football_SpreadValue_v1', 'parlay_edge_score': 0.75, 'spread_distance': 0.75, 'spread_edge': -0.75, 'spread_pick': 'AWAY', 'total_distance': 0.0, 'total_edge': 0.0, 'total_pick': '', 'total_projection': 50.5}, 'Football_TotalValue_v1': {'context_flags': {'book_count': 11.0, 'total_value_rule': 'low_total_over_high_total_under'}, 'home_line_proj': -1.5, 'model_name': 'Football_TotalValue_v1', 'parlay_edge_score': 1.0, 'spread_distance': 0.0, 'spread_edge': 0.0, 'spread_pick': '', 'total_distance': 1.0, 'total_edge': -1.0, 'total_pick': 'UNDER', 'total_projection': 49.5}}",100.0,100.0,-121.0,-121.0,60,aa9d0cf732b6adde4ad3ec04ca79825c,2025-12-21T15:55:37Z,odds_api_flattened,1.5,-1.5,STATUS_FINAL,post,50.5,AT&T Stadium
nfl_401772911,2025-12-21,New York Giants,Minnesota Vikings,2.5,-2.5,42.0,42.5,,0.25,0.5,0.75,LOW,Football_MarketBlend_v1,Football_MarketBlend_v1,"{'blend_inputs': ['Football_MarketConsensus_v1', 'Football_SpreadValue_v1', 'Football_TotalValue_v1', 'Football_LineMovement_v1', 'Football_KeyNumberGuard_v1'], 'key_number_risk': True, 'spread_veto': 'key_number_guard'}","Game: Minnesota Vikings @ New York Giants
Authority: Football_MarketBlend_v1
Market: Spread 2.5, Total 42.0
Projection: Margin 2.25, Total 42.5
Spread Pick:  (edge 0.25)
Total Pick: OVER (edge 0.5)",2.25,,,,OVER,ACTIVE,,"{'spread': None, 'total': None}",FOOTBALL_MARKET_BLEND,16,16,MIN,11,FOOTBALL_MARKET_BLEND,2025-12-21T18:00:00Z,1,Football market blend edge clears threshold,11,False,,true,true,true,true,13,13,NYG,nfl,odds_api_flattened_consensus,3,"{'Football_KeyNumberGuard_v1': {'context_flags': {'key_number_risk': True, 'key_numbers': [3, 7, 10]}, 'home_line_proj': 2.5, 'model_name': 'Football_KeyNumberGuard_v1', 'parlay_edge_score': 0, 'spread_distance': 0.0, 'spread_edge': 0.0, 'spread_pick': '', 'total_distance': 0.0, 'total_edge': 0.0, 'total_pick': '', 'total_projection': 42.0}, 'Football_LineMovement_v1': {'context_flags': {'movement_available': False}, 'home_line_proj': 2.5, 'model_name': 'Football_LineMovement_v1', 'parlay_edge_score': 0, 'spread_distance': 0.0, 'spread_edge': 0.0, 'spread_pick': '', 'total_distance': 0.0, 'total_edge': 0.0, 'total_pick': '', 'total_projection': 42.0}, 'Football_MarketBlend_v1': {'context_flags': {'blend_inputs': ['Football_MarketConsensus_v1', 'Football_SpreadValue_v1', 'Football_TotalValue_v1', 'Football_LineMovement_v1', 'Football_KeyNumberGuard_v1'], 'key_number_risk': True, 'spread_veto': 'key_number_guard'}, 'home_line_proj': 2.25, 'model_name': 'Football_MarketBlend_v1', 'parlay_edge_score': 0.75, 'spread_distance': 0.25, 'spread_edge': 0.25, 'spread_pick': '', 'total_distance': 0.5, 'total_edge': 0.5, 'total_pick': 'OVER', 'total_projection': 42.5}, 'Football_MarketConsensus_v1': {'context_flags': {'book_count': 11, 'source': 'market_consensus'}, 'home_line_proj': 2.5, 'model_name': 'Football_MarketConsensus_v1', 'parlay_edge_score': 0, 'spread_distance': 0.0, 'spread_edge': 0.0, 'spread_pick': '', 'total_distance': 0.0, 'total_edge': 0.0, 'total_pick': '', 'total_projection': 42.0}, 'Football_SpreadValue_v1': {'context_flags': {'book_count': 11.0, 'value_shift': -0.75}, 'home_line_proj': 1.75, 'model_name': 'Football_SpreadValue_v1', 'parlay_edge_score': 0.75, 'spread_distance': 0.75, 'spread_edge': 0.75, 'spread_pick': 'HOME', 'total_distance': 0.0, 'total_edge': 0.0, 'total_pick': '', 'total_projection': 42.0}, 'Football_TotalValue_v1': {'context_flags': {'book_count': 11.0, 'total_value_rule': 'low_total_over_high_total_under'}, 'home_line_proj': 2.5, 'model_name': 'Football_TotalValue_v1', 'parlay_edge_score': 1.0, 'spread_distance': 0.0, 'spread_edge': 0.0, 'spread_pick': '', 'total_distance': 1.0, 'total_edge': 1.0, 'total_pick': 'OVER', 'total_projection': 43.0}}",-148.0,-148.0,125.0,125.0,64,3db6ba91d2a72ada8843d5a0517bff27,2025-12-21T15:55:37Z,odds_api_flattened,-2.5,2.5,STATUS_FINAL,post,42.0,MetLife Stadium
nfl_401772912,2025-12-21,Carolina Panthers,Tampa Bay Buccaneers,3.0,-3.0,45.5,45.0,,0.25,-0.5,0.75,LOW,Football_MarketBlend_v1,Football_MarketBlend_v1,"{'blend_inputs': ['Football_MarketConsensus_v1', 'Football_SpreadValue_v1', 'Football_TotalValue_v1', 'Football_LineMovement_v1', 'Football_KeyNumberGuard_v1'], 'key_number_risk': True, 'spread_veto': 'key_number_guard'}","Game: Tampa Bay Buccaneers @ Carolina Panthers
Authority: Football_MarketBlend_v1
Market: Spread 3.0, Total 45.5
Projection: Margin 2.75, Total 45.0
Spread Pick:  (edge 0.25)
Total Pick: UNDER (edge -0.5)",2.75,,,,UNDER,ACTIVE,,"{'spread': None, 'total': None}",FOOTBALL_MARKET_BLEND,20,20,TB,11,FOOTBALL_MARKET_BLEND,2025-12-21T18:00:00Z,1,Football market blend edge clears threshold,11,False,,true,true,true,true,23,23,CAR,nfl,odds_api_flattened_consensus,3,"{'Football_KeyNumberGuard_v1': {'context_flags': {'key_number_risk': True, 'key_numbers': [3, 7, 10]}, 'home_line_proj': 3.0, 'model_name': 'Football_KeyNumberGuard_v1', 'parlay_edge_score': 0, 'spread_distance': 0.0, 'spread_edge': 0.0, 'spread_pick': '', 'total_distance': 0.0, 'total_edge': 0.0, 'total_pick': '', 'total_projection': 45.5}, 'Football_LineMovement_v1': {'context_flags': {'movement_available': False}, 'home_line_proj': 3.0, 'model_name': 'Football_LineMovement_v1', 'parlay_edge_score': 0, 'spread_distance': 0.0, 'spread_edge': 0.0, 'spread_pick': '', 'total_distance': 0.0, 'total_edge': 0.0, 'total_pick': '', 'total_projection': 45.5}, 'Football_MarketBlend_v1': {'context_flags': {'blend_inputs': ['Football_MarketConsensus_v1', 'Football_SpreadValue_v1', 'Football_TotalValue_v1', 'Football_LineMovement_v1', 'Football_KeyNumberGuard_v1'], 'key_number_risk': True, 'spread_veto': 'key_number_guard'}, 'home_line_proj': 2.75, 'model_name': 'Football_MarketBlend_v1', 'parlay_edge_score': 0.75, 'spread_distance': 0.25, 'spread_edge': 0.25, 'spread_pick': '', 'total_distance': 0.5, 'total_edge': -0.5, 'total_pick': 'UNDER', 'total_projection': 45.0}, 'Football_MarketConsensus_v1': {'context_flags': {'book_count': 11, 'source': 'market_consensus'}, 'home_line_proj': 3.0, 'model_name': 'Football_MarketConsensus_v1', 'parlay_edge_score': 0, 'spread_distance': 0.0, 'spread_edge': 0.0, 'spread_pick': '', 'total_distance': 0.0, 'total_edge': 0.0, 'total_pick': '', 'total_projection': 45.5}, 'Football_SpreadValue_v1': {'context_flags': {'book_count': 11.0, 'value_shift': -0.75}, 'home_line_proj': 2.25, 'model_name': 'Football_SpreadValue_v1', 'parlay_edge_score': 0.75, 'spread_distance': 0.75, 'spread_edge': 0.75, 'spread_pick': 'HOME', 'total_distance': 0.0, 'total_edge': 0.0, 'total_pick': '', 'total_projection': 45.5}, 'Football_TotalValue_v1': {'context_flags': {'book_count': 11.0, 'total_value_rule': 'low_total_over_high_total_under'}, 'home_line_proj': 3.0, 'model_name': 'Football_TotalValue_v1', 'parlay_edge_score': 1.0, 'spread_distance': 0.0, 'spread_edge': 0.0, 'spread_pick': '', 'total_distance': 1.0, 'total_edge': -1.0, 'total_pick': 'UNDER', 'total_projection': 44.5}}",-155.0,-155.0,130.0,130.0,64,d056f31082bdea4d018a26ba274b8430,2025-12-21T15:55:37Z,odds_api_flattened,-3.0,3.0,STATUS_FINAL,post,45.5,Bank of America Stadium
nfl_401772913,2025-12-21,Denver Broncos,Jacksonville Jaguars,-3.5,3.5,47.0,46.5,,-0.25,-0.5,0.75,LOW,Football_MarketBlend_v1,Football_MarketBlend_v1,"{'blend_inputs': ['Football_MarketConsensus_v1', 'Football_SpreadValue_v1', 'Football_TotalValue_v1', 'Football_LineMovement_v1', 'Football_KeyNumberGuard_v1'], 'key_number_risk': True, 'spread_veto': 'key_number_guard'}","Game: Jacksonville Jaguars @ Denver Broncos
Authority: Football_MarketBlend_v1
Market: Spread -3.5, Total 47.0
Projection: Margin -3.25, Total 46.5
Spread Pick:  (edge -0.25)
Total Pick: UNDER (edge -0.5)",-3.25,,,,UNDER,ACTIVE,,"{'spread': None, 'total': None}",FOOTBALL_MARKET_BLEND,34,34,JAX,11,FOOTBALL_MARKET_BLEND,2025-12-21T21:05:00Z,1,Football market blend edge clears threshold,11,False,,true,true,true,true,20,20,DEN,nfl,odds_api_flattened_consensus,3,"{'Football_KeyNumberGuard_v1': {'context_flags': {'key_number_risk': True, 'key_numbers': [3, 7, 10]}, 'home_line_proj': -3.5, 'model_name': 'Football_KeyNumberGuard_v1', 'parlay_edge_score': 0, 'spread_distance': 0.0, 'spread_edge': 0.0, 'spread_pick': '', 'total_distance': 0.0, 'total_edge': 0.0, 'total_pick': '', 'total_projection': 47.0}, 'Football_LineMovement_v1': {'context_flags': {'movement_available': False}, 'home_line_proj': -3.5, 'model_name': 'Football_LineMovement_v1', 'parlay_edge_score': 0, 'spread_distance': 0.0, 'spread_edge': 0.0, 'spread_pick': '', 'total_distance': 0.0, 'total_edge': 0.0, 'total_pick': '', 'total_projection': 47.0}, 'Football_MarketBlend_v1': {'context_flags': {'blend_inputs': ['Football_MarketConsensus_v1', 'Football_SpreadValue_v1', 'Football_TotalValue_v1', 'Football_LineMovement_v1', 'Football_KeyNumberGuard_v1'], 'key_number_risk': True, 'spread_veto': 'key_number_guard'}, 'home_line_proj': -3.25, 'model_name': 'Football_MarketBlend_v1', 'parlay_edge_score': 0.75, 'spread_distance': 0.25, 'spread_edge': -0.25, 'spread_pick': '', 'total_distance': 0.5, 'total_edge': -0.5, 'total_pick': 'UNDER', 'total_projection': 46.5}, 'Football_MarketConsensus_v1': {'context_flags': {'book_count': 11, 'source': 'market_consensus'}, 'home_line_proj': -3.5, 'model_name': 'Football_MarketConsensus_v1', 'parlay_edge_score': 0, 'spread_distance': 0.0, 'spread_edge': 0.0, 'spread_pick': '', 'total_distance': 0.0, 'total_edge': 0.0, 'total_pick': '', 'total_projection': 47.0}, 'Football_SpreadValue_v1': {'context_flags': {'book_count': 11.0, 'value_shift': 0.75}, 'home_line_proj': -2.75, 'model_name': 'Football_SpreadValue_v1', 'parlay_edge_score': 0.75, 'spread_distance': 0.75, 'spread_edge': -0.75, 'spread_pick': 'AWAY', 'total_distance': 0.0, 'total_edge': 0.0, 'total_pick': '', 'total_projection': 47.0}, 'Football_TotalValue_v1': {'context_flags': {'book_count': 11.0, 'total_value_rule': 'low_total_over_high_total_under'}, 'home_line_proj': -3.5, 'model_name': 'Football_TotalValue_v1', 'parlay_edge_score': 1.0, 'spread_distance': 0.0, 'spread_edge': 0.0, 'spread_pick': '', 'total_distance': 1.0, 'total_edge': -1.0, 'total_pick': 'UNDER', 'total_projection': 46.0}}",155.0,155.0,-185.0,-185.0,64,93c002f0a42d1b57f3bbabdcfe24ab97,2025-12-21T15:55:37Z,odds_api_flattened,3.5,-3.5,STATUS_FINAL,post,47.0,Empower Field at Mile High
nfl_401772914,2025-12-21,Arizona Cardinals,Atlanta Falcons,3.0,-3.0,48.5,48.0,,0.25,-0.5,0.75,LOW,Football_MarketBlend_v1,Football_MarketBlend_v1,"{'blend_inputs': ['Football_MarketConsensus_v1', 'Football_SpreadValue_v1', 'Football_TotalValue_v1', 'Football_LineMovement_v1', 'Football_KeyNumberGuard_v1'], 'key_number_risk': True, 'spread_veto': 'key_number_guard'}","Game: Atlanta Falcons @ Arizona Cardinals
Authority: Football_MarketBlend_v1
Market: Spread 3.0, Total 48.5
Projection: Margin 2.75, Total 48.0
Spread Pick:  (edge 0.25)
Total Pick: UNDER (edge -0.5)",2.75,,,,UNDER,ACTIVE,,"{'spread': None, 'total': None}",FOOTBALL_MARKET_BLEND,26,26,ATL,11,FOOTBALL_MARKET_BLEND,2025-12-21T21:05:00Z,1,Football market blend edge clears threshold,11,False,,true,true,true,true,19,19,ARI,nfl,odds_api_flattened_consensus,3,"{'Football_KeyNumberGuard_v1': {'context_flags': {'key_number_risk': True, 'key_numbers': [3, 7, 10]}, 'home_line_proj': 3.0, 'model_name': 'Football_KeyNumberGuard_v1', 'parlay_edge_score': 0, 'spread_distance': 0.0, 'spread_edge': 0.0, 'spread_pick': '', 'total_distance': 0.0, 'total_edge': 0.0, 'total_pick': '', 'total_projection': 48.5}, 'Football_LineMovement_v1': {'context_flags': {'movement_available': False}, 'home_line_proj': 3.0, 'model_name': 'Football_LineMovement_v1', 'parlay_edge_score': 0, 'spread_distance': 0.0, 'spread_edge': 0.0, 'spread_pick': '', 'total_distance': 0.0, 'total_edge': 0.0, 'total_pick': '', 'total_projection': 48.5}, 'Football_MarketBlend_v1': {'context_flags': {'blend_inputs': ['Football_MarketConsensus_v1', 'Football_SpreadValue_v1', 'Football_TotalValue_v1', 'Football_LineMovement_v1', 'Football_KeyNumberGuard_v1'], 'key_number_risk': True, 'spread_veto': 'key_number_guard'}, 'home_line_proj': 2.75, 'model_name': 'Football_MarketBlend_v1', 'parlay_edge_score': 0.75, 'spread_distance': 0.25, 'spread_edge': 0.25, 'spread_pick': '', 'total_distance': 0.5, 'total_edge': -0.5, 'total_pick': 'UNDER', 'total_projection': 48.0}, 'Football_MarketConsensus_v1': {'context_flags': {'book_count': 11, 'source': 'market_consensus'}, 'home_line_proj': 3.0, 'model_name': 'Football_MarketConsensus_v1', 'parlay_edge_score': 0, 'spread_distance': 0.0, 'spread_edge': 0.0, 'spread_pick': '', 'total_distance': 0.0, 'total_edge': 0.0, 'total_pick': '', 'total_projection': 48.5}, 'Football_SpreadValue_v1': {'context_flags': {'book_count': 11.0, 'value_shift': -0.75}, 'home_line_proj': 2.25, 'model_name': 'Football_SpreadValue_v1', 'parlay_edge_score': 0.75, 'spread_distance': 0.75, 'spread_edge': 0.75, 'spread_pick': 'HOME', 'total_distance': 0.0, 'total_edge': 0.0, 'total_pick': '', 'total_projection': 48.5}, 'Football_TotalValue_v1': {'context_flags': {'book_count': 11.0, 'total_value_rule': 'low_total_over_high_total_under'}, 'home_line_proj': 3.0, 'model_name': 'Football_TotalValue_v1', 'parlay_edge_score': 1.0, 'spread_distance': 0.0, 'spread_edge': 0.0, 'spread_pick': '', 'total_distance': 1.0, 'total_edge': -1.0, 'total_pick': 'UNDER', 'total_projection': 47.5}}",-155.0,-155.0,130.0,130.0,64,7d71a0d3cc2a04eb35f1a725104217b5,2025-12-21T15:55:37Z,odds_api_flattened,-3.0,3.0,STATUS_FINAL,post,48.5,State Farm Stadium
nfl_401772934,2025-12-21,Miami Dolphins,Cincinnati Bengals,3.5,-3.5,48.5,48.0,,0.25,-0.5,0.75,LOW,Football_MarketBlend_v1,Football_MarketBlend_v1,"{'blend_inputs': ['Football_MarketConsensus_v1', 'Football_SpreadValue_v1', 'Football_TotalValue_v1', 'Football_LineMovement_v1', 'Football_KeyNumberGuard_v1'], 'key_number_risk': True, 'spread_veto': 'key_number_guard'}","Game: Cincinnati Bengals @ Miami Dolphins
Authority: Football_MarketBlend_v1
Market: Spread 3.5, Total 48.5
Projection: Margin 3.25, Total 48.0
Spread Pick:  (edge 0.25)
Total Pick: UNDER (edge -0.5)",3.25,,,,UNDER,ACTIVE,,"{'spread': None, 'total': None}",FOOTBALL_MARKET_BLEND,45,45,CIN,11,FOOTBALL_MARKET_BLEND,2025-12-21T18:00:00Z,1,Football market blend edge clears threshold,11,False,,true,true,true,true,21,21,MIA,nfl,odds_api_flattened_consensus,3,"{'Football_KeyNumberGuard_v1': {'context_flags': {'key_number_risk': True, 'key_numbers': [3, 7, 10]}, 'home_line_proj': 3.5, 'model_name': 'Football_KeyNumberGuard_v1', 'parlay_edge_score': 0, 'spread_distance': 0.0, 'spread_edge': 0.0, 'spread_pick': '', 'total_distance': 0.0, 'total_edge': 0.0, 'total_pick': '', 'total_projection': 48.5}, 'Football_LineMovement_v1': {'context_flags': {'movement_available': False}, 'home_line_proj': 3.5, 'model_name': 'Football_LineMovement_v1', 'parlay_edge_score': 0, 'spread_distance': 0.0, 'spread_edge': 0.0, 'spread_pick': '', 'total_distance': 0.0, 'total_edge': 0.0, 'total_pick': '', 'total_projection': 48.5}, 'Football_MarketBlend_v1': {'context_flags': {'blend_inputs': ['Football_MarketConsensus_v1', 'Football_SpreadValue_v1', 'Football_TotalValue_v1', 'Football_LineMovement_v1', 'Football_KeyNumberGuard_v1'], 'key_number_risk': True, 'spread_veto': 'key_number_guard'}, 'home_line_proj': 3.25, 'model_name': 'Football_MarketBlend_v1', 'parlay_edge_score': 0.75, 'spread_distance': 0.25, 'spread_edge': 0.25, 'spread_pick': '', 'total_distance': 0.5, 'total_edge': -0.5, 'total_pick': 'UNDER', 'total_projection': 48.0}, 'Football_MarketConsensus_v1': {'context_flags': {'book_count': 11, 'source': 'market_consensus'}, 'home_line_proj': 3.5, 'model_name': 'Football_MarketConsensus_v1', 'parlay_edge_score': 0, 'spread_distance': 0.0, 'spread_edge': 0.0, 'spread_pick': '', 'total_distance': 0.0, 'total_edge': 0.0, 'total_pick': '', 'total_projection': 48.5}, 'Football_SpreadValue_v1': {'context_flags': {'book_count': 11.0, 'value_shift': -0.75}, 'home_line_proj': 2.75, 'model_name': 'Football_SpreadValue_v1', 'parlay_edge_score': 0.75, 'spread_distance': 0.75, 'spread_edge': 0.75, 'spread_pick': 'HOME', 'total_distance': 0.0, 'total_edge': 0.0, 'total_pick': '', 'total_projection': 48.5}, 'Football_TotalValue_v1': {'context_flags': {'book_count': 11.0, 'total_value_rule': 'low_total_over_high_total_under'}, 'home_line_proj': 3.5, 'model_name': 'Football_TotalValue_v1', 'parlay_edge_score': 1.0, 'spread_distance': 0.0, 'spread_edge': 0.0, 'spread_pick': '', 'total_distance': 1.0, 'total_edge': -1.0, 'total_pick': 'UNDER', 'total_projection': 47.5}}",-205.0,-205.0,168.0,168.0,64,945286798abb5081432aef109df29778,2025-12-21T15:55:37Z,odds_api_flattened,-3.5,3.5,STATUS_FINAL,post,48.5,Hard Rock Stadium
nfl_401772804,2025-12-22,Baltimore Ravens,New England Patriots,-3.5,3.5,48.75,48.25,,-0.25,-0.5,0.75,LOW,Football_MarketBlend_v1,Football_MarketBlend_v1,"{'blend_inputs': ['Football_MarketConsensus_v1', 'Football_SpreadValue_v1', 'Football_TotalValue_v1', 'Football_LineMovement_v1', 'Football_KeyNumberGuard_v1'], 'key_number_risk': True, 'spread_veto': 'key_number_guard'}","Game: New England Patriots @ Baltimore Ravens
Authority: Football_MarketBlend_v1
Market: Spread -3.5, Total 48.75
Projection: Margin -3.25, Total 48.25
Spread Pick:  (edge -0.25)
Total Pick: UNDER (edge -0.5)",-3.25,,,,UNDER,ACTIVE,,"{'spread': None, 'total': None}",FOOTBALL_MARKET_BLEND,28,28,NE,11,FOOTBALL_MARKET_BLEND,2025-12-22T01:20:00Z,1,Football market blend edge clears threshold,11,False,,true,true,true,true,24,24,BAL,nfl,odds_api_flattened_consensus,3,"{'Football_KeyNumberGuard_v1': {'context_flags': {'key_number_risk': True, 'key_numbers': [3, 7, 10]}, 'home_line_proj': -3.5, 'model_name': 'Football_KeyNumberGuard_v1', 'parlay_edge_score': 0, 'spread_distance': 0.0, 'spread_edge': 0.0, 'spread_pick': '', 'total_distance': 0.0, 'total_edge': 0.0, 'total_pick': '', 'total_projection': 48.75}, 'Football_LineMovement_v1': {'context_flags': {'movement_available': False}, 'home_line_proj': -3.5, 'model_name': 'Football_LineMovement_v1', 'parlay_edge_score': 0, 'spread_distance': 0.0, 'spread_edge': 0.0, 'spread_pick': '', 'total_distance': 0.0, 'total_edge': 0.0, 'total_pick': '', 'total_projection': 48.75}, 'Football_MarketBlend_v1': {'context_flags': {'blend_inputs': ['Football_MarketConsensus_v1', 'Football_SpreadValue_v1', 'Football_TotalValue_v1', 'Football_LineMovement_v1', 'Football_KeyNumberGuard_v1'], 'key_number_risk': True, 'spread_veto': 'key_number_guard'}, 'home_line_proj': -3.25, 'model_name': 'Football_MarketBlend_v1', 'parlay_edge_score': 0.75, 'spread_distance': 0.25, 'spread_edge': -0.25, 'spread_pick': '', 'total_distance': 0.5, 'total_edge': -0.5, 'total_pick': 'UNDER', 'total_projection': 48.25}, 'Football_MarketConsensus_v1': {'context_flags': {'book_count': 11, 'source': 'market_consensus'}, 'home_line_proj': -3.5, 'model_name': 'Football_MarketConsensus_v1', 'parlay_edge_score': 0, 'spread_distance': 0.0, 'spread_edge': 0.0, 'spread_pick': '', 'total_distance': 0.0, 'total_edge': 0.0, 'total_pick': '', 'total_projection': 48.75}, 'Football_SpreadValue_v1': {'context_flags': {'book_count': 11.0, 'value_shift': 0.75}, 'home_line_proj': -2.75, 'model_name': 'Football_SpreadValue_v1', 'parlay_edge_score': 0.75, 'spread_distance': 0.75, 'spread_edge': -0.75, 'spread_pick': 'AWAY', 'total_distance': 0.0, 'total_edge': 0.0, 'total_pick': '', 'total_projection': 48.75}, 'Football_TotalValue_v1': {'context_flags': {'book_count': 11.0, 'total_value_rule': 'low_total_over_high_total_under'}, 'home_line_proj': -3.5, 'model_name': 'Football_TotalValue_v1', 'parlay_edge_score': 1.0, 'spread_distance': 0.0, 'spread_edge': 0.0, 'spread_pick': '', 'total_distance': 1.0, 'total_edge': -1.0, 'total_pick': 'UNDER', 'total_projection': 47.75}}",152.0,152.0,-180.0,-180.0,64,a0476b027679a1670f21e8b75a860ab9,2025-12-21T15:55:37Z,odds_api_flattened,3.5,-3.5,STATUS_FINAL,post,48.75,M&T Bank Stadium
nfl_401772824,2025-12-23,Indianapolis Colts,San Francisco 49ers,5.5,-5.5,46.0,45.5,HOME,0.25,-0.5,0.75,LOW,Football_MarketBlend_v1,Football_MarketBlend_v1,"{'blend_inputs': ['Football_MarketConsensus_v1', 'Football_SpreadValue_v1', 'Football_TotalValue_v1', 'Football_LineMovement_v1', 'Football_KeyNumberGuard_v1'], 'key_number_risk': False}","Game: San Francisco 49ers @ Indianapolis Colts
Authority: Football_MarketBlend_v1
Market: Spread 5.5, Total 46.0
Projection: Margin 5.25, Total 45.5
Spread Pick: HOME (edge 0.25)
Total Pick: UNDER (edge -0.5)",5.25,,,,UNDER,ACTIVE,,"{'spread': None, 'total': None}",FOOTBALL_MARKET_BLEND,48,48,SF,11,FOOTBALL_MARKET_BLEND,2025-12-23T01:15:00Z,1,Football market blend edge clears threshold,11,False,,true,true,true,true,27,27,IND,nfl,odds_api_flattened_consensus,3,"{'Football_KeyNumberGuard_v1': {'context_flags': {'key_number_risk': False, 'key_numbers': [3, 7, 10]}, 'home_line_proj': 5.5, 'model_name': 'Football_KeyNumberGuard_v1', 'parlay_edge_score': 0, 'spread_distance': 0.0, 'spread_edge': 0.0, 'spread_pick': '', 'total_distance': 0.0, 'total_edge': 0.0, 'total_pick': '', 'total_projection': 46.0}, 'Football_LineMovement_v1': {'context_flags': {'movement_available': False}, 'home_line_proj': 5.5, 'model_name': 'Football_LineMovement_v1', 'parlay_edge_score': 0, 'spread_distance': 0.0, 'spread_edge': 0.0, 'spread_pick': '', 'total_distance': 0.0, 'total_edge': 0.0, 'total_pick': '', 'total_projection': 46.0}, 'Football_MarketBlend_v1': {'context_flags': {'blend_inputs': ['Football_MarketConsensus_v1', 'Football_SpreadValue_v1', 'Football_TotalValue_v1', 'Football_LineMovement_v1', 'Football_KeyNumberGuard_v1'], 'key_number_risk': False}, 'home_line_proj': 5.25, 'model_name': 'Football_MarketBlend_v1', 'parlay_edge_score': 0.75, 'spread_distance': 0.25, 'spread_edge': 0.25, 'spread_pick': 'HOME', 'total_distance': 0.5, 'total_edge': -0.5, 'total_pick': 'UNDER', 'total_projection': 45.5}, 'Football_MarketConsensus_v1': {'context_flags': {'book_count': 11, 'source': 'market_consensus'}, 'home_line_proj': 5.5, 'model_name': 'Football_MarketConsensus_v1', 'parlay_edge_score': 0, 'spread_distance': 0.0, 'spread_edge': 0.0, 'spread_pick': '', 'total_distance': 0.0, 'total_edge': 0.0, 'total_pick': '', 'total_projection': 46.0}, 'Football_SpreadValue_v1': {'context_flags': {'book_count': 11.0, 'value_shift': -0.75}, 'home_line_proj': 4.75, 'model_name': 'Football_SpreadValue_v1', 'parlay_edge_score': 0.75, 'spread_distance': 0.75, 'spread_edge': 0.75, 'spread_pick': 'HOME', 'total_distance': 0.0, 'total_edge': 0.0, 'total_pick': '', 'total_projection': 46.0}, 'Football_TotalValue_v1': {'context_flags': {'book_count': 11.0, 'total_value_rule': 'low_total_over_high_total_under'}, 'home_line_proj': 5.5, 'model_name': 'Football_TotalValue_v1', 'parlay_edge_score': 1.0, 'spread_distance': 0.0, 'spread_edge': 0.0, 'spread_pick': '', 'total_distance': 1.0, 'total_edge': -1.0, 'total_pick': 'UNDER', 'total_projection': 45.0}}",-250.0,-250.0,210.0,210.0,64,2dd4521ee298fa2c6f0ab009c182aae9,2025-12-22T15:55:37Z,odds_api_flattened,-5.5,5.5,STATUS_FINAL,post,46.0,Lucas Oil Stadium
nfl_401772710,2025-12-25,Washington Commanders,Dallas Cowboys,9.0,-9.0,50.5,50.0,HOME,0.25,-0.5,0.75,LOW,Football_MarketBlend_v1,Football_MarketBlend_v1,"{'blend_inputs': ['Football_MarketConsensus_v1', 'Football_SpreadValue_v1', 'Football_TotalValue_v1', 'Football_LineMovement_v1', 'Football_KeyNumberGuard_v1'], 'key_number_risk': False}","Game: Dallas Cowboys @ Washington Commanders
Authority: Football_MarketBlend_v1
Market: Spread 9.0, Total 50.5
Projection: Margin 8.75, Total 50.0
Spread Pick: HOME (edge 0.25)
Total Pick: UNDER (edge -0.5)",8.75,,,,UNDER,ACTIVE,,"{'spread': None, 'total': None}",FOOTBALL_MARKET_BLEND,30,30,DAL,11,FOOTBALL_MARKET_BLEND,2025-12-25T18:00:00Z,1,Football market blend edge clears threshold,11,False,,true,true,true,true,23,23,WAS,nfl,odds_api_flattened_consensus,3,"{'Football_KeyNumberGuard_v1': {'context_flags': {'key_number_risk': False, 'key_numbers': [3, 7, 10]}, 'home_line_proj': 9.0, 'model_name': 'Football_KeyNumberGuard_v1', 'parlay_edge_score': 0, 'spread_distance': 0.0, 'spread_edge': 0.0, 'spread_pick': '', 'total_distance': 0.0, 'total_edge': 0.0, 'total_pick': '', 'total_projection': 50.5}, 'Football_LineMovement_v1': {'context_flags': {'movement_available': False}, 'home_line_proj': 9.0, 'model_name': 'Football_LineMovement_v1', 'parlay_edge_score': 0, 'spread_distance': 0.0, 'spread_edge': 0.0, 'spread_pick': '', 'total_distance': 0.0, 'total_edge': 0.0, 'total_pick': '', 'total_projection': 50.5}, 'Football_MarketBlend_v1': {'context_flags': {'blend_inputs': ['Football_MarketConsensus_v1', 'Football_SpreadValue_v1', 'Football_TotalValue_v1', 'Football_LineMovement_v1', 'Football_KeyNumberGuard_v1'], 'key_number_risk': False}, 'home_line_proj': 8.75, 'model_name': 'Football_MarketBlend_v1', 'parlay_edge_score': 0.75, 'spread_distance': 0.25, 'spread_edge': 0.25, 'spread_pick': 'HOME', 'total_distance': 0.5, 'total_edge': -0.5, 'total_pick': 'UNDER', 'total_projection': 50.0}, 'Football_MarketConsensus_v1': {'context_flags': {'book_count': 11, 'source': 'market_consensus'}, 'home_line_proj': 9.0, 'model_name': 'Football_MarketConsensus_v1', 'parlay_edge_score': 0, 'spread_distance': 0.0, 'spread_edge': 0.0, 'spread_pick': '', 'total_distance': 0.0, 'total_edge': 0.0, 'total_pick': '', 'total_projection': 50.5}, 'Football_SpreadValue_v1': {'context_flags': {'book_count': 11.0, 'value_shift': -0.75}, 'home_line_proj': 8.25, 'model_name': 'Football_SpreadValue_v1', 'parlay_edge_score': 0.75, 'spread_distance': 0.75, 'spread_edge': 0.75, 'spread_pick': 'HOME', 'total_distance': 0.0, 'total_edge': 0.0, 'total_pick': '', 'total_projection': 50.5}, 'Football_TotalValue_v1': {'context_flags': {'book_count': 11.0, 'total_value_rule': 'low_total_over_high_total_under'}, 'home_line_proj': 9.0, 'model_name': 'Football_TotalValue_v1', 'parlay_edge_score': 1.0, 'spread_distance': 0.0, 'spread_edge': 0.0, 'spread_pick': '', 'total_distance': 1.0, 'total_edge': -1.0, 'total_pick': 'UNDER', 'total_projection': 49.5}}",-470.0,-470.0,358.0,358.0,64,de07002921b9b2b2e1ee2928e4270a3c,2025-12-25T15:55:37Z,odds_api_flattened,-9.0,9.0,STATUS_FINAL,post,50.5,Northwest Stadium
nfl_401772711,2025-12-25,Minnesota Vikings,Detroit Lions,7.5,-7.5,43.5,44.0,,0.25,0.5,0.75,LOW,Football_MarketBlend_v1,Football_MarketBlend_v1,"{'blend_inputs': ['Football_MarketConsensus_v1', 'Football_SpreadValue_v1', 'Football_TotalValue_v1', 'Football_LineMovement_v1', 'Football_KeyNumberGuard_v1'], 'key_number_risk': True, 'spread_veto': 'key_number_guard'}","Game: Detroit Lions @ Minnesota Vikings
Authority: Football_MarketBlend_v1
Market: Spread 7.5, Total 43.5
Projection: Margin 7.25, Total 44.0
Spread Pick:  (edge 0.25)
Total Pick: OVER (edge 0.5)",7.25,,,,OVER,ACTIVE,,"{'spread': None, 'total': None}",FOOTBALL_MARKET_BLEND,10,10,DET,11,FOOTBALL_MARKET_BLEND,2025-12-25T21:30:00Z,1,Football market blend edge clears threshold,11,False,,true,true,true,true,23,23,MIN,nfl,odds_api_flattened_consensus,3,"{'Football_KeyNumberGuard_v1': {'context_flags': {'key_number_risk': True, 'key_numbers': [3, 7, 10]}, 'home_line_proj': 7.5, 'model_name': 'Football_KeyNumberGuard_v1', 'parlay_edge_score': 0, 'spread_distance': 0.0, 'spread_edge': 0.0, 'spread_pick': '', 'total_distance': 0.0, 'total_edge': 0.0, 'total_pick': '', 'total_projection': 43.5}, 'Football_LineMovement_v1': {'context_flags': {'movement_available': False}, 'home_line_proj': 7.5, 'model_name': 'Football_LineMovement_v1', 'parlay_edge_score': 0, 'spread_distance': 0.0, 'spread_edge': 0.0, 'spread_pick': '', 'total_distance': 0.0, 'total_edge': 0.0, 'total_pick': '', 'total_projection': 43.5}, 'Football_MarketBlend_v1': {'context_flags': {'blend_inputs': ['Football_MarketConsensus_v1', 'Football_SpreadValue_v1', 'Football_TotalValue_v1', 'Football_LineMovement_v1', 'Football_KeyNumberGuard_v1'], 'key_number_risk': True, 'spread_veto': 'key_number_guard'}, 'home_line_proj': 7.25, 'model_name': 'Football_MarketBlend_v1', 'parlay_edge_score': 0.75, 'spread_distance': 0.25, 'spread_edge': 0.25, 'spread_pick': '', 'total_distance': 0.5, 'total_edge': 0.5, 'total_pick': 'OVER', 'total_projection': 44.0}, 'Football_MarketConsensus_v1': {'context_flags': {'book_count': 11, 'source': 'market_consensus'}, 'home_line_proj': 7.5, 'model_name': 'Football_MarketConsensus_v1', 'parlay_edge_score': 0, 'spread_distance': 0.0, 'spread_edge': 0.0, 'spread_pick': '', 'total_distance': 0.0, 'total_edge': 0.0, 'total_pick': '', 'total_projection': 43.5}, 'Football_SpreadValue_v1': {'context_flags': {'book_count': 11.0, 'value_shift': -0.75}, 'home_line_proj': 6.75, 'model_name': 'Football_SpreadValue_v1', 'parlay_edge_score': 0.75, 'spread_distance': 0.75, 'spread_edge': 0.75, 'spread_pick': 'HOME', 'total_distance': 0.0, 'total_edge': 0.0, 'total_pick': '', 'total_projection': 43.5}, 'Football_TotalValue_v1': {'context_flags': {'book_count': 11.0, 'total_value_rule': 'low_total_over_high_total_under'}, 'home_line_proj': 7.5, 'model_name': 'Football_TotalValue_v1', 'parlay_edge_score': 1.0, 'spread_distance': 0.0, 'spread_edge': 0.0, 'spread_pick': '', 'total_distance': 1.0, 'total_edge': 1.0, 'total_pick': 'OVER', 'total_projection': 44.5}}",-380.0,-380.0,300.0,300.0,64,29da148b927afea00a7774b2a8ee68e7,2025-12-25T15:55:37Z,odds_api_flattened,-7.5,7.5,STATUS_FINAL,post,43.5,U.S. Bank Stadium
nfl_401772622,2025-12-26,Kansas City Chiefs,Denver Broncos,13.5,-13.5,36.5,37.0,HOME,0.25,0.5,0.75,LOW,Football_MarketBlend_v1,Football_MarketBlend_v1,"{'blend_inputs': ['Football_MarketConsensus_v1', 'Football_SpreadValue_v1', 'Football_TotalValue_v1', 'Football_LineMovement_v1', 'Football_KeyNumberGuard_v1'], 'key_number_risk': False}","Game: Denver Broncos @ Kansas City Chiefs
Authority: Football_MarketBlend_v1
Market: Spread 13.5, Total 36.5
Projection: Margin 13.25, Total 37.0
Spread Pick: HOME (edge 0.25)
Total Pick: OVER (edge 0.5)",13.25,,,,OVER,ACTIVE,,"{'spread': None, 'total': None}",FOOTBALL_MARKET_BLEND,20,20,DEN,11,FOOTBALL_MARKET_BLEND,2025-12-26T01:15:00Z,1,Football market blend edge clears threshold,11,False,,true,true,true,true,13,13,KC,nfl,odds_api_flattened_consensus,3,"{'Football_KeyNumberGuard_v1': {'context_flags': {'key_number_risk': False, 'key_numbers': [3, 7, 10]}, 'home_line_proj': 13.5, 'model_name': 'Football_KeyNumberGuard_v1', 'parlay_edge_score': 0, 'spread_distance': 0.0, 'spread_edge': 0.0, 'spread_pick': '', 'total_distance': 0.0, 'total_edge': 0.0, 'total_pick': '', 'total_projection': 36.5}, 'Football_LineMovement_v1': {'context_flags': {'movement_available': False}, 'home_line_proj': 13.5, 'model_name': 'Football_LineMovement_v1', 'parlay_edge_score': 0, 'spread_distance': 0.0, 'spread_edge': 0.0, 'spread_pick': '', 'total_distance': 0.0, 'total_edge': 0.0, 'total_pick': '', 'total_projection': 36.5}, 'Football_MarketBlend_v1': {'context_flags': {'blend_inputs': ['Football_MarketConsensus_v1', 'Football_SpreadValue_v1', 'Football_TotalValue_v1', 'Football_LineMovement_v1', 'Football_KeyNumberGuard_v1'], 'key_number_risk': False}, 'home_line_proj': 13.25, 'model_name': 'Football_MarketBlend_v1', 'parlay_edge_score': 0.75, 'spread_distance': 0.25, 'spread_edge': 0.25, 'spread_pick': 'HOME', 'total_distance': 0.5, 'total_edge': 0.5, 'total_pick': 'OVER', 'total_projection': 37.0}, 'Football_MarketConsensus_v1': {'context_flags': {'book_count': 11, 'source': 'market_consensus'}, 'home_line_proj': 13.5, 'model_name': 'Football_MarketConsensus_v1', 'parlay_edge_score': 0, 'spread_distance': 0.0, 'spread_edge': 0.0, 'spread_pick': '', 'total_distance': 0.0, 'total_edge': 0.0, 'total_pick': '', 'total_projection': 36.5}, 'Football_SpreadValue_v1': {'context_flags': {'book_count': 11.0, 'value_shift': -0.75}, 'home_line_proj': 12.75, 'model_name': 'Football_SpreadValue_v1', 'parlay_edge_score': 0.75, 'spread_distance': 0.75, 'spread_edge': 0.75, 'spread_pick': 'HOME', 'total_distance': 0.0, 'total_edge': 0.0, 'total_pick': '', 'total_projection': 36.5}, 'Football_TotalValue_v1': {'context_flags': {'book_count': 11.0, 'total_value_rule': 'low_total_over_high_total_under'}, 'home_line_proj': 13.5, 'model_name': 'Football_TotalValue_v1', 'parlay_edge_score': 1.0, 'spread_distance': 0.0, 'spread_edge': 0.0, 'spread_pick': '', 'total_distance': 1.0, 'total_edge': 1.0, 'total_pick': 'OVER', 'total_projection': 37.5}}",-1100.0,-1100.0,686.0,686.0,64,29164a99a917051c6e1778270033d362,2025-12-25T15:55:37Z,odds_api_flattened,-13.5,13.5,STATUS_FINAL,post,36.5,GEHA Field at Arrowhead Stadium
nfl_401772951,2025-12-27,Los Angeles Chargers,Houston Texans,-1.5,1.5,39.5,40.0,AWAY,-0.25,0.5,0.75,LOW,Football_MarketBlend_v1,Football_MarketBlend_v1,"{'blend_inputs': ['Football_MarketConsensus_v1', 'Football_SpreadValue_v1', 'Football_TotalValue_v1', 'Football_LineMovement_v1', 'Football_KeyNumberGuard_v1'], 'key_number_risk': False}","Game: Houston Texans @ Los Angeles Chargers
Authority: Football_MarketBlend_v1
Market: Spread -1.5, Total 39.5
Projection: Margin -1.25, Total 40.0
Spread Pick: AWAY (edge -0.25)
Total Pick: OVER (edge 0.5)",-1.25,,,,OVER,ACTIVE,,"{'spread': None, 'total': None}",FOOTBALL_MARKET_BLEND,20,20,HOU,11,FOOTBALL_MARKET_BLEND,2025-12-27T21:30:00Z,1,Football market blend edge clears threshold,11,False,,true,true,true,true,16,16,LAC,nfl,odds_api_flattened_consensus,3,"{'Football_KeyNumberGuard_v1': {'context_flags': {'key_number_risk': False, 'key_numbers': [3, 7, 10]}, 'home_line_proj': -1.5, 'model_name': 'Football_KeyNumberGuard_v1', 'parlay_edge_score': 0, 'spread_distance': 0.0, 'spread_edge': 0.0, 'spread_pick': '', 'total_distance': 0.0, 'total_edge': 0.0, 'total_pick': '', 'total_projection': 39.5}, 'Football_LineMovement_v1': {'context_flags': {'movement_available': False}, 'home_line_proj': -1.5, 'model_name': 'Football_LineMovement_v1', 'parlay_edge_score': 0, 'spread_distance': 0.0, 'spread_edge': 0.0, 'spread_pick': '', 'total_distance': 0.0, 'total_edge': 0.0, 'total_pick': '', 'total_projection': 39.5}, 'Football_MarketBlend_v1': {'context_flags': {'blend_inputs': ['Football_MarketConsensus_v1', 'Football_SpreadValue_v1', 'Football_TotalValue_v1', 'Football_LineMovement_v1', 'Football_KeyNumberGuard_v1'], 'key_number_risk': False}, 'home_line_proj': -1.25, 'model_name': 'Football_MarketBlend_v1', 'parlay_edge_score': 0.75, 'spread_distance': 0.25, 'spread_edge': -0.25, 'spread_pick': 'AWAY', 'total_distance': 0.5, 'total_edge': 0.5, 'total_pick': 'OVER', 'total_projection': 40.0}, 'Football_MarketConsensus_v1': {'context_flags': {'book_count': 11, 'source': 'market_consensus'}, 'home_line_proj': -1.5, 'model_name': 'Football_MarketConsensus_v1', 'parlay_edge_score': 0, 'spread_distance': 0.0, 'spread_edge': 0.0, 'spread_pick': '', 'total_distance': 0.0, 'total_edge': 0.0, 'total_pick': '', 'total_projection': 39.5}, 'Football_SpreadValue_v1': {'context_flags': {'book_count': 11.0, 'value_shift': 0.75}, 'home_line_proj': -0.75, 'model_name': 'Football_SpreadValue_v1', 'parlay_edge_score': 0.75, 'spread_distance': 0.75, 'spread_edge': -0.75, 'spread_pick': 'AWAY', 'total_distance': 0.0, 'total_edge': 0.0, 'total_pick': '', 'total_projection': 39.5}, 'Football_TotalValue_v1': {'context_flags': {'book_count': 11.0, 'total_value_rule': 'low_total_over_high_total_under'}, 'home_line_proj': -1.5, 'model_name': 'Football_TotalValue_v1', 'parlay_edge_score': 1.0, 'spread_distance': 0.0, 'spread_edge': 0.0, 'spread_pick': '', 'total_distance': 1.0, 'total_edge': 1.0, 'total_pick': 'OVER', 'total_projection': 40.5}}",100.0,100.0,-120.0,-120.0,64,832c36c4b6d5132e88cf11391797c194,2025-12-27T15:55:37Z,odds_api_flattened,1.5,-1.5,STATUS_FINAL,post,39.5,SoFi Stadium
nfl_401772807,2025-12-28,Cleveland Browns,Pittsburgh Steelers,4.5,-4.5,35.5,36.0,HOME,0.25,0.5,0.75,LOW,Football_MarketBlend_v1,Football_MarketBlend_v1,"{'blend_inputs': ['Football_MarketConsensus_v1', 'Football_SpreadValue_v1', 'Football_TotalValue_v1', 'Football_LineMovement_v1', 'Football_KeyNumberGuard_v1'], 'key_number_risk': False}","Game: Pittsburgh Steelers @ Cleveland Browns
Authority: Football_MarketBlend_v1
Market: Spread 4.5, Total 35.5
Projection: Margin 4.25, Total 36.0
Spread Pick: HOME (edge 0.25)
Total Pick: OVER (edge 0.5)",4.25,,,,OVER,ACTIVE,,"{'spread': None, 'total': None}",FOOTBALL_MARKET_BLEND,6,6,PIT,11,FOOTBALL_MARKET_BLEND,2025-12-28T18:00:00Z,1,Football market blend edge clears threshold,11,False,,true,true,true,true,13,13,CLE,nfl,odds_api_flattened_consensus,3,"{'Football_KeyNumberGuard_v1': {'context_flags': {'key_number_risk': False, 'key_numbers': [3, 7, 10]}, 'home_line_proj': 4.5, 'model_name': 'Football_KeyNumberGuard_v1', 'parlay_edge_score': 0, 'spread_distance': 0.0, 'spread_edge': 0.0, 'spread_pick': '', 'total_distance': 0.0, 'total_edge': 0.0, 'total_pick': '', 'total_projection': 35.5}, 'Football_LineMovement_v1': {'context_flags': {'movement_available': False}, 'home_line_proj': 4.5, 'model_name': 'Football_LineMovement_v1', 'parlay_edge_score': 0, 'spread_distance': 0.0, 'spread_edge': 0.0, 'spread_pick': '', 'total_distance': 0.0, 'total_edge': 0.0, 'total_pick': '', 'total_projection': 35.5}, 'Football_MarketBlend_v1': {'context_flags': {'blend_inputs': ['Football_MarketConsensus_v1', 'Football_SpreadValue_v1', 'Football_TotalValue_v1', 'Football_LineMovement_v1', 'Football_KeyNumberGuard_v1'], 'key_number_risk': False}, 'home_line_proj': 4.25, 'model_name': 'Football_MarketBlend_v1', 'parlay_edge_score': 0.75, 'spread_distance': 0.25, 'spread_edge': 0.25, 'spread_pick': 'HOME', 'total_distance': 0.5, 'total_edge': 0.5, 'total_pick': 'OVER', 'total_projection': 36.0}, 'Football_MarketConsensus_v1': {'context_flags': {'book_count': 11, 'source': 'market_consensus'}, 'home_line_proj': 4.5, 'model_name': 'Football_MarketConsensus_v1', 'parlay_edge_score': 0, 'spread_distance': 0.0, 'spread_edge': 0.0, 'spread_pick': '', 'total_distance': 0.0, 'total_edge': 0.0, 'total_pick': '', 'total_projection': 35.5}, 'Football_SpreadValue_v1': {'context_flags': {'book_count': 11.0, 'value_shift': -0.75}, 'home_line_proj': 3.75, 'model_name': 'Football_SpreadValue_v1', 'parlay_edge_score': 0.75, 'spread_distance': 0.75, 'spread_edge': 0.75, 'spread_pick': 'HOME', 'total_distance': 0.0, 'total_edge': 0.0, 'total_pick': '', 'total_projection': 35.5}, 'Football_TotalValue_v1': {'context_flags': {'book_count': 11.0, 'total_value_rule': 'low_total_over_high_total_under'}, 'home_line_proj': 4.5, 'model_name': 'Football_TotalValue_v1', 'parlay_edge_score': 1.0, 'spread_distance': 0.0, 'spread_edge': 0.0, 'spread_pick': '', 'total_distance': 1.0, 'total_edge': 1.0, 'total_pick': 'OVER', 'total_projection': 36.5}}",-218.0,-218.0,183.0,183.0,64,e6721ef0adb705a8abcbedc2ef6dfb3a,2025-12-28T15:55:37Z,odds_api_flattened,-4.5,4.5,STATUS_FINAL,post,35.5,Huntington Bank Field
nfl_401772808,2025-12-28,New York Jets,New England Patriots,13.5,-13.5,42.0,42.5,HOME,0.25,0.5,0.75,LOW,Football_MarketBlend_v1,Football_MarketBlend_v1,"{'blend_inputs': ['Football_MarketConsensus_v1', 'Football_SpreadValue_v1', 'Football_TotalValue_v1', 'Football_LineMovement_v1', 'Football_KeyNumberGuard_v1'], 'key_number_risk': False}","Game: New England Patriots @ New York Jets
Authority: Football_MarketBlend_v1
Market: Spread 13.5, Total 42.0
Projection: Margin 13.25, Total 42.5
Spread Pick: HOME (edge 0.25)
Total Pick: OVER (edge 0.5)",13.25,,,,OVER,ACTIVE,,"{'spread': None, 'total': None}",FOOTBALL_MARKET_BLEND,42,42,NE,11,FOOTBALL_MARKET_BLEND,2025-12-28T18:00:00Z,1,Football market blend edge clears threshold,11,False,,true,true,true,true,10,10,NYJ,nfl,odds_api_flattened_consensus,3,"{'Football_KeyNumberGuard_v1': {'context_flags': {'key_number_risk': False, 'key_numbers': [3, 7, 10]}, 'home_line_proj': 13.5, 'model_name': 'Football_KeyNumberGuard_v1', 'parlay_edge_score': 0, 'spread_distance': 0.0, 'spread_edge': 0.0, 'spread_pick': '', 'total_distance': 0.0, 'total_edge': 0.0, 'total_pick': '', 'total_projection': 42.0}, 'Football_LineMovement_v1': {'context_flags': {'movement_available': False}, 'home_line_proj': 13.5, 'model_name': 'Football_LineMovement_v1', 'parlay_edge_score': 0, 'spread_distance': 0.0, 'spread_edge': 0.0, 'spread_pick': '', 'total_distance': 0.0, 'total_edge': 0.0, 'total_pick': '', 'total_projection': 42.0}, 'Football_MarketBlend_v1': {'context_flags': {'blend_inputs': ['Football_MarketConsensus_v1', 'Football_SpreadValue_v1', 'Football_TotalValue_v1', 'Football_LineMovement_v1', 'Football_KeyNumberGuard_v1'], 'key_number_risk': False}, 'home_line_proj': 13.25, 'model_name': 'Football_MarketBlend_v1', 'parlay_edge_score': 0.75, 'spread_distance': 0.25, 'spread_edge': 0.25, 'spread_pick': 'HOME', 'total_distance': 0.5, 'total_edge': 0.5, 'total_pick': 'OVER', 'total_projection': 42.5}, 'Football_MarketConsensus_v1': {'context_flags': {'book_count': 11, 'source': 'market_consensus'}, 'home_line_proj': 13.5, 'model_name': 'Football_MarketConsensus_v1', 'parlay_edge_score': 0, 'spread_distance': 0.0, 'spread_edge': 0.0, 'spread_pick': '', 'total_distance': 0.0, 'total_edge': 0.0, 'total_pick': '', 'total_projection': 42.0}, 'Football_SpreadValue_v1': {'context_flags': {'book_count': 11.0, 'value_shift': -0.75}, 'home_line_proj': 12.75, 'model_name': 'Football_SpreadValue_v1', 'parlay_edge_score': 0.75, 'spread_distance': 0.75, 'spread_edge': 0.75, 'spread_pick': 'HOME', 'total_distance': 0.0, 'total_edge': 0.0, 'total_pick': '', 'total_projection': 42.0}, 'Football_TotalValue_v1': {'context_flags': {'book_count': 11.0, 'total_value_rule': 'low_total_over_high_total_under'}, 'home_line_proj': 13.5, 'model_name': 'Football_TotalValue_v1', 'parlay_edge_score': 1.0, 'spread_distance': 0.0, 'spread_edge': 0.0, 'spread_pick': '', 'total_distance': 1.0, 'total_edge': 1.0, 'total_pick': 'OVER', 'total_projection': 43.0}}",-1000.0,-1000.0,625.0,625.0,64,95bdb9f5b22f0491bfba1381637c5009,2025-12-28T15:55:37Z,odds_api_flattened,-13.5,13.5,STATUS_FINAL,post,42.0,MetLife Stadium
nfl_401772809,2025-12-28,Tennessee Titans,New Orleans Saints,1.5,-1.5,39.5,40.0,HOME,0.25,0.5,0.75,LOW,Football_MarketBlend_v1,Football_MarketBlend_v1,"{'blend_inputs': ['Football_MarketConsensus_v1', 'Football_SpreadValue_v1', 'Football_TotalValue_v1', 'Football_LineMovement_v1', 'Football_KeyNumberGuard_v1'], 'key_number_risk': False}","Game: New Orleans Saints @ Tennessee Titans
Authority: Football_MarketBlend_v1
Market: Spread 1.5, Total 39.5
Projection: Margin 1.25, Total 40.0
Spread Pick: HOME (edge 0.25)
Total Pick: OVER (edge 0.5)",1.25,,,,OVER,ACTIVE,,"{'spread': None, 'total': None}",FOOTBALL_MARKET_BLEND,34,34,NO,11,FOOTBALL_MARKET_BLEND,2025-12-28T18:00:00Z,1,Football market blend edge clears threshold,11,False,,true,true,true,true,26,26,TEN,nfl,odds_api_flattened_consensus,3,"{'Football_KeyNumberGuard_v1': {'context_flags': {'key_number_risk': False, 'key_numbers': [3, 7, 10]}, 'home_line_proj': 1.5, 'model_name': 'Football_KeyNumberGuard_v1', 'parlay_edge_score': 0, 'spread_distance': 0.0, 'spread_edge': 0.0, 'spread_pick': '', 'total_distance': 0.0, 'total_edge': 0.0, 'total_pick': '', 'total_projection': 39.5}, 'Football_LineMovement_v1': {'context_flags': {'movement_available': False}, 'home_line_proj': 1.5, 'model_name': 'Football_LineMovement_v1', 'parlay_edge_score': 0, 'spread_distance': 0.0, 'spread_edge': 0.0, 'spread_pick': '', 'total_distance': 0.0, 'total_edge': 0.0, 'total_pick': '', 'total_projection': 39.5}, 'Football_MarketBlend_v1': {'context_flags': {'blend_inputs': ['Football_MarketConsensus_v1', 'Football_SpreadValue_v1', 'Football_TotalValue_v1', 'Football_LineMovement_v1', 'Football_KeyNumberGuard_v1'], 'key_number_risk': False}, 'home_line_proj': 1.25, 'model_name': 'Football_MarketBlend_v1', 'parlay_edge_score': 0.75, 'spread_distance': 0.25, 'spread_edge': 0.25, 'spread_pick': 'HOME', 'total_distance': 0.5, 'total_edge': 0.5, 'total_pick': 'OVER', 'total_projection': 40.0}, 'Football_MarketConsensus_v1': {'context_flags': {'book_count': 11, 'source': 'market_consensus'}, 'home_line_proj': 1.5, 'model_name': 'Football_MarketConsensus_v1', 'parlay_edge_score': 0, 'spread_distance': 0.0, 'spread_edge': 0.0, 'spread_pick': '', 'total_distance': 0.0, 'total_edge': 0.0, 'total_pick': '', 'total_projection': 39.5}, 'Football_SpreadValue_v1': {'context_flags': {'book_count': 11.0, 'value_shift': -0.75}, 'home_line_proj': 0.75, 'model_name': 'Football_SpreadValue_v1', 'parlay_edge_score': 0.75, 'spread_distance': 0.75, 'spread_edge': 0.75, 'spread_pick': 'HOME', 'total_distance': 0.0, 'total_edge': 0.0, 'total_pick': '', 'total_projection': 39.5}, 'Football_TotalValue_v1': {'context_flags': {'book_count': 11.0, 'total_value_rule': 'low_total_over_high_total_under'}, 'home_line_proj': 1.5, 'model_name': 'Football_TotalValue_v1', 'parlay_edge_score': 1.0, 'spread_distance': 0.0, 'spread_edge': 0.0, 'spread_pick': '', 'total_distance': 1.0, 'total_edge': 1.0, 'total_pick': 'OVER', 'total_projection': 40.5}}",-125.0,-125.0,100.0,100.0,64,d75c88e4fb7650ab0577264980bdf98f,2025-12-28T15:55:37Z,odds_api_flattened,-1.5,1.5,STATUS_FINAL,post,39.5,Nissan Stadium
nfl_401772915,2025-12-28,Indianapolis Colts,Jacksonville Jaguars,5.0,-5.0,48.5,48.0,HOME,0.25,-0.5,0.75,LOW,Football_MarketBlend_v1,Football_MarketBlend_v1,"{'blend_inputs': ['Football_MarketConsensus_v1', 'Football_SpreadValue_v1', 'Football_TotalValue_v1', 'Football_LineMovement_v1', 'Football_KeyNumberGuard_v1'], 'key_number_risk': False}","Game: Jacksonville Jaguars @ Indianapolis Colts
Authority: Football_MarketBlend_v1
Market: Spread 5.0, Total 48.5
Projection: Margin 4.75, Total 48.0
Spread Pick: HOME (edge 0.25)
Total Pick: UNDER (edge -0.5)",4.75,,,,UNDER,ACTIVE,,"{'spread': None, 'total': None}",FOOTBALL_MARKET_BLEND,23,23,JAX,11,FOOTBALL_MARKET_BLEND,2025-12-28T18:00:00Z,1,Football market blend edge clears threshold,11,False,,true,true,true,true,17,17,IND,nfl,odds_api_flattened_consensus,3,"{'Football_KeyNumberGuard_v1': {'context_flags': {'key_number_risk': False, 'key_numbers': [3, 7, 10]}, 'home_line_proj': 5.0, 'model_name': 'Football_KeyNumberGuard_v1', 'parlay_edge_score': 0, 'spread_distance': 0.0, 'spread_edge': 0.0, 'spread_pick': '', 'total_distance': 0.0, 'total_edge': 0.0, 'total_pick': '', 'total_projection': 48.5}, 'Football_LineMovement_v1': {'context_flags': {'movement_available': False}, 'home_line_proj': 5.0, 'model_name': 'Football_LineMovement_v1', 'parlay_edge_score': 0, 'spread_distance': 0.0, 'spread_edge': 0.0, 'spread_pick': '', 'total_distance': 0.0, 'total_edge': 0.0, 'total_pick': '', 'total_projection': 48.5}, 'Football_MarketBlend_v1': {'context_flags': {'blend_inputs': ['Football_MarketConsensus_v1', 'Football_SpreadValue_v1', 'Football_TotalValue_v1', 'Football_LineMovement_v1', 'Football_KeyNumberGuard_v1'], 'key_number_risk': False}, 'home_line_proj': 4.75, 'model_name': 'Football_MarketBlend_v1', 'parlay_edge_score': 0.75, 'spread_distance': 0.25, 'spread_edge': 0.25, 'spread_pick': 'HOME', 'total_distance': 0.5, 'total_edge': -0.5, 'total_pick': 'UNDER', 'total_projection': 48.0}, 'Football_MarketConsensus_v1': {'context_flags': {'book_count': 11, 'source': 'market_consensus'}, 'home_line_proj': 5.0, 'model_name': 'Football_MarketConsensus_v1', 'parlay_edge_score': 0, 'spread_distance': 0.0, 'spread_edge': 0.0, 'spread_pick': '', 'total_distance': 0.0, 'total_edge': 0.0, 'total_pick': '', 'total_projection': 48.5}, 'Football_SpreadValue_v1': {'context_flags': {'book_count': 11.0, 'value_shift': -0.75}, 'home_line_proj': 4.25, 'model_name': 'Football_SpreadValue_v1', 'parlay_edge_score': 0.75, 'spread_distance': 0.75, 'spread_edge': 0.75, 'spread_pick': 'HOME', 'total_distance': 0.0, 'total_edge': 0.0, 'total_pick': '', 'total_projection': 48.5}, 'Football_TotalValue_v1': {'context_flags': {'book_count': 11.0, 'total_value_rule': 'low_total_over_high_total_under'}, 'home_line_proj': 5.0, 'model_name': 'Football_TotalValue_v1', 'parlay_edge_score': 1.0, 'spread_distance': 0.0, 'spread_edge': 0.0, 'spread_pick': '', 'total_distance': 1.0, 'total_edge': -1.0, 'total_pick': 'UNDER', 'total_projection': 47.5}}",-240.0,-240.0,195.0,195.0,64,f960b282ac197513c9d80bd28baa7e38,2025-12-28T15:55:37Z,odds_api_flattened,-5.0,5.0,STATUS_FINAL,post,48.5,Lucas Oil Stadium
nfl_401772916,2025-12-28,Miami Dolphins,Tampa Bay Buccaneers,5.0,-5.0,43.75,44.25,HOME,0.25,0.5,0.75,LOW,Football_MarketBlend_v1,Football_MarketBlend_v1,"{'blend_inputs': ['Football_MarketConsensus_v1', 'Football_SpreadValue_v1', 'Football_TotalValue_v1', 'Football_LineMovement_v1', 'Football_KeyNumberGuard_v1'], 'key_number_risk': False}","Game: Tampa Bay Buccaneers @ Miami Dolphins
Authority: Football_MarketBlend_v1
Market: Spread 5.0, Total 43.75
Projection: Margin 4.75, Total 44.25
Spread Pick: HOME (edge 0.25)
Total Pick: OVER (edge 0.5)",4.75,,,,OVER,ACTIVE,,"{'spread': None, 'total': None}",FOOTBALL_MARKET_BLEND,17,17,TB,11,FOOTBALL_MARKET_BLEND,2025-12-28T18:00:00Z,1,Football market blend edge clears threshold,11,False,,true,true,true,true,20,20,MIA,nfl,odds_api_flattened_consensus,3,"{'Football_KeyNumberGuard_v1': {'context_flags': {'key_number_risk': False, 'key_numbers': [3, 7, 10]}, 'home_line_proj': 5.0, 'model_name': 'Football_KeyNumberGuard_v1', 'parlay_edge_score': 0, 'spread_distance': 0.0, 'spread_edge': 0.0, 'spread_pick': '', 'total_distance': 0.0, 'total_edge': 0.0, 'total_pick': '', 'total_projection': 43.75}, 'Football_LineMovement_v1': {'context_flags': {'movement_available': False}, 'home_line_proj': 5.0, 'model_name': 'Football_LineMovement_v1', 'parlay_edge_score': 0, 'spread_distance': 0.0, 'spread_edge': 0.0, 'spread_pick': '', 'total_distance': 0.0, 'total_edge': 0.0, 'total_pick': '', 'total_projection': 43.75}, 'Football_MarketBlend_v1': {'context_flags': {'blend_inputs': ['Football_MarketConsensus_v1', 'Football_SpreadValue_v1', 'Football_TotalValue_v1', 'Football_LineMovement_v1', 'Football_KeyNumberGuard_v1'], 'key_number_risk': False}, 'home_line_proj': 4.75, 'model_name': 'Football_MarketBlend_v1', 'parlay_edge_score': 0.75, 'spread_distance': 0.25, 'spread_edge': 0.25, 'spread_pick': 'HOME', 'total_distance': 0.5, 'total_edge': 0.5, 'total_pick': 'OVER', 'total_projection': 44.25}, 'Football_MarketConsensus_v1': {'context_flags': {'book_count': 11, 'source': 'market_consensus'}, 'home_line_proj': 5.0, 'model_name': 'Football_MarketConsensus_v1', 'parlay_edge_score': 0, 'spread_distance': 0.0, 'spread_edge': 0.0, 'spread_pick': '', 'total_distance': 0.0, 'total_edge': 0.0, 'total_pick': '', 'total_projection': 43.75}, 'Football_SpreadValue_v1': {'context_flags': {'book_count': 11.0, 'value_shift': -0.75}, 'home_line_proj': 4.25, 'model_name': 'Football_SpreadValue_v1', 'parlay_edge_score': 0.75, 'spread_distance': 0.75, 'spread_edge': 0.75, 'spread_pick': 'HOME', 'total_distance': 0.0, 'total_edge': 0.0, 'total_pick': '', 'total_projection': 43.75}, 'Football_TotalValue_v1': {'context_flags': {'book_count': 11.0, 'total_value_rule': 'low_total_over_high_total_under'}, 'home_line_proj': 5.0, 'model_name': 'Football_TotalValue_v1', 'parlay_edge_score': 1.0, 'spread_distance': 0.0, 'spread_edge': 0.0, 'spread_pick': '', 'total_distance': 1.0, 'total_edge': 1.0, 'total_pick': 'OVER', 'total_projection': 44.75}}",-240.0,-240.0,195.0,195.0,64,374166780155b8c14e867face95885ee,2025-12-28T15:55:37Z,odds_api_flattened,-5.0,5.0,STATUS_FINAL,post,43.75,Hard Rock Stadium
nfl_401772917,2025-12-28,Buffalo Bills,Philadelphia Eagles,-2.5,2.5,44.5,45.0,,-0.25,0.5,0.75,LOW,Football_MarketBlend_v1,Football_MarketBlend_v1,"{'blend_inputs': ['Football_MarketConsensus_v1', 'Football_SpreadValue_v1', 'Football_TotalValue_v1', 'Football_LineMovement_v1', 'Football_KeyNumberGuard_v1'], 'key_number_risk': True, 'spread_veto': 'key_number_guard'}","Game: Philadelphia Eagles @ Buffalo Bills
Authority: Football_MarketBlend_v1
Market: Spread -2.5, Total 44.5
Projection: Margin -2.25, Total 45.0
Spread Pick:  (edge -0.25)
Total Pick: OVER (edge 0.5)",-2.25,,,,OVER,ACTIVE,,"{'spread': None, 'total': None}",FOOTBALL_MARKET_BLEND,13,13,PHI,11,FOOTBALL_MARKET_BLEND,2025-12-28T21:25:00Z,1,Football market blend edge clears threshold,11,False,,true,true,true,true,12,12,BUF,nfl,odds_api_flattened_consensus,3,"{'Football_KeyNumberGuard_v1': {'context_flags': {'key_number_risk': True, 'key_numbers': [3, 7, 10]}, 'home_line_proj': -2.5, 'model_name': 'Football_KeyNumberGuard_v1', 'parlay_edge_score': 0, 'spread_distance': 0.0, 'spread_edge': 0.0, 'spread_pick': '', 'total_distance': 0.0, 'total_edge': 0.0, 'total_pick': '', 'total_projection': 44.5}, 'Football_LineMovement_v1': {'context_flags': {'movement_available': False}, 'home_line_proj': -2.5, 'model_name': 'Football_LineMovement_v1', 'parlay_edge_score': 0, 'spread_distance': 0.0, 'spread_edge': 0.0, 'spread_pick': '', 'total_distance': 0.0, 'total_edge': 0.0, 'total_pick': '', 'total_projection': 44.5}, 'Football_MarketBlend_v1': {'context_flags': {'blend_inputs': ['Football_MarketConsensus_v1', 'Football_SpreadValue_v1', 'Football_TotalValue_v1', 'Football_LineMovement_v1', 'Football_KeyNumberGuard_v1'], 'key_number_risk': True, 'spread_veto': 'key_number_guard'}, 'home_line_proj': -2.25, 'model_name': 'Football_MarketBlend_v1', 'parlay_edge_score': 0.75, 'spread_distance': 0.25, 'spread_edge': -0.25, 'spread_pick': '', 'total_distance': 0.5, 'total_edge': 0.5, 'total_pick': 'OVER', 'total_projection': 45.0}, 'Football_MarketConsensus_v1': {'context_flags': {'book_count': 11, 'source': 'market_consensus'}, 'home_line_proj': -2.5, 'model_name': 'Football_MarketConsensus_v1', 'parlay_edge_score': 0, 'spread_distance': 0.0, 'spread_edge': 0.0, 'spread_pick': '', 'total_distance': 0.0, 'total_edge': 0.0, 'total_pick': '', 'total_projection': 44.5}, 'Football_SpreadValue_v1': {'context_flags': {'book_count': 11.0, 'value_shift': 0.75}, 'home_line_proj': -1.75, 'model_name': 'Football_SpreadValue_v1', 'parlay_edge_score': 0.75, 'spread_distance': 0.75, 'spread_edge': -0.75, 'spread_pick': 'AWAY', 'total_distance': 0.0, 'total_edge': 0.0, 'total_pick': '', 'total_projection': 44.5}, 'Football_TotalValue_v1': {'context_flags': {'book_count': 11.0, 'total_value_rule': 'low_total_over_high_total_under'}, 'home_line_proj': -2.5, 'model_name': 'Football_TotalValue_v1', 'parlay_edge_score': 1.0, 'spread_distance': 0.0, 'spread_edge': 0.0, 'spread_pick': '', 'total_distance': 1.0, 'total_edge': 1.0, 'total_pick': 'OVER', 'total_projection': 45.5}}",125.0,125.0,-150.0,-150.0,64,596df6f5735277fee0cd78e61cd71060,2025-12-28T15:55:37Z,odds_api_flattened,2.5,-2.5,STATUS_FINAL,post,44.5,Highmark Stadium (Old)
nfl_401772950,2025-12-28,Las Vegas Raiders,New York Giants,2.5,-2.5,41.0,41.5,,0.25,0.5,0.75,LOW,Football_MarketBlend_v1,Football_MarketBlend_v1,"{'blend_inputs': ['Football_MarketConsensus_v1', 'Football_SpreadValue_v1', 'Football_TotalValue_v1', 'Football_LineMovement_v1', 'Football_KeyNumberGuard_v1'], 'key_number_risk': True, 'spread_veto': 'key_number_guard'}","Game: New York Giants @ Las Vegas Raiders
Authority: Football_MarketBlend_v1
Market: Spread 2.5, Total 41.0
Projection: Margin 2.25, Total 41.5
Spread Pick:  (edge 0.25)
Total Pick: OVER (edge 0.5)",2.25,,,,OVER,ACTIVE,,"{'spread': None, 'total': None}",FOOTBALL_MARKET_BLEND,34,34,NYG,11,FOOTBALL_MARKET_BLEND,2025-12-28T21:05:00Z,1,Football market blend edge clears threshold,11,False,,true,true,true,true,10,10,LV,nfl,odds_api_flattened_consensus,3,"{'Football_KeyNumberGuard_v1': {'context_flags': {'key_number_risk': True, 'key_numbers': [3, 7, 10]}, 'home_line_proj': 2.5, 'model_name': 'Football_KeyNumberGuard_v1', 'parlay_edge_score': 0, 'spread_distance': 0.0, 'spread_edge': 0.0, 'spread_pick': '', 'total_distance': 0.0, 'total_edge': 0.0, 'total_pick': '', 'total_projection': 41.0}, 'Football_LineMovement_v1': {'context_flags': {'movement_available': False}, 'home_line_proj': 2.5, 'model_name': 'Football_LineMovement_v1', 'parlay_edge_score': 0, 'spread_distance': 0.0, 'spread_edge': 0.0, 'spread_pick': '', 'total_distance': 0.0, 'total_edge': 0.0, 'total_pick': '', 'total_projection': 41.0}, 'Football_MarketBlend_v1': {'context_flags': {'blend_inputs': ['Football_MarketConsensus_v1', 'Football_SpreadValue_v1', 'Football_TotalValue_v1', 'Football_LineMovement_v1', 'Football_KeyNumberGuard_v1'], 'key_number_risk': True, 'spread_veto': 'key_number_guard'}, 'home_line_proj': 2.25, 'model_name': 'Football_MarketBlend_v1', 'parlay_edge_score': 0.75, 'spread_distance': 0.25, 'spread_edge': 0.25, 'spread_pick': '', 'total_distance': 0.5, 'total_edge': 0.5, 'total_pick': 'OVER', 'total_projection': 41.5}, 'Football_MarketConsensus_v1': {'context_flags': {'book_count': 11, 'source': 'market_consensus'}, 'home_line_proj': 2.5, 'model_name': 'Football_MarketConsensus_v1', 'parlay_edge_score': 0, 'spread_distance': 0.0, 'spread_edge': 0.0, 'spread_pick': '', 'total_distance': 0.0, 'total_edge': 0.0, 'total_pick': '', 'total_projection': 41.0}, 'Football_SpreadValue_v1': {'context_flags': {'book_count': 11.0, 'value_shift': -0.75}, 'home_line_proj': 1.75, 'model_name': 'Football_SpreadValue_v1', 'parlay_edge_score': 0.75, 'spread_distance': 0.75, 'spread_edge': 0.75, 'spread_pick': 'HOME', 'total_distance': 0.0, 'total_edge': 0.0, 'total_pick': '', 'total_projection': 41.0}, 'Football_TotalValue_v1': {'context_flags': {'book_count': 11.0, 'total_value_rule': 'low_total_over_high_total_under'}, 'home_line_proj': 2.5, 'model_name': 'Football_TotalValue_v1', 'parlay_edge_score': 1.0, 'spread_distance': 0.0, 'spread_edge': 0.0, 'spread_pick': '', 'total_distance': 1.0, 'total_edge': 1.0, 'total_pick': 'OVER', 'total_projection': 42.0}}",-155.0,-155.0,130.0,130.0,64,dd4aec72c5175cb8cea67d5edc7b1990,2025-12-28T15:55:37Z,odds_api_flattened,-2.5,2.5,STATUS_FINAL,post,41.0,Allegiant Stadium
nfl_401772952,2025-12-28,Carolina Panthers,Seattle Seahawks,7.0,-7.0,42.5,43.0,,0.25,0.5,0.75,LOW,Football_MarketBlend_v1,Football_MarketBlend_v1,"{'blend_inputs': ['Football_MarketConsensus_v1', 'Football_SpreadValue_v1', 'Football_TotalValue_v1', 'Football_LineMovement_v1', 'Football_KeyNumberGuard_v1'], 'key_number_risk': True, 'spread_veto': 'key_number_guard'}","Game: Seattle Seahawks @ Carolina Panthers
Authority: Football_MarketBlend_v1
Market: Spread 7.0, Total 42.5
Projection: Margin 6.75, Total 43.0
Spread Pick:  (edge 0.25)
Total Pick: OVER (edge 0.5)",6.75,,,,OVER,ACTIVE,,"{'spread': None, 'total': None}",FOOTBALL_MARKET_BLEND,27,27,SEA,11,FOOTBALL_MARKET_BLEND,2025-12-28T18:00:00Z,1,Football market blend edge clears threshold,11,False,,true,true,true,true,10,10,CAR,nfl,odds_api_flattened_consensus,3,"{'Football_KeyNumberGuard_v1': {'context_flags': {'key_number_risk': True, 'key_numbers': [3, 7, 10]}, 'home_line_proj': 7.0, 'model_name': 'Football_KeyNumberGuard_v1', 'parlay_edge_score': 0, 'spread_distance': 0.0, 'spread_edge': 0.0, 'spread_pick': '', 'total_distance': 0.0, 'total_edge': 0.0, 'total_pick': '', 'total_projection': 42.5}, 'Football_LineMovement_v1': {'context_flags': {'movement_available': False}, 'home_line_proj': 7.0, 'model_name': 'Football_LineMovement_v1', 'parlay_edge_score': 0, 'spread_distance': 0.0, 'spread_edge': 0.0, 'spread_pick': '', 'total_distance': 0.0, 'total_edge': 0.0, 'total_pick': '', 'total_projection': 42.5}, 'Football_MarketBlend_v1': {'context_flags': {'blend_inputs': ['Football_MarketConsensus_v1', 'Football_SpreadValue_v1', 'Football_TotalValue_v1', 'Football_LineMovement_v1', 'Football_KeyNumberGuard_v1'], 'key_number_risk': True, 'spread_veto': 'key_number_guard'}, 'home_line_proj': 6.75, 'model_name': 'Football_MarketBlend_v1', 'parlay_edge_score': 0.75, 'spread_distance': 0.25, 'spread_edge': 0.25, 'spread_pick': '', 'total_distance': 0.5, 'total_edge': 0.5, 'total_pick': 'OVER', 'total_projection': 43.0}, 'Football_MarketConsensus_v1': {'context_flags': {'book_count': 11, 'source': 'market_consensus'}, 'home_line_proj': 7.0, 'model_name': 'Football_MarketConsensus_v1', 'parlay_edge_score': 0, 'spread_distance': 0.0, 'spread_edge': 0.0, 'spread_pick': '', 'total_distance': 0.0, 'total_edge': 0.0, 'total_pick': '', 'total_projection': 42.5}, 'Football_SpreadValue_v1': {'context_flags': {'book_count': 11.0, 'value_shift': -0.75}, 'home_line_proj': 6.25, 'model_name': 'Football_SpreadValue_v1', 'parlay_edge_score': 0.75, 'spread_distance': 0.75, 'spread_edge': 0.75, 'spread_pick': 'HOME', 'total_distance': 0.0, 'total_edge': 0.0, 'total_pick': '', 'total_projection': 42.5}, 'Football_TotalValue_v1': {'context_flags': {'book_count': 11.0, 'total_value_rule': 'low_total_over_high_total_under'}, 'home_line_proj': 7.0, 'model_name': 'Football_TotalValue_v1', 'parlay_edge_score': 1.0, 'spread_distance': 0.0, 'spread_edge': 0.0, 'spread_pick': '', 'total_distance': 1.0, 'total_edge': 1.0, 'total_pick': 'OVER', 'total_projection': 43.5}}",-325.0,-325.0,263.0,263.0,64,8e7a26b4026e4eca7394cc523fa10a64,2025-12-28T15:55:37Z,odds_api_flattened,-7.0,7.0,STATUS_FINAL,post,42.5,Bank of America Stadium
nfl_401772953,2025-12-28,Green Bay Packers,Baltimore Ravens,-3.0,3.0,38.5,39.0,,-0.25,0.5,0.75,LOW,Football_MarketBlend_v1,Football_MarketBlend_v1,"{'blend_inputs': ['Football_MarketConsensus_v1', 'Football_SpreadValue_v1', 'Football_TotalValue_v1', 'Football_LineMovement_v1', 'Football_KeyNumberGuard_v1'], 'key_number_risk': True, 'spread_veto': 'key_number_guard'}","Game: Baltimore Ravens @ Green Bay Packers
Authority: Football_MarketBlend_v1
Market: Spread -3.0, Total 38.5
Projection: Margin -2.75, Total 39.0
Spread Pick:  (edge -0.25)
Total Pick: OVER (edge 0.5)",-2.75,,,,OVER,ACTIVE,,"{'spread': None, 'total': None}",FOOTBALL_MARKET_BLEND,41,41,BAL,11,FOOTBALL_MARKET_BLEND,2025-12-28T01:01:00Z,1,Football market blend edge clears threshold,11,False,,true,true,true,true,24,24,GB,nfl,odds_api_flattened_consensus,3,"{'Football_KeyNumberGuard_v1': {'context_flags': {'key_number_risk': True, 'key_numbers': [3, 7, 10]}, 'home_line_proj': -3.0, 'model_name': 'Football_KeyNumberGuard_v1', 'parlay_edge_score': 0, 'spread_distance': 0.0, 'spread_edge': 0.0, 'spread_pick': '', 'total_distance': 0.0, 'total_edge': 0.0, 'total_pick': '', 'total_projection': 38.5}, 'Football_LineMovement_v1': {'context_flags': {'movement_available': False}, 'home_line_proj': -3.0, 'model_name': 'Football_LineMovement_v1', 'parlay_edge_score': 0, 'spread_distance': 0.0, 'spread_edge': 0.0, 'spread_pick': '', 'total_distance': 0.0, 'total_edge': 0.0, 'total_pick': '', 'total_projection': 38.5}, 'Football_MarketBlend_v1': {'context_flags': {'blend_inputs': ['Football_MarketConsensus_v1', 'Football_SpreadValue_v1', 'Football_TotalValue_v1', 'Football_LineMovement_v1', 'Football_KeyNumberGuard_v1'], 'key_number_risk': True, 'spread_veto': 'key_number_guard'}, 'home_line_proj': -2.75, 'model_name': 'Football_MarketBlend_v1', 'parlay_edge_score': 0.75, 'spread_distance': 0.25, 'spread_edge': -0.25, 'spread_pick': '', 'total_distance': 0.5, 'total_edge': 0.5, 'total_pick': 'OVER', 'total_projection': 39.0}, 'Football_MarketConsensus_v1': {'context_flags': {'book_count': 11, 'source': 'market_consensus'}, 'home_line_proj': -3.0, 'model_name': 'Football_MarketConsensus_v1', 'parlay_edge_score': 0, 'spread_distance': 0.0, 'spread_edge': 0.0, 'spread_pick': '', 'total_distance': 0.0, 'total_edge': 0.0, 'total_pick': '', 'total_projection': 38.5}, 'Football_SpreadValue_v1': {'context_flags': {'book_count': 11.0, 'value_shift': 0.75}, 'home_line_proj': -2.25, 'model_name': 'Football_SpreadValue_v1', 'parlay_edge_score': 0.75, 'spread_distance': 0.75, 'spread_edge': -0.75, 'spread_pick': 'AWAY', 'total_distance': 0.0, 'total_edge': 0.0, 'total_pick': '', 'total_projection': 38.5}, 'Football_TotalValue_v1': {'context_flags': {'book_count': 11.0, 'total_value_rule': 'low_total_over_high_total_under'}, 'home_line_proj': -3.0, 'model_name': 'Football_TotalValue_v1', 'parlay_edge_score': 1.0, 'spread_distance': 0.0, 'spread_edge': 0.0, 'spread_pick': '', 'total_distance': 1.0, 'total_edge': 1.0, 'total_pick': 'OVER', 'total_projection': 39.5}}",135.0,135.0,-156.0,-156.0,64,85bead6a72a1952cdd737dcecb55446b,2025-12-27T15:55:37Z,odds_api_flattened,3.0,-3.0,STATUS_FINAL,post,38.5,Lambeau Field
nfl_401772954,2025-12-28,Cincinnati Bengals,Arizona Cardinals,-7.0,7.0,53.5,53.0,,-0.25,-0.5,0.75,LOW,Football_MarketBlend_v1,Football_MarketBlend_v1,"{'blend_inputs': ['Football_MarketConsensus_v1', 'Football_SpreadValue_v1', 'Football_TotalValue_v1', 'Football_LineMovement_v1', 'Football_KeyNumberGuard_v1'], 'key_number_risk': True, 'spread_veto': 'key_number_guard'}","Game: Arizona Cardinals @ Cincinnati Bengals
Authority: Football_MarketBlend_v1
Market: Spread -7.0, Total 53.5
Projection: Margin -6.75, Total 53.0
Spread Pick:  (edge -0.25)
Total Pick: UNDER (edge -0.5)",-6.75,,,,UNDER,ACTIVE,,"{'spread': None, 'total': None}",FOOTBALL_MARKET_BLEND,14,14,ARI,11,FOOTBALL_MARKET_BLEND,2025-12-28T18:00:00Z,1,Football market blend edge clears threshold,11,False,,true,true,true,true,37,37,CIN,nfl,odds_api_flattened_consensus,3,"{'Football_KeyNumberGuard_v1': {'context_flags': {'key_number_risk': True, 'key_numbers': [3, 7, 10]}, 'home_line_proj': -7.0, 'model_name': 'Football_KeyNumberGuard_v1', 'parlay_edge_score': 0, 'spread_distance': 0.0, 'spread_edge': 0.0, 'spread_pick': '', 'total_distance': 0.0, 'total_edge': 0.0, 'total_pick': '', 'total_projection': 53.5}, 'Football_LineMovement_v1': {'context_flags': {'movement_available': False}, 'home_line_proj': -7.0, 'model_name': 'Football_LineMovement_v1', 'parlay_edge_score': 0, 'spread_distance': 0.0, 'spread_edge': 0.0, 'spread_pick': '', 'total_distance': 0.0, 'total_edge': 0.0, 'total_pick': '', 'total_projection': 53.5}, 'Football_MarketBlend_v1': {'context_flags': {'blend_inputs': ['Football_MarketConsensus_v1', 'Football_SpreadValue_v1', 'Football_TotalValue_v1', 'Football_LineMovement_v1', 'Football_KeyNumberGuard_v1'], 'key_number_risk': True, 'spread_veto': 'key_number_guard'}, 'home_line_proj': -6.75, 'model_name': 'Football_MarketBlend_v1', 'parlay_edge_score': 0.75, 'spread_distance': 0.25, 'spread_edge': -0.25, 'spread_pick': '', 'total_distance': 0.5, 'total_edge': -0.5, 'total_pick': 'UNDER', 'total_projection': 53.0}, 'Football_MarketConsensus_v1': {'context_flags': {'book_count': 11, 'source': 'market_consensus'}, 'home_line_proj': -7.0, 'model_name': 'Football_MarketConsensus_v1', 'parlay_edge_score': 0, 'spread_distance': 0.0, 'spread_edge': 0.0, 'spread_pick': '', 'total_distance': 0.0, 'total_edge': 0.0, 'total_pick': '', 'total_projection': 53.5}, 'Football_SpreadValue_v1': {'context_flags': {'book_count': 11.0, 'value_shift': 0.75}, 'home_line_proj': -6.25, 'model_name': 'Football_SpreadValue_v1', 'parlay_edge_score': 0.75, 'spread_distance': 0.75, 'spread_edge': -0.75, 'spread_pick': 'AWAY', 'total_distance': 0.0, 'total_edge': 0.0, 'total_pick': '', 'total_projection': 53.5}, 'Football_TotalValue_v1': {'context_flags': {'book_count': 11.0, 'total_value_rule': 'low_total_over_high_total_under'}, 'home_line_proj': -7.0, 'model_name': 'Football_TotalValue_v1', 'parlay_edge_score': 1.0, 'spread_distance': 0.0, 'spread_edge': 0.0, 'spread_pick': '', 'total_distance': 1.0, 'total_edge': -1.0, 'total_pick': 'UNDER', 'total_projection': 52.5}}",270.0,270.0,-345.0,-345.0,64,7aeff5d5bb88b218c7d72f267a90eb7f,2025-12-28T15:55:37Z,odds_api_flattened,7.0,-7.0,STATUS_FINAL,post,53.5,Paycor Stadium
nfl_401772935,2025-12-29,San Francisco 49ers,Chicago Bears,-3.5,3.5,51.5,51.0,,-0.25,-0.5,0.75,LOW,Football_MarketBlend_v1,Football_MarketBlend_v1,"{'blend_inputs': ['Football_MarketConsensus_v1', 'Football_SpreadValue_v1', 'Football_TotalValue_v1', 'Football_LineMovement_v1', 'Football_KeyNumberGuard_v1'], 'key_number_risk': True, 'spread_veto': 'key_number_guard'}","Game: Chicago Bears @ San Francisco 49ers
Authority: Football_MarketBlend_v1
Market: Spread -3.5, Total 51.5
Projection: Margin -3.25, Total 51.0
Spread Pick:  (edge -0.25)
Total Pick: UNDER (edge -0.5)",-3.25,,,,UNDER,ACTIVE,,"{'spread': None, 'total': None}",FOOTBALL_MARKET_BLEND,38,38,CHI,11,FOOTBALL_MARKET_BLEND,2025-12-29T01:20:00Z,1,Football market blend edge clears threshold,11,False,,true,true,true,true,42,42,SF,nfl,odds_api_flattened_consensus,3,"{'Football_KeyNumberGuard_v1': {'context_flags': {'key_number_risk': True, 'key_numbers': [3, 7, 10]}, 'home_line_proj': -3.5, 'model_name': 'Football_KeyNumberGuard_v1', 'parlay_edge_score': 0, 'spread_distance': 0.0, 'spread_edge': 0.0, 'spread_pick': '', 'total_distance': 0.0, 'total_edge': 0.0, 'total_pick': '', 'total_projection': 51.5}, 'Football_LineMovement_v1': {'context_flags': {'movement_available': False}, 'home_line_proj': -3.5, 'model_name': 'Football_LineMovement_v1', 'parlay_edge_score': 0, 'spread_distance': 0.0, 'spread_edge': 0.0, 'spread_pick': '', 'total_distance': 0.0, 'total_edge': 0.0, 'total_pick': '', 'total_projection': 51.5}, 'Football_MarketBlend_v1': {'context_flags': {'blend_inputs': ['Football_MarketConsensus_v1', 'Football_SpreadValue_v1', 'Football_TotalValue_v1', 'Football_LineMovement_v1', 'Football_KeyNumberGuard_v1'], 'key_number_risk': True, 'spread_veto': 'key_number_guard'}, 'home_line_proj': -3.25, 'model_name': 'Football_MarketBlend_v1', 'parlay_edge_score': 0.75, 'spread_distance': 0.25, 'spread_edge': -0.25, 'spread_pick': '', 'total_distance': 0.5, 'total_edge': -0.5, 'total_pick': 'UNDER', 'total_projection': 51.0}, 'Football_MarketConsensus_v1': {'context_flags': {'book_count': 11, 'source': 'market_consensus'}, 'home_line_proj': -3.5, 'model_name': 'Football_MarketConsensus_v1', 'parlay_edge_score': 0, 'spread_distance': 0.0, 'spread_edge': 0.0, 'spread_pick': '', 'total_distance': 0.0, 'total_edge': 0.0, 'total_pick': '', 'total_projection': 51.5}, 'Football_SpreadValue_v1': {'context_flags': {'book_count': 11.0, 'value_shift': 0.75}, 'home_line_proj': -2.75, 'model_name': 'Football_SpreadValue_v1', 'parlay_edge_score': 0.75, 'spread_distance': 0.75, 'spread_edge': -0.75, 'spread_pick': 'AWAY', 'total_distance': 0.0, 'total_edge': 0.0, 'total_pick': '', 'total_projection': 51.5}, 'Football_TotalValue_v1': {'context_flags': {'book_count': 11.0, 'total_value_rule': 'low_total_over_high_total_under'}, 'home_line_proj': -3.5, 'model_name': 'Football_TotalValue_v1', 'parlay_edge_score': 1.0, 'spread_distance': 0.0, 'spread_edge': 0.0, 'spread_pick': '', 'total_distance': 1.0, 'total_edge': -1.0, 'total_pick': 'UNDER', 'total_projection': 50.5}}",160.0,160.0,-190.0,-190.0,64,b0dedebd28a82f8f38398033356e9015,2025-12-28T15:55:37Z,odds_api_flattened,3.5,-3.5,STATUS_FINAL,post,51.5,Levi's Stadium
nfl_401772825,2025-12-30,Atlanta Falcons,Los Angeles Rams,7.5,-7.5,49.5,49.0,,0.25,-0.5,0.75,LOW,Football_MarketBlend_v1,Football_MarketBlend_v1,"{'blend_inputs': ['Football_MarketConsensus_v1', 'Football_SpreadValue_v1', 'Football_TotalValue_v1', 'Football_LineMovement_v1', 'Football_KeyNumberGuard_v1'], 'key_number_risk': True, 'spread_veto': 'key_number_guard'}","Game: Los Angeles Rams @ Atlanta Falcons
Authority: Football_MarketBlend_v1
Market: Spread 7.5, Total 49.5
Projection: Margin 7.25, Total 49.0
Spread Pick:  (edge 0.25)
Total Pick: UNDER (edge -0.5)",7.25,,,,UNDER,ACTIVE,,"{'spread': None, 'total': None}",FOOTBALL_MARKET_BLEND,24,24,LAR,11,FOOTBALL_MARKET_BLEND,2025-12-30T01:15:00Z,1,Football market blend edge clears threshold,11,False,,true,true,true,true,27,27,ATL,nfl,odds_api_flattened_consensus,3,"{'Football_KeyNumberGuard_v1': {'context_flags': {'key_number_risk': True, 'key_numbers': [3, 7, 10]}, 'home_line_proj': 7.5, 'model_name': 'Football_KeyNumberGuard_v1', 'parlay_edge_score': 0, 'spread_distance': 0.0, 'spread_edge': 0.0, 'spread_pick': '', 'total_distance': 0.0, 'total_edge': 0.0, 'total_pick': '', 'total_projection': 49.5}, 'Football_LineMovement_v1': {'context_flags': {'movement_available': False}, 'home_line_proj': 7.5, 'model_name': 'Football_LineMovement_v1', 'parlay_edge_score': 0, 'spread_distance': 0.0, 'spread_edge': 0.0, 'spread_pick': '', 'total_distance': 0.0, 'total_edge': 0.0, 'total_pick': '', 'total_projection': 49.5}, 'Football_MarketBlend_v1': {'context_flags': {'blend_inputs': ['Football_MarketConsensus_v1', 'Football_SpreadValue_v1', 'Football_TotalValue_v1', 'Football_LineMovement_v1', 'Football_KeyNumberGuard_v1'], 'key_number_risk': True, 'spread_veto': 'key_number_guard'}, 'home_line_proj': 7.25, 'model_name': 'Football_MarketBlend_v1', 'parlay_edge_score': 0.75, 'spread_distance': 0.25, 'spread_edge': 0.25, 'spread_pick': '', 'total_distance': 0.5, 'total_edge': -0.5, 'total_pick': 'UNDER', 'total_projection': 49.0}, 'Football_MarketConsensus_v1': {'context_flags': {'book_count': 11, 'source': 'market_consensus'}, 'home_line_proj': 7.5, 'model_name': 'Football_MarketConsensus_v1', 'parlay_edge_score': 0, 'spread_distance': 0.0, 'spread_edge': 0.0, 'spread_pick': '', 'total_distance': 0.0, 'total_edge': 0.0, 'total_pick': '', 'total_projection': 49.5}, 'Football_SpreadValue_v1': {'context_flags': {'book_count': 11.0, 'value_shift': -0.75}, 'home_line_proj': 6.75, 'model_name': 'Football_SpreadValue_v1', 'parlay_edge_score': 0.75, 'spread_distance': 0.75, 'spread_edge': 0.75, 'spread_pick': 'HOME', 'total_distance': 0.0, 'total_edge': 0.0, 'total_pick': '', 'total_projection': 49.5}, 'Football_TotalValue_v1': {'context_flags': {'book_count': 11.0, 'total_value_rule': 'low_total_over_high_total_under'}, 'home_line_proj': 7.5, 'model_name': 'Football_TotalValue_v1', 'parlay_edge_score': 1.0, 'spread_distance': 0.0, 'spread_edge': 0.0, 'spread_pick': '', 'total_distance': 1.0, 'total_edge': -1.0, 'total_pick': 'UNDER', 'total_projection': 48.5}}",-375.0,-375.0,290.0,290.0,64,ea5fe5f603483c8d46f83081cf780397,2025-12-29T15:55:37Z,odds_api_flattened,-7.5,7.5,STATUS_FINAL,post,49.5,Mercedes-Benz Stadium
nfl_401772969,2026-01-03,Tampa Bay Buccaneers,Carolina Panthers,-3.0,3.0,43.5,44.0,,-0.25,0.5,0.75,LOW,Football_MarketBlend_v1,Football_MarketBlend_v1,"{'blend_inputs': ['Football_MarketConsensus_v1', 'Football_SpreadValue_v1', 'Football_TotalValue_v1', 'Football_LineMovement_v1', 'Football_KeyNumberGuard_v1'], 'key_number_risk': True, 'spread_veto': 'key_number_guard'}","Game: Carolina Panthers @ Tampa Bay Buccaneers
Authority: Football_MarketBlend_v1
Market: Spread -3.0, Total 43.5
Projection: Margin -2.75, Total 44.0
Spread Pick:  (edge -0.25)
Total Pick: OVER (edge 0.5)",-2.75,,,,OVER,ACTIVE,,"{'spread': None, 'total': None}",FOOTBALL_MARKET_BLEND,14,14,CAR,11,FOOTBALL_MARKET_BLEND,2026-01-03T21:30:00Z,1,Football market blend edge clears threshold,11,False,,true,true,true,true,16,16,TB,nfl,odds_api_flattened_consensus,3,"{'Football_KeyNumberGuard_v1': {'context_flags': {'key_number_risk': True, 'key_numbers': [3, 7, 10]}, 'home_line_proj': -3.0, 'model_name': 'Football_KeyNumberGuard_v1', 'parlay_edge_score': 0, 'spread_distance': 0.0, 'spread_edge': 0.0, 'spread_pick': '', 'total_distance': 0.0, 'total_edge': 0.0, 'total_pick': '', 'total_projection': 43.5}, 'Football_LineMovement_v1': {'context_flags': {'movement_available': False}, 'home_line_proj': -3.0, 'model_name': 'Football_LineMovement_v1', 'parlay_edge_score': 0, 'spread_distance': 0.0, 'spread_edge': 0.0, 'spread_pick': '', 'total_distance': 0.0, 'total_edge': 0.0, 'total_pick': '', 'total_projection': 43.5}, 'Football_MarketBlend_v1': {'context_flags': {'blend_inputs': ['Football_MarketConsensus_v1', 'Football_SpreadValue_v1', 'Football_TotalValue_v1', 'Football_LineMovement_v1', 'Football_KeyNumberGuard_v1'], 'key_number_risk': True, 'spread_veto': 'key_number_guard'}, 'home_line_proj': -2.75, 'model_name': 'Football_MarketBlend_v1', 'parlay_edge_score': 0.75, 'spread_distance': 0.25, 'spread_edge': -0.25, 'spread_pick': '', 'total_distance': 0.5, 'total_edge': 0.5, 'total_pick': 'OVER', 'total_projection': 44.0}, 'Football_MarketConsensus_v1': {'context_flags': {'book_count': 11, 'source': 'market_consensus'}, 'home_line_proj': -3.0, 'model_name': 'Football_MarketConsensus_v1', 'parlay_edge_score': 0, 'spread_distance': 0.0, 'spread_edge': 0.0, 'spread_pick': '', 'total_distance': 0.0, 'total_edge': 0.0, 'total_pick': '', 'total_projection': 43.5}, 'Football_SpreadValue_v1': {'context_flags': {'book_count': 11.0, 'value_shift': 0.75}, 'home_line_proj': -2.25, 'model_name': 'Football_SpreadValue_v1', 'parlay_edge_score': 0.75, 'spread_distance': 0.75, 'spread_edge': -0.75, 'spread_pick': 'AWAY', 'total_distance': 0.0, 'total_edge': 0.0, 'total_pick': '', 'total_projection': 43.5}, 'Football_TotalValue_v1': {'context_flags': {'book_count': 11.0, 'total_value_rule': 'low_total_over_high_total_under'}, 'home_line_proj': -3.0, 'model_name': 'Football_TotalValue_v1', 'parlay_edge_score': 1.0, 'spread_distance': 0.0, 'spread_edge': 0.0, 'spread_pick': '', 'total_distance': 1.0, 'total_edge': 1.0, 'total_pick': 'OVER', 'total_projection': 44.5}}",128.0,128.0,-154.0,-154.0,64,4fd1173e2f647cbbebf6713d39693089,2026-01-03T15:55:37Z,odds_api_flattened,3.0,-3.0,STATUS_FINAL,post,43.5,Raymond James Stadium
nfl_401772955,2026-01-04,Los Angeles Rams,Arizona Cardinals,-14.0,14.0,47.5,47.0,AWAY,-0.25,-0.5,0.75,LOW,Football_MarketBlend_v1,Football_MarketBlend_v1,"{'blend_inputs': ['Football_MarketConsensus_v1', 'Football_SpreadValue_v1', 'Football_TotalValue_v1', 'Football_LineMovement_v1', 'Football_KeyNumberGuard_v1'], 'key_number_risk': False}","Game: Arizona Cardinals @ Los Angeles Rams
Authority: Football_MarketBlend_v1
Market: Spread -14.0, Total 47.5
Projection: Margin -13.75, Total 47.0
Spread Pick: AWAY (edge -0.25)
Total Pick: UNDER (edge -0.5)",-13.75,,,,UNDER,ACTIVE,,"{'spread': None, 'total': None}",FOOTBALL_MARKET_BLEND,20,20,ARI,11,FOOTBALL_MARKET_BLEND,2026-01-04T21:25:00Z,1,Football market blend edge clears threshold,11,False,,true,true,true,true,37,37,LAR,nfl,odds_api_flattened_consensus,3,"{'Football_KeyNumberGuard_v1': {'context_flags': {'key_number_risk': False, 'key_numbers': [3, 7, 10]}, 'home_line_proj': -14.0, 'model_name': 'Football_KeyNumberGuard_v1', 'parlay_edge_score': 0, 'spread_distance': 0.0, 'spread_edge': 0.0, 'spread_pick': '', 'total_distance': 0.0, 'total_edge': 0.0, 'total_pick': '', 'total_projection': 47.5}, 'Football_LineMovement_v1': {'context_flags': {'movement_available': False}, 'home_line_proj': -14.0, 'model_name': 'Football_LineMovement_v1', 'parlay_edge_score': 0, 'spread_distance': 0.0, 'spread_edge': 0.0, 'spread_pick': '', 'total_distance': 0.0, 'total_edge': 0.0, 'total_pick': '', 'total_projection': 47.5}, 'Football_MarketBlend_v1': {'context_flags': {'blend_inputs': ['Football_MarketConsensus_v1', 'Football_SpreadValue_v1', 'Football_TotalValue_v1', 'Football_LineMovement_v1', 'Football_KeyNumberGuard_v1'], 'key_number_risk': False}, 'home_line_proj': -13.75, 'model_name': 'Football_MarketBlend_v1', 'parlay_edge_score': 0.75, 'spread_distance': 0.25, 'spread_edge': -0.25, 'spread_pick': 'AWAY', 'total_distance': 0.5, 'total_edge': -0.5, 'total_pick': 'UNDER', 'total_projection': 47.0}, 'Football_MarketConsensus_v1': {'context_flags': {'book_count': 11, 'source': 'market_consensus'}, 'home_line_proj': -14.0, 'model_name': 'Football_MarketConsensus_v1', 'parlay_edge_score': 0, 'spread_distance': 0.0, 'spread_edge': 0.0, 'spread_pick': '', 'total_distance': 0.0, 'total_edge': 0.0, 'total_pick': '', 'total_projection': 47.5}, 'Football_SpreadValue_v1': {'context_flags': {'book_count': 11.0, 'value_shift': 0.75}, 'home_line_proj': -13.25, 'model_name': 'Football_SpreadValue_v1', 'parlay_edge_score': 0.75, 'spread_distance': 0.75, 'spread_edge': -0.75, 'spread_pick': 'AWAY', 'total_distance': 0.0, 'total_edge': 0.0, 'total_pick': '', 'total_projection': 47.5}, 'Football_TotalValue_v1': {'context_flags': {'book_count': 11.0, 'total_value_rule': 'low_total_over_high_total_under'}, 'home_line_proj': -14.0, 'model_name': 'Football_TotalValue_v1', 'parlay_edge_score': 1.0, 'spread_distance': 0.0, 'spread_edge': 0.0, 'spread_pick': '', 'total_distance': 1.0, 'total_edge': -1.0, 'total_pick': 'UNDER', 'total_projection': 46.5}}",750.0,750.0,-1250.0,-1250.0,64,2f4cf01e2db22ed928eb8f0357a74007,2026-01-04T15:55:37Z,odds_api_flattened,14.0,-14.0,STATUS_FINAL,post,47.5,SoFi Stadium
nfl_401772956,2026-01-04,Denver Broncos,Los Angeles Chargers,-14.0,14.0,37.5,38.0,AWAY,-0.25,0.5,0.75,LOW,Football_MarketBlend_v1,Football_MarketBlend_v1,"{'blend_inputs': ['Football_MarketConsensus_v1', 'Football_SpreadValue_v1', 'Football_TotalValue_v1', 'Football_LineMovement_v1', 'Football_KeyNumberGuard_v1'], 'key_number_risk': False}","Game: Los Angeles Chargers @ Denver Broncos
Authority: Football_MarketBlend_v1
Market: Spread -14.0, Total 37.5
Projection: Margin -13.75, Total 38.0
Spread Pick: AWAY (edge -0.25)
Total Pick: OVER (edge 0.5)",-13.75,,,,OVER,ACTIVE,,"{'spread': None, 'total': None}",FOOTBALL_MARKET_BLEND,3,3,LAC,11,FOOTBALL_MARKET_BLEND,2026-01-04T21:25:00Z,1,Football market blend edge clears threshold,11,False,,true,true,true,true,19,19,DEN,nfl,odds_api_flattened_consensus,3,"{'Football_KeyNumberGuard_v1': {'context_flags': {'key_number_risk': False, 'key_numbers': [3, 7, 10]}, 'home_line_proj': -14.0, 'model_name': 'Football_KeyNumberGuard_v1', 'parlay_edge_score': 0, 'spread_distance': 0.0, 'spread_edge': 0.0, 'spread_pick': '', 'total_distance': 0.0, 'total_edge': 0.0, 'total_pick': '', 'total_projection': 37.5}, 'Football_LineMovement_v1': {'context_flags': {'movement_available': False}, 'home_line_proj': -14.0, 'model_name': 'Football_LineMovement_v1', 'parlay_edge_score': 0, 'spread_distance': 0.0, 'spread_edge': 0.0, 'spread_pick': '', 'total_distance': 0.0, 'total_edge': 0.0, 'total_pick': '', 'total_projection': 37.5}, 'Football_MarketBlend_v1': {'context_flags': {'blend_inputs': ['Football_MarketConsensus_v1', 'Football_SpreadValue_v1', 'Football_TotalValue_v1', 'Football_LineMovement_v1', 'Football_KeyNumberGuard_v1'], 'key_number_risk': False}, 'home_line_proj': -13.75, 'model_name': 'Football_MarketBlend_v1', 'parlay_edge_score': 0.75, 'spread_distance': 0.25, 'spread_edge': -0.25, 'spread_pick': 'AWAY', 'total_distance': 0.5, 'total_edge': 0.5, 'total_pick': 'OVER', 'total_projection': 38.0}, 'Football_MarketConsensus_v1': {'context_flags': {'book_count': 11, 'source': 'market_consensus'}, 'home_line_proj': -14.0, 'model_name': 'Football_MarketConsensus_v1', 'parlay_edge_score': 0, 'spread_distance': 0.0, 'spread_edge': 0.0, 'spread_pick': '', 'total_distance': 0.0, 'total_edge': 0.0, 'total_pick': '', 'total_projection': 37.5}, 'Football_SpreadValue_v1': {'context_flags': {'book_count': 11.0, 'value_shift': 0.75}, 'home_line_proj': -13.25, 'model_name': 'Football_SpreadValue_v1', 'parlay_edge_score': 0.75, 'spread_distance': 0.75, 'spread_edge': -0.75, 'spread_pick': 'AWAY', 'total_distance': 0.0, 'total_edge': 0.0, 'total_pick': '', 'total_projection': 37.5}, 'Football_TotalValue_v1': {'context_flags': {'book_count': 11.0, 'total_value_rule': 'low_total_over_high_total_under'}, 'home_line_proj': -14.0, 'model_name': 'Football_TotalValue_v1', 'parlay_edge_score': 1.0, 'spread_distance': 0.0, 'spread_edge': 0.0, 'spread_pick': '', 'total_distance': 1.0, 'total_edge': 1.0, 'total_pick': 'OVER', 'total_projection': 38.5}}",750.0,750.0,-1250.0,-1250.0,64,30621f6a1072712bee795c15eafe9768,2026-01-04T15:55:37Z,odds_api_flattened,14.0,-14.0,STATUS_FINAL,post,37.5,Empower Field at Mile High
nfl_401772957,2026-01-04,Las Vegas Raiders,Kansas City Chiefs,4.5,-4.5,36.5,37.0,HOME,0.25,0.5,0.75,LOW,Football_MarketBlend_v1,Football_MarketBlend_v1,"{'blend_inputs': ['Football_MarketConsensus_v1', 'Football_SpreadValue_v1', 'Football_TotalValue_v1', 'Football_LineMovement_v1', 'Football_KeyNumberGuard_v1'], 'key_number_risk': False}","Game: Kansas City Chiefs @ Las Vegas Raiders
Authority: Football_MarketBlend_v1
Market: Spread 4.5, Total 36.5
Projection: Margin 4.25, Total 37.0
Spread Pick: HOME (edge 0.25)
Total Pick: OVER (edge 0.5)",4.25,,,,OVER,ACTIVE,,"{'spread': None, 'total': None}",FOOTBALL_MARKET_BLEND,12,12,KC,11,FOOTBALL_MARKET_BLEND,2026-01-04T21:25:00Z,1,Football market blend edge clears threshold,11,False,,true,true,true,true,14,14,LV,nfl,odds_api_flattened_consensus,3,"{'Football_KeyNumberGuard_v1': {'context_flags': {'key_number_risk': False, 'key_numbers': [3, 7, 10]}, 'home_line_proj': 4.5, 'model_name': 'Football_KeyNumberGuard_v1', 'parlay_edge_score': 0, 'spread_distance': 0.0, 'spread_edge': 0.0, 'spread_pick': '', 'total_distance': 0.0, 'total_edge': 0.0, 'total_pick': '', 'total_projection': 36.5}, 'Football_LineMovement_v1': {'context_flags': {'movement_available': False}, 'home_line_proj': 4.5, 'model_name': 'Football_LineMovement_v1', 'parlay_edge_score': 0, 'spread_distance': 0.0, 'spread_edge': 0.0, 'spread_pick': '', 'total_distance': 0.0, 'total_edge': 0.0, 'total_pick': '', 'total_projection': 36.5}, 'Football_MarketBlend_v1': {'context_flags': {'blend_inputs': ['Football_MarketConsensus_v1', 'Football_SpreadValue_v1', 'Football_TotalValue_v1', 'Football_LineMovement_v1', 'Football_KeyNumberGuard_v1'], 'key_number_risk': False}, 'home_line_proj': 4.25, 'model_name': 'Football_MarketBlend_v1', 'parlay_edge_score': 0.75, 'spread_distance': 0.25, 'spread_edge': 0.25, 'spread_pick': 'HOME', 'total_distance': 0.5, 'total_edge': 0.5, 'total_pick': 'OVER', 'total_projection': 37.0}, 'Football_MarketConsensus_v1': {'context_flags': {'book_count': 11, 'source': 'market_consensus'}, 'home_line_proj': 4.5, 'model_name': 'Football_MarketConsensus_v1', 'parlay_edge_score': 0, 'spread_distance': 0.0, 'spread_edge': 0.0, 'spread_pick': '', 'total_distance': 0.0, 'total_edge': 0.0, 'total_pick': '', 'total_projection': 36.5}, 'Football_SpreadValue_v1': {'context_flags': {'book_count': 11.0, 'value_shift': -0.75}, 'home_line_proj': 3.75, 'model_name': 'Football_SpreadValue_v1', 'parlay_edge_score': 0.75, 'spread_distance': 0.75, 'spread_edge': 0.75, 'spread_pick': 'HOME', 'total_distance': 0.0, 'total_edge': 0.0, 'total_pick': '', 'total_projection': 36.5}, 'Football_TotalValue_v1': {'context_flags': {'book_count': 11.0, 'total_value_rule': 'low_total_over_high_total_under'}, 'home_line_proj': 4.5, 'model_name': 'Football_TotalValue_v1', 'parlay_edge_score': 1.0, 'spread_distance': 0.0, 'spread_edge': 0.0, 'spread_pick': '', 'total_distance': 1.0, 'total_edge': 1.0, 'total_pick': 'OVER', 'total_projection': 37.5}}",-235.0,-235.0,195.0,195.0,64,de4ae000f7f94eecf9d827eabff2991b,2026-01-04T15:55:37Z,odds_api_flattened,-4.5,4.5,STATUS_FINAL,post,36.5,Allegiant Stadium
nfl_401772958,2026-01-04,New England Patriots,Miami Dolphins,-13.5,13.5,45.5,45.0,AWAY,-0.25,-0.5,0.75,LOW,Football_MarketBlend_v1,Football_MarketBlend_v1,"{'blend_inputs': ['Football_MarketConsensus_v1', 'Football_SpreadValue_v1', 'Football_TotalValue_v1', 'Football_LineMovement_v1', 'Football_KeyNumberGuard_v1'], 'key_number_risk': False}","Game: Miami Dolphins @ New England Patriots
Authority: Football_MarketBlend_v1
Market: Spread -13.5, Total 45.5
Projection: Margin -13.25, Total 45.0
Spread Pick: AWAY (edge -0.25)
Total Pick: UNDER (edge -0.5)",-13.25,,,,UNDER,ACTIVE,,"{'spread': None, 'total': None}",FOOTBALL_MARKET_BLEND,10,10,MIA,11,FOOTBALL_MARKET_BLEND,2026-01-04T21:25:00Z,1,Football market blend edge clears threshold,11,False,,true,true,true,true,38,38,NE,nfl,odds_api_flattened_consensus,3,"{'Football_KeyNumberGuard_v1': {'context_flags': {'key_number_risk': False, 'key_numbers': [3, 7, 10]}, 'home_line_proj': -13.5, 'model_name': 'Football_KeyNumberGuard_v1', 'parlay_edge_score': 0, 'spread_distance': 0.0, 'spread_edge': 0.0, 'spread_pick': '', 'total_distance': 0.0, 'total_edge': 0.0, 'total_pick': '', 'total_projection': 45.5}, 'Football_LineMovement_v1': {'context_flags': {'movement_available': False}, 'home_line_proj': -13.5, 'model_name': 'Football_LineMovement_v1', 'parlay_edge_score': 0, 'spread_distance': 0.0, 'spread_edge': 0.0, 'spread_pick': '', 'total_distance': 0.0, 'total_edge': 0.0, 'total_pick': '', 'total_projection': 45.5}, 'Football_MarketBlend_v1': {'context_flags': {'blend_inputs': ['Football_MarketConsensus_v1', 'Football_SpreadValue_v1', 'Football_TotalValue_v1', 'Football_LineMovement_v1', 'Football_KeyNumberGuard_v1'], 'key_number_risk': False}, 'home_line_proj': -13.25, 'model_name': 'Football_MarketBlend_v1', 'parlay_edge_score': 0.75, 'spread_distance': 0.25, 'spread_edge': -0.25, 'spread_pick': 'AWAY', 'total_distance': 0.5, 'total_edge': -0.5, 'total_pick': 'UNDER', 'total_projection': 45.0}, 'Football_MarketConsensus_v1': {'context_flags': {'book_count': 11, 'source': 'market_consensus'}, 'home_line_proj': -13.5, 'model_name': 'Football_MarketConsensus_v1', 'parlay_edge_score': 0, 'spread_distance': 0.0, 'spread_edge': 0.0, 'spread_pick': '', 'total_distance': 0.0, 'total_edge': 0.0, 'total_pick': '', 'total_projection': 45.5}, 'Football_SpreadValue_v1': {'context_flags': {'book_count': 11.0, 'value_shift': 0.75}, 'home_line_proj': -12.75, 'model_name': 'Football_SpreadValue_v1', 'parlay_edge_score': 0.75, 'spread_distance': 0.75, 'spread_edge': -0.75, 'spread_pick': 'AWAY', 'total_distance': 0.0, 'total_edge': 0.0, 'total_pick': '', 'total_projection': 45.5}, 'Football_TotalValue_v1': {'context_flags': {'book_count': 11.0, 'total_value_rule': 'low_total_over_high_total_under'}, 'home_line_proj': -13.5, 'model_name': 'Football_TotalValue_v1', 'parlay_edge_score': 1.0, 'spread_distance': 0.0, 'spread_edge': 0.0, 'spread_pick': '', 'total_distance': 1.0, 'total_edge': -1.0, 'total_pick': 'UNDER', 'total_projection': 44.5}}",600.0,600.0,-900.0,-900.0,64,d242576b25f56b3f598044c9abfb4df0,2026-01-04T15:55:37Z,odds_api_flattened,13.5,-13.5,STATUS_FINAL,post,45.5,Gillette Stadium
nfl_401772959,2026-01-04,Philadelphia Eagles,Washington Commanders,-3.5,3.5,38.5,39.0,,-0.25,0.5,0.75,LOW,Football_MarketBlend_v1,Football_MarketBlend_v1,"{'blend_inputs': ['Football_MarketConsensus_v1', 'Football_SpreadValue_v1', 'Football_TotalValue_v1', 'Football_LineMovement_v1', 'Football_KeyNumberGuard_v1'], 'key_number_risk': True, 'spread_veto': 'key_number_guard'}","Game: Washington Commanders @ Philadelphia Eagles
Authority: Football_MarketBlend_v1
Market: Spread -3.5, Total 38.5
Projection: Margin -3.25, Total 39.0
Spread Pick:  (edge -0.25)
Total Pick: OVER (edge 0.5)",-3.25,,,,OVER,ACTIVE,,"{'spread': None, 'total': None}",FOOTBALL_MARKET_BLEND,24,24,WAS,11,FOOTBALL_MARKET_BLEND,2026-01-04T21:25:00Z,1,Football market blend edge clears threshold,11,False,,true,true,true,true,17,17,PHI,nfl,odds_api_flattened_consensus,3,"{'Football_KeyNumberGuard_v1': {'context_flags': {'key_number_risk': True, 'key_numbers': [3, 7, 10]}, 'home_line_proj': -3.5, 'model_name': 'Football_KeyNumberGuard_v1', 'parlay_edge_score': 0, 'spread_distance': 0.0, 'spread_edge': 0.0, 'spread_pick': '', 'total_distance': 0.0, 'total_edge': 0.0, 'total_pick': '', 'total_projection': 38.5}, 'Football_LineMovement_v1': {'context_flags': {'movement_available': False}, 'home_line_proj': -3.5, 'model_name': 'Football_LineMovement_v1', 'parlay_edge_score': 0, 'spread_distance': 0.0, 'spread_edge': 0.0, 'spread_pick': '', 'total_distance': 0.0, 'total_edge': 0.0, 'total_pick': '', 'total_projection': 38.5}, 'Football_MarketBlend_v1': {'context_flags': {'blend_inputs': ['Football_MarketConsensus_v1', 'Football_SpreadValue_v1', 'Football_TotalValue_v1', 'Football_LineMovement_v1', 'Football_KeyNumberGuard_v1'], 'key_number_risk': True, 'spread_veto': 'key_number_guard'}, 'home_line_proj': -3.25, 'model_name': 'Football_MarketBlend_v1', 'parlay_edge_score': 0.75, 'spread_distance': 0.25, 'spread_edge': -0.25, 'spread_pick': '', 'total_distance': 0.5, 'total_edge': 0.5, 'total_pick': 'OVER', 'total_projection': 39.0}, 'Football_MarketConsensus_v1': {'context_flags': {'book_count': 11, 'source': 'market_consensus'}, 'home_line_proj': -3.5, 'model_name': 'Football_MarketConsensus_v1', 'parlay_edge_score': 0, 'spread_distance': 0.0, 'spread_edge': 0.0, 'spread_pick': '', 'total_distance': 0.0, 'total_edge': 0.0, 'total_pick': '', 'total_projection': 38.5}, 'Football_SpreadValue_v1': {'context_flags': {'book_count': 11.0, 'value_shift': 0.75}, 'home_line_proj': -2.75, 'model_name': 'Football_SpreadValue_v1', 'parlay_edge_score': 0.75, 'spread_distance': 0.75, 'spread_edge': -0.75, 'spread_pick': 'AWAY', 'total_distance': 0.0, 'total_edge': 0.0, 'total_pick': '', 'total_projection': 38.5}, 'Football_TotalValue_v1': {'context_flags': {'book_count': 11.0, 'total_value_rule': 'low_total_over_high_total_under'}, 'home_line_proj': -3.5, 'model_name': 'Football_TotalValue_v1', 'parlay_edge_score': 1.0, 'spread_distance': 0.0, 'spread_edge': 0.0, 'spread_pick': '', 'total_distance': 1.0, 'total_edge': 1.0, 'total_pick': 'OVER', 'total_projection': 39.5}}",155.0,155.0,-182.0,-182.0,64,b6eb23d78a4e1b3bf9946be7cfac0e6b,2026-01-04T15:55:37Z,odds_api_flattened,3.5,-3.5,STATUS_FINAL,post,38.5,Lincoln Financial Field
nfl_401772961,2026-01-04,San Francisco 49ers,Seattle Seahawks,2.5,-2.5,47.5,47.0,,0.25,-0.5,0.75,LOW,Football_MarketBlend_v1,Football_MarketBlend_v1,"{'blend_inputs': ['Football_MarketConsensus_v1', 'Football_SpreadValue_v1', 'Football_TotalValue_v1', 'Football_LineMovement_v1', 'Football_KeyNumberGuard_v1'], 'key_number_risk': True, 'spread_veto': 'key_number_guard'}","Game: Seattle Seahawks @ San Francisco 49ers
Authority: Football_MarketBlend_v1
Market: Spread 2.5, Total 47.5
Projection: Margin 2.25, Total 47.0
Spread Pick:  (edge 0.25)
Total Pick: UNDER (edge -0.5)",2.25,,,,UNDER,ACTIVE,,"{'spread': None, 'total': None}",FOOTBALL_MARKET_BLEND,13,13,SEA,11,FOOTBALL_MARKET_BLEND,2026-01-04T01:00:00Z,1,Football market blend edge clears threshold,11,False,,true,true,true,true,3,3,SF,nfl,odds_api_flattened_consensus,3,"{'Football_KeyNumberGuard_v1': {'context_flags': {'key_number_risk': True, 'key_numbers': [3, 7, 10]}, 'home_line_proj': 2.5, 'model_name': 'Football_KeyNumberGuard_v1', 'parlay_edge_score': 0, 'spread_distance': 0.0, 'spread_edge': 0.0, 'spread_pick': '', 'total_distance': 0.0, 'total_edge': 0.0, 'total_pick': '', 'total_projection': 47.5}, 'Football_LineMovement_v1': {'context_flags': {'movement_available': False}, 'home_line_proj': 2.5, 'model_name': 'Football_LineMovement_v1', 'parlay_edge_score': 0, 'spread_distance': 0.0, 'spread_edge': 0.0, 'spread_pick': '', 'total_distance': 0.0, 'total_edge': 0.0, 'total_pick': '', 'total_projection': 47.5}, 'Football_MarketBlend_v1': {'context_flags': {'blend_inputs': ['Football_MarketConsensus_v1', 'Football_SpreadValue_v1', 'Football_TotalValue_v1', 'Football_LineMovement_v1', 'Football_KeyNumberGuard_v1'], 'key_number_risk': True, 'spread_veto': 'key_number_guard'}, 'home_line_proj': 2.25, 'model_name': 'Football_MarketBlend_v1', 'parlay_edge_score': 0.75, 'spread_distance': 0.25, 'spread_edge': 0.25, 'spread_pick': '', 'total_distance': 0.5, 'total_edge': -0.5, 'total_pick': 'UNDER', 'total_projection': 47.0}, 'Football_MarketConsensus_v1': {'context_flags': {'book_count': 11, 'source': 'market_consensus'}, 'home_line_proj': 2.5, 'model_name': 'Football_MarketConsensus_v1', 'parlay_edge_score': 0, 'spread_distance': 0.0, 'spread_edge': 0.0, 'spread_pick': '', 'total_distance': 0.0, 'total_edge': 0.0, 'total_pick': '', 'total_projection': 47.5}, 'Football_SpreadValue_v1': {'context_flags': {'book_count': 11.0, 'value_shift': -0.75}, 'home_line_proj': 1.75, 'model_name': 'Football_SpreadValue_v1', 'parlay_edge_score': 0.75, 'spread_distance': 0.75, 'spread_edge': 0.75, 'spread_pick': 'HOME', 'total_distance': 0.0, 'total_edge': 0.0, 'total_pick': '', 'total_projection': 47.5}, 'Football_TotalValue_v1': {'context_flags': {'book_count': 11.0, 'total_value_rule': 'low_total_over_high_total_under'}, 'home_line_proj': 2.5, 'model_name': 'Football_TotalValue_v1', 'parlay_edge_score': 1.0, 'spread_distance': 0.0, 'spread_edge': 0.0, 'spread_pick': '', 'total_distance': 1.0, 'total_edge': -1.0, 'total_pick': 'UNDER', 'total_projection': 46.5}}",-145.0,-145.0,121.0,121.0,64,c624c615075899bb7be6a39e5eea3b2b,2026-01-03T15:55:37Z,odds_api_flattened,-2.5,2.5,STATUS_FINAL,post,47.5,Levi's Stadium
nfl_401772962,2026-01-04,Houston Texans,Indianapolis Colts,-10.0,10.0,37.5,38.0,,-0.25,0.5,0.75,LOW,Football_MarketBlend_v1,Football_MarketBlend_v1,"{'blend_inputs': ['Football_MarketConsensus_v1', 'Football_SpreadValue_v1', 'Football_TotalValue_v1', 'Football_LineMovement_v1', 'Football_KeyNumberGuard_v1'], 'key_number_risk': True, 'spread_veto': 'key_number_guard'}","Game: Indianapolis Colts @ Houston Texans
Authority: Football_MarketBlend_v1
Market: Spread -10.0, Total 37.5
Projection: Margin -9.75, Total 38.0
Spread Pick:  (edge -0.25)
Total Pick: OVER (edge 0.5)",-9.75,,,,OVER,ACTIVE,,"{'spread': None, 'total': None}",FOOTBALL_MARKET_BLEND,30,30,IND,11,FOOTBALL_MARKET_BLEND,2026-01-04T18:00:00Z,1,Football market blend edge clears threshold,11,False,,true,true,true,true,38,38,HOU,nfl,odds_api_flattened_consensus,3,"{'Football_KeyNumberGuard_v1': {'context_flags': {'key_number_risk': True, 'key_numbers': [3, 7, 10]}, 'home_line_proj': -10.0, 'model_name': 'Football_KeyNumberGuard_v1', 'parlay_edge_score': 0, 'spread_distance': 0.0, 'spread_edge': 0.0, 'spread_pick': '', 'total_distance': 0.0, 'total_edge': 0.0, 'total_pick': '', 'total_projection': 37.5}, 'Football_LineMovement_v1': {'context_flags': {'movement_available': False}, 'home_line_proj': -10.0, 'model_name': 'Football_LineMovement_v1', 'parlay_edge_score': 0, 'spread_distance': 0.0, 'spread_edge': 0.0, 'spread_pick': '', 'total_distance': 0.0, 'total_edge': 0.0, 'total_pick': '', 'total_projection': 37.5}, 'Football_MarketBlend_v1': {'context_flags': {'blend_inputs': ['Football_MarketConsensus_v1', 'Football_SpreadValue_v1', 'Football_TotalValue_v1', 'Football_LineMovement_v1', 'Football_KeyNumberGuard_v1'], 'key_number_risk': True, 'spread_veto': 'key_number_guard'}, 'home_line_proj': -9.75, 'model_name': 'Football_MarketBlend_v1', 'parlay_edge_score': 0.75, 'spread_distance': 0.25, 'spread_edge': -0.25, 'spread_pick': '', 'total_distance': 0.5, 'total_edge': 0.5, 'total_pick': 'OVER', 'total_projection': 38.0}, 'Football_MarketConsensus_v1': {'context_flags': {'book_count': 11, 'source': 'market_consensus'}, 'home_line_proj': -10.0, 'model_name': 'Football_MarketConsensus_v1', 'parlay_edge_score': 0, 'spread_distance': 0.0, 'spread_edge': 0.0, 'spread_pick': '', 'total_distance': 0.0, 'total_edge': 0.0, 'total_pick': '', 'total_projection': 37.5}, 'Football_SpreadValue_v1': {'context_flags': {'book_count': 11.0, 'value_shift': 0.75}, 'home_line_proj': -9.25, 'model_name': 'Football_SpreadValue_v1', 'parlay_edge_score': 0.75, 'spread_distance': 0.75, 'spread_edge': -0.75, 'spread_pick': 'AWAY', 'total_distance': 0.0, 'total_edge': 0.0, 'total_pick': '', 'total_projection': 37.5}, 'Football_TotalValue_v1': {'context_flags': {'book_count': 11.0, 'total_value_rule': 'low_total_over_high_total_under'}, 'home_line_proj': -10.0, 'model_name': 'Football_TotalValue_v1', 'parlay_edge_score': 1.0, 'spread_distance': 0.0, 'spread_edge': 0.0, 'spread_pick': '', 'total_distance': 1.0, 'total_edge': 1.0, 'total_pick': 'OVER', 'total_projection': 38.5}}",421.0,421.0,-575.0,-575.0,64,26b8cf55eeac1bb05b585132f7dcc0e3,2026-01-04T15:55:37Z,odds_api_flattened,10.0,-10.0,STATUS_FINAL,post,37.5,NRG Stadium
nfl_401772963,2026-01-04,New York Giants,Dallas Cowboys,3.0,-3.0,49.5,49.0,,0.25,-0.5,0.75,LOW,Football_MarketBlend_v1,Football_MarketBlend_v1,"{'blend_inputs': ['Football_MarketConsensus_v1', 'Football_SpreadValue_v1', 'Football_TotalValue_v1', 'Football_LineMovement_v1', 'Football_KeyNumberGuard_v1'], 'key_number_risk': True, 'spread_veto': 'key_number_guard'}","Game: Dallas Cowboys @ New York Giants
Authority: Football_MarketBlend_v1
Market: Spread 3.0, Total 49.5
Projection: Margin 2.75, Total 49.0
Spread Pick:  (edge 0.25)
Total Pick: UNDER (edge -0.5)",2.75,,,,UNDER,ACTIVE,,"{'spread': None, 'total': None}",FOOTBALL_MARKET_BLEND,17,17,DAL,11,FOOTBALL_MARKET_BLEND,2026-01-04T18:00:00Z,1,Football market blend edge clears threshold,11,False,,true,true,true,true,34,34,NYG,nfl,odds_api_flattened_consensus,3,"{'Football_KeyNumberGuard_v1': {'context_flags': {'key_number_risk': True, 'key_numbers': [3, 7, 10]}, 'home_line_proj': 3.0, 'model_name': 'Football_KeyNumberGuard_v1', 'parlay_edge_score': 0, 'spread_distance': 0.0, 'spread_edge': 0.0, 'spread_pick': '', 'total_distance': 0.0, 'total_edge': 0.0, 'total_pick': '', 'total_projection': 49.5}, 'Football_LineMovement_v1': {'context_flags': {'movement_available': False}, 'home_line_proj': 3.0, 'model_name': 'Football_LineMovement_v1', 'parlay_edge_score': 0, 'spread_distance': 0.0, 'spread_edge': 0.0, 'spread_pick': '', 'total_distance': 0.0, 'total_edge': 0.0, 'total_pick': '', 'total_projection': 49.5}, 'Football_MarketBlend_v1': {'context_flags': {'blend_inputs': ['Football_MarketConsensus_v1', 'Football_SpreadValue_v1', 'Football_TotalValue_v1', 'Football_LineMovement_v1', 'Football_KeyNumberGuard_v1'], 'key_number_risk': True, 'spread_veto': 'key_number_guard'}, 'home_line_proj': 2.75, 'model_name': 'Football_MarketBlend_v1', 'parlay_edge_score': 0.75, 'spread_distance': 0.25, 'spread_edge': 0.25, 'spread_pick': '', 'total_distance': 0.5, 'total_edge': -0.5, 'total_pick': 'UNDER', 'total_projection': 49.0}, 'Football_MarketConsensus_v1': {'context_flags': {'book_count': 11, 'source': 'market_consensus'}, 'home_line_proj': 3.0, 'model_name': 'Football_MarketConsensus_v1', 'parlay_edge_score': 0, 'spread_distance': 0.0, 'spread_edge': 0.0, 'spread_pick': '', 'total_distance': 0.0, 'total_edge': 0.0, 'total_pick': '', 'total_projection': 49.5}, 'Football_SpreadValue_v1': {'context_flags': {'book_count': 11.0, 'value_shift': -0.75}, 'home_line_proj': 2.25, 'model_name': 'Football_SpreadValue_v1', 'parlay_edge_score': 0.75, 'spread_distance': 0.75, 'spread_edge': 0.75, 'spread_pick': 'HOME', 'total_distance': 0.0, 'total_edge': 0.0, 'total_pick': '', 'total_projection': 49.5}, 'Football_TotalValue_v1': {'context_flags': {'book_count': 11.0, 'total_value_rule': 'low_total_over_high_total_under'}, 'home_line_proj': 3.0, 'model_name': 'Football_TotalValue_v1', 'parlay_edge_score': 1.0, 'spread_distance': 0.0, 'spread_edge': 0.0, 'spread_pick': '', 'total_distance': 1.0, 'total_edge': -1.0, 'total_pick': 'UNDER', 'total_projection': 48.5}}",-162.0,-162.0,135.0,135.0,64,d48a44e7b45f563282fd042c2104da9b,2026-01-04T15:55:37Z,odds_api_flattened,-3.0,3.0,STATUS_FINAL,post,49.5,MetLife Stadium
nfl_401772964,2026-01-04,Cincinnati Bengals,Cleveland Browns,-8.5,8.5,45.5,45.0,AWAY,-0.25,-0.5,0.75,LOW,Football_MarketBlend_v1,Football_MarketBlend_v1,"{'blend_inputs': ['Football_MarketConsensus_v1', 'Football_SpreadValue_v1', 'Football_TotalValue_v1', 'Football_LineMovement_v1', 'Football_KeyNumberGuard_v1'], 'key_number_risk': False}","Game: Cleveland Browns @ Cincinnati Bengals
Authority: Football_MarketBlend_v1
Market: Spread -8.5, Total 45.5
Projection: Margin -8.25, Total 45.0
Spread Pick: AWAY (edge -0.25)
Total Pick: UNDER (edge -0.5)",-8.25,,,,UNDER,ACTIVE,,"{'spread': None, 'total': None}",FOOTBALL_MARKET_BLEND,20,20,CLE,11,FOOTBALL_MARKET_BLEND,2026-01-04T18:00:00Z,1,Football market blend edge clears threshold,11,False,,true,true,true,true,18,18,CIN,nfl,odds_api_flattened_consensus,3,"{'Football_KeyNumberGuard_v1': {'context_flags': {'key_number_risk': False, 'key_numbers': [3, 7, 10]}, 'home_line_proj': -8.5, 'model_name': 'Football_KeyNumberGuard_v1', 'parlay_edge_score': 0, 'spread_distance': 0.0, 'spread_edge': 0.0, 'spread_pick': '', 'total_distance': 0.0, 'total_edge': 0.0, 'total_pick': '', 'total_projection': 45.5}, 'Football_LineMovement_v1': {'context_flags': {'movement_available': False}, 'home_line_proj': -8.5, 'model_name': 'Football_LineMovement_v1', 'parlay_edge_score': 0, 'spread_distance': 0.0, 'spread_edge': 0.0, 'spread_pick': '', 'total_distance': 0.0, 'total_edge': 0.0, 'total_pick': '', 'total_projection': 45.5}, 'Football_MarketBlend_v1': {'context_flags': {'blend_inputs': ['Football_MarketConsensus_v1', 'Football_SpreadValue_v1', 'Football_TotalValue_v1', 'Football_LineMovement_v1', 'Football_KeyNumberGuard_v1'], 'key_number_risk': False}, 'home_line_proj': -8.25, 'model_name': 'Football_MarketBlend_v1', 'parlay_edge_score': 0.75, 'spread_distance': 0.25, 'spread_edge': -0.25, 'spread_pick': 'AWAY', 'total_distance': 0.5, 'total_edge': -0.5, 'total_pick': 'UNDER', 'total_projection': 45.0}, 'Football_MarketConsensus_v1': {'context_flags': {'book_count': 11, 'source': 'market_consensus'}, 'home_line_proj': -8.5, 'model_name': 'Football_MarketConsensus_v1', 'parlay_edge_score': 0, 'spread_distance': 0.0, 'spread_edge': 0.0, 'spread_pick': '', 'total_distance': 0.0, 'total_edge': 0.0, 'total_pick': '', 'total_projection': 45.5}, 'Football_SpreadValue_v1': {'context_flags': {'book_count': 11.0, 'value_shift': 0.75}, 'home_line_proj': -7.75, 'model_name': 'Football_SpreadValue_v1', 'parlay_edge_score': 0.75, 'spread_distance': 0.75, 'spread_edge': -0.75, 'spread_pick': 'AWAY', 'total_distance': 0.0, 'total_edge': 0.0, 'total_pick': '', 'total_projection': 45.5}, 'Football_TotalValue_v1': {'context_flags': {'book_count': 11.0, 'total_value_rule': 'low_total_over_high_total_under'}, 'home_line_proj': -8.5, 'model_name': 'Football_TotalValue_v1', 'parlay_edge_score': 1.0, 'spread_distance': 0.0, 'spread_edge': 0.0, 'spread_pick': '', 'total_distance': 1.0, 'total_edge': -1.0, 'total_pick': 'UNDER', 'total_projection': 44.5}}",333.0,333.0,-430.0,-430.0,64,dad5ec44b4df2b91138872aeb4454e1e,2026-01-04T15:55:37Z,odds_api_flattened,8.5,-8.5,STATUS_FINAL,post,45.5,Paycor Stadium
nfl_401772965,2026-01-04,Chicago Bears,Detroit Lions,-4.0,4.0,50.5,50.0,AWAY,-0.25,-0.5,0.75,LOW,Football_MarketBlend_v1,Football_MarketBlend_v1,"{'blend_inputs': ['Football_MarketConsensus_v1', 'Football_SpreadValue_v1', 'Football_TotalValue_v1', 'Football_LineMovement_v1', 'Football_KeyNumberGuard_v1'], 'key_number_risk': False}","Game: Detroit Lions @ Chicago Bears
Authority: Football_MarketBlend_v1
Market: Spread -4.0, Total 50.5
Projection: Margin -3.75, Total 50.0
Spread Pick: AWAY (edge -0.25)
Total Pick: UNDER (edge -0.5)",-3.75,,,,UNDER,ACTIVE,,"{'spread': None, 'total': None}",FOOTBALL_MARKET_BLEND,19,19,DET,11,FOOTBALL_MARKET_BLEND,2026-01-04T21:25:00Z,1,Football market blend edge clears threshold,11,False,,true,true,true,true,16,16,CHI,nfl,odds_api_flattened_consensus,3,"{'Football_KeyNumberGuard_v1': {'context_flags': {'key_number_risk': False, 'key_numbers': [3, 7, 10]}, 'home_line_proj': -4.0, 'model_name': 'Football_KeyNumberGuard_v1', 'parlay_edge_score': 0, 'spread_distance': 0.0, 'spread_edge': 0.0, 'spread_pick': '', 'total_distance': 0.0, 'total_edge': 0.0, 'total_pick': '', 'total_projection': 50.5}, 'Football_LineMovement_v1': {'context_flags': {'movement_available': False}, 'home_line_proj': -4.0, 'model_name': 'Football_LineMovement_v1', 'parlay_edge_score': 0, 'spread_distance': 0.0, 'spread_edge': 0.0, 'spread_pick': '', 'total_distance': 0.0, 'total_edge': 0.0, 'total_pick': '', 'total_projection': 50.5}, 'Football_MarketBlend_v1': {'context_flags': {'blend_inputs': ['Football_MarketConsensus_v1', 'Football_SpreadValue_v1', 'Football_TotalValue_v1', 'Football_LineMovement_v1', 'Football_KeyNumberGuard_v1'], 'key_number_risk': False}, 'home_line_proj': -3.75, 'model_name': 'Football_MarketBlend_v1', 'parlay_edge_score': 0.75, 'spread_distance': 0.25, 'spread_edge': -0.25, 'spread_pick': 'AWAY', 'total_distance': 0.5, 'total_edge': -0.5, 'total_pick': 'UNDER', 'total_projection': 50.0}, 'Football_MarketConsensus_v1': {'context_flags': {'book_count': 11, 'source': 'market_consensus'}, 'home_line_proj': -4.0, 'model_name': 'Football_MarketConsensus_v1', 'parlay_edge_score': 0, 'spread_distance': 0.0, 'spread_edge': 0.0, 'spread_pick': '', 'total_distance': 0.0, 'total_edge': 0.0, 'total_pick': '', 'total_projection': 50.5}, 'Football_SpreadValue_v1': {'context_flags': {'book_count': 11.0, 'value_shift': 0.75}, 'home_line_proj': -3.25, 'model_name': 'Football_SpreadValue_v1', 'parlay_edge_score': 0.75, 'spread_distance': 0.75, 'spread_edge': -0.75, 'spread_pick': 'AWAY', 'total_distance': 0.0, 'total_edge': 0.0, 'total_pick': '', 'total_projection': 50.5}, 'Football_TotalValue_v1': {'context_flags': {'book_count': 11.0, 'total_value_rule': 'low_total_over_high_total_under'}, 'home_line_proj': -4.0, 'model_name': 'Football_TotalValue_v1', 'parlay_edge_score': 1.0, 'spread_distance': 0.0, 'spread_edge': 0.0, 'spread_pick': '', 'total_distance': 1.0, 'total_edge': -1.0, 'total_pick': 'UNDER', 'total_projection': 49.5}}",164.0,164.0,-198.0,-198.0,64,1a5451b8f0d74f90937c52bec447dc40,2026-01-04T15:55:37Z,odds_api_flattened,4.0,-4.0,STATUS_FINAL,post,50.5,Soldier Field
nfl_401772966,2026-01-04,Atlanta Falcons,New Orleans Saints,-3.5,3.5,43.5,44.0,,-0.25,0.5,0.75,LOW,Football_MarketBlend_v1,Football_MarketBlend_v1,"{'blend_inputs': ['Football_MarketConsensus_v1', 'Football_SpreadValue_v1', 'Football_TotalValue_v1', 'Football_LineMovement_v1', 'Football_KeyNumberGuard_v1'], 'key_number_risk': True, 'spread_veto': 'key_number_guard'}","Game: New Orleans Saints @ Atlanta Falcons
Authority: Football_MarketBlend_v1
Market: Spread -3.5, Total 43.5
Projection: Margin -3.25, Total 44.0
Spread Pick:  (edge -0.25)
Total Pick: OVER (edge 0.5)",-3.25,,,,OVER,ACTIVE,,"{'spread': None, 'total': None}",FOOTBALL_MARKET_BLEND,17,17,NO,11,FOOTBALL_MARKET_BLEND,2026-01-04T18:00:00Z,1,Football market blend edge clears threshold,11,False,,true,true,true,true,19,19,ATL,nfl,odds_api_flattened_consensus,3,"{'Football_KeyNumberGuard_v1': {'context_flags': {'key_number_risk': True, 'key_numbers': [3, 7, 10]}, 'home_line_proj': -3.5, 'model_name': 'Football_KeyNumberGuard_v1', 'parlay_edge_score': 0, 'spread_distance': 0.0, 'spread_edge': 0.0, 'spread_pick': '', 'total_distance': 0.0, 'total_edge': 0.0, 'total_pick': '', 'total_projection': 43.5}, 'Football_LineMovement_v1': {'context_flags': {'movement_available': False}, 'home_line_proj': -3.5, 'model_name': 'Football_LineMovement_v1', 'parlay_edge_score': 0, 'spread_distance': 0.0, 'spread_edge': 0.0, 'spread_pick': '', 'total_distance': 0.0, 'total_edge': 0.0, 'total_pick': '', 'total_projection': 43.5}, 'Football_MarketBlend_v1': {'context_flags': {'blend_inputs': ['Football_MarketConsensus_v1', 'Football_SpreadValue_v1', 'Football_TotalValue_v1', 'Football_LineMovement_v1', 'Football_KeyNumberGuard_v1'], 'key_number_risk': True, 'spread_veto': 'key_number_guard'}, 'home_line_proj': -3.25, 'model_name': 'Football_MarketBlend_v1', 'parlay_edge_score': 0.75, 'spread_distance': 0.25, 'spread_edge': -0.25, 'spread_pick': '', 'total_distance': 0.5, 'total_edge': 0.5, 'total_pick': 'OVER', 'total_projection': 44.0}, 'Football_MarketConsensus_v1': {'context_flags': {'book_count': 11, 'source': 'market_consensus'}, 'home_line_proj': -3.5, 'model_name': 'Football_MarketConsensus_v1', 'parlay_edge_score': 0, 'spread_distance': 0.0, 'spread_edge': 0.0, 'spread_pick': '', 'total_distance': 0.0, 'total_edge': 0.0, 'total_pick': '', 'total_projection': 43.5}, 'Football_SpreadValue_v1': {'context_flags': {'book_count': 11.0, 'value_shift': 0.75}, 'home_line_proj': -2.75, 'model_name': 'Football_SpreadValue_v1', 'parlay_edge_score': 0.75, 'spread_distance': 0.75, 'spread_edge': -0.75, 'spread_pick': 'AWAY', 'total_distance': 0.0, 'total_edge': 0.0, 'total_pick': '', 'total_projection': 43.5}, 'Football_TotalValue_v1': {'context_flags': {'book_count': 11.0, 'total_value_rule': 'low_total_over_high_total_under'}, 'home_line_proj': -3.5, 'model_name': 'Football_TotalValue_v1', 'parlay_edge_score': 1.0, 'spread_distance': 0.0, 'spread_edge': 0.0, 'spread_pick': '', 'total_distance': 1.0, 'total_edge': 1.0, 'total_pick': 'OVER', 'total_projection': 44.5}}",154.0,154.0,-185.0,-185.0,64,7906052ca20e6daddf755c7fe3932887,2026-01-04T15:55:37Z,odds_api_flattened,3.5,-3.5,STATUS_FINAL,post,43.5,Mercedes-Benz Stadium
nfl_401772967,2026-01-04,Buffalo Bills,New York Jets,-10.0,10.0,37.5,38.0,,-0.25,0.5,0.75,LOW,Football_MarketBlend_v1,Football_MarketBlend_v1,"{'blend_inputs': ['Football_MarketConsensus_v1', 'Football_SpreadValue_v1', 'Football_TotalValue_v1', 'Football_LineMovement_v1', 'Football_KeyNumberGuard_v1'], 'key_number_risk': True, 'spread_veto': 'key_number_guard'}","Game: New York Jets @ Buffalo Bills
Authority: Football_MarketBlend_v1
Market: Spread -10.0, Total 37.5
Projection: Margin -9.75, Total 38.0
Spread Pick:  (edge -0.25)
Total Pick: OVER (edge 0.5)",-9.75,,,,OVER,ACTIVE,,"{'spread': None, 'total': None}",FOOTBALL_MARKET_BLEND,8,8,NYJ,11,FOOTBALL_MARKET_BLEND,2026-01-04T21:25:00Z,1,Football market blend edge clears threshold,11,False,,true,true,true,true,35,35,BUF,nfl,odds_api_flattened_consensus,3,"{'Football_KeyNumberGuard_v1': {'context_flags': {'key_number_risk': True, 'key_numbers': [3, 7, 10]}, 'home_line_proj': -10.0, 'model_name': 'Football_KeyNumberGuard_v1', 'parlay_edge_score': 0, 'spread_distance': 0.0, 'spread_edge': 0.0, 'spread_pick': '', 'total_distance': 0.0, 'total_edge': 0.0, 'total_pick': '', 'total_projection': 37.5}, 'Football_LineMovement_v1': {'context_flags': {'movement_available': False}, 'home_line_proj': -10.0, 'model_name': 'Football_LineMovement_v1', 'parlay_edge_score': 0, 'spread_distance': 0.0, 'spread_edge': 0.0, 'spread_pick': '', 'total_distance': 0.0, 'total_edge': 0.0, 'total_pick': '', 'total_projection': 37.5}, 'Football_MarketBlend_v1': {'context_flags': {'blend_inputs': ['Football_MarketConsensus_v1', 'Football_SpreadValue_v1', 'Football_TotalValue_v1', 'Football_LineMovement_v1', 'Football_KeyNumberGuard_v1'], 'key_number_risk': True, 'spread_veto': 'key_number_guard'}, 'home_line_proj': -9.75, 'model_name': 'Football_MarketBlend_v1', 'parlay_edge_score': 0.75, 'spread_distance': 0.25, 'spread_edge': -0.25, 'spread_pick': '', 'total_distance': 0.5, 'total_edge': 0.5, 'total_pick': 'OVER', 'total_projection': 38.0}, 'Football_MarketConsensus_v1': {'context_flags': {'book_count': 11, 'source': 'market_consensus'}, 'home_line_proj': -10.0, 'model_name': 'Football_MarketConsensus_v1', 'parlay_edge_score': 0, 'spread_distance': 0.0, 'spread_edge': 0.0, 'spread_pick': '', 'total_distance': 0.0, 'total_edge': 0.0, 'total_pick': '', 'total_projection': 37.5}, 'Football_SpreadValue_v1': {'context_flags': {'book_count': 11.0, 'value_shift': 0.75}, 'home_line_proj': -9.25, 'model_name': 'Football_SpreadValue_v1', 'parlay_edge_score': 0.75, 'spread_distance': 0.75, 'spread_edge': -0.75, 'spread_pick': 'AWAY', 'total_distance': 0.0, 'total_edge': 0.0, 'total_pick': '', 'total_projection': 37.5}, 'Football_TotalValue_v1': {'context_flags': {'book_count': 11.0, 'total_value_rule': 'low_total_over_high_total_under'}, 'home_line_proj': -10.0, 'model_name': 'Football_TotalValue_v1', 'parlay_edge_score': 1.0, 'spread_distance': 0.0, 'spread_edge': 0.0, 'spread_pick': '', 'total_distance': 1.0, 'total_edge': 1.0, 'total_pick': 'OVER', 'total_projection': 38.5}}",386.0,386.0,-505.0,-505.0,64,bd5134e8440a2b12cc8ac98ab4f18093,2026-01-04T15:55:37Z,odds_api_flattened,10.0,-10.0,STATUS_FINAL,post,37.5,Highmark Stadium (Old)
nfl_401772968,2026-01-04,Minnesota Vikings,Green Bay Packers,-12.5,12.5,37.0,37.5,AWAY,-0.25,0.5,0.75,LOW,Football_MarketBlend_v1,Football_MarketBlend_v1,"{'blend_inputs': ['Football_MarketConsensus_v1', 'Football_SpreadValue_v1', 'Football_TotalValue_v1', 'Football_LineMovement_v1', 'Football_KeyNumberGuard_v1'], 'key_number_risk': False}","Game: Green Bay Packers @ Minnesota Vikings
Authority: Football_MarketBlend_v1
Market: Spread -12.5, Total 37.0
Projection: Margin -12.25, Total 37.5
Spread Pick: AWAY (edge -0.25)
Total Pick: OVER (edge 0.5)",-12.25,,,,OVER,ACTIVE,,"{'spread': None, 'total': None}",FOOTBALL_MARKET_BLEND,3,3,GB,11,FOOTBALL_MARKET_BLEND,2026-01-04T18:00:00Z,1,Football market blend edge clears threshold,11,False,,true,true,true,true,16,16,MIN,nfl,odds_api_flattened_consensus,3,"{'Football_KeyNumberGuard_v1': {'context_flags': {'key_number_risk': False, 'key_numbers': [3, 7, 10]}, 'home_line_proj': -12.5, 'model_name': 'Football_KeyNumberGuard_v1', 'parlay_edge_score': 0, 'spread_distance': 0.0, 'spread_edge': 0.0, 'spread_pick': '', 'total_distance': 0.0, 'total_edge': 0.0, 'total_pick': '', 'total_projection': 37.0}, 'Football_LineMovement_v1': {'context_flags': {'movement_available': False}, 'home_line_proj': -12.5, 'model_name': 'Football_LineMovement_v1', 'parlay_edge_score': 0, 'spread_distance': 0.0, 'spread_edge': 0.0, 'spread_pick': '', 'total_distance': 0.0, 'total_edge': 0.0, 'total_pick': '', 'total_projection': 37.0}, 'Football_MarketBlend_v1': {'context_flags': {'blend_inputs': ['Football_MarketConsensus_v1', 'Football_SpreadValue_v1', 'Football_TotalValue_v1', 'Football_LineMovement_v1', 'Football_KeyNumberGuard_v1'], 'key_number_risk': False}, 'home_line_proj': -12.25, 'model_name': 'Football_MarketBlend_v1', 'parlay_edge_score': 0.75, 'spread_distance': 0.25, 'spread_edge': -0.25, 'spread_pick': 'AWAY', 'total_distance': 0.5, 'total_edge': 0.5, 'total_pick': 'OVER', 'total_projection': 37.5}, 'Football_MarketConsensus_v1': {'context_flags': {'book_count': 11, 'source': 'market_consensus'}, 'home_line_proj': -12.5, 'model_name': 'Football_MarketConsensus_v1', 'parlay_edge_score': 0, 'spread_distance': 0.0, 'spread_edge': 0.0, 'spread_pick': '', 'total_distance': 0.0, 'total_edge': 0.0, 'total_pick': '', 'total_projection': 37.0}, 'Football_SpreadValue_v1': {'context_flags': {'book_count': 11.0, 'value_shift': 0.75}, 'home_line_proj': -11.75, 'model_name': 'Football_SpreadValue_v1', 'parlay_edge_score': 0.75, 'spread_distance': 0.75, 'spread_edge': -0.75, 'spread_pick': 'AWAY', 'total_distance': 0.0, 'total_edge': 0.0, 'total_pick': '', 'total_projection': 37.0}, 'Football_TotalValue_v1': {'context_flags': {'book_count': 11.0, 'total_value_rule': 'low_total_over_high_total_under'}, 'home_line_proj': -12.5, 'model_name': 'Football_TotalValue_v1', 'parlay_edge_score': 1.0, 'spread_distance': 0.0, 'spread_edge': 0.0, 'spread_pick': '', 'total_distance': 1.0, 'total_edge': 1.0, 'total_pick': 'OVER', 'total_projection': 38.0}}",450.0,450.0,-630.0,-630.0,64,41fc7f3165cc9dfdb47c25a9decd7c9b,2026-01-04T15:55:37Z,odds_api_flattened,12.5,-12.5,STATUS_FINAL,post,37.0,U.S. Bank Stadium
nfl_401772970,2026-01-04,Jacksonville Jaguars,Tennessee Titans,-13.5,13.5,46.5,46.0,AWAY,-0.25,-0.5,0.75,LOW,Football_MarketBlend_v1,Football_MarketBlend_v1,"{'blend_inputs': ['Football_MarketConsensus_v1', 'Football_SpreadValue_v1', 'Football_TotalValue_v1', 'Football_LineMovement_v1', 'Football_KeyNumberGuard_v1'], 'key_number_risk': False}","Game: Tennessee Titans @ Jacksonville Jaguars
Authority: Football_MarketBlend_v1
Market: Spread -13.5, Total 46.5
Projection: Margin -13.25, Total 46.0
Spread Pick: AWAY (edge -0.25)
Total Pick: UNDER (edge -0.5)",-13.25,,,,UNDER,ACTIVE,,"{'spread': None, 'total': None}",FOOTBALL_MARKET_BLEND,7,7,TEN,11,FOOTBALL_MARKET_BLEND,2026-01-04T18:00:00Z,1,Football market blend edge clears threshold,11,False,,true,true,true,true,41,41,JAX,nfl,odds_api_flattened_consensus,3,"{'Football_KeyNumberGuard_v1': {'context_flags': {'key_number_risk': False, 'key_numbers': [3, 7, 10]}, 'home_line_proj': -13.5, 'model_name': 'Football_KeyNumberGuard_v1', 'parlay_edge_score': 0, 'spread_distance': 0.0, 'spread_edge': 0.0, 'spread_pick': '', 'total_distance': 0.0, 'total_edge': 0.0, 'total_pick': '', 'total_projection': 46.5}, 'Football_LineMovement_v1': {'context_flags': {'movement_available': False}, 'home_line_proj': -13.5, 'model_name': 'Football_LineMovement_v1', 'parlay_edge_score': 0, 'spread_distance': 0.0, 'spread_edge': 0.0, 'spread_pick': '', 'total_distance': 0.0, 'total_edge': 0.0, 'total_pick': '', 'total_projection': 46.5}, 'Football_MarketBlend_v1': {'context_flags': {'blend_inputs': ['Football_MarketConsensus_v1', 'Football_SpreadValue_v1', 'Football_TotalValue_v1', 'Football_LineMovement_v1', 'Football_KeyNumberGuard_v1'], 'key_number_risk': False}, 'home_line_proj': -13.25, 'model_name': 'Football_MarketBlend_v1', 'parlay_edge_score': 0.75, 'spread_distance': 0.25, 'spread_edge': -0.25, 'spread_pick': 'AWAY', 'total_distance': 0.5, 'total_edge': -0.5, 'total_pick': 'UNDER', 'total_projection': 46.0}, 'Football_MarketConsensus_v1': {'context_flags': {'book_count': 11, 'source': 'market_consensus'}, 'home_line_proj': -13.5, 'model_name': 'Football_MarketConsensus_v1', 'parlay_edge_score': 0, 'spread_distance': 0.0, 'spread_edge': 0.0, 'spread_pick': '', 'total_distance': 0.0, 'total_edge': 0.0, 'total_pick': '', 'total_projection': 46.5}, 'Football_SpreadValue_v1': {'context_flags': {'book_count': 11.0, 'value_shift': 0.75}, 'home_line_proj': -12.75, 'model_name': 'Football_SpreadValue_v1', 'parlay_edge_score': 0.75, 'spread_distance': 0.75, 'spread_edge': -0.75, 'spread_pick': 'AWAY', 'total_distance': 0.0, 'total_edge': 0.0, 'total_pick': '', 'total_projection': 46.5}, 'Football_TotalValue_v1': {'context_flags': {'book_count': 11.0, 'total_value_rule': 'low_total_over_high_total_under'}, 'home_line_proj': -13.5, 'model_name': 'Football_TotalValue_v1', 'parlay_edge_score': 1.0, 'spread_distance': 0.0, 'spread_edge': 0.0, 'spread_pick': '', 'total_distance': 1.0, 'total_edge': -1.0, 'total_pick': 'UNDER', 'total_projection': 45.5}}",580.0,580.0,-850.0,-850.0,64,623e9172767ca231241e2313bbee095e,2026-01-04T15:55:37Z,odds_api_flattened,13.5,-13.5,STATUS_FINAL,post,46.5,EverBank Stadium
nfl_401772960,2026-01-05,Pittsburgh Steelers,Baltimore Ravens,3.5,-3.5,41.5,42.0,,0.25,0.5,0.75,LOW,Football_MarketBlend_v1,Football_MarketBlend_v1,"{'blend_inputs': ['Football_MarketConsensus_v1', 'Football_SpreadValue_v1', 'Football_TotalValue_v1', 'Football_LineMovement_v1', 'Football_KeyNumberGuard_v1'], 'key_number_risk': True, 'spread_veto': 'key_number_guard'}","Game: Baltimore Ravens @ Pittsburgh Steelers
Authority: Football_MarketBlend_v1
Market: Spread 3.5, Total 41.5
Projection: Margin 3.25, Total 42.0
Spread Pick:  (edge 0.25)
Total Pick: OVER (edge 0.5)",3.25,,,,OVER,ACTIVE,,"{'spread': None, 'total': None}",FOOTBALL_MARKET_BLEND,24,24,BAL,11,FOOTBALL_MARKET_BLEND,2026-01-05T01:20:00Z,1,Football market blend edge clears threshold,11,False,,true,true,true,true,26,26,PIT,nfl,odds_api_flattened_consensus,3,"{'Football_KeyNumberGuard_v1': {'context_flags': {'key_number_risk': True, 'key_numbers': [3, 7, 10]}, 'home_line_proj': 3.5, 'model_name': 'Football_KeyNumberGuard_v1', 'parlay_edge_score': 0, 'spread_distance': 0.0, 'spread_edge': 0.0, 'spread_pick': '', 'total_distance': 0.0, 'total_edge': 0.0, 'total_pick': '', 'total_projection': 41.5}, 'Football_LineMovement_v1': {'context_flags': {'movement_available': False}, 'home_line_proj': 3.5, 'model_name': 'Football_LineMovement_v1', 'parlay_edge_score': 0, 'spread_distance': 0.0, 'spread_edge': 0.0, 'spread_pick': '', 'total_distance': 0.0, 'total_edge': 0.0, 'total_pick': '', 'total_projection': 41.5}, 'Football_MarketBlend_v1': {'context_flags': {'blend_inputs': ['Football_MarketConsensus_v1', 'Football_SpreadValue_v1', 'Football_TotalValue_v1', 'Football_LineMovement_v1', 'Football_KeyNumberGuard_v1'], 'key_number_risk': True, 'spread_veto': 'key_number_guard'}, 'home_line_proj': 3.25, 'model_name': 'Football_MarketBlend_v1', 'parlay_edge_score': 0.75, 'spread_distance': 0.25, 'spread_edge': 0.25, 'spread_pick': '', 'total_distance': 0.5, 'total_edge': 0.5, 'total_pick': 'OVER', 'total_projection': 42.0}, 'Football_MarketConsensus_v1': {'context_flags': {'book_count': 11, 'source': 'market_consensus'}, 'home_line_proj': 3.5, 'model_name': 'Football_MarketConsensus_v1', 'parlay_edge_score': 0, 'spread_distance': 0.0, 'spread_edge': 0.0, 'spread_pick': '', 'total_distance': 0.0, 'total_edge': 0.0, 'total_pick': '', 'total_projection': 41.5}, 'Football_SpreadValue_v1': {'context_flags': {'book_count': 11.0, 'value_shift': -0.75}, 'home_line_proj': 2.75, 'model_name': 'Football_SpreadValue_v1', 'parlay_edge_score': 0.75, 'spread_distance': 0.75, 'spread_edge': 0.75, 'spread_pick': 'HOME', 'total_distance': 0.0, 'total_edge': 0.0, 'total_pick': '', 'total_projection': 41.5}, 'Football_TotalValue_v1': {'context_flags': {'book_count': 11.0, 'total_value_rule': 'low_total_over_high_total_under'}, 'home_line_proj': 3.5, 'model_name': 'Football_TotalValue_v1', 'parlay_edge_score': 1.0, 'spread_distance': 0.0, 'spread_edge': 0.0, 'spread_pick': '', 'total_distance': 1.0, 'total_edge': 1.0, 'total_pick': 'OVER', 'total_projection': 42.5}}",-190.0,-190.0,156.0,156.0,64,f609b38fe2bf0687644ad8603e28220b,2026-01-04T15:55:37Z,odds_api_flattened,-3.5,3.5,STATUS_FINAL,post,41.5,Acrisure Stadium
nfl_401772979,2026-01-10,Carolina Panthers,Los Angeles Rams,10.5,-10.5,45.5,45.0,,0.25,-0.5,0.75,LOW,Football_MarketBlend_v1,Football_MarketBlend_v1,"{'blend_inputs': ['Football_MarketConsensus_v1', 'Football_SpreadValue_v1', 'Football_TotalValue_v1', 'Football_LineMovement_v1', 'Football_KeyNumberGuard_v1'], 'key_number_risk': True, 'spread_veto': 'key_number_guard'}","Game: Los Angeles Rams @ Carolina Panthers
Authority: Football_MarketBlend_v1
Market: Spread 10.5, Total 45.5
Projection: Margin 10.25, Total 45.0
Spread Pick:  (edge 0.25)
Total Pick: UNDER (edge -0.5)",10.25,,,,UNDER,ACTIVE,,"{'spread': None, 'total': None}",FOOTBALL_MARKET_BLEND,34,34,LAR,11,FOOTBALL_MARKET_BLEND,2026-01-10T21:30:00Z,1,Football market blend edge clears threshold,11,False,,true,true,true,true,31,31,CAR,nfl,odds_api_flattened_consensus,3,"{'Football_KeyNumberGuard_v1': {'context_flags': {'key_number_risk': True, 'key_numbers': [3, 7, 10]}, 'home_line_proj': 10.5, 'model_name': 'Football_KeyNumberGuard_v1', 'parlay_edge_score': 0, 'spread_distance': 0.0, 'spread_edge': 0.0, 'spread_pick': '', 'total_distance': 0.0, 'total_edge': 0.0, 'total_pick': '', 'total_projection': 45.5}, 'Football_LineMovement_v1': {'context_flags': {'movement_available': False}, 'home_line_proj': 10.5, 'model_name': 'Football_LineMovement_v1', 'parlay_edge_score': 0, 'spread_distance': 0.0, 'spread_edge': 0.0, 'spread_pick': '', 'total_distance': 0.0, 'total_edge': 0.0, 'total_pick': '', 'total_projection': 45.5}, 'Football_MarketBlend_v1': {'context_flags': {'blend_inputs': ['Football_MarketConsensus_v1', 'Football_SpreadValue_v1', 'Football_TotalValue_v1', 'Football_LineMovement_v1', 'Football_KeyNumberGuard_v1'], 'key_number_risk': True, 'spread_veto': 'key_number_guard'}, 'home_line_proj': 10.25, 'model_name': 'Football_MarketBlend_v1', 'parlay_edge_score': 0.75, 'spread_distance': 0.25, 'spread_edge': 0.25, 'spread_pick': '', 'total_distance': 0.5, 'total_edge': -0.5, 'total_pick': 'UNDER', 'total_projection': 45.0}, 'Football_MarketConsensus_v1': {'context_flags': {'book_count': 11, 'source': 'market_consensus'}, 'home_line_proj': 10.5, 'model_name': 'Football_MarketConsensus_v1', 'parlay_edge_score': 0, 'spread_distance': 0.0, 'spread_edge': 0.0, 'spread_pick': '', 'total_distance': 0.0, 'total_edge': 0.0, 'total_pick': '', 'total_projection': 45.5}, 'Football_SpreadValue_v1': {'context_flags': {'book_count': 11.0, 'value_shift': -0.75}, 'home_line_proj': 9.75, 'model_name': 'Football_SpreadValue_v1', 'parlay_edge_score': 0.75, 'spread_distance': 0.75, 'spread_edge': 0.75, 'spread_pick': 'HOME', 'total_distance': 0.0, 'total_edge': 0.0, 'total_pick': '', 'total_projection': 45.5}, 'Football_TotalValue_v1': {'context_flags': {'book_count': 11.0, 'total_value_rule': 'low_total_over_high_total_under'}, 'home_line_proj': 10.5, 'model_name': 'Football_TotalValue_v1', 'parlay_edge_score': 1.0, 'spread_distance': 0.0, 'spread_edge': 0.0, 'spread_pick': '', 'total_distance': 1.0, 'total_edge': -1.0, 'total_pick': 'UNDER', 'total_projection': 44.5}}",-575.0,-575.0,425.0,425.0,64,c37a03009947c0191ab4e2de9664705a,2026-01-10T15:55:37Z,odds_api_flattened,-10.5,10.5,STATUS_FINAL,post,45.5,Bank of America Stadium
nfl_401772977,2026-01-11,Jacksonville Jaguars,Buffalo Bills,-1.5,1.5,51.25,50.75,AWAY,-0.25,-0.5,0.75,LOW,Football_MarketBlend_v1,Football_MarketBlend_v1,"{'blend_inputs': ['Football_MarketConsensus_v1', 'Football_SpreadValue_v1', 'Football_TotalValue_v1', 'Football_LineMovement_v1', 'Football_KeyNumberGuard_v1'], 'key_number_risk': False}","Game: Buffalo Bills @ Jacksonville Jaguars
Authority: Football_MarketBlend_v1
Market: Spread -1.5, Total 51.25
Projection: Margin -1.25, Total 50.75
Spread Pick: AWAY (edge -0.25)
Total Pick: UNDER (edge -0.5)",-1.25,,,,UNDER,ACTIVE,,"{'spread': None, 'total': None}",FOOTBALL_MARKET_BLEND,27,27,BUF,11,FOOTBALL_MARKET_BLEND,2026-01-11T18:00:00Z,1,Football market blend edge clears threshold,11,False,,true,true,true,true,24,24,JAX,nfl,odds_api_flattened_consensus,3,"{'Football_KeyNumberGuard_v1': {'context_flags': {'key_number_risk': False, 'key_numbers': [3, 7, 10]}, 'home_line_proj': -1.5, 'model_name': 'Football_KeyNumberGuard_v1', 'parlay_edge_score': 0, 'spread_distance': 0.0, 'spread_edge': 0.0, 'spread_pick': '', 'total_distance': 0.0, 'total_edge': 0.0, 'total_pick': '', 'total_projection': 51.25}, 'Football_LineMovement_v1': {'context_flags': {'movement_available': False}, 'home_line_proj': -1.5, 'model_name': 'Football_LineMovement_v1', 'parlay_edge_score': 0, 'spread_distance': 0.0, 'spread_edge': 0.0, 'spread_pick': '', 'total_distance': 0.0, 'total_edge': 0.0, 'total_pick': '', 'total_projection': 51.25}, 'Football_MarketBlend_v1': {'context_flags': {'blend_inputs': ['Football_MarketConsensus_v1', 'Football_SpreadValue_v1', 'Football_TotalValue_v1', 'Football_LineMovement_v1', 'Football_KeyNumberGuard_v1'], 'key_number_risk': False}, 'home_line_proj': -1.25, 'model_name': 'Football_MarketBlend_v1', 'parlay_edge_score': 0.75, 'spread_distance': 0.25, 'spread_edge': -0.25, 'spread_pick': 'AWAY', 'total_distance': 0.5, 'total_edge': -0.5, 'total_pick': 'UNDER', 'total_projection': 50.75}, 'Football_MarketConsensus_v1': {'context_flags': {'book_count': 11, 'source': 'market_consensus'}, 'home_line_proj': -1.5, 'model_name': 'Football_MarketConsensus_v1', 'parlay_edge_score': 0, 'spread_distance': 0.0, 'spread_edge': 0.0, 'spread_pick': '', 'total_distance': 0.0, 'total_edge': 0.0, 'total_pick': '', 'total_projection': 51.25}, 'Football_SpreadValue_v1': {'context_flags': {'book_count': 11.0, 'value_shift': 0.75}, 'home_line_proj': -0.75, 'model_name': 'Football_SpreadValue_v1', 'parlay_edge_score': 0.75, 'spread_distance': 0.75, 'spread_edge': -0.75, 'spread_pick': 'AWAY', 'total_distance': 0.0, 'total_edge': 0.0, 'total_pick': '', 'total_projection': 51.25}, 'Football_TotalValue_v1': {'context_flags': {'book_count': 11.0, 'total_value_rule': 'low_total_over_high_total_under'}, 'home_line_proj': -1.5, 'model_name': 'Football_TotalValue_v1', 'parlay_edge_score': 1.0, 'spread_distance': 0.0, 'spread_edge': 0.0, 'spread_pick': '', 'total_distance': 1.0, 'total_edge': -1.0, 'total_pick': 'UNDER', 'total_projection': 50.25}}",105.0,105.0,-125.0,-125.0,64,f5701bd3d1340565779bc9ccf6d0b73b,2026-01-11T15:55:37Z,odds_api_flattened,1.5,-1.5,STATUS_FINAL,post,51.25,EverBank Stadium
nfl_401772980,2026-01-11,Philadelphia Eagles,San Francisco 49ers,-6.0,6.0,44.5,45.0,AWAY,-0.25,0.5,0.75,LOW,Football_MarketBlend_v1,Football_MarketBlend_v1,"{'blend_inputs': ['Football_MarketConsensus_v1', 'Football_SpreadValue_v1', 'Football_TotalValue_v1', 'Football_LineMovement_v1', 'Football_KeyNumberGuard_v1'], 'key_number_risk': False}","Game: San Francisco 49ers @ Philadelphia Eagles
Authority: Football_MarketBlend_v1
Market: Spread -6.0, Total 44.5
Projection: Margin -5.75, Total 45.0
Spread Pick: AWAY (edge -0.25)
Total Pick: OVER (edge 0.5)",-5.75,,,,OVER,ACTIVE,,"{'spread': None, 'total': None}",FOOTBALL_MARKET_BLEND,23,23,SF,11,FOOTBALL_MARKET_BLEND,2026-01-11T21:30:00Z,1,Football market blend edge clears threshold,11,False,,true,true,true,true,19,19,PHI,nfl,odds_api_flattened_consensus,3,"{'Football_KeyNumberGuard_v1': {'context_flags': {'key_number_risk': False, 'key_numbers': [3, 7, 10]}, 'home_line_proj': -6.0, 'model_name': 'Football_KeyNumberGuard_v1', 'parlay_edge_score': 0, 'spread_distance': 0.0, 'spread_edge': 0.0, 'spread_pick': '', 'total_distance': 0.0, 'total_edge': 0.0, 'total_pick': '', 'total_projection': 44.5}, 'Football_LineMovement_v1': {'context_flags': {'movement_available': False}, 'home_line_proj': -6.0, 'model_name': 'Football_LineMovement_v1', 'parlay_edge_score': 0, 'spread_distance': 0.0, 'spread_edge': 0.0, 'spread_pick': '', 'total_distance': 0.0, 'total_edge': 0.0, 'total_pick': '', 'total_projection': 44.5}, 'Football_MarketBlend_v1': {'context_flags': {'blend_inputs': ['Football_MarketConsensus_v1', 'Football_SpreadValue_v1', 'Football_TotalValue_v1', 'Football_LineMovement_v1', 'Football_KeyNumberGuard_v1'], 'key_number_risk': False}, 'home_line_proj': -5.75, 'model_name': 'Football_MarketBlend_v1', 'parlay_edge_score': 0.75, 'spread_distance': 0.25, 'spread_edge': -0.25, 'spread_pick': 'AWAY', 'total_distance': 0.5, 'total_edge': 0.5, 'total_pick': 'OVER', 'total_projection': 45.0}, 'Football_MarketConsensus_v1': {'context_flags': {'book_count': 11, 'source': 'market_consensus'}, 'home_line_proj': -6.0, 'model_name': 'Football_MarketConsensus_v1', 'parlay_edge_score': 0, 'spread_distance': 0.0, 'spread_edge': 0.0, 'spread_pick': '', 'total_distance': 0.0, 'total_edge': 0.0, 'total_pick': '', 'total_projection': 44.5}, 'Football_SpreadValue_v1': {'context_flags': {'book_count': 11.0, 'value_shift': 0.75}, 'home_line_proj': -5.25, 'model_name': 'Football_SpreadValue_v1', 'parlay_edge_score': 0.75, 'spread_distance': 0.75, 'spread_edge': -0.75, 'spread_pick': 'AWAY', 'total_distance': 0.0, 'total_edge': 0.0, 'total_pick': '', 'total_projection': 44.5}, 'Football_TotalValue_v1': {'context_flags': {'book_count': 11.0, 'total_value_rule': 'low_total_over_high_total_under'}, 'home_line_proj': -6.0, 'model_name': 'Football_TotalValue_v1', 'parlay_edge_score': 1.0, 'spread_distance': 0.0, 'spread_edge': 0.0, 'spread_pick': '', 'total_distance': 1.0, 'total_edge': 1.0, 'total_pick': 'OVER', 'total_projection': 45.5}}",220.0,220.0,-275.0,-275.0,64,467cba5a1b3809e6b990033dff600f48,2026-01-11T15:55:37Z,odds_api_flattened,6.0,-6.0,STATUS_FINAL,post,44.5,Lincoln Financial Field
nfl_401772981,2026-01-11,Chicago Bears,Green Bay Packers,1.5,-1.5,44.5,45.0,HOME,0.25,0.5,0.75,LOW,Football_MarketBlend_v1,Football_MarketBlend_v1,"{'blend_inputs': ['Football_MarketConsensus_v1', 'Football_SpreadValue_v1', 'Football_TotalValue_v1', 'Football_LineMovement_v1', 'Football_KeyNumberGuard_v1'], 'key_number_risk': False}","Game: Green Bay Packers @ Chicago Bears
Authority: Football_MarketBlend_v1
Market: Spread 1.5, Total 44.5
Projection: Margin 1.25, Total 45.0
Spread Pick: HOME (edge 0.25)
Total Pick: OVER (edge 0.5)",1.25,,,,OVER,ACTIVE,,"{'spread': None, 'total': None}",FOOTBALL_MARKET_BLEND,27,27,GB,11,FOOTBALL_MARKET_BLEND,2026-01-11T01:00:00Z,1,Football market blend edge clears threshold,11,False,,true,true,true,true,31,31,CHI,nfl,odds_api_flattened_consensus,3,"{'Football_KeyNumberGuard_v1': {'context_flags': {'key_number_risk': False, 'key_numbers': [3, 7, 10]}, 'home_line_proj': 1.5, 'model_name': 'Football_KeyNumberGuard_v1', 'parlay_edge_score': 0, 'spread_distance': 0.0, 'spread_edge': 0.0, 'spread_pick': '', 'total_distance': 0.0, 'total_edge': 0.0, 'total_pick': '', 'total_projection': 44.5}, 'Football_LineMovement_v1': {'context_flags': {'movement_available': False}, 'home_line_proj': 1.5, 'model_name': 'Football_LineMovement_v1', 'parlay_edge_score': 0, 'spread_distance': 0.0, 'spread_edge': 0.0, 'spread_pick': '', 'total_distance': 0.0, 'total_edge': 0.0, 'total_pick': '', 'total_projection': 44.5}, 'Football_MarketBlend_v1': {'context_flags': {'blend_inputs': ['Football_MarketConsensus_v1', 'Football_SpreadValue_v1', 'Football_TotalValue_v1', 'Football_LineMovement_v1', 'Football_KeyNumberGuard_v1'], 'key_number_risk': False}, 'home_line_proj': 1.25, 'model_name': 'Football_MarketBlend_v1', 'parlay_edge_score': 0.75, 'spread_distance': 0.25, 'spread_edge': 0.25, 'spread_pick': 'HOME', 'total_distance': 0.5, 'total_edge': 0.5, 'total_pick': 'OVER', 'total_projection': 45.0}, 'Football_MarketConsensus_v1': {'context_flags': {'book_count': 11, 'source': 'market_consensus'}, 'home_line_proj': 1.5, 'model_name': 'Football_MarketConsensus_v1', 'parlay_edge_score': 0, 'spread_distance': 0.0, 'spread_edge': 0.0, 'spread_pick': '', 'total_distance': 0.0, 'total_edge': 0.0, 'total_pick': '', 'total_projection': 44.5}, 'Football_SpreadValue_v1': {'context_flags': {'book_count': 11.0, 'value_shift': -0.75}, 'home_line_proj': 0.75, 'model_name': 'Football_SpreadValue_v1', 'parlay_edge_score': 0.75, 'spread_distance': 0.75, 'spread_edge': 0.75, 'spread_pick': 'HOME', 'total_distance': 0.0, 'total_edge': 0.0, 'total_pick': '', 'total_projection': 44.5}, 'Football_TotalValue_v1': {'context_flags': {'book_count': 11.0, 'total_value_rule': 'low_total_over_high_total_under'}, 'home_line_proj': 1.5, 'model_name': 'Football_TotalValue_v1', 'parlay_edge_score': 1.0, 'spread_distance': 0.0, 'spread_edge': 0.0, 'spread_pick': '', 'total_distance': 1.0, 'total_edge': 1.0, 'total_pick': 'OVER', 'total_projection': 45.5}}",-126.0,-126.0,108.0,108.0,64,271335072b85daf0ceabb360ef75220e,2026-01-10T15:55:37Z,odds_api_flattened,-1.5,1.5,STATUS_FINAL,post,44.5,Soldier Field
nfl_401772978,2026-01-12,New England Patriots,Los Angeles Chargers,-3.5,3.5,45.5,45.0,,-0.25,-0.5,0.75,LOW,Football_MarketBlend_v1,Football_MarketBlend_v1,"{'blend_inputs': ['Football_MarketConsensus_v1', 'Football_SpreadValue_v1', 'Football_TotalValue_v1', 'Football_LineMovement_v1', 'Football_KeyNumberGuard_v1'], 'key_number_risk': True, 'spread_veto': 'key_number_guard'}","Game: Los Angeles Chargers @ New England Patriots
Authority: Football_MarketBlend_v1
Market: Spread -3.5, Total 45.5
Projection: Margin -3.25, Total 45.0
Spread Pick:  (edge -0.25)
Total Pick: UNDER (edge -0.5)",-3.25,,,,UNDER,ACTIVE,,"{'spread': None, 'total': None}",FOOTBALL_MARKET_BLEND,3,3,LAC,11,FOOTBALL_MARKET_BLEND,2026-01-12T01:00:00Z,1,Football market blend edge clears threshold,11,False,,true,true,true,true,16,16,NE,nfl,odds_api_flattened_consensus,3,"{'Football_KeyNumberGuard_v1': {'context_flags': {'key_number_risk': True, 'key_numbers': [3, 7, 10]}, 'home_line_proj': -3.5, 'model_name': 'Football_KeyNumberGuard_v1', 'parlay_edge_score': 0, 'spread_distance': 0.0, 'spread_edge': 0.0, 'spread_pick': '', 'total_distance': 0.0, 'total_edge': 0.0, 'total_pick': '', 'total_projection': 45.5}, 'Football_LineMovement_v1': {'context_flags': {'movement_available': False}, 'home_line_proj': -3.5, 'model_name': 'Football_LineMovement_v1', 'parlay_edge_score': 0, 'spread_distance': 0.0, 'spread_edge': 0.0, 'spread_pick': '', 'total_distance': 0.0, 'total_edge': 0.0, 'total_pick': '', 'total_projection': 45.5}, 'Football_MarketBlend_v1': {'context_flags': {'blend_inputs': ['Football_MarketConsensus_v1', 'Football_SpreadValue_v1', 'Football_TotalValue_v1', 'Football_LineMovement_v1', 'Football_KeyNumberGuard_v1'], 'key_number_risk': True, 'spread_veto': 'key_number_guard'}, 'home_line_proj': -3.25, 'model_name': 'Football_MarketBlend_v1', 'parlay_edge_score': 0.75, 'spread_distance': 0.25, 'spread_edge': -0.25, 'spread_pick': '', 'total_distance': 0.5, 'total_edge': -0.5, 'total_pick': 'UNDER', 'total_projection': 45.0}, 'Football_MarketConsensus_v1': {'context_flags': {'book_count': 11, 'source': 'market_consensus'}, 'home_line_proj': -3.5, 'model_name': 'Football_MarketConsensus_v1', 'parlay_edge_score': 0, 'spread_distance': 0.0, 'spread_edge': 0.0, 'spread_pick': '', 'total_distance': 0.0, 'total_edge': 0.0, 'total_pick': '', 'total_projection': 45.5}, 'Football_SpreadValue_v1': {'context_flags': {'book_count': 11.0, 'value_shift': 0.75}, 'home_line_proj': -2.75, 'model_name': 'Football_SpreadValue_v1', 'parlay_edge_score': 0.75, 'spread_distance': 0.75, 'spread_edge': -0.75, 'spread_pick': 'AWAY', 'total_distance': 0.0, 'total_edge': 0.0, 'total_pick': '', 'total_projection': 45.5}, 'Football_TotalValue_v1': {'context_flags': {'book_count': 11.0, 'total_value_rule': 'low_total_over_high_total_under'}, 'home_line_proj': -3.5, 'model_name': 'Football_TotalValue_v1', 'parlay_edge_score': 1.0, 'spread_distance': 0.0, 'spread_edge': 0.0, 'spread_pick': '', 'total_distance': 1.0, 'total_edge': -1.0, 'total_pick': 'UNDER', 'total_projection': 44.5}}",164.0,164.0,-197.0,-197.0,64,d48193fef08ca62ade864612a40e2a4e,2026-01-11T15:55:37Z,odds_api_flattened,3.5,-3.5,STATUS_FINAL,post,45.5,Gillette Stadium
nfl_401772976,2026-01-13,Pittsburgh Steelers,Houston Texans,3.0,-3.0,38.0,38.5,,0.25,0.5,0.75,LOW,Football_MarketBlend_v1,Football_MarketBlend_v1,"{'blend_inputs': ['Football_MarketConsensus_v1', 'Football_SpreadValue_v1', 'Football_TotalValue_v1', 'Football_LineMovement_v1', 'Football_KeyNumberGuard_v1'], 'key_number_risk': True, 'spread_veto': 'key_number_guard'}","Game: Houston Texans @ Pittsburgh Steelers
Authority: Football_MarketBlend_v1
Market: Spread 3.0, Total 38.0
Projection: Margin 2.75, Total 38.5
Spread Pick:  (edge 0.25)
Total Pick: OVER (edge 0.5)",2.75,,,,OVER,ACTIVE,,"{'spread': None, 'total': None}",FOOTBALL_MARKET_BLEND,30,30,HOU,11,FOOTBALL_MARKET_BLEND,2026-01-13T01:00:00Z,1,Football market blend edge clears threshold,11,False,,true,true,true,true,6,6,PIT,nfl,odds_api_flattened_consensus,3,"{'Football_KeyNumberGuard_v1': {'context_flags': {'key_number_risk': True, 'key_numbers': [3, 7, 10]}, 'home_line_proj': 3.0, 'model_name': 'Football_KeyNumberGuard_v1', 'parlay_edge_score': 0, 'spread_distance': 0.0, 'spread_edge': 0.0, 'spread_pick': '', 'total_distance': 0.0, 'total_edge': 0.0, 'total_pick': '', 'total_projection': 38.0}, 'Football_LineMovement_v1': {'context_flags': {'movement_available': False}, 'home_line_proj': 3.0, 'model_name': 'Football_LineMovement_v1', 'parlay_edge_score': 0, 'spread_distance': 0.0, 'spread_edge': 0.0, 'spread_pick': '', 'total_distance': 0.0, 'total_edge': 0.0, 'total_pick': '', 'total_projection': 38.0}, 'Football_MarketBlend_v1': {'context_flags': {'blend_inputs': ['Football_MarketConsensus_v1', 'Football_SpreadValue_v1', 'Football_TotalValue_v1', 'Football_LineMovement_v1', 'Football_KeyNumberGuard_v1'], 'key_number_risk': True, 'spread_veto': 'key_number_guard'}, 'home_line_proj': 2.75, 'model_name': 'Football_MarketBlend_v1', 'parlay_edge_score': 0.75, 'spread_distance': 0.25, 'spread_edge': 0.25, 'spread_pick': '', 'total_distance': 0.5, 'total_edge': 0.5, 'total_pick': 'OVER', 'total_projection': 38.5}, 'Football_MarketConsensus_v1': {'context_flags': {'book_count': 11, 'source': 'market_consensus'}, 'home_line_proj': 3.0, 'model_name': 'Football_MarketConsensus_v1', 'parlay_edge_score': 0, 'spread_distance': 0.0, 'spread_edge': 0.0, 'spread_pick': '', 'total_distance': 0.0, 'total_edge': 0.0, 'total_pick': '', 'total_projection': 38.0}, 'Football_SpreadValue_v1': {'context_flags': {'book_count': 11.0, 'value_shift': -0.75}, 'home_line_proj': 2.25, 'model_name': 'Football_SpreadValue_v1', 'parlay_edge_score': 0.75, 'spread_distance': 0.75, 'spread_edge': 0.75, 'spread_pick': 'HOME', 'total_distance': 0.0, 'total_edge': 0.0, 'total_pick': '', 'total_projection': 38.0}, 'Football_TotalValue_v1': {'context_flags': {'book_count': 11.0, 'total_value_rule': 'low_total_over_high_total_under'}, 'home_line_proj': 3.0, 'model_name': 'Football_TotalValue_v1', 'parlay_edge_score': 1.0, 'spread_distance': 0.0, 'spread_edge': 0.0, 'spread_pick': '', 'total_distance': 1.0, 'total_edge': 1.0, 'total_pick': 'OVER', 'total_projection': 39.0}}",-158.0,-158.0,133.0,133.0,64,932813a3782921beb4f7fecdf247865e,2026-01-12T15:55:39Z,odds_api_flattened,-3.0,3.0,STATUS_FINAL,post,38.0,Acrisure Stadium
nfl_401772982,2026-01-17,Denver Broncos,Buffalo Bills,-1.0,1.0,46.0,45.5,AWAY,-0.25,-0.5,0.75,LOW,Football_MarketBlend_v1,Football_MarketBlend_v1,"{'blend_inputs': ['Football_MarketConsensus_v1', 'Football_SpreadValue_v1', 'Football_TotalValue_v1', 'Football_LineMovement_v1', 'Football_KeyNumberGuard_v1'], 'key_number_risk': False}","Game: Buffalo Bills @ Denver Broncos
Authority: Football_MarketBlend_v1
Market: Spread -1.0, Total 46.0
Projection: Margin -0.75, Total 45.5
Spread Pick: AWAY (edge -0.25)
Total Pick: UNDER (edge -0.5)",-0.75,,,,UNDER,ACTIVE,,"{'spread': None, 'total': None}",FOOTBALL_MARKET_BLEND,30,30,BUF,11,FOOTBALL_MARKET_BLEND,2026-01-17T21:30:00Z,1,Football market blend edge clears threshold,11,False,,true,true,true,true,33,33,DEN,nfl,odds_api_flattened_consensus,3,"{'Football_KeyNumberGuard_v1': {'context_flags': {'key_number_risk': False, 'key_numbers': [3, 7, 10]}, 'home_line_proj': -1.0, 'model_name': 'Football_KeyNumberGuard_v1', 'parlay_edge_score': 0, 'spread_distance': 0.0, 'spread_edge': 0.0, 'spread_pick': '', 'total_distance': 0.0, 'total_edge': 0.0, 'total_pick': '', 'total_projection': 46.0}, 'Football_LineMovement_v1': {'context_flags': {'movement_available': False}, 'home_line_proj': -1.0, 'model_name': 'Football_LineMovement_v1', 'parlay_edge_score': 0, 'spread_distance': 0.0, 'spread_edge': 0.0, 'spread_pick': '', 'total_distance': 0.0, 'total_edge': 0.0, 'total_pick': '', 'total_projection': 46.0}, 'Football_MarketBlend_v1': {'context_flags': {'blend_inputs': ['Football_MarketConsensus_v1', 'Football_SpreadValue_v1', 'Football_TotalValue_v1', 'Football_LineMovement_v1', 'Football_KeyNumberGuard_v1'], 'key_number_risk': False}, 'home_line_proj': -0.75, 'model_name': 'Football_MarketBlend_v1', 'parlay_edge_score': 0.75, 'spread_distance': 0.25, 'spread_edge': -0.25, 'spread_pick': 'AWAY', 'total_distance': 0.5, 'total_edge': -0.5, 'total_pick': 'UNDER', 'total_projection': 45.5}, 'Football_MarketConsensus_v1': {'context_flags': {'book_count': 11, 'source': 'market_consensus'}, 'home_line_proj': -1.0, 'model_name': 'Football_MarketConsensus_v1', 'parlay_edge_score': 0, 'spread_distance': 0.0, 'spread_edge': 0.0, 'spread_pick': '', 'total_distance': 0.0, 'total_edge': 0.0, 'total_pick': '', 'total_projection': 46.0}, 'Football_SpreadValue_v1': {'context_flags': {'book_count': 11.0, 'value_shift': 0.75}, 'home_line_proj': -0.25, 'model_name': 'Football_SpreadValue_v1', 'parlay_edge_score': 0.75, 'spread_distance': 0.75, 'spread_edge': -0.75, 'spread_pick': 'AWAY', 'total_distance': 0.0, 'total_edge': 0.0, 'total_pick': '', 'total_projection': 46.0}, 'Football_TotalValue_v1': {'context_flags': {'book_count': 11.0, 'total_value_rule': 'low_total_over_high_total_under'}, 'home_line_proj': -1.0, 'model_name': 'Football_TotalValue_v1', 'parlay_edge_score': 1.0, 'spread_distance': 0.0, 'spread_edge': 0.0, 'spread_pick': '', 'total_distance': 1.0, 'total_edge': -1.0, 'total_pick': 'UNDER', 'total_projection': 45.0}}",-103.0,-103.0,-118.0,-118.0,64,ea794ebbcb7cbcaf7753c65d0f1a15c8,2026-01-17T15:55:38Z,odds_api_flattened,1.0,-1.0,STATUS_FINAL,post,46.0,Empower Field at Mile High
nfl_401772983,2026-01-18,New England Patriots,Houston Texans,-3.0,3.0,40.5,41.0,,-0.25,0.5,0.75,LOW,Football_MarketBlend_v1,Football_MarketBlend_v1,"{'blend_inputs': ['Football_MarketConsensus_v1', 'Football_SpreadValue_v1', 'Football_TotalValue_v1', 'Football_LineMovement_v1', 'Football_KeyNumberGuard_v1'], 'key_number_risk': True, 'spread_veto': 'key_number_guard'}","Game: Houston Texans @ New England Patriots
Authority: Football_MarketBlend_v1
Market: Spread -3.0, Total 40.5
Projection: Margin -2.75, Total 41.0
Spread Pick:  (edge -0.25)
Total Pick: OVER (edge 0.5)",-2.75,,,,OVER,ACTIVE,,"{'spread': None, 'total': None}",FOOTBALL_MARKET_BLEND,16,16,HOU,11,FOOTBALL_MARKET_BLEND,2026-01-18T20:00:00Z,1,Football market blend edge clears threshold,11,False,,true,true,true,true,28,28,NE,nfl,odds_api_flattened_consensus,3,"{'Football_KeyNumberGuard_v1': {'context_flags': {'key_number_risk': True, 'key_numbers': [3, 7, 10]}, 'home_line_proj': -3.0, 'model_name': 'Football_KeyNumberGuard_v1', 'parlay_edge_score': 0, 'spread_distance': 0.0, 'spread_edge': 0.0, 'spread_pick': '', 'total_distance': 0.0, 'total_edge': 0.0, 'total_pick': '', 'total_projection': 40.5}, 'Football_LineMovement_v1': {'context_flags': {'movement_available': False}, 'home_line_proj': -3.0, 'model_name': 'Football_LineMovement_v1', 'parlay_edge_score': 0, 'spread_distance': 0.0, 'spread_edge': 0.0, 'spread_pick': '', 'total_distance': 0.0, 'total_edge': 0.0, 'total_pick': '', 'total_projection': 40.5}, 'Football_MarketBlend_v1': {'context_flags': {'blend_inputs': ['Football_MarketConsensus_v1', 'Football_SpreadValue_v1', 'Football_TotalValue_v1', 'Football_LineMovement_v1', 'Football_KeyNumberGuard_v1'], 'key_number_risk': True, 'spread_veto': 'key_number_guard'}, 'home_line_proj': -2.75, 'model_name': 'Football_MarketBlend_v1', 'parlay_edge_score': 0.75, 'spread_distance': 0.25, 'spread_edge': -0.25, 'spread_pick': '', 'total_distance': 0.5, 'total_edge': 0.5, 'total_pick': 'OVER', 'total_projection': 41.0}, 'Football_MarketConsensus_v1': {'context_flags': {'book_count': 11, 'source': 'market_consensus'}, 'home_line_proj': -3.0, 'model_name': 'Football_MarketConsensus_v1', 'parlay_edge_score': 0, 'spread_distance': 0.0, 'spread_edge': 0.0, 'spread_pick': '', 'total_distance': 0.0, 'total_edge': 0.0, 'total_pick': '', 'total_projection': 40.5}, 'Football_SpreadValue_v1': {'context_flags': {'book_count': 11.0, 'value_shift': 0.75}, 'home_line_proj': -2.25, 'model_name': 'Football_SpreadValue_v1', 'parlay_edge_score': 0.75, 'spread_distance': 0.75, 'spread_edge': -0.75, 'spread_pick': 'AWAY', 'total_distance': 0.0, 'total_edge': 0.0, 'total_pick': '', 'total_projection': 40.5}, 'Football_TotalValue_v1': {'context_flags': {'book_count': 11.0, 'total_value_rule': 'low_total_over_high_total_under'}, 'home_line_proj': -3.0, 'model_name': 'Football_TotalValue_v1', 'parlay_edge_score': 1.0, 'spread_distance': 0.0, 'spread_edge': 0.0, 'spread_pick': '', 'total_distance': 1.0, 'total_edge': 1.0, 'total_pick': 'OVER', 'total_projection': 41.5}}",145.0,145.0,-175.0,-175.0,64,1e7cc7c3ef7d9f4e473cb43f39652897,2026-01-18T15:55:37Z,odds_api_flattened,3.0,-3.0,STATUS_FINAL,post,40.5,Gillette Stadium
nfl_401772984,2026-01-18,Seattle Seahawks,San Francisco 49ers,-7.0,7.0,44.0,44.5,,-0.25,0.5,0.75,LOW,Football_MarketBlend_v1,Football_MarketBlend_v1,"{'blend_inputs': ['Football_MarketConsensus_v1', 'Football_SpreadValue_v1', 'Football_TotalValue_v1', 'Football_LineMovement_v1', 'Football_KeyNumberGuard_v1'], 'key_number_risk': True, 'spread_veto': 'key_number_guard'}","Game: San Francisco 49ers @ Seattle Seahawks
Authority: Football_MarketBlend_v1
Market: Spread -7.0, Total 44.0
Projection: Margin -6.75, Total 44.5
Spread Pick:  (edge -0.25)
Total Pick: OVER (edge 0.5)",-6.75,,,,OVER,ACTIVE,,"{'spread': None, 'total': None}",FOOTBALL_MARKET_BLEND,6,6,SF,11,FOOTBALL_MARKET_BLEND,2026-01-18T01:00:00Z,1,Football market blend edge clears threshold,11,False,,true,true,true,true,41,41,SEA,nfl,odds_api_flattened_consensus,3,"{'Football_KeyNumberGuard_v1': {'context_flags': {'key_number_risk': True, 'key_numbers': [3, 7, 10]}, 'home_line_proj': -7.0, 'model_name': 'Football_KeyNumberGuard_v1', 'parlay_edge_score': 0, 'spread_distance': 0.0, 'spread_edge': 0.0, 'spread_pick': '', 'total_distance': 0.0, 'total_edge': 0.0, 'total_pick': '', 'total_projection': 44.0}, 'Football_LineMovement_v1': {'context_flags': {'movement_available': False}, 'home_line_proj': -7.0, 'model_name': 'Football_LineMovement_v1', 'parlay_edge_score': 0, 'spread_distance': 0.0, 'spread_edge': 0.0, 'spread_pick': '', 'total_distance': 0.0, 'total_edge': 0.0, 'total_pick': '', 'total_projection': 44.0}, 'Football_MarketBlend_v1': {'context_flags': {'blend_inputs': ['Football_MarketConsensus_v1', 'Football_SpreadValue_v1', 'Football_TotalValue_v1', 'Football_LineMovement_v1', 'Football_KeyNumberGuard_v1'], 'key_number_risk': True, 'spread_veto': 'key_number_guard'}, 'home_line_proj': -6.75, 'model_name': 'Football_MarketBlend_v1', 'parlay_edge_score': 0.75, 'spread_distance': 0.25, 'spread_edge': -0.25, 'spread_pick': '', 'total_distance': 0.5, 'total_edge': 0.5, 'total_pick': 'OVER', 'total_projection': 44.5}, 'Football_MarketConsensus_v1': {'context_flags': {'book_count': 11, 'source': 'market_consensus'}, 'home_line_proj': -7.0, 'model_name': 'Football_MarketConsensus_v1', 'parlay_edge_score': 0, 'spread_distance': 0.0, 'spread_edge': 0.0, 'spread_pick': '', 'total_distance': 0.0, 'total_edge': 0.0, 'total_pick': '', 'total_projection': 44.0}, 'Football_SpreadValue_v1': {'context_flags': {'book_count': 11.0, 'value_shift': 0.75}, 'home_line_proj': -6.25, 'model_name': 'Football_SpreadValue_v1', 'parlay_edge_score': 0.75, 'spread_distance': 0.75, 'spread_edge': -0.75, 'spread_pick': 'AWAY', 'total_distance': 0.0, 'total_edge': 0.0, 'total_pick': '', 'total_projection': 44.0}, 'Football_TotalValue_v1': {'context_flags': {'book_count': 11.0, 'total_value_rule': 'low_total_over_high_total_under'}, 'home_line_proj': -7.0, 'model_name': 'Football_TotalValue_v1', 'parlay_edge_score': 1.0, 'spread_distance': 0.0, 'spread_edge': 0.0, 'spread_pick': '', 'total_distance': 1.0, 'total_edge': 1.0, 'total_pick': 'OVER', 'total_projection': 45.0}}",260.0,260.0,-325.0,-325.0,64,9161553abe07f4eadf12b071f4f6e3ac,2026-01-17T15:55:38Z,odds_api_flattened,7.0,-7.0,STATUS_FINAL,post,44.0,Lumen Field
nfl_401772985,2026-01-18,Chicago Bears,Los Angeles Rams,3.5,-3.5,48.5,48.0,,0.25,-0.5,0.75,LOW,Football_MarketBlend_v1,Football_MarketBlend_v1,"{'blend_inputs': ['Football_MarketConsensus_v1', 'Football_SpreadValue_v1', 'Football_TotalValue_v1', 'Football_LineMovement_v1', 'Football_KeyNumberGuard_v1'], 'key_number_risk': True, 'spread_veto': 'key_number_guard'}","Game: Los Angeles Rams @ Chicago Bears
Authority: Football_MarketBlend_v1
Market: Spread 3.5, Total 48.5
Projection: Margin 3.25, Total 48.0
Spread Pick:  (edge 0.25)
Total Pick: UNDER (edge -0.5)",3.25,,,,UNDER,ACTIVE,,"{'spread': None, 'total': None}",FOOTBALL_MARKET_BLEND,20,20,LAR,11,FOOTBALL_MARKET_BLEND,2026-01-18T23:30:00Z,1,Football market blend edge clears threshold,11,False,,true,true,true,true,17,17,CHI,nfl,odds_api_flattened_consensus,3,"{'Football_KeyNumberGuard_v1': {'context_flags': {'key_number_risk': True, 'key_numbers': [3, 7, 10]}, 'home_line_proj': 3.5, 'model_name': 'Football_KeyNumberGuard_v1', 'parlay_edge_score': 0, 'spread_distance': 0.0, 'spread_edge': 0.0, 'spread_pick': '', 'total_distance': 0.0, 'total_edge': 0.0, 'total_pick': '', 'total_projection': 48.5}, 'Football_LineMovement_v1': {'context_flags': {'movement_available': False}, 'home_line_proj': 3.5, 'model_name': 'Football_LineMovement_v1', 'parlay_edge_score': 0, 'spread_distance': 0.0, 'spread_edge': 0.0, 'spread_pick': '', 'total_distance': 0.0, 'total_edge': 0.0, 'total_pick': '', 'total_projection': 48.5}, 'Football_MarketBlend_v1': {'context_flags': {'blend_inputs': ['Football_MarketConsensus_v1', 'Football_SpreadValue_v1', 'Football_TotalValue_v1', 'Football_LineMovement_v1', 'Football_KeyNumberGuard_v1'], 'key_number_risk': True, 'spread_veto': 'key_number_guard'}, 'home_line_proj': 3.25, 'model_name': 'Football_MarketBlend_v1', 'parlay_edge_score': 0.75, 'spread_distance': 0.25, 'spread_edge': 0.25, 'spread_pick': '', 'total_distance': 0.5, 'total_edge': -0.5, 'total_pick': 'UNDER', 'total_projection': 48.0}, 'Football_MarketConsensus_v1': {'context_flags': {'book_count': 11, 'source': 'market_consensus'}, 'home_line_proj': 3.5, 'model_name': 'Football_MarketConsensus_v1', 'parlay_edge_score': 0, 'spread_distance': 0.0, 'spread_edge': 0.0, 'spread_pick': '', 'total_distance': 0.0, 'total_edge': 0.0, 'total_pick': '', 'total_projection': 48.5}, 'Football_SpreadValue_v1': {'context_flags': {'book_count': 11.0, 'value_shift': -0.75}, 'home_line_proj': 2.75, 'model_name': 'Football_SpreadValue_v1', 'parlay_edge_score': 0.75, 'spread_distance': 0.75, 'spread_edge': 0.75, 'spread_pick': 'HOME', 'total_distance': 0.0, 'total_edge': 0.0, 'total_pick': '', 'total_projection': 48.5}, 'Football_TotalValue_v1': {'context_flags': {'book_count': 11.0, 'total_value_rule': 'low_total_over_high_total_under'}, 'home_line_proj': 3.5, 'model_name': 'Football_TotalValue_v1', 'parlay_edge_score': 1.0, 'spread_distance': 0.0, 'spread_edge': 0.0, 'spread_pick': '', 'total_distance': 1.0, 'total_edge': -1.0, 'total_pick': 'UNDER', 'total_projection': 47.5}}",-200.0,-200.0,165.0,165.0,64,3cb03f5ff8d371b94e8b55c7e58b7a34,2026-01-18T15:55:37Z,odds_api_flattened,-3.5,3.5,STATUS_FINAL,post,48.5,Soldier Field
nfl_401772986,2026-01-25,Denver Broncos,New England Patriots,4.0,-4.0,43.0,43.5,HOME,0.25,0.5,0.75,LOW,Football_MarketBlend_v1,Football_MarketBlend_v1,"{'blend_inputs': ['Football_MarketConsensus_v1', 'Football_SpreadValue_v1', 'Football_TotalValue_v1', 'Football_LineMovement_v1', 'Football_KeyNumberGuard_v1'], 'key_number_risk': False}","Game: New England Patriots @ Denver Broncos
Authority: Football_MarketBlend_v1
Market: Spread 4.0, Total 43.0
Projection: Margin 3.75, Total 43.5
Spread Pick: HOME (edge 0.25)
Total Pick: OVER (edge 0.5)",3.75,,,,OVER,ACTIVE,,"{'spread': None, 'total': None}",FOOTBALL_MARKET_BLEND,10,10,NE,11,FOOTBALL_MARKET_BLEND,2026-01-25T20:00:00Z,1,Football market blend edge clears threshold,11,False,,true,true,true,true,7,7,DEN,nfl,odds_api_flattened_consensus,3,"{'Football_KeyNumberGuard_v1': {'context_flags': {'key_number_risk': False, 'key_numbers': [3, 7, 10]}, 'home_line_proj': 4.0, 'model_name': 'Football_KeyNumberGuard_v1', 'parlay_edge_score': 0, 'spread_distance': 0.0, 'spread_edge': 0.0, 'spread_pick': '', 'total_distance': 0.0, 'total_edge': 0.0, 'total_pick': '', 'total_projection': 43.0}, 'Football_LineMovement_v1': {'context_flags': {'movement_available': False}, 'home_line_proj': 4.0, 'model_name': 'Football_LineMovement_v1', 'parlay_edge_score': 0, 'spread_distance': 0.0, 'spread_edge': 0.0, 'spread_pick': '', 'total_distance': 0.0, 'total_edge': 0.0, 'total_pick': '', 'total_projection': 43.0}, 'Football_MarketBlend_v1': {'context_flags': {'blend_inputs': ['Football_MarketConsensus_v1', 'Football_SpreadValue_v1', 'Football_TotalValue_v1', 'Football_LineMovement_v1', 'Football_KeyNumberGuard_v1'], 'key_number_risk': False}, 'home_line_proj': 3.75, 'model_name': 'Football_MarketBlend_v1', 'parlay_edge_score': 0.75, 'spread_distance': 0.25, 'spread_edge': 0.25, 'spread_pick': 'HOME', 'total_distance': 0.5, 'total_edge': 0.5, 'total_pick': 'OVER', 'total_projection': 43.5}, 'Football_MarketConsensus_v1': {'context_flags': {'book_count': 11, 'source': 'market_consensus'}, 'home_line_proj': 4.0, 'model_name': 'Football_MarketConsensus_v1', 'parlay_edge_score': 0, 'spread_distance': 0.0, 'spread_edge': 0.0, 'spread_pick': '', 'total_distance': 0.0, 'total_edge': 0.0, 'total_pick': '', 'total_projection': 43.0}, 'Football_SpreadValue_v1': {'context_flags': {'book_count': 11.0, 'value_shift': -0.75}, 'home_line_proj': 3.25, 'model_name': 'Football_SpreadValue_v1', 'parlay_edge_score': 0.75, 'spread_distance': 0.75, 'spread_edge': 0.75, 'spread_pick': 'HOME', 'total_distance': 0.0, 'total_edge': 0.0, 'total_pick': '', 'total_projection': 43.0}, 'Football_TotalValue_v1': {'context_flags': {'book_count': 11.0, 'total_value_rule': 'low_total_over_high_total_under'}, 'home_line_proj': 4.0, 'model_name': 'Football_TotalValue_v1', 'parlay_edge_score': 1.0, 'spread_distance': 0.0, 'spread_edge': 0.0, 'spread_pick': '', 'total_distance': 1.0, 'total_edge': 1.0, 'total_pick': 'OVER', 'total_projection': 44.0}}",-218.0,-218.0,183.0,183.0,64,f1d11f109fd93364e11f97623bddf652,2026-01-25T15:55:37Z,odds_api_flattened,-4.0,4.0,STATUS_FINAL,post,43.0,Empower Field at Mile High
nfl_401772987,2026-01-25,Seattle Seahawks,Los Angeles Rams,-2.5,2.5,46.0,45.5,,-0.25,-0.5,0.75,LOW,Football_MarketBlend_v1,Football_MarketBlend_v1,"{'blend_inputs': ['Football_MarketConsensus_v1', 'Football_SpreadValue_v1', 'Football_TotalValue_v1', 'Football_LineMovement_v1', 'Football_KeyNumberGuard_v1'], 'key_number_risk': True, 'spread_veto': 'key_number_guard'}","Game: Los Angeles Rams @ Seattle Seahawks
Authority: Football_MarketBlend_v1
Market: Spread -2.5, Total 46.0
Projection: Margin -2.25, Total 45.5
Spread Pick:  (edge -0.25)
Total Pick: UNDER (edge -0.5)",-2.25,,,,UNDER,ACTIVE,,"{'spread': None, 'total': None}",FOOTBALL_MARKET_BLEND,27,27,LAR,11,FOOTBALL_MARKET_BLEND,2026-01-25T23:30:00Z,1,Football market blend edge clears threshold,11,False,,true,true,true,true,31,31,SEA,nfl,odds_api_flattened_consensus,3,"{'Football_KeyNumberGuard_v1': {'context_flags': {'key_number_risk': True, 'key_numbers': [3, 7, 10]}, 'home_line_proj': -2.5, 'model_name': 'Football_KeyNumberGuard_v1', 'parlay_edge_score': 0, 'spread_distance': 0.0, 'spread_edge': 0.0, 'spread_pick': '', 'total_distance': 0.0, 'total_edge': 0.0, 'total_pick': '', 'total_projection': 46.0}, 'Football_LineMovement_v1': {'context_flags': {'movement_available': False}, 'home_line_proj': -2.5, 'model_name': 'Football_LineMovement_v1', 'parlay_edge_score': 0, 'spread_distance': 0.0, 'spread_edge': 0.0, 'spread_pick': '', 'total_distance': 0.0, 'total_edge': 0.0, 'total_pick': '', 'total_projection': 46.0}, 'Football_MarketBlend_v1': {'context_flags': {'blend_inputs': ['Football_MarketConsensus_v1', 'Football_SpreadValue_v1', 'Football_TotalValue_v1', 'Football_LineMovement_v1', 'Football_KeyNumberGuard_v1'], 'key_number_risk': True, 'spread_veto': 'key_number_guard'}, 'home_line_proj': -2.25, 'model_name': 'Football_MarketBlend_v1', 'parlay_edge_score': 0.75, 'spread_distance': 0.25, 'spread_edge': -0.25, 'spread_pick': '', 'total_distance': 0.5, 'total_edge': -0.5, 'total_pick': 'UNDER', 'total_projection': 45.5}, 'Football_MarketConsensus_v1': {'context_flags': {'book_count': 11, 'source': 'market_consensus'}, 'home_line_proj': -2.5, 'model_name': 'Football_MarketConsensus_v1', 'parlay_edge_score': 0, 'spread_distance': 0.0, 'spread_edge': 0.0, 'spread_pick': '', 'total_distance': 0.0, 'total_edge': 0.0, 'total_pick': '', 'total_projection': 46.0}, 'Football_SpreadValue_v1': {'context_flags': {'book_count': 11.0, 'value_shift': 0.75}, 'home_line_proj': -1.75, 'model_name': 'Football_SpreadValue_v1', 'parlay_edge_score': 0.75, 'spread_distance': 0.75, 'spread_edge': -0.75, 'spread_pick': 'AWAY', 'total_distance': 0.0, 'total_edge': 0.0, 'total_pick': '', 'total_projection': 46.0}, 'Football_TotalValue_v1': {'context_flags': {'book_count': 11.0, 'total_value_rule': 'low_total_over_high_total_under'}, 'home_line_proj': -2.5, 'model_name': 'Football_TotalValue_v1', 'parlay_edge_score': 1.0, 'spread_distance': 0.0, 'spread_edge': 0.0, 'spread_pick': '', 'total_distance': 1.0, 'total_edge': -1.0, 'total_pick': 'UNDER', 'total_projection': 45.0}}",118.0,118.0,-140.0,-140.0,64,4bc6eb576f5079baecce8c56689c259a,2026-01-25T15:55:37Z,odds_api_flattened,2.5,-2.5,STATUS_FINAL,post,46.0,Lumen Field
nfl_401772988,2026-02-08,New England Patriots,Seattle Seahawks,4.5,-4.5,45.5,45.0,HOME,0.25,-0.5,0.75,LOW,Football_MarketBlend_v1,Football_MarketBlend_v1,"{'blend_inputs': ['Football_MarketConsensus_v1', 'Football_SpreadValue_v1', 'Football_TotalValue_v1', 'Football_LineMovement_v1', 'Football_KeyNumberGuard_v1'], 'key_number_risk': False}","Game: Seattle Seahawks @ New England Patriots
Authority: Football_MarketBlend_v1
Market: Spread 4.5, Total 45.5
Projection: Margin 4.25, Total 45.0
Spread Pick: HOME (edge 0.25)
Total Pick: UNDER (edge -0.5)",4.25,,,,UNDER,ACTIVE,,"{'spread': None, 'total': None}",FOOTBALL_MARKET_BLEND,29,29,SEA,11,FOOTBALL_MARKET_BLEND,2026-02-08T23:30:00Z,1,Football market blend edge clears threshold,11,False,,true,true,true,true,13,13,NE,nfl,odds_api_flattened_consensus,3,"{'Football_KeyNumberGuard_v1': {'context_flags': {'key_number_risk': False, 'key_numbers': [3, 7, 10]}, 'home_line_proj': 4.5, 'model_name': 'Football_KeyNumberGuard_v1', 'parlay_edge_score': 0, 'spread_distance': 0.0, 'spread_edge': 0.0, 'spread_pick': '', 'total_distance': 0.0, 'total_edge': 0.0, 'total_pick': '', 'total_projection': 45.5}, 'Football_LineMovement_v1': {'context_flags': {'movement_available': False}, 'home_line_proj': 4.5, 'model_name': 'Football_LineMovement_v1', 'parlay_edge_score': 0, 'spread_distance': 0.0, 'spread_edge': 0.0, 'spread_pick': '', 'total_distance': 0.0, 'total_edge': 0.0, 'total_pick': '', 'total_projection': 45.5}, 'Football_MarketBlend_v1': {'context_flags': {'blend_inputs': ['Football_MarketConsensus_v1', 'Football_SpreadValue_v1', 'Football_TotalValue_v1', 'Football_LineMovement_v1', 'Football_KeyNumberGuard_v1'], 'key_number_risk': False}, 'home_line_proj': 4.25, 'model_name': 'Football_MarketBlend_v1', 'parlay_edge_score': 0.75, 'spread_distance': 0.25, 'spread_edge': 0.25, 'spread_pick': 'HOME', 'total_distance': 0.5, 'total_edge': -0.5, 'total_pick': 'UNDER', 'total_projection': 45.0}, 'Football_MarketConsensus_v1': {'context_flags': {'book_count': 11, 'source': 'market_consensus'}, 'home_line_proj': 4.5, 'model_name': 'Football_MarketConsensus_v1', 'parlay_edge_score': 0, 'spread_distance': 0.0, 'spread_edge': 0.0, 'spread_pick': '', 'total_distance': 0.0, 'total_edge': 0.0, 'total_pick': '', 'total_projection': 45.5}, 'Football_SpreadValue_v1': {'context_flags': {'book_count': 11.0, 'value_shift': -0.75}, 'home_line_proj': 3.75, 'model_name': 'Football_SpreadValue_v1', 'parlay_edge_score': 0.75, 'spread_distance': 0.75, 'spread_edge': 0.75, 'spread_pick': 'HOME', 'total_distance': 0.0, 'total_edge': 0.0, 'total_pick': '', 'total_projection': 45.5}, 'Football_TotalValue_v1': {'context_flags': {'book_count': 11.0, 'total_value_rule': 'low_total_over_high_total_under'}, 'home_line_proj': 4.5, 'model_name': 'Football_TotalValue_v1', 'parlay_edge_score': 1.0, 'spread_distance': 0.0, 'spread_edge': 0.0, 'spread_pick': '', 'total_distance': 1.0, 'total_edge': -1.0, 'total_pick': 'UNDER', 'total_projection': 44.5}}",-240.0,-240.0,198.0,198.0,66,b64e3587d7a4cf01a568e7150a2a1aec,2026-02-08T15:55:37Z,odds_api_flattened,-4.5,4.5,STATUS_FINAL,post,45.5,Levi's Stadium
