game_id,game_date,model_name,total_projection,home_line_proj,spread_pick,total_pick,spread_edge,total_edge,parlay_edge_score
001094ad5e8edd36b0f407a392085d77,2025-10-11,Football_KeyNumberGuard_v1,57.5,14.5,,,0.0,0.0,0
001094ad5e8edd36b0f407a392085d77,2025-10-11,Football_LineMovement_v1,57.5,14.5,,,0.0,0.0,0
001094ad5e8edd36b0f407a392085d77,2025-10-11,Football_MarketBlend_v1,57.0,14.25,HOME,UNDER,0.25,-0.5,0.75
001094ad5e8edd36b0f407a392085d77,2025-10-11,Football_MarketConsensus_v1,57.5,14.5,,,0.0,0.0,0
001094ad5e8edd36b0f407a392085d77,2025-10-11,Football_SpreadValue_v1,57.5,13.75,HOME,,0.75,0.0,0.75
001094ad5e8edd36b0f407a392085d77,2025-10-11,Football_TotalValue_v1,56.5,14.5,,UNDER,0.0,-1.0,1.0
002b7d85d301b778efcd83e8bd8cfbd7,2025-11-06,Football_KeyNumberGuard_v1,42.5,-14.5,,,0.0,0.0,0
002b7d85d301b778efcd83e8bd8cfbd7,2025-11-06,Football_LineMovement_v1,42.5,-14.5,,,0.0,0.0,0
002b7d85d301b778efcd83e8bd8cfbd7,2025-11-06,Football_MarketBlend_v1,43.0,-14.25,AWAY,OVER,-0.25,0.5,0.75
002b7d85d301b778efcd83e8bd8cfbd7,2025-11-06,Football_MarketConsensus_v1,42.5,-14.5,,,0.0,0.0,0
002b7d85d301b778efcd83e8bd8cfbd7,2025-11-06,Football_SpreadValue_v1,42.5,-13.75,AWAY,,-0.75,0.0,0.75
002b7d85d301b778efcd83e8bd8cfbd7,2025-11-06,Football_TotalValue_v1,43.5,-14.5,,OVER,0.0,1.0,1.0
00a6974f28c6bc5a62c7dddffe277772,2025-10-18,Football_KeyNumberGuard_v1,58.0,2.5,,,0.0,0.0,0
00a6974f28c6bc5a62c7dddffe277772,2025-10-18,Football_LineMovement_v1,58.0,2.5,,,0.0,0.0,0
00a6974f28c6bc5a62c7dddffe277772,2025-10-18,Football_MarketBlend_v1,57.5,2.25,,UNDER,0.25,-0.5,0.75
00a6974f28c6bc5a62c7dddffe277772,2025-10-18,Football_MarketConsensus_v1,58.0,2.5,,,0.0,0.0,0
00a6974f28c6bc5a62c7dddffe277772,2025-10-18,Football_SpreadValue_v1,58.0,1.75,HOME,,0.75,0.0,0.75
00a6974f28c6bc5a62c7dddffe277772,2025-10-18,Football_TotalValue_v1,57.0,2.5,,UNDER,0.0,-1.0,1.0
00e4a622dd9d352a89042411d98011c2,2025-09-27,Football_KeyNumberGuard_v1,50.0,-7.5,,,0.0,0.0,0
00e4a622dd9d352a89042411d98011c2,2025-09-27,Football_LineMovement_v1,50.0,-7.5,,,0.0,0.0,0
00e4a622dd9d352a89042411d98011c2,2025-09-27,Football_MarketBlend_v1,49.5,-7.25,,UNDER,-0.25,-0.5,0.75
00e4a622dd9d352a89042411d98011c2,2025-09-27,Football_MarketConsensus_v1,50.0,-7.5,,,0.0,0.0,0
00e4a622dd9d352a89042411d98011c2,2025-09-27,Football_SpreadValue_v1,50.0,-6.75,AWAY,,-0.75,0.0,0.75
00e4a622dd9d352a89042411d98011c2,2025-09-27,Football_TotalValue_v1,49.0,-7.5,,UNDER,0.0,-1.0,1.0
011ef17b2d5d53a4f74992fa28c703ce,2025-11-29,Football_KeyNumberGuard_v1,50.5,-6.5,,,0.0,0.0,0
011ef17b2d5d53a4f74992fa28c703ce,2025-11-29,Football_LineMovement_v1,50.5,-6.5,,,0.0,0.0,0
011ef17b2d5d53a4f74992fa28c703ce,2025-11-29,Football_MarketBlend_v1,50.0,-6.25,,UNDER,-0.25,-0.5,0.75
011ef17b2d5d53a4f74992fa28c703ce,2025-11-29,Football_MarketConsensus_v1,50.5,-6.5,,,0.0,0.0,0
011ef17b2d5d53a4f74992fa28c703ce,2025-11-29,Football_SpreadValue_v1,50.5,-5.75,AWAY,,-0.75,0.0,0.75
011ef17b2d5d53a4f74992fa28c703ce,2025-11-29,Football_TotalValue_v1,49.5,-6.5,,UNDER,0.0,-1.0,1.0
014f34fb67363402c0c5d90db5115c55,2025-11-15,Football_KeyNumberGuard_v1,64.5,-7.5,,,0.0,0.0,0
014f34fb67363402c0c5d90db5115c55,2025-11-15,Football_LineMovement_v1,64.5,-7.5,,,0.0,0.0,0
014f34fb67363402c0c5d90db5115c55,2025-11-15,Football_MarketBlend_v1,64.0,-7.25,,UNDER,-0.25,-0.5,0.75
014f34fb67363402c0c5d90db5115c55,2025-11-15,Football_MarketConsensus_v1,64.5,-7.5,,,0.0,0.0,0
014f34fb67363402c0c5d90db5115c55,2025-11-15,Football_SpreadValue_v1,64.5,-6.75,AWAY,,-0.75,0.0,0.75
014f34fb67363402c0c5d90db5115c55,2025-11-15,Football_TotalValue_v1,63.5,-7.5,,UNDER,0.0,-1.0,1.0
0169b39d461abff544e93d0287c1fab1,2025-10-04,Football_KeyNumberGuard_v1,56.5,-12.5,,,0.0,0.0,0
0169b39d461abff544e93d0287c1fab1,2025-10-04,Football_LineMovement_v1,56.5,-12.5,,,0.0,0.0,0
0169b39d461abff544e93d0287c1fab1,2025-10-04,Football_MarketBlend_v1,56.0,-12.25,AWAY,UNDER,-0.25,-0.5,0.75
0169b39d461abff544e93d0287c1fab1,2025-10-04,Football_MarketConsensus_v1,56.5,-12.5,,,0.0,0.0,0
0169b39d461abff544e93d0287c1fab1,2025-10-04,Football_SpreadValue_v1,56.5,-11.75,AWAY,,-0.75,0.0,0.75
0169b39d461abff544e93d0287c1fab1,2025-10-04,Football_TotalValue_v1,55.5,-12.5,,UNDER,0.0,-1.0,1.0
01952fae15b67aadeb32d7a34d063ee6,2025-10-04,Football_KeyNumberGuard_v1,53.5,-9.5,,,0.0,0.0,0
01952fae15b67aadeb32d7a34d063ee6,2025-10-04,Football_LineMovement_v1,53.5,-9.5,,,0.0,0.0,0
01952fae15b67aadeb32d7a34d063ee6,2025-10-04,Football_MarketBlend_v1,53.0,-9.25,,UNDER,-0.25,-0.5,0.75
01952fae15b67aadeb32d7a34d063ee6,2025-10-04,Football_MarketConsensus_v1,53.5,-9.5,,,0.0,0.0,0
01952fae15b67aadeb32d7a34d063ee6,2025-10-04,Football_SpreadValue_v1,53.5,-8.75,AWAY,,-0.75,0.0,0.75
01952fae15b67aadeb32d7a34d063ee6,2025-10-04,Football_TotalValue_v1,52.5,-9.5,,UNDER,0.0,-1.0,1.0
019f0593640b99c42289e23d88f54fe2,2025-09-13,Football_KeyNumberGuard_v1,63.5,-31.75,,,0.0,0.0,0
019f0593640b99c42289e23d88f54fe2,2025-09-13,Football_LineMovement_v1,63.5,-31.75,,,0.0,0.0,0
019f0593640b99c42289e23d88f54fe2,2025-09-13,Football_MarketBlend_v1,63.0,-31.5,AWAY,UNDER,-0.25,-0.5,0.75
019f0593640b99c42289e23d88f54fe2,2025-09-13,Football_MarketConsensus_v1,63.5,-31.75,,,0.0,0.0,0
019f0593640b99c42289e23d88f54fe2,2025-09-13,Football_SpreadValue_v1,63.5,-31.0,AWAY,,-0.75,0.0,0.75
019f0593640b99c42289e23d88f54fe2,2025-09-13,Football_TotalValue_v1,62.5,-31.75,,UNDER,0.0,-1.0,1.0
01a5a9e3a1d3ecea3295256c33dfef3e,2025-11-29,Football_KeyNumberGuard_v1,38.5,2.5,,,0.0,0.0,0
01a5a9e3a1d3ecea3295256c33dfef3e,2025-11-29,Football_LineMovement_v1,38.5,2.5,,,0.0,0.0,0
01a5a9e3a1d3ecea3295256c33dfef3e,2025-11-29,Football_MarketBlend_v1,39.0,2.25,,OVER,0.25,0.5,0.75
01a5a9e3a1d3ecea3295256c33dfef3e,2025-11-29,Football_MarketConsensus_v1,38.5,2.5,,,0.0,0.0,0
01a5a9e3a1d3ecea3295256c33dfef3e,2025-11-29,Football_SpreadValue_v1,38.5,1.75,HOME,,0.75,0.0,0.75
01a5a9e3a1d3ecea3295256c33dfef3e,2025-11-29,Football_TotalValue_v1,39.5,2.5,,OVER,0.0,1.0,1.0
01d86623adf868d561f8674498fb9eca,2025-11-08,Football_KeyNumberGuard_v1,54.0,-3.5,,,0.0,0.0,0
01d86623adf868d561f8674498fb9eca,2025-11-08,Football_LineMovement_v1,54.0,-3.5,,,0.0,0.0,0
01d86623adf868d561f8674498fb9eca,2025-11-08,Football_MarketBlend_v1,53.5,-3.25,,UNDER,-0.25,-0.5,0.75
01d86623adf868d561f8674498fb9eca,2025-11-08,Football_MarketConsensus_v1,54.0,-3.5,,,0.0,0.0,0
01d86623adf868d561f8674498fb9eca,2025-11-08,Football_SpreadValue_v1,54.0,-2.75,AWAY,,-0.75,0.0,0.75
01d86623adf868d561f8674498fb9eca,2025-11-08,Football_TotalValue_v1,53.0,-3.5,,UNDER,0.0,-1.0,1.0
01e9c4d460a55375a75d025e2b1ddbf5,2026-09-19,Football_KeyNumberGuard_v1,55.5,16.5,,,0.0,0.0,0
01e9c4d460a55375a75d025e2b1ddbf5,2026-09-19,Football_LineMovement_v1,55.5,16.5,,,0.0,0.0,0
01e9c4d460a55375a75d025e2b1ddbf5,2026-09-19,Football_MarketBlend_v1,55.5,16.5,,,0.0,0.0,0
01e9c4d460a55375a75d025e2b1ddbf5,2026-09-19,Football_MarketConsensus_v1,55.5,16.5,,,0.0,0.0,0
01e9c4d460a55375a75d025e2b1ddbf5,2026-09-19,Football_SpreadValue_v1,55.5,16.5,,,0.0,0.0,0
01e9c4d460a55375a75d025e2b1ddbf5,2026-09-19,Football_TotalValue_v1,55.5,16.5,,,0.0,0.0,0
020028a27dd3acc26e8dc35eb9f65a86,2025-11-01,Football_KeyNumberGuard_v1,63.0,-13.0,,,0.0,0.0,0
020028a27dd3acc26e8dc35eb9f65a86,2025-11-01,Football_LineMovement_v1,63.0,-13.0,,,0.0,0.0,0
020028a27dd3acc26e8dc35eb9f65a86,2025-11-01,Football_MarketBlend_v1,62.5,-12.75,AWAY,UNDER,-0.25,-0.5,0.75
020028a27dd3acc26e8dc35eb9f65a86,2025-11-01,Football_MarketConsensus_v1,63.0,-13.0,,,0.0,0.0,0
020028a27dd3acc26e8dc35eb9f65a86,2025-11-01,Football_SpreadValue_v1,63.0,-12.25,AWAY,,-0.75,0.0,0.75
020028a27dd3acc26e8dc35eb9f65a86,2025-11-01,Football_TotalValue_v1,62.0,-13.0,,UNDER,0.0,-1.0,1.0
02a146113c8e455ffb3234d2966b9539,2025-08-28,Football_KeyNumberGuard_v1,50.5,-36.5,,,0.0,0.0,0
02a146113c8e455ffb3234d2966b9539,2025-08-28,Football_LineMovement_v1,50.5,-36.5,,,0.0,0.0,0
02a146113c8e455ffb3234d2966b9539,2025-08-28,Football_MarketBlend_v1,50.0,-36.25,AWAY,UNDER,-0.25,-0.5,0.75
02a146113c8e455ffb3234d2966b9539,2025-08-28,Football_MarketConsensus_v1,50.5,-36.5,,,0.0,0.0,0
02a146113c8e455ffb3234d2966b9539,2025-08-28,Football_SpreadValue_v1,50.5,-35.75,AWAY,,-0.75,0.0,0.75
02a146113c8e455ffb3234d2966b9539,2025-08-28,Football_TotalValue_v1,49.5,-36.5,,UNDER,0.0,-1.0,1.0
02c39958a2623fd4e5bd08c15188bf63,2025-12-20,Football_KeyNumberGuard_v1,48.5,-3.0,,,0.0,0.0,0
02c39958a2623fd4e5bd08c15188bf63,2025-12-20,Football_LineMovement_v1,48.5,-3.0,,,0.0,0.0,0
02c39958a2623fd4e5bd08c15188bf63,2025-12-20,Football_MarketBlend_v1,48.0,-2.75,,UNDER,-0.25,-0.5,0.75
02c39958a2623fd4e5bd08c15188bf63,2025-12-20,Football_MarketConsensus_v1,48.5,-3.0,,,0.0,0.0,0
02c39958a2623fd4e5bd08c15188bf63,2025-12-20,Football_SpreadValue_v1,48.5,-2.25,AWAY,,-0.75,0.0,0.75
02c39958a2623fd4e5bd08c15188bf63,2025-12-20,Football_TotalValue_v1,47.5,-3.0,,UNDER,0.0,-1.0,1.0
031eaf298fe62f9cc1ee593ebf867ad2,2025-11-29,Football_KeyNumberGuard_v1,52.5,2.5,,,0.0,0.0,0
031eaf298fe62f9cc1ee593ebf867ad2,2025-11-29,Football_LineMovement_v1,52.5,2.5,,,0.0,0.0,0
031eaf298fe62f9cc1ee593ebf867ad2,2025-11-29,Football_MarketBlend_v1,52.0,2.25,,UNDER,0.25,-0.5,0.75
031eaf298fe62f9cc1ee593ebf867ad2,2025-11-29,Football_MarketConsensus_v1,52.5,2.5,,,0.0,0.0,0
031eaf298fe62f9cc1ee593ebf867ad2,2025-11-29,Football_SpreadValue_v1,52.5,1.75,HOME,,0.75,0.0,0.75
031eaf298fe62f9cc1ee593ebf867ad2,2025-11-29,Football_TotalValue_v1,51.5,2.5,,UNDER,0.0,-1.0,1.0
0340d587efabc6bbf7114392cb51dfd5,2025-08-28,Football_KeyNumberGuard_v1,51.5,-15.5,,,0.0,0.0,0
0340d587efabc6bbf7114392cb51dfd5,2025-08-28,Football_LineMovement_v1,51.5,-15.5,,,0.0,0.0,0
0340d587efabc6bbf7114392cb51dfd5,2025-08-28,Football_MarketBlend_v1,51.0,-15.25,AWAY,UNDER,-0.25,-0.5,0.75
0340d587efabc6bbf7114392cb51dfd5,2025-08-28,Football_MarketConsensus_v1,51.5,-15.5,,,0.0,0.0,0
0340d587efabc6bbf7114392cb51dfd5,2025-08-28,Football_SpreadValue_v1,51.5,-14.75,AWAY,,-0.75,0.0,0.75
0340d587efabc6bbf7114392cb51dfd5,2025-08-28,Football_TotalValue_v1,50.5,-15.5,,UNDER,0.0,-1.0,1.0
03799e82b32ca4fb9dd248a037685d38,2025-08-28,Football_KeyNumberGuard_v1,48.0,5.5,,,0.0,0.0,0
03799e82b32ca4fb9dd248a037685d38,2025-08-28,Football_LineMovement_v1,48.0,5.5,,,0.0,0.0,0
03799e82b32ca4fb9dd248a037685d38,2025-08-28,Football_MarketBlend_v1,47.5,5.25,HOME,UNDER,0.25,-0.5,0.75
03799e82b32ca4fb9dd248a037685d38,2025-08-28,Football_MarketConsensus_v1,48.0,5.5,,,0.0,0.0,0
03799e82b32ca4fb9dd248a037685d38,2025-08-28,Football_SpreadValue_v1,48.0,4.75,HOME,,0.75,0.0,0.75
03799e82b32ca4fb9dd248a037685d38,2025-08-28,Football_TotalValue_v1,47.0,5.5,,UNDER,0.0,-1.0,1.0
038cd404ffe4a5be92eb7c38c93ffd68,2025-09-20,Football_KeyNumberGuard_v1,46.5,-7.0,,,0.0,0.0,0
038cd404ffe4a5be92eb7c38c93ffd68,2025-09-20,Football_LineMovement_v1,46.5,-7.0,,,0.0,0.0,0
038cd404ffe4a5be92eb7c38c93ffd68,2025-09-20,Football_MarketBlend_v1,46.0,-6.75,,UNDER,-0.25,-0.5,0.75
038cd404ffe4a5be92eb7c38c93ffd68,2025-09-20,Football_MarketConsensus_v1,46.5,-7.0,,,0.0,0.0,0
038cd404ffe4a5be92eb7c38c93ffd68,2025-09-20,Football_SpreadValue_v1,46.5,-6.25,AWAY,,-0.75,0.0,0.75
038cd404ffe4a5be92eb7c38c93ffd68,2025-09-20,Football_TotalValue_v1,45.5,-7.0,,UNDER,0.0,-1.0,1.0
03977e2fadb000a89f6b3da8a5b174cd,2025-09-20,Football_KeyNumberGuard_v1,48.5,-23.5,,,0.0,0.0,0
03977e2fadb000a89f6b3da8a5b174cd,2025-09-20,Football_LineMovement_v1,48.5,-23.5,,,0.0,0.0,0
03977e2fadb000a89f6b3da8a5b174cd,2025-09-20,Football_MarketBlend_v1,48.0,-23.25,AWAY,UNDER,-0.25,-0.5,0.75
03977e2fadb000a89f6b3da8a5b174cd,2025-09-20,Football_MarketConsensus_v1,48.5,-23.5,,,0.0,0.0,0
03977e2fadb000a89f6b3da8a5b174cd,2025-09-20,Football_SpreadValue_v1,48.5,-22.75,AWAY,,-0.75,0.0,0.75
03977e2fadb000a89f6b3da8a5b174cd,2025-09-20,Football_TotalValue_v1,47.5,-23.5,,UNDER,0.0,-1.0,1.0
03d3f28e904cf8e05320709c03cbf06e,2025-10-04,Football_KeyNumberGuard_v1,52.0,14.0,,,0.0,0.0,0
03d3f28e904cf8e05320709c03cbf06e,2025-10-04,Football_LineMovement_v1,52.0,14.0,,,0.0,0.0,0
03d3f28e904cf8e05320709c03cbf06e,2025-10-04,Football_MarketBlend_v1,51.5,13.75,HOME,UNDER,0.25,-0.5,0.75
03d3f28e904cf8e05320709c03cbf06e,2025-10-04,Football_MarketConsensus_v1,52.0,14.0,,,0.0,0.0,0
03d3f28e904cf8e05320709c03cbf06e,2025-10-04,Football_SpreadValue_v1,52.0,13.25,HOME,,0.75,0.0,0.75
03d3f28e904cf8e05320709c03cbf06e,2025-10-04,Football_TotalValue_v1,51.0,14.0,,UNDER,0.0,-1.0,1.0
0427477ee198451d3b343adbb969dc75,2025-10-25,Football_KeyNumberGuard_v1,51.0,11.5,,,0.0,0.0,0
0427477ee198451d3b343adbb969dc75,2025-10-25,Football_LineMovement_v1,51.0,11.5,,,0.0,0.0,0
0427477ee198451d3b343adbb969dc75,2025-10-25,Football_MarketBlend_v1,50.5,11.25,HOME,UNDER,0.25,-0.5,0.75
0427477ee198451d3b343adbb969dc75,2025-10-25,Football_MarketConsensus_v1,51.0,11.5,,,0.0,0.0,0
0427477ee198451d3b343adbb969dc75,2025-10-25,Football_SpreadValue_v1,51.0,10.75,HOME,,0.75,0.0,0.75
0427477ee198451d3b343adbb969dc75,2025-10-25,Football_TotalValue_v1,50.0,11.5,,UNDER,0.0,-1.0,1.0
0428899902640b8db4774cf8c53379d2,2025-09-21,Football_KeyNumberGuard_v1,45.0,-12.0,,,0.0,0.0,0
0428899902640b8db4774cf8c53379d2,2025-09-21,Football_LineMovement_v1,45.0,-12.0,,,0.0,0.0,0
0428899902640b8db4774cf8c53379d2,2025-09-21,Football_MarketBlend_v1,44.5,-11.75,AWAY,UNDER,-0.25,-0.5,0.75
0428899902640b8db4774cf8c53379d2,2025-09-21,Football_MarketConsensus_v1,45.0,-12.0,,,0.0,0.0,0
0428899902640b8db4774cf8c53379d2,2025-09-21,Football_SpreadValue_v1,45.0,-11.25,AWAY,,-0.75,0.0,0.75
0428899902640b8db4774cf8c53379d2,2025-09-21,Football_TotalValue_v1,44.0,-12.0,,UNDER,0.0,-1.0,1.0
04cd118858c9a4749333439b29cdc548,2025-10-04,Football_KeyNumberGuard_v1,54.5,7.0,,,0.0,0.0,0
04cd118858c9a4749333439b29cdc548,2025-10-04,Football_LineMovement_v1,54.5,7.0,,,0.0,0.0,0
04cd118858c9a4749333439b29cdc548,2025-10-04,Football_MarketBlend_v1,54.0,6.75,,UNDER,0.25,-0.5,0.75
04cd118858c9a4749333439b29cdc548,2025-10-04,Football_MarketConsensus_v1,54.5,7.0,,,0.0,0.0,0
04cd118858c9a4749333439b29cdc548,2025-10-04,Football_SpreadValue_v1,54.5,6.25,HOME,,0.75,0.0,0.75
04cd118858c9a4749333439b29cdc548,2025-10-04,Football_TotalValue_v1,53.5,7.0,,UNDER,0.0,-1.0,1.0
04d0c72553f17ebc22509fb1b5926600,2026-09-12,Football_KeyNumberGuard_v1,54.5,-20.5,,,0.0,0.0,0
04d0c72553f17ebc22509fb1b5926600,2026-09-12,Football_LineMovement_v1,54.5,-20.5,,,0.0,0.0,0
04d0c72553f17ebc22509fb1b5926600,2026-09-12,Football_MarketBlend_v1,54.0,-20.25,AWAY,UNDER,-0.25,-0.5,0.75
04d0c72553f17ebc22509fb1b5926600,2026-09-12,Football_MarketConsensus_v1,54.5,-20.5,,,0.0,0.0,0
04d0c72553f17ebc22509fb1b5926600,2026-09-12,Football_SpreadValue_v1,54.5,-19.75,AWAY,,-0.75,0.0,0.75
04d0c72553f17ebc22509fb1b5926600,2026-09-12,Football_TotalValue_v1,53.5,-20.5,,UNDER,0.0,-1.0,1.0
04ec553198d4be4f4c61412514fa3ed6,2025-10-18,Football_KeyNumberGuard_v1,60.5,-3.5,,,0.0,0.0,0
04ec553198d4be4f4c61412514fa3ed6,2025-10-18,Football_LineMovement_v1,60.5,-3.5,,,0.0,0.0,0
04ec553198d4be4f4c61412514fa3ed6,2025-10-18,Football_MarketBlend_v1,60.0,-3.25,,UNDER,-0.25,-0.5,0.75
04ec553198d4be4f4c61412514fa3ed6,2025-10-18,Football_MarketConsensus_v1,60.5,-3.5,,,0.0,0.0,0
04ec553198d4be4f4c61412514fa3ed6,2025-10-18,Football_SpreadValue_v1,60.5,-2.75,AWAY,,-0.75,0.0,0.75
04ec553198d4be4f4c61412514fa3ed6,2025-10-18,Football_TotalValue_v1,59.5,-3.5,,UNDER,0.0,-1.0,1.0
05574125db5d3bc8c0a9f0ce97971957,2025-12-06,Football_KeyNumberGuard_v1,59.5,-5.0,,,0.0,0.0,0
05574125db5d3bc8c0a9f0ce97971957,2025-12-06,Football_LineMovement_v1,59.5,-5.0,,,0.0,0.0,0
05574125db5d3bc8c0a9f0ce97971957,2025-12-06,Football_MarketBlend_v1,59.0,-4.75,AWAY,UNDER,-0.25,-0.5,0.75
05574125db5d3bc8c0a9f0ce97971957,2025-12-06,Football_MarketConsensus_v1,59.5,-5.0,,,0.0,0.0,0
05574125db5d3bc8c0a9f0ce97971957,2025-12-06,Football_SpreadValue_v1,59.5,-4.25,AWAY,,-0.75,0.0,0.75
05574125db5d3bc8c0a9f0ce97971957,2025-12-06,Football_TotalValue_v1,58.5,-5.0,,UNDER,0.0,-1.0,1.0
05a8d6ea14b00a0173aef3a7114468ae,2025-08-28,Football_KeyNumberGuard_v1,46.75,-31.0,,,0.0,0.0,0
05a8d6ea14b00a0173aef3a7114468ae,2025-08-28,Football_LineMovement_v1,46.75,-31.0,,,0.0,0.0,0
05a8d6ea14b00a0173aef3a7114468ae,2025-08-28,Football_MarketBlend_v1,46.25,-30.75,AWAY,UNDER,-0.25,-0.5,0.75
05a8d6ea14b00a0173aef3a7114468ae,2025-08-28,Football_MarketConsensus_v1,46.75,-31.0,,,0.0,0.0,0
05a8d6ea14b00a0173aef3a7114468ae,2025-08-28,Football_SpreadValue_v1,46.75,-30.25,AWAY,,-0.75,0.0,0.75
05a8d6ea14b00a0173aef3a7114468ae,2025-08-28,Football_TotalValue_v1,45.75,-31.0,,UNDER,0.0,-1.0,1.0
0626d930549333f431b6e7700ffd7291,2025-10-04,Football_KeyNumberGuard_v1,52.5,5.5,,,0.0,0.0,0
0626d930549333f431b6e7700ffd7291,2025-10-04,Football_LineMovement_v1,52.5,5.5,,,0.0,0.0,0
0626d930549333f431b6e7700ffd7291,2025-10-04,Football_MarketBlend_v1,52.0,5.25,HOME,UNDER,0.25,-0.5,0.75
0626d930549333f431b6e7700ffd7291,2025-10-04,Football_MarketConsensus_v1,52.5,5.5,,,0.0,0.0,0
0626d930549333f431b6e7700ffd7291,2025-10-04,Football_SpreadValue_v1,52.5,4.75,HOME,,0.75,0.0,0.75
0626d930549333f431b6e7700ffd7291,2025-10-04,Football_TotalValue_v1,51.5,5.5,,UNDER,0.0,-1.0,1.0
0633819fa9e60ac71609cd40e1596b1b,2026-09-12,Football_KeyNumberGuard_v1,41.5,-14.0,,,0.0,0.0,0
0633819fa9e60ac71609cd40e1596b1b,2026-09-12,Football_LineMovement_v1,41.5,-14.0,,,0.0,0.0,0
0633819fa9e60ac71609cd40e1596b1b,2026-09-12,Football_MarketBlend_v1,42.0,-13.75,AWAY,OVER,-0.25,0.5,0.75
0633819fa9e60ac71609cd40e1596b1b,2026-09-12,Football_MarketConsensus_v1,41.5,-14.0,,,0.0,0.0,0
0633819fa9e60ac71609cd40e1596b1b,2026-09-12,Football_SpreadValue_v1,41.5,-13.25,AWAY,,-0.75,0.0,0.75
0633819fa9e60ac71609cd40e1596b1b,2026-09-12,Football_TotalValue_v1,42.5,-14.0,,OVER,0.0,1.0,1.0
065fb6a48a35eda8e711f8b37b9f8562,2025-10-19,Football_KeyNumberGuard_v1,49.5,-13.5,,,0.0,0.0,0
065fb6a48a35eda8e711f8b37b9f8562,2025-10-19,Football_LineMovement_v1,49.5,-13.5,,,0.0,0.0,0
065fb6a48a35eda8e711f8b37b9f8562,2025-10-19,Football_MarketBlend_v1,49.0,-13.25,AWAY,UNDER,-0.25,-0.5,0.75
065fb6a48a35eda8e711f8b37b9f8562,2025-10-19,Football_MarketConsensus_v1,49.5,-13.5,,,0.0,0.0,0
065fb6a48a35eda8e711f8b37b9f8562,2025-10-19,Football_SpreadValue_v1,49.5,-12.75,AWAY,,-0.75,0.0,0.75
065fb6a48a35eda8e711f8b37b9f8562,2025-10-19,Football_TotalValue_v1,48.5,-13.5,,UNDER,0.0,-1.0,1.0
06d8d06bf18254cb7da10f3df605b694,2025-09-13,Football_KeyNumberGuard_v1,47.5,-3.0,,,0.0,0.0,0
06d8d06bf18254cb7da10f3df605b694,2025-09-13,Football_LineMovement_v1,47.5,-3.0,,,0.0,0.0,0
06d8d06bf18254cb7da10f3df605b694,2025-09-13,Football_MarketBlend_v1,47.0,-2.75,,UNDER,-0.25,-0.5,0.75
06d8d06bf18254cb7da10f3df605b694,2025-09-13,Football_MarketConsensus_v1,47.5,-3.0,,,0.0,0.0,0
06d8d06bf18254cb7da10f3df605b694,2025-09-13,Football_SpreadValue_v1,47.5,-2.25,AWAY,,-0.75,0.0,0.75
06d8d06bf18254cb7da10f3df605b694,2025-09-13,Football_TotalValue_v1,46.5,-3.0,,UNDER,0.0,-1.0,1.0
078a33fd428923f0d673fd35a79edc42,2025-10-18,Football_KeyNumberGuard_v1,47.0,-8.5,,,0.0,0.0,0
078a33fd428923f0d673fd35a79edc42,2025-10-18,Football_LineMovement_v1,47.0,-8.5,,,0.0,0.0,0
078a33fd428923f0d673fd35a79edc42,2025-10-18,Football_MarketBlend_v1,46.5,-8.25,AWAY,UNDER,-0.25,-0.5,0.75
078a33fd428923f0d673fd35a79edc42,2025-10-18,Football_MarketConsensus_v1,47.0,-8.5,,,0.0,0.0,0
078a33fd428923f0d673fd35a79edc42,2025-10-18,Football_SpreadValue_v1,47.0,-7.75,AWAY,,-0.75,0.0,0.75
078a33fd428923f0d673fd35a79edc42,2025-10-18,Football_TotalValue_v1,46.0,-8.5,,UNDER,0.0,-1.0,1.0
07c10f14cd8f63779c9c32a0b015a62e,2025-10-25,Football_KeyNumberGuard_v1,47.5,14.0,,,0.0,0.0,0
07c10f14cd8f63779c9c32a0b015a62e,2025-10-25,Football_LineMovement_v1,47.5,14.0,,,0.0,0.0,0
07c10f14cd8f63779c9c32a0b015a62e,2025-10-25,Football_MarketBlend_v1,47.0,13.75,HOME,UNDER,0.25,-0.5,0.75
07c10f14cd8f63779c9c32a0b015a62e,2025-10-25,Football_MarketConsensus_v1,47.5,14.0,,,0.0,0.0,0
07c10f14cd8f63779c9c32a0b015a62e,2025-10-25,Football_SpreadValue_v1,47.5,13.25,HOME,,0.75,0.0,0.75
07c10f14cd8f63779c9c32a0b015a62e,2025-10-25,Football_TotalValue_v1,46.5,14.0,,UNDER,0.0,-1.0,1.0
08c34029ecc85b4a6d519f90f9082e56,2026-09-12,Football_KeyNumberGuard_v1,50.5,-1.5,,,0.0,0.0,0
08c34029ecc85b4a6d519f90f9082e56,2026-09-12,Football_LineMovement_v1,50.5,-1.5,,,0.0,0.0,0
08c34029ecc85b4a6d519f90f9082e56,2026-09-12,Football_MarketBlend_v1,50.0,-1.25,AWAY,UNDER,-0.25,-0.5,0.75
08c34029ecc85b4a6d519f90f9082e56,2026-09-12,Football_MarketConsensus_v1,50.5,-1.5,,,0.0,0.0,0
08c34029ecc85b4a6d519f90f9082e56,2026-09-12,Football_SpreadValue_v1,50.5,-0.75,AWAY,,-0.75,0.0,0.75
08c34029ecc85b4a6d519f90f9082e56,2026-09-12,Football_TotalValue_v1,49.5,-1.5,,UNDER,0.0,-1.0,1.0
08c5bac0240cbc3ba996fb55a75504f2,2026-09-12,Football_KeyNumberGuard_v1,65.5,-1.5,,,0.0,0.0,0
08c5bac0240cbc3ba996fb55a75504f2,2026-09-12,Football_LineMovement_v1,65.5,-1.5,,,0.0,0.0,0
08c5bac0240cbc3ba996fb55a75504f2,2026-09-12,Football_MarketBlend_v1,65.0,-1.25,AWAY,UNDER,-0.25,-0.5,0.75
08c5bac0240cbc3ba996fb55a75504f2,2026-09-12,Football_MarketConsensus_v1,65.5,-1.5,,,0.0,0.0,0
08c5bac0240cbc3ba996fb55a75504f2,2026-09-12,Football_SpreadValue_v1,65.5,-0.75,AWAY,,-0.75,0.0,0.75
08c5bac0240cbc3ba996fb55a75504f2,2026-09-12,Football_TotalValue_v1,64.5,-1.5,,UNDER,0.0,-1.0,1.0
08d8516f4e80463c999592cabffaab09,2025-09-13,Football_KeyNumberGuard_v1,61.5,-23.5,,,0.0,0.0,0
08d8516f4e80463c999592cabffaab09,2025-09-13,Football_LineMovement_v1,61.5,-23.5,,,0.0,0.0,0
08d8516f4e80463c999592cabffaab09,2025-09-13,Football_MarketBlend_v1,61.0,-23.25,AWAY,UNDER,-0.25,-0.5,0.75
08d8516f4e80463c999592cabffaab09,2025-09-13,Football_MarketConsensus_v1,61.5,-23.5,,,0.0,0.0,0
08d8516f4e80463c999592cabffaab09,2025-09-13,Football_SpreadValue_v1,61.5,-22.75,AWAY,,-0.75,0.0,0.75
08d8516f4e80463c999592cabffaab09,2025-09-13,Football_TotalValue_v1,60.5,-23.5,,UNDER,0.0,-1.0,1.0
08fe7e0a9a16b45419f955cb3ac4f443,2025-10-04,Football_KeyNumberGuard_v1,50.5,3.5,,,0.0,0.0,0
08fe7e0a9a16b45419f955cb3ac4f443,2025-10-04,Football_LineMovement_v1,50.5,3.5,,,0.0,0.0,0
08fe7e0a9a16b45419f955cb3ac4f443,2025-10-04,Football_MarketBlend_v1,50.0,3.25,,UNDER,0.25,-0.5,0.75
08fe7e0a9a16b45419f955cb3ac4f443,2025-10-04,Football_MarketConsensus_v1,50.5,3.5,,,0.0,0.0,0
08fe7e0a9a16b45419f955cb3ac4f443,2025-10-04,Football_SpreadValue_v1,50.5,2.75,HOME,,0.75,0.0,0.75
08fe7e0a9a16b45419f955cb3ac4f443,2025-10-04,Football_TotalValue_v1,49.5,3.5,,UNDER,0.0,-1.0,1.0
09043eb30bb7d92001afc88201788f05,2025-08-30,Football_KeyNumberGuard_v1,51.5,4.0,,,0.0,0.0,0
09043eb30bb7d92001afc88201788f05,2025-08-30,Football_LineMovement_v1,51.5,4.0,,,0.0,0.0,0
09043eb30bb7d92001afc88201788f05,2025-08-30,Football_MarketBlend_v1,51.0,3.75,HOME,UNDER,0.25,-0.5,0.75
09043eb30bb7d92001afc88201788f05,2025-08-30,Football_MarketConsensus_v1,51.5,4.0,,,0.0,0.0,0
09043eb30bb7d92001afc88201788f05,2025-08-30,Football_SpreadValue_v1,51.5,3.25,HOME,,0.75,0.0,0.75
09043eb30bb7d92001afc88201788f05,2025-08-30,Football_TotalValue_v1,50.5,4.0,,UNDER,0.0,-1.0,1.0
091114ab96129401a22aa7b2ba683ec1,2025-08-30,Football_KeyNumberGuard_v1,57.5,2.0,,,0.0,0.0,0
091114ab96129401a22aa7b2ba683ec1,2025-08-30,Football_LineMovement_v1,57.5,2.0,,,0.0,0.0,0
091114ab96129401a22aa7b2ba683ec1,2025-08-30,Football_MarketBlend_v1,57.0,1.75,HOME,UNDER,0.25,-0.5,0.75
091114ab96129401a22aa7b2ba683ec1,2025-08-30,Football_MarketConsensus_v1,57.5,2.0,,,0.0,0.0,0
091114ab96129401a22aa7b2ba683ec1,2025-08-30,Football_SpreadValue_v1,57.5,1.25,HOME,,0.75,0.0,0.75
091114ab96129401a22aa7b2ba683ec1,2025-08-30,Football_TotalValue_v1,56.5,2.0,,UNDER,0.0,-1.0,1.0
09386790d17406b6cf395cc3f5eb7a10,2025-09-27,Football_KeyNumberGuard_v1,42.5,1.5,,,0.0,0.0,0
09386790d17406b6cf395cc3f5eb7a10,2025-09-27,Football_LineMovement_v1,42.5,1.5,,,0.0,0.0,0
09386790d17406b6cf395cc3f5eb7a10,2025-09-27,Football_MarketBlend_v1,43.0,1.25,HOME,OVER,0.25,0.5,0.75
09386790d17406b6cf395cc3f5eb7a10,2025-09-27,Football_MarketConsensus_v1,42.5,1.5,,,0.0,0.0,0
09386790d17406b6cf395cc3f5eb7a10,2025-09-27,Football_SpreadValue_v1,42.5,0.75,HOME,,0.75,0.0,0.75
09386790d17406b6cf395cc3f5eb7a10,2025-09-27,Football_TotalValue_v1,43.5,1.5,,OVER,0.0,1.0,1.0
095df3e0d5e42c81f2ba3918568d6051,2025-08-30,Football_KeyNumberGuard_v1,60.5,-34.5,,,0.0,0.0,0
095df3e0d5e42c81f2ba3918568d6051,2025-08-30,Football_LineMovement_v1,60.5,-34.5,,,0.0,0.0,0
095df3e0d5e42c81f2ba3918568d6051,2025-08-30,Football_MarketBlend_v1,60.0,-34.25,AWAY,UNDER,-0.25,-0.5,0.75
095df3e0d5e42c81f2ba3918568d6051,2025-08-30,Football_MarketConsensus_v1,60.5,-34.5,,,0.0,0.0,0
095df3e0d5e42c81f2ba3918568d6051,2025-08-30,Football_SpreadValue_v1,60.5,-33.75,AWAY,,-0.75,0.0,0.75
095df3e0d5e42c81f2ba3918568d6051,2025-08-30,Football_TotalValue_v1,59.5,-34.5,,UNDER,0.0,-1.0,1.0
096152d72e2b70bde57ad5d547decab0,2025-11-22,Football_KeyNumberGuard_v1,57.5,-49.5,,,0.0,0.0,0
096152d72e2b70bde57ad5d547decab0,2025-11-22,Football_LineMovement_v1,57.5,-49.5,,,0.0,0.0,0
096152d72e2b70bde57ad5d547decab0,2025-11-22,Football_MarketBlend_v1,57.0,-49.25,AWAY,UNDER,-0.25,-0.5,0.75
096152d72e2b70bde57ad5d547decab0,2025-11-22,Football_MarketConsensus_v1,57.5,-49.5,,,0.0,0.0,0
096152d72e2b70bde57ad5d547decab0,2025-11-22,Football_SpreadValue_v1,57.5,-48.75,AWAY,,-0.75,0.0,0.75
096152d72e2b70bde57ad5d547decab0,2025-11-22,Football_TotalValue_v1,56.5,-49.5,,UNDER,0.0,-1.0,1.0
0983eaf1f34d2820503b25a9bc5ced6f,2026-01-09,Football_KeyNumberGuard_v1,46.0,-3.5,,,0.0,0.0,0
0983eaf1f34d2820503b25a9bc5ced6f,2026-01-09,Football_LineMovement_v1,46.0,-3.5,,,0.0,0.0,0
0983eaf1f34d2820503b25a9bc5ced6f,2026-01-09,Football_MarketBlend_v1,45.5,-3.25,,UNDER,-0.25,-0.5,0.75
0983eaf1f34d2820503b25a9bc5ced6f,2026-01-09,Football_MarketConsensus_v1,46.0,-3.5,,,0.0,0.0,0
0983eaf1f34d2820503b25a9bc5ced6f,2026-01-09,Football_SpreadValue_v1,46.0,-2.75,AWAY,,-0.75,0.0,0.75
0983eaf1f34d2820503b25a9bc5ced6f,2026-01-09,Football_TotalValue_v1,45.0,-3.5,,UNDER,0.0,-1.0,1.0
0993581f0f1861095ef3ee3b9b84ddbc,2025-11-16,Football_KeyNumberGuard_v1,68.0,-6.0,,,0.0,0.0,0
0993581f0f1861095ef3ee3b9b84ddbc,2025-11-16,Football_LineMovement_v1,68.0,-6.0,,,0.0,0.0,0
0993581f0f1861095ef3ee3b9b84ddbc,2025-11-16,Football_MarketBlend_v1,67.5,-5.75,AWAY,UNDER,-0.25,-0.5,0.75
0993581f0f1861095ef3ee3b9b84ddbc,2025-11-16,Football_MarketConsensus_v1,68.0,-6.0,,,0.0,0.0,0
0993581f0f1861095ef3ee3b9b84ddbc,2025-11-16,Football_SpreadValue_v1,68.0,-5.25,AWAY,,-0.75,0.0,0.75
0993581f0f1861095ef3ee3b9b84ddbc,2025-11-16,Football_TotalValue_v1,67.0,-6.0,,UNDER,0.0,-1.0,1.0
09d90f3370c02dea5e1eac347ffe476f,2025-11-29,Football_KeyNumberGuard_v1,57.5,-2.5,,,0.0,0.0,0
09d90f3370c02dea5e1eac347ffe476f,2025-11-29,Football_LineMovement_v1,57.5,-2.5,,,0.0,0.0,0
09d90f3370c02dea5e1eac347ffe476f,2025-11-29,Football_MarketBlend_v1,57.0,-2.25,,UNDER,-0.25,-0.5,0.75
09d90f3370c02dea5e1eac347ffe476f,2025-11-29,Football_MarketConsensus_v1,57.5,-2.5,,,0.0,0.0,0
09d90f3370c02dea5e1eac347ffe476f,2025-11-29,Football_SpreadValue_v1,57.5,-1.75,AWAY,,-0.75,0.0,0.75
09d90f3370c02dea5e1eac347ffe476f,2025-11-29,Football_TotalValue_v1,56.5,-2.5,,UNDER,0.0,-1.0,1.0
09dc8e89288cf0e0a7b356ecba1368bf,2025-10-18,Football_KeyNumberGuard_v1,43.5,-3.0,,,0.0,0.0,0
09dc8e89288cf0e0a7b356ecba1368bf,2025-10-18,Football_LineMovement_v1,43.5,-3.0,,,0.0,0.0,0
09dc8e89288cf0e0a7b356ecba1368bf,2025-10-18,Football_MarketBlend_v1,44.0,-2.75,,OVER,-0.25,0.5,0.75
09dc8e89288cf0e0a7b356ecba1368bf,2025-10-18,Football_MarketConsensus_v1,43.5,-3.0,,,0.0,0.0,0
09dc8e89288cf0e0a7b356ecba1368bf,2025-10-18,Football_SpreadValue_v1,43.5,-2.25,AWAY,,-0.75,0.0,0.75
09dc8e89288cf0e0a7b356ecba1368bf,2025-10-18,Football_TotalValue_v1,44.5,-3.0,,OVER,0.0,1.0,1.0
0a13bda89bf79d35ae4e7f26d142cbd3,2025-11-01,Football_KeyNumberGuard_v1,50.5,7.0,,,0.0,0.0,0
0a13bda89bf79d35ae4e7f26d142cbd3,2025-11-01,Football_LineMovement_v1,50.5,7.0,,,0.0,0.0,0
0a13bda89bf79d35ae4e7f26d142cbd3,2025-11-01,Football_MarketBlend_v1,50.0,6.75,,UNDER,0.25,-0.5,0.75
0a13bda89bf79d35ae4e7f26d142cbd3,2025-11-01,Football_MarketConsensus_v1,50.5,7.0,,,0.0,0.0,0
0a13bda89bf79d35ae4e7f26d142cbd3,2025-11-01,Football_SpreadValue_v1,50.5,6.25,HOME,,0.75,0.0,0.75
0a13bda89bf79d35ae4e7f26d142cbd3,2025-11-01,Football_TotalValue_v1,49.5,7.0,,UNDER,0.0,-1.0,1.0
0a3c900a4145e5d1e5cd73de1eb34ba7,2025-11-15,Football_KeyNumberGuard_v1,60.0,-3.0,,,0.0,0.0,0
0a3c900a4145e5d1e5cd73de1eb34ba7,2025-11-15,Football_LineMovement_v1,60.0,-3.0,,,0.0,0.0,0
0a3c900a4145e5d1e5cd73de1eb34ba7,2025-11-15,Football_MarketBlend_v1,59.5,-2.75,,UNDER,-0.25,-0.5,0.75
0a3c900a4145e5d1e5cd73de1eb34ba7,2025-11-15,Football_MarketConsensus_v1,60.0,-3.0,,,0.0,0.0,0
0a3c900a4145e5d1e5cd73de1eb34ba7,2025-11-15,Football_SpreadValue_v1,60.0,-2.25,AWAY,,-0.75,0.0,0.75
0a3c900a4145e5d1e5cd73de1eb34ba7,2025-11-15,Football_TotalValue_v1,59.0,-3.0,,UNDER,0.0,-1.0,1.0
0a43c1170a988e95d770ea59eff92696,2025-11-02,Football_KeyNumberGuard_v1,52.5,-8.5,,,0.0,0.0,0
0a43c1170a988e95d770ea59eff92696,2025-11-02,Football_LineMovement_v1,52.5,-8.5,,,0.0,0.0,0
0a43c1170a988e95d770ea59eff92696,2025-11-02,Football_MarketBlend_v1,52.0,-8.25,AWAY,UNDER,-0.25,-0.5,0.75
0a43c1170a988e95d770ea59eff92696,2025-11-02,Football_MarketConsensus_v1,52.5,-8.5,,,0.0,0.0,0
0a43c1170a988e95d770ea59eff92696,2025-11-02,Football_SpreadValue_v1,52.5,-7.75,AWAY,,-0.75,0.0,0.75
0a43c1170a988e95d770ea59eff92696,2025-11-02,Football_TotalValue_v1,51.5,-8.5,,UNDER,0.0,-1.0,1.0
0a6b6423d89be9817a0c8cd830e8cc0d,2026-09-12,Football_KeyNumberGuard_v1,57.0,-32.5,,,0.0,0.0,0
0a6b6423d89be9817a0c8cd830e8cc0d,2026-09-12,Football_LineMovement_v1,57.0,-32.5,,,0.0,0.0,0
0a6b6423d89be9817a0c8cd830e8cc0d,2026-09-12,Football_MarketBlend_v1,56.5,-32.25,AWAY,UNDER,-0.25,-0.5,0.75
0a6b6423d89be9817a0c8cd830e8cc0d,2026-09-12,Football_MarketConsensus_v1,57.0,-32.5,,,0.0,0.0,0
0a6b6423d89be9817a0c8cd830e8cc0d,2026-09-12,Football_SpreadValue_v1,57.0,-31.75,AWAY,,-0.75,0.0,0.75
0a6b6423d89be9817a0c8cd830e8cc0d,2026-09-12,Football_TotalValue_v1,56.0,-32.5,,UNDER,0.0,-1.0,1.0
0a99c4c19ec716237226adf6f20506ce,2025-09-20,Football_KeyNumberGuard_v1,48.5,-10.0,,,0.0,0.0,0
0a99c4c19ec716237226adf6f20506ce,2025-09-20,Football_LineMovement_v1,48.5,-10.0,,,0.0,0.0,0
0a99c4c19ec716237226adf6f20506ce,2025-09-20,Football_MarketBlend_v1,48.0,-9.75,,UNDER,-0.25,-0.5,0.75
0a99c4c19ec716237226adf6f20506ce,2025-09-20,Football_MarketConsensus_v1,48.5,-10.0,,,0.0,0.0,0
0a99c4c19ec716237226adf6f20506ce,2025-09-20,Football_SpreadValue_v1,48.5,-9.25,AWAY,,-0.75,0.0,0.75
0a99c4c19ec716237226adf6f20506ce,2025-09-20,Football_TotalValue_v1,47.5,-10.0,,UNDER,0.0,-1.0,1.0
0aa30bdb9295af4b13475b7aabb2cfea,2025-09-26,Football_KeyNumberGuard_v1,60.0,7.0,,,0.0,0.0,0
0aa30bdb9295af4b13475b7aabb2cfea,2025-09-26,Football_LineMovement_v1,60.0,7.0,,,0.0,0.0,0
0aa30bdb9295af4b13475b7aabb2cfea,2025-09-26,Football_MarketBlend_v1,59.5,6.75,,UNDER,0.25,-0.5,0.75
0aa30bdb9295af4b13475b7aabb2cfea,2025-09-26,Football_MarketConsensus_v1,60.0,7.0,,,0.0,0.0,0
0aa30bdb9295af4b13475b7aabb2cfea,2025-09-26,Football_SpreadValue_v1,60.0,6.25,HOME,,0.75,0.0,0.75
0aa30bdb9295af4b13475b7aabb2cfea,2025-09-26,Football_TotalValue_v1,59.0,7.0,,UNDER,0.0,-1.0,1.0
0aed7c08799beb9a4ed133518b11194a,2025-09-27,Football_KeyNumberGuard_v1,53.0,-3.5,,,0.0,0.0,0
0aed7c08799beb9a4ed133518b11194a,2025-09-27,Football_LineMovement_v1,53.0,-3.5,,,0.0,0.0,0
0aed7c08799beb9a4ed133518b11194a,2025-09-27,Football_MarketBlend_v1,52.5,-3.25,,UNDER,-0.25,-0.5,0.75
0aed7c08799beb9a4ed133518b11194a,2025-09-27,Football_MarketConsensus_v1,53.0,-3.5,,,0.0,0.0,0
0aed7c08799beb9a4ed133518b11194a,2025-09-27,Football_SpreadValue_v1,53.0,-2.75,AWAY,,-0.75,0.0,0.75
0aed7c08799beb9a4ed133518b11194a,2025-09-27,Football_TotalValue_v1,52.0,-3.5,,UNDER,0.0,-1.0,1.0
0bf97e02f7764b89a22261ca0e26867a,2025-11-29,Football_KeyNumberGuard_v1,56.5,2.0,,,0.0,0.0,0
0bf97e02f7764b89a22261ca0e26867a,2025-11-29,Football_LineMovement_v1,56.5,2.0,,,0.0,0.0,0
0bf97e02f7764b89a22261ca0e26867a,2025-11-29,Football_MarketBlend_v1,56.0,1.75,HOME,UNDER,0.25,-0.5,0.75
0bf97e02f7764b89a22261ca0e26867a,2025-11-29,Football_MarketConsensus_v1,56.5,2.0,,,0.0,0.0,0
0bf97e02f7764b89a22261ca0e26867a,2025-11-29,Football_SpreadValue_v1,56.5,1.25,HOME,,0.75,0.0,0.75
0bf97e02f7764b89a22261ca0e26867a,2025-11-29,Football_TotalValue_v1,55.5,2.0,,UNDER,0.0,-1.0,1.0
0c23a288344d38514845804a03b43fd3,2025-11-01,Football_KeyNumberGuard_v1,45.0,-11.0,,,0.0,0.0,0
0c23a288344d38514845804a03b43fd3,2025-11-01,Football_LineMovement_v1,45.0,-11.0,,,0.0,0.0,0
0c23a288344d38514845804a03b43fd3,2025-11-01,Football_MarketBlend_v1,44.5,-10.75,AWAY,UNDER,-0.25,-0.5,0.75
0c23a288344d38514845804a03b43fd3,2025-11-01,Football_MarketConsensus_v1,45.0,-11.0,,,0.0,0.0,0
0c23a288344d38514845804a03b43fd3,2025-11-01,Football_SpreadValue_v1,45.0,-10.25,AWAY,,-0.75,0.0,0.75
0c23a288344d38514845804a03b43fd3,2025-11-01,Football_TotalValue_v1,44.0,-11.0,,UNDER,0.0,-1.0,1.0
0c68f1ebc9e9f2bc6a8fb51e072e35b9,2026-09-12,Football_KeyNumberGuard_v1,45.5,-26.5,,,0.0,0.0,0
0c68f1ebc9e9f2bc6a8fb51e072e35b9,2026-09-12,Football_LineMovement_v1,45.5,-26.5,,,0.0,0.0,0
0c68f1ebc9e9f2bc6a8fb51e072e35b9,2026-09-12,Football_MarketBlend_v1,45.0,-26.25,AWAY,UNDER,-0.25,-0.5,0.75
0c68f1ebc9e9f2bc6a8fb51e072e35b9,2026-09-12,Football_MarketConsensus_v1,45.5,-26.5,,,0.0,0.0,0
0c68f1ebc9e9f2bc6a8fb51e072e35b9,2026-09-12,Football_SpreadValue_v1,45.5,-25.75,AWAY,,-0.75,0.0,0.75
0c68f1ebc9e9f2bc6a8fb51e072e35b9,2026-09-12,Football_TotalValue_v1,44.5,-26.5,,UNDER,0.0,-1.0,1.0
0c6d8e4de8cd331a55b0c998f5630bee,2025-11-01,Football_KeyNumberGuard_v1,55.0,-24.5,,,0.0,0.0,0
0c6d8e4de8cd331a55b0c998f5630bee,2025-11-01,Football_LineMovement_v1,55.0,-24.5,,,0.0,0.0,0
0c6d8e4de8cd331a55b0c998f5630bee,2025-11-01,Football_MarketBlend_v1,54.5,-24.25,AWAY,UNDER,-0.25,-0.5,0.75
0c6d8e4de8cd331a55b0c998f5630bee,2025-11-01,Football_MarketConsensus_v1,55.0,-24.5,,,0.0,0.0,0
0c6d8e4de8cd331a55b0c998f5630bee,2025-11-01,Football_SpreadValue_v1,55.0,-23.75,AWAY,,-0.75,0.0,0.75
0c6d8e4de8cd331a55b0c998f5630bee,2025-11-01,Football_TotalValue_v1,54.0,-24.5,,UNDER,0.0,-1.0,1.0
0c71c3230f930f30ac34160b38dbbaf0,2026-09-26,Football_KeyNumberGuard_v1,56.5,-3.0,,,0.0,0.0,0
0c71c3230f930f30ac34160b38dbbaf0,2026-09-26,Football_LineMovement_v1,56.5,-3.0,,,0.0,0.0,0
0c71c3230f930f30ac34160b38dbbaf0,2026-09-26,Football_MarketBlend_v1,56.5,-3.0,,,0.0,0.0,0
0c71c3230f930f30ac34160b38dbbaf0,2026-09-26,Football_MarketConsensus_v1,56.5,-3.0,,,0.0,0.0,0
0c71c3230f930f30ac34160b38dbbaf0,2026-09-26,Football_SpreadValue_v1,56.5,-3.0,,,0.0,0.0,0
0c71c3230f930f30ac34160b38dbbaf0,2026-09-26,Football_TotalValue_v1,56.5,-3.0,,,0.0,0.0,0
0d244c0f45b386c4306834705afb971f,2025-10-15,Football_KeyNumberGuard_v1,57.5,3.0,,,0.0,0.0,0
0d244c0f45b386c4306834705afb971f,2025-10-15,Football_LineMovement_v1,57.5,3.0,,,0.0,0.0,0
0d244c0f45b386c4306834705afb971f,2025-10-15,Football_MarketBlend_v1,57.0,2.75,,UNDER,0.25,-0.5,0.75
0d244c0f45b386c4306834705afb971f,2025-10-15,Football_MarketConsensus_v1,57.5,3.0,,,0.0,0.0,0
0d244c0f45b386c4306834705afb971f,2025-10-15,Football_SpreadValue_v1,57.5,2.25,HOME,,0.75,0.0,0.75
0d244c0f45b386c4306834705afb971f,2025-10-15,Football_TotalValue_v1,56.5,3.0,,UNDER,0.0,-1.0,1.0
0de6ce3fb8d1eddd40362f63a1c9a089,2025-11-01,Football_KeyNumberGuard_v1,49.0,-7.5,,,0.0,0.0,0
0de6ce3fb8d1eddd40362f63a1c9a089,2025-11-01,Football_LineMovement_v1,49.0,-7.5,,,0.0,0.0,0
0de6ce3fb8d1eddd40362f63a1c9a089,2025-11-01,Football_MarketBlend_v1,48.5,-7.25,,UNDER,-0.25,-0.5,0.75
0de6ce3fb8d1eddd40362f63a1c9a089,2025-11-01,Football_MarketConsensus_v1,49.0,-7.5,,,0.0,0.0,0
0de6ce3fb8d1eddd40362f63a1c9a089,2025-11-01,Football_SpreadValue_v1,49.0,-6.75,AWAY,,-0.75,0.0,0.75
0de6ce3fb8d1eddd40362f63a1c9a089,2025-11-01,Football_TotalValue_v1,48.0,-7.5,,UNDER,0.0,-1.0,1.0
0deeb2c4386d575a59e7437fe01d1f6f,2025-11-29,Football_KeyNumberGuard_v1,51.5,7.0,,,0.0,0.0,0
0deeb2c4386d575a59e7437fe01d1f6f,2025-11-29,Football_LineMovement_v1,51.5,7.0,,,0.0,0.0,0
0deeb2c4386d575a59e7437fe01d1f6f,2025-11-29,Football_MarketBlend_v1,51.0,6.75,,UNDER,0.25,-0.5,0.75
0deeb2c4386d575a59e7437fe01d1f6f,2025-11-29,Football_MarketConsensus_v1,51.5,7.0,,,0.0,0.0,0
0deeb2c4386d575a59e7437fe01d1f6f,2025-11-29,Football_SpreadValue_v1,51.5,6.25,HOME,,0.75,0.0,0.75
0deeb2c4386d575a59e7437fe01d1f6f,2025-11-29,Football_TotalValue_v1,50.5,7.0,,UNDER,0.0,-1.0,1.0
0e7c354355b8ba08cb3a05c2b209e097,2026-01-01,Football_KeyNumberGuard_v1,,-14.5,,,0.0,,0
0e7c354355b8ba08cb3a05c2b209e097,2026-01-01,Football_LineMovement_v1,,-14.5,,,0.0,,0
0e7c354355b8ba08cb3a05c2b209e097,2026-01-01,Football_MarketBlend_v1,,-14.25,AWAY,,-0.25,,0.25
0e7c354355b8ba08cb3a05c2b209e097,2026-01-01,Football_MarketConsensus_v1,,-14.5,,,0.0,,0
0e7c354355b8ba08cb3a05c2b209e097,2026-01-01,Football_SpreadValue_v1,,-13.75,AWAY,,-0.75,,0.75
0e7c354355b8ba08cb3a05c2b209e097,2026-01-01,Football_TotalValue_v1,,-14.5,,,0.0,,0
0e89e6be81e49b2e05f41ab688b362db,2025-12-30,Football_KeyNumberGuard_v1,49.5,-10.0,,,0.0,0.0,0
0e89e6be81e49b2e05f41ab688b362db,2025-12-30,Football_LineMovement_v1,49.5,-10.0,,,0.0,0.0,0
0e89e6be81e49b2e05f41ab688b362db,2025-12-30,Football_MarketBlend_v1,49.0,-9.75,,UNDER,-0.25,-0.5,0.75
0e89e6be81e49b2e05f41ab688b362db,2025-12-30,Football_MarketConsensus_v1,49.5,-10.0,,,0.0,0.0,0
0e89e6be81e49b2e05f41ab688b362db,2025-12-30,Football_SpreadValue_v1,49.5,-9.25,AWAY,,-0.75,0.0,0.75
0e89e6be81e49b2e05f41ab688b362db,2025-12-30,Football_TotalValue_v1,48.5,-10.0,,UNDER,0.0,-1.0,1.0
0ee5bcc393d7591e62d85d0090796cdc,2025-08-30,Football_KeyNumberGuard_v1,60.0,14.5,,,0.0,0.0,0
0ee5bcc393d7591e62d85d0090796cdc,2025-08-30,Football_LineMovement_v1,60.0,14.5,,,0.0,0.0,0
0ee5bcc393d7591e62d85d0090796cdc,2025-08-30,Football_MarketBlend_v1,59.5,14.25,HOME,UNDER,0.25,-0.5,0.75
0ee5bcc393d7591e62d85d0090796cdc,2025-08-30,Football_MarketConsensus_v1,60.0,14.5,,,0.0,0.0,0
0ee5bcc393d7591e62d85d0090796cdc,2025-08-30,Football_SpreadValue_v1,60.0,13.75,HOME,,0.75,0.0,0.75
0ee5bcc393d7591e62d85d0090796cdc,2025-08-30,Football_TotalValue_v1,59.0,14.5,,UNDER,0.0,-1.0,1.0
0f077fbc1706837ce351b4841cf850c9,2025-11-29,Football_KeyNumberGuard_v1,53.5,28.5,,,0.0,0.0,0
0f077fbc1706837ce351b4841cf850c9,2025-11-29,Football_LineMovement_v1,53.5,28.5,,,0.0,0.0,0
0f077fbc1706837ce351b4841cf850c9,2025-11-29,Football_MarketBlend_v1,53.0,28.25,HOME,UNDER,0.25,-0.5,0.75
0f077fbc1706837ce351b4841cf850c9,2025-11-29,Football_MarketConsensus_v1,53.5,28.5,,,0.0,0.0,0
0f077fbc1706837ce351b4841cf850c9,2025-11-29,Football_SpreadValue_v1,53.5,27.75,HOME,,0.75,0.0,0.75
0f077fbc1706837ce351b4841cf850c9,2025-11-29,Football_TotalValue_v1,52.5,28.5,,UNDER,0.0,-1.0,1.0
0f1ce102c69b3c21a363d3997879f16a,2025-11-28,Football_KeyNumberGuard_v1,60.5,10.5,,,0.0,0.0,0
0f1ce102c69b3c21a363d3997879f16a,2025-11-28,Football_LineMovement_v1,60.5,10.5,,,0.0,0.0,0
0f1ce102c69b3c21a363d3997879f16a,2025-11-28,Football_MarketBlend_v1,60.0,10.25,,UNDER,0.25,-0.5,0.75
0f1ce102c69b3c21a363d3997879f16a,2025-11-28,Football_MarketConsensus_v1,60.5,10.5,,,0.0,0.0,0
0f1ce102c69b3c21a363d3997879f16a,2025-11-28,Football_SpreadValue_v1,60.5,9.75,HOME,,0.75,0.0,0.75
0f1ce102c69b3c21a363d3997879f16a,2025-11-28,Football_TotalValue_v1,59.5,10.5,,UNDER,0.0,-1.0,1.0
0f7ab013d577d4ce6596cddb496a4e2e,2025-09-06,Football_KeyNumberGuard_v1,49.0,-34.5,,,0.0,0.0,0
0f7ab013d577d4ce6596cddb496a4e2e,2025-09-06,Football_LineMovement_v1,49.0,-34.5,,,0.0,0.0,0
0f7ab013d577d4ce6596cddb496a4e2e,2025-09-06,Football_MarketBlend_v1,48.5,-34.25,AWAY,UNDER,-0.25,-0.5,0.75
0f7ab013d577d4ce6596cddb496a4e2e,2025-09-06,Football_MarketConsensus_v1,49.0,-34.5,,,0.0,0.0,0
0f7ab013d577d4ce6596cddb496a4e2e,2025-09-06,Football_SpreadValue_v1,49.0,-33.75,AWAY,,-0.75,0.0,0.75
0f7ab013d577d4ce6596cddb496a4e2e,2025-09-06,Football_TotalValue_v1,48.0,-34.5,,UNDER,0.0,-1.0,1.0
0f885b0193a77ef9cf18cde250f58c17,2025-08-30,Football_KeyNumberGuard_v1,54.75,-30.5,,,0.0,0.0,0
0f885b0193a77ef9cf18cde250f58c17,2025-08-30,Football_LineMovement_v1,54.75,-30.5,,,0.0,0.0,0
0f885b0193a77ef9cf18cde250f58c17,2025-08-30,Football_MarketBlend_v1,54.25,-30.25,AWAY,UNDER,-0.25,-0.5,0.75
0f885b0193a77ef9cf18cde250f58c17,2025-08-30,Football_MarketConsensus_v1,54.75,-30.5,,,0.0,0.0,0
0f885b0193a77ef9cf18cde250f58c17,2025-08-30,Football_SpreadValue_v1,54.75,-29.75,AWAY,,-0.75,0.0,0.75
0f885b0193a77ef9cf18cde250f58c17,2025-08-30,Football_TotalValue_v1,53.75,-30.5,,UNDER,0.0,-1.0,1.0
0fddb3073ac2e4cf64b1fbab530bd46a,2025-09-27,Football_KeyNumberGuard_v1,63.5,-13.0,,,0.0,0.0,0
0fddb3073ac2e4cf64b1fbab530bd46a,2025-09-27,Football_LineMovement_v1,63.5,-13.0,,,0.0,0.0,0
0fddb3073ac2e4cf64b1fbab530bd46a,2025-09-27,Football_MarketBlend_v1,63.0,-12.75,AWAY,UNDER,-0.25,-0.5,0.75
0fddb3073ac2e4cf64b1fbab530bd46a,2025-09-27,Football_MarketConsensus_v1,63.5,-13.0,,,0.0,0.0,0
0fddb3073ac2e4cf64b1fbab530bd46a,2025-09-27,Football_SpreadValue_v1,63.5,-12.25,AWAY,,-0.75,0.0,0.75
0fddb3073ac2e4cf64b1fbab530bd46a,2025-09-27,Football_TotalValue_v1,62.5,-13.0,,UNDER,0.0,-1.0,1.0
1017c0ad63c09ffae97740888d8b1f78,2025-11-22,Football_KeyNumberGuard_v1,49.0,18.0,,,0.0,0.0,0
1017c0ad63c09ffae97740888d8b1f78,2025-11-22,Football_LineMovement_v1,49.0,18.0,,,0.0,0.0,0
1017c0ad63c09ffae97740888d8b1f78,2025-11-22,Football_MarketBlend_v1,48.5,17.75,HOME,UNDER,0.25,-0.5,0.75
1017c0ad63c09ffae97740888d8b1f78,2025-11-22,Football_MarketConsensus_v1,49.0,18.0,,,0.0,0.0,0
1017c0ad63c09ffae97740888d8b1f78,2025-11-22,Football_SpreadValue_v1,49.0,17.25,HOME,,0.75,0.0,0.75
1017c0ad63c09ffae97740888d8b1f78,2025-11-22,Football_TotalValue_v1,48.0,18.0,,UNDER,0.0,-1.0,1.0
10199f7e5c5b453746cded34d0b34e6f,2025-11-09,Football_KeyNumberGuard_v1,56.5,-1.5,,,0.0,0.0,0
10199f7e5c5b453746cded34d0b34e6f,2025-11-09,Football_LineMovement_v1,56.5,-1.5,,,0.0,0.0,0
10199f7e5c5b453746cded34d0b34e6f,2025-11-09,Football_MarketBlend_v1,56.0,-1.25,AWAY,UNDER,-0.25,-0.5,0.75
10199f7e5c5b453746cded34d0b34e6f,2025-11-09,Football_MarketConsensus_v1,56.5,-1.5,,,0.0,0.0,0
10199f7e5c5b453746cded34d0b34e6f,2025-11-09,Football_SpreadValue_v1,56.5,-0.75,AWAY,,-0.75,0.0,0.75
10199f7e5c5b453746cded34d0b34e6f,2025-11-09,Football_TotalValue_v1,55.5,-1.5,,UNDER,0.0,-1.0,1.0
103dcd715ce54d763f5d49157b11b2a2,2025-09-20,Football_KeyNumberGuard_v1,47.0,-7.0,,,0.0,0.0,0
103dcd715ce54d763f5d49157b11b2a2,2025-09-20,Football_LineMovement_v1,47.0,-7.0,,,0.0,0.0,0
103dcd715ce54d763f5d49157b11b2a2,2025-09-20,Football_MarketBlend_v1,46.5,-6.75,,UNDER,-0.25,-0.5,0.75
103dcd715ce54d763f5d49157b11b2a2,2025-09-20,Football_MarketConsensus_v1,47.0,-7.0,,,0.0,0.0,0
103dcd715ce54d763f5d49157b11b2a2,2025-09-20,Football_SpreadValue_v1,47.0,-6.25,AWAY,,-0.75,0.0,0.75
103dcd715ce54d763f5d49157b11b2a2,2025-09-20,Football_TotalValue_v1,46.0,-7.0,,UNDER,0.0,-1.0,1.0
10651a24aaafce3c973435290bb5cc58,2025-09-06,Football_KeyNumberGuard_v1,56.5,11.0,,,0.0,0.0,0
10651a24aaafce3c973435290bb5cc58,2025-09-06,Football_LineMovement_v1,56.5,11.0,,,0.0,0.0,0
10651a24aaafce3c973435290bb5cc58,2025-09-06,Football_MarketBlend_v1,56.0,10.75,HOME,UNDER,0.25,-0.5,0.75
10651a24aaafce3c973435290bb5cc58,2025-09-06,Football_MarketConsensus_v1,56.5,11.0,,,0.0,0.0,0
10651a24aaafce3c973435290bb5cc58,2025-09-06,Football_SpreadValue_v1,56.5,10.25,HOME,,0.75,0.0,0.75
10651a24aaafce3c973435290bb5cc58,2025-09-06,Football_TotalValue_v1,55.5,11.0,,UNDER,0.0,-1.0,1.0
108112065d320b9bc531736b51f1053f,2025-08-30,Football_KeyNumberGuard_v1,45.5,-6.0,,,0.0,0.0,0
108112065d320b9bc531736b51f1053f,2025-08-30,Football_LineMovement_v1,45.5,-6.0,,,0.0,0.0,0
108112065d320b9bc531736b51f1053f,2025-08-30,Football_MarketBlend_v1,45.0,-5.75,AWAY,UNDER,-0.25,-0.5,0.75
108112065d320b9bc531736b51f1053f,2025-08-30,Football_MarketConsensus_v1,45.5,-6.0,,,0.0,0.0,0
108112065d320b9bc531736b51f1053f,2025-08-30,Football_SpreadValue_v1,45.5,-5.25,AWAY,,-0.75,0.0,0.75
108112065d320b9bc531736b51f1053f,2025-08-30,Football_TotalValue_v1,44.5,-6.0,,UNDER,0.0,-1.0,1.0
10a111c1fd81ba0536dae762d6f9f933,2025-10-17,Football_KeyNumberGuard_v1,49.5,-12.5,,,0.0,0.0,0
10a111c1fd81ba0536dae762d6f9f933,2025-10-17,Football_LineMovement_v1,49.5,-12.5,,,0.0,0.0,0
10a111c1fd81ba0536dae762d6f9f933,2025-10-17,Football_MarketBlend_v1,49.0,-12.25,AWAY,UNDER,-0.25,-0.5,0.75
10a111c1fd81ba0536dae762d6f9f933,2025-10-17,Football_MarketConsensus_v1,49.5,-12.5,,,0.0,0.0,0
10a111c1fd81ba0536dae762d6f9f933,2025-10-17,Football_SpreadValue_v1,49.5,-11.75,AWAY,,-0.75,0.0,0.75
10a111c1fd81ba0536dae762d6f9f933,2025-10-17,Football_TotalValue_v1,48.5,-12.5,,UNDER,0.0,-1.0,1.0
115a258be837f0ab18a9e2c4482f49db,2025-11-16,Football_KeyNumberGuard_v1,55.0,-14.0,,,0.0,0.0,0
115a258be837f0ab18a9e2c4482f49db,2025-11-16,Football_LineMovement_v1,55.0,-14.0,,,0.0,0.0,0
115a258be837f0ab18a9e2c4482f49db,2025-11-16,Football_MarketBlend_v1,54.5,-13.75,AWAY,UNDER,-0.25,-0.5,0.75
115a258be837f0ab18a9e2c4482f49db,2025-11-16,Football_MarketConsensus_v1,55.0,-14.0,,,0.0,0.0,0
115a258be837f0ab18a9e2c4482f49db,2025-11-16,Football_SpreadValue_v1,55.0,-13.25,AWAY,,-0.75,0.0,0.75
115a258be837f0ab18a9e2c4482f49db,2025-11-16,Football_TotalValue_v1,54.0,-14.0,,UNDER,0.0,-1.0,1.0
116fcf63d006815e16ad77e27a1b7ec6,2025-09-06,Football_KeyNumberGuard_v1,58.5,3.5,,,0.0,0.0,0
116fcf63d006815e16ad77e27a1b7ec6,2025-09-06,Football_LineMovement_v1,58.5,3.5,,,0.0,0.0,0
116fcf63d006815e16ad77e27a1b7ec6,2025-09-06,Football_MarketBlend_v1,58.0,3.25,,UNDER,0.25,-0.5,0.75
116fcf63d006815e16ad77e27a1b7ec6,2025-09-06,Football_MarketConsensus_v1,58.5,3.5,,,0.0,0.0,0
116fcf63d006815e16ad77e27a1b7ec6,2025-09-06,Football_SpreadValue_v1,58.5,2.75,HOME,,0.75,0.0,0.75
116fcf63d006815e16ad77e27a1b7ec6,2025-09-06,Football_TotalValue_v1,57.5,3.5,,UNDER,0.0,-1.0,1.0
11fe13524675e4250d66d78223cf7671,2025-12-27,Football_KeyNumberGuard_v1,61.0,-5.5,,,0.0,0.0,0
11fe13524675e4250d66d78223cf7671,2025-12-27,Football_LineMovement_v1,61.0,-5.5,,,0.0,0.0,0
11fe13524675e4250d66d78223cf7671,2025-12-27,Football_MarketBlend_v1,60.5,-5.25,AWAY,UNDER,-0.25,-0.5,0.75
11fe13524675e4250d66d78223cf7671,2025-12-27,Football_MarketConsensus_v1,61.0,-5.5,,,0.0,0.0,0
11fe13524675e4250d66d78223cf7671,2025-12-27,Football_SpreadValue_v1,61.0,-4.75,AWAY,,-0.75,0.0,0.75
11fe13524675e4250d66d78223cf7671,2025-12-27,Football_TotalValue_v1,60.0,-5.5,,UNDER,0.0,-1.0,1.0
12046fc0c213511df41b0eac4fc599ca,2025-09-20,Football_KeyNumberGuard_v1,48.5,13.5,,,0.0,0.0,0
12046fc0c213511df41b0eac4fc599ca,2025-09-20,Football_LineMovement_v1,48.5,13.5,,,0.0,0.0,0
12046fc0c213511df41b0eac4fc599ca,2025-09-20,Football_MarketBlend_v1,48.0,13.25,HOME,UNDER,0.25,-0.5,0.75
12046fc0c213511df41b0eac4fc599ca,2025-09-20,Football_MarketConsensus_v1,48.5,13.5,,,0.0,0.0,0
12046fc0c213511df41b0eac4fc599ca,2025-09-20,Football_SpreadValue_v1,48.5,12.75,HOME,,0.75,0.0,0.75
12046fc0c213511df41b0eac4fc599ca,2025-09-20,Football_TotalValue_v1,47.5,13.5,,UNDER,0.0,-1.0,1.0
1218850e6d356283ca4fdbb33a2b4d33,2025-11-22,Football_KeyNumberGuard_v1,52.5,-17.5,,,0.0,0.0,0
1218850e6d356283ca4fdbb33a2b4d33,2025-11-22,Football_LineMovement_v1,52.5,-17.5,,,0.0,0.0,0
1218850e6d356283ca4fdbb33a2b4d33,2025-11-22,Football_MarketBlend_v1,52.0,-17.25,AWAY,UNDER,-0.25,-0.5,0.75
1218850e6d356283ca4fdbb33a2b4d33,2025-11-22,Football_MarketConsensus_v1,52.5,-17.5,,,0.0,0.0,0
1218850e6d356283ca4fdbb33a2b4d33,2025-11-22,Football_SpreadValue_v1,52.5,-16.75,AWAY,,-0.75,0.0,0.75
1218850e6d356283ca4fdbb33a2b4d33,2025-11-22,Football_TotalValue_v1,51.5,-17.5,,UNDER,0.0,-1.0,1.0
1248fc45fafc31ef759edb57607c1c0a,2025-10-30,Football_KeyNumberGuard_v1,55.5,6.5,,,0.0,0.0,0
1248fc45fafc31ef759edb57607c1c0a,2025-10-30,Football_LineMovement_v1,55.5,6.5,,,0.0,0.0,0
1248fc45fafc31ef759edb57607c1c0a,2025-10-30,Football_MarketBlend_v1,55.0,6.25,,UNDER,0.25,-0.5,0.75
1248fc45fafc31ef759edb57607c1c0a,2025-10-30,Football_MarketConsensus_v1,55.5,6.5,,,0.0,0.0,0
1248fc45fafc31ef759edb57607c1c0a,2025-10-30,Football_SpreadValue_v1,55.5,5.75,HOME,,0.75,0.0,0.75
1248fc45fafc31ef759edb57607c1c0a,2025-10-30,Football_TotalValue_v1,54.5,6.5,,UNDER,0.0,-1.0,1.0
125e9c0f6043227f58577c41cbd0e85b,2025-11-22,Football_KeyNumberGuard_v1,59.0,-10.5,,,0.0,0.0,0
125e9c0f6043227f58577c41cbd0e85b,2025-11-22,Football_LineMovement_v1,59.0,-10.5,,,0.0,0.0,0
125e9c0f6043227f58577c41cbd0e85b,2025-11-22,Football_MarketBlend_v1,58.5,-10.25,,UNDER,-0.25,-0.5,0.75
125e9c0f6043227f58577c41cbd0e85b,2025-11-22,Football_MarketConsensus_v1,59.0,-10.5,,,0.0,0.0,0
125e9c0f6043227f58577c41cbd0e85b,2025-11-22,Football_SpreadValue_v1,59.0,-9.75,AWAY,,-0.75,0.0,0.75
125e9c0f6043227f58577c41cbd0e85b,2025-11-22,Football_TotalValue_v1,58.0,-10.5,,UNDER,0.0,-1.0,1.0
12bd1537fbeb1dc2a7c5bffa180a01bc,2025-11-29,Football_KeyNumberGuard_v1,47.0,-10.0,,,0.0,0.0,0
12bd1537fbeb1dc2a7c5bffa180a01bc,2025-11-29,Football_LineMovement_v1,47.0,-10.0,,,0.0,0.0,0
12bd1537fbeb1dc2a7c5bffa180a01bc,2025-11-29,Football_MarketBlend_v1,46.5,-9.75,,UNDER,-0.25,-0.5,0.75
12bd1537fbeb1dc2a7c5bffa180a01bc,2025-11-29,Football_MarketConsensus_v1,47.0,-10.0,,,0.0,0.0,0
12bd1537fbeb1dc2a7c5bffa180a01bc,2025-11-29,Football_SpreadValue_v1,47.0,-9.25,AWAY,,-0.75,0.0,0.75
12bd1537fbeb1dc2a7c5bffa180a01bc,2025-11-29,Football_TotalValue_v1,46.0,-10.0,,UNDER,0.0,-1.0,1.0
1305956eb98f14b25577b43c51660d82,2025-11-08,Football_KeyNumberGuard_v1,66.0,-5.5,,,0.0,0.0,0
1305956eb98f14b25577b43c51660d82,2025-11-08,Football_LineMovement_v1,66.0,-5.5,,,0.0,0.0,0
1305956eb98f14b25577b43c51660d82,2025-11-08,Football_MarketBlend_v1,65.5,-5.25,AWAY,UNDER,-0.25,-0.5,0.75
1305956eb98f14b25577b43c51660d82,2025-11-08,Football_MarketConsensus_v1,66.0,-5.5,,,0.0,0.0,0
1305956eb98f14b25577b43c51660d82,2025-11-08,Football_SpreadValue_v1,66.0,-4.75,AWAY,,-0.75,0.0,0.75
1305956eb98f14b25577b43c51660d82,2025-11-08,Football_TotalValue_v1,65.0,-5.5,,UNDER,0.0,-1.0,1.0
1315865c1c958e97430d9dfcd7e9fb66,2025-12-07,Football_KeyNumberGuard_v1,55.5,3.5,,,0.0,0.0,0
1315865c1c958e97430d9dfcd7e9fb66,2025-12-07,Football_LineMovement_v1,55.5,3.5,,,0.0,0.0,0
1315865c1c958e97430d9dfcd7e9fb66,2025-12-07,Football_MarketBlend_v1,55.5,3.5,,,0.0,0.0,0
1315865c1c958e97430d9dfcd7e9fb66,2025-12-07,Football_MarketConsensus_v1,55.5,3.5,,,0.0,0.0,0
1315865c1c958e97430d9dfcd7e9fb66,2025-12-07,Football_SpreadValue_v1,55.5,3.5,,,0.0,0.0,0
1315865c1c958e97430d9dfcd7e9fb66,2025-12-07,Football_TotalValue_v1,55.5,3.5,,,0.0,0.0,0
139289c50a551da95bd2eabf6369f603,2025-09-13,Football_KeyNumberGuard_v1,56.0,21.5,,,0.0,0.0,0
139289c50a551da95bd2eabf6369f603,2025-09-13,Football_LineMovement_v1,56.0,21.5,,,0.0,0.0,0
139289c50a551da95bd2eabf6369f603,2025-09-13,Football_MarketBlend_v1,55.5,21.25,HOME,UNDER,0.25,-0.5,0.75
139289c50a551da95bd2eabf6369f603,2025-09-13,Football_MarketConsensus_v1,56.0,21.5,,,0.0,0.0,0
139289c50a551da95bd2eabf6369f603,2025-09-13,Football_SpreadValue_v1,56.0,20.75,HOME,,0.75,0.0,0.75
139289c50a551da95bd2eabf6369f603,2025-09-13,Football_TotalValue_v1,55.0,21.5,,UNDER,0.0,-1.0,1.0
13ced0e9ea8ed17742771c1f5aef349e,2025-11-23,Football_KeyNumberGuard_v1,56.5,18.0,,,0.0,0.0,0
13ced0e9ea8ed17742771c1f5aef349e,2025-11-23,Football_LineMovement_v1,56.5,18.0,,,0.0,0.0,0
13ced0e9ea8ed17742771c1f5aef349e,2025-11-23,Football_MarketBlend_v1,56.0,17.75,HOME,UNDER,0.25,-0.5,0.75
13ced0e9ea8ed17742771c1f5aef349e,2025-11-23,Football_MarketConsensus_v1,56.5,18.0,,,0.0,0.0,0
13ced0e9ea8ed17742771c1f5aef349e,2025-11-23,Football_SpreadValue_v1,56.5,17.25,HOME,,0.75,0.0,0.75
13ced0e9ea8ed17742771c1f5aef349e,2025-11-23,Football_TotalValue_v1,55.5,18.0,,UNDER,0.0,-1.0,1.0
13dee23ac75967bb3de963098e51b050,2025-11-29,Football_KeyNumberGuard_v1,51.0,-7.5,,,0.0,0.0,0
13dee23ac75967bb3de963098e51b050,2025-11-29,Football_LineMovement_v1,51.0,-7.5,,,0.0,0.0,0
13dee23ac75967bb3de963098e51b050,2025-11-29,Football_MarketBlend_v1,50.5,-7.25,,UNDER,-0.25,-0.5,0.75
13dee23ac75967bb3de963098e51b050,2025-11-29,Football_MarketConsensus_v1,51.0,-7.5,,,0.0,0.0,0
13dee23ac75967bb3de963098e51b050,2025-11-29,Football_SpreadValue_v1,51.0,-6.75,AWAY,,-0.75,0.0,0.75
13dee23ac75967bb3de963098e51b050,2025-11-29,Football_TotalValue_v1,50.0,-7.5,,UNDER,0.0,-1.0,1.0
13e04598f89948bf768f8f5456c9bc66,2025-09-20,Football_KeyNumberGuard_v1,44.5,-10.5,,,0.0,0.0,0
13e04598f89948bf768f8f5456c9bc66,2025-09-20,Football_LineMovement_v1,44.5,-10.5,,,0.0,0.0,0
13e04598f89948bf768f8f5456c9bc66,2025-09-20,Football_MarketBlend_v1,45.0,-10.25,,OVER,-0.25,0.5,0.75
13e04598f89948bf768f8f5456c9bc66,2025-09-20,Football_MarketConsensus_v1,44.5,-10.5,,,0.0,0.0,0
13e04598f89948bf768f8f5456c9bc66,2025-09-20,Football_SpreadValue_v1,44.5,-9.75,AWAY,,-0.75,0.0,0.75
13e04598f89948bf768f8f5456c9bc66,2025-09-20,Football_TotalValue_v1,45.5,-10.5,,OVER,0.0,1.0,1.0
1400414373023c7d699f70c811b981c0,2025-11-08,Football_KeyNumberGuard_v1,56.5,6.0,,,0.0,0.0,0
1400414373023c7d699f70c811b981c0,2025-11-08,Football_LineMovement_v1,56.5,6.0,,,0.0,0.0,0
1400414373023c7d699f70c811b981c0,2025-11-08,Football_MarketBlend_v1,56.0,5.75,HOME,UNDER,0.25,-0.5,0.75
1400414373023c7d699f70c811b981c0,2025-11-08,Football_MarketConsensus_v1,56.5,6.0,,,0.0,0.0,0
1400414373023c7d699f70c811b981c0,2025-11-08,Football_SpreadValue_v1,56.5,5.25,HOME,,0.75,0.0,0.75
1400414373023c7d699f70c811b981c0,2025-11-08,Football_TotalValue_v1,55.5,6.0,,UNDER,0.0,-1.0,1.0
140129cd7d0dc8e98b52a47a682134ec,2025-10-18,Football_KeyNumberGuard_v1,47.5,-10.5,,,0.0,0.0,0
140129cd7d0dc8e98b52a47a682134ec,2025-10-18,Football_LineMovement_v1,47.5,-10.5,,,0.0,0.0,0
140129cd7d0dc8e98b52a47a682134ec,2025-10-18,Football_MarketBlend_v1,47.0,-10.25,,UNDER,-0.25,-0.5,0.75
140129cd7d0dc8e98b52a47a682134ec,2025-10-18,Football_MarketConsensus_v1,47.5,-10.5,,,0.0,0.0,0
140129cd7d0dc8e98b52a47a682134ec,2025-10-18,Football_SpreadValue_v1,47.5,-9.75,AWAY,,-0.75,0.0,0.75
140129cd7d0dc8e98b52a47a682134ec,2025-10-18,Football_TotalValue_v1,46.5,-10.5,,UNDER,0.0,-1.0,1.0
1427645d6020f742eece986c58bdb29d,2026-09-12,Football_KeyNumberGuard_v1,57.0,-4.0,,,0.0,0.0,0
1427645d6020f742eece986c58bdb29d,2026-09-12,Football_LineMovement_v1,57.0,-4.0,,,0.0,0.0,0
1427645d6020f742eece986c58bdb29d,2026-09-12,Football_MarketBlend_v1,56.5,-3.75,AWAY,UNDER,-0.25,-0.5,0.75
1427645d6020f742eece986c58bdb29d,2026-09-12,Football_MarketConsensus_v1,57.0,-4.0,,,0.0,0.0,0
1427645d6020f742eece986c58bdb29d,2026-09-12,Football_SpreadValue_v1,57.0,-3.25,AWAY,,-0.75,0.0,0.75
1427645d6020f742eece986c58bdb29d,2026-09-12,Football_TotalValue_v1,56.0,-4.0,,UNDER,0.0,-1.0,1.0
14620ae05bec8eaa19ca94156c71dff2,2026-09-12,Football_KeyNumberGuard_v1,54.5,-13.5,,,0.0,0.0,0
14620ae05bec8eaa19ca94156c71dff2,2026-09-12,Football_LineMovement_v1,54.5,-13.5,,,0.0,0.0,0
14620ae05bec8eaa19ca94156c71dff2,2026-09-12,Football_MarketBlend_v1,54.0,-13.25,AWAY,UNDER,-0.25,-0.5,0.75
14620ae05bec8eaa19ca94156c71dff2,2026-09-12,Football_MarketConsensus_v1,54.5,-13.5,,,0.0,0.0,0
14620ae05bec8eaa19ca94156c71dff2,2026-09-12,Football_SpreadValue_v1,54.5,-12.75,AWAY,,-0.75,0.0,0.75
14620ae05bec8eaa19ca94156c71dff2,2026-09-12,Football_TotalValue_v1,53.5,-13.5,,UNDER,0.0,-1.0,1.0
14a129638d680c27d25390e3783d7ea2,2025-11-08,Football_KeyNumberGuard_v1,51.5,-8.0,,,0.0,0.0,0
14a129638d680c27d25390e3783d7ea2,2025-11-08,Football_LineMovement_v1,51.5,-8.0,,,0.0,0.0,0
14a129638d680c27d25390e3783d7ea2,2025-11-08,Football_MarketBlend_v1,51.0,-7.75,AWAY,UNDER,-0.25,-0.5,0.75
14a129638d680c27d25390e3783d7ea2,2025-11-08,Football_MarketConsensus_v1,51.5,-8.0,,,0.0,0.0,0
14a129638d680c27d25390e3783d7ea2,2025-11-08,Football_SpreadValue_v1,51.5,-7.25,AWAY,,-0.75,0.0,0.75
14a129638d680c27d25390e3783d7ea2,2025-11-08,Football_TotalValue_v1,50.5,-8.0,,UNDER,0.0,-1.0,1.0
14bc81696f296c5d32ac03e798aa6293,2026-09-12,Football_KeyNumberGuard_v1,57.5,-20.5,,,0.0,0.0,0
14bc81696f296c5d32ac03e798aa6293,2026-09-12,Football_LineMovement_v1,57.5,-20.5,,,0.0,0.0,0
14bc81696f296c5d32ac03e798aa6293,2026-09-12,Football_MarketBlend_v1,57.0,-20.25,AWAY,UNDER,-0.25,-0.5,0.75
14bc81696f296c5d32ac03e798aa6293,2026-09-12,Football_MarketConsensus_v1,57.5,-20.5,,,0.0,0.0,0
14bc81696f296c5d32ac03e798aa6293,2026-09-12,Football_SpreadValue_v1,57.5,-19.75,AWAY,,-0.75,0.0,0.75
14bc81696f296c5d32ac03e798aa6293,2026-09-12,Football_TotalValue_v1,56.5,-20.5,,UNDER,0.0,-1.0,1.0
15fc1863106a88d0c4fbbab5fb4104d8,2025-09-13,Football_KeyNumberGuard_v1,54.5,1.0,,,0.0,0.0,0
15fc1863106a88d0c4fbbab5fb4104d8,2025-09-13,Football_LineMovement_v1,54.5,1.0,,,0.0,0.0,0
15fc1863106a88d0c4fbbab5fb4104d8,2025-09-13,Football_MarketBlend_v1,54.0,0.75,HOME,UNDER,0.25,-0.5,0.75
15fc1863106a88d0c4fbbab5fb4104d8,2025-09-13,Football_MarketConsensus_v1,54.5,1.0,,,0.0,0.0,0
15fc1863106a88d0c4fbbab5fb4104d8,2025-09-13,Football_SpreadValue_v1,54.5,0.25,HOME,,0.75,0.0,0.75
15fc1863106a88d0c4fbbab5fb4104d8,2025-09-13,Football_TotalValue_v1,53.5,1.0,,UNDER,0.0,-1.0,1.0
1637d24e5e78c310cc3a006e53d93d24,2025-09-06,Football_KeyNumberGuard_v1,45.0,-14.5,,,0.0,0.0,0
1637d24e5e78c310cc3a006e53d93d24,2025-09-06,Football_LineMovement_v1,45.0,-14.5,,,0.0,0.0,0
1637d24e5e78c310cc3a006e53d93d24,2025-09-06,Football_MarketBlend_v1,44.5,-14.25,AWAY,UNDER,-0.25,-0.5,0.75
1637d24e5e78c310cc3a006e53d93d24,2025-09-06,Football_MarketConsensus_v1,45.0,-14.5,,,0.0,0.0,0
1637d24e5e78c310cc3a006e53d93d24,2025-09-06,Football_SpreadValue_v1,45.0,-13.75,AWAY,,-0.75,0.0,0.75
1637d24e5e78c310cc3a006e53d93d24,2025-09-06,Football_TotalValue_v1,44.0,-14.5,,UNDER,0.0,-1.0,1.0
164279d656466280a5aae94c4a56855c,2025-09-07,Football_KeyNumberGuard_v1,56.5,-31.5,,,0.0,0.0,0
164279d656466280a5aae94c4a56855c,2025-09-07,Football_LineMovement_v1,56.5,-31.5,,,0.0,0.0,0
164279d656466280a5aae94c4a56855c,2025-09-07,Football_MarketBlend_v1,56.0,-31.25,AWAY,UNDER,-0.25,-0.5,0.75
164279d656466280a5aae94c4a56855c,2025-09-07,Football_MarketConsensus_v1,56.5,-31.5,,,0.0,0.0,0
164279d656466280a5aae94c4a56855c,2025-09-07,Football_SpreadValue_v1,56.5,-30.75,AWAY,,-0.75,0.0,0.75
164279d656466280a5aae94c4a56855c,2025-09-07,Football_TotalValue_v1,55.5,-31.5,,UNDER,0.0,-1.0,1.0
169eeab0821162439c0ecf53db53f018,2026-01-09,Football_KeyNumberGuard_v1,52.5,3.0,,,0.0,0.0,0
169eeab0821162439c0ecf53db53f018,2026-01-09,Football_LineMovement_v1,52.5,3.0,,,0.0,0.0,0
169eeab0821162439c0ecf53db53f018,2026-01-09,Football_MarketBlend_v1,52.0,2.75,,UNDER,0.25,-0.5,0.75
169eeab0821162439c0ecf53db53f018,2026-01-09,Football_MarketConsensus_v1,52.5,3.0,,,0.0,0.0,0
169eeab0821162439c0ecf53db53f018,2026-01-09,Football_SpreadValue_v1,52.5,2.25,HOME,,0.75,0.0,0.75
169eeab0821162439c0ecf53db53f018,2026-01-09,Football_TotalValue_v1,51.5,3.0,,UNDER,0.0,-1.0,1.0
16d1658b495dc746aed5d921ffbae9a9,2025-10-04,Football_KeyNumberGuard_v1,51.5,13.5,,,0.0,0.0,0
16d1658b495dc746aed5d921ffbae9a9,2025-10-04,Football_LineMovement_v1,51.5,13.5,,,0.0,0.0,0
16d1658b495dc746aed5d921ffbae9a9,2025-10-04,Football_MarketBlend_v1,51.0,13.25,HOME,UNDER,0.25,-0.5,0.75
16d1658b495dc746aed5d921ffbae9a9,2025-10-04,Football_MarketConsensus_v1,51.5,13.5,,,0.0,0.0,0
16d1658b495dc746aed5d921ffbae9a9,2025-10-04,Football_SpreadValue_v1,51.5,12.75,HOME,,0.75,0.0,0.75
16d1658b495dc746aed5d921ffbae9a9,2025-10-04,Football_TotalValue_v1,50.5,13.5,,UNDER,0.0,-1.0,1.0
171952045c3039d592807265d36b60d0,2026-09-04,Football_KeyNumberGuard_v1,53.5,-4.5,,,0.0,0.0,0
171952045c3039d592807265d36b60d0,2026-09-04,Football_LineMovement_v1,53.5,-4.5,,,0.0,0.0,0
171952045c3039d592807265d36b60d0,2026-09-04,Football_MarketBlend_v1,53.0,-4.25,AWAY,UNDER,-0.25,-0.5,0.75
171952045c3039d592807265d36b60d0,2026-09-04,Football_MarketConsensus_v1,53.5,-4.5,,,0.0,0.0,0
171952045c3039d592807265d36b60d0,2026-09-04,Football_SpreadValue_v1,53.5,-3.75,AWAY,,-0.75,0.0,0.75
171952045c3039d592807265d36b60d0,2026-09-04,Football_TotalValue_v1,52.5,-4.5,,UNDER,0.0,-1.0,1.0
1719a33bcb26ce3c5119d8dbbe883d08,2025-10-18,Football_KeyNumberGuard_v1,47.0,2.0,,,0.0,0.0,0
1719a33bcb26ce3c5119d8dbbe883d08,2025-10-18,Football_LineMovement_v1,47.0,2.0,,,0.0,0.0,0
1719a33bcb26ce3c5119d8dbbe883d08,2025-10-18,Football_MarketBlend_v1,46.5,1.75,HOME,UNDER,0.25,-0.5,0.75
1719a33bcb26ce3c5119d8dbbe883d08,2025-10-18,Football_MarketConsensus_v1,47.0,2.0,,,0.0,0.0,0
1719a33bcb26ce3c5119d8dbbe883d08,2025-10-18,Football_SpreadValue_v1,47.0,1.25,HOME,,0.75,0.0,0.75
1719a33bcb26ce3c5119d8dbbe883d08,2025-10-18,Football_TotalValue_v1,46.0,2.0,,UNDER,0.0,-1.0,1.0
175e98e745271259421b397d967614a9,2025-10-04,Football_KeyNumberGuard_v1,61.5,-42.5,,,0.0,0.0,0
175e98e745271259421b397d967614a9,2025-10-04,Football_LineMovement_v1,61.5,-42.5,,,0.0,0.0,0
175e98e745271259421b397d967614a9,2025-10-04,Football_MarketBlend_v1,61.0,-42.25,AWAY,UNDER,-0.25,-0.5,0.75
175e98e745271259421b397d967614a9,2025-10-04,Football_MarketConsensus_v1,61.5,-42.5,,,0.0,0.0,0
175e98e745271259421b397d967614a9,2025-10-04,Football_SpreadValue_v1,61.5,-41.75,AWAY,,-0.75,0.0,0.75
175e98e745271259421b397d967614a9,2025-10-04,Football_TotalValue_v1,60.5,-42.5,,UNDER,0.0,-1.0,1.0
176037d5736e9239feb4521785de46ff,2026-01-09,Football_KeyNumberGuard_v1,50.0,-9.5,,,0.0,0.0,0
176037d5736e9239feb4521785de46ff,2026-01-09,Football_LineMovement_v1,50.0,-9.5,,,0.0,0.0,0
176037d5736e9239feb4521785de46ff,2026-01-09,Football_MarketBlend_v1,49.5,-9.25,,UNDER,-0.25,-0.5,0.75
176037d5736e9239feb4521785de46ff,2026-01-09,Football_MarketConsensus_v1,50.0,-9.5,,,0.0,0.0,0
176037d5736e9239feb4521785de46ff,2026-01-09,Football_SpreadValue_v1,50.0,-8.75,AWAY,,-0.75,0.0,0.75
176037d5736e9239feb4521785de46ff,2026-01-09,Football_TotalValue_v1,49.0,-9.5,,UNDER,0.0,-1.0,1.0
17add79d604adf8b590ad1dc8f5cab4e,2025-10-11,Football_KeyNumberGuard_v1,47.5,6.5,,,0.0,0.0,0
17add79d604adf8b590ad1dc8f5cab4e,2025-10-11,Football_LineMovement_v1,47.5,6.5,,,0.0,0.0,0
17add79d604adf8b590ad1dc8f5cab4e,2025-10-11,Football_MarketBlend_v1,47.0,6.25,,UNDER,0.25,-0.5,0.75
17add79d604adf8b590ad1dc8f5cab4e,2025-10-11,Football_MarketConsensus_v1,47.5,6.5,,,0.0,0.0,0
17add79d604adf8b590ad1dc8f5cab4e,2025-10-11,Football_SpreadValue_v1,47.5,5.75,HOME,,0.75,0.0,0.75
17add79d604adf8b590ad1dc8f5cab4e,2025-10-11,Football_TotalValue_v1,46.5,6.5,,UNDER,0.0,-1.0,1.0
1803d7f4d655fb3f6d5f39fcfd893b96,2025-08-31,Football_KeyNumberGuard_v1,51.5,-7.0,,,0.0,0.0,0
1803d7f4d655fb3f6d5f39fcfd893b96,2025-08-31,Football_LineMovement_v1,51.5,-7.0,,,0.0,0.0,0
1803d7f4d655fb3f6d5f39fcfd893b96,2025-08-31,Football_MarketBlend_v1,51.0,-6.75,,UNDER,-0.25,-0.5,0.75
1803d7f4d655fb3f6d5f39fcfd893b96,2025-08-31,Football_MarketConsensus_v1,51.5,-7.0,,,0.0,0.0,0
1803d7f4d655fb3f6d5f39fcfd893b96,2025-08-31,Football_SpreadValue_v1,51.5,-6.25,AWAY,,-0.75,0.0,0.75
1803d7f4d655fb3f6d5f39fcfd893b96,2025-08-31,Football_TotalValue_v1,50.5,-7.0,,UNDER,0.0,-1.0,1.0
181186b4a0b636da7b07c536fafebdfa,2025-11-16,Football_KeyNumberGuard_v1,41.5,-2.0,,,0.0,0.0,0
181186b4a0b636da7b07c536fafebdfa,2025-11-16,Football_LineMovement_v1,41.5,-2.0,,,0.0,0.0,0
181186b4a0b636da7b07c536fafebdfa,2025-11-16,Football_MarketBlend_v1,42.0,-1.75,AWAY,OVER,-0.25,0.5,0.75
181186b4a0b636da7b07c536fafebdfa,2025-11-16,Football_MarketConsensus_v1,41.5,-2.0,,,0.0,0.0,0
181186b4a0b636da7b07c536fafebdfa,2025-11-16,Football_SpreadValue_v1,41.5,-1.25,AWAY,,-0.75,0.0,0.75
181186b4a0b636da7b07c536fafebdfa,2025-11-16,Football_TotalValue_v1,42.5,-2.0,,OVER,0.0,1.0,1.0
1814879e45bd0008dd1182de86f8c3ae,2025-10-12,Football_KeyNumberGuard_v1,54.5,-7.5,,,0.0,0.0,0
1814879e45bd0008dd1182de86f8c3ae,2025-10-12,Football_LineMovement_v1,54.5,-7.5,,,0.0,0.0,0
1814879e45bd0008dd1182de86f8c3ae,2025-10-12,Football_MarketBlend_v1,54.0,-7.25,,UNDER,-0.25,-0.5,0.75
1814879e45bd0008dd1182de86f8c3ae,2025-10-12,Football_MarketConsensus_v1,54.5,-7.5,,,0.0,0.0,0
1814879e45bd0008dd1182de86f8c3ae,2025-10-12,Football_SpreadValue_v1,54.5,-6.75,AWAY,,-0.75,0.0,0.75
1814879e45bd0008dd1182de86f8c3ae,2025-10-12,Football_TotalValue_v1,53.5,-7.5,,UNDER,0.0,-1.0,1.0
181afdc9ce2683ff7c1debad66022351,2025-11-30,Football_KeyNumberGuard_v1,46.5,5.5,,,0.0,0.0,0
181afdc9ce2683ff7c1debad66022351,2025-11-30,Football_LineMovement_v1,46.5,5.5,,,0.0,0.0,0
181afdc9ce2683ff7c1debad66022351,2025-11-30,Football_MarketBlend_v1,46.0,5.25,HOME,UNDER,0.25,-0.5,0.75
181afdc9ce2683ff7c1debad66022351,2025-11-30,Football_MarketConsensus_v1,46.5,5.5,,,0.0,0.0,0
181afdc9ce2683ff7c1debad66022351,2025-11-30,Football_SpreadValue_v1,46.5,4.75,HOME,,0.75,0.0,0.75
181afdc9ce2683ff7c1debad66022351,2025-11-30,Football_TotalValue_v1,45.5,5.5,,UNDER,0.0,-1.0,1.0
189f13a5956430a8b8bc19a071dbe396,2025-09-06,Football_KeyNumberGuard_v1,55.5,-7.5,,,0.0,0.0,0
189f13a5956430a8b8bc19a071dbe396,2025-09-06,Football_LineMovement_v1,55.5,-7.5,,,0.0,0.0,0
189f13a5956430a8b8bc19a071dbe396,2025-09-06,Football_MarketBlend_v1,55.0,-7.25,,UNDER,-0.25,-0.5,0.75
189f13a5956430a8b8bc19a071dbe396,2025-09-06,Football_MarketConsensus_v1,55.5,-7.5,,,0.0,0.0,0
189f13a5956430a8b8bc19a071dbe396,2025-09-06,Football_SpreadValue_v1,55.5,-6.75,AWAY,,-0.75,0.0,0.75
189f13a5956430a8b8bc19a071dbe396,2025-09-06,Football_TotalValue_v1,54.5,-7.5,,UNDER,0.0,-1.0,1.0
18c682b142ecfadb8d6d801f5fb9aac7,2026-09-12,Football_KeyNumberGuard_v1,48.0,-9.5,,,0.0,0.0,0
18c682b142ecfadb8d6d801f5fb9aac7,2026-09-12,Football_LineMovement_v1,48.0,-9.5,,,0.0,0.0,0
18c682b142ecfadb8d6d801f5fb9aac7,2026-09-12,Football_MarketBlend_v1,47.5,-9.25,,UNDER,-0.25,-0.5,0.75
18c682b142ecfadb8d6d801f5fb9aac7,2026-09-12,Football_MarketConsensus_v1,48.0,-9.5,,,0.0,0.0,0
18c682b142ecfadb8d6d801f5fb9aac7,2026-09-12,Football_SpreadValue_v1,48.0,-8.75,AWAY,,-0.75,0.0,0.75
18c682b142ecfadb8d6d801f5fb9aac7,2026-09-12,Football_TotalValue_v1,47.0,-9.5,,UNDER,0.0,-1.0,1.0
18dec56516beb8daed598bc5c7a6872d,2026-09-11,Football_KeyNumberGuard_v1,60.5,-53.5,,,0.0,0.0,0
18dec56516beb8daed598bc5c7a6872d,2026-09-11,Football_LineMovement_v1,60.5,-53.5,,,0.0,0.0,0
18dec56516beb8daed598bc5c7a6872d,2026-09-11,Football_MarketBlend_v1,60.5,-53.5,,,0.0,0.0,0
18dec56516beb8daed598bc5c7a6872d,2026-09-11,Football_MarketConsensus_v1,60.5,-53.5,,,0.0,0.0,0
18dec56516beb8daed598bc5c7a6872d,2026-09-11,Football_SpreadValue_v1,60.5,-53.5,,,0.0,0.0,0
18dec56516beb8daed598bc5c7a6872d,2026-09-11,Football_TotalValue_v1,60.5,-53.5,,,0.0,0.0,0
19367e63058bb517983e08c2502c9c4c,2025-11-29,Football_KeyNumberGuard_v1,46.5,11.0,,,0.0,0.0,0
19367e63058bb517983e08c2502c9c4c,2025-11-29,Football_LineMovement_v1,46.5,11.0,,,0.0,0.0,0
19367e63058bb517983e08c2502c9c4c,2025-11-29,Football_MarketBlend_v1,46.0,10.75,HOME,UNDER,0.25,-0.5,0.75
19367e63058bb517983e08c2502c9c4c,2025-11-29,Football_MarketConsensus_v1,46.5,11.0,,,0.0,0.0,0
19367e63058bb517983e08c2502c9c4c,2025-11-29,Football_SpreadValue_v1,46.5,10.25,HOME,,0.75,0.0,0.75
19367e63058bb517983e08c2502c9c4c,2025-11-29,Football_TotalValue_v1,45.5,11.0,,UNDER,0.0,-1.0,1.0
195edecefe4d9e28b6370f4cca6696c9,2025-10-15,Football_KeyNumberGuard_v1,56.0,-10.0,,,0.0,0.0,0
195edecefe4d9e28b6370f4cca6696c9,2025-10-15,Football_LineMovement_v1,56.0,-10.0,,,0.0,0.0,0
195edecefe4d9e28b6370f4cca6696c9,2025-10-15,Football_MarketBlend_v1,55.5,-9.75,,UNDER,-0.25,-0.5,0.75
195edecefe4d9e28b6370f4cca6696c9,2025-10-15,Football_MarketConsensus_v1,56.0,-10.0,,,0.0,0.0,0
195edecefe4d9e28b6370f4cca6696c9,2025-10-15,Football_SpreadValue_v1,56.0,-9.25,AWAY,,-0.75,0.0,0.75
195edecefe4d9e28b6370f4cca6696c9,2025-10-15,Football_TotalValue_v1,55.0,-10.0,,UNDER,0.0,-1.0,1.0
19a577346818332b03e9737e6aadf808,2025-12-31,Football_KeyNumberGuard_v1,48.0,-7.0,,,0.0,0.0,0
19a577346818332b03e9737e6aadf808,2025-12-31,Football_LineMovement_v1,48.0,-7.0,,,0.0,0.0,0
19a577346818332b03e9737e6aadf808,2025-12-31,Football_MarketBlend_v1,47.5,-6.75,,UNDER,-0.25,-0.5,0.75
19a577346818332b03e9737e6aadf808,2025-12-31,Football_MarketConsensus_v1,48.0,-7.0,,,0.0,0.0,0
19a577346818332b03e9737e6aadf808,2025-12-31,Football_SpreadValue_v1,48.0,-6.25,AWAY,,-0.75,0.0,0.75
19a577346818332b03e9737e6aadf808,2025-12-31,Football_TotalValue_v1,47.0,-7.0,,UNDER,0.0,-1.0,1.0
19c25ee727d70638bb04d4e1bce612ea,2025-09-20,Football_KeyNumberGuard_v1,56.5,-3.0,,,0.0,0.0,0
19c25ee727d70638bb04d4e1bce612ea,2025-09-20,Football_LineMovement_v1,56.5,-3.0,,,0.0,0.0,0
19c25ee727d70638bb04d4e1bce612ea,2025-09-20,Football_MarketBlend_v1,56.0,-2.75,,UNDER,-0.25,-0.5,0.75
19c25ee727d70638bb04d4e1bce612ea,2025-09-20,Football_MarketConsensus_v1,56.5,-3.0,,,0.0,0.0,0
19c25ee727d70638bb04d4e1bce612ea,2025-09-20,Football_SpreadValue_v1,56.5,-2.25,AWAY,,-0.75,0.0,0.75
19c25ee727d70638bb04d4e1bce612ea,2025-09-20,Football_TotalValue_v1,55.5,-3.0,,UNDER,0.0,-1.0,1.0
1a3f2c51d3af5b356c44b737195a5b46,2025-09-06,Football_KeyNumberGuard_v1,45.0,-2.0,,,0.0,0.0,0
1a3f2c51d3af5b356c44b737195a5b46,2025-09-06,Football_LineMovement_v1,45.0,-2.0,,,0.0,0.0,0
1a3f2c51d3af5b356c44b737195a5b46,2025-09-06,Football_MarketBlend_v1,44.5,-1.75,AWAY,UNDER,-0.25,-0.5,0.75
1a3f2c51d3af5b356c44b737195a5b46,2025-09-06,Football_MarketConsensus_v1,45.0,-2.0,,,0.0,0.0,0
1a3f2c51d3af5b356c44b737195a5b46,2025-09-06,Football_SpreadValue_v1,45.0,-1.25,AWAY,,-0.75,0.0,0.75
1a3f2c51d3af5b356c44b737195a5b46,2025-09-06,Football_TotalValue_v1,44.0,-2.0,,UNDER,0.0,-1.0,1.0
1b1aee18fb11ab2ee4a85cd6c3f53ed3,2025-11-22,Football_KeyNumberGuard_v1,56.0,-1.5,,,0.0,0.0,0
1b1aee18fb11ab2ee4a85cd6c3f53ed3,2025-11-22,Football_LineMovement_v1,56.0,-1.5,,,0.0,0.0,0
1b1aee18fb11ab2ee4a85cd6c3f53ed3,2025-11-22,Football_MarketBlend_v1,55.5,-1.25,AWAY,UNDER,-0.25,-0.5,0.75
1b1aee18fb11ab2ee4a85cd6c3f53ed3,2025-11-22,Football_MarketConsensus_v1,56.0,-1.5,,,0.0,0.0,0
1b1aee18fb11ab2ee4a85cd6c3f53ed3,2025-11-22,Football_SpreadValue_v1,56.0,-0.75,AWAY,,-0.75,0.0,0.75
1b1aee18fb11ab2ee4a85cd6c3f53ed3,2025-11-22,Football_TotalValue_v1,55.0,-1.5,,UNDER,0.0,-1.0,1.0
1b22149e990bdff226742aa529b1147c,2025-09-27,Football_KeyNumberGuard_v1,45.5,-6.0,,,0.0,0.0,0
1b22149e990bdff226742aa529b1147c,2025-09-27,Football_LineMovement_v1,45.5,-6.0,,,0.0,0.0,0
1b22149e990bdff226742aa529b1147c,2025-09-27,Football_MarketBlend_v1,45.0,-5.75,AWAY,UNDER,-0.25,-0.5,0.75
1b22149e990bdff226742aa529b1147c,2025-09-27,Football_MarketConsensus_v1,45.5,-6.0,,,0.0,0.0,0
1b22149e990bdff226742aa529b1147c,2025-09-27,Football_SpreadValue_v1,45.5,-5.25,AWAY,,-0.75,0.0,0.75
1b22149e990bdff226742aa529b1147c,2025-09-27,Football_TotalValue_v1,44.5,-6.0,,UNDER,0.0,-1.0,1.0
1bd680d6e204dc9bea4500e1932e0545,2025-10-11,Football_KeyNumberGuard_v1,47.5,11.5,,,0.0,0.0,0
1bd680d6e204dc9bea4500e1932e0545,2025-10-11,Football_LineMovement_v1,47.5,11.5,,,0.0,0.0,0
1bd680d6e204dc9bea4500e1932e0545,2025-10-11,Football_MarketBlend_v1,47.0,11.25,HOME,UNDER,0.25,-0.5,0.75
1bd680d6e204dc9bea4500e1932e0545,2025-10-11,Football_MarketConsensus_v1,47.5,11.5,,,0.0,0.0,0
1bd680d6e204dc9bea4500e1932e0545,2025-10-11,Football_SpreadValue_v1,47.5,10.75,HOME,,0.75,0.0,0.75
1bd680d6e204dc9bea4500e1932e0545,2025-10-11,Football_TotalValue_v1,46.5,11.5,,UNDER,0.0,-1.0,1.0
1bfbad5173d703fa96481a8221e544f7,2025-11-23,Football_KeyNumberGuard_v1,45.5,-17.0,,,0.0,0.0,0
1bfbad5173d703fa96481a8221e544f7,2025-11-23,Football_LineMovement_v1,45.5,-17.0,,,0.0,0.0,0
1bfbad5173d703fa96481a8221e544f7,2025-11-23,Football_MarketBlend_v1,45.0,-16.75,AWAY,UNDER,-0.25,-0.5,0.75
1bfbad5173d703fa96481a8221e544f7,2025-11-23,Football_MarketConsensus_v1,45.5,-17.0,,,0.0,0.0,0
1bfbad5173d703fa96481a8221e544f7,2025-11-23,Football_SpreadValue_v1,45.5,-16.25,AWAY,,-0.75,0.0,0.75
1bfbad5173d703fa96481a8221e544f7,2025-11-23,Football_TotalValue_v1,44.5,-17.0,,UNDER,0.0,-1.0,1.0
1c2bc1c8623e7527c13a515529541b89,2025-10-04,Football_KeyNumberGuard_v1,43.0,-23.5,,,0.0,0.0,0
1c2bc1c8623e7527c13a515529541b89,2025-10-04,Football_LineMovement_v1,43.0,-23.5,,,0.0,0.0,0
1c2bc1c8623e7527c13a515529541b89,2025-10-04,Football_MarketBlend_v1,43.5,-23.25,AWAY,OVER,-0.25,0.5,0.75
1c2bc1c8623e7527c13a515529541b89,2025-10-04,Football_MarketConsensus_v1,43.0,-23.5,,,0.0,0.0,0
1c2bc1c8623e7527c13a515529541b89,2025-10-04,Football_SpreadValue_v1,43.0,-22.75,AWAY,,-0.75,0.0,0.75
1c2bc1c8623e7527c13a515529541b89,2025-10-04,Football_TotalValue_v1,44.0,-23.5,,OVER,0.0,1.0,1.0
1c9f81f98890e8287c3a203f1b95a78b,2025-09-27,Football_KeyNumberGuard_v1,49.0,-6.0,,,0.0,0.0,0
1c9f81f98890e8287c3a203f1b95a78b,2025-09-27,Football_LineMovement_v1,49.0,-6.0,,,0.0,0.0,0
1c9f81f98890e8287c3a203f1b95a78b,2025-09-27,Football_MarketBlend_v1,48.5,-5.75,AWAY,UNDER,-0.25,-0.5,0.75
1c9f81f98890e8287c3a203f1b95a78b,2025-09-27,Football_MarketConsensus_v1,49.0,-6.0,,,0.0,0.0,0
1c9f81f98890e8287c3a203f1b95a78b,2025-09-27,Football_SpreadValue_v1,49.0,-5.25,AWAY,,-0.75,0.0,0.75
1c9f81f98890e8287c3a203f1b95a78b,2025-09-27,Football_TotalValue_v1,48.0,-6.0,,UNDER,0.0,-1.0,1.0
1ce6db5fcde5d7eb3e970bc9489c52fd,2025-10-25,Football_KeyNumberGuard_v1,48.0,7.5,,,0.0,0.0,0
1ce6db5fcde5d7eb3e970bc9489c52fd,2025-10-25,Football_LineMovement_v1,48.0,7.5,,,0.0,0.0,0
1ce6db5fcde5d7eb3e970bc9489c52fd,2025-10-25,Football_MarketBlend_v1,47.5,7.25,,UNDER,0.25,-0.5,0.75
1ce6db5fcde5d7eb3e970bc9489c52fd,2025-10-25,Football_MarketConsensus_v1,48.0,7.5,,,0.0,0.0,0
1ce6db5fcde5d7eb3e970bc9489c52fd,2025-10-25,Football_SpreadValue_v1,48.0,6.75,HOME,,0.75,0.0,0.75
1ce6db5fcde5d7eb3e970bc9489c52fd,2025-10-25,Football_TotalValue_v1,47.0,7.5,,UNDER,0.0,-1.0,1.0
1d337b460d2d48e8cd152c4cfc0feb65,2025-09-06,Football_KeyNumberGuard_v1,59.5,-47.75,,,0.0,0.0,0
1d337b460d2d48e8cd152c4cfc0feb65,2025-09-06,Football_LineMovement_v1,59.5,-47.75,,,0.0,0.0,0
1d337b460d2d48e8cd152c4cfc0feb65,2025-09-06,Football_MarketBlend_v1,59.0,-47.5,AWAY,UNDER,-0.25,-0.5,0.75
1d337b460d2d48e8cd152c4cfc0feb65,2025-09-06,Football_MarketConsensus_v1,59.5,-47.75,,,0.0,0.0,0
1d337b460d2d48e8cd152c4cfc0feb65,2025-09-06,Football_SpreadValue_v1,59.5,-47.0,AWAY,,-0.75,0.0,0.75
1d337b460d2d48e8cd152c4cfc0feb65,2025-09-06,Football_TotalValue_v1,58.5,-47.75,,UNDER,0.0,-1.0,1.0
1dbdbcf9d57952730a65559b09cc2b36,2025-11-30,Football_KeyNumberGuard_v1,47.5,3.5,,,0.0,0.0,0
1dbdbcf9d57952730a65559b09cc2b36,2025-11-30,Football_LineMovement_v1,47.5,3.5,,,0.0,0.0,0
1dbdbcf9d57952730a65559b09cc2b36,2025-11-30,Football_MarketBlend_v1,47.0,3.25,,UNDER,0.25,-0.5,0.75
1dbdbcf9d57952730a65559b09cc2b36,2025-11-30,Football_MarketConsensus_v1,47.5,3.5,,,0.0,0.0,0
1dbdbcf9d57952730a65559b09cc2b36,2025-11-30,Football_SpreadValue_v1,47.5,2.75,HOME,,0.75,0.0,0.75
1dbdbcf9d57952730a65559b09cc2b36,2025-11-30,Football_TotalValue_v1,46.5,3.5,,UNDER,0.0,-1.0,1.0
1e8f948c71b57bb3ab85019401680e55,2025-09-13,Football_KeyNumberGuard_v1,51.0,3.0,,,0.0,0.0,0
1e8f948c71b57bb3ab85019401680e55,2025-09-13,Football_LineMovement_v1,51.0,3.0,,,0.0,0.0,0
1e8f948c71b57bb3ab85019401680e55,2025-09-13,Football_MarketBlend_v1,50.5,2.75,,UNDER,0.25,-0.5,0.75
1e8f948c71b57bb3ab85019401680e55,2025-09-13,Football_MarketConsensus_v1,51.0,3.0,,,0.0,0.0,0
1e8f948c71b57bb3ab85019401680e55,2025-09-13,Football_SpreadValue_v1,51.0,2.25,HOME,,0.75,0.0,0.75
1e8f948c71b57bb3ab85019401680e55,2025-09-13,Football_TotalValue_v1,50.0,3.0,,UNDER,0.0,-1.0,1.0
1ea8d1554ca20a37c4891648c8b8707b,2025-11-22,Football_KeyNumberGuard_v1,51.5,-9.5,,,0.0,0.0,0
1ea8d1554ca20a37c4891648c8b8707b,2025-11-22,Football_LineMovement_v1,51.5,-9.5,,,0.0,0.0,0
1ea8d1554ca20a37c4891648c8b8707b,2025-11-22,Football_MarketBlend_v1,51.0,-9.25,,UNDER,-0.25,-0.5,0.75
1ea8d1554ca20a37c4891648c8b8707b,2025-11-22,Football_MarketConsensus_v1,51.5,-9.5,,,0.0,0.0,0
1ea8d1554ca20a37c4891648c8b8707b,2025-11-22,Football_SpreadValue_v1,51.5,-8.75,AWAY,,-0.75,0.0,0.75
1ea8d1554ca20a37c4891648c8b8707b,2025-11-22,Football_TotalValue_v1,50.5,-9.5,,UNDER,0.0,-1.0,1.0
1ee44e88d618c903c43292b3aa6443b4,2025-10-09,Football_KeyNumberGuard_v1,46.5,1.0,,,0.0,0.0,0
1ee44e88d618c903c43292b3aa6443b4,2025-10-09,Football_LineMovement_v1,46.5,1.0,,,0.0,0.0,0
1ee44e88d618c903c43292b3aa6443b4,2025-10-09,Football_MarketBlend_v1,46.0,0.75,HOME,UNDER,0.25,-0.5,0.75
1ee44e88d618c903c43292b3aa6443b4,2025-10-09,Football_MarketConsensus_v1,46.5,1.0,,,0.0,0.0,0
1ee44e88d618c903c43292b3aa6443b4,2025-10-09,Football_SpreadValue_v1,46.5,0.25,HOME,,0.75,0.0,0.75
1ee44e88d618c903c43292b3aa6443b4,2025-10-09,Football_TotalValue_v1,45.5,1.0,,UNDER,0.0,-1.0,1.0
1fa46226598488bf1844c212919bccc0,2025-09-13,Football_KeyNumberGuard_v1,57.5,10.0,,,0.0,0.0,0
1fa46226598488bf1844c212919bccc0,2025-09-13,Football_LineMovement_v1,57.5,10.0,,,0.0,0.0,0
1fa46226598488bf1844c212919bccc0,2025-09-13,Football_MarketBlend_v1,57.0,9.75,,UNDER,0.25,-0.5,0.75
1fa46226598488bf1844c212919bccc0,2025-09-13,Football_MarketConsensus_v1,57.5,10.0,,,0.0,0.0,0
1fa46226598488bf1844c212919bccc0,2025-09-13,Football_SpreadValue_v1,57.5,9.25,HOME,,0.75,0.0,0.75
1fa46226598488bf1844c212919bccc0,2025-09-13,Football_TotalValue_v1,56.5,10.0,,UNDER,0.0,-1.0,1.0
202c450d9ff6398e9ad98e7d9d6e9e35,2026-01-09,Football_KeyNumberGuard_v1,43.5,-5.5,,,0.0,0.0,0
202c450d9ff6398e9ad98e7d9d6e9e35,2026-01-09,Football_LineMovement_v1,43.5,-5.5,,,0.0,0.0,0
202c450d9ff6398e9ad98e7d9d6e9e35,2026-01-09,Football_MarketBlend_v1,44.0,-5.25,AWAY,OVER,-0.25,0.5,0.75
202c450d9ff6398e9ad98e7d9d6e9e35,2026-01-09,Football_MarketConsensus_v1,43.5,-5.5,,,0.0,0.0,0
202c450d9ff6398e9ad98e7d9d6e9e35,2026-01-09,Football_SpreadValue_v1,43.5,-4.75,AWAY,,-0.75,0.0,0.75
202c450d9ff6398e9ad98e7d9d6e9e35,2026-01-09,Football_TotalValue_v1,44.5,-5.5,,OVER,0.0,1.0,1.0
2073cfebcfc3368e22b436a6edf10cef,2025-10-18,Football_KeyNumberGuard_v1,42.0,-10.5,,,0.0,0.0,0
2073cfebcfc3368e22b436a6edf10cef,2025-10-18,Football_LineMovement_v1,42.0,-10.5,,,0.0,0.0,0
2073cfebcfc3368e22b436a6edf10cef,2025-10-18,Football_MarketBlend_v1,42.5,-10.25,,OVER,-0.25,0.5,0.75
2073cfebcfc3368e22b436a6edf10cef,2025-10-18,Football_MarketConsensus_v1,42.0,-10.5,,,0.0,0.0,0
2073cfebcfc3368e22b436a6edf10cef,2025-10-18,Football_SpreadValue_v1,42.0,-9.75,AWAY,,-0.75,0.0,0.75
2073cfebcfc3368e22b436a6edf10cef,2025-10-18,Football_TotalValue_v1,43.0,-10.5,,OVER,0.0,1.0,1.0
20740de7481ec1f20c2efbc30852f6c6,2025-08-23,Football_KeyNumberGuard_v1,51.5,-3.0,,,0.0,0.0,0
20740de7481ec1f20c2efbc30852f6c6,2025-08-23,Football_LineMovement_v1,51.5,-3.0,,,0.0,0.0,0
20740de7481ec1f20c2efbc30852f6c6,2025-08-23,Football_MarketBlend_v1,51.0,-2.75,,UNDER,-0.25,-0.5,0.75
20740de7481ec1f20c2efbc30852f6c6,2025-08-23,Football_MarketConsensus_v1,51.5,-3.0,,,0.0,0.0,0
20740de7481ec1f20c2efbc30852f6c6,2025-08-23,Football_SpreadValue_v1,51.5,-2.25,AWAY,,-0.75,0.0,0.75
20740de7481ec1f20c2efbc30852f6c6,2025-08-23,Football_TotalValue_v1,50.5,-3.0,,UNDER,0.0,-1.0,1.0
208a16b828d2456abbb1f12037625758,2025-09-13,Football_KeyNumberGuard_v1,51.5,-5.5,,,0.0,0.0,0
208a16b828d2456abbb1f12037625758,2025-09-13,Football_LineMovement_v1,51.5,-5.5,,,0.0,0.0,0
208a16b828d2456abbb1f12037625758,2025-09-13,Football_MarketBlend_v1,51.0,-5.25,AWAY,UNDER,-0.25,-0.5,0.75
208a16b828d2456abbb1f12037625758,2025-09-13,Football_MarketConsensus_v1,51.5,-5.5,,,0.0,0.0,0
208a16b828d2456abbb1f12037625758,2025-09-13,Football_SpreadValue_v1,51.5,-4.75,AWAY,,-0.75,0.0,0.75
208a16b828d2456abbb1f12037625758,2025-09-13,Football_TotalValue_v1,50.5,-5.5,,UNDER,0.0,-1.0,1.0
2147ecdbd826245e414d585251ef87e1,2025-09-06,Football_KeyNumberGuard_v1,49.5,-24.0,,,0.0,0.0,0
2147ecdbd826245e414d585251ef87e1,2025-09-06,Football_LineMovement_v1,49.5,-24.0,,,0.0,0.0,0
2147ecdbd826245e414d585251ef87e1,2025-09-06,Football_MarketBlend_v1,49.0,-23.75,AWAY,UNDER,-0.25,-0.5,0.75
2147ecdbd826245e414d585251ef87e1,2025-09-06,Football_MarketConsensus_v1,49.5,-24.0,,,0.0,0.0,0
2147ecdbd826245e414d585251ef87e1,2025-09-06,Football_SpreadValue_v1,49.5,-23.25,AWAY,,-0.75,0.0,0.75
2147ecdbd826245e414d585251ef87e1,2025-09-06,Football_TotalValue_v1,48.5,-24.0,,UNDER,0.0,-1.0,1.0
2158ab9881202465881edfe230af0bf6,2025-10-11,Football_KeyNumberGuard_v1,52.0,3.0,,,0.0,0.0,0
2158ab9881202465881edfe230af0bf6,2025-10-11,Football_LineMovement_v1,52.0,3.0,,,0.0,0.0,0
2158ab9881202465881edfe230af0bf6,2025-10-11,Football_MarketBlend_v1,51.5,2.75,,UNDER,0.25,-0.5,0.75
2158ab9881202465881edfe230af0bf6,2025-10-11,Football_MarketConsensus_v1,52.0,3.0,,,0.0,0.0,0
2158ab9881202465881edfe230af0bf6,2025-10-11,Football_SpreadValue_v1,52.0,2.25,HOME,,0.75,0.0,0.75
2158ab9881202465881edfe230af0bf6,2025-10-11,Football_TotalValue_v1,51.0,3.0,,UNDER,0.0,-1.0,1.0
2186fba5726dbd7fee2ce72477bdaa2b,2026-09-12,Football_KeyNumberGuard_v1,55.5,-28.0,,,0.0,0.0,0
2186fba5726dbd7fee2ce72477bdaa2b,2026-09-12,Football_LineMovement_v1,55.5,-28.0,,,0.0,0.0,0
2186fba5726dbd7fee2ce72477bdaa2b,2026-09-12,Football_MarketBlend_v1,55.0,-27.75,AWAY,UNDER,-0.25,-0.5,0.75
2186fba5726dbd7fee2ce72477bdaa2b,2026-09-12,Football_MarketConsensus_v1,55.5,-28.0,,,0.0,0.0,0
2186fba5726dbd7fee2ce72477bdaa2b,2026-09-12,Football_SpreadValue_v1,55.5,-27.25,AWAY,,-0.75,0.0,0.75
2186fba5726dbd7fee2ce72477bdaa2b,2026-09-12,Football_TotalValue_v1,54.5,-28.0,,UNDER,0.0,-1.0,1.0
21c67118f480a739b3961a7d3bb128d1,2025-11-20,Football_KeyNumberGuard_v1,50.5,9.0,,,0.0,0.0,0
21c67118f480a739b3961a7d3bb128d1,2025-11-20,Football_LineMovement_v1,50.5,9.0,,,0.0,0.0,0
21c67118f480a739b3961a7d3bb128d1,2025-11-20,Football_MarketBlend_v1,50.0,8.75,HOME,UNDER,0.25,-0.5,0.75
21c67118f480a739b3961a7d3bb128d1,2025-11-20,Football_MarketConsensus_v1,50.5,9.0,,,0.0,0.0,0
21c67118f480a739b3961a7d3bb128d1,2025-11-20,Football_SpreadValue_v1,50.5,8.25,HOME,,0.75,0.0,0.75
21c67118f480a739b3961a7d3bb128d1,2025-11-20,Football_TotalValue_v1,49.5,9.0,,UNDER,0.0,-1.0,1.0
221109619a512745557119257181ec71,2025-11-15,Football_KeyNumberGuard_v1,41.5,10.0,,,0.0,0.0,0
221109619a512745557119257181ec71,2025-11-15,Football_LineMovement_v1,41.5,10.0,,,0.0,0.0,0
221109619a512745557119257181ec71,2025-11-15,Football_MarketBlend_v1,42.0,9.75,,OVER,0.25,0.5,0.75
221109619a512745557119257181ec71,2025-11-15,Football_MarketConsensus_v1,41.5,10.0,,,0.0,0.0,0
221109619a512745557119257181ec71,2025-11-15,Football_SpreadValue_v1,41.5,9.25,HOME,,0.75,0.0,0.75
221109619a512745557119257181ec71,2025-11-15,Football_TotalValue_v1,42.5,10.0,,OVER,0.0,1.0,1.0
221e7ddb221193456934c87f32d38956,2025-11-08,Football_KeyNumberGuard_v1,63.5,-51.5,,,0.0,0.0,0
221e7ddb221193456934c87f32d38956,2025-11-08,Football_LineMovement_v1,63.5,-51.5,,,0.0,0.0,0
221e7ddb221193456934c87f32d38956,2025-11-08,Football_MarketBlend_v1,63.0,-51.25,AWAY,UNDER,-0.25,-0.5,0.75
221e7ddb221193456934c87f32d38956,2025-11-08,Football_MarketConsensus_v1,63.5,-51.5,,,0.0,0.0,0
221e7ddb221193456934c87f32d38956,2025-11-08,Football_SpreadValue_v1,63.5,-50.75,AWAY,,-0.75,0.0,0.75
221e7ddb221193456934c87f32d38956,2025-11-08,Football_TotalValue_v1,62.5,-51.5,,UNDER,0.0,-1.0,1.0
228355203b7cb130a9276d7b3f01c1e7,2025-11-15,Football_KeyNumberGuard_v1,58.0,17.0,,,0.0,0.0,0
228355203b7cb130a9276d7b3f01c1e7,2025-11-15,Football_LineMovement_v1,58.0,17.0,,,0.0,0.0,0
228355203b7cb130a9276d7b3f01c1e7,2025-11-15,Football_MarketBlend_v1,57.5,16.75,HOME,UNDER,0.25,-0.5,0.75
228355203b7cb130a9276d7b3f01c1e7,2025-11-15,Football_MarketConsensus_v1,58.0,17.0,,,0.0,0.0,0
228355203b7cb130a9276d7b3f01c1e7,2025-11-15,Football_SpreadValue_v1,58.0,16.25,HOME,,0.75,0.0,0.75
228355203b7cb130a9276d7b3f01c1e7,2025-11-15,Football_TotalValue_v1,57.0,17.0,,UNDER,0.0,-1.0,1.0
22a1dc3f8ead3ed004f12a805b5f0bba,2025-09-27,Football_KeyNumberGuard_v1,53.5,-6.75,,,0.0,0.0,0
22a1dc3f8ead3ed004f12a805b5f0bba,2025-09-27,Football_LineMovement_v1,53.5,-6.75,,,0.0,0.0,0
22a1dc3f8ead3ed004f12a805b5f0bba,2025-09-27,Football_MarketBlend_v1,53.0,-6.5,,UNDER,-0.25,-0.5,0.75
22a1dc3f8ead3ed004f12a805b5f0bba,2025-09-27,Football_MarketConsensus_v1,53.5,-6.75,,,0.0,0.0,0
22a1dc3f8ead3ed004f12a805b5f0bba,2025-09-27,Football_SpreadValue_v1,53.5,-6.0,AWAY,,-0.75,0.0,0.75
22a1dc3f8ead3ed004f12a805b5f0bba,2025-09-27,Football_TotalValue_v1,52.5,-6.75,,UNDER,0.0,-1.0,1.0
22b680e3b474d2c7da3c0f3d223374c4,2025-10-04,Football_KeyNumberGuard_v1,60.0,-4.5,,,0.0,0.0,0
22b680e3b474d2c7da3c0f3d223374c4,2025-10-04,Football_LineMovement_v1,60.0,-4.5,,,0.0,0.0,0
22b680e3b474d2c7da3c0f3d223374c4,2025-10-04,Football_MarketBlend_v1,59.5,-4.25,AWAY,UNDER,-0.25,-0.5,0.75
22b680e3b474d2c7da3c0f3d223374c4,2025-10-04,Football_MarketConsensus_v1,60.0,-4.5,,,0.0,0.0,0
22b680e3b474d2c7da3c0f3d223374c4,2025-10-04,Football_SpreadValue_v1,60.0,-3.75,AWAY,,-0.75,0.0,0.75
22b680e3b474d2c7da3c0f3d223374c4,2025-10-04,Football_TotalValue_v1,59.0,-4.5,,UNDER,0.0,-1.0,1.0
22c2cdc4f691ac3a9138cdf71231bb81,2026-01-01,Football_KeyNumberGuard_v1,50.5,2.0,,,0.0,0.0,0
22c2cdc4f691ac3a9138cdf71231bb81,2026-01-01,Football_LineMovement_v1,50.5,2.0,,,0.0,0.0,0
22c2cdc4f691ac3a9138cdf71231bb81,2026-01-01,Football_MarketBlend_v1,50.0,1.75,HOME,UNDER,0.25,-0.5,0.75
22c2cdc4f691ac3a9138cdf71231bb81,2026-01-01,Football_MarketConsensus_v1,50.5,2.0,,,0.0,0.0,0
22c2cdc4f691ac3a9138cdf71231bb81,2026-01-01,Football_SpreadValue_v1,50.5,1.25,HOME,,0.75,0.0,0.75
22c2cdc4f691ac3a9138cdf71231bb81,2026-01-01,Football_TotalValue_v1,49.5,2.0,,UNDER,0.0,-1.0,1.0
22ef820a384ce82c9d0d9c530451b8ae,2025-09-06,Football_KeyNumberGuard_v1,49.0,2.5,,,0.0,0.0,0
22ef820a384ce82c9d0d9c530451b8ae,2025-09-06,Football_LineMovement_v1,49.0,2.5,,,0.0,0.0,0
22ef820a384ce82c9d0d9c530451b8ae,2025-09-06,Football_MarketBlend_v1,48.5,2.25,,UNDER,0.25,-0.5,0.75
22ef820a384ce82c9d0d9c530451b8ae,2025-09-06,Football_MarketConsensus_v1,49.0,2.5,,,0.0,0.0,0
22ef820a384ce82c9d0d9c530451b8ae,2025-09-06,Football_SpreadValue_v1,49.0,1.75,HOME,,0.75,0.0,0.75
22ef820a384ce82c9d0d9c530451b8ae,2025-09-06,Football_TotalValue_v1,48.0,2.5,,UNDER,0.0,-1.0,1.0
2307b8527e5d6be27f3190e5243b8c7f,2025-11-08,Football_KeyNumberGuard_v1,49.5,29.0,,,0.0,0.0,0
2307b8527e5d6be27f3190e5243b8c7f,2025-11-08,Football_LineMovement_v1,49.5,29.0,,,0.0,0.0,0
2307b8527e5d6be27f3190e5243b8c7f,2025-11-08,Football_MarketBlend_v1,49.0,28.75,HOME,UNDER,0.25,-0.5,0.75
2307b8527e5d6be27f3190e5243b8c7f,2025-11-08,Football_MarketConsensus_v1,49.5,29.0,,,0.0,0.0,0
2307b8527e5d6be27f3190e5243b8c7f,2025-11-08,Football_SpreadValue_v1,49.5,28.25,HOME,,0.75,0.0,0.75
2307b8527e5d6be27f3190e5243b8c7f,2025-11-08,Football_TotalValue_v1,48.5,29.0,,UNDER,0.0,-1.0,1.0
231cf66816550b9ed37afec3760f8ef5,2025-11-22,Football_KeyNumberGuard_v1,55.5,-3.5,,,0.0,0.0,0
231cf66816550b9ed37afec3760f8ef5,2025-11-22,Football_LineMovement_v1,55.5,-3.5,,,0.0,0.0,0
231cf66816550b9ed37afec3760f8ef5,2025-11-22,Football_MarketBlend_v1,55.0,-3.25,,UNDER,-0.25,-0.5,0.75
231cf66816550b9ed37afec3760f8ef5,2025-11-22,Football_MarketConsensus_v1,55.5,-3.5,,,0.0,0.0,0
231cf66816550b9ed37afec3760f8ef5,2025-11-22,Football_SpreadValue_v1,55.5,-2.75,AWAY,,-0.75,0.0,0.75
231cf66816550b9ed37afec3760f8ef5,2025-11-22,Football_TotalValue_v1,54.5,-3.5,,UNDER,0.0,-1.0,1.0
2347ab8f55c1890bd4340b29032381fe,2025-09-20,Football_KeyNumberGuard_v1,49.5,6.5,,,0.0,0.0,0
2347ab8f55c1890bd4340b29032381fe,2025-09-20,Football_LineMovement_v1,49.5,6.5,,,0.0,0.0,0
2347ab8f55c1890bd4340b29032381fe,2025-09-20,Football_MarketBlend_v1,49.0,6.25,,UNDER,0.25,-0.5,0.75
2347ab8f55c1890bd4340b29032381fe,2025-09-20,Football_MarketConsensus_v1,49.5,6.5,,,0.0,0.0,0
2347ab8f55c1890bd4340b29032381fe,2025-09-20,Football_SpreadValue_v1,49.5,5.75,HOME,,0.75,0.0,0.75
2347ab8f55c1890bd4340b29032381fe,2025-09-20,Football_TotalValue_v1,48.5,6.5,,UNDER,0.0,-1.0,1.0
2364417c745994c23e50a4b9539d9dcf,2025-09-06,Football_KeyNumberGuard_v1,47.5,-17.0,,,0.0,0.0,0
2364417c745994c23e50a4b9539d9dcf,2025-09-06,Football_LineMovement_v1,47.5,-17.0,,,0.0,0.0,0
2364417c745994c23e50a4b9539d9dcf,2025-09-06,Football_MarketBlend_v1,47.0,-16.75,AWAY,UNDER,-0.25,-0.5,0.75
2364417c745994c23e50a4b9539d9dcf,2025-09-06,Football_MarketConsensus_v1,47.5,-17.0,,,0.0,0.0,0
2364417c745994c23e50a4b9539d9dcf,2025-09-06,Football_SpreadValue_v1,47.5,-16.25,AWAY,,-0.75,0.0,0.75
2364417c745994c23e50a4b9539d9dcf,2025-09-06,Football_TotalValue_v1,46.5,-17.0,,UNDER,0.0,-1.0,1.0
23a8a77339e637f439bd73791b4e22af,2026-01-20,Football_KeyNumberGuard_v1,50.0,-7.5,,,0.0,0.0,0
23a8a77339e637f439bd73791b4e22af,2026-01-20,Football_LineMovement_v1,50.0,-7.5,,,0.0,0.0,0
23a8a77339e637f439bd73791b4e22af,2026-01-20,Football_MarketBlend_v1,49.5,-7.25,,UNDER,-0.25,-0.5,0.75
23a8a77339e637f439bd73791b4e22af,2026-01-20,Football_MarketConsensus_v1,50.0,-7.5,,,0.0,0.0,0
23a8a77339e637f439bd73791b4e22af,2026-01-20,Football_SpreadValue_v1,50.0,-6.75,AWAY,,-0.75,0.0,0.75
23a8a77339e637f439bd73791b4e22af,2026-01-20,Football_TotalValue_v1,49.0,-7.5,,UNDER,0.0,-1.0,1.0
23bf555b2956fe362e113bae8a0a5317,2025-09-06,Football_KeyNumberGuard_v1,58.5,-45.5,,,0.0,0.0,0
23bf555b2956fe362e113bae8a0a5317,2025-09-06,Football_LineMovement_v1,58.5,-45.5,,,0.0,0.0,0
23bf555b2956fe362e113bae8a0a5317,2025-09-06,Football_MarketBlend_v1,58.0,-45.25,AWAY,UNDER,-0.25,-0.5,0.75
23bf555b2956fe362e113bae8a0a5317,2025-09-06,Football_MarketConsensus_v1,58.5,-45.5,,,0.0,0.0,0
23bf555b2956fe362e113bae8a0a5317,2025-09-06,Football_SpreadValue_v1,58.5,-44.75,AWAY,,-0.75,0.0,0.75
23bf555b2956fe362e113bae8a0a5317,2025-09-06,Football_TotalValue_v1,57.5,-45.5,,UNDER,0.0,-1.0,1.0
23ce9d15b3cbcee45fd1d13550ee2a1a,2025-09-20,Football_KeyNumberGuard_v1,60.5,-2.5,,,0.0,0.0,0
23ce9d15b3cbcee45fd1d13550ee2a1a,2025-09-20,Football_LineMovement_v1,60.5,-2.5,,,0.0,0.0,0
23ce9d15b3cbcee45fd1d13550ee2a1a,2025-09-20,Football_MarketBlend_v1,60.0,-2.25,,UNDER,-0.25,-0.5,0.75
23ce9d15b3cbcee45fd1d13550ee2a1a,2025-09-20,Football_MarketConsensus_v1,60.5,-2.5,,,0.0,0.0,0
23ce9d15b3cbcee45fd1d13550ee2a1a,2025-09-20,Football_SpreadValue_v1,60.5,-1.75,AWAY,,-0.75,0.0,0.75
23ce9d15b3cbcee45fd1d13550ee2a1a,2025-09-20,Football_TotalValue_v1,59.5,-2.5,,UNDER,0.0,-1.0,1.0
23e16c37a89c4381943ed6dda736199b,2025-11-08,Football_KeyNumberGuard_v1,45.5,-6.0,,,0.0,0.0,0
23e16c37a89c4381943ed6dda736199b,2025-11-08,Football_LineMovement_v1,45.5,-6.0,,,0.0,0.0,0
23e16c37a89c4381943ed6dda736199b,2025-11-08,Football_MarketBlend_v1,45.0,-5.75,AWAY,UNDER,-0.25,-0.5,0.75
23e16c37a89c4381943ed6dda736199b,2025-11-08,Football_MarketConsensus_v1,45.5,-6.0,,,0.0,0.0,0
23e16c37a89c4381943ed6dda736199b,2025-11-08,Football_SpreadValue_v1,45.5,-5.25,AWAY,,-0.75,0.0,0.75
23e16c37a89c4381943ed6dda736199b,2025-11-08,Football_TotalValue_v1,44.5,-6.0,,UNDER,0.0,-1.0,1.0
243c8fc42fd9e0d035d2f904384185e4,2025-08-30,Football_KeyNumberGuard_v1,46.5,-1.5,,,0.0,0.0,0
243c8fc42fd9e0d035d2f904384185e4,2025-08-30,Football_LineMovement_v1,46.5,-1.5,,,0.0,0.0,0
243c8fc42fd9e0d035d2f904384185e4,2025-08-30,Football_MarketBlend_v1,46.0,-1.25,AWAY,UNDER,-0.25,-0.5,0.75
243c8fc42fd9e0d035d2f904384185e4,2025-08-30,Football_MarketConsensus_v1,46.5,-1.5,,,0.0,0.0,0
243c8fc42fd9e0d035d2f904384185e4,2025-08-30,Football_SpreadValue_v1,46.5,-0.75,AWAY,,-0.75,0.0,0.75
243c8fc42fd9e0d035d2f904384185e4,2025-08-30,Football_TotalValue_v1,45.5,-1.5,,UNDER,0.0,-1.0,1.0
2452392bdaa989acacde27de93db32ca,2025-10-04,Football_KeyNumberGuard_v1,38.5,4.5,,,0.0,0.0,0
2452392bdaa989acacde27de93db32ca,2025-10-04,Football_LineMovement_v1,38.5,4.5,,,0.0,0.0,0
2452392bdaa989acacde27de93db32ca,2025-10-04,Football_MarketBlend_v1,39.0,4.25,HOME,OVER,0.25,0.5,0.75
2452392bdaa989acacde27de93db32ca,2025-10-04,Football_MarketConsensus_v1,38.5,4.5,,,0.0,0.0,0
2452392bdaa989acacde27de93db32ca,2025-10-04,Football_SpreadValue_v1,38.5,3.75,HOME,,0.75,0.0,0.75
2452392bdaa989acacde27de93db32ca,2025-10-04,Football_TotalValue_v1,39.5,4.5,,OVER,0.0,1.0,1.0
24639a99272a5b62097223d827ee87d8,2025-09-13,Football_KeyNumberGuard_v1,44.25,-16.5,,,0.0,0.0,0
24639a99272a5b62097223d827ee87d8,2025-09-13,Football_LineMovement_v1,44.25,-16.5,,,0.0,0.0,0
24639a99272a5b62097223d827ee87d8,2025-09-13,Football_MarketBlend_v1,44.75,-16.25,AWAY,OVER,-0.25,0.5,0.75
24639a99272a5b62097223d827ee87d8,2025-09-13,Football_MarketConsensus_v1,44.25,-16.5,,,0.0,0.0,0
24639a99272a5b62097223d827ee87d8,2025-09-13,Football_SpreadValue_v1,44.25,-15.75,AWAY,,-0.75,0.0,0.75
24639a99272a5b62097223d827ee87d8,2025-09-13,Football_TotalValue_v1,45.25,-16.5,,OVER,0.0,1.0,1.0
24941bb5e2e6f79d944530b0b8ea4be5,2026-08-29,Football_KeyNumberGuard_v1,49.5,-5.5,,,0.0,0.0,0
24941bb5e2e6f79d944530b0b8ea4be5,2026-08-29,Football_LineMovement_v1,49.5,-5.5,,,0.0,0.0,0
24941bb5e2e6f79d944530b0b8ea4be5,2026-08-29,Football_MarketBlend_v1,49.0,-5.25,AWAY,UNDER,-0.25,-0.5,0.75
24941bb5e2e6f79d944530b0b8ea4be5,2026-08-29,Football_MarketConsensus_v1,49.5,-5.5,,,0.0,0.0,0
24941bb5e2e6f79d944530b0b8ea4be5,2026-08-29,Football_SpreadValue_v1,49.5,-4.75,AWAY,,-0.75,0.0,0.75
24941bb5e2e6f79d944530b0b8ea4be5,2026-08-29,Football_TotalValue_v1,48.5,-5.5,,UNDER,0.0,-1.0,1.0
24d287473010335df59c46edbc012292,2025-11-16,Football_KeyNumberGuard_v1,51.0,-3.0,,,0.0,0.0,0
24d287473010335df59c46edbc012292,2025-11-16,Football_LineMovement_v1,51.0,-3.0,,,0.0,0.0,0
24d287473010335df59c46edbc012292,2025-11-16,Football_MarketBlend_v1,50.5,-2.75,,UNDER,-0.25,-0.5,0.75
24d287473010335df59c46edbc012292,2025-11-16,Football_MarketConsensus_v1,51.0,-3.0,,,0.0,0.0,0
24d287473010335df59c46edbc012292,2025-11-16,Football_SpreadValue_v1,51.0,-2.25,AWAY,,-0.75,0.0,0.75
24d287473010335df59c46edbc012292,2025-11-16,Football_TotalValue_v1,50.0,-3.0,,UNDER,0.0,-1.0,1.0
24dfea2363dac7a2a0f4f460d175580d,2025-08-30,Football_KeyNumberGuard_v1,50.5,-39.5,,,0.0,0.0,0
24dfea2363dac7a2a0f4f460d175580d,2025-08-30,Football_LineMovement_v1,50.5,-39.5,,,0.0,0.0,0
24dfea2363dac7a2a0f4f460d175580d,2025-08-30,Football_MarketBlend_v1,50.0,-39.25,AWAY,UNDER,-0.25,-0.5,0.75
24dfea2363dac7a2a0f4f460d175580d,2025-08-30,Football_MarketConsensus_v1,50.5,-39.5,,,0.0,0.0,0
24dfea2363dac7a2a0f4f460d175580d,2025-08-30,Football_SpreadValue_v1,50.5,-38.75,AWAY,,-0.75,0.0,0.75
24dfea2363dac7a2a0f4f460d175580d,2025-08-30,Football_TotalValue_v1,49.5,-39.5,,UNDER,0.0,-1.0,1.0
254de28063691b5c8d711686691d3c90,2025-11-29,Football_KeyNumberGuard_v1,66.5,7.0,,,0.0,0.0,0
254de28063691b5c8d711686691d3c90,2025-11-29,Football_LineMovement_v1,66.5,7.0,,,0.0,0.0,0
254de28063691b5c8d711686691d3c90,2025-11-29,Football_MarketBlend_v1,66.0,6.75,,UNDER,0.25,-0.5,0.75
254de28063691b5c8d711686691d3c90,2025-11-29,Football_MarketConsensus_v1,66.5,7.0,,,0.0,0.0,0
254de28063691b5c8d711686691d3c90,2025-11-29,Football_SpreadValue_v1,66.5,6.25,HOME,,0.75,0.0,0.75
254de28063691b5c8d711686691d3c90,2025-11-29,Football_TotalValue_v1,65.5,7.0,,UNDER,0.0,-1.0,1.0
25c198f097870d531920ba524262737d,2026-09-12,Football_KeyNumberGuard_v1,53.5,1.0,,,0.0,0.0,0
25c198f097870d531920ba524262737d,2026-09-12,Football_LineMovement_v1,53.5,1.0,,,0.0,0.0,0
25c198f097870d531920ba524262737d,2026-09-12,Football_MarketBlend_v1,53.0,0.75,HOME,UNDER,0.25,-0.5,0.75
25c198f097870d531920ba524262737d,2026-09-12,Football_MarketConsensus_v1,53.5,1.0,,,0.0,0.0,0
25c198f097870d531920ba524262737d,2026-09-12,Football_SpreadValue_v1,53.5,0.25,HOME,,0.75,0.0,0.75
25c198f097870d531920ba524262737d,2026-09-12,Football_TotalValue_v1,52.5,1.0,,UNDER,0.0,-1.0,1.0
2648046a739ad39505d834b82d62e13b,2025-10-18,Football_KeyNumberGuard_v1,65.0,-4.0,,,0.0,0.0,0
2648046a739ad39505d834b82d62e13b,2025-10-18,Football_LineMovement_v1,65.0,-4.0,,,0.0,0.0,0
2648046a739ad39505d834b82d62e13b,2025-10-18,Football_MarketBlend_v1,64.5,-3.75,AWAY,UNDER,-0.25,-0.5,0.75
2648046a739ad39505d834b82d62e13b,2025-10-18,Football_MarketConsensus_v1,65.0,-4.0,,,0.0,0.0,0
2648046a739ad39505d834b82d62e13b,2025-10-18,Football_SpreadValue_v1,65.0,-3.25,AWAY,,-0.75,0.0,0.75
2648046a739ad39505d834b82d62e13b,2025-10-18,Football_TotalValue_v1,64.0,-4.0,,UNDER,0.0,-1.0,1.0
267b970018dfc120df1233bc42b4bcc4,2025-11-19,Football_KeyNumberGuard_v1,46.5,-3.0,,,0.0,0.0,0
267b970018dfc120df1233bc42b4bcc4,2025-11-19,Football_LineMovement_v1,46.5,-3.0,,,0.0,0.0,0
267b970018dfc120df1233bc42b4bcc4,2025-11-19,Football_MarketBlend_v1,46.0,-2.75,,UNDER,-0.25,-0.5,0.75
267b970018dfc120df1233bc42b4bcc4,2025-11-19,Football_MarketConsensus_v1,46.5,-3.0,,,0.0,0.0,0
267b970018dfc120df1233bc42b4bcc4,2025-11-19,Football_SpreadValue_v1,46.5,-2.25,AWAY,,-0.75,0.0,0.75
267b970018dfc120df1233bc42b4bcc4,2025-11-19,Football_TotalValue_v1,45.5,-3.0,,UNDER,0.0,-1.0,1.0
26dc6f197e66104d32d01209b8ad80f2,2025-09-06,Football_KeyNumberGuard_v1,58.5,-41.0,,,0.0,0.0,0
26dc6f197e66104d32d01209b8ad80f2,2025-09-06,Football_LineMovement_v1,58.5,-41.0,,,0.0,0.0,0
26dc6f197e66104d32d01209b8ad80f2,2025-09-06,Football_MarketBlend_v1,58.0,-40.75,AWAY,UNDER,-0.25,-0.5,0.75
26dc6f197e66104d32d01209b8ad80f2,2025-09-06,Football_MarketConsensus_v1,58.5,-41.0,,,0.0,0.0,0
26dc6f197e66104d32d01209b8ad80f2,2025-09-06,Football_SpreadValue_v1,58.5,-40.25,AWAY,,-0.75,0.0,0.75
26dc6f197e66104d32d01209b8ad80f2,2025-09-06,Football_TotalValue_v1,57.5,-41.0,,UNDER,0.0,-1.0,1.0
27541ef6d74cf828a2d977a93d5dffd4,2025-11-08,Football_KeyNumberGuard_v1,42.5,-7.5,,,0.0,0.0,0
27541ef6d74cf828a2d977a93d5dffd4,2025-11-08,Football_LineMovement_v1,42.5,-7.5,,,0.0,0.0,0
27541ef6d74cf828a2d977a93d5dffd4,2025-11-08,Football_MarketBlend_v1,43.0,-7.25,,OVER,-0.25,0.5,0.75
27541ef6d74cf828a2d977a93d5dffd4,2025-11-08,Football_MarketConsensus_v1,42.5,-7.5,,,0.0,0.0,0
27541ef6d74cf828a2d977a93d5dffd4,2025-11-08,Football_SpreadValue_v1,42.5,-6.75,AWAY,,-0.75,0.0,0.75
27541ef6d74cf828a2d977a93d5dffd4,2025-11-08,Football_TotalValue_v1,43.5,-7.5,,OVER,0.0,1.0,1.0
27566d5b43cf09db1545d28a013b2bc9,2025-10-18,Football_KeyNumberGuard_v1,55.0,-17.0,,,0.0,0.0,0
27566d5b43cf09db1545d28a013b2bc9,2025-10-18,Football_LineMovement_v1,55.0,-17.0,,,0.0,0.0,0
27566d5b43cf09db1545d28a013b2bc9,2025-10-18,Football_MarketBlend_v1,54.5,-16.75,AWAY,UNDER,-0.25,-0.5,0.75
27566d5b43cf09db1545d28a013b2bc9,2025-10-18,Football_MarketConsensus_v1,55.0,-17.0,,,0.0,0.0,0
27566d5b43cf09db1545d28a013b2bc9,2025-10-18,Football_SpreadValue_v1,55.0,-16.25,AWAY,,-0.75,0.0,0.75
27566d5b43cf09db1545d28a013b2bc9,2025-10-18,Football_TotalValue_v1,54.0,-17.0,,UNDER,0.0,-1.0,1.0
276535da04befff08724bafd3838f086,2025-09-27,Football_KeyNumberGuard_v1,53.0,13.5,,,0.0,0.0,0
276535da04befff08724bafd3838f086,2025-09-27,Football_LineMovement_v1,53.0,13.5,,,0.0,0.0,0
276535da04befff08724bafd3838f086,2025-09-27,Football_MarketBlend_v1,52.5,13.25,HOME,UNDER,0.25,-0.5,0.75
276535da04befff08724bafd3838f086,2025-09-27,Football_MarketConsensus_v1,53.0,13.5,,,0.0,0.0,0
276535da04befff08724bafd3838f086,2025-09-27,Football_SpreadValue_v1,53.0,12.75,HOME,,0.75,0.0,0.75
276535da04befff08724bafd3838f086,2025-09-27,Football_TotalValue_v1,52.0,13.5,,UNDER,0.0,-1.0,1.0
27691e5354e5380e613d02c9437e963d,2025-10-18,Football_KeyNumberGuard_v1,57.5,-4.5,,,0.0,0.0,0
27691e5354e5380e613d02c9437e963d,2025-10-18,Football_LineMovement_v1,57.5,-4.5,,,0.0,0.0,0
27691e5354e5380e613d02c9437e963d,2025-10-18,Football_MarketBlend_v1,57.0,-4.25,AWAY,UNDER,-0.25,-0.5,0.75
27691e5354e5380e613d02c9437e963d,2025-10-18,Football_MarketConsensus_v1,57.5,-4.5,,,0.0,0.0,0
27691e5354e5380e613d02c9437e963d,2025-10-18,Football_SpreadValue_v1,57.5,-3.75,AWAY,,-0.75,0.0,0.75
27691e5354e5380e613d02c9437e963d,2025-10-18,Football_TotalValue_v1,56.5,-4.5,,UNDER,0.0,-1.0,1.0
27b116b4ae0add4a567ac13e648a969c,2025-09-12,Football_KeyNumberGuard_v1,58.5,-47.25,,,0.0,0.0,0
27b116b4ae0add4a567ac13e648a969c,2025-09-12,Football_LineMovement_v1,58.5,-47.25,,,0.0,0.0,0
27b116b4ae0add4a567ac13e648a969c,2025-09-12,Football_MarketBlend_v1,58.0,-47.0,AWAY,UNDER,-0.25,-0.5,0.75
27b116b4ae0add4a567ac13e648a969c,2025-09-12,Football_MarketConsensus_v1,58.5,-47.25,,,0.0,0.0,0
27b116b4ae0add4a567ac13e648a969c,2025-09-12,Football_SpreadValue_v1,58.5,-46.5,AWAY,,-0.75,0.0,0.75
27b116b4ae0add4a567ac13e648a969c,2025-09-12,Football_TotalValue_v1,57.5,-47.25,,UNDER,0.0,-1.0,1.0
287a959c0717526161988214cb4e01ce,2026-09-12,Football_KeyNumberGuard_v1,48.5,-42.5,,,0.0,0.0,0
287a959c0717526161988214cb4e01ce,2026-09-12,Football_LineMovement_v1,48.5,-42.5,,,0.0,0.0,0
287a959c0717526161988214cb4e01ce,2026-09-12,Football_MarketBlend_v1,48.0,-42.25,AWAY,UNDER,-0.25,-0.5,0.75
287a959c0717526161988214cb4e01ce,2026-09-12,Football_MarketConsensus_v1,48.5,-42.5,,,0.0,0.0,0
287a959c0717526161988214cb4e01ce,2026-09-12,Football_SpreadValue_v1,48.5,-41.75,AWAY,,-0.75,0.0,0.75
287a959c0717526161988214cb4e01ce,2026-09-12,Football_TotalValue_v1,47.5,-42.5,,UNDER,0.0,-1.0,1.0
2883481b61fdd600db0e709c87428332,2025-11-22,Football_KeyNumberGuard_v1,54.0,-29.5,,,0.0,0.0,0
2883481b61fdd600db0e709c87428332,2025-11-22,Football_LineMovement_v1,54.0,-29.5,,,0.0,0.0,0
2883481b61fdd600db0e709c87428332,2025-11-22,Football_MarketBlend_v1,53.5,-29.25,AWAY,UNDER,-0.25,-0.5,0.75
2883481b61fdd600db0e709c87428332,2025-11-22,Football_MarketConsensus_v1,54.0,-29.5,,,0.0,0.0,0
2883481b61fdd600db0e709c87428332,2025-11-22,Football_SpreadValue_v1,54.0,-28.75,AWAY,,-0.75,0.0,0.75
2883481b61fdd600db0e709c87428332,2025-11-22,Football_TotalValue_v1,53.0,-29.5,,UNDER,0.0,-1.0,1.0
28baf07528786ceba750f04765da80f2,2025-09-06,Football_KeyNumberGuard_v1,49.5,-28.5,,,0.0,0.0,0
28baf07528786ceba750f04765da80f2,2025-09-06,Football_LineMovement_v1,49.5,-28.5,,,0.0,0.0,0
28baf07528786ceba750f04765da80f2,2025-09-06,Football_MarketBlend_v1,49.0,-28.25,AWAY,UNDER,-0.25,-0.5,0.75
28baf07528786ceba750f04765da80f2,2025-09-06,Football_MarketConsensus_v1,49.5,-28.5,,,0.0,0.0,0
28baf07528786ceba750f04765da80f2,2025-09-06,Football_SpreadValue_v1,49.5,-27.75,AWAY,,-0.75,0.0,0.75
28baf07528786ceba750f04765da80f2,2025-09-06,Football_TotalValue_v1,48.5,-28.5,,UNDER,0.0,-1.0,1.0
28bb2aa99c25784abd9be51bba32c472,2026-09-12,Football_KeyNumberGuard_v1,52.5,-36.0,,,0.0,0.0,0
28bb2aa99c25784abd9be51bba32c472,2026-09-12,Football_LineMovement_v1,52.5,-36.0,,,0.0,0.0,0
28bb2aa99c25784abd9be51bba32c472,2026-09-12,Football_MarketBlend_v1,52.0,-35.75,AWAY,UNDER,-0.25,-0.5,0.75
28bb2aa99c25784abd9be51bba32c472,2026-09-12,Football_MarketConsensus_v1,52.5,-36.0,,,0.0,0.0,0
28bb2aa99c25784abd9be51bba32c472,2026-09-12,Football_SpreadValue_v1,52.5,-35.25,AWAY,,-0.75,0.0,0.75
28bb2aa99c25784abd9be51bba32c472,2026-09-12,Football_TotalValue_v1,51.5,-36.0,,UNDER,0.0,-1.0,1.0
29dd5ea0c414ab7916d011fe1bd96892,2025-12-20,Football_KeyNumberGuard_v1,57.5,-17.5,,,0.0,0.0,0
29dd5ea0c414ab7916d011fe1bd96892,2025-12-20,Football_LineMovement_v1,57.5,-17.5,,,0.0,0.0,0
29dd5ea0c414ab7916d011fe1bd96892,2025-12-20,Football_MarketBlend_v1,57.0,-17.25,AWAY,UNDER,-0.25,-0.5,0.75
29dd5ea0c414ab7916d011fe1bd96892,2025-12-20,Football_MarketConsensus_v1,57.5,-17.5,,,0.0,0.0,0
29dd5ea0c414ab7916d011fe1bd96892,2025-12-20,Football_SpreadValue_v1,57.5,-16.75,AWAY,,-0.75,0.0,0.75
29dd5ea0c414ab7916d011fe1bd96892,2025-12-20,Football_TotalValue_v1,56.5,-17.5,,UNDER,0.0,-1.0,1.0
29f2b8725ab86e10209d0e64a3128330,2025-11-08,Football_KeyNumberGuard_v1,57.0,-7.5,,,0.0,0.0,0
29f2b8725ab86e10209d0e64a3128330,2025-11-08,Football_LineMovement_v1,57.0,-7.5,,,0.0,0.0,0
29f2b8725ab86e10209d0e64a3128330,2025-11-08,Football_MarketBlend_v1,56.5,-7.25,,UNDER,-0.25,-0.5,0.75
29f2b8725ab86e10209d0e64a3128330,2025-11-08,Football_MarketConsensus_v1,57.0,-7.5,,,0.0,0.0,0
29f2b8725ab86e10209d0e64a3128330,2025-11-08,Football_SpreadValue_v1,57.0,-6.75,AWAY,,-0.75,0.0,0.75
29f2b8725ab86e10209d0e64a3128330,2025-11-08,Football_TotalValue_v1,56.0,-7.5,,UNDER,0.0,-1.0,1.0
2a658c30f1df6cbb619b57193bb781a2,2026-09-12,Football_KeyNumberGuard_v1,58.5,-44.5,,,0.0,0.0,0
2a658c30f1df6cbb619b57193bb781a2,2026-09-12,Football_LineMovement_v1,58.5,-44.5,,,0.0,0.0,0
2a658c30f1df6cbb619b57193bb781a2,2026-09-12,Football_MarketBlend_v1,58.0,-44.25,AWAY,UNDER,-0.25,-0.5,0.75
2a658c30f1df6cbb619b57193bb781a2,2026-09-12,Football_MarketConsensus_v1,58.5,-44.5,,,0.0,0.0,0
2a658c30f1df6cbb619b57193bb781a2,2026-09-12,Football_SpreadValue_v1,58.5,-43.75,AWAY,,-0.75,0.0,0.75
2a658c30f1df6cbb619b57193bb781a2,2026-09-12,Football_TotalValue_v1,57.5,-44.5,,UNDER,0.0,-1.0,1.0
2af41e5b7328a096d3f710fa3601cf7a,2025-09-27,Football_KeyNumberGuard_v1,49.0,-20.5,,,0.0,0.0,0
2af41e5b7328a096d3f710fa3601cf7a,2025-09-27,Football_LineMovement_v1,49.0,-20.5,,,0.0,0.0,0
2af41e5b7328a096d3f710fa3601cf7a,2025-09-27,Football_MarketBlend_v1,48.5,-20.25,AWAY,UNDER,-0.25,-0.5,0.75
2af41e5b7328a096d3f710fa3601cf7a,2025-09-27,Football_MarketConsensus_v1,49.0,-20.5,,,0.0,0.0,0
2af41e5b7328a096d3f710fa3601cf7a,2025-09-27,Football_SpreadValue_v1,49.0,-19.75,AWAY,,-0.75,0.0,0.75
2af41e5b7328a096d3f710fa3601cf7a,2025-09-27,Football_TotalValue_v1,48.0,-20.5,,UNDER,0.0,-1.0,1.0
2b6eb9e9331db7145e356d6a101aa182,2025-11-29,Football_KeyNumberGuard_v1,55.5,-4.5,,,0.0,0.0,0
2b6eb9e9331db7145e356d6a101aa182,2025-11-29,Football_LineMovement_v1,55.5,-4.5,,,0.0,0.0,0
2b6eb9e9331db7145e356d6a101aa182,2025-11-29,Football_MarketBlend_v1,55.0,-4.25,AWAY,UNDER,-0.25,-0.5,0.75
2b6eb9e9331db7145e356d6a101aa182,2025-11-29,Football_MarketConsensus_v1,55.5,-4.5,,,0.0,0.0,0
2b6eb9e9331db7145e356d6a101aa182,2025-11-29,Football_SpreadValue_v1,55.5,-3.75,AWAY,,-0.75,0.0,0.75
2b6eb9e9331db7145e356d6a101aa182,2025-11-29,Football_TotalValue_v1,54.5,-4.5,,UNDER,0.0,-1.0,1.0
2b9526d89cef299d27d40df2c7d089cc,2025-09-06,Football_KeyNumberGuard_v1,48.5,-38.0,,,0.0,0.0,0
2b9526d89cef299d27d40df2c7d089cc,2025-09-06,Football_LineMovement_v1,48.5,-38.0,,,0.0,0.0,0
2b9526d89cef299d27d40df2c7d089cc,2025-09-06,Football_MarketBlend_v1,48.0,-37.75,AWAY,UNDER,-0.25,-0.5,0.75
2b9526d89cef299d27d40df2c7d089cc,2025-09-06,Football_MarketConsensus_v1,48.5,-38.0,,,0.0,0.0,0
2b9526d89cef299d27d40df2c7d089cc,2025-09-06,Football_SpreadValue_v1,48.5,-37.25,AWAY,,-0.75,0.0,0.75
2b9526d89cef299d27d40df2c7d089cc,2025-09-06,Football_TotalValue_v1,47.5,-38.0,,UNDER,0.0,-1.0,1.0
2bba5df15d3c9222962c8bb8fc24ae80,2025-10-11,Football_KeyNumberGuard_v1,53.5,-7.0,,,0.0,0.0,0
2bba5df15d3c9222962c8bb8fc24ae80,2025-10-11,Football_LineMovement_v1,53.5,-7.0,,,0.0,0.0,0
2bba5df15d3c9222962c8bb8fc24ae80,2025-10-11,Football_MarketBlend_v1,53.0,-6.75,,UNDER,-0.25,-0.5,0.75
2bba5df15d3c9222962c8bb8fc24ae80,2025-10-11,Football_MarketConsensus_v1,53.5,-7.0,,,0.0,0.0,0
2bba5df15d3c9222962c8bb8fc24ae80,2025-10-11,Football_SpreadValue_v1,53.5,-6.25,AWAY,,-0.75,0.0,0.75
2bba5df15d3c9222962c8bb8fc24ae80,2025-10-11,Football_TotalValue_v1,52.5,-7.0,,UNDER,0.0,-1.0,1.0
2be7c621008f4d4147868ababc385a6c,2026-09-12,Football_KeyNumberGuard_v1,54.5,-44.5,,,0.0,0.0,0
2be7c621008f4d4147868ababc385a6c,2026-09-12,Football_LineMovement_v1,54.5,-44.5,,,0.0,0.0,0
2be7c621008f4d4147868ababc385a6c,2026-09-12,Football_MarketBlend_v1,54.0,-44.25,AWAY,UNDER,-0.25,-0.5,0.75
2be7c621008f4d4147868ababc385a6c,2026-09-12,Football_MarketConsensus_v1,54.5,-44.5,,,0.0,0.0,0
2be7c621008f4d4147868ababc385a6c,2026-09-12,Football_SpreadValue_v1,54.5,-43.75,AWAY,,-0.75,0.0,0.75
2be7c621008f4d4147868ababc385a6c,2026-09-12,Football_TotalValue_v1,53.5,-44.5,,UNDER,0.0,-1.0,1.0
2c37fe48857bfd4f7e8fa4a4c066ca2f,2025-12-27,Football_KeyNumberGuard_v1,47.0,-2.5,,,0.0,0.0,0
2c37fe48857bfd4f7e8fa4a4c066ca2f,2025-12-27,Football_LineMovement_v1,47.0,-2.5,,,0.0,0.0,0
2c37fe48857bfd4f7e8fa4a4c066ca2f,2025-12-27,Football_MarketBlend_v1,46.5,-2.25,,UNDER,-0.25,-0.5,0.75
2c37fe48857bfd4f7e8fa4a4c066ca2f,2025-12-27,Football_MarketConsensus_v1,47.0,-2.5,,,0.0,0.0,0
2c37fe48857bfd4f7e8fa4a4c066ca2f,2025-12-27,Football_SpreadValue_v1,47.0,-1.75,AWAY,,-0.75,0.0,0.75
2c37fe48857bfd4f7e8fa4a4c066ca2f,2025-12-27,Football_TotalValue_v1,46.0,-2.5,,UNDER,0.0,-1.0,1.0
2c7763e732f47af87d2034549c69f82d,2025-10-18,Football_KeyNumberGuard_v1,51.0,-9.5,,,0.0,0.0,0
2c7763e732f47af87d2034549c69f82d,2025-10-18,Football_LineMovement_v1,51.0,-9.5,,,0.0,0.0,0
2c7763e732f47af87d2034549c69f82d,2025-10-18,Football_MarketBlend_v1,50.5,-9.25,,UNDER,-0.25,-0.5,0.75
2c7763e732f47af87d2034549c69f82d,2025-10-18,Football_MarketConsensus_v1,51.0,-9.5,,,0.0,0.0,0
2c7763e732f47af87d2034549c69f82d,2025-10-18,Football_SpreadValue_v1,51.0,-8.75,AWAY,,-0.75,0.0,0.75
2c7763e732f47af87d2034549c69f82d,2025-10-18,Football_TotalValue_v1,50.0,-9.5,,UNDER,0.0,-1.0,1.0
2c779264544468120afddc92b13c62e3,2025-09-20,Football_KeyNumberGuard_v1,55.0,-31.0,,,0.0,0.0,0
2c779264544468120afddc92b13c62e3,2025-09-20,Football_LineMovement_v1,55.0,-31.0,,,0.0,0.0,0
2c779264544468120afddc92b13c62e3,2025-09-20,Football_MarketBlend_v1,54.5,-30.75,AWAY,UNDER,-0.25,-0.5,0.75
2c779264544468120afddc92b13c62e3,2025-09-20,Football_MarketConsensus_v1,55.0,-31.0,,,0.0,0.0,0
2c779264544468120afddc92b13c62e3,2025-09-20,Football_SpreadValue_v1,55.0,-30.25,AWAY,,-0.75,0.0,0.75
2c779264544468120afddc92b13c62e3,2025-09-20,Football_TotalValue_v1,54.0,-31.0,,UNDER,0.0,-1.0,1.0
2cb6f8436ba0f1fbcdcd7871a03466d5,2026-09-12,Football_KeyNumberGuard_v1,47.5,9.0,,,0.0,0.0,0
2cb6f8436ba0f1fbcdcd7871a03466d5,2026-09-12,Football_LineMovement_v1,47.5,9.0,,,0.0,0.0,0
2cb6f8436ba0f1fbcdcd7871a03466d5,2026-09-12,Football_MarketBlend_v1,47.0,8.75,HOME,UNDER,0.25,-0.5,0.75
2cb6f8436ba0f1fbcdcd7871a03466d5,2026-09-12,Football_MarketConsensus_v1,47.5,9.0,,,0.0,0.0,0
2cb6f8436ba0f1fbcdcd7871a03466d5,2026-09-12,Football_SpreadValue_v1,47.5,8.25,HOME,,0.75,0.0,0.75
2cb6f8436ba0f1fbcdcd7871a03466d5,2026-09-12,Football_TotalValue_v1,46.5,9.0,,UNDER,0.0,-1.0,1.0
2d138dd1213df66409b2439ed0119dde,2025-10-25,Football_KeyNumberGuard_v1,56.5,-38.0,,,0.0,0.0,0
2d138dd1213df66409b2439ed0119dde,2025-10-25,Football_LineMovement_v1,56.5,-38.0,,,0.0,0.0,0
2d138dd1213df66409b2439ed0119dde,2025-10-25,Football_MarketBlend_v1,56.0,-37.75,AWAY,UNDER,-0.25,-0.5,0.75
2d138dd1213df66409b2439ed0119dde,2025-10-25,Football_MarketConsensus_v1,56.5,-38.0,,,0.0,0.0,0
2d138dd1213df66409b2439ed0119dde,2025-10-25,Football_SpreadValue_v1,56.5,-37.25,AWAY,,-0.75,0.0,0.75
2d138dd1213df66409b2439ed0119dde,2025-10-25,Football_TotalValue_v1,55.5,-38.0,,UNDER,0.0,-1.0,1.0
2d276512e01be0ee84a7d0bb9fc4d604,2025-10-04,Football_KeyNumberGuard_v1,48.5,-20.0,,,0.0,0.0,0
2d276512e01be0ee84a7d0bb9fc4d604,2025-10-04,Football_LineMovement_v1,48.5,-20.0,,,0.0,0.0,0
2d276512e01be0ee84a7d0bb9fc4d604,2025-10-04,Football_MarketBlend_v1,48.0,-19.75,AWAY,UNDER,-0.25,-0.5,0.75
2d276512e01be0ee84a7d0bb9fc4d604,2025-10-04,Football_MarketConsensus_v1,48.5,-20.0,,,0.0,0.0,0
2d276512e01be0ee84a7d0bb9fc4d604,2025-10-04,Football_SpreadValue_v1,48.5,-19.25,AWAY,,-0.75,0.0,0.75
2d276512e01be0ee84a7d0bb9fc4d604,2025-10-04,Football_TotalValue_v1,47.5,-20.0,,UNDER,0.0,-1.0,1.0
2dbca87cd64d7ed47c15502789993291,2025-10-25,Football_KeyNumberGuard_v1,60.5,-2.75,,,0.0,0.0,0
2dbca87cd64d7ed47c15502789993291,2025-10-25,Football_LineMovement_v1,60.5,-2.75,,,0.0,0.0,0
2dbca87cd64d7ed47c15502789993291,2025-10-25,Football_MarketBlend_v1,60.0,-2.5,,UNDER,-0.25,-0.5,0.75
2dbca87cd64d7ed47c15502789993291,2025-10-25,Football_MarketConsensus_v1,60.5,-2.75,,,0.0,0.0,0
2dbca87cd64d7ed47c15502789993291,2025-10-25,Football_SpreadValue_v1,60.5,-2.0,AWAY,,-0.75,0.0,0.75
2dbca87cd64d7ed47c15502789993291,2025-10-25,Football_TotalValue_v1,59.5,-2.75,,UNDER,0.0,-1.0,1.0
2e59cc43133dd809fffed4c843d7afcc,2025-10-04,Football_KeyNumberGuard_v1,47.5,15.0,,,0.0,0.0,0
2e59cc43133dd809fffed4c843d7afcc,2025-10-04,Football_LineMovement_v1,47.5,15.0,,,0.0,0.0,0
2e59cc43133dd809fffed4c843d7afcc,2025-10-04,Football_MarketBlend_v1,47.0,14.75,HOME,UNDER,0.25,-0.5,0.75
2e59cc43133dd809fffed4c843d7afcc,2025-10-04,Football_MarketConsensus_v1,47.5,15.0,,,0.0,0.0,0
2e59cc43133dd809fffed4c843d7afcc,2025-10-04,Football_SpreadValue_v1,47.5,14.25,HOME,,0.75,0.0,0.75
2e59cc43133dd809fffed4c843d7afcc,2025-10-04,Football_TotalValue_v1,46.5,15.0,,UNDER,0.0,-1.0,1.0
2f02052c3228ed6d9dc2e8ff8cdf5cdd,2026-09-03,Football_KeyNumberGuard_v1,48.5,-25.5,,,0.0,0.0,0
2f02052c3228ed6d9dc2e8ff8cdf5cdd,2026-09-03,Football_LineMovement_v1,48.5,-25.5,,,0.0,0.0,0
2f02052c3228ed6d9dc2e8ff8cdf5cdd,2026-09-03,Football_MarketBlend_v1,48.0,-25.25,AWAY,UNDER,-0.25,-0.5,0.75
2f02052c3228ed6d9dc2e8ff8cdf5cdd,2026-09-03,Football_MarketConsensus_v1,48.5,-25.5,,,0.0,0.0,0
2f02052c3228ed6d9dc2e8ff8cdf5cdd,2026-09-03,Football_SpreadValue_v1,48.5,-24.75,AWAY,,-0.75,0.0,0.75
2f02052c3228ed6d9dc2e8ff8cdf5cdd,2026-09-03,Football_TotalValue_v1,47.5,-25.5,,UNDER,0.0,-1.0,1.0
2f3b6a7a4a7b55d909fa1d7673b7c452,2025-09-13,Football_KeyNumberGuard_v1,48.5,-3.0,,,0.0,0.0,0
2f3b6a7a4a7b55d909fa1d7673b7c452,2025-09-13,Football_LineMovement_v1,48.5,-3.0,,,0.0,0.0,0
2f3b6a7a4a7b55d909fa1d7673b7c452,2025-09-13,Football_MarketBlend_v1,48.0,-2.75,,UNDER,-0.25,-0.5,0.75
2f3b6a7a4a7b55d909fa1d7673b7c452,2025-09-13,Football_MarketConsensus_v1,48.5,-3.0,,,0.0,0.0,0
2f3b6a7a4a7b55d909fa1d7673b7c452,2025-09-13,Football_SpreadValue_v1,48.5,-2.25,AWAY,,-0.75,0.0,0.75
2f3b6a7a4a7b55d909fa1d7673b7c452,2025-09-13,Football_TotalValue_v1,47.5,-3.0,,UNDER,0.0,-1.0,1.0
2f5eb17fc3460a510e64c0da17592c23,2025-09-13,Football_KeyNumberGuard_v1,50.5,3.5,,,0.0,0.0,0
2f5eb17fc3460a510e64c0da17592c23,2025-09-13,Football_LineMovement_v1,50.5,3.5,,,0.0,0.0,0
2f5eb17fc3460a510e64c0da17592c23,2025-09-13,Football_MarketBlend_v1,50.0,3.25,,UNDER,0.25,-0.5,0.75
2f5eb17fc3460a510e64c0da17592c23,2025-09-13,Football_MarketConsensus_v1,50.5,3.5,,,0.0,0.0,0
2f5eb17fc3460a510e64c0da17592c23,2025-09-13,Football_SpreadValue_v1,50.5,2.75,HOME,,0.75,0.0,0.75
2f5eb17fc3460a510e64c0da17592c23,2025-09-13,Football_TotalValue_v1,49.5,3.5,,UNDER,0.0,-1.0,1.0
2f94142f11ca602b35004f81f0fb6bb4,2025-10-11,Football_KeyNumberGuard_v1,47.5,-7.0,,,0.0,0.0,0
2f94142f11ca602b35004f81f0fb6bb4,2025-10-11,Football_LineMovement_v1,47.5,-7.0,,,0.0,0.0,0
2f94142f11ca602b35004f81f0fb6bb4,2025-10-11,Football_MarketBlend_v1,47.0,-6.75,,UNDER,-0.25,-0.5,0.75
2f94142f11ca602b35004f81f0fb6bb4,2025-10-11,Football_MarketConsensus_v1,47.5,-7.0,,,0.0,0.0,0
2f94142f11ca602b35004f81f0fb6bb4,2025-10-11,Football_SpreadValue_v1,47.5,-6.25,AWAY,,-0.75,0.0,0.75
2f94142f11ca602b35004f81f0fb6bb4,2025-10-11,Football_TotalValue_v1,46.5,-7.0,,UNDER,0.0,-1.0,1.0
2fef91bee444782036d23f91abe0a5da,2026-09-12,Football_KeyNumberGuard_v1,55.5,12.0,,,0.0,0.0,0
2fef91bee444782036d23f91abe0a5da,2026-09-12,Football_LineMovement_v1,55.5,12.0,,,0.0,0.0,0
2fef91bee444782036d23f91abe0a5da,2026-09-12,Football_MarketBlend_v1,55.0,11.75,HOME,UNDER,0.25,-0.5,0.75
2fef91bee444782036d23f91abe0a5da,2026-09-12,Football_MarketConsensus_v1,55.5,12.0,,,0.0,0.0,0
2fef91bee444782036d23f91abe0a5da,2026-09-12,Football_SpreadValue_v1,55.5,11.25,HOME,,0.75,0.0,0.75
2fef91bee444782036d23f91abe0a5da,2026-09-12,Football_TotalValue_v1,54.5,12.0,,UNDER,0.0,-1.0,1.0
309c300c69b10173f523cb8a47a24f27,2025-08-31,Football_KeyNumberGuard_v1,63.5,-26.5,,,0.0,0.0,0
309c300c69b10173f523cb8a47a24f27,2025-08-31,Football_LineMovement_v1,63.5,-26.5,,,0.0,0.0,0
309c300c69b10173f523cb8a47a24f27,2025-08-31,Football_MarketBlend_v1,63.0,-26.25,AWAY,UNDER,-0.25,-0.5,0.75
309c300c69b10173f523cb8a47a24f27,2025-08-31,Football_MarketConsensus_v1,63.5,-26.5,,,0.0,0.0,0
309c300c69b10173f523cb8a47a24f27,2025-08-31,Football_SpreadValue_v1,63.5,-25.75,AWAY,,-0.75,0.0,0.75
309c300c69b10173f523cb8a47a24f27,2025-08-31,Football_TotalValue_v1,62.5,-26.5,,UNDER,0.0,-1.0,1.0
30cf3214dc9b486eaffd416cf0728735,2025-11-01,Football_KeyNumberGuard_v1,59.0,-3.0,,,0.0,0.0,0
30cf3214dc9b486eaffd416cf0728735,2025-11-01,Football_LineMovement_v1,59.0,-3.0,,,0.0,0.0,0
30cf3214dc9b486eaffd416cf0728735,2025-11-01,Football_MarketBlend_v1,58.5,-2.75,,UNDER,-0.25,-0.5,0.75
30cf3214dc9b486eaffd416cf0728735,2025-11-01,Football_MarketConsensus_v1,59.0,-3.0,,,0.0,0.0,0
30cf3214dc9b486eaffd416cf0728735,2025-11-01,Football_SpreadValue_v1,59.0,-2.25,AWAY,,-0.75,0.0,0.75
30cf3214dc9b486eaffd416cf0728735,2025-11-01,Football_TotalValue_v1,58.0,-3.0,,UNDER,0.0,-1.0,1.0
31667911777e27d23d74adaf5109d04e,2025-11-22,Football_KeyNumberGuard_v1,62.0,10.5,,,0.0,0.0,0
31667911777e27d23d74adaf5109d04e,2025-11-22,Football_LineMovement_v1,62.0,10.5,,,0.0,0.0,0
31667911777e27d23d74adaf5109d04e,2025-11-22,Football_MarketBlend_v1,61.5,10.25,,UNDER,0.25,-0.5,0.75
31667911777e27d23d74adaf5109d04e,2025-11-22,Football_MarketConsensus_v1,62.0,10.5,,,0.0,0.0,0
31667911777e27d23d74adaf5109d04e,2025-11-22,Football_SpreadValue_v1,62.0,9.75,HOME,,0.75,0.0,0.75
31667911777e27d23d74adaf5109d04e,2025-11-22,Football_TotalValue_v1,61.0,10.5,,UNDER,0.0,-1.0,1.0
319bff020a1a38e8a0b8123c6d9f06c5,2025-09-05,Football_KeyNumberGuard_v1,46.5,-16.5,,,0.0,0.0,0
319bff020a1a38e8a0b8123c6d9f06c5,2025-09-05,Football_LineMovement_v1,46.5,-16.5,,,0.0,0.0,0
319bff020a1a38e8a0b8123c6d9f06c5,2025-09-05,Football_MarketBlend_v1,46.0,-16.25,AWAY,UNDER,-0.25,-0.5,0.75
319bff020a1a38e8a0b8123c6d9f06c5,2025-09-05,Football_MarketConsensus_v1,46.5,-16.5,,,0.0,0.0,0
319bff020a1a38e8a0b8123c6d9f06c5,2025-09-05,Football_SpreadValue_v1,46.5,-15.75,AWAY,,-0.75,0.0,0.75
319bff020a1a38e8a0b8123c6d9f06c5,2025-09-05,Football_TotalValue_v1,45.5,-16.5,,UNDER,0.0,-1.0,1.0
31abe905b4b9ec98ab5d77869ca46d6c,2025-11-09,Football_KeyNumberGuard_v1,52.5,-20.5,,,0.0,0.0,0
31abe905b4b9ec98ab5d77869ca46d6c,2025-11-09,Football_LineMovement_v1,52.5,-20.5,,,0.0,0.0,0
31abe905b4b9ec98ab5d77869ca46d6c,2025-11-09,Football_MarketBlend_v1,52.0,-20.25,AWAY,UNDER,-0.25,-0.5,0.75
31abe905b4b9ec98ab5d77869ca46d6c,2025-11-09,Football_MarketConsensus_v1,52.5,-20.5,,,0.0,0.0,0
31abe905b4b9ec98ab5d77869ca46d6c,2025-11-09,Football_SpreadValue_v1,52.5,-19.75,AWAY,,-0.75,0.0,0.75
31abe905b4b9ec98ab5d77869ca46d6c,2025-11-09,Football_TotalValue_v1,51.5,-20.5,,UNDER,0.0,-1.0,1.0
31d94acd80bcf0d456a020d0ca96fd0e,2025-09-06,Football_KeyNumberGuard_v1,51.5,-35.5,,,0.0,0.0,0
31d94acd80bcf0d456a020d0ca96fd0e,2025-09-06,Football_LineMovement_v1,51.5,-35.5,,,0.0,0.0,0
31d94acd80bcf0d456a020d0ca96fd0e,2025-09-06,Football_MarketBlend_v1,51.0,-35.25,AWAY,UNDER,-0.25,-0.5,0.75
31d94acd80bcf0d456a020d0ca96fd0e,2025-09-06,Football_MarketConsensus_v1,51.5,-35.5,,,0.0,0.0,0
31d94acd80bcf0d456a020d0ca96fd0e,2025-09-06,Football_SpreadValue_v1,51.5,-34.75,AWAY,,-0.75,0.0,0.75
31d94acd80bcf0d456a020d0ca96fd0e,2025-09-06,Football_TotalValue_v1,50.5,-35.5,,UNDER,0.0,-1.0,1.0
325e1f14e3a41628ed0319f2ecedf2de,2025-08-28,Football_KeyNumberGuard_v1,56.0,-26.0,,,0.0,0.0,0
325e1f14e3a41628ed0319f2ecedf2de,2025-08-28,Football_LineMovement_v1,56.0,-26.0,,,0.0,0.0,0
325e1f14e3a41628ed0319f2ecedf2de,2025-08-28,Football_MarketBlend_v1,55.5,-25.75,AWAY,UNDER,-0.25,-0.5,0.75
325e1f14e3a41628ed0319f2ecedf2de,2025-08-28,Football_MarketConsensus_v1,56.0,-26.0,,,0.0,0.0,0
325e1f14e3a41628ed0319f2ecedf2de,2025-08-28,Football_SpreadValue_v1,56.0,-25.25,AWAY,,-0.75,0.0,0.75
325e1f14e3a41628ed0319f2ecedf2de,2025-08-28,Football_TotalValue_v1,55.0,-26.0,,UNDER,0.0,-1.0,1.0
32aab37746e32d72605120ee63924aea,2025-10-04,Football_KeyNumberGuard_v1,56.0,-20.5,,,0.0,0.0,0
32aab37746e32d72605120ee63924aea,2025-10-04,Football_LineMovement_v1,56.0,-20.5,,,0.0,0.0,0
32aab37746e32d72605120ee63924aea,2025-10-04,Football_MarketBlend_v1,55.5,-20.25,AWAY,UNDER,-0.25,-0.5,0.75
32aab37746e32d72605120ee63924aea,2025-10-04,Football_MarketConsensus_v1,56.0,-20.5,,,0.0,0.0,0
32aab37746e32d72605120ee63924aea,2025-10-04,Football_SpreadValue_v1,56.0,-19.75,AWAY,,-0.75,0.0,0.75
32aab37746e32d72605120ee63924aea,2025-10-04,Football_TotalValue_v1,55.0,-20.5,,UNDER,0.0,-1.0,1.0
32d34a26fb17b033fb1d33a6a8103cfb,2025-10-25,Football_KeyNumberGuard_v1,49.0,2.5,,,0.0,0.0,0
32d34a26fb17b033fb1d33a6a8103cfb,2025-10-25,Football_LineMovement_v1,49.0,2.5,,,0.0,0.0,0
32d34a26fb17b033fb1d33a6a8103cfb,2025-10-25,Football_MarketBlend_v1,48.5,2.25,,UNDER,0.25,-0.5,0.75
32d34a26fb17b033fb1d33a6a8103cfb,2025-10-25,Football_MarketConsensus_v1,49.0,2.5,,,0.0,0.0,0
32d34a26fb17b033fb1d33a6a8103cfb,2025-10-25,Football_SpreadValue_v1,49.0,1.75,HOME,,0.75,0.0,0.75
32d34a26fb17b033fb1d33a6a8103cfb,2025-10-25,Football_TotalValue_v1,48.0,2.5,,UNDER,0.0,-1.0,1.0
32dedd329ad7a2cf2ef10ea7ce94ac2f,2025-09-13,Football_KeyNumberGuard_v1,60.5,28.0,,,0.0,0.0,0
32dedd329ad7a2cf2ef10ea7ce94ac2f,2025-09-13,Football_LineMovement_v1,60.5,28.0,,,0.0,0.0,0
32dedd329ad7a2cf2ef10ea7ce94ac2f,2025-09-13,Football_MarketBlend_v1,60.0,27.75,HOME,UNDER,0.25,-0.5,0.75
32dedd329ad7a2cf2ef10ea7ce94ac2f,2025-09-13,Football_MarketConsensus_v1,60.5,28.0,,,0.0,0.0,0
32dedd329ad7a2cf2ef10ea7ce94ac2f,2025-09-13,Football_SpreadValue_v1,60.5,27.25,HOME,,0.75,0.0,0.75
32dedd329ad7a2cf2ef10ea7ce94ac2f,2025-09-13,Football_TotalValue_v1,59.5,28.0,,UNDER,0.0,-1.0,1.0
3313dcc5e91f9a2dda995a5e36e55f52,2026-08-29,Football_KeyNumberGuard_v1,60.5,-38.5,,,0.0,0.0,0
3313dcc5e91f9a2dda995a5e36e55f52,2026-08-29,Football_LineMovement_v1,60.5,-38.5,,,0.0,0.0,0
3313dcc5e91f9a2dda995a5e36e55f52,2026-08-29,Football_MarketBlend_v1,60.0,-38.25,AWAY,UNDER,-0.25,-0.5,0.75
3313dcc5e91f9a2dda995a5e36e55f52,2026-08-29,Football_MarketConsensus_v1,60.5,-38.5,,,0.0,0.0,0
3313dcc5e91f9a2dda995a5e36e55f52,2026-08-29,Football_SpreadValue_v1,60.5,-37.75,AWAY,,-0.75,0.0,0.75
3313dcc5e91f9a2dda995a5e36e55f52,2026-08-29,Football_TotalValue_v1,59.5,-38.5,,UNDER,0.0,-1.0,1.0
3364cb1ca333090467399c9202106e85,2025-09-12,Football_KeyNumberGuard_v1,45.0,-5.0,,,0.0,0.0,0
3364cb1ca333090467399c9202106e85,2025-09-12,Football_LineMovement_v1,45.0,-5.0,,,0.0,0.0,0
3364cb1ca333090467399c9202106e85,2025-09-12,Football_MarketBlend_v1,44.5,-4.75,AWAY,UNDER,-0.25,-0.5,0.75
3364cb1ca333090467399c9202106e85,2025-09-12,Football_MarketConsensus_v1,45.0,-5.0,,,0.0,0.0,0
3364cb1ca333090467399c9202106e85,2025-09-12,Football_SpreadValue_v1,45.0,-4.25,AWAY,,-0.75,0.0,0.75
3364cb1ca333090467399c9202106e85,2025-09-12,Football_TotalValue_v1,44.0,-5.0,,UNDER,0.0,-1.0,1.0
33d9786fcff3fcf5e281d2e750883421,2025-08-30,Football_KeyNumberGuard_v1,53.5,-34.5,,,0.0,0.0,0
33d9786fcff3fcf5e281d2e750883421,2025-08-30,Football_LineMovement_v1,53.5,-34.5,,,0.0,0.0,0
33d9786fcff3fcf5e281d2e750883421,2025-08-30,Football_MarketBlend_v1,53.0,-34.25,AWAY,UNDER,-0.25,-0.5,0.75
33d9786fcff3fcf5e281d2e750883421,2025-08-30,Football_MarketConsensus_v1,53.5,-34.5,,,0.0,0.0,0
33d9786fcff3fcf5e281d2e750883421,2025-08-30,Football_SpreadValue_v1,53.5,-33.75,AWAY,,-0.75,0.0,0.75
33d9786fcff3fcf5e281d2e750883421,2025-08-30,Football_TotalValue_v1,52.5,-34.5,,UNDER,0.0,-1.0,1.0
340927bb8c4eb3f1d8a13c5480646b51,2025-09-20,Football_KeyNumberGuard_v1,51.5,-34.75,,,0.0,0.0,0
340927bb8c4eb3f1d8a13c5480646b51,2025-09-20,Football_LineMovement_v1,51.5,-34.75,,,0.0,0.0,0
340927bb8c4eb3f1d8a13c5480646b51,2025-09-20,Football_MarketBlend_v1,51.0,-34.5,AWAY,UNDER,-0.25,-0.5,0.75
340927bb8c4eb3f1d8a13c5480646b51,2025-09-20,Football_MarketConsensus_v1,51.5,-34.75,,,0.0,0.0,0
340927bb8c4eb3f1d8a13c5480646b51,2025-09-20,Football_SpreadValue_v1,51.5,-34.0,AWAY,,-0.75,0.0,0.75
340927bb8c4eb3f1d8a13c5480646b51,2025-09-20,Football_TotalValue_v1,50.5,-34.75,,UNDER,0.0,-1.0,1.0
3494518f6430d858bb0c13fe8b29b108,2025-09-21,Football_KeyNumberGuard_v1,55.5,-19.0,,,0.0,0.0,0
3494518f6430d858bb0c13fe8b29b108,2025-09-21,Football_LineMovement_v1,55.5,-19.0,,,0.0,0.0,0
3494518f6430d858bb0c13fe8b29b108,2025-09-21,Football_MarketBlend_v1,55.0,-18.75,AWAY,UNDER,-0.25,-0.5,0.75
3494518f6430d858bb0c13fe8b29b108,2025-09-21,Football_MarketConsensus_v1,55.5,-19.0,,,0.0,0.0,0
3494518f6430d858bb0c13fe8b29b108,2025-09-21,Football_SpreadValue_v1,55.5,-18.25,AWAY,,-0.75,0.0,0.75
3494518f6430d858bb0c13fe8b29b108,2025-09-21,Football_TotalValue_v1,54.5,-19.0,,UNDER,0.0,-1.0,1.0
34c23c88d29703e3b8a3b0b9d29a7c31,2026-09-05,Football_KeyNumberGuard_v1,47.5,-22.5,,,0.0,0.0,0
34c23c88d29703e3b8a3b0b9d29a7c31,2026-09-05,Football_LineMovement_v1,47.5,-22.5,,,0.0,0.0,0
34c23c88d29703e3b8a3b0b9d29a7c31,2026-09-05,Football_MarketBlend_v1,47.0,-22.25,AWAY,UNDER,-0.25,-0.5,0.75
34c23c88d29703e3b8a3b0b9d29a7c31,2026-09-05,Football_MarketConsensus_v1,47.5,-22.5,,,0.0,0.0,0
34c23c88d29703e3b8a3b0b9d29a7c31,2026-09-05,Football_SpreadValue_v1,47.5,-21.75,AWAY,,-0.75,0.0,0.75
34c23c88d29703e3b8a3b0b9d29a7c31,2026-09-05,Football_TotalValue_v1,46.5,-22.5,,UNDER,0.0,-1.0,1.0
34fe27e86b995ea9e3cdc015d1ff5a46,2025-12-06,Football_KeyNumberGuard_v1,46.5,-23.5,,,0.0,0.0,0
34fe27e86b995ea9e3cdc015d1ff5a46,2025-12-06,Football_LineMovement_v1,46.5,-23.5,,,0.0,0.0,0
34fe27e86b995ea9e3cdc015d1ff5a46,2025-12-06,Football_MarketBlend_v1,46.0,-23.25,AWAY,UNDER,-0.25,-0.5,0.75
34fe27e86b995ea9e3cdc015d1ff5a46,2025-12-06,Football_MarketConsensus_v1,46.5,-23.5,,,0.0,0.0,0
34fe27e86b995ea9e3cdc015d1ff5a46,2025-12-06,Football_SpreadValue_v1,46.5,-22.75,AWAY,,-0.75,0.0,0.75
34fe27e86b995ea9e3cdc015d1ff5a46,2025-12-06,Football_TotalValue_v1,45.5,-23.5,,UNDER,0.0,-1.0,1.0
3548718cee61146dc3968e06c15ef1a8,2025-10-25,Football_KeyNumberGuard_v1,59.0,3.5,,,0.0,0.0,0
3548718cee61146dc3968e06c15ef1a8,2025-10-25,Football_LineMovement_v1,59.0,3.5,,,0.0,0.0,0
3548718cee61146dc3968e06c15ef1a8,2025-10-25,Football_MarketBlend_v1,58.5,3.25,,UNDER,0.25,-0.5,0.75
3548718cee61146dc3968e06c15ef1a8,2025-10-25,Football_MarketConsensus_v1,59.0,3.5,,,0.0,0.0,0
3548718cee61146dc3968e06c15ef1a8,2025-10-25,Football_SpreadValue_v1,59.0,2.75,HOME,,0.75,0.0,0.75
3548718cee61146dc3968e06c15ef1a8,2025-10-25,Football_TotalValue_v1,58.0,3.5,,UNDER,0.0,-1.0,1.0
35d3e354ceb275c759e3d2381e24ba87,2025-11-01,Football_KeyNumberGuard_v1,50.5,21.0,,,0.0,0.0,0
35d3e354ceb275c759e3d2381e24ba87,2025-11-01,Football_LineMovement_v1,50.5,21.0,,,0.0,0.0,0
35d3e354ceb275c759e3d2381e24ba87,2025-11-01,Football_MarketBlend_v1,50.0,20.75,HOME,UNDER,0.25,-0.5,0.75
35d3e354ceb275c759e3d2381e24ba87,2025-11-01,Football_MarketConsensus_v1,50.5,21.0,,,0.0,0.0,0
35d3e354ceb275c759e3d2381e24ba87,2025-11-01,Football_SpreadValue_v1,50.5,20.25,HOME,,0.75,0.0,0.75
35d3e354ceb275c759e3d2381e24ba87,2025-11-01,Football_TotalValue_v1,49.5,21.0,,UNDER,0.0,-1.0,1.0
3624fd697b751f6852328275de12fd1c,2025-09-20,Football_KeyNumberGuard_v1,50.5,2.5,,,0.0,0.0,0
3624fd697b751f6852328275de12fd1c,2025-09-20,Football_LineMovement_v1,50.5,2.5,,,0.0,0.0,0
3624fd697b751f6852328275de12fd1c,2025-09-20,Football_MarketBlend_v1,50.0,2.25,,UNDER,0.25,-0.5,0.75
3624fd697b751f6852328275de12fd1c,2025-09-20,Football_MarketConsensus_v1,50.5,2.5,,,0.0,0.0,0
3624fd697b751f6852328275de12fd1c,2025-09-20,Football_SpreadValue_v1,50.5,1.75,HOME,,0.75,0.0,0.75
3624fd697b751f6852328275de12fd1c,2025-09-20,Football_TotalValue_v1,49.5,2.5,,UNDER,0.0,-1.0,1.0
36766ef9e4777301de083b914263ee45,2025-11-16,Football_KeyNumberGuard_v1,51.5,-7.0,,,0.0,0.0,0
36766ef9e4777301de083b914263ee45,2025-11-16,Football_LineMovement_v1,51.5,-7.0,,,0.0,0.0,0
36766ef9e4777301de083b914263ee45,2025-11-16,Football_MarketBlend_v1,51.0,-6.75,,UNDER,-0.25,-0.5,0.75
36766ef9e4777301de083b914263ee45,2025-11-16,Football_MarketConsensus_v1,51.5,-7.0,,,0.0,0.0,0
36766ef9e4777301de083b914263ee45,2025-11-16,Football_SpreadValue_v1,51.5,-6.25,AWAY,,-0.75,0.0,0.75
36766ef9e4777301de083b914263ee45,2025-11-16,Football_TotalValue_v1,50.5,-7.0,,UNDER,0.0,-1.0,1.0
36ac69de72f616b39cbcc1f2e89a9430,2025-09-14,Football_KeyNumberGuard_v1,51.0,4.5,,,0.0,0.0,0
36ac69de72f616b39cbcc1f2e89a9430,2025-09-14,Football_LineMovement_v1,51.0,4.5,,,0.0,0.0,0
36ac69de72f616b39cbcc1f2e89a9430,2025-09-14,Football_MarketBlend_v1,50.5,4.25,HOME,UNDER,0.25,-0.5,0.75
36ac69de72f616b39cbcc1f2e89a9430,2025-09-14,Football_MarketConsensus_v1,51.0,4.5,,,0.0,0.0,0
36ac69de72f616b39cbcc1f2e89a9430,2025-09-14,Football_SpreadValue_v1,51.0,3.75,HOME,,0.75,0.0,0.75
36ac69de72f616b39cbcc1f2e89a9430,2025-09-14,Football_TotalValue_v1,50.0,4.5,,UNDER,0.0,-1.0,1.0
36c2a063d7a55e85488fbe0e89015686,2026-09-06,Football_KeyNumberGuard_v1,51.0,-23.5,,,0.0,0.0,0
36c2a063d7a55e85488fbe0e89015686,2026-09-06,Football_LineMovement_v1,51.0,-23.5,,,0.0,0.0,0
36c2a063d7a55e85488fbe0e89015686,2026-09-06,Football_MarketBlend_v1,50.5,-23.25,AWAY,UNDER,-0.25,-0.5,0.75
36c2a063d7a55e85488fbe0e89015686,2026-09-06,Football_MarketConsensus_v1,51.0,-23.5,,,0.0,0.0,0
36c2a063d7a55e85488fbe0e89015686,2026-09-06,Football_SpreadValue_v1,51.0,-22.75,AWAY,,-0.75,0.0,0.75
36c2a063d7a55e85488fbe0e89015686,2026-09-06,Football_TotalValue_v1,50.0,-23.5,,UNDER,0.0,-1.0,1.0
36d31c0bf72754e41d62e02ff964f34d,2025-11-15,Football_KeyNumberGuard_v1,48.5,-6.0,,,0.0,0.0,0
36d31c0bf72754e41d62e02ff964f34d,2025-11-15,Football_LineMovement_v1,48.5,-6.0,,,0.0,0.0,0
36d31c0bf72754e41d62e02ff964f34d,2025-11-15,Football_MarketBlend_v1,48.0,-5.75,AWAY,UNDER,-0.25,-0.5,0.75
36d31c0bf72754e41d62e02ff964f34d,2025-11-15,Football_MarketConsensus_v1,48.5,-6.0,,,0.0,0.0,0
36d31c0bf72754e41d62e02ff964f34d,2025-11-15,Football_SpreadValue_v1,48.5,-5.25,AWAY,,-0.75,0.0,0.75
36d31c0bf72754e41d62e02ff964f34d,2025-11-15,Football_TotalValue_v1,47.5,-6.0,,UNDER,0.0,-1.0,1.0
36ef3598137923f8a1f12dc61fabddf5,2025-10-15,Football_KeyNumberGuard_v1,47.5,3.0,,,0.0,0.0,0
36ef3598137923f8a1f12dc61fabddf5,2025-10-15,Football_LineMovement_v1,47.5,3.0,,,0.0,0.0,0
36ef3598137923f8a1f12dc61fabddf5,2025-10-15,Football_MarketBlend_v1,47.0,2.75,,UNDER,0.25,-0.5,0.75
36ef3598137923f8a1f12dc61fabddf5,2025-10-15,Football_MarketConsensus_v1,47.5,3.0,,,0.0,0.0,0
36ef3598137923f8a1f12dc61fabddf5,2025-10-15,Football_SpreadValue_v1,47.5,2.25,HOME,,0.75,0.0,0.75
36ef3598137923f8a1f12dc61fabddf5,2025-10-15,Football_TotalValue_v1,46.5,3.0,,UNDER,0.0,-1.0,1.0
36f13df92e5c272f20ed7d541c8cf2d4,2025-11-26,Football_KeyNumberGuard_v1,46.5,7.5,,,0.0,0.0,0
36f13df92e5c272f20ed7d541c8cf2d4,2025-11-26,Football_LineMovement_v1,46.5,7.5,,,0.0,0.0,0
36f13df92e5c272f20ed7d541c8cf2d4,2025-11-26,Football_MarketBlend_v1,46.0,7.25,,UNDER,0.25,-0.5,0.75
36f13df92e5c272f20ed7d541c8cf2d4,2025-11-26,Football_MarketConsensus_v1,46.5,7.5,,,0.0,0.0,0
36f13df92e5c272f20ed7d541c8cf2d4,2025-11-26,Football_SpreadValue_v1,46.5,6.75,HOME,,0.75,0.0,0.75
36f13df92e5c272f20ed7d541c8cf2d4,2025-11-26,Football_TotalValue_v1,45.5,7.5,,UNDER,0.0,-1.0,1.0
370e6b93a4490c8e6c3b6c1d9e123128,2025-11-22,Football_KeyNumberGuard_v1,54.0,-8.5,,,0.0,0.0,0
370e6b93a4490c8e6c3b6c1d9e123128,2025-11-22,Football_LineMovement_v1,54.0,-8.5,,,0.0,0.0,0
370e6b93a4490c8e6c3b6c1d9e123128,2025-11-22,Football_MarketBlend_v1,53.5,-8.25,AWAY,UNDER,-0.25,-0.5,0.75
370e6b93a4490c8e6c3b6c1d9e123128,2025-11-22,Football_MarketConsensus_v1,54.0,-8.5,,,0.0,0.0,0
370e6b93a4490c8e6c3b6c1d9e123128,2025-11-22,Football_SpreadValue_v1,54.0,-7.75,AWAY,,-0.75,0.0,0.75
370e6b93a4490c8e6c3b6c1d9e123128,2025-11-22,Football_TotalValue_v1,53.0,-8.5,,UNDER,0.0,-1.0,1.0
3758bd67c5316c1bbfb1233631178e37,2025-10-25,Football_KeyNumberGuard_v1,39.5,-8.5,,,0.0,0.0,0
3758bd67c5316c1bbfb1233631178e37,2025-10-25,Football_LineMovement_v1,39.5,-8.5,,,0.0,0.0,0
3758bd67c5316c1bbfb1233631178e37,2025-10-25,Football_MarketBlend_v1,40.0,-8.25,AWAY,OVER,-0.25,0.5,0.75
3758bd67c5316c1bbfb1233631178e37,2025-10-25,Football_MarketConsensus_v1,39.5,-8.5,,,0.0,0.0,0
3758bd67c5316c1bbfb1233631178e37,2025-10-25,Football_SpreadValue_v1,39.5,-7.75,AWAY,,-0.75,0.0,0.75
3758bd67c5316c1bbfb1233631178e37,2025-10-25,Football_TotalValue_v1,40.5,-8.5,,OVER,0.0,1.0,1.0
3768a025a13a62b8c2e3538dd92c4747,2025-10-25,Football_KeyNumberGuard_v1,54.5,-25.5,,,0.0,0.0,0
3768a025a13a62b8c2e3538dd92c4747,2025-10-25,Football_LineMovement_v1,54.5,-25.5,,,0.0,0.0,0
3768a025a13a62b8c2e3538dd92c4747,2025-10-25,Football_MarketBlend_v1,54.0,-25.25,AWAY,UNDER,-0.25,-0.5,0.75
3768a025a13a62b8c2e3538dd92c4747,2025-10-25,Football_MarketConsensus_v1,54.5,-25.5,,,0.0,0.0,0
3768a025a13a62b8c2e3538dd92c4747,2025-10-25,Football_SpreadValue_v1,54.5,-24.75,AWAY,,-0.75,0.0,0.75
3768a025a13a62b8c2e3538dd92c4747,2025-10-25,Football_TotalValue_v1,53.5,-25.5,,UNDER,0.0,-1.0,1.0
37c6546256bb2bb144539c81dc931806,2025-10-25,Football_KeyNumberGuard_v1,56.0,-2.5,,,0.0,0.0,0
37c6546256bb2bb144539c81dc931806,2025-10-25,Football_LineMovement_v1,56.0,-2.5,,,0.0,0.0,0
37c6546256bb2bb144539c81dc931806,2025-10-25,Football_MarketBlend_v1,55.5,-2.25,,UNDER,-0.25,-0.5,0.75
37c6546256bb2bb144539c81dc931806,2025-10-25,Football_MarketConsensus_v1,56.0,-2.5,,,0.0,0.0,0
37c6546256bb2bb144539c81dc931806,2025-10-25,Football_SpreadValue_v1,56.0,-1.75,AWAY,,-0.75,0.0,0.75
37c6546256bb2bb144539c81dc931806,2025-10-25,Football_TotalValue_v1,55.0,-2.5,,UNDER,0.0,-1.0,1.0
38ec707066a2e19151e10f088803554b,2025-09-27,Football_KeyNumberGuard_v1,53.0,8.5,,,0.0,0.0,0
38ec707066a2e19151e10f088803554b,2025-09-27,Football_LineMovement_v1,53.0,8.5,,,0.0,0.0,0
38ec707066a2e19151e10f088803554b,2025-09-27,Football_MarketBlend_v1,52.5,8.25,HOME,UNDER,0.25,-0.5,0.75
38ec707066a2e19151e10f088803554b,2025-09-27,Football_MarketConsensus_v1,53.0,8.5,,,0.0,0.0,0
38ec707066a2e19151e10f088803554b,2025-09-27,Football_SpreadValue_v1,53.0,7.75,HOME,,0.75,0.0,0.75
38ec707066a2e19151e10f088803554b,2025-09-27,Football_TotalValue_v1,52.0,8.5,,UNDER,0.0,-1.0,1.0
38f9a9237c998cf91210a3d8f7d59a7a,2026-11-21,Football_KeyNumberGuard_v1,58.5,1.5,,,0.0,0.0,0
38f9a9237c998cf91210a3d8f7d59a7a,2026-11-21,Football_LineMovement_v1,58.5,1.5,,,0.0,0.0,0
38f9a9237c998cf91210a3d8f7d59a7a,2026-11-21,Football_MarketBlend_v1,58.5,1.5,,,0.0,0.0,0
38f9a9237c998cf91210a3d8f7d59a7a,2026-11-21,Football_MarketConsensus_v1,58.5,1.5,,,0.0,0.0,0
38f9a9237c998cf91210a3d8f7d59a7a,2026-11-21,Football_SpreadValue_v1,58.5,1.5,,,0.0,0.0,0
38f9a9237c998cf91210a3d8f7d59a7a,2026-11-21,Football_TotalValue_v1,58.5,1.5,,,0.0,0.0,0
392073cad7207da5ea1097f3cac57ddd,2025-10-29,Football_KeyNumberGuard_v1,50.5,-10.0,,,0.0,0.0,0
392073cad7207da5ea1097f3cac57ddd,2025-10-29,Football_LineMovement_v1,50.5,-10.0,,,0.0,0.0,0
392073cad7207da5ea1097f3cac57ddd,2025-10-29,Football_MarketBlend_v1,50.0,-9.75,,UNDER,-0.25,-0.5,0.75
392073cad7207da5ea1097f3cac57ddd,2025-10-29,Football_MarketConsensus_v1,50.5,-10.0,,,0.0,0.0,0
392073cad7207da5ea1097f3cac57ddd,2025-10-29,Football_SpreadValue_v1,50.5,-9.25,AWAY,,-0.75,0.0,0.75
392073cad7207da5ea1097f3cac57ddd,2025-10-29,Football_TotalValue_v1,49.5,-10.0,,UNDER,0.0,-1.0,1.0
3975575c3ff9da1842f4019db37825e7,2025-09-06,Football_KeyNumberGuard_v1,55.5,-45.5,,,0.0,0.0,0
3975575c3ff9da1842f4019db37825e7,2025-09-06,Football_LineMovement_v1,55.5,-45.5,,,0.0,0.0,0
3975575c3ff9da1842f4019db37825e7,2025-09-06,Football_MarketBlend_v1,55.0,-45.25,AWAY,UNDER,-0.25,-0.5,0.75
3975575c3ff9da1842f4019db37825e7,2025-09-06,Football_MarketConsensus_v1,55.5,-45.5,,,0.0,0.0,0
3975575c3ff9da1842f4019db37825e7,2025-09-06,Football_SpreadValue_v1,55.5,-44.75,AWAY,,-0.75,0.0,0.75
3975575c3ff9da1842f4019db37825e7,2025-09-06,Football_TotalValue_v1,54.5,-45.5,,UNDER,0.0,-1.0,1.0
398c47249f361616ea373b30dc8acbf1,2025-11-08,Football_KeyNumberGuard_v1,42.0,6.0,,,0.0,0.0,0
398c47249f361616ea373b30dc8acbf1,2025-11-08,Football_LineMovement_v1,42.0,6.0,,,0.0,0.0,0
398c47249f361616ea373b30dc8acbf1,2025-11-08,Football_MarketBlend_v1,42.5,5.75,HOME,OVER,0.25,0.5,0.75
398c47249f361616ea373b30dc8acbf1,2025-11-08,Football_MarketConsensus_v1,42.0,6.0,,,0.0,0.0,0
398c47249f361616ea373b30dc8acbf1,2025-11-08,Football_SpreadValue_v1,42.0,5.25,HOME,,0.75,0.0,0.75
398c47249f361616ea373b30dc8acbf1,2025-11-08,Football_TotalValue_v1,43.0,6.0,,OVER,0.0,1.0,1.0
3a175beb7105d6a842ae58311a15f4d1,2025-08-29,Football_KeyNumberGuard_v1,49.0,3.0,,,0.0,0.0,0
3a175beb7105d6a842ae58311a15f4d1,2025-08-29,Football_LineMovement_v1,49.0,3.0,,,0.0,0.0,0
3a175beb7105d6a842ae58311a15f4d1,2025-08-29,Football_MarketBlend_v1,48.5,2.75,,UNDER,0.25,-0.5,0.75
3a175beb7105d6a842ae58311a15f4d1,2025-08-29,Football_MarketConsensus_v1,49.0,3.0,,,0.0,0.0,0
3a175beb7105d6a842ae58311a15f4d1,2025-08-29,Football_SpreadValue_v1,49.0,2.25,HOME,,0.75,0.0,0.75
3a175beb7105d6a842ae58311a15f4d1,2025-08-29,Football_TotalValue_v1,48.0,3.0,,UNDER,0.0,-1.0,1.0
3a295f4683347d18fea2de7ee64aa079,2025-11-02,Football_KeyNumberGuard_v1,56.0,-10.5,,,0.0,0.0,0
3a295f4683347d18fea2de7ee64aa079,2025-11-02,Football_LineMovement_v1,56.0,-10.5,,,0.0,0.0,0
3a295f4683347d18fea2de7ee64aa079,2025-11-02,Football_MarketBlend_v1,55.5,-10.25,,UNDER,-0.25,-0.5,0.75
3a295f4683347d18fea2de7ee64aa079,2025-11-02,Football_MarketConsensus_v1,56.0,-10.5,,,0.0,0.0,0
3a295f4683347d18fea2de7ee64aa079,2025-11-02,Football_SpreadValue_v1,56.0,-9.75,AWAY,,-0.75,0.0,0.75
3a295f4683347d18fea2de7ee64aa079,2025-11-02,Football_TotalValue_v1,55.0,-10.5,,UNDER,0.0,-1.0,1.0
3a348b84db164ba3eddf330ec773c06d,2025-09-20,Football_KeyNumberGuard_v1,44.0,-5.5,,,0.0,0.0,0
3a348b84db164ba3eddf330ec773c06d,2025-09-20,Football_LineMovement_v1,44.0,-5.5,,,0.0,0.0,0
3a348b84db164ba3eddf330ec773c06d,2025-09-20,Football_MarketBlend_v1,44.5,-5.25,AWAY,OVER,-0.25,0.5,0.75
3a348b84db164ba3eddf330ec773c06d,2025-09-20,Football_MarketConsensus_v1,44.0,-5.5,,,0.0,0.0,0
3a348b84db164ba3eddf330ec773c06d,2025-09-20,Football_SpreadValue_v1,44.0,-4.75,AWAY,,-0.75,0.0,0.75
3a348b84db164ba3eddf330ec773c06d,2025-09-20,Football_TotalValue_v1,45.0,-5.5,,OVER,0.0,1.0,1.0
3aa7e2c30d9051691c378e202279c6fc,2025-09-20,Football_KeyNumberGuard_v1,58.5,-3.5,,,0.0,0.0,0
3aa7e2c30d9051691c378e202279c6fc,2025-09-20,Football_LineMovement_v1,58.5,-3.5,,,0.0,0.0,0
3aa7e2c30d9051691c378e202279c6fc,2025-09-20,Football_MarketBlend_v1,58.0,-3.25,,UNDER,-0.25,-0.5,0.75
3aa7e2c30d9051691c378e202279c6fc,2025-09-20,Football_MarketConsensus_v1,58.5,-3.5,,,0.0,0.0,0
3aa7e2c30d9051691c378e202279c6fc,2025-09-20,Football_SpreadValue_v1,58.5,-2.75,AWAY,,-0.75,0.0,0.75
3aa7e2c30d9051691c378e202279c6fc,2025-09-20,Football_TotalValue_v1,57.5,-3.5,,UNDER,0.0,-1.0,1.0
3ad5a91e618cb376c6a36ce3661ddeaa,2025-09-13,Football_KeyNumberGuard_v1,55.5,-44.5,,,0.0,0.0,0
3ad5a91e618cb376c6a36ce3661ddeaa,2025-09-13,Football_LineMovement_v1,55.5,-44.5,,,0.0,0.0,0
3ad5a91e618cb376c6a36ce3661ddeaa,2025-09-13,Football_MarketBlend_v1,55.0,-44.25,AWAY,UNDER,-0.25,-0.5,0.75
3ad5a91e618cb376c6a36ce3661ddeaa,2025-09-13,Football_MarketConsensus_v1,55.5,-44.5,,,0.0,0.0,0
3ad5a91e618cb376c6a36ce3661ddeaa,2025-09-13,Football_SpreadValue_v1,55.5,-43.75,AWAY,,-0.75,0.0,0.75
3ad5a91e618cb376c6a36ce3661ddeaa,2025-09-13,Football_TotalValue_v1,54.5,-44.5,,UNDER,0.0,-1.0,1.0
3b3054849b678fcfa0b6a5a9994557bf,2026-09-12,Football_KeyNumberGuard_v1,48.5,-28.5,,,0.0,0.0,0
3b3054849b678fcfa0b6a5a9994557bf,2026-09-12,Football_LineMovement_v1,48.5,-28.5,,,0.0,0.0,0
3b3054849b678fcfa0b6a5a9994557bf,2026-09-12,Football_MarketBlend_v1,48.0,-28.25,AWAY,UNDER,-0.25,-0.5,0.75
3b3054849b678fcfa0b6a5a9994557bf,2026-09-12,Football_MarketConsensus_v1,48.5,-28.5,,,0.0,0.0,0
3b3054849b678fcfa0b6a5a9994557bf,2026-09-12,Football_SpreadValue_v1,48.5,-27.75,AWAY,,-0.75,0.0,0.75
3b3054849b678fcfa0b6a5a9994557bf,2026-09-12,Football_TotalValue_v1,47.5,-28.5,,UNDER,0.0,-1.0,1.0
3b8f7932b91ca36668646fcf4eca8509,2025-11-29,Football_KeyNumberGuard_v1,62.5,-9.0,,,0.0,0.0,0
3b8f7932b91ca36668646fcf4eca8509,2025-11-29,Football_LineMovement_v1,62.5,-9.0,,,0.0,0.0,0
3b8f7932b91ca36668646fcf4eca8509,2025-11-29,Football_MarketBlend_v1,62.0,-8.75,AWAY,UNDER,-0.25,-0.5,0.75
3b8f7932b91ca36668646fcf4eca8509,2025-11-29,Football_MarketConsensus_v1,62.5,-9.0,,,0.0,0.0,0
3b8f7932b91ca36668646fcf4eca8509,2025-11-29,Football_SpreadValue_v1,62.5,-8.25,AWAY,,-0.75,0.0,0.75
3b8f7932b91ca36668646fcf4eca8509,2025-11-29,Football_TotalValue_v1,61.5,-9.0,,UNDER,0.0,-1.0,1.0
3be9156167b64ba9f0510a1a47caf12c,2025-12-26,Football_KeyNumberGuard_v1,43.5,-1.5,,,0.0,0.0,0
3be9156167b64ba9f0510a1a47caf12c,2025-12-26,Football_LineMovement_v1,43.5,-1.5,,,0.0,0.0,0
3be9156167b64ba9f0510a1a47caf12c,2025-12-26,Football_MarketBlend_v1,44.0,-1.25,AWAY,OVER,-0.25,0.5,0.75
3be9156167b64ba9f0510a1a47caf12c,2025-12-26,Football_MarketConsensus_v1,43.5,-1.5,,,0.0,0.0,0
3be9156167b64ba9f0510a1a47caf12c,2025-12-26,Football_SpreadValue_v1,43.5,-0.75,AWAY,,-0.75,0.0,0.75
3be9156167b64ba9f0510a1a47caf12c,2025-12-26,Football_TotalValue_v1,44.5,-1.5,,OVER,0.0,1.0,1.0
3c1a2eb27aec91630f0cda00f959ee61,2025-10-04,Football_KeyNumberGuard_v1,46.0,12.0,,,0.0,0.0,0
3c1a2eb27aec91630f0cda00f959ee61,2025-10-04,Football_LineMovement_v1,46.0,12.0,,,0.0,0.0,0
3c1a2eb27aec91630f0cda00f959ee61,2025-10-04,Football_MarketBlend_v1,45.5,11.75,HOME,UNDER,0.25,-0.5,0.75
3c1a2eb27aec91630f0cda00f959ee61,2025-10-04,Football_MarketConsensus_v1,46.0,12.0,,,0.0,0.0,0
3c1a2eb27aec91630f0cda00f959ee61,2025-10-04,Football_SpreadValue_v1,46.0,11.25,HOME,,0.75,0.0,0.75
3c1a2eb27aec91630f0cda00f959ee61,2025-10-04,Football_TotalValue_v1,45.0,12.0,,UNDER,0.0,-1.0,1.0
3c44dd1ba67c8192815306b5bb894fcd,2025-11-09,Football_KeyNumberGuard_v1,44.5,3.5,,,0.0,0.0,0
3c44dd1ba67c8192815306b5bb894fcd,2025-11-09,Football_LineMovement_v1,44.5,3.5,,,0.0,0.0,0
3c44dd1ba67c8192815306b5bb894fcd,2025-11-09,Football_MarketBlend_v1,45.0,3.25,,OVER,0.25,0.5,0.75
3c44dd1ba67c8192815306b5bb894fcd,2025-11-09,Football_MarketConsensus_v1,44.5,3.5,,,0.0,0.0,0
3c44dd1ba67c8192815306b5bb894fcd,2025-11-09,Football_SpreadValue_v1,44.5,2.75,HOME,,0.75,0.0,0.75
3c44dd1ba67c8192815306b5bb894fcd,2025-11-09,Football_TotalValue_v1,45.5,3.5,,OVER,0.0,1.0,1.0
3ca674b081dddf7f8ac3d9862186b8e8,2025-10-18,Football_KeyNumberGuard_v1,60.0,-6.5,,,0.0,0.0,0
3ca674b081dddf7f8ac3d9862186b8e8,2025-10-18,Football_LineMovement_v1,60.0,-6.5,,,0.0,0.0,0
3ca674b081dddf7f8ac3d9862186b8e8,2025-10-18,Football_MarketBlend_v1,59.5,-6.25,,UNDER,-0.25,-0.5,0.75
3ca674b081dddf7f8ac3d9862186b8e8,2025-10-18,Football_MarketConsensus_v1,60.0,-6.5,,,0.0,0.0,0
3ca674b081dddf7f8ac3d9862186b8e8,2025-10-18,Football_SpreadValue_v1,60.0,-5.75,AWAY,,-0.75,0.0,0.75
3ca674b081dddf7f8ac3d9862186b8e8,2025-10-18,Football_TotalValue_v1,59.0,-6.5,,UNDER,0.0,-1.0,1.0
3cde3895b46bdd55cfc55a6fb9a69418,2025-10-18,Football_KeyNumberGuard_v1,72.5,-21.0,,,0.0,0.0,0
3cde3895b46bdd55cfc55a6fb9a69418,2025-10-18,Football_LineMovement_v1,72.5,-21.0,,,0.0,0.0,0
3cde3895b46bdd55cfc55a6fb9a69418,2025-10-18,Football_MarketBlend_v1,72.0,-20.75,AWAY,UNDER,-0.25,-0.5,0.75
3cde3895b46bdd55cfc55a6fb9a69418,2025-10-18,Football_MarketConsensus_v1,72.5,-21.0,,,0.0,0.0,0
3cde3895b46bdd55cfc55a6fb9a69418,2025-10-18,Football_SpreadValue_v1,72.5,-20.25,AWAY,,-0.75,0.0,0.75
3cde3895b46bdd55cfc55a6fb9a69418,2025-10-18,Football_TotalValue_v1,71.5,-21.0,,UNDER,0.0,-1.0,1.0
3cdecb280dab6308f21d5b4bf89806f6,2025-10-04,Football_KeyNumberGuard_v1,42.5,-17.5,,,0.0,0.0,0
3cdecb280dab6308f21d5b4bf89806f6,2025-10-04,Football_LineMovement_v1,42.5,-17.5,,,0.0,0.0,0
3cdecb280dab6308f21d5b4bf89806f6,2025-10-04,Football_MarketBlend_v1,43.0,-17.25,AWAY,OVER,-0.25,0.5,0.75
3cdecb280dab6308f21d5b4bf89806f6,2025-10-04,Football_MarketConsensus_v1,42.5,-17.5,,,0.0,0.0,0
3cdecb280dab6308f21d5b4bf89806f6,2025-10-04,Football_SpreadValue_v1,42.5,-16.75,AWAY,,-0.75,0.0,0.75
3cdecb280dab6308f21d5b4bf89806f6,2025-10-04,Football_TotalValue_v1,43.5,-17.5,,OVER,0.0,1.0,1.0
3cff947fac86cab5c41d4f7c0e9393ce,2026-09-12,Football_KeyNumberGuard_v1,50.5,-1.5,,,0.0,0.0,0
3cff947fac86cab5c41d4f7c0e9393ce,2026-09-12,Football_LineMovement_v1,50.5,-1.5,,,0.0,0.0,0
3cff947fac86cab5c41d4f7c0e9393ce,2026-09-12,Football_MarketBlend_v1,50.0,-1.25,AWAY,UNDER,-0.25,-0.5,0.75
3cff947fac86cab5c41d4f7c0e9393ce,2026-09-12,Football_MarketConsensus_v1,50.5,-1.5,,,0.0,0.0,0
3cff947fac86cab5c41d4f7c0e9393ce,2026-09-12,Football_SpreadValue_v1,50.5,-0.75,AWAY,,-0.75,0.0,0.75
3cff947fac86cab5c41d4f7c0e9393ce,2026-09-12,Football_TotalValue_v1,49.5,-1.5,,UNDER,0.0,-1.0,1.0
3d0bb9b5fd3ea8d38a3c67c60cd814f4,2025-10-11,Football_KeyNumberGuard_v1,43.5,-9.0,,,0.0,0.0,0
3d0bb9b5fd3ea8d38a3c67c60cd814f4,2025-10-11,Football_LineMovement_v1,43.5,-9.0,,,0.0,0.0,0
3d0bb9b5fd3ea8d38a3c67c60cd814f4,2025-10-11,Football_MarketBlend_v1,44.0,-8.75,AWAY,OVER,-0.25,0.5,0.75
3d0bb9b5fd3ea8d38a3c67c60cd814f4,2025-10-11,Football_MarketConsensus_v1,43.5,-9.0,,,0.0,0.0,0
3d0bb9b5fd3ea8d38a3c67c60cd814f4,2025-10-11,Football_SpreadValue_v1,43.5,-8.25,AWAY,,-0.75,0.0,0.75
3d0bb9b5fd3ea8d38a3c67c60cd814f4,2025-10-11,Football_TotalValue_v1,44.5,-9.0,,OVER,0.0,1.0,1.0
3d51dc9f725e59fd6750915622f55394,2025-11-28,Football_KeyNumberGuard_v1,45.0,7.0,,,0.0,0.0,0
3d51dc9f725e59fd6750915622f55394,2025-11-28,Football_LineMovement_v1,45.0,7.0,,,0.0,0.0,0
3d51dc9f725e59fd6750915622f55394,2025-11-28,Football_MarketBlend_v1,44.5,6.75,,UNDER,0.25,-0.5,0.75
3d51dc9f725e59fd6750915622f55394,2025-11-28,Football_MarketConsensus_v1,45.0,7.0,,,0.0,0.0,0
3d51dc9f725e59fd6750915622f55394,2025-11-28,Football_SpreadValue_v1,45.0,6.25,HOME,,0.75,0.0,0.75
3d51dc9f725e59fd6750915622f55394,2025-11-28,Football_TotalValue_v1,44.0,7.0,,UNDER,0.0,-1.0,1.0
3da928fcc2533b3638a7a05f8cce5d12,2026-09-05,Football_KeyNumberGuard_v1,48.5,-15.5,,,0.0,0.0,0
3da928fcc2533b3638a7a05f8cce5d12,2026-09-05,Football_LineMovement_v1,48.5,-15.5,,,0.0,0.0,0
3da928fcc2533b3638a7a05f8cce5d12,2026-09-05,Football_MarketBlend_v1,48.0,-15.25,AWAY,UNDER,-0.25,-0.5,0.75
3da928fcc2533b3638a7a05f8cce5d12,2026-09-05,Football_MarketConsensus_v1,48.5,-15.5,,,0.0,0.0,0
3da928fcc2533b3638a7a05f8cce5d12,2026-09-05,Football_SpreadValue_v1,48.5,-14.75,AWAY,,-0.75,0.0,0.75
3da928fcc2533b3638a7a05f8cce5d12,2026-09-05,Football_TotalValue_v1,47.5,-15.5,,UNDER,0.0,-1.0,1.0
3dec9604577d82e2589fe2319f14dbdc,2025-11-09,Football_KeyNumberGuard_v1,48.0,-6.5,,,0.0,0.0,0
3dec9604577d82e2589fe2319f14dbdc,2025-11-09,Football_LineMovement_v1,48.0,-6.5,,,0.0,0.0,0
3dec9604577d82e2589fe2319f14dbdc,2025-11-09,Football_MarketBlend_v1,47.5,-6.25,,UNDER,-0.25,-0.5,0.75
3dec9604577d82e2589fe2319f14dbdc,2025-11-09,Football_MarketConsensus_v1,48.0,-6.5,,,0.0,0.0,0
3dec9604577d82e2589fe2319f14dbdc,2025-11-09,Football_SpreadValue_v1,48.0,-5.75,AWAY,,-0.75,0.0,0.75
3dec9604577d82e2589fe2319f14dbdc,2025-11-09,Football_TotalValue_v1,47.0,-6.5,,UNDER,0.0,-1.0,1.0
3e06ec27bf0f5024ab751815479d9c4e,2025-09-05,Football_KeyNumberGuard_v1,55.5,-15.0,,,0.0,0.0,0
3e06ec27bf0f5024ab751815479d9c4e,2025-09-05,Football_LineMovement_v1,55.5,-15.0,,,0.0,0.0,0
3e06ec27bf0f5024ab751815479d9c4e,2025-09-05,Football_MarketBlend_v1,55.0,-14.75,AWAY,UNDER,-0.25,-0.5,0.75
3e06ec27bf0f5024ab751815479d9c4e,2025-09-05,Football_MarketConsensus_v1,55.5,-15.0,,,0.0,0.0,0
3e06ec27bf0f5024ab751815479d9c4e,2025-09-05,Football_SpreadValue_v1,55.5,-14.25,AWAY,,-0.75,0.0,0.75
3e06ec27bf0f5024ab751815479d9c4e,2025-09-05,Football_TotalValue_v1,54.5,-15.0,,UNDER,0.0,-1.0,1.0
3e0b12f621379f7492aabe9f44a74477,2025-11-12,Football_KeyNumberGuard_v1,47.0,-1.0,,,0.0,0.0,0
3e0b12f621379f7492aabe9f44a74477,2025-11-12,Football_LineMovement_v1,47.0,-1.0,,,0.0,0.0,0
3e0b12f621379f7492aabe9f44a74477,2025-11-12,Football_MarketBlend_v1,46.5,-0.75,AWAY,UNDER,-0.25,-0.5,0.75
3e0b12f621379f7492aabe9f44a74477,2025-11-12,Football_MarketConsensus_v1,47.0,-1.0,,,0.0,0.0,0
3e0b12f621379f7492aabe9f44a74477,2025-11-12,Football_SpreadValue_v1,47.0,-0.25,AWAY,,-0.75,0.0,0.75
3e0b12f621379f7492aabe9f44a74477,2025-11-12,Football_TotalValue_v1,46.0,-1.0,,UNDER,0.0,-1.0,1.0
3e96265c0539c2de97577de90c2b992a,2025-11-15,Football_KeyNumberGuard_v1,62.5,10.0,,,0.0,0.0,0
3e96265c0539c2de97577de90c2b992a,2025-11-15,Football_LineMovement_v1,62.5,10.0,,,0.0,0.0,0
3e96265c0539c2de97577de90c2b992a,2025-11-15,Football_MarketBlend_v1,62.0,9.75,,UNDER,0.25,-0.5,0.75
3e96265c0539c2de97577de90c2b992a,2025-11-15,Football_MarketConsensus_v1,62.5,10.0,,,0.0,0.0,0
3e96265c0539c2de97577de90c2b992a,2025-11-15,Football_SpreadValue_v1,62.5,9.25,HOME,,0.75,0.0,0.75
3e96265c0539c2de97577de90c2b992a,2025-11-15,Football_TotalValue_v1,61.5,10.0,,UNDER,0.0,-1.0,1.0
3e97b6f70731e23aa7124b444cfc22aa,2025-10-25,Football_KeyNumberGuard_v1,48.0,11.5,,,0.0,0.0,0
3e97b6f70731e23aa7124b444cfc22aa,2025-10-25,Football_LineMovement_v1,48.0,11.5,,,0.0,0.0,0
3e97b6f70731e23aa7124b444cfc22aa,2025-10-25,Football_MarketBlend_v1,47.5,11.25,HOME,UNDER,0.25,-0.5,0.75
3e97b6f70731e23aa7124b444cfc22aa,2025-10-25,Football_MarketConsensus_v1,48.0,11.5,,,0.0,0.0,0
3e97b6f70731e23aa7124b444cfc22aa,2025-10-25,Football_SpreadValue_v1,48.0,10.75,HOME,,0.75,0.0,0.75
3e97b6f70731e23aa7124b444cfc22aa,2025-10-25,Football_TotalValue_v1,47.0,11.5,,UNDER,0.0,-1.0,1.0
3e9dfc4d7f79fb996ffad0f138799cd7,2025-11-22,Football_KeyNumberGuard_v1,64.0,6.5,,,0.0,0.0,0
3e9dfc4d7f79fb996ffad0f138799cd7,2025-11-22,Football_LineMovement_v1,64.0,6.5,,,0.0,0.0,0
3e9dfc4d7f79fb996ffad0f138799cd7,2025-11-22,Football_MarketBlend_v1,63.5,6.25,,UNDER,0.25,-0.5,0.75
3e9dfc4d7f79fb996ffad0f138799cd7,2025-11-22,Football_MarketConsensus_v1,64.0,6.5,,,0.0,0.0,0
3e9dfc4d7f79fb996ffad0f138799cd7,2025-11-22,Football_SpreadValue_v1,64.0,5.75,HOME,,0.75,0.0,0.75
3e9dfc4d7f79fb996ffad0f138799cd7,2025-11-22,Football_TotalValue_v1,63.0,6.5,,UNDER,0.0,-1.0,1.0
3f05bfa200e747e1c2702776c675b7f9,2026-09-12,Football_KeyNumberGuard_v1,60.5,-35.5,,,0.0,0.0,0
3f05bfa200e747e1c2702776c675b7f9,2026-09-12,Football_LineMovement_v1,60.5,-35.5,,,0.0,0.0,0
3f05bfa200e747e1c2702776c675b7f9,2026-09-12,Football_MarketBlend_v1,60.0,-35.25,AWAY,UNDER,-0.25,-0.5,0.75
3f05bfa200e747e1c2702776c675b7f9,2026-09-12,Football_MarketConsensus_v1,60.5,-35.5,,,0.0,0.0,0
3f05bfa200e747e1c2702776c675b7f9,2026-09-12,Football_SpreadValue_v1,60.5,-34.75,AWAY,,-0.75,0.0,0.75
3f05bfa200e747e1c2702776c675b7f9,2026-09-12,Football_TotalValue_v1,59.5,-35.5,,UNDER,0.0,-1.0,1.0
3f24d5cd198b8d71346ee485024d92e4,2025-09-13,Football_KeyNumberGuard_v1,53.5,-31.0,,,0.0,0.0,0
3f24d5cd198b8d71346ee485024d92e4,2025-09-13,Football_LineMovement_v1,53.5,-31.0,,,0.0,0.0,0
3f24d5cd198b8d71346ee485024d92e4,2025-09-13,Football_MarketBlend_v1,53.0,-30.75,AWAY,UNDER,-0.25,-0.5,0.75
3f24d5cd198b8d71346ee485024d92e4,2025-09-13,Football_MarketConsensus_v1,53.5,-31.0,,,0.0,0.0,0
3f24d5cd198b8d71346ee485024d92e4,2025-09-13,Football_SpreadValue_v1,53.5,-30.25,AWAY,,-0.75,0.0,0.75
3f24d5cd198b8d71346ee485024d92e4,2025-09-13,Football_TotalValue_v1,52.5,-31.0,,UNDER,0.0,-1.0,1.0
3f3198d8ec7bd7e458a37b922f1b8c48,2025-11-22,Football_KeyNumberGuard_v1,55.0,-41.5,,,0.0,0.0,0
3f3198d8ec7bd7e458a37b922f1b8c48,2025-11-22,Football_LineMovement_v1,55.0,-41.5,,,0.0,0.0,0
3f3198d8ec7bd7e458a37b922f1b8c48,2025-11-22,Football_MarketBlend_v1,54.5,-41.25,AWAY,UNDER,-0.25,-0.5,0.75
3f3198d8ec7bd7e458a37b922f1b8c48,2025-11-22,Football_MarketConsensus_v1,55.0,-41.5,,,0.0,0.0,0
3f3198d8ec7bd7e458a37b922f1b8c48,2025-11-22,Football_SpreadValue_v1,55.0,-40.75,AWAY,,-0.75,0.0,0.75
3f3198d8ec7bd7e458a37b922f1b8c48,2025-11-22,Football_TotalValue_v1,54.0,-41.5,,UNDER,0.0,-1.0,1.0
3f5427025f543bc0aaee3f1a090a0e7b,2025-11-01,Football_KeyNumberGuard_v1,52.5,4.0,,,0.0,0.0,0
3f5427025f543bc0aaee3f1a090a0e7b,2025-11-01,Football_LineMovement_v1,52.5,4.0,,,0.0,0.0,0
3f5427025f543bc0aaee3f1a090a0e7b,2025-11-01,Football_MarketBlend_v1,52.0,3.75,HOME,UNDER,0.25,-0.5,0.75
3f5427025f543bc0aaee3f1a090a0e7b,2025-11-01,Football_MarketConsensus_v1,52.5,4.0,,,0.0,0.0,0
3f5427025f543bc0aaee3f1a090a0e7b,2025-11-01,Football_SpreadValue_v1,52.5,3.25,HOME,,0.75,0.0,0.75
3f5427025f543bc0aaee3f1a090a0e7b,2025-11-01,Football_TotalValue_v1,51.5,4.0,,UNDER,0.0,-1.0,1.0
3f8386d941941a0dfabcc52c2d49a779,2025-09-06,Football_KeyNumberGuard_v1,49.5,-21.5,,,0.0,0.0,0
3f8386d941941a0dfabcc52c2d49a779,2025-09-06,Football_LineMovement_v1,49.5,-21.5,,,0.0,0.0,0
3f8386d941941a0dfabcc52c2d49a779,2025-09-06,Football_MarketBlend_v1,49.0,-21.25,AWAY,UNDER,-0.25,-0.5,0.75
3f8386d941941a0dfabcc52c2d49a779,2025-09-06,Football_MarketConsensus_v1,49.5,-21.5,,,0.0,0.0,0
3f8386d941941a0dfabcc52c2d49a779,2025-09-06,Football_SpreadValue_v1,49.5,-20.75,AWAY,,-0.75,0.0,0.75
3f8386d941941a0dfabcc52c2d49a779,2025-09-06,Football_TotalValue_v1,48.5,-21.5,,UNDER,0.0,-1.0,1.0
3f96037e0014fee643fc8b7a5efaa2d0,2025-09-20,Football_KeyNumberGuard_v1,54.0,-17.5,,,0.0,0.0,0
3f96037e0014fee643fc8b7a5efaa2d0,2025-09-20,Football_LineMovement_v1,54.0,-17.5,,,0.0,0.0,0
3f96037e0014fee643fc8b7a5efaa2d0,2025-09-20,Football_MarketBlend_v1,53.5,-17.25,AWAY,UNDER,-0.25,-0.5,0.75
3f96037e0014fee643fc8b7a5efaa2d0,2025-09-20,Football_MarketConsensus_v1,54.0,-17.5,,,0.0,0.0,0
3f96037e0014fee643fc8b7a5efaa2d0,2025-09-20,Football_SpreadValue_v1,54.0,-16.75,AWAY,,-0.75,0.0,0.75
3f96037e0014fee643fc8b7a5efaa2d0,2025-09-20,Football_TotalValue_v1,53.0,-17.5,,UNDER,0.0,-1.0,1.0
3fdda89f6826aab0083880182b962b27,2025-09-20,Football_KeyNumberGuard_v1,49.5,1.5,,,0.0,0.0,0
3fdda89f6826aab0083880182b962b27,2025-09-20,Football_LineMovement_v1,49.5,1.5,,,0.0,0.0,0
3fdda89f6826aab0083880182b962b27,2025-09-20,Football_MarketBlend_v1,49.0,1.25,HOME,UNDER,0.25,-0.5,0.75
3fdda89f6826aab0083880182b962b27,2025-09-20,Football_MarketConsensus_v1,49.5,1.5,,,0.0,0.0,0
3fdda89f6826aab0083880182b962b27,2025-09-20,Football_SpreadValue_v1,49.5,0.75,HOME,,0.75,0.0,0.75
3fdda89f6826aab0083880182b962b27,2025-09-20,Football_TotalValue_v1,48.5,1.5,,UNDER,0.0,-1.0,1.0
3ff98544de6910e3e7332504955f64df,2025-11-22,Football_KeyNumberGuard_v1,42.5,-5.5,,,0.0,0.0,0
3ff98544de6910e3e7332504955f64df,2025-11-22,Football_LineMovement_v1,42.5,-5.5,,,0.0,0.0,0
3ff98544de6910e3e7332504955f64df,2025-11-22,Football_MarketBlend_v1,43.0,-5.25,AWAY,OVER,-0.25,0.5,0.75
3ff98544de6910e3e7332504955f64df,2025-11-22,Football_MarketConsensus_v1,42.5,-5.5,,,0.0,0.0,0
3ff98544de6910e3e7332504955f64df,2025-11-22,Football_SpreadValue_v1,42.5,-4.75,AWAY,,-0.75,0.0,0.75
3ff98544de6910e3e7332504955f64df,2025-11-22,Football_TotalValue_v1,43.5,-5.5,,OVER,0.0,1.0,1.0
400e78d747b851ab6b491404d939c700,2025-11-13,Football_KeyNumberGuard_v1,43.5,11.5,,,0.0,0.0,0
400e78d747b851ab6b491404d939c700,2025-11-13,Football_LineMovement_v1,43.5,11.5,,,0.0,0.0,0
400e78d747b851ab6b491404d939c700,2025-11-13,Football_MarketBlend_v1,44.0,11.25,HOME,OVER,0.25,0.5,0.75
400e78d747b851ab6b491404d939c700,2025-11-13,Football_MarketConsensus_v1,43.5,11.5,,,0.0,0.0,0
400e78d747b851ab6b491404d939c700,2025-11-13,Football_SpreadValue_v1,43.5,10.75,HOME,,0.75,0.0,0.75
400e78d747b851ab6b491404d939c700,2025-11-13,Football_TotalValue_v1,44.5,11.5,,OVER,0.0,1.0,1.0
4079ac405679c86d2ef11dde29e5713a,2025-09-27,Football_KeyNumberGuard_v1,54.5,-15.5,,,0.0,0.0,0
4079ac405679c86d2ef11dde29e5713a,2025-09-27,Football_LineMovement_v1,54.5,-15.5,,,0.0,0.0,0
4079ac405679c86d2ef11dde29e5713a,2025-09-27,Football_MarketBlend_v1,54.0,-15.25,AWAY,UNDER,-0.25,-0.5,0.75
4079ac405679c86d2ef11dde29e5713a,2025-09-27,Football_MarketConsensus_v1,54.5,-15.5,,,0.0,0.0,0
4079ac405679c86d2ef11dde29e5713a,2025-09-27,Football_SpreadValue_v1,54.5,-14.75,AWAY,,-0.75,0.0,0.75
4079ac405679c86d2ef11dde29e5713a,2025-09-27,Football_TotalValue_v1,53.5,-15.5,,UNDER,0.0,-1.0,1.0
40957cd6146dab4aa2d4b8431e1fb6df,2025-11-29,Football_KeyNumberGuard_v1,46.5,-2.5,,,0.0,0.0,0
40957cd6146dab4aa2d4b8431e1fb6df,2025-11-29,Football_LineMovement_v1,46.5,-2.5,,,0.0,0.0,0
40957cd6146dab4aa2d4b8431e1fb6df,2025-11-29,Football_MarketBlend_v1,46.0,-2.25,,UNDER,-0.25,-0.5,0.75
40957cd6146dab4aa2d4b8431e1fb6df,2025-11-29,Football_MarketConsensus_v1,46.5,-2.5,,,0.0,0.0,0
40957cd6146dab4aa2d4b8431e1fb6df,2025-11-29,Football_SpreadValue_v1,46.5,-1.75,AWAY,,-0.75,0.0,0.75
40957cd6146dab4aa2d4b8431e1fb6df,2025-11-29,Football_TotalValue_v1,45.5,-2.5,,UNDER,0.0,-1.0,1.0
4097313a7b920350f695d5ebf4441e25,2025-11-15,Football_KeyNumberGuard_v1,56.5,-5.5,,,0.0,0.0,0
4097313a7b920350f695d5ebf4441e25,2025-11-15,Football_LineMovement_v1,56.5,-5.5,,,0.0,0.0,0
4097313a7b920350f695d5ebf4441e25,2025-11-15,Football_MarketBlend_v1,56.0,-5.25,AWAY,UNDER,-0.25,-0.5,0.75
4097313a7b920350f695d5ebf4441e25,2025-11-15,Football_MarketConsensus_v1,56.5,-5.5,,,0.0,0.0,0
4097313a7b920350f695d5ebf4441e25,2025-11-15,Football_SpreadValue_v1,56.5,-4.75,AWAY,,-0.75,0.0,0.75
4097313a7b920350f695d5ebf4441e25,2025-11-15,Football_TotalValue_v1,55.5,-5.5,,UNDER,0.0,-1.0,1.0
40e0ef27cf4ecc8195310d798dee3be9,2025-09-20,Football_KeyNumberGuard_v1,54.5,-4.5,,,0.0,0.0,0
40e0ef27cf4ecc8195310d798dee3be9,2025-09-20,Football_LineMovement_v1,54.5,-4.5,,,0.0,0.0,0
40e0ef27cf4ecc8195310d798dee3be9,2025-09-20,Football_MarketBlend_v1,54.0,-4.25,AWAY,UNDER,-0.25,-0.5,0.75
40e0ef27cf4ecc8195310d798dee3be9,2025-09-20,Football_MarketConsensus_v1,54.5,-4.5,,,0.0,0.0,0
40e0ef27cf4ecc8195310d798dee3be9,2025-09-20,Football_SpreadValue_v1,54.5,-3.75,AWAY,,-0.75,0.0,0.75
40e0ef27cf4ecc8195310d798dee3be9,2025-09-20,Football_TotalValue_v1,53.5,-4.5,,UNDER,0.0,-1.0,1.0
410236d82315e057f9465b5c12df7bf2,2025-09-14,Football_KeyNumberGuard_v1,58.5,-11.5,,,0.0,0.0,0
410236d82315e057f9465b5c12df7bf2,2025-09-14,Football_LineMovement_v1,58.5,-11.5,,,0.0,0.0,0
410236d82315e057f9465b5c12df7bf2,2025-09-14,Football_MarketBlend_v1,58.0,-11.25,AWAY,UNDER,-0.25,-0.5,0.75
410236d82315e057f9465b5c12df7bf2,2025-09-14,Football_MarketConsensus_v1,58.5,-11.5,,,0.0,0.0,0
410236d82315e057f9465b5c12df7bf2,2025-09-14,Football_SpreadValue_v1,58.5,-10.75,AWAY,,-0.75,0.0,0.75
410236d82315e057f9465b5c12df7bf2,2025-09-14,Football_TotalValue_v1,57.5,-11.5,,UNDER,0.0,-1.0,1.0
411a22839a0415e8122bf6655d692dcb,2025-08-30,Football_KeyNumberGuard_v1,61.5,-40.0,,,0.0,0.0,0
411a22839a0415e8122bf6655d692dcb,2025-08-30,Football_LineMovement_v1,61.5,-40.0,,,0.0,0.0,0
411a22839a0415e8122bf6655d692dcb,2025-08-30,Football_MarketBlend_v1,61.0,-39.75,AWAY,UNDER,-0.25,-0.5,0.75
411a22839a0415e8122bf6655d692dcb,2025-08-30,Football_MarketConsensus_v1,61.5,-40.0,,,0.0,0.0,0
411a22839a0415e8122bf6655d692dcb,2025-08-30,Football_SpreadValue_v1,61.5,-39.25,AWAY,,-0.75,0.0,0.75
411a22839a0415e8122bf6655d692dcb,2025-08-30,Football_TotalValue_v1,60.5,-40.0,,UNDER,0.0,-1.0,1.0
425bbfaa3561f07998f8e4c4ae3159be,2025-11-21,Football_KeyNumberGuard_v1,53.5,-2.5,,,0.0,0.0,0
425bbfaa3561f07998f8e4c4ae3159be,2025-11-21,Football_LineMovement_v1,53.5,-2.5,,,0.0,0.0,0
425bbfaa3561f07998f8e4c4ae3159be,2025-11-21,Football_MarketBlend_v1,53.0,-2.25,,UNDER,-0.25,-0.5,0.75
425bbfaa3561f07998f8e4c4ae3159be,2025-11-21,Football_MarketConsensus_v1,53.5,-2.5,,,0.0,0.0,0
425bbfaa3561f07998f8e4c4ae3159be,2025-11-21,Football_SpreadValue_v1,53.5,-1.75,AWAY,,-0.75,0.0,0.75
425bbfaa3561f07998f8e4c4ae3159be,2025-11-21,Football_TotalValue_v1,52.5,-2.5,,UNDER,0.0,-1.0,1.0
426658869d8f93e891cad97029725975,2026-11-28,Football_KeyNumberGuard_v1,45.5,-12.5,,,0.0,0.0,0
426658869d8f93e891cad97029725975,2026-11-28,Football_LineMovement_v1,45.5,-12.5,,,0.0,0.0,0
426658869d8f93e891cad97029725975,2026-11-28,Football_MarketBlend_v1,45.5,-12.5,,,0.0,0.0,0
426658869d8f93e891cad97029725975,2026-11-28,Football_MarketConsensus_v1,45.5,-12.5,,,0.0,0.0,0
426658869d8f93e891cad97029725975,2026-11-28,Football_SpreadValue_v1,45.5,-12.5,,,0.0,0.0,0
426658869d8f93e891cad97029725975,2026-11-28,Football_TotalValue_v1,45.5,-12.5,,,0.0,0.0,0
42aba02bd1d0ca3572d8df5ebbbbc4af,2025-12-19,Football_KeyNumberGuard_v1,47.0,-3.5,,,0.0,0.0,0
42aba02bd1d0ca3572d8df5ebbbbc4af,2025-12-19,Football_LineMovement_v1,47.0,-3.5,,,0.0,0.0,0
42aba02bd1d0ca3572d8df5ebbbbc4af,2025-12-19,Football_MarketBlend_v1,46.5,-3.25,,UNDER,-0.25,-0.5,0.75
42aba02bd1d0ca3572d8df5ebbbbc4af,2025-12-19,Football_MarketConsensus_v1,47.0,-3.5,,,0.0,0.0,0
42aba02bd1d0ca3572d8df5ebbbbc4af,2025-12-19,Football_SpreadValue_v1,47.0,-2.75,AWAY,,-0.75,0.0,0.75
42aba02bd1d0ca3572d8df5ebbbbc4af,2025-12-19,Football_TotalValue_v1,46.0,-3.5,,UNDER,0.0,-1.0,1.0
42cca8d28245b1fbf784f639a81f2542,2025-11-15,Football_KeyNumberGuard_v1,51.0,-2.5,,,0.0,0.0,0
42cca8d28245b1fbf784f639a81f2542,2025-11-15,Football_LineMovement_v1,51.0,-2.5,,,0.0,0.0,0
42cca8d28245b1fbf784f639a81f2542,2025-11-15,Football_MarketBlend_v1,50.5,-2.25,,UNDER,-0.25,-0.5,0.75
42cca8d28245b1fbf784f639a81f2542,2025-11-15,Football_MarketConsensus_v1,51.0,-2.5,,,0.0,0.0,0
42cca8d28245b1fbf784f639a81f2542,2025-11-15,Football_SpreadValue_v1,51.0,-1.75,AWAY,,-0.75,0.0,0.75
42cca8d28245b1fbf784f639a81f2542,2025-11-15,Football_TotalValue_v1,50.0,-2.5,,UNDER,0.0,-1.0,1.0
42e2757eda4ea3c97d054d008c5cc7d6,2025-10-12,Football_KeyNumberGuard_v1,42.5,7.0,,,0.0,0.0,0
42e2757eda4ea3c97d054d008c5cc7d6,2025-10-12,Football_LineMovement_v1,42.5,7.0,,,0.0,0.0,0
42e2757eda4ea3c97d054d008c5cc7d6,2025-10-12,Football_MarketBlend_v1,43.0,6.75,,OVER,0.25,0.5,0.75
42e2757eda4ea3c97d054d008c5cc7d6,2025-10-12,Football_MarketConsensus_v1,42.5,7.0,,,0.0,0.0,0
42e2757eda4ea3c97d054d008c5cc7d6,2025-10-12,Football_SpreadValue_v1,42.5,6.25,HOME,,0.75,0.0,0.75
42e2757eda4ea3c97d054d008c5cc7d6,2025-10-12,Football_TotalValue_v1,43.5,7.0,,OVER,0.0,1.0,1.0
4306843c52f1847f42d57fdc5e59652a,2025-09-21,Football_KeyNumberGuard_v1,46.5,3.0,,,0.0,0.0,0
4306843c52f1847f42d57fdc5e59652a,2025-09-21,Football_LineMovement_v1,46.5,3.0,,,0.0,0.0,0
4306843c52f1847f42d57fdc5e59652a,2025-09-21,Football_MarketBlend_v1,46.0,2.75,,UNDER,0.25,-0.5,0.75
4306843c52f1847f42d57fdc5e59652a,2025-09-21,Football_MarketConsensus_v1,46.5,3.0,,,0.0,0.0,0
4306843c52f1847f42d57fdc5e59652a,2025-09-21,Football_SpreadValue_v1,46.5,2.25,HOME,,0.75,0.0,0.75
4306843c52f1847f42d57fdc5e59652a,2025-09-21,Football_TotalValue_v1,45.5,3.0,,UNDER,0.0,-1.0,1.0
432e5ee9d4c8297a2460d82e89ec5161,2025-10-18,Football_KeyNumberGuard_v1,60.0,-10.5,,,0.0,0.0,0
432e5ee9d4c8297a2460d82e89ec5161,2025-10-18,Football_LineMovement_v1,60.0,-10.5,,,0.0,0.0,0
432e5ee9d4c8297a2460d82e89ec5161,2025-10-18,Football_MarketBlend_v1,59.5,-10.25,,UNDER,-0.25,-0.5,0.75
432e5ee9d4c8297a2460d82e89ec5161,2025-10-18,Football_MarketConsensus_v1,60.0,-10.5,,,0.0,0.0,0
432e5ee9d4c8297a2460d82e89ec5161,2025-10-18,Football_SpreadValue_v1,60.0,-9.75,AWAY,,-0.75,0.0,0.75
432e5ee9d4c8297a2460d82e89ec5161,2025-10-18,Football_TotalValue_v1,59.0,-10.5,,UNDER,0.0,-1.0,1.0
435c548cea0f26f2df00d9c9df0a7924,2025-11-23,Football_KeyNumberGuard_v1,50.0,-12.0,,,0.0,0.0,0
435c548cea0f26f2df00d9c9df0a7924,2025-11-23,Football_LineMovement_v1,50.0,-12.0,,,0.0,0.0,0
435c548cea0f26f2df00d9c9df0a7924,2025-11-23,Football_MarketBlend_v1,49.5,-11.75,AWAY,UNDER,-0.25,-0.5,0.75
435c548cea0f26f2df00d9c9df0a7924,2025-11-23,Football_MarketConsensus_v1,50.0,-12.0,,,0.0,0.0,0
435c548cea0f26f2df00d9c9df0a7924,2025-11-23,Football_SpreadValue_v1,50.0,-11.25,AWAY,,-0.75,0.0,0.75
435c548cea0f26f2df00d9c9df0a7924,2025-11-23,Football_TotalValue_v1,49.0,-12.0,,UNDER,0.0,-1.0,1.0
43bc24c6358317da3648cedea890e3b3,2025-10-25,Football_KeyNumberGuard_v1,53.5,-27.0,,,0.0,0.0,0
43bc24c6358317da3648cedea890e3b3,2025-10-25,Football_LineMovement_v1,53.5,-27.0,,,0.0,0.0,0
43bc24c6358317da3648cedea890e3b3,2025-10-25,Football_MarketBlend_v1,53.0,-26.75,AWAY,UNDER,-0.25,-0.5,0.75
43bc24c6358317da3648cedea890e3b3,2025-10-25,Football_MarketConsensus_v1,53.5,-27.0,,,0.0,0.0,0
43bc24c6358317da3648cedea890e3b3,2025-10-25,Football_SpreadValue_v1,53.5,-26.25,AWAY,,-0.75,0.0,0.75
43bc24c6358317da3648cedea890e3b3,2025-10-25,Football_TotalValue_v1,52.5,-27.0,,UNDER,0.0,-1.0,1.0
43ee6255542faa05e9b9853cb1c6289e,2026-09-12,Football_KeyNumberGuard_v1,82.0,-67.5,,,0.0,0.0,0
43ee6255542faa05e9b9853cb1c6289e,2026-09-12,Football_LineMovement_v1,82.0,-67.5,,,0.0,0.0,0
43ee6255542faa05e9b9853cb1c6289e,2026-09-12,Football_MarketBlend_v1,81.5,-67.25,AWAY,UNDER,-0.25,-0.5,0.75
43ee6255542faa05e9b9853cb1c6289e,2026-09-12,Football_MarketConsensus_v1,82.0,-67.5,,,0.0,0.0,0
43ee6255542faa05e9b9853cb1c6289e,2026-09-12,Football_SpreadValue_v1,82.0,-66.75,AWAY,,-0.75,0.0,0.75
43ee6255542faa05e9b9853cb1c6289e,2026-09-12,Football_TotalValue_v1,81.0,-67.5,,UNDER,0.0,-1.0,1.0
4448884985daf34694092893ff17f308,2025-09-13,Football_KeyNumberGuard_v1,45.5,-18.0,,,0.0,0.0,0
4448884985daf34694092893ff17f308,2025-09-13,Football_LineMovement_v1,45.5,-18.0,,,0.0,0.0,0
4448884985daf34694092893ff17f308,2025-09-13,Football_MarketBlend_v1,45.0,-17.75,AWAY,UNDER,-0.25,-0.5,0.75
4448884985daf34694092893ff17f308,2025-09-13,Football_MarketConsensus_v1,45.5,-18.0,,,0.0,0.0,0
4448884985daf34694092893ff17f308,2025-09-13,Football_SpreadValue_v1,45.5,-17.25,AWAY,,-0.75,0.0,0.75
4448884985daf34694092893ff17f308,2025-09-13,Football_TotalValue_v1,44.5,-18.0,,UNDER,0.0,-1.0,1.0
4488b598e3c442fca385311902ea6300,2025-11-22,Football_KeyNumberGuard_v1,51.5,-27.5,,,0.0,0.0,0
4488b598e3c442fca385311902ea6300,2025-11-22,Football_LineMovement_v1,51.5,-27.5,,,0.0,0.0,0
4488b598e3c442fca385311902ea6300,2025-11-22,Football_MarketBlend_v1,51.0,-27.25,AWAY,UNDER,-0.25,-0.5,0.75
4488b598e3c442fca385311902ea6300,2025-11-22,Football_MarketConsensus_v1,51.5,-27.5,,,0.0,0.0,0
4488b598e3c442fca385311902ea6300,2025-11-22,Football_SpreadValue_v1,51.5,-26.75,AWAY,,-0.75,0.0,0.75
4488b598e3c442fca385311902ea6300,2025-11-22,Football_TotalValue_v1,50.5,-27.5,,UNDER,0.0,-1.0,1.0
44a2361269f83f940cea7de9319ffe61,2025-11-23,Football_KeyNumberGuard_v1,45.5,-7.5,,,0.0,0.0,0
44a2361269f83f940cea7de9319ffe61,2025-11-23,Football_LineMovement_v1,45.5,-7.5,,,0.0,0.0,0
44a2361269f83f940cea7de9319ffe61,2025-11-23,Football_MarketBlend_v1,45.0,-7.25,,UNDER,-0.25,-0.5,0.75
44a2361269f83f940cea7de9319ffe61,2025-11-23,Football_MarketConsensus_v1,45.5,-7.5,,,0.0,0.0,0
44a2361269f83f940cea7de9319ffe61,2025-11-23,Football_SpreadValue_v1,45.5,-6.75,AWAY,,-0.75,0.0,0.75
44a2361269f83f940cea7de9319ffe61,2025-11-23,Football_TotalValue_v1,44.5,-7.5,,UNDER,0.0,-1.0,1.0
44c4dad3152fde5571154dc29bf30020,2025-11-01,Football_KeyNumberGuard_v1,49.5,-17.5,,,0.0,0.0,0
44c4dad3152fde5571154dc29bf30020,2025-11-01,Football_LineMovement_v1,49.5,-17.5,,,0.0,0.0,0
44c4dad3152fde5571154dc29bf30020,2025-11-01,Football_MarketBlend_v1,49.0,-17.25,AWAY,UNDER,-0.25,-0.5,0.75
44c4dad3152fde5571154dc29bf30020,2025-11-01,Football_MarketConsensus_v1,49.5,-17.5,,,0.0,0.0,0
44c4dad3152fde5571154dc29bf30020,2025-11-01,Football_SpreadValue_v1,49.5,-16.75,AWAY,,-0.75,0.0,0.75
44c4dad3152fde5571154dc29bf30020,2025-11-01,Football_TotalValue_v1,48.5,-17.5,,UNDER,0.0,-1.0,1.0
450441ce20015b77a67d789a077704c9,2025-11-15,Football_KeyNumberGuard_v1,62.5,7.5,,,0.0,0.0,0
450441ce20015b77a67d789a077704c9,2025-11-15,Football_LineMovement_v1,62.5,7.5,,,0.0,0.0,0
450441ce20015b77a67d789a077704c9,2025-11-15,Football_MarketBlend_v1,62.0,7.25,,UNDER,0.25,-0.5,0.75
450441ce20015b77a67d789a077704c9,2025-11-15,Football_MarketConsensus_v1,62.5,7.5,,,0.0,0.0,0
450441ce20015b77a67d789a077704c9,2025-11-15,Football_SpreadValue_v1,62.5,6.75,HOME,,0.75,0.0,0.75
450441ce20015b77a67d789a077704c9,2025-11-15,Football_TotalValue_v1,61.5,7.5,,UNDER,0.0,-1.0,1.0
455af8d3dabc721a5899d78834243422,2025-10-12,Football_KeyNumberGuard_v1,57.5,1.5,,,0.0,0.0,0
455af8d3dabc721a5899d78834243422,2025-10-12,Football_LineMovement_v1,57.5,1.5,,,0.0,0.0,0
455af8d3dabc721a5899d78834243422,2025-10-12,Football_MarketBlend_v1,57.0,1.25,HOME,UNDER,0.25,-0.5,0.75
455af8d3dabc721a5899d78834243422,2025-10-12,Football_MarketConsensus_v1,57.5,1.5,,,0.0,0.0,0
455af8d3dabc721a5899d78834243422,2025-10-12,Football_SpreadValue_v1,57.5,0.75,HOME,,0.75,0.0,0.75
455af8d3dabc721a5899d78834243422,2025-10-12,Football_TotalValue_v1,56.5,1.5,,UNDER,0.0,-1.0,1.0
4579a2cd837e62498e3b3831d4475c96,2025-10-04,Football_KeyNumberGuard_v1,51.0,-6.0,,,0.0,0.0,0
4579a2cd837e62498e3b3831d4475c96,2025-10-04,Football_LineMovement_v1,51.0,-6.0,,,0.0,0.0,0
4579a2cd837e62498e3b3831d4475c96,2025-10-04,Football_MarketBlend_v1,50.5,-5.75,AWAY,UNDER,-0.25,-0.5,0.75
4579a2cd837e62498e3b3831d4475c96,2025-10-04,Football_MarketConsensus_v1,51.0,-6.0,,,0.0,0.0,0
4579a2cd837e62498e3b3831d4475c96,2025-10-04,Football_SpreadValue_v1,51.0,-5.25,AWAY,,-0.75,0.0,0.75
4579a2cd837e62498e3b3831d4475c96,2025-10-04,Football_TotalValue_v1,50.0,-6.0,,UNDER,0.0,-1.0,1.0
478ec5b3fbf88e66161f1c6b60122955,2025-08-30,Football_KeyNumberGuard_v1,58.5,-40.5,,,0.0,0.0,0
478ec5b3fbf88e66161f1c6b60122955,2025-08-30,Football_LineMovement_v1,58.5,-40.5,,,0.0,0.0,0
478ec5b3fbf88e66161f1c6b60122955,2025-08-30,Football_MarketBlend_v1,58.0,-40.25,AWAY,UNDER,-0.25,-0.5,0.75
478ec5b3fbf88e66161f1c6b60122955,2025-08-30,Football_MarketConsensus_v1,58.5,-40.5,,,0.0,0.0,0
478ec5b3fbf88e66161f1c6b60122955,2025-08-30,Football_SpreadValue_v1,58.5,-39.75,AWAY,,-0.75,0.0,0.75
478ec5b3fbf88e66161f1c6b60122955,2025-08-30,Football_TotalValue_v1,57.5,-40.5,,UNDER,0.0,-1.0,1.0
47b7021076d4be57f72b90c608c1b2c9,2025-10-19,Football_KeyNumberGuard_v1,55.5,-21.5,,,0.0,0.0,0
47b7021076d4be57f72b90c608c1b2c9,2025-10-19,Football_LineMovement_v1,55.5,-21.5,,,0.0,0.0,0
47b7021076d4be57f72b90c608c1b2c9,2025-10-19,Football_MarketBlend_v1,55.0,-21.25,AWAY,UNDER,-0.25,-0.5,0.75
47b7021076d4be57f72b90c608c1b2c9,2025-10-19,Football_MarketConsensus_v1,55.5,-21.5,,,0.0,0.0,0
47b7021076d4be57f72b90c608c1b2c9,2025-10-19,Football_SpreadValue_v1,55.5,-20.75,AWAY,,-0.75,0.0,0.75
47b7021076d4be57f72b90c608c1b2c9,2025-10-19,Football_TotalValue_v1,54.5,-21.5,,UNDER,0.0,-1.0,1.0
4814e0006160018eb4640a5954482c73,2025-09-13,Football_KeyNumberGuard_v1,61.5,-21.5,,,0.0,0.0,0
4814e0006160018eb4640a5954482c73,2025-09-13,Football_LineMovement_v1,61.5,-21.5,,,0.0,0.0,0
4814e0006160018eb4640a5954482c73,2025-09-13,Football_MarketBlend_v1,61.0,-21.25,AWAY,UNDER,-0.25,-0.5,0.75
4814e0006160018eb4640a5954482c73,2025-09-13,Football_MarketConsensus_v1,61.5,-21.5,,,0.0,0.0,0
4814e0006160018eb4640a5954482c73,2025-09-13,Football_SpreadValue_v1,61.5,-20.75,AWAY,,-0.75,0.0,0.75
4814e0006160018eb4640a5954482c73,2025-09-13,Football_TotalValue_v1,60.5,-21.5,,UNDER,0.0,-1.0,1.0
481b881b9ede3ab69cbdefbd5876c6b4,2025-10-23,Football_KeyNumberGuard_v1,54.5,6.5,,,0.0,0.0,0
481b881b9ede3ab69cbdefbd5876c6b4,2025-10-23,Football_LineMovement_v1,54.5,6.5,,,0.0,0.0,0
481b881b9ede3ab69cbdefbd5876c6b4,2025-10-23,Football_MarketBlend_v1,54.0,6.25,,UNDER,0.25,-0.5,0.75
481b881b9ede3ab69cbdefbd5876c6b4,2025-10-23,Football_MarketConsensus_v1,54.5,6.5,,,0.0,0.0,0
481b881b9ede3ab69cbdefbd5876c6b4,2025-10-23,Football_SpreadValue_v1,54.5,5.75,HOME,,0.75,0.0,0.75
481b881b9ede3ab69cbdefbd5876c6b4,2025-10-23,Football_TotalValue_v1,53.5,6.5,,UNDER,0.0,-1.0,1.0
483bce381dd0c25d1eaf721c28c486bc,2025-11-01,Football_KeyNumberGuard_v1,47.5,4.0,,,0.0,0.0,0
483bce381dd0c25d1eaf721c28c486bc,2025-11-01,Football_LineMovement_v1,47.5,4.0,,,0.0,0.0,0
483bce381dd0c25d1eaf721c28c486bc,2025-11-01,Football_MarketBlend_v1,47.0,3.75,HOME,UNDER,0.25,-0.5,0.75
483bce381dd0c25d1eaf721c28c486bc,2025-11-01,Football_MarketConsensus_v1,47.5,4.0,,,0.0,0.0,0
483bce381dd0c25d1eaf721c28c486bc,2025-11-01,Football_SpreadValue_v1,47.5,3.25,HOME,,0.75,0.0,0.75
483bce381dd0c25d1eaf721c28c486bc,2025-11-01,Football_TotalValue_v1,46.5,4.0,,UNDER,0.0,-1.0,1.0
485c875626910603ddd6d457d9f97e43,2026-01-03,Football_KeyNumberGuard_v1,52.0,-1.0,,,0.0,0.0,0
485c875626910603ddd6d457d9f97e43,2026-01-03,Football_LineMovement_v1,52.0,-1.0,,,0.0,0.0,0
485c875626910603ddd6d457d9f97e43,2026-01-03,Football_MarketBlend_v1,51.5,-0.75,AWAY,UNDER,-0.25,-0.5,0.75
485c875626910603ddd6d457d9f97e43,2026-01-03,Football_MarketConsensus_v1,52.0,-1.0,,,0.0,0.0,0
485c875626910603ddd6d457d9f97e43,2026-01-03,Football_SpreadValue_v1,52.0,-0.25,AWAY,,-0.75,0.0,0.75
485c875626910603ddd6d457d9f97e43,2026-01-03,Football_TotalValue_v1,51.0,-1.0,,UNDER,0.0,-1.0,1.0
48712c446fe47c5fa3e18038bdd703e8,2025-11-29,Football_KeyNumberGuard_v1,49.5,-1.0,,,0.0,0.0,0
48712c446fe47c5fa3e18038bdd703e8,2025-11-29,Football_LineMovement_v1,49.5,-1.0,,,0.0,0.0,0
48712c446fe47c5fa3e18038bdd703e8,2025-11-29,Football_MarketBlend_v1,49.0,-0.75,AWAY,UNDER,-0.25,-0.5,0.75
48712c446fe47c5fa3e18038bdd703e8,2025-11-29,Football_MarketConsensus_v1,49.5,-1.0,,,0.0,0.0,0
48712c446fe47c5fa3e18038bdd703e8,2025-11-29,Football_SpreadValue_v1,49.5,-0.25,AWAY,,-0.75,0.0,0.75
48712c446fe47c5fa3e18038bdd703e8,2025-11-29,Football_TotalValue_v1,48.5,-1.0,,UNDER,0.0,-1.0,1.0
487db659f61cd6b639930789ea3e3a7b,2025-08-28,Football_KeyNumberGuard_v1,53.5,-39.5,,,0.0,0.0,0
487db659f61cd6b639930789ea3e3a7b,2025-08-28,Football_LineMovement_v1,53.5,-39.5,,,0.0,0.0,0
487db659f61cd6b639930789ea3e3a7b,2025-08-28,Football_MarketBlend_v1,53.0,-39.25,AWAY,UNDER,-0.25,-0.5,0.75
487db659f61cd6b639930789ea3e3a7b,2025-08-28,Football_MarketConsensus_v1,53.5,-39.5,,,0.0,0.0,0
487db659f61cd6b639930789ea3e3a7b,2025-08-28,Football_SpreadValue_v1,53.5,-38.75,AWAY,,-0.75,0.0,0.75
487db659f61cd6b639930789ea3e3a7b,2025-08-28,Football_TotalValue_v1,52.5,-39.5,,UNDER,0.0,-1.0,1.0
48a0d56354caf6da69d210132615c809,2025-11-30,Football_KeyNumberGuard_v1,49.25,-7.0,,,0.0,0.0,0
48a0d56354caf6da69d210132615c809,2025-11-30,Football_LineMovement_v1,49.25,-7.0,,,0.0,0.0,0
48a0d56354caf6da69d210132615c809,2025-11-30,Football_MarketBlend_v1,48.75,-6.75,,UNDER,-0.25,-0.5,0.75
48a0d56354caf6da69d210132615c809,2025-11-30,Football_MarketConsensus_v1,49.25,-7.0,,,0.0,0.0,0
48a0d56354caf6da69d210132615c809,2025-11-30,Football_SpreadValue_v1,49.25,-6.25,AWAY,,-0.75,0.0,0.75
48a0d56354caf6da69d210132615c809,2025-11-30,Football_TotalValue_v1,48.25,-7.0,,UNDER,0.0,-1.0,1.0
48dea4f4b99b6976d2c519dc48b52ed4,2025-10-04,Football_KeyNumberGuard_v1,46.5,7.5,,,0.0,0.0,0
48dea4f4b99b6976d2c519dc48b52ed4,2025-10-04,Football_LineMovement_v1,46.5,7.5,,,0.0,0.0,0
48dea4f4b99b6976d2c519dc48b52ed4,2025-10-04,Football_MarketBlend_v1,46.0,7.25,,UNDER,0.25,-0.5,0.75
48dea4f4b99b6976d2c519dc48b52ed4,2025-10-04,Football_MarketConsensus_v1,46.5,7.5,,,0.0,0.0,0
48dea4f4b99b6976d2c519dc48b52ed4,2025-10-04,Football_SpreadValue_v1,46.5,6.75,HOME,,0.75,0.0,0.75
48dea4f4b99b6976d2c519dc48b52ed4,2025-10-04,Football_TotalValue_v1,45.5,7.5,,UNDER,0.0,-1.0,1.0
49a93417406ae5adb273a66f6afb7865,2025-11-22,Football_KeyNumberGuard_v1,57.0,5.0,,,0.0,0.0,0
49a93417406ae5adb273a66f6afb7865,2025-11-22,Football_LineMovement_v1,57.0,5.0,,,0.0,0.0,0
49a93417406ae5adb273a66f6afb7865,2025-11-22,Football_MarketBlend_v1,56.5,4.75,HOME,UNDER,0.25,-0.5,0.75
49a93417406ae5adb273a66f6afb7865,2025-11-22,Football_MarketConsensus_v1,57.0,5.0,,,0.0,0.0,0
49a93417406ae5adb273a66f6afb7865,2025-11-22,Football_SpreadValue_v1,57.0,4.25,HOME,,0.75,0.0,0.75
49a93417406ae5adb273a66f6afb7865,2025-11-22,Football_TotalValue_v1,56.0,5.0,,UNDER,0.0,-1.0,1.0
4a191067aa0558b3ee24343551fbd8d1,2025-10-11,Football_KeyNumberGuard_v1,44.5,-9.0,,,0.0,0.0,0
4a191067aa0558b3ee24343551fbd8d1,2025-10-11,Football_LineMovement_v1,44.5,-9.0,,,0.0,0.0,0
4a191067aa0558b3ee24343551fbd8d1,2025-10-11,Football_MarketBlend_v1,45.0,-8.75,AWAY,OVER,-0.25,0.5,0.75
4a191067aa0558b3ee24343551fbd8d1,2025-10-11,Football_MarketConsensus_v1,44.5,-9.0,,,0.0,0.0,0
4a191067aa0558b3ee24343551fbd8d1,2025-10-11,Football_SpreadValue_v1,44.5,-8.25,AWAY,,-0.75,0.0,0.75
4a191067aa0558b3ee24343551fbd8d1,2025-10-11,Football_TotalValue_v1,45.5,-9.0,,OVER,0.0,1.0,1.0
4a72e67b0c10cd94ec4f994e0b9692ab,2025-10-12,Football_KeyNumberGuard_v1,58.5,-16.0,,,0.0,0.0,0
4a72e67b0c10cd94ec4f994e0b9692ab,2025-10-12,Football_LineMovement_v1,58.5,-16.0,,,0.0,0.0,0
4a72e67b0c10cd94ec4f994e0b9692ab,2025-10-12,Football_MarketBlend_v1,58.0,-15.75,AWAY,UNDER,-0.25,-0.5,0.75
4a72e67b0c10cd94ec4f994e0b9692ab,2025-10-12,Football_MarketConsensus_v1,58.5,-16.0,,,0.0,0.0,0
4a72e67b0c10cd94ec4f994e0b9692ab,2025-10-12,Football_SpreadValue_v1,58.5,-15.25,AWAY,,-0.75,0.0,0.75
4a72e67b0c10cd94ec4f994e0b9692ab,2025-10-12,Football_TotalValue_v1,57.5,-16.0,,UNDER,0.0,-1.0,1.0
4a8cd81e8dfa8d72f9d05b1a086fb418,2025-10-11,Football_KeyNumberGuard_v1,52.5,9.5,,,0.0,0.0,0
4a8cd81e8dfa8d72f9d05b1a086fb418,2025-10-11,Football_LineMovement_v1,52.5,9.5,,,0.0,0.0,0
4a8cd81e8dfa8d72f9d05b1a086fb418,2025-10-11,Football_MarketBlend_v1,52.0,9.25,,UNDER,0.25,-0.5,0.75
4a8cd81e8dfa8d72f9d05b1a086fb418,2025-10-11,Football_MarketConsensus_v1,52.5,9.5,,,0.0,0.0,0
4a8cd81e8dfa8d72f9d05b1a086fb418,2025-10-11,Football_SpreadValue_v1,52.5,8.75,HOME,,0.75,0.0,0.75
4a8cd81e8dfa8d72f9d05b1a086fb418,2025-10-11,Football_TotalValue_v1,51.5,9.5,,UNDER,0.0,-1.0,1.0
4aac00e6cc06b8905659f911419540d2,2026-11-08,Football_KeyNumberGuard_v1,55.0,-6.0,,,0.0,0.0,0
4aac00e6cc06b8905659f911419540d2,2026-11-08,Football_LineMovement_v1,55.0,-6.0,,,0.0,0.0,0
4aac00e6cc06b8905659f911419540d2,2026-11-08,Football_MarketBlend_v1,55.0,-6.0,,,0.0,0.0,0
4aac00e6cc06b8905659f911419540d2,2026-11-08,Football_MarketConsensus_v1,55.0,-6.0,,,0.0,0.0,0
4aac00e6cc06b8905659f911419540d2,2026-11-08,Football_SpreadValue_v1,55.0,-6.0,,,0.0,0.0,0
4aac00e6cc06b8905659f911419540d2,2026-11-08,Football_TotalValue_v1,55.0,-6.0,,,0.0,0.0,0
4ac5fec6b02d255aa548dfd6cc1edbb9,2025-09-14,Football_KeyNumberGuard_v1,45.5,14.0,,,0.0,0.0,0
4ac5fec6b02d255aa548dfd6cc1edbb9,2025-09-14,Football_LineMovement_v1,45.5,14.0,,,0.0,0.0,0
4ac5fec6b02d255aa548dfd6cc1edbb9,2025-09-14,Football_MarketBlend_v1,45.0,13.75,HOME,UNDER,0.25,-0.5,0.75
4ac5fec6b02d255aa548dfd6cc1edbb9,2025-09-14,Football_MarketConsensus_v1,45.5,14.0,,,0.0,0.0,0
4ac5fec6b02d255aa548dfd6cc1edbb9,2025-09-14,Football_SpreadValue_v1,45.5,13.25,HOME,,0.75,0.0,0.75
4ac5fec6b02d255aa548dfd6cc1edbb9,2025-09-14,Football_TotalValue_v1,44.5,14.0,,UNDER,0.0,-1.0,1.0
4b5c8f26ca8a1537fb412ee845b8ea99,2026-09-12,Football_KeyNumberGuard_v1,52.0,-42.5,,,0.0,0.0,0
4b5c8f26ca8a1537fb412ee845b8ea99,2026-09-12,Football_LineMovement_v1,52.0,-42.5,,,0.0,0.0,0
4b5c8f26ca8a1537fb412ee845b8ea99,2026-09-12,Football_MarketBlend_v1,51.5,-42.25,AWAY,UNDER,-0.25,-0.5,0.75
4b5c8f26ca8a1537fb412ee845b8ea99,2026-09-12,Football_MarketConsensus_v1,52.0,-42.5,,,0.0,0.0,0
4b5c8f26ca8a1537fb412ee845b8ea99,2026-09-12,Football_SpreadValue_v1,52.0,-41.75,AWAY,,-0.75,0.0,0.75
4b5c8f26ca8a1537fb412ee845b8ea99,2026-09-12,Football_TotalValue_v1,51.0,-42.5,,UNDER,0.0,-1.0,1.0
4bab9cbac51f27b9f12617b760247074,2025-09-20,Football_KeyNumberGuard_v1,46.0,2.0,,,0.0,0.0,0
4bab9cbac51f27b9f12617b760247074,2025-09-20,Football_LineMovement_v1,46.0,2.0,,,0.0,0.0,0
4bab9cbac51f27b9f12617b760247074,2025-09-20,Football_MarketBlend_v1,45.5,1.75,HOME,UNDER,0.25,-0.5,0.75
4bab9cbac51f27b9f12617b760247074,2025-09-20,Football_MarketConsensus_v1,46.0,2.0,,,0.0,0.0,0
4bab9cbac51f27b9f12617b760247074,2025-09-20,Football_SpreadValue_v1,46.0,1.25,HOME,,0.75,0.0,0.75
4bab9cbac51f27b9f12617b760247074,2025-09-20,Football_TotalValue_v1,45.0,2.0,,UNDER,0.0,-1.0,1.0
4bc05ea1a05cad391b367e493e2efac1,2025-10-25,Football_KeyNumberGuard_v1,44.5,-31.5,,,0.0,0.0,0
4bc05ea1a05cad391b367e493e2efac1,2025-10-25,Football_LineMovement_v1,44.5,-31.5,,,0.0,0.0,0
4bc05ea1a05cad391b367e493e2efac1,2025-10-25,Football_MarketBlend_v1,45.0,-31.25,AWAY,OVER,-0.25,0.5,0.75
4bc05ea1a05cad391b367e493e2efac1,2025-10-25,Football_MarketConsensus_v1,44.5,-31.5,,,0.0,0.0,0
4bc05ea1a05cad391b367e493e2efac1,2025-10-25,Football_SpreadValue_v1,44.5,-30.75,AWAY,,-0.75,0.0,0.75
4bc05ea1a05cad391b367e493e2efac1,2025-10-25,Football_TotalValue_v1,45.5,-31.5,,OVER,0.0,1.0,1.0
4bd781526f99dcec03fbfa22ac331354,2025-09-13,Football_KeyNumberGuard_v1,49.0,-14.5,,,0.0,0.0,0
4bd781526f99dcec03fbfa22ac331354,2025-09-13,Football_LineMovement_v1,49.0,-14.5,,,0.0,0.0,0
4bd781526f99dcec03fbfa22ac331354,2025-09-13,Football_MarketBlend_v1,48.5,-14.25,AWAY,UNDER,-0.25,-0.5,0.75
4bd781526f99dcec03fbfa22ac331354,2025-09-13,Football_MarketConsensus_v1,49.0,-14.5,,,0.0,0.0,0
4bd781526f99dcec03fbfa22ac331354,2025-09-13,Football_SpreadValue_v1,49.0,-13.75,AWAY,,-0.75,0.0,0.75
4bd781526f99dcec03fbfa22ac331354,2025-09-13,Football_TotalValue_v1,48.0,-14.5,,UNDER,0.0,-1.0,1.0
4be8ee33ee54d89bf2bca677f33972fe,2025-09-06,Football_KeyNumberGuard_v1,61.5,-18.5,,,0.0,0.0,0
4be8ee33ee54d89bf2bca677f33972fe,2025-09-06,Football_LineMovement_v1,61.5,-18.5,,,0.0,0.0,0
4be8ee33ee54d89bf2bca677f33972fe,2025-09-06,Football_MarketBlend_v1,61.0,-18.25,AWAY,UNDER,-0.25,-0.5,0.75
4be8ee33ee54d89bf2bca677f33972fe,2025-09-06,Football_MarketConsensus_v1,61.5,-18.5,,,0.0,0.0,0
4be8ee33ee54d89bf2bca677f33972fe,2025-09-06,Football_SpreadValue_v1,61.5,-17.75,AWAY,,-0.75,0.0,0.75
4be8ee33ee54d89bf2bca677f33972fe,2025-09-06,Football_TotalValue_v1,60.5,-18.5,,UNDER,0.0,-1.0,1.0
4bf0ba6b4a8a5231ae6fd7ea67a97bc8,2025-11-08,Football_KeyNumberGuard_v1,48.5,6.75,,,0.0,0.0,0
4bf0ba6b4a8a5231ae6fd7ea67a97bc8,2025-11-08,Football_LineMovement_v1,48.5,6.75,,,0.0,0.0,0
4bf0ba6b4a8a5231ae6fd7ea67a97bc8,2025-11-08,Football_MarketBlend_v1,48.0,6.5,,UNDER,0.25,-0.5,0.75
4bf0ba6b4a8a5231ae6fd7ea67a97bc8,2025-11-08,Football_MarketConsensus_v1,48.5,6.75,,,0.0,0.0,0
4bf0ba6b4a8a5231ae6fd7ea67a97bc8,2025-11-08,Football_SpreadValue_v1,48.5,6.0,HOME,,0.75,0.0,0.75
4bf0ba6b4a8a5231ae6fd7ea67a97bc8,2025-11-08,Football_TotalValue_v1,47.5,6.75,,UNDER,0.0,-1.0,1.0
4c9bd2ce4bac0213c310def6bf4fb8be,2025-10-04,Football_KeyNumberGuard_v1,55.0,-7.0,,,0.0,0.0,0
4c9bd2ce4bac0213c310def6bf4fb8be,2025-10-04,Football_LineMovement_v1,55.0,-7.0,,,0.0,0.0,0
4c9bd2ce4bac0213c310def6bf4fb8be,2025-10-04,Football_MarketBlend_v1,54.5,-6.75,,UNDER,-0.25,-0.5,0.75
4c9bd2ce4bac0213c310def6bf4fb8be,2025-10-04,Football_MarketConsensus_v1,55.0,-7.0,,,0.0,0.0,0
4c9bd2ce4bac0213c310def6bf4fb8be,2025-10-04,Football_SpreadValue_v1,55.0,-6.25,AWAY,,-0.75,0.0,0.75
4c9bd2ce4bac0213c310def6bf4fb8be,2025-10-04,Football_TotalValue_v1,54.0,-7.0,,UNDER,0.0,-1.0,1.0
4ce2d16a7941f87821553c4d18504581,2025-10-04,Football_KeyNumberGuard_v1,58.5,-2.5,,,0.0,0.0,0
4ce2d16a7941f87821553c4d18504581,2025-10-04,Football_LineMovement_v1,58.5,-2.5,,,0.0,0.0,0
4ce2d16a7941f87821553c4d18504581,2025-10-04,Football_MarketBlend_v1,58.0,-2.25,,UNDER,-0.25,-0.5,0.75
4ce2d16a7941f87821553c4d18504581,2025-10-04,Football_MarketConsensus_v1,58.5,-2.5,,,0.0,0.0,0
4ce2d16a7941f87821553c4d18504581,2025-10-04,Football_SpreadValue_v1,58.5,-1.75,AWAY,,-0.75,0.0,0.75
4ce2d16a7941f87821553c4d18504581,2025-10-04,Football_TotalValue_v1,57.5,-2.5,,UNDER,0.0,-1.0,1.0
4d626c9b7d06d80a9f435e9d370d7552,2025-09-13,Football_KeyNumberGuard_v1,56.5,-5.5,,,0.0,0.0,0
4d626c9b7d06d80a9f435e9d370d7552,2025-09-13,Football_LineMovement_v1,56.5,-5.5,,,0.0,0.0,0
4d626c9b7d06d80a9f435e9d370d7552,2025-09-13,Football_MarketBlend_v1,56.0,-5.25,AWAY,UNDER,-0.25,-0.5,0.75
4d626c9b7d06d80a9f435e9d370d7552,2025-09-13,Football_MarketConsensus_v1,56.5,-5.5,,,0.0,0.0,0
4d626c9b7d06d80a9f435e9d370d7552,2025-09-13,Football_SpreadValue_v1,56.5,-4.75,AWAY,,-0.75,0.0,0.75
4d626c9b7d06d80a9f435e9d370d7552,2025-09-13,Football_TotalValue_v1,55.5,-5.5,,UNDER,0.0,-1.0,1.0
4db5e24ddb0d1e1e5aa7d9e508670e0f,2025-10-19,Football_KeyNumberGuard_v1,49.0,4.0,,,0.0,0.0,0
4db5e24ddb0d1e1e5aa7d9e508670e0f,2025-10-19,Football_LineMovement_v1,49.0,4.0,,,0.0,0.0,0
4db5e24ddb0d1e1e5aa7d9e508670e0f,2025-10-19,Football_MarketBlend_v1,48.5,3.75,HOME,UNDER,0.25,-0.5,0.75
4db5e24ddb0d1e1e5aa7d9e508670e0f,2025-10-19,Football_MarketConsensus_v1,49.0,4.0,,,0.0,0.0,0
4db5e24ddb0d1e1e5aa7d9e508670e0f,2025-10-19,Football_SpreadValue_v1,49.0,3.25,HOME,,0.75,0.0,0.75
4db5e24ddb0d1e1e5aa7d9e508670e0f,2025-10-19,Football_TotalValue_v1,48.0,4.0,,UNDER,0.0,-1.0,1.0
4dfcb17f8f10fd2ee8f5794cdabebf94,2025-09-06,Football_KeyNumberGuard_v1,45.5,-1.0,,,0.0,0.0,0
4dfcb17f8f10fd2ee8f5794cdabebf94,2025-09-06,Football_LineMovement_v1,45.5,-1.0,,,0.0,0.0,0
4dfcb17f8f10fd2ee8f5794cdabebf94,2025-09-06,Football_MarketBlend_v1,45.0,-0.75,AWAY,UNDER,-0.25,-0.5,0.75
4dfcb17f8f10fd2ee8f5794cdabebf94,2025-09-06,Football_MarketConsensus_v1,45.5,-1.0,,,0.0,0.0,0
4dfcb17f8f10fd2ee8f5794cdabebf94,2025-09-06,Football_SpreadValue_v1,45.5,-0.25,AWAY,,-0.75,0.0,0.75
4dfcb17f8f10fd2ee8f5794cdabebf94,2025-09-06,Football_TotalValue_v1,44.5,-1.0,,UNDER,0.0,-1.0,1.0
4e2541ac75b5c82ae76739edaa451117,2025-11-22,Football_KeyNumberGuard_v1,50.0,-17.5,,,0.0,0.0,0
4e2541ac75b5c82ae76739edaa451117,2025-11-22,Football_LineMovement_v1,50.0,-17.5,,,0.0,0.0,0
4e2541ac75b5c82ae76739edaa451117,2025-11-22,Football_MarketBlend_v1,49.5,-17.25,AWAY,UNDER,-0.25,-0.5,0.75
4e2541ac75b5c82ae76739edaa451117,2025-11-22,Football_MarketConsensus_v1,50.0,-17.5,,,0.0,0.0,0
4e2541ac75b5c82ae76739edaa451117,2025-11-22,Football_SpreadValue_v1,50.0,-16.75,AWAY,,-0.75,0.0,0.75
4e2541ac75b5c82ae76739edaa451117,2025-11-22,Football_TotalValue_v1,49.0,-17.5,,UNDER,0.0,-1.0,1.0
4e2c6842ce33619ecb4c77938e3093bc,2025-11-30,Football_KeyNumberGuard_v1,49.5,32.5,,,0.0,0.0,0
4e2c6842ce33619ecb4c77938e3093bc,2025-11-30,Football_LineMovement_v1,49.5,32.5,,,0.0,0.0,0
4e2c6842ce33619ecb4c77938e3093bc,2025-11-30,Football_MarketBlend_v1,49.0,32.25,HOME,UNDER,0.25,-0.5,0.75
4e2c6842ce33619ecb4c77938e3093bc,2025-11-30,Football_MarketConsensus_v1,49.5,32.5,,,0.0,0.0,0
4e2c6842ce33619ecb4c77938e3093bc,2025-11-30,Football_SpreadValue_v1,49.5,31.75,HOME,,0.75,0.0,0.75
4e2c6842ce33619ecb4c77938e3093bc,2025-11-30,Football_TotalValue_v1,48.5,32.5,,UNDER,0.0,-1.0,1.0
4e5471d34b6f44691d945144edd9e96c,2025-10-11,Football_KeyNumberGuard_v1,51.0,3.0,,,0.0,0.0,0
4e5471d34b6f44691d945144edd9e96c,2025-10-11,Football_LineMovement_v1,51.0,3.0,,,0.0,0.0,0
4e5471d34b6f44691d945144edd9e96c,2025-10-11,Football_MarketBlend_v1,50.5,2.75,,UNDER,0.25,-0.5,0.75
4e5471d34b6f44691d945144edd9e96c,2025-10-11,Football_MarketConsensus_v1,51.0,3.0,,,0.0,0.0,0
4e5471d34b6f44691d945144edd9e96c,2025-10-11,Football_SpreadValue_v1,51.0,2.25,HOME,,0.75,0.0,0.75
4e5471d34b6f44691d945144edd9e96c,2025-10-11,Football_TotalValue_v1,50.0,3.0,,UNDER,0.0,-1.0,1.0
4e799f80f1960a286b99111d18d13597,2025-09-06,Football_KeyNumberGuard_v1,47.0,-34.0,,,0.0,0.0,0
4e799f80f1960a286b99111d18d13597,2025-09-06,Football_LineMovement_v1,47.0,-34.0,,,0.0,0.0,0
4e799f80f1960a286b99111d18d13597,2025-09-06,Football_MarketBlend_v1,46.5,-33.75,AWAY,UNDER,-0.25,-0.5,0.75
4e799f80f1960a286b99111d18d13597,2025-09-06,Football_MarketConsensus_v1,47.0,-34.0,,,0.0,0.0,0
4e799f80f1960a286b99111d18d13597,2025-09-06,Football_SpreadValue_v1,47.0,-33.25,AWAY,,-0.75,0.0,0.75
4e799f80f1960a286b99111d18d13597,2025-09-06,Football_TotalValue_v1,46.0,-34.0,,UNDER,0.0,-1.0,1.0
4ed54dc6116ec6373f9a1cf015ca6070,2025-11-28,Football_KeyNumberGuard_v1,65.5,-20.5,,,0.0,0.0,0
4ed54dc6116ec6373f9a1cf015ca6070,2025-11-28,Football_LineMovement_v1,65.5,-20.5,,,0.0,0.0,0
4ed54dc6116ec6373f9a1cf015ca6070,2025-11-28,Football_MarketBlend_v1,65.0,-20.25,AWAY,UNDER,-0.25,-0.5,0.75
4ed54dc6116ec6373f9a1cf015ca6070,2025-11-28,Football_MarketConsensus_v1,65.5,-20.5,,,0.0,0.0,0
4ed54dc6116ec6373f9a1cf015ca6070,2025-11-28,Football_SpreadValue_v1,65.5,-19.75,AWAY,,-0.75,0.0,0.75
4ed54dc6116ec6373f9a1cf015ca6070,2025-11-28,Football_TotalValue_v1,64.5,-20.5,,UNDER,0.0,-1.0,1.0
4f0e1900bdc8d12bf0cc91ae291c104e,2026-09-06,Football_KeyNumberGuard_v1,55.0,-6.5,,,0.0,0.0,0
4f0e1900bdc8d12bf0cc91ae291c104e,2026-09-06,Football_LineMovement_v1,55.0,-6.5,,,0.0,0.0,0
4f0e1900bdc8d12bf0cc91ae291c104e,2026-09-06,Football_MarketBlend_v1,54.5,-6.25,,UNDER,-0.25,-0.5,0.75
4f0e1900bdc8d12bf0cc91ae291c104e,2026-09-06,Football_MarketConsensus_v1,55.0,-6.5,,,0.0,0.0,0
4f0e1900bdc8d12bf0cc91ae291c104e,2026-09-06,Football_SpreadValue_v1,55.0,-5.75,AWAY,,-0.75,0.0,0.75
4f0e1900bdc8d12bf0cc91ae291c104e,2026-09-06,Football_TotalValue_v1,54.0,-6.5,,UNDER,0.0,-1.0,1.0
4fa1c6e86e5b4257bc7b9bbae3ed4e0d,2025-10-25,Football_KeyNumberGuard_v1,48.5,-2.5,,,0.0,0.0,0
4fa1c6e86e5b4257bc7b9bbae3ed4e0d,2025-10-25,Football_LineMovement_v1,48.5,-2.5,,,0.0,0.0,0
4fa1c6e86e5b4257bc7b9bbae3ed4e0d,2025-10-25,Football_MarketBlend_v1,48.0,-2.25,,UNDER,-0.25,-0.5,0.75
4fa1c6e86e5b4257bc7b9bbae3ed4e0d,2025-10-25,Football_MarketConsensus_v1,48.5,-2.5,,,0.0,0.0,0
4fa1c6e86e5b4257bc7b9bbae3ed4e0d,2025-10-25,Football_SpreadValue_v1,48.5,-1.75,AWAY,,-0.75,0.0,0.75
4fa1c6e86e5b4257bc7b9bbae3ed4e0d,2025-10-25,Football_TotalValue_v1,47.5,-2.5,,UNDER,0.0,-1.0,1.0
4fcd227a8f65146f3f05ef6bf5dbbdee,2025-10-18,Football_KeyNumberGuard_v1,47.0,4.5,,,0.0,0.0,0
4fcd227a8f65146f3f05ef6bf5dbbdee,2025-10-18,Football_LineMovement_v1,47.0,4.5,,,0.0,0.0,0
4fcd227a8f65146f3f05ef6bf5dbbdee,2025-10-18,Football_MarketBlend_v1,46.5,4.25,HOME,UNDER,0.25,-0.5,0.75
4fcd227a8f65146f3f05ef6bf5dbbdee,2025-10-18,Football_MarketConsensus_v1,47.0,4.5,,,0.0,0.0,0
4fcd227a8f65146f3f05ef6bf5dbbdee,2025-10-18,Football_SpreadValue_v1,47.0,3.75,HOME,,0.75,0.0,0.75
4fcd227a8f65146f3f05ef6bf5dbbdee,2025-10-18,Football_TotalValue_v1,46.0,4.5,,UNDER,0.0,-1.0,1.0
50308f92d57c1fdb7b19c12ce8ef1159,2025-08-30,Football_KeyNumberGuard_v1,53.0,-41.5,,,0.0,0.0,0
50308f92d57c1fdb7b19c12ce8ef1159,2025-08-30,Football_LineMovement_v1,53.0,-41.5,,,0.0,0.0,0
50308f92d57c1fdb7b19c12ce8ef1159,2025-08-30,Football_MarketBlend_v1,52.5,-41.25,AWAY,UNDER,-0.25,-0.5,0.75
50308f92d57c1fdb7b19c12ce8ef1159,2025-08-30,Football_MarketConsensus_v1,53.0,-41.5,,,0.0,0.0,0
50308f92d57c1fdb7b19c12ce8ef1159,2025-08-30,Football_SpreadValue_v1,53.0,-40.75,AWAY,,-0.75,0.0,0.75
50308f92d57c1fdb7b19c12ce8ef1159,2025-08-30,Football_TotalValue_v1,52.0,-41.5,,UNDER,0.0,-1.0,1.0
50b6e6aec0bd3f2fcb9dc18c113ddd12,2026-09-12,Football_KeyNumberGuard_v1,58.0,3.0,,,0.0,0.0,0
50b6e6aec0bd3f2fcb9dc18c113ddd12,2026-09-12,Football_LineMovement_v1,58.0,3.0,,,0.0,0.0,0
50b6e6aec0bd3f2fcb9dc18c113ddd12,2026-09-12,Football_MarketBlend_v1,57.5,2.75,,UNDER,0.25,-0.5,0.75
50b6e6aec0bd3f2fcb9dc18c113ddd12,2026-09-12,Football_MarketConsensus_v1,58.0,3.0,,,0.0,0.0,0
50b6e6aec0bd3f2fcb9dc18c113ddd12,2026-09-12,Football_SpreadValue_v1,58.0,2.25,HOME,,0.75,0.0,0.75
50b6e6aec0bd3f2fcb9dc18c113ddd12,2026-09-12,Football_TotalValue_v1,57.0,3.0,,UNDER,0.0,-1.0,1.0
50ca382289647d24354223aa3512c02f,2026-09-12,Football_KeyNumberGuard_v1,48.5,-24.5,,,0.0,0.0,0
50ca382289647d24354223aa3512c02f,2026-09-12,Football_LineMovement_v1,48.5,-24.5,,,0.0,0.0,0
50ca382289647d24354223aa3512c02f,2026-09-12,Football_MarketBlend_v1,48.0,-24.25,AWAY,UNDER,-0.25,-0.5,0.75
50ca382289647d24354223aa3512c02f,2026-09-12,Football_MarketConsensus_v1,48.5,-24.5,,,0.0,0.0,0
50ca382289647d24354223aa3512c02f,2026-09-12,Football_SpreadValue_v1,48.5,-23.75,AWAY,,-0.75,0.0,0.75
50ca382289647d24354223aa3512c02f,2026-09-12,Football_TotalValue_v1,47.5,-24.5,,UNDER,0.0,-1.0,1.0
50f8cf307af5c9631f2cd029314ef90f,2025-11-22,Football_KeyNumberGuard_v1,44.5,-10.0,,,0.0,0.0,0
50f8cf307af5c9631f2cd029314ef90f,2025-11-22,Football_LineMovement_v1,44.5,-10.0,,,0.0,0.0,0
50f8cf307af5c9631f2cd029314ef90f,2025-11-22,Football_MarketBlend_v1,45.0,-9.75,,OVER,-0.25,0.5,0.75
50f8cf307af5c9631f2cd029314ef90f,2025-11-22,Football_MarketConsensus_v1,44.5,-10.0,,,0.0,0.0,0
50f8cf307af5c9631f2cd029314ef90f,2025-11-22,Football_SpreadValue_v1,44.5,-9.25,AWAY,,-0.75,0.0,0.75
50f8cf307af5c9631f2cd029314ef90f,2025-11-22,Football_TotalValue_v1,45.5,-10.0,,OVER,0.0,1.0,1.0
512e428ad08bc3ef6efb803bc679d933,2025-09-20,Football_KeyNumberGuard_v1,55.5,-14.5,,,0.0,0.0,0
512e428ad08bc3ef6efb803bc679d933,2025-09-20,Football_LineMovement_v1,55.5,-14.5,,,0.0,0.0,0
512e428ad08bc3ef6efb803bc679d933,2025-09-20,Football_MarketBlend_v1,55.0,-14.25,AWAY,UNDER,-0.25,-0.5,0.75
512e428ad08bc3ef6efb803bc679d933,2025-09-20,Football_MarketConsensus_v1,55.5,-14.5,,,0.0,0.0,0
512e428ad08bc3ef6efb803bc679d933,2025-09-20,Football_SpreadValue_v1,55.5,-13.75,AWAY,,-0.75,0.0,0.75
512e428ad08bc3ef6efb803bc679d933,2025-09-20,Football_TotalValue_v1,54.5,-14.5,,UNDER,0.0,-1.0,1.0
51cc3e112085325c2e5a4d7bb211d3c8,2025-11-15,Football_KeyNumberGuard_v1,49.0,9.5,,,0.0,0.0,0
51cc3e112085325c2e5a4d7bb211d3c8,2025-11-15,Football_LineMovement_v1,49.0,9.5,,,0.0,0.0,0
51cc3e112085325c2e5a4d7bb211d3c8,2025-11-15,Football_MarketBlend_v1,48.5,9.25,,UNDER,0.25,-0.5,0.75
51cc3e112085325c2e5a4d7bb211d3c8,2025-11-15,Football_MarketConsensus_v1,49.0,9.5,,,0.0,0.0,0
51cc3e112085325c2e5a4d7bb211d3c8,2025-11-15,Football_SpreadValue_v1,49.0,8.75,HOME,,0.75,0.0,0.75
51cc3e112085325c2e5a4d7bb211d3c8,2025-11-15,Football_TotalValue_v1,48.0,9.5,,UNDER,0.0,-1.0,1.0
521d005c0199e69e1af5faf379b6bfc7,2025-10-18,Football_KeyNumberGuard_v1,58.0,7.5,,,0.0,0.0,0
521d005c0199e69e1af5faf379b6bfc7,2025-10-18,Football_LineMovement_v1,58.0,7.5,,,0.0,0.0,0
521d005c0199e69e1af5faf379b6bfc7,2025-10-18,Football_MarketBlend_v1,57.5,7.25,,UNDER,0.25,-0.5,0.75
521d005c0199e69e1af5faf379b6bfc7,2025-10-18,Football_MarketConsensus_v1,58.0,7.5,,,0.0,0.0,0
521d005c0199e69e1af5faf379b6bfc7,2025-10-18,Football_SpreadValue_v1,58.0,6.75,HOME,,0.75,0.0,0.75
521d005c0199e69e1af5faf379b6bfc7,2025-10-18,Football_TotalValue_v1,57.0,7.5,,UNDER,0.0,-1.0,1.0
5222230f425c1618238b84e01d1f63f0,2025-11-14,Football_KeyNumberGuard_v1,52.5,-10.5,,,0.0,0.0,0
5222230f425c1618238b84e01d1f63f0,2025-11-14,Football_LineMovement_v1,52.5,-10.5,,,0.0,0.0,0
5222230f425c1618238b84e01d1f63f0,2025-11-14,Football_MarketBlend_v1,52.0,-10.25,,UNDER,-0.25,-0.5,0.75
5222230f425c1618238b84e01d1f63f0,2025-11-14,Football_MarketConsensus_v1,52.5,-10.5,,,0.0,0.0,0
5222230f425c1618238b84e01d1f63f0,2025-11-14,Football_SpreadValue_v1,52.5,-9.75,AWAY,,-0.75,0.0,0.75
5222230f425c1618238b84e01d1f63f0,2025-11-14,Football_TotalValue_v1,51.5,-10.5,,UNDER,0.0,-1.0,1.0
524a2e816a5a5ddc923714f0a7bf78e7,2025-11-08,Football_KeyNumberGuard_v1,55.5,6.5,,,0.0,0.0,0
524a2e816a5a5ddc923714f0a7bf78e7,2025-11-08,Football_LineMovement_v1,55.5,6.5,,,0.0,0.0,0
524a2e816a5a5ddc923714f0a7bf78e7,2025-11-08,Football_MarketBlend_v1,55.0,6.25,,UNDER,0.25,-0.5,0.75
524a2e816a5a5ddc923714f0a7bf78e7,2025-11-08,Football_MarketConsensus_v1,55.5,6.5,,,0.0,0.0,0
524a2e816a5a5ddc923714f0a7bf78e7,2025-11-08,Football_SpreadValue_v1,55.5,5.75,HOME,,0.75,0.0,0.75
524a2e816a5a5ddc923714f0a7bf78e7,2025-11-08,Football_TotalValue_v1,54.5,6.5,,UNDER,0.0,-1.0,1.0
5258088fbe3a7c3b887cc597a1f0d59d,2025-08-29,Football_KeyNumberGuard_v1,40.5,-18.0,,,0.0,0.0,0
5258088fbe3a7c3b887cc597a1f0d59d,2025-08-29,Football_LineMovement_v1,40.5,-18.0,,,0.0,0.0,0
5258088fbe3a7c3b887cc597a1f0d59d,2025-08-29,Football_MarketBlend_v1,41.0,-17.75,AWAY,OVER,-0.25,0.5,0.75
5258088fbe3a7c3b887cc597a1f0d59d,2025-08-29,Football_MarketConsensus_v1,40.5,-18.0,,,0.0,0.0,0
5258088fbe3a7c3b887cc597a1f0d59d,2025-08-29,Football_SpreadValue_v1,40.5,-17.25,AWAY,,-0.75,0.0,0.75
5258088fbe3a7c3b887cc597a1f0d59d,2025-08-29,Football_TotalValue_v1,41.5,-18.0,,OVER,0.0,1.0,1.0
5287f56aa50eff29efc0d8c19c41ec01,2025-08-29,Football_KeyNumberGuard_v1,43.5,-17.5,,,0.0,0.0,0
5287f56aa50eff29efc0d8c19c41ec01,2025-08-29,Football_LineMovement_v1,43.5,-17.5,,,0.0,0.0,0
5287f56aa50eff29efc0d8c19c41ec01,2025-08-29,Football_MarketBlend_v1,44.0,-17.25,AWAY,OVER,-0.25,0.5,0.75
5287f56aa50eff29efc0d8c19c41ec01,2025-08-29,Football_MarketConsensus_v1,43.5,-17.5,,,0.0,0.0,0
5287f56aa50eff29efc0d8c19c41ec01,2025-08-29,Football_SpreadValue_v1,43.5,-16.75,AWAY,,-0.75,0.0,0.75
5287f56aa50eff29efc0d8c19c41ec01,2025-08-29,Football_TotalValue_v1,44.5,-17.5,,OVER,0.0,1.0,1.0
52db5ee0ae390264d46abf260d58d239,2025-09-06,Football_KeyNumberGuard_v1,51.5,-31.0,,,0.0,0.0,0
52db5ee0ae390264d46abf260d58d239,2025-09-06,Football_LineMovement_v1,51.5,-31.0,,,0.0,0.0,0
52db5ee0ae390264d46abf260d58d239,2025-09-06,Football_MarketBlend_v1,51.0,-30.75,AWAY,UNDER,-0.25,-0.5,0.75
52db5ee0ae390264d46abf260d58d239,2025-09-06,Football_MarketConsensus_v1,51.5,-31.0,,,0.0,0.0,0
52db5ee0ae390264d46abf260d58d239,2025-09-06,Football_SpreadValue_v1,51.5,-30.25,AWAY,,-0.75,0.0,0.75
52db5ee0ae390264d46abf260d58d239,2025-09-06,Football_TotalValue_v1,50.5,-31.0,,UNDER,0.0,-1.0,1.0
52e9b0f6515766724ee70457912bdc18,2026-09-12,Football_KeyNumberGuard_v1,51.5,-6.0,,,0.0,0.0,0
52e9b0f6515766724ee70457912bdc18,2026-09-12,Football_LineMovement_v1,51.5,-6.0,,,0.0,0.0,0
52e9b0f6515766724ee70457912bdc18,2026-09-12,Football_MarketBlend_v1,51.0,-5.75,AWAY,UNDER,-0.25,-0.5,0.75
52e9b0f6515766724ee70457912bdc18,2026-09-12,Football_MarketConsensus_v1,51.5,-6.0,,,0.0,0.0,0
52e9b0f6515766724ee70457912bdc18,2026-09-12,Football_SpreadValue_v1,51.5,-5.25,AWAY,,-0.75,0.0,0.75
52e9b0f6515766724ee70457912bdc18,2026-09-12,Football_TotalValue_v1,50.5,-6.0,,UNDER,0.0,-1.0,1.0
53287adc308e4bef3ab38d3652713c14,2025-11-23,Football_KeyNumberGuard_v1,53.0,3.5,,,0.0,0.0,0
53287adc308e4bef3ab38d3652713c14,2025-11-23,Football_LineMovement_v1,53.0,3.5,,,0.0,0.0,0
53287adc308e4bef3ab38d3652713c14,2025-11-23,Football_MarketBlend_v1,52.5,3.25,,UNDER,0.25,-0.5,0.75
53287adc308e4bef3ab38d3652713c14,2025-11-23,Football_MarketConsensus_v1,53.0,3.5,,,0.0,0.0,0
53287adc308e4bef3ab38d3652713c14,2025-11-23,Football_SpreadValue_v1,53.0,2.75,HOME,,0.75,0.0,0.75
53287adc308e4bef3ab38d3652713c14,2025-11-23,Football_TotalValue_v1,52.0,3.5,,UNDER,0.0,-1.0,1.0
53806a8547cd26b21d866aec355f1285,2025-11-08,Football_KeyNumberGuard_v1,54.5,10.5,,,0.0,0.0,0
53806a8547cd26b21d866aec355f1285,2025-11-08,Football_LineMovement_v1,54.5,10.5,,,0.0,0.0,0
53806a8547cd26b21d866aec355f1285,2025-11-08,Football_MarketBlend_v1,54.0,10.25,,UNDER,0.25,-0.5,0.75
53806a8547cd26b21d866aec355f1285,2025-11-08,Football_MarketConsensus_v1,54.5,10.5,,,0.0,0.0,0
53806a8547cd26b21d866aec355f1285,2025-11-08,Football_SpreadValue_v1,54.5,9.75,HOME,,0.75,0.0,0.75
53806a8547cd26b21d866aec355f1285,2025-11-08,Football_TotalValue_v1,53.5,10.5,,UNDER,0.0,-1.0,1.0
53c3b0253fe365f12e298b8b31b8f24a,2025-11-30,Football_KeyNumberGuard_v1,53.5,13.5,,,0.0,0.0,0
53c3b0253fe365f12e298b8b31b8f24a,2025-11-30,Football_LineMovement_v1,53.5,13.5,,,0.0,0.0,0
53c3b0253fe365f12e298b8b31b8f24a,2025-11-30,Football_MarketBlend_v1,53.0,13.25,HOME,UNDER,0.25,-0.5,0.75
53c3b0253fe365f12e298b8b31b8f24a,2025-11-30,Football_MarketConsensus_v1,53.5,13.5,,,0.0,0.0,0
53c3b0253fe365f12e298b8b31b8f24a,2025-11-30,Football_SpreadValue_v1,53.5,12.75,HOME,,0.75,0.0,0.75
53c3b0253fe365f12e298b8b31b8f24a,2025-11-30,Football_TotalValue_v1,52.5,13.5,,UNDER,0.0,-1.0,1.0
53d43629918c049046ee009bff70b49f,2025-10-11,Football_KeyNumberGuard_v1,47.5,6.5,,,0.0,0.0,0
53d43629918c049046ee009bff70b49f,2025-10-11,Football_LineMovement_v1,47.5,6.5,,,0.0,0.0,0
53d43629918c049046ee009bff70b49f,2025-10-11,Football_MarketBlend_v1,47.0,6.25,,UNDER,0.25,-0.5,0.75
53d43629918c049046ee009bff70b49f,2025-10-11,Football_MarketConsensus_v1,47.5,6.5,,,0.0,0.0,0
53d43629918c049046ee009bff70b49f,2025-10-11,Football_SpreadValue_v1,47.5,5.75,HOME,,0.75,0.0,0.75
53d43629918c049046ee009bff70b49f,2025-10-11,Football_TotalValue_v1,46.5,6.5,,UNDER,0.0,-1.0,1.0
5405aa2c12cc8d8da76ee7abc8c53a91,2025-09-06,Football_KeyNumberGuard_v1,52.5,-35.0,,,0.0,0.0,0
5405aa2c12cc8d8da76ee7abc8c53a91,2025-09-06,Football_LineMovement_v1,52.5,-35.0,,,0.0,0.0,0
5405aa2c12cc8d8da76ee7abc8c53a91,2025-09-06,Football_MarketBlend_v1,52.0,-34.75,AWAY,UNDER,-0.25,-0.5,0.75
5405aa2c12cc8d8da76ee7abc8c53a91,2025-09-06,Football_MarketConsensus_v1,52.5,-35.0,,,0.0,0.0,0
5405aa2c12cc8d8da76ee7abc8c53a91,2025-09-06,Football_SpreadValue_v1,52.5,-34.25,AWAY,,-0.75,0.0,0.75
5405aa2c12cc8d8da76ee7abc8c53a91,2025-09-06,Football_TotalValue_v1,51.5,-35.0,,UNDER,0.0,-1.0,1.0
542ba39fc8c6d30999a48dd24a805716,2025-09-11,Football_KeyNumberGuard_v1,52.0,7.0,,,0.0,0.0,0
542ba39fc8c6d30999a48dd24a805716,2025-09-11,Football_LineMovement_v1,52.0,7.0,,,0.0,0.0,0
542ba39fc8c6d30999a48dd24a805716,2025-09-11,Football_MarketBlend_v1,51.5,6.75,,UNDER,0.25,-0.5,0.75
542ba39fc8c6d30999a48dd24a805716,2025-09-11,Football_MarketConsensus_v1,52.0,7.0,,,0.0,0.0,0
542ba39fc8c6d30999a48dd24a805716,2025-09-11,Football_SpreadValue_v1,52.0,6.25,HOME,,0.75,0.0,0.75
542ba39fc8c6d30999a48dd24a805716,2025-09-11,Football_TotalValue_v1,51.0,7.0,,UNDER,0.0,-1.0,1.0
542f9c5f191a245fb9a0d0b73b7838b7,2025-11-16,Football_KeyNumberGuard_v1,53.5,-11.5,,,0.0,0.0,0
542f9c5f191a245fb9a0d0b73b7838b7,2025-11-16,Football_LineMovement_v1,53.5,-11.5,,,0.0,0.0,0
542f9c5f191a245fb9a0d0b73b7838b7,2025-11-16,Football_MarketBlend_v1,53.0,-11.25,AWAY,UNDER,-0.25,-0.5,0.75
542f9c5f191a245fb9a0d0b73b7838b7,2025-11-16,Football_MarketConsensus_v1,53.5,-11.5,,,0.0,0.0,0
542f9c5f191a245fb9a0d0b73b7838b7,2025-11-16,Football_SpreadValue_v1,53.5,-10.75,AWAY,,-0.75,0.0,0.75
542f9c5f191a245fb9a0d0b73b7838b7,2025-11-16,Football_TotalValue_v1,52.5,-11.5,,UNDER,0.0,-1.0,1.0
5447f4e28c65233177a96786054ec7a9,2025-11-08,Football_KeyNumberGuard_v1,57.5,-2.0,,,0.0,0.0,0
5447f4e28c65233177a96786054ec7a9,2025-11-08,Football_LineMovement_v1,57.5,-2.0,,,0.0,0.0,0
5447f4e28c65233177a96786054ec7a9,2025-11-08,Football_MarketBlend_v1,57.0,-1.75,AWAY,UNDER,-0.25,-0.5,0.75
5447f4e28c65233177a96786054ec7a9,2025-11-08,Football_MarketConsensus_v1,57.5,-2.0,,,0.0,0.0,0
5447f4e28c65233177a96786054ec7a9,2025-11-08,Football_SpreadValue_v1,57.5,-1.25,AWAY,,-0.75,0.0,0.75
5447f4e28c65233177a96786054ec7a9,2025-11-08,Football_TotalValue_v1,56.5,-2.0,,UNDER,0.0,-1.0,1.0
5459063e0c574b3e0a15501fe3797968,2025-11-30,Football_KeyNumberGuard_v1,51.5,-30.0,,,0.0,0.0,0
5459063e0c574b3e0a15501fe3797968,2025-11-30,Football_LineMovement_v1,51.5,-30.0,,,0.0,0.0,0
5459063e0c574b3e0a15501fe3797968,2025-11-30,Football_MarketBlend_v1,51.0,-29.75,AWAY,UNDER,-0.25,-0.5,0.75
5459063e0c574b3e0a15501fe3797968,2025-11-30,Football_MarketConsensus_v1,51.5,-30.0,,,0.0,0.0,0
5459063e0c574b3e0a15501fe3797968,2025-11-30,Football_SpreadValue_v1,51.5,-29.25,AWAY,,-0.75,0.0,0.75
5459063e0c574b3e0a15501fe3797968,2025-11-30,Football_TotalValue_v1,50.5,-30.0,,UNDER,0.0,-1.0,1.0
5469259159946d4f739f1d867365e199,2025-12-29,Football_KeyNumberGuard_v1,58.0,10.0,,,0.0,0.0,0
5469259159946d4f739f1d867365e199,2025-12-29,Football_LineMovement_v1,58.0,10.0,,,0.0,0.0,0
5469259159946d4f739f1d867365e199,2025-12-29,Football_MarketBlend_v1,57.5,9.75,,UNDER,0.25,-0.5,0.75
5469259159946d4f739f1d867365e199,2025-12-29,Football_MarketConsensus_v1,58.0,10.0,,,0.0,0.0,0
5469259159946d4f739f1d867365e199,2025-12-29,Football_SpreadValue_v1,58.0,9.25,HOME,,0.75,0.0,0.75
5469259159946d4f739f1d867365e199,2025-12-29,Football_TotalValue_v1,57.0,10.0,,UNDER,0.0,-1.0,1.0
550c9e1c0682a94c17ec7df68381a94b,2025-09-13,Football_KeyNumberGuard_v1,50.5,-27.5,,,0.0,0.0,0
550c9e1c0682a94c17ec7df68381a94b,2025-09-13,Football_LineMovement_v1,50.5,-27.5,,,0.0,0.0,0
550c9e1c0682a94c17ec7df68381a94b,2025-09-13,Football_MarketBlend_v1,50.0,-27.25,AWAY,UNDER,-0.25,-0.5,0.75
550c9e1c0682a94c17ec7df68381a94b,2025-09-13,Football_MarketConsensus_v1,50.5,-27.5,,,0.0,0.0,0
550c9e1c0682a94c17ec7df68381a94b,2025-09-13,Football_SpreadValue_v1,50.5,-26.75,AWAY,,-0.75,0.0,0.75
550c9e1c0682a94c17ec7df68381a94b,2025-09-13,Football_TotalValue_v1,49.5,-27.5,,UNDER,0.0,-1.0,1.0
5518ec42aea2d53d95ae0525da16dcce,2025-08-30,Football_KeyNumberGuard_v1,51.5,-28.5,,,0.0,0.0,0
5518ec42aea2d53d95ae0525da16dcce,2025-08-30,Football_LineMovement_v1,51.5,-28.5,,,0.0,0.0,0
5518ec42aea2d53d95ae0525da16dcce,2025-08-30,Football_MarketBlend_v1,51.0,-28.25,AWAY,UNDER,-0.25,-0.5,0.75
5518ec42aea2d53d95ae0525da16dcce,2025-08-30,Football_MarketConsensus_v1,51.5,-28.5,,,0.0,0.0,0
5518ec42aea2d53d95ae0525da16dcce,2025-08-30,Football_SpreadValue_v1,51.5,-27.75,AWAY,,-0.75,0.0,0.75
5518ec42aea2d53d95ae0525da16dcce,2025-08-30,Football_TotalValue_v1,50.5,-28.5,,UNDER,0.0,-1.0,1.0
5522e41053ad21182dcb8e88569c3239,2025-11-28,Football_KeyNumberGuard_v1,41.5,1.0,,,0.0,0.0,0
5522e41053ad21182dcb8e88569c3239,2025-11-28,Football_LineMovement_v1,41.5,1.0,,,0.0,0.0,0
5522e41053ad21182dcb8e88569c3239,2025-11-28,Football_MarketBlend_v1,42.0,0.75,HOME,OVER,0.25,0.5,0.75
5522e41053ad21182dcb8e88569c3239,2025-11-28,Football_MarketConsensus_v1,41.5,1.0,,,0.0,0.0,0
5522e41053ad21182dcb8e88569c3239,2025-11-28,Football_SpreadValue_v1,41.5,0.25,HOME,,0.75,0.0,0.75
5522e41053ad21182dcb8e88569c3239,2025-11-28,Football_TotalValue_v1,42.5,1.0,,OVER,0.0,1.0,1.0
552a14f5a8b493a2b807777b77f77f55,2025-11-08,Football_KeyNumberGuard_v1,49.5,-2.5,,,0.0,0.0,0
552a14f5a8b493a2b807777b77f77f55,2025-11-08,Football_LineMovement_v1,49.5,-2.5,,,0.0,0.0,0
552a14f5a8b493a2b807777b77f77f55,2025-11-08,Football_MarketBlend_v1,49.0,-2.25,,UNDER,-0.25,-0.5,0.75
552a14f5a8b493a2b807777b77f77f55,2025-11-08,Football_MarketConsensus_v1,49.5,-2.5,,,0.0,0.0,0
552a14f5a8b493a2b807777b77f77f55,2025-11-08,Football_SpreadValue_v1,49.5,-1.75,AWAY,,-0.75,0.0,0.75
552a14f5a8b493a2b807777b77f77f55,2025-11-08,Football_TotalValue_v1,48.5,-2.5,,UNDER,0.0,-1.0,1.0
5589a6fb0147c472aa8d1222bad27271,2025-11-08,Football_KeyNumberGuard_v1,52.0,9.5,,,0.0,0.0,0
5589a6fb0147c472aa8d1222bad27271,2025-11-08,Football_LineMovement_v1,52.0,9.5,,,0.0,0.0,0
5589a6fb0147c472aa8d1222bad27271,2025-11-08,Football_MarketBlend_v1,51.5,9.25,,UNDER,0.25,-0.5,0.75
5589a6fb0147c472aa8d1222bad27271,2025-11-08,Football_MarketConsensus_v1,52.0,9.5,,,0.0,0.0,0
5589a6fb0147c472aa8d1222bad27271,2025-11-08,Football_SpreadValue_v1,52.0,8.75,HOME,,0.75,0.0,0.75
5589a6fb0147c472aa8d1222bad27271,2025-11-08,Football_TotalValue_v1,51.0,9.5,,UNDER,0.0,-1.0,1.0
559c446a5e9976d63eb7f67a3e189be4,2025-08-30,Football_KeyNumberGuard_v1,51.5,-14.0,,,0.0,0.0,0
559c446a5e9976d63eb7f67a3e189be4,2025-08-30,Football_LineMovement_v1,51.5,-14.0,,,0.0,0.0,0
559c446a5e9976d63eb7f67a3e189be4,2025-08-30,Football_MarketBlend_v1,51.0,-13.75,AWAY,UNDER,-0.25,-0.5,0.75
559c446a5e9976d63eb7f67a3e189be4,2025-08-30,Football_MarketConsensus_v1,51.5,-14.0,,,0.0,0.0,0
559c446a5e9976d63eb7f67a3e189be4,2025-08-30,Football_SpreadValue_v1,51.5,-13.25,AWAY,,-0.75,0.0,0.75
559c446a5e9976d63eb7f67a3e189be4,2025-08-30,Football_TotalValue_v1,50.5,-14.0,,UNDER,0.0,-1.0,1.0
55bbfffac34b3738268dbdcc78b58dc8,2025-08-31,Football_KeyNumberGuard_v1,50.5,-17.5,,,0.0,0.0,0
55bbfffac34b3738268dbdcc78b58dc8,2025-08-31,Football_LineMovement_v1,50.5,-17.5,,,0.0,0.0,0
55bbfffac34b3738268dbdcc78b58dc8,2025-08-31,Football_MarketBlend_v1,50.0,-17.25,AWAY,UNDER,-0.25,-0.5,0.75
55bbfffac34b3738268dbdcc78b58dc8,2025-08-31,Football_MarketConsensus_v1,50.5,-17.5,,,0.0,0.0,0
55bbfffac34b3738268dbdcc78b58dc8,2025-08-31,Football_SpreadValue_v1,50.5,-16.75,AWAY,,-0.75,0.0,0.75
55bbfffac34b3738268dbdcc78b58dc8,2025-08-31,Football_TotalValue_v1,49.5,-17.5,,UNDER,0.0,-1.0,1.0
55f5ab2c82d0f2993231587e63a6b782,2025-10-18,Football_KeyNumberGuard_v1,56.5,-7.0,,,0.0,0.0,0
55f5ab2c82d0f2993231587e63a6b782,2025-10-18,Football_LineMovement_v1,56.5,-7.0,,,0.0,0.0,0
55f5ab2c82d0f2993231587e63a6b782,2025-10-18,Football_MarketBlend_v1,56.0,-6.75,,UNDER,-0.25,-0.5,0.75
55f5ab2c82d0f2993231587e63a6b782,2025-10-18,Football_MarketConsensus_v1,56.5,-7.0,,,0.0,0.0,0
55f5ab2c82d0f2993231587e63a6b782,2025-10-18,Football_SpreadValue_v1,56.5,-6.25,AWAY,,-0.75,0.0,0.75
55f5ab2c82d0f2993231587e63a6b782,2025-10-18,Football_TotalValue_v1,55.5,-7.0,,UNDER,0.0,-1.0,1.0
55fdf66a9ec5e21e439f8b66071457f2,2025-11-22,Football_KeyNumberGuard_v1,50.5,-36.5,,,0.0,0.0,0
55fdf66a9ec5e21e439f8b66071457f2,2025-11-22,Football_LineMovement_v1,50.5,-36.5,,,0.0,0.0,0
55fdf66a9ec5e21e439f8b66071457f2,2025-11-22,Football_MarketBlend_v1,50.0,-36.25,AWAY,UNDER,-0.25,-0.5,0.75
55fdf66a9ec5e21e439f8b66071457f2,2025-11-22,Football_MarketConsensus_v1,50.5,-36.5,,,0.0,0.0,0
55fdf66a9ec5e21e439f8b66071457f2,2025-11-22,Football_SpreadValue_v1,50.5,-35.75,AWAY,,-0.75,0.0,0.75
55fdf66a9ec5e21e439f8b66071457f2,2025-11-22,Football_TotalValue_v1,49.5,-36.5,,UNDER,0.0,-1.0,1.0
5628d5990478df5a36dabdf0a89bb699,2025-12-19,Football_KeyNumberGuard_v1,54.5,-1.0,,,0.0,0.0,0
5628d5990478df5a36dabdf0a89bb699,2025-12-19,Football_LineMovement_v1,54.5,-1.0,,,0.0,0.0,0
5628d5990478df5a36dabdf0a89bb699,2025-12-19,Football_MarketBlend_v1,54.0,-0.75,AWAY,UNDER,-0.25,-0.5,0.75
5628d5990478df5a36dabdf0a89bb699,2025-12-19,Football_MarketConsensus_v1,54.5,-1.0,,,0.0,0.0,0
5628d5990478df5a36dabdf0a89bb699,2025-12-19,Football_SpreadValue_v1,54.5,-0.25,AWAY,,-0.75,0.0,0.75
5628d5990478df5a36dabdf0a89bb699,2025-12-19,Football_TotalValue_v1,53.5,-1.0,,UNDER,0.0,-1.0,1.0
5631867903a80876d292ca9634f4749f,2025-09-20,Football_KeyNumberGuard_v1,57.5,-22.5,,,0.0,0.0,0
5631867903a80876d292ca9634f4749f,2025-09-20,Football_LineMovement_v1,57.5,-22.5,,,0.0,0.0,0
5631867903a80876d292ca9634f4749f,2025-09-20,Football_MarketBlend_v1,57.0,-22.25,AWAY,UNDER,-0.25,-0.5,0.75
5631867903a80876d292ca9634f4749f,2025-09-20,Football_MarketConsensus_v1,57.5,-22.5,,,0.0,0.0,0
5631867903a80876d292ca9634f4749f,2025-09-20,Football_SpreadValue_v1,57.5,-21.75,AWAY,,-0.75,0.0,0.75
5631867903a80876d292ca9634f4749f,2025-09-20,Football_TotalValue_v1,56.5,-22.5,,UNDER,0.0,-1.0,1.0
56504eac7bbc625f7316c6bad4354b93,2026-01-06,Football_KeyNumberGuard_v1,57.5,-10.75,,,0.0,0.0,0
56504eac7bbc625f7316c6bad4354b93,2026-01-06,Football_LineMovement_v1,57.5,-10.75,,,0.0,0.0,0
56504eac7bbc625f7316c6bad4354b93,2026-01-06,Football_MarketBlend_v1,57.0,-10.5,AWAY,UNDER,-0.25,-0.5,0.75
56504eac7bbc625f7316c6bad4354b93,2026-01-06,Football_MarketConsensus_v1,57.5,-10.75,,,0.0,0.0,0
56504eac7bbc625f7316c6bad4354b93,2026-01-06,Football_SpreadValue_v1,57.5,-10.0,AWAY,,-0.75,0.0,0.75
56504eac7bbc625f7316c6bad4354b93,2026-01-06,Football_TotalValue_v1,56.5,-10.75,,UNDER,0.0,-1.0,1.0
567f88999397ec54c373f5384f76510e,2025-10-25,Football_KeyNumberGuard_v1,44.5,-7.0,,,0.0,0.0,0
567f88999397ec54c373f5384f76510e,2025-10-25,Football_LineMovement_v1,44.5,-7.0,,,0.0,0.0,0
567f88999397ec54c373f5384f76510e,2025-10-25,Football_MarketBlend_v1,45.0,-6.75,,OVER,-0.25,0.5,0.75
567f88999397ec54c373f5384f76510e,2025-10-25,Football_MarketConsensus_v1,44.5,-7.0,,,0.0,0.0,0
567f88999397ec54c373f5384f76510e,2025-10-25,Football_SpreadValue_v1,44.5,-6.25,AWAY,,-0.75,0.0,0.75
567f88999397ec54c373f5384f76510e,2025-10-25,Football_TotalValue_v1,45.5,-7.0,,OVER,0.0,1.0,1.0
56a84e83bd6d308bd7e7639bcb7b5879,2025-11-29,Football_KeyNumberGuard_v1,40.5,-16.5,,,0.0,0.0,0
56a84e83bd6d308bd7e7639bcb7b5879,2025-11-29,Football_LineMovement_v1,40.5,-16.5,,,0.0,0.0,0
56a84e83bd6d308bd7e7639bcb7b5879,2025-11-29,Football_MarketBlend_v1,41.0,-16.25,AWAY,OVER,-0.25,0.5,0.75
56a84e83bd6d308bd7e7639bcb7b5879,2025-11-29,Football_MarketConsensus_v1,40.5,-16.5,,,0.0,0.0,0
56a84e83bd6d308bd7e7639bcb7b5879,2025-11-29,Football_SpreadValue_v1,40.5,-15.75,AWAY,,-0.75,0.0,0.75
56a84e83bd6d308bd7e7639bcb7b5879,2025-11-29,Football_TotalValue_v1,41.5,-16.5,,OVER,0.0,1.0,1.0
56c958d4f7fedaf6a6dd660d39791acc,2025-10-31,Football_KeyNumberGuard_v1,48.5,13.5,,,0.0,0.0,0
56c958d4f7fedaf6a6dd660d39791acc,2025-10-31,Football_LineMovement_v1,48.5,13.5,,,0.0,0.0,0
56c958d4f7fedaf6a6dd660d39791acc,2025-10-31,Football_MarketBlend_v1,48.0,13.25,HOME,UNDER,0.25,-0.5,0.75
56c958d4f7fedaf6a6dd660d39791acc,2025-10-31,Football_MarketConsensus_v1,48.5,13.5,,,0.0,0.0,0
56c958d4f7fedaf6a6dd660d39791acc,2025-10-31,Football_SpreadValue_v1,48.5,12.75,HOME,,0.75,0.0,0.75
56c958d4f7fedaf6a6dd660d39791acc,2025-10-31,Football_TotalValue_v1,47.5,13.5,,UNDER,0.0,-1.0,1.0
56cf14d9ec460e3d925d15a74ff96480,2025-09-06,Football_KeyNumberGuard_v1,54.25,-29.5,,,0.0,0.0,0
56cf14d9ec460e3d925d15a74ff96480,2025-09-06,Football_LineMovement_v1,54.25,-29.5,,,0.0,0.0,0
56cf14d9ec460e3d925d15a74ff96480,2025-09-06,Football_MarketBlend_v1,53.75,-29.25,AWAY,UNDER,-0.25,-0.5,0.75
56cf14d9ec460e3d925d15a74ff96480,2025-09-06,Football_MarketConsensus_v1,54.25,-29.5,,,0.0,0.0,0
56cf14d9ec460e3d925d15a74ff96480,2025-09-06,Football_SpreadValue_v1,54.25,-28.75,AWAY,,-0.75,0.0,0.75
56cf14d9ec460e3d925d15a74ff96480,2025-09-06,Football_TotalValue_v1,53.25,-29.5,,UNDER,0.0,-1.0,1.0
56e00fae472e97f1016a9c0abefb4c2e,2025-10-25,Football_KeyNumberGuard_v1,53.5,5.0,,,0.0,0.0,0
56e00fae472e97f1016a9c0abefb4c2e,2025-10-25,Football_LineMovement_v1,53.5,5.0,,,0.0,0.0,0
56e00fae472e97f1016a9c0abefb4c2e,2025-10-25,Football_MarketBlend_v1,53.0,4.75,HOME,UNDER,0.25,-0.5,0.75
56e00fae472e97f1016a9c0abefb4c2e,2025-10-25,Football_MarketConsensus_v1,53.5,5.0,,,0.0,0.0,0
56e00fae472e97f1016a9c0abefb4c2e,2025-10-25,Football_SpreadValue_v1,53.5,4.25,HOME,,0.75,0.0,0.75
56e00fae472e97f1016a9c0abefb4c2e,2025-10-25,Football_TotalValue_v1,52.5,5.0,,UNDER,0.0,-1.0,1.0
57283eb69be8d23bc114313e20af0fc0,2025-10-10,Football_KeyNumberGuard_v1,54.5,7.0,,,0.0,0.0,0
57283eb69be8d23bc114313e20af0fc0,2025-10-10,Football_LineMovement_v1,54.5,7.0,,,0.0,0.0,0
57283eb69be8d23bc114313e20af0fc0,2025-10-10,Football_MarketBlend_v1,54.0,6.75,,UNDER,0.25,-0.5,0.75
57283eb69be8d23bc114313e20af0fc0,2025-10-10,Football_MarketConsensus_v1,54.5,7.0,,,0.0,0.0,0
57283eb69be8d23bc114313e20af0fc0,2025-10-10,Football_SpreadValue_v1,54.5,6.25,HOME,,0.75,0.0,0.75
57283eb69be8d23bc114313e20af0fc0,2025-10-10,Football_TotalValue_v1,53.5,7.0,,UNDER,0.0,-1.0,1.0
57c1c1686850ce008f55f69fdf062a8b,2025-11-15,Football_KeyNumberGuard_v1,51.5,2.5,,,0.0,0.0,0
57c1c1686850ce008f55f69fdf062a8b,2025-11-15,Football_LineMovement_v1,51.5,2.5,,,0.0,0.0,0
57c1c1686850ce008f55f69fdf062a8b,2025-11-15,Football_MarketBlend_v1,51.0,2.25,,UNDER,0.25,-0.5,0.75
57c1c1686850ce008f55f69fdf062a8b,2025-11-15,Football_MarketConsensus_v1,51.5,2.5,,,0.0,0.0,0
57c1c1686850ce008f55f69fdf062a8b,2025-11-15,Football_SpreadValue_v1,51.5,1.75,HOME,,0.75,0.0,0.75
57c1c1686850ce008f55f69fdf062a8b,2025-11-15,Football_TotalValue_v1,50.5,2.5,,UNDER,0.0,-1.0,1.0
57de482f01e31e5f31e1010a072d8369,2025-08-31,Football_KeyNumberGuard_v1,50.5,5.5,,,0.0,0.0,0
57de482f01e31e5f31e1010a072d8369,2025-08-31,Football_LineMovement_v1,50.5,5.5,,,0.0,0.0,0
57de482f01e31e5f31e1010a072d8369,2025-08-31,Football_MarketBlend_v1,50.0,5.25,HOME,UNDER,0.25,-0.5,0.75
57de482f01e31e5f31e1010a072d8369,2025-08-31,Football_MarketConsensus_v1,50.5,5.5,,,0.0,0.0,0
57de482f01e31e5f31e1010a072d8369,2025-08-31,Football_SpreadValue_v1,50.5,4.75,HOME,,0.75,0.0,0.75
57de482f01e31e5f31e1010a072d8369,2025-08-31,Football_TotalValue_v1,49.5,5.5,,UNDER,0.0,-1.0,1.0
5866b06f9fe4c1e8ae23a581602b0fe9,2025-10-18,Football_KeyNumberGuard_v1,43.5,12.5,,,0.0,0.0,0
5866b06f9fe4c1e8ae23a581602b0fe9,2025-10-18,Football_LineMovement_v1,43.5,12.5,,,0.0,0.0,0
5866b06f9fe4c1e8ae23a581602b0fe9,2025-10-18,Football_MarketBlend_v1,44.0,12.25,HOME,OVER,0.25,0.5,0.75
5866b06f9fe4c1e8ae23a581602b0fe9,2025-10-18,Football_MarketConsensus_v1,43.5,12.5,,,0.0,0.0,0
5866b06f9fe4c1e8ae23a581602b0fe9,2025-10-18,Football_SpreadValue_v1,43.5,11.75,HOME,,0.75,0.0,0.75
5866b06f9fe4c1e8ae23a581602b0fe9,2025-10-18,Football_TotalValue_v1,44.5,12.5,,OVER,0.0,1.0,1.0
58c785bf8f43b721c53ca155b8dff5f8,2025-09-27,Football_KeyNumberGuard_v1,53.5,-15.5,,,0.0,0.0,0
58c785bf8f43b721c53ca155b8dff5f8,2025-09-27,Football_LineMovement_v1,53.5,-15.5,,,0.0,0.0,0
58c785bf8f43b721c53ca155b8dff5f8,2025-09-27,Football_MarketBlend_v1,53.0,-15.25,AWAY,UNDER,-0.25,-0.5,0.75
58c785bf8f43b721c53ca155b8dff5f8,2025-09-27,Football_MarketConsensus_v1,53.5,-15.5,,,0.0,0.0,0
58c785bf8f43b721c53ca155b8dff5f8,2025-09-27,Football_SpreadValue_v1,53.5,-14.75,AWAY,,-0.75,0.0,0.75
58c785bf8f43b721c53ca155b8dff5f8,2025-09-27,Football_TotalValue_v1,52.5,-15.5,,UNDER,0.0,-1.0,1.0
59f8c98dee8ce77cc17c5b4958e4f325,2026-10-11,Football_KeyNumberGuard_v1,49.25,2.5,,,0.0,0.0,0
59f8c98dee8ce77cc17c5b4958e4f325,2026-10-11,Football_LineMovement_v1,49.25,2.5,,,0.0,0.0,0
59f8c98dee8ce77cc17c5b4958e4f325,2026-10-11,Football_MarketBlend_v1,49.25,2.5,,,0.0,0.0,0
59f8c98dee8ce77cc17c5b4958e4f325,2026-10-11,Football_MarketConsensus_v1,49.25,2.5,,,0.0,0.0,0
59f8c98dee8ce77cc17c5b4958e4f325,2026-10-11,Football_SpreadValue_v1,49.25,2.5,,,0.0,0.0,0
59f8c98dee8ce77cc17c5b4958e4f325,2026-10-11,Football_TotalValue_v1,49.25,2.5,,,0.0,0.0,0
59fce1a707c83b093c630c371326c855,2025-10-25,Football_KeyNumberGuard_v1,42.0,-6.0,,,0.0,0.0,0
59fce1a707c83b093c630c371326c855,2025-10-25,Football_LineMovement_v1,42.0,-6.0,,,0.0,0.0,0
59fce1a707c83b093c630c371326c855,2025-10-25,Football_MarketBlend_v1,42.5,-5.75,AWAY,OVER,-0.25,0.5,0.75
59fce1a707c83b093c630c371326c855,2025-10-25,Football_MarketConsensus_v1,42.0,-6.0,,,0.0,0.0,0
59fce1a707c83b093c630c371326c855,2025-10-25,Football_SpreadValue_v1,42.0,-5.25,AWAY,,-0.75,0.0,0.75
59fce1a707c83b093c630c371326c855,2025-10-25,Football_TotalValue_v1,43.0,-6.0,,OVER,0.0,1.0,1.0
5a0f3b1bd4b3bdec4e47aa8e95a6e7e2,2025-10-25,Football_KeyNumberGuard_v1,45.0,1.5,,,0.0,0.0,0
5a0f3b1bd4b3bdec4e47aa8e95a6e7e2,2025-10-25,Football_LineMovement_v1,45.0,1.5,,,0.0,0.0,0
5a0f3b1bd4b3bdec4e47aa8e95a6e7e2,2025-10-25,Football_MarketBlend_v1,44.5,1.25,HOME,UNDER,0.25,-0.5,0.75
5a0f3b1bd4b3bdec4e47aa8e95a6e7e2,2025-10-25,Football_MarketConsensus_v1,45.0,1.5,,,0.0,0.0,0
5a0f3b1bd4b3bdec4e47aa8e95a6e7e2,2025-10-25,Football_SpreadValue_v1,45.0,0.75,HOME,,0.75,0.0,0.75
5a0f3b1bd4b3bdec4e47aa8e95a6e7e2,2025-10-25,Football_TotalValue_v1,44.0,1.5,,UNDER,0.0,-1.0,1.0
5a1127219ae128003dc5154af7f3561e,2025-10-11,Football_KeyNumberGuard_v1,46.5,4.0,,,0.0,0.0,0
5a1127219ae128003dc5154af7f3561e,2025-10-11,Football_LineMovement_v1,46.5,4.0,,,0.0,0.0,0
5a1127219ae128003dc5154af7f3561e,2025-10-11,Football_MarketBlend_v1,46.0,3.75,HOME,UNDER,0.25,-0.5,0.75
5a1127219ae128003dc5154af7f3561e,2025-10-11,Football_MarketConsensus_v1,46.5,4.0,,,0.0,0.0,0
5a1127219ae128003dc5154af7f3561e,2025-10-11,Football_SpreadValue_v1,46.5,3.25,HOME,,0.75,0.0,0.75
5a1127219ae128003dc5154af7f3561e,2025-10-11,Football_TotalValue_v1,45.5,4.0,,UNDER,0.0,-1.0,1.0
5a12bbdbc2d087e0ed12ba3aa360f9fd,2025-10-18,Football_KeyNumberGuard_v1,54.5,9.5,,,0.0,0.0,0
5a12bbdbc2d087e0ed12ba3aa360f9fd,2025-10-18,Football_LineMovement_v1,54.5,9.5,,,0.0,0.0,0
5a12bbdbc2d087e0ed12ba3aa360f9fd,2025-10-18,Football_MarketBlend_v1,54.0,9.25,,UNDER,0.25,-0.5,0.75
5a12bbdbc2d087e0ed12ba3aa360f9fd,2025-10-18,Football_MarketConsensus_v1,54.5,9.5,,,0.0,0.0,0
5a12bbdbc2d087e0ed12ba3aa360f9fd,2025-10-18,Football_SpreadValue_v1,54.5,8.75,HOME,,0.75,0.0,0.75
5a12bbdbc2d087e0ed12ba3aa360f9fd,2025-10-18,Football_TotalValue_v1,53.5,9.5,,UNDER,0.0,-1.0,1.0
5a3128645784cad46eb5bde204e7d618,2025-08-29,Football_KeyNumberGuard_v1,63.5,-47.5,,,0.0,0.0,0
5a3128645784cad46eb5bde204e7d618,2025-08-29,Football_LineMovement_v1,63.5,-47.5,,,0.0,0.0,0
5a3128645784cad46eb5bde204e7d618,2025-08-29,Football_MarketBlend_v1,63.0,-47.25,AWAY,UNDER,-0.25,-0.5,0.75
5a3128645784cad46eb5bde204e7d618,2025-08-29,Football_MarketConsensus_v1,63.5,-47.5,,,0.0,0.0,0
5a3128645784cad46eb5bde204e7d618,2025-08-29,Football_SpreadValue_v1,63.5,-46.75,AWAY,,-0.75,0.0,0.75
5a3128645784cad46eb5bde204e7d618,2025-08-29,Football_TotalValue_v1,62.5,-47.5,,UNDER,0.0,-1.0,1.0
5a5d9bfe189d87fab86e00ae8e5f5ea1,2025-09-06,Football_KeyNumberGuard_v1,51.0,13.0,,,0.0,0.0,0
5a5d9bfe189d87fab86e00ae8e5f5ea1,2025-09-06,Football_LineMovement_v1,51.0,13.0,,,0.0,0.0,0
5a5d9bfe189d87fab86e00ae8e5f5ea1,2025-09-06,Football_MarketBlend_v1,50.5,12.75,HOME,UNDER,0.25,-0.5,0.75
5a5d9bfe189d87fab86e00ae8e5f5ea1,2025-09-06,Football_MarketConsensus_v1,51.0,13.0,,,0.0,0.0,0
5a5d9bfe189d87fab86e00ae8e5f5ea1,2025-09-06,Football_SpreadValue_v1,51.0,12.25,HOME,,0.75,0.0,0.75
5a5d9bfe189d87fab86e00ae8e5f5ea1,2025-09-06,Football_TotalValue_v1,50.0,13.0,,UNDER,0.0,-1.0,1.0
5a69d6f97264110b3e44ca131dff9f59,2025-11-16,Football_KeyNumberGuard_v1,56.0,3.0,,,0.0,0.0,0
5a69d6f97264110b3e44ca131dff9f59,2025-11-16,Football_LineMovement_v1,56.0,3.0,,,0.0,0.0,0
5a69d6f97264110b3e44ca131dff9f59,2025-11-16,Football_MarketBlend_v1,55.5,2.75,,UNDER,0.25,-0.5,0.75
5a69d6f97264110b3e44ca131dff9f59,2025-11-16,Football_MarketConsensus_v1,56.0,3.0,,,0.0,0.0,0
5a69d6f97264110b3e44ca131dff9f59,2025-11-16,Football_SpreadValue_v1,56.0,2.25,HOME,,0.75,0.0,0.75
5a69d6f97264110b3e44ca131dff9f59,2025-11-16,Football_TotalValue_v1,55.0,3.0,,UNDER,0.0,-1.0,1.0
5a8d98c3147d18b683d90a536e76eb64,2026-09-12,Football_KeyNumberGuard_v1,,,,,,,0
5a8d98c3147d18b683d90a536e76eb64,2026-09-12,Football_LineMovement_v1,,,,,,,0
5a8d98c3147d18b683d90a536e76eb64,2026-09-12,Football_MarketBlend_v1,,,,,,,0
5a8d98c3147d18b683d90a536e76eb64,2026-09-12,Football_MarketConsensus_v1,,,,,,,0
5a8d98c3147d18b683d90a536e76eb64,2026-09-12,Football_SpreadValue_v1,,,,,,,0
5a8d98c3147d18b683d90a536e76eb64,2026-09-12,Football_TotalValue_v1,,,,,,,0
5aa5556ffd91ab02dd10e760119389c9,2025-09-13,Football_KeyNumberGuard_v1,64.5,-51.5,,,0.0,0.0,0
5aa5556ffd91ab02dd10e760119389c9,2025-09-13,Football_LineMovement_v1,64.5,-51.5,,,0.0,0.0,0
5aa5556ffd91ab02dd10e760119389c9,2025-09-13,Football_MarketBlend_v1,64.0,-51.25,AWAY,UNDER,-0.25,-0.5,0.75
5aa5556ffd91ab02dd10e760119389c9,2025-09-13,Football_MarketConsensus_v1,64.5,-51.5,,,0.0,0.0,0
5aa5556ffd91ab02dd10e760119389c9,2025-09-13,Football_SpreadValue_v1,64.5,-50.75,AWAY,,-0.75,0.0,0.75
5aa5556ffd91ab02dd10e760119389c9,2025-09-13,Football_TotalValue_v1,63.5,-51.5,,UNDER,0.0,-1.0,1.0
5ab48663d7528b3705a647d83aadaf19,2025-11-08,Football_KeyNumberGuard_v1,54.0,13.5,,,0.0,0.0,0
5ab48663d7528b3705a647d83aadaf19,2025-11-08,Football_LineMovement_v1,54.0,13.5,,,0.0,0.0,0
5ab48663d7528b3705a647d83aadaf19,2025-11-08,Football_MarketBlend_v1,53.5,13.25,HOME,UNDER,0.25,-0.5,0.75
5ab48663d7528b3705a647d83aadaf19,2025-11-08,Football_MarketConsensus_v1,54.0,13.5,,,0.0,0.0,0
5ab48663d7528b3705a647d83aadaf19,2025-11-08,Football_SpreadValue_v1,54.0,12.75,HOME,,0.75,0.0,0.75
5ab48663d7528b3705a647d83aadaf19,2025-11-08,Football_TotalValue_v1,53.0,13.5,,UNDER,0.0,-1.0,1.0
5ad9e266182c9aa66d0763532db6b37b,2025-11-16,Football_KeyNumberGuard_v1,40.5,-3.0,,,0.0,0.0,0
5ad9e266182c9aa66d0763532db6b37b,2025-11-16,Football_LineMovement_v1,40.5,-3.0,,,0.0,0.0,0
5ad9e266182c9aa66d0763532db6b37b,2025-11-16,Football_MarketBlend_v1,41.0,-2.75,,OVER,-0.25,0.5,0.75
5ad9e266182c9aa66d0763532db6b37b,2025-11-16,Football_MarketConsensus_v1,40.5,-3.0,,,0.0,0.0,0
5ad9e266182c9aa66d0763532db6b37b,2025-11-16,Football_SpreadValue_v1,40.5,-2.25,AWAY,,-0.75,0.0,0.75
5ad9e266182c9aa66d0763532db6b37b,2025-11-16,Football_TotalValue_v1,41.5,-3.0,,OVER,0.0,1.0,1.0
5ae8e6f0b5efe437b1443149ae0ec642,2025-09-13,Football_KeyNumberGuard_v1,66.5,-3.0,,,0.0,0.0,0
5ae8e6f0b5efe437b1443149ae0ec642,2025-09-13,Football_LineMovement_v1,66.5,-3.0,,,0.0,0.0,0
5ae8e6f0b5efe437b1443149ae0ec642,2025-09-13,Football_MarketBlend_v1,66.0,-2.75,,UNDER,-0.25,-0.5,0.75
5ae8e6f0b5efe437b1443149ae0ec642,2025-09-13,Football_MarketConsensus_v1,66.5,-3.0,,,0.0,0.0,0
5ae8e6f0b5efe437b1443149ae0ec642,2025-09-13,Football_SpreadValue_v1,66.5,-2.25,AWAY,,-0.75,0.0,0.75
5ae8e6f0b5efe437b1443149ae0ec642,2025-09-13,Football_TotalValue_v1,65.5,-3.0,,UNDER,0.0,-1.0,1.0
5af5d9416c9a7a1c9aeee7272f64782d,2025-08-30,Football_KeyNumberGuard_v1,55.5,-25.5,,,0.0,0.0,0
5af5d9416c9a7a1c9aeee7272f64782d,2025-08-30,Football_LineMovement_v1,55.5,-25.5,,,0.0,0.0,0
5af5d9416c9a7a1c9aeee7272f64782d,2025-08-30,Football_MarketBlend_v1,55.0,-25.25,AWAY,UNDER,-0.25,-0.5,0.75
5af5d9416c9a7a1c9aeee7272f64782d,2025-08-30,Football_MarketConsensus_v1,55.5,-25.5,,,0.0,0.0,0
5af5d9416c9a7a1c9aeee7272f64782d,2025-08-30,Football_SpreadValue_v1,55.5,-24.75,AWAY,,-0.75,0.0,0.75
5af5d9416c9a7a1c9aeee7272f64782d,2025-08-30,Football_TotalValue_v1,54.5,-25.5,,UNDER,0.0,-1.0,1.0
5b00e6b226dce4274d819d5d1818e703,2026-11-27,Football_KeyNumberGuard_v1,57.5,-14.5,,,0.0,0.0,0
5b00e6b226dce4274d819d5d1818e703,2026-11-27,Football_LineMovement_v1,57.5,-14.5,,,0.0,0.0,0
5b00e6b226dce4274d819d5d1818e703,2026-11-27,Football_MarketBlend_v1,57.5,-14.5,,,0.0,0.0,0
5b00e6b226dce4274d819d5d1818e703,2026-11-27,Football_MarketConsensus_v1,57.5,-14.5,,,0.0,0.0,0
5b00e6b226dce4274d819d5d1818e703,2026-11-27,Football_SpreadValue_v1,57.5,-14.5,,,0.0,0.0,0
5b00e6b226dce4274d819d5d1818e703,2026-11-27,Football_TotalValue_v1,57.5,-14.5,,,0.0,0.0,0
5b4e38825c71d19c51ebcd39665d9694,2025-11-28,Football_KeyNumberGuard_v1,45.5,-5.5,,,0.0,0.0,0
5b4e38825c71d19c51ebcd39665d9694,2025-11-28,Football_LineMovement_v1,45.5,-5.5,,,0.0,0.0,0
5b4e38825c71d19c51ebcd39665d9694,2025-11-28,Football_MarketBlend_v1,45.0,-5.25,AWAY,UNDER,-0.25,-0.5,0.75
5b4e38825c71d19c51ebcd39665d9694,2025-11-28,Football_MarketConsensus_v1,45.5,-5.5,,,0.0,0.0,0
5b4e38825c71d19c51ebcd39665d9694,2025-11-28,Football_SpreadValue_v1,45.5,-4.75,AWAY,,-0.75,0.0,0.75
5b4e38825c71d19c51ebcd39665d9694,2025-11-28,Football_TotalValue_v1,44.5,-5.5,,UNDER,0.0,-1.0,1.0
5b752439ba344f0fbe7c47649e41f2ad,2025-08-28,Football_KeyNumberGuard_v1,53.0,-20.5,,,0.0,0.0,0
5b752439ba344f0fbe7c47649e41f2ad,2025-08-28,Football_LineMovement_v1,53.0,-20.5,,,0.0,0.0,0
5b752439ba344f0fbe7c47649e41f2ad,2025-08-28,Football_MarketBlend_v1,52.5,-20.25,AWAY,UNDER,-0.25,-0.5,0.75
5b752439ba344f0fbe7c47649e41f2ad,2025-08-28,Football_MarketConsensus_v1,53.0,-20.5,,,0.0,0.0,0
5b752439ba344f0fbe7c47649e41f2ad,2025-08-28,Football_SpreadValue_v1,53.0,-19.75,AWAY,,-0.75,0.0,0.75
5b752439ba344f0fbe7c47649e41f2ad,2025-08-28,Football_TotalValue_v1,52.0,-20.5,,UNDER,0.0,-1.0,1.0
5ba0b8e2033aceb0a3ea2e24491242a4,2025-11-16,Football_KeyNumberGuard_v1,56.5,11.0,,,0.0,0.0,0
5ba0b8e2033aceb0a3ea2e24491242a4,2025-11-16,Football_LineMovement_v1,56.5,11.0,,,0.0,0.0,0
5ba0b8e2033aceb0a3ea2e24491242a4,2025-11-16,Football_MarketBlend_v1,56.0,10.75,HOME,UNDER,0.25,-0.5,0.75
5ba0b8e2033aceb0a3ea2e24491242a4,2025-11-16,Football_MarketConsensus_v1,56.5,11.0,,,0.0,0.0,0
5ba0b8e2033aceb0a3ea2e24491242a4,2025-11-16,Football_SpreadValue_v1,56.5,10.25,HOME,,0.75,0.0,0.75
5ba0b8e2033aceb0a3ea2e24491242a4,2025-11-16,Football_TotalValue_v1,55.5,11.0,,UNDER,0.0,-1.0,1.0
5bb0b0bdd9a7370f7f8f35db2374a4e2,2025-11-23,Football_KeyNumberGuard_v1,51.0,-23.5,,,0.0,0.0,0
5bb0b0bdd9a7370f7f8f35db2374a4e2,2025-11-23,Football_LineMovement_v1,51.0,-23.5,,,0.0,0.0,0
5bb0b0bdd9a7370f7f8f35db2374a4e2,2025-11-23,Football_MarketBlend_v1,50.5,-23.25,AWAY,UNDER,-0.25,-0.5,0.75
5bb0b0bdd9a7370f7f8f35db2374a4e2,2025-11-23,Football_MarketConsensus_v1,51.0,-23.5,,,0.0,0.0,0
5bb0b0bdd9a7370f7f8f35db2374a4e2,2025-11-23,Football_SpreadValue_v1,51.0,-22.75,AWAY,,-0.75,0.0,0.75
5bb0b0bdd9a7370f7f8f35db2374a4e2,2025-11-23,Football_TotalValue_v1,50.0,-23.5,,UNDER,0.0,-1.0,1.0
5bb624eddcdb91f1604d15e869b67fe6,2026-01-02,Football_KeyNumberGuard_v1,56.0,7.5,,,0.0,0.0,0
5bb624eddcdb91f1604d15e869b67fe6,2026-01-02,Football_LineMovement_v1,56.0,7.5,,,0.0,0.0,0
5bb624eddcdb91f1604d15e869b67fe6,2026-01-02,Football_MarketBlend_v1,55.5,7.25,,UNDER,0.25,-0.5,0.75
5bb624eddcdb91f1604d15e869b67fe6,2026-01-02,Football_MarketConsensus_v1,56.0,7.5,,,0.0,0.0,0
5bb624eddcdb91f1604d15e869b67fe6,2026-01-02,Football_SpreadValue_v1,56.0,6.75,HOME,,0.75,0.0,0.75
5bb624eddcdb91f1604d15e869b67fe6,2026-01-02,Football_TotalValue_v1,55.0,7.5,,UNDER,0.0,-1.0,1.0
5c1822bd971e75bf8eb736f083cfbd20,2025-12-20,Football_KeyNumberGuard_v1,40.5,-1.0,,,0.0,0.0,0
5c1822bd971e75bf8eb736f083cfbd20,2025-12-20,Football_LineMovement_v1,40.5,-1.0,,,0.0,0.0,0
5c1822bd971e75bf8eb736f083cfbd20,2025-12-20,Football_MarketBlend_v1,41.0,-0.75,AWAY,OVER,-0.25,0.5,0.75
5c1822bd971e75bf8eb736f083cfbd20,2025-12-20,Football_MarketConsensus_v1,40.5,-1.0,,,0.0,0.0,0
5c1822bd971e75bf8eb736f083cfbd20,2025-12-20,Football_SpreadValue_v1,40.5,-0.25,AWAY,,-0.75,0.0,0.75
5c1822bd971e75bf8eb736f083cfbd20,2025-12-20,Football_TotalValue_v1,41.5,-1.0,,OVER,0.0,1.0,1.0
5c32c6337881a5345e232f266665e6dd,2025-08-30,Football_KeyNumberGuard_v1,48.5,13.5,,,0.0,0.0,0
5c32c6337881a5345e232f266665e6dd,2025-08-30,Football_LineMovement_v1,48.5,13.5,,,0.0,0.0,0
5c32c6337881a5345e232f266665e6dd,2025-08-30,Football_MarketBlend_v1,48.0,13.25,HOME,UNDER,0.25,-0.5,0.75
5c32c6337881a5345e232f266665e6dd,2025-08-30,Football_MarketConsensus_v1,48.5,13.5,,,0.0,0.0,0
5c32c6337881a5345e232f266665e6dd,2025-08-30,Football_SpreadValue_v1,48.5,12.75,HOME,,0.75,0.0,0.75
5c32c6337881a5345e232f266665e6dd,2025-08-30,Football_TotalValue_v1,47.5,13.5,,UNDER,0.0,-1.0,1.0
5c42d56cd31ee19b3d7baba7a220b103,2025-09-27,Football_KeyNumberGuard_v1,51.5,-7.0,,,0.0,0.0,0
5c42d56cd31ee19b3d7baba7a220b103,2025-09-27,Football_LineMovement_v1,51.5,-7.0,,,0.0,0.0,0
5c42d56cd31ee19b3d7baba7a220b103,2025-09-27,Football_MarketBlend_v1,51.0,-6.75,,UNDER,-0.25,-0.5,0.75
5c42d56cd31ee19b3d7baba7a220b103,2025-09-27,Football_MarketConsensus_v1,51.5,-7.0,,,0.0,0.0,0
5c42d56cd31ee19b3d7baba7a220b103,2025-09-27,Football_SpreadValue_v1,51.5,-6.25,AWAY,,-0.75,0.0,0.75
5c42d56cd31ee19b3d7baba7a220b103,2025-09-27,Football_TotalValue_v1,50.5,-7.0,,UNDER,0.0,-1.0,1.0
5cc49501cef64287d2f6b5afe9526a16,2026-09-12,Football_KeyNumberGuard_v1,49.5,-30.5,,,0.0,0.0,0
5cc49501cef64287d2f6b5afe9526a16,2026-09-12,Football_LineMovement_v1,49.5,-30.5,,,0.0,0.0,0
5cc49501cef64287d2f6b5afe9526a16,2026-09-12,Football_MarketBlend_v1,49.0,-30.25,AWAY,UNDER,-0.25,-0.5,0.75
5cc49501cef64287d2f6b5afe9526a16,2026-09-12,Football_MarketConsensus_v1,49.5,-30.5,,,0.0,0.0,0
5cc49501cef64287d2f6b5afe9526a16,2026-09-12,Football_SpreadValue_v1,49.5,-29.75,AWAY,,-0.75,0.0,0.75
5cc49501cef64287d2f6b5afe9526a16,2026-09-12,Football_TotalValue_v1,48.5,-30.5,,UNDER,0.0,-1.0,1.0
5d261118034763fb8926590e23054879,2025-09-06,Football_KeyNumberGuard_v1,58.5,-30.75,,,0.0,0.0,0
5d261118034763fb8926590e23054879,2025-09-06,Football_LineMovement_v1,58.5,-30.75,,,0.0,0.0,0
5d261118034763fb8926590e23054879,2025-09-06,Football_MarketBlend_v1,58.0,-30.5,AWAY,UNDER,-0.25,-0.5,0.75
5d261118034763fb8926590e23054879,2025-09-06,Football_MarketConsensus_v1,58.5,-30.75,,,0.0,0.0,0
5d261118034763fb8926590e23054879,2025-09-06,Football_SpreadValue_v1,58.5,-30.0,AWAY,,-0.75,0.0,0.75
5d261118034763fb8926590e23054879,2025-09-06,Football_TotalValue_v1,57.5,-30.75,,UNDER,0.0,-1.0,1.0
5d85387fe9b718ea0c754c1e1b51a434,2025-09-14,Football_KeyNumberGuard_v1,41.0,2.5,,,0.0,0.0,0
5d85387fe9b718ea0c754c1e1b51a434,2025-09-14,Football_LineMovement_v1,41.0,2.5,,,0.0,0.0,0
5d85387fe9b718ea0c754c1e1b51a434,2025-09-14,Football_MarketBlend_v1,41.5,2.25,,OVER,0.25,0.5,0.75
5d85387fe9b718ea0c754c1e1b51a434,2025-09-14,Football_MarketConsensus_v1,41.0,2.5,,,0.0,0.0,0
5d85387fe9b718ea0c754c1e1b51a434,2025-09-14,Football_SpreadValue_v1,41.0,1.75,HOME,,0.75,0.0,0.75
5d85387fe9b718ea0c754c1e1b51a434,2025-09-14,Football_TotalValue_v1,42.0,2.5,,OVER,0.0,1.0,1.0
5d864fb9feccc540dfedf3f1141bc4cb,2025-08-31,Football_KeyNumberGuard_v1,49.0,1.0,,,0.0,0.0,0
5d864fb9feccc540dfedf3f1141bc4cb,2025-08-31,Football_LineMovement_v1,49.0,1.0,,,0.0,0.0,0
5d864fb9feccc540dfedf3f1141bc4cb,2025-08-31,Football_MarketBlend_v1,48.5,0.75,HOME,UNDER,0.25,-0.5,0.75
5d864fb9feccc540dfedf3f1141bc4cb,2025-08-31,Football_MarketConsensus_v1,49.0,1.0,,,0.0,0.0,0
5d864fb9feccc540dfedf3f1141bc4cb,2025-08-31,Football_SpreadValue_v1,49.0,0.25,HOME,,0.75,0.0,0.75
5d864fb9feccc540dfedf3f1141bc4cb,2025-08-31,Football_TotalValue_v1,48.0,1.0,,UNDER,0.0,-1.0,1.0
5da9ef579c5fd86b10be56e99d1d1c10,2025-10-18,Football_KeyNumberGuard_v1,54.5,3.5,,,0.0,0.0,0
5da9ef579c5fd86b10be56e99d1d1c10,2025-10-18,Football_LineMovement_v1,54.5,3.5,,,0.0,0.0,0
5da9ef579c5fd86b10be56e99d1d1c10,2025-10-18,Football_MarketBlend_v1,54.0,3.25,,UNDER,0.25,-0.5,0.75
5da9ef579c5fd86b10be56e99d1d1c10,2025-10-18,Football_MarketConsensus_v1,54.5,3.5,,,0.0,0.0,0
5da9ef579c5fd86b10be56e99d1d1c10,2025-10-18,Football_SpreadValue_v1,54.5,2.75,HOME,,0.75,0.0,0.75
5da9ef579c5fd86b10be56e99d1d1c10,2025-10-18,Football_TotalValue_v1,53.5,3.5,,UNDER,0.0,-1.0,1.0
5e25531fbb1876c4c48cd017d5b5671c,2025-08-30,Football_KeyNumberGuard_v1,56.5,-45.5,,,0.0,0.0,0
5e25531fbb1876c4c48cd017d5b5671c,2025-08-30,Football_LineMovement_v1,56.5,-45.5,,,0.0,0.0,0
5e25531fbb1876c4c48cd017d5b5671c,2025-08-30,Football_MarketBlend_v1,56.0,-45.25,AWAY,UNDER,-0.25,-0.5,0.75
5e25531fbb1876c4c48cd017d5b5671c,2025-08-30,Football_MarketConsensus_v1,56.5,-45.5,,,0.0,0.0,0
5e25531fbb1876c4c48cd017d5b5671c,2025-08-30,Football_SpreadValue_v1,56.5,-44.75,AWAY,,-0.75,0.0,0.75
5e25531fbb1876c4c48cd017d5b5671c,2025-08-30,Football_TotalValue_v1,55.5,-45.5,,UNDER,0.0,-1.0,1.0
5e919b1126a9cf2a7de96993f9c9b43a,2025-09-27,Football_KeyNumberGuard_v1,59.5,-16.5,,,0.0,0.0,0
5e919b1126a9cf2a7de96993f9c9b43a,2025-09-27,Football_LineMovement_v1,59.5,-16.5,,,0.0,0.0,0
5e919b1126a9cf2a7de96993f9c9b43a,2025-09-27,Football_MarketBlend_v1,59.0,-16.25,AWAY,UNDER,-0.25,-0.5,0.75
5e919b1126a9cf2a7de96993f9c9b43a,2025-09-27,Football_MarketConsensus_v1,59.5,-16.5,,,0.0,0.0,0
5e919b1126a9cf2a7de96993f9c9b43a,2025-09-27,Football_SpreadValue_v1,59.5,-15.75,AWAY,,-0.75,0.0,0.75
5e919b1126a9cf2a7de96993f9c9b43a,2025-09-27,Football_TotalValue_v1,58.5,-16.5,,UNDER,0.0,-1.0,1.0
5ec37f47324f863bca4140bf9742c2b3,2025-09-06,Football_KeyNumberGuard_v1,52.5,-14.5,,,0.0,0.0,0
5ec37f47324f863bca4140bf9742c2b3,2025-09-06,Football_LineMovement_v1,52.5,-14.5,,,0.0,0.0,0
5ec37f47324f863bca4140bf9742c2b3,2025-09-06,Football_MarketBlend_v1,52.0,-14.25,AWAY,UNDER,-0.25,-0.5,0.75
5ec37f47324f863bca4140bf9742c2b3,2025-09-06,Football_MarketConsensus_v1,52.5,-14.5,,,0.0,0.0,0
5ec37f47324f863bca4140bf9742c2b3,2025-09-06,Football_SpreadValue_v1,52.5,-13.75,AWAY,,-0.75,0.0,0.75
5ec37f47324f863bca4140bf9742c2b3,2025-09-06,Football_TotalValue_v1,51.5,-14.5,,UNDER,0.0,-1.0,1.0
5efdee187e4f412e747582a3c18f725b,2025-09-06,Football_KeyNumberGuard_v1,44.0,-5.0,,,0.0,0.0,0
5efdee187e4f412e747582a3c18f725b,2025-09-06,Football_LineMovement_v1,44.0,-5.0,,,0.0,0.0,0
5efdee187e4f412e747582a3c18f725b,2025-09-06,Football_MarketBlend_v1,44.5,-4.75,AWAY,OVER,-0.25,0.5,0.75
5efdee187e4f412e747582a3c18f725b,2025-09-06,Football_MarketConsensus_v1,44.0,-5.0,,,0.0,0.0,0
5efdee187e4f412e747582a3c18f725b,2025-09-06,Football_SpreadValue_v1,44.0,-4.25,AWAY,,-0.75,0.0,0.75
5efdee187e4f412e747582a3c18f725b,2025-09-06,Football_TotalValue_v1,45.0,-5.0,,OVER,0.0,1.0,1.0
5eff3381bc29273c041cc3bba7127145,2025-10-25,Football_KeyNumberGuard_v1,63.5,-14.0,,,0.0,0.0,0
5eff3381bc29273c041cc3bba7127145,2025-10-25,Football_LineMovement_v1,63.5,-14.0,,,0.0,0.0,0
5eff3381bc29273c041cc3bba7127145,2025-10-25,Football_MarketBlend_v1,63.0,-13.75,AWAY,UNDER,-0.25,-0.5,0.75
5eff3381bc29273c041cc3bba7127145,2025-10-25,Football_MarketConsensus_v1,63.5,-14.0,,,0.0,0.0,0
5eff3381bc29273c041cc3bba7127145,2025-10-25,Football_SpreadValue_v1,63.5,-13.25,AWAY,,-0.75,0.0,0.75
5eff3381bc29273c041cc3bba7127145,2025-10-25,Football_TotalValue_v1,62.5,-14.0,,UNDER,0.0,-1.0,1.0
5f0f820ae84368851f7e601c02282f77,2025-11-01,Football_KeyNumberGuard_v1,51.5,14.0,,,0.0,0.0,0
5f0f820ae84368851f7e601c02282f77,2025-11-01,Football_LineMovement_v1,51.5,14.0,,,0.0,0.0,0
5f0f820ae84368851f7e601c02282f77,2025-11-01,Football_MarketBlend_v1,51.0,13.75,HOME,UNDER,0.25,-0.5,0.75
5f0f820ae84368851f7e601c02282f77,2025-11-01,Football_MarketConsensus_v1,51.5,14.0,,,0.0,0.0,0
5f0f820ae84368851f7e601c02282f77,2025-11-01,Football_SpreadValue_v1,51.5,13.25,HOME,,0.75,0.0,0.75
5f0f820ae84368851f7e601c02282f77,2025-11-01,Football_TotalValue_v1,50.5,14.0,,UNDER,0.0,-1.0,1.0
5f923887c7b45059d84dcd5972b25a16,2025-10-04,Football_KeyNumberGuard_v1,53.5,-46.5,,,0.0,0.0,0
5f923887c7b45059d84dcd5972b25a16,2025-10-04,Football_LineMovement_v1,53.5,-46.5,,,0.0,0.0,0
5f923887c7b45059d84dcd5972b25a16,2025-10-04,Football_MarketBlend_v1,53.0,-46.25,AWAY,UNDER,-0.25,-0.5,0.75
5f923887c7b45059d84dcd5972b25a16,2025-10-04,Football_MarketConsensus_v1,53.5,-46.5,,,0.0,0.0,0
5f923887c7b45059d84dcd5972b25a16,2025-10-04,Football_SpreadValue_v1,53.5,-45.75,AWAY,,-0.75,0.0,0.75
5f923887c7b45059d84dcd5972b25a16,2025-10-04,Football_TotalValue_v1,52.5,-46.5,,UNDER,0.0,-1.0,1.0
5fb8d908f2befbbfe9b70586eeb1a633,2025-11-22,Football_KeyNumberGuard_v1,45.5,-28.0,,,0.0,0.0,0
5fb8d908f2befbbfe9b70586eeb1a633,2025-11-22,Football_LineMovement_v1,45.5,-28.0,,,0.0,0.0,0
5fb8d908f2befbbfe9b70586eeb1a633,2025-11-22,Football_MarketBlend_v1,45.0,-27.75,AWAY,UNDER,-0.25,-0.5,0.75
5fb8d908f2befbbfe9b70586eeb1a633,2025-11-22,Football_MarketConsensus_v1,45.5,-28.0,,,0.0,0.0,0
5fb8d908f2befbbfe9b70586eeb1a633,2025-11-22,Football_SpreadValue_v1,45.5,-27.25,AWAY,,-0.75,0.0,0.75
5fb8d908f2befbbfe9b70586eeb1a633,2025-11-22,Football_TotalValue_v1,44.5,-28.0,,UNDER,0.0,-1.0,1.0
60004aaab0613df8d1081256ed66e212,2025-08-30,Football_KeyNumberGuard_v1,62.5,-53.0,,,0.0,0.0,0
60004aaab0613df8d1081256ed66e212,2025-08-30,Football_LineMovement_v1,62.5,-53.0,,,0.0,0.0,0
60004aaab0613df8d1081256ed66e212,2025-08-30,Football_MarketBlend_v1,62.0,-52.75,AWAY,UNDER,-0.25,-0.5,0.75
60004aaab0613df8d1081256ed66e212,2025-08-30,Football_MarketConsensus_v1,62.5,-53.0,,,0.0,0.0,0
60004aaab0613df8d1081256ed66e212,2025-08-30,Football_SpreadValue_v1,62.5,-52.25,AWAY,,-0.75,0.0,0.75
60004aaab0613df8d1081256ed66e212,2025-08-30,Football_TotalValue_v1,61.5,-53.0,,UNDER,0.0,-1.0,1.0
600cefc5681276f67a98d1b895388901,2025-10-04,Football_KeyNumberGuard_v1,48.5,-12.5,,,0.0,0.0,0
600cefc5681276f67a98d1b895388901,2025-10-04,Football_LineMovement_v1,48.5,-12.5,,,0.0,0.0,0
600cefc5681276f67a98d1b895388901,2025-10-04,Football_MarketBlend_v1,48.0,-12.25,AWAY,UNDER,-0.25,-0.5,0.75
600cefc5681276f67a98d1b895388901,2025-10-04,Football_MarketConsensus_v1,48.5,-12.5,,,0.0,0.0,0
600cefc5681276f67a98d1b895388901,2025-10-04,Football_SpreadValue_v1,48.5,-11.75,AWAY,,-0.75,0.0,0.75
600cefc5681276f67a98d1b895388901,2025-10-04,Football_TotalValue_v1,47.5,-12.5,,UNDER,0.0,-1.0,1.0
601f11a56ce690549ff1275c569cddab,2025-09-06,Football_KeyNumberGuard_v1,43.0,-3.0,,,0.0,0.0,0
601f11a56ce690549ff1275c569cddab,2025-09-06,Football_LineMovement_v1,43.0,-3.0,,,0.0,0.0,0
601f11a56ce690549ff1275c569cddab,2025-09-06,Football_MarketBlend_v1,43.5,-2.75,,OVER,-0.25,0.5,0.75
601f11a56ce690549ff1275c569cddab,2025-09-06,Football_MarketConsensus_v1,43.0,-3.0,,,0.0,0.0,0
601f11a56ce690549ff1275c569cddab,2025-09-06,Football_SpreadValue_v1,43.0,-2.25,AWAY,,-0.75,0.0,0.75
601f11a56ce690549ff1275c569cddab,2025-09-06,Football_TotalValue_v1,44.0,-3.0,,OVER,0.0,1.0,1.0
602be51cf8f06f98f7cd893d7f223a42,2025-11-07,Football_KeyNumberGuard_v1,61.5,-5.5,,,0.0,0.0,0
602be51cf8f06f98f7cd893d7f223a42,2025-11-07,Football_LineMovement_v1,61.5,-5.5,,,0.0,0.0,0
602be51cf8f06f98f7cd893d7f223a42,2025-11-07,Football_MarketBlend_v1,61.0,-5.25,AWAY,UNDER,-0.25,-0.5,0.75
602be51cf8f06f98f7cd893d7f223a42,2025-11-07,Football_MarketConsensus_v1,61.5,-5.5,,,0.0,0.0,0
602be51cf8f06f98f7cd893d7f223a42,2025-11-07,Football_SpreadValue_v1,61.5,-4.75,AWAY,,-0.75,0.0,0.75
602be51cf8f06f98f7cd893d7f223a42,2025-11-07,Football_TotalValue_v1,60.5,-5.5,,UNDER,0.0,-1.0,1.0
60385595d3e501feeba3a45fafead46f,2025-09-06,Football_KeyNumberGuard_v1,49.5,-5.5,,,0.0,0.0,0
60385595d3e501feeba3a45fafead46f,2025-09-06,Football_LineMovement_v1,49.5,-5.5,,,0.0,0.0,0
60385595d3e501feeba3a45fafead46f,2025-09-06,Football_MarketBlend_v1,49.0,-5.25,AWAY,UNDER,-0.25,-0.5,0.75
60385595d3e501feeba3a45fafead46f,2025-09-06,Football_MarketConsensus_v1,49.5,-5.5,,,0.0,0.0,0
60385595d3e501feeba3a45fafead46f,2025-09-06,Football_SpreadValue_v1,49.5,-4.75,AWAY,,-0.75,0.0,0.75
60385595d3e501feeba3a45fafead46f,2025-09-06,Football_TotalValue_v1,48.5,-5.5,,UNDER,0.0,-1.0,1.0
604ae01f960f7be32aeb554f733be590,2026-09-05,Football_KeyNumberGuard_v1,52.5,-39.5,,,0.0,0.0,0
604ae01f960f7be32aeb554f733be590,2026-09-05,Football_LineMovement_v1,52.5,-39.5,,,0.0,0.0,0
604ae01f960f7be32aeb554f733be590,2026-09-05,Football_MarketBlend_v1,52.0,-39.25,AWAY,UNDER,-0.25,-0.5,0.75
604ae01f960f7be32aeb554f733be590,2026-09-05,Football_MarketConsensus_v1,52.5,-39.5,,,0.0,0.0,0
604ae01f960f7be32aeb554f733be590,2026-09-05,Football_SpreadValue_v1,52.5,-38.75,AWAY,,-0.75,0.0,0.75
604ae01f960f7be32aeb554f733be590,2026-09-05,Football_TotalValue_v1,51.5,-39.5,,UNDER,0.0,-1.0,1.0
604e4daf4bc676f524753f47cad8c6e7,2026-09-12,Football_KeyNumberGuard_v1,54.5,-29.5,,,0.0,0.0,0
604e4daf4bc676f524753f47cad8c6e7,2026-09-12,Football_LineMovement_v1,54.5,-29.5,,,0.0,0.0,0
604e4daf4bc676f524753f47cad8c6e7,2026-09-12,Football_MarketBlend_v1,54.0,-29.25,AWAY,UNDER,-0.25,-0.5,0.75
604e4daf4bc676f524753f47cad8c6e7,2026-09-12,Football_MarketConsensus_v1,54.5,-29.5,,,0.0,0.0,0
604e4daf4bc676f524753f47cad8c6e7,2026-09-12,Football_SpreadValue_v1,54.5,-28.75,AWAY,,-0.75,0.0,0.75
604e4daf4bc676f524753f47cad8c6e7,2026-09-12,Football_TotalValue_v1,53.5,-29.5,,UNDER,0.0,-1.0,1.0
60be30c76c784a4f4c7e3f4c4a0fbea2,2025-10-03,Football_KeyNumberGuard_v1,61.5,-2.5,,,0.0,0.0,0
60be30c76c784a4f4c7e3f4c4a0fbea2,2025-10-03,Football_LineMovement_v1,61.5,-2.5,,,0.0,0.0,0
60be30c76c784a4f4c7e3f4c4a0fbea2,2025-10-03,Football_MarketBlend_v1,61.0,-2.25,,UNDER,-0.25,-0.5,0.75
60be30c76c784a4f4c7e3f4c4a0fbea2,2025-10-03,Football_MarketConsensus_v1,61.5,-2.5,,,0.0,0.0,0
60be30c76c784a4f4c7e3f4c4a0fbea2,2025-10-03,Football_SpreadValue_v1,61.5,-1.75,AWAY,,-0.75,0.0,0.75
60be30c76c784a4f4c7e3f4c4a0fbea2,2025-10-03,Football_TotalValue_v1,60.5,-2.5,,UNDER,0.0,-1.0,1.0
60f69546f72b1cb5dc22aa0096258e19,2025-11-08,Football_KeyNumberGuard_v1,56.5,-5.0,,,0.0,0.0,0
60f69546f72b1cb5dc22aa0096258e19,2025-11-08,Football_LineMovement_v1,56.5,-5.0,,,0.0,0.0,0
60f69546f72b1cb5dc22aa0096258e19,2025-11-08,Football_MarketBlend_v1,56.0,-4.75,AWAY,UNDER,-0.25,-0.5,0.75
60f69546f72b1cb5dc22aa0096258e19,2025-11-08,Football_MarketConsensus_v1,56.5,-5.0,,,0.0,0.0,0
60f69546f72b1cb5dc22aa0096258e19,2025-11-08,Football_SpreadValue_v1,56.5,-4.25,AWAY,,-0.75,0.0,0.75
60f69546f72b1cb5dc22aa0096258e19,2025-11-08,Football_TotalValue_v1,55.5,-5.0,,UNDER,0.0,-1.0,1.0
61700ad2942d0c633b9c6cd402964356,2026-09-12,Football_KeyNumberGuard_v1,53.5,-9.5,,,0.0,0.0,0
61700ad2942d0c633b9c6cd402964356,2026-09-12,Football_LineMovement_v1,53.5,-9.5,,,0.0,0.0,0
61700ad2942d0c633b9c6cd402964356,2026-09-12,Football_MarketBlend_v1,53.0,-9.25,,UNDER,-0.25,-0.5,0.75
61700ad2942d0c633b9c6cd402964356,2026-09-12,Football_MarketConsensus_v1,53.5,-9.5,,,0.0,0.0,0
61700ad2942d0c633b9c6cd402964356,2026-09-12,Football_SpreadValue_v1,53.5,-8.75,AWAY,,-0.75,0.0,0.75
61700ad2942d0c633b9c6cd402964356,2026-09-12,Football_TotalValue_v1,52.5,-9.5,,UNDER,0.0,-1.0,1.0
6231165e3a20b2247cfb4dc4d4f14d50,2025-11-01,Football_KeyNumberGuard_v1,61.5,-4.0,,,0.0,0.0,0
6231165e3a20b2247cfb4dc4d4f14d50,2025-11-01,Football_LineMovement_v1,61.5,-4.0,,,0.0,0.0,0
6231165e3a20b2247cfb4dc4d4f14d50,2025-11-01,Football_MarketBlend_v1,61.0,-3.75,AWAY,UNDER,-0.25,-0.5,0.75
6231165e3a20b2247cfb4dc4d4f14d50,2025-11-01,Football_MarketConsensus_v1,61.5,-4.0,,,0.0,0.0,0
6231165e3a20b2247cfb4dc4d4f14d50,2025-11-01,Football_SpreadValue_v1,61.5,-3.25,AWAY,,-0.75,0.0,0.75
6231165e3a20b2247cfb4dc4d4f14d50,2025-11-01,Football_TotalValue_v1,60.5,-4.0,,UNDER,0.0,-1.0,1.0
62c8f91b581d1bcca5fb6496ec65aae7,2025-11-30,Football_KeyNumberGuard_v1,52.5,-7.5,,,0.0,0.0,0
62c8f91b581d1bcca5fb6496ec65aae7,2025-11-30,Football_LineMovement_v1,52.5,-7.5,,,0.0,0.0,0
62c8f91b581d1bcca5fb6496ec65aae7,2025-11-30,Football_MarketBlend_v1,52.0,-7.25,,UNDER,-0.25,-0.5,0.75
62c8f91b581d1bcca5fb6496ec65aae7,2025-11-30,Football_MarketConsensus_v1,52.5,-7.5,,,0.0,0.0,0
62c8f91b581d1bcca5fb6496ec65aae7,2025-11-30,Football_SpreadValue_v1,52.5,-6.75,AWAY,,-0.75,0.0,0.75
62c8f91b581d1bcca5fb6496ec65aae7,2025-11-30,Football_TotalValue_v1,51.5,-7.5,,UNDER,0.0,-1.0,1.0
63b6a142067e7f67ea91cc67e534ca6f,2025-09-27,Football_KeyNumberGuard_v1,62.5,14.0,,,0.0,0.0,0
63b6a142067e7f67ea91cc67e534ca6f,2025-09-27,Football_LineMovement_v1,62.5,14.0,,,0.0,0.0,0
63b6a142067e7f67ea91cc67e534ca6f,2025-09-27,Football_MarketBlend_v1,62.0,13.75,HOME,UNDER,0.25,-0.5,0.75
63b6a142067e7f67ea91cc67e534ca6f,2025-09-27,Football_MarketConsensus_v1,62.5,14.0,,,0.0,0.0,0
63b6a142067e7f67ea91cc67e534ca6f,2025-09-27,Football_SpreadValue_v1,62.5,13.25,HOME,,0.75,0.0,0.75
63b6a142067e7f67ea91cc67e534ca6f,2025-09-27,Football_TotalValue_v1,61.5,14.0,,UNDER,0.0,-1.0,1.0
643198f60ea064a8030db080f2540513,2025-11-28,Football_KeyNumberGuard_v1,58.0,-3.5,,,0.0,0.0,0
643198f60ea064a8030db080f2540513,2025-11-28,Football_LineMovement_v1,58.0,-3.5,,,0.0,0.0,0
643198f60ea064a8030db080f2540513,2025-11-28,Football_MarketBlend_v1,57.5,-3.25,,UNDER,-0.25,-0.5,0.75
643198f60ea064a8030db080f2540513,2025-11-28,Football_MarketConsensus_v1,58.0,-3.5,,,0.0,0.0,0
643198f60ea064a8030db080f2540513,2025-11-28,Football_SpreadValue_v1,58.0,-2.75,AWAY,,-0.75,0.0,0.75
643198f60ea064a8030db080f2540513,2025-11-28,Football_TotalValue_v1,57.0,-3.5,,UNDER,0.0,-1.0,1.0
643822150f0bf436abb517c7fc1c71f0,2025-09-07,Football_KeyNumberGuard_v1,49.5,-7.5,,,0.0,0.0,0
643822150f0bf436abb517c7fc1c71f0,2025-09-07,Football_LineMovement_v1,49.5,-7.5,,,0.0,0.0,0
643822150f0bf436abb517c7fc1c71f0,2025-09-07,Football_MarketBlend_v1,49.0,-7.25,,UNDER,-0.25,-0.5,0.75
643822150f0bf436abb517c7fc1c71f0,2025-09-07,Football_MarketConsensus_v1,49.5,-7.5,,,0.0,0.0,0
643822150f0bf436abb517c7fc1c71f0,2025-09-07,Football_SpreadValue_v1,49.5,-6.75,AWAY,,-0.75,0.0,0.75
643822150f0bf436abb517c7fc1c71f0,2025-09-07,Football_TotalValue_v1,48.5,-7.5,,UNDER,0.0,-1.0,1.0
6496fb908a00a0d0df24b47b120e87c8,2025-11-01,Football_KeyNumberGuard_v1,45.0,-17.5,,,0.0,0.0,0
6496fb908a00a0d0df24b47b120e87c8,2025-11-01,Football_LineMovement_v1,45.0,-17.5,,,0.0,0.0,0
6496fb908a00a0d0df24b47b120e87c8,2025-11-01,Football_MarketBlend_v1,44.5,-17.25,AWAY,UNDER,-0.25,-0.5,0.75
6496fb908a00a0d0df24b47b120e87c8,2025-11-01,Football_MarketConsensus_v1,45.0,-17.5,,,0.0,0.0,0
6496fb908a00a0d0df24b47b120e87c8,2025-11-01,Football_SpreadValue_v1,45.0,-16.75,AWAY,,-0.75,0.0,0.75
6496fb908a00a0d0df24b47b120e87c8,2025-11-01,Football_TotalValue_v1,44.0,-17.5,,UNDER,0.0,-1.0,1.0
64bc4fba5d35860770b37c2866775e78,2025-10-11,Football_KeyNumberGuard_v1,65.0,-7.0,,,0.0,0.0,0
64bc4fba5d35860770b37c2866775e78,2025-10-11,Football_LineMovement_v1,65.0,-7.0,,,0.0,0.0,0
64bc4fba5d35860770b37c2866775e78,2025-10-11,Football_MarketBlend_v1,64.5,-6.75,,UNDER,-0.25,-0.5,0.75
64bc4fba5d35860770b37c2866775e78,2025-10-11,Football_MarketConsensus_v1,65.0,-7.0,,,0.0,0.0,0
64bc4fba5d35860770b37c2866775e78,2025-10-11,Football_SpreadValue_v1,65.0,-6.25,AWAY,,-0.75,0.0,0.75
64bc4fba5d35860770b37c2866775e78,2025-10-11,Football_TotalValue_v1,64.0,-7.0,,UNDER,0.0,-1.0,1.0
6541b290fae8de6d5a2710e00f827b1a,2025-10-25,Football_KeyNumberGuard_v1,48.5,-9.5,,,0.0,0.0,0
6541b290fae8de6d5a2710e00f827b1a,2025-10-25,Football_LineMovement_v1,48.5,-9.5,,,0.0,0.0,0
6541b290fae8de6d5a2710e00f827b1a,2025-10-25,Football_MarketBlend_v1,48.0,-9.25,,UNDER,-0.25,-0.5,0.75
6541b290fae8de6d5a2710e00f827b1a,2025-10-25,Football_MarketConsensus_v1,48.5,-9.5,,,0.0,0.0,0
6541b290fae8de6d5a2710e00f827b1a,2025-10-25,Football_SpreadValue_v1,48.5,-8.75,AWAY,,-0.75,0.0,0.75
6541b290fae8de6d5a2710e00f827b1a,2025-10-25,Football_TotalValue_v1,47.5,-9.5,,UNDER,0.0,-1.0,1.0
6542b8b48c9b9cff8cc4dd12c44301b3,2025-11-15,Football_KeyNumberGuard_v1,60.5,-40.5,,,0.0,0.0,0
6542b8b48c9b9cff8cc4dd12c44301b3,2025-11-15,Football_LineMovement_v1,60.5,-40.5,,,0.0,0.0,0
6542b8b48c9b9cff8cc4dd12c44301b3,2025-11-15,Football_MarketBlend_v1,60.0,-40.25,AWAY,UNDER,-0.25,-0.5,0.75
6542b8b48c9b9cff8cc4dd12c44301b3,2025-11-15,Football_MarketConsensus_v1,60.5,-40.5,,,0.0,0.0,0
6542b8b48c9b9cff8cc4dd12c44301b3,2025-11-15,Football_SpreadValue_v1,60.5,-39.75,AWAY,,-0.75,0.0,0.75
6542b8b48c9b9cff8cc4dd12c44301b3,2025-11-15,Football_TotalValue_v1,59.5,-40.5,,UNDER,0.0,-1.0,1.0
65571f1cab1a260aae4a220e38dbbc1d,2026-09-19,Football_KeyNumberGuard_v1,57.5,-2.5,,,0.0,0.0,0
65571f1cab1a260aae4a220e38dbbc1d,2026-09-19,Football_LineMovement_v1,57.5,-2.5,,,0.0,0.0,0
65571f1cab1a260aae4a220e38dbbc1d,2026-09-19,Football_MarketBlend_v1,57.0,-2.25,,UNDER,-0.25,-0.5,0.75
65571f1cab1a260aae4a220e38dbbc1d,2026-09-19,Football_MarketConsensus_v1,57.5,-2.5,,,0.0,0.0,0
65571f1cab1a260aae4a220e38dbbc1d,2026-09-19,Football_SpreadValue_v1,57.5,-1.75,AWAY,,-0.75,0.0,0.75
65571f1cab1a260aae4a220e38dbbc1d,2026-09-19,Football_TotalValue_v1,56.5,-2.5,,UNDER,0.0,-1.0,1.0
65642a972639b4294a3dfb32e1025df6,2025-09-27,Football_KeyNumberGuard_v1,45.5,-7.0,,,0.0,0.0,0
65642a972639b4294a3dfb32e1025df6,2025-09-27,Football_LineMovement_v1,45.5,-7.0,,,0.0,0.0,0
65642a972639b4294a3dfb32e1025df6,2025-09-27,Football_MarketBlend_v1,45.0,-6.75,,UNDER,-0.25,-0.5,0.75
65642a972639b4294a3dfb32e1025df6,2025-09-27,Football_MarketConsensus_v1,45.5,-7.0,,,0.0,0.0,0
65642a972639b4294a3dfb32e1025df6,2025-09-27,Football_SpreadValue_v1,45.5,-6.25,AWAY,,-0.75,0.0,0.75
65642a972639b4294a3dfb32e1025df6,2025-09-27,Football_TotalValue_v1,44.5,-7.0,,UNDER,0.0,-1.0,1.0
66153d8e67a550f1f9ee3afbee0bb357,2025-10-11,Football_KeyNumberGuard_v1,55.5,2.0,,,0.0,0.0,0
66153d8e67a550f1f9ee3afbee0bb357,2025-10-11,Football_LineMovement_v1,55.5,2.0,,,0.0,0.0,0
66153d8e67a550f1f9ee3afbee0bb357,2025-10-11,Football_MarketBlend_v1,55.0,1.75,HOME,UNDER,0.25,-0.5,0.75
66153d8e67a550f1f9ee3afbee0bb357,2025-10-11,Football_MarketConsensus_v1,55.5,2.0,,,0.0,0.0,0
66153d8e67a550f1f9ee3afbee0bb357,2025-10-11,Football_SpreadValue_v1,55.5,1.25,HOME,,0.75,0.0,0.75
66153d8e67a550f1f9ee3afbee0bb357,2025-10-11,Football_TotalValue_v1,54.5,2.0,,UNDER,0.0,-1.0,1.0
661cc693646282b81a3ff474863155b1,2025-11-01,Football_KeyNumberGuard_v1,55.5,31.0,,,0.0,0.0,0
661cc693646282b81a3ff474863155b1,2025-11-01,Football_LineMovement_v1,55.5,31.0,,,0.0,0.0,0
661cc693646282b81a3ff474863155b1,2025-11-01,Football_MarketBlend_v1,55.0,30.75,HOME,UNDER,0.25,-0.5,0.75
661cc693646282b81a3ff474863155b1,2025-11-01,Football_MarketConsensus_v1,55.5,31.0,,,0.0,0.0,0
661cc693646282b81a3ff474863155b1,2025-11-01,Football_SpreadValue_v1,55.5,30.25,HOME,,0.75,0.0,0.75
661cc693646282b81a3ff474863155b1,2025-11-01,Football_TotalValue_v1,54.5,31.0,,UNDER,0.0,-1.0,1.0
663302976d25e5e68e83f286db1418f6,2025-08-30,Football_KeyNumberGuard_v1,52.5,-38.5,,,0.0,0.0,0
663302976d25e5e68e83f286db1418f6,2025-08-30,Football_LineMovement_v1,52.5,-38.5,,,0.0,0.0,0
663302976d25e5e68e83f286db1418f6,2025-08-30,Football_MarketBlend_v1,52.0,-38.25,AWAY,UNDER,-0.25,-0.5,0.75
663302976d25e5e68e83f286db1418f6,2025-08-30,Football_MarketConsensus_v1,52.5,-38.5,,,0.0,0.0,0
663302976d25e5e68e83f286db1418f6,2025-08-30,Football_SpreadValue_v1,52.5,-37.75,AWAY,,-0.75,0.0,0.75
663302976d25e5e68e83f286db1418f6,2025-08-30,Football_TotalValue_v1,51.5,-38.5,,UNDER,0.0,-1.0,1.0
6713f27b1f4032c4ebc0f91d0fc86306,2025-10-04,Football_KeyNumberGuard_v1,60.5,-6.5,,,0.0,0.0,0
6713f27b1f4032c4ebc0f91d0fc86306,2025-10-04,Football_LineMovement_v1,60.5,-6.5,,,0.0,0.0,0
6713f27b1f4032c4ebc0f91d0fc86306,2025-10-04,Football_MarketBlend_v1,60.0,-6.25,,UNDER,-0.25,-0.5,0.75
6713f27b1f4032c4ebc0f91d0fc86306,2025-10-04,Football_MarketConsensus_v1,60.5,-6.5,,,0.0,0.0,0
6713f27b1f4032c4ebc0f91d0fc86306,2025-10-04,Football_SpreadValue_v1,60.5,-5.75,AWAY,,-0.75,0.0,0.75
6713f27b1f4032c4ebc0f91d0fc86306,2025-10-04,Football_TotalValue_v1,59.5,-6.5,,UNDER,0.0,-1.0,1.0
674f125e76bbaa23c17ed7bfc92a7e2f,2025-09-14,Football_KeyNumberGuard_v1,51.5,14.5,,,0.0,0.0,0
674f125e76bbaa23c17ed7bfc92a7e2f,2025-09-14,Football_LineMovement_v1,51.5,14.5,,,0.0,0.0,0
674f125e76bbaa23c17ed7bfc92a7e2f,2025-09-14,Football_MarketBlend_v1,51.0,14.25,HOME,UNDER,0.25,-0.5,0.75
674f125e76bbaa23c17ed7bfc92a7e2f,2025-09-14,Football_MarketConsensus_v1,51.5,14.5,,,0.0,0.0,0
674f125e76bbaa23c17ed7bfc92a7e2f,2025-09-14,Football_SpreadValue_v1,51.5,13.75,HOME,,0.75,0.0,0.75
674f125e76bbaa23c17ed7bfc92a7e2f,2025-09-14,Football_TotalValue_v1,50.5,14.5,,UNDER,0.0,-1.0,1.0
677f3f81a852b917bb6fac083e68f60b,2025-10-04,Football_KeyNumberGuard_v1,42.5,-11.5,,,0.0,0.0,0
677f3f81a852b917bb6fac083e68f60b,2025-10-04,Football_LineMovement_v1,42.5,-11.5,,,0.0,0.0,0
677f3f81a852b917bb6fac083e68f60b,2025-10-04,Football_MarketBlend_v1,43.0,-11.25,AWAY,OVER,-0.25,0.5,0.75
677f3f81a852b917bb6fac083e68f60b,2025-10-04,Football_MarketConsensus_v1,42.5,-11.5,,,0.0,0.0,0
677f3f81a852b917bb6fac083e68f60b,2025-10-04,Football_SpreadValue_v1,42.5,-10.75,AWAY,,-0.75,0.0,0.75
677f3f81a852b917bb6fac083e68f60b,2025-10-04,Football_TotalValue_v1,43.5,-11.5,,OVER,0.0,1.0,1.0
67c2f115dc5ae1183a8f0d3812bdbaea,2025-11-01,Football_KeyNumberGuard_v1,55.5,-12.5,,,0.0,0.0,0
67c2f115dc5ae1183a8f0d3812bdbaea,2025-11-01,Football_LineMovement_v1,55.5,-12.5,,,0.0,0.0,0
67c2f115dc5ae1183a8f0d3812bdbaea,2025-11-01,Football_MarketBlend_v1,55.0,-12.25,AWAY,UNDER,-0.25,-0.5,0.75
67c2f115dc5ae1183a8f0d3812bdbaea,2025-11-01,Football_MarketConsensus_v1,55.5,-12.5,,,0.0,0.0,0
67c2f115dc5ae1183a8f0d3812bdbaea,2025-11-01,Football_SpreadValue_v1,55.5,-11.75,AWAY,,-0.75,0.0,0.75
67c2f115dc5ae1183a8f0d3812bdbaea,2025-11-01,Football_TotalValue_v1,54.5,-12.5,,UNDER,0.0,-1.0,1.0
6805d37180d92fd870ab5fac57eebee5,2025-08-30,Football_KeyNumberGuard_v1,61.5,9.5,,,0.0,0.0,0
6805d37180d92fd870ab5fac57eebee5,2025-08-30,Football_LineMovement_v1,61.5,9.5,,,0.0,0.0,0
6805d37180d92fd870ab5fac57eebee5,2025-08-30,Football_MarketBlend_v1,61.0,9.25,,UNDER,0.25,-0.5,0.75
6805d37180d92fd870ab5fac57eebee5,2025-08-30,Football_MarketConsensus_v1,61.5,9.5,,,0.0,0.0,0
6805d37180d92fd870ab5fac57eebee5,2025-08-30,Football_SpreadValue_v1,61.5,8.75,HOME,,0.75,0.0,0.75
6805d37180d92fd870ab5fac57eebee5,2025-08-30,Football_TotalValue_v1,60.5,9.5,,UNDER,0.0,-1.0,1.0
684cd6a0054de1920ea49fdb358b195b,2026-01-10,Football_KeyNumberGuard_v1,51.5,-3.5,,,0.0,0.0,0
684cd6a0054de1920ea49fdb358b195b,2026-01-10,Football_LineMovement_v1,51.5,-3.5,,,0.0,0.0,0
684cd6a0054de1920ea49fdb358b195b,2026-01-10,Football_MarketBlend_v1,51.0,-3.25,,UNDER,-0.25,-0.5,0.75
684cd6a0054de1920ea49fdb358b195b,2026-01-10,Football_MarketConsensus_v1,51.5,-3.5,,,0.0,0.0,0
684cd6a0054de1920ea49fdb358b195b,2026-01-10,Football_SpreadValue_v1,51.5,-2.75,AWAY,,-0.75,0.0,0.75
684cd6a0054de1920ea49fdb358b195b,2026-01-10,Football_TotalValue_v1,50.5,-3.5,,UNDER,0.0,-1.0,1.0
6850ce38681c03906af201d68cdd70e7,2025-10-11,Football_KeyNumberGuard_v1,51.5,14.5,,,0.0,0.0,0
6850ce38681c03906af201d68cdd70e7,2025-10-11,Football_LineMovement_v1,51.5,14.5,,,0.0,0.0,0
6850ce38681c03906af201d68cdd70e7,2025-10-11,Football_MarketBlend_v1,51.0,14.25,HOME,UNDER,0.25,-0.5,0.75
6850ce38681c03906af201d68cdd70e7,2025-10-11,Football_MarketConsensus_v1,51.5,14.5,,,0.0,0.0,0
6850ce38681c03906af201d68cdd70e7,2025-10-11,Football_SpreadValue_v1,51.5,13.75,HOME,,0.75,0.0,0.75
6850ce38681c03906af201d68cdd70e7,2025-10-11,Football_TotalValue_v1,50.5,14.5,,UNDER,0.0,-1.0,1.0
685a8722f297502fa85e4cd8c7e54b1c,2026-10-17,Football_KeyNumberGuard_v1,48.5,1.5,,,0.0,0.0,0
685a8722f297502fa85e4cd8c7e54b1c,2026-10-17,Football_LineMovement_v1,48.5,1.5,,,0.0,0.0,0
685a8722f297502fa85e4cd8c7e54b1c,2026-10-17,Football_MarketBlend_v1,48.5,1.5,,,0.0,0.0,0
685a8722f297502fa85e4cd8c7e54b1c,2026-10-17,Football_MarketConsensus_v1,48.5,1.5,,,0.0,0.0,0
685a8722f297502fa85e4cd8c7e54b1c,2026-10-17,Football_SpreadValue_v1,48.5,1.5,,,0.0,0.0,0
685a8722f297502fa85e4cd8c7e54b1c,2026-10-17,Football_TotalValue_v1,48.5,1.5,,,0.0,0.0,0
6888a4fdeae90f5ab2eb0051e9b20ed4,2025-11-29,Football_KeyNumberGuard_v1,62.5,-10.5,,,0.0,0.0,0
6888a4fdeae90f5ab2eb0051e9b20ed4,2025-11-29,Football_LineMovement_v1,62.5,-10.5,,,0.0,0.0,0
6888a4fdeae90f5ab2eb0051e9b20ed4,2025-11-29,Football_MarketBlend_v1,62.0,-10.25,,UNDER,-0.25,-0.5,0.75
6888a4fdeae90f5ab2eb0051e9b20ed4,2025-11-29,Football_MarketConsensus_v1,62.5,-10.5,,,0.0,0.0,0
6888a4fdeae90f5ab2eb0051e9b20ed4,2025-11-29,Football_SpreadValue_v1,62.5,-9.75,AWAY,,-0.75,0.0,0.75
6888a4fdeae90f5ab2eb0051e9b20ed4,2025-11-29,Football_TotalValue_v1,61.5,-10.5,,UNDER,0.0,-1.0,1.0
69b92f6edcf58ce33ac39d43bc1f21a5,2025-08-23,Football_KeyNumberGuard_v1,60.5,-10.0,,,0.0,0.0,0
69b92f6edcf58ce33ac39d43bc1f21a5,2025-08-23,Football_LineMovement_v1,60.5,-10.0,,,0.0,0.0,0
69b92f6edcf58ce33ac39d43bc1f21a5,2025-08-23,Football_MarketBlend_v1,60.0,-9.75,,UNDER,-0.25,-0.5,0.75
69b92f6edcf58ce33ac39d43bc1f21a5,2025-08-23,Football_MarketConsensus_v1,60.5,-10.0,,,0.0,0.0,0
69b92f6edcf58ce33ac39d43bc1f21a5,2025-08-23,Football_SpreadValue_v1,60.5,-9.25,AWAY,,-0.75,0.0,0.75
69b92f6edcf58ce33ac39d43bc1f21a5,2025-08-23,Football_TotalValue_v1,59.5,-10.0,,UNDER,0.0,-1.0,1.0
6a478f550fac197ca8dd95162c8f7980,2025-10-18,Football_KeyNumberGuard_v1,43.5,1.0,,,0.0,0.0,0
6a478f550fac197ca8dd95162c8f7980,2025-10-18,Football_LineMovement_v1,43.5,1.0,,,0.0,0.0,0
6a478f550fac197ca8dd95162c8f7980,2025-10-18,Football_MarketBlend_v1,44.0,0.75,HOME,OVER,0.25,0.5,0.75
6a478f550fac197ca8dd95162c8f7980,2025-10-18,Football_MarketConsensus_v1,43.5,1.0,,,0.0,0.0,0
6a478f550fac197ca8dd95162c8f7980,2025-10-18,Football_SpreadValue_v1,43.5,0.25,HOME,,0.75,0.0,0.75
6a478f550fac197ca8dd95162c8f7980,2025-10-18,Football_TotalValue_v1,44.5,1.0,,OVER,0.0,1.0,1.0
6a4da08f393ad5e4ee1e32e24ff0e280,2025-09-06,Football_KeyNumberGuard_v1,57.5,-33.5,,,0.0,0.0,0
6a4da08f393ad5e4ee1e32e24ff0e280,2025-09-06,Football_LineMovement_v1,57.5,-33.5,,,0.0,0.0,0
6a4da08f393ad5e4ee1e32e24ff0e280,2025-09-06,Football_MarketBlend_v1,57.0,-33.25,AWAY,UNDER,-0.25,-0.5,0.75
6a4da08f393ad5e4ee1e32e24ff0e280,2025-09-06,Football_MarketConsensus_v1,57.5,-33.5,,,0.0,0.0,0
6a4da08f393ad5e4ee1e32e24ff0e280,2025-09-06,Football_SpreadValue_v1,57.5,-32.75,AWAY,,-0.75,0.0,0.75
6a4da08f393ad5e4ee1e32e24ff0e280,2025-09-06,Football_TotalValue_v1,56.5,-33.5,,UNDER,0.0,-1.0,1.0
6a888c041e81b35c741eb91824fd02c6,2025-11-30,Football_KeyNumberGuard_v1,44.5,-7.5,,,0.0,0.0,0
6a888c041e81b35c741eb91824fd02c6,2025-11-30,Football_LineMovement_v1,44.5,-7.5,,,0.0,0.0,0
6a888c041e81b35c741eb91824fd02c6,2025-11-30,Football_MarketBlend_v1,45.0,-7.25,,OVER,-0.25,0.5,0.75
6a888c041e81b35c741eb91824fd02c6,2025-11-30,Football_MarketConsensus_v1,44.5,-7.5,,,0.0,0.0,0
6a888c041e81b35c741eb91824fd02c6,2025-11-30,Football_SpreadValue_v1,44.5,-6.75,AWAY,,-0.75,0.0,0.75
6a888c041e81b35c741eb91824fd02c6,2025-11-30,Football_TotalValue_v1,45.5,-7.5,,OVER,0.0,1.0,1.0
6a92f4972c35c421f08a5bf601d60cdf,2025-09-06,Football_KeyNumberGuard_v1,50.5,6.0,,,0.0,0.0,0
6a92f4972c35c421f08a5bf601d60cdf,2025-09-06,Football_LineMovement_v1,50.5,6.0,,,0.0,0.0,0
6a92f4972c35c421f08a5bf601d60cdf,2025-09-06,Football_MarketBlend_v1,50.0,5.75,HOME,UNDER,0.25,-0.5,0.75
6a92f4972c35c421f08a5bf601d60cdf,2025-09-06,Football_MarketConsensus_v1,50.5,6.0,,,0.0,0.0,0
6a92f4972c35c421f08a5bf601d60cdf,2025-09-06,Football_SpreadValue_v1,50.5,5.25,HOME,,0.75,0.0,0.75
6a92f4972c35c421f08a5bf601d60cdf,2025-09-06,Football_TotalValue_v1,49.5,6.0,,UNDER,0.0,-1.0,1.0
6ab72601a536ccfdbc30904c90644d1a,2026-09-12,Football_KeyNumberGuard_v1,48.5,-1.5,,,0.0,0.0,0
6ab72601a536ccfdbc30904c90644d1a,2026-09-12,Football_LineMovement_v1,48.5,-1.5,,,0.0,0.0,0
6ab72601a536ccfdbc30904c90644d1a,2026-09-12,Football_MarketBlend_v1,48.0,-1.25,AWAY,UNDER,-0.25,-0.5,0.75
6ab72601a536ccfdbc30904c90644d1a,2026-09-12,Football_MarketConsensus_v1,48.5,-1.5,,,0.0,0.0,0
6ab72601a536ccfdbc30904c90644d1a,2026-09-12,Football_SpreadValue_v1,48.5,-0.75,AWAY,,-0.75,0.0,0.75
6ab72601a536ccfdbc30904c90644d1a,2026-09-12,Football_TotalValue_v1,47.5,-1.5,,UNDER,0.0,-1.0,1.0
6af1e17d7174b1cba28f644a02600e3b,2025-08-30,Football_KeyNumberGuard_v1,57.0,-13.5,,,0.0,0.0,0
6af1e17d7174b1cba28f644a02600e3b,2025-08-30,Football_LineMovement_v1,57.0,-13.5,,,0.0,0.0,0
6af1e17d7174b1cba28f644a02600e3b,2025-08-30,Football_MarketBlend_v1,56.5,-13.25,AWAY,UNDER,-0.25,-0.5,0.75
6af1e17d7174b1cba28f644a02600e3b,2025-08-30,Football_MarketConsensus_v1,57.0,-13.5,,,0.0,0.0,0
6af1e17d7174b1cba28f644a02600e3b,2025-08-30,Football_SpreadValue_v1,57.0,-12.75,AWAY,,-0.75,0.0,0.75
6af1e17d7174b1cba28f644a02600e3b,2025-08-30,Football_TotalValue_v1,56.0,-13.5,,UNDER,0.0,-1.0,1.0
6af6623a038f6add7f026fc913e24356,2026-01-20,Football_KeyNumberGuard_v1,54.0,-4.0,,,0.0,0.0,0
6af6623a038f6add7f026fc913e24356,2026-01-20,Football_LineMovement_v1,54.0,-4.0,,,0.0,0.0,0
6af6623a038f6add7f026fc913e24356,2026-01-20,Football_MarketBlend_v1,53.5,-3.75,AWAY,UNDER,-0.25,-0.5,0.75
6af6623a038f6add7f026fc913e24356,2026-01-20,Football_MarketConsensus_v1,54.0,-4.0,,,0.0,0.0,0
6af6623a038f6add7f026fc913e24356,2026-01-20,Football_SpreadValue_v1,54.0,-3.25,AWAY,,-0.75,0.0,0.75
6af6623a038f6add7f026fc913e24356,2026-01-20,Football_TotalValue_v1,53.0,-4.0,,UNDER,0.0,-1.0,1.0
6b01b4b140795584d285e8f0195e07dd,2025-10-24,Football_KeyNumberGuard_v1,61.0,26.0,,,0.0,0.0,0
6b01b4b140795584d285e8f0195e07dd,2025-10-24,Football_LineMovement_v1,61.0,26.0,,,0.0,0.0,0
6b01b4b140795584d285e8f0195e07dd,2025-10-24,Football_MarketBlend_v1,60.5,25.75,HOME,UNDER,0.25,-0.5,0.75
6b01b4b140795584d285e8f0195e07dd,2025-10-24,Football_MarketConsensus_v1,61.0,26.0,,,0.0,0.0,0
6b01b4b140795584d285e8f0195e07dd,2025-10-24,Football_SpreadValue_v1,61.0,25.25,HOME,,0.75,0.0,0.75
6b01b4b140795584d285e8f0195e07dd,2025-10-24,Football_TotalValue_v1,60.0,26.0,,UNDER,0.0,-1.0,1.0
6b720706eed963bd287b802d86a85024,2025-08-29,Football_KeyNumberGuard_v1,50.5,-17.5,,,0.0,0.0,0
6b720706eed963bd287b802d86a85024,2025-08-29,Football_LineMovement_v1,50.5,-17.5,,,0.0,0.0,0
6b720706eed963bd287b802d86a85024,2025-08-29,Football_MarketBlend_v1,50.0,-17.25,AWAY,UNDER,-0.25,-0.5,0.75
6b720706eed963bd287b802d86a85024,2025-08-29,Football_MarketConsensus_v1,50.5,-17.5,,,0.0,0.0,0
6b720706eed963bd287b802d86a85024,2025-08-29,Football_SpreadValue_v1,50.5,-16.75,AWAY,,-0.75,0.0,0.75
6b720706eed963bd287b802d86a85024,2025-08-29,Football_TotalValue_v1,49.5,-17.5,,UNDER,0.0,-1.0,1.0
6ba41f5aec285de1cc47eebd40516dde,2025-10-25,Football_KeyNumberGuard_v1,54.5,-3.5,,,0.0,0.0,0
6ba41f5aec285de1cc47eebd40516dde,2025-10-25,Football_LineMovement_v1,54.5,-3.5,,,0.0,0.0,0
6ba41f5aec285de1cc47eebd40516dde,2025-10-25,Football_MarketBlend_v1,54.0,-3.25,,UNDER,-0.25,-0.5,0.75
6ba41f5aec285de1cc47eebd40516dde,2025-10-25,Football_MarketConsensus_v1,54.5,-3.5,,,0.0,0.0,0
6ba41f5aec285de1cc47eebd40516dde,2025-10-25,Football_SpreadValue_v1,54.5,-2.75,AWAY,,-0.75,0.0,0.75
6ba41f5aec285de1cc47eebd40516dde,2025-10-25,Football_TotalValue_v1,53.5,-3.5,,UNDER,0.0,-1.0,1.0
6ba4c2cb4e23d19069d00b47716c95c9,2026-09-05,Football_KeyNumberGuard_v1,62.5,-23.5,,,0.0,0.0,0
6ba4c2cb4e23d19069d00b47716c95c9,2026-09-05,Football_LineMovement_v1,62.5,-23.5,,,0.0,0.0,0
6ba4c2cb4e23d19069d00b47716c95c9,2026-09-05,Football_MarketBlend_v1,62.0,-23.25,AWAY,UNDER,-0.25,-0.5,0.75
6ba4c2cb4e23d19069d00b47716c95c9,2026-09-05,Football_MarketConsensus_v1,62.5,-23.5,,,0.0,0.0,0
6ba4c2cb4e23d19069d00b47716c95c9,2026-09-05,Football_SpreadValue_v1,62.5,-22.75,AWAY,,-0.75,0.0,0.75
6ba4c2cb4e23d19069d00b47716c95c9,2026-09-05,Football_TotalValue_v1,61.5,-23.5,,UNDER,0.0,-1.0,1.0
6be90d4768b93c43b3b3e55de45a3925,2025-09-20,Football_KeyNumberGuard_v1,54.5,-12.5,,,0.0,0.0,0
6be90d4768b93c43b3b3e55de45a3925,2025-09-20,Football_LineMovement_v1,54.5,-12.5,,,0.0,0.0,0
6be90d4768b93c43b3b3e55de45a3925,2025-09-20,Football_MarketBlend_v1,54.0,-12.25,AWAY,UNDER,-0.25,-0.5,0.75
6be90d4768b93c43b3b3e55de45a3925,2025-09-20,Football_MarketConsensus_v1,54.5,-12.5,,,0.0,0.0,0
6be90d4768b93c43b3b3e55de45a3925,2025-09-20,Football_SpreadValue_v1,54.5,-11.75,AWAY,,-0.75,0.0,0.75
6be90d4768b93c43b3b3e55de45a3925,2025-09-20,Football_TotalValue_v1,53.5,-12.5,,UNDER,0.0,-1.0,1.0
6c45601f8d031fc1d9051354e7341c88,2025-09-06,Football_KeyNumberGuard_v1,59.5,-37.5,,,0.0,0.0,0
6c45601f8d031fc1d9051354e7341c88,2025-09-06,Football_LineMovement_v1,59.5,-37.5,,,0.0,0.0,0
6c45601f8d031fc1d9051354e7341c88,2025-09-06,Football_MarketBlend_v1,59.0,-37.25,AWAY,UNDER,-0.25,-0.5,0.75
6c45601f8d031fc1d9051354e7341c88,2025-09-06,Football_MarketConsensus_v1,59.5,-37.5,,,0.0,0.0,0
6c45601f8d031fc1d9051354e7341c88,2025-09-06,Football_SpreadValue_v1,59.5,-36.75,AWAY,,-0.75,0.0,0.75
6c45601f8d031fc1d9051354e7341c88,2025-09-06,Football_TotalValue_v1,58.5,-37.5,,UNDER,0.0,-1.0,1.0
6c5b117f5091e161561240ae95fe99a4,2025-09-20,Football_KeyNumberGuard_v1,68.5,-39.0,,,0.0,0.0,0
6c5b117f5091e161561240ae95fe99a4,2025-09-20,Football_LineMovement_v1,68.5,-39.0,,,0.0,0.0,0
6c5b117f5091e161561240ae95fe99a4,2025-09-20,Football_MarketBlend_v1,68.0,-38.75,AWAY,UNDER,-0.25,-0.5,0.75
6c5b117f5091e161561240ae95fe99a4,2025-09-20,Football_MarketConsensus_v1,68.5,-39.0,,,0.0,0.0,0
6c5b117f5091e161561240ae95fe99a4,2025-09-20,Football_SpreadValue_v1,68.5,-38.25,AWAY,,-0.75,0.0,0.75
6c5b117f5091e161561240ae95fe99a4,2025-09-20,Football_TotalValue_v1,67.5,-39.0,,UNDER,0.0,-1.0,1.0
6d8fbe63a65f1c1032a6c1c65863ca23,2025-11-22,Football_KeyNumberGuard_v1,42.5,-17.0,,,0.0,0.0,0
6d8fbe63a65f1c1032a6c1c65863ca23,2025-11-22,Football_LineMovement_v1,42.5,-17.0,,,0.0,0.0,0
6d8fbe63a65f1c1032a6c1c65863ca23,2025-11-22,Football_MarketBlend_v1,43.0,-16.75,AWAY,OVER,-0.25,0.5,0.75
6d8fbe63a65f1c1032a6c1c65863ca23,2025-11-22,Football_MarketConsensus_v1,42.5,-17.0,,,0.0,0.0,0
6d8fbe63a65f1c1032a6c1c65863ca23,2025-11-22,Football_SpreadValue_v1,42.5,-16.25,AWAY,,-0.75,0.0,0.75
6d8fbe63a65f1c1032a6c1c65863ca23,2025-11-22,Football_TotalValue_v1,43.5,-17.0,,OVER,0.0,1.0,1.0
6d9c7edbf2884eb46707ebd76ff969d7,2025-10-04,Football_KeyNumberGuard_v1,52.5,20.0,,,0.0,0.0,0
6d9c7edbf2884eb46707ebd76ff969d7,2025-10-04,Football_LineMovement_v1,52.5,20.0,,,0.0,0.0,0
6d9c7edbf2884eb46707ebd76ff969d7,2025-10-04,Football_MarketBlend_v1,52.0,19.75,HOME,UNDER,0.25,-0.5,0.75
6d9c7edbf2884eb46707ebd76ff969d7,2025-10-04,Football_MarketConsensus_v1,52.5,20.0,,,0.0,0.0,0
6d9c7edbf2884eb46707ebd76ff969d7,2025-10-04,Football_SpreadValue_v1,52.5,19.25,HOME,,0.75,0.0,0.75
6d9c7edbf2884eb46707ebd76ff969d7,2025-10-04,Football_TotalValue_v1,51.5,20.0,,UNDER,0.0,-1.0,1.0
6dbd3546b178b91878131862fd719e1e,2026-09-12,Football_KeyNumberGuard_v1,44.5,9.5,,,0.0,0.0,0
6dbd3546b178b91878131862fd719e1e,2026-09-12,Football_LineMovement_v1,44.5,9.5,,,0.0,0.0,0
6dbd3546b178b91878131862fd719e1e,2026-09-12,Football_MarketBlend_v1,45.0,9.25,,OVER,0.25,0.5,0.75
6dbd3546b178b91878131862fd719e1e,2026-09-12,Football_MarketConsensus_v1,44.5,9.5,,,0.0,0.0,0
6dbd3546b178b91878131862fd719e1e,2026-09-12,Football_SpreadValue_v1,44.5,8.75,HOME,,0.75,0.0,0.75
6dbd3546b178b91878131862fd719e1e,2026-09-12,Football_TotalValue_v1,45.5,9.5,,OVER,0.0,1.0,1.0
6dd5d1c466d25617a69c046beb258b00,2026-09-13,Football_KeyNumberGuard_v1,51.5,4.25,,,0.0,0.0,0
6dd5d1c466d25617a69c046beb258b00,2026-09-13,Football_LineMovement_v1,51.5,4.25,,,0.0,0.0,0
6dd5d1c466d25617a69c046beb258b00,2026-09-13,Football_MarketBlend_v1,51.0,4.0,HOME,UNDER,0.25,-0.5,0.75
6dd5d1c466d25617a69c046beb258b00,2026-09-13,Football_MarketConsensus_v1,51.5,4.25,,,0.0,0.0,0
6dd5d1c466d25617a69c046beb258b00,2026-09-13,Football_SpreadValue_v1,51.5,3.5,HOME,,0.75,0.0,0.75
6dd5d1c466d25617a69c046beb258b00,2026-09-13,Football_TotalValue_v1,50.5,4.25,,UNDER,0.0,-1.0,1.0
6dd65fe376b5947e6b3e12f53e4f2f85,2025-10-04,Football_KeyNumberGuard_v1,41.5,-6.5,,,0.0,0.0,0
6dd65fe376b5947e6b3e12f53e4f2f85,2025-10-04,Football_LineMovement_v1,41.5,-6.5,,,0.0,0.0,0
6dd65fe376b5947e6b3e12f53e4f2f85,2025-10-04,Football_MarketBlend_v1,42.0,-6.25,,OVER,-0.25,0.5,0.75
6dd65fe376b5947e6b3e12f53e4f2f85,2025-10-04,Football_MarketConsensus_v1,41.5,-6.5,,,0.0,0.0,0
6dd65fe376b5947e6b3e12f53e4f2f85,2025-10-04,Football_SpreadValue_v1,41.5,-5.75,AWAY,,-0.75,0.0,0.75
6dd65fe376b5947e6b3e12f53e4f2f85,2025-10-04,Football_TotalValue_v1,42.5,-6.5,,OVER,0.0,1.0,1.0
6e02ca12a913adc7a3e54664fab9ec5f,2025-09-13,Football_KeyNumberGuard_v1,47.5,-27.5,,,0.0,0.0,0
6e02ca12a913adc7a3e54664fab9ec5f,2025-09-13,Football_LineMovement_v1,47.5,-27.5,,,0.0,0.0,0
6e02ca12a913adc7a3e54664fab9ec5f,2025-09-13,Football_MarketBlend_v1,47.0,-27.25,AWAY,UNDER,-0.25,-0.5,0.75
6e02ca12a913adc7a3e54664fab9ec5f,2025-09-13,Football_MarketConsensus_v1,47.5,-27.5,,,0.0,0.0,0
6e02ca12a913adc7a3e54664fab9ec5f,2025-09-13,Football_SpreadValue_v1,47.5,-26.75,AWAY,,-0.75,0.0,0.75
6e02ca12a913adc7a3e54664fab9ec5f,2025-09-13,Football_TotalValue_v1,46.5,-27.5,,UNDER,0.0,-1.0,1.0
6e03051c0aaf44c045e6aeee9a75cc6c,2025-11-22,Football_KeyNumberGuard_v1,68.5,21.5,,,0.0,0.0,0
6e03051c0aaf44c045e6aeee9a75cc6c,2025-11-22,Football_LineMovement_v1,68.5,21.5,,,0.0,0.0,0
6e03051c0aaf44c045e6aeee9a75cc6c,2025-11-22,Football_MarketBlend_v1,68.0,21.25,HOME,UNDER,0.25,-0.5,0.75
6e03051c0aaf44c045e6aeee9a75cc6c,2025-11-22,Football_MarketConsensus_v1,68.5,21.5,,,0.0,0.0,0
6e03051c0aaf44c045e6aeee9a75cc6c,2025-11-22,Football_SpreadValue_v1,68.5,20.75,HOME,,0.75,0.0,0.75
6e03051c0aaf44c045e6aeee9a75cc6c,2025-11-22,Football_TotalValue_v1,67.5,21.5,,UNDER,0.0,-1.0,1.0
6e0da65d6200a6d993ec698ac7b1cd57,2025-10-11,Football_KeyNumberGuard_v1,61.0,-11.0,,,0.0,0.0,0
6e0da65d6200a6d993ec698ac7b1cd57,2025-10-11,Football_LineMovement_v1,61.0,-11.0,,,0.0,0.0,0
6e0da65d6200a6d993ec698ac7b1cd57,2025-10-11,Football_MarketBlend_v1,60.5,-10.75,AWAY,UNDER,-0.25,-0.5,0.75
6e0da65d6200a6d993ec698ac7b1cd57,2025-10-11,Football_MarketConsensus_v1,61.0,-11.0,,,0.0,0.0,0
6e0da65d6200a6d993ec698ac7b1cd57,2025-10-11,Football_SpreadValue_v1,61.0,-10.25,AWAY,,-0.75,0.0,0.75
6e0da65d6200a6d993ec698ac7b1cd57,2025-10-11,Football_TotalValue_v1,60.0,-11.0,,UNDER,0.0,-1.0,1.0
6e207b3d856ec783cd789253121c4c47,2025-11-01,Football_KeyNumberGuard_v1,44.5,-2.5,,,0.0,0.0,0
6e207b3d856ec783cd789253121c4c47,2025-11-01,Football_LineMovement_v1,44.5,-2.5,,,0.0,0.0,0
6e207b3d856ec783cd789253121c4c47,2025-11-01,Football_MarketBlend_v1,45.0,-2.25,,OVER,-0.25,0.5,0.75
6e207b3d856ec783cd789253121c4c47,2025-11-01,Football_MarketConsensus_v1,44.5,-2.5,,,0.0,0.0,0
6e207b3d856ec783cd789253121c4c47,2025-11-01,Football_SpreadValue_v1,44.5,-1.75,AWAY,,-0.75,0.0,0.75
6e207b3d856ec783cd789253121c4c47,2025-11-01,Football_TotalValue_v1,45.5,-2.5,,OVER,0.0,1.0,1.0
6e308b5e56e38cfe79a4f6b4783e1bfc,2025-08-28,Football_KeyNumberGuard_v1,61.5,-14.0,,,0.0,0.0,0
6e308b5e56e38cfe79a4f6b4783e1bfc,2025-08-28,Football_LineMovement_v1,61.5,-14.0,,,0.0,0.0,0
6e308b5e56e38cfe79a4f6b4783e1bfc,2025-08-28,Football_MarketBlend_v1,61.0,-13.75,AWAY,UNDER,-0.25,-0.5,0.75
6e308b5e56e38cfe79a4f6b4783e1bfc,2025-08-28,Football_MarketConsensus_v1,61.5,-14.0,,,0.0,0.0,0
6e308b5e56e38cfe79a4f6b4783e1bfc,2025-08-28,Football_SpreadValue_v1,61.5,-13.25,AWAY,,-0.75,0.0,0.75
6e308b5e56e38cfe79a4f6b4783e1bfc,2025-08-28,Football_TotalValue_v1,60.5,-14.0,,UNDER,0.0,-1.0,1.0
6e373e2da501d8104f2162d0e2ca6e2d,2026-09-12,Football_KeyNumberGuard_v1,23.5,-1.5,,,0.0,0.0,0
6e373e2da501d8104f2162d0e2ca6e2d,2026-09-12,Football_LineMovement_v1,23.5,-1.5,,,0.0,0.0,0
6e373e2da501d8104f2162d0e2ca6e2d,2026-09-12,Football_MarketBlend_v1,24.0,-1.25,AWAY,OVER,-0.25,0.5,0.75
6e373e2da501d8104f2162d0e2ca6e2d,2026-09-12,Football_MarketConsensus_v1,23.5,-1.5,,,0.0,0.0,0
6e373e2da501d8104f2162d0e2ca6e2d,2026-09-12,Football_SpreadValue_v1,23.5,-0.75,AWAY,,-0.75,0.0,0.75
6e373e2da501d8104f2162d0e2ca6e2d,2026-09-12,Football_TotalValue_v1,24.5,-1.5,,OVER,0.0,1.0,1.0
6e781bfdb712f185fb1be983bc10af15,2026-09-12,Football_KeyNumberGuard_v1,48.5,-6.5,,,0.0,0.0,0
6e781bfdb712f185fb1be983bc10af15,2026-09-12,Football_LineMovement_v1,48.5,-6.5,,,0.0,0.0,0
6e781bfdb712f185fb1be983bc10af15,2026-09-12,Football_MarketBlend_v1,48.0,-6.25,,UNDER,-0.25,-0.5,0.75
6e781bfdb712f185fb1be983bc10af15,2026-09-12,Football_MarketConsensus_v1,48.5,-6.5,,,0.0,0.0,0
6e781bfdb712f185fb1be983bc10af15,2026-09-12,Football_SpreadValue_v1,48.5,-5.75,AWAY,,-0.75,0.0,0.75
6e781bfdb712f185fb1be983bc10af15,2026-09-12,Football_TotalValue_v1,47.5,-6.5,,UNDER,0.0,-1.0,1.0
6ecff78e16c9ff8b6ce3f165615a61cf,2025-11-15,Football_KeyNumberGuard_v1,62.5,-17.5,,,0.0,0.0,0
6ecff78e16c9ff8b6ce3f165615a61cf,2025-11-15,Football_LineMovement_v1,62.5,-17.5,,,0.0,0.0,0
6ecff78e16c9ff8b6ce3f165615a61cf,2025-11-15,Football_MarketBlend_v1,62.0,-17.25,AWAY,UNDER,-0.25,-0.5,0.75
6ecff78e16c9ff8b6ce3f165615a61cf,2025-11-15,Football_MarketConsensus_v1,62.5,-17.5,,,0.0,0.0,0
6ecff78e16c9ff8b6ce3f165615a61cf,2025-11-15,Football_SpreadValue_v1,62.5,-16.75,AWAY,,-0.75,0.0,0.75
6ecff78e16c9ff8b6ce3f165615a61cf,2025-11-15,Football_TotalValue_v1,61.5,-17.5,,UNDER,0.0,-1.0,1.0
6f1fb568ca7f6fa5adc55fb37e6cbf3b,2025-11-29,Football_KeyNumberGuard_v1,46.0,14.0,,,0.0,0.0,0
6f1fb568ca7f6fa5adc55fb37e6cbf3b,2025-11-29,Football_LineMovement_v1,46.0,14.0,,,0.0,0.0,0
6f1fb568ca7f6fa5adc55fb37e6cbf3b,2025-11-29,Football_MarketBlend_v1,45.5,13.75,HOME,UNDER,0.25,-0.5,0.75
6f1fb568ca7f6fa5adc55fb37e6cbf3b,2025-11-29,Football_MarketConsensus_v1,46.0,14.0,,,0.0,0.0,0
6f1fb568ca7f6fa5adc55fb37e6cbf3b,2025-11-29,Football_SpreadValue_v1,46.0,13.25,HOME,,0.75,0.0,0.75
6f1fb568ca7f6fa5adc55fb37e6cbf3b,2025-11-29,Football_TotalValue_v1,45.0,14.0,,UNDER,0.0,-1.0,1.0
6f364b2f9038410b7cfedad799afddfb,2025-12-31,Football_KeyNumberGuard_v1,50.75,-14.0,,,0.0,0.0,0
6f364b2f9038410b7cfedad799afddfb,2025-12-31,Football_LineMovement_v1,50.75,-14.0,,,0.0,0.0,0
6f364b2f9038410b7cfedad799afddfb,2025-12-31,Football_MarketBlend_v1,50.25,-13.75,AWAY,UNDER,-0.25,-0.5,0.75
6f364b2f9038410b7cfedad799afddfb,2025-12-31,Football_MarketConsensus_v1,50.75,-14.0,,,0.0,0.0,0
6f364b2f9038410b7cfedad799afddfb,2025-12-31,Football_SpreadValue_v1,50.75,-13.25,AWAY,,-0.75,0.0,0.75
6f364b2f9038410b7cfedad799afddfb,2025-12-31,Football_TotalValue_v1,49.75,-14.0,,UNDER,0.0,-1.0,1.0
6f47dd0ec1e77d03b09f973a889a9888,2025-09-06,Football_KeyNumberGuard_v1,53.5,-42.0,,,0.0,0.0,0
6f47dd0ec1e77d03b09f973a889a9888,2025-09-06,Football_LineMovement_v1,53.5,-42.0,,,0.0,0.0,0
6f47dd0ec1e77d03b09f973a889a9888,2025-09-06,Football_MarketBlend_v1,53.0,-41.75,AWAY,UNDER,-0.25,-0.5,0.75
6f47dd0ec1e77d03b09f973a889a9888,2025-09-06,Football_MarketConsensus_v1,53.5,-42.0,,,0.0,0.0,0
6f47dd0ec1e77d03b09f973a889a9888,2025-09-06,Football_SpreadValue_v1,53.5,-41.25,AWAY,,-0.75,0.0,0.75
6f47dd0ec1e77d03b09f973a889a9888,2025-09-06,Football_TotalValue_v1,52.5,-42.0,,UNDER,0.0,-1.0,1.0
6fa4662e90c67a085d8cceec802890f1,2025-11-22,Football_KeyNumberGuard_v1,47.5,-13.5,,,0.0,0.0,0
6fa4662e90c67a085d8cceec802890f1,2025-11-22,Football_LineMovement_v1,47.5,-13.5,,,0.0,0.0,0
6fa4662e90c67a085d8cceec802890f1,2025-11-22,Football_MarketBlend_v1,47.0,-13.25,AWAY,UNDER,-0.25,-0.5,0.75
6fa4662e90c67a085d8cceec802890f1,2025-11-22,Football_MarketConsensus_v1,47.5,-13.5,,,0.0,0.0,0
6fa4662e90c67a085d8cceec802890f1,2025-11-22,Football_SpreadValue_v1,47.5,-12.75,AWAY,,-0.75,0.0,0.75
6fa4662e90c67a085d8cceec802890f1,2025-11-22,Football_TotalValue_v1,46.5,-13.5,,UNDER,0.0,-1.0,1.0
7013b142407fdb3a33b73bb74b9f9955,2025-09-13,Football_KeyNumberGuard_v1,55.5,-42.5,,,0.0,0.0,0
7013b142407fdb3a33b73bb74b9f9955,2025-09-13,Football_LineMovement_v1,55.5,-42.5,,,0.0,0.0,0
7013b142407fdb3a33b73bb74b9f9955,2025-09-13,Football_MarketBlend_v1,55.0,-42.25,AWAY,UNDER,-0.25,-0.5,0.75
7013b142407fdb3a33b73bb74b9f9955,2025-09-13,Football_MarketConsensus_v1,55.5,-42.5,,,0.0,0.0,0
7013b142407fdb3a33b73bb74b9f9955,2025-09-13,Football_SpreadValue_v1,55.5,-41.75,AWAY,,-0.75,0.0,0.75
7013b142407fdb3a33b73bb74b9f9955,2025-09-13,Football_TotalValue_v1,54.5,-42.5,,UNDER,0.0,-1.0,1.0
703674067da3f80611ece581818f3863,2026-09-12,Football_KeyNumberGuard_v1,55.5,-13.0,,,0.0,0.0,0
703674067da3f80611ece581818f3863,2026-09-12,Football_LineMovement_v1,55.5,-13.0,,,0.0,0.0,0
703674067da3f80611ece581818f3863,2026-09-12,Football_MarketBlend_v1,55.0,-12.75,AWAY,UNDER,-0.25,-0.5,0.75
703674067da3f80611ece581818f3863,2026-09-12,Football_MarketConsensus_v1,55.5,-13.0,,,0.0,0.0,0
703674067da3f80611ece581818f3863,2026-09-12,Football_SpreadValue_v1,55.5,-12.25,AWAY,,-0.75,0.0,0.75
703674067da3f80611ece581818f3863,2026-09-12,Football_TotalValue_v1,54.5,-13.0,,UNDER,0.0,-1.0,1.0
7055717ca227bcf67daddfde8ce538d7,2025-09-13,Football_KeyNumberGuard_v1,51.0,4.5,,,0.0,0.0,0
7055717ca227bcf67daddfde8ce538d7,2025-09-13,Football_LineMovement_v1,51.0,4.5,,,0.0,0.0,0
7055717ca227bcf67daddfde8ce538d7,2025-09-13,Football_MarketBlend_v1,50.5,4.25,HOME,UNDER,0.25,-0.5,0.75
7055717ca227bcf67daddfde8ce538d7,2025-09-13,Football_MarketConsensus_v1,51.0,4.5,,,0.0,0.0,0
7055717ca227bcf67daddfde8ce538d7,2025-09-13,Football_SpreadValue_v1,51.0,3.75,HOME,,0.75,0.0,0.75
7055717ca227bcf67daddfde8ce538d7,2025-09-13,Football_TotalValue_v1,50.0,4.5,,UNDER,0.0,-1.0,1.0
7058d3392573bc5d3b2802b1c3cb8c34,2025-11-25,Football_KeyNumberGuard_v1,44.5,14.5,,,0.0,0.0,0
7058d3392573bc5d3b2802b1c3cb8c34,2025-11-25,Football_LineMovement_v1,44.5,14.5,,,0.0,0.0,0
7058d3392573bc5d3b2802b1c3cb8c34,2025-11-25,Football_MarketBlend_v1,45.0,14.25,HOME,OVER,0.25,0.5,0.75
7058d3392573bc5d3b2802b1c3cb8c34,2025-11-25,Football_MarketConsensus_v1,44.5,14.5,,,0.0,0.0,0
7058d3392573bc5d3b2802b1c3cb8c34,2025-11-25,Football_SpreadValue_v1,44.5,13.75,HOME,,0.75,0.0,0.75
7058d3392573bc5d3b2802b1c3cb8c34,2025-11-25,Football_TotalValue_v1,45.5,14.5,,OVER,0.0,1.0,1.0
70a4d83a64789d57f114b077a570ea27,2026-09-12,Football_KeyNumberGuard_v1,52.5,11.5,,,0.0,0.0,0
70a4d83a64789d57f114b077a570ea27,2026-09-12,Football_LineMovement_v1,52.5,11.5,,,0.0,0.0,0
70a4d83a64789d57f114b077a570ea27,2026-09-12,Football_MarketBlend_v1,52.0,11.25,HOME,UNDER,0.25,-0.5,0.75
70a4d83a64789d57f114b077a570ea27,2026-09-12,Football_MarketConsensus_v1,52.5,11.5,,,0.0,0.0,0
70a4d83a64789d57f114b077a570ea27,2026-09-12,Football_SpreadValue_v1,52.5,10.75,HOME,,0.75,0.0,0.75
70a4d83a64789d57f114b077a570ea27,2026-09-12,Football_TotalValue_v1,51.5,11.5,,UNDER,0.0,-1.0,1.0
70e137c2073f1c524e66e3d5c2cb3f1b,2025-10-04,Football_KeyNumberGuard_v1,53.0,4.0,,,0.0,0.0,0
70e137c2073f1c524e66e3d5c2cb3f1b,2025-10-04,Football_LineMovement_v1,53.0,4.0,,,0.0,0.0,0
70e137c2073f1c524e66e3d5c2cb3f1b,2025-10-04,Football_MarketBlend_v1,52.5,3.75,HOME,UNDER,0.25,-0.5,0.75
70e137c2073f1c524e66e3d5c2cb3f1b,2025-10-04,Football_MarketConsensus_v1,53.0,4.0,,,0.0,0.0,0
70e137c2073f1c524e66e3d5c2cb3f1b,2025-10-04,Football_SpreadValue_v1,53.0,3.25,HOME,,0.75,0.0,0.75
70e137c2073f1c524e66e3d5c2cb3f1b,2025-10-04,Football_TotalValue_v1,52.0,4.0,,UNDER,0.0,-1.0,1.0
71922a98a9b3e7e072bf9676e0470921,2025-11-29,Football_KeyNumberGuard_v1,56.5,-8.5,,,0.0,0.0,0
71922a98a9b3e7e072bf9676e0470921,2025-11-29,Football_LineMovement_v1,56.5,-8.5,,,0.0,0.0,0
71922a98a9b3e7e072bf9676e0470921,2025-11-29,Football_MarketBlend_v1,56.0,-8.25,AWAY,UNDER,-0.25,-0.5,0.75
71922a98a9b3e7e072bf9676e0470921,2025-11-29,Football_MarketConsensus_v1,56.5,-8.5,,,0.0,0.0,0
71922a98a9b3e7e072bf9676e0470921,2025-11-29,Football_SpreadValue_v1,56.5,-7.75,AWAY,,-0.75,0.0,0.75
71922a98a9b3e7e072bf9676e0470921,2025-11-29,Football_TotalValue_v1,55.5,-8.5,,UNDER,0.0,-1.0,1.0
71a02bb7a06ec61fbcc90614e1709887,2025-09-06,Football_KeyNumberGuard_v1,62.5,-54.5,,,0.0,0.0,0
71a02bb7a06ec61fbcc90614e1709887,2025-09-06,Football_LineMovement_v1,62.5,-54.5,,,0.0,0.0,0
71a02bb7a06ec61fbcc90614e1709887,2025-09-06,Football_MarketBlend_v1,62.0,-54.25,AWAY,UNDER,-0.25,-0.5,0.75
71a02bb7a06ec61fbcc90614e1709887,2025-09-06,Football_MarketConsensus_v1,62.5,-54.5,,,0.0,0.0,0
71a02bb7a06ec61fbcc90614e1709887,2025-09-06,Football_SpreadValue_v1,62.5,-53.75,AWAY,,-0.75,0.0,0.75
71a02bb7a06ec61fbcc90614e1709887,2025-09-06,Football_TotalValue_v1,61.5,-54.5,,UNDER,0.0,-1.0,1.0
7203b3b2119a74b5e3506cbba10db3ef,2026-01-02,Football_KeyNumberGuard_v1,55.5,-6.5,,,0.0,0.0,0
7203b3b2119a74b5e3506cbba10db3ef,2026-01-02,Football_LineMovement_v1,55.5,-6.5,,,0.0,0.0,0
7203b3b2119a74b5e3506cbba10db3ef,2026-01-02,Football_MarketBlend_v1,55.0,-6.25,,UNDER,-0.25,-0.5,0.75
7203b3b2119a74b5e3506cbba10db3ef,2026-01-02,Football_MarketConsensus_v1,55.5,-6.5,,,0.0,0.0,0
7203b3b2119a74b5e3506cbba10db3ef,2026-01-02,Football_SpreadValue_v1,55.5,-5.75,AWAY,,-0.75,0.0,0.75
7203b3b2119a74b5e3506cbba10db3ef,2026-01-02,Football_TotalValue_v1,54.5,-6.5,,UNDER,0.0,-1.0,1.0
7365ef8b298cbbef18e7d367fc33d0da,2026-09-12,Football_KeyNumberGuard_v1,66.5,-51.0,,,0.0,0.0,0
7365ef8b298cbbef18e7d367fc33d0da,2026-09-12,Football_LineMovement_v1,66.5,-51.0,,,0.0,0.0,0
7365ef8b298cbbef18e7d367fc33d0da,2026-09-12,Football_MarketBlend_v1,66.0,-50.75,AWAY,UNDER,-0.25,-0.5,0.75
7365ef8b298cbbef18e7d367fc33d0da,2026-09-12,Football_MarketConsensus_v1,66.5,-51.0,,,0.0,0.0,0
7365ef8b298cbbef18e7d367fc33d0da,2026-09-12,Football_SpreadValue_v1,66.5,-50.25,AWAY,,-0.75,0.0,0.75
7365ef8b298cbbef18e7d367fc33d0da,2026-09-12,Football_TotalValue_v1,65.5,-51.0,,UNDER,0.0,-1.0,1.0
73835ae319d1f5533c2322dc70375c77,2025-08-31,Football_KeyNumberGuard_v1,53.5,-19.5,,,0.0,0.0,0
73835ae319d1f5533c2322dc70375c77,2025-08-31,Football_LineMovement_v1,53.5,-19.5,,,0.0,0.0,0
73835ae319d1f5533c2322dc70375c77,2025-08-31,Football_MarketBlend_v1,53.0,-19.25,AWAY,UNDER,-0.25,-0.5,0.75
73835ae319d1f5533c2322dc70375c77,2025-08-31,Football_MarketConsensus_v1,53.5,-19.5,,,0.0,0.0,0
73835ae319d1f5533c2322dc70375c77,2025-08-31,Football_SpreadValue_v1,53.5,-18.75,AWAY,,-0.75,0.0,0.75
73835ae319d1f5533c2322dc70375c77,2025-08-31,Football_TotalValue_v1,52.5,-19.5,,UNDER,0.0,-1.0,1.0
73c36d76de852e49c6d45b557ce30928,2025-11-29,Football_KeyNumberGuard_v1,55.5,14.0,,,0.0,0.0,0
73c36d76de852e49c6d45b557ce30928,2025-11-29,Football_LineMovement_v1,55.5,14.0,,,0.0,0.0,0
73c36d76de852e49c6d45b557ce30928,2025-11-29,Football_MarketBlend_v1,55.0,13.75,HOME,UNDER,0.25,-0.5,0.75
73c36d76de852e49c6d45b557ce30928,2025-11-29,Football_MarketConsensus_v1,55.5,14.0,,,0.0,0.0,0
73c36d76de852e49c6d45b557ce30928,2025-11-29,Football_SpreadValue_v1,55.5,13.25,HOME,,0.75,0.0,0.75
73c36d76de852e49c6d45b557ce30928,2025-11-29,Football_TotalValue_v1,54.5,14.0,,UNDER,0.0,-1.0,1.0
746eede942625764b9f241da1ad51d66,2025-11-15,Football_KeyNumberGuard_v1,49.5,4.0,,,0.0,0.0,0
746eede942625764b9f241da1ad51d66,2025-11-15,Football_LineMovement_v1,49.5,4.0,,,0.0,0.0,0
746eede942625764b9f241da1ad51d66,2025-11-15,Football_MarketBlend_v1,49.0,3.75,HOME,UNDER,0.25,-0.5,0.75
746eede942625764b9f241da1ad51d66,2025-11-15,Football_MarketConsensus_v1,49.5,4.0,,,0.0,0.0,0
746eede942625764b9f241da1ad51d66,2025-11-15,Football_SpreadValue_v1,49.5,3.25,HOME,,0.75,0.0,0.75
746eede942625764b9f241da1ad51d66,2025-11-15,Football_TotalValue_v1,48.5,4.0,,UNDER,0.0,-1.0,1.0
7492442a7d4ea720e20334407be28836,2025-11-08,Football_KeyNumberGuard_v1,50.0,-12.5,,,0.0,0.0,0
7492442a7d4ea720e20334407be28836,2025-11-08,Football_LineMovement_v1,50.0,-12.5,,,0.0,0.0,0
7492442a7d4ea720e20334407be28836,2025-11-08,Football_MarketBlend_v1,49.5,-12.25,AWAY,UNDER,-0.25,-0.5,0.75
7492442a7d4ea720e20334407be28836,2025-11-08,Football_MarketConsensus_v1,50.0,-12.5,,,0.0,0.0,0
7492442a7d4ea720e20334407be28836,2025-11-08,Football_SpreadValue_v1,50.0,-11.75,AWAY,,-0.75,0.0,0.75
7492442a7d4ea720e20334407be28836,2025-11-08,Football_TotalValue_v1,49.0,-12.5,,UNDER,0.0,-1.0,1.0
752adb4a9d7012c1c0838961bffb7eec,2025-11-01,Football_KeyNumberGuard_v1,61.5,-10.5,,,0.0,0.0,0
752adb4a9d7012c1c0838961bffb7eec,2025-11-01,Football_LineMovement_v1,61.5,-10.5,,,0.0,0.0,0
752adb4a9d7012c1c0838961bffb7eec,2025-11-01,Football_MarketBlend_v1,61.0,-10.25,,UNDER,-0.25,-0.5,0.75
752adb4a9d7012c1c0838961bffb7eec,2025-11-01,Football_MarketConsensus_v1,61.5,-10.5,,,0.0,0.0,0
752adb4a9d7012c1c0838961bffb7eec,2025-11-01,Football_SpreadValue_v1,61.5,-9.75,AWAY,,-0.75,0.0,0.75
752adb4a9d7012c1c0838961bffb7eec,2025-11-01,Football_TotalValue_v1,60.5,-10.5,,UNDER,0.0,-1.0,1.0
759604e0d7cc42d57d5742459a0ff266,2025-11-01,Football_KeyNumberGuard_v1,66.5,-5.0,,,0.0,0.0,0
759604e0d7cc42d57d5742459a0ff266,2025-11-01,Football_LineMovement_v1,66.5,-5.0,,,0.0,0.0,0
759604e0d7cc42d57d5742459a0ff266,2025-11-01,Football_MarketBlend_v1,66.0,-4.75,AWAY,UNDER,-0.25,-0.5,0.75
759604e0d7cc42d57d5742459a0ff266,2025-11-01,Football_MarketConsensus_v1,66.5,-5.0,,,0.0,0.0,0
759604e0d7cc42d57d5742459a0ff266,2025-11-01,Football_SpreadValue_v1,66.5,-4.25,AWAY,,-0.75,0.0,0.75
759604e0d7cc42d57d5742459a0ff266,2025-11-01,Football_TotalValue_v1,65.5,-5.0,,UNDER,0.0,-1.0,1.0
75cd206b980e4155e21e3785bb9503f8,2025-10-19,Football_KeyNumberGuard_v1,54.0,17.5,,,0.0,0.0,0
75cd206b980e4155e21e3785bb9503f8,2025-10-19,Football_LineMovement_v1,54.0,17.5,,,0.0,0.0,0
75cd206b980e4155e21e3785bb9503f8,2025-10-19,Football_MarketBlend_v1,53.5,17.25,HOME,UNDER,0.25,-0.5,0.75
75cd206b980e4155e21e3785bb9503f8,2025-10-19,Football_MarketConsensus_v1,54.0,17.5,,,0.0,0.0,0
75cd206b980e4155e21e3785bb9503f8,2025-10-19,Football_SpreadValue_v1,54.0,16.75,HOME,,0.75,0.0,0.75
75cd206b980e4155e21e3785bb9503f8,2025-10-19,Football_TotalValue_v1,53.0,17.5,,UNDER,0.0,-1.0,1.0
75dcf3454fcec490600dd3a21ee0b1aa,2025-11-16,Football_KeyNumberGuard_v1,60.5,9.0,,,0.0,0.0,0
75dcf3454fcec490600dd3a21ee0b1aa,2025-11-16,Football_LineMovement_v1,60.5,9.0,,,0.0,0.0,0
75dcf3454fcec490600dd3a21ee0b1aa,2025-11-16,Football_MarketBlend_v1,60.0,8.75,HOME,UNDER,0.25,-0.5,0.75
75dcf3454fcec490600dd3a21ee0b1aa,2025-11-16,Football_MarketConsensus_v1,60.5,9.0,,,0.0,0.0,0
75dcf3454fcec490600dd3a21ee0b1aa,2025-11-16,Football_SpreadValue_v1,60.5,8.25,HOME,,0.75,0.0,0.75
75dcf3454fcec490600dd3a21ee0b1aa,2025-11-16,Football_TotalValue_v1,59.5,9.0,,UNDER,0.0,-1.0,1.0
7634f8df416fbdbf3f700c4fcaa4b03a,2025-10-18,Football_KeyNumberGuard_v1,59.0,-9.5,,,0.0,0.0,0
7634f8df416fbdbf3f700c4fcaa4b03a,2025-10-18,Football_LineMovement_v1,59.0,-9.5,,,0.0,0.0,0
7634f8df416fbdbf3f700c4fcaa4b03a,2025-10-18,Football_MarketBlend_v1,58.5,-9.25,,UNDER,-0.25,-0.5,0.75
7634f8df416fbdbf3f700c4fcaa4b03a,2025-10-18,Football_MarketConsensus_v1,59.0,-9.5,,,0.0,0.0,0
7634f8df416fbdbf3f700c4fcaa4b03a,2025-10-18,Football_SpreadValue_v1,59.0,-8.75,AWAY,,-0.75,0.0,0.75
7634f8df416fbdbf3f700c4fcaa4b03a,2025-10-18,Football_TotalValue_v1,58.0,-9.5,,UNDER,0.0,-1.0,1.0
7648558d15898b0c5a9006655091fc11,2025-10-04,Football_KeyNumberGuard_v1,57.0,-17.5,,,0.0,0.0,0
7648558d15898b0c5a9006655091fc11,2025-10-04,Football_LineMovement_v1,57.0,-17.5,,,0.0,0.0,0
7648558d15898b0c5a9006655091fc11,2025-10-04,Football_MarketBlend_v1,56.5,-17.25,AWAY,UNDER,-0.25,-0.5,0.75
7648558d15898b0c5a9006655091fc11,2025-10-04,Football_MarketConsensus_v1,57.0,-17.5,,,0.0,0.0,0
7648558d15898b0c5a9006655091fc11,2025-10-04,Football_SpreadValue_v1,57.0,-16.75,AWAY,,-0.75,0.0,0.75
7648558d15898b0c5a9006655091fc11,2025-10-04,Football_TotalValue_v1,56.0,-17.5,,UNDER,0.0,-1.0,1.0
7658b924afd85474454c6b96f1fde759,2025-08-29,Football_KeyNumberGuard_v1,54.5,-26.5,,,0.0,0.0,0
7658b924afd85474454c6b96f1fde759,2025-08-29,Football_LineMovement_v1,54.5,-26.5,,,0.0,0.0,0
7658b924afd85474454c6b96f1fde759,2025-08-29,Football_MarketBlend_v1,54.0,-26.25,AWAY,UNDER,-0.25,-0.5,0.75
7658b924afd85474454c6b96f1fde759,2025-08-29,Football_MarketConsensus_v1,54.5,-26.5,,,0.0,0.0,0
7658b924afd85474454c6b96f1fde759,2025-08-29,Football_SpreadValue_v1,54.5,-25.75,AWAY,,-0.75,0.0,0.75
7658b924afd85474454c6b96f1fde759,2025-08-29,Football_TotalValue_v1,53.5,-26.5,,UNDER,0.0,-1.0,1.0
7678978564e7c8a1d1913f8c1d4463e5,2026-01-01,Football_KeyNumberGuard_v1,47.5,-7.0,,,0.0,0.0,0
7678978564e7c8a1d1913f8c1d4463e5,2026-01-01,Football_LineMovement_v1,47.5,-7.0,,,0.0,0.0,0
7678978564e7c8a1d1913f8c1d4463e5,2026-01-01,Football_MarketBlend_v1,47.0,-6.75,,UNDER,-0.25,-0.5,0.75
7678978564e7c8a1d1913f8c1d4463e5,2026-01-01,Football_MarketConsensus_v1,47.5,-7.0,,,0.0,0.0,0
7678978564e7c8a1d1913f8c1d4463e5,2026-01-01,Football_SpreadValue_v1,47.5,-6.25,AWAY,,-0.75,0.0,0.75
7678978564e7c8a1d1913f8c1d4463e5,2026-01-01,Football_TotalValue_v1,46.5,-7.0,,UNDER,0.0,-1.0,1.0
768fd5137a06619d87538d884eddbcc8,2025-09-06,Football_KeyNumberGuard_v1,47.5,-28.5,,,0.0,0.0,0
768fd5137a06619d87538d884eddbcc8,2025-09-06,Football_LineMovement_v1,47.5,-28.5,,,0.0,0.0,0
768fd5137a06619d87538d884eddbcc8,2025-09-06,Football_MarketBlend_v1,47.0,-28.25,AWAY,UNDER,-0.25,-0.5,0.75
768fd5137a06619d87538d884eddbcc8,2025-09-06,Football_MarketConsensus_v1,47.5,-28.5,,,0.0,0.0,0
768fd5137a06619d87538d884eddbcc8,2025-09-06,Football_SpreadValue_v1,47.5,-27.75,AWAY,,-0.75,0.0,0.75
768fd5137a06619d87538d884eddbcc8,2025-09-06,Football_TotalValue_v1,46.5,-28.5,,UNDER,0.0,-1.0,1.0
76916d758d1a2bc57d840d9d1c63aaa3,2025-11-28,Football_KeyNumberGuard_v1,39.5,6.0,,,0.0,0.0,0
76916d758d1a2bc57d840d9d1c63aaa3,2025-11-28,Football_LineMovement_v1,39.5,6.0,,,0.0,0.0,0
76916d758d1a2bc57d840d9d1c63aaa3,2025-11-28,Football_MarketBlend_v1,40.0,5.75,HOME,OVER,0.25,0.5,0.75
76916d758d1a2bc57d840d9d1c63aaa3,2025-11-28,Football_MarketConsensus_v1,39.5,6.0,,,0.0,0.0,0
76916d758d1a2bc57d840d9d1c63aaa3,2025-11-28,Football_SpreadValue_v1,39.5,5.25,HOME,,0.75,0.0,0.75
76916d758d1a2bc57d840d9d1c63aaa3,2025-11-28,Football_TotalValue_v1,40.5,6.0,,OVER,0.0,1.0,1.0
769239155fdcf442b46fd841cc830644,2025-09-13,Football_KeyNumberGuard_v1,55.0,-25.0,,,0.0,0.0,0
769239155fdcf442b46fd841cc830644,2025-09-13,Football_LineMovement_v1,55.0,-25.0,,,0.0,0.0,0
769239155fdcf442b46fd841cc830644,2025-09-13,Football_MarketBlend_v1,54.5,-24.75,AWAY,UNDER,-0.25,-0.5,0.75
769239155fdcf442b46fd841cc830644,2025-09-13,Football_MarketConsensus_v1,55.0,-25.0,,,0.0,0.0,0
769239155fdcf442b46fd841cc830644,2025-09-13,Football_SpreadValue_v1,55.0,-24.25,AWAY,,-0.75,0.0,0.75
769239155fdcf442b46fd841cc830644,2025-09-13,Football_TotalValue_v1,54.0,-25.0,,UNDER,0.0,-1.0,1.0
76fa944a050adddb7c2cb6e4c4d38d6b,2025-09-14,Football_KeyNumberGuard_v1,50.5,-37.0,,,0.0,0.0,0
76fa944a050adddb7c2cb6e4c4d38d6b,2025-09-14,Football_LineMovement_v1,50.5,-37.0,,,0.0,0.0,0
76fa944a050adddb7c2cb6e4c4d38d6b,2025-09-14,Football_MarketBlend_v1,50.0,-36.75,AWAY,UNDER,-0.25,-0.5,0.75
76fa944a050adddb7c2cb6e4c4d38d6b,2025-09-14,Football_MarketConsensus_v1,50.5,-37.0,,,0.0,0.0,0
76fa944a050adddb7c2cb6e4c4d38d6b,2025-09-14,Football_SpreadValue_v1,50.5,-36.25,AWAY,,-0.75,0.0,0.75
76fa944a050adddb7c2cb6e4c4d38d6b,2025-09-14,Football_TotalValue_v1,49.5,-37.0,,UNDER,0.0,-1.0,1.0
77658b71d1a453dde664a6dac3e3aee5,2025-09-13,Football_KeyNumberGuard_v1,59.5,20.5,,,0.0,0.0,0
77658b71d1a453dde664a6dac3e3aee5,2025-09-13,Football_LineMovement_v1,59.5,20.5,,,0.0,0.0,0
77658b71d1a453dde664a6dac3e3aee5,2025-09-13,Football_MarketBlend_v1,59.0,20.25,HOME,UNDER,0.25,-0.5,0.75
77658b71d1a453dde664a6dac3e3aee5,2025-09-13,Football_MarketConsensus_v1,59.5,20.5,,,0.0,0.0,0
77658b71d1a453dde664a6dac3e3aee5,2025-09-13,Football_SpreadValue_v1,59.5,19.75,HOME,,0.75,0.0,0.75
77658b71d1a453dde664a6dac3e3aee5,2025-09-13,Football_TotalValue_v1,58.5,20.5,,UNDER,0.0,-1.0,1.0
7812e5178fa6fc42110523dcc932684b,2025-09-06,Football_KeyNumberGuard_v1,38.5,13.5,,,0.0,0.0,0
7812e5178fa6fc42110523dcc932684b,2025-09-06,Football_LineMovement_v1,38.5,13.5,,,0.0,0.0,0
7812e5178fa6fc42110523dcc932684b,2025-09-06,Football_MarketBlend_v1,39.0,13.25,HOME,OVER,0.25,0.5,0.75
7812e5178fa6fc42110523dcc932684b,2025-09-06,Football_MarketConsensus_v1,38.5,13.5,,,0.0,0.0,0
7812e5178fa6fc42110523dcc932684b,2025-09-06,Football_SpreadValue_v1,38.5,12.75,HOME,,0.75,0.0,0.75
7812e5178fa6fc42110523dcc932684b,2025-09-06,Football_TotalValue_v1,39.5,13.5,,OVER,0.0,1.0,1.0
786dd84b9d3aa51537d4ed4bf0ebb6a1,2025-11-09,Football_KeyNumberGuard_v1,52.5,-9.5,,,0.0,0.0,0
786dd84b9d3aa51537d4ed4bf0ebb6a1,2025-11-09,Football_LineMovement_v1,52.5,-9.5,,,0.0,0.0,0
786dd84b9d3aa51537d4ed4bf0ebb6a1,2025-11-09,Football_MarketBlend_v1,52.0,-9.25,,UNDER,-0.25,-0.5,0.75
786dd84b9d3aa51537d4ed4bf0ebb6a1,2025-11-09,Football_MarketConsensus_v1,52.5,-9.5,,,0.0,0.0,0
786dd84b9d3aa51537d4ed4bf0ebb6a1,2025-11-09,Football_SpreadValue_v1,52.5,-8.75,AWAY,,-0.75,0.0,0.75
786dd84b9d3aa51537d4ed4bf0ebb6a1,2025-11-09,Football_TotalValue_v1,51.5,-9.5,,UNDER,0.0,-1.0,1.0
78936f1a11027877e00987e31cdb240a,2025-12-06,Football_KeyNumberGuard_v1,51.5,-1.5,,,0.0,0.0,0
78936f1a11027877e00987e31cdb240a,2025-12-06,Football_LineMovement_v1,51.5,-1.5,,,0.0,0.0,0
78936f1a11027877e00987e31cdb240a,2025-12-06,Football_MarketBlend_v1,51.5,-1.5,,,0.0,0.0,0
78936f1a11027877e00987e31cdb240a,2025-12-06,Football_MarketConsensus_v1,51.5,-1.5,,,0.0,0.0,0
78936f1a11027877e00987e31cdb240a,2025-12-06,Football_SpreadValue_v1,51.5,-1.5,,,0.0,0.0,0
78936f1a11027877e00987e31cdb240a,2025-12-06,Football_TotalValue_v1,51.5,-1.5,,,0.0,0.0,0
793c5f3c22499efa9d6968b2bccfad4c,2025-08-31,Football_KeyNumberGuard_v1,52.5,-29.25,,,0.0,0.0,0
793c5f3c22499efa9d6968b2bccfad4c,2025-08-31,Football_LineMovement_v1,52.5,-29.25,,,0.0,0.0,0
793c5f3c22499efa9d6968b2bccfad4c,2025-08-31,Football_MarketBlend_v1,52.0,-29.0,AWAY,UNDER,-0.25,-0.5,0.75
793c5f3c22499efa9d6968b2bccfad4c,2025-08-31,Football_MarketConsensus_v1,52.5,-29.25,,,0.0,0.0,0
793c5f3c22499efa9d6968b2bccfad4c,2025-08-31,Football_SpreadValue_v1,52.5,-28.5,AWAY,,-0.75,0.0,0.75
793c5f3c22499efa9d6968b2bccfad4c,2025-08-31,Football_TotalValue_v1,51.5,-29.25,,UNDER,0.0,-1.0,1.0
79503d71656345e764cb595a53aeb4f8,2025-11-08,Football_KeyNumberGuard_v1,46.5,-1.0,,,0.0,0.0,0
79503d71656345e764cb595a53aeb4f8,2025-11-08,Football_LineMovement_v1,46.5,-1.0,,,0.0,0.0,0
79503d71656345e764cb595a53aeb4f8,2025-11-08,Football_MarketBlend_v1,46.0,-0.75,AWAY,UNDER,-0.25,-0.5,0.75
79503d71656345e764cb595a53aeb4f8,2025-11-08,Football_MarketConsensus_v1,46.5,-1.0,,,0.0,0.0,0
79503d71656345e764cb595a53aeb4f8,2025-11-08,Football_SpreadValue_v1,46.5,-0.25,AWAY,,-0.75,0.0,0.75
79503d71656345e764cb595a53aeb4f8,2025-11-08,Football_TotalValue_v1,45.5,-1.0,,UNDER,0.0,-1.0,1.0
79975b63437cb1b2a9d06d3b63150977,2025-11-30,Football_KeyNumberGuard_v1,48.5,-4.0,,,0.0,0.0,0
79975b63437cb1b2a9d06d3b63150977,2025-11-30,Football_LineMovement_v1,48.5,-4.0,,,0.0,0.0,0
79975b63437cb1b2a9d06d3b63150977,2025-11-30,Football_MarketBlend_v1,48.0,-3.75,AWAY,UNDER,-0.25,-0.5,0.75
79975b63437cb1b2a9d06d3b63150977,2025-11-30,Football_MarketConsensus_v1,48.5,-4.0,,,0.0,0.0,0
79975b63437cb1b2a9d06d3b63150977,2025-11-30,Football_SpreadValue_v1,48.5,-3.25,AWAY,,-0.75,0.0,0.75
79975b63437cb1b2a9d06d3b63150977,2025-11-30,Football_TotalValue_v1,47.5,-4.0,,UNDER,0.0,-1.0,1.0
79e3a2057511c8c7faff696a65ad00a5,2025-09-20,Football_KeyNumberGuard_v1,51.5,-8.75,,,0.0,0.0,0
79e3a2057511c8c7faff696a65ad00a5,2025-09-20,Football_LineMovement_v1,51.5,-8.75,,,0.0,0.0,0
79e3a2057511c8c7faff696a65ad00a5,2025-09-20,Football_MarketBlend_v1,51.0,-8.5,AWAY,UNDER,-0.25,-0.5,0.75
79e3a2057511c8c7faff696a65ad00a5,2025-09-20,Football_MarketConsensus_v1,51.5,-8.75,,,0.0,0.0,0
79e3a2057511c8c7faff696a65ad00a5,2025-09-20,Football_SpreadValue_v1,51.5,-8.0,AWAY,,-0.75,0.0,0.75
79e3a2057511c8c7faff696a65ad00a5,2025-09-20,Football_TotalValue_v1,50.5,-8.75,,UNDER,0.0,-1.0,1.0
79f01f984b254490779e3ed91fae3ab7,2025-10-18,Football_KeyNumberGuard_v1,43.5,1.0,,,0.0,0.0,0
79f01f984b254490779e3ed91fae3ab7,2025-10-18,Football_LineMovement_v1,43.5,1.0,,,0.0,0.0,0
79f01f984b254490779e3ed91fae3ab7,2025-10-18,Football_MarketBlend_v1,44.0,0.75,HOME,OVER,0.25,0.5,0.75
79f01f984b254490779e3ed91fae3ab7,2025-10-18,Football_MarketConsensus_v1,43.5,1.0,,,0.0,0.0,0
79f01f984b254490779e3ed91fae3ab7,2025-10-18,Football_SpreadValue_v1,43.5,0.25,HOME,,0.75,0.0,0.75
79f01f984b254490779e3ed91fae3ab7,2025-10-18,Football_TotalValue_v1,44.5,1.0,,OVER,0.0,1.0,1.0
7a78c246bb38d32c3238724e57051b15,2026-09-13,Football_KeyNumberGuard_v1,47.5,2.0,,,0.0,0.0,0
7a78c246bb38d32c3238724e57051b15,2026-09-13,Football_LineMovement_v1,47.5,2.0,,,0.0,0.0,0
7a78c246bb38d32c3238724e57051b15,2026-09-13,Football_MarketBlend_v1,47.0,1.75,HOME,UNDER,0.25,-0.5,0.75
7a78c246bb38d32c3238724e57051b15,2026-09-13,Football_MarketConsensus_v1,47.5,2.0,,,0.0,0.0,0
7a78c246bb38d32c3238724e57051b15,2026-09-13,Football_SpreadValue_v1,47.5,1.25,HOME,,0.75,0.0,0.75
7a78c246bb38d32c3238724e57051b15,2026-09-13,Football_TotalValue_v1,46.5,2.0,,UNDER,0.0,-1.0,1.0
7a898acd2cc5f139754fd615d5d03b5b,2025-09-27,Football_KeyNumberGuard_v1,54.5,-3.0,,,0.0,0.0,0
7a898acd2cc5f139754fd615d5d03b5b,2025-09-27,Football_LineMovement_v1,54.5,-3.0,,,0.0,0.0,0
7a898acd2cc5f139754fd615d5d03b5b,2025-09-27,Football_MarketBlend_v1,54.0,-2.75,,UNDER,-0.25,-0.5,0.75
7a898acd2cc5f139754fd615d5d03b5b,2025-09-27,Football_MarketConsensus_v1,54.5,-3.0,,,0.0,0.0,0
7a898acd2cc5f139754fd615d5d03b5b,2025-09-27,Football_SpreadValue_v1,54.5,-2.25,AWAY,,-0.75,0.0,0.75
7a898acd2cc5f139754fd615d5d03b5b,2025-09-27,Football_TotalValue_v1,53.5,-3.0,,UNDER,0.0,-1.0,1.0
7aed5f886c986b97e83d23faa060e65d,2025-08-30,Football_KeyNumberGuard_v1,48.5,-21.5,,,0.0,0.0,0
7aed5f886c986b97e83d23faa060e65d,2025-08-30,Football_LineMovement_v1,48.5,-21.5,,,0.0,0.0,0
7aed5f886c986b97e83d23faa060e65d,2025-08-30,Football_MarketBlend_v1,48.0,-21.25,AWAY,UNDER,-0.25,-0.5,0.75
7aed5f886c986b97e83d23faa060e65d,2025-08-30,Football_MarketConsensus_v1,48.5,-21.5,,,0.0,0.0,0
7aed5f886c986b97e83d23faa060e65d,2025-08-30,Football_SpreadValue_v1,48.5,-20.75,AWAY,,-0.75,0.0,0.75
7aed5f886c986b97e83d23faa060e65d,2025-08-30,Football_TotalValue_v1,47.5,-21.5,,UNDER,0.0,-1.0,1.0
7be66ff7eb8a7b2aaeb7f3d4d2e8806a,2025-10-18,Football_KeyNumberGuard_v1,50.0,-3.5,,,0.0,0.0,0
7be66ff7eb8a7b2aaeb7f3d4d2e8806a,2025-10-18,Football_LineMovement_v1,50.0,-3.5,,,0.0,0.0,0
7be66ff7eb8a7b2aaeb7f3d4d2e8806a,2025-10-18,Football_MarketBlend_v1,49.5,-3.25,,UNDER,-0.25,-0.5,0.75
7be66ff7eb8a7b2aaeb7f3d4d2e8806a,2025-10-18,Football_MarketConsensus_v1,50.0,-3.5,,,0.0,0.0,0
7be66ff7eb8a7b2aaeb7f3d4d2e8806a,2025-10-18,Football_SpreadValue_v1,50.0,-2.75,AWAY,,-0.75,0.0,0.75
7be66ff7eb8a7b2aaeb7f3d4d2e8806a,2025-10-18,Football_TotalValue_v1,49.0,-3.5,,UNDER,0.0,-1.0,1.0
7bf7e3851e7ac12cd6fe2f8ec3b795da,2025-10-04,Football_KeyNumberGuard_v1,51.0,-13.0,,,0.0,0.0,0
7bf7e3851e7ac12cd6fe2f8ec3b795da,2025-10-04,Football_LineMovement_v1,51.0,-13.0,,,0.0,0.0,0
7bf7e3851e7ac12cd6fe2f8ec3b795da,2025-10-04,Football_MarketBlend_v1,50.5,-12.75,AWAY,UNDER,-0.25,-0.5,0.75
7bf7e3851e7ac12cd6fe2f8ec3b795da,2025-10-04,Football_MarketConsensus_v1,51.0,-13.0,,,0.0,0.0,0
7bf7e3851e7ac12cd6fe2f8ec3b795da,2025-10-04,Football_SpreadValue_v1,51.0,-12.25,AWAY,,-0.75,0.0,0.75
7bf7e3851e7ac12cd6fe2f8ec3b795da,2025-10-04,Football_TotalValue_v1,50.0,-13.0,,UNDER,0.0,-1.0,1.0
7d21808c0d39ffee98aaef9aaf4fc226,2025-10-09,Football_KeyNumberGuard_v1,53.5,-6.5,,,0.0,0.0,0
7d21808c0d39ffee98aaef9aaf4fc226,2025-10-09,Football_LineMovement_v1,53.5,-6.5,,,0.0,0.0,0
7d21808c0d39ffee98aaef9aaf4fc226,2025-10-09,Football_MarketBlend_v1,53.0,-6.25,,UNDER,-0.25,-0.5,0.75
7d21808c0d39ffee98aaef9aaf4fc226,2025-10-09,Football_MarketConsensus_v1,53.5,-6.5,,,0.0,0.0,0
7d21808c0d39ffee98aaef9aaf4fc226,2025-10-09,Football_SpreadValue_v1,53.5,-5.75,AWAY,,-0.75,0.0,0.75
7d21808c0d39ffee98aaef9aaf4fc226,2025-10-09,Football_TotalValue_v1,52.5,-6.5,,UNDER,0.0,-1.0,1.0
7d42c9f08d93cc592f5540348561ddb3,2025-10-18,Football_KeyNumberGuard_v1,41.0,-3.0,,,0.0,0.0,0
7d42c9f08d93cc592f5540348561ddb3,2025-10-18,Football_LineMovement_v1,41.0,-3.0,,,0.0,0.0,0
7d42c9f08d93cc592f5540348561ddb3,2025-10-18,Football_MarketBlend_v1,41.5,-2.75,,OVER,-0.25,0.5,0.75
7d42c9f08d93cc592f5540348561ddb3,2025-10-18,Football_MarketConsensus_v1,41.0,-3.0,,,0.0,0.0,0
7d42c9f08d93cc592f5540348561ddb3,2025-10-18,Football_SpreadValue_v1,41.0,-2.25,AWAY,,-0.75,0.0,0.75
7d42c9f08d93cc592f5540348561ddb3,2025-10-18,Football_TotalValue_v1,42.0,-3.0,,OVER,0.0,1.0,1.0
7d7ebd0ca1068c66f895b2c1d9c346e9,2025-12-17,Football_KeyNumberGuard_v1,49.5,-1.0,,,0.0,0.0,0
7d7ebd0ca1068c66f895b2c1d9c346e9,2025-12-17,Football_LineMovement_v1,49.5,-1.0,,,0.0,0.0,0
7d7ebd0ca1068c66f895b2c1d9c346e9,2025-12-17,Football_MarketBlend_v1,49.0,-0.75,AWAY,UNDER,-0.25,-0.5,0.75
7d7ebd0ca1068c66f895b2c1d9c346e9,2025-12-17,Football_MarketConsensus_v1,49.5,-1.0,,,0.0,0.0,0
7d7ebd0ca1068c66f895b2c1d9c346e9,2025-12-17,Football_SpreadValue_v1,49.5,-0.25,AWAY,,-0.75,0.0,0.75
7d7ebd0ca1068c66f895b2c1d9c346e9,2025-12-17,Football_TotalValue_v1,48.5,-1.0,,UNDER,0.0,-1.0,1.0
7d83d246bcce48aa3d7f9d047999af1e,2025-11-15,Football_KeyNumberGuard_v1,48.0,-23.5,,,0.0,0.0,0
7d83d246bcce48aa3d7f9d047999af1e,2025-11-15,Football_LineMovement_v1,48.0,-23.5,,,0.0,0.0,0
7d83d246bcce48aa3d7f9d047999af1e,2025-11-15,Football_MarketBlend_v1,47.5,-23.25,AWAY,UNDER,-0.25,-0.5,0.75
7d83d246bcce48aa3d7f9d047999af1e,2025-11-15,Football_MarketConsensus_v1,48.0,-23.5,,,0.0,0.0,0
7d83d246bcce48aa3d7f9d047999af1e,2025-11-15,Football_SpreadValue_v1,48.0,-22.75,AWAY,,-0.75,0.0,0.75
7d83d246bcce48aa3d7f9d047999af1e,2025-11-15,Football_TotalValue_v1,47.0,-23.5,,UNDER,0.0,-1.0,1.0
7db3948dca2ce84a47459a94c61db2ce,2025-11-22,Football_KeyNumberGuard_v1,59.5,-54.5,,,0.0,0.0,0
7db3948dca2ce84a47459a94c61db2ce,2025-11-22,Football_LineMovement_v1,59.5,-54.5,,,0.0,0.0,0
7db3948dca2ce84a47459a94c61db2ce,2025-11-22,Football_MarketBlend_v1,59.0,-54.25,AWAY,UNDER,-0.25,-0.5,0.75
7db3948dca2ce84a47459a94c61db2ce,2025-11-22,Football_MarketConsensus_v1,59.5,-54.5,,,0.0,0.0,0
7db3948dca2ce84a47459a94c61db2ce,2025-11-22,Football_SpreadValue_v1,59.5,-53.75,AWAY,,-0.75,0.0,0.75
7db3948dca2ce84a47459a94c61db2ce,2025-11-22,Football_TotalValue_v1,58.5,-54.5,,UNDER,0.0,-1.0,1.0
7e7fec9c9790702ee91c2bb9ab777e76,2025-09-06,Football_KeyNumberGuard_v1,46.5,-23.5,,,0.0,0.0,0
7e7fec9c9790702ee91c2bb9ab777e76,2025-09-06,Football_LineMovement_v1,46.5,-23.5,,,0.0,0.0,0
7e7fec9c9790702ee91c2bb9ab777e76,2025-09-06,Football_MarketBlend_v1,46.0,-23.25,AWAY,UNDER,-0.25,-0.5,0.75
7e7fec9c9790702ee91c2bb9ab777e76,2025-09-06,Football_MarketConsensus_v1,46.5,-23.5,,,0.0,0.0,0
7e7fec9c9790702ee91c2bb9ab777e76,2025-09-06,Football_SpreadValue_v1,46.5,-22.75,AWAY,,-0.75,0.0,0.75
7e7fec9c9790702ee91c2bb9ab777e76,2025-09-06,Football_TotalValue_v1,45.5,-23.5,,UNDER,0.0,-1.0,1.0
7e95ef7ef16d33001afdc50fb9afab63,2025-10-25,Football_KeyNumberGuard_v1,60.5,11.5,,,0.0,0.0,0
7e95ef7ef16d33001afdc50fb9afab63,2025-10-25,Football_LineMovement_v1,60.5,11.5,,,0.0,0.0,0
7e95ef7ef16d33001afdc50fb9afab63,2025-10-25,Football_MarketBlend_v1,60.0,11.25,HOME,UNDER,0.25,-0.5,0.75
7e95ef7ef16d33001afdc50fb9afab63,2025-10-25,Football_MarketConsensus_v1,60.5,11.5,,,0.0,0.0,0
7e95ef7ef16d33001afdc50fb9afab63,2025-10-25,Football_SpreadValue_v1,60.5,10.75,HOME,,0.75,0.0,0.75
7e95ef7ef16d33001afdc50fb9afab63,2025-10-25,Football_TotalValue_v1,59.5,11.5,,UNDER,0.0,-1.0,1.0
7f01fac9e7dd5dc973c84b4af0b12b16,2025-11-05,Football_KeyNumberGuard_v1,49.5,-10.0,,,0.0,0.0,0
7f01fac9e7dd5dc973c84b4af0b12b16,2025-11-05,Football_LineMovement_v1,49.5,-10.0,,,0.0,0.0,0
7f01fac9e7dd5dc973c84b4af0b12b16,2025-11-05,Football_MarketBlend_v1,49.0,-9.75,,UNDER,-0.25,-0.5,0.75
7f01fac9e7dd5dc973c84b4af0b12b16,2025-11-05,Football_MarketConsensus_v1,49.5,-10.0,,,0.0,0.0,0
7f01fac9e7dd5dc973c84b4af0b12b16,2025-11-05,Football_SpreadValue_v1,49.5,-9.25,AWAY,,-0.75,0.0,0.75
7f01fac9e7dd5dc973c84b4af0b12b16,2025-11-05,Football_TotalValue_v1,48.5,-10.0,,UNDER,0.0,-1.0,1.0
7f074836c751b9fe50b994520f000181,2025-10-25,Football_KeyNumberGuard_v1,55.5,16.0,,,0.0,0.0,0
7f074836c751b9fe50b994520f000181,2025-10-25,Football_LineMovement_v1,55.5,16.0,,,0.0,0.0,0
7f074836c751b9fe50b994520f000181,2025-10-25,Football_MarketBlend_v1,55.0,15.75,HOME,UNDER,0.25,-0.5,0.75
7f074836c751b9fe50b994520f000181,2025-10-25,Football_MarketConsensus_v1,55.5,16.0,,,0.0,0.0,0
7f074836c751b9fe50b994520f000181,2025-10-25,Football_SpreadValue_v1,55.5,15.25,HOME,,0.75,0.0,0.75
7f074836c751b9fe50b994520f000181,2025-10-25,Football_TotalValue_v1,54.5,16.0,,UNDER,0.0,-1.0,1.0
7f636a75f0da1a1241c63faefda1b2bc,2025-11-15,Football_KeyNumberGuard_v1,58.0,-3.0,,,0.0,0.0,0
7f636a75f0da1a1241c63faefda1b2bc,2025-11-15,Football_LineMovement_v1,58.0,-3.0,,,0.0,0.0,0
7f636a75f0da1a1241c63faefda1b2bc,2025-11-15,Football_MarketBlend_v1,57.5,-2.75,,UNDER,-0.25,-0.5,0.75
7f636a75f0da1a1241c63faefda1b2bc,2025-11-15,Football_MarketConsensus_v1,58.0,-3.0,,,0.0,0.0,0
7f636a75f0da1a1241c63faefda1b2bc,2025-11-15,Football_SpreadValue_v1,58.0,-2.25,AWAY,,-0.75,0.0,0.75
7f636a75f0da1a1241c63faefda1b2bc,2025-11-15,Football_TotalValue_v1,57.0,-3.0,,UNDER,0.0,-1.0,1.0
7f71f4ba886e8f1f4855dad0152ca08e,2025-11-30,Football_KeyNumberGuard_v1,58.5,-21.5,,,0.0,0.0,0
7f71f4ba886e8f1f4855dad0152ca08e,2025-11-30,Football_LineMovement_v1,58.5,-21.5,,,0.0,0.0,0
7f71f4ba886e8f1f4855dad0152ca08e,2025-11-30,Football_MarketBlend_v1,58.0,-21.25,AWAY,UNDER,-0.25,-0.5,0.75
7f71f4ba886e8f1f4855dad0152ca08e,2025-11-30,Football_MarketConsensus_v1,58.5,-21.5,,,0.0,0.0,0
7f71f4ba886e8f1f4855dad0152ca08e,2025-11-30,Football_SpreadValue_v1,58.5,-20.75,AWAY,,-0.75,0.0,0.75
7f71f4ba886e8f1f4855dad0152ca08e,2025-11-30,Football_TotalValue_v1,57.5,-21.5,,UNDER,0.0,-1.0,1.0
7f8f24a59d3218a96bb68c20dbc593de,2025-11-08,Football_KeyNumberGuard_v1,50.5,14.0,,,0.0,0.0,0
7f8f24a59d3218a96bb68c20dbc593de,2025-11-08,Football_LineMovement_v1,50.5,14.0,,,0.0,0.0,0
7f8f24a59d3218a96bb68c20dbc593de,2025-11-08,Football_MarketBlend_v1,50.0,13.75,HOME,UNDER,0.25,-0.5,0.75
7f8f24a59d3218a96bb68c20dbc593de,2025-11-08,Football_MarketConsensus_v1,50.5,14.0,,,0.0,0.0,0
7f8f24a59d3218a96bb68c20dbc593de,2025-11-08,Football_SpreadValue_v1,50.5,13.25,HOME,,0.75,0.0,0.75
7f8f24a59d3218a96bb68c20dbc593de,2025-11-08,Football_TotalValue_v1,49.5,14.0,,UNDER,0.0,-1.0,1.0
7fd2b35cdf431bfdacae0b428f1b8550,2025-09-06,Football_KeyNumberGuard_v1,65.0,-4.5,,,0.0,0.0,0
7fd2b35cdf431bfdacae0b428f1b8550,2025-09-06,Football_LineMovement_v1,65.0,-4.5,,,0.0,0.0,0
7fd2b35cdf431bfdacae0b428f1b8550,2025-09-06,Football_MarketBlend_v1,64.5,-4.25,AWAY,UNDER,-0.25,-0.5,0.75
7fd2b35cdf431bfdacae0b428f1b8550,2025-09-06,Football_MarketConsensus_v1,65.0,-4.5,,,0.0,0.0,0
7fd2b35cdf431bfdacae0b428f1b8550,2025-09-06,Football_SpreadValue_v1,65.0,-3.75,AWAY,,-0.75,0.0,0.75
7fd2b35cdf431bfdacae0b428f1b8550,2025-09-06,Football_TotalValue_v1,64.0,-4.5,,UNDER,0.0,-1.0,1.0
803607925bbb470049b655d113c0ad5d,2025-10-18,Football_KeyNumberGuard_v1,46.5,15.5,,,0.0,0.0,0
803607925bbb470049b655d113c0ad5d,2025-10-18,Football_LineMovement_v1,46.5,15.5,,,0.0,0.0,0
803607925bbb470049b655d113c0ad5d,2025-10-18,Football_MarketBlend_v1,46.0,15.25,HOME,UNDER,0.25,-0.5,0.75
803607925bbb470049b655d113c0ad5d,2025-10-18,Football_MarketConsensus_v1,46.5,15.5,,,0.0,0.0,0
803607925bbb470049b655d113c0ad5d,2025-10-18,Football_SpreadValue_v1,46.5,14.75,HOME,,0.75,0.0,0.75
803607925bbb470049b655d113c0ad5d,2025-10-18,Football_TotalValue_v1,45.5,15.5,,UNDER,0.0,-1.0,1.0
80be7099edd5c7bdd8543513a959d509,2025-10-09,Football_KeyNumberGuard_v1,46.5,5.5,,,0.0,0.0,0
80be7099edd5c7bdd8543513a959d509,2025-10-09,Football_LineMovement_v1,46.5,5.5,,,0.0,0.0,0
80be7099edd5c7bdd8543513a959d509,2025-10-09,Football_MarketBlend_v1,46.0,5.25,HOME,UNDER,0.25,-0.5,0.75
80be7099edd5c7bdd8543513a959d509,2025-10-09,Football_MarketConsensus_v1,46.5,5.5,,,0.0,0.0,0
80be7099edd5c7bdd8543513a959d509,2025-10-09,Football_SpreadValue_v1,46.5,4.75,HOME,,0.75,0.0,0.75
80be7099edd5c7bdd8543513a959d509,2025-10-09,Football_TotalValue_v1,45.5,5.5,,UNDER,0.0,-1.0,1.0
80f3010fb9711b746dc8ebab53fe7c47,2025-08-30,Football_KeyNumberGuard_v1,48.5,-37.5,,,0.0,0.0,0
80f3010fb9711b746dc8ebab53fe7c47,2025-08-30,Football_LineMovement_v1,48.5,-37.5,,,0.0,0.0,0
80f3010fb9711b746dc8ebab53fe7c47,2025-08-30,Football_MarketBlend_v1,48.0,-37.25,AWAY,UNDER,-0.25,-0.5,0.75
80f3010fb9711b746dc8ebab53fe7c47,2025-08-30,Football_MarketConsensus_v1,48.5,-37.5,,,0.0,0.0,0
80f3010fb9711b746dc8ebab53fe7c47,2025-08-30,Football_SpreadValue_v1,48.5,-36.75,AWAY,,-0.75,0.0,0.75
80f3010fb9711b746dc8ebab53fe7c47,2025-08-30,Football_TotalValue_v1,47.5,-37.5,,UNDER,0.0,-1.0,1.0
80fb909a58417752399944b7c3ad9a90,2025-10-11,Football_KeyNumberGuard_v1,59.5,-14.0,,,0.0,0.0,0
80fb909a58417752399944b7c3ad9a90,2025-10-11,Football_LineMovement_v1,59.5,-14.0,,,0.0,0.0,0
80fb909a58417752399944b7c3ad9a90,2025-10-11,Football_MarketBlend_v1,59.0,-13.75,AWAY,UNDER,-0.25,-0.5,0.75
80fb909a58417752399944b7c3ad9a90,2025-10-11,Football_MarketConsensus_v1,59.5,-14.0,,,0.0,0.0,0
80fb909a58417752399944b7c3ad9a90,2025-10-11,Football_SpreadValue_v1,59.5,-13.25,AWAY,,-0.75,0.0,0.75
80fb909a58417752399944b7c3ad9a90,2025-10-11,Football_TotalValue_v1,58.5,-14.0,,UNDER,0.0,-1.0,1.0
812bace34e4d06fa48911a30e8b6acf8,2025-10-30,Football_KeyNumberGuard_v1,54.5,6.0,,,0.0,0.0,0
812bace34e4d06fa48911a30e8b6acf8,2025-10-30,Football_LineMovement_v1,54.5,6.0,,,0.0,0.0,0
812bace34e4d06fa48911a30e8b6acf8,2025-10-30,Football_MarketBlend_v1,54.0,5.75,HOME,UNDER,0.25,-0.5,0.75
812bace34e4d06fa48911a30e8b6acf8,2025-10-30,Football_MarketConsensus_v1,54.5,6.0,,,0.0,0.0,0
812bace34e4d06fa48911a30e8b6acf8,2025-10-30,Football_SpreadValue_v1,54.5,5.25,HOME,,0.75,0.0,0.75
812bace34e4d06fa48911a30e8b6acf8,2025-10-30,Football_TotalValue_v1,53.5,6.0,,UNDER,0.0,-1.0,1.0
8162cc38b88546a32110dee7af01cb60,2025-09-21,Football_KeyNumberGuard_v1,47.0,14.0,,,0.0,0.0,0
8162cc38b88546a32110dee7af01cb60,2025-09-21,Football_LineMovement_v1,47.0,14.0,,,0.0,0.0,0
8162cc38b88546a32110dee7af01cb60,2025-09-21,Football_MarketBlend_v1,46.5,13.75,HOME,UNDER,0.25,-0.5,0.75
8162cc38b88546a32110dee7af01cb60,2025-09-21,Football_MarketConsensus_v1,47.0,14.0,,,0.0,0.0,0
8162cc38b88546a32110dee7af01cb60,2025-09-21,Football_SpreadValue_v1,47.0,13.25,HOME,,0.75,0.0,0.75
8162cc38b88546a32110dee7af01cb60,2025-09-21,Football_TotalValue_v1,46.0,14.0,,UNDER,0.0,-1.0,1.0
81975f3dd4ec47b2bbd4e39edbe91815,2025-09-21,Football_KeyNumberGuard_v1,56.5,-32.5,,,0.0,0.0,0
81975f3dd4ec47b2bbd4e39edbe91815,2025-09-21,Football_LineMovement_v1,56.5,-32.5,,,0.0,0.0,0
81975f3dd4ec47b2bbd4e39edbe91815,2025-09-21,Football_MarketBlend_v1,56.0,-32.25,AWAY,UNDER,-0.25,-0.5,0.75
81975f3dd4ec47b2bbd4e39edbe91815,2025-09-21,Football_MarketConsensus_v1,56.5,-32.5,,,0.0,0.0,0
81975f3dd4ec47b2bbd4e39edbe91815,2025-09-21,Football_SpreadValue_v1,56.5,-31.75,AWAY,,-0.75,0.0,0.75
81975f3dd4ec47b2bbd4e39edbe91815,2025-09-21,Football_TotalValue_v1,55.5,-32.5,,UNDER,0.0,-1.0,1.0
81a0b8c7652008629139781d76b75ef8,2025-10-04,Football_KeyNumberGuard_v1,55.5,-1.5,,,0.0,0.0,0
81a0b8c7652008629139781d76b75ef8,2025-10-04,Football_LineMovement_v1,55.5,-1.5,,,0.0,0.0,0
81a0b8c7652008629139781d76b75ef8,2025-10-04,Football_MarketBlend_v1,55.0,-1.25,AWAY,UNDER,-0.25,-0.5,0.75
81a0b8c7652008629139781d76b75ef8,2025-10-04,Football_MarketConsensus_v1,55.5,-1.5,,,0.0,0.0,0
81a0b8c7652008629139781d76b75ef8,2025-10-04,Football_SpreadValue_v1,55.5,-0.75,AWAY,,-0.75,0.0,0.75
81a0b8c7652008629139781d76b75ef8,2025-10-04,Football_TotalValue_v1,54.5,-1.5,,UNDER,0.0,-1.0,1.0
825ab37366030db2e15565370bfc0104,2025-12-06,Football_KeyNumberGuard_v1,43.5,-2.0,,,0.0,0.0,0
825ab37366030db2e15565370bfc0104,2025-12-06,Football_LineMovement_v1,43.5,-2.0,,,0.0,0.0,0
825ab37366030db2e15565370bfc0104,2025-12-06,Football_MarketBlend_v1,44.0,-1.75,AWAY,OVER,-0.25,0.5,0.75
825ab37366030db2e15565370bfc0104,2025-12-06,Football_MarketConsensus_v1,43.5,-2.0,,,0.0,0.0,0
825ab37366030db2e15565370bfc0104,2025-12-06,Football_SpreadValue_v1,43.5,-1.25,AWAY,,-0.75,0.0,0.75
825ab37366030db2e15565370bfc0104,2025-12-06,Football_TotalValue_v1,44.5,-2.0,,OVER,0.0,1.0,1.0
8288a19f634bebb4d5d03b9ead0a77fd,2025-09-28,Football_KeyNumberGuard_v1,48.0,2.0,,,0.0,0.0,0
8288a19f634bebb4d5d03b9ead0a77fd,2025-09-28,Football_LineMovement_v1,48.0,2.0,,,0.0,0.0,0
8288a19f634bebb4d5d03b9ead0a77fd,2025-09-28,Football_MarketBlend_v1,47.5,1.75,HOME,UNDER,0.25,-0.5,0.75
8288a19f634bebb4d5d03b9ead0a77fd,2025-09-28,Football_MarketConsensus_v1,48.0,2.0,,,0.0,0.0,0
8288a19f634bebb4d5d03b9ead0a77fd,2025-09-28,Football_SpreadValue_v1,48.0,1.25,HOME,,0.75,0.0,0.75
8288a19f634bebb4d5d03b9ead0a77fd,2025-09-28,Football_TotalValue_v1,47.0,2.0,,UNDER,0.0,-1.0,1.0
82a0730f5bc12bc2bd0b3e77b2e6d343,2025-09-06,Football_KeyNumberGuard_v1,58.5,-21.0,,,0.0,0.0,0
82a0730f5bc12bc2bd0b3e77b2e6d343,2025-09-06,Football_LineMovement_v1,58.5,-21.0,,,0.0,0.0,0
82a0730f5bc12bc2bd0b3e77b2e6d343,2025-09-06,Football_MarketBlend_v1,58.0,-20.75,AWAY,UNDER,-0.25,-0.5,0.75
82a0730f5bc12bc2bd0b3e77b2e6d343,2025-09-06,Football_MarketConsensus_v1,58.5,-21.0,,,0.0,0.0,0
82a0730f5bc12bc2bd0b3e77b2e6d343,2025-09-06,Football_SpreadValue_v1,58.5,-20.25,AWAY,,-0.75,0.0,0.75
82a0730f5bc12bc2bd0b3e77b2e6d343,2025-09-06,Football_TotalValue_v1,57.5,-21.0,,UNDER,0.0,-1.0,1.0
82b43016aa3e0c0a524320b9e9830678,2025-10-18,Football_KeyNumberGuard_v1,48.5,11.5,,,0.0,0.0,0
82b43016aa3e0c0a524320b9e9830678,2025-10-18,Football_LineMovement_v1,48.5,11.5,,,0.0,0.0,0
82b43016aa3e0c0a524320b9e9830678,2025-10-18,Football_MarketBlend_v1,48.0,11.25,HOME,UNDER,0.25,-0.5,0.75
82b43016aa3e0c0a524320b9e9830678,2025-10-18,Football_MarketConsensus_v1,48.5,11.5,,,0.0,0.0,0
82b43016aa3e0c0a524320b9e9830678,2025-10-18,Football_SpreadValue_v1,48.5,10.75,HOME,,0.75,0.0,0.75
82b43016aa3e0c0a524320b9e9830678,2025-10-18,Football_TotalValue_v1,47.5,11.5,,UNDER,0.0,-1.0,1.0
82b83ec87fc2be5faa2e9f26ac50edef,2026-10-10,Football_KeyNumberGuard_v1,48.0,6.5,,,0.0,0.0,0
82b83ec87fc2be5faa2e9f26ac50edef,2026-10-10,Football_LineMovement_v1,48.0,6.5,,,0.0,0.0,0
82b83ec87fc2be5faa2e9f26ac50edef,2026-10-10,Football_MarketBlend_v1,48.0,6.5,,,0.0,0.0,0
82b83ec87fc2be5faa2e9f26ac50edef,2026-10-10,Football_MarketConsensus_v1,48.0,6.5,,,0.0,0.0,0
82b83ec87fc2be5faa2e9f26ac50edef,2026-10-10,Football_SpreadValue_v1,48.0,6.5,,,0.0,0.0,0
82b83ec87fc2be5faa2e9f26ac50edef,2026-10-10,Football_TotalValue_v1,48.0,6.5,,,0.0,0.0,0
835d0fbb20287ee86ac00d5f3fa3b3b6,2025-09-14,Football_KeyNumberGuard_v1,52.5,-1.5,,,0.0,0.0,0
835d0fbb20287ee86ac00d5f3fa3b3b6,2025-09-14,Football_LineMovement_v1,52.5,-1.5,,,0.0,0.0,0
835d0fbb20287ee86ac00d5f3fa3b3b6,2025-09-14,Football_MarketBlend_v1,52.0,-1.25,AWAY,UNDER,-0.25,-0.5,0.75
835d0fbb20287ee86ac00d5f3fa3b3b6,2025-09-14,Football_MarketConsensus_v1,52.5,-1.5,,,0.0,0.0,0
835d0fbb20287ee86ac00d5f3fa3b3b6,2025-09-14,Football_SpreadValue_v1,52.5,-0.75,AWAY,,-0.75,0.0,0.75
835d0fbb20287ee86ac00d5f3fa3b3b6,2025-09-14,Football_TotalValue_v1,51.5,-1.5,,UNDER,0.0,-1.0,1.0
84461d5f585c397b4fd2214191faa0df,2025-11-19,Football_KeyNumberGuard_v1,38.5,6.5,,,0.0,0.0,0
84461d5f585c397b4fd2214191faa0df,2025-11-19,Football_LineMovement_v1,38.5,6.5,,,0.0,0.0,0
84461d5f585c397b4fd2214191faa0df,2025-11-19,Football_MarketBlend_v1,39.0,6.25,,OVER,0.25,0.5,0.75
84461d5f585c397b4fd2214191faa0df,2025-11-19,Football_MarketConsensus_v1,38.5,6.5,,,0.0,0.0,0
84461d5f585c397b4fd2214191faa0df,2025-11-19,Football_SpreadValue_v1,38.5,5.75,HOME,,0.75,0.0,0.75
84461d5f585c397b4fd2214191faa0df,2025-11-19,Football_TotalValue_v1,39.5,6.5,,OVER,0.0,1.0,1.0
8449c7b1e25714e79347f84dd4676d29,2025-12-28,Football_KeyNumberGuard_v1,43.5,-4.0,,,0.0,0.0,0
8449c7b1e25714e79347f84dd4676d29,2025-12-28,Football_LineMovement_v1,43.5,-4.0,,,0.0,0.0,0
8449c7b1e25714e79347f84dd4676d29,2025-12-28,Football_MarketBlend_v1,44.0,-3.75,AWAY,OVER,-0.25,0.5,0.75
8449c7b1e25714e79347f84dd4676d29,2025-12-28,Football_MarketConsensus_v1,43.5,-4.0,,,0.0,0.0,0
8449c7b1e25714e79347f84dd4676d29,2025-12-28,Football_SpreadValue_v1,43.5,-3.25,AWAY,,-0.75,0.0,0.75
8449c7b1e25714e79347f84dd4676d29,2025-12-28,Football_TotalValue_v1,44.5,-4.0,,OVER,0.0,1.0,1.0
846163dd682584dccfd473a3e19ab98a,2025-09-06,Football_KeyNumberGuard_v1,45.5,-3.5,,,0.0,0.0,0
846163dd682584dccfd473a3e19ab98a,2025-09-06,Football_LineMovement_v1,45.5,-3.5,,,0.0,0.0,0
846163dd682584dccfd473a3e19ab98a,2025-09-06,Football_MarketBlend_v1,45.0,-3.25,,UNDER,-0.25,-0.5,0.75
846163dd682584dccfd473a3e19ab98a,2025-09-06,Football_MarketConsensus_v1,45.5,-3.5,,,0.0,0.0,0
846163dd682584dccfd473a3e19ab98a,2025-09-06,Football_SpreadValue_v1,45.5,-2.75,AWAY,,-0.75,0.0,0.75
846163dd682584dccfd473a3e19ab98a,2025-09-06,Football_TotalValue_v1,44.5,-3.5,,UNDER,0.0,-1.0,1.0
84ae085a96a7a0b18f00587c6136884f,2025-09-20,Football_KeyNumberGuard_v1,63.5,-6.5,,,0.0,0.0,0
84ae085a96a7a0b18f00587c6136884f,2025-09-20,Football_LineMovement_v1,63.5,-6.5,,,0.0,0.0,0
84ae085a96a7a0b18f00587c6136884f,2025-09-20,Football_MarketBlend_v1,63.0,-6.25,,UNDER,-0.25,-0.5,0.75
84ae085a96a7a0b18f00587c6136884f,2025-09-20,Football_MarketConsensus_v1,63.5,-6.5,,,0.0,0.0,0
84ae085a96a7a0b18f00587c6136884f,2025-09-20,Football_SpreadValue_v1,63.5,-5.75,AWAY,,-0.75,0.0,0.75
84ae085a96a7a0b18f00587c6136884f,2025-09-20,Football_TotalValue_v1,62.5,-6.5,,UNDER,0.0,-1.0,1.0
84b736e35a7f73afa8b8c938c65169af,2025-09-13,Football_KeyNumberGuard_v1,58.75,-3.0,,,0.0,0.0,0
84b736e35a7f73afa8b8c938c65169af,2025-09-13,Football_LineMovement_v1,58.75,-3.0,,,0.0,0.0,0
84b736e35a7f73afa8b8c938c65169af,2025-09-13,Football_MarketBlend_v1,58.25,-2.75,,UNDER,-0.25,-0.5,0.75
84b736e35a7f73afa8b8c938c65169af,2025-09-13,Football_MarketConsensus_v1,58.75,-3.0,,,0.0,0.0,0
84b736e35a7f73afa8b8c938c65169af,2025-09-13,Football_SpreadValue_v1,58.75,-2.25,AWAY,,-0.75,0.0,0.75
84b736e35a7f73afa8b8c938c65169af,2025-09-13,Football_TotalValue_v1,57.75,-3.0,,UNDER,0.0,-1.0,1.0
851e2c80e37b4bc2a49538ea658fce35,2025-09-06,Football_KeyNumberGuard_v1,48.0,-21.5,,,0.0,0.0,0
851e2c80e37b4bc2a49538ea658fce35,2025-09-06,Football_LineMovement_v1,48.0,-21.5,,,0.0,0.0,0
851e2c80e37b4bc2a49538ea658fce35,2025-09-06,Football_MarketBlend_v1,47.5,-21.25,AWAY,UNDER,-0.25,-0.5,0.75
851e2c80e37b4bc2a49538ea658fce35,2025-09-06,Football_MarketConsensus_v1,48.0,-21.5,,,0.0,0.0,0
851e2c80e37b4bc2a49538ea658fce35,2025-09-06,Football_SpreadValue_v1,48.0,-20.75,AWAY,,-0.75,0.0,0.75
851e2c80e37b4bc2a49538ea658fce35,2025-09-06,Football_TotalValue_v1,47.0,-21.5,,UNDER,0.0,-1.0,1.0
855b4b7959efc4b7309d16b8b17dd708,2025-12-06,Football_KeyNumberGuard_v1,60.5,2.5,,,0.0,0.0,0
855b4b7959efc4b7309d16b8b17dd708,2025-12-06,Football_LineMovement_v1,60.5,2.5,,,0.0,0.0,0
855b4b7959efc4b7309d16b8b17dd708,2025-12-06,Football_MarketBlend_v1,60.0,2.25,,UNDER,0.25,-0.5,0.75
855b4b7959efc4b7309d16b8b17dd708,2025-12-06,Football_MarketConsensus_v1,60.5,2.5,,,0.0,0.0,0
855b4b7959efc4b7309d16b8b17dd708,2025-12-06,Football_SpreadValue_v1,60.5,1.75,HOME,,0.75,0.0,0.75
855b4b7959efc4b7309d16b8b17dd708,2025-12-06,Football_TotalValue_v1,59.5,2.5,,UNDER,0.0,-1.0,1.0
8573ff0ded9e7d3ed63b1179a615e847,2025-11-08,Football_KeyNumberGuard_v1,57.0,-28.5,,,0.0,0.0,0
8573ff0ded9e7d3ed63b1179a615e847,2025-11-08,Football_LineMovement_v1,57.0,-28.5,,,0.0,0.0,0
8573ff0ded9e7d3ed63b1179a615e847,2025-11-08,Football_MarketBlend_v1,56.5,-28.25,AWAY,UNDER,-0.25,-0.5,0.75
8573ff0ded9e7d3ed63b1179a615e847,2025-11-08,Football_MarketConsensus_v1,57.0,-28.5,,,0.0,0.0,0
8573ff0ded9e7d3ed63b1179a615e847,2025-11-08,Football_SpreadValue_v1,57.0,-27.75,AWAY,,-0.75,0.0,0.75
8573ff0ded9e7d3ed63b1179a615e847,2025-11-08,Football_TotalValue_v1,56.0,-28.5,,UNDER,0.0,-1.0,1.0
857f26585f6083c7cfc300026e647ee6,2025-09-20,Football_KeyNumberGuard_v1,56.5,-45.0,,,0.0,0.0,0
857f26585f6083c7cfc300026e647ee6,2025-09-20,Football_LineMovement_v1,56.5,-45.0,,,0.0,0.0,0
857f26585f6083c7cfc300026e647ee6,2025-09-20,Football_MarketBlend_v1,56.0,-44.75,AWAY,UNDER,-0.25,-0.5,0.75
857f26585f6083c7cfc300026e647ee6,2025-09-20,Football_MarketConsensus_v1,56.5,-45.0,,,0.0,0.0,0
857f26585f6083c7cfc300026e647ee6,2025-09-20,Football_SpreadValue_v1,56.5,-44.25,AWAY,,-0.75,0.0,0.75
857f26585f6083c7cfc300026e647ee6,2025-09-20,Football_TotalValue_v1,55.5,-45.0,,UNDER,0.0,-1.0,1.0
863c5961ee2ec9ffac32398c75e5dcbe,2025-10-04,Football_KeyNumberGuard_v1,58.0,6.5,,,0.0,0.0,0
863c5961ee2ec9ffac32398c75e5dcbe,2025-10-04,Football_LineMovement_v1,58.0,6.5,,,0.0,0.0,0
863c5961ee2ec9ffac32398c75e5dcbe,2025-10-04,Football_MarketBlend_v1,57.5,6.25,,UNDER,0.25,-0.5,0.75
863c5961ee2ec9ffac32398c75e5dcbe,2025-10-04,Football_MarketConsensus_v1,58.0,6.5,,,0.0,0.0,0
863c5961ee2ec9ffac32398c75e5dcbe,2025-10-04,Football_SpreadValue_v1,58.0,5.75,HOME,,0.75,0.0,0.75
863c5961ee2ec9ffac32398c75e5dcbe,2025-10-04,Football_TotalValue_v1,57.0,6.5,,UNDER,0.0,-1.0,1.0
866521b3fc18961377dedbd68ae46b50,2025-11-22,Football_KeyNumberGuard_v1,45.5,-1.0,,,0.0,0.0,0
866521b3fc18961377dedbd68ae46b50,2025-11-22,Football_LineMovement_v1,45.5,-1.0,,,0.0,0.0,0
866521b3fc18961377dedbd68ae46b50,2025-11-22,Football_MarketBlend_v1,45.0,-0.75,AWAY,UNDER,-0.25,-0.5,0.75
866521b3fc18961377dedbd68ae46b50,2025-11-22,Football_MarketConsensus_v1,45.5,-1.0,,,0.0,0.0,0
866521b3fc18961377dedbd68ae46b50,2025-11-22,Football_SpreadValue_v1,45.5,-0.25,AWAY,,-0.75,0.0,0.75
866521b3fc18961377dedbd68ae46b50,2025-11-22,Football_TotalValue_v1,44.5,-1.0,,UNDER,0.0,-1.0,1.0
86b2f11373631509f973bd3e72f5732d,2025-12-13,Football_KeyNumberGuard_v1,38.5,-6.5,,,0.0,0.0,0
86b2f11373631509f973bd3e72f5732d,2025-12-13,Football_LineMovement_v1,38.5,-6.5,,,0.0,0.0,0
86b2f11373631509f973bd3e72f5732d,2025-12-13,Football_MarketBlend_v1,39.0,-6.25,,OVER,-0.25,0.5,0.75
86b2f11373631509f973bd3e72f5732d,2025-12-13,Football_MarketConsensus_v1,38.5,-6.5,,,0.0,0.0,0
86b2f11373631509f973bd3e72f5732d,2025-12-13,Football_SpreadValue_v1,38.5,-5.75,AWAY,,-0.75,0.0,0.75
86b2f11373631509f973bd3e72f5732d,2025-12-13,Football_TotalValue_v1,39.5,-6.5,,OVER,0.0,1.0,1.0
86e379d366206903056d0d15997dd756,2025-10-25,Football_KeyNumberGuard_v1,52.5,5.5,,,0.0,0.0,0
86e379d366206903056d0d15997dd756,2025-10-25,Football_LineMovement_v1,52.5,5.5,,,0.0,0.0,0
86e379d366206903056d0d15997dd756,2025-10-25,Football_MarketBlend_v1,52.0,5.25,HOME,UNDER,0.25,-0.5,0.75
86e379d366206903056d0d15997dd756,2025-10-25,Football_MarketConsensus_v1,52.5,5.5,,,0.0,0.0,0
86e379d366206903056d0d15997dd756,2025-10-25,Football_SpreadValue_v1,52.5,4.75,HOME,,0.75,0.0,0.75
86e379d366206903056d0d15997dd756,2025-10-25,Football_TotalValue_v1,51.5,5.5,,UNDER,0.0,-1.0,1.0
87560b54fbd2c136a9a342f90fc8c447,2025-11-22,Football_KeyNumberGuard_v1,63.5,2.0,,,0.0,0.0,0
87560b54fbd2c136a9a342f90fc8c447,2025-11-22,Football_LineMovement_v1,63.5,2.0,,,0.0,0.0,0
87560b54fbd2c136a9a342f90fc8c447,2025-11-22,Football_MarketBlend_v1,63.0,1.75,HOME,UNDER,0.25,-0.5,0.75
87560b54fbd2c136a9a342f90fc8c447,2025-11-22,Football_MarketConsensus_v1,63.5,2.0,,,0.0,0.0,0
87560b54fbd2c136a9a342f90fc8c447,2025-11-22,Football_SpreadValue_v1,63.5,1.25,HOME,,0.75,0.0,0.75
87560b54fbd2c136a9a342f90fc8c447,2025-11-22,Football_TotalValue_v1,62.5,2.0,,UNDER,0.0,-1.0,1.0
875846e5665b70d5469951f3fcb7882c,2025-09-13,Football_KeyNumberGuard_v1,49.5,-9.5,,,0.0,0.0,0
875846e5665b70d5469951f3fcb7882c,2025-09-13,Football_LineMovement_v1,49.5,-9.5,,,0.0,0.0,0
875846e5665b70d5469951f3fcb7882c,2025-09-13,Football_MarketBlend_v1,49.0,-9.25,,UNDER,-0.25,-0.5,0.75
875846e5665b70d5469951f3fcb7882c,2025-09-13,Football_MarketConsensus_v1,49.5,-9.5,,,0.0,0.0,0
875846e5665b70d5469951f3fcb7882c,2025-09-13,Football_SpreadValue_v1,49.5,-8.75,AWAY,,-0.75,0.0,0.75
875846e5665b70d5469951f3fcb7882c,2025-09-13,Football_TotalValue_v1,48.5,-9.5,,UNDER,0.0,-1.0,1.0
87fe86f5fa1edd149d6cc5f8bcb82be2,2025-12-06,Football_KeyNumberGuard_v1,49.5,-12.5,,,0.0,0.0,0
87fe86f5fa1edd149d6cc5f8bcb82be2,2025-12-06,Football_LineMovement_v1,49.5,-12.5,,,0.0,0.0,0
87fe86f5fa1edd149d6cc5f8bcb82be2,2025-12-06,Football_MarketBlend_v1,49.0,-12.25,AWAY,UNDER,-0.25,-0.5,0.75
87fe86f5fa1edd149d6cc5f8bcb82be2,2025-12-06,Football_MarketConsensus_v1,49.5,-12.5,,,0.0,0.0,0
87fe86f5fa1edd149d6cc5f8bcb82be2,2025-12-06,Football_SpreadValue_v1,49.5,-11.75,AWAY,,-0.75,0.0,0.75
87fe86f5fa1edd149d6cc5f8bcb82be2,2025-12-06,Football_TotalValue_v1,48.5,-12.5,,UNDER,0.0,-1.0,1.0
884dea46381785292d51d8864de287c7,2025-11-29,Football_KeyNumberGuard_v1,55.5,1.5,,,0.0,0.0,0
884dea46381785292d51d8864de287c7,2025-11-29,Football_LineMovement_v1,55.5,1.5,,,0.0,0.0,0
884dea46381785292d51d8864de287c7,2025-11-29,Football_MarketBlend_v1,55.0,1.25,HOME,UNDER,0.25,-0.5,0.75
884dea46381785292d51d8864de287c7,2025-11-29,Football_MarketConsensus_v1,55.5,1.5,,,0.0,0.0,0
884dea46381785292d51d8864de287c7,2025-11-29,Football_SpreadValue_v1,55.5,0.75,HOME,,0.75,0.0,0.75
884dea46381785292d51d8864de287c7,2025-11-29,Football_TotalValue_v1,54.5,1.5,,UNDER,0.0,-1.0,1.0
887fdd527230bece5974b0cface30528,2025-11-23,Football_KeyNumberGuard_v1,58.0,3.5,,,0.0,0.0,0
887fdd527230bece5974b0cface30528,2025-11-23,Football_LineMovement_v1,58.0,3.5,,,0.0,0.0,0
887fdd527230bece5974b0cface30528,2025-11-23,Football_MarketBlend_v1,57.5,3.25,,UNDER,0.25,-0.5,0.75
887fdd527230bece5974b0cface30528,2025-11-23,Football_MarketConsensus_v1,58.0,3.5,,,0.0,0.0,0
887fdd527230bece5974b0cface30528,2025-11-23,Football_SpreadValue_v1,58.0,2.75,HOME,,0.75,0.0,0.75
887fdd527230bece5974b0cface30528,2025-11-23,Football_TotalValue_v1,57.0,3.5,,UNDER,0.0,-1.0,1.0
88a5a0bbf82083c43c806d40071b340e,2025-09-18,Football_KeyNumberGuard_v1,42.5,2.5,,,0.0,0.0,0
88a5a0bbf82083c43c806d40071b340e,2025-09-18,Football_LineMovement_v1,42.5,2.5,,,0.0,0.0,0
88a5a0bbf82083c43c806d40071b340e,2025-09-18,Football_MarketBlend_v1,43.0,2.25,,OVER,0.25,0.5,0.75
88a5a0bbf82083c43c806d40071b340e,2025-09-18,Football_MarketConsensus_v1,42.5,2.5,,,0.0,0.0,0
88a5a0bbf82083c43c806d40071b340e,2025-09-18,Football_SpreadValue_v1,42.5,1.75,HOME,,0.75,0.0,0.75
88a5a0bbf82083c43c806d40071b340e,2025-09-18,Football_TotalValue_v1,43.5,2.5,,OVER,0.0,1.0,1.0
88aa7ebc4cd199227641753c6f027e5c,2025-11-15,Football_KeyNumberGuard_v1,48.5,2.5,,,0.0,0.0,0
88aa7ebc4cd199227641753c6f027e5c,2025-11-15,Football_LineMovement_v1,48.5,2.5,,,0.0,0.0,0
88aa7ebc4cd199227641753c6f027e5c,2025-11-15,Football_MarketBlend_v1,48.0,2.25,,UNDER,0.25,-0.5,0.75
88aa7ebc4cd199227641753c6f027e5c,2025-11-15,Football_MarketConsensus_v1,48.5,2.5,,,0.0,0.0,0
88aa7ebc4cd199227641753c6f027e5c,2025-11-15,Football_SpreadValue_v1,48.5,1.75,HOME,,0.75,0.0,0.75
88aa7ebc4cd199227641753c6f027e5c,2025-11-15,Football_TotalValue_v1,47.5,2.5,,UNDER,0.0,-1.0,1.0
890ecf657e6554cb83401877d8a2d4af,2025-09-13,Football_KeyNumberGuard_v1,59.0,-48.5,,,0.0,0.0,0
890ecf657e6554cb83401877d8a2d4af,2025-09-13,Football_LineMovement_v1,59.0,-48.5,,,0.0,0.0,0
890ecf657e6554cb83401877d8a2d4af,2025-09-13,Football_MarketBlend_v1,58.5,-48.25,AWAY,UNDER,-0.25,-0.5,0.75
890ecf657e6554cb83401877d8a2d4af,2025-09-13,Football_MarketConsensus_v1,59.0,-48.5,,,0.0,0.0,0
890ecf657e6554cb83401877d8a2d4af,2025-09-13,Football_SpreadValue_v1,59.0,-47.75,AWAY,,-0.75,0.0,0.75
890ecf657e6554cb83401877d8a2d4af,2025-09-13,Football_TotalValue_v1,58.0,-48.5,,UNDER,0.0,-1.0,1.0
8933c7632f6f0163dd8c1746835726cf,2025-09-06,Football_KeyNumberGuard_v1,49.5,14.0,,,0.0,0.0,0
8933c7632f6f0163dd8c1746835726cf,2025-09-06,Football_LineMovement_v1,49.5,14.0,,,0.0,0.0,0
8933c7632f6f0163dd8c1746835726cf,2025-09-06,Football_MarketBlend_v1,49.0,13.75,HOME,UNDER,0.25,-0.5,0.75
8933c7632f6f0163dd8c1746835726cf,2025-09-06,Football_MarketConsensus_v1,49.5,14.0,,,0.0,0.0,0
8933c7632f6f0163dd8c1746835726cf,2025-09-06,Football_SpreadValue_v1,49.5,13.25,HOME,,0.75,0.0,0.75
8933c7632f6f0163dd8c1746835726cf,2025-09-06,Football_TotalValue_v1,48.5,14.0,,UNDER,0.0,-1.0,1.0
897638282df1d5781867ee8fb9b494f2,2026-09-05,Football_KeyNumberGuard_v1,47.5,-12.0,,,0.0,0.0,0
897638282df1d5781867ee8fb9b494f2,2026-09-05,Football_LineMovement_v1,47.5,-12.0,,,0.0,0.0,0
897638282df1d5781867ee8fb9b494f2,2026-09-05,Football_MarketBlend_v1,47.0,-11.75,AWAY,UNDER,-0.25,-0.5,0.75
897638282df1d5781867ee8fb9b494f2,2026-09-05,Football_MarketConsensus_v1,47.5,-12.0,,,0.0,0.0,0
897638282df1d5781867ee8fb9b494f2,2026-09-05,Football_SpreadValue_v1,47.5,-11.25,AWAY,,-0.75,0.0,0.75
897638282df1d5781867ee8fb9b494f2,2026-09-05,Football_TotalValue_v1,46.5,-12.0,,UNDER,0.0,-1.0,1.0
89ed3d21b7cc87bb80ba621f040d538e,2025-09-27,Football_KeyNumberGuard_v1,57.5,-9.5,,,0.0,0.0,0
89ed3d21b7cc87bb80ba621f040d538e,2025-09-27,Football_LineMovement_v1,57.5,-9.5,,,0.0,0.0,0
89ed3d21b7cc87bb80ba621f040d538e,2025-09-27,Football_MarketBlend_v1,57.0,-9.25,,UNDER,-0.25,-0.5,0.75
89ed3d21b7cc87bb80ba621f040d538e,2025-09-27,Football_MarketConsensus_v1,57.5,-9.5,,,0.0,0.0,0
89ed3d21b7cc87bb80ba621f040d538e,2025-09-27,Football_SpreadValue_v1,57.5,-8.75,AWAY,,-0.75,0.0,0.75
89ed3d21b7cc87bb80ba621f040d538e,2025-09-27,Football_TotalValue_v1,56.5,-9.5,,UNDER,0.0,-1.0,1.0
8a6aaf025db38602e739a75bd9cd79a2,2025-09-20,Football_KeyNumberGuard_v1,57.5,4.5,,,0.0,0.0,0
8a6aaf025db38602e739a75bd9cd79a2,2025-09-20,Football_LineMovement_v1,57.5,4.5,,,0.0,0.0,0
8a6aaf025db38602e739a75bd9cd79a2,2025-09-20,Football_MarketBlend_v1,57.0,4.25,HOME,UNDER,0.25,-0.5,0.75
8a6aaf025db38602e739a75bd9cd79a2,2025-09-20,Football_MarketConsensus_v1,57.5,4.5,,,0.0,0.0,0
8a6aaf025db38602e739a75bd9cd79a2,2025-09-20,Football_SpreadValue_v1,57.5,3.75,HOME,,0.75,0.0,0.75
8a6aaf025db38602e739a75bd9cd79a2,2025-09-20,Football_TotalValue_v1,56.5,4.5,,UNDER,0.0,-1.0,1.0
8b7338452f03e6d1f390ba7683da7a46,2025-09-13,Football_KeyNumberGuard_v1,56.5,3.5,,,0.0,0.0,0
8b7338452f03e6d1f390ba7683da7a46,2025-09-13,Football_LineMovement_v1,56.5,3.5,,,0.0,0.0,0
8b7338452f03e6d1f390ba7683da7a46,2025-09-13,Football_MarketBlend_v1,56.0,3.25,,UNDER,0.25,-0.5,0.75
8b7338452f03e6d1f390ba7683da7a46,2025-09-13,Football_MarketConsensus_v1,56.5,3.5,,,0.0,0.0,0
8b7338452f03e6d1f390ba7683da7a46,2025-09-13,Football_SpreadValue_v1,56.5,2.75,HOME,,0.75,0.0,0.75
8b7338452f03e6d1f390ba7683da7a46,2025-09-13,Football_TotalValue_v1,55.5,3.5,,UNDER,0.0,-1.0,1.0
8bb656391ae0565f943ffd0bd2cfc5b7,2026-01-01,Football_KeyNumberGuard_v1,41.5,-8.0,,,0.0,0.0,0
8bb656391ae0565f943ffd0bd2cfc5b7,2026-01-01,Football_LineMovement_v1,41.5,-8.0,,,0.0,0.0,0
8bb656391ae0565f943ffd0bd2cfc5b7,2026-01-01,Football_MarketBlend_v1,42.0,-7.75,AWAY,OVER,-0.25,0.5,0.75
8bb656391ae0565f943ffd0bd2cfc5b7,2026-01-01,Football_MarketConsensus_v1,41.5,-8.0,,,0.0,0.0,0
8bb656391ae0565f943ffd0bd2cfc5b7,2026-01-01,Football_SpreadValue_v1,41.5,-7.25,AWAY,,-0.75,0.0,0.75
8bb656391ae0565f943ffd0bd2cfc5b7,2026-01-01,Football_TotalValue_v1,42.5,-8.0,,OVER,0.0,1.0,1.0
8be641ff606273aed9428222113ef65f,2026-01-10,Football_KeyNumberGuard_v1,49.0,-3.5,,,0.0,0.0,0
8be641ff606273aed9428222113ef65f,2026-01-10,Football_LineMovement_v1,49.0,-3.5,,,0.0,0.0,0
8be641ff606273aed9428222113ef65f,2026-01-10,Football_MarketBlend_v1,48.5,-3.25,,UNDER,-0.25,-0.5,0.75
8be641ff606273aed9428222113ef65f,2026-01-10,Football_MarketConsensus_v1,49.0,-3.5,,,0.0,0.0,0
8be641ff606273aed9428222113ef65f,2026-01-10,Football_SpreadValue_v1,49.0,-2.75,AWAY,,-0.75,0.0,0.75
8be641ff606273aed9428222113ef65f,2026-01-10,Football_TotalValue_v1,48.0,-3.5,,UNDER,0.0,-1.0,1.0
8bec841379ab4efeec22c0a571a95b0e,2025-11-23,Football_KeyNumberGuard_v1,60.0,-2.5,,,0.0,0.0,0
8bec841379ab4efeec22c0a571a95b0e,2025-11-23,Football_LineMovement_v1,60.0,-2.5,,,0.0,0.0,0
8bec841379ab4efeec22c0a571a95b0e,2025-11-23,Football_MarketBlend_v1,59.5,-2.25,,UNDER,-0.25,-0.5,0.75
8bec841379ab4efeec22c0a571a95b0e,2025-11-23,Football_MarketConsensus_v1,60.0,-2.5,,,0.0,0.0,0
8bec841379ab4efeec22c0a571a95b0e,2025-11-23,Football_SpreadValue_v1,60.0,-1.75,AWAY,,-0.75,0.0,0.75
8bec841379ab4efeec22c0a571a95b0e,2025-11-23,Football_TotalValue_v1,59.0,-2.5,,UNDER,0.0,-1.0,1.0
8bedec4696dc9f4587b85a2322c49d7b,2025-10-26,Football_KeyNumberGuard_v1,46.5,-7.0,,,0.0,0.0,0
8bedec4696dc9f4587b85a2322c49d7b,2025-10-26,Football_LineMovement_v1,46.5,-7.0,,,0.0,0.0,0
8bedec4696dc9f4587b85a2322c49d7b,2025-10-26,Football_MarketBlend_v1,46.0,-6.75,,UNDER,-0.25,-0.5,0.75
8bedec4696dc9f4587b85a2322c49d7b,2025-10-26,Football_MarketConsensus_v1,46.5,-7.0,,,0.0,0.0,0
8bedec4696dc9f4587b85a2322c49d7b,2025-10-26,Football_SpreadValue_v1,46.5,-6.25,AWAY,,-0.75,0.0,0.75
8bedec4696dc9f4587b85a2322c49d7b,2025-10-26,Football_TotalValue_v1,45.5,-7.0,,UNDER,0.0,-1.0,1.0
8c138af84cb5ff1e6c4e11b591ff041f,2025-08-31,Football_KeyNumberGuard_v1,51.0,2.5,,,0.0,0.0,0
8c138af84cb5ff1e6c4e11b591ff041f,2025-08-31,Football_LineMovement_v1,51.0,2.5,,,0.0,0.0,0
8c138af84cb5ff1e6c4e11b591ff041f,2025-08-31,Football_MarketBlend_v1,50.5,2.25,,UNDER,0.25,-0.5,0.75
8c138af84cb5ff1e6c4e11b591ff041f,2025-08-31,Football_MarketConsensus_v1,51.0,2.5,,,0.0,0.0,0
8c138af84cb5ff1e6c4e11b591ff041f,2025-08-31,Football_SpreadValue_v1,51.0,1.75,HOME,,0.75,0.0,0.75
8c138af84cb5ff1e6c4e11b591ff041f,2025-08-31,Football_TotalValue_v1,50.0,2.5,,UNDER,0.0,-1.0,1.0
8c32f78dfb4ad3a5ab23114d92194124,2025-08-29,Football_KeyNumberGuard_v1,54.5,-22.5,,,0.0,0.0,0
8c32f78dfb4ad3a5ab23114d92194124,2025-08-29,Football_LineMovement_v1,54.5,-22.5,,,0.0,0.0,0
8c32f78dfb4ad3a5ab23114d92194124,2025-08-29,Football_MarketBlend_v1,54.0,-22.25,AWAY,UNDER,-0.25,-0.5,0.75
8c32f78dfb4ad3a5ab23114d92194124,2025-08-29,Football_MarketConsensus_v1,54.5,-22.5,,,0.0,0.0,0
8c32f78dfb4ad3a5ab23114d92194124,2025-08-29,Football_SpreadValue_v1,54.5,-21.75,AWAY,,-0.75,0.0,0.75
8c32f78dfb4ad3a5ab23114d92194124,2025-08-29,Football_TotalValue_v1,53.5,-22.5,,UNDER,0.0,-1.0,1.0
8c6529f0e44f9c2ec4dfb637d49a6215,2025-11-01,Football_KeyNumberGuard_v1,48.5,-21.0,,,0.0,0.0,0
8c6529f0e44f9c2ec4dfb637d49a6215,2025-11-01,Football_LineMovement_v1,48.5,-21.0,,,0.0,0.0,0
8c6529f0e44f9c2ec4dfb637d49a6215,2025-11-01,Football_MarketBlend_v1,48.0,-20.75,AWAY,UNDER,-0.25,-0.5,0.75
8c6529f0e44f9c2ec4dfb637d49a6215,2025-11-01,Football_MarketConsensus_v1,48.5,-21.0,,,0.0,0.0,0
8c6529f0e44f9c2ec4dfb637d49a6215,2025-11-01,Football_SpreadValue_v1,48.5,-20.25,AWAY,,-0.75,0.0,0.75
8c6529f0e44f9c2ec4dfb637d49a6215,2025-11-01,Football_TotalValue_v1,47.5,-21.0,,UNDER,0.0,-1.0,1.0
8c8fb93b29e1f780db6a427d7274ed91,2025-11-23,Football_KeyNumberGuard_v1,56.5,2.5,,,0.0,0.0,0
8c8fb93b29e1f780db6a427d7274ed91,2025-11-23,Football_LineMovement_v1,56.5,2.5,,,0.0,0.0,0
8c8fb93b29e1f780db6a427d7274ed91,2025-11-23,Football_MarketBlend_v1,56.0,2.25,,UNDER,0.25,-0.5,0.75
8c8fb93b29e1f780db6a427d7274ed91,2025-11-23,Football_MarketConsensus_v1,56.5,2.5,,,0.0,0.0,0
8c8fb93b29e1f780db6a427d7274ed91,2025-11-23,Football_SpreadValue_v1,56.5,1.75,HOME,,0.75,0.0,0.75
8c8fb93b29e1f780db6a427d7274ed91,2025-11-23,Football_TotalValue_v1,55.5,2.5,,UNDER,0.0,-1.0,1.0
8cb9bffac37420e5cd3f489d4d8eb9fa,2025-09-07,Football_KeyNumberGuard_v1,49.0,-7.0,,,0.0,0.0,0
8cb9bffac37420e5cd3f489d4d8eb9fa,2025-09-07,Football_LineMovement_v1,49.0,-7.0,,,0.0,0.0,0
8cb9bffac37420e5cd3f489d4d8eb9fa,2025-09-07,Football_MarketBlend_v1,48.5,-6.75,,UNDER,-0.25,-0.5,0.75
8cb9bffac37420e5cd3f489d4d8eb9fa,2025-09-07,Football_MarketConsensus_v1,49.0,-7.0,,,0.0,0.0,0
8cb9bffac37420e5cd3f489d4d8eb9fa,2025-09-07,Football_SpreadValue_v1,49.0,-6.25,AWAY,,-0.75,0.0,0.75
8cb9bffac37420e5cd3f489d4d8eb9fa,2025-09-07,Football_TotalValue_v1,48.0,-7.0,,UNDER,0.0,-1.0,1.0
8d1ce3fa873b4adc946c19ef1778e235,2025-08-30,Football_KeyNumberGuard_v1,54.5,-27.5,,,0.0,0.0,0
8d1ce3fa873b4adc946c19ef1778e235,2025-08-30,Football_LineMovement_v1,54.5,-27.5,,,0.0,0.0,0
8d1ce3fa873b4adc946c19ef1778e235,2025-08-30,Football_MarketBlend_v1,54.0,-27.25,AWAY,UNDER,-0.25,-0.5,0.75
8d1ce3fa873b4adc946c19ef1778e235,2025-08-30,Football_MarketConsensus_v1,54.5,-27.5,,,0.0,0.0,0
8d1ce3fa873b4adc946c19ef1778e235,2025-08-30,Football_SpreadValue_v1,54.5,-26.75,AWAY,,-0.75,0.0,0.75
8d1ce3fa873b4adc946c19ef1778e235,2025-08-30,Football_TotalValue_v1,53.5,-27.5,,UNDER,0.0,-1.0,1.0
8d2d9d2d52be2c1b040572a949cbeb8d,2025-09-27,Football_KeyNumberGuard_v1,47.5,13.5,,,0.0,0.0,0
8d2d9d2d52be2c1b040572a949cbeb8d,2025-09-27,Football_LineMovement_v1,47.5,13.5,,,0.0,0.0,0
8d2d9d2d52be2c1b040572a949cbeb8d,2025-09-27,Football_MarketBlend_v1,47.0,13.25,HOME,UNDER,0.25,-0.5,0.75
8d2d9d2d52be2c1b040572a949cbeb8d,2025-09-27,Football_MarketConsensus_v1,47.5,13.5,,,0.0,0.0,0
8d2d9d2d52be2c1b040572a949cbeb8d,2025-09-27,Football_SpreadValue_v1,47.5,12.75,HOME,,0.75,0.0,0.75
8d2d9d2d52be2c1b040572a949cbeb8d,2025-09-27,Football_TotalValue_v1,46.5,13.5,,UNDER,0.0,-1.0,1.0
8d5ca9cb62b5ab0a5427f363f56d814b,2025-10-18,Football_KeyNumberGuard_v1,47.5,-2.5,,,0.0,0.0,0
8d5ca9cb62b5ab0a5427f363f56d814b,2025-10-18,Football_LineMovement_v1,47.5,-2.5,,,0.0,0.0,0
8d5ca9cb62b5ab0a5427f363f56d814b,2025-10-18,Football_MarketBlend_v1,47.0,-2.25,,UNDER,-0.25,-0.5,0.75
8d5ca9cb62b5ab0a5427f363f56d814b,2025-10-18,Football_MarketConsensus_v1,47.5,-2.5,,,0.0,0.0,0
8d5ca9cb62b5ab0a5427f363f56d814b,2025-10-18,Football_SpreadValue_v1,47.5,-1.75,AWAY,,-0.75,0.0,0.75
8d5ca9cb62b5ab0a5427f363f56d814b,2025-10-18,Football_TotalValue_v1,46.5,-2.5,,UNDER,0.0,-1.0,1.0
8e6c3c00b853707c6c0ced7e96ff80eb,2025-11-29,Football_KeyNumberGuard_v1,57.5,-3.5,,,0.0,0.0,0
8e6c3c00b853707c6c0ced7e96ff80eb,2025-11-29,Football_LineMovement_v1,57.5,-3.5,,,0.0,0.0,0
8e6c3c00b853707c6c0ced7e96ff80eb,2025-11-29,Football_MarketBlend_v1,57.0,-3.25,,UNDER,-0.25,-0.5,0.75
8e6c3c00b853707c6c0ced7e96ff80eb,2025-11-29,Football_MarketConsensus_v1,57.5,-3.5,,,0.0,0.0,0
8e6c3c00b853707c6c0ced7e96ff80eb,2025-11-29,Football_SpreadValue_v1,57.5,-2.75,AWAY,,-0.75,0.0,0.75
8e6c3c00b853707c6c0ced7e96ff80eb,2025-11-29,Football_TotalValue_v1,56.5,-3.5,,UNDER,0.0,-1.0,1.0
8e9db25305896f6a8ee5bf0e94c260f5,2025-11-29,Football_KeyNumberGuard_v1,47.0,-17.5,,,0.0,0.0,0
8e9db25305896f6a8ee5bf0e94c260f5,2025-11-29,Football_LineMovement_v1,47.0,-17.5,,,0.0,0.0,0
8e9db25305896f6a8ee5bf0e94c260f5,2025-11-29,Football_MarketBlend_v1,46.5,-17.25,AWAY,UNDER,-0.25,-0.5,0.75
8e9db25305896f6a8ee5bf0e94c260f5,2025-11-29,Football_MarketConsensus_v1,47.0,-17.5,,,0.0,0.0,0
8e9db25305896f6a8ee5bf0e94c260f5,2025-11-29,Football_SpreadValue_v1,47.0,-16.75,AWAY,,-0.75,0.0,0.75
8e9db25305896f6a8ee5bf0e94c260f5,2025-11-29,Football_TotalValue_v1,46.0,-17.5,,UNDER,0.0,-1.0,1.0
8f08d4462c8cbc09b866893ca21ae406,2025-11-29,Football_KeyNumberGuard_v1,48.5,6.5,,,0.0,0.0,0
8f08d4462c8cbc09b866893ca21ae406,2025-11-29,Football_LineMovement_v1,48.5,6.5,,,0.0,0.0,0
8f08d4462c8cbc09b866893ca21ae406,2025-11-29,Football_MarketBlend_v1,48.0,6.25,,UNDER,0.25,-0.5,0.75
8f08d4462c8cbc09b866893ca21ae406,2025-11-29,Football_MarketConsensus_v1,48.5,6.5,,,0.0,0.0,0
8f08d4462c8cbc09b866893ca21ae406,2025-11-29,Football_SpreadValue_v1,48.5,5.75,HOME,,0.75,0.0,0.75
8f08d4462c8cbc09b866893ca21ae406,2025-11-29,Football_TotalValue_v1,47.5,6.5,,UNDER,0.0,-1.0,1.0
8f3febddcf1504cb91454ac61d25caa8,2025-09-20,Football_KeyNumberGuard_v1,51.5,21.0,,,0.0,0.0,0
8f3febddcf1504cb91454ac61d25caa8,2025-09-20,Football_LineMovement_v1,51.5,21.0,,,0.0,0.0,0
8f3febddcf1504cb91454ac61d25caa8,2025-09-20,Football_MarketBlend_v1,51.0,20.75,HOME,UNDER,0.25,-0.5,0.75
8f3febddcf1504cb91454ac61d25caa8,2025-09-20,Football_MarketConsensus_v1,51.5,21.0,,,0.0,0.0,0
8f3febddcf1504cb91454ac61d25caa8,2025-09-20,Football_SpreadValue_v1,51.5,20.25,HOME,,0.75,0.0,0.75
8f3febddcf1504cb91454ac61d25caa8,2025-09-20,Football_TotalValue_v1,50.5,21.0,,UNDER,0.0,-1.0,1.0
8f72253f75cd68254f847d6d33c464d8,2025-11-15,Football_KeyNumberGuard_v1,54.5,12.5,,,0.0,0.0,0
8f72253f75cd68254f847d6d33c464d8,2025-11-15,Football_LineMovement_v1,54.5,12.5,,,0.0,0.0,0
8f72253f75cd68254f847d6d33c464d8,2025-11-15,Football_MarketBlend_v1,54.0,12.25,HOME,UNDER,0.25,-0.5,0.75
8f72253f75cd68254f847d6d33c464d8,2025-11-15,Football_MarketConsensus_v1,54.5,12.5,,,0.0,0.0,0
8f72253f75cd68254f847d6d33c464d8,2025-11-15,Football_SpreadValue_v1,54.5,11.75,HOME,,0.75,0.0,0.75
8f72253f75cd68254f847d6d33c464d8,2025-11-15,Football_TotalValue_v1,53.5,12.5,,UNDER,0.0,-1.0,1.0
8fe4d3c56069de55c950af75be1ef8d2,2025-10-04,Football_KeyNumberGuard_v1,62.5,-21.5,,,0.0,0.0,0
8fe4d3c56069de55c950af75be1ef8d2,2025-10-04,Football_LineMovement_v1,62.5,-21.5,,,0.0,0.0,0
8fe4d3c56069de55c950af75be1ef8d2,2025-10-04,Football_MarketBlend_v1,62.0,-21.25,AWAY,UNDER,-0.25,-0.5,0.75
8fe4d3c56069de55c950af75be1ef8d2,2025-10-04,Football_MarketConsensus_v1,62.5,-21.5,,,0.0,0.0,0
8fe4d3c56069de55c950af75be1ef8d2,2025-10-04,Football_SpreadValue_v1,62.5,-20.75,AWAY,,-0.75,0.0,0.75
8fe4d3c56069de55c950af75be1ef8d2,2025-10-04,Football_TotalValue_v1,61.5,-21.5,,UNDER,0.0,-1.0,1.0
8ff0041fc39ed3aaabd78295aaa44ccc,2025-11-29,Football_KeyNumberGuard_v1,66.5,-2.5,,,0.0,0.0,0
8ff0041fc39ed3aaabd78295aaa44ccc,2025-11-29,Football_LineMovement_v1,66.5,-2.5,,,0.0,0.0,0
8ff0041fc39ed3aaabd78295aaa44ccc,2025-11-29,Football_MarketBlend_v1,66.0,-2.25,,UNDER,-0.25,-0.5,0.75
8ff0041fc39ed3aaabd78295aaa44ccc,2025-11-29,Football_MarketConsensus_v1,66.5,-2.5,,,0.0,0.0,0
8ff0041fc39ed3aaabd78295aaa44ccc,2025-11-29,Football_SpreadValue_v1,66.5,-1.75,AWAY,,-0.75,0.0,0.75
8ff0041fc39ed3aaabd78295aaa44ccc,2025-11-29,Football_TotalValue_v1,65.5,-2.5,,UNDER,0.0,-1.0,1.0
901815b907870c08f831bcec682fcd7c,2025-08-30,Football_KeyNumberGuard_v1,54.5,-31.75,,,0.0,0.0,0
901815b907870c08f831bcec682fcd7c,2025-08-30,Football_LineMovement_v1,54.5,-31.75,,,0.0,0.0,0
901815b907870c08f831bcec682fcd7c,2025-08-30,Football_MarketBlend_v1,54.0,-31.5,AWAY,UNDER,-0.25,-0.5,0.75
901815b907870c08f831bcec682fcd7c,2025-08-30,Football_MarketConsensus_v1,54.5,-31.75,,,0.0,0.0,0
901815b907870c08f831bcec682fcd7c,2025-08-30,Football_SpreadValue_v1,54.5,-31.0,AWAY,,-0.75,0.0,0.75
901815b907870c08f831bcec682fcd7c,2025-08-30,Football_TotalValue_v1,53.5,-31.75,,UNDER,0.0,-1.0,1.0
9073c528b41f8e63e3d7e072d81fbb20,2025-11-08,Football_KeyNumberGuard_v1,51.5,-14.5,,,0.0,0.0,0
9073c528b41f8e63e3d7e072d81fbb20,2025-11-08,Football_LineMovement_v1,51.5,-14.5,,,0.0,0.0,0
9073c528b41f8e63e3d7e072d81fbb20,2025-11-08,Football_MarketBlend_v1,51.0,-14.25,AWAY,UNDER,-0.25,-0.5,0.75
9073c528b41f8e63e3d7e072d81fbb20,2025-11-08,Football_MarketConsensus_v1,51.5,-14.5,,,0.0,0.0,0
9073c528b41f8e63e3d7e072d81fbb20,2025-11-08,Football_SpreadValue_v1,51.5,-13.75,AWAY,,-0.75,0.0,0.75
9073c528b41f8e63e3d7e072d81fbb20,2025-11-08,Football_TotalValue_v1,50.5,-14.5,,UNDER,0.0,-1.0,1.0
90f6536a4ea2981769343cbd80baf1cc,2025-09-27,Football_KeyNumberGuard_v1,60.25,3.75,,,0.0,0.0,0
90f6536a4ea2981769343cbd80baf1cc,2025-09-27,Football_LineMovement_v1,60.25,3.75,,,0.0,0.0,0
90f6536a4ea2981769343cbd80baf1cc,2025-09-27,Football_MarketBlend_v1,59.75,3.5,HOME,UNDER,0.25,-0.5,0.75
90f6536a4ea2981769343cbd80baf1cc,2025-09-27,Football_MarketConsensus_v1,60.25,3.75,,,0.0,0.0,0
90f6536a4ea2981769343cbd80baf1cc,2025-09-27,Football_SpreadValue_v1,60.25,3.0,HOME,,0.75,0.0,0.75
90f6536a4ea2981769343cbd80baf1cc,2025-09-27,Football_TotalValue_v1,59.25,3.75,,UNDER,0.0,-1.0,1.0
912c15dcb8dd09eacabdcb80673d9d72,2026-09-12,Football_KeyNumberGuard_v1,51.5,6.75,,,0.0,0.0,0
912c15dcb8dd09eacabdcb80673d9d72,2026-09-12,Football_LineMovement_v1,51.5,6.75,,,0.0,0.0,0
912c15dcb8dd09eacabdcb80673d9d72,2026-09-12,Football_MarketBlend_v1,51.5,6.75,,,0.0,0.0,0
912c15dcb8dd09eacabdcb80673d9d72,2026-09-12,Football_MarketConsensus_v1,51.5,6.75,,,0.0,0.0,0
912c15dcb8dd09eacabdcb80673d9d72,2026-09-12,Football_SpreadValue_v1,51.5,6.75,,,0.0,0.0,0
912c15dcb8dd09eacabdcb80673d9d72,2026-09-12,Football_TotalValue_v1,51.5,6.75,,,0.0,0.0,0
91a751096545f6c70dca0595cd243ac9,2025-12-18,Football_KeyNumberGuard_v1,62.5,2.5,,,0.0,0.0,0
91a751096545f6c70dca0595cd243ac9,2025-12-18,Football_LineMovement_v1,62.5,2.5,,,0.0,0.0,0
91a751096545f6c70dca0595cd243ac9,2025-12-18,Football_MarketBlend_v1,62.0,2.25,,UNDER,0.25,-0.5,0.75
91a751096545f6c70dca0595cd243ac9,2025-12-18,Football_MarketConsensus_v1,62.5,2.5,,,0.0,0.0,0
91a751096545f6c70dca0595cd243ac9,2025-12-18,Football_SpreadValue_v1,62.5,1.75,HOME,,0.75,0.0,0.75
91a751096545f6c70dca0595cd243ac9,2025-12-18,Football_TotalValue_v1,61.5,2.5,,UNDER,0.0,-1.0,1.0
91ba0aefe833f0543aa43843374916f4,2026-09-13,Football_KeyNumberGuard_v1,59.5,-31.0,,,0.0,0.0,0
91ba0aefe833f0543aa43843374916f4,2026-09-13,Football_LineMovement_v1,59.5,-31.0,,,0.0,0.0,0
91ba0aefe833f0543aa43843374916f4,2026-09-13,Football_MarketBlend_v1,59.0,-30.75,AWAY,UNDER,-0.25,-0.5,0.75
91ba0aefe833f0543aa43843374916f4,2026-09-13,Football_MarketConsensus_v1,59.5,-31.0,,,0.0,0.0,0
91ba0aefe833f0543aa43843374916f4,2026-09-13,Football_SpreadValue_v1,59.5,-30.25,AWAY,,-0.75,0.0,0.75
91ba0aefe833f0543aa43843374916f4,2026-09-13,Football_TotalValue_v1,58.5,-31.0,,UNDER,0.0,-1.0,1.0
9211d988a7a37c1171c0402c46bd3ed5,2025-09-27,Football_KeyNumberGuard_v1,62.0,6.5,,,0.0,0.0,0
9211d988a7a37c1171c0402c46bd3ed5,2025-09-27,Football_LineMovement_v1,62.0,6.5,,,0.0,0.0,0
9211d988a7a37c1171c0402c46bd3ed5,2025-09-27,Football_MarketBlend_v1,61.5,6.25,,UNDER,0.25,-0.5,0.75
9211d988a7a37c1171c0402c46bd3ed5,2025-09-27,Football_MarketConsensus_v1,62.0,6.5,,,0.0,0.0,0
9211d988a7a37c1171c0402c46bd3ed5,2025-09-27,Football_SpreadValue_v1,62.0,5.75,HOME,,0.75,0.0,0.75
9211d988a7a37c1171c0402c46bd3ed5,2025-09-27,Football_TotalValue_v1,61.0,6.5,,UNDER,0.0,-1.0,1.0
922b6299efbf42689d115cb571231c4e,2025-08-30,Football_KeyNumberGuard_v1,49.0,-12.75,,,0.0,0.0,0
922b6299efbf42689d115cb571231c4e,2025-08-30,Football_LineMovement_v1,49.0,-12.75,,,0.0,0.0,0
922b6299efbf42689d115cb571231c4e,2025-08-30,Football_MarketBlend_v1,48.5,-12.5,AWAY,UNDER,-0.25,-0.5,0.75
922b6299efbf42689d115cb571231c4e,2025-08-30,Football_MarketConsensus_v1,49.0,-12.75,,,0.0,0.0,0
922b6299efbf42689d115cb571231c4e,2025-08-30,Football_SpreadValue_v1,49.0,-12.0,AWAY,,-0.75,0.0,0.75
922b6299efbf42689d115cb571231c4e,2025-08-30,Football_TotalValue_v1,48.0,-12.75,,UNDER,0.0,-1.0,1.0
922d91bba05ae227e389cc67bee9aa3d,2025-11-15,Football_KeyNumberGuard_v1,50.5,1.5,,,0.0,0.0,0
922d91bba05ae227e389cc67bee9aa3d,2025-11-15,Football_LineMovement_v1,50.5,1.5,,,0.0,0.0,0
922d91bba05ae227e389cc67bee9aa3d,2025-11-15,Football_MarketBlend_v1,50.0,1.25,HOME,UNDER,0.25,-0.5,0.75
922d91bba05ae227e389cc67bee9aa3d,2025-11-15,Football_MarketConsensus_v1,50.5,1.5,,,0.0,0.0,0
922d91bba05ae227e389cc67bee9aa3d,2025-11-15,Football_SpreadValue_v1,50.5,0.75,HOME,,0.75,0.0,0.75
922d91bba05ae227e389cc67bee9aa3d,2025-11-15,Football_TotalValue_v1,49.5,1.5,,UNDER,0.0,-1.0,1.0
92964692e49d56868cc78cea5254c061,2025-10-18,Football_KeyNumberGuard_v1,47.5,7.0,,,0.0,0.0,0
92964692e49d56868cc78cea5254c061,2025-10-18,Football_LineMovement_v1,47.5,7.0,,,0.0,0.0,0
92964692e49d56868cc78cea5254c061,2025-10-18,Football_MarketBlend_v1,47.0,6.75,,UNDER,0.25,-0.5,0.75
92964692e49d56868cc78cea5254c061,2025-10-18,Football_MarketConsensus_v1,47.5,7.0,,,0.0,0.0,0
92964692e49d56868cc78cea5254c061,2025-10-18,Football_SpreadValue_v1,47.5,6.25,HOME,,0.75,0.0,0.75
92964692e49d56868cc78cea5254c061,2025-10-18,Football_TotalValue_v1,46.5,7.0,,UNDER,0.0,-1.0,1.0
92e9ba19aef9e422898288605879f16a,2026-09-05,Football_KeyNumberGuard_v1,53.5,-13.5,,,0.0,0.0,0
92e9ba19aef9e422898288605879f16a,2026-09-05,Football_LineMovement_v1,53.5,-13.5,,,0.0,0.0,0
92e9ba19aef9e422898288605879f16a,2026-09-05,Football_MarketBlend_v1,53.0,-13.25,AWAY,UNDER,-0.25,-0.5,0.75
92e9ba19aef9e422898288605879f16a,2026-09-05,Football_MarketConsensus_v1,53.5,-13.5,,,0.0,0.0,0
92e9ba19aef9e422898288605879f16a,2026-09-05,Football_SpreadValue_v1,53.5,-12.75,AWAY,,-0.75,0.0,0.75
92e9ba19aef9e422898288605879f16a,2026-09-05,Football_TotalValue_v1,52.5,-13.5,,UNDER,0.0,-1.0,1.0
930671ccd2f2eb35afc046e27c999b03,2026-01-02,Football_KeyNumberGuard_v1,55.5,-18.5,,,0.0,0.0,0
930671ccd2f2eb35afc046e27c999b03,2026-01-02,Football_LineMovement_v1,55.5,-18.5,,,0.0,0.0,0
930671ccd2f2eb35afc046e27c999b03,2026-01-02,Football_MarketBlend_v1,55.0,-18.25,AWAY,UNDER,-0.25,-0.5,0.75
930671ccd2f2eb35afc046e27c999b03,2026-01-02,Football_MarketConsensus_v1,55.5,-18.5,,,0.0,0.0,0
930671ccd2f2eb35afc046e27c999b03,2026-01-02,Football_SpreadValue_v1,55.5,-17.75,AWAY,,-0.75,0.0,0.75
930671ccd2f2eb35afc046e27c999b03,2026-01-02,Football_TotalValue_v1,54.5,-18.5,,UNDER,0.0,-1.0,1.0
9315c835a22a931d29e34ef0f15c9429,2025-08-30,Football_KeyNumberGuard_v1,56.5,-4.0,,,0.0,0.0,0
9315c835a22a931d29e34ef0f15c9429,2025-08-30,Football_LineMovement_v1,56.5,-4.0,,,0.0,0.0,0
9315c835a22a931d29e34ef0f15c9429,2025-08-30,Football_MarketBlend_v1,56.0,-3.75,AWAY,UNDER,-0.25,-0.5,0.75
9315c835a22a931d29e34ef0f15c9429,2025-08-30,Football_MarketConsensus_v1,56.5,-4.0,,,0.0,0.0,0
9315c835a22a931d29e34ef0f15c9429,2025-08-30,Football_SpreadValue_v1,56.5,-3.25,AWAY,,-0.75,0.0,0.75
9315c835a22a931d29e34ef0f15c9429,2025-08-30,Football_TotalValue_v1,55.5,-4.0,,UNDER,0.0,-1.0,1.0
9328f7960f57736e8da4b90cb2bdd826,2025-11-29,Football_KeyNumberGuard_v1,52.5,24.0,,,0.0,0.0,0
9328f7960f57736e8da4b90cb2bdd826,2025-11-29,Football_LineMovement_v1,52.5,24.0,,,0.0,0.0,0
9328f7960f57736e8da4b90cb2bdd826,2025-11-29,Football_MarketBlend_v1,52.0,23.75,HOME,UNDER,0.25,-0.5,0.75
9328f7960f57736e8da4b90cb2bdd826,2025-11-29,Football_MarketConsensus_v1,52.5,24.0,,,0.0,0.0,0
9328f7960f57736e8da4b90cb2bdd826,2025-11-29,Football_SpreadValue_v1,52.5,23.25,HOME,,0.75,0.0,0.75
9328f7960f57736e8da4b90cb2bdd826,2025-11-29,Football_TotalValue_v1,51.5,24.0,,UNDER,0.0,-1.0,1.0
93682b6473bd43d01f8b37a24132ef75,2025-09-20,Football_KeyNumberGuard_v1,53.5,-21.0,,,0.0,0.0,0
93682b6473bd43d01f8b37a24132ef75,2025-09-20,Football_LineMovement_v1,53.5,-21.0,,,0.0,0.0,0
93682b6473bd43d01f8b37a24132ef75,2025-09-20,Football_MarketBlend_v1,53.0,-20.75,AWAY,UNDER,-0.25,-0.5,0.75
93682b6473bd43d01f8b37a24132ef75,2025-09-20,Football_MarketConsensus_v1,53.5,-21.0,,,0.0,0.0,0
93682b6473bd43d01f8b37a24132ef75,2025-09-20,Football_SpreadValue_v1,53.5,-20.25,AWAY,,-0.75,0.0,0.75
93682b6473bd43d01f8b37a24132ef75,2025-09-20,Football_TotalValue_v1,52.5,-21.0,,UNDER,0.0,-1.0,1.0
9372006930638e099fc61bbfa7e94e7b,2025-11-07,Football_KeyNumberGuard_v1,67.5,-13.5,,,0.0,0.0,0
9372006930638e099fc61bbfa7e94e7b,2025-11-07,Football_LineMovement_v1,67.5,-13.5,,,0.0,0.0,0
9372006930638e099fc61bbfa7e94e7b,2025-11-07,Football_MarketBlend_v1,67.0,-13.25,AWAY,UNDER,-0.25,-0.5,0.75
9372006930638e099fc61bbfa7e94e7b,2025-11-07,Football_MarketConsensus_v1,67.5,-13.5,,,0.0,0.0,0
9372006930638e099fc61bbfa7e94e7b,2025-11-07,Football_SpreadValue_v1,67.5,-12.75,AWAY,,-0.75,0.0,0.75
9372006930638e099fc61bbfa7e94e7b,2025-11-07,Football_TotalValue_v1,66.5,-13.5,,UNDER,0.0,-1.0,1.0
93a0241d6b1478ab0f1b1df756c086d1,2025-08-28,Football_KeyNumberGuard_v1,55.5,-30.5,,,0.0,0.0,0
93a0241d6b1478ab0f1b1df756c086d1,2025-08-28,Football_LineMovement_v1,55.5,-30.5,,,0.0,0.0,0
93a0241d6b1478ab0f1b1df756c086d1,2025-08-28,Football_MarketBlend_v1,55.0,-30.25,AWAY,UNDER,-0.25,-0.5,0.75
93a0241d6b1478ab0f1b1df756c086d1,2025-08-28,Football_MarketConsensus_v1,55.5,-30.5,,,0.0,0.0,0
93a0241d6b1478ab0f1b1df756c086d1,2025-08-28,Football_SpreadValue_v1,55.5,-29.75,AWAY,,-0.75,0.0,0.75
93a0241d6b1478ab0f1b1df756c086d1,2025-08-28,Football_TotalValue_v1,54.5,-30.5,,UNDER,0.0,-1.0,1.0
93bf74b692cc8ddf5be89a25df954d5a,2025-12-27,Football_KeyNumberGuard_v1,40.5,-5.5,,,0.0,0.0,0
93bf74b692cc8ddf5be89a25df954d5a,2025-12-27,Football_LineMovement_v1,40.5,-5.5,,,0.0,0.0,0
93bf74b692cc8ddf5be89a25df954d5a,2025-12-27,Football_MarketBlend_v1,41.0,-5.25,AWAY,OVER,-0.25,0.5,0.75
93bf74b692cc8ddf5be89a25df954d5a,2025-12-27,Football_MarketConsensus_v1,40.5,-5.5,,,0.0,0.0,0
93bf74b692cc8ddf5be89a25df954d5a,2025-12-27,Football_SpreadValue_v1,40.5,-4.75,AWAY,,-0.75,0.0,0.75
93bf74b692cc8ddf5be89a25df954d5a,2025-12-27,Football_TotalValue_v1,41.5,-5.5,,OVER,0.0,1.0,1.0
9418aabb5edf415f4296c694fa210c3b,2025-09-02,Football_KeyNumberGuard_v1,55.0,3.5,,,0.0,0.0,0
9418aabb5edf415f4296c694fa210c3b,2025-09-02,Football_LineMovement_v1,55.0,3.5,,,0.0,0.0,0
9418aabb5edf415f4296c694fa210c3b,2025-09-02,Football_MarketBlend_v1,54.5,3.25,,UNDER,0.25,-0.5,0.75
9418aabb5edf415f4296c694fa210c3b,2025-09-02,Football_MarketConsensus_v1,55.0,3.5,,,0.0,0.0,0
9418aabb5edf415f4296c694fa210c3b,2025-09-02,Football_SpreadValue_v1,55.0,2.75,HOME,,0.75,0.0,0.75
9418aabb5edf415f4296c694fa210c3b,2025-09-02,Football_TotalValue_v1,54.0,3.5,,UNDER,0.0,-1.0,1.0
942ff726f7d68269186e344b41a000f7,2025-11-15,Football_KeyNumberGuard_v1,53.5,-14.5,,,0.0,0.0,0
942ff726f7d68269186e344b41a000f7,2025-11-15,Football_LineMovement_v1,53.5,-14.5,,,0.0,0.0,0
942ff726f7d68269186e344b41a000f7,2025-11-15,Football_MarketBlend_v1,53.0,-14.25,AWAY,UNDER,-0.25,-0.5,0.75
942ff726f7d68269186e344b41a000f7,2025-11-15,Football_MarketConsensus_v1,53.5,-14.5,,,0.0,0.0,0
942ff726f7d68269186e344b41a000f7,2025-11-15,Football_SpreadValue_v1,53.5,-13.75,AWAY,,-0.75,0.0,0.75
942ff726f7d68269186e344b41a000f7,2025-11-15,Football_TotalValue_v1,52.5,-14.5,,UNDER,0.0,-1.0,1.0
9449961a57cdf571e7248d18613ec131,2025-09-20,Football_KeyNumberGuard_v1,58.5,-36.5,,,0.0,0.0,0
9449961a57cdf571e7248d18613ec131,2025-09-20,Football_LineMovement_v1,58.5,-36.5,,,0.0,0.0,0
9449961a57cdf571e7248d18613ec131,2025-09-20,Football_MarketBlend_v1,58.0,-36.25,AWAY,UNDER,-0.25,-0.5,0.75
9449961a57cdf571e7248d18613ec131,2025-09-20,Football_MarketConsensus_v1,58.5,-36.5,,,0.0,0.0,0
9449961a57cdf571e7248d18613ec131,2025-09-20,Football_SpreadValue_v1,58.5,-35.75,AWAY,,-0.75,0.0,0.75
9449961a57cdf571e7248d18613ec131,2025-09-20,Football_TotalValue_v1,57.5,-36.5,,UNDER,0.0,-1.0,1.0
946ab16f8cfe9004a0d3fc67ac8411d7,2025-11-22,Football_KeyNumberGuard_v1,58.0,-8.5,,,0.0,0.0,0
946ab16f8cfe9004a0d3fc67ac8411d7,2025-11-22,Football_LineMovement_v1,58.0,-8.5,,,0.0,0.0,0
946ab16f8cfe9004a0d3fc67ac8411d7,2025-11-22,Football_MarketBlend_v1,57.5,-8.25,AWAY,UNDER,-0.25,-0.5,0.75
946ab16f8cfe9004a0d3fc67ac8411d7,2025-11-22,Football_MarketConsensus_v1,58.0,-8.5,,,0.0,0.0,0
946ab16f8cfe9004a0d3fc67ac8411d7,2025-11-22,Football_SpreadValue_v1,58.0,-7.75,AWAY,,-0.75,0.0,0.75
946ab16f8cfe9004a0d3fc67ac8411d7,2025-11-22,Football_TotalValue_v1,57.0,-8.5,,UNDER,0.0,-1.0,1.0
95902da68b0cef406dd2413e4399a320,2025-09-20,Football_KeyNumberGuard_v1,52.0,11.0,,,0.0,0.0,0
95902da68b0cef406dd2413e4399a320,2025-09-20,Football_LineMovement_v1,52.0,11.0,,,0.0,0.0,0
95902da68b0cef406dd2413e4399a320,2025-09-20,Football_MarketBlend_v1,51.5,10.75,HOME,UNDER,0.25,-0.5,0.75
95902da68b0cef406dd2413e4399a320,2025-09-20,Football_MarketConsensus_v1,52.0,11.0,,,0.0,0.0,0
95902da68b0cef406dd2413e4399a320,2025-09-20,Football_SpreadValue_v1,52.0,10.25,HOME,,0.75,0.0,0.75
95902da68b0cef406dd2413e4399a320,2025-09-20,Football_TotalValue_v1,51.0,11.0,,UNDER,0.0,-1.0,1.0
95a5fa32d92ea8e02948487d72448740,2025-09-27,Football_KeyNumberGuard_v1,58.5,21.0,,,0.0,0.0,0
95a5fa32d92ea8e02948487d72448740,2025-09-27,Football_LineMovement_v1,58.5,21.0,,,0.0,0.0,0
95a5fa32d92ea8e02948487d72448740,2025-09-27,Football_MarketBlend_v1,58.0,20.75,HOME,UNDER,0.25,-0.5,0.75
95a5fa32d92ea8e02948487d72448740,2025-09-27,Football_MarketConsensus_v1,58.5,21.0,,,0.0,0.0,0
95a5fa32d92ea8e02948487d72448740,2025-09-27,Football_SpreadValue_v1,58.5,20.25,HOME,,0.75,0.0,0.75
95a5fa32d92ea8e02948487d72448740,2025-09-27,Football_TotalValue_v1,57.5,21.0,,UNDER,0.0,-1.0,1.0
964916986927738c0d73842de1dd51bd,2026-09-12,Football_KeyNumberGuard_v1,59.5,-45.5,,,0.0,0.0,0
964916986927738c0d73842de1dd51bd,2026-09-12,Football_LineMovement_v1,59.5,-45.5,,,0.0,0.0,0
964916986927738c0d73842de1dd51bd,2026-09-12,Football_MarketBlend_v1,59.0,-45.25,AWAY,UNDER,-0.25,-0.5,0.75
964916986927738c0d73842de1dd51bd,2026-09-12,Football_MarketConsensus_v1,59.5,-45.5,,,0.0,0.0,0
964916986927738c0d73842de1dd51bd,2026-09-12,Football_SpreadValue_v1,59.5,-44.75,AWAY,,-0.75,0.0,0.75
964916986927738c0d73842de1dd51bd,2026-09-12,Football_TotalValue_v1,58.5,-45.5,,UNDER,0.0,-1.0,1.0
968d201306e35699b83b5bb24289914c,2025-11-23,Football_KeyNumberGuard_v1,47.0,7.0,,,0.0,0.0,0
968d201306e35699b83b5bb24289914c,2025-11-23,Football_LineMovement_v1,47.0,7.0,,,0.0,0.0,0
968d201306e35699b83b5bb24289914c,2025-11-23,Football_MarketBlend_v1,46.5,6.75,,UNDER,0.25,-0.5,0.75
968d201306e35699b83b5bb24289914c,2025-11-23,Football_MarketConsensus_v1,47.0,7.0,,,0.0,0.0,0
968d201306e35699b83b5bb24289914c,2025-11-23,Football_SpreadValue_v1,47.0,6.25,HOME,,0.75,0.0,0.75
968d201306e35699b83b5bb24289914c,2025-11-23,Football_TotalValue_v1,46.0,7.0,,UNDER,0.0,-1.0,1.0
970b5191ee6e19666dfdec2eb19954ce,2025-10-18,Football_KeyNumberGuard_v1,51.5,7.0,,,0.0,0.0,0
970b5191ee6e19666dfdec2eb19954ce,2025-10-18,Football_LineMovement_v1,51.5,7.0,,,0.0,0.0,0
970b5191ee6e19666dfdec2eb19954ce,2025-10-18,Football_MarketBlend_v1,51.0,6.75,,UNDER,0.25,-0.5,0.75
970b5191ee6e19666dfdec2eb19954ce,2025-10-18,Football_MarketConsensus_v1,51.5,7.0,,,0.0,0.0,0
970b5191ee6e19666dfdec2eb19954ce,2025-10-18,Football_SpreadValue_v1,51.5,6.25,HOME,,0.75,0.0,0.75
970b5191ee6e19666dfdec2eb19954ce,2025-10-18,Football_TotalValue_v1,50.5,7.0,,UNDER,0.0,-1.0,1.0
98032c76517a301d3547a0224bb802f1,2025-10-05,Football_KeyNumberGuard_v1,55.0,3.0,,,0.0,0.0,0
98032c76517a301d3547a0224bb802f1,2025-10-05,Football_LineMovement_v1,55.0,3.0,,,0.0,0.0,0
98032c76517a301d3547a0224bb802f1,2025-10-05,Football_MarketBlend_v1,54.5,2.75,,UNDER,0.25,-0.5,0.75
98032c76517a301d3547a0224bb802f1,2025-10-05,Football_MarketConsensus_v1,55.0,3.0,,,0.0,0.0,0
98032c76517a301d3547a0224bb802f1,2025-10-05,Football_SpreadValue_v1,55.0,2.25,HOME,,0.75,0.0,0.75
98032c76517a301d3547a0224bb802f1,2025-10-05,Football_TotalValue_v1,54.0,3.0,,UNDER,0.0,-1.0,1.0
9821bdaca6409c7e1dfb70a4ec2ad3e2,2025-10-11,Football_KeyNumberGuard_v1,51.5,-7.0,,,0.0,0.0,0
9821bdaca6409c7e1dfb70a4ec2ad3e2,2025-10-11,Football_LineMovement_v1,51.5,-7.0,,,0.0,0.0,0
9821bdaca6409c7e1dfb70a4ec2ad3e2,2025-10-11,Football_MarketBlend_v1,51.0,-6.75,,UNDER,-0.25,-0.5,0.75
9821bdaca6409c7e1dfb70a4ec2ad3e2,2025-10-11,Football_MarketConsensus_v1,51.5,-7.0,,,0.0,0.0,0
9821bdaca6409c7e1dfb70a4ec2ad3e2,2025-10-11,Football_SpreadValue_v1,51.5,-6.25,AWAY,,-0.75,0.0,0.75
9821bdaca6409c7e1dfb70a4ec2ad3e2,2025-10-11,Football_TotalValue_v1,50.5,-7.0,,UNDER,0.0,-1.0,1.0
98355c397c652869253cd333094fd6a8,2025-11-29,Football_KeyNumberGuard_v1,49.5,-16.5,,,0.0,0.0,0
98355c397c652869253cd333094fd6a8,2025-11-29,Football_LineMovement_v1,49.5,-16.5,,,0.0,0.0,0
98355c397c652869253cd333094fd6a8,2025-11-29,Football_MarketBlend_v1,49.0,-16.25,AWAY,UNDER,-0.25,-0.5,0.75
98355c397c652869253cd333094fd6a8,2025-11-29,Football_MarketConsensus_v1,49.5,-16.5,,,0.0,0.0,0
98355c397c652869253cd333094fd6a8,2025-11-29,Football_SpreadValue_v1,49.5,-15.75,AWAY,,-0.75,0.0,0.75
98355c397c652869253cd333094fd6a8,2025-11-29,Football_TotalValue_v1,48.5,-16.5,,UNDER,0.0,-1.0,1.0
98b94390f0f573839b1e38252f37918b,2025-10-25,Football_KeyNumberGuard_v1,47.5,7.5,,,0.0,0.0,0
98b94390f0f573839b1e38252f37918b,2025-10-25,Football_LineMovement_v1,47.5,7.5,,,0.0,0.0,0
98b94390f0f573839b1e38252f37918b,2025-10-25,Football_MarketBlend_v1,47.0,7.25,,UNDER,0.25,-0.5,0.75
98b94390f0f573839b1e38252f37918b,2025-10-25,Football_MarketConsensus_v1,47.5,7.5,,,0.0,0.0,0
98b94390f0f573839b1e38252f37918b,2025-10-25,Football_SpreadValue_v1,47.5,6.75,HOME,,0.75,0.0,0.75
98b94390f0f573839b1e38252f37918b,2025-10-25,Football_TotalValue_v1,46.5,7.5,,UNDER,0.0,-1.0,1.0
98c92ca46c07070ed67047af259e07a9,2025-09-06,Football_KeyNumberGuard_v1,59.0,6.5,,,0.0,0.0,0
98c92ca46c07070ed67047af259e07a9,2025-09-06,Football_LineMovement_v1,59.0,6.5,,,0.0,0.0,0
98c92ca46c07070ed67047af259e07a9,2025-09-06,Football_MarketBlend_v1,58.5,6.25,,UNDER,0.25,-0.5,0.75
98c92ca46c07070ed67047af259e07a9,2025-09-06,Football_MarketConsensus_v1,59.0,6.5,,,0.0,0.0,0
98c92ca46c07070ed67047af259e07a9,2025-09-06,Football_SpreadValue_v1,59.0,5.75,HOME,,0.75,0.0,0.75
98c92ca46c07070ed67047af259e07a9,2025-09-06,Football_TotalValue_v1,58.0,6.5,,UNDER,0.0,-1.0,1.0
98cb354e78a2e035f0e5c36736d65f7e,2025-11-16,Football_KeyNumberGuard_v1,49.5,-5.0,,,0.0,0.0,0
98cb354e78a2e035f0e5c36736d65f7e,2025-11-16,Football_LineMovement_v1,49.5,-5.0,,,0.0,0.0,0
98cb354e78a2e035f0e5c36736d65f7e,2025-11-16,Football_MarketBlend_v1,49.0,-4.75,AWAY,UNDER,-0.25,-0.5,0.75
98cb354e78a2e035f0e5c36736d65f7e,2025-11-16,Football_MarketConsensus_v1,49.5,-5.0,,,0.0,0.0,0
98cb354e78a2e035f0e5c36736d65f7e,2025-11-16,Football_SpreadValue_v1,49.5,-4.25,AWAY,,-0.75,0.0,0.75
98cb354e78a2e035f0e5c36736d65f7e,2025-11-16,Football_TotalValue_v1,48.5,-5.0,,UNDER,0.0,-1.0,1.0
997d540a1f3e018bb3fc40d4d6789463,2025-10-25,Football_KeyNumberGuard_v1,54.5,8.0,,,0.0,0.0,0
997d540a1f3e018bb3fc40d4d6789463,2025-10-25,Football_LineMovement_v1,54.5,8.0,,,0.0,0.0,0
997d540a1f3e018bb3fc40d4d6789463,2025-10-25,Football_MarketBlend_v1,54.0,7.75,HOME,UNDER,0.25,-0.5,0.75
997d540a1f3e018bb3fc40d4d6789463,2025-10-25,Football_MarketConsensus_v1,54.5,8.0,,,0.0,0.0,0
997d540a1f3e018bb3fc40d4d6789463,2025-10-25,Football_SpreadValue_v1,54.5,7.25,HOME,,0.75,0.0,0.75
997d540a1f3e018bb3fc40d4d6789463,2025-10-25,Football_TotalValue_v1,53.5,8.0,,UNDER,0.0,-1.0,1.0
99a767848857d6a003492e414c23cfd2,2025-10-25,Football_KeyNumberGuard_v1,67.5,-3.5,,,0.0,0.0,0
99a767848857d6a003492e414c23cfd2,2025-10-25,Football_LineMovement_v1,67.5,-3.5,,,0.0,0.0,0
99a767848857d6a003492e414c23cfd2,2025-10-25,Football_MarketBlend_v1,67.0,-3.25,,UNDER,-0.25,-0.5,0.75
99a767848857d6a003492e414c23cfd2,2025-10-25,Football_MarketConsensus_v1,67.5,-3.5,,,0.0,0.0,0
99a767848857d6a003492e414c23cfd2,2025-10-25,Football_SpreadValue_v1,67.5,-2.75,AWAY,,-0.75,0.0,0.75
99a767848857d6a003492e414c23cfd2,2025-10-25,Football_TotalValue_v1,66.5,-3.5,,UNDER,0.0,-1.0,1.0
99aa25f6c7299ea1a9b444ef813a9770,2025-08-31,Football_KeyNumberGuard_v1,58.0,-23.5,,,0.0,0.0,0
99aa25f6c7299ea1a9b444ef813a9770,2025-08-31,Football_LineMovement_v1,58.0,-23.5,,,0.0,0.0,0
99aa25f6c7299ea1a9b444ef813a9770,2025-08-31,Football_MarketBlend_v1,57.5,-23.25,AWAY,UNDER,-0.25,-0.5,0.75
99aa25f6c7299ea1a9b444ef813a9770,2025-08-31,Football_MarketConsensus_v1,58.0,-23.5,,,0.0,0.0,0
99aa25f6c7299ea1a9b444ef813a9770,2025-08-31,Football_SpreadValue_v1,58.0,-22.75,AWAY,,-0.75,0.0,0.75
99aa25f6c7299ea1a9b444ef813a9770,2025-08-31,Football_TotalValue_v1,57.0,-23.5,,UNDER,0.0,-1.0,1.0
99b1cbd48d6128850573b38308b57711,2025-10-25,Football_KeyNumberGuard_v1,47.5,-4.5,,,0.0,0.0,0
99b1cbd48d6128850573b38308b57711,2025-10-25,Football_LineMovement_v1,47.5,-4.5,,,0.0,0.0,0
99b1cbd48d6128850573b38308b57711,2025-10-25,Football_MarketBlend_v1,47.0,-4.25,AWAY,UNDER,-0.25,-0.5,0.75
99b1cbd48d6128850573b38308b57711,2025-10-25,Football_MarketConsensus_v1,47.5,-4.5,,,0.0,0.0,0
99b1cbd48d6128850573b38308b57711,2025-10-25,Football_SpreadValue_v1,47.5,-3.75,AWAY,,-0.75,0.0,0.75
99b1cbd48d6128850573b38308b57711,2025-10-25,Football_TotalValue_v1,46.5,-4.5,,UNDER,0.0,-1.0,1.0
9a9297190f7b672f20a8c2169e4e0dda,2025-09-06,Football_KeyNumberGuard_v1,53.5,-14.0,,,0.0,0.0,0
9a9297190f7b672f20a8c2169e4e0dda,2025-09-06,Football_LineMovement_v1,53.5,-14.0,,,0.0,0.0,0
9a9297190f7b672f20a8c2169e4e0dda,2025-09-06,Football_MarketBlend_v1,53.0,-13.75,AWAY,UNDER,-0.25,-0.5,0.75
9a9297190f7b672f20a8c2169e4e0dda,2025-09-06,Football_MarketConsensus_v1,53.5,-14.0,,,0.0,0.0,0
9a9297190f7b672f20a8c2169e4e0dda,2025-09-06,Football_SpreadValue_v1,53.5,-13.25,AWAY,,-0.75,0.0,0.75
9a9297190f7b672f20a8c2169e4e0dda,2025-09-06,Football_TotalValue_v1,52.5,-14.0,,UNDER,0.0,-1.0,1.0
9a98b243fbc72d5438eb3445e054b915,2025-10-11,Football_KeyNumberGuard_v1,59.5,-23.5,,,0.0,0.0,0
9a98b243fbc72d5438eb3445e054b915,2025-10-11,Football_LineMovement_v1,59.5,-23.5,,,0.0,0.0,0
9a98b243fbc72d5438eb3445e054b915,2025-10-11,Football_MarketBlend_v1,59.0,-23.25,AWAY,UNDER,-0.25,-0.5,0.75
9a98b243fbc72d5438eb3445e054b915,2025-10-11,Football_MarketConsensus_v1,59.5,-23.5,,,0.0,0.0,0
9a98b243fbc72d5438eb3445e054b915,2025-10-11,Football_SpreadValue_v1,59.5,-22.75,AWAY,,-0.75,0.0,0.75
9a98b243fbc72d5438eb3445e054b915,2025-10-11,Football_TotalValue_v1,58.5,-23.5,,UNDER,0.0,-1.0,1.0
9ab397bd666c0c0bfe6f8ad0305a0120,2025-11-13,Football_KeyNumberGuard_v1,44.0,-2.0,,,0.0,0.0,0
9ab397bd666c0c0bfe6f8ad0305a0120,2025-11-13,Football_LineMovement_v1,44.0,-2.0,,,0.0,0.0,0
9ab397bd666c0c0bfe6f8ad0305a0120,2025-11-13,Football_MarketBlend_v1,44.5,-1.75,AWAY,OVER,-0.25,0.5,0.75
9ab397bd666c0c0bfe6f8ad0305a0120,2025-11-13,Football_MarketConsensus_v1,44.0,-2.0,,,0.0,0.0,0
9ab397bd666c0c0bfe6f8ad0305a0120,2025-11-13,Football_SpreadValue_v1,44.0,-1.25,AWAY,,-0.75,0.0,0.75
9ab397bd666c0c0bfe6f8ad0305a0120,2025-11-13,Football_TotalValue_v1,45.0,-2.0,,OVER,0.0,1.0,1.0
9ae9257ec6ad7304073eab4e09b08569,2025-10-18,Football_KeyNumberGuard_v1,47.5,-12.5,,,0.0,0.0,0
9ae9257ec6ad7304073eab4e09b08569,2025-10-18,Football_LineMovement_v1,47.5,-12.5,,,0.0,0.0,0
9ae9257ec6ad7304073eab4e09b08569,2025-10-18,Football_MarketBlend_v1,47.0,-12.25,AWAY,UNDER,-0.25,-0.5,0.75
9ae9257ec6ad7304073eab4e09b08569,2025-10-18,Football_MarketConsensus_v1,47.5,-12.5,,,0.0,0.0,0
9ae9257ec6ad7304073eab4e09b08569,2025-10-18,Football_SpreadValue_v1,47.5,-11.75,AWAY,,-0.75,0.0,0.75
9ae9257ec6ad7304073eab4e09b08569,2025-10-18,Football_TotalValue_v1,46.5,-12.5,,UNDER,0.0,-1.0,1.0
9af91cb4d445ab55fec6eb8d60e079f8,2025-10-04,Football_KeyNumberGuard_v1,54.0,-20.0,,,0.0,0.0,0
9af91cb4d445ab55fec6eb8d60e079f8,2025-10-04,Football_LineMovement_v1,54.0,-20.0,,,0.0,0.0,0
9af91cb4d445ab55fec6eb8d60e079f8,2025-10-04,Football_MarketBlend_v1,53.5,-19.75,AWAY,UNDER,-0.25,-0.5,0.75
9af91cb4d445ab55fec6eb8d60e079f8,2025-10-04,Football_MarketConsensus_v1,54.0,-20.0,,,0.0,0.0,0
9af91cb4d445ab55fec6eb8d60e079f8,2025-10-04,Football_SpreadValue_v1,54.0,-19.25,AWAY,,-0.75,0.0,0.75
9af91cb4d445ab55fec6eb8d60e079f8,2025-10-04,Football_TotalValue_v1,53.0,-20.0,,UNDER,0.0,-1.0,1.0
9b246ebb525b38decbb86a8e6f23c76f,2026-09-13,Football_KeyNumberGuard_v1,55.5,-44.5,,,0.0,0.0,0
9b246ebb525b38decbb86a8e6f23c76f,2026-09-13,Football_LineMovement_v1,55.5,-44.5,,,0.0,0.0,0
9b246ebb525b38decbb86a8e6f23c76f,2026-09-13,Football_MarketBlend_v1,55.0,-44.25,AWAY,UNDER,-0.25,-0.5,0.75
9b246ebb525b38decbb86a8e6f23c76f,2026-09-13,Football_MarketConsensus_v1,55.5,-44.5,,,0.0,0.0,0
9b246ebb525b38decbb86a8e6f23c76f,2026-09-13,Football_SpreadValue_v1,55.5,-43.75,AWAY,,-0.75,0.0,0.75
9b246ebb525b38decbb86a8e6f23c76f,2026-09-13,Football_TotalValue_v1,54.5,-44.5,,UNDER,0.0,-1.0,1.0
9b3e942a28f2b0df98e0c79c83864a15,2025-10-04,Football_KeyNumberGuard_v1,47.0,1.5,,,0.0,0.0,0
9b3e942a28f2b0df98e0c79c83864a15,2025-10-04,Football_LineMovement_v1,47.0,1.5,,,0.0,0.0,0
9b3e942a28f2b0df98e0c79c83864a15,2025-10-04,Football_MarketBlend_v1,46.5,1.25,HOME,UNDER,0.25,-0.5,0.75
9b3e942a28f2b0df98e0c79c83864a15,2025-10-04,Football_MarketConsensus_v1,47.0,1.5,,,0.0,0.0,0
9b3e942a28f2b0df98e0c79c83864a15,2025-10-04,Football_SpreadValue_v1,47.0,0.75,HOME,,0.75,0.0,0.75
9b3e942a28f2b0df98e0c79c83864a15,2025-10-04,Football_TotalValue_v1,46.0,1.5,,UNDER,0.0,-1.0,1.0
9b6d6f80e0ec371b59331e46a21700b3,2026-01-02,Football_KeyNumberGuard_v1,,-17.5,,,0.0,,0
9b6d6f80e0ec371b59331e46a21700b3,2026-01-02,Football_LineMovement_v1,,-17.5,,,0.0,,0
9b6d6f80e0ec371b59331e46a21700b3,2026-01-02,Football_MarketBlend_v1,,-17.25,AWAY,,-0.25,,0.25
9b6d6f80e0ec371b59331e46a21700b3,2026-01-02,Football_MarketConsensus_v1,,-17.5,,,0.0,,0
9b6d6f80e0ec371b59331e46a21700b3,2026-01-02,Football_SpreadValue_v1,,-16.75,AWAY,,-0.75,,0.75
9b6d6f80e0ec371b59331e46a21700b3,2026-01-02,Football_TotalValue_v1,,-17.5,,,0.0,,0
9bdaf2860fd82da8bc0fcc5c38d66323,2025-08-30,Football_KeyNumberGuard_v1,55.5,-40.5,,,0.0,0.0,0
9bdaf2860fd82da8bc0fcc5c38d66323,2025-08-30,Football_LineMovement_v1,55.5,-40.5,,,0.0,0.0,0
9bdaf2860fd82da8bc0fcc5c38d66323,2025-08-30,Football_MarketBlend_v1,55.0,-40.25,AWAY,UNDER,-0.25,-0.5,0.75
9bdaf2860fd82da8bc0fcc5c38d66323,2025-08-30,Football_MarketConsensus_v1,55.5,-40.5,,,0.0,0.0,0
9bdaf2860fd82da8bc0fcc5c38d66323,2025-08-30,Football_SpreadValue_v1,55.5,-39.75,AWAY,,-0.75,0.0,0.75
9bdaf2860fd82da8bc0fcc5c38d66323,2025-08-30,Football_TotalValue_v1,54.5,-40.5,,UNDER,0.0,-1.0,1.0
9c00e60e6d66a511cce53c0a0f5bde43,2025-09-27,Football_KeyNumberGuard_v1,63.5,5.0,,,0.0,0.0,0
9c00e60e6d66a511cce53c0a0f5bde43,2025-09-27,Football_LineMovement_v1,63.5,5.0,,,0.0,0.0,0
9c00e60e6d66a511cce53c0a0f5bde43,2025-09-27,Football_MarketBlend_v1,63.0,4.75,HOME,UNDER,0.25,-0.5,0.75
9c00e60e6d66a511cce53c0a0f5bde43,2025-09-27,Football_MarketConsensus_v1,63.5,5.0,,,0.0,0.0,0
9c00e60e6d66a511cce53c0a0f5bde43,2025-09-27,Football_SpreadValue_v1,63.5,4.25,HOME,,0.75,0.0,0.75
9c00e60e6d66a511cce53c0a0f5bde43,2025-09-27,Football_TotalValue_v1,62.5,5.0,,UNDER,0.0,-1.0,1.0
9c020bd7d3fb34116f63a1e56ef90b74,2025-11-09,Football_KeyNumberGuard_v1,45.0,0.0,,,0.0,0.0,0
9c020bd7d3fb34116f63a1e56ef90b74,2025-11-09,Football_LineMovement_v1,45.0,0.0,,,0.0,0.0,0
9c020bd7d3fb34116f63a1e56ef90b74,2025-11-09,Football_MarketBlend_v1,44.5,0.25,AWAY,UNDER,-0.25,-0.5,0.75
9c020bd7d3fb34116f63a1e56ef90b74,2025-11-09,Football_MarketConsensus_v1,45.0,0.0,,,0.0,0.0,0
9c020bd7d3fb34116f63a1e56ef90b74,2025-11-09,Football_SpreadValue_v1,45.0,0.75,AWAY,,-0.75,0.0,0.75
9c020bd7d3fb34116f63a1e56ef90b74,2025-11-09,Football_TotalValue_v1,44.0,0.0,,UNDER,0.0,-1.0,1.0
9c026fa3f51d3e506190c9512e71960a,2025-12-30,Football_KeyNumberGuard_v1,61.5,3.0,,,0.0,0.0,0
9c026fa3f51d3e506190c9512e71960a,2025-12-30,Football_LineMovement_v1,61.5,3.0,,,0.0,0.0,0
9c026fa3f51d3e506190c9512e71960a,2025-12-30,Football_MarketBlend_v1,61.0,2.75,,UNDER,0.25,-0.5,0.75
9c026fa3f51d3e506190c9512e71960a,2025-12-30,Football_MarketConsensus_v1,61.5,3.0,,,0.0,0.0,0
9c026fa3f51d3e506190c9512e71960a,2025-12-30,Football_SpreadValue_v1,61.5,2.25,HOME,,0.75,0.0,0.75
9c026fa3f51d3e506190c9512e71960a,2025-12-30,Football_TotalValue_v1,60.5,3.0,,UNDER,0.0,-1.0,1.0
9c639867b2791002bb123f03e36d3ea5,2025-12-27,Football_KeyNumberGuard_v1,55.5,-3.5,,,0.0,0.0,0
9c639867b2791002bb123f03e36d3ea5,2025-12-27,Football_LineMovement_v1,55.5,-3.5,,,0.0,0.0,0
9c639867b2791002bb123f03e36d3ea5,2025-12-27,Football_MarketBlend_v1,55.0,-3.25,,UNDER,-0.25,-0.5,0.75
9c639867b2791002bb123f03e36d3ea5,2025-12-27,Football_MarketConsensus_v1,55.5,-3.5,,,0.0,0.0,0
9c639867b2791002bb123f03e36d3ea5,2025-12-27,Football_SpreadValue_v1,55.5,-2.75,AWAY,,-0.75,0.0,0.75
9c639867b2791002bb123f03e36d3ea5,2025-12-27,Football_TotalValue_v1,54.5,-3.5,,UNDER,0.0,-1.0,1.0
9c8c520f16b3fec7180880aa3a8305f6,2025-09-06,Football_KeyNumberGuard_v1,52.5,-36.5,,,0.0,0.0,0
9c8c520f16b3fec7180880aa3a8305f6,2025-09-06,Football_LineMovement_v1,52.5,-36.5,,,0.0,0.0,0
9c8c520f16b3fec7180880aa3a8305f6,2025-09-06,Football_MarketBlend_v1,52.0,-36.25,AWAY,UNDER,-0.25,-0.5,0.75
9c8c520f16b3fec7180880aa3a8305f6,2025-09-06,Football_MarketConsensus_v1,52.5,-36.5,,,0.0,0.0,0
9c8c520f16b3fec7180880aa3a8305f6,2025-09-06,Football_SpreadValue_v1,52.5,-35.75,AWAY,,-0.75,0.0,0.75
9c8c520f16b3fec7180880aa3a8305f6,2025-09-06,Football_TotalValue_v1,51.5,-36.5,,UNDER,0.0,-1.0,1.0
9ca7b95362e9caa4742659555a1765f4,2025-08-30,Football_KeyNumberGuard_v1,62.5,-47.0,,,0.0,0.0,0
9ca7b95362e9caa4742659555a1765f4,2025-08-30,Football_LineMovement_v1,62.5,-47.0,,,0.0,0.0,0
9ca7b95362e9caa4742659555a1765f4,2025-08-30,Football_MarketBlend_v1,62.0,-46.75,AWAY,UNDER,-0.25,-0.5,0.75
9ca7b95362e9caa4742659555a1765f4,2025-08-30,Football_MarketConsensus_v1,62.5,-47.0,,,0.0,0.0,0
9ca7b95362e9caa4742659555a1765f4,2025-08-30,Football_SpreadValue_v1,62.5,-46.25,AWAY,,-0.75,0.0,0.75
9ca7b95362e9caa4742659555a1765f4,2025-08-30,Football_TotalValue_v1,61.5,-47.0,,UNDER,0.0,-1.0,1.0
9cbec31b71841a2e3c176c793476259c,2025-09-21,Football_KeyNumberGuard_v1,58.5,4.5,,,0.0,0.0,0
9cbec31b71841a2e3c176c793476259c,2025-09-21,Football_LineMovement_v1,58.5,4.5,,,0.0,0.0,0
9cbec31b71841a2e3c176c793476259c,2025-09-21,Football_MarketBlend_v1,58.0,4.25,HOME,UNDER,0.25,-0.5,0.75
9cbec31b71841a2e3c176c793476259c,2025-09-21,Football_MarketConsensus_v1,58.5,4.5,,,0.0,0.0,0
9cbec31b71841a2e3c176c793476259c,2025-09-21,Football_SpreadValue_v1,58.5,3.75,HOME,,0.75,0.0,0.75
9cbec31b71841a2e3c176c793476259c,2025-09-21,Football_TotalValue_v1,57.5,4.5,,UNDER,0.0,-1.0,1.0
9cfd27bf66c6a8328d7ac615cbee50fc,2025-10-30,Football_KeyNumberGuard_v1,50.5,-3.5,,,0.0,0.0,0
9cfd27bf66c6a8328d7ac615cbee50fc,2025-10-30,Football_LineMovement_v1,50.5,-3.5,,,0.0,0.0,0
9cfd27bf66c6a8328d7ac615cbee50fc,2025-10-30,Football_MarketBlend_v1,50.0,-3.25,,UNDER,-0.25,-0.5,0.75
9cfd27bf66c6a8328d7ac615cbee50fc,2025-10-30,Football_MarketConsensus_v1,50.5,-3.5,,,0.0,0.0,0
9cfd27bf66c6a8328d7ac615cbee50fc,2025-10-30,Football_SpreadValue_v1,50.5,-2.75,AWAY,,-0.75,0.0,0.75
9cfd27bf66c6a8328d7ac615cbee50fc,2025-10-30,Football_TotalValue_v1,49.5,-3.5,,UNDER,0.0,-1.0,1.0
9d06a9977b4d0299fa17257634f2123d,2025-08-30,Football_KeyNumberGuard_v1,59.5,-36.0,,,0.0,0.0,0
9d06a9977b4d0299fa17257634f2123d,2025-08-30,Football_LineMovement_v1,59.5,-36.0,,,0.0,0.0,0
9d06a9977b4d0299fa17257634f2123d,2025-08-30,Football_MarketBlend_v1,59.0,-35.75,AWAY,UNDER,-0.25,-0.5,0.75
9d06a9977b4d0299fa17257634f2123d,2025-08-30,Football_MarketConsensus_v1,59.5,-36.0,,,0.0,0.0,0
9d06a9977b4d0299fa17257634f2123d,2025-08-30,Football_SpreadValue_v1,59.5,-35.25,AWAY,,-0.75,0.0,0.75
9d06a9977b4d0299fa17257634f2123d,2025-08-30,Football_TotalValue_v1,58.5,-36.0,,UNDER,0.0,-1.0,1.0
9d110dc5627ec6c7593c880dcb906fa9,2025-10-16,Football_KeyNumberGuard_v1,54.0,-17.0,,,0.0,0.0,0
9d110dc5627ec6c7593c880dcb906fa9,2025-10-16,Football_LineMovement_v1,54.0,-17.0,,,0.0,0.0,0
9d110dc5627ec6c7593c880dcb906fa9,2025-10-16,Football_MarketBlend_v1,53.5,-16.75,AWAY,UNDER,-0.25,-0.5,0.75
9d110dc5627ec6c7593c880dcb906fa9,2025-10-16,Football_MarketConsensus_v1,54.0,-17.0,,,0.0,0.0,0
9d110dc5627ec6c7593c880dcb906fa9,2025-10-16,Football_SpreadValue_v1,54.0,-16.25,AWAY,,-0.75,0.0,0.75
9d110dc5627ec6c7593c880dcb906fa9,2025-10-16,Football_TotalValue_v1,53.0,-17.0,,UNDER,0.0,-1.0,1.0
9d1789382895a78e49e86838a9f8c44d,2025-09-20,Football_KeyNumberGuard_v1,50.5,-14.0,,,0.0,0.0,0
9d1789382895a78e49e86838a9f8c44d,2025-09-20,Football_LineMovement_v1,50.5,-14.0,,,0.0,0.0,0
9d1789382895a78e49e86838a9f8c44d,2025-09-20,Football_MarketBlend_v1,50.0,-13.75,AWAY,UNDER,-0.25,-0.5,0.75
9d1789382895a78e49e86838a9f8c44d,2025-09-20,Football_MarketConsensus_v1,50.5,-14.0,,,0.0,0.0,0
9d1789382895a78e49e86838a9f8c44d,2025-09-20,Football_SpreadValue_v1,50.5,-13.25,AWAY,,-0.75,0.0,0.75
9d1789382895a78e49e86838a9f8c44d,2025-09-20,Football_TotalValue_v1,49.5,-14.0,,UNDER,0.0,-1.0,1.0
9d54a50182205f4d1c75bb7616993cf0,2025-11-30,Football_KeyNumberGuard_v1,57.5,-28.5,,,0.0,0.0,0
9d54a50182205f4d1c75bb7616993cf0,2025-11-30,Football_LineMovement_v1,57.5,-28.5,,,0.0,0.0,0
9d54a50182205f4d1c75bb7616993cf0,2025-11-30,Football_MarketBlend_v1,57.0,-28.25,AWAY,UNDER,-0.25,-0.5,0.75
9d54a50182205f4d1c75bb7616993cf0,2025-11-30,Football_MarketConsensus_v1,57.5,-28.5,,,0.0,0.0,0
9d54a50182205f4d1c75bb7616993cf0,2025-11-30,Football_SpreadValue_v1,57.5,-27.75,AWAY,,-0.75,0.0,0.75
9d54a50182205f4d1c75bb7616993cf0,2025-11-30,Football_TotalValue_v1,56.5,-28.5,,UNDER,0.0,-1.0,1.0
9d83b5d81e825f63cd4bbb1f75f1a508,2026-09-05,Football_KeyNumberGuard_v1,52.5,-43.0,,,0.0,0.0,0
9d83b5d81e825f63cd4bbb1f75f1a508,2026-09-05,Football_LineMovement_v1,52.5,-43.0,,,0.0,0.0,0
9d83b5d81e825f63cd4bbb1f75f1a508,2026-09-05,Football_MarketBlend_v1,52.0,-42.75,AWAY,UNDER,-0.25,-0.5,0.75
9d83b5d81e825f63cd4bbb1f75f1a508,2026-09-05,Football_MarketConsensus_v1,52.5,-43.0,,,0.0,0.0,0
9d83b5d81e825f63cd4bbb1f75f1a508,2026-09-05,Football_SpreadValue_v1,52.5,-42.25,AWAY,,-0.75,0.0,0.75
9d83b5d81e825f63cd4bbb1f75f1a508,2026-09-05,Football_TotalValue_v1,51.5,-43.0,,UNDER,0.0,-1.0,1.0
9ec692ed45038a7318dd884505ec19c0,2025-08-30,Football_KeyNumberGuard_v1,51.25,-25.5,,,0.0,0.0,0
9ec692ed45038a7318dd884505ec19c0,2025-08-30,Football_LineMovement_v1,51.25,-25.5,,,0.0,0.0,0
9ec692ed45038a7318dd884505ec19c0,2025-08-30,Football_MarketBlend_v1,50.75,-25.25,AWAY,UNDER,-0.25,-0.5,0.75
9ec692ed45038a7318dd884505ec19c0,2025-08-30,Football_MarketConsensus_v1,51.25,-25.5,,,0.0,0.0,0
9ec692ed45038a7318dd884505ec19c0,2025-08-30,Football_SpreadValue_v1,51.25,-24.75,AWAY,,-0.75,0.0,0.75
9ec692ed45038a7318dd884505ec19c0,2025-08-30,Football_TotalValue_v1,50.25,-25.5,,UNDER,0.0,-1.0,1.0
9ecbb88fcab392aaa87a855d9b592269,2025-11-22,Football_KeyNumberGuard_v1,53.0,0.0,,,0.0,0.0,0
9ecbb88fcab392aaa87a855d9b592269,2025-11-22,Football_LineMovement_v1,53.0,0.0,,,0.0,0.0,0
9ecbb88fcab392aaa87a855d9b592269,2025-11-22,Football_MarketBlend_v1,52.5,0.25,AWAY,UNDER,-0.25,-0.5,0.75
9ecbb88fcab392aaa87a855d9b592269,2025-11-22,Football_MarketConsensus_v1,53.0,0.0,,,0.0,0.0,0
9ecbb88fcab392aaa87a855d9b592269,2025-11-22,Football_SpreadValue_v1,53.0,0.75,AWAY,,-0.75,0.0,0.75
9ecbb88fcab392aaa87a855d9b592269,2025-11-22,Football_TotalValue_v1,52.0,0.0,,UNDER,0.0,-1.0,1.0
9f0b65a8f99dd25660e14da120f3f49b,2025-09-06,Football_KeyNumberGuard_v1,49.5,-37.0,,,0.0,0.0,0
9f0b65a8f99dd25660e14da120f3f49b,2025-09-06,Football_LineMovement_v1,49.5,-37.0,,,0.0,0.0,0
9f0b65a8f99dd25660e14da120f3f49b,2025-09-06,Football_MarketBlend_v1,49.0,-36.75,AWAY,UNDER,-0.25,-0.5,0.75
9f0b65a8f99dd25660e14da120f3f49b,2025-09-06,Football_MarketConsensus_v1,49.5,-37.0,,,0.0,0.0,0
9f0b65a8f99dd25660e14da120f3f49b,2025-09-06,Football_SpreadValue_v1,49.5,-36.25,AWAY,,-0.75,0.0,0.75
9f0b65a8f99dd25660e14da120f3f49b,2025-09-06,Football_TotalValue_v1,48.5,-37.0,,UNDER,0.0,-1.0,1.0
9f0c39a454dbb72e6d5d3d8175d63f24,2025-09-25,Football_KeyNumberGuard_v1,52.5,-4.0,,,0.0,0.0,0
9f0c39a454dbb72e6d5d3d8175d63f24,2025-09-25,Football_LineMovement_v1,52.5,-4.0,,,0.0,0.0,0
9f0c39a454dbb72e6d5d3d8175d63f24,2025-09-25,Football_MarketBlend_v1,52.0,-3.75,AWAY,UNDER,-0.25,-0.5,0.75
9f0c39a454dbb72e6d5d3d8175d63f24,2025-09-25,Football_MarketConsensus_v1,52.5,-4.0,,,0.0,0.0,0
9f0c39a454dbb72e6d5d3d8175d63f24,2025-09-25,Football_SpreadValue_v1,52.5,-3.25,AWAY,,-0.75,0.0,0.75
9f0c39a454dbb72e6d5d3d8175d63f24,2025-09-25,Football_TotalValue_v1,51.5,-4.0,,UNDER,0.0,-1.0,1.0
9f28051e129f9d7c9b1592843975f35e,2025-09-13,Football_KeyNumberGuard_v1,51.5,-38.75,,,0.0,0.0,0
9f28051e129f9d7c9b1592843975f35e,2025-09-13,Football_LineMovement_v1,51.5,-38.75,,,0.0,0.0,0
9f28051e129f9d7c9b1592843975f35e,2025-09-13,Football_MarketBlend_v1,51.0,-38.5,AWAY,UNDER,-0.25,-0.5,0.75
9f28051e129f9d7c9b1592843975f35e,2025-09-13,Football_MarketConsensus_v1,51.5,-38.75,,,0.0,0.0,0
9f28051e129f9d7c9b1592843975f35e,2025-09-13,Football_SpreadValue_v1,51.5,-38.0,AWAY,,-0.75,0.0,0.75
9f28051e129f9d7c9b1592843975f35e,2025-09-13,Football_TotalValue_v1,50.5,-38.75,,UNDER,0.0,-1.0,1.0
9f7eb2d2b2e7b68f14a18a521765e53b,2025-10-18,Football_KeyNumberGuard_v1,62.5,21.5,,,0.0,0.0,0
9f7eb2d2b2e7b68f14a18a521765e53b,2025-10-18,Football_LineMovement_v1,62.5,21.5,,,0.0,0.0,0
9f7eb2d2b2e7b68f14a18a521765e53b,2025-10-18,Football_MarketBlend_v1,62.0,21.25,HOME,UNDER,0.25,-0.5,0.75
9f7eb2d2b2e7b68f14a18a521765e53b,2025-10-18,Football_MarketConsensus_v1,62.5,21.5,,,0.0,0.0,0
9f7eb2d2b2e7b68f14a18a521765e53b,2025-10-18,Football_SpreadValue_v1,62.5,20.75,HOME,,0.75,0.0,0.75
9f7eb2d2b2e7b68f14a18a521765e53b,2025-10-18,Football_TotalValue_v1,61.5,21.5,,UNDER,0.0,-1.0,1.0
9fbbf6305606ac80e7d6e50d06e0fe00,2025-12-19,Football_KeyNumberGuard_v1,57.0,-3.5,,,0.0,0.0,0
9fbbf6305606ac80e7d6e50d06e0fe00,2025-12-19,Football_LineMovement_v1,57.0,-3.5,,,0.0,0.0,0
9fbbf6305606ac80e7d6e50d06e0fe00,2025-12-19,Football_MarketBlend_v1,56.5,-3.25,,UNDER,-0.25,-0.5,0.75
9fbbf6305606ac80e7d6e50d06e0fe00,2025-12-19,Football_MarketConsensus_v1,57.0,-3.5,,,0.0,0.0,0
9fbbf6305606ac80e7d6e50d06e0fe00,2025-12-19,Football_SpreadValue_v1,57.0,-2.75,AWAY,,-0.75,0.0,0.75
9fbbf6305606ac80e7d6e50d06e0fe00,2025-12-19,Football_TotalValue_v1,56.0,-3.5,,UNDER,0.0,-1.0,1.0
9fd9a11eec7dbd74c2164ed2415336c2,2025-10-11,Football_KeyNumberGuard_v1,50.5,-2.5,,,0.0,0.0,0
9fd9a11eec7dbd74c2164ed2415336c2,2025-10-11,Football_LineMovement_v1,50.5,-2.5,,,0.0,0.0,0
9fd9a11eec7dbd74c2164ed2415336c2,2025-10-11,Football_MarketBlend_v1,50.0,-2.25,,UNDER,-0.25,-0.5,0.75
9fd9a11eec7dbd74c2164ed2415336c2,2025-10-11,Football_MarketConsensus_v1,50.5,-2.5,,,0.0,0.0,0
9fd9a11eec7dbd74c2164ed2415336c2,2025-10-11,Football_SpreadValue_v1,50.5,-1.75,AWAY,,-0.75,0.0,0.75
9fd9a11eec7dbd74c2164ed2415336c2,2025-10-11,Football_TotalValue_v1,49.5,-2.5,,UNDER,0.0,-1.0,1.0
a007e86de8d7082641da38233ddeb1b7,2025-09-20,Football_KeyNumberGuard_v1,51.0,-26.5,,,0.0,0.0,0
a007e86de8d7082641da38233ddeb1b7,2025-09-20,Football_LineMovement_v1,51.0,-26.5,,,0.0,0.0,0
a007e86de8d7082641da38233ddeb1b7,2025-09-20,Football_MarketBlend_v1,50.5,-26.25,AWAY,UNDER,-0.25,-0.5,0.75
a007e86de8d7082641da38233ddeb1b7,2025-09-20,Football_MarketConsensus_v1,51.0,-26.5,,,0.0,0.0,0
a007e86de8d7082641da38233ddeb1b7,2025-09-20,Football_SpreadValue_v1,51.0,-25.75,AWAY,,-0.75,0.0,0.75
a007e86de8d7082641da38233ddeb1b7,2025-09-20,Football_TotalValue_v1,50.0,-26.5,,UNDER,0.0,-1.0,1.0
a0726b9498032688269d61facad7a939,2025-10-11,Football_KeyNumberGuard_v1,47.5,2.0,,,0.0,0.0,0
a0726b9498032688269d61facad7a939,2025-10-11,Football_LineMovement_v1,47.5,2.0,,,0.0,0.0,0
a0726b9498032688269d61facad7a939,2025-10-11,Football_MarketBlend_v1,47.0,1.75,HOME,UNDER,0.25,-0.5,0.75
a0726b9498032688269d61facad7a939,2025-10-11,Football_MarketConsensus_v1,47.5,2.0,,,0.0,0.0,0
a0726b9498032688269d61facad7a939,2025-10-11,Football_SpreadValue_v1,47.5,1.25,HOME,,0.75,0.0,0.75
a0726b9498032688269d61facad7a939,2025-10-11,Football_TotalValue_v1,46.5,2.0,,UNDER,0.0,-1.0,1.0
a08a377ac132421947dc9f8d802f82f9,2025-12-27,Football_KeyNumberGuard_v1,52.5,7.0,,,0.0,0.0,0
a08a377ac132421947dc9f8d802f82f9,2025-12-27,Football_LineMovement_v1,52.5,7.0,,,0.0,0.0,0
a08a377ac132421947dc9f8d802f82f9,2025-12-27,Football_MarketBlend_v1,52.0,6.75,,UNDER,0.25,-0.5,0.75
a08a377ac132421947dc9f8d802f82f9,2025-12-27,Football_MarketConsensus_v1,52.5,7.0,,,0.0,0.0,0
a08a377ac132421947dc9f8d802f82f9,2025-12-27,Football_SpreadValue_v1,52.5,6.25,HOME,,0.75,0.0,0.75
a08a377ac132421947dc9f8d802f82f9,2025-12-27,Football_TotalValue_v1,51.5,7.0,,UNDER,0.0,-1.0,1.0
a0ce391a3e1dcc42703e273e7cd43308,2025-10-11,Football_KeyNumberGuard_v1,68.5,-10.0,,,0.0,0.0,0
a0ce391a3e1dcc42703e273e7cd43308,2025-10-11,Football_LineMovement_v1,68.5,-10.0,,,0.0,0.0,0
a0ce391a3e1dcc42703e273e7cd43308,2025-10-11,Football_MarketBlend_v1,68.0,-9.75,,UNDER,-0.25,-0.5,0.75
a0ce391a3e1dcc42703e273e7cd43308,2025-10-11,Football_MarketConsensus_v1,68.5,-10.0,,,0.0,0.0,0
a0ce391a3e1dcc42703e273e7cd43308,2025-10-11,Football_SpreadValue_v1,68.5,-9.25,AWAY,,-0.75,0.0,0.75
a0ce391a3e1dcc42703e273e7cd43308,2025-10-11,Football_TotalValue_v1,67.5,-10.0,,UNDER,0.0,-1.0,1.0
a0f7a9ba7824f73795a26ad4429c2b62,2026-09-12,Football_KeyNumberGuard_v1,61.5,-52.0,,,0.0,0.0,0
a0f7a9ba7824f73795a26ad4429c2b62,2026-09-12,Football_LineMovement_v1,61.5,-52.0,,,0.0,0.0,0
a0f7a9ba7824f73795a26ad4429c2b62,2026-09-12,Football_MarketBlend_v1,61.0,-51.75,AWAY,UNDER,-0.25,-0.5,0.75
a0f7a9ba7824f73795a26ad4429c2b62,2026-09-12,Football_MarketConsensus_v1,61.5,-52.0,,,0.0,0.0,0
a0f7a9ba7824f73795a26ad4429c2b62,2026-09-12,Football_SpreadValue_v1,61.5,-51.25,AWAY,,-0.75,0.0,0.75
a0f7a9ba7824f73795a26ad4429c2b62,2026-09-12,Football_TotalValue_v1,60.5,-52.0,,UNDER,0.0,-1.0,1.0
a109b71f4beba173453582bb0043e075,2025-10-12,Football_KeyNumberGuard_v1,44.5,-9.5,,,0.0,0.0,0
a109b71f4beba173453582bb0043e075,2025-10-12,Football_LineMovement_v1,44.5,-9.5,,,0.0,0.0,0
a109b71f4beba173453582bb0043e075,2025-10-12,Football_MarketBlend_v1,45.0,-9.25,,OVER,-0.25,0.5,0.75
a109b71f4beba173453582bb0043e075,2025-10-12,Football_MarketConsensus_v1,44.5,-9.5,,,0.0,0.0,0
a109b71f4beba173453582bb0043e075,2025-10-12,Football_SpreadValue_v1,44.5,-8.75,AWAY,,-0.75,0.0,0.75
a109b71f4beba173453582bb0043e075,2025-10-12,Football_TotalValue_v1,45.5,-9.5,,OVER,0.0,1.0,1.0
a12597fe519a345d8bfdb3f8bd37fc2d,2025-12-14,Football_KeyNumberGuard_v1,53.0,-10.0,,,0.0,0.0,0
a12597fe519a345d8bfdb3f8bd37fc2d,2025-12-14,Football_LineMovement_v1,53.0,-10.0,,,0.0,0.0,0
a12597fe519a345d8bfdb3f8bd37fc2d,2025-12-14,Football_MarketBlend_v1,52.5,-9.75,,UNDER,-0.25,-0.5,0.75
a12597fe519a345d8bfdb3f8bd37fc2d,2025-12-14,Football_MarketConsensus_v1,53.0,-10.0,,,0.0,0.0,0
a12597fe519a345d8bfdb3f8bd37fc2d,2025-12-14,Football_SpreadValue_v1,53.0,-9.25,AWAY,,-0.75,0.0,0.75
a12597fe519a345d8bfdb3f8bd37fc2d,2025-12-14,Football_TotalValue_v1,52.0,-10.0,,UNDER,0.0,-1.0,1.0
a17c0bb6637ad2192754d6d1059f7e92,2025-11-29,Football_KeyNumberGuard_v1,43.5,10.0,,,0.0,0.0,0
a17c0bb6637ad2192754d6d1059f7e92,2025-11-29,Football_LineMovement_v1,43.5,10.0,,,0.0,0.0,0
a17c0bb6637ad2192754d6d1059f7e92,2025-11-29,Football_MarketBlend_v1,44.0,9.75,,OVER,0.25,0.5,0.75
a17c0bb6637ad2192754d6d1059f7e92,2025-11-29,Football_MarketConsensus_v1,43.5,10.0,,,0.0,0.0,0
a17c0bb6637ad2192754d6d1059f7e92,2025-11-29,Football_SpreadValue_v1,43.5,9.25,HOME,,0.75,0.0,0.75
a17c0bb6637ad2192754d6d1059f7e92,2025-11-29,Football_TotalValue_v1,44.5,10.0,,OVER,0.0,1.0,1.0
a19ab727d5ca38676b64d4d2b8b168cc,2025-11-15,Football_KeyNumberGuard_v1,51.5,-23.5,,,0.0,0.0,0
a19ab727d5ca38676b64d4d2b8b168cc,2025-11-15,Football_LineMovement_v1,51.5,-23.5,,,0.0,0.0,0
a19ab727d5ca38676b64d4d2b8b168cc,2025-11-15,Football_MarketBlend_v1,51.0,-23.25,AWAY,UNDER,-0.25,-0.5,0.75
a19ab727d5ca38676b64d4d2b8b168cc,2025-11-15,Football_MarketConsensus_v1,51.5,-23.5,,,0.0,0.0,0
a19ab727d5ca38676b64d4d2b8b168cc,2025-11-15,Football_SpreadValue_v1,51.5,-22.75,AWAY,,-0.75,0.0,0.75
a19ab727d5ca38676b64d4d2b8b168cc,2025-11-15,Football_TotalValue_v1,50.5,-23.5,,UNDER,0.0,-1.0,1.0
a1dd323522b56837490d61ace49a97e0,2025-12-25,Football_KeyNumberGuard_v1,51.5,-1.0,,,0.0,0.0,0
a1dd323522b56837490d61ace49a97e0,2025-12-25,Football_LineMovement_v1,51.5,-1.0,,,0.0,0.0,0
a1dd323522b56837490d61ace49a97e0,2025-12-25,Football_MarketBlend_v1,51.0,-0.75,AWAY,UNDER,-0.25,-0.5,0.75
a1dd323522b56837490d61ace49a97e0,2025-12-25,Football_MarketConsensus_v1,51.5,-1.0,,,0.0,0.0,0
a1dd323522b56837490d61ace49a97e0,2025-12-25,Football_SpreadValue_v1,51.5,-0.25,AWAY,,-0.75,0.0,0.75
a1dd323522b56837490d61ace49a97e0,2025-12-25,Football_TotalValue_v1,50.5,-1.0,,UNDER,0.0,-1.0,1.0
a21e71cf77c563760aa9ca01826c2583,2025-08-30,Football_KeyNumberGuard_v1,48.5,-16.5,,,0.0,0.0,0
a21e71cf77c563760aa9ca01826c2583,2025-08-30,Football_LineMovement_v1,48.5,-16.5,,,0.0,0.0,0
a21e71cf77c563760aa9ca01826c2583,2025-08-30,Football_MarketBlend_v1,48.0,-16.25,AWAY,UNDER,-0.25,-0.5,0.75
a21e71cf77c563760aa9ca01826c2583,2025-08-30,Football_MarketConsensus_v1,48.5,-16.5,,,0.0,0.0,0
a21e71cf77c563760aa9ca01826c2583,2025-08-30,Football_SpreadValue_v1,48.5,-15.75,AWAY,,-0.75,0.0,0.75
a21e71cf77c563760aa9ca01826c2583,2025-08-30,Football_TotalValue_v1,47.5,-16.5,,UNDER,0.0,-1.0,1.0
a262301eedaacdcf2d2f66b6e774d284,2025-11-12,Football_KeyNumberGuard_v1,47.0,-6.5,,,0.0,0.0,0
a262301eedaacdcf2d2f66b6e774d284,2025-11-12,Football_LineMovement_v1,47.0,-6.5,,,0.0,0.0,0
a262301eedaacdcf2d2f66b6e774d284,2025-11-12,Football_MarketBlend_v1,46.5,-6.25,,UNDER,-0.25,-0.5,0.75
a262301eedaacdcf2d2f66b6e774d284,2025-11-12,Football_MarketConsensus_v1,47.0,-6.5,,,0.0,0.0,0
a262301eedaacdcf2d2f66b6e774d284,2025-11-12,Football_SpreadValue_v1,47.0,-5.75,AWAY,,-0.75,0.0,0.75
a262301eedaacdcf2d2f66b6e774d284,2025-11-12,Football_TotalValue_v1,46.0,-6.5,,UNDER,0.0,-1.0,1.0
a2b7711390532d0014249f295a6d02b8,2026-09-12,Football_KeyNumberGuard_v1,47.5,-10.0,,,0.0,0.0,0
a2b7711390532d0014249f295a6d02b8,2026-09-12,Football_LineMovement_v1,47.5,-10.0,,,0.0,0.0,0
a2b7711390532d0014249f295a6d02b8,2026-09-12,Football_MarketBlend_v1,47.0,-9.75,,UNDER,-0.25,-0.5,0.75
a2b7711390532d0014249f295a6d02b8,2026-09-12,Football_MarketConsensus_v1,47.5,-10.0,,,0.0,0.0,0
a2b7711390532d0014249f295a6d02b8,2026-09-12,Football_SpreadValue_v1,47.5,-9.25,AWAY,,-0.75,0.0,0.75
a2b7711390532d0014249f295a6d02b8,2026-09-12,Football_TotalValue_v1,46.5,-10.0,,UNDER,0.0,-1.0,1.0
a323953025cbf4302d4aa87270f9505a,2026-09-13,Football_KeyNumberGuard_v1,58.5,-21.5,,,0.0,0.0,0
a323953025cbf4302d4aa87270f9505a,2026-09-13,Football_LineMovement_v1,58.5,-21.5,,,0.0,0.0,0
a323953025cbf4302d4aa87270f9505a,2026-09-13,Football_MarketBlend_v1,58.0,-21.25,AWAY,UNDER,-0.25,-0.5,0.75
a323953025cbf4302d4aa87270f9505a,2026-09-13,Football_MarketConsensus_v1,58.5,-21.5,,,0.0,0.0,0
a323953025cbf4302d4aa87270f9505a,2026-09-13,Football_SpreadValue_v1,58.5,-20.75,AWAY,,-0.75,0.0,0.75
a323953025cbf4302d4aa87270f9505a,2026-09-13,Football_TotalValue_v1,57.5,-21.5,,UNDER,0.0,-1.0,1.0
a374973b9d0e1c2134328868cc80aabf,2025-11-15,Football_KeyNumberGuard_v1,57.5,-4.5,,,0.0,0.0,0
a374973b9d0e1c2134328868cc80aabf,2025-11-15,Football_LineMovement_v1,57.5,-4.5,,,0.0,0.0,0
a374973b9d0e1c2134328868cc80aabf,2025-11-15,Football_MarketBlend_v1,57.0,-4.25,AWAY,UNDER,-0.25,-0.5,0.75
a374973b9d0e1c2134328868cc80aabf,2025-11-15,Football_MarketConsensus_v1,57.5,-4.5,,,0.0,0.0,0
a374973b9d0e1c2134328868cc80aabf,2025-11-15,Football_SpreadValue_v1,57.5,-3.75,AWAY,,-0.75,0.0,0.75
a374973b9d0e1c2134328868cc80aabf,2025-11-15,Football_TotalValue_v1,56.5,-4.5,,UNDER,0.0,-1.0,1.0
a39d31e5d3f010d7b4f68453167a174e,2025-10-31,Football_KeyNumberGuard_v1,45.0,-2.5,,,0.0,0.0,0
a39d31e5d3f010d7b4f68453167a174e,2025-10-31,Football_LineMovement_v1,45.0,-2.5,,,0.0,0.0,0
a39d31e5d3f010d7b4f68453167a174e,2025-10-31,Football_MarketBlend_v1,44.5,-2.25,,UNDER,-0.25,-0.5,0.75
a39d31e5d3f010d7b4f68453167a174e,2025-10-31,Football_MarketConsensus_v1,45.0,-2.5,,,0.0,0.0,0
a39d31e5d3f010d7b4f68453167a174e,2025-10-31,Football_SpreadValue_v1,45.0,-1.75,AWAY,,-0.75,0.0,0.75
a39d31e5d3f010d7b4f68453167a174e,2025-10-31,Football_TotalValue_v1,44.0,-2.5,,UNDER,0.0,-1.0,1.0
a3bc2f29faa5c8d6f92b0d3909f1bae3,2025-11-15,Football_KeyNumberGuard_v1,55.0,-14.5,,,0.0,0.0,0
a3bc2f29faa5c8d6f92b0d3909f1bae3,2025-11-15,Football_LineMovement_v1,55.0,-14.5,,,0.0,0.0,0
a3bc2f29faa5c8d6f92b0d3909f1bae3,2025-11-15,Football_MarketBlend_v1,54.5,-14.25,AWAY,UNDER,-0.25,-0.5,0.75
a3bc2f29faa5c8d6f92b0d3909f1bae3,2025-11-15,Football_MarketConsensus_v1,55.0,-14.5,,,0.0,0.0,0
a3bc2f29faa5c8d6f92b0d3909f1bae3,2025-11-15,Football_SpreadValue_v1,55.0,-13.75,AWAY,,-0.75,0.0,0.75
a3bc2f29faa5c8d6f92b0d3909f1bae3,2025-11-15,Football_TotalValue_v1,54.0,-14.5,,UNDER,0.0,-1.0,1.0
a3ec71fa36e9de13e2f1306b1ae4e8b6,2025-08-29,Football_KeyNumberGuard_v1,57.25,-45.5,,,0.0,0.0,0
a3ec71fa36e9de13e2f1306b1ae4e8b6,2025-08-29,Football_LineMovement_v1,57.25,-45.5,,,0.0,0.0,0
a3ec71fa36e9de13e2f1306b1ae4e8b6,2025-08-29,Football_MarketBlend_v1,56.75,-45.25,AWAY,UNDER,-0.25,-0.5,0.75
a3ec71fa36e9de13e2f1306b1ae4e8b6,2025-08-29,Football_MarketConsensus_v1,57.25,-45.5,,,0.0,0.0,0
a3ec71fa36e9de13e2f1306b1ae4e8b6,2025-08-29,Football_SpreadValue_v1,57.25,-44.75,AWAY,,-0.75,0.0,0.75
a3ec71fa36e9de13e2f1306b1ae4e8b6,2025-08-29,Football_TotalValue_v1,56.25,-45.5,,UNDER,0.0,-1.0,1.0
a40ff33f45e8c4ecf2bc9b4f921cbca1,2025-11-15,Football_KeyNumberGuard_v1,51.5,-15.5,,,0.0,0.0,0
a40ff33f45e8c4ecf2bc9b4f921cbca1,2025-11-15,Football_LineMovement_v1,51.5,-15.5,,,0.0,0.0,0
a40ff33f45e8c4ecf2bc9b4f921cbca1,2025-11-15,Football_MarketBlend_v1,51.0,-15.25,AWAY,UNDER,-0.25,-0.5,0.75
a40ff33f45e8c4ecf2bc9b4f921cbca1,2025-11-15,Football_MarketConsensus_v1,51.5,-15.5,,,0.0,0.0,0
a40ff33f45e8c4ecf2bc9b4f921cbca1,2025-11-15,Football_SpreadValue_v1,51.5,-14.75,AWAY,,-0.75,0.0,0.75
a40ff33f45e8c4ecf2bc9b4f921cbca1,2025-11-15,Football_TotalValue_v1,50.5,-15.5,,UNDER,0.0,-1.0,1.0
a4df26224ac6173274f8facd32942ca4,2025-09-20,Football_KeyNumberGuard_v1,49.0,-16.5,,,0.0,0.0,0
a4df26224ac6173274f8facd32942ca4,2025-09-20,Football_LineMovement_v1,49.0,-16.5,,,0.0,0.0,0
a4df26224ac6173274f8facd32942ca4,2025-09-20,Football_MarketBlend_v1,48.5,-16.25,AWAY,UNDER,-0.25,-0.5,0.75
a4df26224ac6173274f8facd32942ca4,2025-09-20,Football_MarketConsensus_v1,49.0,-16.5,,,0.0,0.0,0
a4df26224ac6173274f8facd32942ca4,2025-09-20,Football_SpreadValue_v1,49.0,-15.75,AWAY,,-0.75,0.0,0.75
a4df26224ac6173274f8facd32942ca4,2025-09-20,Football_TotalValue_v1,48.0,-16.5,,UNDER,0.0,-1.0,1.0
a4f262424af98c3bfad4a9ee78dd4308,2025-11-01,Football_KeyNumberGuard_v1,48.5,-13.0,,,0.0,0.0,0
a4f262424af98c3bfad4a9ee78dd4308,2025-11-01,Football_LineMovement_v1,48.5,-13.0,,,0.0,0.0,0
a4f262424af98c3bfad4a9ee78dd4308,2025-11-01,Football_MarketBlend_v1,48.0,-12.75,AWAY,UNDER,-0.25,-0.5,0.75
a4f262424af98c3bfad4a9ee78dd4308,2025-11-01,Football_MarketConsensus_v1,48.5,-13.0,,,0.0,0.0,0
a4f262424af98c3bfad4a9ee78dd4308,2025-11-01,Football_SpreadValue_v1,48.5,-12.25,AWAY,,-0.75,0.0,0.75
a4f262424af98c3bfad4a9ee78dd4308,2025-11-01,Football_TotalValue_v1,47.5,-13.0,,UNDER,0.0,-1.0,1.0
a4fd5ab6f224d271ca76719ac8277176,2025-11-09,Football_KeyNumberGuard_v1,49.5,-10.5,,,0.0,0.0,0
a4fd5ab6f224d271ca76719ac8277176,2025-11-09,Football_LineMovement_v1,49.5,-10.5,,,0.0,0.0,0
a4fd5ab6f224d271ca76719ac8277176,2025-11-09,Football_MarketBlend_v1,49.0,-10.25,,UNDER,-0.25,-0.5,0.75
a4fd5ab6f224d271ca76719ac8277176,2025-11-09,Football_MarketConsensus_v1,49.5,-10.5,,,0.0,0.0,0
a4fd5ab6f224d271ca76719ac8277176,2025-11-09,Football_SpreadValue_v1,49.5,-9.75,AWAY,,-0.75,0.0,0.75
a4fd5ab6f224d271ca76719ac8277176,2025-11-09,Football_TotalValue_v1,48.5,-10.5,,UNDER,0.0,-1.0,1.0
a54e8d52ec4fb8c7d3f9ebd2b8a38c64,2025-10-23,Football_KeyNumberGuard_v1,50.5,1.0,,,0.0,0.0,0
a54e8d52ec4fb8c7d3f9ebd2b8a38c64,2025-10-23,Football_LineMovement_v1,50.5,1.0,,,0.0,0.0,0
a54e8d52ec4fb8c7d3f9ebd2b8a38c64,2025-10-23,Football_MarketBlend_v1,50.0,0.75,HOME,UNDER,0.25,-0.5,0.75
a54e8d52ec4fb8c7d3f9ebd2b8a38c64,2025-10-23,Football_MarketConsensus_v1,50.5,1.0,,,0.0,0.0,0
a54e8d52ec4fb8c7d3f9ebd2b8a38c64,2025-10-23,Football_SpreadValue_v1,50.5,0.25,HOME,,0.75,0.0,0.75
a54e8d52ec4fb8c7d3f9ebd2b8a38c64,2025-10-23,Football_TotalValue_v1,49.5,1.0,,UNDER,0.0,-1.0,1.0
a570687d47661da4982cfd885cdb4a44,2026-09-07,Football_KeyNumberGuard_v1,53.5,3.0,,,0.0,0.0,0
a570687d47661da4982cfd885cdb4a44,2026-09-07,Football_LineMovement_v1,53.5,3.0,,,0.0,0.0,0
a570687d47661da4982cfd885cdb4a44,2026-09-07,Football_MarketBlend_v1,53.0,2.75,,UNDER,0.25,-0.5,0.75
a570687d47661da4982cfd885cdb4a44,2026-09-07,Football_MarketConsensus_v1,53.5,3.0,,,0.0,0.0,0
a570687d47661da4982cfd885cdb4a44,2026-09-07,Football_SpreadValue_v1,53.5,2.25,HOME,,0.75,0.0,0.75
a570687d47661da4982cfd885cdb4a44,2026-09-07,Football_TotalValue_v1,52.5,3.0,,UNDER,0.0,-1.0,1.0
a5c302e7a8e94cf154a833afdb676594,2025-11-08,Football_KeyNumberGuard_v1,64.0,8.0,,,0.0,0.0,0
a5c302e7a8e94cf154a833afdb676594,2025-11-08,Football_LineMovement_v1,64.0,8.0,,,0.0,0.0,0
a5c302e7a8e94cf154a833afdb676594,2025-11-08,Football_MarketBlend_v1,63.5,7.75,HOME,UNDER,0.25,-0.5,0.75
a5c302e7a8e94cf154a833afdb676594,2025-11-08,Football_MarketConsensus_v1,64.0,8.0,,,0.0,0.0,0
a5c302e7a8e94cf154a833afdb676594,2025-11-08,Football_SpreadValue_v1,64.0,7.25,HOME,,0.75,0.0,0.75
a5c302e7a8e94cf154a833afdb676594,2025-11-08,Football_TotalValue_v1,63.0,8.0,,UNDER,0.0,-1.0,1.0
a62fc08c67b4e292879a17791a727e4a,2025-10-04,Football_KeyNumberGuard_v1,63.5,13.5,,,0.0,0.0,0
a62fc08c67b4e292879a17791a727e4a,2025-10-04,Football_LineMovement_v1,63.5,13.5,,,0.0,0.0,0
a62fc08c67b4e292879a17791a727e4a,2025-10-04,Football_MarketBlend_v1,63.0,13.25,HOME,UNDER,0.25,-0.5,0.75
a62fc08c67b4e292879a17791a727e4a,2025-10-04,Football_MarketConsensus_v1,63.5,13.5,,,0.0,0.0,0
a62fc08c67b4e292879a17791a727e4a,2025-10-04,Football_SpreadValue_v1,63.5,12.75,HOME,,0.75,0.0,0.75
a62fc08c67b4e292879a17791a727e4a,2025-10-04,Football_TotalValue_v1,62.5,13.5,,UNDER,0.0,-1.0,1.0
a675cd586e97d568bbe7bed7d2a7170c,2025-09-21,Football_KeyNumberGuard_v1,63.25,-23.5,,,0.0,0.0,0
a675cd586e97d568bbe7bed7d2a7170c,2025-09-21,Football_LineMovement_v1,63.25,-23.5,,,0.0,0.0,0
a675cd586e97d568bbe7bed7d2a7170c,2025-09-21,Football_MarketBlend_v1,62.75,-23.25,AWAY,UNDER,-0.25,-0.5,0.75
a675cd586e97d568bbe7bed7d2a7170c,2025-09-21,Football_MarketConsensus_v1,63.25,-23.5,,,0.0,0.0,0
a675cd586e97d568bbe7bed7d2a7170c,2025-09-21,Football_SpreadValue_v1,63.25,-22.75,AWAY,,-0.75,0.0,0.75
a675cd586e97d568bbe7bed7d2a7170c,2025-09-21,Football_TotalValue_v1,62.25,-23.5,,UNDER,0.0,-1.0,1.0
a68793984cb3bab7bdae68b8dbe5b36a,2025-10-25,Football_KeyNumberGuard_v1,52.5,-17.0,,,0.0,0.0,0
a68793984cb3bab7bdae68b8dbe5b36a,2025-10-25,Football_LineMovement_v1,52.5,-17.0,,,0.0,0.0,0
a68793984cb3bab7bdae68b8dbe5b36a,2025-10-25,Football_MarketBlend_v1,52.0,-16.75,AWAY,UNDER,-0.25,-0.5,0.75
a68793984cb3bab7bdae68b8dbe5b36a,2025-10-25,Football_MarketConsensus_v1,52.5,-17.0,,,0.0,0.0,0
a68793984cb3bab7bdae68b8dbe5b36a,2025-10-25,Football_SpreadValue_v1,52.5,-16.25,AWAY,,-0.75,0.0,0.75
a68793984cb3bab7bdae68b8dbe5b36a,2025-10-25,Football_TotalValue_v1,51.5,-17.0,,UNDER,0.0,-1.0,1.0
a69f6a6be64a31d8e22809160b63b969,2025-11-08,Football_KeyNumberGuard_v1,63.5,3.0,,,0.0,0.0,0
a69f6a6be64a31d8e22809160b63b969,2025-11-08,Football_LineMovement_v1,63.5,3.0,,,0.0,0.0,0
a69f6a6be64a31d8e22809160b63b969,2025-11-08,Football_MarketBlend_v1,63.0,2.75,,UNDER,0.25,-0.5,0.75
a69f6a6be64a31d8e22809160b63b969,2025-11-08,Football_MarketConsensus_v1,63.5,3.0,,,0.0,0.0,0
a69f6a6be64a31d8e22809160b63b969,2025-11-08,Football_SpreadValue_v1,63.5,2.25,HOME,,0.75,0.0,0.75
a69f6a6be64a31d8e22809160b63b969,2025-11-08,Football_TotalValue_v1,62.5,3.0,,UNDER,0.0,-1.0,1.0
a6df0cb69b95b8eb8c8bb7520471d978,2025-08-30,Football_KeyNumberGuard_v1,48.5,2.0,,,0.0,0.0,0
a6df0cb69b95b8eb8c8bb7520471d978,2025-08-30,Football_LineMovement_v1,48.5,2.0,,,0.0,0.0,0
a6df0cb69b95b8eb8c8bb7520471d978,2025-08-30,Football_MarketBlend_v1,48.0,1.75,HOME,UNDER,0.25,-0.5,0.75
a6df0cb69b95b8eb8c8bb7520471d978,2025-08-30,Football_MarketConsensus_v1,48.5,2.0,,,0.0,0.0,0
a6df0cb69b95b8eb8c8bb7520471d978,2025-08-30,Football_SpreadValue_v1,48.5,1.25,HOME,,0.75,0.0,0.75
a6df0cb69b95b8eb8c8bb7520471d978,2025-08-30,Football_TotalValue_v1,47.5,2.0,,UNDER,0.0,-1.0,1.0
a7402ec89d227ff9b9bf936a8679d313,2026-09-12,Football_KeyNumberGuard_v1,51.5,12.5,,,0.0,0.0,0
a7402ec89d227ff9b9bf936a8679d313,2026-09-12,Football_LineMovement_v1,51.5,12.5,,,0.0,0.0,0
a7402ec89d227ff9b9bf936a8679d313,2026-09-12,Football_MarketBlend_v1,51.0,12.25,HOME,UNDER,0.25,-0.5,0.75
a7402ec89d227ff9b9bf936a8679d313,2026-09-12,Football_MarketConsensus_v1,51.5,12.5,,,0.0,0.0,0
a7402ec89d227ff9b9bf936a8679d313,2026-09-12,Football_SpreadValue_v1,51.5,11.75,HOME,,0.75,0.0,0.75
a7402ec89d227ff9b9bf936a8679d313,2026-09-12,Football_TotalValue_v1,50.5,12.5,,UNDER,0.0,-1.0,1.0
a7e9ac25c43abf7a563c1c978d805b4b,2025-08-30,Football_KeyNumberGuard_v1,53.5,-23.5,,,0.0,0.0,0
a7e9ac25c43abf7a563c1c978d805b4b,2025-08-30,Football_LineMovement_v1,53.5,-23.5,,,0.0,0.0,0
a7e9ac25c43abf7a563c1c978d805b4b,2025-08-30,Football_MarketBlend_v1,53.0,-23.25,AWAY,UNDER,-0.25,-0.5,0.75
a7e9ac25c43abf7a563c1c978d805b4b,2025-08-30,Football_MarketConsensus_v1,53.5,-23.5,,,0.0,0.0,0
a7e9ac25c43abf7a563c1c978d805b4b,2025-08-30,Football_SpreadValue_v1,53.5,-22.75,AWAY,,-0.75,0.0,0.75
a7e9ac25c43abf7a563c1c978d805b4b,2025-08-30,Football_TotalValue_v1,52.5,-23.5,,UNDER,0.0,-1.0,1.0
a8096293bcac3a6df5e395942f73e3ce,2025-11-08,Football_KeyNumberGuard_v1,47.5,1.0,,,0.0,0.0,0
a8096293bcac3a6df5e395942f73e3ce,2025-11-08,Football_LineMovement_v1,47.5,1.0,,,0.0,0.0,0
a8096293bcac3a6df5e395942f73e3ce,2025-11-08,Football_MarketBlend_v1,47.0,0.75,HOME,UNDER,0.25,-0.5,0.75
a8096293bcac3a6df5e395942f73e3ce,2025-11-08,Football_MarketConsensus_v1,47.5,1.0,,,0.0,0.0,0
a8096293bcac3a6df5e395942f73e3ce,2025-11-08,Football_SpreadValue_v1,47.5,0.25,HOME,,0.75,0.0,0.75
a8096293bcac3a6df5e395942f73e3ce,2025-11-08,Football_TotalValue_v1,46.5,1.0,,UNDER,0.0,-1.0,1.0
a8283159aa27932e7a640f6158b2ca98,2026-09-12,Football_KeyNumberGuard_v1,55.0,-20.0,,,0.0,0.0,0
a8283159aa27932e7a640f6158b2ca98,2026-09-12,Football_LineMovement_v1,55.0,-20.0,,,0.0,0.0,0
a8283159aa27932e7a640f6158b2ca98,2026-09-12,Football_MarketBlend_v1,54.5,-19.75,AWAY,UNDER,-0.25,-0.5,0.75
a8283159aa27932e7a640f6158b2ca98,2026-09-12,Football_MarketConsensus_v1,55.0,-20.0,,,0.0,0.0,0
a8283159aa27932e7a640f6158b2ca98,2026-09-12,Football_SpreadValue_v1,55.0,-19.25,AWAY,,-0.75,0.0,0.75
a8283159aa27932e7a640f6158b2ca98,2026-09-12,Football_TotalValue_v1,54.0,-20.0,,UNDER,0.0,-1.0,1.0
a85c3e810f12d0a8bf904fa1a2795aa6,2025-09-20,Football_KeyNumberGuard_v1,50.5,2.5,,,0.0,0.0,0
a85c3e810f12d0a8bf904fa1a2795aa6,2025-09-20,Football_LineMovement_v1,50.5,2.5,,,0.0,0.0,0
a85c3e810f12d0a8bf904fa1a2795aa6,2025-09-20,Football_MarketBlend_v1,50.0,2.25,,UNDER,0.25,-0.5,0.75
a85c3e810f12d0a8bf904fa1a2795aa6,2025-09-20,Football_MarketConsensus_v1,50.5,2.5,,,0.0,0.0,0
a85c3e810f12d0a8bf904fa1a2795aa6,2025-09-20,Football_SpreadValue_v1,50.5,1.75,HOME,,0.75,0.0,0.75
a85c3e810f12d0a8bf904fa1a2795aa6,2025-09-20,Football_TotalValue_v1,49.5,2.5,,UNDER,0.0,-1.0,1.0
a8661dd205a3e868ac61c3f1c994dc7e,2025-11-30,Football_KeyNumberGuard_v1,53.5,7.5,,,0.0,0.0,0
a8661dd205a3e868ac61c3f1c994dc7e,2025-11-30,Football_LineMovement_v1,53.5,7.5,,,0.0,0.0,0
a8661dd205a3e868ac61c3f1c994dc7e,2025-11-30,Football_MarketBlend_v1,53.0,7.25,,UNDER,0.25,-0.5,0.75
a8661dd205a3e868ac61c3f1c994dc7e,2025-11-30,Football_MarketConsensus_v1,53.5,7.5,,,0.0,0.0,0
a8661dd205a3e868ac61c3f1c994dc7e,2025-11-30,Football_SpreadValue_v1,53.5,6.75,HOME,,0.75,0.0,0.75
a8661dd205a3e868ac61c3f1c994dc7e,2025-11-30,Football_TotalValue_v1,52.5,7.5,,UNDER,0.0,-1.0,1.0
a8f7d11f07a3638d7cbf6db26063a7d6,2025-09-13,Football_KeyNumberGuard_v1,53.0,8.0,,,0.0,0.0,0
a8f7d11f07a3638d7cbf6db26063a7d6,2025-09-13,Football_LineMovement_v1,53.0,8.0,,,0.0,0.0,0
a8f7d11f07a3638d7cbf6db26063a7d6,2025-09-13,Football_MarketBlend_v1,52.5,7.75,HOME,UNDER,0.25,-0.5,0.75
a8f7d11f07a3638d7cbf6db26063a7d6,2025-09-13,Football_MarketConsensus_v1,53.0,8.0,,,0.0,0.0,0
a8f7d11f07a3638d7cbf6db26063a7d6,2025-09-13,Football_SpreadValue_v1,53.0,7.25,HOME,,0.75,0.0,0.75
a8f7d11f07a3638d7cbf6db26063a7d6,2025-09-13,Football_TotalValue_v1,52.0,8.0,,UNDER,0.0,-1.0,1.0
a936ece803772890be537dfaff8a10b2,2025-09-06,Football_KeyNumberGuard_v1,54.5,-22.25,,,0.0,0.0,0
a936ece803772890be537dfaff8a10b2,2025-09-06,Football_LineMovement_v1,54.5,-22.25,,,0.0,0.0,0
a936ece803772890be537dfaff8a10b2,2025-09-06,Football_MarketBlend_v1,54.0,-22.0,AWAY,UNDER,-0.25,-0.5,0.75
a936ece803772890be537dfaff8a10b2,2025-09-06,Football_MarketConsensus_v1,54.5,-22.25,,,0.0,0.0,0
a936ece803772890be537dfaff8a10b2,2025-09-06,Football_SpreadValue_v1,54.5,-21.5,AWAY,,-0.75,0.0,0.75
a936ece803772890be537dfaff8a10b2,2025-09-06,Football_TotalValue_v1,53.5,-22.25,,UNDER,0.0,-1.0,1.0
a99979f2428b8243c82e4a02562a947a,2025-11-09,Football_KeyNumberGuard_v1,49.5,-18.0,,,0.0,0.0,0
a99979f2428b8243c82e4a02562a947a,2025-11-09,Football_LineMovement_v1,49.5,-18.0,,,0.0,0.0,0
a99979f2428b8243c82e4a02562a947a,2025-11-09,Football_MarketBlend_v1,49.0,-17.75,AWAY,UNDER,-0.25,-0.5,0.75
a99979f2428b8243c82e4a02562a947a,2025-11-09,Football_MarketConsensus_v1,49.5,-18.0,,,0.0,0.0,0
a99979f2428b8243c82e4a02562a947a,2025-11-09,Football_SpreadValue_v1,49.5,-17.25,AWAY,,-0.75,0.0,0.75
a99979f2428b8243c82e4a02562a947a,2025-11-09,Football_TotalValue_v1,48.5,-18.0,,UNDER,0.0,-1.0,1.0
a99fad4a0da088809c8269a52bc4ad86,2025-11-22,Football_KeyNumberGuard_v1,46.5,14.0,,,0.0,0.0,0
a99fad4a0da088809c8269a52bc4ad86,2025-11-22,Football_LineMovement_v1,46.5,14.0,,,0.0,0.0,0
a99fad4a0da088809c8269a52bc4ad86,2025-11-22,Football_MarketBlend_v1,46.0,13.75,HOME,UNDER,0.25,-0.5,0.75
a99fad4a0da088809c8269a52bc4ad86,2025-11-22,Football_MarketConsensus_v1,46.5,14.0,,,0.0,0.0,0
a99fad4a0da088809c8269a52bc4ad86,2025-11-22,Football_SpreadValue_v1,46.5,13.25,HOME,,0.75,0.0,0.75
a99fad4a0da088809c8269a52bc4ad86,2025-11-22,Football_TotalValue_v1,45.5,14.0,,UNDER,0.0,-1.0,1.0
aa0b998acde7ec673cd145a43ec0d42a,2025-09-06,Football_KeyNumberGuard_v1,53.5,-3.0,,,0.0,0.0,0
aa0b998acde7ec673cd145a43ec0d42a,2025-09-06,Football_LineMovement_v1,53.5,-3.0,,,0.0,0.0,0
aa0b998acde7ec673cd145a43ec0d42a,2025-09-06,Football_MarketBlend_v1,53.0,-2.75,,UNDER,-0.25,-0.5,0.75
aa0b998acde7ec673cd145a43ec0d42a,2025-09-06,Football_MarketConsensus_v1,53.5,-3.0,,,0.0,0.0,0
aa0b998acde7ec673cd145a43ec0d42a,2025-09-06,Football_SpreadValue_v1,53.5,-2.25,AWAY,,-0.75,0.0,0.75
aa0b998acde7ec673cd145a43ec0d42a,2025-09-06,Football_TotalValue_v1,52.5,-3.0,,UNDER,0.0,-1.0,1.0
aa6121f597f3dd0a363e477797cd13f0,2025-12-06,Football_KeyNumberGuard_v1,48.0,1.5,,,0.0,0.0,0
aa6121f597f3dd0a363e477797cd13f0,2025-12-06,Football_LineMovement_v1,48.0,1.5,,,0.0,0.0,0
aa6121f597f3dd0a363e477797cd13f0,2025-12-06,Football_MarketBlend_v1,47.5,1.25,HOME,UNDER,0.25,-0.5,0.75
aa6121f597f3dd0a363e477797cd13f0,2025-12-06,Football_MarketConsensus_v1,48.0,1.5,,,0.0,0.0,0
aa6121f597f3dd0a363e477797cd13f0,2025-12-06,Football_SpreadValue_v1,48.0,0.75,HOME,,0.75,0.0,0.75
aa6121f597f3dd0a363e477797cd13f0,2025-12-06,Football_TotalValue_v1,47.0,1.5,,UNDER,0.0,-1.0,1.0
aa65a4823f86a4a55119734ee9bf936d,2025-09-06,Football_KeyNumberGuard_v1,57.5,-7.0,,,0.0,0.0,0
aa65a4823f86a4a55119734ee9bf936d,2025-09-06,Football_LineMovement_v1,57.5,-7.0,,,0.0,0.0,0
aa65a4823f86a4a55119734ee9bf936d,2025-09-06,Football_MarketBlend_v1,57.0,-6.75,,UNDER,-0.25,-0.5,0.75
aa65a4823f86a4a55119734ee9bf936d,2025-09-06,Football_MarketConsensus_v1,57.5,-7.0,,,0.0,0.0,0
aa65a4823f86a4a55119734ee9bf936d,2025-09-06,Football_SpreadValue_v1,57.5,-6.25,AWAY,,-0.75,0.0,0.75
aa65a4823f86a4a55119734ee9bf936d,2025-09-06,Football_TotalValue_v1,56.5,-7.0,,UNDER,0.0,-1.0,1.0
aaab0ac9ec64cffb7d2921481eab8670,2025-09-28,Football_KeyNumberGuard_v1,48.0,3.5,,,0.0,0.0,0
aaab0ac9ec64cffb7d2921481eab8670,2025-09-28,Football_LineMovement_v1,48.0,3.5,,,0.0,0.0,0
aaab0ac9ec64cffb7d2921481eab8670,2025-09-28,Football_MarketBlend_v1,47.5,3.25,,UNDER,0.25,-0.5,0.75
aaab0ac9ec64cffb7d2921481eab8670,2025-09-28,Football_MarketConsensus_v1,48.0,3.5,,,0.0,0.0,0
aaab0ac9ec64cffb7d2921481eab8670,2025-09-28,Football_SpreadValue_v1,48.0,2.75,HOME,,0.75,0.0,0.75
aaab0ac9ec64cffb7d2921481eab8670,2025-09-28,Football_TotalValue_v1,47.0,3.5,,UNDER,0.0,-1.0,1.0
aae11c793bc039b1fe617662aa7a30ac,2025-09-06,Football_KeyNumberGuard_v1,55.5,-28.0,,,0.0,0.0,0
aae11c793bc039b1fe617662aa7a30ac,2025-09-06,Football_LineMovement_v1,55.5,-28.0,,,0.0,0.0,0
aae11c793bc039b1fe617662aa7a30ac,2025-09-06,Football_MarketBlend_v1,55.0,-27.75,AWAY,UNDER,-0.25,-0.5,0.75
aae11c793bc039b1fe617662aa7a30ac,2025-09-06,Football_MarketConsensus_v1,55.5,-28.0,,,0.0,0.0,0
aae11c793bc039b1fe617662aa7a30ac,2025-09-06,Football_SpreadValue_v1,55.5,-27.25,AWAY,,-0.75,0.0,0.75
aae11c793bc039b1fe617662aa7a30ac,2025-09-06,Football_TotalValue_v1,54.5,-28.0,,UNDER,0.0,-1.0,1.0
aae15c183f1acfa42f5fbb342d177a73,2025-10-25,Football_KeyNumberGuard_v1,46.5,-16.5,,,0.0,0.0,0
aae15c183f1acfa42f5fbb342d177a73,2025-10-25,Football_LineMovement_v1,46.5,-16.5,,,0.0,0.0,0
aae15c183f1acfa42f5fbb342d177a73,2025-10-25,Football_MarketBlend_v1,46.0,-16.25,AWAY,UNDER,-0.25,-0.5,0.75
aae15c183f1acfa42f5fbb342d177a73,2025-10-25,Football_MarketConsensus_v1,46.5,-16.5,,,0.0,0.0,0
aae15c183f1acfa42f5fbb342d177a73,2025-10-25,Football_SpreadValue_v1,46.5,-15.75,AWAY,,-0.75,0.0,0.75
aae15c183f1acfa42f5fbb342d177a73,2025-10-25,Football_TotalValue_v1,45.5,-16.5,,UNDER,0.0,-1.0,1.0
aaed4df3af7a4c8e62da2bda808e49da,2026-09-12,Football_KeyNumberGuard_v1,52.5,-23.5,,,0.0,0.0,0
aaed4df3af7a4c8e62da2bda808e49da,2026-09-12,Football_LineMovement_v1,52.5,-23.5,,,0.0,0.0,0
aaed4df3af7a4c8e62da2bda808e49da,2026-09-12,Football_MarketBlend_v1,52.0,-23.25,AWAY,UNDER,-0.25,-0.5,0.75
aaed4df3af7a4c8e62da2bda808e49da,2026-09-12,Football_MarketConsensus_v1,52.5,-23.5,,,0.0,0.0,0
aaed4df3af7a4c8e62da2bda808e49da,2026-09-12,Football_SpreadValue_v1,52.5,-22.75,AWAY,,-0.75,0.0,0.75
aaed4df3af7a4c8e62da2bda808e49da,2026-09-12,Football_TotalValue_v1,51.5,-23.5,,UNDER,0.0,-1.0,1.0
ab12d90680e822942845aa98dba1933b,2025-10-04,Football_KeyNumberGuard_v1,53.5,-1.5,,,0.0,0.0,0
ab12d90680e822942845aa98dba1933b,2025-10-04,Football_LineMovement_v1,53.5,-1.5,,,0.0,0.0,0
ab12d90680e822942845aa98dba1933b,2025-10-04,Football_MarketBlend_v1,53.0,-1.25,AWAY,UNDER,-0.25,-0.5,0.75
ab12d90680e822942845aa98dba1933b,2025-10-04,Football_MarketConsensus_v1,53.5,-1.5,,,0.0,0.0,0
ab12d90680e822942845aa98dba1933b,2025-10-04,Football_SpreadValue_v1,53.5,-0.75,AWAY,,-0.75,0.0,0.75
ab12d90680e822942845aa98dba1933b,2025-10-04,Football_TotalValue_v1,52.5,-1.5,,UNDER,0.0,-1.0,1.0
ab853cd1e0b0c0ec52ed1281c0f4430b,2025-09-06,Football_KeyNumberGuard_v1,50.5,-21.0,,,0.0,0.0,0
ab853cd1e0b0c0ec52ed1281c0f4430b,2025-09-06,Football_LineMovement_v1,50.5,-21.0,,,0.0,0.0,0
ab853cd1e0b0c0ec52ed1281c0f4430b,2025-09-06,Football_MarketBlend_v1,50.0,-20.75,AWAY,UNDER,-0.25,-0.5,0.75
ab853cd1e0b0c0ec52ed1281c0f4430b,2025-09-06,Football_MarketConsensus_v1,50.5,-21.0,,,0.0,0.0,0
ab853cd1e0b0c0ec52ed1281c0f4430b,2025-09-06,Football_SpreadValue_v1,50.5,-20.25,AWAY,,-0.75,0.0,0.75
ab853cd1e0b0c0ec52ed1281c0f4430b,2025-09-06,Football_TotalValue_v1,49.5,-21.0,,UNDER,0.0,-1.0,1.0
ab8eb9a18a61f86e888d6d066728fd98,2025-10-24,Football_KeyNumberGuard_v1,50.5,-6.0,,,0.0,0.0,0
ab8eb9a18a61f86e888d6d066728fd98,2025-10-24,Football_LineMovement_v1,50.5,-6.0,,,0.0,0.0,0
ab8eb9a18a61f86e888d6d066728fd98,2025-10-24,Football_MarketBlend_v1,50.0,-5.75,AWAY,UNDER,-0.25,-0.5,0.75
ab8eb9a18a61f86e888d6d066728fd98,2025-10-24,Football_MarketConsensus_v1,50.5,-6.0,,,0.0,0.0,0
ab8eb9a18a61f86e888d6d066728fd98,2025-10-24,Football_SpreadValue_v1,50.5,-5.25,AWAY,,-0.75,0.0,0.75
ab8eb9a18a61f86e888d6d066728fd98,2025-10-24,Football_TotalValue_v1,49.5,-6.0,,UNDER,0.0,-1.0,1.0
ab90efbe36ace5f60feeb6f1bc5c8a63,2025-10-25,Football_KeyNumberGuard_v1,48.0,-7.5,,,0.0,0.0,0
ab90efbe36ace5f60feeb6f1bc5c8a63,2025-10-25,Football_LineMovement_v1,48.0,-7.5,,,0.0,0.0,0
ab90efbe36ace5f60feeb6f1bc5c8a63,2025-10-25,Football_MarketBlend_v1,47.5,-7.25,,UNDER,-0.25,-0.5,0.75
ab90efbe36ace5f60feeb6f1bc5c8a63,2025-10-25,Football_MarketConsensus_v1,48.0,-7.5,,,0.0,0.0,0
ab90efbe36ace5f60feeb6f1bc5c8a63,2025-10-25,Football_SpreadValue_v1,48.0,-6.75,AWAY,,-0.75,0.0,0.75
ab90efbe36ace5f60feeb6f1bc5c8a63,2025-10-25,Football_TotalValue_v1,47.0,-7.5,,UNDER,0.0,-1.0,1.0
abb1fda962de8e077ef60b6371be4655,2025-09-27,Football_KeyNumberGuard_v1,49.5,-21.5,,,0.0,0.0,0
abb1fda962de8e077ef60b6371be4655,2025-09-27,Football_LineMovement_v1,49.5,-21.5,,,0.0,0.0,0
abb1fda962de8e077ef60b6371be4655,2025-09-27,Football_MarketBlend_v1,49.0,-21.25,AWAY,UNDER,-0.25,-0.5,0.75
abb1fda962de8e077ef60b6371be4655,2025-09-27,Football_MarketConsensus_v1,49.5,-21.5,,,0.0,0.0,0
abb1fda962de8e077ef60b6371be4655,2025-09-27,Football_SpreadValue_v1,49.5,-20.75,AWAY,,-0.75,0.0,0.75
abb1fda962de8e077ef60b6371be4655,2025-09-27,Football_TotalValue_v1,48.5,-21.5,,UNDER,0.0,-1.0,1.0
abb21e9ff3fecf0e831ca3109c84bb92,2025-11-13,Football_KeyNumberGuard_v1,45.5,4.5,,,0.0,0.0,0
abb21e9ff3fecf0e831ca3109c84bb92,2025-11-13,Football_LineMovement_v1,45.5,4.5,,,0.0,0.0,0
abb21e9ff3fecf0e831ca3109c84bb92,2025-11-13,Football_MarketBlend_v1,45.0,4.25,HOME,UNDER,0.25,-0.5,0.75
abb21e9ff3fecf0e831ca3109c84bb92,2025-11-13,Football_MarketConsensus_v1,45.5,4.5,,,0.0,0.0,0
abb21e9ff3fecf0e831ca3109c84bb92,2025-11-13,Football_SpreadValue_v1,45.5,3.75,HOME,,0.75,0.0,0.75
abb21e9ff3fecf0e831ca3109c84bb92,2025-11-13,Football_TotalValue_v1,44.5,4.5,,UNDER,0.0,-1.0,1.0
abd9abc5f6d6a3cc918ef6796b35613a,2025-09-13,Football_KeyNumberGuard_v1,56.5,-17.5,,,0.0,0.0,0
abd9abc5f6d6a3cc918ef6796b35613a,2025-09-13,Football_LineMovement_v1,56.5,-17.5,,,0.0,0.0,0
abd9abc5f6d6a3cc918ef6796b35613a,2025-09-13,Football_MarketBlend_v1,56.0,-17.25,AWAY,UNDER,-0.25,-0.5,0.75
abd9abc5f6d6a3cc918ef6796b35613a,2025-09-13,Football_MarketConsensus_v1,56.5,-17.5,,,0.0,0.0,0
abd9abc5f6d6a3cc918ef6796b35613a,2025-09-13,Football_SpreadValue_v1,56.5,-16.75,AWAY,,-0.75,0.0,0.75
abd9abc5f6d6a3cc918ef6796b35613a,2025-09-13,Football_TotalValue_v1,55.5,-17.5,,UNDER,0.0,-1.0,1.0
acd0ed7c958d706d5f4eda180654eea0,2025-11-15,Football_KeyNumberGuard_v1,61.0,16.5,,,0.0,0.0,0
acd0ed7c958d706d5f4eda180654eea0,2025-11-15,Football_LineMovement_v1,61.0,16.5,,,0.0,0.0,0
acd0ed7c958d706d5f4eda180654eea0,2025-11-15,Football_MarketBlend_v1,60.5,16.25,HOME,UNDER,0.25,-0.5,0.75
acd0ed7c958d706d5f4eda180654eea0,2025-11-15,Football_MarketConsensus_v1,61.0,16.5,,,0.0,0.0,0
acd0ed7c958d706d5f4eda180654eea0,2025-11-15,Football_SpreadValue_v1,61.0,15.75,HOME,,0.75,0.0,0.75
acd0ed7c958d706d5f4eda180654eea0,2025-11-15,Football_TotalValue_v1,60.0,16.5,,UNDER,0.0,-1.0,1.0
ad226dc6bd485c9b53acebd5ceae531f,2025-09-27,Football_KeyNumberGuard_v1,62.5,7.0,,,0.0,0.0,0
ad226dc6bd485c9b53acebd5ceae531f,2025-09-27,Football_LineMovement_v1,62.5,7.0,,,0.0,0.0,0
ad226dc6bd485c9b53acebd5ceae531f,2025-09-27,Football_MarketBlend_v1,62.0,6.75,,UNDER,0.25,-0.5,0.75
ad226dc6bd485c9b53acebd5ceae531f,2025-09-27,Football_MarketConsensus_v1,62.5,7.0,,,0.0,0.0,0
ad226dc6bd485c9b53acebd5ceae531f,2025-09-27,Football_SpreadValue_v1,62.5,6.25,HOME,,0.75,0.0,0.75
ad226dc6bd485c9b53acebd5ceae531f,2025-09-27,Football_TotalValue_v1,61.5,7.0,,UNDER,0.0,-1.0,1.0
ad2a98c2fe26866d3fe7664110c1b5f7,2025-09-14,Football_KeyNumberGuard_v1,47.0,23.5,,,0.0,0.0,0
ad2a98c2fe26866d3fe7664110c1b5f7,2025-09-14,Football_LineMovement_v1,47.0,23.5,,,0.0,0.0,0
ad2a98c2fe26866d3fe7664110c1b5f7,2025-09-14,Football_MarketBlend_v1,46.5,23.25,HOME,UNDER,0.25,-0.5,0.75
ad2a98c2fe26866d3fe7664110c1b5f7,2025-09-14,Football_MarketConsensus_v1,47.0,23.5,,,0.0,0.0,0
ad2a98c2fe26866d3fe7664110c1b5f7,2025-09-14,Football_SpreadValue_v1,47.0,22.75,HOME,,0.75,0.0,0.75
ad2a98c2fe26866d3fe7664110c1b5f7,2025-09-14,Football_TotalValue_v1,46.0,23.5,,UNDER,0.0,-1.0,1.0
adb79482ac6a03cfb466361a0acc0ad8,2025-11-15,Football_KeyNumberGuard_v1,49.5,7.0,,,0.0,0.0,0
adb79482ac6a03cfb466361a0acc0ad8,2025-11-15,Football_LineMovement_v1,49.5,7.0,,,0.0,0.0,0
adb79482ac6a03cfb466361a0acc0ad8,2025-11-15,Football_MarketBlend_v1,49.0,6.75,,UNDER,0.25,-0.5,0.75
adb79482ac6a03cfb466361a0acc0ad8,2025-11-15,Football_MarketConsensus_v1,49.5,7.0,,,0.0,0.0,0
adb79482ac6a03cfb466361a0acc0ad8,2025-11-15,Football_SpreadValue_v1,49.5,6.25,HOME,,0.75,0.0,0.75
adb79482ac6a03cfb466361a0acc0ad8,2025-11-15,Football_TotalValue_v1,48.5,7.0,,UNDER,0.0,-1.0,1.0
adba965eb4a76372f31e42f5a02f4157,2025-11-29,Football_KeyNumberGuard_v1,54.5,0.0,,,0.0,0.0,0
adba965eb4a76372f31e42f5a02f4157,2025-11-29,Football_LineMovement_v1,54.5,0.0,,,0.0,0.0,0
adba965eb4a76372f31e42f5a02f4157,2025-11-29,Football_MarketBlend_v1,54.0,0.25,AWAY,UNDER,-0.25,-0.5,0.75
adba965eb4a76372f31e42f5a02f4157,2025-11-29,Football_MarketConsensus_v1,54.5,0.0,,,0.0,0.0,0
adba965eb4a76372f31e42f5a02f4157,2025-11-29,Football_SpreadValue_v1,54.5,0.75,AWAY,,-0.75,0.0,0.75
adba965eb4a76372f31e42f5a02f4157,2025-11-29,Football_TotalValue_v1,53.5,0.0,,UNDER,0.0,-1.0,1.0
adfb4c2e2052c3e066089e9b30c0e496,2025-09-06,Football_KeyNumberGuard_v1,57.0,-18.0,,,0.0,0.0,0
adfb4c2e2052c3e066089e9b30c0e496,2025-09-06,Football_LineMovement_v1,57.0,-18.0,,,0.0,0.0,0
adfb4c2e2052c3e066089e9b30c0e496,2025-09-06,Football_MarketBlend_v1,56.5,-17.75,AWAY,UNDER,-0.25,-0.5,0.75
adfb4c2e2052c3e066089e9b30c0e496,2025-09-06,Football_MarketConsensus_v1,57.0,-18.0,,,0.0,0.0,0
adfb4c2e2052c3e066089e9b30c0e496,2025-09-06,Football_SpreadValue_v1,57.0,-17.25,AWAY,,-0.75,0.0,0.75
adfb4c2e2052c3e066089e9b30c0e496,2025-09-06,Football_TotalValue_v1,56.0,-18.0,,UNDER,0.0,-1.0,1.0
aeb1e8186d2e362190477db433dab5f7,2025-08-30,Football_KeyNumberGuard_v1,47.5,-15.5,,,0.0,0.0,0
aeb1e8186d2e362190477db433dab5f7,2025-08-30,Football_LineMovement_v1,47.5,-15.5,,,0.0,0.0,0
aeb1e8186d2e362190477db433dab5f7,2025-08-30,Football_MarketBlend_v1,47.0,-15.25,AWAY,UNDER,-0.25,-0.5,0.75
aeb1e8186d2e362190477db433dab5f7,2025-08-30,Football_MarketConsensus_v1,47.5,-15.5,,,0.0,0.0,0
aeb1e8186d2e362190477db433dab5f7,2025-08-30,Football_SpreadValue_v1,47.5,-14.75,AWAY,,-0.75,0.0,0.75
aeb1e8186d2e362190477db433dab5f7,2025-08-30,Football_TotalValue_v1,46.5,-15.5,,UNDER,0.0,-1.0,1.0
aebbca630f1fa214f2a7ede77b7cbe00,2025-08-23,Football_KeyNumberGuard_v1,66.0,-30.5,,,0.0,0.0,0
aebbca630f1fa214f2a7ede77b7cbe00,2025-08-23,Football_LineMovement_v1,66.0,-30.5,,,0.0,0.0,0
aebbca630f1fa214f2a7ede77b7cbe00,2025-08-23,Football_MarketBlend_v1,65.5,-30.25,AWAY,UNDER,-0.25,-0.5,0.75
aebbca630f1fa214f2a7ede77b7cbe00,2025-08-23,Football_MarketConsensus_v1,66.0,-30.5,,,0.0,0.0,0
aebbca630f1fa214f2a7ede77b7cbe00,2025-08-23,Football_SpreadValue_v1,66.0,-29.75,AWAY,,-0.75,0.0,0.75
aebbca630f1fa214f2a7ede77b7cbe00,2025-08-23,Football_TotalValue_v1,65.0,-30.5,,UNDER,0.0,-1.0,1.0
aec36a89b807af38a872836d8f21c340,2025-09-06,Football_KeyNumberGuard_v1,50.5,-42.75,,,0.0,0.0,0
aec36a89b807af38a872836d8f21c340,2025-09-06,Football_LineMovement_v1,50.5,-42.75,,,0.0,0.0,0
aec36a89b807af38a872836d8f21c340,2025-09-06,Football_MarketBlend_v1,50.0,-42.5,AWAY,UNDER,-0.25,-0.5,0.75
aec36a89b807af38a872836d8f21c340,2025-09-06,Football_MarketConsensus_v1,50.5,-42.75,,,0.0,0.0,0
aec36a89b807af38a872836d8f21c340,2025-09-06,Football_SpreadValue_v1,50.5,-42.0,AWAY,,-0.75,0.0,0.75
aec36a89b807af38a872836d8f21c340,2025-09-06,Football_TotalValue_v1,49.5,-42.75,,UNDER,0.0,-1.0,1.0
aecb861cfa6664f9cbb94adfd16b16f8,2025-10-18,Football_KeyNumberGuard_v1,44.5,-10.0,,,0.0,0.0,0
aecb861cfa6664f9cbb94adfd16b16f8,2025-10-18,Football_LineMovement_v1,44.5,-10.0,,,0.0,0.0,0
aecb861cfa6664f9cbb94adfd16b16f8,2025-10-18,Football_MarketBlend_v1,45.0,-9.75,,OVER,-0.25,0.5,0.75
aecb861cfa6664f9cbb94adfd16b16f8,2025-10-18,Football_MarketConsensus_v1,44.5,-10.0,,,0.0,0.0,0
aecb861cfa6664f9cbb94adfd16b16f8,2025-10-18,Football_SpreadValue_v1,44.5,-9.25,AWAY,,-0.75,0.0,0.75
aecb861cfa6664f9cbb94adfd16b16f8,2025-10-18,Football_TotalValue_v1,45.5,-10.0,,OVER,0.0,1.0,1.0
af17a22d1102bd35d73a24c0332f762f,2025-09-20,Football_KeyNumberGuard_v1,51.0,-24.5,,,0.0,0.0,0
af17a22d1102bd35d73a24c0332f762f,2025-09-20,Football_LineMovement_v1,51.0,-24.5,,,0.0,0.0,0
af17a22d1102bd35d73a24c0332f762f,2025-09-20,Football_MarketBlend_v1,50.5,-24.25,AWAY,UNDER,-0.25,-0.5,0.75
af17a22d1102bd35d73a24c0332f762f,2025-09-20,Football_MarketConsensus_v1,51.0,-24.5,,,0.0,0.0,0
af17a22d1102bd35d73a24c0332f762f,2025-09-20,Football_SpreadValue_v1,51.0,-23.75,AWAY,,-0.75,0.0,0.75
af17a22d1102bd35d73a24c0332f762f,2025-09-20,Football_TotalValue_v1,50.0,-24.5,,UNDER,0.0,-1.0,1.0
af2ced7d37b1b9c35b81d69ce26dd870,2025-11-01,Football_KeyNumberGuard_v1,53.0,10.25,,,0.0,0.0,0
af2ced7d37b1b9c35b81d69ce26dd870,2025-11-01,Football_LineMovement_v1,53.0,10.25,,,0.0,0.0,0
af2ced7d37b1b9c35b81d69ce26dd870,2025-11-01,Football_MarketBlend_v1,52.5,10.0,,UNDER,0.25,-0.5,0.75
af2ced7d37b1b9c35b81d69ce26dd870,2025-11-01,Football_MarketConsensus_v1,53.0,10.25,,,0.0,0.0,0
af2ced7d37b1b9c35b81d69ce26dd870,2025-11-01,Football_SpreadValue_v1,53.0,9.5,HOME,,0.75,0.0,0.75
af2ced7d37b1b9c35b81d69ce26dd870,2025-11-01,Football_TotalValue_v1,52.0,10.25,,UNDER,0.0,-1.0,1.0
af7edb090e4bdcac144f29453cc9b416,2025-09-27,Football_KeyNumberGuard_v1,47.5,8.5,,,0.0,0.0,0
af7edb090e4bdcac144f29453cc9b416,2025-09-27,Football_LineMovement_v1,47.5,8.5,,,0.0,0.0,0
af7edb090e4bdcac144f29453cc9b416,2025-09-27,Football_MarketBlend_v1,47.0,8.25,HOME,UNDER,0.25,-0.5,0.75
af7edb090e4bdcac144f29453cc9b416,2025-09-27,Football_MarketConsensus_v1,47.5,8.5,,,0.0,0.0,0
af7edb090e4bdcac144f29453cc9b416,2025-09-27,Football_SpreadValue_v1,47.5,7.75,HOME,,0.75,0.0,0.75
af7edb090e4bdcac144f29453cc9b416,2025-09-27,Football_TotalValue_v1,46.5,8.5,,UNDER,0.0,-1.0,1.0
afdaf6b3f429f827b1f864dc0597ba02,2025-11-08,Football_KeyNumberGuard_v1,62.5,-3.5,,,0.0,0.0,0
afdaf6b3f429f827b1f864dc0597ba02,2025-11-08,Football_LineMovement_v1,62.5,-3.5,,,0.0,0.0,0
afdaf6b3f429f827b1f864dc0597ba02,2025-11-08,Football_MarketBlend_v1,62.0,-3.25,,UNDER,-0.25,-0.5,0.75
afdaf6b3f429f827b1f864dc0597ba02,2025-11-08,Football_MarketConsensus_v1,62.5,-3.5,,,0.0,0.0,0
afdaf6b3f429f827b1f864dc0597ba02,2025-11-08,Football_SpreadValue_v1,62.5,-2.75,AWAY,,-0.75,0.0,0.75
afdaf6b3f429f827b1f864dc0597ba02,2025-11-08,Football_TotalValue_v1,61.5,-3.5,,UNDER,0.0,-1.0,1.0
afe2544f878a71b70d8c52006bd78482,2025-10-11,Football_KeyNumberGuard_v1,49.0,1.5,,,0.0,0.0,0
afe2544f878a71b70d8c52006bd78482,2025-10-11,Football_LineMovement_v1,49.0,1.5,,,0.0,0.0,0
afe2544f878a71b70d8c52006bd78482,2025-10-11,Football_MarketBlend_v1,48.5,1.25,HOME,UNDER,0.25,-0.5,0.75
afe2544f878a71b70d8c52006bd78482,2025-10-11,Football_MarketConsensus_v1,49.0,1.5,,,0.0,0.0,0
afe2544f878a71b70d8c52006bd78482,2025-10-11,Football_SpreadValue_v1,49.0,0.75,HOME,,0.75,0.0,0.75
afe2544f878a71b70d8c52006bd78482,2025-10-11,Football_TotalValue_v1,48.0,1.5,,UNDER,0.0,-1.0,1.0
b0065a8740c11ddd389e3c3b2e169bca,2025-11-09,Football_KeyNumberGuard_v1,55.5,-27.5,,,0.0,0.0,0
b0065a8740c11ddd389e3c3b2e169bca,2025-11-09,Football_LineMovement_v1,55.5,-27.5,,,0.0,0.0,0
b0065a8740c11ddd389e3c3b2e169bca,2025-11-09,Football_MarketBlend_v1,55.0,-27.25,AWAY,UNDER,-0.25,-0.5,0.75
b0065a8740c11ddd389e3c3b2e169bca,2025-11-09,Football_MarketConsensus_v1,55.5,-27.5,,,0.0,0.0,0
b0065a8740c11ddd389e3c3b2e169bca,2025-11-09,Football_SpreadValue_v1,55.5,-26.75,AWAY,,-0.75,0.0,0.75
b0065a8740c11ddd389e3c3b2e169bca,2025-11-09,Football_TotalValue_v1,54.5,-27.5,,UNDER,0.0,-1.0,1.0
b06413bd5f2f786ebdbe891492d67f71,2025-11-22,Football_KeyNumberGuard_v1,40.5,-3.5,,,0.0,0.0,0
b06413bd5f2f786ebdbe891492d67f71,2025-11-22,Football_LineMovement_v1,40.5,-3.5,,,0.0,0.0,0
b06413bd5f2f786ebdbe891492d67f71,2025-11-22,Football_MarketBlend_v1,41.0,-3.25,,OVER,-0.25,0.5,0.75
b06413bd5f2f786ebdbe891492d67f71,2025-11-22,Football_MarketConsensus_v1,40.5,-3.5,,,0.0,0.0,0
b06413bd5f2f786ebdbe891492d67f71,2025-11-22,Football_SpreadValue_v1,40.5,-2.75,AWAY,,-0.75,0.0,0.75
b06413bd5f2f786ebdbe891492d67f71,2025-11-22,Football_TotalValue_v1,41.5,-3.5,,OVER,0.0,1.0,1.0
b084a084e383c1025454bfcf8fed4dfe,2025-09-27,Football_KeyNumberGuard_v1,45.5,-13.5,,,0.0,0.0,0
b084a084e383c1025454bfcf8fed4dfe,2025-09-27,Football_LineMovement_v1,45.5,-13.5,,,0.0,0.0,0
b084a084e383c1025454bfcf8fed4dfe,2025-09-27,Football_MarketBlend_v1,45.0,-13.25,AWAY,UNDER,-0.25,-0.5,0.75
b084a084e383c1025454bfcf8fed4dfe,2025-09-27,Football_MarketConsensus_v1,45.5,-13.5,,,0.0,0.0,0
b084a084e383c1025454bfcf8fed4dfe,2025-09-27,Football_SpreadValue_v1,45.5,-12.75,AWAY,,-0.75,0.0,0.75
b084a084e383c1025454bfcf8fed4dfe,2025-09-27,Football_TotalValue_v1,44.5,-13.5,,UNDER,0.0,-1.0,1.0
b0b386c767a0ce6a0a239fb9f79c3e7a,2025-10-18,Football_KeyNumberGuard_v1,52.5,-3.0,,,0.0,0.0,0
b0b386c767a0ce6a0a239fb9f79c3e7a,2025-10-18,Football_LineMovement_v1,52.5,-3.0,,,0.0,0.0,0
b0b386c767a0ce6a0a239fb9f79c3e7a,2025-10-18,Football_MarketBlend_v1,52.0,-2.75,,UNDER,-0.25,-0.5,0.75
b0b386c767a0ce6a0a239fb9f79c3e7a,2025-10-18,Football_MarketConsensus_v1,52.5,-3.0,,,0.0,0.0,0
b0b386c767a0ce6a0a239fb9f79c3e7a,2025-10-18,Football_SpreadValue_v1,52.5,-2.25,AWAY,,-0.75,0.0,0.75
b0b386c767a0ce6a0a239fb9f79c3e7a,2025-10-18,Football_TotalValue_v1,51.5,-3.0,,UNDER,0.0,-1.0,1.0
b12494a0b58befa6a9488323449a9f84,2025-11-22,Football_KeyNumberGuard_v1,53.5,-6.5,,,0.0,0.0,0
b12494a0b58befa6a9488323449a9f84,2025-11-22,Football_LineMovement_v1,53.5,-6.5,,,0.0,0.0,0
b12494a0b58befa6a9488323449a9f84,2025-11-22,Football_MarketBlend_v1,53.0,-6.25,,UNDER,-0.25,-0.5,0.75
b12494a0b58befa6a9488323449a9f84,2025-11-22,Football_MarketConsensus_v1,53.5,-6.5,,,0.0,0.0,0
b12494a0b58befa6a9488323449a9f84,2025-11-22,Football_SpreadValue_v1,53.5,-5.75,AWAY,,-0.75,0.0,0.75
b12494a0b58befa6a9488323449a9f84,2025-11-22,Football_TotalValue_v1,52.5,-6.5,,UNDER,0.0,-1.0,1.0
b1296a643a8d9b6bb75acc3d224e1394,2025-11-29,Football_KeyNumberGuard_v1,58.5,-28.0,,,0.0,0.0,0
b1296a643a8d9b6bb75acc3d224e1394,2025-11-29,Football_LineMovement_v1,58.5,-28.0,,,0.0,0.0,0
b1296a643a8d9b6bb75acc3d224e1394,2025-11-29,Football_MarketBlend_v1,58.0,-27.75,AWAY,UNDER,-0.25,-0.5,0.75
b1296a643a8d9b6bb75acc3d224e1394,2025-11-29,Football_MarketConsensus_v1,58.5,-28.0,,,0.0,0.0,0
b1296a643a8d9b6bb75acc3d224e1394,2025-11-29,Football_SpreadValue_v1,58.5,-27.25,AWAY,,-0.75,0.0,0.75
b1296a643a8d9b6bb75acc3d224e1394,2025-11-29,Football_TotalValue_v1,57.5,-28.0,,UNDER,0.0,-1.0,1.0
b1298d12169731a56fba3b484f27c005,2026-09-13,Football_KeyNumberGuard_v1,44.5,-17.5,,,0.0,0.0,0
b1298d12169731a56fba3b484f27c005,2026-09-13,Football_LineMovement_v1,44.5,-17.5,,,0.0,0.0,0
b1298d12169731a56fba3b484f27c005,2026-09-13,Football_MarketBlend_v1,45.0,-17.25,AWAY,OVER,-0.25,0.5,0.75
b1298d12169731a56fba3b484f27c005,2026-09-13,Football_MarketConsensus_v1,44.5,-17.5,,,0.0,0.0,0
b1298d12169731a56fba3b484f27c005,2026-09-13,Football_SpreadValue_v1,44.5,-16.75,AWAY,,-0.75,0.0,0.75
b1298d12169731a56fba3b484f27c005,2026-09-13,Football_TotalValue_v1,45.5,-17.5,,OVER,0.0,1.0,1.0
b1541b2d3b6372bc40e356fac18bfcbf,2025-10-25,Football_KeyNumberGuard_v1,61.5,-13.5,,,0.0,0.0,0
b1541b2d3b6372bc40e356fac18bfcbf,2025-10-25,Football_LineMovement_v1,61.5,-13.5,,,0.0,0.0,0
b1541b2d3b6372bc40e356fac18bfcbf,2025-10-25,Football_MarketBlend_v1,61.0,-13.25,AWAY,UNDER,-0.25,-0.5,0.75
b1541b2d3b6372bc40e356fac18bfcbf,2025-10-25,Football_MarketConsensus_v1,61.5,-13.5,,,0.0,0.0,0
b1541b2d3b6372bc40e356fac18bfcbf,2025-10-25,Football_SpreadValue_v1,61.5,-12.75,AWAY,,-0.75,0.0,0.75
b1541b2d3b6372bc40e356fac18bfcbf,2025-10-25,Football_TotalValue_v1,60.5,-13.5,,UNDER,0.0,-1.0,1.0
b16c8fc4179692cae0332f7b65e14b39,2025-08-30,Football_KeyNumberGuard_v1,60.5,-27.5,,,0.0,0.0,0
b16c8fc4179692cae0332f7b65e14b39,2025-08-30,Football_LineMovement_v1,60.5,-27.5,,,0.0,0.0,0
b16c8fc4179692cae0332f7b65e14b39,2025-08-30,Football_MarketBlend_v1,60.0,-27.25,AWAY,UNDER,-0.25,-0.5,0.75
b16c8fc4179692cae0332f7b65e14b39,2025-08-30,Football_MarketConsensus_v1,60.5,-27.5,,,0.0,0.0,0
b16c8fc4179692cae0332f7b65e14b39,2025-08-30,Football_SpreadValue_v1,60.5,-26.75,AWAY,,-0.75,0.0,0.75
b16c8fc4179692cae0332f7b65e14b39,2025-08-30,Football_TotalValue_v1,59.5,-27.5,,UNDER,0.0,-1.0,1.0
b1b3789cd2775eb8f60d82704df02f59,2025-10-11,Football_KeyNumberGuard_v1,54.5,14.0,,,0.0,0.0,0
b1b3789cd2775eb8f60d82704df02f59,2025-10-11,Football_LineMovement_v1,54.5,14.0,,,0.0,0.0,0
b1b3789cd2775eb8f60d82704df02f59,2025-10-11,Football_MarketBlend_v1,54.0,13.75,HOME,UNDER,0.25,-0.5,0.75
b1b3789cd2775eb8f60d82704df02f59,2025-10-11,Football_MarketConsensus_v1,54.5,14.0,,,0.0,0.0,0
b1b3789cd2775eb8f60d82704df02f59,2025-10-11,Football_SpreadValue_v1,54.5,13.25,HOME,,0.75,0.0,0.75
b1b3789cd2775eb8f60d82704df02f59,2025-10-11,Football_TotalValue_v1,53.5,14.0,,UNDER,0.0,-1.0,1.0
b1b41fb67ca67b471802ad3cd778810d,2025-10-25,Football_KeyNumberGuard_v1,46.5,3.0,,,0.0,0.0,0
b1b41fb67ca67b471802ad3cd778810d,2025-10-25,Football_LineMovement_v1,46.5,3.0,,,0.0,0.0,0
b1b41fb67ca67b471802ad3cd778810d,2025-10-25,Football_MarketBlend_v1,46.0,2.75,,UNDER,0.25,-0.5,0.75
b1b41fb67ca67b471802ad3cd778810d,2025-10-25,Football_MarketConsensus_v1,46.5,3.0,,,0.0,0.0,0
b1b41fb67ca67b471802ad3cd778810d,2025-10-25,Football_SpreadValue_v1,46.5,2.25,HOME,,0.75,0.0,0.75
b1b41fb67ca67b471802ad3cd778810d,2025-10-25,Football_TotalValue_v1,45.5,3.0,,UNDER,0.0,-1.0,1.0
b23708a801d86a636d823d2678d169ed,2025-10-04,Football_KeyNumberGuard_v1,52.5,-7.0,,,0.0,0.0,0
b23708a801d86a636d823d2678d169ed,2025-10-04,Football_LineMovement_v1,52.5,-7.0,,,0.0,0.0,0
b23708a801d86a636d823d2678d169ed,2025-10-04,Football_MarketBlend_v1,52.0,-6.75,,UNDER,-0.25,-0.5,0.75
b23708a801d86a636d823d2678d169ed,2025-10-04,Football_MarketConsensus_v1,52.5,-7.0,,,0.0,0.0,0
b23708a801d86a636d823d2678d169ed,2025-10-04,Football_SpreadValue_v1,52.5,-6.25,AWAY,,-0.75,0.0,0.75
b23708a801d86a636d823d2678d169ed,2025-10-04,Football_TotalValue_v1,51.5,-7.0,,UNDER,0.0,-1.0,1.0
b258e8aed63bc16b5d5cf7e3d0cea208,2025-11-15,Football_KeyNumberGuard_v1,54.0,-13.5,,,0.0,0.0,0
b258e8aed63bc16b5d5cf7e3d0cea208,2025-11-15,Football_LineMovement_v1,54.0,-13.5,,,0.0,0.0,0
b258e8aed63bc16b5d5cf7e3d0cea208,2025-11-15,Football_MarketBlend_v1,53.5,-13.25,AWAY,UNDER,-0.25,-0.5,0.75
b258e8aed63bc16b5d5cf7e3d0cea208,2025-11-15,Football_MarketConsensus_v1,54.0,-13.5,,,0.0,0.0,0
b258e8aed63bc16b5d5cf7e3d0cea208,2025-11-15,Football_SpreadValue_v1,54.0,-12.75,AWAY,,-0.75,0.0,0.75
b258e8aed63bc16b5d5cf7e3d0cea208,2025-11-15,Football_TotalValue_v1,53.0,-13.5,,UNDER,0.0,-1.0,1.0
b2d958e3de35cf037c3879cd2357ba2a,2025-09-07,Football_KeyNumberGuard_v1,52.5,3.5,,,0.0,0.0,0
b2d958e3de35cf037c3879cd2357ba2a,2025-09-07,Football_LineMovement_v1,52.5,3.5,,,0.0,0.0,0
b2d958e3de35cf037c3879cd2357ba2a,2025-09-07,Football_MarketBlend_v1,52.0,3.25,,UNDER,0.25,-0.5,0.75
b2d958e3de35cf037c3879cd2357ba2a,2025-09-07,Football_MarketConsensus_v1,52.5,3.5,,,0.0,0.0,0
b2d958e3de35cf037c3879cd2357ba2a,2025-09-07,Football_SpreadValue_v1,52.5,2.75,HOME,,0.75,0.0,0.75
b2d958e3de35cf037c3879cd2357ba2a,2025-09-07,Football_TotalValue_v1,51.5,3.5,,UNDER,0.0,-1.0,1.0
b38f4f63351c15767e64a76a73589574,2026-09-12,Football_KeyNumberGuard_v1,27.5,-6.5,,,0.0,0.0,0
b38f4f63351c15767e64a76a73589574,2026-09-12,Football_LineMovement_v1,27.5,-6.5,,,0.0,0.0,0
b38f4f63351c15767e64a76a73589574,2026-09-12,Football_MarketBlend_v1,28.0,-6.25,,OVER,-0.25,0.5,0.75
b38f4f63351c15767e64a76a73589574,2026-09-12,Football_MarketConsensus_v1,27.5,-6.5,,,0.0,0.0,0
b38f4f63351c15767e64a76a73589574,2026-09-12,Football_SpreadValue_v1,27.5,-5.75,AWAY,,-0.75,0.0,0.75
b38f4f63351c15767e64a76a73589574,2026-09-12,Football_TotalValue_v1,28.5,-6.5,,OVER,0.0,1.0,1.0
b3afa7e549f06046d220f15be8f57bdd,2025-09-06,Football_KeyNumberGuard_v1,63.0,-23.0,,,0.0,0.0,0
b3afa7e549f06046d220f15be8f57bdd,2025-09-06,Football_LineMovement_v1,63.0,-23.0,,,0.0,0.0,0
b3afa7e549f06046d220f15be8f57bdd,2025-09-06,Football_MarketBlend_v1,62.5,-22.75,AWAY,UNDER,-0.25,-0.5,0.75
b3afa7e549f06046d220f15be8f57bdd,2025-09-06,Football_MarketConsensus_v1,63.0,-23.0,,,0.0,0.0,0
b3afa7e549f06046d220f15be8f57bdd,2025-09-06,Football_SpreadValue_v1,63.0,-22.25,AWAY,,-0.75,0.0,0.75
b3afa7e549f06046d220f15be8f57bdd,2025-09-06,Football_TotalValue_v1,62.0,-23.0,,UNDER,0.0,-1.0,1.0
b4077e17d5393758cd18778ca067bd0a,2026-09-05,Football_KeyNumberGuard_v1,54.75,-41.5,,,0.0,0.0,0
b4077e17d5393758cd18778ca067bd0a,2026-09-05,Football_LineMovement_v1,54.75,-41.5,,,0.0,0.0,0
b4077e17d5393758cd18778ca067bd0a,2026-09-05,Football_MarketBlend_v1,54.25,-41.25,AWAY,UNDER,-0.25,-0.5,0.75
b4077e17d5393758cd18778ca067bd0a,2026-09-05,Football_MarketConsensus_v1,54.75,-41.5,,,0.0,0.0,0
b4077e17d5393758cd18778ca067bd0a,2026-09-05,Football_SpreadValue_v1,54.75,-40.75,AWAY,,-0.75,0.0,0.75
b4077e17d5393758cd18778ca067bd0a,2026-09-05,Football_TotalValue_v1,53.75,-41.5,,UNDER,0.0,-1.0,1.0
b40fd4e70194bfdabd7e68dfc269f268,2025-10-18,Football_KeyNumberGuard_v1,41.0,25.0,,,0.0,0.0,0
b40fd4e70194bfdabd7e68dfc269f268,2025-10-18,Football_LineMovement_v1,41.0,25.0,,,0.0,0.0,0
b40fd4e70194bfdabd7e68dfc269f268,2025-10-18,Football_MarketBlend_v1,41.5,24.75,HOME,OVER,0.25,0.5,0.75
b40fd4e70194bfdabd7e68dfc269f268,2025-10-18,Football_MarketConsensus_v1,41.0,25.0,,,0.0,0.0,0
b40fd4e70194bfdabd7e68dfc269f268,2025-10-18,Football_SpreadValue_v1,41.0,24.25,HOME,,0.75,0.0,0.75
b40fd4e70194bfdabd7e68dfc269f268,2025-10-18,Football_TotalValue_v1,42.0,25.0,,OVER,0.0,1.0,1.0
b41044c11856a02c999522fe8f4977e4,2025-11-08,Football_KeyNumberGuard_v1,56.0,9.5,,,0.0,0.0,0
b41044c11856a02c999522fe8f4977e4,2025-11-08,Football_LineMovement_v1,56.0,9.5,,,0.0,0.0,0
b41044c11856a02c999522fe8f4977e4,2025-11-08,Football_MarketBlend_v1,55.5,9.25,,UNDER,0.25,-0.5,0.75
b41044c11856a02c999522fe8f4977e4,2025-11-08,Football_MarketConsensus_v1,56.0,9.5,,,0.0,0.0,0
b41044c11856a02c999522fe8f4977e4,2025-11-08,Football_SpreadValue_v1,56.0,8.75,HOME,,0.75,0.0,0.75
b41044c11856a02c999522fe8f4977e4,2025-11-08,Football_TotalValue_v1,55.0,9.5,,UNDER,0.0,-1.0,1.0
b417c55071b8eb7aa75b4073707d90c7,2025-11-15,Football_KeyNumberGuard_v1,49.5,-17.0,,,0.0,0.0,0
b417c55071b8eb7aa75b4073707d90c7,2025-11-15,Football_LineMovement_v1,49.5,-17.0,,,0.0,0.0,0
b417c55071b8eb7aa75b4073707d90c7,2025-11-15,Football_MarketBlend_v1,49.0,-16.75,AWAY,UNDER,-0.25,-0.5,0.75
b417c55071b8eb7aa75b4073707d90c7,2025-11-15,Football_MarketConsensus_v1,49.5,-17.0,,,0.0,0.0,0
b417c55071b8eb7aa75b4073707d90c7,2025-11-15,Football_SpreadValue_v1,49.5,-16.25,AWAY,,-0.75,0.0,0.75
b417c55071b8eb7aa75b4073707d90c7,2025-11-15,Football_TotalValue_v1,48.5,-17.0,,UNDER,0.0,-1.0,1.0
b41939807dad226f718eeb8fa56d7342,2025-09-27,Football_KeyNumberGuard_v1,53.5,-2.5,,,0.0,0.0,0
b41939807dad226f718eeb8fa56d7342,2025-09-27,Football_LineMovement_v1,53.5,-2.5,,,0.0,0.0,0
b41939807dad226f718eeb8fa56d7342,2025-09-27,Football_MarketBlend_v1,53.0,-2.25,,UNDER,-0.25,-0.5,0.75
b41939807dad226f718eeb8fa56d7342,2025-09-27,Football_MarketConsensus_v1,53.5,-2.5,,,0.0,0.0,0
b41939807dad226f718eeb8fa56d7342,2025-09-27,Football_SpreadValue_v1,53.5,-1.75,AWAY,,-0.75,0.0,0.75
b41939807dad226f718eeb8fa56d7342,2025-09-27,Football_TotalValue_v1,52.5,-2.5,,UNDER,0.0,-1.0,1.0
b460f3aa4235ec2485f25182755304d6,2026-09-06,Football_KeyNumberGuard_v1,46.5,-20.5,,,0.0,0.0,0
b460f3aa4235ec2485f25182755304d6,2026-09-06,Football_LineMovement_v1,46.5,-20.5,,,0.0,0.0,0
b460f3aa4235ec2485f25182755304d6,2026-09-06,Football_MarketBlend_v1,46.0,-20.25,AWAY,UNDER,-0.25,-0.5,0.75
b460f3aa4235ec2485f25182755304d6,2026-09-06,Football_MarketConsensus_v1,46.5,-20.5,,,0.0,0.0,0
b460f3aa4235ec2485f25182755304d6,2026-09-06,Football_SpreadValue_v1,46.5,-19.75,AWAY,,-0.75,0.0,0.75
b460f3aa4235ec2485f25182755304d6,2026-09-06,Football_TotalValue_v1,45.5,-20.5,,UNDER,0.0,-1.0,1.0
b4e694771eec00d29e8b0e767fd89844,2025-09-27,Football_KeyNumberGuard_v1,56.5,-5.5,,,0.0,0.0,0
b4e694771eec00d29e8b0e767fd89844,2025-09-27,Football_LineMovement_v1,56.5,-5.5,,,0.0,0.0,0
b4e694771eec00d29e8b0e767fd89844,2025-09-27,Football_MarketBlend_v1,56.0,-5.25,AWAY,UNDER,-0.25,-0.5,0.75
b4e694771eec00d29e8b0e767fd89844,2025-09-27,Football_MarketConsensus_v1,56.5,-5.5,,,0.0,0.0,0
b4e694771eec00d29e8b0e767fd89844,2025-09-27,Football_SpreadValue_v1,56.5,-4.75,AWAY,,-0.75,0.0,0.75
b4e694771eec00d29e8b0e767fd89844,2025-09-27,Football_TotalValue_v1,55.5,-5.5,,UNDER,0.0,-1.0,1.0
b4eec250102bbb8f8e572d3fe056258e,2025-11-22,Football_KeyNumberGuard_v1,50.0,-24.0,,,0.0,0.0,0
b4eec250102bbb8f8e572d3fe056258e,2025-11-22,Football_LineMovement_v1,50.0,-24.0,,,0.0,0.0,0
b4eec250102bbb8f8e572d3fe056258e,2025-11-22,Football_MarketBlend_v1,49.5,-23.75,AWAY,UNDER,-0.25,-0.5,0.75
b4eec250102bbb8f8e572d3fe056258e,2025-11-22,Football_MarketConsensus_v1,50.0,-24.0,,,0.0,0.0,0
b4eec250102bbb8f8e572d3fe056258e,2025-11-22,Football_SpreadValue_v1,50.0,-23.25,AWAY,,-0.75,0.0,0.75
b4eec250102bbb8f8e572d3fe056258e,2025-11-22,Football_TotalValue_v1,49.0,-24.0,,UNDER,0.0,-1.0,1.0
b4f42c88b4d5eb45150b23ab3b186d0a,2025-10-18,Football_KeyNumberGuard_v1,47.0,-7.0,,,0.0,0.0,0
b4f42c88b4d5eb45150b23ab3b186d0a,2025-10-18,Football_LineMovement_v1,47.0,-7.0,,,0.0,0.0,0
b4f42c88b4d5eb45150b23ab3b186d0a,2025-10-18,Football_MarketBlend_v1,46.5,-6.75,,UNDER,-0.25,-0.5,0.75
b4f42c88b4d5eb45150b23ab3b186d0a,2025-10-18,Football_MarketConsensus_v1,47.0,-7.0,,,0.0,0.0,0
b4f42c88b4d5eb45150b23ab3b186d0a,2025-10-18,Football_SpreadValue_v1,47.0,-6.25,AWAY,,-0.75,0.0,0.75
b4f42c88b4d5eb45150b23ab3b186d0a,2025-10-18,Football_TotalValue_v1,46.0,-7.0,,UNDER,0.0,-1.0,1.0
b50c9a0239712b72d97978f4adcd4dae,2025-09-27,Football_KeyNumberGuard_v1,57.0,-44.5,,,0.0,0.0,0
b50c9a0239712b72d97978f4adcd4dae,2025-09-27,Football_LineMovement_v1,57.0,-44.5,,,0.0,0.0,0
b50c9a0239712b72d97978f4adcd4dae,2025-09-27,Football_MarketBlend_v1,56.5,-44.25,AWAY,UNDER,-0.25,-0.5,0.75
b50c9a0239712b72d97978f4adcd4dae,2025-09-27,Football_MarketConsensus_v1,57.0,-44.5,,,0.0,0.0,0
b50c9a0239712b72d97978f4adcd4dae,2025-09-27,Football_SpreadValue_v1,57.0,-43.75,AWAY,,-0.75,0.0,0.75
b50c9a0239712b72d97978f4adcd4dae,2025-09-27,Football_TotalValue_v1,56.0,-44.5,,UNDER,0.0,-1.0,1.0
b558ad432d602df7b43579becf16eece,2025-10-11,Football_KeyNumberGuard_v1,55.5,-14.0,,,0.0,0.0,0
b558ad432d602df7b43579becf16eece,2025-10-11,Football_LineMovement_v1,55.5,-14.0,,,0.0,0.0,0
b558ad432d602df7b43579becf16eece,2025-10-11,Football_MarketBlend_v1,55.0,-13.75,AWAY,UNDER,-0.25,-0.5,0.75
b558ad432d602df7b43579becf16eece,2025-10-11,Football_MarketConsensus_v1,55.5,-14.0,,,0.0,0.0,0
b558ad432d602df7b43579becf16eece,2025-10-11,Football_SpreadValue_v1,55.5,-13.25,AWAY,,-0.75,0.0,0.75
b558ad432d602df7b43579becf16eece,2025-10-11,Football_TotalValue_v1,54.5,-14.0,,UNDER,0.0,-1.0,1.0
b58f9041beb02f4a0dba118904a62c57,2025-10-25,Football_KeyNumberGuard_v1,52.5,-5.0,,,0.0,0.0,0
b58f9041beb02f4a0dba118904a62c57,2025-10-25,Football_LineMovement_v1,52.5,-5.0,,,0.0,0.0,0
b58f9041beb02f4a0dba118904a62c57,2025-10-25,Football_MarketBlend_v1,52.0,-4.75,AWAY,UNDER,-0.25,-0.5,0.75
b58f9041beb02f4a0dba118904a62c57,2025-10-25,Football_MarketConsensus_v1,52.5,-5.0,,,0.0,0.0,0
b58f9041beb02f4a0dba118904a62c57,2025-10-25,Football_SpreadValue_v1,52.5,-4.25,AWAY,,-0.75,0.0,0.75
b58f9041beb02f4a0dba118904a62c57,2025-10-25,Football_TotalValue_v1,51.5,-5.0,,UNDER,0.0,-1.0,1.0
b5a47219e2e4b7efe0908d3441469559,2026-09-12,Football_KeyNumberGuard_v1,44.25,-23.25,,,0.0,0.0,0
b5a47219e2e4b7efe0908d3441469559,2026-09-12,Football_LineMovement_v1,44.25,-23.25,,,0.0,0.0,0
b5a47219e2e4b7efe0908d3441469559,2026-09-12,Football_MarketBlend_v1,44.75,-23.0,AWAY,OVER,-0.25,0.5,0.75
b5a47219e2e4b7efe0908d3441469559,2026-09-12,Football_MarketConsensus_v1,44.25,-23.25,,,0.0,0.0,0
b5a47219e2e4b7efe0908d3441469559,2026-09-12,Football_SpreadValue_v1,44.25,-22.5,AWAY,,-0.75,0.0,0.75
b5a47219e2e4b7efe0908d3441469559,2026-09-12,Football_TotalValue_v1,45.25,-23.25,,OVER,0.0,1.0,1.0
b5fabc4bda15869a027bae77baf8f936,2025-11-15,Football_KeyNumberGuard_v1,60.0,-4.5,,,0.0,0.0,0
b5fabc4bda15869a027bae77baf8f936,2025-11-15,Football_LineMovement_v1,60.0,-4.5,,,0.0,0.0,0
b5fabc4bda15869a027bae77baf8f936,2025-11-15,Football_MarketBlend_v1,59.5,-4.25,AWAY,UNDER,-0.25,-0.5,0.75
b5fabc4bda15869a027bae77baf8f936,2025-11-15,Football_MarketConsensus_v1,60.0,-4.5,,,0.0,0.0,0
b5fabc4bda15869a027bae77baf8f936,2025-11-15,Football_SpreadValue_v1,60.0,-3.75,AWAY,,-0.75,0.0,0.75
b5fabc4bda15869a027bae77baf8f936,2025-11-15,Football_TotalValue_v1,59.0,-4.5,,UNDER,0.0,-1.0,1.0
b65090ae8762083bc31e6546f50bd38e,2025-10-11,Football_KeyNumberGuard_v1,48.0,14.5,,,0.0,0.0,0
b65090ae8762083bc31e6546f50bd38e,2025-10-11,Football_LineMovement_v1,48.0,14.5,,,0.0,0.0,0
b65090ae8762083bc31e6546f50bd38e,2025-10-11,Football_MarketBlend_v1,47.5,14.25,HOME,UNDER,0.25,-0.5,0.75
b65090ae8762083bc31e6546f50bd38e,2025-10-11,Football_MarketConsensus_v1,48.0,14.5,,,0.0,0.0,0
b65090ae8762083bc31e6546f50bd38e,2025-10-11,Football_SpreadValue_v1,48.0,13.75,HOME,,0.75,0.0,0.75
b65090ae8762083bc31e6546f50bd38e,2025-10-11,Football_TotalValue_v1,47.0,14.5,,UNDER,0.0,-1.0,1.0
b83c7f30440d9f80736b1b7cc5b2fa7f,2025-09-13,Football_KeyNumberGuard_v1,47.5,-7.0,,,0.0,0.0,0
b83c7f30440d9f80736b1b7cc5b2fa7f,2025-09-13,Football_LineMovement_v1,47.5,-7.0,,,0.0,0.0,0
b83c7f30440d9f80736b1b7cc5b2fa7f,2025-09-13,Football_MarketBlend_v1,47.0,-6.75,,UNDER,-0.25,-0.5,0.75
b83c7f30440d9f80736b1b7cc5b2fa7f,2025-09-13,Football_MarketConsensus_v1,47.5,-7.0,,,0.0,0.0,0
b83c7f30440d9f80736b1b7cc5b2fa7f,2025-09-13,Football_SpreadValue_v1,47.5,-6.25,AWAY,,-0.75,0.0,0.75
b83c7f30440d9f80736b1b7cc5b2fa7f,2025-09-13,Football_TotalValue_v1,46.5,-7.0,,UNDER,0.0,-1.0,1.0
b8524329bb15afd228c75ffbf68f4cc0,2025-09-13,Football_KeyNumberGuard_v1,50.5,24.0,,,0.0,0.0,0
b8524329bb15afd228c75ffbf68f4cc0,2025-09-13,Football_LineMovement_v1,50.5,24.0,,,0.0,0.0,0
b8524329bb15afd228c75ffbf68f4cc0,2025-09-13,Football_MarketBlend_v1,50.0,23.75,HOME,UNDER,0.25,-0.5,0.75
b8524329bb15afd228c75ffbf68f4cc0,2025-09-13,Football_MarketConsensus_v1,50.5,24.0,,,0.0,0.0,0
b8524329bb15afd228c75ffbf68f4cc0,2025-09-13,Football_SpreadValue_v1,50.5,23.25,HOME,,0.75,0.0,0.75
b8524329bb15afd228c75ffbf68f4cc0,2025-09-13,Football_TotalValue_v1,49.5,24.0,,UNDER,0.0,-1.0,1.0
b90c1e699a3f75f21ca7e436584b6add,2025-10-18,Football_KeyNumberGuard_v1,46.5,-3.0,,,0.0,0.0,0
b90c1e699a3f75f21ca7e436584b6add,2025-10-18,Football_LineMovement_v1,46.5,-3.0,,,0.0,0.0,0
b90c1e699a3f75f21ca7e436584b6add,2025-10-18,Football_MarketBlend_v1,46.0,-2.75,,UNDER,-0.25,-0.5,0.75
b90c1e699a3f75f21ca7e436584b6add,2025-10-18,Football_MarketConsensus_v1,46.5,-3.0,,,0.0,0.0,0
b90c1e699a3f75f21ca7e436584b6add,2025-10-18,Football_SpreadValue_v1,46.5,-2.25,AWAY,,-0.75,0.0,0.75
b90c1e699a3f75f21ca7e436584b6add,2025-10-18,Football_TotalValue_v1,45.5,-3.0,,UNDER,0.0,-1.0,1.0
b953fbd602d01288f5e295c636d69dc9,2025-09-20,Football_KeyNumberGuard_v1,53.0,-28.0,,,0.0,0.0,0
b953fbd602d01288f5e295c636d69dc9,2025-09-20,Football_LineMovement_v1,53.0,-28.0,,,0.0,0.0,0
b953fbd602d01288f5e295c636d69dc9,2025-09-20,Football_MarketBlend_v1,52.5,-27.75,AWAY,UNDER,-0.25,-0.5,0.75
b953fbd602d01288f5e295c636d69dc9,2025-09-20,Football_MarketConsensus_v1,53.0,-28.0,,,0.0,0.0,0
b953fbd602d01288f5e295c636d69dc9,2025-09-20,Football_SpreadValue_v1,53.0,-27.25,AWAY,,-0.75,0.0,0.75
b953fbd602d01288f5e295c636d69dc9,2025-09-20,Football_TotalValue_v1,52.0,-28.0,,UNDER,0.0,-1.0,1.0
b9644727bdb769f76dccd79898ddd02f,2025-08-30,Football_KeyNumberGuard_v1,50.25,-14.5,,,0.0,0.0,0
b9644727bdb769f76dccd79898ddd02f,2025-08-30,Football_LineMovement_v1,50.25,-14.5,,,0.0,0.0,0
b9644727bdb769f76dccd79898ddd02f,2025-08-30,Football_MarketBlend_v1,49.75,-14.25,AWAY,UNDER,-0.25,-0.5,0.75
b9644727bdb769f76dccd79898ddd02f,2025-08-30,Football_MarketConsensus_v1,50.25,-14.5,,,0.0,0.0,0
b9644727bdb769f76dccd79898ddd02f,2025-08-30,Football_SpreadValue_v1,50.25,-13.75,AWAY,,-0.75,0.0,0.75
b9644727bdb769f76dccd79898ddd02f,2025-08-30,Football_TotalValue_v1,49.25,-14.5,,UNDER,0.0,-1.0,1.0
b9668bd42d810933d0a2d1de428fc5fd,2025-08-31,Football_KeyNumberGuard_v1,54.25,-16.5,,,0.0,0.0,0
b9668bd42d810933d0a2d1de428fc5fd,2025-08-31,Football_LineMovement_v1,54.25,-16.5,,,0.0,0.0,0
b9668bd42d810933d0a2d1de428fc5fd,2025-08-31,Football_MarketBlend_v1,53.75,-16.25,AWAY,UNDER,-0.25,-0.5,0.75
b9668bd42d810933d0a2d1de428fc5fd,2025-08-31,Football_MarketConsensus_v1,54.25,-16.5,,,0.0,0.0,0
b9668bd42d810933d0a2d1de428fc5fd,2025-08-31,Football_SpreadValue_v1,54.25,-15.75,AWAY,,-0.75,0.0,0.75
b9668bd42d810933d0a2d1de428fc5fd,2025-08-31,Football_TotalValue_v1,53.25,-16.5,,UNDER,0.0,-1.0,1.0
b972aaf6a19883fa0fbf06d89f86acf7,2025-10-29,Football_KeyNumberGuard_v1,55.5,6.5,,,0.0,0.0,0
b972aaf6a19883fa0fbf06d89f86acf7,2025-10-29,Football_LineMovement_v1,55.5,6.5,,,0.0,0.0,0
b972aaf6a19883fa0fbf06d89f86acf7,2025-10-29,Football_MarketBlend_v1,55.0,6.25,,UNDER,0.25,-0.5,0.75
b972aaf6a19883fa0fbf06d89f86acf7,2025-10-29,Football_MarketConsensus_v1,55.5,6.5,,,0.0,0.0,0
b972aaf6a19883fa0fbf06d89f86acf7,2025-10-29,Football_SpreadValue_v1,55.5,5.75,HOME,,0.75,0.0,0.75
b972aaf6a19883fa0fbf06d89f86acf7,2025-10-29,Football_TotalValue_v1,54.5,6.5,,UNDER,0.0,-1.0,1.0
b9b7362cde9dff460a263d4b19c8e462,2025-08-30,Football_KeyNumberGuard_v1,53.5,-14.5,,,0.0,0.0,0
b9b7362cde9dff460a263d4b19c8e462,2025-08-30,Football_LineMovement_v1,53.5,-14.5,,,0.0,0.0,0
b9b7362cde9dff460a263d4b19c8e462,2025-08-30,Football_MarketBlend_v1,53.0,-14.25,AWAY,UNDER,-0.25,-0.5,0.75
b9b7362cde9dff460a263d4b19c8e462,2025-08-30,Football_MarketConsensus_v1,53.5,-14.5,,,0.0,0.0,0
b9b7362cde9dff460a263d4b19c8e462,2025-08-30,Football_SpreadValue_v1,53.5,-13.75,AWAY,,-0.75,0.0,0.75
b9b7362cde9dff460a263d4b19c8e462,2025-08-30,Football_TotalValue_v1,52.5,-14.5,,UNDER,0.0,-1.0,1.0
b9ca3daaa52f5e5e91ac5def4b9b0789,2025-09-27,Football_KeyNumberGuard_v1,47.0,12.5,,,0.0,0.0,0
b9ca3daaa52f5e5e91ac5def4b9b0789,2025-09-27,Football_LineMovement_v1,47.0,12.5,,,0.0,0.0,0
b9ca3daaa52f5e5e91ac5def4b9b0789,2025-09-27,Football_MarketBlend_v1,46.5,12.25,HOME,UNDER,0.25,-0.5,0.75
b9ca3daaa52f5e5e91ac5def4b9b0789,2025-09-27,Football_MarketConsensus_v1,47.0,12.5,,,0.0,0.0,0
b9ca3daaa52f5e5e91ac5def4b9b0789,2025-09-27,Football_SpreadValue_v1,47.0,11.75,HOME,,0.75,0.0,0.75
b9ca3daaa52f5e5e91ac5def4b9b0789,2025-09-27,Football_TotalValue_v1,46.0,12.5,,UNDER,0.0,-1.0,1.0
b9d4c49ff5254d29e970cbb40bb6b2ea,2026-01-20,Football_KeyNumberGuard_v1,48.0,-7.5,,,0.0,0.0,0
b9d4c49ff5254d29e970cbb40bb6b2ea,2026-01-20,Football_LineMovement_v1,48.0,-7.5,,,0.0,0.0,0
b9d4c49ff5254d29e970cbb40bb6b2ea,2026-01-20,Football_MarketBlend_v1,47.5,-7.25,,UNDER,-0.25,-0.5,0.75
b9d4c49ff5254d29e970cbb40bb6b2ea,2026-01-20,Football_MarketConsensus_v1,48.0,-7.5,,,0.0,0.0,0
b9d4c49ff5254d29e970cbb40bb6b2ea,2026-01-20,Football_SpreadValue_v1,48.0,-6.75,AWAY,,-0.75,0.0,0.75
b9d4c49ff5254d29e970cbb40bb6b2ea,2026-01-20,Football_TotalValue_v1,47.0,-7.5,,UNDER,0.0,-1.0,1.0
ba3ec216f7117a8f9acbef2fe092c87b,2025-08-28,Football_KeyNumberGuard_v1,62.0,5.5,,,0.0,0.0,0
ba3ec216f7117a8f9acbef2fe092c87b,2025-08-28,Football_LineMovement_v1,62.0,5.5,,,0.0,0.0,0
ba3ec216f7117a8f9acbef2fe092c87b,2025-08-28,Football_MarketBlend_v1,61.5,5.25,HOME,UNDER,0.25,-0.5,0.75
ba3ec216f7117a8f9acbef2fe092c87b,2025-08-28,Football_MarketConsensus_v1,62.0,5.5,,,0.0,0.0,0
ba3ec216f7117a8f9acbef2fe092c87b,2025-08-28,Football_SpreadValue_v1,62.0,4.75,HOME,,0.75,0.0,0.75
ba3ec216f7117a8f9acbef2fe092c87b,2025-08-28,Football_TotalValue_v1,61.0,5.5,,UNDER,0.0,-1.0,1.0
ba41a4804a7569be6b43e49e1c4e29d9,2025-12-27,Football_KeyNumberGuard_v1,51.5,13.0,,,0.0,0.0,0
ba41a4804a7569be6b43e49e1c4e29d9,2025-12-27,Football_LineMovement_v1,51.5,13.0,,,0.0,0.0,0
ba41a4804a7569be6b43e49e1c4e29d9,2025-12-27,Football_MarketBlend_v1,51.0,12.75,HOME,UNDER,0.25,-0.5,0.75
ba41a4804a7569be6b43e49e1c4e29d9,2025-12-27,Football_MarketConsensus_v1,51.5,13.0,,,0.0,0.0,0
ba41a4804a7569be6b43e49e1c4e29d9,2025-12-27,Football_SpreadValue_v1,51.5,12.25,HOME,,0.75,0.0,0.75
ba41a4804a7569be6b43e49e1c4e29d9,2025-12-27,Football_TotalValue_v1,50.5,13.0,,UNDER,0.0,-1.0,1.0
ba6b6f78dac14dd7cab6745b0b6c8cd6,2025-10-04,Football_KeyNumberGuard_v1,54.5,-4.5,,,0.0,0.0,0
ba6b6f78dac14dd7cab6745b0b6c8cd6,2025-10-04,Football_LineMovement_v1,54.5,-4.5,,,0.0,0.0,0
ba6b6f78dac14dd7cab6745b0b6c8cd6,2025-10-04,Football_MarketBlend_v1,54.0,-4.25,AWAY,UNDER,-0.25,-0.5,0.75
ba6b6f78dac14dd7cab6745b0b6c8cd6,2025-10-04,Football_MarketConsensus_v1,54.5,-4.5,,,0.0,0.0,0
ba6b6f78dac14dd7cab6745b0b6c8cd6,2025-10-04,Football_SpreadValue_v1,54.5,-3.75,AWAY,,-0.75,0.0,0.75
ba6b6f78dac14dd7cab6745b0b6c8cd6,2025-10-04,Football_TotalValue_v1,53.5,-4.5,,UNDER,0.0,-1.0,1.0
ba99311bb57bf1aefb82f82ac0b3fb88,2025-09-06,Football_KeyNumberGuard_v1,64.0,-54.5,,,0.0,0.0,0
ba99311bb57bf1aefb82f82ac0b3fb88,2025-09-06,Football_LineMovement_v1,64.0,-54.5,,,0.0,0.0,0
ba99311bb57bf1aefb82f82ac0b3fb88,2025-09-06,Football_MarketBlend_v1,63.5,-54.25,AWAY,UNDER,-0.25,-0.5,0.75
ba99311bb57bf1aefb82f82ac0b3fb88,2025-09-06,Football_MarketConsensus_v1,64.0,-54.5,,,0.0,0.0,0
ba99311bb57bf1aefb82f82ac0b3fb88,2025-09-06,Football_SpreadValue_v1,64.0,-53.75,AWAY,,-0.75,0.0,0.75
ba99311bb57bf1aefb82f82ac0b3fb88,2025-09-06,Football_TotalValue_v1,63.0,-54.5,,UNDER,0.0,-1.0,1.0
baa1d54d3e3162e5a550681144369eee,2026-09-13,Football_KeyNumberGuard_v1,50.0,-7.5,,,0.0,0.0,0
baa1d54d3e3162e5a550681144369eee,2026-09-13,Football_LineMovement_v1,50.0,-7.5,,,0.0,0.0,0
baa1d54d3e3162e5a550681144369eee,2026-09-13,Football_MarketBlend_v1,49.5,-7.25,,UNDER,-0.25,-0.5,0.75
baa1d54d3e3162e5a550681144369eee,2026-09-13,Football_MarketConsensus_v1,50.0,-7.5,,,0.0,0.0,0
baa1d54d3e3162e5a550681144369eee,2026-09-13,Football_SpreadValue_v1,50.0,-6.75,AWAY,,-0.75,0.0,0.75
baa1d54d3e3162e5a550681144369eee,2026-09-13,Football_TotalValue_v1,49.0,-7.5,,UNDER,0.0,-1.0,1.0
bab9f41c47521171fd5a7452bf778f5a,2025-10-12,Football_KeyNumberGuard_v1,47.5,2.5,,,0.0,0.0,0
bab9f41c47521171fd5a7452bf778f5a,2025-10-12,Football_LineMovement_v1,47.5,2.5,,,0.0,0.0,0
bab9f41c47521171fd5a7452bf778f5a,2025-10-12,Football_MarketBlend_v1,47.0,2.25,,UNDER,0.25,-0.5,0.75
bab9f41c47521171fd5a7452bf778f5a,2025-10-12,Football_MarketConsensus_v1,47.5,2.5,,,0.0,0.0,0
bab9f41c47521171fd5a7452bf778f5a,2025-10-12,Football_SpreadValue_v1,47.5,1.75,HOME,,0.75,0.0,0.75
bab9f41c47521171fd5a7452bf778f5a,2025-10-12,Football_TotalValue_v1,46.5,2.5,,UNDER,0.0,-1.0,1.0
babcab8106759c4005c0d44f7b372d40,2025-09-06,Football_KeyNumberGuard_v1,57.5,14.0,,,0.0,0.0,0
babcab8106759c4005c0d44f7b372d40,2025-09-06,Football_LineMovement_v1,57.5,14.0,,,0.0,0.0,0
babcab8106759c4005c0d44f7b372d40,2025-09-06,Football_MarketBlend_v1,57.0,13.75,HOME,UNDER,0.25,-0.5,0.75
babcab8106759c4005c0d44f7b372d40,2025-09-06,Football_MarketConsensus_v1,57.5,14.0,,,0.0,0.0,0
babcab8106759c4005c0d44f7b372d40,2025-09-06,Football_SpreadValue_v1,57.5,13.25,HOME,,0.75,0.0,0.75
babcab8106759c4005c0d44f7b372d40,2025-09-06,Football_TotalValue_v1,56.5,14.0,,UNDER,0.0,-1.0,1.0
babde2a716ec01f56e9a027cd748e6b0,2025-10-11,Football_KeyNumberGuard_v1,56.0,-10.0,,,0.0,0.0,0
babde2a716ec01f56e9a027cd748e6b0,2025-10-11,Football_LineMovement_v1,56.0,-10.0,,,0.0,0.0,0
babde2a716ec01f56e9a027cd748e6b0,2025-10-11,Football_MarketBlend_v1,55.5,-9.75,,UNDER,-0.25,-0.5,0.75
babde2a716ec01f56e9a027cd748e6b0,2025-10-11,Football_MarketConsensus_v1,56.0,-10.0,,,0.0,0.0,0
babde2a716ec01f56e9a027cd748e6b0,2025-10-11,Football_SpreadValue_v1,56.0,-9.25,AWAY,,-0.75,0.0,0.75
babde2a716ec01f56e9a027cd748e6b0,2025-10-11,Football_TotalValue_v1,55.0,-10.0,,UNDER,0.0,-1.0,1.0
baf849e79f0978d22d19b6c5e9df6622,2025-11-28,Football_KeyNumberGuard_v1,55.5,2.5,,,0.0,0.0,0
baf849e79f0978d22d19b6c5e9df6622,2025-11-28,Football_LineMovement_v1,55.5,2.5,,,0.0,0.0,0
baf849e79f0978d22d19b6c5e9df6622,2025-11-28,Football_MarketBlend_v1,55.0,2.25,,UNDER,0.25,-0.5,0.75
baf849e79f0978d22d19b6c5e9df6622,2025-11-28,Football_MarketConsensus_v1,55.5,2.5,,,0.0,0.0,0
baf849e79f0978d22d19b6c5e9df6622,2025-11-28,Football_SpreadValue_v1,55.5,1.75,HOME,,0.75,0.0,0.75
baf849e79f0978d22d19b6c5e9df6622,2025-11-28,Football_TotalValue_v1,54.5,2.5,,UNDER,0.0,-1.0,1.0
bb18900848211296ea7c10692c3c4f01,2025-10-18,Football_KeyNumberGuard_v1,48.5,-1.5,,,0.0,0.0,0
bb18900848211296ea7c10692c3c4f01,2025-10-18,Football_LineMovement_v1,48.5,-1.5,,,0.0,0.0,0
bb18900848211296ea7c10692c3c4f01,2025-10-18,Football_MarketBlend_v1,48.0,-1.25,AWAY,UNDER,-0.25,-0.5,0.75
bb18900848211296ea7c10692c3c4f01,2025-10-18,Football_MarketConsensus_v1,48.5,-1.5,,,0.0,0.0,0
bb18900848211296ea7c10692c3c4f01,2025-10-18,Football_SpreadValue_v1,48.5,-0.75,AWAY,,-0.75,0.0,0.75
bb18900848211296ea7c10692c3c4f01,2025-10-18,Football_TotalValue_v1,47.5,-1.5,,UNDER,0.0,-1.0,1.0
bb7a8c32ea520cdc25a01fe1826ca550,2025-09-13,Football_KeyNumberGuard_v1,53.0,-28.5,,,0.0,0.0,0
bb7a8c32ea520cdc25a01fe1826ca550,2025-09-13,Football_LineMovement_v1,53.0,-28.5,,,0.0,0.0,0
bb7a8c32ea520cdc25a01fe1826ca550,2025-09-13,Football_MarketBlend_v1,52.5,-28.25,AWAY,UNDER,-0.25,-0.5,0.75
bb7a8c32ea520cdc25a01fe1826ca550,2025-09-13,Football_MarketConsensus_v1,53.0,-28.5,,,0.0,0.0,0
bb7a8c32ea520cdc25a01fe1826ca550,2025-09-13,Football_SpreadValue_v1,53.0,-27.75,AWAY,,-0.75,0.0,0.75
bb7a8c32ea520cdc25a01fe1826ca550,2025-09-13,Football_TotalValue_v1,52.0,-28.5,,UNDER,0.0,-1.0,1.0
bb92c7cb2dc05cd3f9a68f5b5d468549,2026-09-12,Football_KeyNumberGuard_v1,57.5,-44.0,,,0.0,0.0,0
bb92c7cb2dc05cd3f9a68f5b5d468549,2026-09-12,Football_LineMovement_v1,57.5,-44.0,,,0.0,0.0,0
bb92c7cb2dc05cd3f9a68f5b5d468549,2026-09-12,Football_MarketBlend_v1,57.0,-43.75,AWAY,UNDER,-0.25,-0.5,0.75
bb92c7cb2dc05cd3f9a68f5b5d468549,2026-09-12,Football_MarketConsensus_v1,57.5,-44.0,,,0.0,0.0,0
bb92c7cb2dc05cd3f9a68f5b5d468549,2026-09-12,Football_SpreadValue_v1,57.5,-43.25,AWAY,,-0.75,0.0,0.75
bb92c7cb2dc05cd3f9a68f5b5d468549,2026-09-12,Football_TotalValue_v1,56.5,-44.0,,UNDER,0.0,-1.0,1.0
bbc412b8dbbd31afc909896f8a277d3f,2025-11-22,Football_KeyNumberGuard_v1,43.5,-14.5,,,0.0,0.0,0
bbc412b8dbbd31afc909896f8a277d3f,2025-11-22,Football_LineMovement_v1,43.5,-14.5,,,0.0,0.0,0
bbc412b8dbbd31afc909896f8a277d3f,2025-11-22,Football_MarketBlend_v1,44.0,-14.25,AWAY,OVER,-0.25,0.5,0.75
bbc412b8dbbd31afc909896f8a277d3f,2025-11-22,Football_MarketConsensus_v1,43.5,-14.5,,,0.0,0.0,0
bbc412b8dbbd31afc909896f8a277d3f,2025-11-22,Football_SpreadValue_v1,43.5,-13.75,AWAY,,-0.75,0.0,0.75
bbc412b8dbbd31afc909896f8a277d3f,2025-11-22,Football_TotalValue_v1,44.5,-14.5,,OVER,0.0,1.0,1.0
bbe327e5d8f123a57f4279e3597d40ae,2025-09-14,Football_KeyNumberGuard_v1,54.5,-38.5,,,0.0,0.0,0
bbe327e5d8f123a57f4279e3597d40ae,2025-09-14,Football_LineMovement_v1,54.5,-38.5,,,0.0,0.0,0
bbe327e5d8f123a57f4279e3597d40ae,2025-09-14,Football_MarketBlend_v1,54.0,-38.25,AWAY,UNDER,-0.25,-0.5,0.75
bbe327e5d8f123a57f4279e3597d40ae,2025-09-14,Football_MarketConsensus_v1,54.5,-38.5,,,0.0,0.0,0
bbe327e5d8f123a57f4279e3597d40ae,2025-09-14,Football_SpreadValue_v1,54.5,-37.75,AWAY,,-0.75,0.0,0.75
bbe327e5d8f123a57f4279e3597d40ae,2025-09-14,Football_TotalValue_v1,53.5,-38.5,,UNDER,0.0,-1.0,1.0
bbf986aa26a838709271939437a8c9c5,2025-09-13,Football_KeyNumberGuard_v1,49.0,-26.5,,,0.0,0.0,0
bbf986aa26a838709271939437a8c9c5,2025-09-13,Football_LineMovement_v1,49.0,-26.5,,,0.0,0.0,0
bbf986aa26a838709271939437a8c9c5,2025-09-13,Football_MarketBlend_v1,48.5,-26.25,AWAY,UNDER,-0.25,-0.5,0.75
bbf986aa26a838709271939437a8c9c5,2025-09-13,Football_MarketConsensus_v1,49.0,-26.5,,,0.0,0.0,0
bbf986aa26a838709271939437a8c9c5,2025-09-13,Football_SpreadValue_v1,49.0,-25.75,AWAY,,-0.75,0.0,0.75
bbf986aa26a838709271939437a8c9c5,2025-09-13,Football_TotalValue_v1,48.0,-26.5,,UNDER,0.0,-1.0,1.0
bc35dafac8197c8b37cf45f2845e46c5,2025-09-06,Football_KeyNumberGuard_v1,53.0,-42.5,,,0.0,0.0,0
bc35dafac8197c8b37cf45f2845e46c5,2025-09-06,Football_LineMovement_v1,53.0,-42.5,,,0.0,0.0,0
bc35dafac8197c8b37cf45f2845e46c5,2025-09-06,Football_MarketBlend_v1,52.5,-42.25,AWAY,UNDER,-0.25,-0.5,0.75
bc35dafac8197c8b37cf45f2845e46c5,2025-09-06,Football_MarketConsensus_v1,53.0,-42.5,,,0.0,0.0,0
bc35dafac8197c8b37cf45f2845e46c5,2025-09-06,Football_SpreadValue_v1,53.0,-41.75,AWAY,,-0.75,0.0,0.75
bc35dafac8197c8b37cf45f2845e46c5,2025-09-06,Football_TotalValue_v1,52.0,-42.5,,UNDER,0.0,-1.0,1.0
bc9ca531af3bbd6fcb8271267655450e,2025-08-23,Football_KeyNumberGuard_v1,49.5,-14.0,,,0.0,0.0,0
bc9ca531af3bbd6fcb8271267655450e,2025-08-23,Football_LineMovement_v1,49.5,-14.0,,,0.0,0.0,0
bc9ca531af3bbd6fcb8271267655450e,2025-08-23,Football_MarketBlend_v1,49.0,-13.75,AWAY,UNDER,-0.25,-0.5,0.75
bc9ca531af3bbd6fcb8271267655450e,2025-08-23,Football_MarketConsensus_v1,49.5,-14.0,,,0.0,0.0,0
bc9ca531af3bbd6fcb8271267655450e,2025-08-23,Football_SpreadValue_v1,49.5,-13.25,AWAY,,-0.75,0.0,0.75
bc9ca531af3bbd6fcb8271267655450e,2025-08-23,Football_TotalValue_v1,48.5,-14.0,,UNDER,0.0,-1.0,1.0
bcd14745ebe1e1409d1a682fc3af8fb2,2025-10-25,Football_KeyNumberGuard_v1,51.0,21.5,,,0.0,0.0,0
bcd14745ebe1e1409d1a682fc3af8fb2,2025-10-25,Football_LineMovement_v1,51.0,21.5,,,0.0,0.0,0
bcd14745ebe1e1409d1a682fc3af8fb2,2025-10-25,Football_MarketBlend_v1,50.5,21.25,HOME,UNDER,0.25,-0.5,0.75
bcd14745ebe1e1409d1a682fc3af8fb2,2025-10-25,Football_MarketConsensus_v1,51.0,21.5,,,0.0,0.0,0
bcd14745ebe1e1409d1a682fc3af8fb2,2025-10-25,Football_SpreadValue_v1,51.0,20.75,HOME,,0.75,0.0,0.75
bcd14745ebe1e1409d1a682fc3af8fb2,2025-10-25,Football_TotalValue_v1,50.0,21.5,,UNDER,0.0,-1.0,1.0
bcda84050f6f1fe4756756124d40f116,2025-12-06,Football_KeyNumberGuard_v1,66.5,2.5,,,0.0,0.0,0
bcda84050f6f1fe4756756124d40f116,2025-12-06,Football_LineMovement_v1,66.5,2.5,,,0.0,0.0,0
bcda84050f6f1fe4756756124d40f116,2025-12-06,Football_MarketBlend_v1,66.0,2.25,,UNDER,0.25,-0.5,0.75
bcda84050f6f1fe4756756124d40f116,2025-12-06,Football_MarketConsensus_v1,66.5,2.5,,,0.0,0.0,0
bcda84050f6f1fe4756756124d40f116,2025-12-06,Football_SpreadValue_v1,66.5,1.75,HOME,,0.75,0.0,0.75
bcda84050f6f1fe4756756124d40f116,2025-12-06,Football_TotalValue_v1,65.5,2.5,,UNDER,0.0,-1.0,1.0
bd0a69e509effeb418dc2c02e2812904,2025-09-13,Football_KeyNumberGuard_v1,55.5,7.5,,,0.0,0.0,0
bd0a69e509effeb418dc2c02e2812904,2025-09-13,Football_LineMovement_v1,55.5,7.5,,,0.0,0.0,0
bd0a69e509effeb418dc2c02e2812904,2025-09-13,Football_MarketBlend_v1,55.0,7.25,,UNDER,0.25,-0.5,0.75
bd0a69e509effeb418dc2c02e2812904,2025-09-13,Football_MarketConsensus_v1,55.5,7.5,,,0.0,0.0,0
bd0a69e509effeb418dc2c02e2812904,2025-09-13,Football_SpreadValue_v1,55.5,6.75,HOME,,0.75,0.0,0.75
bd0a69e509effeb418dc2c02e2812904,2025-09-13,Football_TotalValue_v1,54.5,7.5,,UNDER,0.0,-1.0,1.0
bd2d52fadefed8a6174e73c84cca9ce3,2026-10-17,Football_KeyNumberGuard_v1,54.5,10.0,,,0.0,0.0,0
bd2d52fadefed8a6174e73c84cca9ce3,2026-10-17,Football_LineMovement_v1,54.5,10.0,,,0.0,0.0,0
bd2d52fadefed8a6174e73c84cca9ce3,2026-10-17,Football_MarketBlend_v1,54.5,10.0,,,0.0,0.0,0
bd2d52fadefed8a6174e73c84cca9ce3,2026-10-17,Football_MarketConsensus_v1,54.5,10.0,,,0.0,0.0,0
bd2d52fadefed8a6174e73c84cca9ce3,2026-10-17,Football_SpreadValue_v1,54.5,10.0,,,0.0,0.0,0
bd2d52fadefed8a6174e73c84cca9ce3,2026-10-17,Football_TotalValue_v1,54.5,10.0,,,0.0,0.0,0
bd6818aa5f43e7496cc108c90adf335d,2026-01-03,Football_KeyNumberGuard_v1,53.5,-3.0,,,0.0,0.0,0
bd6818aa5f43e7496cc108c90adf335d,2026-01-03,Football_LineMovement_v1,53.5,-3.0,,,0.0,0.0,0
bd6818aa5f43e7496cc108c90adf335d,2026-01-03,Football_MarketBlend_v1,53.0,-2.75,,UNDER,-0.25,-0.5,0.75
bd6818aa5f43e7496cc108c90adf335d,2026-01-03,Football_MarketConsensus_v1,53.5,-3.0,,,0.0,0.0,0
bd6818aa5f43e7496cc108c90adf335d,2026-01-03,Football_SpreadValue_v1,53.5,-2.25,AWAY,,-0.75,0.0,0.75
bd6818aa5f43e7496cc108c90adf335d,2026-01-03,Football_TotalValue_v1,52.5,-3.0,,UNDER,0.0,-1.0,1.0
bdd39d25f75126c0190b31313764980e,2026-01-10,Football_KeyNumberGuard_v1,48.5,-3.5,,,0.0,0.0,0
bdd39d25f75126c0190b31313764980e,2026-01-10,Football_LineMovement_v1,48.5,-3.5,,,0.0,0.0,0
bdd39d25f75126c0190b31313764980e,2026-01-10,Football_MarketBlend_v1,48.0,-3.25,,UNDER,-0.25,-0.5,0.75
bdd39d25f75126c0190b31313764980e,2026-01-10,Football_MarketConsensus_v1,48.5,-3.5,,,0.0,0.0,0
bdd39d25f75126c0190b31313764980e,2026-01-10,Football_SpreadValue_v1,48.5,-2.75,AWAY,,-0.75,0.0,0.75
bdd39d25f75126c0190b31313764980e,2026-01-10,Football_TotalValue_v1,47.5,-3.5,,UNDER,0.0,-1.0,1.0
be4553c118c2689f5cf14fd9dd580c96,2025-09-20,Football_KeyNumberGuard_v1,60.5,-48.5,,,0.0,0.0,0
be4553c118c2689f5cf14fd9dd580c96,2025-09-20,Football_LineMovement_v1,60.5,-48.5,,,0.0,0.0,0
be4553c118c2689f5cf14fd9dd580c96,2025-09-20,Football_MarketBlend_v1,60.0,-48.25,AWAY,UNDER,-0.25,-0.5,0.75
be4553c118c2689f5cf14fd9dd580c96,2025-09-20,Football_MarketConsensus_v1,60.5,-48.5,,,0.0,0.0,0
be4553c118c2689f5cf14fd9dd580c96,2025-09-20,Football_SpreadValue_v1,60.5,-47.75,AWAY,,-0.75,0.0,0.75
be4553c118c2689f5cf14fd9dd580c96,2025-09-20,Football_TotalValue_v1,59.5,-48.5,,UNDER,0.0,-1.0,1.0
be5363918c8ce65bae1baa2259bbcea5,2025-11-22,Football_KeyNumberGuard_v1,64.0,-3.0,,,0.0,0.0,0
be5363918c8ce65bae1baa2259bbcea5,2025-11-22,Football_LineMovement_v1,64.0,-3.0,,,0.0,0.0,0
be5363918c8ce65bae1baa2259bbcea5,2025-11-22,Football_MarketBlend_v1,63.5,-2.75,,UNDER,-0.25,-0.5,0.75
be5363918c8ce65bae1baa2259bbcea5,2025-11-22,Football_MarketConsensus_v1,64.0,-3.0,,,0.0,0.0,0
be5363918c8ce65bae1baa2259bbcea5,2025-11-22,Football_SpreadValue_v1,64.0,-2.25,AWAY,,-0.75,0.0,0.75
be5363918c8ce65bae1baa2259bbcea5,2025-11-22,Football_TotalValue_v1,63.0,-3.0,,UNDER,0.0,-1.0,1.0
be58b6906c480e3440f3c4b65a068f3e,2025-12-31,Football_KeyNumberGuard_v1,47.5,-3.0,,,0.0,0.0,0
be58b6906c480e3440f3c4b65a068f3e,2025-12-31,Football_LineMovement_v1,47.5,-3.0,,,0.0,0.0,0
be58b6906c480e3440f3c4b65a068f3e,2025-12-31,Football_MarketBlend_v1,47.0,-2.75,,UNDER,-0.25,-0.5,0.75
be58b6906c480e3440f3c4b65a068f3e,2025-12-31,Football_MarketConsensus_v1,47.5,-3.0,,,0.0,0.0,0
be58b6906c480e3440f3c4b65a068f3e,2025-12-31,Football_SpreadValue_v1,47.5,-2.25,AWAY,,-0.75,0.0,0.75
be58b6906c480e3440f3c4b65a068f3e,2025-12-31,Football_TotalValue_v1,46.5,-3.0,,UNDER,0.0,-1.0,1.0
be7c95542aaf1d15193678f771745992,2025-11-23,Football_KeyNumberGuard_v1,47.5,3.5,,,0.0,0.0,0
be7c95542aaf1d15193678f771745992,2025-11-23,Football_LineMovement_v1,47.5,3.5,,,0.0,0.0,0
be7c95542aaf1d15193678f771745992,2025-11-23,Football_MarketBlend_v1,47.0,3.25,,UNDER,0.25,-0.5,0.75
be7c95542aaf1d15193678f771745992,2025-11-23,Football_MarketConsensus_v1,47.5,3.5,,,0.0,0.0,0
be7c95542aaf1d15193678f771745992,2025-11-23,Football_SpreadValue_v1,47.5,2.75,HOME,,0.75,0.0,0.75
be7c95542aaf1d15193678f771745992,2025-11-23,Football_TotalValue_v1,46.5,3.5,,UNDER,0.0,-1.0,1.0
bf37e86fb31ad838e265fe2d48f4ebee,2025-11-29,Football_KeyNumberGuard_v1,54.0,-1.5,,,0.0,0.0,0
bf37e86fb31ad838e265fe2d48f4ebee,2025-11-29,Football_LineMovement_v1,54.0,-1.5,,,0.0,0.0,0
bf37e86fb31ad838e265fe2d48f4ebee,2025-11-29,Football_MarketBlend_v1,53.5,-1.25,AWAY,UNDER,-0.25,-0.5,0.75
bf37e86fb31ad838e265fe2d48f4ebee,2025-11-29,Football_MarketConsensus_v1,54.0,-1.5,,,0.0,0.0,0
bf37e86fb31ad838e265fe2d48f4ebee,2025-11-29,Football_SpreadValue_v1,54.0,-0.75,AWAY,,-0.75,0.0,0.75
bf37e86fb31ad838e265fe2d48f4ebee,2025-11-29,Football_TotalValue_v1,53.0,-1.5,,UNDER,0.0,-1.0,1.0
bfd46197c4ead0562ab9914ef48e8b11,2025-11-15,Football_KeyNumberGuard_v1,69.5,17.5,,,0.0,0.0,0
bfd46197c4ead0562ab9914ef48e8b11,2025-11-15,Football_LineMovement_v1,69.5,17.5,,,0.0,0.0,0
bfd46197c4ead0562ab9914ef48e8b11,2025-11-15,Football_MarketBlend_v1,69.0,17.25,HOME,UNDER,0.25,-0.5,0.75
bfd46197c4ead0562ab9914ef48e8b11,2025-11-15,Football_MarketConsensus_v1,69.5,17.5,,,0.0,0.0,0
bfd46197c4ead0562ab9914ef48e8b11,2025-11-15,Football_SpreadValue_v1,69.5,16.75,HOME,,0.75,0.0,0.75
bfd46197c4ead0562ab9914ef48e8b11,2025-11-15,Football_TotalValue_v1,68.5,17.5,,UNDER,0.0,-1.0,1.0
bff2e72a8de0bbebc55483ca8bf1b5c6,2025-12-20,Football_KeyNumberGuard_v1,48.5,-3.5,,,0.0,0.0,0
bff2e72a8de0bbebc55483ca8bf1b5c6,2025-12-20,Football_LineMovement_v1,48.5,-3.5,,,0.0,0.0,0
bff2e72a8de0bbebc55483ca8bf1b5c6,2025-12-20,Football_MarketBlend_v1,48.5,-3.5,,,0.0,0.0,0
bff2e72a8de0bbebc55483ca8bf1b5c6,2025-12-20,Football_MarketConsensus_v1,48.5,-3.5,,,0.0,0.0,0
bff2e72a8de0bbebc55483ca8bf1b5c6,2025-12-20,Football_SpreadValue_v1,48.5,-3.5,,,0.0,0.0,0
bff2e72a8de0bbebc55483ca8bf1b5c6,2025-12-20,Football_TotalValue_v1,48.5,-3.5,,,0.0,0.0,0
c036889f6e4e2955d4e6fabe895af2bc,2025-12-22,Football_KeyNumberGuard_v1,49.0,-2.0,,,0.0,0.0,0
c036889f6e4e2955d4e6fabe895af2bc,2025-12-22,Football_LineMovement_v1,49.0,-2.0,,,0.0,0.0,0
c036889f6e4e2955d4e6fabe895af2bc,2025-12-22,Football_MarketBlend_v1,48.5,-1.75,AWAY,UNDER,-0.25,-0.5,0.75
c036889f6e4e2955d4e6fabe895af2bc,2025-12-22,Football_MarketConsensus_v1,49.0,-2.0,,,0.0,0.0,0
c036889f6e4e2955d4e6fabe895af2bc,2025-12-22,Football_SpreadValue_v1,49.0,-1.25,AWAY,,-0.75,0.0,0.75
c036889f6e4e2955d4e6fabe895af2bc,2025-12-22,Football_TotalValue_v1,48.0,-2.0,,UNDER,0.0,-1.0,1.0
c046e0640625fe9ab9661a89eea14e88,2025-08-30,Football_KeyNumberGuard_v1,50.5,-5.5,,,0.0,0.0,0
c046e0640625fe9ab9661a89eea14e88,2025-08-30,Football_LineMovement_v1,50.5,-5.5,,,0.0,0.0,0
c046e0640625fe9ab9661a89eea14e88,2025-08-30,Football_MarketBlend_v1,50.0,-5.25,AWAY,UNDER,-0.25,-0.5,0.75
c046e0640625fe9ab9661a89eea14e88,2025-08-30,Football_MarketConsensus_v1,50.5,-5.5,,,0.0,0.0,0
c046e0640625fe9ab9661a89eea14e88,2025-08-30,Football_SpreadValue_v1,50.5,-4.75,AWAY,,-0.75,0.0,0.75
c046e0640625fe9ab9661a89eea14e88,2025-08-30,Football_TotalValue_v1,49.5,-5.5,,UNDER,0.0,-1.0,1.0
c04b192335eb8afec1cbffcd72b658cf,2025-12-31,Football_KeyNumberGuard_v1,56.5,5.5,,,0.0,0.0,0
c04b192335eb8afec1cbffcd72b658cf,2025-12-31,Football_LineMovement_v1,56.5,5.5,,,0.0,0.0,0
c04b192335eb8afec1cbffcd72b658cf,2025-12-31,Football_MarketBlend_v1,56.0,5.25,HOME,UNDER,0.25,-0.5,0.75
c04b192335eb8afec1cbffcd72b658cf,2025-12-31,Football_MarketConsensus_v1,56.5,5.5,,,0.0,0.0,0
c04b192335eb8afec1cbffcd72b658cf,2025-12-31,Football_SpreadValue_v1,56.5,4.75,HOME,,0.75,0.0,0.75
c04b192335eb8afec1cbffcd72b658cf,2025-12-31,Football_TotalValue_v1,55.5,5.5,,UNDER,0.0,-1.0,1.0
c08b8bf01131025509bb852aa41e2f91,2025-09-13,Football_KeyNumberGuard_v1,49.5,-28.75,,,0.0,0.0,0
c08b8bf01131025509bb852aa41e2f91,2025-09-13,Football_LineMovement_v1,49.5,-28.75,,,0.0,0.0,0
c08b8bf01131025509bb852aa41e2f91,2025-09-13,Football_MarketBlend_v1,49.0,-28.5,AWAY,UNDER,-0.25,-0.5,0.75
c08b8bf01131025509bb852aa41e2f91,2025-09-13,Football_MarketConsensus_v1,49.5,-28.75,,,0.0,0.0,0
c08b8bf01131025509bb852aa41e2f91,2025-09-13,Football_SpreadValue_v1,49.5,-28.0,AWAY,,-0.75,0.0,0.75
c08b8bf01131025509bb852aa41e2f91,2025-09-13,Football_TotalValue_v1,48.5,-28.75,,UNDER,0.0,-1.0,1.0
c0b1ac9a610885d8e56a1891adf68d57,2025-09-20,Football_KeyNumberGuard_v1,59.5,7.5,,,0.0,0.0,0
c0b1ac9a610885d8e56a1891adf68d57,2025-09-20,Football_LineMovement_v1,59.5,7.5,,,0.0,0.0,0
c0b1ac9a610885d8e56a1891adf68d57,2025-09-20,Football_MarketBlend_v1,59.0,7.25,,UNDER,0.25,-0.5,0.75
c0b1ac9a610885d8e56a1891adf68d57,2025-09-20,Football_MarketConsensus_v1,59.5,7.5,,,0.0,0.0,0
c0b1ac9a610885d8e56a1891adf68d57,2025-09-20,Football_SpreadValue_v1,59.5,6.75,HOME,,0.75,0.0,0.75
c0b1ac9a610885d8e56a1891adf68d57,2025-09-20,Football_TotalValue_v1,58.5,7.5,,UNDER,0.0,-1.0,1.0
c0bc52db8d2e691a93a72e79728f957c,2025-11-01,Football_KeyNumberGuard_v1,52.5,6.0,,,0.0,0.0,0
c0bc52db8d2e691a93a72e79728f957c,2025-11-01,Football_LineMovement_v1,52.5,6.0,,,0.0,0.0,0
c0bc52db8d2e691a93a72e79728f957c,2025-11-01,Football_MarketBlend_v1,52.0,5.75,HOME,UNDER,0.25,-0.5,0.75
c0bc52db8d2e691a93a72e79728f957c,2025-11-01,Football_MarketConsensus_v1,52.5,6.0,,,0.0,0.0,0
c0bc52db8d2e691a93a72e79728f957c,2025-11-01,Football_SpreadValue_v1,52.5,5.25,HOME,,0.75,0.0,0.75
c0bc52db8d2e691a93a72e79728f957c,2025-11-01,Football_TotalValue_v1,51.5,6.0,,UNDER,0.0,-1.0,1.0
c0cb57ad4cf6559c9e66a282af20a70f,2025-09-12,Football_KeyNumberGuard_v1,64.25,-37.5,,,0.0,0.0,0
c0cb57ad4cf6559c9e66a282af20a70f,2025-09-12,Football_LineMovement_v1,64.25,-37.5,,,0.0,0.0,0
c0cb57ad4cf6559c9e66a282af20a70f,2025-09-12,Football_MarketBlend_v1,63.75,-37.25,AWAY,UNDER,-0.25,-0.5,0.75
c0cb57ad4cf6559c9e66a282af20a70f,2025-09-12,Football_MarketConsensus_v1,64.25,-37.5,,,0.0,0.0,0
c0cb57ad4cf6559c9e66a282af20a70f,2025-09-12,Football_SpreadValue_v1,64.25,-36.75,AWAY,,-0.75,0.0,0.75
c0cb57ad4cf6559c9e66a282af20a70f,2025-09-12,Football_TotalValue_v1,63.25,-37.5,,UNDER,0.0,-1.0,1.0
c0f4af0d027dc651e1eb60ede8415ec1,2025-09-27,Football_KeyNumberGuard_v1,48.5,-5.0,,,0.0,0.0,0
c0f4af0d027dc651e1eb60ede8415ec1,2025-09-27,Football_LineMovement_v1,48.5,-5.0,,,0.0,0.0,0
c0f4af0d027dc651e1eb60ede8415ec1,2025-09-27,Football_MarketBlend_v1,48.0,-4.75,AWAY,UNDER,-0.25,-0.5,0.75
c0f4af0d027dc651e1eb60ede8415ec1,2025-09-27,Football_MarketConsensus_v1,48.5,-5.0,,,0.0,0.0,0
c0f4af0d027dc651e1eb60ede8415ec1,2025-09-27,Football_SpreadValue_v1,48.5,-4.25,AWAY,,-0.75,0.0,0.75
c0f4af0d027dc651e1eb60ede8415ec1,2025-09-27,Football_TotalValue_v1,47.5,-5.0,,UNDER,0.0,-1.0,1.0
c12cd73c4077a0265acec205a572c2ec,2026-09-13,Football_KeyNumberGuard_v1,55.5,-12.5,,,0.0,0.0,0
c12cd73c4077a0265acec205a572c2ec,2026-09-13,Football_LineMovement_v1,55.5,-12.5,,,0.0,0.0,0
c12cd73c4077a0265acec205a572c2ec,2026-09-13,Football_MarketBlend_v1,55.0,-12.25,AWAY,UNDER,-0.25,-0.5,0.75
c12cd73c4077a0265acec205a572c2ec,2026-09-13,Football_MarketConsensus_v1,55.5,-12.5,,,0.0,0.0,0
c12cd73c4077a0265acec205a572c2ec,2026-09-13,Football_SpreadValue_v1,55.5,-11.75,AWAY,,-0.75,0.0,0.75
c12cd73c4077a0265acec205a572c2ec,2026-09-13,Football_TotalValue_v1,54.5,-12.5,,UNDER,0.0,-1.0,1.0
c12e5ca692c0ace90c4614bd0efd665b,2025-11-01,Football_KeyNumberGuard_v1,58.0,5.5,,,0.0,0.0,0
c12e5ca692c0ace90c4614bd0efd665b,2025-11-01,Football_LineMovement_v1,58.0,5.5,,,0.0,0.0,0
c12e5ca692c0ace90c4614bd0efd665b,2025-11-01,Football_MarketBlend_v1,57.5,5.25,HOME,UNDER,0.25,-0.5,0.75
c12e5ca692c0ace90c4614bd0efd665b,2025-11-01,Football_MarketConsensus_v1,58.0,5.5,,,0.0,0.0,0
c12e5ca692c0ace90c4614bd0efd665b,2025-11-01,Football_SpreadValue_v1,58.0,4.75,HOME,,0.75,0.0,0.75
c12e5ca692c0ace90c4614bd0efd665b,2025-11-01,Football_TotalValue_v1,57.0,5.5,,UNDER,0.0,-1.0,1.0
c1614464ceef18bdc3108d0fb3899343,2025-10-04,Football_KeyNumberGuard_v1,57.5,-13.5,,,0.0,0.0,0
c1614464ceef18bdc3108d0fb3899343,2025-10-04,Football_LineMovement_v1,57.5,-13.5,,,0.0,0.0,0
c1614464ceef18bdc3108d0fb3899343,2025-10-04,Football_MarketBlend_v1,57.0,-13.25,AWAY,UNDER,-0.25,-0.5,0.75
c1614464ceef18bdc3108d0fb3899343,2025-10-04,Football_MarketConsensus_v1,57.5,-13.5,,,0.0,0.0,0
c1614464ceef18bdc3108d0fb3899343,2025-10-04,Football_SpreadValue_v1,57.5,-12.75,AWAY,,-0.75,0.0,0.75
c1614464ceef18bdc3108d0fb3899343,2025-10-04,Football_TotalValue_v1,56.5,-13.5,,UNDER,0.0,-1.0,1.0
c1b53247fa3559f99f93d9bd8fdb810b,2025-11-01,Football_KeyNumberGuard_v1,51.5,-10.5,,,0.0,0.0,0
c1b53247fa3559f99f93d9bd8fdb810b,2025-11-01,Football_LineMovement_v1,51.5,-10.5,,,0.0,0.0,0
c1b53247fa3559f99f93d9bd8fdb810b,2025-11-01,Football_MarketBlend_v1,51.0,-10.25,,UNDER,-0.25,-0.5,0.75
c1b53247fa3559f99f93d9bd8fdb810b,2025-11-01,Football_MarketConsensus_v1,51.5,-10.5,,,0.0,0.0,0
c1b53247fa3559f99f93d9bd8fdb810b,2025-11-01,Football_SpreadValue_v1,51.5,-9.75,AWAY,,-0.75,0.0,0.75
c1b53247fa3559f99f93d9bd8fdb810b,2025-11-01,Football_TotalValue_v1,50.5,-10.5,,UNDER,0.0,-1.0,1.0
c205a1246ae9fe0764f768737f975def,2025-11-08,Football_KeyNumberGuard_v1,57.5,-7.5,,,0.0,0.0,0
c205a1246ae9fe0764f768737f975def,2025-11-08,Football_LineMovement_v1,57.5,-7.5,,,0.0,0.0,0
c205a1246ae9fe0764f768737f975def,2025-11-08,Football_MarketBlend_v1,57.0,-7.25,,UNDER,-0.25,-0.5,0.75
c205a1246ae9fe0764f768737f975def,2025-11-08,Football_MarketConsensus_v1,57.5,-7.5,,,0.0,0.0,0
c205a1246ae9fe0764f768737f975def,2025-11-08,Football_SpreadValue_v1,57.5,-6.75,AWAY,,-0.75,0.0,0.75
c205a1246ae9fe0764f768737f975def,2025-11-08,Football_TotalValue_v1,56.5,-7.5,,UNDER,0.0,-1.0,1.0
c2470d79a7b0a887cd057f8149f289c2,2025-11-01,Football_KeyNumberGuard_v1,48.5,-16.5,,,0.0,0.0,0
c2470d79a7b0a887cd057f8149f289c2,2025-11-01,Football_LineMovement_v1,48.5,-16.5,,,0.0,0.0,0
c2470d79a7b0a887cd057f8149f289c2,2025-11-01,Football_MarketBlend_v1,48.0,-16.25,AWAY,UNDER,-0.25,-0.5,0.75
c2470d79a7b0a887cd057f8149f289c2,2025-11-01,Football_MarketConsensus_v1,48.5,-16.5,,,0.0,0.0,0
c2470d79a7b0a887cd057f8149f289c2,2025-11-01,Football_SpreadValue_v1,48.5,-15.75,AWAY,,-0.75,0.0,0.75
c2470d79a7b0a887cd057f8149f289c2,2025-11-01,Football_TotalValue_v1,47.5,-16.5,,UNDER,0.0,-1.0,1.0
c29526decee9dfa73fa86c4b594acb76,2025-11-16,Football_KeyNumberGuard_v1,50.5,-14.5,,,0.0,0.0,0
c29526decee9dfa73fa86c4b594acb76,2025-11-16,Football_LineMovement_v1,50.5,-14.5,,,0.0,0.0,0
c29526decee9dfa73fa86c4b594acb76,2025-11-16,Football_MarketBlend_v1,50.0,-14.25,AWAY,UNDER,-0.25,-0.5,0.75
c29526decee9dfa73fa86c4b594acb76,2025-11-16,Football_MarketConsensus_v1,50.5,-14.5,,,0.0,0.0,0
c29526decee9dfa73fa86c4b594acb76,2025-11-16,Football_SpreadValue_v1,50.5,-13.75,AWAY,,-0.75,0.0,0.75
c29526decee9dfa73fa86c4b594acb76,2025-11-16,Football_TotalValue_v1,49.5,-14.5,,UNDER,0.0,-1.0,1.0
c2b9d588bf5c96622fea7d89d5f0c115,2025-09-20,Football_KeyNumberGuard_v1,61.5,-12.0,,,0.0,0.0,0
c2b9d588bf5c96622fea7d89d5f0c115,2025-09-20,Football_LineMovement_v1,61.5,-12.0,,,0.0,0.0,0
c2b9d588bf5c96622fea7d89d5f0c115,2025-09-20,Football_MarketBlend_v1,61.0,-11.75,AWAY,UNDER,-0.25,-0.5,0.75
c2b9d588bf5c96622fea7d89d5f0c115,2025-09-20,Football_MarketConsensus_v1,61.5,-12.0,,,0.0,0.0,0
c2b9d588bf5c96622fea7d89d5f0c115,2025-09-20,Football_SpreadValue_v1,61.5,-11.25,AWAY,,-0.75,0.0,0.75
c2b9d588bf5c96622fea7d89d5f0c115,2025-09-20,Football_TotalValue_v1,60.5,-12.0,,UNDER,0.0,-1.0,1.0
c2ca3efd4fc3f87659b7366cde3a2e94,2025-11-22,Football_KeyNumberGuard_v1,51.5,6.5,,,0.0,0.0,0
c2ca3efd4fc3f87659b7366cde3a2e94,2025-11-22,Football_LineMovement_v1,51.5,6.5,,,0.0,0.0,0
c2ca3efd4fc3f87659b7366cde3a2e94,2025-11-22,Football_MarketBlend_v1,51.0,6.25,,UNDER,0.25,-0.5,0.75
c2ca3efd4fc3f87659b7366cde3a2e94,2025-11-22,Football_MarketConsensus_v1,51.5,6.5,,,0.0,0.0,0
c2ca3efd4fc3f87659b7366cde3a2e94,2025-11-22,Football_SpreadValue_v1,51.5,5.75,HOME,,0.75,0.0,0.75
c2ca3efd4fc3f87659b7366cde3a2e94,2025-11-22,Football_TotalValue_v1,50.5,6.5,,UNDER,0.0,-1.0,1.0
c2d428cbf0b787ee8c1fe0402266ea6c,2025-10-14,Football_KeyNumberGuard_v1,58.0,-7.0,,,0.0,0.0,0
c2d428cbf0b787ee8c1fe0402266ea6c,2025-10-14,Football_LineMovement_v1,58.0,-7.0,,,0.0,0.0,0
c2d428cbf0b787ee8c1fe0402266ea6c,2025-10-14,Football_MarketBlend_v1,57.5,-6.75,,UNDER,-0.25,-0.5,0.75
c2d428cbf0b787ee8c1fe0402266ea6c,2025-10-14,Football_MarketConsensus_v1,58.0,-7.0,,,0.0,0.0,0
c2d428cbf0b787ee8c1fe0402266ea6c,2025-10-14,Football_SpreadValue_v1,58.0,-6.25,AWAY,,-0.75,0.0,0.75
c2d428cbf0b787ee8c1fe0402266ea6c,2025-10-14,Football_TotalValue_v1,57.0,-7.0,,UNDER,0.0,-1.0,1.0
c3281cee9975bf6d8ed8106826279caf,2026-09-12,Football_KeyNumberGuard_v1,55.5,-51.5,,,0.0,0.0,0
c3281cee9975bf6d8ed8106826279caf,2026-09-12,Football_LineMovement_v1,55.5,-51.5,,,0.0,0.0,0
c3281cee9975bf6d8ed8106826279caf,2026-09-12,Football_MarketBlend_v1,55.0,-51.25,AWAY,UNDER,-0.25,-0.5,0.75
c3281cee9975bf6d8ed8106826279caf,2026-09-12,Football_MarketConsensus_v1,55.5,-51.5,,,0.0,0.0,0
c3281cee9975bf6d8ed8106826279caf,2026-09-12,Football_SpreadValue_v1,55.5,-50.75,AWAY,,-0.75,0.0,0.75
c3281cee9975bf6d8ed8106826279caf,2026-09-12,Football_TotalValue_v1,54.5,-51.5,,UNDER,0.0,-1.0,1.0
c355c82023259a8a8948de47caa0be6a,2025-11-01,Football_KeyNumberGuard_v1,55.0,17.0,,,0.0,0.0,0
c355c82023259a8a8948de47caa0be6a,2025-11-01,Football_LineMovement_v1,55.0,17.0,,,0.0,0.0,0
c355c82023259a8a8948de47caa0be6a,2025-11-01,Football_MarketBlend_v1,54.5,16.75,HOME,UNDER,0.25,-0.5,0.75
c355c82023259a8a8948de47caa0be6a,2025-11-01,Football_MarketConsensus_v1,55.0,17.0,,,0.0,0.0,0
c355c82023259a8a8948de47caa0be6a,2025-11-01,Football_SpreadValue_v1,55.0,16.25,HOME,,0.75,0.0,0.75
c355c82023259a8a8948de47caa0be6a,2025-11-01,Football_TotalValue_v1,54.0,17.0,,UNDER,0.0,-1.0,1.0
c3b917feed8e8d174995ae62cfd8942c,2025-09-28,Football_KeyNumberGuard_v1,49.5,6.5,,,0.0,0.0,0
c3b917feed8e8d174995ae62cfd8942c,2025-09-28,Football_LineMovement_v1,49.5,6.5,,,0.0,0.0,0
c3b917feed8e8d174995ae62cfd8942c,2025-09-28,Football_MarketBlend_v1,49.0,6.25,,UNDER,0.25,-0.5,0.75
c3b917feed8e8d174995ae62cfd8942c,2025-09-28,Football_MarketConsensus_v1,49.5,6.5,,,0.0,0.0,0
c3b917feed8e8d174995ae62cfd8942c,2025-09-28,Football_SpreadValue_v1,49.5,5.75,HOME,,0.75,0.0,0.75
c3b917feed8e8d174995ae62cfd8942c,2025-09-28,Football_TotalValue_v1,48.5,6.5,,UNDER,0.0,-1.0,1.0
c3d1a98456d7bcfc2273efc4c64a6cd6,2025-08-30,Football_KeyNumberGuard_v1,48.5,-10.0,,,0.0,0.0,0
c3d1a98456d7bcfc2273efc4c64a6cd6,2025-08-30,Football_LineMovement_v1,48.5,-10.0,,,0.0,0.0,0
c3d1a98456d7bcfc2273efc4c64a6cd6,2025-08-30,Football_MarketBlend_v1,48.0,-9.75,,UNDER,-0.25,-0.5,0.75
c3d1a98456d7bcfc2273efc4c64a6cd6,2025-08-30,Football_MarketConsensus_v1,48.5,-10.0,,,0.0,0.0,0
c3d1a98456d7bcfc2273efc4c64a6cd6,2025-08-30,Football_SpreadValue_v1,48.5,-9.25,AWAY,,-0.75,0.0,0.75
c3d1a98456d7bcfc2273efc4c64a6cd6,2025-08-30,Football_TotalValue_v1,47.5,-10.0,,UNDER,0.0,-1.0,1.0
c3f4a939fa4e8748810ff0e16a85c224,2025-11-15,Football_KeyNumberGuard_v1,44.0,-28.5,,,0.0,0.0,0
c3f4a939fa4e8748810ff0e16a85c224,2025-11-15,Football_LineMovement_v1,44.0,-28.5,,,0.0,0.0,0
c3f4a939fa4e8748810ff0e16a85c224,2025-11-15,Football_MarketBlend_v1,44.5,-28.25,AWAY,OVER,-0.25,0.5,0.75
c3f4a939fa4e8748810ff0e16a85c224,2025-11-15,Football_MarketConsensus_v1,44.0,-28.5,,,0.0,0.0,0
c3f4a939fa4e8748810ff0e16a85c224,2025-11-15,Football_SpreadValue_v1,44.0,-27.75,AWAY,,-0.75,0.0,0.75
c3f4a939fa4e8748810ff0e16a85c224,2025-11-15,Football_TotalValue_v1,45.0,-28.5,,OVER,0.0,1.0,1.0
c3fba6444cf81b6e2d5214d40362bff9,2025-09-06,Football_KeyNumberGuard_v1,60.75,-29.0,,,0.0,0.0,0
c3fba6444cf81b6e2d5214d40362bff9,2025-09-06,Football_LineMovement_v1,60.75,-29.0,,,0.0,0.0,0
c3fba6444cf81b6e2d5214d40362bff9,2025-09-06,Football_MarketBlend_v1,60.25,-28.75,AWAY,UNDER,-0.25,-0.5,0.75
c3fba6444cf81b6e2d5214d40362bff9,2025-09-06,Football_MarketConsensus_v1,60.75,-29.0,,,0.0,0.0,0
c3fba6444cf81b6e2d5214d40362bff9,2025-09-06,Football_SpreadValue_v1,60.75,-28.25,AWAY,,-0.75,0.0,0.75
c3fba6444cf81b6e2d5214d40362bff9,2025-09-06,Football_TotalValue_v1,59.75,-29.0,,UNDER,0.0,-1.0,1.0
c412e71c1e290c935cce3c2579a9606a,2025-09-07,Football_KeyNumberGuard_v1,46.5,-1.5,,,0.0,0.0,0
c412e71c1e290c935cce3c2579a9606a,2025-09-07,Football_LineMovement_v1,46.5,-1.5,,,0.0,0.0,0
c412e71c1e290c935cce3c2579a9606a,2025-09-07,Football_MarketBlend_v1,46.0,-1.25,AWAY,UNDER,-0.25,-0.5,0.75
c412e71c1e290c935cce3c2579a9606a,2025-09-07,Football_MarketConsensus_v1,46.5,-1.5,,,0.0,0.0,0
c412e71c1e290c935cce3c2579a9606a,2025-09-07,Football_SpreadValue_v1,46.5,-0.75,AWAY,,-0.75,0.0,0.75
c412e71c1e290c935cce3c2579a9606a,2025-09-07,Football_TotalValue_v1,45.5,-1.5,,UNDER,0.0,-1.0,1.0
c46b118e570bf1fa1b2724f1fd7e4b24,2026-09-12,Football_KeyNumberGuard_v1,55.0,-8.5,,,0.0,0.0,0
c46b118e570bf1fa1b2724f1fd7e4b24,2026-09-12,Football_LineMovement_v1,55.0,-8.5,,,0.0,0.0,0
c46b118e570bf1fa1b2724f1fd7e4b24,2026-09-12,Football_MarketBlend_v1,54.5,-8.25,AWAY,UNDER,-0.25,-0.5,0.75
c46b118e570bf1fa1b2724f1fd7e4b24,2026-09-12,Football_MarketConsensus_v1,55.0,-8.5,,,0.0,0.0,0
c46b118e570bf1fa1b2724f1fd7e4b24,2026-09-12,Football_SpreadValue_v1,55.0,-7.75,AWAY,,-0.75,0.0,0.75
c46b118e570bf1fa1b2724f1fd7e4b24,2026-09-12,Football_TotalValue_v1,54.0,-8.5,,UNDER,0.0,-1.0,1.0
c49986aa8731de6e3c1723d9f8e91e02,2025-12-23,Football_KeyNumberGuard_v1,43.5,-10.5,,,0.0,0.0,0
c49986aa8731de6e3c1723d9f8e91e02,2025-12-23,Football_LineMovement_v1,43.5,-10.5,,,0.0,0.0,0
c49986aa8731de6e3c1723d9f8e91e02,2025-12-23,Football_MarketBlend_v1,44.0,-10.25,,OVER,-0.25,0.5,0.75
c49986aa8731de6e3c1723d9f8e91e02,2025-12-23,Football_MarketConsensus_v1,43.5,-10.5,,,0.0,0.0,0
c49986aa8731de6e3c1723d9f8e91e02,2025-12-23,Football_SpreadValue_v1,43.5,-9.75,AWAY,,-0.75,0.0,0.75
c49986aa8731de6e3c1723d9f8e91e02,2025-12-23,Football_TotalValue_v1,44.5,-10.5,,OVER,0.0,1.0,1.0
c4df5ac5f03e73a930f280f72caaae43,2025-10-18,Football_KeyNumberGuard_v1,54.5,-2.5,,,0.0,0.0,0
c4df5ac5f03e73a930f280f72caaae43,2025-10-18,Football_LineMovement_v1,54.5,-2.5,,,0.0,0.0,0
c4df5ac5f03e73a930f280f72caaae43,2025-10-18,Football_MarketBlend_v1,54.0,-2.25,,UNDER,-0.25,-0.5,0.75
c4df5ac5f03e73a930f280f72caaae43,2025-10-18,Football_MarketConsensus_v1,54.5,-2.5,,,0.0,0.0,0
c4df5ac5f03e73a930f280f72caaae43,2025-10-18,Football_SpreadValue_v1,54.5,-1.75,AWAY,,-0.75,0.0,0.75
c4df5ac5f03e73a930f280f72caaae43,2025-10-18,Football_TotalValue_v1,53.5,-2.5,,UNDER,0.0,-1.0,1.0
c5771e4204e8803e7ed806a0a72f14a2,2025-11-09,Football_KeyNumberGuard_v1,48.5,6.5,,,0.0,0.0,0
c5771e4204e8803e7ed806a0a72f14a2,2025-11-09,Football_LineMovement_v1,48.5,6.5,,,0.0,0.0,0
c5771e4204e8803e7ed806a0a72f14a2,2025-11-09,Football_MarketBlend_v1,48.0,6.25,,UNDER,0.25,-0.5,0.75
c5771e4204e8803e7ed806a0a72f14a2,2025-11-09,Football_MarketConsensus_v1,48.5,6.5,,,0.0,0.0,0
c5771e4204e8803e7ed806a0a72f14a2,2025-11-09,Football_SpreadValue_v1,48.5,5.75,HOME,,0.75,0.0,0.75
c5771e4204e8803e7ed806a0a72f14a2,2025-11-09,Football_TotalValue_v1,47.5,6.5,,UNDER,0.0,-1.0,1.0
c5b4bf26258afaed3cca9b67ef3783f8,2025-10-11,Football_KeyNumberGuard_v1,49.5,-7.5,,,0.0,0.0,0
c5b4bf26258afaed3cca9b67ef3783f8,2025-10-11,Football_LineMovement_v1,49.5,-7.5,,,0.0,0.0,0
c5b4bf26258afaed3cca9b67ef3783f8,2025-10-11,Football_MarketBlend_v1,49.0,-7.25,,UNDER,-0.25,-0.5,0.75
c5b4bf26258afaed3cca9b67ef3783f8,2025-10-11,Football_MarketConsensus_v1,49.5,-7.5,,,0.0,0.0,0
c5b4bf26258afaed3cca9b67ef3783f8,2025-10-11,Football_SpreadValue_v1,49.5,-6.75,AWAY,,-0.75,0.0,0.75
c5b4bf26258afaed3cca9b67ef3783f8,2025-10-11,Football_TotalValue_v1,48.5,-7.5,,UNDER,0.0,-1.0,1.0
c5fd71cee9ea79e7c966ec74aad118ce,2025-09-20,Football_KeyNumberGuard_v1,50.5,-3.0,,,0.0,0.0,0
c5fd71cee9ea79e7c966ec74aad118ce,2025-09-20,Football_LineMovement_v1,50.5,-3.0,,,0.0,0.0,0
c5fd71cee9ea79e7c966ec74aad118ce,2025-09-20,Football_MarketBlend_v1,50.0,-2.75,,UNDER,-0.25,-0.5,0.75
c5fd71cee9ea79e7c966ec74aad118ce,2025-09-20,Football_MarketConsensus_v1,50.5,-3.0,,,0.0,0.0,0
c5fd71cee9ea79e7c966ec74aad118ce,2025-09-20,Football_SpreadValue_v1,50.5,-2.25,AWAY,,-0.75,0.0,0.75
c5fd71cee9ea79e7c966ec74aad118ce,2025-09-20,Football_TotalValue_v1,49.5,-3.0,,UNDER,0.0,-1.0,1.0
c659e27887d8657d921c7d1251b1f827,2025-11-15,Football_KeyNumberGuard_v1,38.0,-5.0,,,0.0,0.0,0
c659e27887d8657d921c7d1251b1f827,2025-11-15,Football_LineMovement_v1,38.0,-5.0,,,0.0,0.0,0
c659e27887d8657d921c7d1251b1f827,2025-11-15,Football_MarketBlend_v1,38.5,-4.75,AWAY,OVER,-0.25,0.5,0.75
c659e27887d8657d921c7d1251b1f827,2025-11-15,Football_MarketConsensus_v1,38.0,-5.0,,,0.0,0.0,0
c659e27887d8657d921c7d1251b1f827,2025-11-15,Football_SpreadValue_v1,38.0,-4.25,AWAY,,-0.75,0.0,0.75
c659e27887d8657d921c7d1251b1f827,2025-11-15,Football_TotalValue_v1,39.0,-5.0,,OVER,0.0,1.0,1.0
c66eb20cac802e1eec89aeda0d77ffd6,2025-11-29,Football_KeyNumberGuard_v1,50.5,11.5,,,0.0,0.0,0
c66eb20cac802e1eec89aeda0d77ffd6,2025-11-29,Football_LineMovement_v1,50.5,11.5,,,0.0,0.0,0
c66eb20cac802e1eec89aeda0d77ffd6,2025-11-29,Football_MarketBlend_v1,50.0,11.25,HOME,UNDER,0.25,-0.5,0.75
c66eb20cac802e1eec89aeda0d77ffd6,2025-11-29,Football_MarketConsensus_v1,50.5,11.5,,,0.0,0.0,0
c66eb20cac802e1eec89aeda0d77ffd6,2025-11-29,Football_SpreadValue_v1,50.5,10.75,HOME,,0.75,0.0,0.75
c66eb20cac802e1eec89aeda0d77ffd6,2025-11-29,Football_TotalValue_v1,49.5,11.5,,UNDER,0.0,-1.0,1.0
c6c93f60d8369525b707f1f11c2cd0a1,2025-09-20,Football_KeyNumberGuard_v1,54.5,-8.25,,,0.0,0.0,0
c6c93f60d8369525b707f1f11c2cd0a1,2025-09-20,Football_LineMovement_v1,54.5,-8.25,,,0.0,0.0,0
c6c93f60d8369525b707f1f11c2cd0a1,2025-09-20,Football_MarketBlend_v1,54.0,-8.0,AWAY,UNDER,-0.25,-0.5,0.75
c6c93f60d8369525b707f1f11c2cd0a1,2025-09-20,Football_MarketConsensus_v1,54.5,-8.25,,,0.0,0.0,0
c6c93f60d8369525b707f1f11c2cd0a1,2025-09-20,Football_SpreadValue_v1,54.5,-7.5,AWAY,,-0.75,0.0,0.75
c6c93f60d8369525b707f1f11c2cd0a1,2025-09-20,Football_TotalValue_v1,53.5,-8.25,,UNDER,0.0,-1.0,1.0
c72db8267333fdc3c1e924d377d5531f,2025-10-11,Football_KeyNumberGuard_v1,47.5,-21.5,,,0.0,0.0,0
c72db8267333fdc3c1e924d377d5531f,2025-10-11,Football_LineMovement_v1,47.5,-21.5,,,0.0,0.0,0
c72db8267333fdc3c1e924d377d5531f,2025-10-11,Football_MarketBlend_v1,47.0,-21.25,AWAY,UNDER,-0.25,-0.5,0.75
c72db8267333fdc3c1e924d377d5531f,2025-10-11,Football_MarketConsensus_v1,47.5,-21.5,,,0.0,0.0,0
c72db8267333fdc3c1e924d377d5531f,2025-10-11,Football_SpreadValue_v1,47.5,-20.75,AWAY,,-0.75,0.0,0.75
c72db8267333fdc3c1e924d377d5531f,2025-10-11,Football_TotalValue_v1,46.5,-21.5,,UNDER,0.0,-1.0,1.0
c730d999aec044ecdb025b4b0aadca95,2025-09-07,Football_KeyNumberGuard_v1,50.5,-19.5,,,0.0,0.0,0
c730d999aec044ecdb025b4b0aadca95,2025-09-07,Football_LineMovement_v1,50.5,-19.5,,,0.0,0.0,0
c730d999aec044ecdb025b4b0aadca95,2025-09-07,Football_MarketBlend_v1,50.0,-19.25,AWAY,UNDER,-0.25,-0.5,0.75
c730d999aec044ecdb025b4b0aadca95,2025-09-07,Football_MarketConsensus_v1,50.5,-19.5,,,0.0,0.0,0
c730d999aec044ecdb025b4b0aadca95,2025-09-07,Football_SpreadValue_v1,50.5,-18.75,AWAY,,-0.75,0.0,0.75
c730d999aec044ecdb025b4b0aadca95,2025-09-07,Football_TotalValue_v1,49.5,-19.5,,UNDER,0.0,-1.0,1.0
c739b05669e6035797b50a66f2c23ce0,2025-11-29,Football_KeyNumberGuard_v1,46.0,-2.5,,,0.0,0.0,0
c739b05669e6035797b50a66f2c23ce0,2025-11-29,Football_LineMovement_v1,46.0,-2.5,,,0.0,0.0,0
c739b05669e6035797b50a66f2c23ce0,2025-11-29,Football_MarketBlend_v1,45.5,-2.25,,UNDER,-0.25,-0.5,0.75
c739b05669e6035797b50a66f2c23ce0,2025-11-29,Football_MarketConsensus_v1,46.0,-2.5,,,0.0,0.0,0
c739b05669e6035797b50a66f2c23ce0,2025-11-29,Football_SpreadValue_v1,46.0,-1.75,AWAY,,-0.75,0.0,0.75
c739b05669e6035797b50a66f2c23ce0,2025-11-29,Football_TotalValue_v1,45.0,-2.5,,UNDER,0.0,-1.0,1.0
c7e9d66aaf9eb361d2c3b2077d637ef6,2025-09-27,Football_KeyNumberGuard_v1,54.0,3.0,,,0.0,0.0,0
c7e9d66aaf9eb361d2c3b2077d637ef6,2025-09-27,Football_LineMovement_v1,54.0,3.0,,,0.0,0.0,0
c7e9d66aaf9eb361d2c3b2077d637ef6,2025-09-27,Football_MarketBlend_v1,53.5,2.75,,UNDER,0.25,-0.5,0.75
c7e9d66aaf9eb361d2c3b2077d637ef6,2025-09-27,Football_MarketConsensus_v1,54.0,3.0,,,0.0,0.0,0
c7e9d66aaf9eb361d2c3b2077d637ef6,2025-09-27,Football_SpreadValue_v1,54.0,2.25,HOME,,0.75,0.0,0.75
c7e9d66aaf9eb361d2c3b2077d637ef6,2025-09-27,Football_TotalValue_v1,53.0,3.0,,UNDER,0.0,-1.0,1.0
c90ceed1e5d6fa2b9b18f41698e72ae3,2025-09-06,Football_KeyNumberGuard_v1,51.5,-37.5,,,0.0,0.0,0
c90ceed1e5d6fa2b9b18f41698e72ae3,2025-09-06,Football_LineMovement_v1,51.5,-37.5,,,0.0,0.0,0
c90ceed1e5d6fa2b9b18f41698e72ae3,2025-09-06,Football_MarketBlend_v1,51.0,-37.25,AWAY,UNDER,-0.25,-0.5,0.75
c90ceed1e5d6fa2b9b18f41698e72ae3,2025-09-06,Football_MarketConsensus_v1,51.5,-37.5,,,0.0,0.0,0
c90ceed1e5d6fa2b9b18f41698e72ae3,2025-09-06,Football_SpreadValue_v1,51.5,-36.75,AWAY,,-0.75,0.0,0.75
c90ceed1e5d6fa2b9b18f41698e72ae3,2025-09-06,Football_TotalValue_v1,50.5,-37.5,,UNDER,0.0,-1.0,1.0
c90e85208735f83419bdd9fafea09515,2025-11-29,Football_KeyNumberGuard_v1,54.5,4.5,,,0.0,0.0,0
c90e85208735f83419bdd9fafea09515,2025-11-29,Football_LineMovement_v1,54.5,4.5,,,0.0,0.0,0
c90e85208735f83419bdd9fafea09515,2025-11-29,Football_MarketBlend_v1,54.0,4.25,HOME,UNDER,0.25,-0.5,0.75
c90e85208735f83419bdd9fafea09515,2025-11-29,Football_MarketConsensus_v1,54.5,4.5,,,0.0,0.0,0
c90e85208735f83419bdd9fafea09515,2025-11-29,Football_SpreadValue_v1,54.5,3.75,HOME,,0.75,0.0,0.75
c90e85208735f83419bdd9fafea09515,2025-11-29,Football_TotalValue_v1,53.5,4.5,,UNDER,0.0,-1.0,1.0
c9a9afb46bbfe7047e145ad5dfd95593,2025-10-05,Football_KeyNumberGuard_v1,54.5,-21.0,,,0.0,0.0,0
c9a9afb46bbfe7047e145ad5dfd95593,2025-10-05,Football_LineMovement_v1,54.5,-21.0,,,0.0,0.0,0
c9a9afb46bbfe7047e145ad5dfd95593,2025-10-05,Football_MarketBlend_v1,54.0,-20.75,AWAY,UNDER,-0.25,-0.5,0.75
c9a9afb46bbfe7047e145ad5dfd95593,2025-10-05,Football_MarketConsensus_v1,54.5,-21.0,,,0.0,0.0,0
c9a9afb46bbfe7047e145ad5dfd95593,2025-10-05,Football_SpreadValue_v1,54.5,-20.25,AWAY,,-0.75,0.0,0.75
c9a9afb46bbfe7047e145ad5dfd95593,2025-10-05,Football_TotalValue_v1,53.5,-21.0,,UNDER,0.0,-1.0,1.0
c9c138c45cb4d0e8a39f962795671ffb,2026-09-12,Football_KeyNumberGuard_v1,55.5,-8.5,,,0.0,0.0,0
c9c138c45cb4d0e8a39f962795671ffb,2026-09-12,Football_LineMovement_v1,55.5,-8.5,,,0.0,0.0,0
c9c138c45cb4d0e8a39f962795671ffb,2026-09-12,Football_MarketBlend_v1,55.0,-8.25,AWAY,UNDER,-0.25,-0.5,0.75
c9c138c45cb4d0e8a39f962795671ffb,2026-09-12,Football_MarketConsensus_v1,55.5,-8.5,,,0.0,0.0,0
c9c138c45cb4d0e8a39f962795671ffb,2026-09-12,Football_SpreadValue_v1,55.5,-7.75,AWAY,,-0.75,0.0,0.75
c9c138c45cb4d0e8a39f962795671ffb,2026-09-12,Football_TotalValue_v1,54.5,-8.5,,UNDER,0.0,-1.0,1.0
ca0bb13499fcb91539c0cf821a0576d7,2025-10-25,Football_KeyNumberGuard_v1,48.5,10.0,,,0.0,0.0,0
ca0bb13499fcb91539c0cf821a0576d7,2025-10-25,Football_LineMovement_v1,48.5,10.0,,,0.0,0.0,0
ca0bb13499fcb91539c0cf821a0576d7,2025-10-25,Football_MarketBlend_v1,48.0,9.75,,UNDER,0.25,-0.5,0.75
ca0bb13499fcb91539c0cf821a0576d7,2025-10-25,Football_MarketConsensus_v1,48.5,10.0,,,0.0,0.0,0
ca0bb13499fcb91539c0cf821a0576d7,2025-10-25,Football_SpreadValue_v1,48.5,9.25,HOME,,0.75,0.0,0.75
ca0bb13499fcb91539c0cf821a0576d7,2025-10-25,Football_TotalValue_v1,47.5,10.0,,UNDER,0.0,-1.0,1.0
cad3845e3f9f9e746c4bbf45487eed02,2026-09-12,Football_KeyNumberGuard_v1,68.5,-28.5,,,0.0,0.0,0
cad3845e3f9f9e746c4bbf45487eed02,2026-09-12,Football_LineMovement_v1,68.5,-28.5,,,0.0,0.0,0
cad3845e3f9f9e746c4bbf45487eed02,2026-09-12,Football_MarketBlend_v1,68.0,-28.25,AWAY,UNDER,-0.25,-0.5,0.75
cad3845e3f9f9e746c4bbf45487eed02,2026-09-12,Football_MarketConsensus_v1,68.5,-28.5,,,0.0,0.0,0
cad3845e3f9f9e746c4bbf45487eed02,2026-09-12,Football_SpreadValue_v1,68.5,-27.75,AWAY,,-0.75,0.0,0.75
cad3845e3f9f9e746c4bbf45487eed02,2026-09-12,Football_TotalValue_v1,67.5,-28.5,,UNDER,0.0,-1.0,1.0
cb32b2b0ea14036d2aa37918891ded69,2026-01-10,Football_KeyNumberGuard_v1,48.5,-3.5,,,0.0,0.0,0
cb32b2b0ea14036d2aa37918891ded69,2026-01-10,Football_LineMovement_v1,48.5,-3.5,,,0.0,0.0,0
cb32b2b0ea14036d2aa37918891ded69,2026-01-10,Football_MarketBlend_v1,48.0,-3.25,,UNDER,-0.25,-0.5,0.75
cb32b2b0ea14036d2aa37918891ded69,2026-01-10,Football_MarketConsensus_v1,48.5,-3.5,,,0.0,0.0,0
cb32b2b0ea14036d2aa37918891ded69,2026-01-10,Football_SpreadValue_v1,48.5,-2.75,AWAY,,-0.75,0.0,0.75
cb32b2b0ea14036d2aa37918891ded69,2026-01-10,Football_TotalValue_v1,47.5,-3.5,,UNDER,0.0,-1.0,1.0
cb392d95625a9a1bc0c9d38b48e01e04,2025-10-04,Football_KeyNumberGuard_v1,48.5,24.5,,,0.0,0.0,0
cb392d95625a9a1bc0c9d38b48e01e04,2025-10-04,Football_LineMovement_v1,48.5,24.5,,,0.0,0.0,0
cb392d95625a9a1bc0c9d38b48e01e04,2025-10-04,Football_MarketBlend_v1,48.0,24.25,HOME,UNDER,0.25,-0.5,0.75
cb392d95625a9a1bc0c9d38b48e01e04,2025-10-04,Football_MarketConsensus_v1,48.5,24.5,,,0.0,0.0,0
cb392d95625a9a1bc0c9d38b48e01e04,2025-10-04,Football_SpreadValue_v1,48.5,23.75,HOME,,0.75,0.0,0.75
cb392d95625a9a1bc0c9d38b48e01e04,2025-10-04,Football_TotalValue_v1,47.5,24.5,,UNDER,0.0,-1.0,1.0
cb3db4cd7e1781ff0fa5e3caaf2d74e4,2025-12-07,Football_KeyNumberGuard_v1,57.5,-4.0,,,0.0,0.0,0
cb3db4cd7e1781ff0fa5e3caaf2d74e4,2025-12-07,Football_LineMovement_v1,57.5,-4.0,,,0.0,0.0,0
cb3db4cd7e1781ff0fa5e3caaf2d74e4,2025-12-07,Football_MarketBlend_v1,57.0,-3.75,AWAY,UNDER,-0.25,-0.5,0.75
cb3db4cd7e1781ff0fa5e3caaf2d74e4,2025-12-07,Football_MarketConsensus_v1,57.5,-4.0,,,0.0,0.0,0
cb3db4cd7e1781ff0fa5e3caaf2d74e4,2025-12-07,Football_SpreadValue_v1,57.5,-3.25,AWAY,,-0.75,0.0,0.75
cb3db4cd7e1781ff0fa5e3caaf2d74e4,2025-12-07,Football_TotalValue_v1,56.5,-4.0,,UNDER,0.0,-1.0,1.0
cb6e1250fee631fee65cd81bba1a2a0a,2025-12-23,Football_KeyNumberGuard_v1,58.5,-0.5,,,0.0,0.0,0
cb6e1250fee631fee65cd81bba1a2a0a,2025-12-23,Football_LineMovement_v1,58.5,-0.5,,,0.0,0.0,0
cb6e1250fee631fee65cd81bba1a2a0a,2025-12-23,Football_MarketBlend_v1,58.0,-0.25,AWAY,UNDER,-0.25,-0.5,0.75
cb6e1250fee631fee65cd81bba1a2a0a,2025-12-23,Football_MarketConsensus_v1,58.5,-0.5,,,0.0,0.0,0
cb6e1250fee631fee65cd81bba1a2a0a,2025-12-23,Football_SpreadValue_v1,58.5,0.25,AWAY,,-0.75,0.0,0.75
cb6e1250fee631fee65cd81bba1a2a0a,2025-12-23,Football_TotalValue_v1,57.5,-0.5,,UNDER,0.0,-1.0,1.0
cb7d85df1a2186ede6f66305485ddc22,2025-10-04,Football_KeyNumberGuard_v1,56.5,-16.5,,,0.0,0.0,0
cb7d85df1a2186ede6f66305485ddc22,2025-10-04,Football_LineMovement_v1,56.5,-16.5,,,0.0,0.0,0
cb7d85df1a2186ede6f66305485ddc22,2025-10-04,Football_MarketBlend_v1,56.0,-16.25,AWAY,UNDER,-0.25,-0.5,0.75
cb7d85df1a2186ede6f66305485ddc22,2025-10-04,Football_MarketConsensus_v1,56.5,-16.5,,,0.0,0.0,0
cb7d85df1a2186ede6f66305485ddc22,2025-10-04,Football_SpreadValue_v1,56.5,-15.75,AWAY,,-0.75,0.0,0.75
cb7d85df1a2186ede6f66305485ddc22,2025-10-04,Football_TotalValue_v1,55.5,-16.5,,UNDER,0.0,-1.0,1.0
cbf53f44970801ab245ec4d71276519e,2025-09-20,Football_KeyNumberGuard_v1,46.5,-29.25,,,0.0,0.0,0
cbf53f44970801ab245ec4d71276519e,2025-09-20,Football_LineMovement_v1,46.5,-29.25,,,0.0,0.0,0
cbf53f44970801ab245ec4d71276519e,2025-09-20,Football_MarketBlend_v1,46.0,-29.0,AWAY,UNDER,-0.25,-0.5,0.75
cbf53f44970801ab245ec4d71276519e,2025-09-20,Football_MarketConsensus_v1,46.5,-29.25,,,0.0,0.0,0
cbf53f44970801ab245ec4d71276519e,2025-09-20,Football_SpreadValue_v1,46.5,-28.5,AWAY,,-0.75,0.0,0.75
cbf53f44970801ab245ec4d71276519e,2025-09-20,Football_TotalValue_v1,45.5,-29.25,,UNDER,0.0,-1.0,1.0
cbfdd173a396ca6a65a08405a56e99cd,2025-10-11,Football_KeyNumberGuard_v1,45.0,-18.5,,,0.0,0.0,0
cbfdd173a396ca6a65a08405a56e99cd,2025-10-11,Football_LineMovement_v1,45.0,-18.5,,,0.0,0.0,0
cbfdd173a396ca6a65a08405a56e99cd,2025-10-11,Football_MarketBlend_v1,44.5,-18.25,AWAY,UNDER,-0.25,-0.5,0.75
cbfdd173a396ca6a65a08405a56e99cd,2025-10-11,Football_MarketConsensus_v1,45.0,-18.5,,,0.0,0.0,0
cbfdd173a396ca6a65a08405a56e99cd,2025-10-11,Football_SpreadValue_v1,45.0,-17.75,AWAY,,-0.75,0.0,0.75
cbfdd173a396ca6a65a08405a56e99cd,2025-10-11,Football_TotalValue_v1,44.0,-18.5,,UNDER,0.0,-1.0,1.0
cc6d57b7668726c93fde64f6de4a7c68,2025-09-06,Football_KeyNumberGuard_v1,56.0,-31.5,,,0.0,0.0,0
cc6d57b7668726c93fde64f6de4a7c68,2025-09-06,Football_LineMovement_v1,56.0,-31.5,,,0.0,0.0,0
cc6d57b7668726c93fde64f6de4a7c68,2025-09-06,Football_MarketBlend_v1,55.5,-31.25,AWAY,UNDER,-0.25,-0.5,0.75
cc6d57b7668726c93fde64f6de4a7c68,2025-09-06,Football_MarketConsensus_v1,56.0,-31.5,,,0.0,0.0,0
cc6d57b7668726c93fde64f6de4a7c68,2025-09-06,Football_SpreadValue_v1,56.0,-30.75,AWAY,,-0.75,0.0,0.75
cc6d57b7668726c93fde64f6de4a7c68,2025-09-06,Football_TotalValue_v1,55.0,-31.5,,UNDER,0.0,-1.0,1.0
cc91d8692c5fd56b32deabaf55bbfa47,2025-10-25,Football_KeyNumberGuard_v1,53.0,-3.0,,,0.0,0.0,0
cc91d8692c5fd56b32deabaf55bbfa47,2025-10-25,Football_LineMovement_v1,53.0,-3.0,,,0.0,0.0,0
cc91d8692c5fd56b32deabaf55bbfa47,2025-10-25,Football_MarketBlend_v1,52.5,-2.75,,UNDER,-0.25,-0.5,0.75
cc91d8692c5fd56b32deabaf55bbfa47,2025-10-25,Football_MarketConsensus_v1,53.0,-3.0,,,0.0,0.0,0
cc91d8692c5fd56b32deabaf55bbfa47,2025-10-25,Football_SpreadValue_v1,53.0,-2.25,AWAY,,-0.75,0.0,0.75
cc91d8692c5fd56b32deabaf55bbfa47,2025-10-25,Football_TotalValue_v1,52.0,-3.0,,UNDER,0.0,-1.0,1.0
cc964607d7c521019e0c91768bb2c024,2025-08-29,Football_KeyNumberGuard_v1,49.5,-21.0,,,0.0,0.0,0
cc964607d7c521019e0c91768bb2c024,2025-08-29,Football_LineMovement_v1,49.5,-21.0,,,0.0,0.0,0
cc964607d7c521019e0c91768bb2c024,2025-08-29,Football_MarketBlend_v1,49.0,-20.75,AWAY,UNDER,-0.25,-0.5,0.75
cc964607d7c521019e0c91768bb2c024,2025-08-29,Football_MarketConsensus_v1,49.5,-21.0,,,0.0,0.0,0
cc964607d7c521019e0c91768bb2c024,2025-08-29,Football_SpreadValue_v1,49.5,-20.25,AWAY,,-0.75,0.0,0.75
cc964607d7c521019e0c91768bb2c024,2025-08-29,Football_TotalValue_v1,48.5,-21.0,,UNDER,0.0,-1.0,1.0
cce1589adabc23fc7a9f036e143d61fd,2025-12-21,Football_KeyNumberGuard_v1,45.5,-20.5,,,0.0,0.0,0
cce1589adabc23fc7a9f036e143d61fd,2025-12-21,Football_LineMovement_v1,45.5,-20.5,,,0.0,0.0,0
cce1589adabc23fc7a9f036e143d61fd,2025-12-21,Football_MarketBlend_v1,45.0,-20.25,AWAY,UNDER,-0.25,-0.5,0.75
cce1589adabc23fc7a9f036e143d61fd,2025-12-21,Football_MarketConsensus_v1,45.5,-20.5,,,0.0,0.0,0
cce1589adabc23fc7a9f036e143d61fd,2025-12-21,Football_SpreadValue_v1,45.5,-19.75,AWAY,,-0.75,0.0,0.75
cce1589adabc23fc7a9f036e143d61fd,2025-12-21,Football_TotalValue_v1,44.5,-20.5,,UNDER,0.0,-1.0,1.0
cd38558312e1cb427ace0dd9bac1b4c2,2025-11-09,Football_KeyNumberGuard_v1,61.5,4.5,,,0.0,0.0,0
cd38558312e1cb427ace0dd9bac1b4c2,2025-11-09,Football_LineMovement_v1,61.5,4.5,,,0.0,0.0,0
cd38558312e1cb427ace0dd9bac1b4c2,2025-11-09,Football_MarketBlend_v1,61.0,4.25,HOME,UNDER,0.25,-0.5,0.75
cd38558312e1cb427ace0dd9bac1b4c2,2025-11-09,Football_MarketConsensus_v1,61.5,4.5,,,0.0,0.0,0
cd38558312e1cb427ace0dd9bac1b4c2,2025-11-09,Football_SpreadValue_v1,61.5,3.75,HOME,,0.75,0.0,0.75
cd38558312e1cb427ace0dd9bac1b4c2,2025-11-09,Football_TotalValue_v1,60.5,4.5,,UNDER,0.0,-1.0,1.0
cd4b42ea2180255f5116e232c2b2b819,2025-09-21,Football_KeyNumberGuard_v1,47.5,-6.5,,,0.0,0.0,0
cd4b42ea2180255f5116e232c2b2b819,2025-09-21,Football_LineMovement_v1,47.5,-6.5,,,0.0,0.0,0
cd4b42ea2180255f5116e232c2b2b819,2025-09-21,Football_MarketBlend_v1,47.0,-6.25,,UNDER,-0.25,-0.5,0.75
cd4b42ea2180255f5116e232c2b2b819,2025-09-21,Football_MarketConsensus_v1,47.5,-6.5,,,0.0,0.0,0
cd4b42ea2180255f5116e232c2b2b819,2025-09-21,Football_SpreadValue_v1,47.5,-5.75,AWAY,,-0.75,0.0,0.75
cd4b42ea2180255f5116e232c2b2b819,2025-09-21,Football_TotalValue_v1,46.5,-6.5,,UNDER,0.0,-1.0,1.0
cd5818a61eb4ec516c371a55c24a240a,2025-10-18,Football_KeyNumberGuard_v1,61.0,17.5,,,0.0,0.0,0
cd5818a61eb4ec516c371a55c24a240a,2025-10-18,Football_LineMovement_v1,61.0,17.5,,,0.0,0.0,0
cd5818a61eb4ec516c371a55c24a240a,2025-10-18,Football_MarketBlend_v1,60.5,17.25,HOME,UNDER,0.25,-0.5,0.75
cd5818a61eb4ec516c371a55c24a240a,2025-10-18,Football_MarketConsensus_v1,61.0,17.5,,,0.0,0.0,0
cd5818a61eb4ec516c371a55c24a240a,2025-10-18,Football_SpreadValue_v1,61.0,16.75,HOME,,0.75,0.0,0.75
cd5818a61eb4ec516c371a55c24a240a,2025-10-18,Football_TotalValue_v1,60.0,17.5,,UNDER,0.0,-1.0,1.0
cd7b0b1d0350c1e6809e2d393237ce7f,2025-10-21,Football_KeyNumberGuard_v1,49.5,3.0,,,0.0,0.0,0
cd7b0b1d0350c1e6809e2d393237ce7f,2025-10-21,Football_LineMovement_v1,49.5,3.0,,,0.0,0.0,0
cd7b0b1d0350c1e6809e2d393237ce7f,2025-10-21,Football_MarketBlend_v1,49.0,2.75,,UNDER,0.25,-0.5,0.75
cd7b0b1d0350c1e6809e2d393237ce7f,2025-10-21,Football_MarketConsensus_v1,49.5,3.0,,,0.0,0.0,0
cd7b0b1d0350c1e6809e2d393237ce7f,2025-10-21,Football_SpreadValue_v1,49.5,2.25,HOME,,0.75,0.0,0.75
cd7b0b1d0350c1e6809e2d393237ce7f,2025-10-21,Football_TotalValue_v1,48.5,3.0,,UNDER,0.0,-1.0,1.0
cdbde17fe5ba072172683681026c6312,2026-09-12,Football_KeyNumberGuard_v1,65.5,-23.5,,,0.0,0.0,0
cdbde17fe5ba072172683681026c6312,2026-09-12,Football_LineMovement_v1,65.5,-23.5,,,0.0,0.0,0
cdbde17fe5ba072172683681026c6312,2026-09-12,Football_MarketBlend_v1,65.0,-23.25,AWAY,UNDER,-0.25,-0.5,0.75
cdbde17fe5ba072172683681026c6312,2026-09-12,Football_MarketConsensus_v1,65.5,-23.5,,,0.0,0.0,0
cdbde17fe5ba072172683681026c6312,2026-09-12,Football_SpreadValue_v1,65.5,-22.75,AWAY,,-0.75,0.0,0.75
cdbde17fe5ba072172683681026c6312,2026-09-12,Football_TotalValue_v1,64.5,-23.5,,UNDER,0.0,-1.0,1.0
cde48c374106f42368e37698bf654103,2025-08-29,Football_KeyNumberGuard_v1,53.5,-20.5,,,0.0,0.0,0
cde48c374106f42368e37698bf654103,2025-08-29,Football_LineMovement_v1,53.5,-20.5,,,0.0,0.0,0
cde48c374106f42368e37698bf654103,2025-08-29,Football_MarketBlend_v1,53.0,-20.25,AWAY,UNDER,-0.25,-0.5,0.75
cde48c374106f42368e37698bf654103,2025-08-29,Football_MarketConsensus_v1,53.5,-20.5,,,0.0,0.0,0
cde48c374106f42368e37698bf654103,2025-08-29,Football_SpreadValue_v1,53.5,-19.75,AWAY,,-0.75,0.0,0.75
cde48c374106f42368e37698bf654103,2025-08-29,Football_TotalValue_v1,52.5,-20.5,,UNDER,0.0,-1.0,1.0
ce5e306794394e11f8e703c89ac39dcb,2025-08-30,Football_KeyNumberGuard_v1,60.5,-6.0,,,0.0,0.0,0
ce5e306794394e11f8e703c89ac39dcb,2025-08-30,Football_LineMovement_v1,60.5,-6.0,,,0.0,0.0,0
ce5e306794394e11f8e703c89ac39dcb,2025-08-30,Football_MarketBlend_v1,60.0,-5.75,AWAY,UNDER,-0.25,-0.5,0.75
ce5e306794394e11f8e703c89ac39dcb,2025-08-30,Football_MarketConsensus_v1,60.5,-6.0,,,0.0,0.0,0
ce5e306794394e11f8e703c89ac39dcb,2025-08-30,Football_SpreadValue_v1,60.5,-5.25,AWAY,,-0.75,0.0,0.75
ce5e306794394e11f8e703c89ac39dcb,2025-08-30,Football_TotalValue_v1,59.5,-6.0,,UNDER,0.0,-1.0,1.0
cea07bdd5d8942d1055a1de8ba1fef33,2026-09-12,Football_KeyNumberGuard_v1,54.0,-36.0,,,0.0,0.0,0
cea07bdd5d8942d1055a1de8ba1fef33,2026-09-12,Football_LineMovement_v1,54.0,-36.0,,,0.0,0.0,0
cea07bdd5d8942d1055a1de8ba1fef33,2026-09-12,Football_MarketBlend_v1,53.5,-35.75,AWAY,UNDER,-0.25,-0.5,0.75
cea07bdd5d8942d1055a1de8ba1fef33,2026-09-12,Football_MarketConsensus_v1,54.0,-36.0,,,0.0,0.0,0
cea07bdd5d8942d1055a1de8ba1fef33,2026-09-12,Football_SpreadValue_v1,54.0,-35.25,AWAY,,-0.75,0.0,0.75
cea07bdd5d8942d1055a1de8ba1fef33,2026-09-12,Football_TotalValue_v1,53.0,-36.0,,UNDER,0.0,-1.0,1.0
cea967651cf4258888de42948d1e99fa,2025-11-15,Football_KeyNumberGuard_v1,48.5,-6.5,,,0.0,0.0,0
cea967651cf4258888de42948d1e99fa,2025-11-15,Football_LineMovement_v1,48.5,-6.5,,,0.0,0.0,0
cea967651cf4258888de42948d1e99fa,2025-11-15,Football_MarketBlend_v1,48.0,-6.25,,UNDER,-0.25,-0.5,0.75
cea967651cf4258888de42948d1e99fa,2025-11-15,Football_MarketConsensus_v1,48.5,-6.5,,,0.0,0.0,0
cea967651cf4258888de42948d1e99fa,2025-11-15,Football_SpreadValue_v1,48.5,-5.75,AWAY,,-0.75,0.0,0.75
cea967651cf4258888de42948d1e99fa,2025-11-15,Football_TotalValue_v1,47.5,-6.5,,UNDER,0.0,-1.0,1.0
cf8be0afa61692fc5367a63efe3acb04,2025-09-13,Football_KeyNumberGuard_v1,48.5,24.0,,,0.0,0.0,0
cf8be0afa61692fc5367a63efe3acb04,2025-09-13,Football_LineMovement_v1,48.5,24.0,,,0.0,0.0,0
cf8be0afa61692fc5367a63efe3acb04,2025-09-13,Football_MarketBlend_v1,48.0,23.75,HOME,UNDER,0.25,-0.5,0.75
cf8be0afa61692fc5367a63efe3acb04,2025-09-13,Football_MarketConsensus_v1,48.5,24.0,,,0.0,0.0,0
cf8be0afa61692fc5367a63efe3acb04,2025-09-13,Football_SpreadValue_v1,48.5,23.25,HOME,,0.75,0.0,0.75
cf8be0afa61692fc5367a63efe3acb04,2025-09-13,Football_TotalValue_v1,47.5,24.0,,UNDER,0.0,-1.0,1.0
d00a52f83db97af88e3675f61fe97985,2025-11-02,Football_KeyNumberGuard_v1,55.0,-1.5,,,0.0,0.0,0
d00a52f83db97af88e3675f61fe97985,2025-11-02,Football_LineMovement_v1,55.0,-1.5,,,0.0,0.0,0
d00a52f83db97af88e3675f61fe97985,2025-11-02,Football_MarketBlend_v1,54.5,-1.25,AWAY,UNDER,-0.25,-0.5,0.75
d00a52f83db97af88e3675f61fe97985,2025-11-02,Football_MarketConsensus_v1,55.0,-1.5,,,0.0,0.0,0
d00a52f83db97af88e3675f61fe97985,2025-11-02,Football_SpreadValue_v1,55.0,-0.75,AWAY,,-0.75,0.0,0.75
d00a52f83db97af88e3675f61fe97985,2025-11-02,Football_TotalValue_v1,54.0,-1.5,,UNDER,0.0,-1.0,1.0
d05ae1f8060582994d6d724ccbb5e21a,2026-01-01,Football_KeyNumberGuard_v1,40.5,-9.5,,,0.0,0.0,0
d05ae1f8060582994d6d724ccbb5e21a,2026-01-01,Football_LineMovement_v1,40.5,-9.5,,,0.0,0.0,0
d05ae1f8060582994d6d724ccbb5e21a,2026-01-01,Football_MarketBlend_v1,41.0,-9.25,,OVER,-0.25,0.5,0.75
d05ae1f8060582994d6d724ccbb5e21a,2026-01-01,Football_MarketConsensus_v1,40.5,-9.5,,,0.0,0.0,0
d05ae1f8060582994d6d724ccbb5e21a,2026-01-01,Football_SpreadValue_v1,40.5,-8.75,AWAY,,-0.75,0.0,0.75
d05ae1f8060582994d6d724ccbb5e21a,2026-01-01,Football_TotalValue_v1,41.5,-9.5,,OVER,0.0,1.0,1.0
d098d8c6ee0dc177926284d2b55548e1,2025-09-21,Football_KeyNumberGuard_v1,51.0,-39.5,,,0.0,0.0,0
d098d8c6ee0dc177926284d2b55548e1,2025-09-21,Football_LineMovement_v1,51.0,-39.5,,,0.0,0.0,0
d098d8c6ee0dc177926284d2b55548e1,2025-09-21,Football_MarketBlend_v1,50.5,-39.25,AWAY,UNDER,-0.25,-0.5,0.75
d098d8c6ee0dc177926284d2b55548e1,2025-09-21,Football_MarketConsensus_v1,51.0,-39.5,,,0.0,0.0,0
d098d8c6ee0dc177926284d2b55548e1,2025-09-21,Football_SpreadValue_v1,51.0,-38.75,AWAY,,-0.75,0.0,0.75
d098d8c6ee0dc177926284d2b55548e1,2025-09-21,Football_TotalValue_v1,50.0,-39.5,,UNDER,0.0,-1.0,1.0
d0d5d76137834bd53f2f2d9b89185b45,2025-09-27,Football_KeyNumberGuard_v1,50.5,3.5,,,0.0,0.0,0
d0d5d76137834bd53f2f2d9b89185b45,2025-09-27,Football_LineMovement_v1,50.5,3.5,,,0.0,0.0,0
d0d5d76137834bd53f2f2d9b89185b45,2025-09-27,Football_MarketBlend_v1,50.0,3.25,,UNDER,0.25,-0.5,0.75
d0d5d76137834bd53f2f2d9b89185b45,2025-09-27,Football_MarketConsensus_v1,50.5,3.5,,,0.0,0.0,0
d0d5d76137834bd53f2f2d9b89185b45,2025-09-27,Football_SpreadValue_v1,50.5,2.75,HOME,,0.75,0.0,0.75
d0d5d76137834bd53f2f2d9b89185b45,2025-09-27,Football_TotalValue_v1,49.5,3.5,,UNDER,0.0,-1.0,1.0
d0dd41e1d1fbdb7fb28108d71cef7191,2025-09-13,Football_KeyNumberGuard_v1,51.5,5.5,,,0.0,0.0,0
d0dd41e1d1fbdb7fb28108d71cef7191,2025-09-13,Football_LineMovement_v1,51.5,5.5,,,0.0,0.0,0
d0dd41e1d1fbdb7fb28108d71cef7191,2025-09-13,Football_MarketBlend_v1,51.0,5.25,HOME,UNDER,0.25,-0.5,0.75
d0dd41e1d1fbdb7fb28108d71cef7191,2025-09-13,Football_MarketConsensus_v1,51.5,5.5,,,0.0,0.0,0
d0dd41e1d1fbdb7fb28108d71cef7191,2025-09-13,Football_SpreadValue_v1,51.5,4.75,HOME,,0.75,0.0,0.75
d0dd41e1d1fbdb7fb28108d71cef7191,2025-09-13,Football_TotalValue_v1,50.5,5.5,,UNDER,0.0,-1.0,1.0
d14cac73f8519bbd6ba794bbdd4e6571,2025-10-21,Football_KeyNumberGuard_v1,50.0,-3.0,,,0.0,0.0,0
d14cac73f8519bbd6ba794bbdd4e6571,2025-10-21,Football_LineMovement_v1,50.0,-3.0,,,0.0,0.0,0
d14cac73f8519bbd6ba794bbdd4e6571,2025-10-21,Football_MarketBlend_v1,49.5,-2.75,,UNDER,-0.25,-0.5,0.75
d14cac73f8519bbd6ba794bbdd4e6571,2025-10-21,Football_MarketConsensus_v1,50.0,-3.0,,,0.0,0.0,0
d14cac73f8519bbd6ba794bbdd4e6571,2025-10-21,Football_SpreadValue_v1,50.0,-2.25,AWAY,,-0.75,0.0,0.75
d14cac73f8519bbd6ba794bbdd4e6571,2025-10-21,Football_TotalValue_v1,49.0,-3.0,,UNDER,0.0,-1.0,1.0
d15fdb8ae860183a48c201265d28b77a,2025-10-18,Football_KeyNumberGuard_v1,65.5,2.5,,,0.0,0.0,0
d15fdb8ae860183a48c201265d28b77a,2025-10-18,Football_LineMovement_v1,65.5,2.5,,,0.0,0.0,0
d15fdb8ae860183a48c201265d28b77a,2025-10-18,Football_MarketBlend_v1,65.0,2.25,,UNDER,0.25,-0.5,0.75
d15fdb8ae860183a48c201265d28b77a,2025-10-18,Football_MarketConsensus_v1,65.5,2.5,,,0.0,0.0,0
d15fdb8ae860183a48c201265d28b77a,2025-10-18,Football_SpreadValue_v1,65.5,1.75,HOME,,0.75,0.0,0.75
d15fdb8ae860183a48c201265d28b77a,2025-10-18,Football_TotalValue_v1,64.5,2.5,,UNDER,0.0,-1.0,1.0
d1a993205667b96cd89e55d185d24593,2025-09-06,Football_KeyNumberGuard_v1,53.5,-42.5,,,0.0,0.0,0
d1a993205667b96cd89e55d185d24593,2025-09-06,Football_LineMovement_v1,53.5,-42.5,,,0.0,0.0,0
d1a993205667b96cd89e55d185d24593,2025-09-06,Football_MarketBlend_v1,53.0,-42.25,AWAY,UNDER,-0.25,-0.5,0.75
d1a993205667b96cd89e55d185d24593,2025-09-06,Football_MarketConsensus_v1,53.5,-42.5,,,0.0,0.0,0
d1a993205667b96cd89e55d185d24593,2025-09-06,Football_SpreadValue_v1,53.5,-41.75,AWAY,,-0.75,0.0,0.75
d1a993205667b96cd89e55d185d24593,2025-09-06,Football_TotalValue_v1,52.5,-42.5,,UNDER,0.0,-1.0,1.0
d1ac1162aa4955bcb20a428c2b662152,2025-11-08,Football_KeyNumberGuard_v1,45.5,-7.0,,,0.0,0.0,0
d1ac1162aa4955bcb20a428c2b662152,2025-11-08,Football_LineMovement_v1,45.5,-7.0,,,0.0,0.0,0
d1ac1162aa4955bcb20a428c2b662152,2025-11-08,Football_MarketBlend_v1,45.0,-6.75,,UNDER,-0.25,-0.5,0.75
d1ac1162aa4955bcb20a428c2b662152,2025-11-08,Football_MarketConsensus_v1,45.5,-7.0,,,0.0,0.0,0
d1ac1162aa4955bcb20a428c2b662152,2025-11-08,Football_SpreadValue_v1,45.5,-6.25,AWAY,,-0.75,0.0,0.75
d1ac1162aa4955bcb20a428c2b662152,2025-11-08,Football_TotalValue_v1,44.5,-7.0,,UNDER,0.0,-1.0,1.0
d1b49901efafa2e7efbd64e5dcb29c0d,2025-10-11,Football_KeyNumberGuard_v1,46.5,2.5,,,0.0,0.0,0
d1b49901efafa2e7efbd64e5dcb29c0d,2025-10-11,Football_LineMovement_v1,46.5,2.5,,,0.0,0.0,0
d1b49901efafa2e7efbd64e5dcb29c0d,2025-10-11,Football_MarketBlend_v1,46.0,2.25,,UNDER,0.25,-0.5,0.75
d1b49901efafa2e7efbd64e5dcb29c0d,2025-10-11,Football_MarketConsensus_v1,46.5,2.5,,,0.0,0.0,0
d1b49901efafa2e7efbd64e5dcb29c0d,2025-10-11,Football_SpreadValue_v1,46.5,1.75,HOME,,0.75,0.0,0.75
d1b49901efafa2e7efbd64e5dcb29c0d,2025-10-11,Football_TotalValue_v1,45.5,2.5,,UNDER,0.0,-1.0,1.0
d20307e8474bbfe4a52934a6af6fe2d9,2025-09-13,Football_KeyNumberGuard_v1,50.5,-6.5,,,0.0,0.0,0
d20307e8474bbfe4a52934a6af6fe2d9,2025-09-13,Football_LineMovement_v1,50.5,-6.5,,,0.0,0.0,0
d20307e8474bbfe4a52934a6af6fe2d9,2025-09-13,Football_MarketBlend_v1,50.0,-6.25,,UNDER,-0.25,-0.5,0.75
d20307e8474bbfe4a52934a6af6fe2d9,2025-09-13,Football_MarketConsensus_v1,50.5,-6.5,,,0.0,0.0,0
d20307e8474bbfe4a52934a6af6fe2d9,2025-09-13,Football_SpreadValue_v1,50.5,-5.75,AWAY,,-0.75,0.0,0.75
d20307e8474bbfe4a52934a6af6fe2d9,2025-09-13,Football_TotalValue_v1,49.5,-6.5,,UNDER,0.0,-1.0,1.0
d205e781f229cb68ddac1fc2ad3e24ec,2025-10-18,Football_KeyNumberGuard_v1,49.5,-27.5,,,0.0,0.0,0
d205e781f229cb68ddac1fc2ad3e24ec,2025-10-18,Football_LineMovement_v1,49.5,-27.5,,,0.0,0.0,0
d205e781f229cb68ddac1fc2ad3e24ec,2025-10-18,Football_MarketBlend_v1,49.0,-27.25,AWAY,UNDER,-0.25,-0.5,0.75
d205e781f229cb68ddac1fc2ad3e24ec,2025-10-18,Football_MarketConsensus_v1,49.5,-27.5,,,0.0,0.0,0
d205e781f229cb68ddac1fc2ad3e24ec,2025-10-18,Football_SpreadValue_v1,49.5,-26.75,AWAY,,-0.75,0.0,0.75
d205e781f229cb68ddac1fc2ad3e24ec,2025-10-18,Football_TotalValue_v1,48.5,-27.5,,UNDER,0.0,-1.0,1.0
d25adc138f4395cd1cd3a31270362764,2025-08-31,Football_KeyNumberGuard_v1,49.5,1.5,,,0.0,0.0,0
d25adc138f4395cd1cd3a31270362764,2025-08-31,Football_LineMovement_v1,49.5,1.5,,,0.0,0.0,0
d25adc138f4395cd1cd3a31270362764,2025-08-31,Football_MarketBlend_v1,49.0,1.25,HOME,UNDER,0.25,-0.5,0.75
d25adc138f4395cd1cd3a31270362764,2025-08-31,Football_MarketConsensus_v1,49.5,1.5,,,0.0,0.0,0
d25adc138f4395cd1cd3a31270362764,2025-08-31,Football_SpreadValue_v1,49.5,0.75,HOME,,0.75,0.0,0.75
d25adc138f4395cd1cd3a31270362764,2025-08-31,Football_TotalValue_v1,48.5,1.5,,UNDER,0.0,-1.0,1.0
d27640d7a7262d1212283491984a25e3,2025-09-06,Football_KeyNumberGuard_v1,47.5,-13.75,,,0.0,0.0,0
d27640d7a7262d1212283491984a25e3,2025-09-06,Football_LineMovement_v1,47.5,-13.75,,,0.0,0.0,0
d27640d7a7262d1212283491984a25e3,2025-09-06,Football_MarketBlend_v1,47.0,-13.5,AWAY,UNDER,-0.25,-0.5,0.75
d27640d7a7262d1212283491984a25e3,2025-09-06,Football_MarketConsensus_v1,47.5,-13.75,,,0.0,0.0,0
d27640d7a7262d1212283491984a25e3,2025-09-06,Football_SpreadValue_v1,47.5,-13.0,AWAY,,-0.75,0.0,0.75
d27640d7a7262d1212283491984a25e3,2025-09-06,Football_TotalValue_v1,46.5,-13.75,,UNDER,0.0,-1.0,1.0
d28f0497fa7a5eac34da18d9ceccac3c,2025-11-05,Football_KeyNumberGuard_v1,49.5,-2.5,,,0.0,0.0,0
d28f0497fa7a5eac34da18d9ceccac3c,2025-11-05,Football_LineMovement_v1,49.5,-2.5,,,0.0,0.0,0
d28f0497fa7a5eac34da18d9ceccac3c,2025-11-05,Football_MarketBlend_v1,49.0,-2.25,,UNDER,-0.25,-0.5,0.75
d28f0497fa7a5eac34da18d9ceccac3c,2025-11-05,Football_MarketConsensus_v1,49.5,-2.5,,,0.0,0.0,0
d28f0497fa7a5eac34da18d9ceccac3c,2025-11-05,Football_SpreadValue_v1,49.5,-1.75,AWAY,,-0.75,0.0,0.75
d28f0497fa7a5eac34da18d9ceccac3c,2025-11-05,Football_TotalValue_v1,48.5,-2.5,,UNDER,0.0,-1.0,1.0
d2da5b6ac5caea4b17580cb517e7606b,2025-10-11,Football_KeyNumberGuard_v1,55.5,-19.5,,,0.0,0.0,0
d2da5b6ac5caea4b17580cb517e7606b,2025-10-11,Football_LineMovement_v1,55.5,-19.5,,,0.0,0.0,0
d2da5b6ac5caea4b17580cb517e7606b,2025-10-11,Football_MarketBlend_v1,55.0,-19.25,AWAY,UNDER,-0.25,-0.5,0.75
d2da5b6ac5caea4b17580cb517e7606b,2025-10-11,Football_MarketConsensus_v1,55.5,-19.5,,,0.0,0.0,0
d2da5b6ac5caea4b17580cb517e7606b,2025-10-11,Football_SpreadValue_v1,55.5,-18.75,AWAY,,-0.75,0.0,0.75
d2da5b6ac5caea4b17580cb517e7606b,2025-10-11,Football_TotalValue_v1,54.5,-19.5,,UNDER,0.0,-1.0,1.0
d2f9e75253f8fcaaa78de1ceadc4b349,2025-08-29,Football_KeyNumberGuard_v1,53.5,-19.5,,,0.0,0.0,0
d2f9e75253f8fcaaa78de1ceadc4b349,2025-08-29,Football_LineMovement_v1,53.5,-19.5,,,0.0,0.0,0
d2f9e75253f8fcaaa78de1ceadc4b349,2025-08-29,Football_MarketBlend_v1,53.0,-19.25,AWAY,UNDER,-0.25,-0.5,0.75
d2f9e75253f8fcaaa78de1ceadc4b349,2025-08-29,Football_MarketConsensus_v1,53.5,-19.5,,,0.0,0.0,0
d2f9e75253f8fcaaa78de1ceadc4b349,2025-08-29,Football_SpreadValue_v1,53.5,-18.75,AWAY,,-0.75,0.0,0.75
d2f9e75253f8fcaaa78de1ceadc4b349,2025-08-29,Football_TotalValue_v1,52.5,-19.5,,UNDER,0.0,-1.0,1.0
d2fd5b19d4a2ff572beaa0b3c67e8861,2025-11-23,Football_KeyNumberGuard_v1,41.5,8.5,,,0.0,0.0,0
d2fd5b19d4a2ff572beaa0b3c67e8861,2025-11-23,Football_LineMovement_v1,41.5,8.5,,,0.0,0.0,0
d2fd5b19d4a2ff572beaa0b3c67e8861,2025-11-23,Football_MarketBlend_v1,42.0,8.25,HOME,OVER,0.25,0.5,0.75
d2fd5b19d4a2ff572beaa0b3c67e8861,2025-11-23,Football_MarketConsensus_v1,41.5,8.5,,,0.0,0.0,0
d2fd5b19d4a2ff572beaa0b3c67e8861,2025-11-23,Football_SpreadValue_v1,41.5,7.75,HOME,,0.75,0.0,0.75
d2fd5b19d4a2ff572beaa0b3c67e8861,2025-11-23,Football_TotalValue_v1,42.5,8.5,,OVER,0.0,1.0,1.0
d368359056ae756db52495aec9e68aca,2025-08-30,Football_KeyNumberGuard_v1,59.5,-14.5,,,0.0,0.0,0
d368359056ae756db52495aec9e68aca,2025-08-30,Football_LineMovement_v1,59.5,-14.5,,,0.0,0.0,0
d368359056ae756db52495aec9e68aca,2025-08-30,Football_MarketBlend_v1,59.0,-14.25,AWAY,UNDER,-0.25,-0.5,0.75
d368359056ae756db52495aec9e68aca,2025-08-30,Football_MarketConsensus_v1,59.5,-14.5,,,0.0,0.0,0
d368359056ae756db52495aec9e68aca,2025-08-30,Football_SpreadValue_v1,59.5,-13.75,AWAY,,-0.75,0.0,0.75
d368359056ae756db52495aec9e68aca,2025-08-30,Football_TotalValue_v1,58.5,-14.5,,UNDER,0.0,-1.0,1.0
d3b56634b3334a6221df4899b81bf412,2025-12-28,Football_KeyNumberGuard_v1,42.0,-1.0,,,0.0,0.0,0
d3b56634b3334a6221df4899b81bf412,2025-12-28,Football_LineMovement_v1,42.0,-1.0,,,0.0,0.0,0
d3b56634b3334a6221df4899b81bf412,2025-12-28,Football_MarketBlend_v1,42.5,-0.75,AWAY,OVER,-0.25,0.5,0.75
d3b56634b3334a6221df4899b81bf412,2025-12-28,Football_MarketConsensus_v1,42.0,-1.0,,,0.0,0.0,0
d3b56634b3334a6221df4899b81bf412,2025-12-28,Football_SpreadValue_v1,42.0,-0.25,AWAY,,-0.75,0.0,0.75
d3b56634b3334a6221df4899b81bf412,2025-12-28,Football_TotalValue_v1,43.0,-1.0,,OVER,0.0,1.0,1.0
d3e107e5a95bc8bdbd31b4de403f0e80,2025-11-01,Football_KeyNumberGuard_v1,50.5,8.5,,,0.0,0.0,0
d3e107e5a95bc8bdbd31b4de403f0e80,2025-11-01,Football_LineMovement_v1,50.5,8.5,,,0.0,0.0,0
d3e107e5a95bc8bdbd31b4de403f0e80,2025-11-01,Football_MarketBlend_v1,50.0,8.25,HOME,UNDER,0.25,-0.5,0.75
d3e107e5a95bc8bdbd31b4de403f0e80,2025-11-01,Football_MarketConsensus_v1,50.5,8.5,,,0.0,0.0,0
d3e107e5a95bc8bdbd31b4de403f0e80,2025-11-01,Football_SpreadValue_v1,50.5,7.75,HOME,,0.75,0.0,0.75
d3e107e5a95bc8bdbd31b4de403f0e80,2025-11-01,Football_TotalValue_v1,49.5,8.5,,UNDER,0.0,-1.0,1.0
d3f2f26060c42cb5ae2b941b73a794d8,2025-09-13,Football_KeyNumberGuard_v1,43.0,-10.0,,,0.0,0.0,0
d3f2f26060c42cb5ae2b941b73a794d8,2025-09-13,Football_LineMovement_v1,43.0,-10.0,,,0.0,0.0,0
d3f2f26060c42cb5ae2b941b73a794d8,2025-09-13,Football_MarketBlend_v1,43.5,-9.75,,OVER,-0.25,0.5,0.75
d3f2f26060c42cb5ae2b941b73a794d8,2025-09-13,Football_MarketConsensus_v1,43.0,-10.0,,,0.0,0.0,0
d3f2f26060c42cb5ae2b941b73a794d8,2025-09-13,Football_SpreadValue_v1,43.0,-9.25,AWAY,,-0.75,0.0,0.75
d3f2f26060c42cb5ae2b941b73a794d8,2025-09-13,Football_TotalValue_v1,44.0,-10.0,,OVER,0.0,1.0,1.0
d44075b0d3f4aac36f4761cf1bc2e5ea,2025-10-18,Football_KeyNumberGuard_v1,42.5,4.0,,,0.0,0.0,0
d44075b0d3f4aac36f4761cf1bc2e5ea,2025-10-18,Football_LineMovement_v1,42.5,4.0,,,0.0,0.0,0
d44075b0d3f4aac36f4761cf1bc2e5ea,2025-10-18,Football_MarketBlend_v1,43.0,3.75,HOME,OVER,0.25,0.5,0.75
d44075b0d3f4aac36f4761cf1bc2e5ea,2025-10-18,Football_MarketConsensus_v1,42.5,4.0,,,0.0,0.0,0
d44075b0d3f4aac36f4761cf1bc2e5ea,2025-10-18,Football_SpreadValue_v1,42.5,3.25,HOME,,0.75,0.0,0.75
d44075b0d3f4aac36f4761cf1bc2e5ea,2025-10-18,Football_TotalValue_v1,43.5,4.0,,OVER,0.0,1.0,1.0
d445a4ea45f024ba386b422a8f293177,2025-09-07,Football_KeyNumberGuard_v1,55.0,1.5,,,0.0,0.0,0
d445a4ea45f024ba386b422a8f293177,2025-09-07,Football_LineMovement_v1,55.0,1.5,,,0.0,0.0,0
d445a4ea45f024ba386b422a8f293177,2025-09-07,Football_MarketBlend_v1,54.5,1.25,HOME,UNDER,0.25,-0.5,0.75
d445a4ea45f024ba386b422a8f293177,2025-09-07,Football_MarketConsensus_v1,55.0,1.5,,,0.0,0.0,0
d445a4ea45f024ba386b422a8f293177,2025-09-07,Football_SpreadValue_v1,55.0,0.75,HOME,,0.75,0.0,0.75
d445a4ea45f024ba386b422a8f293177,2025-09-07,Football_TotalValue_v1,54.0,1.5,,UNDER,0.0,-1.0,1.0
d4c6b7b779184709320894b0023e17e5,2025-11-16,Football_KeyNumberGuard_v1,47.0,-34.0,,,0.0,0.0,0
d4c6b7b779184709320894b0023e17e5,2025-11-16,Football_LineMovement_v1,47.0,-34.0,,,0.0,0.0,0
d4c6b7b779184709320894b0023e17e5,2025-11-16,Football_MarketBlend_v1,46.5,-33.75,AWAY,UNDER,-0.25,-0.5,0.75
d4c6b7b779184709320894b0023e17e5,2025-11-16,Football_MarketConsensus_v1,47.0,-34.0,,,0.0,0.0,0
d4c6b7b779184709320894b0023e17e5,2025-11-16,Football_SpreadValue_v1,47.0,-33.25,AWAY,,-0.75,0.0,0.75
d4c6b7b779184709320894b0023e17e5,2025-11-16,Football_TotalValue_v1,46.0,-34.0,,UNDER,0.0,-1.0,1.0
d4d307f058aeaa574cfa993534dc6329,2025-09-07,Football_KeyNumberGuard_v1,44.5,-20.5,,,0.0,0.0,0
d4d307f058aeaa574cfa993534dc6329,2025-09-07,Football_LineMovement_v1,44.5,-20.5,,,0.0,0.0,0
d4d307f058aeaa574cfa993534dc6329,2025-09-07,Football_MarketBlend_v1,45.0,-20.25,AWAY,OVER,-0.25,0.5,0.75
d4d307f058aeaa574cfa993534dc6329,2025-09-07,Football_MarketConsensus_v1,44.5,-20.5,,,0.0,0.0,0
d4d307f058aeaa574cfa993534dc6329,2025-09-07,Football_SpreadValue_v1,44.5,-19.75,AWAY,,-0.75,0.0,0.75
d4d307f058aeaa574cfa993534dc6329,2025-09-07,Football_TotalValue_v1,45.5,-20.5,,OVER,0.0,1.0,1.0
d4edaa264115d6aa5601ac5094c3fcbf,2025-09-05,Football_KeyNumberGuard_v1,49.5,-31.25,,,0.0,0.0,0
d4edaa264115d6aa5601ac5094c3fcbf,2025-09-05,Football_LineMovement_v1,49.5,-31.25,,,0.0,0.0,0
d4edaa264115d6aa5601ac5094c3fcbf,2025-09-05,Football_MarketBlend_v1,49.0,-31.0,AWAY,UNDER,-0.25,-0.5,0.75
d4edaa264115d6aa5601ac5094c3fcbf,2025-09-05,Football_MarketConsensus_v1,49.5,-31.25,,,0.0,0.0,0
d4edaa264115d6aa5601ac5094c3fcbf,2025-09-05,Football_SpreadValue_v1,49.5,-30.5,AWAY,,-0.75,0.0,0.75
d4edaa264115d6aa5601ac5094c3fcbf,2025-09-05,Football_TotalValue_v1,48.5,-31.25,,UNDER,0.0,-1.0,1.0
d52b301586f5ce0e1e8b6f3dad18af47,2025-08-31,Football_KeyNumberGuard_v1,52.5,-21.5,,,0.0,0.0,0
d52b301586f5ce0e1e8b6f3dad18af47,2025-08-31,Football_LineMovement_v1,52.5,-21.5,,,0.0,0.0,0
d52b301586f5ce0e1e8b6f3dad18af47,2025-08-31,Football_MarketBlend_v1,52.0,-21.25,AWAY,UNDER,-0.25,-0.5,0.75
d52b301586f5ce0e1e8b6f3dad18af47,2025-08-31,Football_MarketConsensus_v1,52.5,-21.5,,,0.0,0.0,0
d52b301586f5ce0e1e8b6f3dad18af47,2025-08-31,Football_SpreadValue_v1,52.5,-20.75,AWAY,,-0.75,0.0,0.75
d52b301586f5ce0e1e8b6f3dad18af47,2025-08-31,Football_TotalValue_v1,51.5,-21.5,,UNDER,0.0,-1.0,1.0
d531b8e12cb18d265d2a68e50008904c,2025-09-06,Football_KeyNumberGuard_v1,50.5,9.0,,,0.0,0.0,0
d531b8e12cb18d265d2a68e50008904c,2025-09-06,Football_LineMovement_v1,50.5,9.0,,,0.0,0.0,0
d531b8e12cb18d265d2a68e50008904c,2025-09-06,Football_MarketBlend_v1,50.0,8.75,HOME,UNDER,0.25,-0.5,0.75
d531b8e12cb18d265d2a68e50008904c,2025-09-06,Football_MarketConsensus_v1,50.5,9.0,,,0.0,0.0,0
d531b8e12cb18d265d2a68e50008904c,2025-09-06,Football_SpreadValue_v1,50.5,8.25,HOME,,0.75,0.0,0.75
d531b8e12cb18d265d2a68e50008904c,2025-09-06,Football_TotalValue_v1,49.5,9.0,,UNDER,0.0,-1.0,1.0
d5d10c3a94ad4b0229842951f8a32115,2025-11-16,Football_KeyNumberGuard_v1,43.0,-8.5,,,0.0,0.0,0
d5d10c3a94ad4b0229842951f8a32115,2025-11-16,Football_LineMovement_v1,43.0,-8.5,,,0.0,0.0,0
d5d10c3a94ad4b0229842951f8a32115,2025-11-16,Football_MarketBlend_v1,43.5,-8.25,AWAY,OVER,-0.25,0.5,0.75
d5d10c3a94ad4b0229842951f8a32115,2025-11-16,Football_MarketConsensus_v1,43.0,-8.5,,,0.0,0.0,0
d5d10c3a94ad4b0229842951f8a32115,2025-11-16,Football_SpreadValue_v1,43.0,-7.75,AWAY,,-0.75,0.0,0.75
d5d10c3a94ad4b0229842951f8a32115,2025-11-16,Football_TotalValue_v1,44.0,-8.5,,OVER,0.0,1.0,1.0
d617ea38af0130201ac40d901bf13d0f,2025-09-06,Football_KeyNumberGuard_v1,65.5,-3.0,,,0.0,0.0,0
d617ea38af0130201ac40d901bf13d0f,2025-09-06,Football_LineMovement_v1,65.5,-3.0,,,0.0,0.0,0
d617ea38af0130201ac40d901bf13d0f,2025-09-06,Football_MarketBlend_v1,65.0,-2.75,,UNDER,-0.25,-0.5,0.75
d617ea38af0130201ac40d901bf13d0f,2025-09-06,Football_MarketConsensus_v1,65.5,-3.0,,,0.0,0.0,0
d617ea38af0130201ac40d901bf13d0f,2025-09-06,Football_SpreadValue_v1,65.5,-2.25,AWAY,,-0.75,0.0,0.75
d617ea38af0130201ac40d901bf13d0f,2025-09-06,Football_TotalValue_v1,64.5,-3.0,,UNDER,0.0,-1.0,1.0
d652c7bc0594f13ef0a2a04e31ef5666,2026-09-12,Football_KeyNumberGuard_v1,69.5,2.5,,,0.0,0.0,0
d652c7bc0594f13ef0a2a04e31ef5666,2026-09-12,Football_LineMovement_v1,69.5,2.5,,,0.0,0.0,0
d652c7bc0594f13ef0a2a04e31ef5666,2026-09-12,Football_MarketBlend_v1,69.0,2.25,,UNDER,0.25,-0.5,0.75
d652c7bc0594f13ef0a2a04e31ef5666,2026-09-12,Football_MarketConsensus_v1,69.5,2.5,,,0.0,0.0,0
d652c7bc0594f13ef0a2a04e31ef5666,2026-09-12,Football_SpreadValue_v1,69.5,1.75,HOME,,0.75,0.0,0.75
d652c7bc0594f13ef0a2a04e31ef5666,2026-09-12,Football_TotalValue_v1,68.5,2.5,,UNDER,0.0,-1.0,1.0
d65896e25870aebe734b5c277d80b725,2025-10-11,Football_KeyNumberGuard_v1,45.5,-17.5,,,0.0,0.0,0
d65896e25870aebe734b5c277d80b725,2025-10-11,Football_LineMovement_v1,45.5,-17.5,,,0.0,0.0,0
d65896e25870aebe734b5c277d80b725,2025-10-11,Football_MarketBlend_v1,45.0,-17.25,AWAY,UNDER,-0.25,-0.5,0.75
d65896e25870aebe734b5c277d80b725,2025-10-11,Football_MarketConsensus_v1,45.5,-17.5,,,0.0,0.0,0
d65896e25870aebe734b5c277d80b725,2025-10-11,Football_SpreadValue_v1,45.5,-16.75,AWAY,,-0.75,0.0,0.75
d65896e25870aebe734b5c277d80b725,2025-10-11,Football_TotalValue_v1,44.5,-17.5,,UNDER,0.0,-1.0,1.0
d666a11a38728da38c8404862f2ca14e,2025-11-01,Football_KeyNumberGuard_v1,51.75,7.0,,,0.0,0.0,0
d666a11a38728da38c8404862f2ca14e,2025-11-01,Football_LineMovement_v1,51.75,7.0,,,0.0,0.0,0
d666a11a38728da38c8404862f2ca14e,2025-11-01,Football_MarketBlend_v1,51.25,6.75,,UNDER,0.25,-0.5,0.75
d666a11a38728da38c8404862f2ca14e,2025-11-01,Football_MarketConsensus_v1,51.75,7.0,,,0.0,0.0,0
d666a11a38728da38c8404862f2ca14e,2025-11-01,Football_SpreadValue_v1,51.75,6.25,HOME,,0.75,0.0,0.75
d666a11a38728da38c8404862f2ca14e,2025-11-01,Football_TotalValue_v1,50.75,7.0,,UNDER,0.0,-1.0,1.0
d66929ae5687924dabdd2c8b06593a44,2025-08-31,Football_KeyNumberGuard_v1,56.5,-14.0,,,0.0,0.0,0
d66929ae5687924dabdd2c8b06593a44,2025-08-31,Football_LineMovement_v1,56.5,-14.0,,,0.0,0.0,0
d66929ae5687924dabdd2c8b06593a44,2025-08-31,Football_MarketBlend_v1,56.0,-13.75,AWAY,UNDER,-0.25,-0.5,0.75
d66929ae5687924dabdd2c8b06593a44,2025-08-31,Football_MarketConsensus_v1,56.5,-14.0,,,0.0,0.0,0
d66929ae5687924dabdd2c8b06593a44,2025-08-31,Football_SpreadValue_v1,56.5,-13.25,AWAY,,-0.75,0.0,0.75
d66929ae5687924dabdd2c8b06593a44,2025-08-31,Football_TotalValue_v1,55.5,-14.0,,UNDER,0.0,-1.0,1.0
d69912e6f6817c68ca7871d0c47722a8,2025-09-27,Football_KeyNumberGuard_v1,49.5,-3.0,,,0.0,0.0,0
d69912e6f6817c68ca7871d0c47722a8,2025-09-27,Football_LineMovement_v1,49.5,-3.0,,,0.0,0.0,0
d69912e6f6817c68ca7871d0c47722a8,2025-09-27,Football_MarketBlend_v1,49.0,-2.75,,UNDER,-0.25,-0.5,0.75
d69912e6f6817c68ca7871d0c47722a8,2025-09-27,Football_MarketConsensus_v1,49.5,-3.0,,,0.0,0.0,0
d69912e6f6817c68ca7871d0c47722a8,2025-09-27,Football_SpreadValue_v1,49.5,-2.25,AWAY,,-0.75,0.0,0.75
d69912e6f6817c68ca7871d0c47722a8,2025-09-27,Football_TotalValue_v1,48.5,-3.0,,UNDER,0.0,-1.0,1.0
d6d5e5483a3441fbe03027ae75861a88,2025-10-03,Football_KeyNumberGuard_v1,53.5,2.0,,,0.0,0.0,0
d6d5e5483a3441fbe03027ae75861a88,2025-10-03,Football_LineMovement_v1,53.5,2.0,,,0.0,0.0,0
d6d5e5483a3441fbe03027ae75861a88,2025-10-03,Football_MarketBlend_v1,53.0,1.75,HOME,UNDER,0.25,-0.5,0.75
d6d5e5483a3441fbe03027ae75861a88,2025-10-03,Football_MarketConsensus_v1,53.5,2.0,,,0.0,0.0,0
d6d5e5483a3441fbe03027ae75861a88,2025-10-03,Football_SpreadValue_v1,53.5,1.25,HOME,,0.75,0.0,0.75
d6d5e5483a3441fbe03027ae75861a88,2025-10-03,Football_TotalValue_v1,52.5,2.0,,UNDER,0.0,-1.0,1.0
d71b8c6e0faec78e166823b1b3fa22b0,2026-09-12,Football_KeyNumberGuard_v1,54.5,-42.5,,,0.0,0.0,0
d71b8c6e0faec78e166823b1b3fa22b0,2026-09-12,Football_LineMovement_v1,54.5,-42.5,,,0.0,0.0,0
d71b8c6e0faec78e166823b1b3fa22b0,2026-09-12,Football_MarketBlend_v1,54.0,-42.25,AWAY,UNDER,-0.25,-0.5,0.75
d71b8c6e0faec78e166823b1b3fa22b0,2026-09-12,Football_MarketConsensus_v1,54.5,-42.5,,,0.0,0.0,0
d71b8c6e0faec78e166823b1b3fa22b0,2026-09-12,Football_SpreadValue_v1,54.5,-41.75,AWAY,,-0.75,0.0,0.75
d71b8c6e0faec78e166823b1b3fa22b0,2026-09-12,Football_TotalValue_v1,53.5,-42.5,,UNDER,0.0,-1.0,1.0
d7240ebe1bb46d3db3bb15d267cae7de,2025-09-13,Football_KeyNumberGuard_v1,49.5,-29.5,,,0.0,0.0,0
d7240ebe1bb46d3db3bb15d267cae7de,2025-09-13,Football_LineMovement_v1,49.5,-29.5,,,0.0,0.0,0
d7240ebe1bb46d3db3bb15d267cae7de,2025-09-13,Football_MarketBlend_v1,49.0,-29.25,AWAY,UNDER,-0.25,-0.5,0.75
d7240ebe1bb46d3db3bb15d267cae7de,2025-09-13,Football_MarketConsensus_v1,49.5,-29.5,,,0.0,0.0,0
d7240ebe1bb46d3db3bb15d267cae7de,2025-09-13,Football_SpreadValue_v1,49.5,-28.75,AWAY,,-0.75,0.0,0.75
d7240ebe1bb46d3db3bb15d267cae7de,2025-09-13,Football_TotalValue_v1,48.5,-29.5,,UNDER,0.0,-1.0,1.0
d7402904994b361eb19c9e7d1c46c221,2025-09-27,Football_KeyNumberGuard_v1,51.5,-3.75,,,0.0,0.0,0
d7402904994b361eb19c9e7d1c46c221,2025-09-27,Football_LineMovement_v1,51.5,-3.75,,,0.0,0.0,0
d7402904994b361eb19c9e7d1c46c221,2025-09-27,Football_MarketBlend_v1,51.0,-3.5,AWAY,UNDER,-0.25,-0.5,0.75
d7402904994b361eb19c9e7d1c46c221,2025-09-27,Football_MarketConsensus_v1,51.5,-3.75,,,0.0,0.0,0
d7402904994b361eb19c9e7d1c46c221,2025-09-27,Football_SpreadValue_v1,51.5,-3.0,AWAY,,-0.75,0.0,0.75
d7402904994b361eb19c9e7d1c46c221,2025-09-27,Football_TotalValue_v1,50.5,-3.75,,UNDER,0.0,-1.0,1.0
d7806b87557fe332494d34ef1ad1cdc2,2025-12-20,Football_KeyNumberGuard_v1,44.5,5.5,,,0.0,0.0,0
d7806b87557fe332494d34ef1ad1cdc2,2025-12-20,Football_LineMovement_v1,44.5,5.5,,,0.0,0.0,0
d7806b87557fe332494d34ef1ad1cdc2,2025-12-20,Football_MarketBlend_v1,44.5,5.5,,,0.0,0.0,0
d7806b87557fe332494d34ef1ad1cdc2,2025-12-20,Football_MarketConsensus_v1,44.5,5.5,,,0.0,0.0,0
d7806b87557fe332494d34ef1ad1cdc2,2025-12-20,Football_SpreadValue_v1,44.5,5.5,,,0.0,0.0,0
d7806b87557fe332494d34ef1ad1cdc2,2025-12-20,Football_TotalValue_v1,44.5,5.5,,,0.0,0.0,0
d7ab1b23eca061461501011f6d913b89,2025-08-28,Football_KeyNumberGuard_v1,53.5,-21.5,,,0.0,0.0,0
d7ab1b23eca061461501011f6d913b89,2025-08-28,Football_LineMovement_v1,53.5,-21.5,,,0.0,0.0,0
d7ab1b23eca061461501011f6d913b89,2025-08-28,Football_MarketBlend_v1,53.0,-21.25,AWAY,UNDER,-0.25,-0.5,0.75
d7ab1b23eca061461501011f6d913b89,2025-08-28,Football_MarketConsensus_v1,53.5,-21.5,,,0.0,0.0,0
d7ab1b23eca061461501011f6d913b89,2025-08-28,Football_SpreadValue_v1,53.5,-20.75,AWAY,,-0.75,0.0,0.75
d7ab1b23eca061461501011f6d913b89,2025-08-28,Football_TotalValue_v1,52.5,-21.5,,UNDER,0.0,-1.0,1.0
d818fb3e1ad167a0802887763f7699e8,2025-08-31,Football_KeyNumberGuard_v1,48.5,-10.75,,,0.0,0.0,0
d818fb3e1ad167a0802887763f7699e8,2025-08-31,Football_LineMovement_v1,48.5,-10.75,,,0.0,0.0,0
d818fb3e1ad167a0802887763f7699e8,2025-08-31,Football_MarketBlend_v1,48.0,-10.5,AWAY,UNDER,-0.25,-0.5,0.75
d818fb3e1ad167a0802887763f7699e8,2025-08-31,Football_MarketConsensus_v1,48.5,-10.75,,,0.0,0.0,0
d818fb3e1ad167a0802887763f7699e8,2025-08-31,Football_SpreadValue_v1,48.5,-10.0,AWAY,,-0.75,0.0,0.75
d818fb3e1ad167a0802887763f7699e8,2025-08-31,Football_TotalValue_v1,47.5,-10.75,,UNDER,0.0,-1.0,1.0
d86064b6f9a69da0f1fe77f95eafcfd8,2025-11-15,Football_KeyNumberGuard_v1,50.5,20.0,,,0.0,0.0,0
d86064b6f9a69da0f1fe77f95eafcfd8,2025-11-15,Football_LineMovement_v1,50.5,20.0,,,0.0,0.0,0
d86064b6f9a69da0f1fe77f95eafcfd8,2025-11-15,Football_MarketBlend_v1,50.0,19.75,HOME,UNDER,0.25,-0.5,0.75
d86064b6f9a69da0f1fe77f95eafcfd8,2025-11-15,Football_MarketConsensus_v1,50.5,20.0,,,0.0,0.0,0
d86064b6f9a69da0f1fe77f95eafcfd8,2025-11-15,Football_SpreadValue_v1,50.5,19.25,HOME,,0.75,0.0,0.75
d86064b6f9a69da0f1fe77f95eafcfd8,2025-11-15,Football_TotalValue_v1,49.5,20.0,,UNDER,0.0,-1.0,1.0
d87fbc40deede78fd9497d87a0e2e225,2025-10-11,Football_KeyNumberGuard_v1,48.5,-10.0,,,0.0,0.0,0
d87fbc40deede78fd9497d87a0e2e225,2025-10-11,Football_LineMovement_v1,48.5,-10.0,,,0.0,0.0,0
d87fbc40deede78fd9497d87a0e2e225,2025-10-11,Football_MarketBlend_v1,48.0,-9.75,,UNDER,-0.25,-0.5,0.75
d87fbc40deede78fd9497d87a0e2e225,2025-10-11,Football_MarketConsensus_v1,48.5,-10.0,,,0.0,0.0,0
d87fbc40deede78fd9497d87a0e2e225,2025-10-11,Football_SpreadValue_v1,48.5,-9.25,AWAY,,-0.75,0.0,0.75
d87fbc40deede78fd9497d87a0e2e225,2025-10-11,Football_TotalValue_v1,47.5,-10.0,,UNDER,0.0,-1.0,1.0
d9708069a1f10ee1e65510b3ddcf2a21,2025-12-26,Football_KeyNumberGuard_v1,43.0,-10.5,,,0.0,0.0,0
d9708069a1f10ee1e65510b3ddcf2a21,2025-12-26,Football_LineMovement_v1,43.0,-10.5,,,0.0,0.0,0
d9708069a1f10ee1e65510b3ddcf2a21,2025-12-26,Football_MarketBlend_v1,43.5,-10.25,,OVER,-0.25,0.5,0.75
d9708069a1f10ee1e65510b3ddcf2a21,2025-12-26,Football_MarketConsensus_v1,43.0,-10.5,,,0.0,0.0,0
d9708069a1f10ee1e65510b3ddcf2a21,2025-12-26,Football_SpreadValue_v1,43.0,-9.75,AWAY,,-0.75,0.0,0.75
d9708069a1f10ee1e65510b3ddcf2a21,2025-12-26,Football_TotalValue_v1,44.0,-10.5,,OVER,0.0,1.0,1.0
d9d7e0d0a40be472b39e0d0c54e13633,2025-10-11,Football_KeyNumberGuard_v1,45.5,11.0,,,0.0,0.0,0
d9d7e0d0a40be472b39e0d0c54e13633,2025-10-11,Football_LineMovement_v1,45.5,11.0,,,0.0,0.0,0
d9d7e0d0a40be472b39e0d0c54e13633,2025-10-11,Football_MarketBlend_v1,45.0,10.75,HOME,UNDER,0.25,-0.5,0.75
d9d7e0d0a40be472b39e0d0c54e13633,2025-10-11,Football_MarketConsensus_v1,45.5,11.0,,,0.0,0.0,0
d9d7e0d0a40be472b39e0d0c54e13633,2025-10-11,Football_SpreadValue_v1,45.5,10.25,HOME,,0.75,0.0,0.75
d9d7e0d0a40be472b39e0d0c54e13633,2025-10-11,Football_TotalValue_v1,44.5,11.0,,UNDER,0.0,-1.0,1.0
da5a19b5f8e8746e71279c368fddfec8,2025-11-22,Football_KeyNumberGuard_v1,59.5,6.5,,,0.0,0.0,0
da5a19b5f8e8746e71279c368fddfec8,2025-11-22,Football_LineMovement_v1,59.5,6.5,,,0.0,0.0,0
da5a19b5f8e8746e71279c368fddfec8,2025-11-22,Football_MarketBlend_v1,59.0,6.25,,UNDER,0.25,-0.5,0.75
da5a19b5f8e8746e71279c368fddfec8,2025-11-22,Football_MarketConsensus_v1,59.5,6.5,,,0.0,0.0,0
da5a19b5f8e8746e71279c368fddfec8,2025-11-22,Football_SpreadValue_v1,59.5,5.75,HOME,,0.75,0.0,0.75
da5a19b5f8e8746e71279c368fddfec8,2025-11-22,Football_TotalValue_v1,58.5,6.5,,UNDER,0.0,-1.0,1.0
da9a26d1e98cd30b4be15e216bb95291,2025-11-23,Football_KeyNumberGuard_v1,51.0,-2.5,,,0.0,0.0,0
da9a26d1e98cd30b4be15e216bb95291,2025-11-23,Football_LineMovement_v1,51.0,-2.5,,,0.0,0.0,0
da9a26d1e98cd30b4be15e216bb95291,2025-11-23,Football_MarketBlend_v1,50.5,-2.25,,UNDER,-0.25,-0.5,0.75
da9a26d1e98cd30b4be15e216bb95291,2025-11-23,Football_MarketConsensus_v1,51.0,-2.5,,,0.0,0.0,0
da9a26d1e98cd30b4be15e216bb95291,2025-11-23,Football_SpreadValue_v1,51.0,-1.75,AWAY,,-0.75,0.0,0.75
da9a26d1e98cd30b4be15e216bb95291,2025-11-23,Football_TotalValue_v1,50.0,-2.5,,UNDER,0.0,-1.0,1.0
dacf20288266d28c38b2f5d2a59a4a4d,2025-11-01,Football_KeyNumberGuard_v1,48.25,0.5,,,0.0,0.0,0
dacf20288266d28c38b2f5d2a59a4a4d,2025-11-01,Football_LineMovement_v1,48.25,0.5,,,0.0,0.0,0
dacf20288266d28c38b2f5d2a59a4a4d,2025-11-01,Football_MarketBlend_v1,47.75,0.25,HOME,UNDER,0.25,-0.5,0.75
dacf20288266d28c38b2f5d2a59a4a4d,2025-11-01,Football_MarketConsensus_v1,48.25,0.5,,,0.0,0.0,0
dacf20288266d28c38b2f5d2a59a4a4d,2025-11-01,Football_SpreadValue_v1,48.25,-0.25,HOME,,0.75,0.0,0.75
dacf20288266d28c38b2f5d2a59a4a4d,2025-11-01,Football_TotalValue_v1,47.25,0.5,,UNDER,0.0,-1.0,1.0
db05b8a09b0efd8546a13a2cb5e457fc,2026-09-12,Football_KeyNumberGuard_v1,50.0,-17.5,,,0.0,0.0,0
db05b8a09b0efd8546a13a2cb5e457fc,2026-09-12,Football_LineMovement_v1,50.0,-17.5,,,0.0,0.0,0
db05b8a09b0efd8546a13a2cb5e457fc,2026-09-12,Football_MarketBlend_v1,49.5,-17.25,AWAY,UNDER,-0.25,-0.5,0.75
db05b8a09b0efd8546a13a2cb5e457fc,2026-09-12,Football_MarketConsensus_v1,50.0,-17.5,,,0.0,0.0,0
db05b8a09b0efd8546a13a2cb5e457fc,2026-09-12,Football_SpreadValue_v1,50.0,-16.75,AWAY,,-0.75,0.0,0.75
db05b8a09b0efd8546a13a2cb5e457fc,2026-09-12,Football_TotalValue_v1,49.0,-17.5,,UNDER,0.0,-1.0,1.0
db441b5da7cf49c5de57f49bff11d8ec,2025-11-29,Football_KeyNumberGuard_v1,43.0,-13.5,,,0.0,0.0,0
db441b5da7cf49c5de57f49bff11d8ec,2025-11-29,Football_LineMovement_v1,43.0,-13.5,,,0.0,0.0,0
db441b5da7cf49c5de57f49bff11d8ec,2025-11-29,Football_MarketBlend_v1,43.5,-13.25,AWAY,OVER,-0.25,0.5,0.75
db441b5da7cf49c5de57f49bff11d8ec,2025-11-29,Football_MarketConsensus_v1,43.0,-13.5,,,0.0,0.0,0
db441b5da7cf49c5de57f49bff11d8ec,2025-11-29,Football_SpreadValue_v1,43.0,-12.75,AWAY,,-0.75,0.0,0.75
db441b5da7cf49c5de57f49bff11d8ec,2025-11-29,Football_TotalValue_v1,44.0,-13.5,,OVER,0.0,1.0,1.0
dbc3a87d503d63341ab1d1229c196ce6,2025-10-10,Football_KeyNumberGuard_v1,59.5,3.5,,,0.0,0.0,0
dbc3a87d503d63341ab1d1229c196ce6,2025-10-10,Football_LineMovement_v1,59.5,3.5,,,0.0,0.0,0
dbc3a87d503d63341ab1d1229c196ce6,2025-10-10,Football_MarketBlend_v1,59.0,3.25,,UNDER,0.25,-0.5,0.75
dbc3a87d503d63341ab1d1229c196ce6,2025-10-10,Football_MarketConsensus_v1,59.5,3.5,,,0.0,0.0,0
dbc3a87d503d63341ab1d1229c196ce6,2025-10-10,Football_SpreadValue_v1,59.5,2.75,HOME,,0.75,0.0,0.75
dbc3a87d503d63341ab1d1229c196ce6,2025-10-10,Football_TotalValue_v1,58.5,3.5,,UNDER,0.0,-1.0,1.0
dbcfc3184e20d1ea45e910b89585071f,2026-09-19,Football_KeyNumberGuard_v1,56.5,-1.5,,,0.0,0.0,0
dbcfc3184e20d1ea45e910b89585071f,2026-09-19,Football_LineMovement_v1,56.5,-1.5,,,0.0,0.0,0
dbcfc3184e20d1ea45e910b89585071f,2026-09-19,Football_MarketBlend_v1,56.5,-1.5,,,0.0,0.0,0
dbcfc3184e20d1ea45e910b89585071f,2026-09-19,Football_MarketConsensus_v1,56.5,-1.5,,,0.0,0.0,0
dbcfc3184e20d1ea45e910b89585071f,2026-09-19,Football_SpreadValue_v1,56.5,-1.5,,,0.0,0.0,0
dbcfc3184e20d1ea45e910b89585071f,2026-09-19,Football_TotalValue_v1,56.5,-1.5,,,0.0,0.0,0
dcc22d82135f6b6d80b76b7af4b89b5f,2025-11-15,Football_KeyNumberGuard_v1,52.5,-21.0,,,0.0,0.0,0
dcc22d82135f6b6d80b76b7af4b89b5f,2025-11-15,Football_LineMovement_v1,52.5,-21.0,,,0.0,0.0,0
dcc22d82135f6b6d80b76b7af4b89b5f,2025-11-15,Football_MarketBlend_v1,52.0,-20.75,AWAY,UNDER,-0.25,-0.5,0.75
dcc22d82135f6b6d80b76b7af4b89b5f,2025-11-15,Football_MarketConsensus_v1,52.5,-21.0,,,0.0,0.0,0
dcc22d82135f6b6d80b76b7af4b89b5f,2025-11-15,Football_SpreadValue_v1,52.5,-20.25,AWAY,,-0.75,0.0,0.75
dcc22d82135f6b6d80b76b7af4b89b5f,2025-11-15,Football_TotalValue_v1,51.5,-21.0,,UNDER,0.0,-1.0,1.0
dcd183de7cecb414ad6e23d5de9c57cc,2025-11-22,Football_KeyNumberGuard_v1,55.0,-1.5,,,0.0,0.0,0
dcd183de7cecb414ad6e23d5de9c57cc,2025-11-22,Football_LineMovement_v1,55.0,-1.5,,,0.0,0.0,0
dcd183de7cecb414ad6e23d5de9c57cc,2025-11-22,Football_MarketBlend_v1,54.5,-1.25,AWAY,UNDER,-0.25,-0.5,0.75
dcd183de7cecb414ad6e23d5de9c57cc,2025-11-22,Football_MarketConsensus_v1,55.0,-1.5,,,0.0,0.0,0
dcd183de7cecb414ad6e23d5de9c57cc,2025-11-22,Football_SpreadValue_v1,55.0,-0.75,AWAY,,-0.75,0.0,0.75
dcd183de7cecb414ad6e23d5de9c57cc,2025-11-22,Football_TotalValue_v1,54.0,-1.5,,UNDER,0.0,-1.0,1.0
dd26f75c6a8efab5ecb852bbfa85ef6c,2026-09-12,Football_KeyNumberGuard_v1,53.0,-16.5,,,0.0,0.0,0
dd26f75c6a8efab5ecb852bbfa85ef6c,2026-09-12,Football_LineMovement_v1,53.0,-16.5,,,0.0,0.0,0
dd26f75c6a8efab5ecb852bbfa85ef6c,2026-09-12,Football_MarketBlend_v1,52.5,-16.25,AWAY,UNDER,-0.25,-0.5,0.75
dd26f75c6a8efab5ecb852bbfa85ef6c,2026-09-12,Football_MarketConsensus_v1,53.0,-16.5,,,0.0,0.0,0
dd26f75c6a8efab5ecb852bbfa85ef6c,2026-09-12,Football_SpreadValue_v1,53.0,-15.75,AWAY,,-0.75,0.0,0.75
dd26f75c6a8efab5ecb852bbfa85ef6c,2026-09-12,Football_TotalValue_v1,52.0,-16.5,,UNDER,0.0,-1.0,1.0
dd516b114a67242fa7d18b57158981a6,2025-09-07,Football_KeyNumberGuard_v1,53.5,-27.5,,,0.0,0.0,0
dd516b114a67242fa7d18b57158981a6,2025-09-07,Football_LineMovement_v1,53.5,-27.5,,,0.0,0.0,0
dd516b114a67242fa7d18b57158981a6,2025-09-07,Football_MarketBlend_v1,53.0,-27.25,AWAY,UNDER,-0.25,-0.5,0.75
dd516b114a67242fa7d18b57158981a6,2025-09-07,Football_MarketConsensus_v1,53.5,-27.5,,,0.0,0.0,0
dd516b114a67242fa7d18b57158981a6,2025-09-07,Football_SpreadValue_v1,53.5,-26.75,AWAY,,-0.75,0.0,0.75
dd516b114a67242fa7d18b57158981a6,2025-09-07,Football_TotalValue_v1,52.5,-27.5,,UNDER,0.0,-1.0,1.0
dd880570288831c4fc55cb68f19f9667,2026-09-12,Football_KeyNumberGuard_v1,55.5,-7.0,,,0.0,0.0,0
dd880570288831c4fc55cb68f19f9667,2026-09-12,Football_LineMovement_v1,55.5,-7.0,,,0.0,0.0,0
dd880570288831c4fc55cb68f19f9667,2026-09-12,Football_MarketBlend_v1,55.0,-6.75,,UNDER,-0.25,-0.5,0.75
dd880570288831c4fc55cb68f19f9667,2026-09-12,Football_MarketConsensus_v1,55.5,-7.0,,,0.0,0.0,0
dd880570288831c4fc55cb68f19f9667,2026-09-12,Football_SpreadValue_v1,55.5,-6.25,AWAY,,-0.75,0.0,0.75
dd880570288831c4fc55cb68f19f9667,2026-09-12,Football_TotalValue_v1,54.5,-7.0,,UNDER,0.0,-1.0,1.0
de7677c8d3b8855223812d92b7933bb0,2025-11-22,Football_KeyNumberGuard_v1,54.0,7.5,,,0.0,0.0,0
de7677c8d3b8855223812d92b7933bb0,2025-11-22,Football_LineMovement_v1,54.0,7.5,,,0.0,0.0,0
de7677c8d3b8855223812d92b7933bb0,2025-11-22,Football_MarketBlend_v1,53.5,7.25,,UNDER,0.25,-0.5,0.75
de7677c8d3b8855223812d92b7933bb0,2025-11-22,Football_MarketConsensus_v1,54.0,7.5,,,0.0,0.0,0
de7677c8d3b8855223812d92b7933bb0,2025-11-22,Football_SpreadValue_v1,54.0,6.75,HOME,,0.75,0.0,0.75
de7677c8d3b8855223812d92b7933bb0,2025-11-22,Football_TotalValue_v1,53.0,7.5,,UNDER,0.0,-1.0,1.0
debf2f1ee7f3bd2c48255b4f1c06a4db,2025-11-01,Football_KeyNumberGuard_v1,42.0,-10.5,,,0.0,0.0,0
debf2f1ee7f3bd2c48255b4f1c06a4db,2025-11-01,Football_LineMovement_v1,42.0,-10.5,,,0.0,0.0,0
debf2f1ee7f3bd2c48255b4f1c06a4db,2025-11-01,Football_MarketBlend_v1,42.5,-10.25,,OVER,-0.25,0.5,0.75
debf2f1ee7f3bd2c48255b4f1c06a4db,2025-11-01,Football_MarketConsensus_v1,42.0,-10.5,,,0.0,0.0,0
debf2f1ee7f3bd2c48255b4f1c06a4db,2025-11-01,Football_SpreadValue_v1,42.0,-9.75,AWAY,,-0.75,0.0,0.75
debf2f1ee7f3bd2c48255b4f1c06a4db,2025-11-01,Football_TotalValue_v1,43.0,-10.5,,OVER,0.0,1.0,1.0
df569f05eeee15a5fdf95bd5ce086d6d,2026-09-06,Football_KeyNumberGuard_v1,55.5,3.0,,,0.0,0.0,0
df569f05eeee15a5fdf95bd5ce086d6d,2026-09-06,Football_LineMovement_v1,55.5,3.0,,,0.0,0.0,0
df569f05eeee15a5fdf95bd5ce086d6d,2026-09-06,Football_MarketBlend_v1,55.0,2.75,,UNDER,0.25,-0.5,0.75
df569f05eeee15a5fdf95bd5ce086d6d,2026-09-06,Football_MarketConsensus_v1,55.5,3.0,,,0.0,0.0,0
df569f05eeee15a5fdf95bd5ce086d6d,2026-09-06,Football_SpreadValue_v1,55.5,2.25,HOME,,0.75,0.0,0.75
df569f05eeee15a5fdf95bd5ce086d6d,2026-09-06,Football_TotalValue_v1,54.5,3.0,,UNDER,0.0,-1.0,1.0
df5bb6e14637f00bfb4cdcf30c97eef7,2025-11-08,Football_KeyNumberGuard_v1,51.0,-1.0,,,0.0,0.0,0
df5bb6e14637f00bfb4cdcf30c97eef7,2025-11-08,Football_LineMovement_v1,51.0,-1.0,,,0.0,0.0,0
df5bb6e14637f00bfb4cdcf30c97eef7,2025-11-08,Football_MarketBlend_v1,50.5,-0.75,AWAY,UNDER,-0.25,-0.5,0.75
df5bb6e14637f00bfb4cdcf30c97eef7,2025-11-08,Football_MarketConsensus_v1,51.0,-1.0,,,0.0,0.0,0
df5bb6e14637f00bfb4cdcf30c97eef7,2025-11-08,Football_SpreadValue_v1,51.0,-0.25,AWAY,,-0.75,0.0,0.75
df5bb6e14637f00bfb4cdcf30c97eef7,2025-11-08,Football_TotalValue_v1,50.0,-1.0,,UNDER,0.0,-1.0,1.0
df7f1ccceef734c9353bcd44a4236601,2025-09-13,Football_KeyNumberGuard_v1,44.5,-35.0,,,0.0,0.0,0
df7f1ccceef734c9353bcd44a4236601,2025-09-13,Football_LineMovement_v1,44.5,-35.0,,,0.0,0.0,0
df7f1ccceef734c9353bcd44a4236601,2025-09-13,Football_MarketBlend_v1,45.0,-34.75,AWAY,OVER,-0.25,0.5,0.75
df7f1ccceef734c9353bcd44a4236601,2025-09-13,Football_MarketConsensus_v1,44.5,-35.0,,,0.0,0.0,0
df7f1ccceef734c9353bcd44a4236601,2025-09-13,Football_SpreadValue_v1,44.5,-34.25,AWAY,,-0.75,0.0,0.75
df7f1ccceef734c9353bcd44a4236601,2025-09-13,Football_TotalValue_v1,45.5,-35.0,,OVER,0.0,1.0,1.0
e007d238425b17b08d195dd9c64deb80,2025-11-01,Football_KeyNumberGuard_v1,68.5,-6.5,,,0.0,0.0,0
e007d238425b17b08d195dd9c64deb80,2025-11-01,Football_LineMovement_v1,68.5,-6.5,,,0.0,0.0,0
e007d238425b17b08d195dd9c64deb80,2025-11-01,Football_MarketBlend_v1,68.0,-6.25,,UNDER,-0.25,-0.5,0.75
e007d238425b17b08d195dd9c64deb80,2025-11-01,Football_MarketConsensus_v1,68.5,-6.5,,,0.0,0.0,0
e007d238425b17b08d195dd9c64deb80,2025-11-01,Football_SpreadValue_v1,68.5,-5.75,AWAY,,-0.75,0.0,0.75
e007d238425b17b08d195dd9c64deb80,2025-11-01,Football_TotalValue_v1,67.5,-6.5,,UNDER,0.0,-1.0,1.0
e00feee7bbead345df02792e1dc79972,2026-09-12,Football_KeyNumberGuard_v1,58.5,-32.5,,,0.0,0.0,0
e00feee7bbead345df02792e1dc79972,2026-09-12,Football_LineMovement_v1,58.5,-32.5,,,0.0,0.0,0
e00feee7bbead345df02792e1dc79972,2026-09-12,Football_MarketBlend_v1,58.0,-32.25,AWAY,UNDER,-0.25,-0.5,0.75
e00feee7bbead345df02792e1dc79972,2026-09-12,Football_MarketConsensus_v1,58.5,-32.5,,,0.0,0.0,0
e00feee7bbead345df02792e1dc79972,2026-09-12,Football_SpreadValue_v1,58.5,-31.75,AWAY,,-0.75,0.0,0.75
e00feee7bbead345df02792e1dc79972,2026-09-12,Football_TotalValue_v1,57.5,-32.5,,UNDER,0.0,-1.0,1.0
e0208223bb8f700332d996c99c787f92,2025-11-06,Football_KeyNumberGuard_v1,47.5,-2.5,,,0.0,0.0,0
e0208223bb8f700332d996c99c787f92,2025-11-06,Football_LineMovement_v1,47.5,-2.5,,,0.0,0.0,0
e0208223bb8f700332d996c99c787f92,2025-11-06,Football_MarketBlend_v1,47.0,-2.25,,UNDER,-0.25,-0.5,0.75
e0208223bb8f700332d996c99c787f92,2025-11-06,Football_MarketConsensus_v1,47.5,-2.5,,,0.0,0.0,0
e0208223bb8f700332d996c99c787f92,2025-11-06,Football_SpreadValue_v1,47.5,-1.75,AWAY,,-0.75,0.0,0.75
e0208223bb8f700332d996c99c787f92,2025-11-06,Football_TotalValue_v1,46.5,-2.5,,UNDER,0.0,-1.0,1.0
e050c8ec35a8408df75a681edd27d65c,2025-11-29,Football_KeyNumberGuard_v1,52.5,-3.5,,,0.0,0.0,0
e050c8ec35a8408df75a681edd27d65c,2025-11-29,Football_LineMovement_v1,52.5,-3.5,,,0.0,0.0,0
e050c8ec35a8408df75a681edd27d65c,2025-11-29,Football_MarketBlend_v1,52.0,-3.25,,UNDER,-0.25,-0.5,0.75
e050c8ec35a8408df75a681edd27d65c,2025-11-29,Football_MarketConsensus_v1,52.5,-3.5,,,0.0,0.0,0
e050c8ec35a8408df75a681edd27d65c,2025-11-29,Football_SpreadValue_v1,52.5,-2.75,AWAY,,-0.75,0.0,0.75
e050c8ec35a8408df75a681edd27d65c,2025-11-29,Football_TotalValue_v1,51.5,-3.5,,UNDER,0.0,-1.0,1.0
e06151a147cb4d93456e732ad2013a3e,2025-10-11,Football_KeyNumberGuard_v1,56.5,-2.5,,,0.0,0.0,0
e06151a147cb4d93456e732ad2013a3e,2025-10-11,Football_LineMovement_v1,56.5,-2.5,,,0.0,0.0,0
e06151a147cb4d93456e732ad2013a3e,2025-10-11,Football_MarketBlend_v1,56.0,-2.25,,UNDER,-0.25,-0.5,0.75
e06151a147cb4d93456e732ad2013a3e,2025-10-11,Football_MarketConsensus_v1,56.5,-2.5,,,0.0,0.0,0
e06151a147cb4d93456e732ad2013a3e,2025-10-11,Football_SpreadValue_v1,56.5,-1.75,AWAY,,-0.75,0.0,0.75
e06151a147cb4d93456e732ad2013a3e,2025-10-11,Football_TotalValue_v1,55.5,-2.5,,UNDER,0.0,-1.0,1.0
e06ac6b6ae06cd0ab15d16967d2bbed6,2025-08-30,Football_KeyNumberGuard_v1,51.5,-28.25,,,0.0,0.0,0
e06ac6b6ae06cd0ab15d16967d2bbed6,2025-08-30,Football_LineMovement_v1,51.5,-28.25,,,0.0,0.0,0
e06ac6b6ae06cd0ab15d16967d2bbed6,2025-08-30,Football_MarketBlend_v1,51.0,-28.0,AWAY,UNDER,-0.25,-0.5,0.75
e06ac6b6ae06cd0ab15d16967d2bbed6,2025-08-30,Football_MarketConsensus_v1,51.5,-28.25,,,0.0,0.0,0
e06ac6b6ae06cd0ab15d16967d2bbed6,2025-08-30,Football_SpreadValue_v1,51.5,-27.5,AWAY,,-0.75,0.0,0.75
e06ac6b6ae06cd0ab15d16967d2bbed6,2025-08-30,Football_TotalValue_v1,50.5,-28.25,,UNDER,0.0,-1.0,1.0
e07a0fd751788ee54312e351723fba5f,2025-11-22,Football_KeyNumberGuard_v1,58.5,-20.5,,,0.0,0.0,0
e07a0fd751788ee54312e351723fba5f,2025-11-22,Football_LineMovement_v1,58.5,-20.5,,,0.0,0.0,0
e07a0fd751788ee54312e351723fba5f,2025-11-22,Football_MarketBlend_v1,58.0,-20.25,AWAY,UNDER,-0.25,-0.5,0.75
e07a0fd751788ee54312e351723fba5f,2025-11-22,Football_MarketConsensus_v1,58.5,-20.5,,,0.0,0.0,0
e07a0fd751788ee54312e351723fba5f,2025-11-22,Football_SpreadValue_v1,58.5,-19.75,AWAY,,-0.75,0.0,0.75
e07a0fd751788ee54312e351723fba5f,2025-11-22,Football_TotalValue_v1,57.5,-20.5,,UNDER,0.0,-1.0,1.0
e0c04bf1060f22e45123ad9ab379ab2d,2025-10-25,Football_KeyNumberGuard_v1,54.0,-6.5,,,0.0,0.0,0
e0c04bf1060f22e45123ad9ab379ab2d,2025-10-25,Football_LineMovement_v1,54.0,-6.5,,,0.0,0.0,0
e0c04bf1060f22e45123ad9ab379ab2d,2025-10-25,Football_MarketBlend_v1,53.5,-6.25,,UNDER,-0.25,-0.5,0.75
e0c04bf1060f22e45123ad9ab379ab2d,2025-10-25,Football_MarketConsensus_v1,54.0,-6.5,,,0.0,0.0,0
e0c04bf1060f22e45123ad9ab379ab2d,2025-10-25,Football_SpreadValue_v1,54.0,-5.75,AWAY,,-0.75,0.0,0.75
e0c04bf1060f22e45123ad9ab379ab2d,2025-10-25,Football_TotalValue_v1,53.0,-6.5,,UNDER,0.0,-1.0,1.0
e10dad3c927f07d7129982a4a4563de8,2025-10-11,Football_KeyNumberGuard_v1,57.5,-10.5,,,0.0,0.0,0
e10dad3c927f07d7129982a4a4563de8,2025-10-11,Football_LineMovement_v1,57.5,-10.5,,,0.0,0.0,0
e10dad3c927f07d7129982a4a4563de8,2025-10-11,Football_MarketBlend_v1,57.0,-10.25,,UNDER,-0.25,-0.5,0.75
e10dad3c927f07d7129982a4a4563de8,2025-10-11,Football_MarketConsensus_v1,57.5,-10.5,,,0.0,0.0,0
e10dad3c927f07d7129982a4a4563de8,2025-10-11,Football_SpreadValue_v1,57.5,-9.75,AWAY,,-0.75,0.0,0.75
e10dad3c927f07d7129982a4a4563de8,2025-10-11,Football_TotalValue_v1,56.5,-10.5,,UNDER,0.0,-1.0,1.0
e12a027ef3182426888607f1aa77a6bc,2025-09-20,Football_KeyNumberGuard_v1,50.5,-7.5,,,0.0,0.0,0
e12a027ef3182426888607f1aa77a6bc,2025-09-20,Football_LineMovement_v1,50.5,-7.5,,,0.0,0.0,0
e12a027ef3182426888607f1aa77a6bc,2025-09-20,Football_MarketBlend_v1,50.0,-7.25,,UNDER,-0.25,-0.5,0.75
e12a027ef3182426888607f1aa77a6bc,2025-09-20,Football_MarketConsensus_v1,50.5,-7.5,,,0.0,0.0,0
e12a027ef3182426888607f1aa77a6bc,2025-09-20,Football_SpreadValue_v1,50.5,-6.75,AWAY,,-0.75,0.0,0.75
e12a027ef3182426888607f1aa77a6bc,2025-09-20,Football_TotalValue_v1,49.5,-7.5,,UNDER,0.0,-1.0,1.0
e183901d24e9b1d3e750fb8f3c5f2676,2025-10-25,Football_KeyNumberGuard_v1,61.5,-3.0,,,0.0,0.0,0
e183901d24e9b1d3e750fb8f3c5f2676,2025-10-25,Football_LineMovement_v1,61.5,-3.0,,,0.0,0.0,0
e183901d24e9b1d3e750fb8f3c5f2676,2025-10-25,Football_MarketBlend_v1,61.0,-2.75,,UNDER,-0.25,-0.5,0.75
e183901d24e9b1d3e750fb8f3c5f2676,2025-10-25,Football_MarketConsensus_v1,61.5,-3.0,,,0.0,0.0,0
e183901d24e9b1d3e750fb8f3c5f2676,2025-10-25,Football_SpreadValue_v1,61.5,-2.25,AWAY,,-0.75,0.0,0.75
e183901d24e9b1d3e750fb8f3c5f2676,2025-10-25,Football_TotalValue_v1,60.5,-3.0,,UNDER,0.0,-1.0,1.0
e18c1f37c95bf989baf40bc9692ad742,2025-10-26,Football_KeyNumberGuard_v1,49.0,-14.0,,,0.0,0.0,0
e18c1f37c95bf989baf40bc9692ad742,2025-10-26,Football_LineMovement_v1,49.0,-14.0,,,0.0,0.0,0
e18c1f37c95bf989baf40bc9692ad742,2025-10-26,Football_MarketBlend_v1,48.5,-13.75,AWAY,UNDER,-0.25,-0.5,0.75
e18c1f37c95bf989baf40bc9692ad742,2025-10-26,Football_MarketConsensus_v1,49.0,-14.0,,,0.0,0.0,0
e18c1f37c95bf989baf40bc9692ad742,2025-10-26,Football_SpreadValue_v1,49.0,-13.25,AWAY,,-0.75,0.0,0.75
e18c1f37c95bf989baf40bc9692ad742,2025-10-26,Football_TotalValue_v1,48.0,-14.0,,UNDER,0.0,-1.0,1.0
e1a21478d0bb7a47dd4ed8d77f7aebfd,2025-09-13,Football_KeyNumberGuard_v1,56.5,-47.5,,,0.0,0.0,0
e1a21478d0bb7a47dd4ed8d77f7aebfd,2025-09-13,Football_LineMovement_v1,56.5,-47.5,,,0.0,0.0,0
e1a21478d0bb7a47dd4ed8d77f7aebfd,2025-09-13,Football_MarketBlend_v1,56.0,-47.25,AWAY,UNDER,-0.25,-0.5,0.75
e1a21478d0bb7a47dd4ed8d77f7aebfd,2025-09-13,Football_MarketConsensus_v1,56.5,-47.5,,,0.0,0.0,0
e1a21478d0bb7a47dd4ed8d77f7aebfd,2025-09-13,Football_SpreadValue_v1,56.5,-46.75,AWAY,,-0.75,0.0,0.75
e1a21478d0bb7a47dd4ed8d77f7aebfd,2025-09-13,Football_TotalValue_v1,55.5,-47.5,,UNDER,0.0,-1.0,1.0
e1e0f5c2cc82d1255fc57a8637ddc18c,2025-10-11,Football_KeyNumberGuard_v1,37.0,3.5,,,0.0,0.0,0
e1e0f5c2cc82d1255fc57a8637ddc18c,2025-10-11,Football_LineMovement_v1,37.0,3.5,,,0.0,0.0,0
e1e0f5c2cc82d1255fc57a8637ddc18c,2025-10-11,Football_MarketBlend_v1,37.5,3.25,,OVER,0.25,0.5,0.75
e1e0f5c2cc82d1255fc57a8637ddc18c,2025-10-11,Football_MarketConsensus_v1,37.0,3.5,,,0.0,0.0,0
e1e0f5c2cc82d1255fc57a8637ddc18c,2025-10-11,Football_SpreadValue_v1,37.0,2.75,HOME,,0.75,0.0,0.75
e1e0f5c2cc82d1255fc57a8637ddc18c,2025-10-11,Football_TotalValue_v1,38.0,3.5,,OVER,0.0,1.0,1.0
e2280b63997737273801521da2ded119,2026-09-12,Football_KeyNumberGuard_v1,83.5,-77.5,,,0.0,0.0,0
e2280b63997737273801521da2ded119,2026-09-12,Football_LineMovement_v1,83.5,-77.5,,,0.0,0.0,0
e2280b63997737273801521da2ded119,2026-09-12,Football_MarketBlend_v1,83.0,-77.25,AWAY,UNDER,-0.25,-0.5,0.75
e2280b63997737273801521da2ded119,2026-09-12,Football_MarketConsensus_v1,83.5,-77.5,,,0.0,0.0,0
e2280b63997737273801521da2ded119,2026-09-12,Football_SpreadValue_v1,83.5,-76.75,AWAY,,-0.75,0.0,0.75
e2280b63997737273801521da2ded119,2026-09-12,Football_TotalValue_v1,82.5,-77.5,,UNDER,0.0,-1.0,1.0
e29f3c5ebdb03de4f11f032cd29fdc30,2025-09-27,Football_KeyNumberGuard_v1,59.5,4.0,,,0.0,0.0,0
e29f3c5ebdb03de4f11f032cd29fdc30,2025-09-27,Football_LineMovement_v1,59.5,4.0,,,0.0,0.0,0
e29f3c5ebdb03de4f11f032cd29fdc30,2025-09-27,Football_MarketBlend_v1,59.0,3.75,HOME,UNDER,0.25,-0.5,0.75
e29f3c5ebdb03de4f11f032cd29fdc30,2025-09-27,Football_MarketConsensus_v1,59.5,4.0,,,0.0,0.0,0
e29f3c5ebdb03de4f11f032cd29fdc30,2025-09-27,Football_SpreadValue_v1,59.5,3.25,HOME,,0.75,0.0,0.75
e29f3c5ebdb03de4f11f032cd29fdc30,2025-09-27,Football_TotalValue_v1,58.5,4.0,,UNDER,0.0,-1.0,1.0
e2a51da70ed1084d9bce9f024d0a69a0,2025-08-30,Football_KeyNumberGuard_v1,54.5,-42.5,,,0.0,0.0,0
e2a51da70ed1084d9bce9f024d0a69a0,2025-08-30,Football_LineMovement_v1,54.5,-42.5,,,0.0,0.0,0
e2a51da70ed1084d9bce9f024d0a69a0,2025-08-30,Football_MarketBlend_v1,54.0,-42.25,AWAY,UNDER,-0.25,-0.5,0.75
e2a51da70ed1084d9bce9f024d0a69a0,2025-08-30,Football_MarketConsensus_v1,54.5,-42.5,,,0.0,0.0,0
e2a51da70ed1084d9bce9f024d0a69a0,2025-08-30,Football_SpreadValue_v1,54.5,-41.75,AWAY,,-0.75,0.0,0.75
e2a51da70ed1084d9bce9f024d0a69a0,2025-08-30,Football_TotalValue_v1,53.5,-42.5,,UNDER,0.0,-1.0,1.0
e35cf990260dfc344edcde78f6f259a7,2025-09-13,Football_KeyNumberGuard_v1,55.25,-48.5,,,0.0,0.0,0
e35cf990260dfc344edcde78f6f259a7,2025-09-13,Football_LineMovement_v1,55.25,-48.5,,,0.0,0.0,0
e35cf990260dfc344edcde78f6f259a7,2025-09-13,Football_MarketBlend_v1,54.75,-48.25,AWAY,UNDER,-0.25,-0.5,0.75
e35cf990260dfc344edcde78f6f259a7,2025-09-13,Football_MarketConsensus_v1,55.25,-48.5,,,0.0,0.0,0
e35cf990260dfc344edcde78f6f259a7,2025-09-13,Football_SpreadValue_v1,55.25,-47.75,AWAY,,-0.75,0.0,0.75
e35cf990260dfc344edcde78f6f259a7,2025-09-13,Football_TotalValue_v1,54.25,-48.5,,UNDER,0.0,-1.0,1.0
e3a48977017a29c2cb502a1137854747,2026-09-12,Football_KeyNumberGuard_v1,48.0,2.75,,,0.0,0.0,0
e3a48977017a29c2cb502a1137854747,2026-09-12,Football_LineMovement_v1,48.0,2.75,,,0.0,0.0,0
e3a48977017a29c2cb502a1137854747,2026-09-12,Football_MarketBlend_v1,47.5,2.5,,UNDER,0.25,-0.5,0.75
e3a48977017a29c2cb502a1137854747,2026-09-12,Football_MarketConsensus_v1,48.0,2.75,,,0.0,0.0,0
e3a48977017a29c2cb502a1137854747,2026-09-12,Football_SpreadValue_v1,48.0,2.0,HOME,,0.75,0.0,0.75
e3a48977017a29c2cb502a1137854747,2026-09-12,Football_TotalValue_v1,47.0,2.75,,UNDER,0.0,-1.0,1.0
e3bcfd275ce0b20d919ac20c49997962,2025-10-11,Football_KeyNumberGuard_v1,58.5,-32.5,,,0.0,0.0,0
e3bcfd275ce0b20d919ac20c49997962,2025-10-11,Football_LineMovement_v1,58.5,-32.5,,,0.0,0.0,0
e3bcfd275ce0b20d919ac20c49997962,2025-10-11,Football_MarketBlend_v1,58.0,-32.25,AWAY,UNDER,-0.25,-0.5,0.75
e3bcfd275ce0b20d919ac20c49997962,2025-10-11,Football_MarketConsensus_v1,58.5,-32.5,,,0.0,0.0,0
e3bcfd275ce0b20d919ac20c49997962,2025-10-11,Football_SpreadValue_v1,58.5,-31.75,AWAY,,-0.75,0.0,0.75
e3bcfd275ce0b20d919ac20c49997962,2025-10-11,Football_TotalValue_v1,57.5,-32.5,,UNDER,0.0,-1.0,1.0
e3d2cf0a6786b052ff011884e70e1a8d,2025-11-15,Football_KeyNumberGuard_v1,65.5,-3.0,,,0.0,0.0,0
e3d2cf0a6786b052ff011884e70e1a8d,2025-11-15,Football_LineMovement_v1,65.5,-3.0,,,0.0,0.0,0
e3d2cf0a6786b052ff011884e70e1a8d,2025-11-15,Football_MarketBlend_v1,65.0,-2.75,,UNDER,-0.25,-0.5,0.75
e3d2cf0a6786b052ff011884e70e1a8d,2025-11-15,Football_MarketConsensus_v1,65.5,-3.0,,,0.0,0.0,0
e3d2cf0a6786b052ff011884e70e1a8d,2025-11-15,Football_SpreadValue_v1,65.5,-2.25,AWAY,,-0.75,0.0,0.75
e3d2cf0a6786b052ff011884e70e1a8d,2025-11-15,Football_TotalValue_v1,64.5,-3.0,,UNDER,0.0,-1.0,1.0
e3f1c7a8b94a532b18987dfd0c13998e,2025-10-04,Football_KeyNumberGuard_v1,54.5,4.0,,,0.0,0.0,0
e3f1c7a8b94a532b18987dfd0c13998e,2025-10-04,Football_LineMovement_v1,54.5,4.0,,,0.0,0.0,0
e3f1c7a8b94a532b18987dfd0c13998e,2025-10-04,Football_MarketBlend_v1,54.0,3.75,HOME,UNDER,0.25,-0.5,0.75
e3f1c7a8b94a532b18987dfd0c13998e,2025-10-04,Football_MarketConsensus_v1,54.5,4.0,,,0.0,0.0,0
e3f1c7a8b94a532b18987dfd0c13998e,2025-10-04,Football_SpreadValue_v1,54.5,3.25,HOME,,0.75,0.0,0.75
e3f1c7a8b94a532b18987dfd0c13998e,2025-10-04,Football_TotalValue_v1,53.5,4.0,,UNDER,0.0,-1.0,1.0
e42cbc33af5d7a0d0045f0858e3cdf96,2025-09-20,Football_KeyNumberGuard_v1,52.5,-24.5,,,0.0,0.0,0
e42cbc33af5d7a0d0045f0858e3cdf96,2025-09-20,Football_LineMovement_v1,52.5,-24.5,,,0.0,0.0,0
e42cbc33af5d7a0d0045f0858e3cdf96,2025-09-20,Football_MarketBlend_v1,52.0,-24.25,AWAY,UNDER,-0.25,-0.5,0.75
e42cbc33af5d7a0d0045f0858e3cdf96,2025-09-20,Football_MarketConsensus_v1,52.5,-24.5,,,0.0,0.0,0
e42cbc33af5d7a0d0045f0858e3cdf96,2025-09-20,Football_SpreadValue_v1,52.5,-23.75,AWAY,,-0.75,0.0,0.75
e42cbc33af5d7a0d0045f0858e3cdf96,2025-09-20,Football_TotalValue_v1,51.5,-24.5,,UNDER,0.0,-1.0,1.0
e434a92689a2c3329dbac8efa816cc89,2025-11-15,Football_KeyNumberGuard_v1,45.5,-6.0,,,0.0,0.0,0
e434a92689a2c3329dbac8efa816cc89,2025-11-15,Football_LineMovement_v1,45.5,-6.0,,,0.0,0.0,0
e434a92689a2c3329dbac8efa816cc89,2025-11-15,Football_MarketBlend_v1,45.0,-5.75,AWAY,UNDER,-0.25,-0.5,0.75
e434a92689a2c3329dbac8efa816cc89,2025-11-15,Football_MarketConsensus_v1,45.5,-6.0,,,0.0,0.0,0
e434a92689a2c3329dbac8efa816cc89,2025-11-15,Football_SpreadValue_v1,45.5,-5.25,AWAY,,-0.75,0.0,0.75
e434a92689a2c3329dbac8efa816cc89,2025-11-15,Football_TotalValue_v1,44.5,-6.0,,UNDER,0.0,-1.0,1.0
e436c32bc827c2699f7254c2ca5409b0,2025-09-27,Football_KeyNumberGuard_v1,47.25,-5.5,,,0.0,0.0,0
e436c32bc827c2699f7254c2ca5409b0,2025-09-27,Football_LineMovement_v1,47.25,-5.5,,,0.0,0.0,0
e436c32bc827c2699f7254c2ca5409b0,2025-09-27,Football_MarketBlend_v1,46.75,-5.25,AWAY,UNDER,-0.25,-0.5,0.75
e436c32bc827c2699f7254c2ca5409b0,2025-09-27,Football_MarketConsensus_v1,47.25,-5.5,,,0.0,0.0,0
e436c32bc827c2699f7254c2ca5409b0,2025-09-27,Football_SpreadValue_v1,47.25,-4.75,AWAY,,-0.75,0.0,0.75
e436c32bc827c2699f7254c2ca5409b0,2025-09-27,Football_TotalValue_v1,46.25,-5.5,,UNDER,0.0,-1.0,1.0
e44ec327bba08498d83ec6f165b3b571,2025-11-22,Football_KeyNumberGuard_v1,44.5,-3.0,,,0.0,0.0,0
e44ec327bba08498d83ec6f165b3b571,2025-11-22,Football_LineMovement_v1,44.5,-3.0,,,0.0,0.0,0
e44ec327bba08498d83ec6f165b3b571,2025-11-22,Football_MarketBlend_v1,45.0,-2.75,,OVER,-0.25,0.5,0.75
e44ec327bba08498d83ec6f165b3b571,2025-11-22,Football_MarketConsensus_v1,44.5,-3.0,,,0.0,0.0,0
e44ec327bba08498d83ec6f165b3b571,2025-11-22,Football_SpreadValue_v1,44.5,-2.25,AWAY,,-0.75,0.0,0.75
e44ec327bba08498d83ec6f165b3b571,2025-11-22,Football_TotalValue_v1,45.5,-3.0,,OVER,0.0,1.0,1.0
e4921c9abbbc6fad654953b98a917c85,2025-09-06,Football_KeyNumberGuard_v1,52.5,-42.0,,,0.0,0.0,0
e4921c9abbbc6fad654953b98a917c85,2025-09-06,Football_LineMovement_v1,52.5,-42.0,,,0.0,0.0,0
e4921c9abbbc6fad654953b98a917c85,2025-09-06,Football_MarketBlend_v1,52.0,-41.75,AWAY,UNDER,-0.25,-0.5,0.75
e4921c9abbbc6fad654953b98a917c85,2025-09-06,Football_MarketConsensus_v1,52.5,-42.0,,,0.0,0.0,0
e4921c9abbbc6fad654953b98a917c85,2025-09-06,Football_SpreadValue_v1,52.5,-41.25,AWAY,,-0.75,0.0,0.75
e4921c9abbbc6fad654953b98a917c85,2025-09-06,Football_TotalValue_v1,51.5,-42.0,,UNDER,0.0,-1.0,1.0
e4aa139820c2dd11f83027e8cf90077a,2025-10-18,Football_KeyNumberGuard_v1,49.0,-24.5,,,0.0,0.0,0
e4aa139820c2dd11f83027e8cf90077a,2025-10-18,Football_LineMovement_v1,49.0,-24.5,,,0.0,0.0,0
e4aa139820c2dd11f83027e8cf90077a,2025-10-18,Football_MarketBlend_v1,48.5,-24.25,AWAY,UNDER,-0.25,-0.5,0.75
e4aa139820c2dd11f83027e8cf90077a,2025-10-18,Football_MarketConsensus_v1,49.0,-24.5,,,0.0,0.0,0
e4aa139820c2dd11f83027e8cf90077a,2025-10-18,Football_SpreadValue_v1,49.0,-23.75,AWAY,,-0.75,0.0,0.75
e4aa139820c2dd11f83027e8cf90077a,2025-10-18,Football_TotalValue_v1,48.0,-24.5,,UNDER,0.0,-1.0,1.0
e4eae563eb44ef3d6809bf83c6f022ed,2025-12-31,Football_KeyNumberGuard_v1,46.5,-3.0,,,0.0,0.0,0
e4eae563eb44ef3d6809bf83c6f022ed,2025-12-31,Football_LineMovement_v1,46.5,-3.0,,,0.0,0.0,0
e4eae563eb44ef3d6809bf83c6f022ed,2025-12-31,Football_MarketBlend_v1,46.0,-2.75,,UNDER,-0.25,-0.5,0.75
e4eae563eb44ef3d6809bf83c6f022ed,2025-12-31,Football_MarketConsensus_v1,46.5,-3.0,,,0.0,0.0,0
e4eae563eb44ef3d6809bf83c6f022ed,2025-12-31,Football_SpreadValue_v1,46.5,-2.25,AWAY,,-0.75,0.0,0.75
e4eae563eb44ef3d6809bf83c6f022ed,2025-12-31,Football_TotalValue_v1,45.5,-3.0,,UNDER,0.0,-1.0,1.0
e4f37b5c4c242407568e3e36b4f9612c,2025-10-04,Football_KeyNumberGuard_v1,55.5,6.5,,,0.0,0.0,0
e4f37b5c4c242407568e3e36b4f9612c,2025-10-04,Football_LineMovement_v1,55.5,6.5,,,0.0,0.0,0
e4f37b5c4c242407568e3e36b4f9612c,2025-10-04,Football_MarketBlend_v1,55.0,6.25,,UNDER,0.25,-0.5,0.75
e4f37b5c4c242407568e3e36b4f9612c,2025-10-04,Football_MarketConsensus_v1,55.5,6.5,,,0.0,0.0,0
e4f37b5c4c242407568e3e36b4f9612c,2025-10-04,Football_SpreadValue_v1,55.5,5.75,HOME,,0.75,0.0,0.75
e4f37b5c4c242407568e3e36b4f9612c,2025-10-04,Football_TotalValue_v1,54.5,6.5,,UNDER,0.0,-1.0,1.0
e504ddd061f2cf04d44baab9917e6a89,2026-09-13,Football_KeyNumberGuard_v1,55.5,-37.5,,,0.0,0.0,0
e504ddd061f2cf04d44baab9917e6a89,2026-09-13,Football_LineMovement_v1,55.5,-37.5,,,0.0,0.0,0
e504ddd061f2cf04d44baab9917e6a89,2026-09-13,Football_MarketBlend_v1,55.0,-37.25,AWAY,UNDER,-0.25,-0.5,0.75
e504ddd061f2cf04d44baab9917e6a89,2026-09-13,Football_MarketConsensus_v1,55.5,-37.5,,,0.0,0.0,0
e504ddd061f2cf04d44baab9917e6a89,2026-09-13,Football_SpreadValue_v1,55.5,-36.75,AWAY,,-0.75,0.0,0.75
e504ddd061f2cf04d44baab9917e6a89,2026-09-13,Football_TotalValue_v1,54.5,-37.5,,UNDER,0.0,-1.0,1.0
e564afb0a5ab84ab43befa56bdb90522,2026-09-03,Football_KeyNumberGuard_v1,54.5,-30.5,,,0.0,0.0,0
e564afb0a5ab84ab43befa56bdb90522,2026-09-03,Football_LineMovement_v1,54.5,-30.5,,,0.0,0.0,0
e564afb0a5ab84ab43befa56bdb90522,2026-09-03,Football_MarketBlend_v1,54.0,-30.25,AWAY,UNDER,-0.25,-0.5,0.75
e564afb0a5ab84ab43befa56bdb90522,2026-09-03,Football_MarketConsensus_v1,54.5,-30.5,,,0.0,0.0,0
e564afb0a5ab84ab43befa56bdb90522,2026-09-03,Football_SpreadValue_v1,54.5,-29.75,AWAY,,-0.75,0.0,0.75
e564afb0a5ab84ab43befa56bdb90522,2026-09-03,Football_TotalValue_v1,53.5,-30.5,,UNDER,0.0,-1.0,1.0
e56fc1fd0535fb4df5965ec3b167affc,2025-09-13,Football_KeyNumberGuard_v1,42.5,-28.0,,,0.0,0.0,0
e56fc1fd0535fb4df5965ec3b167affc,2025-09-13,Football_LineMovement_v1,42.5,-28.0,,,0.0,0.0,0
e56fc1fd0535fb4df5965ec3b167affc,2025-09-13,Football_MarketBlend_v1,43.0,-27.75,AWAY,OVER,-0.25,0.5,0.75
e56fc1fd0535fb4df5965ec3b167affc,2025-09-13,Football_MarketConsensus_v1,42.5,-28.0,,,0.0,0.0,0
e56fc1fd0535fb4df5965ec3b167affc,2025-09-13,Football_SpreadValue_v1,42.5,-27.25,AWAY,,-0.75,0.0,0.75
e56fc1fd0535fb4df5965ec3b167affc,2025-09-13,Football_TotalValue_v1,43.5,-28.0,,OVER,0.0,1.0,1.0
e578eee84f74b91f768a10409dad34e2,2025-09-13,Football_KeyNumberGuard_v1,50.0,25.5,,,0.0,0.0,0
e578eee84f74b91f768a10409dad34e2,2025-09-13,Football_LineMovement_v1,50.0,25.5,,,0.0,0.0,0
e578eee84f74b91f768a10409dad34e2,2025-09-13,Football_MarketBlend_v1,49.5,25.25,HOME,UNDER,0.25,-0.5,0.75
e578eee84f74b91f768a10409dad34e2,2025-09-13,Football_MarketConsensus_v1,50.0,25.5,,,0.0,0.0,0
e578eee84f74b91f768a10409dad34e2,2025-09-13,Football_SpreadValue_v1,50.0,24.75,HOME,,0.75,0.0,0.75
e578eee84f74b91f768a10409dad34e2,2025-09-13,Football_TotalValue_v1,49.0,25.5,,UNDER,0.0,-1.0,1.0
e5a53fa5f42755ccc9077aeffecd8d67,2025-11-20,Football_KeyNumberGuard_v1,39.5,2.5,,,0.0,0.0,0
e5a53fa5f42755ccc9077aeffecd8d67,2025-11-20,Football_LineMovement_v1,39.5,2.5,,,0.0,0.0,0
e5a53fa5f42755ccc9077aeffecd8d67,2025-11-20,Football_MarketBlend_v1,40.0,2.25,,OVER,0.25,0.5,0.75
e5a53fa5f42755ccc9077aeffecd8d67,2025-11-20,Football_MarketConsensus_v1,39.5,2.5,,,0.0,0.0,0
e5a53fa5f42755ccc9077aeffecd8d67,2025-11-20,Football_SpreadValue_v1,39.5,1.75,HOME,,0.75,0.0,0.75
e5a53fa5f42755ccc9077aeffecd8d67,2025-11-20,Football_TotalValue_v1,40.5,2.5,,OVER,0.0,1.0,1.0
e61b38634c2ba45e99bdba191ef5dea1,2026-09-13,Football_KeyNumberGuard_v1,53.5,-27.0,,,0.0,0.0,0
e61b38634c2ba45e99bdba191ef5dea1,2026-09-13,Football_LineMovement_v1,53.5,-27.0,,,0.0,0.0,0
e61b38634c2ba45e99bdba191ef5dea1,2026-09-13,Football_MarketBlend_v1,53.0,-26.75,AWAY,UNDER,-0.25,-0.5,0.75
e61b38634c2ba45e99bdba191ef5dea1,2026-09-13,Football_MarketConsensus_v1,53.5,-27.0,,,0.0,0.0,0
e61b38634c2ba45e99bdba191ef5dea1,2026-09-13,Football_SpreadValue_v1,53.5,-26.25,AWAY,,-0.75,0.0,0.75
e61b38634c2ba45e99bdba191ef5dea1,2026-09-13,Football_TotalValue_v1,52.5,-27.0,,UNDER,0.0,-1.0,1.0
e621163d95de7f9f309e5c46fe4e8457,2025-08-31,Football_KeyNumberGuard_v1,64.5,-50.5,,,0.0,0.0,0
e621163d95de7f9f309e5c46fe4e8457,2025-08-31,Football_LineMovement_v1,64.5,-50.5,,,0.0,0.0,0
e621163d95de7f9f309e5c46fe4e8457,2025-08-31,Football_MarketBlend_v1,64.0,-50.25,AWAY,UNDER,-0.25,-0.5,0.75
e621163d95de7f9f309e5c46fe4e8457,2025-08-31,Football_MarketConsensus_v1,64.5,-50.5,,,0.0,0.0,0
e621163d95de7f9f309e5c46fe4e8457,2025-08-31,Football_SpreadValue_v1,64.5,-49.75,AWAY,,-0.75,0.0,0.75
e621163d95de7f9f309e5c46fe4e8457,2025-08-31,Football_TotalValue_v1,63.5,-50.5,,UNDER,0.0,-1.0,1.0
e645c7214a8be1033aacb0416c72d314,2025-09-27,Football_KeyNumberGuard_v1,49.0,-5.5,,,0.0,0.0,0
e645c7214a8be1033aacb0416c72d314,2025-09-27,Football_LineMovement_v1,49.0,-5.5,,,0.0,0.0,0
e645c7214a8be1033aacb0416c72d314,2025-09-27,Football_MarketBlend_v1,48.5,-5.25,AWAY,UNDER,-0.25,-0.5,0.75
e645c7214a8be1033aacb0416c72d314,2025-09-27,Football_MarketConsensus_v1,49.0,-5.5,,,0.0,0.0,0
e645c7214a8be1033aacb0416c72d314,2025-09-27,Football_SpreadValue_v1,49.0,-4.75,AWAY,,-0.75,0.0,0.75
e645c7214a8be1033aacb0416c72d314,2025-09-27,Football_TotalValue_v1,48.0,-5.5,,UNDER,0.0,-1.0,1.0
e65c9341bd5b03632dccdd856859b009,2026-09-12,Football_KeyNumberGuard_v1,56.5,-31.5,,,0.0,0.0,0
e65c9341bd5b03632dccdd856859b009,2026-09-12,Football_LineMovement_v1,56.5,-31.5,,,0.0,0.0,0
e65c9341bd5b03632dccdd856859b009,2026-09-12,Football_MarketBlend_v1,56.0,-31.25,AWAY,UNDER,-0.25,-0.5,0.75
e65c9341bd5b03632dccdd856859b009,2026-09-12,Football_MarketConsensus_v1,56.5,-31.5,,,0.0,0.0,0
e65c9341bd5b03632dccdd856859b009,2026-09-12,Football_SpreadValue_v1,56.5,-30.75,AWAY,,-0.75,0.0,0.75
e65c9341bd5b03632dccdd856859b009,2026-09-12,Football_TotalValue_v1,55.5,-31.5,,UNDER,0.0,-1.0,1.0
e6f69472213fa5c127d39a0c4db53a3e,2025-11-15,Football_KeyNumberGuard_v1,44.5,-25.0,,,0.0,0.0,0
e6f69472213fa5c127d39a0c4db53a3e,2025-11-15,Football_LineMovement_v1,44.5,-25.0,,,0.0,0.0,0
e6f69472213fa5c127d39a0c4db53a3e,2025-11-15,Football_MarketBlend_v1,45.0,-24.75,AWAY,OVER,-0.25,0.5,0.75
e6f69472213fa5c127d39a0c4db53a3e,2025-11-15,Football_MarketConsensus_v1,44.5,-25.0,,,0.0,0.0,0
e6f69472213fa5c127d39a0c4db53a3e,2025-11-15,Football_SpreadValue_v1,44.5,-24.25,AWAY,,-0.75,0.0,0.75
e6f69472213fa5c127d39a0c4db53a3e,2025-11-15,Football_TotalValue_v1,45.5,-25.0,,OVER,0.0,1.0,1.0
e715dd3730c3991c2b6a7630adbcb862,2025-11-29,Football_KeyNumberGuard_v1,54.0,22.5,,,0.0,0.0,0
e715dd3730c3991c2b6a7630adbcb862,2025-11-29,Football_LineMovement_v1,54.0,22.5,,,0.0,0.0,0
e715dd3730c3991c2b6a7630adbcb862,2025-11-29,Football_MarketBlend_v1,53.5,22.25,HOME,UNDER,0.25,-0.5,0.75
e715dd3730c3991c2b6a7630adbcb862,2025-11-29,Football_MarketConsensus_v1,54.0,22.5,,,0.0,0.0,0
e715dd3730c3991c2b6a7630adbcb862,2025-11-29,Football_SpreadValue_v1,54.0,21.75,HOME,,0.75,0.0,0.75
e715dd3730c3991c2b6a7630adbcb862,2025-11-29,Football_TotalValue_v1,53.0,22.5,,UNDER,0.0,-1.0,1.0
e7873a03eb97c9a032544e448cc2d55c,2025-09-20,Football_KeyNumberGuard_v1,47.5,1.0,,,0.0,0.0,0
e7873a03eb97c9a032544e448cc2d55c,2025-09-20,Football_LineMovement_v1,47.5,1.0,,,0.0,0.0,0
e7873a03eb97c9a032544e448cc2d55c,2025-09-20,Football_MarketBlend_v1,47.0,0.75,HOME,UNDER,0.25,-0.5,0.75
e7873a03eb97c9a032544e448cc2d55c,2025-09-20,Football_MarketConsensus_v1,47.5,1.0,,,0.0,0.0,0
e7873a03eb97c9a032544e448cc2d55c,2025-09-20,Football_SpreadValue_v1,47.5,0.25,HOME,,0.75,0.0,0.75
e7873a03eb97c9a032544e448cc2d55c,2025-09-20,Football_TotalValue_v1,46.5,1.0,,UNDER,0.0,-1.0,1.0
e79f6c92e621c517179918e7e1ef4a26,2025-10-18,Football_KeyNumberGuard_v1,50.5,-4.0,,,0.0,0.0,0
e79f6c92e621c517179918e7e1ef4a26,2025-10-18,Football_LineMovement_v1,50.5,-4.0,,,0.0,0.0,0
e79f6c92e621c517179918e7e1ef4a26,2025-10-18,Football_MarketBlend_v1,50.0,-3.75,AWAY,UNDER,-0.25,-0.5,0.75
e79f6c92e621c517179918e7e1ef4a26,2025-10-18,Football_MarketConsensus_v1,50.5,-4.0,,,0.0,0.0,0
e79f6c92e621c517179918e7e1ef4a26,2025-10-18,Football_SpreadValue_v1,50.5,-3.25,AWAY,,-0.75,0.0,0.75
e79f6c92e621c517179918e7e1ef4a26,2025-10-18,Football_TotalValue_v1,49.5,-4.0,,UNDER,0.0,-1.0,1.0
e7a634e96e359fdb00cb9da904f4ff0c,2025-10-22,Football_KeyNumberGuard_v1,55.5,-9.5,,,0.0,0.0,0
e7a634e96e359fdb00cb9da904f4ff0c,2025-10-22,Football_LineMovement_v1,55.5,-9.5,,,0.0,0.0,0
e7a634e96e359fdb00cb9da904f4ff0c,2025-10-22,Football_MarketBlend_v1,55.0,-9.25,,UNDER,-0.25,-0.5,0.75
e7a634e96e359fdb00cb9da904f4ff0c,2025-10-22,Football_MarketConsensus_v1,55.5,-9.5,,,0.0,0.0,0
e7a634e96e359fdb00cb9da904f4ff0c,2025-10-22,Football_SpreadValue_v1,55.5,-8.75,AWAY,,-0.75,0.0,0.75
e7a634e96e359fdb00cb9da904f4ff0c,2025-10-22,Football_TotalValue_v1,54.5,-9.5,,UNDER,0.0,-1.0,1.0
e7ae87b2889092ea8b3df2c3eafc6585,2025-11-01,Football_KeyNumberGuard_v1,44.75,-3.5,,,0.0,0.0,0
e7ae87b2889092ea8b3df2c3eafc6585,2025-11-01,Football_LineMovement_v1,44.75,-3.5,,,0.0,0.0,0
e7ae87b2889092ea8b3df2c3eafc6585,2025-11-01,Football_MarketBlend_v1,45.25,-3.25,,OVER,-0.25,0.5,0.75
e7ae87b2889092ea8b3df2c3eafc6585,2025-11-01,Football_MarketConsensus_v1,44.75,-3.5,,,0.0,0.0,0
e7ae87b2889092ea8b3df2c3eafc6585,2025-11-01,Football_SpreadValue_v1,44.75,-2.75,AWAY,,-0.75,0.0,0.75
e7ae87b2889092ea8b3df2c3eafc6585,2025-11-01,Football_TotalValue_v1,45.75,-3.5,,OVER,0.0,1.0,1.0
e8214d5efd726f045d7fb54be5c1d984,2025-10-25,Football_KeyNumberGuard_v1,41.0,-2.0,,,0.0,0.0,0
e8214d5efd726f045d7fb54be5c1d984,2025-10-25,Football_LineMovement_v1,41.0,-2.0,,,0.0,0.0,0
e8214d5efd726f045d7fb54be5c1d984,2025-10-25,Football_MarketBlend_v1,41.5,-1.75,AWAY,OVER,-0.25,0.5,0.75
e8214d5efd726f045d7fb54be5c1d984,2025-10-25,Football_MarketConsensus_v1,41.0,-2.0,,,0.0,0.0,0
e8214d5efd726f045d7fb54be5c1d984,2025-10-25,Football_SpreadValue_v1,41.0,-1.25,AWAY,,-0.75,0.0,0.75
e8214d5efd726f045d7fb54be5c1d984,2025-10-25,Football_TotalValue_v1,42.0,-2.0,,OVER,0.0,1.0,1.0
e88139ad8e275ed8101bbcb08dc7425b,2025-09-27,Football_KeyNumberGuard_v1,53.5,-6.0,,,0.0,0.0,0
e88139ad8e275ed8101bbcb08dc7425b,2025-09-27,Football_LineMovement_v1,53.5,-6.0,,,0.0,0.0,0
e88139ad8e275ed8101bbcb08dc7425b,2025-09-27,Football_MarketBlend_v1,53.0,-5.75,AWAY,UNDER,-0.25,-0.5,0.75
e88139ad8e275ed8101bbcb08dc7425b,2025-09-27,Football_MarketConsensus_v1,53.5,-6.0,,,0.0,0.0,0
e88139ad8e275ed8101bbcb08dc7425b,2025-09-27,Football_SpreadValue_v1,53.5,-5.25,AWAY,,-0.75,0.0,0.75
e88139ad8e275ed8101bbcb08dc7425b,2025-09-27,Football_TotalValue_v1,52.5,-6.0,,UNDER,0.0,-1.0,1.0
e8b76d9da9d28dd941d01df1ee8456d2,2025-09-13,Football_KeyNumberGuard_v1,54.5,-23.5,,,0.0,0.0,0
e8b76d9da9d28dd941d01df1ee8456d2,2025-09-13,Football_LineMovement_v1,54.5,-23.5,,,0.0,0.0,0
e8b76d9da9d28dd941d01df1ee8456d2,2025-09-13,Football_MarketBlend_v1,54.0,-23.25,AWAY,UNDER,-0.25,-0.5,0.75
e8b76d9da9d28dd941d01df1ee8456d2,2025-09-13,Football_MarketConsensus_v1,54.5,-23.5,,,0.0,0.0,0
e8b76d9da9d28dd941d01df1ee8456d2,2025-09-13,Football_SpreadValue_v1,54.5,-22.75,AWAY,,-0.75,0.0,0.75
e8b76d9da9d28dd941d01df1ee8456d2,2025-09-13,Football_TotalValue_v1,53.5,-23.5,,UNDER,0.0,-1.0,1.0
e90085ebaf4a599c531e3e0bd5a6c1b1,2025-10-05,Football_KeyNumberGuard_v1,45.5,-13.5,,,0.0,0.0,0
e90085ebaf4a599c531e3e0bd5a6c1b1,2025-10-05,Football_LineMovement_v1,45.5,-13.5,,,0.0,0.0,0
e90085ebaf4a599c531e3e0bd5a6c1b1,2025-10-05,Football_MarketBlend_v1,45.0,-13.25,AWAY,UNDER,-0.25,-0.5,0.75
e90085ebaf4a599c531e3e0bd5a6c1b1,2025-10-05,Football_MarketConsensus_v1,45.5,-13.5,,,0.0,0.0,0
e90085ebaf4a599c531e3e0bd5a6c1b1,2025-10-05,Football_SpreadValue_v1,45.5,-12.75,AWAY,,-0.75,0.0,0.75
e90085ebaf4a599c531e3e0bd5a6c1b1,2025-10-05,Football_TotalValue_v1,44.5,-13.5,,UNDER,0.0,-1.0,1.0
e94477e5dd3cf352113919093803aa2a,2025-11-22,Football_KeyNumberGuard_v1,53.5,-43.5,,,0.0,0.0,0
e94477e5dd3cf352113919093803aa2a,2025-11-22,Football_LineMovement_v1,53.5,-43.5,,,0.0,0.0,0
e94477e5dd3cf352113919093803aa2a,2025-11-22,Football_MarketBlend_v1,53.0,-43.25,AWAY,UNDER,-0.25,-0.5,0.75
e94477e5dd3cf352113919093803aa2a,2025-11-22,Football_MarketConsensus_v1,53.5,-43.5,,,0.0,0.0,0
e94477e5dd3cf352113919093803aa2a,2025-11-22,Football_SpreadValue_v1,53.5,-42.75,AWAY,,-0.75,0.0,0.75
e94477e5dd3cf352113919093803aa2a,2025-11-22,Football_TotalValue_v1,52.5,-43.5,,UNDER,0.0,-1.0,1.0
e9cc9630246eff99b50f3e471b481d70,2025-11-01,Football_KeyNumberGuard_v1,42.5,-5.5,,,0.0,0.0,0
e9cc9630246eff99b50f3e471b481d70,2025-11-01,Football_LineMovement_v1,42.5,-5.5,,,0.0,0.0,0
e9cc9630246eff99b50f3e471b481d70,2025-11-01,Football_MarketBlend_v1,43.0,-5.25,AWAY,OVER,-0.25,0.5,0.75
e9cc9630246eff99b50f3e471b481d70,2025-11-01,Football_MarketConsensus_v1,42.5,-5.5,,,0.0,0.0,0
e9cc9630246eff99b50f3e471b481d70,2025-11-01,Football_SpreadValue_v1,42.5,-4.75,AWAY,,-0.75,0.0,0.75
e9cc9630246eff99b50f3e471b481d70,2025-11-01,Football_TotalValue_v1,43.5,-5.5,,OVER,0.0,1.0,1.0
ea34e43ecca5cdceabb78a1e669f61c0,2025-10-25,Football_KeyNumberGuard_v1,45.5,-29.5,,,0.0,0.0,0
ea34e43ecca5cdceabb78a1e669f61c0,2025-10-25,Football_LineMovement_v1,45.5,-29.5,,,0.0,0.0,0
ea34e43ecca5cdceabb78a1e669f61c0,2025-10-25,Football_MarketBlend_v1,45.0,-29.25,AWAY,UNDER,-0.25,-0.5,0.75
ea34e43ecca5cdceabb78a1e669f61c0,2025-10-25,Football_MarketConsensus_v1,45.5,-29.5,,,0.0,0.0,0
ea34e43ecca5cdceabb78a1e669f61c0,2025-10-25,Football_SpreadValue_v1,45.5,-28.75,AWAY,,-0.75,0.0,0.75
ea34e43ecca5cdceabb78a1e669f61c0,2025-10-25,Football_TotalValue_v1,44.5,-29.5,,UNDER,0.0,-1.0,1.0
ea4c70f2e05bf3e57e0aef9b8f22543b,2025-11-15,Football_KeyNumberGuard_v1,47.5,-11.5,,,0.0,0.0,0
ea4c70f2e05bf3e57e0aef9b8f22543b,2025-11-15,Football_LineMovement_v1,47.5,-11.5,,,0.0,0.0,0
ea4c70f2e05bf3e57e0aef9b8f22543b,2025-11-15,Football_MarketBlend_v1,47.0,-11.25,AWAY,UNDER,-0.25,-0.5,0.75
ea4c70f2e05bf3e57e0aef9b8f22543b,2025-11-15,Football_MarketConsensus_v1,47.5,-11.5,,,0.0,0.0,0
ea4c70f2e05bf3e57e0aef9b8f22543b,2025-11-15,Football_SpreadValue_v1,47.5,-10.75,AWAY,,-0.75,0.0,0.75
ea4c70f2e05bf3e57e0aef9b8f22543b,2025-11-15,Football_TotalValue_v1,46.5,-11.5,,UNDER,0.0,-1.0,1.0
ea67a3db1f2b5827009f6d8e63c5c721,2025-09-06,Football_KeyNumberGuard_v1,60.25,-17.75,,,0.0,0.0,0
ea67a3db1f2b5827009f6d8e63c5c721,2025-09-06,Football_LineMovement_v1,60.25,-17.75,,,0.0,0.0,0
ea67a3db1f2b5827009f6d8e63c5c721,2025-09-06,Football_MarketBlend_v1,59.75,-17.5,AWAY,UNDER,-0.25,-0.5,0.75
ea67a3db1f2b5827009f6d8e63c5c721,2025-09-06,Football_MarketConsensus_v1,60.25,-17.75,,,0.0,0.0,0
ea67a3db1f2b5827009f6d8e63c5c721,2025-09-06,Football_SpreadValue_v1,60.25,-17.0,AWAY,,-0.75,0.0,0.75
ea67a3db1f2b5827009f6d8e63c5c721,2025-09-06,Football_TotalValue_v1,59.25,-17.75,,UNDER,0.0,-1.0,1.0
ea97ced3fcccbb59d54a3b1a05f1729e,2025-11-01,Football_KeyNumberGuard_v1,53.5,-8.5,,,0.0,0.0,0
ea97ced3fcccbb59d54a3b1a05f1729e,2025-11-01,Football_LineMovement_v1,53.5,-8.5,,,0.0,0.0,0
ea97ced3fcccbb59d54a3b1a05f1729e,2025-11-01,Football_MarketBlend_v1,53.0,-8.25,AWAY,UNDER,-0.25,-0.5,0.75
ea97ced3fcccbb59d54a3b1a05f1729e,2025-11-01,Football_MarketConsensus_v1,53.5,-8.5,,,0.0,0.0,0
ea97ced3fcccbb59d54a3b1a05f1729e,2025-11-01,Football_SpreadValue_v1,53.5,-7.75,AWAY,,-0.75,0.0,0.75
ea97ced3fcccbb59d54a3b1a05f1729e,2025-11-01,Football_TotalValue_v1,52.5,-8.5,,UNDER,0.0,-1.0,1.0
eb08e0869675a469f223fefa2b7c1aac,2025-08-30,Football_KeyNumberGuard_v1,51.5,-13.5,,,0.0,0.0,0
eb08e0869675a469f223fefa2b7c1aac,2025-08-30,Football_LineMovement_v1,51.5,-13.5,,,0.0,0.0,0
eb08e0869675a469f223fefa2b7c1aac,2025-08-30,Football_MarketBlend_v1,51.0,-13.25,AWAY,UNDER,-0.25,-0.5,0.75
eb08e0869675a469f223fefa2b7c1aac,2025-08-30,Football_MarketConsensus_v1,51.5,-13.5,,,0.0,0.0,0
eb08e0869675a469f223fefa2b7c1aac,2025-08-30,Football_SpreadValue_v1,51.5,-12.75,AWAY,,-0.75,0.0,0.75
eb08e0869675a469f223fefa2b7c1aac,2025-08-30,Football_TotalValue_v1,50.5,-13.5,,UNDER,0.0,-1.0,1.0
eba18280b341d7cbd8e9ed1dcd18bf05,2025-11-08,Football_KeyNumberGuard_v1,52.5,-6.5,,,0.0,0.0,0
eba18280b341d7cbd8e9ed1dcd18bf05,2025-11-08,Football_LineMovement_v1,52.5,-6.5,,,0.0,0.0,0
eba18280b341d7cbd8e9ed1dcd18bf05,2025-11-08,Football_MarketBlend_v1,52.0,-6.25,,UNDER,-0.25,-0.5,0.75
eba18280b341d7cbd8e9ed1dcd18bf05,2025-11-08,Football_MarketConsensus_v1,52.5,-6.5,,,0.0,0.0,0
eba18280b341d7cbd8e9ed1dcd18bf05,2025-11-08,Football_SpreadValue_v1,52.5,-5.75,AWAY,,-0.75,0.0,0.75
eba18280b341d7cbd8e9ed1dcd18bf05,2025-11-08,Football_TotalValue_v1,51.5,-6.5,,UNDER,0.0,-1.0,1.0
eba637423f4dc14f6c7039c4b25fa523,2025-09-20,Football_KeyNumberGuard_v1,46.5,2.5,,,0.0,0.0,0
eba637423f4dc14f6c7039c4b25fa523,2025-09-20,Football_LineMovement_v1,46.5,2.5,,,0.0,0.0,0
eba637423f4dc14f6c7039c4b25fa523,2025-09-20,Football_MarketBlend_v1,46.0,2.25,,UNDER,0.25,-0.5,0.75
eba637423f4dc14f6c7039c4b25fa523,2025-09-20,Football_MarketConsensus_v1,46.5,2.5,,,0.0,0.0,0
eba637423f4dc14f6c7039c4b25fa523,2025-09-20,Football_SpreadValue_v1,46.5,1.75,HOME,,0.75,0.0,0.75
eba637423f4dc14f6c7039c4b25fa523,2025-09-20,Football_TotalValue_v1,45.5,2.5,,UNDER,0.0,-1.0,1.0
ebc2af05ee84f4ad5485349875442fa4,2025-08-31,Football_KeyNumberGuard_v1,59.5,-5.5,,,0.0,0.0,0
ebc2af05ee84f4ad5485349875442fa4,2025-08-31,Football_LineMovement_v1,59.5,-5.5,,,0.0,0.0,0
ebc2af05ee84f4ad5485349875442fa4,2025-08-31,Football_MarketBlend_v1,59.0,-5.25,AWAY,UNDER,-0.25,-0.5,0.75
ebc2af05ee84f4ad5485349875442fa4,2025-08-31,Football_MarketConsensus_v1,59.5,-5.5,,,0.0,0.0,0
ebc2af05ee84f4ad5485349875442fa4,2025-08-31,Football_SpreadValue_v1,59.5,-4.75,AWAY,,-0.75,0.0,0.75
ebc2af05ee84f4ad5485349875442fa4,2025-08-31,Football_TotalValue_v1,58.5,-5.5,,UNDER,0.0,-1.0,1.0
ebc400e419d11f88b555c4c425a101aa,2025-10-10,Football_KeyNumberGuard_v1,67.0,-2.0,,,0.0,0.0,0
ebc400e419d11f88b555c4c425a101aa,2025-10-10,Football_LineMovement_v1,67.0,-2.0,,,0.0,0.0,0
ebc400e419d11f88b555c4c425a101aa,2025-10-10,Football_MarketBlend_v1,66.5,-1.75,AWAY,UNDER,-0.25,-0.5,0.75
ebc400e419d11f88b555c4c425a101aa,2025-10-10,Football_MarketConsensus_v1,67.0,-2.0,,,0.0,0.0,0
ebc400e419d11f88b555c4c425a101aa,2025-10-10,Football_SpreadValue_v1,67.0,-1.25,AWAY,,-0.75,0.0,0.75
ebc400e419d11f88b555c4c425a101aa,2025-10-10,Football_TotalValue_v1,66.0,-2.0,,UNDER,0.0,-1.0,1.0
ec37466f088394b44c2221a0e2ad8818,2025-10-25,Football_KeyNumberGuard_v1,59.5,-1.0,,,0.0,0.0,0
ec37466f088394b44c2221a0e2ad8818,2025-10-25,Football_LineMovement_v1,59.5,-1.0,,,0.0,0.0,0
ec37466f088394b44c2221a0e2ad8818,2025-10-25,Football_MarketBlend_v1,59.0,-0.75,AWAY,UNDER,-0.25,-0.5,0.75
ec37466f088394b44c2221a0e2ad8818,2025-10-25,Football_MarketConsensus_v1,59.5,-1.0,,,0.0,0.0,0
ec37466f088394b44c2221a0e2ad8818,2025-10-25,Football_SpreadValue_v1,59.5,-0.25,AWAY,,-0.75,0.0,0.75
ec37466f088394b44c2221a0e2ad8818,2025-10-25,Football_TotalValue_v1,58.5,-1.0,,UNDER,0.0,-1.0,1.0
ec583779fa6cdf81885b9c785cf4da5a,2025-08-30,Football_KeyNumberGuard_v1,55.5,-28.0,,,0.0,0.0,0
ec583779fa6cdf81885b9c785cf4da5a,2025-08-30,Football_LineMovement_v1,55.5,-28.0,,,0.0,0.0,0
ec583779fa6cdf81885b9c785cf4da5a,2025-08-30,Football_MarketBlend_v1,55.0,-27.75,AWAY,UNDER,-0.25,-0.5,0.75
ec583779fa6cdf81885b9c785cf4da5a,2025-08-30,Football_MarketConsensus_v1,55.5,-28.0,,,0.0,0.0,0
ec583779fa6cdf81885b9c785cf4da5a,2025-08-30,Football_SpreadValue_v1,55.5,-27.25,AWAY,,-0.75,0.0,0.75
ec583779fa6cdf81885b9c785cf4da5a,2025-08-30,Football_TotalValue_v1,54.5,-28.0,,UNDER,0.0,-1.0,1.0
ec5a3648e7b879155389f31cc523f840,2025-10-11,Football_KeyNumberGuard_v1,44.5,-2.5,,,0.0,0.0,0
ec5a3648e7b879155389f31cc523f840,2025-10-11,Football_LineMovement_v1,44.5,-2.5,,,0.0,0.0,0
ec5a3648e7b879155389f31cc523f840,2025-10-11,Football_MarketBlend_v1,45.0,-2.25,,OVER,-0.25,0.5,0.75
ec5a3648e7b879155389f31cc523f840,2025-10-11,Football_MarketConsensus_v1,44.5,-2.5,,,0.0,0.0,0
ec5a3648e7b879155389f31cc523f840,2025-10-11,Football_SpreadValue_v1,44.5,-1.75,AWAY,,-0.75,0.0,0.75
ec5a3648e7b879155389f31cc523f840,2025-10-11,Football_TotalValue_v1,45.5,-2.5,,OVER,0.0,1.0,1.0
ecdb13413222992d666fb1be5f3f15c4,2025-11-28,Football_KeyNumberGuard_v1,46.5,2.5,,,0.0,0.0,0
ecdb13413222992d666fb1be5f3f15c4,2025-11-28,Football_LineMovement_v1,46.5,2.5,,,0.0,0.0,0
ecdb13413222992d666fb1be5f3f15c4,2025-11-28,Football_MarketBlend_v1,46.0,2.25,,UNDER,0.25,-0.5,0.75
ecdb13413222992d666fb1be5f3f15c4,2025-11-28,Football_MarketConsensus_v1,46.5,2.5,,,0.0,0.0,0
ecdb13413222992d666fb1be5f3f15c4,2025-11-28,Football_SpreadValue_v1,46.5,1.75,HOME,,0.75,0.0,0.75
ecdb13413222992d666fb1be5f3f15c4,2025-11-28,Football_TotalValue_v1,45.5,2.5,,UNDER,0.0,-1.0,1.0
ecdc07baec885297b19dd029dd0004dc,2025-10-25,Football_KeyNumberGuard_v1,55.5,-3.5,,,0.0,0.0,0
ecdc07baec885297b19dd029dd0004dc,2025-10-25,Football_LineMovement_v1,55.5,-3.5,,,0.0,0.0,0
ecdc07baec885297b19dd029dd0004dc,2025-10-25,Football_MarketBlend_v1,55.0,-3.25,,UNDER,-0.25,-0.5,0.75
ecdc07baec885297b19dd029dd0004dc,2025-10-25,Football_MarketConsensus_v1,55.5,-3.5,,,0.0,0.0,0
ecdc07baec885297b19dd029dd0004dc,2025-10-25,Football_SpreadValue_v1,55.5,-2.75,AWAY,,-0.75,0.0,0.75
ecdc07baec885297b19dd029dd0004dc,2025-10-25,Football_TotalValue_v1,54.5,-3.5,,UNDER,0.0,-1.0,1.0
ecf29901db3fe15c0e5eae32f0390c51,2026-01-20,Football_KeyNumberGuard_v1,46.5,-2.5,,,0.0,0.0,0
ecf29901db3fe15c0e5eae32f0390c51,2026-01-20,Football_LineMovement_v1,46.5,-2.5,,,0.0,0.0,0
ecf29901db3fe15c0e5eae32f0390c51,2026-01-20,Football_MarketBlend_v1,46.0,-2.25,,UNDER,-0.25,-0.5,0.75
ecf29901db3fe15c0e5eae32f0390c51,2026-01-20,Football_MarketConsensus_v1,46.5,-2.5,,,0.0,0.0,0
ecf29901db3fe15c0e5eae32f0390c51,2026-01-20,Football_SpreadValue_v1,46.5,-1.75,AWAY,,-0.75,0.0,0.75
ecf29901db3fe15c0e5eae32f0390c51,2026-01-20,Football_TotalValue_v1,45.5,-2.5,,UNDER,0.0,-1.0,1.0
ed11cbf3b02850670bf213622cf4517b,2025-12-17,Football_KeyNumberGuard_v1,52.5,-3.0,,,0.0,0.0,0
ed11cbf3b02850670bf213622cf4517b,2025-12-17,Football_LineMovement_v1,52.5,-3.0,,,0.0,0.0,0
ed11cbf3b02850670bf213622cf4517b,2025-12-17,Football_MarketBlend_v1,52.0,-2.75,,UNDER,-0.25,-0.5,0.75
ed11cbf3b02850670bf213622cf4517b,2025-12-17,Football_MarketConsensus_v1,52.5,-3.0,,,0.0,0.0,0
ed11cbf3b02850670bf213622cf4517b,2025-12-17,Football_SpreadValue_v1,52.5,-2.25,AWAY,,-0.75,0.0,0.75
ed11cbf3b02850670bf213622cf4517b,2025-12-17,Football_TotalValue_v1,51.5,-3.0,,UNDER,0.0,-1.0,1.0
ed1f7d744112bf4d7184c2a3bbb2648c,2025-11-30,Football_KeyNumberGuard_v1,45.5,-7.0,,,0.0,0.0,0
ed1f7d744112bf4d7184c2a3bbb2648c,2025-11-30,Football_LineMovement_v1,45.5,-7.0,,,0.0,0.0,0
ed1f7d744112bf4d7184c2a3bbb2648c,2025-11-30,Football_MarketBlend_v1,45.0,-6.75,,UNDER,-0.25,-0.5,0.75
ed1f7d744112bf4d7184c2a3bbb2648c,2025-11-30,Football_MarketConsensus_v1,45.5,-7.0,,,0.0,0.0,0
ed1f7d744112bf4d7184c2a3bbb2648c,2025-11-30,Football_SpreadValue_v1,45.5,-6.25,AWAY,,-0.75,0.0,0.75
ed1f7d744112bf4d7184c2a3bbb2648c,2025-11-30,Football_TotalValue_v1,44.5,-7.0,,UNDER,0.0,-1.0,1.0
ed3ba19ab5726f4f03c2b8bdeebfc142,2025-11-08,Football_KeyNumberGuard_v1,46.5,-28.5,,,0.0,0.0,0
ed3ba19ab5726f4f03c2b8bdeebfc142,2025-11-08,Football_LineMovement_v1,46.5,-28.5,,,0.0,0.0,0
ed3ba19ab5726f4f03c2b8bdeebfc142,2025-11-08,Football_MarketBlend_v1,46.0,-28.25,AWAY,UNDER,-0.25,-0.5,0.75
ed3ba19ab5726f4f03c2b8bdeebfc142,2025-11-08,Football_MarketConsensus_v1,46.5,-28.5,,,0.0,0.0,0
ed3ba19ab5726f4f03c2b8bdeebfc142,2025-11-08,Football_SpreadValue_v1,46.5,-27.75,AWAY,,-0.75,0.0,0.75
ed3ba19ab5726f4f03c2b8bdeebfc142,2025-11-08,Football_TotalValue_v1,45.5,-28.5,,UNDER,0.0,-1.0,1.0
ed52f478980429ecf4e19140ba17b1cd,2025-11-08,Football_KeyNumberGuard_v1,44.5,10.5,,,0.0,0.0,0
ed52f478980429ecf4e19140ba17b1cd,2025-11-08,Football_LineMovement_v1,44.5,10.5,,,0.0,0.0,0
ed52f478980429ecf4e19140ba17b1cd,2025-11-08,Football_MarketBlend_v1,45.0,10.25,,OVER,0.25,0.5,0.75
ed52f478980429ecf4e19140ba17b1cd,2025-11-08,Football_MarketConsensus_v1,44.5,10.5,,,0.0,0.0,0
ed52f478980429ecf4e19140ba17b1cd,2025-11-08,Football_SpreadValue_v1,44.5,9.75,HOME,,0.75,0.0,0.75
ed52f478980429ecf4e19140ba17b1cd,2025-11-08,Football_TotalValue_v1,45.5,10.5,,OVER,0.0,1.0,1.0
ed60227b309e7c8b24a7fd098d830bca,2025-09-13,Football_KeyNumberGuard_v1,61.5,-6.5,,,0.0,0.0,0
ed60227b309e7c8b24a7fd098d830bca,2025-09-13,Football_LineMovement_v1,61.5,-6.5,,,0.0,0.0,0
ed60227b309e7c8b24a7fd098d830bca,2025-09-13,Football_MarketBlend_v1,61.0,-6.25,,UNDER,-0.25,-0.5,0.75
ed60227b309e7c8b24a7fd098d830bca,2025-09-13,Football_MarketConsensus_v1,61.5,-6.5,,,0.0,0.0,0
ed60227b309e7c8b24a7fd098d830bca,2025-09-13,Football_SpreadValue_v1,61.5,-5.75,AWAY,,-0.75,0.0,0.75
ed60227b309e7c8b24a7fd098d830bca,2025-09-13,Football_TotalValue_v1,60.5,-6.5,,UNDER,0.0,-1.0,1.0
ed6e2166a1b10224914b27016e04ee80,2025-10-03,Football_KeyNumberGuard_v1,54.5,-28.0,,,0.0,0.0,0
ed6e2166a1b10224914b27016e04ee80,2025-10-03,Football_LineMovement_v1,54.5,-28.0,,,0.0,0.0,0
ed6e2166a1b10224914b27016e04ee80,2025-10-03,Football_MarketBlend_v1,54.0,-27.75,AWAY,UNDER,-0.25,-0.5,0.75
ed6e2166a1b10224914b27016e04ee80,2025-10-03,Football_MarketConsensus_v1,54.5,-28.0,,,0.0,0.0,0
ed6e2166a1b10224914b27016e04ee80,2025-10-03,Football_SpreadValue_v1,54.5,-27.25,AWAY,,-0.75,0.0,0.75
ed6e2166a1b10224914b27016e04ee80,2025-10-03,Football_TotalValue_v1,53.5,-28.0,,UNDER,0.0,-1.0,1.0
ed821485171f0486828ac8bfae9537a3,2025-12-07,Football_KeyNumberGuard_v1,46.5,-4.0,,,0.0,0.0,0
ed821485171f0486828ac8bfae9537a3,2025-12-07,Football_LineMovement_v1,46.5,-4.0,,,0.0,0.0,0
ed821485171f0486828ac8bfae9537a3,2025-12-07,Football_MarketBlend_v1,46.0,-3.75,AWAY,UNDER,-0.25,-0.5,0.75
ed821485171f0486828ac8bfae9537a3,2025-12-07,Football_MarketConsensus_v1,46.5,-4.0,,,0.0,0.0,0
ed821485171f0486828ac8bfae9537a3,2025-12-07,Football_SpreadValue_v1,46.5,-3.25,AWAY,,-0.75,0.0,0.75
ed821485171f0486828ac8bfae9537a3,2025-12-07,Football_TotalValue_v1,45.5,-4.0,,UNDER,0.0,-1.0,1.0
ed8f13ecfcb204caae8d2ab790dbf2a1,2025-10-25,Football_KeyNumberGuard_v1,49.0,-13.5,,,0.0,0.0,0
ed8f13ecfcb204caae8d2ab790dbf2a1,2025-10-25,Football_LineMovement_v1,49.0,-13.5,,,0.0,0.0,0
ed8f13ecfcb204caae8d2ab790dbf2a1,2025-10-25,Football_MarketBlend_v1,48.5,-13.25,AWAY,UNDER,-0.25,-0.5,0.75
ed8f13ecfcb204caae8d2ab790dbf2a1,2025-10-25,Football_MarketConsensus_v1,49.0,-13.5,,,0.0,0.0,0
ed8f13ecfcb204caae8d2ab790dbf2a1,2025-10-25,Football_SpreadValue_v1,49.0,-12.75,AWAY,,-0.75,0.0,0.75
ed8f13ecfcb204caae8d2ab790dbf2a1,2025-10-25,Football_TotalValue_v1,48.0,-13.5,,UNDER,0.0,-1.0,1.0
edbc3683488f9366d907f83f61852079,2026-01-01,Football_KeyNumberGuard_v1,48.5,-7.25,,,0.0,0.0,0
edbc3683488f9366d907f83f61852079,2026-01-01,Football_LineMovement_v1,48.5,-7.25,,,0.0,0.0,0
edbc3683488f9366d907f83f61852079,2026-01-01,Football_MarketBlend_v1,48.0,-7.0,,UNDER,-0.25,-0.5,0.75
edbc3683488f9366d907f83f61852079,2026-01-01,Football_MarketConsensus_v1,48.5,-7.25,,,0.0,0.0,0
edbc3683488f9366d907f83f61852079,2026-01-01,Football_SpreadValue_v1,48.5,-6.5,AWAY,,-0.75,0.0,0.75
edbc3683488f9366d907f83f61852079,2026-01-01,Football_TotalValue_v1,47.5,-7.25,,UNDER,0.0,-1.0,1.0
ee12d0d5e2a05a709506af59bd525728,2025-11-28,Football_KeyNumberGuard_v1,59.5,15.5,,,0.0,0.0,0
ee12d0d5e2a05a709506af59bd525728,2025-11-28,Football_LineMovement_v1,59.5,15.5,,,0.0,0.0,0
ee12d0d5e2a05a709506af59bd525728,2025-11-28,Football_MarketBlend_v1,59.0,15.25,HOME,UNDER,0.25,-0.5,0.75
ee12d0d5e2a05a709506af59bd525728,2025-11-28,Football_MarketConsensus_v1,59.5,15.5,,,0.0,0.0,0
ee12d0d5e2a05a709506af59bd525728,2025-11-28,Football_SpreadValue_v1,59.5,14.75,HOME,,0.75,0.0,0.75
ee12d0d5e2a05a709506af59bd525728,2025-11-28,Football_TotalValue_v1,58.5,15.5,,UNDER,0.0,-1.0,1.0
ee56fe628302db3edce970e4bf7cc970,2025-10-19,Football_KeyNumberGuard_v1,58.0,24.0,,,0.0,0.0,0
ee56fe628302db3edce970e4bf7cc970,2025-10-19,Football_LineMovement_v1,58.0,24.0,,,0.0,0.0,0
ee56fe628302db3edce970e4bf7cc970,2025-10-19,Football_MarketBlend_v1,57.5,23.75,HOME,UNDER,0.25,-0.5,0.75
ee56fe628302db3edce970e4bf7cc970,2025-10-19,Football_MarketConsensus_v1,58.0,24.0,,,0.0,0.0,0
ee56fe628302db3edce970e4bf7cc970,2025-10-19,Football_SpreadValue_v1,58.0,23.25,HOME,,0.75,0.0,0.75
ee56fe628302db3edce970e4bf7cc970,2025-10-19,Football_TotalValue_v1,57.0,24.0,,UNDER,0.0,-1.0,1.0
ee7227545587b7c4b3f692822855279b,2025-11-22,Football_KeyNumberGuard_v1,40.0,-6.5,,,0.0,0.0,0
ee7227545587b7c4b3f692822855279b,2025-11-22,Football_LineMovement_v1,40.0,-6.5,,,0.0,0.0,0
ee7227545587b7c4b3f692822855279b,2025-11-22,Football_MarketBlend_v1,40.5,-6.25,,OVER,-0.25,0.5,0.75
ee7227545587b7c4b3f692822855279b,2025-11-22,Football_MarketConsensus_v1,40.0,-6.5,,,0.0,0.0,0
ee7227545587b7c4b3f692822855279b,2025-11-22,Football_SpreadValue_v1,40.0,-5.75,AWAY,,-0.75,0.0,0.75
ee7227545587b7c4b3f692822855279b,2025-11-22,Football_TotalValue_v1,41.0,-6.5,,OVER,0.0,1.0,1.0
ee813cd96576a01199eedf7066cc54d1,2025-09-20,Football_KeyNumberGuard_v1,56.5,-34.5,,,0.0,0.0,0
ee813cd96576a01199eedf7066cc54d1,2025-09-20,Football_LineMovement_v1,56.5,-34.5,,,0.0,0.0,0
ee813cd96576a01199eedf7066cc54d1,2025-09-20,Football_MarketBlend_v1,56.0,-34.25,AWAY,UNDER,-0.25,-0.5,0.75
ee813cd96576a01199eedf7066cc54d1,2025-09-20,Football_MarketConsensus_v1,56.5,-34.5,,,0.0,0.0,0
ee813cd96576a01199eedf7066cc54d1,2025-09-20,Football_SpreadValue_v1,56.5,-33.75,AWAY,,-0.75,0.0,0.75
ee813cd96576a01199eedf7066cc54d1,2025-09-20,Football_TotalValue_v1,55.5,-34.5,,UNDER,0.0,-1.0,1.0
eebdc0d5bb5bf588dc76ef79c2d2f205,2025-09-27,Football_KeyNumberGuard_v1,53.5,-14.5,,,0.0,0.0,0
eebdc0d5bb5bf588dc76ef79c2d2f205,2025-09-27,Football_LineMovement_v1,53.5,-14.5,,,0.0,0.0,0
eebdc0d5bb5bf588dc76ef79c2d2f205,2025-09-27,Football_MarketBlend_v1,53.0,-14.25,AWAY,UNDER,-0.25,-0.5,0.75
eebdc0d5bb5bf588dc76ef79c2d2f205,2025-09-27,Football_MarketConsensus_v1,53.5,-14.5,,,0.0,0.0,0
eebdc0d5bb5bf588dc76ef79c2d2f205,2025-09-27,Football_SpreadValue_v1,53.5,-13.75,AWAY,,-0.75,0.0,0.75
eebdc0d5bb5bf588dc76ef79c2d2f205,2025-09-27,Football_TotalValue_v1,52.5,-14.5,,UNDER,0.0,-1.0,1.0
eecb202a746e0d50cc69d21b73860e13,2025-10-11,Football_KeyNumberGuard_v1,67.0,-5.0,,,0.0,0.0,0
eecb202a746e0d50cc69d21b73860e13,2025-10-11,Football_LineMovement_v1,67.0,-5.0,,,0.0,0.0,0
eecb202a746e0d50cc69d21b73860e13,2025-10-11,Football_MarketBlend_v1,66.5,-4.75,AWAY,UNDER,-0.25,-0.5,0.75
eecb202a746e0d50cc69d21b73860e13,2025-10-11,Football_MarketConsensus_v1,67.0,-5.0,,,0.0,0.0,0
eecb202a746e0d50cc69d21b73860e13,2025-10-11,Football_SpreadValue_v1,67.0,-4.25,AWAY,,-0.75,0.0,0.75
eecb202a746e0d50cc69d21b73860e13,2025-10-11,Football_TotalValue_v1,66.0,-5.0,,UNDER,0.0,-1.0,1.0
eef629c46747c4f201a425717b019fde,2025-11-29,Football_KeyNumberGuard_v1,47.5,1.5,,,0.0,0.0,0
eef629c46747c4f201a425717b019fde,2025-11-29,Football_LineMovement_v1,47.5,1.5,,,0.0,0.0,0
eef629c46747c4f201a425717b019fde,2025-11-29,Football_MarketBlend_v1,47.0,1.25,HOME,UNDER,0.25,-0.5,0.75
eef629c46747c4f201a425717b019fde,2025-11-29,Football_MarketConsensus_v1,47.5,1.5,,,0.0,0.0,0
eef629c46747c4f201a425717b019fde,2025-11-29,Football_SpreadValue_v1,47.5,0.75,HOME,,0.75,0.0,0.75
eef629c46747c4f201a425717b019fde,2025-11-29,Football_TotalValue_v1,46.5,1.5,,UNDER,0.0,-1.0,1.0
ef481710788d18502f9de2f9906fd74c,2025-10-29,Football_KeyNumberGuard_v1,54.5,3.5,,,0.0,0.0,0
ef481710788d18502f9de2f9906fd74c,2025-10-29,Football_LineMovement_v1,54.5,3.5,,,0.0,0.0,0
ef481710788d18502f9de2f9906fd74c,2025-10-29,Football_MarketBlend_v1,54.0,3.25,,UNDER,0.25,-0.5,0.75
ef481710788d18502f9de2f9906fd74c,2025-10-29,Football_MarketConsensus_v1,54.5,3.5,,,0.0,0.0,0
ef481710788d18502f9de2f9906fd74c,2025-10-29,Football_SpreadValue_v1,54.5,2.75,HOME,,0.75,0.0,0.75
ef481710788d18502f9de2f9906fd74c,2025-10-29,Football_TotalValue_v1,53.5,3.5,,UNDER,0.0,-1.0,1.0
ef5e4d5fdd91ba13abea3c1b880bf6cb,2025-09-06,Football_KeyNumberGuard_v1,45.0,-28.5,,,0.0,0.0,0
ef5e4d5fdd91ba13abea3c1b880bf6cb,2025-09-06,Football_LineMovement_v1,45.0,-28.5,,,0.0,0.0,0
ef5e4d5fdd91ba13abea3c1b880bf6cb,2025-09-06,Football_MarketBlend_v1,44.5,-28.25,AWAY,UNDER,-0.25,-0.5,0.75
ef5e4d5fdd91ba13abea3c1b880bf6cb,2025-09-06,Football_MarketConsensus_v1,45.0,-28.5,,,0.0,0.0,0
ef5e4d5fdd91ba13abea3c1b880bf6cb,2025-09-06,Football_SpreadValue_v1,45.0,-27.75,AWAY,,-0.75,0.0,0.75
ef5e4d5fdd91ba13abea3c1b880bf6cb,2025-09-06,Football_TotalValue_v1,44.0,-28.5,,UNDER,0.0,-1.0,1.0
efb65d1caa41db87771cf8d31fda1c03,2025-09-20,Football_KeyNumberGuard_v1,52.5,-7.0,,,0.0,0.0,0
efb65d1caa41db87771cf8d31fda1c03,2025-09-20,Football_LineMovement_v1,52.5,-7.0,,,0.0,0.0,0
efb65d1caa41db87771cf8d31fda1c03,2025-09-20,Football_MarketBlend_v1,52.0,-6.75,,UNDER,-0.25,-0.5,0.75
efb65d1caa41db87771cf8d31fda1c03,2025-09-20,Football_MarketConsensus_v1,52.5,-7.0,,,0.0,0.0,0
efb65d1caa41db87771cf8d31fda1c03,2025-09-20,Football_SpreadValue_v1,52.5,-6.25,AWAY,,-0.75,0.0,0.75
efb65d1caa41db87771cf8d31fda1c03,2025-09-20,Football_TotalValue_v1,51.5,-7.0,,UNDER,0.0,-1.0,1.0
f007c65cee3245c0f25a8121fb8d2126,2025-11-08,Football_KeyNumberGuard_v1,52.5,0.0,,,0.0,0.0,0
f007c65cee3245c0f25a8121fb8d2126,2025-11-08,Football_LineMovement_v1,52.5,0.0,,,0.0,0.0,0
f007c65cee3245c0f25a8121fb8d2126,2025-11-08,Football_MarketBlend_v1,52.0,0.25,AWAY,UNDER,-0.25,-0.5,0.75
f007c65cee3245c0f25a8121fb8d2126,2025-11-08,Football_MarketConsensus_v1,52.5,0.0,,,0.0,0.0,0
f007c65cee3245c0f25a8121fb8d2126,2025-11-08,Football_SpreadValue_v1,52.5,0.75,AWAY,,-0.75,0.0,0.75
f007c65cee3245c0f25a8121fb8d2126,2025-11-08,Football_TotalValue_v1,51.5,0.0,,UNDER,0.0,-1.0,1.0
f087da86c9f333ede5023b3c5da3e683,2025-10-18,Football_KeyNumberGuard_v1,66.5,-3.5,,,0.0,0.0,0
f087da86c9f333ede5023b3c5da3e683,2025-10-18,Football_LineMovement_v1,66.5,-3.5,,,0.0,0.0,0
f087da86c9f333ede5023b3c5da3e683,2025-10-18,Football_MarketBlend_v1,66.0,-3.25,,UNDER,-0.25,-0.5,0.75
f087da86c9f333ede5023b3c5da3e683,2025-10-18,Football_MarketConsensus_v1,66.5,-3.5,,,0.0,0.0,0
f087da86c9f333ede5023b3c5da3e683,2025-10-18,Football_SpreadValue_v1,66.5,-2.75,AWAY,,-0.75,0.0,0.75
f087da86c9f333ede5023b3c5da3e683,2025-10-18,Football_TotalValue_v1,65.5,-3.5,,UNDER,0.0,-1.0,1.0
f0ad800d071b9335db5bd1c5634a28ca,2025-11-23,Football_KeyNumberGuard_v1,51.5,10.5,,,0.0,0.0,0
f0ad800d071b9335db5bd1c5634a28ca,2025-11-23,Football_LineMovement_v1,51.5,10.5,,,0.0,0.0,0
f0ad800d071b9335db5bd1c5634a28ca,2025-11-23,Football_MarketBlend_v1,51.0,10.25,,UNDER,0.25,-0.5,0.75
f0ad800d071b9335db5bd1c5634a28ca,2025-11-23,Football_MarketConsensus_v1,51.5,10.5,,,0.0,0.0,0
f0ad800d071b9335db5bd1c5634a28ca,2025-11-23,Football_SpreadValue_v1,51.5,9.75,HOME,,0.75,0.0,0.75
f0ad800d071b9335db5bd1c5634a28ca,2025-11-23,Football_TotalValue_v1,50.5,10.5,,UNDER,0.0,-1.0,1.0
f0d4ea035d6edfabda0c2b298c7d42d2,2026-09-12,Football_KeyNumberGuard_v1,53.5,25.5,,,0.0,0.0,0
f0d4ea035d6edfabda0c2b298c7d42d2,2026-09-12,Football_LineMovement_v1,53.5,25.5,,,0.0,0.0,0
f0d4ea035d6edfabda0c2b298c7d42d2,2026-09-12,Football_MarketBlend_v1,53.0,25.25,HOME,UNDER,0.25,-0.5,0.75
f0d4ea035d6edfabda0c2b298c7d42d2,2026-09-12,Football_MarketConsensus_v1,53.5,25.5,,,0.0,0.0,0
f0d4ea035d6edfabda0c2b298c7d42d2,2026-09-12,Football_SpreadValue_v1,53.5,24.75,HOME,,0.75,0.0,0.75
f0d4ea035d6edfabda0c2b298c7d42d2,2026-09-12,Football_TotalValue_v1,52.5,25.5,,UNDER,0.0,-1.0,1.0
f0daa9672398345c140434330134b8e2,2025-09-27,Football_KeyNumberGuard_v1,57.5,-2.0,,,0.0,0.0,0
f0daa9672398345c140434330134b8e2,2025-09-27,Football_LineMovement_v1,57.5,-2.0,,,0.0,0.0,0
f0daa9672398345c140434330134b8e2,2025-09-27,Football_MarketBlend_v1,57.0,-1.75,AWAY,UNDER,-0.25,-0.5,0.75
f0daa9672398345c140434330134b8e2,2025-09-27,Football_MarketConsensus_v1,57.5,-2.0,,,0.0,0.0,0
f0daa9672398345c140434330134b8e2,2025-09-27,Football_SpreadValue_v1,57.5,-1.25,AWAY,,-0.75,0.0,0.75
f0daa9672398345c140434330134b8e2,2025-09-27,Football_TotalValue_v1,56.5,-2.0,,UNDER,0.0,-1.0,1.0
f0e1630f32dc039064b2536422a040ce,2025-09-27,Football_KeyNumberGuard_v1,58.0,-23.5,,,0.0,0.0,0
f0e1630f32dc039064b2536422a040ce,2025-09-27,Football_LineMovement_v1,58.0,-23.5,,,0.0,0.0,0
f0e1630f32dc039064b2536422a040ce,2025-09-27,Football_MarketBlend_v1,57.5,-23.25,AWAY,UNDER,-0.25,-0.5,0.75
f0e1630f32dc039064b2536422a040ce,2025-09-27,Football_MarketConsensus_v1,58.0,-23.5,,,0.0,0.0,0
f0e1630f32dc039064b2536422a040ce,2025-09-27,Football_SpreadValue_v1,58.0,-22.75,AWAY,,-0.75,0.0,0.75
f0e1630f32dc039064b2536422a040ce,2025-09-27,Football_TotalValue_v1,57.0,-23.5,,UNDER,0.0,-1.0,1.0
f146d157f41678d4d8d9ffc7bade8af6,2025-08-30,Football_KeyNumberGuard_v1,49.0,-34.5,,,0.0,0.0,0
f146d157f41678d4d8d9ffc7bade8af6,2025-08-30,Football_LineMovement_v1,49.0,-34.5,,,0.0,0.0,0
f146d157f41678d4d8d9ffc7bade8af6,2025-08-30,Football_MarketBlend_v1,48.5,-34.25,AWAY,UNDER,-0.25,-0.5,0.75
f146d157f41678d4d8d9ffc7bade8af6,2025-08-30,Football_MarketConsensus_v1,49.0,-34.5,,,0.0,0.0,0
f146d157f41678d4d8d9ffc7bade8af6,2025-08-30,Football_SpreadValue_v1,49.0,-33.75,AWAY,,-0.75,0.0,0.75
f146d157f41678d4d8d9ffc7bade8af6,2025-08-30,Football_TotalValue_v1,48.0,-34.5,,UNDER,0.0,-1.0,1.0
f1cf62076107958a8c8076e6ce1c5672,2025-09-27,Football_KeyNumberGuard_v1,55.5,-1.5,,,0.0,0.0,0
f1cf62076107958a8c8076e6ce1c5672,2025-09-27,Football_LineMovement_v1,55.5,-1.5,,,0.0,0.0,0
f1cf62076107958a8c8076e6ce1c5672,2025-09-27,Football_MarketBlend_v1,55.0,-1.25,AWAY,UNDER,-0.25,-0.5,0.75
f1cf62076107958a8c8076e6ce1c5672,2025-09-27,Football_MarketConsensus_v1,55.5,-1.5,,,0.0,0.0,0
f1cf62076107958a8c8076e6ce1c5672,2025-09-27,Football_SpreadValue_v1,55.5,-0.75,AWAY,,-0.75,0.0,0.75
f1cf62076107958a8c8076e6ce1c5672,2025-09-27,Football_TotalValue_v1,54.5,-1.5,,UNDER,0.0,-1.0,1.0
f1fa192df7e4f63e08254cc59d41daab,2025-09-13,Football_KeyNumberGuard_v1,47.5,-24.5,,,0.0,0.0,0
f1fa192df7e4f63e08254cc59d41daab,2025-09-13,Football_LineMovement_v1,47.5,-24.5,,,0.0,0.0,0
f1fa192df7e4f63e08254cc59d41daab,2025-09-13,Football_MarketBlend_v1,47.0,-24.25,AWAY,UNDER,-0.25,-0.5,0.75
f1fa192df7e4f63e08254cc59d41daab,2025-09-13,Football_MarketConsensus_v1,47.5,-24.5,,,0.0,0.0,0
f1fa192df7e4f63e08254cc59d41daab,2025-09-13,Football_SpreadValue_v1,47.5,-23.75,AWAY,,-0.75,0.0,0.75
f1fa192df7e4f63e08254cc59d41daab,2025-09-13,Football_TotalValue_v1,46.5,-24.5,,UNDER,0.0,-1.0,1.0
f227f0ba147cb8471b7fa0200e02b853,2025-11-29,Football_KeyNumberGuard_v1,53.5,3.0,,,0.0,0.0,0
f227f0ba147cb8471b7fa0200e02b853,2025-11-29,Football_LineMovement_v1,53.5,3.0,,,0.0,0.0,0
f227f0ba147cb8471b7fa0200e02b853,2025-11-29,Football_MarketBlend_v1,53.0,2.75,,UNDER,0.25,-0.5,0.75
f227f0ba147cb8471b7fa0200e02b853,2025-11-29,Football_MarketConsensus_v1,53.5,3.0,,,0.0,0.0,0
f227f0ba147cb8471b7fa0200e02b853,2025-11-29,Football_SpreadValue_v1,53.5,2.25,HOME,,0.75,0.0,0.75
f227f0ba147cb8471b7fa0200e02b853,2025-11-29,Football_TotalValue_v1,52.5,3.0,,UNDER,0.0,-1.0,1.0
f22a5eb25fe6c98b41dc3457a0317fe5,2025-11-22,Football_KeyNumberGuard_v1,49.5,-4.5,,,0.0,0.0,0
f22a5eb25fe6c98b41dc3457a0317fe5,2025-11-22,Football_LineMovement_v1,49.5,-4.5,,,0.0,0.0,0
f22a5eb25fe6c98b41dc3457a0317fe5,2025-11-22,Football_MarketBlend_v1,49.0,-4.25,AWAY,UNDER,-0.25,-0.5,0.75
f22a5eb25fe6c98b41dc3457a0317fe5,2025-11-22,Football_MarketConsensus_v1,49.5,-4.5,,,0.0,0.0,0
f22a5eb25fe6c98b41dc3457a0317fe5,2025-11-22,Football_SpreadValue_v1,49.5,-3.75,AWAY,,-0.75,0.0,0.75
f22a5eb25fe6c98b41dc3457a0317fe5,2025-11-22,Football_TotalValue_v1,48.5,-4.5,,UNDER,0.0,-1.0,1.0
f27f05325cb971e8a0169da77094ac09,2025-11-01,Football_KeyNumberGuard_v1,52.0,-3.0,,,0.0,0.0,0
f27f05325cb971e8a0169da77094ac09,2025-11-01,Football_LineMovement_v1,52.0,-3.0,,,0.0,0.0,0
f27f05325cb971e8a0169da77094ac09,2025-11-01,Football_MarketBlend_v1,51.5,-2.75,,UNDER,-0.25,-0.5,0.75
f27f05325cb971e8a0169da77094ac09,2025-11-01,Football_MarketConsensus_v1,52.0,-3.0,,,0.0,0.0,0
f27f05325cb971e8a0169da77094ac09,2025-11-01,Football_SpreadValue_v1,52.0,-2.25,AWAY,,-0.75,0.0,0.75
f27f05325cb971e8a0169da77094ac09,2025-11-01,Football_TotalValue_v1,51.0,-3.0,,UNDER,0.0,-1.0,1.0
f2cf826d5734af1bedd0fb1510a7605c,2025-08-29,Football_KeyNumberGuard_v1,51.5,6.5,,,0.0,0.0,0
f2cf826d5734af1bedd0fb1510a7605c,2025-08-29,Football_LineMovement_v1,51.5,6.5,,,0.0,0.0,0
f2cf826d5734af1bedd0fb1510a7605c,2025-08-29,Football_MarketBlend_v1,51.0,6.25,,UNDER,0.25,-0.5,0.75
f2cf826d5734af1bedd0fb1510a7605c,2025-08-29,Football_MarketConsensus_v1,51.5,6.5,,,0.0,0.0,0
f2cf826d5734af1bedd0fb1510a7605c,2025-08-29,Football_SpreadValue_v1,51.5,5.75,HOME,,0.75,0.0,0.75
f2cf826d5734af1bedd0fb1510a7605c,2025-08-29,Football_TotalValue_v1,50.5,6.5,,UNDER,0.0,-1.0,1.0
f30a3e55526764fd63fbade5b994faf6,2025-12-06,Football_KeyNumberGuard_v1,55.5,-1.5,,,0.0,0.0,0
f30a3e55526764fd63fbade5b994faf6,2025-12-06,Football_LineMovement_v1,55.5,-1.5,,,0.0,0.0,0
f30a3e55526764fd63fbade5b994faf6,2025-12-06,Football_MarketBlend_v1,55.5,-1.5,,,0.0,0.0,0
f30a3e55526764fd63fbade5b994faf6,2025-12-06,Football_MarketConsensus_v1,55.5,-1.5,,,0.0,0.0,0
f30a3e55526764fd63fbade5b994faf6,2025-12-06,Football_SpreadValue_v1,55.5,-1.5,,,0.0,0.0,0
f30a3e55526764fd63fbade5b994faf6,2025-12-06,Football_TotalValue_v1,55.5,-1.5,,,0.0,0.0,0
f33d69b70bdc14e4182a474c2cc29419,2026-09-12,Football_KeyNumberGuard_v1,57.5,-38.5,,,0.0,0.0,0
f33d69b70bdc14e4182a474c2cc29419,2026-09-12,Football_LineMovement_v1,57.5,-38.5,,,0.0,0.0,0
f33d69b70bdc14e4182a474c2cc29419,2026-09-12,Football_MarketBlend_v1,57.0,-38.25,AWAY,UNDER,-0.25,-0.5,0.75
f33d69b70bdc14e4182a474c2cc29419,2026-09-12,Football_MarketConsensus_v1,57.5,-38.5,,,0.0,0.0,0
f33d69b70bdc14e4182a474c2cc29419,2026-09-12,Football_SpreadValue_v1,57.5,-37.75,AWAY,,-0.75,0.0,0.75
f33d69b70bdc14e4182a474c2cc29419,2026-09-12,Football_TotalValue_v1,56.5,-38.5,,UNDER,0.0,-1.0,1.0
f35e80c2c336d6a9769b1b9a5ea34ebb,2025-10-08,Football_KeyNumberGuard_v1,49.5,2.5,,,0.0,0.0,0
f35e80c2c336d6a9769b1b9a5ea34ebb,2025-10-08,Football_LineMovement_v1,49.5,2.5,,,0.0,0.0,0
f35e80c2c336d6a9769b1b9a5ea34ebb,2025-10-08,Football_MarketBlend_v1,49.0,2.25,,UNDER,0.25,-0.5,0.75
f35e80c2c336d6a9769b1b9a5ea34ebb,2025-10-08,Football_MarketConsensus_v1,49.5,2.5,,,0.0,0.0,0
f35e80c2c336d6a9769b1b9a5ea34ebb,2025-10-08,Football_SpreadValue_v1,49.5,1.75,HOME,,0.75,0.0,0.75
f35e80c2c336d6a9769b1b9a5ea34ebb,2025-10-08,Football_TotalValue_v1,48.5,2.5,,UNDER,0.0,-1.0,1.0
f3f7c2b0939ba9e800a45fc7cb870914,2025-11-22,Football_KeyNumberGuard_v1,62.5,-6.5,,,0.0,0.0,0
f3f7c2b0939ba9e800a45fc7cb870914,2025-11-22,Football_LineMovement_v1,62.5,-6.5,,,0.0,0.0,0
f3f7c2b0939ba9e800a45fc7cb870914,2025-11-22,Football_MarketBlend_v1,62.0,-6.25,,UNDER,-0.25,-0.5,0.75
f3f7c2b0939ba9e800a45fc7cb870914,2025-11-22,Football_MarketConsensus_v1,62.5,-6.5,,,0.0,0.0,0
f3f7c2b0939ba9e800a45fc7cb870914,2025-11-22,Football_SpreadValue_v1,62.5,-5.75,AWAY,,-0.75,0.0,0.75
f3f7c2b0939ba9e800a45fc7cb870914,2025-11-22,Football_TotalValue_v1,61.5,-6.5,,UNDER,0.0,-1.0,1.0
f3fa678cb608349c6a01b82ea311cc98,2025-09-06,Football_KeyNumberGuard_v1,51.5,-19.5,,,0.0,0.0,0
f3fa678cb608349c6a01b82ea311cc98,2025-09-06,Football_LineMovement_v1,51.5,-19.5,,,0.0,0.0,0
f3fa678cb608349c6a01b82ea311cc98,2025-09-06,Football_MarketBlend_v1,51.0,-19.25,AWAY,UNDER,-0.25,-0.5,0.75
f3fa678cb608349c6a01b82ea311cc98,2025-09-06,Football_MarketConsensus_v1,51.5,-19.5,,,0.0,0.0,0
f3fa678cb608349c6a01b82ea311cc98,2025-09-06,Football_SpreadValue_v1,51.5,-18.75,AWAY,,-0.75,0.0,0.75
f3fa678cb608349c6a01b82ea311cc98,2025-09-06,Football_TotalValue_v1,50.5,-19.5,,UNDER,0.0,-1.0,1.0
f412c431e3f6d5b0645351971479df7b,2025-08-30,Football_KeyNumberGuard_v1,60.5,-13.0,,,0.0,0.0,0
f412c431e3f6d5b0645351971479df7b,2025-08-30,Football_LineMovement_v1,60.5,-13.0,,,0.0,0.0,0
f412c431e3f6d5b0645351971479df7b,2025-08-30,Football_MarketBlend_v1,60.0,-12.75,AWAY,UNDER,-0.25,-0.5,0.75
f412c431e3f6d5b0645351971479df7b,2025-08-30,Football_MarketConsensus_v1,60.5,-13.0,,,0.0,0.0,0
f412c431e3f6d5b0645351971479df7b,2025-08-30,Football_SpreadValue_v1,60.5,-12.25,AWAY,,-0.75,0.0,0.75
f412c431e3f6d5b0645351971479df7b,2025-08-30,Football_TotalValue_v1,59.5,-13.0,,UNDER,0.0,-1.0,1.0
f47ceaaef63b9125717a578648bdaab7,2025-11-01,Football_KeyNumberGuard_v1,52.5,-3.5,,,0.0,0.0,0
f47ceaaef63b9125717a578648bdaab7,2025-11-01,Football_LineMovement_v1,52.5,-3.5,,,0.0,0.0,0
f47ceaaef63b9125717a578648bdaab7,2025-11-01,Football_MarketBlend_v1,52.0,-3.25,,UNDER,-0.25,-0.5,0.75
f47ceaaef63b9125717a578648bdaab7,2025-11-01,Football_MarketConsensus_v1,52.5,-3.5,,,0.0,0.0,0
f47ceaaef63b9125717a578648bdaab7,2025-11-01,Football_SpreadValue_v1,52.5,-2.75,AWAY,,-0.75,0.0,0.75
f47ceaaef63b9125717a578648bdaab7,2025-11-01,Football_TotalValue_v1,51.5,-3.5,,UNDER,0.0,-1.0,1.0
f48274120104b3dd6de484cecdbc7e02,2025-09-27,Football_KeyNumberGuard_v1,52.5,-6.5,,,0.0,0.0,0
f48274120104b3dd6de484cecdbc7e02,2025-09-27,Football_LineMovement_v1,52.5,-6.5,,,0.0,0.0,0
f48274120104b3dd6de484cecdbc7e02,2025-09-27,Football_MarketBlend_v1,52.0,-6.25,,UNDER,-0.25,-0.5,0.75
f48274120104b3dd6de484cecdbc7e02,2025-09-27,Football_MarketConsensus_v1,52.5,-6.5,,,0.0,0.0,0
f48274120104b3dd6de484cecdbc7e02,2025-09-27,Football_SpreadValue_v1,52.5,-5.75,AWAY,,-0.75,0.0,0.75
f48274120104b3dd6de484cecdbc7e02,2025-09-27,Football_TotalValue_v1,51.5,-6.5,,UNDER,0.0,-1.0,1.0
f518da1ee37719512dc3a4de4631332c,2025-12-24,Football_KeyNumberGuard_v1,66.5,6.5,,,0.0,0.0,0
f518da1ee37719512dc3a4de4631332c,2025-12-24,Football_LineMovement_v1,66.5,6.5,,,0.0,0.0,0
f518da1ee37719512dc3a4de4631332c,2025-12-24,Football_MarketBlend_v1,66.0,6.25,,UNDER,0.25,-0.5,0.75
f518da1ee37719512dc3a4de4631332c,2025-12-24,Football_MarketConsensus_v1,66.5,6.5,,,0.0,0.0,0
f518da1ee37719512dc3a4de4631332c,2025-12-24,Football_SpreadValue_v1,66.5,5.75,HOME,,0.75,0.0,0.75
f518da1ee37719512dc3a4de4631332c,2025-12-24,Football_TotalValue_v1,65.5,6.5,,UNDER,0.0,-1.0,1.0
f52fd1eb78ff6a44662e772a4950263b,2025-09-14,Football_KeyNumberGuard_v1,60.5,-17.5,,,0.0,0.0,0
f52fd1eb78ff6a44662e772a4950263b,2025-09-14,Football_LineMovement_v1,60.5,-17.5,,,0.0,0.0,0
f52fd1eb78ff6a44662e772a4950263b,2025-09-14,Football_MarketBlend_v1,60.0,-17.25,AWAY,UNDER,-0.25,-0.5,0.75
f52fd1eb78ff6a44662e772a4950263b,2025-09-14,Football_MarketConsensus_v1,60.5,-17.5,,,0.0,0.0,0
f52fd1eb78ff6a44662e772a4950263b,2025-09-14,Football_SpreadValue_v1,60.5,-16.75,AWAY,,-0.75,0.0,0.75
f52fd1eb78ff6a44662e772a4950263b,2025-09-14,Football_TotalValue_v1,59.5,-17.5,,UNDER,0.0,-1.0,1.0
f53cf7187de74814bd8b0651a729b94b,2025-11-01,Football_KeyNumberGuard_v1,55.25,-2.5,,,0.0,0.0,0
f53cf7187de74814bd8b0651a729b94b,2025-11-01,Football_LineMovement_v1,55.25,-2.5,,,0.0,0.0,0
f53cf7187de74814bd8b0651a729b94b,2025-11-01,Football_MarketBlend_v1,54.75,-2.25,,UNDER,-0.25,-0.5,0.75
f53cf7187de74814bd8b0651a729b94b,2025-11-01,Football_MarketConsensus_v1,55.25,-2.5,,,0.0,0.0,0
f53cf7187de74814bd8b0651a729b94b,2025-11-01,Football_SpreadValue_v1,55.25,-1.75,AWAY,,-0.75,0.0,0.75
f53cf7187de74814bd8b0651a729b94b,2025-11-01,Football_TotalValue_v1,54.25,-2.5,,UNDER,0.0,-1.0,1.0
f5de73eb9ed5553f7de28a2730b2e700,2026-09-12,Football_KeyNumberGuard_v1,59.5,4.0,,,0.0,0.0,0
f5de73eb9ed5553f7de28a2730b2e700,2026-09-12,Football_LineMovement_v1,59.5,4.0,,,0.0,0.0,0
f5de73eb9ed5553f7de28a2730b2e700,2026-09-12,Football_MarketBlend_v1,59.0,3.75,HOME,UNDER,0.25,-0.5,0.75
f5de73eb9ed5553f7de28a2730b2e700,2026-09-12,Football_MarketConsensus_v1,59.5,4.0,,,0.0,0.0,0
f5de73eb9ed5553f7de28a2730b2e700,2026-09-12,Football_SpreadValue_v1,59.5,3.25,HOME,,0.75,0.0,0.75
f5de73eb9ed5553f7de28a2730b2e700,2026-09-12,Football_TotalValue_v1,58.5,4.0,,UNDER,0.0,-1.0,1.0
f63b3ba5fb0084b3b5d735394f10ce43,2025-10-14,Football_KeyNumberGuard_v1,46.5,-10.0,,,0.0,0.0,0
f63b3ba5fb0084b3b5d735394f10ce43,2025-10-14,Football_LineMovement_v1,46.5,-10.0,,,0.0,0.0,0
f63b3ba5fb0084b3b5d735394f10ce43,2025-10-14,Football_MarketBlend_v1,46.0,-9.75,,UNDER,-0.25,-0.5,0.75
f63b3ba5fb0084b3b5d735394f10ce43,2025-10-14,Football_MarketConsensus_v1,46.5,-10.0,,,0.0,0.0,0
f63b3ba5fb0084b3b5d735394f10ce43,2025-10-14,Football_SpreadValue_v1,46.5,-9.25,AWAY,,-0.75,0.0,0.75
f63b3ba5fb0084b3b5d735394f10ce43,2025-10-14,Football_TotalValue_v1,45.5,-10.0,,UNDER,0.0,-1.0,1.0
f64071bbf06bf34a684c347ad45f82a9,2025-11-29,Football_KeyNumberGuard_v1,46.5,-1.5,,,0.0,0.0,0
f64071bbf06bf34a684c347ad45f82a9,2025-11-29,Football_LineMovement_v1,46.5,-1.5,,,0.0,0.0,0
f64071bbf06bf34a684c347ad45f82a9,2025-11-29,Football_MarketBlend_v1,46.0,-1.25,AWAY,UNDER,-0.25,-0.5,0.75
f64071bbf06bf34a684c347ad45f82a9,2025-11-29,Football_MarketConsensus_v1,46.5,-1.5,,,0.0,0.0,0
f64071bbf06bf34a684c347ad45f82a9,2025-11-29,Football_SpreadValue_v1,46.5,-0.75,AWAY,,-0.75,0.0,0.75
f64071bbf06bf34a684c347ad45f82a9,2025-11-29,Football_TotalValue_v1,45.5,-1.5,,UNDER,0.0,-1.0,1.0
f64dfff0ca497539e1d013801cca92af,2026-09-12,Football_KeyNumberGuard_v1,55.5,-35.0,,,0.0,0.0,0
f64dfff0ca497539e1d013801cca92af,2026-09-12,Football_LineMovement_v1,55.5,-35.0,,,0.0,0.0,0
f64dfff0ca497539e1d013801cca92af,2026-09-12,Football_MarketBlend_v1,55.0,-34.75,AWAY,UNDER,-0.25,-0.5,0.75
f64dfff0ca497539e1d013801cca92af,2026-09-12,Football_MarketConsensus_v1,55.5,-35.0,,,0.0,0.0,0
f64dfff0ca497539e1d013801cca92af,2026-09-12,Football_SpreadValue_v1,55.5,-34.25,AWAY,,-0.75,0.0,0.75
f64dfff0ca497539e1d013801cca92af,2026-09-12,Football_TotalValue_v1,54.5,-35.0,,UNDER,0.0,-1.0,1.0
f652e81624955a035c53f10089a56e2e,2025-09-20,Football_KeyNumberGuard_v1,46.5,8.0,,,0.0,0.0,0
f652e81624955a035c53f10089a56e2e,2025-09-20,Football_LineMovement_v1,46.5,8.0,,,0.0,0.0,0
f652e81624955a035c53f10089a56e2e,2025-09-20,Football_MarketBlend_v1,46.0,7.75,HOME,UNDER,0.25,-0.5,0.75
f652e81624955a035c53f10089a56e2e,2025-09-20,Football_MarketConsensus_v1,46.5,8.0,,,0.0,0.0,0
f652e81624955a035c53f10089a56e2e,2025-09-20,Football_SpreadValue_v1,46.5,7.25,HOME,,0.75,0.0,0.75
f652e81624955a035c53f10089a56e2e,2025-09-20,Football_TotalValue_v1,45.5,8.0,,UNDER,0.0,-1.0,1.0
f65d280c50613dc0089571280476bc4a,2025-09-20,Football_KeyNumberGuard_v1,51.5,-15.5,,,0.0,0.0,0
f65d280c50613dc0089571280476bc4a,2025-09-20,Football_LineMovement_v1,51.5,-15.5,,,0.0,0.0,0
f65d280c50613dc0089571280476bc4a,2025-09-20,Football_MarketBlend_v1,51.0,-15.25,AWAY,UNDER,-0.25,-0.5,0.75
f65d280c50613dc0089571280476bc4a,2025-09-20,Football_MarketConsensus_v1,51.5,-15.5,,,0.0,0.0,0
f65d280c50613dc0089571280476bc4a,2025-09-20,Football_SpreadValue_v1,51.5,-14.75,AWAY,,-0.75,0.0,0.75
f65d280c50613dc0089571280476bc4a,2025-09-20,Football_TotalValue_v1,50.5,-15.5,,UNDER,0.0,-1.0,1.0
f673c68e1b8e73ab2a4b07b8194cb030,2025-12-27,Football_KeyNumberGuard_v1,42.0,-8.5,,,0.0,0.0,0
f673c68e1b8e73ab2a4b07b8194cb030,2025-12-27,Football_LineMovement_v1,42.0,-8.5,,,0.0,0.0,0
f673c68e1b8e73ab2a4b07b8194cb030,2025-12-27,Football_MarketBlend_v1,42.5,-8.25,AWAY,OVER,-0.25,0.5,0.75
f673c68e1b8e73ab2a4b07b8194cb030,2025-12-27,Football_MarketConsensus_v1,42.0,-8.5,,,0.0,0.0,0
f673c68e1b8e73ab2a4b07b8194cb030,2025-12-27,Football_SpreadValue_v1,42.0,-7.75,AWAY,,-0.75,0.0,0.75
f673c68e1b8e73ab2a4b07b8194cb030,2025-12-27,Football_TotalValue_v1,43.0,-8.5,,OVER,0.0,1.0,1.0
f725f3f6b4997b4743eab27059a76b9a,2025-09-13,Football_KeyNumberGuard_v1,56.5,-2.0,,,0.0,0.0,0
f725f3f6b4997b4743eab27059a76b9a,2025-09-13,Football_LineMovement_v1,56.5,-2.0,,,0.0,0.0,0
f725f3f6b4997b4743eab27059a76b9a,2025-09-13,Football_MarketBlend_v1,56.0,-1.75,AWAY,UNDER,-0.25,-0.5,0.75
f725f3f6b4997b4743eab27059a76b9a,2025-09-13,Football_MarketConsensus_v1,56.5,-2.0,,,0.0,0.0,0
f725f3f6b4997b4743eab27059a76b9a,2025-09-13,Football_SpreadValue_v1,56.5,-1.25,AWAY,,-0.75,0.0,0.75
f725f3f6b4997b4743eab27059a76b9a,2025-09-13,Football_TotalValue_v1,55.5,-2.0,,UNDER,0.0,-1.0,1.0
f77f31a47eb33d465d89794897312559,2025-09-13,Football_KeyNumberGuard_v1,54.25,-33.5,,,0.0,0.0,0
f77f31a47eb33d465d89794897312559,2025-09-13,Football_LineMovement_v1,54.25,-33.5,,,0.0,0.0,0
f77f31a47eb33d465d89794897312559,2025-09-13,Football_MarketBlend_v1,53.75,-33.25,AWAY,UNDER,-0.25,-0.5,0.75
f77f31a47eb33d465d89794897312559,2025-09-13,Football_MarketConsensus_v1,54.25,-33.5,,,0.0,0.0,0
f77f31a47eb33d465d89794897312559,2025-09-13,Football_SpreadValue_v1,54.25,-32.75,AWAY,,-0.75,0.0,0.75
f77f31a47eb33d465d89794897312559,2025-09-13,Football_TotalValue_v1,53.25,-33.5,,UNDER,0.0,-1.0,1.0
f7e3b232e4a570cc7d5d4484f83f3a5c,2025-11-01,Football_KeyNumberGuard_v1,48.0,-3.5,,,0.0,0.0,0
f7e3b232e4a570cc7d5d4484f83f3a5c,2025-11-01,Football_LineMovement_v1,48.0,-3.5,,,0.0,0.0,0
f7e3b232e4a570cc7d5d4484f83f3a5c,2025-11-01,Football_MarketBlend_v1,47.5,-3.25,,UNDER,-0.25,-0.5,0.75
f7e3b232e4a570cc7d5d4484f83f3a5c,2025-11-01,Football_MarketConsensus_v1,48.0,-3.5,,,0.0,0.0,0
f7e3b232e4a570cc7d5d4484f83f3a5c,2025-11-01,Football_SpreadValue_v1,48.0,-2.75,AWAY,,-0.75,0.0,0.75
f7e3b232e4a570cc7d5d4484f83f3a5c,2025-11-01,Football_TotalValue_v1,47.0,-3.5,,UNDER,0.0,-1.0,1.0
f7f75940634e8ec62dac353f09be0677,2025-09-19,Football_KeyNumberGuard_v1,54.5,-9.5,,,0.0,0.0,0
f7f75940634e8ec62dac353f09be0677,2025-09-19,Football_LineMovement_v1,54.5,-9.5,,,0.0,0.0,0
f7f75940634e8ec62dac353f09be0677,2025-09-19,Football_MarketBlend_v1,54.0,-9.25,,UNDER,-0.25,-0.5,0.75
f7f75940634e8ec62dac353f09be0677,2025-09-19,Football_MarketConsensus_v1,54.5,-9.5,,,0.0,0.0,0
f7f75940634e8ec62dac353f09be0677,2025-09-19,Football_SpreadValue_v1,54.5,-8.75,AWAY,,-0.75,0.0,0.75
f7f75940634e8ec62dac353f09be0677,2025-09-19,Football_TotalValue_v1,53.5,-9.5,,UNDER,0.0,-1.0,1.0
f825e4c4d512e1c0a6db6ac7d8bc0326,2026-11-28,Football_KeyNumberGuard_v1,52.5,-4.5,,,0.0,0.0,0
f825e4c4d512e1c0a6db6ac7d8bc0326,2026-11-28,Football_LineMovement_v1,52.5,-4.5,,,0.0,0.0,0
f825e4c4d512e1c0a6db6ac7d8bc0326,2026-11-28,Football_MarketBlend_v1,52.5,-4.5,,,0.0,0.0,0
f825e4c4d512e1c0a6db6ac7d8bc0326,2026-11-28,Football_MarketConsensus_v1,52.5,-4.5,,,0.0,0.0,0
f825e4c4d512e1c0a6db6ac7d8bc0326,2026-11-28,Football_SpreadValue_v1,52.5,-4.5,,,0.0,0.0,0
f825e4c4d512e1c0a6db6ac7d8bc0326,2026-11-28,Football_TotalValue_v1,52.5,-4.5,,,0.0,0.0,0
f85969d656d1cafcfc4e60290a25bb09,2026-09-12,Football_KeyNumberGuard_v1,53.5,-23.5,,,0.0,0.0,0
f85969d656d1cafcfc4e60290a25bb09,2026-09-12,Football_LineMovement_v1,53.5,-23.5,,,0.0,0.0,0
f85969d656d1cafcfc4e60290a25bb09,2026-09-12,Football_MarketBlend_v1,53.0,-23.25,AWAY,UNDER,-0.25,-0.5,0.75
f85969d656d1cafcfc4e60290a25bb09,2026-09-12,Football_MarketConsensus_v1,53.5,-23.5,,,0.0,0.0,0
f85969d656d1cafcfc4e60290a25bb09,2026-09-12,Football_SpreadValue_v1,53.5,-22.75,AWAY,,-0.75,0.0,0.75
f85969d656d1cafcfc4e60290a25bb09,2026-09-12,Football_TotalValue_v1,52.5,-23.5,,UNDER,0.0,-1.0,1.0
f88be3eb99624912fed9f8dfc9c3b017,2025-08-23,Football_KeyNumberGuard_v1,50.0,-2.5,,,0.0,0.0,0
f88be3eb99624912fed9f8dfc9c3b017,2025-08-23,Football_LineMovement_v1,50.0,-2.5,,,0.0,0.0,0
f88be3eb99624912fed9f8dfc9c3b017,2025-08-23,Football_MarketBlend_v1,49.5,-2.25,,UNDER,-0.25,-0.5,0.75
f88be3eb99624912fed9f8dfc9c3b017,2025-08-23,Football_MarketConsensus_v1,50.0,-2.5,,,0.0,0.0,0
f88be3eb99624912fed9f8dfc9c3b017,2025-08-23,Football_SpreadValue_v1,50.0,-1.75,AWAY,,-0.75,0.0,0.75
f88be3eb99624912fed9f8dfc9c3b017,2025-08-23,Football_TotalValue_v1,49.0,-2.5,,UNDER,0.0,-1.0,1.0
f8af8764a2800e0546e0d630375c5155,2025-10-11,Football_KeyNumberGuard_v1,55.5,3.0,,,0.0,0.0,0
f8af8764a2800e0546e0d630375c5155,2025-10-11,Football_LineMovement_v1,55.5,3.0,,,0.0,0.0,0
f8af8764a2800e0546e0d630375c5155,2025-10-11,Football_MarketBlend_v1,55.0,2.75,,UNDER,0.25,-0.5,0.75
f8af8764a2800e0546e0d630375c5155,2025-10-11,Football_MarketConsensus_v1,55.5,3.0,,,0.0,0.0,0
f8af8764a2800e0546e0d630375c5155,2025-10-11,Football_SpreadValue_v1,55.5,2.25,HOME,,0.75,0.0,0.75
f8af8764a2800e0546e0d630375c5155,2025-10-11,Football_TotalValue_v1,54.5,3.0,,UNDER,0.0,-1.0,1.0
f921de41ef2918f15fc38af1091d6206,2025-09-27,Football_KeyNumberGuard_v1,54.5,-3.0,,,0.0,0.0,0
f921de41ef2918f15fc38af1091d6206,2025-09-27,Football_LineMovement_v1,54.5,-3.0,,,0.0,0.0,0
f921de41ef2918f15fc38af1091d6206,2025-09-27,Football_MarketBlend_v1,54.0,-2.75,,UNDER,-0.25,-0.5,0.75
f921de41ef2918f15fc38af1091d6206,2025-09-27,Football_MarketConsensus_v1,54.5,-3.0,,,0.0,0.0,0
f921de41ef2918f15fc38af1091d6206,2025-09-27,Football_SpreadValue_v1,54.5,-2.25,AWAY,,-0.75,0.0,0.75
f921de41ef2918f15fc38af1091d6206,2025-09-27,Football_TotalValue_v1,53.5,-3.0,,UNDER,0.0,-1.0,1.0
f92b0c2e0458d4b67a708cf2cc086479,2025-10-04,Football_KeyNumberGuard_v1,46.5,-19.5,,,0.0,0.0,0
f92b0c2e0458d4b67a708cf2cc086479,2025-10-04,Football_LineMovement_v1,46.5,-19.5,,,0.0,0.0,0
f92b0c2e0458d4b67a708cf2cc086479,2025-10-04,Football_MarketBlend_v1,46.0,-19.25,AWAY,UNDER,-0.25,-0.5,0.75
f92b0c2e0458d4b67a708cf2cc086479,2025-10-04,Football_MarketConsensus_v1,46.5,-19.5,,,0.0,0.0,0
f92b0c2e0458d4b67a708cf2cc086479,2025-10-04,Football_SpreadValue_v1,46.5,-18.75,AWAY,,-0.75,0.0,0.75
f92b0c2e0458d4b67a708cf2cc086479,2025-10-04,Football_TotalValue_v1,45.5,-19.5,,UNDER,0.0,-1.0,1.0
f959699d770536ccda4fc4df72a954ea,2025-11-28,Football_KeyNumberGuard_v1,63.0,7.0,,,0.0,0.0,0
f959699d770536ccda4fc4df72a954ea,2025-11-28,Football_LineMovement_v1,63.0,7.0,,,0.0,0.0,0
f959699d770536ccda4fc4df72a954ea,2025-11-28,Football_MarketBlend_v1,62.5,6.75,,UNDER,0.25,-0.5,0.75
f959699d770536ccda4fc4df72a954ea,2025-11-28,Football_MarketConsensus_v1,63.0,7.0,,,0.0,0.0,0
f959699d770536ccda4fc4df72a954ea,2025-11-28,Football_SpreadValue_v1,63.0,6.25,HOME,,0.75,0.0,0.75
f959699d770536ccda4fc4df72a954ea,2025-11-28,Football_TotalValue_v1,62.0,7.0,,UNDER,0.0,-1.0,1.0
f9b664cce99aad69a23c81635e4fac0f,2025-11-19,Football_KeyNumberGuard_v1,51.5,-33.5,,,0.0,0.0,0
f9b664cce99aad69a23c81635e4fac0f,2025-11-19,Football_LineMovement_v1,51.5,-33.5,,,0.0,0.0,0
f9b664cce99aad69a23c81635e4fac0f,2025-11-19,Football_MarketBlend_v1,51.0,-33.25,AWAY,UNDER,-0.25,-0.5,0.75
f9b664cce99aad69a23c81635e4fac0f,2025-11-19,Football_MarketConsensus_v1,51.5,-33.5,,,0.0,0.0,0
f9b664cce99aad69a23c81635e4fac0f,2025-11-19,Football_SpreadValue_v1,51.5,-32.75,AWAY,,-0.75,0.0,0.75
f9b664cce99aad69a23c81635e4fac0f,2025-11-19,Football_TotalValue_v1,50.5,-33.5,,UNDER,0.0,-1.0,1.0
fa2d5dbab5d79c98893ce5b7a23c1d3e,2025-10-18,Football_KeyNumberGuard_v1,61.0,-13.0,,,0.0,0.0,0
fa2d5dbab5d79c98893ce5b7a23c1d3e,2025-10-18,Football_LineMovement_v1,61.0,-13.0,,,0.0,0.0,0
fa2d5dbab5d79c98893ce5b7a23c1d3e,2025-10-18,Football_MarketBlend_v1,60.5,-12.75,AWAY,UNDER,-0.25,-0.5,0.75
fa2d5dbab5d79c98893ce5b7a23c1d3e,2025-10-18,Football_MarketConsensus_v1,61.0,-13.0,,,0.0,0.0,0
fa2d5dbab5d79c98893ce5b7a23c1d3e,2025-10-18,Football_SpreadValue_v1,61.0,-12.25,AWAY,,-0.75,0.0,0.75
fa2d5dbab5d79c98893ce5b7a23c1d3e,2025-10-18,Football_TotalValue_v1,60.0,-13.0,,UNDER,0.0,-1.0,1.0
fa877e625753f69bd36947d9b697faae,2025-11-01,Football_KeyNumberGuard_v1,59.0,4.5,,,0.0,0.0,0
fa877e625753f69bd36947d9b697faae,2025-11-01,Football_LineMovement_v1,59.0,4.5,,,0.0,0.0,0
fa877e625753f69bd36947d9b697faae,2025-11-01,Football_MarketBlend_v1,58.5,4.25,HOME,UNDER,0.25,-0.5,0.75
fa877e625753f69bd36947d9b697faae,2025-11-01,Football_MarketConsensus_v1,59.0,4.5,,,0.0,0.0,0
fa877e625753f69bd36947d9b697faae,2025-11-01,Football_SpreadValue_v1,59.0,3.75,HOME,,0.75,0.0,0.75
fa877e625753f69bd36947d9b697faae,2025-11-01,Football_TotalValue_v1,58.0,4.5,,UNDER,0.0,-1.0,1.0
fa98066b4b400fb6af0672e170cc584a,2026-11-22,Football_KeyNumberGuard_v1,56.5,-17.5,,,0.0,0.0,0
fa98066b4b400fb6af0672e170cc584a,2026-11-22,Football_LineMovement_v1,56.5,-17.5,,,0.0,0.0,0
fa98066b4b400fb6af0672e170cc584a,2026-11-22,Football_MarketBlend_v1,56.5,-17.5,,,0.0,0.0,0
fa98066b4b400fb6af0672e170cc584a,2026-11-22,Football_MarketConsensus_v1,56.5,-17.5,,,0.0,0.0,0
fa98066b4b400fb6af0672e170cc584a,2026-11-22,Football_SpreadValue_v1,56.5,-17.5,,,0.0,0.0,0
fa98066b4b400fb6af0672e170cc584a,2026-11-22,Football_TotalValue_v1,56.5,-17.5,,,0.0,0.0,0
fabf700114de9a665c40478e8dceccc9,2025-10-18,Football_KeyNumberGuard_v1,61.5,-4.0,,,0.0,0.0,0
fabf700114de9a665c40478e8dceccc9,2025-10-18,Football_LineMovement_v1,61.5,-4.0,,,0.0,0.0,0
fabf700114de9a665c40478e8dceccc9,2025-10-18,Football_MarketBlend_v1,61.0,-3.75,AWAY,UNDER,-0.25,-0.5,0.75
fabf700114de9a665c40478e8dceccc9,2025-10-18,Football_MarketConsensus_v1,61.5,-4.0,,,0.0,0.0,0
fabf700114de9a665c40478e8dceccc9,2025-10-18,Football_SpreadValue_v1,61.5,-3.25,AWAY,,-0.75,0.0,0.75
fabf700114de9a665c40478e8dceccc9,2025-10-18,Football_TotalValue_v1,60.5,-4.0,,UNDER,0.0,-1.0,1.0
fafc61915d3429e8949bfa512a15505c,2025-11-01,Football_KeyNumberGuard_v1,54.75,-4.0,,,0.0,0.0,0
fafc61915d3429e8949bfa512a15505c,2025-11-01,Football_LineMovement_v1,54.75,-4.0,,,0.0,0.0,0
fafc61915d3429e8949bfa512a15505c,2025-11-01,Football_MarketBlend_v1,54.25,-3.75,AWAY,UNDER,-0.25,-0.5,0.75
fafc61915d3429e8949bfa512a15505c,2025-11-01,Football_MarketConsensus_v1,54.75,-4.0,,,0.0,0.0,0
fafc61915d3429e8949bfa512a15505c,2025-11-01,Football_SpreadValue_v1,54.75,-3.25,AWAY,,-0.75,0.0,0.75
fafc61915d3429e8949bfa512a15505c,2025-11-01,Football_TotalValue_v1,53.75,-4.0,,UNDER,0.0,-1.0,1.0
fb1b5add87c95152d9887785fdfaff81,2025-09-27,Football_KeyNumberGuard_v1,55.5,-3.5,,,0.0,0.0,0
fb1b5add87c95152d9887785fdfaff81,2025-09-27,Football_LineMovement_v1,55.5,-3.5,,,0.0,0.0,0
fb1b5add87c95152d9887785fdfaff81,2025-09-27,Football_MarketBlend_v1,55.0,-3.25,,UNDER,-0.25,-0.5,0.75
fb1b5add87c95152d9887785fdfaff81,2025-09-27,Football_MarketConsensus_v1,55.5,-3.5,,,0.0,0.0,0
fb1b5add87c95152d9887785fdfaff81,2025-09-27,Football_SpreadValue_v1,55.5,-2.75,AWAY,,-0.75,0.0,0.75
fb1b5add87c95152d9887785fdfaff81,2025-09-27,Football_TotalValue_v1,54.5,-3.5,,UNDER,0.0,-1.0,1.0
fb6839df368dc6724c22bd58cbe64a5d,2026-09-05,Football_KeyNumberGuard_v1,52.5,-16.5,,,0.0,0.0,0
fb6839df368dc6724c22bd58cbe64a5d,2026-09-05,Football_LineMovement_v1,52.5,-16.5,,,0.0,0.0,0
fb6839df368dc6724c22bd58cbe64a5d,2026-09-05,Football_MarketBlend_v1,52.0,-16.25,AWAY,UNDER,-0.25,-0.5,0.75
fb6839df368dc6724c22bd58cbe64a5d,2026-09-05,Football_MarketConsensus_v1,52.5,-16.5,,,0.0,0.0,0
fb6839df368dc6724c22bd58cbe64a5d,2026-09-05,Football_SpreadValue_v1,52.5,-15.75,AWAY,,-0.75,0.0,0.75
fb6839df368dc6724c22bd58cbe64a5d,2026-09-05,Football_TotalValue_v1,51.5,-16.5,,UNDER,0.0,-1.0,1.0
fb72179c63f6d05558016847bcf47a8d,2025-08-31,Football_KeyNumberGuard_v1,61.5,-43.5,,,0.0,0.0,0
fb72179c63f6d05558016847bcf47a8d,2025-08-31,Football_LineMovement_v1,61.5,-43.5,,,0.0,0.0,0
fb72179c63f6d05558016847bcf47a8d,2025-08-31,Football_MarketBlend_v1,61.0,-43.25,AWAY,UNDER,-0.25,-0.5,0.75
fb72179c63f6d05558016847bcf47a8d,2025-08-31,Football_MarketConsensus_v1,61.5,-43.5,,,0.0,0.0,0
fb72179c63f6d05558016847bcf47a8d,2025-08-31,Football_SpreadValue_v1,61.5,-42.75,AWAY,,-0.75,0.0,0.75
fb72179c63f6d05558016847bcf47a8d,2025-08-31,Football_TotalValue_v1,60.5,-43.5,,UNDER,0.0,-1.0,1.0
fbde7d91385363d991f47b06e939428c,2025-10-04,Football_KeyNumberGuard_v1,42.5,5.0,,,0.0,0.0,0
fbde7d91385363d991f47b06e939428c,2025-10-04,Football_LineMovement_v1,42.5,5.0,,,0.0,0.0,0
fbde7d91385363d991f47b06e939428c,2025-10-04,Football_MarketBlend_v1,43.0,4.75,HOME,OVER,0.25,0.5,0.75
fbde7d91385363d991f47b06e939428c,2025-10-04,Football_MarketConsensus_v1,42.5,5.0,,,0.0,0.0,0
fbde7d91385363d991f47b06e939428c,2025-10-04,Football_SpreadValue_v1,42.5,4.25,HOME,,0.75,0.0,0.75
fbde7d91385363d991f47b06e939428c,2025-10-04,Football_TotalValue_v1,43.5,5.0,,OVER,0.0,1.0,1.0
fc14fc6cc614c501289dce87abdaa041,2025-09-13,Football_KeyNumberGuard_v1,53.5,-15.0,,,0.0,0.0,0
fc14fc6cc614c501289dce87abdaa041,2025-09-13,Football_LineMovement_v1,53.5,-15.0,,,0.0,0.0,0
fc14fc6cc614c501289dce87abdaa041,2025-09-13,Football_MarketBlend_v1,53.0,-14.75,AWAY,UNDER,-0.25,-0.5,0.75
fc14fc6cc614c501289dce87abdaa041,2025-09-13,Football_MarketConsensus_v1,53.5,-15.0,,,0.0,0.0,0
fc14fc6cc614c501289dce87abdaa041,2025-09-13,Football_SpreadValue_v1,53.5,-14.25,AWAY,,-0.75,0.0,0.75
fc14fc6cc614c501289dce87abdaa041,2025-09-13,Football_TotalValue_v1,52.5,-15.0,,UNDER,0.0,-1.0,1.0
fc6dab7a706de775417de1c94b3dd419,2025-10-11,Football_KeyNumberGuard_v1,50.5,3.0,,,0.0,0.0,0
fc6dab7a706de775417de1c94b3dd419,2025-10-11,Football_LineMovement_v1,50.5,3.0,,,0.0,0.0,0
fc6dab7a706de775417de1c94b3dd419,2025-10-11,Football_MarketBlend_v1,50.0,2.75,,UNDER,0.25,-0.5,0.75
fc6dab7a706de775417de1c94b3dd419,2025-10-11,Football_MarketConsensus_v1,50.5,3.0,,,0.0,0.0,0
fc6dab7a706de775417de1c94b3dd419,2025-10-11,Football_SpreadValue_v1,50.5,2.25,HOME,,0.75,0.0,0.75
fc6dab7a706de775417de1c94b3dd419,2025-10-11,Football_TotalValue_v1,49.5,3.0,,UNDER,0.0,-1.0,1.0
fca43c84b575e6d2a974da994e1ca32f,2025-11-29,Football_KeyNumberGuard_v1,36.0,-11.0,,,0.0,0.0,0
fca43c84b575e6d2a974da994e1ca32f,2025-11-29,Football_LineMovement_v1,36.0,-11.0,,,0.0,0.0,0
fca43c84b575e6d2a974da994e1ca32f,2025-11-29,Football_MarketBlend_v1,36.5,-10.75,AWAY,OVER,-0.25,0.5,0.75
fca43c84b575e6d2a974da994e1ca32f,2025-11-29,Football_MarketConsensus_v1,36.0,-11.0,,,0.0,0.0,0
fca43c84b575e6d2a974da994e1ca32f,2025-11-29,Football_SpreadValue_v1,36.0,-10.25,AWAY,,-0.75,0.0,0.75
fca43c84b575e6d2a974da994e1ca32f,2025-11-29,Football_TotalValue_v1,37.0,-11.0,,OVER,0.0,1.0,1.0
fcdc35425f50cb7bda3057b6a43b7fab,2025-08-30,Football_KeyNumberGuard_v1,56.5,-37.5,,,0.0,0.0,0
fcdc35425f50cb7bda3057b6a43b7fab,2025-08-30,Football_LineMovement_v1,56.5,-37.5,,,0.0,0.0,0
fcdc35425f50cb7bda3057b6a43b7fab,2025-08-30,Football_MarketBlend_v1,56.0,-37.25,AWAY,UNDER,-0.25,-0.5,0.75
fcdc35425f50cb7bda3057b6a43b7fab,2025-08-30,Football_MarketConsensus_v1,56.5,-37.5,,,0.0,0.0,0
fcdc35425f50cb7bda3057b6a43b7fab,2025-08-30,Football_SpreadValue_v1,56.5,-36.75,AWAY,,-0.75,0.0,0.75
fcdc35425f50cb7bda3057b6a43b7fab,2025-08-30,Football_TotalValue_v1,55.5,-37.5,,UNDER,0.0,-1.0,1.0
fd20bb3cdf2afbfeaa3daa9b665a5767,2025-09-14,Football_KeyNumberGuard_v1,59.5,-41.5,,,0.0,0.0,0
fd20bb3cdf2afbfeaa3daa9b665a5767,2025-09-14,Football_LineMovement_v1,59.5,-41.5,,,0.0,0.0,0
fd20bb3cdf2afbfeaa3daa9b665a5767,2025-09-14,Football_MarketBlend_v1,59.0,-41.25,AWAY,UNDER,-0.25,-0.5,0.75
fd20bb3cdf2afbfeaa3daa9b665a5767,2025-09-14,Football_MarketConsensus_v1,59.5,-41.5,,,0.0,0.0,0
fd20bb3cdf2afbfeaa3daa9b665a5767,2025-09-14,Football_SpreadValue_v1,59.5,-40.75,AWAY,,-0.75,0.0,0.75
fd20bb3cdf2afbfeaa3daa9b665a5767,2025-09-14,Football_TotalValue_v1,58.5,-41.5,,UNDER,0.0,-1.0,1.0
fdbf98c8da4412e69fc190ad9d6b8278,2025-09-27,Football_KeyNumberGuard_v1,52.0,15.0,,,0.0,0.0,0
fdbf98c8da4412e69fc190ad9d6b8278,2025-09-27,Football_LineMovement_v1,52.0,15.0,,,0.0,0.0,0
fdbf98c8da4412e69fc190ad9d6b8278,2025-09-27,Football_MarketBlend_v1,51.5,14.75,HOME,UNDER,0.25,-0.5,0.75
fdbf98c8da4412e69fc190ad9d6b8278,2025-09-27,Football_MarketConsensus_v1,52.0,15.0,,,0.0,0.0,0
fdbf98c8da4412e69fc190ad9d6b8278,2025-09-27,Football_SpreadValue_v1,52.0,14.25,HOME,,0.75,0.0,0.75
fdbf98c8da4412e69fc190ad9d6b8278,2025-09-27,Football_TotalValue_v1,51.0,15.0,,UNDER,0.0,-1.0,1.0
fde1da5b11f312009f2b0a445728ef08,2025-11-22,Football_KeyNumberGuard_v1,54.5,-6.5,,,0.0,0.0,0
fde1da5b11f312009f2b0a445728ef08,2025-11-22,Football_LineMovement_v1,54.5,-6.5,,,0.0,0.0,0
fde1da5b11f312009f2b0a445728ef08,2025-11-22,Football_MarketBlend_v1,54.0,-6.25,,UNDER,-0.25,-0.5,0.75
fde1da5b11f312009f2b0a445728ef08,2025-11-22,Football_MarketConsensus_v1,54.5,-6.5,,,0.0,0.0,0
fde1da5b11f312009f2b0a445728ef08,2025-11-22,Football_SpreadValue_v1,54.5,-5.75,AWAY,,-0.75,0.0,0.75
fde1da5b11f312009f2b0a445728ef08,2025-11-22,Football_TotalValue_v1,53.5,-6.5,,UNDER,0.0,-1.0,1.0
fde61dca2f5d5d96267fb00ce6a3d1b9,2025-09-06,Football_KeyNumberGuard_v1,58.0,-7.5,,,0.0,0.0,0
fde61dca2f5d5d96267fb00ce6a3d1b9,2025-09-06,Football_LineMovement_v1,58.0,-7.5,,,0.0,0.0,0
fde61dca2f5d5d96267fb00ce6a3d1b9,2025-09-06,Football_MarketBlend_v1,57.5,-7.25,,UNDER,-0.25,-0.5,0.75
fde61dca2f5d5d96267fb00ce6a3d1b9,2025-09-06,Football_MarketConsensus_v1,58.0,-7.5,,,0.0,0.0,0
fde61dca2f5d5d96267fb00ce6a3d1b9,2025-09-06,Football_SpreadValue_v1,58.0,-6.75,AWAY,,-0.75,0.0,0.75
fde61dca2f5d5d96267fb00ce6a3d1b9,2025-09-06,Football_TotalValue_v1,57.0,-7.5,,UNDER,0.0,-1.0,1.0
fe157539436ac33506849b9a37a657f5,2025-09-07,Football_KeyNumberGuard_v1,54.0,-44.5,,,0.0,0.0,0
fe157539436ac33506849b9a37a657f5,2025-09-07,Football_LineMovement_v1,54.0,-44.5,,,0.0,0.0,0
fe157539436ac33506849b9a37a657f5,2025-09-07,Football_MarketBlend_v1,53.5,-44.25,AWAY,UNDER,-0.25,-0.5,0.75
fe157539436ac33506849b9a37a657f5,2025-09-07,Football_MarketConsensus_v1,54.0,-44.5,,,0.0,0.0,0
fe157539436ac33506849b9a37a657f5,2025-09-07,Football_SpreadValue_v1,54.0,-43.75,AWAY,,-0.75,0.0,0.75
fe157539436ac33506849b9a37a657f5,2025-09-07,Football_TotalValue_v1,53.0,-44.5,,UNDER,0.0,-1.0,1.0
fe3b3339307b2e4fbf016b666b09255d,2025-08-29,Football_KeyNumberGuard_v1,48.0,-13.5,,,0.0,0.0,0
fe3b3339307b2e4fbf016b666b09255d,2025-08-29,Football_LineMovement_v1,48.0,-13.5,,,0.0,0.0,0
fe3b3339307b2e4fbf016b666b09255d,2025-08-29,Football_MarketBlend_v1,47.5,-13.25,AWAY,UNDER,-0.25,-0.5,0.75
fe3b3339307b2e4fbf016b666b09255d,2025-08-29,Football_MarketConsensus_v1,48.0,-13.5,,,0.0,0.0,0
fe3b3339307b2e4fbf016b666b09255d,2025-08-29,Football_SpreadValue_v1,48.0,-12.75,AWAY,,-0.75,0.0,0.75
fe3b3339307b2e4fbf016b666b09255d,2025-08-29,Football_TotalValue_v1,47.0,-13.5,,UNDER,0.0,-1.0,1.0
fe8803c09e7627bae0109bc98e3ac310,2025-09-20,Football_KeyNumberGuard_v1,60.5,-35.5,,,0.0,0.0,0
fe8803c09e7627bae0109bc98e3ac310,2025-09-20,Football_LineMovement_v1,60.5,-35.5,,,0.0,0.0,0
fe8803c09e7627bae0109bc98e3ac310,2025-09-20,Football_MarketBlend_v1,60.0,-35.25,AWAY,UNDER,-0.25,-0.5,0.75
fe8803c09e7627bae0109bc98e3ac310,2025-09-20,Football_MarketConsensus_v1,60.5,-35.5,,,0.0,0.0,0
fe8803c09e7627bae0109bc98e3ac310,2025-09-20,Football_SpreadValue_v1,60.5,-34.75,AWAY,,-0.75,0.0,0.75
fe8803c09e7627bae0109bc98e3ac310,2025-09-20,Football_TotalValue_v1,59.5,-35.5,,UNDER,0.0,-1.0,1.0
fee631583a9845afb9bf9d8b3b0b8251,2025-09-06,Football_KeyNumberGuard_v1,54.5,-8.5,,,0.0,0.0,0
fee631583a9845afb9bf9d8b3b0b8251,2025-09-06,Football_LineMovement_v1,54.5,-8.5,,,0.0,0.0,0
fee631583a9845afb9bf9d8b3b0b8251,2025-09-06,Football_MarketBlend_v1,54.0,-8.25,AWAY,UNDER,-0.25,-0.5,0.75
fee631583a9845afb9bf9d8b3b0b8251,2025-09-06,Football_MarketConsensus_v1,54.5,-8.5,,,0.0,0.0,0
fee631583a9845afb9bf9d8b3b0b8251,2025-09-06,Football_SpreadValue_v1,54.5,-7.75,AWAY,,-0.75,0.0,0.75
fee631583a9845afb9bf9d8b3b0b8251,2025-09-06,Football_TotalValue_v1,53.5,-8.5,,UNDER,0.0,-1.0,1.0
ff33b4ccd0e554b0184b5e313a738c95,2025-11-01,Football_KeyNumberGuard_v1,58.5,5.0,,,0.0,0.0,0
ff33b4ccd0e554b0184b5e313a738c95,2025-11-01,Football_LineMovement_v1,58.5,5.0,,,0.0,0.0,0
ff33b4ccd0e554b0184b5e313a738c95,2025-11-01,Football_MarketBlend_v1,58.0,4.75,HOME,UNDER,0.25,-0.5,0.75
ff33b4ccd0e554b0184b5e313a738c95,2025-11-01,Football_MarketConsensus_v1,58.5,5.0,,,0.0,0.0,0
ff33b4ccd0e554b0184b5e313a738c95,2025-11-01,Football_SpreadValue_v1,58.5,4.25,HOME,,0.75,0.0,0.75
ff33b4ccd0e554b0184b5e313a738c95,2025-11-01,Football_TotalValue_v1,57.5,5.0,,UNDER,0.0,-1.0,1.0
ncaaf_401856634,2026-09-05,Football_KeyNumberGuard_v1,54.0,-28.5,,,0.0,0.0,0
ncaaf_401856634,2026-09-05,Football_LineMovement_v1,54.0,-28.5,,,0.0,0.0,0
ncaaf_401856634,2026-09-05,Football_MarketBlend_v1,53.5,-28.25,AWAY,UNDER,-0.25,-0.5,0.75
ncaaf_401856634,2026-09-05,Football_MarketConsensus_v1,54.0,-28.5,,,0.0,0.0,0
ncaaf_401856634,2026-09-05,Football_SpreadValue_v1,54.0,-27.75,AWAY,,-0.75,0.0,0.75
ncaaf_401856634,2026-09-05,Football_TotalValue_v1,53.0,-28.5,,UNDER,0.0,-1.0,1.0
ncaaf_401856635,2026-09-05,Football_KeyNumberGuard_v1,44.0,-34.5,,,0.0,0.0,0
ncaaf_401856635,2026-09-05,Football_LineMovement_v1,44.0,-34.5,,,0.0,0.0,0
ncaaf_401856635,2026-09-05,Football_MarketBlend_v1,44.5,-34.25,AWAY,OVER,-0.25,0.5,0.75
ncaaf_401856635,2026-09-05,Football_MarketConsensus_v1,44.0,-34.5,,,0.0,0.0,0
ncaaf_401856635,2026-09-05,Football_SpreadValue_v1,44.0,-33.75,AWAY,,-0.75,0.0,0.75
ncaaf_401856635,2026-09-05,Football_TotalValue_v1,45.0,-34.5,,OVER,0.0,1.0,1.0
ncaaf_401856636,2026-09-05,Football_KeyNumberGuard_v1,45.5,-7.0,,,0.0,0.0,0
ncaaf_401856636,2026-09-05,Football_LineMovement_v1,45.5,-7.0,,,0.0,0.0,0
ncaaf_401856636,2026-09-05,Football_MarketBlend_v1,45.0,-6.75,,UNDER,-0.25,-0.5,0.75
ncaaf_401856636,2026-09-05,Football_MarketConsensus_v1,45.5,-7.0,,,0.0,0.0,0
ncaaf_401856636,2026-09-05,Football_SpreadValue_v1,45.5,-6.25,AWAY,,-0.75,0.0,0.75
ncaaf_401856636,2026-09-05,Football_TotalValue_v1,44.5,-7.0,,UNDER,0.0,-1.0,1.0
ncaaf_401856637,2026-09-05,Football_KeyNumberGuard_v1,59.5,-25.5,,,0.0,0.0,0
ncaaf_401856637,2026-09-05,Football_LineMovement_v1,59.5,-25.5,,,0.0,0.0,0
ncaaf_401856637,2026-09-05,Football_MarketBlend_v1,59.0,-25.25,AWAY,UNDER,-0.25,-0.5,0.75
ncaaf_401856637,2026-09-05,Football_MarketConsensus_v1,59.5,-25.5,,,0.0,0.0,0
ncaaf_401856637,2026-09-05,Football_SpreadValue_v1,59.5,-24.75,AWAY,,-0.75,0.0,0.75
ncaaf_401856637,2026-09-05,Football_TotalValue_v1,58.5,-25.5,,UNDER,0.0,-1.0,1.0
ncaaf_401856658,2026-09-05,Football_KeyNumberGuard_v1,67.5,-60.5,,,0.0,0.0,0
ncaaf_401856658,2026-09-05,Football_LineMovement_v1,67.5,-60.5,,,0.0,0.0,0
ncaaf_401856658,2026-09-05,Football_MarketBlend_v1,67.0,-60.25,AWAY,UNDER,-0.25,-0.5,0.75
ncaaf_401856658,2026-09-05,Football_MarketConsensus_v1,67.5,-60.5,,,0.0,0.0,0
ncaaf_401856658,2026-09-05,Football_SpreadValue_v1,67.5,-59.75,AWAY,,-0.75,0.0,0.75
ncaaf_401856658,2026-09-05,Football_TotalValue_v1,66.5,-60.5,,UNDER,0.0,-1.0,1.0
ncaaf_401856660,2026-09-05,Football_KeyNumberGuard_v1,49.5,-10.0,,,0.0,0.0,0
ncaaf_401856660,2026-09-05,Football_LineMovement_v1,49.5,-10.0,,,0.0,0.0,0
ncaaf_401856660,2026-09-05,Football_MarketBlend_v1,49.0,-9.75,,UNDER,-0.25,-0.5,0.75
ncaaf_401856660,2026-09-05,Football_MarketConsensus_v1,49.5,-10.0,,,0.0,0.0,0
ncaaf_401856660,2026-09-05,Football_SpreadValue_v1,49.5,-9.25,AWAY,,-0.75,0.0,0.75
ncaaf_401856660,2026-09-05,Football_TotalValue_v1,48.5,-10.0,,UNDER,0.0,-1.0,1.0
ncaaf_401856662,2026-09-05,Football_KeyNumberGuard_v1,54.5,-28.5,,,0.0,0.0,0
ncaaf_401856662,2026-09-05,Football_LineMovement_v1,54.5,-28.5,,,0.0,0.0,0
ncaaf_401856662,2026-09-05,Football_MarketBlend_v1,54.0,-28.25,AWAY,UNDER,-0.25,-0.5,0.75
ncaaf_401856662,2026-09-05,Football_MarketConsensus_v1,54.5,-28.5,,,0.0,0.0,0
ncaaf_401856662,2026-09-05,Football_SpreadValue_v1,54.5,-27.75,AWAY,,-0.75,0.0,0.75
ncaaf_401856662,2026-09-05,Football_TotalValue_v1,53.5,-28.5,,UNDER,0.0,-1.0,1.0
ncaaf_401856663,2026-09-04,Football_KeyNumberGuard_v1,60.5,-53.5,,,0.0,0.0,0
ncaaf_401856663,2026-09-04,Football_LineMovement_v1,60.5,-53.5,,,0.0,0.0,0
ncaaf_401856663,2026-09-04,Football_MarketBlend_v1,60.0,-53.25,AWAY,UNDER,-0.25,-0.5,0.75
ncaaf_401856663,2026-09-04,Football_MarketConsensus_v1,60.5,-53.5,,,0.0,0.0,0
ncaaf_401856663,2026-09-04,Football_SpreadValue_v1,60.5,-52.75,AWAY,,-0.75,0.0,0.75
ncaaf_401856663,2026-09-04,Football_TotalValue_v1,59.5,-53.5,,UNDER,0.0,-1.0,1.0
ncaaf_401856664,2026-09-05,Football_KeyNumberGuard_v1,50.5,-41.5,,,0.0,0.0,0
ncaaf_401856664,2026-09-05,Football_LineMovement_v1,50.5,-41.5,,,0.0,0.0,0
ncaaf_401856664,2026-09-05,Football_MarketBlend_v1,50.0,-41.25,AWAY,UNDER,-0.25,-0.5,0.75
ncaaf_401856664,2026-09-05,Football_MarketConsensus_v1,50.5,-41.5,,,0.0,0.0,0
ncaaf_401856664,2026-09-05,Football_SpreadValue_v1,50.5,-40.75,AWAY,,-0.75,0.0,0.75
ncaaf_401856664,2026-09-05,Football_TotalValue_v1,49.5,-41.5,,UNDER,0.0,-1.0,1.0
ncaaf_401856665,2026-09-05,Football_KeyNumberGuard_v1,53.5,-36.5,,,0.0,0.0,0
ncaaf_401856665,2026-09-05,Football_LineMovement_v1,53.5,-36.5,,,0.0,0.0,0
ncaaf_401856665,2026-09-05,Football_MarketBlend_v1,53.0,-36.25,AWAY,UNDER,-0.25,-0.5,0.75
ncaaf_401856665,2026-09-05,Football_MarketConsensus_v1,53.5,-36.5,,,0.0,0.0,0
ncaaf_401856665,2026-09-05,Football_SpreadValue_v1,53.5,-35.75,AWAY,,-0.75,0.0,0.75
ncaaf_401856665,2026-09-05,Football_TotalValue_v1,52.5,-36.5,,UNDER,0.0,-1.0,1.0
ncaaf_401856666,2026-09-05,Football_KeyNumberGuard_v1,65.5,-55.5,,,0.0,0.0,0
ncaaf_401856666,2026-09-05,Football_LineMovement_v1,65.5,-55.5,,,0.0,0.0,0
ncaaf_401856666,2026-09-05,Football_MarketBlend_v1,65.0,-55.25,AWAY,UNDER,-0.25,-0.5,0.75
ncaaf_401856666,2026-09-05,Football_MarketConsensus_v1,65.5,-55.5,,,0.0,0.0,0
ncaaf_401856666,2026-09-05,Football_SpreadValue_v1,65.5,-54.75,AWAY,,-0.75,0.0,0.75
ncaaf_401856666,2026-09-05,Football_TotalValue_v1,64.5,-55.5,,UNDER,0.0,-1.0,1.0
ncaaf_401856667,2026-09-05,Football_KeyNumberGuard_v1,65.5,-34.5,,,0.0,0.0,0
ncaaf_401856667,2026-09-05,Football_LineMovement_v1,65.5,-34.5,,,0.0,0.0,0
ncaaf_401856667,2026-09-05,Football_MarketBlend_v1,65.0,-34.25,AWAY,UNDER,-0.25,-0.5,0.75
ncaaf_401856667,2026-09-05,Football_MarketConsensus_v1,65.5,-34.5,,,0.0,0.0,0
ncaaf_401856667,2026-09-05,Football_SpreadValue_v1,65.5,-33.75,AWAY,,-0.75,0.0,0.75
ncaaf_401856667,2026-09-05,Football_TotalValue_v1,64.5,-34.5,,UNDER,0.0,-1.0,1.0
ncaaf_401856668,2026-09-05,Football_KeyNumberGuard_v1,53.5,-40.5,,,0.0,0.0,0
ncaaf_401856668,2026-09-05,Football_LineMovement_v1,53.5,-40.5,,,0.0,0.0,0
ncaaf_401856668,2026-09-05,Football_MarketBlend_v1,53.0,-40.25,AWAY,UNDER,-0.25,-0.5,0.75
ncaaf_401856668,2026-09-05,Football_MarketConsensus_v1,53.5,-40.5,,,0.0,0.0,0
ncaaf_401856668,2026-09-05,Football_SpreadValue_v1,53.5,-39.75,AWAY,,-0.75,0.0,0.75
ncaaf_401856668,2026-09-05,Football_TotalValue_v1,52.5,-40.5,,UNDER,0.0,-1.0,1.0
ncaaf_401856669,2026-09-05,Football_KeyNumberGuard_v1,58.75,-29.0,,,0.0,0.0,0
ncaaf_401856669,2026-09-05,Football_LineMovement_v1,58.75,-29.0,,,0.0,0.0,0
ncaaf_401856669,2026-09-05,Football_MarketBlend_v1,58.25,-28.75,AWAY,UNDER,-0.25,-0.5,0.75
ncaaf_401856669,2026-09-05,Football_MarketConsensus_v1,58.75,-29.0,,,0.0,0.0,0
ncaaf_401856669,2026-09-05,Football_SpreadValue_v1,58.75,-28.25,AWAY,,-0.75,0.0,0.75
ncaaf_401856669,2026-09-05,Football_TotalValue_v1,57.75,-29.0,,UNDER,0.0,-1.0,1.0
ncaaf_401856766,2026-08-29,Football_KeyNumberGuard_v1,47.5,-7.5,,,0.0,0.0,0
ncaaf_401856766,2026-08-29,Football_LineMovement_v1,47.5,-7.5,,,0.0,0.0,0
ncaaf_401856766,2026-08-29,Football_MarketBlend_v1,47.0,-7.25,,UNDER,-0.25,-0.5,0.75
ncaaf_401856766,2026-08-29,Football_MarketConsensus_v1,47.5,-7.5,,,0.0,0.0,0
ncaaf_401856766,2026-08-29,Football_SpreadValue_v1,47.5,-6.75,AWAY,,-0.75,0.0,0.75
ncaaf_401856766,2026-08-29,Football_TotalValue_v1,46.5,-7.5,,UNDER,0.0,-1.0,1.0
ncaaf_401856767,2026-09-03,Football_KeyNumberGuard_v1,58.0,-40.5,,,0.0,0.0,0
ncaaf_401856767,2026-09-03,Football_LineMovement_v1,58.0,-40.5,,,0.0,0.0,0
ncaaf_401856767,2026-09-03,Football_MarketBlend_v1,57.5,-40.25,AWAY,UNDER,-0.25,-0.5,0.75
ncaaf_401856767,2026-09-03,Football_MarketConsensus_v1,58.0,-40.5,,,0.0,0.0,0
ncaaf_401856767,2026-09-03,Football_SpreadValue_v1,58.0,-39.75,AWAY,,-0.75,0.0,0.75
ncaaf_401856767,2026-09-03,Football_TotalValue_v1,57.0,-40.5,,UNDER,0.0,-1.0,1.0
ncaaf_401856768,2026-09-04,Football_KeyNumberGuard_v1,57.5,-33.0,,,0.0,0.0,0
ncaaf_401856768,2026-09-04,Football_LineMovement_v1,57.5,-33.0,,,0.0,0.0,0
ncaaf_401856768,2026-09-04,Football_MarketBlend_v1,57.0,-32.75,AWAY,UNDER,-0.25,-0.5,0.75
ncaaf_401856768,2026-09-04,Football_MarketConsensus_v1,57.5,-33.0,,,0.0,0.0,0
ncaaf_401856768,2026-09-04,Football_SpreadValue_v1,57.5,-32.25,AWAY,,-0.75,0.0,0.75
ncaaf_401856768,2026-09-04,Football_TotalValue_v1,56.5,-33.0,,UNDER,0.0,-1.0,1.0
ncaaf_401856770,2026-09-05,Football_KeyNumberGuard_v1,60.5,-44.5,,,0.0,0.0,0
ncaaf_401856770,2026-09-05,Football_LineMovement_v1,60.5,-44.5,,,0.0,0.0,0
ncaaf_401856770,2026-09-05,Football_MarketBlend_v1,60.0,-44.25,AWAY,UNDER,-0.25,-0.5,0.75
ncaaf_401856770,2026-09-05,Football_MarketConsensus_v1,60.5,-44.5,,,0.0,0.0,0
ncaaf_401856770,2026-09-05,Football_SpreadValue_v1,60.5,-43.75,AWAY,,-0.75,0.0,0.75
ncaaf_401856770,2026-09-05,Football_TotalValue_v1,59.5,-44.5,,UNDER,0.0,-1.0,1.0
ncaaf_401856772,2026-09-05,Football_KeyNumberGuard_v1,41.0,2.5,,,0.0,0.0,0
ncaaf_401856772,2026-09-05,Football_LineMovement_v1,41.0,2.5,,,0.0,0.0,0
ncaaf_401856772,2026-09-05,Football_MarketBlend_v1,41.5,2.25,,OVER,0.25,0.5,0.75
ncaaf_401856772,2026-09-05,Football_MarketConsensus_v1,41.0,2.5,,,0.0,0.0,0
ncaaf_401856772,2026-09-05,Football_SpreadValue_v1,41.0,1.75,HOME,,0.75,0.0,0.75
ncaaf_401856772,2026-09-05,Football_TotalValue_v1,42.0,2.5,,OVER,0.0,1.0,1.0
ncaaf_401856773,2026-09-06,Football_KeyNumberGuard_v1,58.5,-31.5,,,0.0,0.0,0
ncaaf_401856773,2026-09-06,Football_LineMovement_v1,58.5,-31.5,,,0.0,0.0,0
ncaaf_401856773,2026-09-06,Football_MarketBlend_v1,58.0,-31.25,AWAY,UNDER,-0.25,-0.5,0.75
ncaaf_401856773,2026-09-06,Football_MarketConsensus_v1,58.5,-31.5,,,0.0,0.0,0
ncaaf_401856773,2026-09-06,Football_SpreadValue_v1,58.5,-30.75,AWAY,,-0.75,0.0,0.75
ncaaf_401856773,2026-09-06,Football_TotalValue_v1,57.5,-31.5,,UNDER,0.0,-1.0,1.0
ncaaf_401856774,2026-09-06,Football_KeyNumberGuard_v1,52.75,-43.5,,,0.0,0.0,0
ncaaf_401856774,2026-09-06,Football_LineMovement_v1,52.75,-43.5,,,0.0,0.0,0
ncaaf_401856774,2026-09-06,Football_MarketBlend_v1,52.25,-43.25,AWAY,UNDER,-0.25,-0.5,0.75
ncaaf_401856774,2026-09-06,Football_MarketConsensus_v1,52.75,-43.5,,,0.0,0.0,0
ncaaf_401856774,2026-09-06,Football_SpreadValue_v1,52.75,-42.75,AWAY,,-0.75,0.0,0.75
ncaaf_401856774,2026-09-06,Football_TotalValue_v1,51.75,-43.5,,UNDER,0.0,-1.0,1.0
ncaaf_401856775,2026-09-06,Football_KeyNumberGuard_v1,61.5,-50.5,,,0.0,0.0,0
ncaaf_401856775,2026-09-06,Football_LineMovement_v1,61.5,-50.5,,,0.0,0.0,0
ncaaf_401856775,2026-09-06,Football_MarketBlend_v1,61.0,-50.25,AWAY,UNDER,-0.25,-0.5,0.75
ncaaf_401856775,2026-09-06,Football_MarketConsensus_v1,61.5,-50.5,,,0.0,0.0,0
ncaaf_401856775,2026-09-06,Football_SpreadValue_v1,61.5,-49.75,AWAY,,-0.75,0.0,0.75
ncaaf_401856775,2026-09-06,Football_TotalValue_v1,60.5,-50.5,,UNDER,0.0,-1.0,1.0
ncaaf_401856776,2026-09-04,Football_KeyNumberGuard_v1,50.5,-7.0,,,0.0,0.0,0
ncaaf_401856776,2026-09-04,Football_LineMovement_v1,50.5,-7.0,,,0.0,0.0,0
ncaaf_401856776,2026-09-04,Football_MarketBlend_v1,50.0,-6.75,,UNDER,-0.25,-0.5,0.75
ncaaf_401856776,2026-09-04,Football_MarketConsensus_v1,50.5,-7.0,,,0.0,0.0,0
ncaaf_401856776,2026-09-04,Football_SpreadValue_v1,50.5,-6.25,AWAY,,-0.75,0.0,0.75
ncaaf_401856776,2026-09-04,Football_TotalValue_v1,49.5,-7.0,,UNDER,0.0,-1.0,1.0
ncaaf_401856777,2026-09-05,Football_KeyNumberGuard_v1,44.5,-12.5,,,0.0,0.0,0
ncaaf_401856777,2026-09-05,Football_LineMovement_v1,44.5,-12.5,,,0.0,0.0,0
ncaaf_401856777,2026-09-05,Football_MarketBlend_v1,45.0,-12.25,AWAY,OVER,-0.25,0.5,0.75
ncaaf_401856777,2026-09-05,Football_MarketConsensus_v1,44.5,-12.5,,,0.0,0.0,0
ncaaf_401856777,2026-09-05,Football_SpreadValue_v1,44.5,-11.75,AWAY,,-0.75,0.0,0.75
ncaaf_401856777,2026-09-05,Football_TotalValue_v1,45.5,-12.5,,OVER,0.0,1.0,1.0
ncaaf_401856778,2026-09-05,Football_KeyNumberGuard_v1,50.75,-20.5,,,0.0,0.0,0
ncaaf_401856778,2026-09-05,Football_LineMovement_v1,50.75,-20.5,,,0.0,0.0,0
ncaaf_401856778,2026-09-05,Football_MarketBlend_v1,50.25,-20.25,AWAY,UNDER,-0.25,-0.5,0.75
ncaaf_401856778,2026-09-05,Football_MarketConsensus_v1,50.75,-20.5,,,0.0,0.0,0
ncaaf_401856778,2026-09-05,Football_SpreadValue_v1,50.75,-19.75,AWAY,,-0.75,0.0,0.75
ncaaf_401856778,2026-09-05,Football_TotalValue_v1,49.75,-20.5,,UNDER,0.0,-1.0,1.0
ncaaf_401856779,2026-09-05,Football_KeyNumberGuard_v1,52.5,-29.5,,,0.0,0.0,0
ncaaf_401856779,2026-09-05,Football_LineMovement_v1,52.5,-29.5,,,0.0,0.0,0
ncaaf_401856779,2026-09-05,Football_MarketBlend_v1,52.0,-29.25,AWAY,UNDER,-0.25,-0.5,0.75
ncaaf_401856779,2026-09-05,Football_MarketConsensus_v1,52.5,-29.5,,,0.0,0.0,0
ncaaf_401856779,2026-09-05,Football_SpreadValue_v1,52.5,-28.75,AWAY,,-0.75,0.0,0.75
ncaaf_401856779,2026-09-05,Football_TotalValue_v1,51.5,-29.5,,UNDER,0.0,-1.0,1.0
ncaaf_401856780,2026-09-05,Football_KeyNumberGuard_v1,58.0,-21.5,,,0.0,0.0,0
ncaaf_401856780,2026-09-05,Football_LineMovement_v1,58.0,-21.5,,,0.0,0.0,0
ncaaf_401856780,2026-09-05,Football_MarketBlend_v1,57.5,-21.25,AWAY,UNDER,-0.25,-0.5,0.75
ncaaf_401856780,2026-09-05,Football_MarketConsensus_v1,58.0,-21.5,,,0.0,0.0,0
ncaaf_401856780,2026-09-05,Football_SpreadValue_v1,58.0,-20.75,AWAY,,-0.75,0.0,0.75
ncaaf_401856780,2026-09-05,Football_TotalValue_v1,57.0,-21.5,,UNDER,0.0,-1.0,1.0
ncaaf_401858202,2026-08-29,Football_KeyNumberGuard_v1,53.5,-5.5,,,0.0,0.0,0
ncaaf_401858202,2026-08-29,Football_LineMovement_v1,53.5,-5.5,,,0.0,0.0,0
ncaaf_401858202,2026-08-29,Football_MarketBlend_v1,53.0,-5.25,AWAY,UNDER,-0.25,-0.5,0.75
ncaaf_401858202,2026-08-29,Football_MarketConsensus_v1,53.5,-5.5,,,0.0,0.0,0
ncaaf_401858202,2026-08-29,Football_SpreadValue_v1,53.5,-4.75,AWAY,,-0.75,0.0,0.75
ncaaf_401858202,2026-08-29,Football_TotalValue_v1,52.5,-5.5,,UNDER,0.0,-1.0,1.0
ncaaf_401858204,2026-09-03,Football_KeyNumberGuard_v1,49.5,-22.5,,,0.0,0.0,0
ncaaf_401858204,2026-09-03,Football_LineMovement_v1,49.5,-22.5,,,0.0,0.0,0
ncaaf_401858204,2026-09-03,Football_MarketBlend_v1,49.0,-22.25,AWAY,UNDER,-0.25,-0.5,0.75
ncaaf_401858204,2026-09-03,Football_MarketConsensus_v1,49.5,-22.5,,,0.0,0.0,0
ncaaf_401858204,2026-09-03,Football_SpreadValue_v1,49.5,-21.75,AWAY,,-0.75,0.0,0.75
ncaaf_401858204,2026-09-03,Football_TotalValue_v1,48.5,-22.5,,UNDER,0.0,-1.0,1.0
ncaaf_401858206,2026-09-05,Football_KeyNumberGuard_v1,49.5,23.5,,,0.0,0.0,0
ncaaf_401858206,2026-09-05,Football_LineMovement_v1,49.5,23.5,,,0.0,0.0,0
ncaaf_401858206,2026-09-05,Football_MarketBlend_v1,49.0,23.25,HOME,UNDER,0.25,-0.5,0.75
ncaaf_401858206,2026-09-05,Football_MarketConsensus_v1,49.5,23.5,,,0.0,0.0,0
ncaaf_401858206,2026-09-05,Football_SpreadValue_v1,49.5,22.75,HOME,,0.75,0.0,0.75
ncaaf_401858206,2026-09-05,Football_TotalValue_v1,48.5,23.5,,UNDER,0.0,-1.0,1.0
ncaaf_401858207,2026-09-05,Football_KeyNumberGuard_v1,50.5,-16.5,,,0.0,0.0,0
ncaaf_401858207,2026-09-05,Football_LineMovement_v1,50.5,-16.5,,,0.0,0.0,0
ncaaf_401858207,2026-09-05,Football_MarketBlend_v1,50.0,-16.25,AWAY,UNDER,-0.25,-0.5,0.75
ncaaf_401858207,2026-09-05,Football_MarketConsensus_v1,50.5,-16.5,,,0.0,0.0,0
ncaaf_401858207,2026-09-05,Football_SpreadValue_v1,50.5,-15.75,AWAY,,-0.75,0.0,0.75
ncaaf_401858207,2026-09-05,Football_TotalValue_v1,49.5,-16.5,,UNDER,0.0,-1.0,1.0
ncaaf_401858208,2026-09-05,Football_KeyNumberGuard_v1,57.5,-32.5,,,0.0,0.0,0
ncaaf_401858208,2026-09-05,Football_LineMovement_v1,57.5,-32.5,,,0.0,0.0,0
ncaaf_401858208,2026-09-05,Football_MarketBlend_v1,57.0,-32.25,AWAY,UNDER,-0.25,-0.5,0.75
ncaaf_401858208,2026-09-05,Football_MarketConsensus_v1,57.5,-32.5,,,0.0,0.0,0
ncaaf_401858208,2026-09-05,Football_SpreadValue_v1,57.5,-31.75,AWAY,,-0.75,0.0,0.75
ncaaf_401858208,2026-09-05,Football_TotalValue_v1,56.5,-32.5,,UNDER,0.0,-1.0,1.0
ncaaf_401858209,2026-09-05,Football_KeyNumberGuard_v1,44.5,-9.5,,,0.0,0.0,0
ncaaf_401858209,2026-09-05,Football_LineMovement_v1,44.5,-9.5,,,0.0,0.0,0
ncaaf_401858209,2026-09-05,Football_MarketBlend_v1,45.0,-9.25,,OVER,-0.25,0.5,0.75
ncaaf_401858209,2026-09-05,Football_MarketConsensus_v1,44.5,-9.5,,,0.0,0.0,0
ncaaf_401858209,2026-09-05,Football_SpreadValue_v1,44.5,-8.75,AWAY,,-0.75,0.0,0.75
ncaaf_401858209,2026-09-05,Football_TotalValue_v1,45.5,-9.5,,OVER,0.0,1.0,1.0
ncaaf_401858210,2026-09-06,Football_KeyNumberGuard_v1,53.5,2.5,,,0.0,0.0,0
ncaaf_401858210,2026-09-06,Football_LineMovement_v1,53.5,2.5,,,0.0,0.0,0
ncaaf_401858210,2026-09-06,Football_MarketBlend_v1,53.0,2.25,,UNDER,0.25,-0.5,0.75
ncaaf_401858210,2026-09-06,Football_MarketConsensus_v1,53.5,2.5,,,0.0,0.0,0
ncaaf_401858210,2026-09-06,Football_SpreadValue_v1,53.5,1.75,HOME,,0.75,0.0,0.75
ncaaf_401858210,2026-09-06,Football_TotalValue_v1,52.5,2.5,,UNDER,0.0,-1.0,1.0
ncaaf_401858211,2026-09-05,Football_KeyNumberGuard_v1,59.5,-54.25,,,0.0,0.0,0
ncaaf_401858211,2026-09-05,Football_LineMovement_v1,59.5,-54.25,,,0.0,0.0,0
ncaaf_401858211,2026-09-05,Football_MarketBlend_v1,59.0,-54.0,AWAY,UNDER,-0.25,-0.5,0.75
ncaaf_401858211,2026-09-05,Football_MarketConsensus_v1,59.5,-54.25,,,0.0,0.0,0
ncaaf_401858211,2026-09-05,Football_SpreadValue_v1,59.5,-53.5,AWAY,,-0.75,0.0,0.75
ncaaf_401858211,2026-09-05,Football_TotalValue_v1,58.5,-54.25,,UNDER,0.0,-1.0,1.0
ncaaf_401858422,2026-09-04,Football_KeyNumberGuard_v1,51.5,-43.5,,,0.0,0.0,0
ncaaf_401858422,2026-09-04,Football_LineMovement_v1,51.5,-43.5,,,0.0,0.0,0
ncaaf_401858422,2026-09-04,Football_MarketBlend_v1,51.0,-43.25,AWAY,UNDER,-0.25,-0.5,0.75
ncaaf_401858422,2026-09-04,Football_MarketConsensus_v1,51.5,-43.5,,,0.0,0.0,0
ncaaf_401858422,2026-09-04,Football_SpreadValue_v1,51.5,-42.75,AWAY,,-0.75,0.0,0.75
ncaaf_401858422,2026-09-04,Football_TotalValue_v1,50.5,-43.5,,UNDER,0.0,-1.0,1.0
ncaaf_401858424,2026-09-04,Football_KeyNumberGuard_v1,56.5,-27.5,,,0.0,0.0,0
ncaaf_401858424,2026-09-04,Football_LineMovement_v1,56.5,-27.5,,,0.0,0.0,0
ncaaf_401858424,2026-09-04,Football_MarketBlend_v1,56.0,-27.25,AWAY,UNDER,-0.25,-0.5,0.75
ncaaf_401858424,2026-09-04,Football_MarketConsensus_v1,56.5,-27.5,,,0.0,0.0,0
ncaaf_401858424,2026-09-04,Football_SpreadValue_v1,56.5,-26.75,AWAY,,-0.75,0.0,0.75
ncaaf_401858424,2026-09-04,Football_TotalValue_v1,55.5,-27.5,,UNDER,0.0,-1.0,1.0
ncaaf_401858425,2026-09-05,Football_KeyNumberGuard_v1,55.5,-41.5,,,0.0,0.0,0
ncaaf_401858425,2026-09-05,Football_LineMovement_v1,55.5,-41.5,,,0.0,0.0,0
ncaaf_401858425,2026-09-05,Football_MarketBlend_v1,55.0,-41.25,AWAY,UNDER,-0.25,-0.5,0.75
ncaaf_401858425,2026-09-05,Football_MarketConsensus_v1,55.5,-41.5,,,0.0,0.0,0
ncaaf_401858425,2026-09-05,Football_SpreadValue_v1,55.5,-40.75,AWAY,,-0.75,0.0,0.75
ncaaf_401858425,2026-09-05,Football_TotalValue_v1,54.5,-41.5,,UNDER,0.0,-1.0,1.0
ncaaf_401858426,2026-09-05,Football_KeyNumberGuard_v1,50.5,-44.5,,,0.0,0.0,0
ncaaf_401858426,2026-09-05,Football_LineMovement_v1,50.5,-44.5,,,0.0,0.0,0
ncaaf_401858426,2026-09-05,Football_MarketBlend_v1,50.0,-44.25,AWAY,UNDER,-0.25,-0.5,0.75
ncaaf_401858426,2026-09-05,Football_MarketConsensus_v1,50.5,-44.5,,,0.0,0.0,0
ncaaf_401858426,2026-09-05,Football_SpreadValue_v1,50.5,-43.75,AWAY,,-0.75,0.0,0.75
ncaaf_401858426,2026-09-05,Football_TotalValue_v1,49.5,-44.5,,UNDER,0.0,-1.0,1.0
ncaaf_401858427,2026-09-06,Football_KeyNumberGuard_v1,56.5,-45.5,,,0.0,0.0,0
ncaaf_401858427,2026-09-06,Football_LineMovement_v1,56.5,-45.5,,,0.0,0.0,0
ncaaf_401858427,2026-09-06,Football_MarketBlend_v1,56.0,-45.25,AWAY,UNDER,-0.25,-0.5,0.75
ncaaf_401858427,2026-09-06,Football_MarketConsensus_v1,56.5,-45.5,,,0.0,0.0,0
ncaaf_401858427,2026-09-06,Football_SpreadValue_v1,56.5,-44.75,AWAY,,-0.75,0.0,0.75
ncaaf_401858427,2026-09-06,Football_TotalValue_v1,55.5,-45.5,,UNDER,0.0,-1.0,1.0
ncaaf_401858428,2026-09-05,Football_KeyNumberGuard_v1,49.5,-27.5,,,0.0,0.0,0
ncaaf_401858428,2026-09-05,Football_LineMovement_v1,49.5,-27.5,,,0.0,0.0,0
ncaaf_401858428,2026-09-05,Football_MarketBlend_v1,49.0,-27.25,AWAY,UNDER,-0.25,-0.5,0.75
ncaaf_401858428,2026-09-05,Football_MarketConsensus_v1,49.5,-27.5,,,0.0,0.0,0
ncaaf_401858428,2026-09-05,Football_SpreadValue_v1,49.5,-26.75,AWAY,,-0.75,0.0,0.75
ncaaf_401858428,2026-09-05,Football_TotalValue_v1,48.5,-27.5,,UNDER,0.0,-1.0,1.0
ncaaf_401858429,2026-09-05,Football_KeyNumberGuard_v1,49.5,-10.5,,,0.0,0.0,0
ncaaf_401858429,2026-09-05,Football_LineMovement_v1,49.5,-10.5,,,0.0,0.0,0
ncaaf_401858429,2026-09-05,Football_MarketBlend_v1,49.0,-10.25,,UNDER,-0.25,-0.5,0.75
ncaaf_401858429,2026-09-05,Football_MarketConsensus_v1,49.5,-10.5,,,0.0,0.0,0
ncaaf_401858429,2026-09-05,Football_SpreadValue_v1,49.5,-9.75,AWAY,,-0.75,0.0,0.75
ncaaf_401858429,2026-09-05,Football_TotalValue_v1,48.5,-10.5,,UNDER,0.0,-1.0,1.0
ncaaf_401858430,2026-09-05,Football_KeyNumberGuard_v1,47.5,-24.0,,,0.0,0.0,0
ncaaf_401858430,2026-09-05,Football_LineMovement_v1,47.5,-24.0,,,0.0,0.0,0
ncaaf_401858430,2026-09-05,Football_MarketBlend_v1,47.0,-23.75,AWAY,UNDER,-0.25,-0.5,0.75
ncaaf_401858430,2026-09-05,Football_MarketConsensus_v1,47.5,-24.0,,,0.0,0.0,0
ncaaf_401858430,2026-09-05,Football_SpreadValue_v1,47.5,-23.25,AWAY,,-0.75,0.0,0.75
ncaaf_401858430,2026-09-05,Football_TotalValue_v1,46.5,-24.0,,UNDER,0.0,-1.0,1.0
ncaaf_401858431,2026-09-06,Football_KeyNumberGuard_v1,49.25,-14.0,,,0.0,0.0,0
ncaaf_401858431,2026-09-06,Football_LineMovement_v1,49.25,-14.0,,,0.0,0.0,0
ncaaf_401858431,2026-09-06,Football_MarketBlend_v1,48.75,-13.75,AWAY,UNDER,-0.25,-0.5,0.75
ncaaf_401858431,2026-09-06,Football_MarketConsensus_v1,49.25,-14.0,,,0.0,0.0,0
ncaaf_401858431,2026-09-06,Football_SpreadValue_v1,49.25,-13.25,AWAY,,-0.75,0.0,0.75
ncaaf_401858431,2026-09-06,Football_TotalValue_v1,48.25,-14.0,,UNDER,0.0,-1.0,1.0
ncaaf_401858432,2026-09-05,Football_KeyNumberGuard_v1,56.5,-50.5,,,0.0,0.0,0
ncaaf_401858432,2026-09-05,Football_LineMovement_v1,56.5,-50.5,,,0.0,0.0,0
ncaaf_401858432,2026-09-05,Football_MarketBlend_v1,56.0,-50.25,AWAY,UNDER,-0.25,-0.5,0.75
ncaaf_401858432,2026-09-05,Football_MarketConsensus_v1,56.5,-50.5,,,0.0,0.0,0
ncaaf_401858432,2026-09-05,Football_SpreadValue_v1,56.5,-49.75,AWAY,,-0.75,0.0,0.75
ncaaf_401858432,2026-09-05,Football_TotalValue_v1,55.5,-50.5,,UNDER,0.0,-1.0,1.0
ncaaf_401858433,2026-09-05,Football_KeyNumberGuard_v1,55.5,-7.5,,,0.0,0.0,0
ncaaf_401858433,2026-09-05,Football_LineMovement_v1,55.5,-7.5,,,0.0,0.0,0
ncaaf_401858433,2026-09-05,Football_MarketBlend_v1,55.0,-7.25,,UNDER,-0.25,-0.5,0.75
ncaaf_401858433,2026-09-05,Football_MarketConsensus_v1,55.5,-7.5,,,0.0,0.0,0
ncaaf_401858433,2026-09-05,Football_SpreadValue_v1,55.5,-6.75,AWAY,,-0.75,0.0,0.75
ncaaf_401858433,2026-09-05,Football_TotalValue_v1,54.5,-7.5,,UNDER,0.0,-1.0,1.0
ncaaf_401858434,2026-09-05,Football_KeyNumberGuard_v1,51.0,-38.0,,,0.0,0.0,0
ncaaf_401858434,2026-09-05,Football_LineMovement_v1,51.0,-38.0,,,0.0,0.0,0
ncaaf_401858434,2026-09-05,Football_MarketBlend_v1,50.5,-37.75,AWAY,UNDER,-0.25,-0.5,0.75
ncaaf_401858434,2026-09-05,Football_MarketConsensus_v1,51.0,-38.0,,,0.0,0.0,0
ncaaf_401858434,2026-09-05,Football_SpreadValue_v1,51.0,-37.25,AWAY,,-0.75,0.0,0.75
ncaaf_401858434,2026-09-05,Football_TotalValue_v1,50.0,-38.0,,UNDER,0.0,-1.0,1.0
ncaaf_401858435,2026-09-04,Football_KeyNumberGuard_v1,57.5,-35.0,,,0.0,0.0,0
ncaaf_401858435,2026-09-04,Football_LineMovement_v1,57.5,-35.0,,,0.0,0.0,0
ncaaf_401858435,2026-09-04,Football_MarketBlend_v1,57.0,-34.75,AWAY,UNDER,-0.25,-0.5,0.75
ncaaf_401858435,2026-09-04,Football_MarketConsensus_v1,57.5,-35.0,,,0.0,0.0,0
ncaaf_401858435,2026-09-04,Football_SpreadValue_v1,57.5,-34.25,AWAY,,-0.75,0.0,0.75
ncaaf_401858435,2026-09-04,Football_TotalValue_v1,56.5,-35.0,,UNDER,0.0,-1.0,1.0
ncaaf_401858436,2026-09-05,Football_KeyNumberGuard_v1,51.5,-23.0,,,0.0,0.0,0
ncaaf_401858436,2026-09-05,Football_LineMovement_v1,51.5,-23.0,,,0.0,0.0,0
ncaaf_401858436,2026-09-05,Football_MarketBlend_v1,51.0,-22.75,AWAY,UNDER,-0.25,-0.5,0.75
ncaaf_401858436,2026-09-05,Football_MarketConsensus_v1,51.5,-23.0,,,0.0,0.0,0
ncaaf_401858436,2026-09-05,Football_SpreadValue_v1,51.5,-22.25,AWAY,,-0.75,0.0,0.75
ncaaf_401858436,2026-09-05,Football_TotalValue_v1,50.5,-23.0,,UNDER,0.0,-1.0,1.0
ncaaf_401860878,2026-09-05,Football_KeyNumberGuard_v1,46.0,-2.5,,,0.0,0.0,0
ncaaf_401860878,2026-09-05,Football_LineMovement_v1,46.0,-2.5,,,0.0,0.0,0
ncaaf_401860878,2026-09-05,Football_MarketBlend_v1,45.5,-2.25,,UNDER,-0.25,-0.5,0.75
ncaaf_401860878,2026-09-05,Football_MarketConsensus_v1,46.0,-2.5,,,0.0,0.0,0
ncaaf_401860878,2026-09-05,Football_SpreadValue_v1,46.0,-1.75,AWAY,,-0.75,0.0,0.75
ncaaf_401860878,2026-09-05,Football_TotalValue_v1,45.0,-2.5,,UNDER,0.0,-1.0,1.0
ncaaf_401860879,2026-09-06,Football_KeyNumberGuard_v1,62.5,-39.5,,,0.0,0.0,0
ncaaf_401860879,2026-09-06,Football_LineMovement_v1,62.5,-39.5,,,0.0,0.0,0
ncaaf_401860879,2026-09-06,Football_MarketBlend_v1,62.0,-39.25,AWAY,UNDER,-0.25,-0.5,0.75
ncaaf_401860879,2026-09-06,Football_MarketConsensus_v1,62.5,-39.5,,,0.0,0.0,0
ncaaf_401860879,2026-09-06,Football_SpreadValue_v1,62.5,-38.75,AWAY,,-0.75,0.0,0.75
ncaaf_401860879,2026-09-06,Football_TotalValue_v1,61.5,-39.5,,UNDER,0.0,-1.0,1.0
ncaaf_401860880,2026-09-05,Football_KeyNumberGuard_v1,59.0,-15.5,,,0.0,0.0,0
ncaaf_401860880,2026-09-05,Football_LineMovement_v1,59.0,-15.5,,,0.0,0.0,0
ncaaf_401860880,2026-09-05,Football_MarketBlend_v1,58.5,-15.25,AWAY,UNDER,-0.25,-0.5,0.75
ncaaf_401860880,2026-09-05,Football_MarketConsensus_v1,59.0,-15.5,,,0.0,0.0,0
ncaaf_401860880,2026-09-05,Football_SpreadValue_v1,59.0,-14.75,AWAY,,-0.75,0.0,0.75
ncaaf_401860880,2026-09-05,Football_TotalValue_v1,58.0,-15.5,,UNDER,0.0,-1.0,1.0
ncaaf_401861962,2026-09-05,Football_KeyNumberGuard_v1,58.5,-18.5,,,0.0,0.0,0
ncaaf_401861962,2026-09-05,Football_LineMovement_v1,58.5,-18.5,,,0.0,0.0,0
ncaaf_401861962,2026-09-05,Football_MarketBlend_v1,58.0,-18.25,AWAY,UNDER,-0.25,-0.5,0.75
ncaaf_401861962,2026-09-05,Football_MarketConsensus_v1,58.5,-18.5,,,0.0,0.0,0
ncaaf_401861962,2026-09-05,Football_SpreadValue_v1,58.5,-17.75,AWAY,,-0.75,0.0,0.75
ncaaf_401861962,2026-09-05,Football_TotalValue_v1,57.5,-18.5,,UNDER,0.0,-1.0,1.0
ncaaf_401862693,2026-08-30,Football_KeyNumberGuard_v1,57.5,-5.5,,,0.0,0.0,0
ncaaf_401862693,2026-08-30,Football_LineMovement_v1,57.5,-5.5,,,0.0,0.0,0
ncaaf_401862693,2026-08-30,Football_MarketBlend_v1,57.0,-5.25,AWAY,UNDER,-0.25,-0.5,0.75
ncaaf_401862693,2026-08-30,Football_MarketConsensus_v1,57.5,-5.5,,,0.0,0.0,0
ncaaf_401862693,2026-08-30,Football_SpreadValue_v1,57.5,-4.75,AWAY,,-0.75,0.0,0.75
ncaaf_401862693,2026-08-30,Football_TotalValue_v1,56.5,-5.5,,UNDER,0.0,-1.0,1.0
ncaaf_401862695,2026-09-05,Football_KeyNumberGuard_v1,52.5,-10.5,,,0.0,0.0,0
ncaaf_401862695,2026-09-05,Football_LineMovement_v1,52.5,-10.5,,,0.0,0.0,0
ncaaf_401862695,2026-09-05,Football_MarketBlend_v1,52.0,-10.25,,UNDER,-0.25,-0.5,0.75
ncaaf_401862695,2026-09-05,Football_MarketConsensus_v1,52.5,-10.5,,,0.0,0.0,0
ncaaf_401862695,2026-09-05,Football_SpreadValue_v1,52.5,-9.75,AWAY,,-0.75,0.0,0.75
ncaaf_401862695,2026-09-05,Football_TotalValue_v1,51.5,-10.5,,UNDER,0.0,-1.0,1.0
ncaaf_401862696,2026-09-05,Football_KeyNumberGuard_v1,63.5,-27.5,,,0.0,0.0,0
ncaaf_401862696,2026-09-05,Football_LineMovement_v1,63.5,-27.5,,,0.0,0.0,0
ncaaf_401862696,2026-09-05,Football_MarketBlend_v1,63.0,-27.25,AWAY,UNDER,-0.25,-0.5,0.75
ncaaf_401862696,2026-09-05,Football_MarketConsensus_v1,63.5,-27.5,,,0.0,0.0,0
ncaaf_401862696,2026-09-05,Football_SpreadValue_v1,63.5,-26.75,AWAY,,-0.75,0.0,0.75
ncaaf_401862696,2026-09-05,Football_TotalValue_v1,62.5,-27.5,,UNDER,0.0,-1.0,1.0
ncaaf_401862698,2026-09-05,Football_KeyNumberGuard_v1,52.0,-10.5,,,0.0,0.0,0
ncaaf_401862698,2026-09-05,Football_LineMovement_v1,52.0,-10.5,,,0.0,0.0,0
ncaaf_401862698,2026-09-05,Football_MarketBlend_v1,51.5,-10.25,,UNDER,-0.25,-0.5,0.75
ncaaf_401862698,2026-09-05,Football_MarketConsensus_v1,52.0,-10.5,,,0.0,0.0,0
ncaaf_401862698,2026-09-05,Football_SpreadValue_v1,52.0,-9.75,AWAY,,-0.75,0.0,0.75
ncaaf_401862698,2026-09-05,Football_TotalValue_v1,51.0,-10.5,,UNDER,0.0,-1.0,1.0
ncaaf_401862699,2026-09-05,Football_KeyNumberGuard_v1,53.0,-14.5,,,0.0,0.0,0
ncaaf_401862699,2026-09-05,Football_LineMovement_v1,53.0,-14.5,,,0.0,0.0,0
ncaaf_401862699,2026-09-05,Football_MarketBlend_v1,52.5,-14.25,AWAY,UNDER,-0.25,-0.5,0.75
ncaaf_401862699,2026-09-05,Football_MarketConsensus_v1,53.0,-14.5,,,0.0,0.0,0
ncaaf_401862699,2026-09-05,Football_SpreadValue_v1,53.0,-13.75,AWAY,,-0.75,0.0,0.75
ncaaf_401862699,2026-09-05,Football_TotalValue_v1,52.0,-14.5,,UNDER,0.0,-1.0,1.0
ncaaf_401862700,2026-09-05,Football_KeyNumberGuard_v1,58.0,-33.5,,,0.0,0.0,0
ncaaf_401862700,2026-09-05,Football_LineMovement_v1,58.0,-33.5,,,0.0,0.0,0
ncaaf_401862700,2026-09-05,Football_MarketBlend_v1,57.5,-33.25,AWAY,UNDER,-0.25,-0.5,0.75
ncaaf_401862700,2026-09-05,Football_MarketConsensus_v1,58.0,-33.5,,,0.0,0.0,0
ncaaf_401862700,2026-09-05,Football_SpreadValue_v1,58.0,-32.75,AWAY,,-0.75,0.0,0.75
ncaaf_401862700,2026-09-05,Football_TotalValue_v1,57.0,-33.5,,UNDER,0.0,-1.0,1.0
ncaaf_401862701,2026-09-05,Football_KeyNumberGuard_v1,51.5,-36.5,,,0.0,0.0,0
ncaaf_401862701,2026-09-05,Football_LineMovement_v1,51.5,-36.5,,,0.0,0.0,0
ncaaf_401862701,2026-09-05,Football_MarketBlend_v1,51.0,-36.25,AWAY,UNDER,-0.25,-0.5,0.75
ncaaf_401862701,2026-09-05,Football_MarketConsensus_v1,51.5,-36.5,,,0.0,0.0,0
ncaaf_401862701,2026-09-05,Football_SpreadValue_v1,51.5,-35.75,AWAY,,-0.75,0.0,0.75
ncaaf_401862701,2026-09-05,Football_TotalValue_v1,50.5,-36.5,,UNDER,0.0,-1.0,1.0
ncaaf_401864424,2026-09-03,Football_KeyNumberGuard_v1,55.5,-27.5,,,0.0,0.0,0
ncaaf_401864424,2026-09-03,Football_LineMovement_v1,55.5,-27.5,,,0.0,0.0,0
ncaaf_401864424,2026-09-03,Football_MarketBlend_v1,55.0,-27.25,AWAY,UNDER,-0.25,-0.5,0.75
ncaaf_401864424,2026-09-03,Football_MarketConsensus_v1,55.5,-27.5,,,0.0,0.0,0
ncaaf_401864424,2026-09-03,Football_SpreadValue_v1,55.5,-26.75,AWAY,,-0.75,0.0,0.75
ncaaf_401864424,2026-09-03,Football_TotalValue_v1,54.5,-27.5,,UNDER,0.0,-1.0,1.0
ncaaf_401864425,2026-09-03,Football_KeyNumberGuard_v1,51.5,-22.5,,,0.0,0.0,0
ncaaf_401864425,2026-09-03,Football_LineMovement_v1,51.5,-22.5,,,0.0,0.0,0
ncaaf_401864425,2026-09-03,Football_MarketBlend_v1,51.0,-22.25,AWAY,UNDER,-0.25,-0.5,0.75
ncaaf_401864425,2026-09-03,Football_MarketConsensus_v1,51.5,-22.5,,,0.0,0.0,0
ncaaf_401864425,2026-09-03,Football_SpreadValue_v1,51.5,-21.75,AWAY,,-0.75,0.0,0.75
ncaaf_401864425,2026-09-03,Football_TotalValue_v1,50.5,-22.5,,UNDER,0.0,-1.0,1.0
ncaaf_401864432,2026-09-06,Football_KeyNumberGuard_v1,51.5,1.0,,,0.0,0.0,0
ncaaf_401864432,2026-09-06,Football_LineMovement_v1,51.5,1.0,,,0.0,0.0,0
ncaaf_401864432,2026-09-06,Football_MarketBlend_v1,51.0,0.75,HOME,UNDER,0.25,-0.5,0.75
ncaaf_401864432,2026-09-06,Football_MarketConsensus_v1,51.5,1.0,,,0.0,0.0,0
ncaaf_401864432,2026-09-06,Football_SpreadValue_v1,51.5,0.25,HOME,,0.75,0.0,0.75
ncaaf_401864432,2026-09-06,Football_TotalValue_v1,50.5,1.0,,UNDER,0.0,-1.0,1.0
ncaaf_401864496,2026-09-05,Football_KeyNumberGuard_v1,58.5,-28.5,,,0.0,0.0,0
ncaaf_401864496,2026-09-05,Football_LineMovement_v1,58.5,-28.5,,,0.0,0.0,0
ncaaf_401864496,2026-09-05,Football_MarketBlend_v1,58.0,-28.25,AWAY,UNDER,-0.25,-0.5,0.75
ncaaf_401864496,2026-09-05,Football_MarketConsensus_v1,58.5,-28.5,,,0.0,0.0,0
ncaaf_401864496,2026-09-05,Football_SpreadValue_v1,58.5,-27.75,AWAY,,-0.75,0.0,0.75
ncaaf_401864496,2026-09-05,Football_TotalValue_v1,57.5,-28.5,,UNDER,0.0,-1.0,1.0
ncaaf_401864498,2026-09-06,Football_KeyNumberGuard_v1,47.0,-10.5,,,0.0,0.0,0
ncaaf_401864498,2026-09-06,Football_LineMovement_v1,47.0,-10.5,,,0.0,0.0,0
ncaaf_401864498,2026-09-06,Football_MarketBlend_v1,46.5,-10.25,,UNDER,-0.25,-0.5,0.75
ncaaf_401864498,2026-09-06,Football_MarketConsensus_v1,47.0,-10.5,,,0.0,0.0,0
ncaaf_401864498,2026-09-06,Football_SpreadValue_v1,47.0,-9.75,AWAY,,-0.75,0.0,0.75
ncaaf_401864498,2026-09-06,Football_TotalValue_v1,46.0,-10.5,,UNDER,0.0,-1.0,1.0
ncaaf_401864499,2026-09-05,Football_KeyNumberGuard_v1,51.5,-47.5,,,0.0,0.0,0
ncaaf_401864499,2026-09-05,Football_LineMovement_v1,51.5,-47.5,,,0.0,0.0,0
ncaaf_401864499,2026-09-05,Football_MarketBlend_v1,51.0,-47.25,AWAY,UNDER,-0.25,-0.5,0.75
ncaaf_401864499,2026-09-05,Football_MarketConsensus_v1,51.5,-47.5,,,0.0,0.0,0
ncaaf_401864499,2026-09-05,Football_SpreadValue_v1,51.5,-46.75,AWAY,,-0.75,0.0,0.75
ncaaf_401864499,2026-09-05,Football_TotalValue_v1,50.5,-47.5,,UNDER,0.0,-1.0,1.0
ncaaf_401864570,2026-08-29,Football_KeyNumberGuard_v1,53.0,-31.5,,,0.0,0.0,0
ncaaf_401864570,2026-08-29,Football_LineMovement_v1,53.0,-31.5,,,0.0,0.0,0
ncaaf_401864570,2026-08-29,Football_MarketBlend_v1,52.5,-31.25,AWAY,UNDER,-0.25,-0.5,0.75
ncaaf_401864570,2026-08-29,Football_MarketConsensus_v1,53.0,-31.5,,,0.0,0.0,0
ncaaf_401864570,2026-08-29,Football_SpreadValue_v1,53.0,-30.75,AWAY,,-0.75,0.0,0.75
ncaaf_401864570,2026-08-29,Football_TotalValue_v1,52.0,-31.5,,UNDER,0.0,-1.0,1.0
ncaaf_401864577,2026-08-29,Football_KeyNumberGuard_v1,47.5,-7.0,,,0.0,0.0,0
ncaaf_401864577,2026-08-29,Football_LineMovement_v1,47.5,-7.0,,,0.0,0.0,0
ncaaf_401864577,2026-08-29,Football_MarketBlend_v1,47.0,-6.75,,UNDER,-0.25,-0.5,0.75
ncaaf_401864577,2026-08-29,Football_MarketConsensus_v1,47.5,-7.0,,,0.0,0.0,0
ncaaf_401864577,2026-08-29,Football_SpreadValue_v1,47.5,-6.25,AWAY,,-0.75,0.0,0.75
ncaaf_401864577,2026-08-29,Football_TotalValue_v1,46.5,-7.0,,UNDER,0.0,-1.0,1.0
ncaaf_401866408,2026-08-29,Football_KeyNumberGuard_v1,52.5,-8.5,,,0.0,0.0,0
ncaaf_401866408,2026-08-29,Football_LineMovement_v1,52.5,-8.5,,,0.0,0.0,0
ncaaf_401866408,2026-08-29,Football_MarketBlend_v1,52.0,-8.25,AWAY,UNDER,-0.25,-0.5,0.75
ncaaf_401866408,2026-08-29,Football_MarketConsensus_v1,52.5,-8.5,,,0.0,0.0,0
ncaaf_401866408,2026-08-29,Football_SpreadValue_v1,52.5,-7.75,AWAY,,-0.75,0.0,0.75
ncaaf_401866408,2026-08-29,Football_TotalValue_v1,51.5,-8.5,,UNDER,0.0,-1.0,1.0
ncaaf_401866410,2026-09-05,Football_KeyNumberGuard_v1,47.5,-2.5,,,0.0,0.0,0
ncaaf_401866410,2026-09-05,Football_LineMovement_v1,47.5,-2.5,,,0.0,0.0,0
ncaaf_401866410,2026-09-05,Football_MarketBlend_v1,47.0,-2.25,,UNDER,-0.25,-0.5,0.75
ncaaf_401866410,2026-09-05,Football_MarketConsensus_v1,47.5,-2.5,,,0.0,0.0,0
ncaaf_401866410,2026-09-05,Football_SpreadValue_v1,47.5,-1.75,AWAY,,-0.75,0.0,0.75
ncaaf_401866410,2026-09-05,Football_TotalValue_v1,46.5,-2.5,,UNDER,0.0,-1.0,1.0
ncaaf_401866411,2026-09-06,Football_KeyNumberGuard_v1,55.5,-38.5,,,0.0,0.0,0
ncaaf_401866411,2026-09-06,Football_LineMovement_v1,55.5,-38.5,,,0.0,0.0,0
ncaaf_401866411,2026-09-06,Football_MarketBlend_v1,55.0,-38.25,AWAY,UNDER,-0.25,-0.5,0.75
ncaaf_401866411,2026-09-06,Football_MarketConsensus_v1,55.5,-38.5,,,0.0,0.0,0
ncaaf_401866411,2026-09-06,Football_SpreadValue_v1,55.5,-37.75,AWAY,,-0.75,0.0,0.75
ncaaf_401866411,2026-09-06,Football_TotalValue_v1,54.5,-38.5,,UNDER,0.0,-1.0,1.0
ncaaf_401866623,2026-09-04,Football_KeyNumberGuard_v1,65.5,-28.5,,,0.0,0.0,0
ncaaf_401866623,2026-09-04,Football_LineMovement_v1,65.5,-28.5,,,0.0,0.0,0
ncaaf_401866623,2026-09-04,Football_MarketBlend_v1,65.0,-28.25,AWAY,UNDER,-0.25,-0.5,0.75
ncaaf_401866623,2026-09-04,Football_MarketConsensus_v1,65.5,-28.5,,,0.0,0.0,0
ncaaf_401866623,2026-09-04,Football_SpreadValue_v1,65.5,-27.75,AWAY,,-0.75,0.0,0.75
ncaaf_401866623,2026-09-04,Football_TotalValue_v1,64.5,-28.5,,UNDER,0.0,-1.0,1.0
ncaaf_401867866,2026-09-05,Football_KeyNumberGuard_v1,56.0,-22.5,,,0.0,0.0,0
ncaaf_401867866,2026-09-05,Football_LineMovement_v1,56.0,-22.5,,,0.0,0.0,0
ncaaf_401867866,2026-09-05,Football_MarketBlend_v1,55.5,-22.25,AWAY,UNDER,-0.25,-0.5,0.75
ncaaf_401867866,2026-09-05,Football_MarketConsensus_v1,56.0,-22.5,,,0.0,0.0,0
ncaaf_401867866,2026-09-05,Football_SpreadValue_v1,56.0,-21.75,AWAY,,-0.75,0.0,0.75
ncaaf_401867866,2026-09-05,Football_TotalValue_v1,55.0,-22.5,,UNDER,0.0,-1.0,1.0
ncaaf_401867973,2026-09-05,Football_KeyNumberGuard_v1,52.5,-41.25,,,0.0,0.0,0
ncaaf_401867973,2026-09-05,Football_LineMovement_v1,52.5,-41.25,,,0.0,0.0,0
ncaaf_401867973,2026-09-05,Football_MarketBlend_v1,52.0,-41.0,AWAY,UNDER,-0.25,-0.5,0.75
ncaaf_401867973,2026-09-05,Football_MarketConsensus_v1,52.5,-41.25,,,0.0,0.0,0
ncaaf_401867973,2026-09-05,Football_SpreadValue_v1,52.5,-40.5,AWAY,,-0.75,0.0,0.75
ncaaf_401867973,2026-09-05,Football_TotalValue_v1,51.5,-41.25,,UNDER,0.0,-1.0,1.0
ncaaf_401868140,2026-09-05,Football_KeyNumberGuard_v1,52.0,-22.5,,,0.0,0.0,0
ncaaf_401868140,2026-09-05,Football_LineMovement_v1,52.0,-22.5,,,0.0,0.0,0
ncaaf_401868140,2026-09-05,Football_MarketBlend_v1,51.5,-22.25,AWAY,UNDER,-0.25,-0.5,0.75
ncaaf_401868140,2026-09-05,Football_MarketConsensus_v1,52.0,-22.5,,,0.0,0.0,0
ncaaf_401868140,2026-09-05,Football_SpreadValue_v1,52.0,-21.75,AWAY,,-0.75,0.0,0.75
ncaaf_401868140,2026-09-05,Football_TotalValue_v1,51.0,-22.5,,UNDER,0.0,-1.0,1.0
ncaaf_401868170,2026-09-05,Football_KeyNumberGuard_v1,51.75,-28.5,,,0.0,0.0,0
ncaaf_401868170,2026-09-05,Football_LineMovement_v1,51.75,-28.5,,,0.0,0.0,0
ncaaf_401868170,2026-09-05,Football_MarketBlend_v1,51.25,-28.25,AWAY,UNDER,-0.25,-0.5,0.75
ncaaf_401868170,2026-09-05,Football_MarketConsensus_v1,51.75,-28.5,,,0.0,0.0,0
ncaaf_401868170,2026-09-05,Football_SpreadValue_v1,51.75,-27.75,AWAY,,-0.75,0.0,0.75
ncaaf_401868170,2026-09-05,Football_TotalValue_v1,50.75,-28.5,,UNDER,0.0,-1.0,1.0
ncaaf_401869129,2026-09-05,Football_KeyNumberGuard_v1,56.5,-44.5,,,0.0,0.0,0
ncaaf_401869129,2026-09-05,Football_LineMovement_v1,56.5,-44.5,,,0.0,0.0,0
ncaaf_401869129,2026-09-05,Football_MarketBlend_v1,56.0,-44.25,AWAY,UNDER,-0.25,-0.5,0.75
ncaaf_401869129,2026-09-05,Football_MarketConsensus_v1,56.5,-44.5,,,0.0,0.0,0
ncaaf_401869129,2026-09-05,Football_SpreadValue_v1,56.5,-43.75,AWAY,,-0.75,0.0,0.75
ncaaf_401869129,2026-09-05,Football_TotalValue_v1,55.5,-44.5,,UNDER,0.0,-1.0,1.0
ncaaf_401869142,2026-09-06,Football_KeyNumberGuard_v1,48.5,-20.5,,,0.0,0.0,0
ncaaf_401869142,2026-09-06,Football_LineMovement_v1,48.5,-20.5,,,0.0,0.0,0
ncaaf_401869142,2026-09-06,Football_MarketBlend_v1,48.0,-20.25,AWAY,UNDER,-0.25,-0.5,0.75
ncaaf_401869142,2026-09-06,Football_MarketConsensus_v1,48.5,-20.5,,,0.0,0.0,0
ncaaf_401869142,2026-09-06,Football_SpreadValue_v1,48.5,-19.75,AWAY,,-0.75,0.0,0.75
ncaaf_401869142,2026-09-06,Football_TotalValue_v1,47.5,-20.5,,UNDER,0.0,-1.0,1.0
ncaaf_401869960,2026-09-05,Football_KeyNumberGuard_v1,52.5,-6.5,,,0.0,0.0,0
ncaaf_401869960,2026-09-05,Football_LineMovement_v1,52.5,-6.5,,,0.0,0.0,0
ncaaf_401869960,2026-09-05,Football_MarketBlend_v1,52.0,-6.25,,UNDER,-0.25,-0.5,0.75
ncaaf_401869960,2026-09-05,Football_MarketConsensus_v1,52.5,-6.5,,,0.0,0.0,0
ncaaf_401869960,2026-09-05,Football_SpreadValue_v1,52.5,-5.75,AWAY,,-0.75,0.0,0.75
ncaaf_401869960,2026-09-05,Football_TotalValue_v1,51.5,-6.5,,UNDER,0.0,-1.0,1.0
ncaaf_401870790,2026-09-06,Football_KeyNumberGuard_v1,52.5,-29.0,,,0.0,0.0,0
ncaaf_401870790,2026-09-06,Football_LineMovement_v1,52.5,-29.0,,,0.0,0.0,0
ncaaf_401870790,2026-09-06,Football_MarketBlend_v1,52.0,-28.75,AWAY,UNDER,-0.25,-0.5,0.75
ncaaf_401870790,2026-09-06,Football_MarketConsensus_v1,52.5,-29.0,,,0.0,0.0,0
ncaaf_401870790,2026-09-06,Football_SpreadValue_v1,52.5,-28.25,AWAY,,-0.75,0.0,0.75
ncaaf_401870790,2026-09-06,Football_TotalValue_v1,51.5,-29.0,,UNDER,0.0,-1.0,1.0
