captured_at_utc,source,sport,game_id,commence_time,game_last_update,home_team,away_team,bookmaker_key,bookmaker_title,bookmaker_last_update,market_key,market_last_update,outcome_name,price,point
2026-03-22T21:07:33.158589+00:00,the_odds_api,basketball_ncaab,7dd1f585b9d94dff98991f333edc5267,2026-03-22T18:49:00Z,,Iowa State Cyclones,Kentucky Wildcats,fanduel,FanDuel,2026-03-22T20:54:05Z,spreads,2026-03-22T20:54:05Z,Iowa State Cyclones,104,-20.5
2026-03-22T21:07:33.158589+00:00,the_odds_api,basketball_ncaab,7dd1f585b9d94dff98991f333edc5267,2026-03-22T18:49:00Z,,Iowa State Cyclones,Kentucky Wildcats,fanduel,FanDuel,2026-03-22T20:54:05Z,spreads,2026-03-22T20:54:05Z,Kentucky Wildcats,-138,20.5
2026-03-22T21:07:33.158589+00:00,the_odds_api,basketball_ncaab,7dd1f585b9d94dff98991f333edc5267,2026-03-22T18:49:00Z,,Iowa State Cyclones,Kentucky Wildcats,draftkings,DraftKings,2026-03-22T20:55:26Z,spreads,2026-03-22T20:55:26Z,Iowa State Cyclones,-145,-18.5
2026-03-22T21:07:33.158589+00:00,the_odds_api,basketball_ncaab,7dd1f585b9d94dff98991f333edc5267,2026-03-22T18:49:00Z,,Iowa State Cyclones,Kentucky Wildcats,draftkings,DraftKings,2026-03-22T20:55:26Z,spreads,2026-03-22T20:55:26Z,Kentucky Wildcats,114,18.5
2026-03-22T21:07:33.158589+00:00,the_odds_api,basketball_ncaab,7dd1f585b9d94dff98991f333edc5267,2026-03-22T18:49:00Z,,Iowa State Cyclones,Kentucky Wildcats,betmgm,BetMGM,2026-03-22T20:55:38Z,spreads,2026-03-22T20:55:38Z,Iowa State Cyclones,170,-19.5
2026-03-22T21:07:33.158589+00:00,the_odds_api,basketball_ncaab,7dd1f585b9d94dff98991f333edc5267,2026-03-22T18:49:00Z,,Iowa State Cyclones,Kentucky Wildcats,betmgm,BetMGM,2026-03-22T20:55:38Z,spreads,2026-03-22T20:55:38Z,Kentucky Wildcats,-225,19.5
2026-03-22T21:07:33.158589+00:00,the_odds_api,basketball_ncaab,7dd1f585b9d94dff98991f333edc5267,2026-03-22T18:49:00Z,,Iowa State Cyclones,Kentucky Wildcats,betmgm,BetMGM,2026-03-22T20:55:38Z,totals,2026-03-22T20:55:38Z,Over,-165,146.5
2026-03-22T21:07:33.158589+00:00,the_odds_api,basketball_ncaab,7dd1f585b9d94dff98991f333edc5267,2026-03-22T18:49:00Z,,Iowa State Cyclones,Kentucky Wildcats,betmgm,BetMGM,2026-03-22T20:55:38Z,totals,2026-03-22T20:55:38Z,Under,125,146.5
2026-03-22T21:07:33.158589+00:00,the_odds_api,basketball_ncaab,7dd1f585b9d94dff98991f333edc5267,2026-03-22T18:49:00Z,,Iowa State Cyclones,Kentucky Wildcats,williamhill_us,Caesars,2026-03-22T20:56:01Z,spreads,2026-03-22T20:56:01Z,Iowa State Cyclones,-30000,-18.5
2026-03-22T21:07:33.158589+00:00,the_odds_api,basketball_ncaab,7dd1f585b9d94dff98991f333edc5267,2026-03-22T18:49:00Z,,Iowa State Cyclones,Kentucky Wildcats,williamhill_us,Caesars,2026-03-22T20:56:01Z,spreads,2026-03-22T20:56:01Z,Kentucky Wildcats,3500,18.5
2026-03-22T21:07:33.158589+00:00,the_odds_api,basketball_ncaab,7dd1f585b9d94dff98991f333edc5267,2026-03-22T18:49:00Z,,Iowa State Cyclones,Kentucky Wildcats,mybookieag,MyBookie.ag,2026-03-22T20:55:26Z,spreads,2026-03-22T20:55:26Z,Iowa State Cyclones,-118,-18.5
2026-03-22T21:07:33.158589+00:00,the_odds_api,basketball_ncaab,7dd1f585b9d94dff98991f333edc5267,2026-03-22T18:49:00Z,,Iowa State Cyclones,Kentucky Wildcats,mybookieag,MyBookie.ag,2026-03-22T20:55:26Z,spreads,2026-03-22T20:55:26Z,Kentucky Wildcats,-111,18.5
2026-03-22T21:07:33.158589+00:00,the_odds_api,basketball_ncaab,7dd1f585b9d94dff98991f333edc5267,2026-03-22T18:49:00Z,,Iowa State Cyclones,Kentucky Wildcats,mybookieag,MyBookie.ag,2026-03-22T20:55:26Z,totals,2026-03-22T20:55:26Z,Over,-111,143.5
2026-03-22T21:07:33.158589+00:00,the_odds_api,basketball_ncaab,7dd1f585b9d94dff98991f333edc5267,2026-03-22T18:49:00Z,,Iowa State Cyclones,Kentucky Wildcats,mybookieag,MyBookie.ag,2026-03-22T20:55:26Z,totals,2026-03-22T20:55:26Z,Under,-125,143.5
2026-03-22T21:07:33.158589+00:00,the_odds_api,basketball_ncaab,7dd1f585b9d94dff98991f333edc5267,2026-03-22T18:49:00Z,,Iowa State Cyclones,Kentucky Wildcats,bovada,Bovada,2026-03-22T21:03:55Z,spreads,2026-03-22T21:03:55Z,Iowa State Cyclones,-115,-17.0
2026-03-22T21:07:33.158589+00:00,the_odds_api,basketball_ncaab,7dd1f585b9d94dff98991f333edc5267,2026-03-22T18:49:00Z,,Iowa State Cyclones,Kentucky Wildcats,bovada,Bovada,2026-03-22T21:03:55Z,spreads,2026-03-22T21:03:55Z,Kentucky Wildcats,-115,17.0
2026-03-22T21:07:33.158589+00:00,the_odds_api,basketball_ncaab,7dd1f585b9d94dff98991f333edc5267,2026-03-22T18:49:00Z,,Iowa State Cyclones,Kentucky Wildcats,bovada,Bovada,2026-03-22T21:03:55Z,totals,2026-03-22T21:03:55Z,Over,-110,147.5
2026-03-22T21:07:33.158589+00:00,the_odds_api,basketball_ncaab,7dd1f585b9d94dff98991f333edc5267,2026-03-22T18:49:00Z,,Iowa State Cyclones,Kentucky Wildcats,bovada,Bovada,2026-03-22T21:03:55Z,totals,2026-03-22T21:03:55Z,Under,-120,147.5
2026-03-22T21:07:33.158589+00:00,the_odds_api,basketball_ncaab,7dd1f585b9d94dff98991f333edc5267,2026-03-22T18:49:00Z,,Iowa State Cyclones,Kentucky Wildcats,fanatics,Fanatics,2026-03-22T20:54:39Z,spreads,2026-03-22T20:54:39Z,Iowa State Cyclones,-115,-19.5
2026-03-22T21:07:33.158589+00:00,the_odds_api,basketball_ncaab,7dd1f585b9d94dff98991f333edc5267,2026-03-22T18:49:00Z,,Iowa State Cyclones,Kentucky Wildcats,fanatics,Fanatics,2026-03-22T20:54:39Z,spreads,2026-03-22T20:54:39Z,Kentucky Wildcats,-115,19.5
2026-03-22T22:37:17.815332+00:00,the_odds_api,basketball_ncaab,dc00ee0e46d8ae7b831e27222372c8f2,2026-03-22T20:32:12Z,,Wake Forest Demon Deacons,Illinois St Redbirds,draftkings,DraftKings,2026-03-22T22:34:23Z,h2h,2026-03-22T22:34:23Z,Illinois St Redbirds,-4000,
2026-03-22T22:37:17.815332+00:00,the_odds_api,basketball_ncaab,dc00ee0e46d8ae7b831e27222372c8f2,2026-03-22T20:32:12Z,,Wake Forest Demon Deacons,Illinois St Redbirds,draftkings,DraftKings,2026-03-22T22:34:23Z,h2h,2026-03-22T22:34:23Z,Wake Forest Demon Deacons,1500,
2026-03-22T22:37:17.815332+00:00,the_odds_api,basketball_ncaab,dc00ee0e46d8ae7b831e27222372c8f2,2026-03-22T20:32:12Z,,Wake Forest Demon Deacons,Illinois St Redbirds,betmgm,BetMGM,2026-03-22T22:34:11Z,h2h,2026-03-22T22:34:11Z,Illinois St Redbirds,-10000,
2026-03-22T22:37:17.815332+00:00,the_odds_api,basketball_ncaab,dc00ee0e46d8ae7b831e27222372c8f2,2026-03-22T20:32:12Z,,Wake Forest Demon Deacons,Illinois St Redbirds,betmgm,BetMGM,2026-03-22T22:34:11Z,h2h,2026-03-22T22:34:11Z,Wake Forest Demon Deacons,1450,
2026-03-22T22:37:17.815332+00:00,the_odds_api,basketball_ncaab,dc00ee0e46d8ae7b831e27222372c8f2,2026-03-22T20:32:12Z,,Wake Forest Demon Deacons,Illinois St Redbirds,betmgm,BetMGM,2026-03-22T22:34:11Z,spreads,2026-03-22T22:34:11Z,Illinois St Redbirds,-200,-2.5
2026-03-22T22:37:17.815332+00:00,the_odds_api,basketball_ncaab,dc00ee0e46d8ae7b831e27222372c8f2,2026-03-22T20:32:12Z,,Wake Forest Demon Deacons,Illinois St Redbirds,betmgm,BetMGM,2026-03-22T22:34:11Z,spreads,2026-03-22T22:34:11Z,Wake Forest Demon Deacons,150,2.5
2026-03-22T22:37:17.815332+00:00,the_odds_api,basketball_ncaab,dc00ee0e46d8ae7b831e27222372c8f2,2026-03-22T20:32:12Z,,Wake Forest Demon Deacons,Illinois St Redbirds,betmgm,BetMGM,2026-03-22T22:34:11Z,totals,2026-03-22T22:34:11Z,Over,-145,154.5
2026-03-22T22:37:17.815332+00:00,the_odds_api,basketball_ncaab,dc00ee0e46d8ae7b831e27222372c8f2,2026-03-22T20:32:12Z,,Wake Forest Demon Deacons,Illinois St Redbirds,betmgm,BetMGM,2026-03-22T22:34:11Z,totals,2026-03-22T22:34:11Z,Under,110,154.5
2026-03-22T22:37:17.815332+00:00,the_odds_api,basketball_ncaab,dc00ee0e46d8ae7b831e27222372c8f2,2026-03-22T20:32:12Z,,Wake Forest Demon Deacons,Illinois St Redbirds,fanduel,FanDuel,2026-03-22T22:29:58Z,h2h,2026-03-22T22:29:58Z,Illinois St Redbirds,-120,
2026-03-22T22:37:17.815332+00:00,the_odds_api,basketball_ncaab,dc00ee0e46d8ae7b831e27222372c8f2,2026-03-22T20:32:12Z,,Wake Forest Demon Deacons,Illinois St Redbirds,fanduel,FanDuel,2026-03-22T22:29:58Z,h2h,2026-03-22T22:29:58Z,Wake Forest Demon Deacons,-108,
2026-03-22T23:26:40.385488+00:00,the_odds_api,basketball_ncaab,38a957852d4e61b49d29915dcb7f4251,2026-03-22T21:26:00Z,,Kansas Jayhawks,St. John's Red Storm,draftkings,DraftKings,2026-03-22T23:26:09Z,h2h,2026-03-22T23:26:09Z,Kansas Jayhawks,750,
2026-03-22T23:26:40.385488+00:00,the_odds_api,basketball_ncaab,38a957852d4e61b49d29915dcb7f4251,2026-03-22T21:26:00Z,,Kansas Jayhawks,St. John's Red Storm,draftkings,DraftKings,2026-03-22T23:26:09Z,h2h,2026-03-22T23:26:09Z,St. John's Red Storm,-1450,
2026-03-22T23:26:40.385488+00:00,the_odds_api,basketball_ncaab,38a957852d4e61b49d29915dcb7f4251,2026-03-22T21:26:00Z,,Kansas Jayhawks,St. John's Red Storm,draftkings,DraftKings,2026-03-22T23:26:09Z,spreads,2026-03-22T23:26:09Z,Kansas Jayhawks,-125,6.5
2026-03-22T23:26:40.385488+00:00,the_odds_api,basketball_ncaab,38a957852d4e61b49d29915dcb7f4251,2026-03-22T21:26:00Z,,Kansas Jayhawks,St. John's Red Storm,draftkings,DraftKings,2026-03-22T23:26:09Z,spreads,2026-03-22T23:26:09Z,St. John's Red Storm,-105,-6.5
2026-03-22T23:26:40.385488+00:00,the_odds_api,basketball_ncaab,38a957852d4e61b49d29915dcb7f4251,2026-03-22T21:26:00Z,,Kansas Jayhawks,St. John's Red Storm,draftkings,DraftKings,2026-03-22T23:26:09Z,totals,2026-03-22T23:26:09Z,Over,-125,135.5
2026-03-22T23:26:40.385488+00:00,the_odds_api,basketball_ncaab,38a957852d4e61b49d29915dcb7f4251,2026-03-22T21:26:00Z,,Kansas Jayhawks,St. John's Red Storm,draftkings,DraftKings,2026-03-22T23:26:09Z,totals,2026-03-22T23:26:09Z,Under,-105,135.5
2026-03-22T21:18:35.939607+00:00,the_odds_api,basketball_ncaab,38a957852d4e61b49d29915dcb7f4251,2026-03-22T21:19:00Z,,Kansas Jayhawks,St. John's Red Storm,betonlineag,BetOnline.ag,2026-03-22T21:18:24Z,h2h,2026-03-22T21:18:24Z,Kansas Jayhawks,145,
2026-03-22T21:18:35.939607+00:00,the_odds_api,basketball_ncaab,38a957852d4e61b49d29915dcb7f4251,2026-03-22T21:19:00Z,,Kansas Jayhawks,St. John's Red Storm,betonlineag,BetOnline.ag,2026-03-22T21:18:24Z,h2h,2026-03-22T21:18:24Z,St. John's Red Storm,-165,
2026-03-22T21:18:35.939607+00:00,the_odds_api,basketball_ncaab,38a957852d4e61b49d29915dcb7f4251,2026-03-22T21:19:00Z,,Kansas Jayhawks,St. John's Red Storm,betonlineag,BetOnline.ag,2026-03-22T21:18:24Z,spreads,2026-03-22T21:18:24Z,Kansas Jayhawks,-112,3.5
2026-03-22T21:18:35.939607+00:00,the_odds_api,basketball_ncaab,38a957852d4e61b49d29915dcb7f4251,2026-03-22T21:19:00Z,,Kansas Jayhawks,St. John's Red Storm,betonlineag,BetOnline.ag,2026-03-22T21:18:24Z,spreads,2026-03-22T21:18:24Z,St. John's Red Storm,-108,-3.5
2026-03-22T21:18:35.939607+00:00,the_odds_api,basketball_ncaab,38a957852d4e61b49d29915dcb7f4251,2026-03-22T21:19:00Z,,Kansas Jayhawks,St. John's Red Storm,betonlineag,BetOnline.ag,2026-03-22T21:18:24Z,totals,2026-03-22T21:18:24Z,Over,-107,145.0
2026-03-22T21:18:35.939607+00:00,the_odds_api,basketball_ncaab,38a957852d4e61b49d29915dcb7f4251,2026-03-22T21:19:00Z,,Kansas Jayhawks,St. John's Red Storm,betonlineag,BetOnline.ag,2026-03-22T21:18:24Z,totals,2026-03-22T21:18:24Z,Under,-113,145.0
2026-03-22T23:26:40.385488+00:00,the_odds_api,basketball_ncaab,38a957852d4e61b49d29915dcb7f4251,2026-03-22T21:26:00Z,,Kansas Jayhawks,St. John's Red Storm,betmgm,BetMGM,2026-03-22T23:25:57Z,h2h,2026-03-22T23:25:57Z,Kansas Jayhawks,600,
2026-03-22T23:26:40.385488+00:00,the_odds_api,basketball_ncaab,38a957852d4e61b49d29915dcb7f4251,2026-03-22T21:26:00Z,,Kansas Jayhawks,St. John's Red Storm,betmgm,BetMGM,2026-03-22T23:25:57Z,h2h,2026-03-22T23:25:57Z,St. John's Red Storm,-1100,
2026-03-22T23:26:40.385488+00:00,the_odds_api,basketball_ncaab,38a957852d4e61b49d29915dcb7f4251,2026-03-22T21:26:00Z,,Kansas Jayhawks,St. John's Red Storm,betmgm,BetMGM,2026-03-22T23:25:57Z,totals,2026-03-22T23:25:57Z,Over,-115,135.5
2026-03-22T23:26:40.385488+00:00,the_odds_api,basketball_ncaab,38a957852d4e61b49d29915dcb7f4251,2026-03-22T21:26:00Z,,Kansas Jayhawks,St. John's Red Storm,betmgm,BetMGM,2026-03-22T23:25:57Z,totals,2026-03-22T23:25:57Z,Under,-115,135.5
2026-03-22T21:18:35.939607+00:00,the_odds_api,basketball_ncaab,38a957852d4e61b49d29915dcb7f4251,2026-03-22T21:19:00Z,,Kansas Jayhawks,St. John's Red Storm,lowvig,LowVig.ag,2026-03-22T21:18:01Z,h2h,2026-03-22T21:18:01Z,Kansas Jayhawks,145,
2026-03-22T21:18:35.939607+00:00,the_odds_api,basketball_ncaab,38a957852d4e61b49d29915dcb7f4251,2026-03-22T21:19:00Z,,Kansas Jayhawks,St. John's Red Storm,lowvig,LowVig.ag,2026-03-22T21:18:01Z,h2h,2026-03-22T21:18:01Z,St. John's Red Storm,-165,
2026-03-22T21:18:35.939607+00:00,the_odds_api,basketball_ncaab,38a957852d4e61b49d29915dcb7f4251,2026-03-22T21:19:00Z,,Kansas Jayhawks,St. John's Red Storm,lowvig,LowVig.ag,2026-03-22T21:18:01Z,spreads,2026-03-22T21:18:01Z,Kansas Jayhawks,-108,3.5
2026-03-22T21:18:35.939607+00:00,the_odds_api,basketball_ncaab,38a957852d4e61b49d29915dcb7f4251,2026-03-22T21:19:00Z,,Kansas Jayhawks,St. John's Red Storm,lowvig,LowVig.ag,2026-03-22T21:18:01Z,spreads,2026-03-22T21:18:01Z,St. John's Red Storm,-104,-3.5
2026-03-22T21:18:35.939607+00:00,the_odds_api,basketball_ncaab,38a957852d4e61b49d29915dcb7f4251,2026-03-22T21:19:00Z,,Kansas Jayhawks,St. John's Red Storm,lowvig,LowVig.ag,2026-03-22T21:18:01Z,totals,2026-03-22T21:18:01Z,Over,-105,145.0
2026-03-22T21:18:35.939607+00:00,the_odds_api,basketball_ncaab,38a957852d4e61b49d29915dcb7f4251,2026-03-22T21:19:00Z,,Kansas Jayhawks,St. John's Red Storm,lowvig,LowVig.ag,2026-03-22T21:18:01Z,totals,2026-03-22T21:18:01Z,Under,-111,145.0
2026-03-22T23:26:40.385488+00:00,the_odds_api,basketball_ncaab,38a957852d4e61b49d29915dcb7f4251,2026-03-22T21:26:00Z,,Kansas Jayhawks,St. John's Red Storm,fanduel,FanDuel,2026-03-22T23:25:57Z,h2h,2026-03-22T23:25:57Z,Kansas Jayhawks,1000,
2026-03-22T23:26:40.385488+00:00,the_odds_api,basketball_ncaab,38a957852d4e61b49d29915dcb7f4251,2026-03-22T21:26:00Z,,Kansas Jayhawks,St. John's Red Storm,fanduel,FanDuel,2026-03-22T23:25:57Z,h2h,2026-03-22T23:25:57Z,St. John's Red Storm,-3000,
2026-03-22T23:26:40.385488+00:00,the_odds_api,basketball_ncaab,38a957852d4e61b49d29915dcb7f4251,2026-03-22T21:26:00Z,,Kansas Jayhawks,St. John's Red Storm,fanduel,FanDuel,2026-03-22T23:25:57Z,spreads,2026-03-22T23:25:57Z,Kansas Jayhawks,-114,6.5
2026-03-22T23:26:40.385488+00:00,the_odds_api,basketball_ncaab,38a957852d4e61b49d29915dcb7f4251,2026-03-22T21:26:00Z,,Kansas Jayhawks,St. John's Red Storm,fanduel,FanDuel,2026-03-22T23:25:57Z,spreads,2026-03-22T23:25:57Z,St. John's Red Storm,-114,-6.5
2026-03-22T23:26:40.385488+00:00,the_odds_api,basketball_ncaab,38a957852d4e61b49d29915dcb7f4251,2026-03-22T21:26:00Z,,Kansas Jayhawks,St. John's Red Storm,fanduel,FanDuel,2026-03-22T23:25:57Z,totals,2026-03-22T23:25:57Z,Over,-118,135.5
2026-03-22T23:26:40.385488+00:00,the_odds_api,basketball_ncaab,38a957852d4e61b49d29915dcb7f4251,2026-03-22T21:26:00Z,,Kansas Jayhawks,St. John's Red Storm,fanduel,FanDuel,2026-03-22T23:25:57Z,totals,2026-03-22T23:25:57Z,Under,-112,135.5
2026-03-22T23:26:40.385488+00:00,the_odds_api,basketball_ncaab,38a957852d4e61b49d29915dcb7f4251,2026-03-22T21:26:00Z,,Kansas Jayhawks,St. John's Red Storm,fanatics,Fanatics,2026-03-22T23:26:09Z,h2h,2026-03-22T23:26:09Z,Kansas Jayhawks,750,
2026-03-22T23:26:40.385488+00:00,the_odds_api,basketball_ncaab,38a957852d4e61b49d29915dcb7f4251,2026-03-22T21:26:00Z,,Kansas Jayhawks,St. John's Red Storm,fanatics,Fanatics,2026-03-22T23:26:09Z,h2h,2026-03-22T23:26:09Z,St. John's Red Storm,-1400,
2026-03-22T23:26:40.385488+00:00,the_odds_api,basketball_ncaab,38a957852d4e61b49d29915dcb7f4251,2026-03-22T21:26:00Z,,Kansas Jayhawks,St. John's Red Storm,fanatics,Fanatics,2026-03-22T23:26:09Z,spreads,2026-03-22T23:26:09Z,Kansas Jayhawks,-115,6.5
2026-03-22T23:26:40.385488+00:00,the_odds_api,basketball_ncaab,38a957852d4e61b49d29915dcb7f4251,2026-03-22T21:26:00Z,,Kansas Jayhawks,St. John's Red Storm,fanatics,Fanatics,2026-03-22T23:26:09Z,spreads,2026-03-22T23:26:09Z,St. John's Red Storm,-115,-6.5
2026-03-22T23:26:40.385488+00:00,the_odds_api,basketball_ncaab,38a957852d4e61b49d29915dcb7f4251,2026-03-22T21:26:00Z,,Kansas Jayhawks,St. John's Red Storm,fanatics,Fanatics,2026-03-22T23:26:09Z,totals,2026-03-22T23:26:09Z,Over,-120,135.5
2026-03-22T23:26:40.385488+00:00,the_odds_api,basketball_ncaab,38a957852d4e61b49d29915dcb7f4251,2026-03-22T21:26:00Z,,Kansas Jayhawks,St. John's Red Storm,fanatics,Fanatics,2026-03-22T23:26:09Z,totals,2026-03-22T23:26:09Z,Under,-110,135.5
2026-03-22T23:26:40.385488+00:00,the_odds_api,basketball_ncaab,38a957852d4e61b49d29915dcb7f4251,2026-03-22T21:26:00Z,,Kansas Jayhawks,St. John's Red Storm,williamhill_us,Caesars,2026-03-22T23:24:12Z,h2h,2026-03-22T23:24:12Z,Kansas Jayhawks,800,
2026-03-22T23:26:40.385488+00:00,the_odds_api,basketball_ncaab,38a957852d4e61b49d29915dcb7f4251,2026-03-22T21:26:00Z,,Kansas Jayhawks,St. John's Red Storm,williamhill_us,Caesars,2026-03-22T23:24:12Z,h2h,2026-03-22T23:24:12Z,St. John's Red Storm,-1600,
2026-03-22T23:26:40.385488+00:00,the_odds_api,basketball_ncaab,38a957852d4e61b49d29915dcb7f4251,2026-03-22T21:26:00Z,,Kansas Jayhawks,St. John's Red Storm,williamhill_us,Caesars,2026-03-22T23:24:12Z,spreads,2026-03-22T23:24:12Z,Kansas Jayhawks,-110,7.5
2026-03-22T23:26:40.385488+00:00,the_odds_api,basketball_ncaab,38a957852d4e61b49d29915dcb7f4251,2026-03-22T21:26:00Z,,Kansas Jayhawks,St. John's Red Storm,williamhill_us,Caesars,2026-03-22T23:24:12Z,spreads,2026-03-22T23:24:12Z,St. John's Red Storm,-120,-7.5
2026-03-22T23:26:40.385488+00:00,the_odds_api,basketball_ncaab,38a957852d4e61b49d29915dcb7f4251,2026-03-22T21:26:00Z,,Kansas Jayhawks,St. John's Red Storm,mybookieag,MyBookie.ag,2026-03-22T23:24:37Z,h2h,2026-03-22T23:24:37Z,Kansas Jayhawks,675,
2026-03-22T23:26:40.385488+00:00,the_odds_api,basketball_ncaab,38a957852d4e61b49d29915dcb7f4251,2026-03-22T21:26:00Z,,Kansas Jayhawks,St. John's Red Storm,mybookieag,MyBookie.ag,2026-03-22T23:24:37Z,h2h,2026-03-22T23:24:37Z,St. John's Red Storm,-2000,
2026-03-22T23:26:40.385488+00:00,the_odds_api,basketball_ncaab,38a957852d4e61b49d29915dcb7f4251,2026-03-22T21:26:00Z,,Kansas Jayhawks,St. John's Red Storm,mybookieag,MyBookie.ag,2026-03-22T23:24:37Z,spreads,2026-03-22T23:24:37Z,Kansas Jayhawks,-118,7.5
2026-03-22T23:26:40.385488+00:00,the_odds_api,basketball_ncaab,38a957852d4e61b49d29915dcb7f4251,2026-03-22T21:26:00Z,,Kansas Jayhawks,St. John's Red Storm,mybookieag,MyBookie.ag,2026-03-22T23:24:37Z,spreads,2026-03-22T23:24:37Z,St. John's Red Storm,-118,-7.5
2026-03-22T23:26:40.385488+00:00,the_odds_api,basketball_ncaab,38a957852d4e61b49d29915dcb7f4251,2026-03-22T21:26:00Z,,Kansas Jayhawks,St. John's Red Storm,mybookieag,MyBookie.ag,2026-03-22T23:24:37Z,totals,2026-03-22T23:24:37Z,Over,-111,134.5
2026-03-22T23:26:40.385488+00:00,the_odds_api,basketball_ncaab,38a957852d4e61b49d29915dcb7f4251,2026-03-22T21:26:00Z,,Kansas Jayhawks,St. John's Red Storm,mybookieag,MyBookie.ag,2026-03-22T23:24:37Z,totals,2026-03-22T23:24:37Z,Under,-125,134.5
2026-03-22T23:26:40.385488+00:00,the_odds_api,basketball_ncaab,38a957852d4e61b49d29915dcb7f4251,2026-03-22T21:26:00Z,,Kansas Jayhawks,St. John's Red Storm,betrivers,BetRivers,2026-03-22T23:26:08Z,h2h,2026-03-22T23:26:08Z,Kansas Jayhawks,900,
2026-03-22T23:26:40.385488+00:00,the_odds_api,basketball_ncaab,38a957852d4e61b49d29915dcb7f4251,2026-03-22T21:26:00Z,,Kansas Jayhawks,St. John's Red Storm,betrivers,BetRivers,2026-03-22T23:26:08Z,h2h,2026-03-22T23:26:08Z,St. John's Red Storm,-3335,
2026-03-22T23:26:40.385488+00:00,the_odds_api,basketball_ncaab,38a957852d4e61b49d29915dcb7f4251,2026-03-22T21:26:00Z,,Kansas Jayhawks,St. John's Red Storm,betrivers,BetRivers,2026-03-22T23:26:08Z,spreads,2026-03-22T23:26:08Z,Kansas Jayhawks,-121,6.5
2026-03-22T23:26:40.385488+00:00,the_odds_api,basketball_ncaab,38a957852d4e61b49d29915dcb7f4251,2026-03-22T21:26:00Z,,Kansas Jayhawks,St. John's Red Storm,betrivers,BetRivers,2026-03-22T23:26:08Z,spreads,2026-03-22T23:26:08Z,St. John's Red Storm,-118,-6.5
2026-03-22T23:26:40.385488+00:00,the_odds_api,basketball_ncaab,38a957852d4e61b49d29915dcb7f4251,2026-03-22T21:26:00Z,,Kansas Jayhawks,St. John's Red Storm,betrivers,BetRivers,2026-03-22T23:26:08Z,totals,2026-03-22T23:26:08Z,Over,-112,135.0
2026-03-22T23:26:40.385488+00:00,the_odds_api,basketball_ncaab,38a957852d4e61b49d29915dcb7f4251,2026-03-22T21:26:00Z,,Kansas Jayhawks,St. John's Red Storm,betrivers,BetRivers,2026-03-22T23:26:08Z,totals,2026-03-22T23:26:08Z,Under,-127,135.0
2026-03-22T23:26:40.385488+00:00,the_odds_api,basketball_ncaab,38a957852d4e61b49d29915dcb7f4251,2026-03-22T21:26:00Z,,Kansas Jayhawks,St. John's Red Storm,bovada,Bovada,2026-03-22T23:24:29Z,h2h,2026-03-22T23:24:29Z,Kansas Jayhawks,650,
2026-03-22T23:26:40.385488+00:00,the_odds_api,basketball_ncaab,38a957852d4e61b49d29915dcb7f4251,2026-03-22T21:26:00Z,,Kansas Jayhawks,St. John's Red Storm,bovada,Bovada,2026-03-22T23:24:29Z,h2h,2026-03-22T23:24:29Z,St. John's Red Storm,-1200,
2026-03-22T23:26:40.385488+00:00,the_odds_api,basketball_ncaab,38a957852d4e61b49d29915dcb7f4251,2026-03-22T21:26:00Z,,Kansas Jayhawks,St. John's Red Storm,bovada,Bovada,2026-03-22T23:24:29Z,spreads,2026-03-22T23:24:29Z,Kansas Jayhawks,-110,7.0
2026-03-22T23:26:40.385488+00:00,the_odds_api,basketball_ncaab,38a957852d4e61b49d29915dcb7f4251,2026-03-22T21:26:00Z,,Kansas Jayhawks,St. John's Red Storm,bovada,Bovada,2026-03-22T23:24:29Z,spreads,2026-03-22T23:24:29Z,St. John's Red Storm,-120,-7.0
2026-03-22T21:18:35.939607+00:00,the_odds_api,basketball_ncaab,38a957852d4e61b49d29915dcb7f4251,2026-03-22T21:19:00Z,,Kansas Jayhawks,St. John's Red Storm,betus,BetUS,2026-03-22T21:18:12Z,h2h,2026-03-22T21:18:12Z,Kansas Jayhawks,146,
2026-03-22T21:18:35.939607+00:00,the_odds_api,basketball_ncaab,38a957852d4e61b49d29915dcb7f4251,2026-03-22T21:19:00Z,,Kansas Jayhawks,St. John's Red Storm,betus,BetUS,2026-03-22T21:18:12Z,h2h,2026-03-22T21:18:12Z,St. John's Red Storm,-170,
2026-03-22T21:18:35.939607+00:00,the_odds_api,basketball_ncaab,38a957852d4e61b49d29915dcb7f4251,2026-03-22T21:19:00Z,,Kansas Jayhawks,St. John's Red Storm,betus,BetUS,2026-03-22T21:18:12Z,spreads,2026-03-22T21:18:12Z,Kansas Jayhawks,-105,3.5
2026-03-22T21:18:35.939607+00:00,the_odds_api,basketball_ncaab,38a957852d4e61b49d29915dcb7f4251,2026-03-22T21:19:00Z,,Kansas Jayhawks,St. John's Red Storm,betus,BetUS,2026-03-22T21:18:12Z,spreads,2026-03-22T21:18:12Z,St. John's Red Storm,-115,-3.5
2026-03-22T21:18:35.939607+00:00,the_odds_api,basketball_ncaab,38a957852d4e61b49d29915dcb7f4251,2026-03-22T21:19:00Z,,Kansas Jayhawks,St. John's Red Storm,betus,BetUS,2026-03-22T21:18:12Z,totals,2026-03-22T21:18:12Z,Over,-110,144.5
2026-03-22T21:18:35.939607+00:00,the_odds_api,basketball_ncaab,38a957852d4e61b49d29915dcb7f4251,2026-03-22T21:19:00Z,,Kansas Jayhawks,St. John's Red Storm,betus,BetUS,2026-03-22T21:18:12Z,totals,2026-03-22T21:18:12Z,Under,-110,144.5
2026-03-23T00:18:15.954380+00:00,the_odds_api,basketball_ncaab,e4194e39631ab28448c8b028effa403c,2026-03-22T22:10:41Z,,Virginia Cavaliers,Tennessee Volunteers,draftkings,DraftKings,2026-03-23T00:18:11Z,h2h,2026-03-23T00:18:11Z,Tennessee Volunteers,-270,
2026-03-23T00:18:15.954380+00:00,the_odds_api,basketball_ncaab,e4194e39631ab28448c8b028effa403c,2026-03-22T22:10:41Z,,Virginia Cavaliers,Tennessee Volunteers,draftkings,DraftKings,2026-03-23T00:18:11Z,h2h,2026-03-23T00:18:11Z,Virginia Cavaliers,200,
2026-03-23T00:18:15.954380+00:00,the_odds_api,basketball_ncaab,e4194e39631ab28448c8b028effa403c,2026-03-22T22:10:41Z,,Virginia Cavaliers,Tennessee Volunteers,draftkings,DraftKings,2026-03-23T00:18:11Z,spreads,2026-03-23T00:18:11Z,Tennessee Volunteers,-105,-2.5
2026-03-23T00:18:15.954380+00:00,the_odds_api,basketball_ncaab,e4194e39631ab28448c8b028effa403c,2026-03-22T22:10:41Z,,Virginia Cavaliers,Tennessee Volunteers,draftkings,DraftKings,2026-03-23T00:18:11Z,spreads,2026-03-23T00:18:11Z,Virginia Cavaliers,-125,2.5
2026-03-23T00:18:15.954380+00:00,the_odds_api,basketball_ncaab,e4194e39631ab28448c8b028effa403c,2026-03-22T22:10:41Z,,Virginia Cavaliers,Tennessee Volunteers,draftkings,DraftKings,2026-03-23T00:18:11Z,totals,2026-03-23T00:18:11Z,Over,-120,149.5
2026-03-23T00:18:15.954380+00:00,the_odds_api,basketball_ncaab,e4194e39631ab28448c8b028effa403c,2026-03-22T22:10:41Z,,Virginia Cavaliers,Tennessee Volunteers,draftkings,DraftKings,2026-03-23T00:18:11Z,totals,2026-03-23T00:18:11Z,Under,-110,149.5
2026-03-22T22:11:12.643345+00:00,the_odds_api,basketball_ncaab,e4194e39631ab28448c8b028effa403c,2026-03-22T22:15:00Z,,Virginia Cavaliers,Tennessee Volunteers,lowvig,LowVig.ag,2026-03-22T22:10:27Z,h2h,2026-03-22T22:10:27Z,Tennessee Volunteers,-114,
2026-03-22T22:11:12.643345+00:00,the_odds_api,basketball_ncaab,e4194e39631ab28448c8b028effa403c,2026-03-22T22:15:00Z,,Virginia Cavaliers,Tennessee Volunteers,lowvig,LowVig.ag,2026-03-22T22:10:27Z,h2h,2026-03-22T22:10:27Z,Virginia Cavaliers,-106,
2026-03-22T22:11:12.643345+00:00,the_odds_api,basketball_ncaab,e4194e39631ab28448c8b028effa403c,2026-03-22T22:15:00Z,,Virginia Cavaliers,Tennessee Volunteers,lowvig,LowVig.ag,2026-03-22T22:10:27Z,spreads,2026-03-22T22:10:27Z,Tennessee Volunteers,-102,-1.0
2026-03-22T22:11:12.643345+00:00,the_odds_api,basketball_ncaab,e4194e39631ab28448c8b028effa403c,2026-03-22T22:15:00Z,,Virginia Cavaliers,Tennessee Volunteers,lowvig,LowVig.ag,2026-03-22T22:10:27Z,spreads,2026-03-22T22:10:27Z,Virginia Cavaliers,-110,1.0
2026-03-22T22:11:12.643345+00:00,the_odds_api,basketball_ncaab,e4194e39631ab28448c8b028effa403c,2026-03-22T22:15:00Z,,Virginia Cavaliers,Tennessee Volunteers,lowvig,LowVig.ag,2026-03-22T22:10:27Z,totals,2026-03-22T22:10:27Z,Over,-108,137.5
2026-03-22T22:11:12.643345+00:00,the_odds_api,basketball_ncaab,e4194e39631ab28448c8b028effa403c,2026-03-22T22:15:00Z,,Virginia Cavaliers,Tennessee Volunteers,lowvig,LowVig.ag,2026-03-22T22:10:27Z,totals,2026-03-22T22:10:27Z,Under,-108,137.5
2026-03-23T00:18:15.954380+00:00,the_odds_api,basketball_ncaab,e4194e39631ab28448c8b028effa403c,2026-03-22T22:10:41Z,,Virginia Cavaliers,Tennessee Volunteers,betmgm,BetMGM,2026-03-23T00:18:11Z,h2h,2026-03-23T00:18:11Z,Tennessee Volunteers,-225,
2026-03-23T00:18:15.954380+00:00,the_odds_api,basketball_ncaab,e4194e39631ab28448c8b028effa403c,2026-03-22T22:10:41Z,,Virginia Cavaliers,Tennessee Volunteers,betmgm,BetMGM,2026-03-23T00:18:11Z,h2h,2026-03-23T00:18:11Z,Virginia Cavaliers,175,
2026-03-23T00:18:15.954380+00:00,the_odds_api,basketball_ncaab,e4194e39631ab28448c8b028effa403c,2026-03-22T22:10:41Z,,Virginia Cavaliers,Tennessee Volunteers,betmgm,BetMGM,2026-03-23T00:18:11Z,spreads,2026-03-23T00:18:11Z,Tennessee Volunteers,110,-2.5
2026-03-23T00:18:15.954380+00:00,the_odds_api,basketball_ncaab,e4194e39631ab28448c8b028effa403c,2026-03-22T22:10:41Z,,Virginia Cavaliers,Tennessee Volunteers,betmgm,BetMGM,2026-03-23T00:18:11Z,spreads,2026-03-23T00:18:11Z,Virginia Cavaliers,-145,2.5
2026-03-22T22:11:12.643345+00:00,the_odds_api,basketball_ncaab,e4194e39631ab28448c8b028effa403c,2026-03-22T22:15:00Z,,Virginia Cavaliers,Tennessee Volunteers,betonlineag,BetOnline.ag,2026-03-22T22:10:39Z,h2h,2026-03-22T22:10:39Z,Tennessee Volunteers,-114,
2026-03-22T22:11:12.643345+00:00,the_odds_api,basketball_ncaab,e4194e39631ab28448c8b028effa403c,2026-03-22T22:15:00Z,,Virginia Cavaliers,Tennessee Volunteers,betonlineag,BetOnline.ag,2026-03-22T22:10:39Z,h2h,2026-03-22T22:10:39Z,Virginia Cavaliers,-106,
2026-03-22T22:11:12.643345+00:00,the_odds_api,basketball_ncaab,e4194e39631ab28448c8b028effa403c,2026-03-22T22:15:00Z,,Virginia Cavaliers,Tennessee Volunteers,betonlineag,BetOnline.ag,2026-03-22T22:10:39Z,spreads,2026-03-22T22:10:39Z,Tennessee Volunteers,-106,-1.0
2026-03-22T22:11:12.643345+00:00,the_odds_api,basketball_ncaab,e4194e39631ab28448c8b028effa403c,2026-03-22T22:15:00Z,,Virginia Cavaliers,Tennessee Volunteers,betonlineag,BetOnline.ag,2026-03-22T22:10:39Z,spreads,2026-03-22T22:10:39Z,Virginia Cavaliers,-114,1.0
2026-03-22T22:11:12.643345+00:00,the_odds_api,basketball_ncaab,e4194e39631ab28448c8b028effa403c,2026-03-22T22:15:00Z,,Virginia Cavaliers,Tennessee Volunteers,betonlineag,BetOnline.ag,2026-03-22T22:10:39Z,totals,2026-03-22T22:10:39Z,Over,-110,137.5
2026-03-22T22:11:12.643345+00:00,the_odds_api,basketball_ncaab,e4194e39631ab28448c8b028effa403c,2026-03-22T22:15:00Z,,Virginia Cavaliers,Tennessee Volunteers,betonlineag,BetOnline.ag,2026-03-22T22:10:39Z,totals,2026-03-22T22:10:39Z,Under,-110,137.5
2026-03-23T00:18:15.954380+00:00,the_odds_api,basketball_ncaab,e4194e39631ab28448c8b028effa403c,2026-03-22T22:10:41Z,,Virginia Cavaliers,Tennessee Volunteers,fanduel,FanDuel,2026-03-23T00:18:00Z,h2h,2026-03-23T00:18:00Z,Tennessee Volunteers,-310,
2026-03-23T00:18:15.954380+00:00,the_odds_api,basketball_ncaab,e4194e39631ab28448c8b028effa403c,2026-03-22T22:10:41Z,,Virginia Cavaliers,Tennessee Volunteers,fanduel,FanDuel,2026-03-23T00:18:00Z,h2h,2026-03-23T00:18:00Z,Virginia Cavaliers,230,
2026-03-23T00:18:15.954380+00:00,the_odds_api,basketball_ncaab,e4194e39631ab28448c8b028effa403c,2026-03-22T22:10:41Z,,Virginia Cavaliers,Tennessee Volunteers,fanduel,FanDuel,2026-03-23T00:18:00Z,spreads,2026-03-23T00:18:00Z,Tennessee Volunteers,-132,-2.5
2026-03-23T00:18:15.954380+00:00,the_odds_api,basketball_ncaab,e4194e39631ab28448c8b028effa403c,2026-03-22T22:10:41Z,,Virginia Cavaliers,Tennessee Volunteers,fanduel,FanDuel,2026-03-23T00:18:00Z,spreads,2026-03-23T00:18:00Z,Virginia Cavaliers,100,2.5
2026-03-23T00:18:15.954380+00:00,the_odds_api,basketball_ncaab,e4194e39631ab28448c8b028effa403c,2026-03-22T22:10:41Z,,Virginia Cavaliers,Tennessee Volunteers,fanduel,FanDuel,2026-03-23T00:18:00Z,totals,2026-03-23T00:18:00Z,Over,102,149.5
2026-03-23T00:18:15.954380+00:00,the_odds_api,basketball_ncaab,e4194e39631ab28448c8b028effa403c,2026-03-22T22:10:41Z,,Virginia Cavaliers,Tennessee Volunteers,fanduel,FanDuel,2026-03-23T00:18:00Z,totals,2026-03-23T00:18:00Z,Under,-136,149.5
2026-03-23T00:18:15.954380+00:00,the_odds_api,basketball_ncaab,e4194e39631ab28448c8b028effa403c,2026-03-22T22:10:41Z,,Virginia Cavaliers,Tennessee Volunteers,williamhill_us,Caesars,2026-03-23T00:17:21Z,h2h,2026-03-23T00:17:21Z,Tennessee Volunteers,-170,
2026-03-23T00:18:15.954380+00:00,the_odds_api,basketball_ncaab,e4194e39631ab28448c8b028effa403c,2026-03-22T22:10:41Z,,Virginia Cavaliers,Tennessee Volunteers,williamhill_us,Caesars,2026-03-23T00:17:21Z,h2h,2026-03-23T00:17:21Z,Virginia Cavaliers,135,
2026-03-23T00:18:15.954380+00:00,the_odds_api,basketball_ncaab,e4194e39631ab28448c8b028effa403c,2026-03-22T22:10:41Z,,Virginia Cavaliers,Tennessee Volunteers,williamhill_us,Caesars,2026-03-23T00:17:21Z,spreads,2026-03-23T00:17:21Z,Tennessee Volunteers,-115,-1.5
2026-03-23T00:18:15.954380+00:00,the_odds_api,basketball_ncaab,e4194e39631ab28448c8b028effa403c,2026-03-22T22:10:41Z,,Virginia Cavaliers,Tennessee Volunteers,williamhill_us,Caesars,2026-03-23T00:17:21Z,spreads,2026-03-23T00:17:21Z,Virginia Cavaliers,-115,1.5
2026-03-23T00:18:15.954380+00:00,the_odds_api,basketball_ncaab,e4194e39631ab28448c8b028effa403c,2026-03-22T22:10:41Z,,Virginia Cavaliers,Tennessee Volunteers,williamhill_us,Caesars,2026-03-23T00:17:21Z,totals,2026-03-23T00:17:21Z,Over,-125,148.5
2026-03-23T00:18:15.954380+00:00,the_odds_api,basketball_ncaab,e4194e39631ab28448c8b028effa403c,2026-03-22T22:10:41Z,,Virginia Cavaliers,Tennessee Volunteers,williamhill_us,Caesars,2026-03-23T00:17:21Z,totals,2026-03-23T00:17:21Z,Under,-105,148.5
2026-03-23T00:18:15.954380+00:00,the_odds_api,basketball_ncaab,e4194e39631ab28448c8b028effa403c,2026-03-22T22:10:41Z,,Virginia Cavaliers,Tennessee Volunteers,betrivers,BetRivers,2026-03-23T00:18:11Z,h2h,2026-03-23T00:18:11Z,Tennessee Volunteers,-315,
2026-03-23T00:18:15.954380+00:00,the_odds_api,basketball_ncaab,e4194e39631ab28448c8b028effa403c,2026-03-22T22:10:41Z,,Virginia Cavaliers,Tennessee Volunteers,betrivers,BetRivers,2026-03-23T00:18:11Z,h2h,2026-03-23T00:18:11Z,Virginia Cavaliers,220,
2026-03-23T00:18:15.954380+00:00,the_odds_api,basketball_ncaab,e4194e39631ab28448c8b028effa403c,2026-03-22T22:10:41Z,,Virginia Cavaliers,Tennessee Volunteers,betrivers,BetRivers,2026-03-23T00:18:11Z,spreads,2026-03-23T00:18:11Z,Tennessee Volunteers,-113,-2.5
2026-03-23T00:18:15.954380+00:00,the_odds_api,basketball_ncaab,e4194e39631ab28448c8b028effa403c,2026-03-22T22:10:41Z,,Virginia Cavaliers,Tennessee Volunteers,betrivers,BetRivers,2026-03-23T00:18:11Z,spreads,2026-03-23T00:18:11Z,Virginia Cavaliers,-127,2.5
2026-03-23T00:18:15.954380+00:00,the_odds_api,basketball_ncaab,e4194e39631ab28448c8b028effa403c,2026-03-22T22:10:41Z,,Virginia Cavaliers,Tennessee Volunteers,mybookieag,MyBookie.ag,2026-03-23T00:17:17Z,h2h,2026-03-23T00:17:17Z,Tennessee Volunteers,-222,
2026-03-23T00:18:15.954380+00:00,the_odds_api,basketball_ncaab,e4194e39631ab28448c8b028effa403c,2026-03-22T22:10:41Z,,Virginia Cavaliers,Tennessee Volunteers,mybookieag,MyBookie.ag,2026-03-23T00:17:17Z,h2h,2026-03-23T00:17:17Z,Virginia Cavaliers,150,
2026-03-23T00:18:15.954380+00:00,the_odds_api,basketball_ncaab,e4194e39631ab28448c8b028effa403c,2026-03-22T22:10:41Z,,Virginia Cavaliers,Tennessee Volunteers,mybookieag,MyBookie.ag,2026-03-23T00:17:17Z,spreads,2026-03-23T00:17:17Z,Tennessee Volunteers,100,-2.5
2026-03-23T00:18:15.954380+00:00,the_odds_api,basketball_ncaab,e4194e39631ab28448c8b028effa403c,2026-03-22T22:10:41Z,,Virginia Cavaliers,Tennessee Volunteers,mybookieag,MyBookie.ag,2026-03-23T00:17:17Z,spreads,2026-03-23T00:17:17Z,Virginia Cavaliers,-143,2.5
2026-03-22T21:18:35.939607+00:00,the_odds_api,basketball_ncaab,e4194e39631ab28448c8b028effa403c,2026-03-22T22:10:00Z,,Virginia Cavaliers,Tennessee Volunteers,betus,BetUS,2026-03-22T21:18:12Z,spreads,2026-03-22T21:18:12Z,Tennessee Volunteers,-105,-1.0
2026-03-22T21:18:35.939607+00:00,the_odds_api,basketball_ncaab,e4194e39631ab28448c8b028effa403c,2026-03-22T22:10:00Z,,Virginia Cavaliers,Tennessee Volunteers,betus,BetUS,2026-03-22T21:18:12Z,spreads,2026-03-22T21:18:12Z,Virginia Cavaliers,-115,1.0
2026-03-22T21:18:35.939607+00:00,the_odds_api,basketball_ncaab,e4194e39631ab28448c8b028effa403c,2026-03-22T22:10:00Z,,Virginia Cavaliers,Tennessee Volunteers,betus,BetUS,2026-03-22T21:18:12Z,totals,2026-03-22T21:18:12Z,Over,-110,137.5
2026-03-22T21:18:35.939607+00:00,the_odds_api,basketball_ncaab,e4194e39631ab28448c8b028effa403c,2026-03-22T22:10:00Z,,Virginia Cavaliers,Tennessee Volunteers,betus,BetUS,2026-03-22T21:18:12Z,totals,2026-03-22T21:18:12Z,Under,-110,137.5
2026-03-23T00:18:15.954380+00:00,the_odds_api,basketball_ncaab,e4194e39631ab28448c8b028effa403c,2026-03-22T22:10:41Z,,Virginia Cavaliers,Tennessee Volunteers,bovada,Bovada,2026-03-23T00:15:49Z,h2h,2026-03-23T00:15:49Z,Tennessee Volunteers,-185,
2026-03-23T00:18:15.954380+00:00,the_odds_api,basketball_ncaab,e4194e39631ab28448c8b028effa403c,2026-03-22T22:10:41Z,,Virginia Cavaliers,Tennessee Volunteers,bovada,Bovada,2026-03-23T00:15:49Z,h2h,2026-03-23T00:15:49Z,Virginia Cavaliers,140,
2026-03-23T00:18:15.954380+00:00,the_odds_api,basketball_ncaab,e4194e39631ab28448c8b028effa403c,2026-03-22T22:10:41Z,,Virginia Cavaliers,Tennessee Volunteers,bovada,Bovada,2026-03-23T00:15:49Z,spreads,2026-03-23T00:15:49Z,Tennessee Volunteers,-115,-1.5
2026-03-23T00:18:15.954380+00:00,the_odds_api,basketball_ncaab,e4194e39631ab28448c8b028effa403c,2026-03-22T22:10:41Z,,Virginia Cavaliers,Tennessee Volunteers,bovada,Bovada,2026-03-23T00:15:49Z,spreads,2026-03-23T00:15:49Z,Virginia Cavaliers,-115,1.5
2026-03-23T00:18:15.954380+00:00,the_odds_api,basketball_ncaab,e4194e39631ab28448c8b028effa403c,2026-03-22T22:10:41Z,,Virginia Cavaliers,Tennessee Volunteers,fanatics,Fanatics,2026-03-23T00:18:11Z,h2h,2026-03-23T00:18:11Z,Tennessee Volunteers,-285,
2026-03-23T00:18:15.954380+00:00,the_odds_api,basketball_ncaab,e4194e39631ab28448c8b028effa403c,2026-03-22T22:10:41Z,,Virginia Cavaliers,Tennessee Volunteers,fanatics,Fanatics,2026-03-23T00:18:11Z,h2h,2026-03-23T00:18:11Z,Virginia Cavaliers,210,
2026-03-23T00:18:15.954380+00:00,the_odds_api,basketball_ncaab,e4194e39631ab28448c8b028effa403c,2026-03-22T22:10:41Z,,Virginia Cavaliers,Tennessee Volunteers,fanatics,Fanatics,2026-03-23T00:18:11Z,spreads,2026-03-23T00:18:11Z,Tennessee Volunteers,-115,-2.5
2026-03-23T00:18:15.954380+00:00,the_odds_api,basketball_ncaab,e4194e39631ab28448c8b028effa403c,2026-03-22T22:10:41Z,,Virginia Cavaliers,Tennessee Volunteers,fanatics,Fanatics,2026-03-23T00:18:11Z,spreads,2026-03-23T00:18:11Z,Virginia Cavaliers,-115,2.5
2026-03-23T00:18:15.954380+00:00,the_odds_api,basketball_ncaab,e4194e39631ab28448c8b028effa403c,2026-03-22T22:10:41Z,,Virginia Cavaliers,Tennessee Volunteers,fanatics,Fanatics,2026-03-23T00:18:11Z,totals,2026-03-23T00:18:11Z,Over,-105,149.5
2026-03-23T00:18:15.954380+00:00,the_odds_api,basketball_ncaab,e4194e39631ab28448c8b028effa403c,2026-03-22T22:10:41Z,,Virginia Cavaliers,Tennessee Volunteers,fanatics,Fanatics,2026-03-23T00:18:11Z,totals,2026-03-23T00:18:11Z,Under,-125,149.5
2026-03-22T22:37:17.815332+00:00,the_odds_api,basketball_ncaab,39d718d7bf874ba019304e16de5baa4f,2026-03-22T22:30:00Z,,Auburn Tigers,Seattle Redhawks,betonlineag,BetOnline.ag,2026-03-22T22:36:52Z,h2h,2026-03-22T22:36:52Z,Auburn Tigers,-1300,
2026-03-22T22:37:17.815332+00:00,the_odds_api,basketball_ncaab,39d718d7bf874ba019304e16de5baa4f,2026-03-22T22:30:00Z,,Auburn Tigers,Seattle Redhawks,betonlineag,BetOnline.ag,2026-03-22T22:36:52Z,h2h,2026-03-22T22:36:52Z,Seattle Redhawks,795,
2026-03-22T22:37:17.815332+00:00,the_odds_api,basketball_ncaab,39d718d7bf874ba019304e16de5baa4f,2026-03-22T22:30:00Z,,Auburn Tigers,Seattle Redhawks,betonlineag,BetOnline.ag,2026-03-22T22:36:52Z,spreads,2026-03-22T22:36:52Z,Auburn Tigers,-112,-14.0
2026-03-22T22:37:17.815332+00:00,the_odds_api,basketball_ncaab,39d718d7bf874ba019304e16de5baa4f,2026-03-22T22:30:00Z,,Auburn Tigers,Seattle Redhawks,betonlineag,BetOnline.ag,2026-03-22T22:36:52Z,spreads,2026-03-22T22:36:52Z,Seattle Redhawks,-108,14.0
2026-03-22T22:37:17.815332+00:00,the_odds_api,basketball_ncaab,39d718d7bf874ba019304e16de5baa4f,2026-03-22T22:30:00Z,,Auburn Tigers,Seattle Redhawks,betonlineag,BetOnline.ag,2026-03-22T22:36:52Z,totals,2026-03-22T22:36:52Z,Over,-110,145.5
2026-03-22T22:37:17.815332+00:00,the_odds_api,basketball_ncaab,39d718d7bf874ba019304e16de5baa4f,2026-03-22T22:30:00Z,,Auburn Tigers,Seattle Redhawks,betonlineag,BetOnline.ag,2026-03-22T22:36:52Z,totals,2026-03-22T22:36:52Z,Under,-110,145.5
2026-03-22T22:37:17.815332+00:00,the_odds_api,basketball_ncaab,39d718d7bf874ba019304e16de5baa4f,2026-03-22T22:30:00Z,,Auburn Tigers,Seattle Redhawks,lowvig,LowVig.ag,2026-03-22T22:37:03Z,h2h,2026-03-22T22:37:03Z,Auburn Tigers,-1300,
2026-03-22T22:37:17.815332+00:00,the_odds_api,basketball_ncaab,39d718d7bf874ba019304e16de5baa4f,2026-03-22T22:30:00Z,,Auburn Tigers,Seattle Redhawks,lowvig,LowVig.ag,2026-03-22T22:37:03Z,h2h,2026-03-22T22:37:03Z,Seattle Redhawks,795,
2026-03-22T22:37:17.815332+00:00,the_odds_api,basketball_ncaab,39d718d7bf874ba019304e16de5baa4f,2026-03-22T22:30:00Z,,Auburn Tigers,Seattle Redhawks,lowvig,LowVig.ag,2026-03-22T22:37:03Z,spreads,2026-03-22T22:37:03Z,Auburn Tigers,-108,-14.0
2026-03-22T22:37:17.815332+00:00,the_odds_api,basketball_ncaab,39d718d7bf874ba019304e16de5baa4f,2026-03-22T22:30:00Z,,Auburn Tigers,Seattle Redhawks,lowvig,LowVig.ag,2026-03-22T22:37:03Z,spreads,2026-03-22T22:37:03Z,Seattle Redhawks,-104,14.0
2026-03-22T22:37:17.815332+00:00,the_odds_api,basketball_ncaab,39d718d7bf874ba019304e16de5baa4f,2026-03-22T22:30:00Z,,Auburn Tigers,Seattle Redhawks,lowvig,LowVig.ag,2026-03-22T22:37:03Z,totals,2026-03-22T22:37:03Z,Over,-108,145.5
2026-03-22T22:37:17.815332+00:00,the_odds_api,basketball_ncaab,39d718d7bf874ba019304e16de5baa4f,2026-03-22T22:30:00Z,,Auburn Tigers,Seattle Redhawks,lowvig,LowVig.ag,2026-03-22T22:37:03Z,totals,2026-03-22T22:37:03Z,Under,-108,145.5
2026-03-23T00:18:15.954380+00:00,the_odds_api,basketball_ncaab,39d718d7bf874ba019304e16de5baa4f,2026-03-22T22:36:49Z,,Auburn Tigers,Seattle Redhawks,draftkings,DraftKings,2026-03-23T00:18:11Z,spreads,2026-03-23T00:18:11Z,Auburn Tigers,-120,-13.5
2026-03-23T00:18:15.954380+00:00,the_odds_api,basketball_ncaab,39d718d7bf874ba019304e16de5baa4f,2026-03-22T22:36:49Z,,Auburn Tigers,Seattle Redhawks,draftkings,DraftKings,2026-03-23T00:18:11Z,spreads,2026-03-23T00:18:11Z,Seattle Redhawks,-110,13.5
2026-03-23T00:18:15.954380+00:00,the_odds_api,basketball_ncaab,39d718d7bf874ba019304e16de5baa4f,2026-03-22T22:36:49Z,,Auburn Tigers,Seattle Redhawks,draftkings,DraftKings,2026-03-23T00:18:11Z,totals,2026-03-23T00:18:11Z,Over,-110,161.5
2026-03-23T00:18:15.954380+00:00,the_odds_api,basketball_ncaab,39d718d7bf874ba019304e16de5baa4f,2026-03-22T22:36:49Z,,Auburn Tigers,Seattle Redhawks,draftkings,DraftKings,2026-03-23T00:18:11Z,totals,2026-03-23T00:18:11Z,Under,-120,161.5
2026-03-23T00:18:15.954380+00:00,the_odds_api,basketball_ncaab,39d718d7bf874ba019304e16de5baa4f,2026-03-22T22:36:49Z,,Auburn Tigers,Seattle Redhawks,williamhill_us,Caesars,2026-03-23T00:17:21Z,spreads,2026-03-23T00:17:21Z,Auburn Tigers,105,-13.5
2026-03-23T00:18:15.954380+00:00,the_odds_api,basketball_ncaab,39d718d7bf874ba019304e16de5baa4f,2026-03-22T22:36:49Z,,Auburn Tigers,Seattle Redhawks,williamhill_us,Caesars,2026-03-23T00:17:21Z,spreads,2026-03-23T00:17:21Z,Seattle Redhawks,-135,13.5
2026-03-23T00:18:15.954380+00:00,the_odds_api,basketball_ncaab,39d718d7bf874ba019304e16de5baa4f,2026-03-22T22:36:49Z,,Auburn Tigers,Seattle Redhawks,betmgm,BetMGM,2026-03-23T00:18:11Z,h2h,2026-03-23T00:18:11Z,Auburn Tigers,-10000,
2026-03-23T00:18:15.954380+00:00,the_odds_api,basketball_ncaab,39d718d7bf874ba019304e16de5baa4f,2026-03-22T22:36:49Z,,Auburn Tigers,Seattle Redhawks,betmgm,BetMGM,2026-03-23T00:18:11Z,h2h,2026-03-23T00:18:11Z,Seattle Redhawks,3300,
2026-03-23T00:18:15.954380+00:00,the_odds_api,basketball_ncaab,39d718d7bf874ba019304e16de5baa4f,2026-03-22T22:36:49Z,,Auburn Tigers,Seattle Redhawks,betmgm,BetMGM,2026-03-23T00:18:11Z,spreads,2026-03-23T00:18:11Z,Auburn Tigers,-125,-13.5
2026-03-23T00:18:15.954380+00:00,the_odds_api,basketball_ncaab,39d718d7bf874ba019304e16de5baa4f,2026-03-22T22:36:49Z,,Auburn Tigers,Seattle Redhawks,betmgm,BetMGM,2026-03-23T00:18:11Z,spreads,2026-03-23T00:18:11Z,Seattle Redhawks,-102,13.5
2026-03-23T00:18:15.954380+00:00,the_odds_api,basketball_ncaab,39d718d7bf874ba019304e16de5baa4f,2026-03-22T22:36:49Z,,Auburn Tigers,Seattle Redhawks,betmgm,BetMGM,2026-03-23T00:18:11Z,totals,2026-03-23T00:18:11Z,Over,-125,162.5
2026-03-23T00:18:15.954380+00:00,the_odds_api,basketball_ncaab,39d718d7bf874ba019304e16de5baa4f,2026-03-22T22:36:49Z,,Auburn Tigers,Seattle Redhawks,betmgm,BetMGM,2026-03-23T00:18:11Z,totals,2026-03-23T00:18:11Z,Under,-102,162.5
2026-03-22T22:37:17.815332+00:00,the_odds_api,basketball_ncaab,39d718d7bf874ba019304e16de5baa4f,2026-03-22T22:30:00Z,,Auburn Tigers,Seattle Redhawks,betus,BetUS,2026-03-22T22:34:00Z,h2h,2026-03-22T22:34:00Z,Auburn Tigers,-1300,
2026-03-22T22:37:17.815332+00:00,the_odds_api,basketball_ncaab,39d718d7bf874ba019304e16de5baa4f,2026-03-22T22:30:00Z,,Auburn Tigers,Seattle Redhawks,betus,BetUS,2026-03-22T22:34:00Z,h2h,2026-03-22T22:34:00Z,Seattle Redhawks,780,
2026-03-22T22:37:17.815332+00:00,the_odds_api,basketball_ncaab,39d718d7bf874ba019304e16de5baa4f,2026-03-22T22:30:00Z,,Auburn Tigers,Seattle Redhawks,betus,BetUS,2026-03-22T22:34:00Z,spreads,2026-03-22T22:34:00Z,Auburn Tigers,-110,-14.0
2026-03-22T22:37:17.815332+00:00,the_odds_api,basketball_ncaab,39d718d7bf874ba019304e16de5baa4f,2026-03-22T22:30:00Z,,Auburn Tigers,Seattle Redhawks,betus,BetUS,2026-03-22T22:34:00Z,spreads,2026-03-22T22:34:00Z,Seattle Redhawks,-110,14.0
2026-03-22T22:37:17.815332+00:00,the_odds_api,basketball_ncaab,39d718d7bf874ba019304e16de5baa4f,2026-03-22T22:30:00Z,,Auburn Tigers,Seattle Redhawks,betus,BetUS,2026-03-22T22:34:00Z,totals,2026-03-22T22:34:00Z,Over,-110,145.5
2026-03-22T22:37:17.815332+00:00,the_odds_api,basketball_ncaab,39d718d7bf874ba019304e16de5baa4f,2026-03-22T22:30:00Z,,Auburn Tigers,Seattle Redhawks,betus,BetUS,2026-03-22T22:34:00Z,totals,2026-03-22T22:34:00Z,Under,-110,145.5
2026-03-23T00:18:15.954380+00:00,the_odds_api,basketball_ncaab,39d718d7bf874ba019304e16de5baa4f,2026-03-22T22:36:49Z,,Auburn Tigers,Seattle Redhawks,fanduel,FanDuel,2026-03-23T00:18:00Z,h2h,2026-03-23T00:18:00Z,Auburn Tigers,-100000,
2026-03-23T00:18:15.954380+00:00,the_odds_api,basketball_ncaab,39d718d7bf874ba019304e16de5baa4f,2026-03-22T22:36:49Z,,Auburn Tigers,Seattle Redhawks,fanduel,FanDuel,2026-03-23T00:18:00Z,h2h,2026-03-23T00:18:00Z,Seattle Redhawks,8000,
2026-03-23T00:18:15.954380+00:00,the_odds_api,basketball_ncaab,39d718d7bf874ba019304e16de5baa4f,2026-03-22T22:36:49Z,,Auburn Tigers,Seattle Redhawks,fanduel,FanDuel,2026-03-23T00:18:00Z,spreads,2026-03-23T00:18:00Z,Auburn Tigers,100,-13.5
2026-03-23T00:18:15.954380+00:00,the_odds_api,basketball_ncaab,39d718d7bf874ba019304e16de5baa4f,2026-03-22T22:36:49Z,,Auburn Tigers,Seattle Redhawks,fanduel,FanDuel,2026-03-23T00:18:00Z,spreads,2026-03-23T00:18:00Z,Seattle Redhawks,-132,13.5
2026-03-23T00:18:15.954380+00:00,the_odds_api,basketball_ncaab,39d718d7bf874ba019304e16de5baa4f,2026-03-22T22:36:49Z,,Auburn Tigers,Seattle Redhawks,fanduel,FanDuel,2026-03-23T00:18:00Z,totals,2026-03-23T00:18:00Z,Over,-104,162.5
2026-03-23T00:18:15.954380+00:00,the_odds_api,basketball_ncaab,39d718d7bf874ba019304e16de5baa4f,2026-03-22T22:36:49Z,,Auburn Tigers,Seattle Redhawks,fanduel,FanDuel,2026-03-23T00:18:00Z,totals,2026-03-23T00:18:00Z,Under,-128,162.5
2026-03-22T23:05:22.974633+00:00,the_odds_api,basketball_ncaab,e933be92ee7ad7e6f8c19cdc00eeb635,2026-03-22T23:00:00Z,,Tulsa Golden Hurricane,UNLV Rebels,betonlineag,BetOnline.ag,2026-03-22T23:02:56Z,h2h,2026-03-22T23:02:56Z,Tulsa Golden Hurricane,-205,
2026-03-22T23:05:22.974633+00:00,the_odds_api,basketball_ncaab,e933be92ee7ad7e6f8c19cdc00eeb635,2026-03-22T23:00:00Z,,Tulsa Golden Hurricane,UNLV Rebels,betonlineag,BetOnline.ag,2026-03-22T23:02:56Z,h2h,2026-03-22T23:02:56Z,UNLV Rebels,177,
2026-03-22T23:05:22.974633+00:00,the_odds_api,basketball_ncaab,e933be92ee7ad7e6f8c19cdc00eeb635,2026-03-22T23:00:00Z,,Tulsa Golden Hurricane,UNLV Rebels,betonlineag,BetOnline.ag,2026-03-22T23:02:56Z,spreads,2026-03-22T23:02:56Z,Tulsa Golden Hurricane,-105,-5.0
2026-03-22T23:05:22.974633+00:00,the_odds_api,basketball_ncaab,e933be92ee7ad7e6f8c19cdc00eeb635,2026-03-22T23:00:00Z,,Tulsa Golden Hurricane,UNLV Rebels,betonlineag,BetOnline.ag,2026-03-22T23:02:56Z,spreads,2026-03-22T23:02:56Z,UNLV Rebels,-115,5.0
2026-03-22T23:05:22.974633+00:00,the_odds_api,basketball_ncaab,e933be92ee7ad7e6f8c19cdc00eeb635,2026-03-22T23:00:00Z,,Tulsa Golden Hurricane,UNLV Rebels,betonlineag,BetOnline.ag,2026-03-22T23:02:56Z,totals,2026-03-22T23:02:56Z,Over,-112,161.0
2026-03-22T23:05:22.974633+00:00,the_odds_api,basketball_ncaab,e933be92ee7ad7e6f8c19cdc00eeb635,2026-03-22T23:00:00Z,,Tulsa Golden Hurricane,UNLV Rebels,betonlineag,BetOnline.ag,2026-03-22T23:02:56Z,totals,2026-03-22T23:02:56Z,Under,-108,161.0
2026-03-22T23:05:22.974633+00:00,the_odds_api,basketball_ncaab,e933be92ee7ad7e6f8c19cdc00eeb635,2026-03-22T23:00:00Z,,Tulsa Golden Hurricane,UNLV Rebels,lowvig,LowVig.ag,2026-03-22T23:03:31Z,h2h,2026-03-22T23:03:31Z,Tulsa Golden Hurricane,-205,
2026-03-22T23:05:22.974633+00:00,the_odds_api,basketball_ncaab,e933be92ee7ad7e6f8c19cdc00eeb635,2026-03-22T23:00:00Z,,Tulsa Golden Hurricane,UNLV Rebels,lowvig,LowVig.ag,2026-03-22T23:03:31Z,h2h,2026-03-22T23:03:31Z,UNLV Rebels,177,
2026-03-22T23:05:22.974633+00:00,the_odds_api,basketball_ncaab,e933be92ee7ad7e6f8c19cdc00eeb635,2026-03-22T23:00:00Z,,Tulsa Golden Hurricane,UNLV Rebels,lowvig,LowVig.ag,2026-03-22T23:03:31Z,spreads,2026-03-22T23:03:31Z,Tulsa Golden Hurricane,-101,-5.0
2026-03-22T23:05:22.974633+00:00,the_odds_api,basketball_ncaab,e933be92ee7ad7e6f8c19cdc00eeb635,2026-03-22T23:00:00Z,,Tulsa Golden Hurricane,UNLV Rebels,lowvig,LowVig.ag,2026-03-22T23:03:31Z,spreads,2026-03-22T23:03:31Z,UNLV Rebels,-111,5.0
2026-03-22T23:05:22.974633+00:00,the_odds_api,basketball_ncaab,e933be92ee7ad7e6f8c19cdc00eeb635,2026-03-22T23:00:00Z,,Tulsa Golden Hurricane,UNLV Rebels,lowvig,LowVig.ag,2026-03-22T23:03:31Z,totals,2026-03-22T23:03:31Z,Over,-110,161.0
2026-03-22T23:05:22.974633+00:00,the_odds_api,basketball_ncaab,e933be92ee7ad7e6f8c19cdc00eeb635,2026-03-22T23:00:00Z,,Tulsa Golden Hurricane,UNLV Rebels,lowvig,LowVig.ag,2026-03-22T23:03:31Z,totals,2026-03-22T23:03:31Z,Under,-106,161.0
2026-03-23T00:18:15.954380+00:00,the_odds_api,basketball_ncaab,e933be92ee7ad7e6f8c19cdc00eeb635,2026-03-22T23:00:00Z,,Tulsa Golden Hurricane,UNLV Rebels,draftkings,DraftKings,2026-03-23T00:18:11Z,h2h,2026-03-23T00:18:11Z,Tulsa Golden Hurricane,-375,
2026-03-23T00:18:15.954380+00:00,the_odds_api,basketball_ncaab,e933be92ee7ad7e6f8c19cdc00eeb635,2026-03-22T23:00:00Z,,Tulsa Golden Hurricane,UNLV Rebels,draftkings,DraftKings,2026-03-23T00:18:11Z,h2h,2026-03-23T00:18:11Z,UNLV Rebels,270,
2026-03-23T00:18:15.954380+00:00,the_odds_api,basketball_ncaab,e933be92ee7ad7e6f8c19cdc00eeb635,2026-03-22T23:00:00Z,,Tulsa Golden Hurricane,UNLV Rebels,draftkings,DraftKings,2026-03-23T00:18:11Z,spreads,2026-03-23T00:18:11Z,Tulsa Golden Hurricane,-105,-5.5
2026-03-23T00:18:15.954380+00:00,the_odds_api,basketball_ncaab,e933be92ee7ad7e6f8c19cdc00eeb635,2026-03-22T23:00:00Z,,Tulsa Golden Hurricane,UNLV Rebels,draftkings,DraftKings,2026-03-23T00:18:11Z,spreads,2026-03-23T00:18:11Z,UNLV Rebels,-125,5.5
2026-03-23T00:18:15.954380+00:00,the_odds_api,basketball_ncaab,e933be92ee7ad7e6f8c19cdc00eeb635,2026-03-22T23:00:00Z,,Tulsa Golden Hurricane,UNLV Rebels,draftkings,DraftKings,2026-03-23T00:18:11Z,totals,2026-03-23T00:18:11Z,Over,-110,145.5
2026-03-23T00:18:15.954380+00:00,the_odds_api,basketball_ncaab,e933be92ee7ad7e6f8c19cdc00eeb635,2026-03-22T23:00:00Z,,Tulsa Golden Hurricane,UNLV Rebels,draftkings,DraftKings,2026-03-23T00:18:11Z,totals,2026-03-23T00:18:11Z,Under,-120,145.5
2026-03-23T00:18:15.954380+00:00,the_odds_api,basketball_ncaab,e933be92ee7ad7e6f8c19cdc00eeb635,2026-03-22T23:00:00Z,,Tulsa Golden Hurricane,UNLV Rebels,williamhill_us,Caesars,2026-03-23T00:17:21Z,h2h,2026-03-23T00:17:21Z,Tulsa Golden Hurricane,-280,
2026-03-23T00:18:15.954380+00:00,the_odds_api,basketball_ncaab,e933be92ee7ad7e6f8c19cdc00eeb635,2026-03-22T23:00:00Z,,Tulsa Golden Hurricane,UNLV Rebels,williamhill_us,Caesars,2026-03-23T00:17:21Z,h2h,2026-03-23T00:17:21Z,UNLV Rebels,215,
2026-03-23T00:18:15.954380+00:00,the_odds_api,basketball_ncaab,e933be92ee7ad7e6f8c19cdc00eeb635,2026-03-22T23:00:00Z,,Tulsa Golden Hurricane,UNLV Rebels,williamhill_us,Caesars,2026-03-23T00:17:21Z,spreads,2026-03-23T00:17:21Z,Tulsa Golden Hurricane,-115,-4.5
2026-03-23T00:18:15.954380+00:00,the_odds_api,basketball_ncaab,e933be92ee7ad7e6f8c19cdc00eeb635,2026-03-22T23:00:00Z,,Tulsa Golden Hurricane,UNLV Rebels,williamhill_us,Caesars,2026-03-23T00:17:21Z,spreads,2026-03-23T00:17:21Z,UNLV Rebels,-115,4.5
2026-03-23T00:18:15.954380+00:00,the_odds_api,basketball_ncaab,e933be92ee7ad7e6f8c19cdc00eeb635,2026-03-22T23:00:00Z,,Tulsa Golden Hurricane,UNLV Rebels,williamhill_us,Caesars,2026-03-23T00:17:21Z,totals,2026-03-23T00:17:21Z,Over,-120,146.5
2026-03-23T00:18:15.954380+00:00,the_odds_api,basketball_ncaab,e933be92ee7ad7e6f8c19cdc00eeb635,2026-03-22T23:00:00Z,,Tulsa Golden Hurricane,UNLV Rebels,williamhill_us,Caesars,2026-03-23T00:17:21Z,totals,2026-03-23T00:17:21Z,Under,-110,146.5
2026-03-22T23:05:22.974633+00:00,the_odds_api,basketball_ncaab,e933be92ee7ad7e6f8c19cdc00eeb635,2026-03-22T23:00:00Z,,Tulsa Golden Hurricane,UNLV Rebels,betus,BetUS,2026-03-22T22:59:53Z,h2h,2026-03-22T22:59:53Z,Tulsa Golden Hurricane,-210,
2026-03-22T23:05:22.974633+00:00,the_odds_api,basketball_ncaab,e933be92ee7ad7e6f8c19cdc00eeb635,2026-03-22T23:00:00Z,,Tulsa Golden Hurricane,UNLV Rebels,betus,BetUS,2026-03-22T22:59:53Z,h2h,2026-03-22T22:59:53Z,UNLV Rebels,180,
2026-03-22T23:05:22.974633+00:00,the_odds_api,basketball_ncaab,e933be92ee7ad7e6f8c19cdc00eeb635,2026-03-22T23:00:00Z,,Tulsa Golden Hurricane,UNLV Rebels,betus,BetUS,2026-03-22T22:59:53Z,spreads,2026-03-22T22:59:53Z,Tulsa Golden Hurricane,-110,-5.0
2026-03-22T23:05:22.974633+00:00,the_odds_api,basketball_ncaab,e933be92ee7ad7e6f8c19cdc00eeb635,2026-03-22T23:00:00Z,,Tulsa Golden Hurricane,UNLV Rebels,betus,BetUS,2026-03-22T22:59:53Z,spreads,2026-03-22T22:59:53Z,UNLV Rebels,-110,5.0
2026-03-22T23:05:22.974633+00:00,the_odds_api,basketball_ncaab,e933be92ee7ad7e6f8c19cdc00eeb635,2026-03-22T23:00:00Z,,Tulsa Golden Hurricane,UNLV Rebels,betus,BetUS,2026-03-22T22:59:53Z,totals,2026-03-22T22:59:53Z,Over,-110,161.5
2026-03-22T23:05:22.974633+00:00,the_odds_api,basketball_ncaab,e933be92ee7ad7e6f8c19cdc00eeb635,2026-03-22T23:00:00Z,,Tulsa Golden Hurricane,UNLV Rebels,betus,BetUS,2026-03-22T22:59:53Z,totals,2026-03-22T22:59:53Z,Under,-110,161.5
2026-03-23T00:18:15.954380+00:00,the_odds_api,basketball_ncaab,e933be92ee7ad7e6f8c19cdc00eeb635,2026-03-22T23:00:00Z,,Tulsa Golden Hurricane,UNLV Rebels,betmgm,BetMGM,2026-03-23T00:18:11Z,h2h,2026-03-23T00:18:11Z,Tulsa Golden Hurricane,-325,
2026-03-23T00:18:15.954380+00:00,the_odds_api,basketball_ncaab,e933be92ee7ad7e6f8c19cdc00eeb635,2026-03-22T23:00:00Z,,Tulsa Golden Hurricane,UNLV Rebels,betmgm,BetMGM,2026-03-23T00:18:11Z,h2h,2026-03-23T00:18:11Z,UNLV Rebels,240,
2026-03-23T00:18:15.954380+00:00,the_odds_api,basketball_ncaab,e933be92ee7ad7e6f8c19cdc00eeb635,2026-03-22T23:00:00Z,,Tulsa Golden Hurricane,UNLV Rebels,betmgm,BetMGM,2026-03-23T00:18:11Z,spreads,2026-03-23T00:18:11Z,Tulsa Golden Hurricane,-115,-5.5
2026-03-23T00:18:15.954380+00:00,the_odds_api,basketball_ncaab,e933be92ee7ad7e6f8c19cdc00eeb635,2026-03-22T23:00:00Z,,Tulsa Golden Hurricane,UNLV Rebels,betmgm,BetMGM,2026-03-23T00:18:11Z,spreads,2026-03-23T00:18:11Z,UNLV Rebels,-115,5.5
2026-03-23T00:18:15.954380+00:00,the_odds_api,basketball_ncaab,e933be92ee7ad7e6f8c19cdc00eeb635,2026-03-22T23:00:00Z,,Tulsa Golden Hurricane,UNLV Rebels,betmgm,BetMGM,2026-03-23T00:18:11Z,totals,2026-03-23T00:18:11Z,Over,-115,144.5
2026-03-23T00:18:15.954380+00:00,the_odds_api,basketball_ncaab,e933be92ee7ad7e6f8c19cdc00eeb635,2026-03-22T23:00:00Z,,Tulsa Golden Hurricane,UNLV Rebels,betmgm,BetMGM,2026-03-23T00:18:11Z,totals,2026-03-23T00:18:11Z,Under,-110,144.5
2026-03-23T00:18:15.954380+00:00,the_odds_api,basketball_ncaab,e933be92ee7ad7e6f8c19cdc00eeb635,2026-03-22T23:00:00Z,,Tulsa Golden Hurricane,UNLV Rebels,fanduel,FanDuel,2026-03-23T00:18:00Z,h2h,2026-03-23T00:18:00Z,Tulsa Golden Hurricane,-350,
2026-03-23T00:18:15.954380+00:00,the_odds_api,basketball_ncaab,e933be92ee7ad7e6f8c19cdc00eeb635,2026-03-22T23:00:00Z,,Tulsa Golden Hurricane,UNLV Rebels,fanduel,FanDuel,2026-03-23T00:18:00Z,h2h,2026-03-23T00:18:00Z,UNLV Rebels,255,
2026-03-23T00:18:15.954380+00:00,the_odds_api,basketball_ncaab,e933be92ee7ad7e6f8c19cdc00eeb635,2026-03-22T23:00:00Z,,Tulsa Golden Hurricane,UNLV Rebels,fanduel,FanDuel,2026-03-23T00:18:00Z,spreads,2026-03-23T00:18:00Z,Tulsa Golden Hurricane,-112,-5.5
2026-03-23T00:18:15.954380+00:00,the_odds_api,basketball_ncaab,e933be92ee7ad7e6f8c19cdc00eeb635,2026-03-22T23:00:00Z,,Tulsa Golden Hurricane,UNLV Rebels,fanduel,FanDuel,2026-03-23T00:18:00Z,spreads,2026-03-23T00:18:00Z,UNLV Rebels,-118,5.5
2026-03-23T00:18:15.954380+00:00,the_odds_api,basketball_ncaab,e933be92ee7ad7e6f8c19cdc00eeb635,2026-03-22T23:00:00Z,,Tulsa Golden Hurricane,UNLV Rebels,fanduel,FanDuel,2026-03-23T00:18:00Z,totals,2026-03-23T00:18:00Z,Over,-112,146.5
2026-03-23T00:18:15.954380+00:00,the_odds_api,basketball_ncaab,e933be92ee7ad7e6f8c19cdc00eeb635,2026-03-22T23:00:00Z,,Tulsa Golden Hurricane,UNLV Rebels,fanduel,FanDuel,2026-03-23T00:18:00Z,totals,2026-03-23T00:18:00Z,Under,-118,146.5
2026-03-23T01:37:28.939114+00:00,the_odds_api,basketball_ncaab,388d163023a1ac1a08bb910c3f13d8fc,2026-03-22T23:10:34Z,,Florida Gators,Iowa Hawkeyes,draftkings,DraftKings,2026-03-23T01:33:03Z,h2h,2026-03-23T01:33:03Z,Florida Gators,210,
2026-03-23T01:37:28.939114+00:00,the_odds_api,basketball_ncaab,388d163023a1ac1a08bb910c3f13d8fc,2026-03-22T23:10:34Z,,Florida Gators,Iowa Hawkeyes,draftkings,DraftKings,2026-03-23T01:33:03Z,h2h,2026-03-23T01:33:03Z,Iowa Hawkeyes,-280,
2026-03-22T23:05:22.974633+00:00,the_odds_api,basketball_ncaab,388d163023a1ac1a08bb910c3f13d8fc,2026-03-22T23:10:00Z,,Florida Gators,Iowa Hawkeyes,betonlineag,BetOnline.ag,2026-03-22T23:05:15Z,h2h,2026-03-22T23:05:15Z,Florida Gators,-600,
2026-03-22T23:05:22.974633+00:00,the_odds_api,basketball_ncaab,388d163023a1ac1a08bb910c3f13d8fc,2026-03-22T23:10:00Z,,Florida Gators,Iowa Hawkeyes,betonlineag,BetOnline.ag,2026-03-22T23:05:15Z,h2h,2026-03-22T23:05:15Z,Iowa Hawkeyes,446,
2026-03-22T23:05:22.974633+00:00,the_odds_api,basketball_ncaab,388d163023a1ac1a08bb910c3f13d8fc,2026-03-22T23:10:00Z,,Florida Gators,Iowa Hawkeyes,betonlineag,BetOnline.ag,2026-03-22T23:05:15Z,spreads,2026-03-22T23:05:15Z,Florida Gators,-112,-10.0
2026-03-22T23:05:22.974633+00:00,the_odds_api,basketball_ncaab,388d163023a1ac1a08bb910c3f13d8fc,2026-03-22T23:10:00Z,,Florida Gators,Iowa Hawkeyes,betonlineag,BetOnline.ag,2026-03-22T23:05:15Z,spreads,2026-03-22T23:05:15Z,Iowa Hawkeyes,-108,10.0
2026-03-22T23:05:22.974633+00:00,the_odds_api,basketball_ncaab,388d163023a1ac1a08bb910c3f13d8fc,2026-03-22T23:10:00Z,,Florida Gators,Iowa Hawkeyes,betonlineag,BetOnline.ag,2026-03-22T23:05:15Z,totals,2026-03-22T23:05:15Z,Over,-112,145.5
2026-03-22T23:05:22.974633+00:00,the_odds_api,basketball_ncaab,388d163023a1ac1a08bb910c3f13d8fc,2026-03-22T23:10:00Z,,Florida Gators,Iowa Hawkeyes,betonlineag,BetOnline.ag,2026-03-22T23:05:15Z,totals,2026-03-22T23:05:15Z,Under,-108,145.5
2026-03-22T23:05:22.974633+00:00,the_odds_api,basketball_ncaab,388d163023a1ac1a08bb910c3f13d8fc,2026-03-22T23:10:00Z,,Florida Gators,Iowa Hawkeyes,lowvig,LowVig.ag,2026-03-22T23:04:41Z,h2h,2026-03-22T23:04:41Z,Florida Gators,-600,
2026-03-22T23:05:22.974633+00:00,the_odds_api,basketball_ncaab,388d163023a1ac1a08bb910c3f13d8fc,2026-03-22T23:10:00Z,,Florida Gators,Iowa Hawkeyes,lowvig,LowVig.ag,2026-03-22T23:04:41Z,h2h,2026-03-22T23:04:41Z,Iowa Hawkeyes,446,
2026-03-22T23:05:22.974633+00:00,the_odds_api,basketball_ncaab,388d163023a1ac1a08bb910c3f13d8fc,2026-03-22T23:10:00Z,,Florida Gators,Iowa Hawkeyes,lowvig,LowVig.ag,2026-03-22T23:04:41Z,spreads,2026-03-22T23:04:41Z,Florida Gators,-108,-10.0
2026-03-22T23:05:22.974633+00:00,the_odds_api,basketball_ncaab,388d163023a1ac1a08bb910c3f13d8fc,2026-03-22T23:10:00Z,,Florida Gators,Iowa Hawkeyes,lowvig,LowVig.ag,2026-03-22T23:04:41Z,spreads,2026-03-22T23:04:41Z,Iowa Hawkeyes,-104,10.0
2026-03-22T23:05:22.974633+00:00,the_odds_api,basketball_ncaab,388d163023a1ac1a08bb910c3f13d8fc,2026-03-22T23:10:00Z,,Florida Gators,Iowa Hawkeyes,lowvig,LowVig.ag,2026-03-22T23:04:41Z,totals,2026-03-22T23:04:41Z,Over,-110,145.5
2026-03-22T23:05:22.974633+00:00,the_odds_api,basketball_ncaab,388d163023a1ac1a08bb910c3f13d8fc,2026-03-22T23:10:00Z,,Florida Gators,Iowa Hawkeyes,lowvig,LowVig.ag,2026-03-22T23:04:41Z,totals,2026-03-22T23:04:41Z,Under,-106,145.5
2026-03-23T01:37:28.939114+00:00,the_odds_api,basketball_ncaab,388d163023a1ac1a08bb910c3f13d8fc,2026-03-22T23:10:34Z,,Florida Gators,Iowa Hawkeyes,betmgm,BetMGM,2026-03-23T01:32:52Z,h2h,2026-03-23T01:32:52Z,Florida Gators,125,
2026-03-23T01:37:28.939114+00:00,the_odds_api,basketball_ncaab,388d163023a1ac1a08bb910c3f13d8fc,2026-03-22T23:10:34Z,,Florida Gators,Iowa Hawkeyes,betmgm,BetMGM,2026-03-23T01:32:52Z,h2h,2026-03-23T01:32:52Z,Iowa Hawkeyes,-160,
2026-03-23T01:37:28.939114+00:00,the_odds_api,basketball_ncaab,388d163023a1ac1a08bb910c3f13d8fc,2026-03-22T23:10:34Z,,Florida Gators,Iowa Hawkeyes,fanduel,FanDuel,2026-03-23T01:33:48Z,h2h,2026-03-23T01:33:48Z,Florida Gators,215,
2026-03-23T01:37:28.939114+00:00,the_odds_api,basketball_ncaab,388d163023a1ac1a08bb910c3f13d8fc,2026-03-22T23:10:34Z,,Florida Gators,Iowa Hawkeyes,fanduel,FanDuel,2026-03-23T01:33:48Z,h2h,2026-03-23T01:33:48Z,Iowa Hawkeyes,-290,
2026-03-23T00:18:15.954380+00:00,the_odds_api,basketball_ncaab,388d163023a1ac1a08bb910c3f13d8fc,2026-03-22T23:10:34Z,,Florida Gators,Iowa Hawkeyes,mybookieag,MyBookie.ag,2026-03-23T00:17:17Z,h2h,2026-03-23T00:17:17Z,Florida Gators,-500,
2026-03-23T00:18:15.954380+00:00,the_odds_api,basketball_ncaab,388d163023a1ac1a08bb910c3f13d8fc,2026-03-22T23:10:34Z,,Florida Gators,Iowa Hawkeyes,mybookieag,MyBookie.ag,2026-03-23T00:17:17Z,h2h,2026-03-23T00:17:17Z,Iowa Hawkeyes,315,
2026-03-23T00:18:15.954380+00:00,the_odds_api,basketball_ncaab,388d163023a1ac1a08bb910c3f13d8fc,2026-03-22T23:10:34Z,,Florida Gators,Iowa Hawkeyes,mybookieag,MyBookie.ag,2026-03-23T00:17:17Z,spreads,2026-03-23T00:17:17Z,Florida Gators,-111,-7.5
2026-03-23T00:18:15.954380+00:00,the_odds_api,basketball_ncaab,388d163023a1ac1a08bb910c3f13d8fc,2026-03-22T23:10:34Z,,Florida Gators,Iowa Hawkeyes,mybookieag,MyBookie.ag,2026-03-23T00:17:17Z,spreads,2026-03-23T00:17:17Z,Iowa Hawkeyes,-125,7.5
2026-03-23T00:18:15.954380+00:00,the_odds_api,basketball_ncaab,388d163023a1ac1a08bb910c3f13d8fc,2026-03-22T23:10:34Z,,Florida Gators,Iowa Hawkeyes,mybookieag,MyBookie.ag,2026-03-23T00:17:17Z,totals,2026-03-23T00:17:17Z,Over,-125,140.5
2026-03-23T00:18:15.954380+00:00,the_odds_api,basketball_ncaab,388d163023a1ac1a08bb910c3f13d8fc,2026-03-22T23:10:34Z,,Florida Gators,Iowa Hawkeyes,mybookieag,MyBookie.ag,2026-03-23T00:17:17Z,totals,2026-03-23T00:17:17Z,Under,-111,140.5
2026-03-23T01:37:28.939114+00:00,the_odds_api,basketball_ncaab,388d163023a1ac1a08bb910c3f13d8fc,2026-03-22T23:10:34Z,,Florida Gators,Iowa Hawkeyes,williamhill_us,Caesars,2026-03-23T01:33:19Z,spreads,2026-03-23T01:33:19Z,Florida Gators,-50000,1.5
2026-03-23T01:37:28.939114+00:00,the_odds_api,basketball_ncaab,388d163023a1ac1a08bb910c3f13d8fc,2026-03-22T23:10:34Z,,Florida Gators,Iowa Hawkeyes,williamhill_us,Caesars,2026-03-23T01:33:19Z,spreads,2026-03-23T01:33:19Z,Iowa Hawkeyes,4000,-1.5
2026-03-23T01:37:28.939114+00:00,the_odds_api,basketball_ncaab,388d163023a1ac1a08bb910c3f13d8fc,2026-03-22T23:10:34Z,,Florida Gators,Iowa Hawkeyes,williamhill_us,Caesars,2026-03-23T01:33:19Z,totals,2026-03-23T01:33:19Z,Over,3000,145.5
2026-03-23T01:37:28.939114+00:00,the_odds_api,basketball_ncaab,388d163023a1ac1a08bb910c3f13d8fc,2026-03-22T23:10:34Z,,Florida Gators,Iowa Hawkeyes,williamhill_us,Caesars,2026-03-23T01:33:19Z,totals,2026-03-23T01:33:19Z,Under,-20000,145.5
2026-03-23T01:37:28.939114+00:00,the_odds_api,basketball_ncaab,388d163023a1ac1a08bb910c3f13d8fc,2026-03-22T23:10:34Z,,Florida Gators,Iowa Hawkeyes,betrivers,BetRivers,2026-03-23T01:25:24Z,h2h,2026-03-23T01:25:24Z,Florida Gators,-1250,
2026-03-23T01:37:28.939114+00:00,the_odds_api,basketball_ncaab,388d163023a1ac1a08bb910c3f13d8fc,2026-03-22T23:10:34Z,,Florida Gators,Iowa Hawkeyes,betrivers,BetRivers,2026-03-23T01:25:24Z,h2h,2026-03-23T01:25:24Z,Iowa Hawkeyes,550,
2026-03-23T01:37:28.939114+00:00,the_odds_api,basketball_ncaab,388d163023a1ac1a08bb910c3f13d8fc,2026-03-22T23:10:34Z,,Florida Gators,Iowa Hawkeyes,fanatics,Fanatics,2026-03-23T01:32:41Z,h2h,2026-03-23T01:32:41Z,Florida Gators,250,
2026-03-23T01:37:28.939114+00:00,the_odds_api,basketball_ncaab,388d163023a1ac1a08bb910c3f13d8fc,2026-03-22T23:10:34Z,,Florida Gators,Iowa Hawkeyes,fanatics,Fanatics,2026-03-23T01:32:41Z,h2h,2026-03-23T01:32:41Z,Iowa Hawkeyes,-350,
2026-03-23T01:37:28.939114+00:00,the_odds_api,basketball_ncaab,388d163023a1ac1a08bb910c3f13d8fc,2026-03-22T23:10:34Z,,Florida Gators,Iowa Hawkeyes,bovada,Bovada,2026-03-23T01:29:06Z,h2h,2026-03-23T01:29:06Z,Florida Gators,-750,
2026-03-23T01:37:28.939114+00:00,the_odds_api,basketball_ncaab,388d163023a1ac1a08bb910c3f13d8fc,2026-03-22T23:10:34Z,,Florida Gators,Iowa Hawkeyes,bovada,Bovada,2026-03-23T01:29:06Z,h2h,2026-03-23T01:29:06Z,Iowa Hawkeyes,450,
2026-03-22T23:05:22.974633+00:00,the_odds_api,basketball_ncaab,388d163023a1ac1a08bb910c3f13d8fc,2026-03-22T23:10:00Z,,Florida Gators,Iowa Hawkeyes,betus,BetUS,2026-03-22T23:04:41Z,h2h,2026-03-22T23:04:41Z,Florida Gators,-580,
2026-03-22T23:05:22.974633+00:00,the_odds_api,basketball_ncaab,388d163023a1ac1a08bb910c3f13d8fc,2026-03-22T23:10:00Z,,Florida Gators,Iowa Hawkeyes,betus,BetUS,2026-03-22T23:04:41Z,h2h,2026-03-22T23:04:41Z,Iowa Hawkeyes,440,
2026-03-22T23:05:22.974633+00:00,the_odds_api,basketball_ncaab,388d163023a1ac1a08bb910c3f13d8fc,2026-03-22T23:10:00Z,,Florida Gators,Iowa Hawkeyes,betus,BetUS,2026-03-22T23:04:41Z,spreads,2026-03-22T23:04:41Z,Florida Gators,-110,-10.0
2026-03-22T23:05:22.974633+00:00,the_odds_api,basketball_ncaab,388d163023a1ac1a08bb910c3f13d8fc,2026-03-22T23:10:00Z,,Florida Gators,Iowa Hawkeyes,betus,BetUS,2026-03-22T23:04:41Z,spreads,2026-03-22T23:04:41Z,Iowa Hawkeyes,-110,10.0
2026-03-22T23:05:22.974633+00:00,the_odds_api,basketball_ncaab,388d163023a1ac1a08bb910c3f13d8fc,2026-03-22T23:10:00Z,,Florida Gators,Iowa Hawkeyes,betus,BetUS,2026-03-22T23:04:41Z,totals,2026-03-22T23:04:41Z,Over,-110,145.5
2026-03-22T23:05:22.974633+00:00,the_odds_api,basketball_ncaab,388d163023a1ac1a08bb910c3f13d8fc,2026-03-22T23:10:00Z,,Florida Gators,Iowa Hawkeyes,betus,BetUS,2026-03-22T23:04:41Z,totals,2026-03-22T23:04:41Z,Under,-110,145.5
2026-03-23T02:28:30.966353+00:00,the_odds_api,basketball_ncaab,034cb8e66afdc59e55a8d638c238cc19,2026-03-23T00:11:45Z,,Arizona Wildcats,Utah State Aggies,draftkings,DraftKings,2026-03-23T02:28:12Z,spreads,2026-03-23T02:28:12Z,Arizona Wildcats,-110,-10.5
2026-03-23T02:28:30.966353+00:00,the_odds_api,basketball_ncaab,034cb8e66afdc59e55a8d638c238cc19,2026-03-23T00:11:45Z,,Arizona Wildcats,Utah State Aggies,draftkings,DraftKings,2026-03-23T02:28:12Z,spreads,2026-03-23T02:28:12Z,Utah State Aggies,-120,10.5
2026-03-23T02:28:30.966353+00:00,the_odds_api,basketball_ncaab,034cb8e66afdc59e55a8d638c238cc19,2026-03-23T00:11:45Z,,Arizona Wildcats,Utah State Aggies,draftkings,DraftKings,2026-03-23T02:28:12Z,totals,2026-03-23T02:28:12Z,Over,-120,146.5
2026-03-23T02:28:30.966353+00:00,the_odds_api,basketball_ncaab,034cb8e66afdc59e55a8d638c238cc19,2026-03-23T00:11:45Z,,Arizona Wildcats,Utah State Aggies,draftkings,DraftKings,2026-03-23T02:28:12Z,totals,2026-03-23T02:28:12Z,Under,-110,146.5
2026-03-23T00:18:15.954380+00:00,the_odds_api,basketball_ncaab,034cb8e66afdc59e55a8d638c238cc19,2026-03-23T00:11:45Z,,Arizona Wildcats,Utah State Aggies,betonlineag,BetOnline.ag,2026-03-23T00:11:51Z,h2h,2026-03-23T00:11:51Z,Arizona Wildcats,-850,
2026-03-23T00:18:15.954380+00:00,the_odds_api,basketball_ncaab,034cb8e66afdc59e55a8d638c238cc19,2026-03-23T00:11:45Z,,Arizona Wildcats,Utah State Aggies,betonlineag,BetOnline.ag,2026-03-23T00:11:51Z,h2h,2026-03-23T00:11:51Z,Utah State Aggies,586,
2026-03-23T00:18:15.954380+00:00,the_odds_api,basketball_ncaab,034cb8e66afdc59e55a8d638c238cc19,2026-03-23T00:11:45Z,,Arizona Wildcats,Utah State Aggies,betonlineag,BetOnline.ag,2026-03-23T00:11:51Z,spreads,2026-03-23T00:11:51Z,Arizona Wildcats,-110,-12.0
2026-03-23T00:18:15.954380+00:00,the_odds_api,basketball_ncaab,034cb8e66afdc59e55a8d638c238cc19,2026-03-23T00:11:45Z,,Arizona Wildcats,Utah State Aggies,betonlineag,BetOnline.ag,2026-03-23T00:11:51Z,spreads,2026-03-23T00:11:51Z,Utah State Aggies,-110,12.0
2026-03-23T00:18:15.954380+00:00,the_odds_api,basketball_ncaab,034cb8e66afdc59e55a8d638c238cc19,2026-03-23T00:11:45Z,,Arizona Wildcats,Utah State Aggies,betonlineag,BetOnline.ag,2026-03-23T00:11:51Z,totals,2026-03-23T00:11:51Z,Over,-110,154.0
2026-03-23T00:18:15.954380+00:00,the_odds_api,basketball_ncaab,034cb8e66afdc59e55a8d638c238cc19,2026-03-23T00:11:45Z,,Arizona Wildcats,Utah State Aggies,betonlineag,BetOnline.ag,2026-03-23T00:11:51Z,totals,2026-03-23T00:11:51Z,Under,-110,154.0
2026-03-23T00:18:15.954380+00:00,the_odds_api,basketball_ncaab,034cb8e66afdc59e55a8d638c238cc19,2026-03-23T00:11:45Z,,Arizona Wildcats,Utah State Aggies,lowvig,LowVig.ag,2026-03-23T00:12:26Z,h2h,2026-03-23T00:12:26Z,Arizona Wildcats,-850,
2026-03-23T00:18:15.954380+00:00,the_odds_api,basketball_ncaab,034cb8e66afdc59e55a8d638c238cc19,2026-03-23T00:11:45Z,,Arizona Wildcats,Utah State Aggies,lowvig,LowVig.ag,2026-03-23T00:12:26Z,h2h,2026-03-23T00:12:26Z,Utah State Aggies,586,
2026-03-23T00:18:15.954380+00:00,the_odds_api,basketball_ncaab,034cb8e66afdc59e55a8d638c238cc19,2026-03-23T00:11:45Z,,Arizona Wildcats,Utah State Aggies,lowvig,LowVig.ag,2026-03-23T00:12:26Z,spreads,2026-03-23T00:12:26Z,Arizona Wildcats,-104,-12.0
2026-03-23T00:18:15.954380+00:00,the_odds_api,basketball_ncaab,034cb8e66afdc59e55a8d638c238cc19,2026-03-23T00:11:45Z,,Arizona Wildcats,Utah State Aggies,lowvig,LowVig.ag,2026-03-23T00:12:26Z,spreads,2026-03-23T00:12:26Z,Utah State Aggies,-108,12.0
2026-03-23T00:18:15.954380+00:00,the_odds_api,basketball_ncaab,034cb8e66afdc59e55a8d638c238cc19,2026-03-23T00:11:45Z,,Arizona Wildcats,Utah State Aggies,lowvig,LowVig.ag,2026-03-23T00:12:26Z,totals,2026-03-23T00:12:26Z,Over,-108,154.0
2026-03-23T00:18:15.954380+00:00,the_odds_api,basketball_ncaab,034cb8e66afdc59e55a8d638c238cc19,2026-03-23T00:11:45Z,,Arizona Wildcats,Utah State Aggies,lowvig,LowVig.ag,2026-03-23T00:12:26Z,totals,2026-03-23T00:12:26Z,Under,-108,154.0
2026-03-23T02:28:30.966353+00:00,the_odds_api,basketball_ncaab,034cb8e66afdc59e55a8d638c238cc19,2026-03-23T00:11:45Z,,Arizona Wildcats,Utah State Aggies,betmgm,BetMGM,2026-03-23T02:28:22Z,spreads,2026-03-23T02:28:22Z,Arizona Wildcats,-160,-9.5
2026-03-23T02:28:30.966353+00:00,the_odds_api,basketball_ncaab,034cb8e66afdc59e55a8d638c238cc19,2026-03-23T00:11:45Z,,Arizona Wildcats,Utah State Aggies,betmgm,BetMGM,2026-03-23T02:28:22Z,spreads,2026-03-23T02:28:22Z,Utah State Aggies,125,9.5
2026-03-23T02:28:30.966353+00:00,the_odds_api,basketball_ncaab,034cb8e66afdc59e55a8d638c238cc19,2026-03-23T00:11:45Z,,Arizona Wildcats,Utah State Aggies,mybookieag,MyBookie.ag,2026-03-23T02:27:58Z,spreads,2026-03-23T02:27:58Z,Arizona Wildcats,-105,-8.5
2026-03-23T02:28:30.966353+00:00,the_odds_api,basketball_ncaab,034cb8e66afdc59e55a8d638c238cc19,2026-03-23T00:11:45Z,,Arizona Wildcats,Utah State Aggies,mybookieag,MyBookie.ag,2026-03-23T02:27:58Z,spreads,2026-03-23T02:27:58Z,Utah State Aggies,-125,8.5
2026-03-23T02:28:30.966353+00:00,the_odds_api,basketball_ncaab,034cb8e66afdc59e55a8d638c238cc19,2026-03-23T00:11:45Z,,Arizona Wildcats,Utah State Aggies,fanduel,FanDuel,2026-03-23T02:28:25Z,spreads,2026-03-23T02:28:25Z,Arizona Wildcats,-144,-10.5
2026-03-23T02:28:30.966353+00:00,the_odds_api,basketball_ncaab,034cb8e66afdc59e55a8d638c238cc19,2026-03-23T00:11:45Z,,Arizona Wildcats,Utah State Aggies,fanduel,FanDuel,2026-03-23T02:28:25Z,spreads,2026-03-23T02:28:25Z,Utah State Aggies,108,10.5
2026-03-23T02:28:30.966353+00:00,the_odds_api,basketball_ncaab,034cb8e66afdc59e55a8d638c238cc19,2026-03-23T00:11:45Z,,Arizona Wildcats,Utah State Aggies,williamhill_us,Caesars,2026-03-23T02:26:16Z,spreads,2026-03-23T02:26:16Z,Arizona Wildcats,120,-11.5
2026-03-23T02:28:30.966353+00:00,the_odds_api,basketball_ncaab,034cb8e66afdc59e55a8d638c238cc19,2026-03-23T00:11:45Z,,Arizona Wildcats,Utah State Aggies,williamhill_us,Caesars,2026-03-23T02:26:16Z,spreads,2026-03-23T02:26:16Z,Utah State Aggies,-150,11.5
2026-03-23T02:28:30.966353+00:00,the_odds_api,basketball_ncaab,034cb8e66afdc59e55a8d638c238cc19,2026-03-23T00:11:45Z,,Arizona Wildcats,Utah State Aggies,williamhill_us,Caesars,2026-03-23T02:26:16Z,totals,2026-03-23T02:26:16Z,Over,100,149.5
2026-03-23T02:28:30.966353+00:00,the_odds_api,basketball_ncaab,034cb8e66afdc59e55a8d638c238cc19,2026-03-23T00:11:45Z,,Arizona Wildcats,Utah State Aggies,williamhill_us,Caesars,2026-03-23T02:26:16Z,totals,2026-03-23T02:26:16Z,Under,-130,149.5
2026-03-23T02:28:30.966353+00:00,the_odds_api,basketball_ncaab,034cb8e66afdc59e55a8d638c238cc19,2026-03-23T00:11:45Z,,Arizona Wildcats,Utah State Aggies,betrivers,BetRivers,2026-03-23T02:26:19Z,spreads,2026-03-23T02:26:19Z,Arizona Wildcats,-121,-10.5
2026-03-23T02:28:30.966353+00:00,the_odds_api,basketball_ncaab,034cb8e66afdc59e55a8d638c238cc19,2026-03-23T00:11:45Z,,Arizona Wildcats,Utah State Aggies,betrivers,BetRivers,2026-03-23T02:26:19Z,spreads,2026-03-23T02:26:19Z,Utah State Aggies,-118,10.5
2026-03-23T00:18:15.954380+00:00,the_odds_api,basketball_ncaab,034cb8e66afdc59e55a8d638c238cc19,2026-03-23T00:11:45Z,,Arizona Wildcats,Utah State Aggies,betus,BetUS,2026-03-23T00:11:39Z,h2h,2026-03-23T00:11:39Z,Arizona Wildcats,-750,
2026-03-23T00:18:15.954380+00:00,the_odds_api,basketball_ncaab,034cb8e66afdc59e55a8d638c238cc19,2026-03-23T00:11:45Z,,Arizona Wildcats,Utah State Aggies,betus,BetUS,2026-03-23T00:11:39Z,h2h,2026-03-23T00:11:39Z,Utah State Aggies,530,
2026-03-23T00:18:15.954380+00:00,the_odds_api,basketball_ncaab,034cb8e66afdc59e55a8d638c238cc19,2026-03-23T00:11:45Z,,Arizona Wildcats,Utah State Aggies,betus,BetUS,2026-03-23T00:11:39Z,spreads,2026-03-23T00:11:39Z,Arizona Wildcats,-115,-12.0
2026-03-23T00:18:15.954380+00:00,the_odds_api,basketball_ncaab,034cb8e66afdc59e55a8d638c238cc19,2026-03-23T00:11:45Z,,Arizona Wildcats,Utah State Aggies,betus,BetUS,2026-03-23T00:11:39Z,spreads,2026-03-23T00:11:39Z,Utah State Aggies,-105,12.0
2026-03-23T00:18:15.954380+00:00,the_odds_api,basketball_ncaab,034cb8e66afdc59e55a8d638c238cc19,2026-03-23T00:11:45Z,,Arizona Wildcats,Utah State Aggies,betus,BetUS,2026-03-23T00:11:39Z,totals,2026-03-23T00:11:39Z,Over,-110,154.0
2026-03-23T00:18:15.954380+00:00,the_odds_api,basketball_ncaab,034cb8e66afdc59e55a8d638c238cc19,2026-03-23T00:11:45Z,,Arizona Wildcats,Utah State Aggies,betus,BetUS,2026-03-23T00:11:39Z,totals,2026-03-23T00:11:39Z,Under,-110,154.0
2026-03-23T02:28:30.966353+00:00,the_odds_api,basketball_ncaab,034cb8e66afdc59e55a8d638c238cc19,2026-03-23T00:11:45Z,,Arizona Wildcats,Utah State Aggies,bovada,Bovada,2026-03-23T02:23:00Z,spreads,2026-03-23T02:23:00Z,Arizona Wildcats,-115,-9.0
2026-03-23T02:28:30.966353+00:00,the_odds_api,basketball_ncaab,034cb8e66afdc59e55a8d638c238cc19,2026-03-23T00:11:45Z,,Arizona Wildcats,Utah State Aggies,bovada,Bovada,2026-03-23T02:23:00Z,spreads,2026-03-23T02:23:00Z,Utah State Aggies,-115,9.0
2026-03-23T02:28:30.966353+00:00,the_odds_api,basketball_ncaab,034cb8e66afdc59e55a8d638c238cc19,2026-03-23T00:11:45Z,,Arizona Wildcats,Utah State Aggies,fanatics,Fanatics,2026-03-23T02:28:10Z,spreads,2026-03-23T02:28:10Z,Arizona Wildcats,-125,-10.5
2026-03-23T02:28:30.966353+00:00,the_odds_api,basketball_ncaab,034cb8e66afdc59e55a8d638c238cc19,2026-03-23T00:11:45Z,,Arizona Wildcats,Utah State Aggies,fanatics,Fanatics,2026-03-23T02:28:10Z,spreads,2026-03-23T02:28:10Z,Utah State Aggies,-105,10.5
2026-03-23T02:28:30.966353+00:00,the_odds_api,basketball_ncaab,034cb8e66afdc59e55a8d638c238cc19,2026-03-23T00:11:45Z,,Arizona Wildcats,Utah State Aggies,fanatics,Fanatics,2026-03-23T02:28:10Z,totals,2026-03-23T02:28:10Z,Over,-115,146.5
2026-03-23T02:28:30.966353+00:00,the_odds_api,basketball_ncaab,034cb8e66afdc59e55a8d638c238cc19,2026-03-23T00:11:45Z,,Arizona Wildcats,Utah State Aggies,fanatics,Fanatics,2026-03-23T02:28:10Z,totals,2026-03-23T02:28:10Z,Under,-115,146.5
2026-03-23T00:18:15.954380+00:00,the_odds_api,basketball_ncaab,ad73293f830e86d89ac943c5c5294d75,2026-03-23T00:00:00Z,,New Mexico Lobos,GW Revolutionaries,betonlineag,BetOnline.ag,2026-03-23T00:03:25Z,h2h,2026-03-23T00:03:25Z,GW Revolutionaries,252,
2026-03-23T00:18:15.954380+00:00,the_odds_api,basketball_ncaab,ad73293f830e86d89ac943c5c5294d75,2026-03-23T00:00:00Z,,New Mexico Lobos,GW Revolutionaries,betonlineag,BetOnline.ag,2026-03-23T00:03:25Z,h2h,2026-03-23T00:03:25Z,New Mexico Lobos,-310,
2026-03-23T00:18:15.954380+00:00,the_odds_api,basketball_ncaab,ad73293f830e86d89ac943c5c5294d75,2026-03-23T00:00:00Z,,New Mexico Lobos,GW Revolutionaries,betonlineag,BetOnline.ag,2026-03-23T00:03:25Z,spreads,2026-03-23T00:03:25Z,GW Revolutionaries,-110,7.0
2026-03-23T00:18:15.954380+00:00,the_odds_api,basketball_ncaab,ad73293f830e86d89ac943c5c5294d75,2026-03-23T00:00:00Z,,New Mexico Lobos,GW Revolutionaries,betonlineag,BetOnline.ag,2026-03-23T00:03:25Z,spreads,2026-03-23T00:03:25Z,New Mexico Lobos,-110,-7.0
2026-03-23T00:18:15.954380+00:00,the_odds_api,basketball_ncaab,ad73293f830e86d89ac943c5c5294d75,2026-03-23T00:00:00Z,,New Mexico Lobos,GW Revolutionaries,betonlineag,BetOnline.ag,2026-03-23T00:03:25Z,totals,2026-03-23T00:03:25Z,Over,-110,162.0
2026-03-23T00:18:15.954380+00:00,the_odds_api,basketball_ncaab,ad73293f830e86d89ac943c5c5294d75,2026-03-23T00:00:00Z,,New Mexico Lobos,GW Revolutionaries,betonlineag,BetOnline.ag,2026-03-23T00:03:25Z,totals,2026-03-23T00:03:25Z,Under,-110,162.0
2026-03-22T23:53:45.473211+00:00,the_odds_api,basketball_ncaab,ad73293f830e86d89ac943c5c5294d75,2026-03-23T00:00:00Z,,New Mexico Lobos,GW Revolutionaries,lowvig,LowVig.ag,2026-03-22T23:52:55Z,h2h,2026-03-22T23:52:55Z,GW Revolutionaries,252,
2026-03-22T23:53:45.473211+00:00,the_odds_api,basketball_ncaab,ad73293f830e86d89ac943c5c5294d75,2026-03-23T00:00:00Z,,New Mexico Lobos,GW Revolutionaries,lowvig,LowVig.ag,2026-03-22T23:52:55Z,h2h,2026-03-22T23:52:55Z,New Mexico Lobos,-310,
2026-03-22T23:53:45.473211+00:00,the_odds_api,basketball_ncaab,ad73293f830e86d89ac943c5c5294d75,2026-03-23T00:00:00Z,,New Mexico Lobos,GW Revolutionaries,lowvig,LowVig.ag,2026-03-22T23:52:55Z,spreads,2026-03-22T23:52:55Z,GW Revolutionaries,-109,7.0
2026-03-22T23:53:45.473211+00:00,the_odds_api,basketball_ncaab,ad73293f830e86d89ac943c5c5294d75,2026-03-23T00:00:00Z,,New Mexico Lobos,GW Revolutionaries,lowvig,LowVig.ag,2026-03-22T23:52:55Z,spreads,2026-03-22T23:52:55Z,New Mexico Lobos,-103,-7.0
2026-03-22T23:53:45.473211+00:00,the_odds_api,basketball_ncaab,ad73293f830e86d89ac943c5c5294d75,2026-03-23T00:00:00Z,,New Mexico Lobos,GW Revolutionaries,lowvig,LowVig.ag,2026-03-22T23:52:55Z,totals,2026-03-22T23:52:55Z,Over,-108,162.0
2026-03-22T23:53:45.473211+00:00,the_odds_api,basketball_ncaab,ad73293f830e86d89ac943c5c5294d75,2026-03-23T00:00:00Z,,New Mexico Lobos,GW Revolutionaries,lowvig,LowVig.ag,2026-03-22T23:52:55Z,totals,2026-03-22T23:52:55Z,Under,-108,162.0
2026-03-23T01:37:28.939114+00:00,the_odds_api,basketball_ncaab,ad73293f830e86d89ac943c5c5294d75,2026-03-23T00:00:00Z,,New Mexico Lobos,GW Revolutionaries,draftkings,DraftKings,2026-03-23T01:36:46Z,spreads,2026-03-23T01:36:46Z,GW Revolutionaries,-115,17.5
2026-03-23T01:37:28.939114+00:00,the_odds_api,basketball_ncaab,ad73293f830e86d89ac943c5c5294d75,2026-03-23T00:00:00Z,,New Mexico Lobos,GW Revolutionaries,draftkings,DraftKings,2026-03-23T01:36:46Z,spreads,2026-03-23T01:36:46Z,New Mexico Lobos,-115,-17.5
2026-03-23T01:37:28.939114+00:00,the_odds_api,basketball_ncaab,ad73293f830e86d89ac943c5c5294d75,2026-03-23T00:00:00Z,,New Mexico Lobos,GW Revolutionaries,draftkings,DraftKings,2026-03-23T01:36:46Z,totals,2026-03-23T01:36:46Z,Over,-110,149.5
2026-03-23T01:37:28.939114+00:00,the_odds_api,basketball_ncaab,ad73293f830e86d89ac943c5c5294d75,2026-03-23T00:00:00Z,,New Mexico Lobos,GW Revolutionaries,draftkings,DraftKings,2026-03-23T01:36:46Z,totals,2026-03-23T01:36:46Z,Under,-120,149.5
2026-03-23T01:37:28.939114+00:00,the_odds_api,basketball_ncaab,ad73293f830e86d89ac943c5c5294d75,2026-03-23T00:00:00Z,,New Mexico Lobos,GW Revolutionaries,williamhill_us,Caesars,2026-03-23T01:36:10Z,spreads,2026-03-23T01:36:10Z,GW Revolutionaries,-110,16.5
2026-03-23T01:37:28.939114+00:00,the_odds_api,basketball_ncaab,ad73293f830e86d89ac943c5c5294d75,2026-03-23T00:00:00Z,,New Mexico Lobos,GW Revolutionaries,williamhill_us,Caesars,2026-03-23T01:36:10Z,spreads,2026-03-23T01:36:10Z,New Mexico Lobos,-120,-16.5
2026-03-23T01:37:28.939114+00:00,the_odds_api,basketball_ncaab,ad73293f830e86d89ac943c5c5294d75,2026-03-23T00:00:00Z,,New Mexico Lobos,GW Revolutionaries,williamhill_us,Caesars,2026-03-23T01:36:10Z,totals,2026-03-23T01:36:10Z,Over,-105,150.5
2026-03-23T01:37:28.939114+00:00,the_odds_api,basketball_ncaab,ad73293f830e86d89ac943c5c5294d75,2026-03-23T00:00:00Z,,New Mexico Lobos,GW Revolutionaries,williamhill_us,Caesars,2026-03-23T01:36:10Z,totals,2026-03-23T01:36:10Z,Under,-125,150.5
2026-03-23T01:37:28.939114+00:00,the_odds_api,basketball_ncaab,ad73293f830e86d89ac943c5c5294d75,2026-03-23T00:00:00Z,,New Mexico Lobos,GW Revolutionaries,betmgm,BetMGM,2026-03-23T01:37:20Z,h2h,2026-03-23T01:37:20Z,GW Revolutionaries,3300,
2026-03-23T01:37:28.939114+00:00,the_odds_api,basketball_ncaab,ad73293f830e86d89ac943c5c5294d75,2026-03-23T00:00:00Z,,New Mexico Lobos,GW Revolutionaries,betmgm,BetMGM,2026-03-23T01:37:20Z,h2h,2026-03-23T01:37:20Z,New Mexico Lobos,-10000,
2026-03-23T01:37:28.939114+00:00,the_odds_api,basketball_ncaab,ad73293f830e86d89ac943c5c5294d75,2026-03-23T00:00:00Z,,New Mexico Lobos,GW Revolutionaries,betmgm,BetMGM,2026-03-23T01:37:20Z,spreads,2026-03-23T01:37:20Z,GW Revolutionaries,-105,16.5
2026-03-23T01:37:28.939114+00:00,the_odds_api,basketball_ncaab,ad73293f830e86d89ac943c5c5294d75,2026-03-23T00:00:00Z,,New Mexico Lobos,GW Revolutionaries,betmgm,BetMGM,2026-03-23T01:37:20Z,spreads,2026-03-23T01:37:20Z,New Mexico Lobos,-125,-16.5
2026-03-23T01:37:28.939114+00:00,the_odds_api,basketball_ncaab,ad73293f830e86d89ac943c5c5294d75,2026-03-23T00:00:00Z,,New Mexico Lobos,GW Revolutionaries,betmgm,BetMGM,2026-03-23T01:37:20Z,totals,2026-03-23T01:37:20Z,Over,-115,147.5
2026-03-23T01:37:28.939114+00:00,the_odds_api,basketball_ncaab,ad73293f830e86d89ac943c5c5294d75,2026-03-23T00:00:00Z,,New Mexico Lobos,GW Revolutionaries,betmgm,BetMGM,2026-03-23T01:37:20Z,totals,2026-03-23T01:37:20Z,Under,-110,147.5
2026-03-22T23:53:45.473211+00:00,the_odds_api,basketball_ncaab,ad73293f830e86d89ac943c5c5294d75,2026-03-23T00:00:00Z,,New Mexico Lobos,GW Revolutionaries,betus,BetUS,2026-03-22T23:53:29Z,h2h,2026-03-22T23:53:29Z,GW Revolutionaries,255,
2026-03-22T23:53:45.473211+00:00,the_odds_api,basketball_ncaab,ad73293f830e86d89ac943c5c5294d75,2026-03-23T00:00:00Z,,New Mexico Lobos,GW Revolutionaries,betus,BetUS,2026-03-22T23:53:29Z,h2h,2026-03-22T23:53:29Z,New Mexico Lobos,-310,
2026-03-22T23:53:45.473211+00:00,the_odds_api,basketball_ncaab,ad73293f830e86d89ac943c5c5294d75,2026-03-23T00:00:00Z,,New Mexico Lobos,GW Revolutionaries,betus,BetUS,2026-03-22T23:53:29Z,spreads,2026-03-22T23:53:29Z,GW Revolutionaries,-110,7.0
2026-03-22T23:53:45.473211+00:00,the_odds_api,basketball_ncaab,ad73293f830e86d89ac943c5c5294d75,2026-03-23T00:00:00Z,,New Mexico Lobos,GW Revolutionaries,betus,BetUS,2026-03-22T23:53:29Z,spreads,2026-03-22T23:53:29Z,New Mexico Lobos,-110,-7.0
2026-03-22T23:53:45.473211+00:00,the_odds_api,basketball_ncaab,ad73293f830e86d89ac943c5c5294d75,2026-03-23T00:00:00Z,,New Mexico Lobos,GW Revolutionaries,betus,BetUS,2026-03-22T23:53:29Z,totals,2026-03-22T23:53:29Z,Over,-110,161.5
2026-03-22T23:53:45.473211+00:00,the_odds_api,basketball_ncaab,ad73293f830e86d89ac943c5c5294d75,2026-03-23T00:00:00Z,,New Mexico Lobos,GW Revolutionaries,betus,BetUS,2026-03-22T23:53:29Z,totals,2026-03-22T23:53:29Z,Under,-110,161.5
2026-03-23T01:37:28.939114+00:00,the_odds_api,basketball_ncaab,ad73293f830e86d89ac943c5c5294d75,2026-03-23T00:00:00Z,,New Mexico Lobos,GW Revolutionaries,fanduel,FanDuel,2026-03-23T01:36:50Z,h2h,2026-03-23T01:36:50Z,GW Revolutionaries,8000,
2026-03-23T01:37:28.939114+00:00,the_odds_api,basketball_ncaab,ad73293f830e86d89ac943c5c5294d75,2026-03-23T00:00:00Z,,New Mexico Lobos,GW Revolutionaries,fanduel,FanDuel,2026-03-23T01:36:50Z,h2h,2026-03-23T01:36:50Z,New Mexico Lobos,-100000,
2026-03-23T01:37:28.939114+00:00,the_odds_api,basketball_ncaab,ad73293f830e86d89ac943c5c5294d75,2026-03-23T00:00:00Z,,New Mexico Lobos,GW Revolutionaries,fanduel,FanDuel,2026-03-23T01:36:50Z,spreads,2026-03-23T01:36:50Z,GW Revolutionaries,-102,16.5
2026-03-23T01:37:28.939114+00:00,the_odds_api,basketball_ncaab,ad73293f830e86d89ac943c5c5294d75,2026-03-23T00:00:00Z,,New Mexico Lobos,GW Revolutionaries,fanduel,FanDuel,2026-03-23T01:36:50Z,spreads,2026-03-23T01:36:50Z,New Mexico Lobos,-130,-16.5
2026-03-23T01:37:28.939114+00:00,the_odds_api,basketball_ncaab,ad73293f830e86d89ac943c5c5294d75,2026-03-23T00:00:00Z,,New Mexico Lobos,GW Revolutionaries,fanduel,FanDuel,2026-03-23T01:36:50Z,totals,2026-03-23T01:36:50Z,Over,-104,148.5
2026-03-23T01:37:28.939114+00:00,the_odds_api,basketball_ncaab,ad73293f830e86d89ac943c5c5294d75,2026-03-23T00:00:00Z,,New Mexico Lobos,GW Revolutionaries,fanduel,FanDuel,2026-03-23T01:36:50Z,totals,2026-03-23T01:36:50Z,Under,-128,148.5
2026-03-23T00:18:15.954380+00:00,the_odds_api,basketball_ncaab,629c7e0e4bffa082293cfa6db84e32f0,2026-03-23T00:30:00Z,,Oklahoma St Cowboys,Wichita St Shockers,betonlineag,BetOnline.ag,2026-03-23T00:18:03Z,h2h,2026-03-23T00:18:03Z,Oklahoma St Cowboys,-135,
2026-03-23T00:18:15.954380+00:00,the_odds_api,basketball_ncaab,629c7e0e4bffa082293cfa6db84e32f0,2026-03-23T00:30:00Z,,Oklahoma St Cowboys,Wichita St Shockers,betonlineag,BetOnline.ag,2026-03-23T00:18:03Z,h2h,2026-03-23T00:18:03Z,Wichita St Shockers,115,
2026-03-23T00:18:15.954380+00:00,the_odds_api,basketball_ncaab,629c7e0e4bffa082293cfa6db84e32f0,2026-03-23T00:30:00Z,,Oklahoma St Cowboys,Wichita St Shockers,betonlineag,BetOnline.ag,2026-03-23T00:18:03Z,spreads,2026-03-23T00:18:03Z,Oklahoma St Cowboys,-105,-2.5
2026-03-23T00:18:15.954380+00:00,the_odds_api,basketball_ncaab,629c7e0e4bffa082293cfa6db84e32f0,2026-03-23T00:30:00Z,,Oklahoma St Cowboys,Wichita St Shockers,betonlineag,BetOnline.ag,2026-03-23T00:18:03Z,spreads,2026-03-23T00:18:03Z,Wichita St Shockers,-115,2.5
2026-03-23T00:18:15.954380+00:00,the_odds_api,basketball_ncaab,629c7e0e4bffa082293cfa6db84e32f0,2026-03-23T00:30:00Z,,Oklahoma St Cowboys,Wichita St Shockers,betonlineag,BetOnline.ag,2026-03-23T00:18:03Z,totals,2026-03-23T00:18:03Z,Over,-113,164.0
2026-03-23T00:18:15.954380+00:00,the_odds_api,basketball_ncaab,629c7e0e4bffa082293cfa6db84e32f0,2026-03-23T00:30:00Z,,Oklahoma St Cowboys,Wichita St Shockers,betonlineag,BetOnline.ag,2026-03-23T00:18:03Z,totals,2026-03-23T00:18:03Z,Under,-107,164.0
2026-03-23T00:18:15.954380+00:00,the_odds_api,basketball_ncaab,629c7e0e4bffa082293cfa6db84e32f0,2026-03-23T00:30:00Z,,Oklahoma St Cowboys,Wichita St Shockers,lowvig,LowVig.ag,2026-03-23T00:18:12Z,h2h,2026-03-23T00:18:12Z,Oklahoma St Cowboys,-135,
2026-03-23T00:18:15.954380+00:00,the_odds_api,basketball_ncaab,629c7e0e4bffa082293cfa6db84e32f0,2026-03-23T00:30:00Z,,Oklahoma St Cowboys,Wichita St Shockers,lowvig,LowVig.ag,2026-03-23T00:18:12Z,h2h,2026-03-23T00:18:12Z,Wichita St Shockers,115,
2026-03-23T00:18:15.954380+00:00,the_odds_api,basketball_ncaab,629c7e0e4bffa082293cfa6db84e32f0,2026-03-23T00:30:00Z,,Oklahoma St Cowboys,Wichita St Shockers,lowvig,LowVig.ag,2026-03-23T00:18:12Z,spreads,2026-03-23T00:18:12Z,Oklahoma St Cowboys,-101,-2.5
2026-03-23T00:18:15.954380+00:00,the_odds_api,basketball_ncaab,629c7e0e4bffa082293cfa6db84e32f0,2026-03-23T00:30:00Z,,Oklahoma St Cowboys,Wichita St Shockers,lowvig,LowVig.ag,2026-03-23T00:18:12Z,spreads,2026-03-23T00:18:12Z,Wichita St Shockers,-111,2.5
2026-03-23T00:18:15.954380+00:00,the_odds_api,basketball_ncaab,629c7e0e4bffa082293cfa6db84e32f0,2026-03-23T00:30:00Z,,Oklahoma St Cowboys,Wichita St Shockers,lowvig,LowVig.ag,2026-03-23T00:18:12Z,totals,2026-03-23T00:18:12Z,Over,-111,164.0
2026-03-23T00:18:15.954380+00:00,the_odds_api,basketball_ncaab,629c7e0e4bffa082293cfa6db84e32f0,2026-03-23T00:30:00Z,,Oklahoma St Cowboys,Wichita St Shockers,lowvig,LowVig.ag,2026-03-23T00:18:12Z,totals,2026-03-23T00:18:12Z,Under,-105,164.0
2026-03-23T02:47:28.180551+00:00,the_odds_api,basketball_ncaab,629c7e0e4bffa082293cfa6db84e32f0,2026-03-23T00:45:00Z,,Oklahoma St Cowboys,Wichita St Shockers,draftkings,DraftKings,2026-03-23T02:34:15Z,spreads,2026-03-23T02:34:15Z,Oklahoma St Cowboys,-154,24.5
2026-03-23T02:47:28.180551+00:00,the_odds_api,basketball_ncaab,629c7e0e4bffa082293cfa6db84e32f0,2026-03-23T00:45:00Z,,Oklahoma St Cowboys,Wichita St Shockers,draftkings,DraftKings,2026-03-23T02:34:15Z,spreads,2026-03-23T02:34:15Z,Wichita St Shockers,120,-24.5
2026-03-23T02:47:28.180551+00:00,the_odds_api,basketball_ncaab,629c7e0e4bffa082293cfa6db84e32f0,2026-03-23T00:45:00Z,,Oklahoma St Cowboys,Wichita St Shockers,williamhill_us,Caesars,2026-03-23T02:33:55Z,spreads,2026-03-23T02:33:55Z,Oklahoma St Cowboys,-140,22.5
2026-03-23T02:47:28.180551+00:00,the_odds_api,basketball_ncaab,629c7e0e4bffa082293cfa6db84e32f0,2026-03-23T00:45:00Z,,Oklahoma St Cowboys,Wichita St Shockers,williamhill_us,Caesars,2026-03-23T02:33:55Z,spreads,2026-03-23T02:33:55Z,Wichita St Shockers,110,-22.5
2026-03-23T02:47:28.180551+00:00,the_odds_api,basketball_ncaab,629c7e0e4bffa082293cfa6db84e32f0,2026-03-23T00:45:00Z,,Oklahoma St Cowboys,Wichita St Shockers,betmgm,BetMGM,2026-03-23T02:35:56Z,spreads,2026-03-23T02:35:56Z,Oklahoma St Cowboys,-300,26.5
2026-03-23T02:47:28.180551+00:00,the_odds_api,basketball_ncaab,629c7e0e4bffa082293cfa6db84e32f0,2026-03-23T00:45:00Z,,Oklahoma St Cowboys,Wichita St Shockers,betmgm,BetMGM,2026-03-23T02:35:56Z,spreads,2026-03-23T02:35:56Z,Wichita St Shockers,220,-26.5
2026-03-23T02:47:28.180551+00:00,the_odds_api,basketball_ncaab,629c7e0e4bffa082293cfa6db84e32f0,2026-03-23T00:45:00Z,,Oklahoma St Cowboys,Wichita St Shockers,betmgm,BetMGM,2026-03-23T02:35:56Z,totals,2026-03-23T02:35:56Z,Over,125,166.5
2026-03-23T02:47:28.180551+00:00,the_odds_api,basketball_ncaab,629c7e0e4bffa082293cfa6db84e32f0,2026-03-23T00:45:00Z,,Oklahoma St Cowboys,Wichita St Shockers,betmgm,BetMGM,2026-03-23T02:35:56Z,totals,2026-03-23T02:35:56Z,Under,-160,166.5
2026-03-23T00:18:15.954380+00:00,the_odds_api,basketball_ncaab,629c7e0e4bffa082293cfa6db84e32f0,2026-03-23T00:30:00Z,,Oklahoma St Cowboys,Wichita St Shockers,betus,BetUS,2026-03-23T00:17:26Z,h2h,2026-03-23T00:17:26Z,Oklahoma St Cowboys,-135,
2026-03-23T00:18:15.954380+00:00,the_odds_api,basketball_ncaab,629c7e0e4bffa082293cfa6db84e32f0,2026-03-23T00:30:00Z,,Oklahoma St Cowboys,Wichita St Shockers,betus,BetUS,2026-03-23T00:17:26Z,h2h,2026-03-23T00:17:26Z,Wichita St Shockers,115,
2026-03-23T00:18:15.954380+00:00,the_odds_api,basketball_ncaab,629c7e0e4bffa082293cfa6db84e32f0,2026-03-23T00:30:00Z,,Oklahoma St Cowboys,Wichita St Shockers,betus,BetUS,2026-03-23T00:17:26Z,spreads,2026-03-23T00:17:26Z,Oklahoma St Cowboys,-105,-2.5
2026-03-23T00:18:15.954380+00:00,the_odds_api,basketball_ncaab,629c7e0e4bffa082293cfa6db84e32f0,2026-03-23T00:30:00Z,,Oklahoma St Cowboys,Wichita St Shockers,betus,BetUS,2026-03-23T00:17:26Z,spreads,2026-03-23T00:17:26Z,Wichita St Shockers,-115,2.5
2026-03-23T00:18:15.954380+00:00,the_odds_api,basketball_ncaab,629c7e0e4bffa082293cfa6db84e32f0,2026-03-23T00:30:00Z,,Oklahoma St Cowboys,Wichita St Shockers,betus,BetUS,2026-03-23T00:17:26Z,totals,2026-03-23T00:17:26Z,Over,-110,164.5
2026-03-23T00:18:15.954380+00:00,the_odds_api,basketball_ncaab,629c7e0e4bffa082293cfa6db84e32f0,2026-03-23T00:30:00Z,,Oklahoma St Cowboys,Wichita St Shockers,betus,BetUS,2026-03-23T00:17:26Z,totals,2026-03-23T00:17:26Z,Under,-110,164.5
2026-03-23T02:47:28.180551+00:00,the_odds_api,basketball_ncaab,629c7e0e4bffa082293cfa6db84e32f0,2026-03-23T00:45:00Z,,Oklahoma St Cowboys,Wichita St Shockers,fanduel,FanDuel,2026-03-23T02:32:58Z,spreads,2026-03-23T02:32:58Z,Oklahoma St Cowboys,-110,19.5
2026-03-23T02:47:28.180551+00:00,the_odds_api,basketball_ncaab,629c7e0e4bffa082293cfa6db84e32f0,2026-03-23T00:45:00Z,,Oklahoma St Cowboys,Wichita St Shockers,fanduel,FanDuel,2026-03-23T02:32:58Z,spreads,2026-03-23T02:32:58Z,Wichita St Shockers,-120,-19.5
2026-03-23T02:51:54.671714+00:00,the_odds_api,basketball_ncaab,0e6cf93ff2eed71ad76db394d07a5228,2026-03-23T01:10:45Z,,UConn Huskies,UCLA Bruins,draftkings,DraftKings,2026-03-23T02:51:40Z,h2h,2026-03-23T02:51:40Z,UCLA Bruins,470,
2026-03-23T02:51:54.671714+00:00,the_odds_api,basketball_ncaab,0e6cf93ff2eed71ad76db394d07a5228,2026-03-23T01:10:45Z,,UConn Huskies,UCLA Bruins,draftkings,DraftKings,2026-03-23T02:51:40Z,h2h,2026-03-23T02:51:40Z,UConn Huskies,-750,
2026-03-23T02:51:54.671714+00:00,the_odds_api,basketball_ncaab,0e6cf93ff2eed71ad76db394d07a5228,2026-03-23T01:10:45Z,,UConn Huskies,UCLA Bruins,draftkings,DraftKings,2026-03-23T02:51:40Z,spreads,2026-03-23T02:51:40Z,UCLA Bruins,-125,8.5
2026-03-23T02:51:54.671714+00:00,the_odds_api,basketball_ncaab,0e6cf93ff2eed71ad76db394d07a5228,2026-03-23T01:10:45Z,,UConn Huskies,UCLA Bruins,draftkings,DraftKings,2026-03-23T02:51:40Z,spreads,2026-03-23T02:51:40Z,UConn Huskies,-105,-8.5
2026-03-23T02:51:54.671714+00:00,the_odds_api,basketball_ncaab,0e6cf93ff2eed71ad76db394d07a5228,2026-03-23T01:10:45Z,,UConn Huskies,UCLA Bruins,draftkings,DraftKings,2026-03-23T02:51:40Z,totals,2026-03-23T02:51:40Z,Over,-110,140.5
2026-03-23T02:51:54.671714+00:00,the_odds_api,basketball_ncaab,0e6cf93ff2eed71ad76db394d07a5228,2026-03-23T01:10:45Z,,UConn Huskies,UCLA Bruins,draftkings,DraftKings,2026-03-23T02:51:40Z,totals,2026-03-23T02:51:40Z,Under,-120,140.5
2026-03-23T02:51:54.671714+00:00,the_odds_api,basketball_ncaab,0e6cf93ff2eed71ad76db394d07a5228,2026-03-23T01:10:45Z,,UConn Huskies,UCLA Bruins,fanduel,FanDuel,2026-03-23T02:51:40Z,h2h,2026-03-23T02:51:40Z,UCLA Bruins,560,
2026-03-23T02:51:54.671714+00:00,the_odds_api,basketball_ncaab,0e6cf93ff2eed71ad76db394d07a5228,2026-03-23T01:10:45Z,,UConn Huskies,UCLA Bruins,fanduel,FanDuel,2026-03-23T02:51:40Z,h2h,2026-03-23T02:51:40Z,UConn Huskies,-1000,
2026-03-23T02:51:54.671714+00:00,the_odds_api,basketball_ncaab,0e6cf93ff2eed71ad76db394d07a5228,2026-03-23T01:10:45Z,,UConn Huskies,UCLA Bruins,fanduel,FanDuel,2026-03-23T02:51:40Z,spreads,2026-03-23T02:51:40Z,UCLA Bruins,-120,8.5
2026-03-23T02:51:54.671714+00:00,the_odds_api,basketball_ncaab,0e6cf93ff2eed71ad76db394d07a5228,2026-03-23T01:10:45Z,,UConn Huskies,UCLA Bruins,fanduel,FanDuel,2026-03-23T02:51:40Z,spreads,2026-03-23T02:51:40Z,UConn Huskies,-110,-8.5
2026-03-23T02:51:54.671714+00:00,the_odds_api,basketball_ncaab,0e6cf93ff2eed71ad76db394d07a5228,2026-03-23T01:10:45Z,,UConn Huskies,UCLA Bruins,fanduel,FanDuel,2026-03-23T02:51:40Z,totals,2026-03-23T02:51:40Z,Over,-102,140.5
2026-03-23T02:51:54.671714+00:00,the_odds_api,basketball_ncaab,0e6cf93ff2eed71ad76db394d07a5228,2026-03-23T01:10:45Z,,UConn Huskies,UCLA Bruins,fanduel,FanDuel,2026-03-23T02:51:40Z,totals,2026-03-23T02:51:40Z,Under,-130,140.5
2026-03-23T02:51:54.671714+00:00,the_odds_api,basketball_ncaab,0e6cf93ff2eed71ad76db394d07a5228,2026-03-23T01:10:45Z,,UConn Huskies,UCLA Bruins,fanatics,Fanatics,2026-03-23T02:51:40Z,h2h,2026-03-23T02:51:40Z,UCLA Bruins,500,
2026-03-23T02:51:54.671714+00:00,the_odds_api,basketball_ncaab,0e6cf93ff2eed71ad76db394d07a5228,2026-03-23T01:10:45Z,,UConn Huskies,UCLA Bruins,fanatics,Fanatics,2026-03-23T02:51:40Z,h2h,2026-03-23T02:51:40Z,UConn Huskies,-900,
2026-03-23T02:51:54.671714+00:00,the_odds_api,basketball_ncaab,0e6cf93ff2eed71ad76db394d07a5228,2026-03-23T01:10:45Z,,UConn Huskies,UCLA Bruins,fanatics,Fanatics,2026-03-23T02:51:40Z,spreads,2026-03-23T02:51:40Z,UCLA Bruins,-110,8.5
2026-03-23T02:51:54.671714+00:00,the_odds_api,basketball_ncaab,0e6cf93ff2eed71ad76db394d07a5228,2026-03-23T01:10:45Z,,UConn Huskies,UCLA Bruins,fanatics,Fanatics,2026-03-23T02:51:40Z,spreads,2026-03-23T02:51:40Z,UConn Huskies,-120,-8.5
2026-03-23T02:51:54.671714+00:00,the_odds_api,basketball_ncaab,0e6cf93ff2eed71ad76db394d07a5228,2026-03-23T01:10:45Z,,UConn Huskies,UCLA Bruins,fanatics,Fanatics,2026-03-23T02:51:40Z,totals,2026-03-23T02:51:40Z,Over,-105,139.5
2026-03-23T02:51:54.671714+00:00,the_odds_api,basketball_ncaab,0e6cf93ff2eed71ad76db394d07a5228,2026-03-23T01:10:45Z,,UConn Huskies,UCLA Bruins,fanatics,Fanatics,2026-03-23T02:51:40Z,totals,2026-03-23T02:51:40Z,Under,-125,139.5
2026-03-23T02:51:54.671714+00:00,the_odds_api,basketball_ncaab,0e6cf93ff2eed71ad76db394d07a5228,2026-03-23T01:10:45Z,,UConn Huskies,UCLA Bruins,betrivers,BetRivers,2026-03-23T02:51:19Z,h2h,2026-03-23T02:51:19Z,UCLA Bruins,550,
2026-03-23T02:51:54.671714+00:00,the_odds_api,basketball_ncaab,0e6cf93ff2eed71ad76db394d07a5228,2026-03-23T01:10:45Z,,UConn Huskies,UCLA Bruins,betrivers,BetRivers,2026-03-23T02:51:19Z,h2h,2026-03-23T02:51:19Z,UConn Huskies,-1250,
2026-03-23T02:51:54.671714+00:00,the_odds_api,basketball_ncaab,0e6cf93ff2eed71ad76db394d07a5228,2026-03-23T01:10:45Z,,UConn Huskies,UCLA Bruins,betrivers,BetRivers,2026-03-23T02:51:19Z,spreads,2026-03-23T02:51:19Z,UCLA Bruins,-118,8.0
2026-03-23T02:51:54.671714+00:00,the_odds_api,basketball_ncaab,0e6cf93ff2eed71ad76db394d07a5228,2026-03-23T01:10:45Z,,UConn Huskies,UCLA Bruins,betrivers,BetRivers,2026-03-23T02:51:19Z,spreads,2026-03-23T02:51:19Z,UConn Huskies,-121,-8.0
2026-03-23T02:51:54.671714+00:00,the_odds_api,basketball_ncaab,0e6cf93ff2eed71ad76db394d07a5228,2026-03-23T01:10:45Z,,UConn Huskies,UCLA Bruins,betrivers,BetRivers,2026-03-23T02:51:19Z,totals,2026-03-23T02:51:19Z,Over,-122,140.0
2026-03-23T02:51:54.671714+00:00,the_odds_api,basketball_ncaab,0e6cf93ff2eed71ad76db394d07a5228,2026-03-23T01:10:45Z,,UConn Huskies,UCLA Bruins,betrivers,BetRivers,2026-03-23T02:51:19Z,totals,2026-03-23T02:51:19Z,Under,-117,140.0
2026-03-23T02:51:54.671714+00:00,the_odds_api,basketball_ncaab,0e6cf93ff2eed71ad76db394d07a5228,2026-03-23T01:10:45Z,,UConn Huskies,UCLA Bruins,betmgm,BetMGM,2026-03-23T02:50:56Z,h2h,2026-03-23T02:50:56Z,UCLA Bruins,475,
2026-03-23T02:51:54.671714+00:00,the_odds_api,basketball_ncaab,0e6cf93ff2eed71ad76db394d07a5228,2026-03-23T01:10:45Z,,UConn Huskies,UCLA Bruins,betmgm,BetMGM,2026-03-23T02:50:56Z,h2h,2026-03-23T02:50:56Z,UConn Huskies,-750,
2026-03-23T02:51:54.671714+00:00,the_odds_api,basketball_ncaab,0e6cf93ff2eed71ad76db394d07a5228,2026-03-23T01:10:45Z,,UConn Huskies,UCLA Bruins,betmgm,BetMGM,2026-03-23T02:50:56Z,spreads,2026-03-23T02:50:56Z,UCLA Bruins,-115,8.5
2026-03-23T02:51:54.671714+00:00,the_odds_api,basketball_ncaab,0e6cf93ff2eed71ad76db394d07a5228,2026-03-23T01:10:45Z,,UConn Huskies,UCLA Bruins,betmgm,BetMGM,2026-03-23T02:50:56Z,spreads,2026-03-23T02:50:56Z,UConn Huskies,-115,-8.5
2026-03-23T02:51:54.671714+00:00,the_odds_api,basketball_ncaab,0e6cf93ff2eed71ad76db394d07a5228,2026-03-23T01:10:45Z,,UConn Huskies,UCLA Bruins,betmgm,BetMGM,2026-03-23T02:50:56Z,totals,2026-03-23T02:50:56Z,Over,-125,139.5
2026-03-23T02:51:54.671714+00:00,the_odds_api,basketball_ncaab,0e6cf93ff2eed71ad76db394d07a5228,2026-03-23T01:10:45Z,,UConn Huskies,UCLA Bruins,betmgm,BetMGM,2026-03-23T02:50:56Z,totals,2026-03-23T02:50:56Z,Under,-105,139.5
2026-03-23T00:18:15.954380+00:00,the_odds_api,basketball_ncaab,0e6cf93ff2eed71ad76db394d07a5228,2026-03-23T00:45:00Z,,UConn Huskies,UCLA Bruins,lowvig,LowVig.ag,2026-03-23T00:18:12Z,h2h,2026-03-23T00:18:12Z,UCLA Bruins,177,
2026-03-23T00:18:15.954380+00:00,the_odds_api,basketball_ncaab,0e6cf93ff2eed71ad76db394d07a5228,2026-03-23T00:45:00Z,,UConn Huskies,UCLA Bruins,lowvig,LowVig.ag,2026-03-23T00:18:12Z,h2h,2026-03-23T00:18:12Z,UConn Huskies,-205,
2026-03-23T00:18:15.954380+00:00,the_odds_api,basketball_ncaab,0e6cf93ff2eed71ad76db394d07a5228,2026-03-23T00:45:00Z,,UConn Huskies,UCLA Bruins,lowvig,LowVig.ag,2026-03-23T00:18:12Z,spreads,2026-03-23T00:18:12Z,UCLA Bruins,-104,4.5
2026-03-23T00:18:15.954380+00:00,the_odds_api,basketball_ncaab,0e6cf93ff2eed71ad76db394d07a5228,2026-03-23T00:45:00Z,,UConn Huskies,UCLA Bruins,lowvig,LowVig.ag,2026-03-23T00:18:12Z,spreads,2026-03-23T00:18:12Z,UConn Huskies,-108,-4.5
2026-03-23T00:18:15.954380+00:00,the_odds_api,basketball_ncaab,0e6cf93ff2eed71ad76db394d07a5228,2026-03-23T00:45:00Z,,UConn Huskies,UCLA Bruins,lowvig,LowVig.ag,2026-03-23T00:18:12Z,totals,2026-03-23T00:18:12Z,Over,-108,136.5
2026-03-23T00:18:15.954380+00:00,the_odds_api,basketball_ncaab,0e6cf93ff2eed71ad76db394d07a5228,2026-03-23T00:45:00Z,,UConn Huskies,UCLA Bruins,lowvig,LowVig.ag,2026-03-23T00:18:12Z,totals,2026-03-23T00:18:12Z,Under,-108,136.5
2026-03-23T00:18:15.954380+00:00,the_odds_api,basketball_ncaab,0e6cf93ff2eed71ad76db394d07a5228,2026-03-23T00:45:00Z,,UConn Huskies,UCLA Bruins,betonlineag,BetOnline.ag,2026-03-23T00:18:03Z,h2h,2026-03-23T00:18:03Z,UCLA Bruins,177,
2026-03-23T00:18:15.954380+00:00,the_odds_api,basketball_ncaab,0e6cf93ff2eed71ad76db394d07a5228,2026-03-23T00:45:00Z,,UConn Huskies,UCLA Bruins,betonlineag,BetOnline.ag,2026-03-23T00:18:03Z,h2h,2026-03-23T00:18:03Z,UConn Huskies,-205,
2026-03-23T00:18:15.954380+00:00,the_odds_api,basketball_ncaab,0e6cf93ff2eed71ad76db394d07a5228,2026-03-23T00:45:00Z,,UConn Huskies,UCLA Bruins,betonlineag,BetOnline.ag,2026-03-23T00:18:03Z,spreads,2026-03-23T00:18:03Z,UCLA Bruins,-108,4.5
2026-03-23T00:18:15.954380+00:00,the_odds_api,basketball_ncaab,0e6cf93ff2eed71ad76db394d07a5228,2026-03-23T00:45:00Z,,UConn Huskies,UCLA Bruins,betonlineag,BetOnline.ag,2026-03-23T00:18:03Z,spreads,2026-03-23T00:18:03Z,UConn Huskies,-112,-4.5
2026-03-23T00:18:15.954380+00:00,the_odds_api,basketball_ncaab,0e6cf93ff2eed71ad76db394d07a5228,2026-03-23T00:45:00Z,,UConn Huskies,UCLA Bruins,betonlineag,BetOnline.ag,2026-03-23T00:18:03Z,totals,2026-03-23T00:18:03Z,Over,-110,136.5
2026-03-23T00:18:15.954380+00:00,the_odds_api,basketball_ncaab,0e6cf93ff2eed71ad76db394d07a5228,2026-03-23T00:45:00Z,,UConn Huskies,UCLA Bruins,betonlineag,BetOnline.ag,2026-03-23T00:18:03Z,totals,2026-03-23T00:18:03Z,Under,-110,136.5
2026-03-23T02:51:54.671714+00:00,the_odds_api,basketball_ncaab,0e6cf93ff2eed71ad76db394d07a5228,2026-03-23T01:10:45Z,,UConn Huskies,UCLA Bruins,williamhill_us,Caesars,2026-03-23T02:49:21Z,h2h,2026-03-23T02:49:21Z,UCLA Bruins,600,
2026-03-23T02:51:54.671714+00:00,the_odds_api,basketball_ncaab,0e6cf93ff2eed71ad76db394d07a5228,2026-03-23T01:10:45Z,,UConn Huskies,UCLA Bruins,williamhill_us,Caesars,2026-03-23T02:49:21Z,h2h,2026-03-23T02:49:21Z,UConn Huskies,-1000,
2026-03-23T02:51:54.671714+00:00,the_odds_api,basketball_ncaab,0e6cf93ff2eed71ad76db394d07a5228,2026-03-23T01:10:45Z,,UConn Huskies,UCLA Bruins,williamhill_us,Caesars,2026-03-23T02:49:21Z,spreads,2026-03-23T02:49:21Z,UCLA Bruins,-130,8.5
2026-03-23T02:51:54.671714+00:00,the_odds_api,basketball_ncaab,0e6cf93ff2eed71ad76db394d07a5228,2026-03-23T01:10:45Z,,UConn Huskies,UCLA Bruins,williamhill_us,Caesars,2026-03-23T02:49:21Z,spreads,2026-03-23T02:49:21Z,UConn Huskies,100,-8.5
2026-03-23T02:51:54.671714+00:00,the_odds_api,basketball_ncaab,0e6cf93ff2eed71ad76db394d07a5228,2026-03-23T01:10:45Z,,UConn Huskies,UCLA Bruins,williamhill_us,Caesars,2026-03-23T02:49:21Z,totals,2026-03-23T02:49:21Z,Over,-120,139.5
2026-03-23T02:51:54.671714+00:00,the_odds_api,basketball_ncaab,0e6cf93ff2eed71ad76db394d07a5228,2026-03-23T01:10:45Z,,UConn Huskies,UCLA Bruins,williamhill_us,Caesars,2026-03-23T02:49:21Z,totals,2026-03-23T02:49:21Z,Under,-110,139.5
2026-03-23T02:51:54.671714+00:00,the_odds_api,basketball_ncaab,0e6cf93ff2eed71ad76db394d07a5228,2026-03-23T01:10:45Z,,UConn Huskies,UCLA Bruins,mybookieag,MyBookie.ag,2026-03-23T02:50:48Z,h2h,2026-03-23T02:50:48Z,UCLA Bruins,375,
2026-03-23T02:51:54.671714+00:00,the_odds_api,basketball_ncaab,0e6cf93ff2eed71ad76db394d07a5228,2026-03-23T01:10:45Z,,UConn Huskies,UCLA Bruins,mybookieag,MyBookie.ag,2026-03-23T02:50:48Z,h2h,2026-03-23T02:50:48Z,UConn Huskies,-667,
2026-03-23T02:51:54.671714+00:00,the_odds_api,basketball_ncaab,0e6cf93ff2eed71ad76db394d07a5228,2026-03-23T01:10:45Z,,UConn Huskies,UCLA Bruins,mybookieag,MyBookie.ag,2026-03-23T02:50:48Z,spreads,2026-03-23T02:50:48Z,UCLA Bruins,-118,7.5
2026-03-23T02:51:54.671714+00:00,the_odds_api,basketball_ncaab,0e6cf93ff2eed71ad76db394d07a5228,2026-03-23T01:10:45Z,,UConn Huskies,UCLA Bruins,mybookieag,MyBookie.ag,2026-03-23T02:50:48Z,spreads,2026-03-23T02:50:48Z,UConn Huskies,-118,-7.5
2026-03-23T02:51:54.671714+00:00,the_odds_api,basketball_ncaab,0e6cf93ff2eed71ad76db394d07a5228,2026-03-23T01:10:45Z,,UConn Huskies,UCLA Bruins,mybookieag,MyBookie.ag,2026-03-23T02:50:48Z,totals,2026-03-23T02:50:48Z,Over,-118,140.5
2026-03-23T02:51:54.671714+00:00,the_odds_api,basketball_ncaab,0e6cf93ff2eed71ad76db394d07a5228,2026-03-23T01:10:45Z,,UConn Huskies,UCLA Bruins,mybookieag,MyBookie.ag,2026-03-23T02:50:48Z,totals,2026-03-23T02:50:48Z,Under,-118,140.5
2026-03-23T00:18:15.954380+00:00,the_odds_api,basketball_ncaab,0e6cf93ff2eed71ad76db394d07a5228,2026-03-23T00:45:00Z,,UConn Huskies,UCLA Bruins,betus,BetUS,2026-03-23T00:17:26Z,h2h,2026-03-23T00:17:26Z,UCLA Bruins,170,
2026-03-23T00:18:15.954380+00:00,the_odds_api,basketball_ncaab,0e6cf93ff2eed71ad76db394d07a5228,2026-03-23T00:45:00Z,,UConn Huskies,UCLA Bruins,betus,BetUS,2026-03-23T00:17:26Z,h2h,2026-03-23T00:17:26Z,UConn Huskies,-200,
2026-03-23T00:18:15.954380+00:00,the_odds_api,basketball_ncaab,0e6cf93ff2eed71ad76db394d07a5228,2026-03-23T00:45:00Z,,UConn Huskies,UCLA Bruins,betus,BetUS,2026-03-23T00:17:26Z,spreads,2026-03-23T00:17:26Z,UCLA Bruins,-110,4.5
2026-03-23T00:18:15.954380+00:00,the_odds_api,basketball_ncaab,0e6cf93ff2eed71ad76db394d07a5228,2026-03-23T00:45:00Z,,UConn Huskies,UCLA Bruins,betus,BetUS,2026-03-23T00:17:26Z,spreads,2026-03-23T00:17:26Z,UConn Huskies,-110,-4.5
2026-03-23T00:18:15.954380+00:00,the_odds_api,basketball_ncaab,0e6cf93ff2eed71ad76db394d07a5228,2026-03-23T00:45:00Z,,UConn Huskies,UCLA Bruins,betus,BetUS,2026-03-23T00:17:26Z,totals,2026-03-23T00:17:26Z,Over,-110,136.5
2026-03-23T00:18:15.954380+00:00,the_odds_api,basketball_ncaab,0e6cf93ff2eed71ad76db394d07a5228,2026-03-23T00:45:00Z,,UConn Huskies,UCLA Bruins,betus,BetUS,2026-03-23T00:17:26Z,totals,2026-03-23T00:17:26Z,Under,-110,136.5
2026-03-23T02:51:54.671714+00:00,the_odds_api,basketball_ncaab,0e6cf93ff2eed71ad76db394d07a5228,2026-03-23T01:10:45Z,,UConn Huskies,UCLA Bruins,bovada,Bovada,2026-03-23T02:50:00Z,h2h,2026-03-23T02:50:00Z,UCLA Bruins,475,
2026-03-23T02:51:54.671714+00:00,the_odds_api,basketball_ncaab,0e6cf93ff2eed71ad76db394d07a5228,2026-03-23T01:10:45Z,,UConn Huskies,UCLA Bruins,bovada,Bovada,2026-03-23T02:50:00Z,h2h,2026-03-23T02:50:00Z,UConn Huskies,-800,
2026-03-23T02:51:54.671714+00:00,the_odds_api,basketball_ncaab,0e6cf93ff2eed71ad76db394d07a5228,2026-03-23T01:10:45Z,,UConn Huskies,UCLA Bruins,bovada,Bovada,2026-03-23T02:50:00Z,spreads,2026-03-23T02:50:00Z,UCLA Bruins,-125,8.5
2026-03-23T02:51:54.671714+00:00,the_odds_api,basketball_ncaab,0e6cf93ff2eed71ad76db394d07a5228,2026-03-23T01:10:45Z,,UConn Huskies,UCLA Bruins,bovada,Bovada,2026-03-23T02:50:00Z,spreads,2026-03-23T02:50:00Z,UConn Huskies,-105,-8.5
2026-03-23T02:51:54.671714+00:00,the_odds_api,basketball_ncaab,0e6cf93ff2eed71ad76db394d07a5228,2026-03-23T01:10:45Z,,UConn Huskies,UCLA Bruins,bovada,Bovada,2026-03-23T02:50:00Z,totals,2026-03-23T02:50:00Z,Over,-115,140.0
2026-03-23T02:51:54.671714+00:00,the_odds_api,basketball_ncaab,0e6cf93ff2eed71ad76db394d07a5228,2026-03-23T01:10:45Z,,UConn Huskies,UCLA Bruins,bovada,Bovada,2026-03-23T02:50:00Z,totals,2026-03-23T02:50:00Z,Under,-115,140.0
2026-03-23T00:18:15.954380+00:00,the_odds_api,basketball_ncaab,9a8aa6fd1c0f7a16fc9f3aee8466aa87,2026-03-23T01:00:00Z,,California Golden Bears,Saint Joseph's Hawks,betonlineag,BetOnline.ag,2026-03-23T00:18:03Z,h2h,2026-03-23T00:18:03Z,California Golden Bears,-255,
2026-03-23T00:18:15.954380+00:00,the_odds_api,basketball_ncaab,9a8aa6fd1c0f7a16fc9f3aee8466aa87,2026-03-23T01:00:00Z,,California Golden Bears,Saint Joseph's Hawks,betonlineag,BetOnline.ag,2026-03-23T00:18:03Z,h2h,2026-03-23T00:18:03Z,Saint Joseph's Hawks,211,
2026-03-23T00:18:15.954380+00:00,the_odds_api,basketball_ncaab,9a8aa6fd1c0f7a16fc9f3aee8466aa87,2026-03-23T01:00:00Z,,California Golden Bears,Saint Joseph's Hawks,betonlineag,BetOnline.ag,2026-03-23T00:18:03Z,spreads,2026-03-23T00:18:03Z,California Golden Bears,-110,-5.5
2026-03-23T00:18:15.954380+00:00,the_odds_api,basketball_ncaab,9a8aa6fd1c0f7a16fc9f3aee8466aa87,2026-03-23T01:00:00Z,,California Golden Bears,Saint Joseph's Hawks,betonlineag,BetOnline.ag,2026-03-23T00:18:03Z,spreads,2026-03-23T00:18:03Z,Saint Joseph's Hawks,-110,5.5
2026-03-23T00:18:15.954380+00:00,the_odds_api,basketball_ncaab,9a8aa6fd1c0f7a16fc9f3aee8466aa87,2026-03-23T01:00:00Z,,California Golden Bears,Saint Joseph's Hawks,betonlineag,BetOnline.ag,2026-03-23T00:18:03Z,totals,2026-03-23T00:18:03Z,Over,-110,152.0
2026-03-23T00:18:15.954380+00:00,the_odds_api,basketball_ncaab,9a8aa6fd1c0f7a16fc9f3aee8466aa87,2026-03-23T01:00:00Z,,California Golden Bears,Saint Joseph's Hawks,betonlineag,BetOnline.ag,2026-03-23T00:18:03Z,totals,2026-03-23T00:18:03Z,Under,-110,152.0
2026-03-23T00:18:15.954380+00:00,the_odds_api,basketball_ncaab,9a8aa6fd1c0f7a16fc9f3aee8466aa87,2026-03-23T01:00:00Z,,California Golden Bears,Saint Joseph's Hawks,lowvig,LowVig.ag,2026-03-23T00:18:12Z,h2h,2026-03-23T00:18:12Z,California Golden Bears,-255,
2026-03-23T00:18:15.954380+00:00,the_odds_api,basketball_ncaab,9a8aa6fd1c0f7a16fc9f3aee8466aa87,2026-03-23T01:00:00Z,,California Golden Bears,Saint Joseph's Hawks,lowvig,LowVig.ag,2026-03-23T00:18:12Z,h2h,2026-03-23T00:18:12Z,Saint Joseph's Hawks,211,
2026-03-23T00:18:15.954380+00:00,the_odds_api,basketball_ncaab,9a8aa6fd1c0f7a16fc9f3aee8466aa87,2026-03-23T01:00:00Z,,California Golden Bears,Saint Joseph's Hawks,lowvig,LowVig.ag,2026-03-23T00:18:12Z,spreads,2026-03-23T00:18:12Z,California Golden Bears,-106,-5.5
2026-03-23T00:18:15.954380+00:00,the_odds_api,basketball_ncaab,9a8aa6fd1c0f7a16fc9f3aee8466aa87,2026-03-23T01:00:00Z,,California Golden Bears,Saint Joseph's Hawks,lowvig,LowVig.ag,2026-03-23T00:18:12Z,spreads,2026-03-23T00:18:12Z,Saint Joseph's Hawks,-106,5.5
2026-03-23T00:18:15.954380+00:00,the_odds_api,basketball_ncaab,9a8aa6fd1c0f7a16fc9f3aee8466aa87,2026-03-23T01:00:00Z,,California Golden Bears,Saint Joseph's Hawks,lowvig,LowVig.ag,2026-03-23T00:18:12Z,totals,2026-03-23T00:18:12Z,Over,-108,152.0
2026-03-23T00:18:15.954380+00:00,the_odds_api,basketball_ncaab,9a8aa6fd1c0f7a16fc9f3aee8466aa87,2026-03-23T01:00:00Z,,California Golden Bears,Saint Joseph's Hawks,lowvig,LowVig.ag,2026-03-23T00:18:12Z,totals,2026-03-23T00:18:12Z,Under,-108,152.0
2026-03-23T02:51:54.671714+00:00,the_odds_api,basketball_ncaab,9a8aa6fd1c0f7a16fc9f3aee8466aa87,2026-03-23T01:05:39Z,,California Golden Bears,Saint Joseph's Hawks,draftkings,DraftKings,2026-03-23T02:51:40Z,h2h,2026-03-23T02:51:40Z,California Golden Bears,-1300,
2026-03-23T02:51:54.671714+00:00,the_odds_api,basketball_ncaab,9a8aa6fd1c0f7a16fc9f3aee8466aa87,2026-03-23T01:05:39Z,,California Golden Bears,Saint Joseph's Hawks,draftkings,DraftKings,2026-03-23T02:51:40Z,h2h,2026-03-23T02:51:40Z,Saint Joseph's Hawks,700,
2026-03-23T02:51:54.671714+00:00,the_odds_api,basketball_ncaab,9a8aa6fd1c0f7a16fc9f3aee8466aa87,2026-03-23T01:05:39Z,,California Golden Bears,Saint Joseph's Hawks,draftkings,DraftKings,2026-03-23T02:51:40Z,spreads,2026-03-23T02:51:40Z,California Golden Bears,100,-6.5
2026-03-23T02:51:54.671714+00:00,the_odds_api,basketball_ncaab,9a8aa6fd1c0f7a16fc9f3aee8466aa87,2026-03-23T01:05:39Z,,California Golden Bears,Saint Joseph's Hawks,draftkings,DraftKings,2026-03-23T02:51:40Z,spreads,2026-03-23T02:51:40Z,Saint Joseph's Hawks,-130,6.5
2026-03-23T02:51:54.671714+00:00,the_odds_api,basketball_ncaab,9a8aa6fd1c0f7a16fc9f3aee8466aa87,2026-03-23T01:05:39Z,,California Golden Bears,Saint Joseph's Hawks,draftkings,DraftKings,2026-03-23T02:51:40Z,totals,2026-03-23T02:51:40Z,Over,-110,159.5
2026-03-23T02:51:54.671714+00:00,the_odds_api,basketball_ncaab,9a8aa6fd1c0f7a16fc9f3aee8466aa87,2026-03-23T01:05:39Z,,California Golden Bears,Saint Joseph's Hawks,draftkings,DraftKings,2026-03-23T02:51:40Z,totals,2026-03-23T02:51:40Z,Under,-120,159.5
2026-03-23T02:51:54.671714+00:00,the_odds_api,basketball_ncaab,9a8aa6fd1c0f7a16fc9f3aee8466aa87,2026-03-23T01:05:39Z,,California Golden Bears,Saint Joseph's Hawks,williamhill_us,Caesars,2026-03-23T02:49:21Z,h2h,2026-03-23T02:49:21Z,California Golden Bears,-700,
2026-03-23T02:51:54.671714+00:00,the_odds_api,basketball_ncaab,9a8aa6fd1c0f7a16fc9f3aee8466aa87,2026-03-23T01:05:39Z,,California Golden Bears,Saint Joseph's Hawks,williamhill_us,Caesars,2026-03-23T02:49:21Z,h2h,2026-03-23T02:49:21Z,Saint Joseph's Hawks,450,
2026-03-23T02:51:54.671714+00:00,the_odds_api,basketball_ncaab,9a8aa6fd1c0f7a16fc9f3aee8466aa87,2026-03-23T01:05:39Z,,California Golden Bears,Saint Joseph's Hawks,williamhill_us,Caesars,2026-03-23T02:49:21Z,spreads,2026-03-23T02:49:21Z,California Golden Bears,-135,-4.5
2026-03-23T02:51:54.671714+00:00,the_odds_api,basketball_ncaab,9a8aa6fd1c0f7a16fc9f3aee8466aa87,2026-03-23T01:05:39Z,,California Golden Bears,Saint Joseph's Hawks,williamhill_us,Caesars,2026-03-23T02:49:21Z,spreads,2026-03-23T02:49:21Z,Saint Joseph's Hawks,105,4.5
2026-03-23T02:51:54.671714+00:00,the_odds_api,basketball_ncaab,9a8aa6fd1c0f7a16fc9f3aee8466aa87,2026-03-23T01:05:39Z,,California Golden Bears,Saint Joseph's Hawks,williamhill_us,Caesars,2026-03-23T02:49:21Z,totals,2026-03-23T02:49:21Z,Over,-105,160.5
2026-03-23T02:51:54.671714+00:00,the_odds_api,basketball_ncaab,9a8aa6fd1c0f7a16fc9f3aee8466aa87,2026-03-23T01:05:39Z,,California Golden Bears,Saint Joseph's Hawks,williamhill_us,Caesars,2026-03-23T02:49:21Z,totals,2026-03-23T02:49:21Z,Under,-125,160.5
2026-03-23T02:51:54.671714+00:00,the_odds_api,basketball_ncaab,9a8aa6fd1c0f7a16fc9f3aee8466aa87,2026-03-23T01:05:39Z,,California Golden Bears,Saint Joseph's Hawks,betmgm,BetMGM,2026-03-23T02:50:56Z,h2h,2026-03-23T02:50:56Z,California Golden Bears,-1000,
2026-03-23T02:51:54.671714+00:00,the_odds_api,basketball_ncaab,9a8aa6fd1c0f7a16fc9f3aee8466aa87,2026-03-23T01:05:39Z,,California Golden Bears,Saint Joseph's Hawks,betmgm,BetMGM,2026-03-23T02:50:56Z,h2h,2026-03-23T02:50:56Z,Saint Joseph's Hawks,550,
2026-03-23T00:18:15.954380+00:00,the_odds_api,basketball_ncaab,9a8aa6fd1c0f7a16fc9f3aee8466aa87,2026-03-23T01:00:00Z,,California Golden Bears,Saint Joseph's Hawks,betus,BetUS,2026-03-23T00:17:26Z,h2h,2026-03-23T00:17:26Z,California Golden Bears,-255,
2026-03-23T00:18:15.954380+00:00,the_odds_api,basketball_ncaab,9a8aa6fd1c0f7a16fc9f3aee8466aa87,2026-03-23T01:00:00Z,,California Golden Bears,Saint Joseph's Hawks,betus,BetUS,2026-03-23T00:17:26Z,h2h,2026-03-23T00:17:26Z,Saint Joseph's Hawks,215,
2026-03-23T00:18:15.954380+00:00,the_odds_api,basketball_ncaab,9a8aa6fd1c0f7a16fc9f3aee8466aa87,2026-03-23T01:00:00Z,,California Golden Bears,Saint Joseph's Hawks,betus,BetUS,2026-03-23T00:17:26Z,spreads,2026-03-23T00:17:26Z,California Golden Bears,-110,-5.5
2026-03-23T00:18:15.954380+00:00,the_odds_api,basketball_ncaab,9a8aa6fd1c0f7a16fc9f3aee8466aa87,2026-03-23T01:00:00Z,,California Golden Bears,Saint Joseph's Hawks,betus,BetUS,2026-03-23T00:17:26Z,spreads,2026-03-23T00:17:26Z,Saint Joseph's Hawks,-110,5.5
2026-03-23T00:18:15.954380+00:00,the_odds_api,basketball_ncaab,9a8aa6fd1c0f7a16fc9f3aee8466aa87,2026-03-23T01:00:00Z,,California Golden Bears,Saint Joseph's Hawks,betus,BetUS,2026-03-23T00:17:26Z,totals,2026-03-23T00:17:26Z,Over,-110,151.5
2026-03-23T00:18:15.954380+00:00,the_odds_api,basketball_ncaab,9a8aa6fd1c0f7a16fc9f3aee8466aa87,2026-03-23T01:00:00Z,,California Golden Bears,Saint Joseph's Hawks,betus,BetUS,2026-03-23T00:17:26Z,totals,2026-03-23T00:17:26Z,Under,-110,151.5
2026-03-23T02:51:54.671714+00:00,the_odds_api,basketball_ncaab,9a8aa6fd1c0f7a16fc9f3aee8466aa87,2026-03-23T01:05:39Z,,California Golden Bears,Saint Joseph's Hawks,fanduel,FanDuel,2026-03-23T02:51:40Z,h2h,2026-03-23T02:51:40Z,California Golden Bears,-1800,
2026-03-23T02:51:54.671714+00:00,the_odds_api,basketball_ncaab,9a8aa6fd1c0f7a16fc9f3aee8466aa87,2026-03-23T01:05:39Z,,California Golden Bears,Saint Joseph's Hawks,fanduel,FanDuel,2026-03-23T02:51:40Z,h2h,2026-03-23T02:51:40Z,Saint Joseph's Hawks,800,
2026-03-23T02:51:54.671714+00:00,the_odds_api,basketball_ncaab,9a8aa6fd1c0f7a16fc9f3aee8466aa87,2026-03-23T01:05:39Z,,California Golden Bears,Saint Joseph's Hawks,fanduel,FanDuel,2026-03-23T02:51:40Z,spreads,2026-03-23T02:51:40Z,California Golden Bears,-132,-5.5
2026-03-23T02:51:54.671714+00:00,the_odds_api,basketball_ncaab,9a8aa6fd1c0f7a16fc9f3aee8466aa87,2026-03-23T01:05:39Z,,California Golden Bears,Saint Joseph's Hawks,fanduel,FanDuel,2026-03-23T02:51:40Z,spreads,2026-03-23T02:51:40Z,Saint Joseph's Hawks,100,5.5
2026-03-23T02:51:54.671714+00:00,the_odds_api,basketball_ncaab,9a8aa6fd1c0f7a16fc9f3aee8466aa87,2026-03-23T01:05:39Z,,California Golden Bears,Saint Joseph's Hawks,fanduel,FanDuel,2026-03-23T02:51:40Z,totals,2026-03-23T02:51:40Z,Over,100,159.5
2026-03-23T02:51:54.671714+00:00,the_odds_api,basketball_ncaab,9a8aa6fd1c0f7a16fc9f3aee8466aa87,2026-03-23T01:05:39Z,,California Golden Bears,Saint Joseph's Hawks,fanduel,FanDuel,2026-03-23T02:51:40Z,totals,2026-03-23T02:51:40Z,Under,-132,159.5
2026-03-23T02:51:54.671714+00:00,the_odds_api,basketball_ncaab,2bce2db9652c162d98e907391d77f6fc,2026-03-23T02:08:41Z,,Alabama Crimson Tide,Texas Tech Red Raiders,fanduel,FanDuel,2026-03-23T02:51:40Z,h2h,2026-03-23T02:51:40Z,Alabama Crimson Tide,-1600,
2026-03-23T02:51:54.671714+00:00,the_odds_api,basketball_ncaab,2bce2db9652c162d98e907391d77f6fc,2026-03-23T02:08:41Z,,Alabama Crimson Tide,Texas Tech Red Raiders,fanduel,FanDuel,2026-03-23T02:51:40Z,h2h,2026-03-23T02:51:40Z,Texas Tech Red Raiders,750,
2026-03-23T02:51:54.671714+00:00,the_odds_api,basketball_ncaab,2bce2db9652c162d98e907391d77f6fc,2026-03-23T02:08:41Z,,Alabama Crimson Tide,Texas Tech Red Raiders,fanduel,FanDuel,2026-03-23T02:51:40Z,spreads,2026-03-23T02:51:40Z,Alabama Crimson Tide,-108,-13.5
2026-03-23T02:51:54.671714+00:00,the_odds_api,basketball_ncaab,2bce2db9652c162d98e907391d77f6fc,2026-03-23T02:08:41Z,,Alabama Crimson Tide,Texas Tech Red Raiders,fanduel,FanDuel,2026-03-23T02:51:40Z,spreads,2026-03-23T02:51:40Z,Texas Tech Red Raiders,-122,13.5
2026-03-23T02:51:54.671714+00:00,the_odds_api,basketball_ncaab,2bce2db9652c162d98e907391d77f6fc,2026-03-23T02:08:41Z,,Alabama Crimson Tide,Texas Tech Red Raiders,fanduel,FanDuel,2026-03-23T02:51:40Z,totals,2026-03-23T02:51:40Z,Over,-118,160.5
2026-03-23T02:51:54.671714+00:00,the_odds_api,basketball_ncaab,2bce2db9652c162d98e907391d77f6fc,2026-03-23T02:08:41Z,,Alabama Crimson Tide,Texas Tech Red Raiders,fanduel,FanDuel,2026-03-23T02:51:40Z,totals,2026-03-23T02:51:40Z,Under,-112,160.5
2026-03-23T02:51:54.671714+00:00,the_odds_api,basketball_ncaab,2bce2db9652c162d98e907391d77f6fc,2026-03-23T02:08:41Z,,Alabama Crimson Tide,Texas Tech Red Raiders,draftkings,DraftKings,2026-03-23T02:51:40Z,h2h,2026-03-23T02:51:40Z,Alabama Crimson Tide,-1150,
2026-03-23T02:51:54.671714+00:00,the_odds_api,basketball_ncaab,2bce2db9652c162d98e907391d77f6fc,2026-03-23T02:08:41Z,,Alabama Crimson Tide,Texas Tech Red Raiders,draftkings,DraftKings,2026-03-23T02:51:40Z,h2h,2026-03-23T02:51:40Z,Texas Tech Red Raiders,650,
2026-03-23T02:51:54.671714+00:00,the_odds_api,basketball_ncaab,2bce2db9652c162d98e907391d77f6fc,2026-03-23T02:08:41Z,,Alabama Crimson Tide,Texas Tech Red Raiders,draftkings,DraftKings,2026-03-23T02:51:40Z,spreads,2026-03-23T02:51:40Z,Alabama Crimson Tide,-125,-12.5
2026-03-23T02:51:54.671714+00:00,the_odds_api,basketball_ncaab,2bce2db9652c162d98e907391d77f6fc,2026-03-23T02:08:41Z,,Alabama Crimson Tide,Texas Tech Red Raiders,draftkings,DraftKings,2026-03-23T02:51:40Z,spreads,2026-03-23T02:51:40Z,Texas Tech Red Raiders,-105,12.5
2026-03-23T02:51:54.671714+00:00,the_odds_api,basketball_ncaab,2bce2db9652c162d98e907391d77f6fc,2026-03-23T02:08:41Z,,Alabama Crimson Tide,Texas Tech Red Raiders,draftkings,DraftKings,2026-03-23T02:51:40Z,totals,2026-03-23T02:51:40Z,Over,-110,160.5
2026-03-23T02:51:54.671714+00:00,the_odds_api,basketball_ncaab,2bce2db9652c162d98e907391d77f6fc,2026-03-23T02:08:41Z,,Alabama Crimson Tide,Texas Tech Red Raiders,draftkings,DraftKings,2026-03-23T02:51:40Z,totals,2026-03-23T02:51:40Z,Under,-120,160.5
2026-03-23T02:51:54.671714+00:00,the_odds_api,basketball_ncaab,2bce2db9652c162d98e907391d77f6fc,2026-03-23T02:08:41Z,,Alabama Crimson Tide,Texas Tech Red Raiders,mybookieag,MyBookie.ag,2026-03-23T02:50:48Z,h2h,2026-03-23T02:50:48Z,Alabama Crimson Tide,-1429,
2026-03-23T02:51:54.671714+00:00,the_odds_api,basketball_ncaab,2bce2db9652c162d98e907391d77f6fc,2026-03-23T02:08:41Z,,Alabama Crimson Tide,Texas Tech Red Raiders,mybookieag,MyBookie.ag,2026-03-23T02:50:48Z,h2h,2026-03-23T02:50:48Z,Texas Tech Red Raiders,575,
2026-03-23T02:51:54.671714+00:00,the_odds_api,basketball_ncaab,2bce2db9652c162d98e907391d77f6fc,2026-03-23T02:08:41Z,,Alabama Crimson Tide,Texas Tech Red Raiders,mybookieag,MyBookie.ag,2026-03-23T02:50:48Z,spreads,2026-03-23T02:50:48Z,Alabama Crimson Tide,-125,-12.5
2026-03-23T02:51:54.671714+00:00,the_odds_api,basketball_ncaab,2bce2db9652c162d98e907391d77f6fc,2026-03-23T02:08:41Z,,Alabama Crimson Tide,Texas Tech Red Raiders,mybookieag,MyBookie.ag,2026-03-23T02:50:48Z,spreads,2026-03-23T02:50:48Z,Texas Tech Red Raiders,-111,12.5
2026-03-23T02:51:54.671714+00:00,the_odds_api,basketball_ncaab,2bce2db9652c162d98e907391d77f6fc,2026-03-23T02:08:41Z,,Alabama Crimson Tide,Texas Tech Red Raiders,mybookieag,MyBookie.ag,2026-03-23T02:50:48Z,totals,2026-03-23T02:50:48Z,Over,-105,162.5
2026-03-23T02:51:54.671714+00:00,the_odds_api,basketball_ncaab,2bce2db9652c162d98e907391d77f6fc,2026-03-23T02:08:41Z,,Alabama Crimson Tide,Texas Tech Red Raiders,mybookieag,MyBookie.ag,2026-03-23T02:50:48Z,totals,2026-03-23T02:50:48Z,Under,-133,162.5
2026-03-23T01:37:28.939114+00:00,the_odds_api,basketball_ncaab,2bce2db9652c162d98e907391d77f6fc,2026-03-23T01:45:41Z,,Alabama Crimson Tide,Texas Tech Red Raiders,betonlineag,BetOnline.ag,2026-03-23T01:37:09Z,h2h,2026-03-23T01:37:09Z,Alabama Crimson Tide,-115,
2026-03-23T01:37:28.939114+00:00,the_odds_api,basketball_ncaab,2bce2db9652c162d98e907391d77f6fc,2026-03-23T01:45:41Z,,Alabama Crimson Tide,Texas Tech Red Raiders,betonlineag,BetOnline.ag,2026-03-23T01:37:09Z,h2h,2026-03-23T01:37:09Z,Texas Tech Red Raiders,-105,
2026-03-23T01:37:28.939114+00:00,the_odds_api,basketball_ncaab,2bce2db9652c162d98e907391d77f6fc,2026-03-23T01:45:41Z,,Alabama Crimson Tide,Texas Tech Red Raiders,betonlineag,BetOnline.ag,2026-03-23T01:37:09Z,spreads,2026-03-23T01:37:09Z,Alabama Crimson Tide,-110,-1.0
2026-03-23T01:37:28.939114+00:00,the_odds_api,basketball_ncaab,2bce2db9652c162d98e907391d77f6fc,2026-03-23T01:45:41Z,,Alabama Crimson Tide,Texas Tech Red Raiders,betonlineag,BetOnline.ag,2026-03-23T01:37:09Z,spreads,2026-03-23T01:37:09Z,Texas Tech Red Raiders,-110,1.0
2026-03-23T01:37:28.939114+00:00,the_odds_api,basketball_ncaab,2bce2db9652c162d98e907391d77f6fc,2026-03-23T01:45:41Z,,Alabama Crimson Tide,Texas Tech Red Raiders,betonlineag,BetOnline.ag,2026-03-23T01:37:09Z,totals,2026-03-23T01:37:09Z,Over,-110,164.0
2026-03-23T01:37:28.939114+00:00,the_odds_api,basketball_ncaab,2bce2db9652c162d98e907391d77f6fc,2026-03-23T01:45:41Z,,Alabama Crimson Tide,Texas Tech Red Raiders,betonlineag,BetOnline.ag,2026-03-23T01:37:09Z,totals,2026-03-23T01:37:09Z,Under,-110,164.0
2026-03-23T01:37:28.939114+00:00,the_odds_api,basketball_ncaab,2bce2db9652c162d98e907391d77f6fc,2026-03-23T01:45:41Z,,Alabama Crimson Tide,Texas Tech Red Raiders,lowvig,LowVig.ag,2026-03-23T01:36:36Z,h2h,2026-03-23T01:36:36Z,Alabama Crimson Tide,-115,
2026-03-23T01:37:28.939114+00:00,the_odds_api,basketball_ncaab,2bce2db9652c162d98e907391d77f6fc,2026-03-23T01:45:41Z,,Alabama Crimson Tide,Texas Tech Red Raiders,lowvig,LowVig.ag,2026-03-23T01:36:36Z,h2h,2026-03-23T01:36:36Z,Texas Tech Red Raiders,-105,
2026-03-23T01:37:28.939114+00:00,the_odds_api,basketball_ncaab,2bce2db9652c162d98e907391d77f6fc,2026-03-23T01:45:41Z,,Alabama Crimson Tide,Texas Tech Red Raiders,lowvig,LowVig.ag,2026-03-23T01:36:36Z,spreads,2026-03-23T01:36:36Z,Alabama Crimson Tide,-106,-1.0
2026-03-23T01:37:28.939114+00:00,the_odds_api,basketball_ncaab,2bce2db9652c162d98e907391d77f6fc,2026-03-23T01:45:41Z,,Alabama Crimson Tide,Texas Tech Red Raiders,lowvig,LowVig.ag,2026-03-23T01:36:36Z,spreads,2026-03-23T01:36:36Z,Texas Tech Red Raiders,-106,1.0
2026-03-23T01:37:28.939114+00:00,the_odds_api,basketball_ncaab,2bce2db9652c162d98e907391d77f6fc,2026-03-23T01:45:41Z,,Alabama Crimson Tide,Texas Tech Red Raiders,lowvig,LowVig.ag,2026-03-23T01:36:36Z,totals,2026-03-23T01:36:36Z,Over,-108,164.0
2026-03-23T01:37:28.939114+00:00,the_odds_api,basketball_ncaab,2bce2db9652c162d98e907391d77f6fc,2026-03-23T01:45:41Z,,Alabama Crimson Tide,Texas Tech Red Raiders,lowvig,LowVig.ag,2026-03-23T01:36:36Z,totals,2026-03-23T01:36:36Z,Under,-108,164.0
2026-03-23T02:51:54.671714+00:00,the_odds_api,basketball_ncaab,2bce2db9652c162d98e907391d77f6fc,2026-03-23T02:08:41Z,,Alabama Crimson Tide,Texas Tech Red Raiders,betrivers,BetRivers,2026-03-23T02:51:19Z,h2h,2026-03-23T02:51:19Z,Alabama Crimson Tide,-1250,
2026-03-23T02:51:54.671714+00:00,the_odds_api,basketball_ncaab,2bce2db9652c162d98e907391d77f6fc,2026-03-23T02:08:41Z,,Alabama Crimson Tide,Texas Tech Red Raiders,betrivers,BetRivers,2026-03-23T02:51:19Z,h2h,2026-03-23T02:51:19Z,Texas Tech Red Raiders,575,
2026-03-23T02:51:54.671714+00:00,the_odds_api,basketball_ncaab,2bce2db9652c162d98e907391d77f6fc,2026-03-23T02:08:41Z,,Alabama Crimson Tide,Texas Tech Red Raiders,betrivers,BetRivers,2026-03-23T02:51:19Z,spreads,2026-03-23T02:51:19Z,Alabama Crimson Tide,-121,-14.0
2026-03-23T02:51:54.671714+00:00,the_odds_api,basketball_ncaab,2bce2db9652c162d98e907391d77f6fc,2026-03-23T02:08:41Z,,Alabama Crimson Tide,Texas Tech Red Raiders,betrivers,BetRivers,2026-03-23T02:51:19Z,spreads,2026-03-23T02:51:19Z,Texas Tech Red Raiders,-118,14.0
2026-03-23T02:51:54.671714+00:00,the_odds_api,basketball_ncaab,2bce2db9652c162d98e907391d77f6fc,2026-03-23T02:08:41Z,,Alabama Crimson Tide,Texas Tech Red Raiders,betrivers,BetRivers,2026-03-23T02:51:19Z,totals,2026-03-23T02:51:19Z,Over,-122,159.0
2026-03-23T02:51:54.671714+00:00,the_odds_api,basketball_ncaab,2bce2db9652c162d98e907391d77f6fc,2026-03-23T02:08:41Z,,Alabama Crimson Tide,Texas Tech Red Raiders,betrivers,BetRivers,2026-03-23T02:51:19Z,totals,2026-03-23T02:51:19Z,Under,-117,159.0
2026-03-23T02:51:54.671714+00:00,the_odds_api,basketball_ncaab,2bce2db9652c162d98e907391d77f6fc,2026-03-23T02:08:41Z,,Alabama Crimson Tide,Texas Tech Red Raiders,williamhill_us,Caesars,2026-03-23T02:49:21Z,h2h,2026-03-23T02:49:21Z,Alabama Crimson Tide,-1100,
2026-03-23T02:51:54.671714+00:00,the_odds_api,basketball_ncaab,2bce2db9652c162d98e907391d77f6fc,2026-03-23T02:08:41Z,,Alabama Crimson Tide,Texas Tech Red Raiders,williamhill_us,Caesars,2026-03-23T02:49:21Z,h2h,2026-03-23T02:49:21Z,Texas Tech Red Raiders,640,
2026-03-23T02:51:54.671714+00:00,the_odds_api,basketball_ncaab,2bce2db9652c162d98e907391d77f6fc,2026-03-23T02:08:41Z,,Alabama Crimson Tide,Texas Tech Red Raiders,williamhill_us,Caesars,2026-03-23T02:49:21Z,spreads,2026-03-23T02:49:21Z,Alabama Crimson Tide,-110,-12.5
2026-03-23T02:51:54.671714+00:00,the_odds_api,basketball_ncaab,2bce2db9652c162d98e907391d77f6fc,2026-03-23T02:08:41Z,,Alabama Crimson Tide,Texas Tech Red Raiders,williamhill_us,Caesars,2026-03-23T02:49:21Z,spreads,2026-03-23T02:49:21Z,Texas Tech Red Raiders,-120,12.5
2026-03-23T02:51:54.671714+00:00,the_odds_api,basketball_ncaab,2bce2db9652c162d98e907391d77f6fc,2026-03-23T02:08:41Z,,Alabama Crimson Tide,Texas Tech Red Raiders,williamhill_us,Caesars,2026-03-23T02:49:21Z,totals,2026-03-23T02:49:21Z,Over,-120,160.5
2026-03-23T02:51:54.671714+00:00,the_odds_api,basketball_ncaab,2bce2db9652c162d98e907391d77f6fc,2026-03-23T02:08:41Z,,Alabama Crimson Tide,Texas Tech Red Raiders,williamhill_us,Caesars,2026-03-23T02:49:21Z,totals,2026-03-23T02:49:21Z,Under,-110,160.5
2026-03-23T02:51:54.671714+00:00,the_odds_api,basketball_ncaab,2bce2db9652c162d98e907391d77f6fc,2026-03-23T02:08:41Z,,Alabama Crimson Tide,Texas Tech Red Raiders,betmgm,BetMGM,2026-03-23T02:50:56Z,h2h,2026-03-23T02:50:56Z,Alabama Crimson Tide,-900,
2026-03-23T02:51:54.671714+00:00,the_odds_api,basketball_ncaab,2bce2db9652c162d98e907391d77f6fc,2026-03-23T02:08:41Z,,Alabama Crimson Tide,Texas Tech Red Raiders,betmgm,BetMGM,2026-03-23T02:50:56Z,h2h,2026-03-23T02:50:56Z,Texas Tech Red Raiders,525,
2026-03-23T02:51:54.671714+00:00,the_odds_api,basketball_ncaab,2bce2db9652c162d98e907391d77f6fc,2026-03-23T02:08:41Z,,Alabama Crimson Tide,Texas Tech Red Raiders,betmgm,BetMGM,2026-03-23T02:50:56Z,spreads,2026-03-23T02:50:56Z,Alabama Crimson Tide,-125,-12.5
2026-03-23T02:51:54.671714+00:00,the_odds_api,basketball_ncaab,2bce2db9652c162d98e907391d77f6fc,2026-03-23T02:08:41Z,,Alabama Crimson Tide,Texas Tech Red Raiders,betmgm,BetMGM,2026-03-23T02:50:56Z,spreads,2026-03-23T02:50:56Z,Texas Tech Red Raiders,-105,12.5
2026-03-23T02:51:54.671714+00:00,the_odds_api,basketball_ncaab,2bce2db9652c162d98e907391d77f6fc,2026-03-23T02:08:41Z,,Alabama Crimson Tide,Texas Tech Red Raiders,betmgm,BetMGM,2026-03-23T02:50:56Z,totals,2026-03-23T02:50:56Z,Over,-110,160.5
2026-03-23T02:51:54.671714+00:00,the_odds_api,basketball_ncaab,2bce2db9652c162d98e907391d77f6fc,2026-03-23T02:08:41Z,,Alabama Crimson Tide,Texas Tech Red Raiders,betmgm,BetMGM,2026-03-23T02:50:56Z,totals,2026-03-23T02:50:56Z,Under,-118,160.5
2026-03-23T02:51:54.671714+00:00,the_odds_api,basketball_ncaab,2bce2db9652c162d98e907391d77f6fc,2026-03-23T02:08:41Z,,Alabama Crimson Tide,Texas Tech Red Raiders,bovada,Bovada,2026-03-23T02:50:00Z,h2h,2026-03-23T02:50:00Z,Alabama Crimson Tide,-1100,
2026-03-23T02:51:54.671714+00:00,the_odds_api,basketball_ncaab,2bce2db9652c162d98e907391d77f6fc,2026-03-23T02:08:41Z,,Alabama Crimson Tide,Texas Tech Red Raiders,bovada,Bovada,2026-03-23T02:50:00Z,h2h,2026-03-23T02:50:00Z,Texas Tech Red Raiders,600,
2026-03-23T02:51:54.671714+00:00,the_odds_api,basketball_ncaab,2bce2db9652c162d98e907391d77f6fc,2026-03-23T02:08:41Z,,Alabama Crimson Tide,Texas Tech Red Raiders,bovada,Bovada,2026-03-23T02:50:00Z,spreads,2026-03-23T02:50:00Z,Alabama Crimson Tide,-120,-12.0
2026-03-23T02:51:54.671714+00:00,the_odds_api,basketball_ncaab,2bce2db9652c162d98e907391d77f6fc,2026-03-23T02:08:41Z,,Alabama Crimson Tide,Texas Tech Red Raiders,bovada,Bovada,2026-03-23T02:50:00Z,spreads,2026-03-23T02:50:00Z,Texas Tech Red Raiders,-110,12.0
2026-03-23T02:51:54.671714+00:00,the_odds_api,basketball_ncaab,2bce2db9652c162d98e907391d77f6fc,2026-03-23T02:08:41Z,,Alabama Crimson Tide,Texas Tech Red Raiders,bovada,Bovada,2026-03-23T02:50:00Z,totals,2026-03-23T02:50:00Z,Over,-115,160.0
2026-03-23T02:51:54.671714+00:00,the_odds_api,basketball_ncaab,2bce2db9652c162d98e907391d77f6fc,2026-03-23T02:08:41Z,,Alabama Crimson Tide,Texas Tech Red Raiders,bovada,Bovada,2026-03-23T02:50:00Z,totals,2026-03-23T02:50:00Z,Under,-115,160.0
2026-03-23T01:37:28.939114+00:00,the_odds_api,basketball_ncaab,2bce2db9652c162d98e907391d77f6fc,2026-03-23T01:45:41Z,,Alabama Crimson Tide,Texas Tech Red Raiders,betus,BetUS,2026-03-23T01:37:20Z,spreads,2026-03-23T01:37:20Z,Alabama Crimson Tide,-110,-1.0
2026-03-23T01:37:28.939114+00:00,the_odds_api,basketball_ncaab,2bce2db9652c162d98e907391d77f6fc,2026-03-23T01:45:41Z,,Alabama Crimson Tide,Texas Tech Red Raiders,betus,BetUS,2026-03-23T01:37:20Z,spreads,2026-03-23T01:37:20Z,Texas Tech Red Raiders,-110,1.0
2026-03-23T01:37:28.939114+00:00,the_odds_api,basketball_ncaab,2bce2db9652c162d98e907391d77f6fc,2026-03-23T01:45:41Z,,Alabama Crimson Tide,Texas Tech Red Raiders,betus,BetUS,2026-03-23T01:37:20Z,totals,2026-03-23T01:37:20Z,Over,-110,164.5
2026-03-23T01:37:28.939114+00:00,the_odds_api,basketball_ncaab,2bce2db9652c162d98e907391d77f6fc,2026-03-23T01:45:41Z,,Alabama Crimson Tide,Texas Tech Red Raiders,betus,BetUS,2026-03-23T01:37:20Z,totals,2026-03-23T01:37:20Z,Under,-110,164.5
2026-03-23T02:51:54.671714+00:00,the_odds_api,basketball_ncaab,2bce2db9652c162d98e907391d77f6fc,2026-03-23T02:08:41Z,,Alabama Crimson Tide,Texas Tech Red Raiders,fanatics,Fanatics,2026-03-23T02:51:40Z,h2h,2026-03-23T02:51:40Z,Alabama Crimson Tide,-1500,
2026-03-23T02:51:54.671714+00:00,the_odds_api,basketball_ncaab,2bce2db9652c162d98e907391d77f6fc,2026-03-23T02:08:41Z,,Alabama Crimson Tide,Texas Tech Red Raiders,fanatics,Fanatics,2026-03-23T02:51:40Z,h2h,2026-03-23T02:51:40Z,Texas Tech Red Raiders,800,
2026-03-23T02:51:54.671714+00:00,the_odds_api,basketball_ncaab,2bce2db9652c162d98e907391d77f6fc,2026-03-23T02:08:41Z,,Alabama Crimson Tide,Texas Tech Red Raiders,fanatics,Fanatics,2026-03-23T02:51:40Z,spreads,2026-03-23T02:51:40Z,Alabama Crimson Tide,-115,-13.5
2026-03-23T02:51:54.671714+00:00,the_odds_api,basketball_ncaab,2bce2db9652c162d98e907391d77f6fc,2026-03-23T02:08:41Z,,Alabama Crimson Tide,Texas Tech Red Raiders,fanatics,Fanatics,2026-03-23T02:51:40Z,spreads,2026-03-23T02:51:40Z,Texas Tech Red Raiders,-115,13.5
2026-03-23T02:51:54.671714+00:00,the_odds_api,basketball_ncaab,2bce2db9652c162d98e907391d77f6fc,2026-03-23T02:08:41Z,,Alabama Crimson Tide,Texas Tech Red Raiders,fanatics,Fanatics,2026-03-23T02:51:40Z,totals,2026-03-23T02:51:40Z,Over,-105,161.5
2026-03-23T02:51:54.671714+00:00,the_odds_api,basketball_ncaab,2bce2db9652c162d98e907391d77f6fc,2026-03-23T02:08:41Z,,Alabama Crimson Tide,Texas Tech Red Raiders,fanatics,Fanatics,2026-03-23T02:51:40Z,totals,2026-03-23T02:51:40Z,Under,-125,161.5
2026-03-27T02:37:48.944386+00:00,the_odds_api,basketball_ncaab,ec6928723ac4bd2765eab1446eab4e81,2026-03-27T02:06:05Z,,Houston Cougars,Illinois Fighting Illini,draftkings,DraftKings,2026-03-27T02:37:22Z,h2h,2026-03-27T02:37:22Z,Houston Cougars,145,
2026-03-27T02:37:48.944386+00:00,the_odds_api,basketball_ncaab,ec6928723ac4bd2765eab1446eab4e81,2026-03-27T02:06:05Z,,Houston Cougars,Illinois Fighting Illini,draftkings,DraftKings,2026-03-27T02:37:22Z,h2h,2026-03-27T02:37:22Z,Illinois Fighting Illini,-188,
2026-03-27T02:37:48.944386+00:00,the_odds_api,basketball_ncaab,ec6928723ac4bd2765eab1446eab4e81,2026-03-27T02:06:05Z,,Houston Cougars,Illinois Fighting Illini,draftkings,DraftKings,2026-03-27T02:37:22Z,spreads,2026-03-27T02:37:22Z,Houston Cougars,-125,3.5
2026-03-27T02:37:48.944386+00:00,the_odds_api,basketball_ncaab,ec6928723ac4bd2765eab1446eab4e81,2026-03-27T02:06:05Z,,Houston Cougars,Illinois Fighting Illini,draftkings,DraftKings,2026-03-27T02:37:22Z,spreads,2026-03-27T02:37:22Z,Illinois Fighting Illini,-105,-3.5
2026-03-27T02:37:48.944386+00:00,the_odds_api,basketball_ncaab,ec6928723ac4bd2765eab1446eab4e81,2026-03-27T02:06:05Z,,Houston Cougars,Illinois Fighting Illini,draftkings,DraftKings,2026-03-27T02:37:22Z,totals,2026-03-27T02:37:22Z,Over,-110,122.5
2026-03-27T02:37:48.944386+00:00,the_odds_api,basketball_ncaab,ec6928723ac4bd2765eab1446eab4e81,2026-03-27T02:06:05Z,,Houston Cougars,Illinois Fighting Illini,draftkings,DraftKings,2026-03-27T02:37:22Z,totals,2026-03-27T02:37:22Z,Under,-120,122.5
2026-03-27T02:07:50.328299+00:00,the_odds_api,basketball_ncaab,ec6928723ac4bd2765eab1446eab4e81,2026-03-27T02:06:05Z,,Houston Cougars,Illinois Fighting Illini,betonlineag,BetOnline.ag,2026-03-27T02:06:49Z,h2h,2026-03-27T02:06:49Z,Houston Cougars,-135,
2026-03-27T02:07:50.328299+00:00,the_odds_api,basketball_ncaab,ec6928723ac4bd2765eab1446eab4e81,2026-03-27T02:06:05Z,,Houston Cougars,Illinois Fighting Illini,betonlineag,BetOnline.ag,2026-03-27T02:06:49Z,h2h,2026-03-27T02:06:49Z,Illinois Fighting Illini,115,
2026-03-27T02:07:50.328299+00:00,the_odds_api,basketball_ncaab,ec6928723ac4bd2765eab1446eab4e81,2026-03-27T02:06:05Z,,Houston Cougars,Illinois Fighting Illini,betonlineag,BetOnline.ag,2026-03-27T02:06:49Z,spreads,2026-03-27T02:06:49Z,Houston Cougars,-105,-2.5
2026-03-27T02:07:50.328299+00:00,the_odds_api,basketball_ncaab,ec6928723ac4bd2765eab1446eab4e81,2026-03-27T02:06:05Z,,Houston Cougars,Illinois Fighting Illini,betonlineag,BetOnline.ag,2026-03-27T02:06:49Z,spreads,2026-03-27T02:06:49Z,Illinois Fighting Illini,-115,2.5
2026-03-27T02:07:50.328299+00:00,the_odds_api,basketball_ncaab,ec6928723ac4bd2765eab1446eab4e81,2026-03-27T02:06:05Z,,Houston Cougars,Illinois Fighting Illini,betonlineag,BetOnline.ag,2026-03-27T02:06:49Z,totals,2026-03-27T02:06:49Z,Over,-110,141.0
2026-03-27T02:07:50.328299+00:00,the_odds_api,basketball_ncaab,ec6928723ac4bd2765eab1446eab4e81,2026-03-27T02:06:05Z,,Houston Cougars,Illinois Fighting Illini,betonlineag,BetOnline.ag,2026-03-27T02:06:49Z,totals,2026-03-27T02:06:49Z,Under,-110,141.0
2026-03-27T02:07:50.328299+00:00,the_odds_api,basketball_ncaab,ec6928723ac4bd2765eab1446eab4e81,2026-03-27T02:06:05Z,,Houston Cougars,Illinois Fighting Illini,lowvig,LowVig.ag,2026-03-27T02:05:33Z,h2h,2026-03-27T02:05:33Z,Houston Cougars,-135,
2026-03-27T02:07:50.328299+00:00,the_odds_api,basketball_ncaab,ec6928723ac4bd2765eab1446eab4e81,2026-03-27T02:06:05Z,,Houston Cougars,Illinois Fighting Illini,lowvig,LowVig.ag,2026-03-27T02:05:33Z,h2h,2026-03-27T02:05:33Z,Illinois Fighting Illini,115,
2026-03-27T02:07:50.328299+00:00,the_odds_api,basketball_ncaab,ec6928723ac4bd2765eab1446eab4e81,2026-03-27T02:06:05Z,,Houston Cougars,Illinois Fighting Illini,lowvig,LowVig.ag,2026-03-27T02:05:33Z,spreads,2026-03-27T02:05:33Z,Houston Cougars,-101,-2.5
2026-03-27T02:07:50.328299+00:00,the_odds_api,basketball_ncaab,ec6928723ac4bd2765eab1446eab4e81,2026-03-27T02:06:05Z,,Houston Cougars,Illinois Fighting Illini,lowvig,LowVig.ag,2026-03-27T02:05:33Z,spreads,2026-03-27T02:05:33Z,Illinois Fighting Illini,-111,2.5
2026-03-27T02:07:50.328299+00:00,the_odds_api,basketball_ncaab,ec6928723ac4bd2765eab1446eab4e81,2026-03-27T02:06:05Z,,Houston Cougars,Illinois Fighting Illini,lowvig,LowVig.ag,2026-03-27T02:05:33Z,totals,2026-03-27T02:05:33Z,Over,-108,141.0
2026-03-27T02:07:50.328299+00:00,the_odds_api,basketball_ncaab,ec6928723ac4bd2765eab1446eab4e81,2026-03-27T02:06:05Z,,Houston Cougars,Illinois Fighting Illini,lowvig,LowVig.ag,2026-03-27T02:05:33Z,totals,2026-03-27T02:05:33Z,Under,-108,141.0
2026-03-27T02:37:48.944386+00:00,the_odds_api,basketball_ncaab,ec6928723ac4bd2765eab1446eab4e81,2026-03-27T02:06:05Z,,Houston Cougars,Illinois Fighting Illini,mybookieag,MyBookie.ag,2026-03-27T02:37:45Z,h2h,2026-03-27T02:37:45Z,Houston Cougars,-118,
2026-03-27T02:37:48.944386+00:00,the_odds_api,basketball_ncaab,ec6928723ac4bd2765eab1446eab4e81,2026-03-27T02:06:05Z,,Houston Cougars,Illinois Fighting Illini,mybookieag,MyBookie.ag,2026-03-27T02:37:45Z,h2h,2026-03-27T02:37:45Z,Illinois Fighting Illini,-118,
2026-03-27T02:37:48.944386+00:00,the_odds_api,basketball_ncaab,ec6928723ac4bd2765eab1446eab4e81,2026-03-27T02:06:05Z,,Houston Cougars,Illinois Fighting Illini,mybookieag,MyBookie.ag,2026-03-27T02:37:45Z,spreads,2026-03-27T02:37:45Z,Houston Cougars,-118,0.5
2026-03-27T02:37:48.944386+00:00,the_odds_api,basketball_ncaab,ec6928723ac4bd2765eab1446eab4e81,2026-03-27T02:06:05Z,,Houston Cougars,Illinois Fighting Illini,mybookieag,MyBookie.ag,2026-03-27T02:37:45Z,spreads,2026-03-27T02:37:45Z,Illinois Fighting Illini,-118,-0.5
2026-03-27T02:37:48.944386+00:00,the_odds_api,basketball_ncaab,ec6928723ac4bd2765eab1446eab4e81,2026-03-27T02:06:05Z,,Houston Cougars,Illinois Fighting Illini,mybookieag,MyBookie.ag,2026-03-27T02:37:45Z,totals,2026-03-27T02:37:45Z,Over,-118,121.5
2026-03-27T02:37:48.944386+00:00,the_odds_api,basketball_ncaab,ec6928723ac4bd2765eab1446eab4e81,2026-03-27T02:06:05Z,,Houston Cougars,Illinois Fighting Illini,mybookieag,MyBookie.ag,2026-03-27T02:37:45Z,totals,2026-03-27T02:37:45Z,Under,-118,121.5
2026-03-27T02:37:48.944386+00:00,the_odds_api,basketball_ncaab,ec6928723ac4bd2765eab1446eab4e81,2026-03-27T02:06:05Z,,Houston Cougars,Illinois Fighting Illini,fanduel,FanDuel,2026-03-27T02:37:33Z,h2h,2026-03-27T02:37:33Z,Houston Cougars,128,
2026-03-27T02:37:48.944386+00:00,the_odds_api,basketball_ncaab,ec6928723ac4bd2765eab1446eab4e81,2026-03-27T02:06:05Z,,Houston Cougars,Illinois Fighting Illini,fanduel,FanDuel,2026-03-27T02:37:33Z,h2h,2026-03-27T02:37:33Z,Illinois Fighting Illini,-164,
2026-03-27T02:37:48.944386+00:00,the_odds_api,basketball_ncaab,ec6928723ac4bd2765eab1446eab4e81,2026-03-27T02:06:05Z,,Houston Cougars,Illinois Fighting Illini,fanduel,FanDuel,2026-03-27T02:37:33Z,spreads,2026-03-27T02:37:33Z,Houston Cougars,-110,2.5
2026-03-27T02:37:48.944386+00:00,the_odds_api,basketball_ncaab,ec6928723ac4bd2765eab1446eab4e81,2026-03-27T02:06:05Z,,Houston Cougars,Illinois Fighting Illini,fanduel,FanDuel,2026-03-27T02:37:33Z,spreads,2026-03-27T02:37:33Z,Illinois Fighting Illini,-120,-2.5
2026-03-27T02:37:48.944386+00:00,the_odds_api,basketball_ncaab,ec6928723ac4bd2765eab1446eab4e81,2026-03-27T02:06:05Z,,Houston Cougars,Illinois Fighting Illini,fanduel,FanDuel,2026-03-27T02:37:33Z,totals,2026-03-27T02:37:33Z,Over,-120,119.5
2026-03-27T02:37:48.944386+00:00,the_odds_api,basketball_ncaab,ec6928723ac4bd2765eab1446eab4e81,2026-03-27T02:06:05Z,,Houston Cougars,Illinois Fighting Illini,fanduel,FanDuel,2026-03-27T02:37:33Z,totals,2026-03-27T02:37:33Z,Under,-110,119.5
2026-03-27T02:37:48.944386+00:00,the_odds_api,basketball_ncaab,ec6928723ac4bd2765eab1446eab4e81,2026-03-27T02:06:05Z,,Houston Cougars,Illinois Fighting Illini,betrivers,BetRivers,2026-03-27T02:37:23Z,h2h,2026-03-27T02:37:23Z,Houston Cougars,163,
2026-03-27T02:37:48.944386+00:00,the_odds_api,basketball_ncaab,ec6928723ac4bd2765eab1446eab4e81,2026-03-27T02:06:05Z,,Houston Cougars,Illinois Fighting Illini,betrivers,BetRivers,2026-03-27T02:37:23Z,h2h,2026-03-27T02:37:23Z,Illinois Fighting Illini,-235,
2026-03-27T02:37:48.944386+00:00,the_odds_api,basketball_ncaab,ec6928723ac4bd2765eab1446eab4e81,2026-03-27T02:06:05Z,,Houston Cougars,Illinois Fighting Illini,betrivers,BetRivers,2026-03-27T02:37:23Z,spreads,2026-03-27T02:37:23Z,Houston Cougars,-120,4.0
2026-03-27T02:37:48.944386+00:00,the_odds_api,basketball_ncaab,ec6928723ac4bd2765eab1446eab4e81,2026-03-27T02:06:05Z,,Houston Cougars,Illinois Fighting Illini,betrivers,BetRivers,2026-03-27T02:37:23Z,spreads,2026-03-27T02:37:23Z,Illinois Fighting Illini,-120,-4.0
2026-03-27T02:37:48.944386+00:00,the_odds_api,basketball_ncaab,ec6928723ac4bd2765eab1446eab4e81,2026-03-27T02:06:05Z,,Houston Cougars,Illinois Fighting Illini,betrivers,BetRivers,2026-03-27T02:37:23Z,totals,2026-03-27T02:37:23Z,Over,-121,122.5
2026-03-27T02:37:48.944386+00:00,the_odds_api,basketball_ncaab,ec6928723ac4bd2765eab1446eab4e81,2026-03-27T02:06:05Z,,Houston Cougars,Illinois Fighting Illini,betrivers,BetRivers,2026-03-27T02:37:23Z,totals,2026-03-27T02:37:23Z,Under,-118,122.5
2026-03-27T02:37:48.944386+00:00,the_odds_api,basketball_ncaab,ec6928723ac4bd2765eab1446eab4e81,2026-03-27T02:06:05Z,,Houston Cougars,Illinois Fighting Illini,betmgm,BetMGM,2026-03-27T02:37:45Z,h2h,2026-03-27T02:37:45Z,Houston Cougars,145,
2026-03-27T02:37:48.944386+00:00,the_odds_api,basketball_ncaab,ec6928723ac4bd2765eab1446eab4e81,2026-03-27T02:06:05Z,,Houston Cougars,Illinois Fighting Illini,betmgm,BetMGM,2026-03-27T02:37:45Z,h2h,2026-03-27T02:37:45Z,Illinois Fighting Illini,-190,
2026-03-27T02:37:48.944386+00:00,the_odds_api,basketball_ncaab,ec6928723ac4bd2765eab1446eab4e81,2026-03-27T02:06:05Z,,Houston Cougars,Illinois Fighting Illini,betmgm,BetMGM,2026-03-27T02:37:45Z,spreads,2026-03-27T02:37:45Z,Houston Cougars,-110,3.5
2026-03-27T02:37:48.944386+00:00,the_odds_api,basketball_ncaab,ec6928723ac4bd2765eab1446eab4e81,2026-03-27T02:06:05Z,,Houston Cougars,Illinois Fighting Illini,betmgm,BetMGM,2026-03-27T02:37:45Z,spreads,2026-03-27T02:37:45Z,Illinois Fighting Illini,-118,-3.5
2026-03-27T02:37:48.944386+00:00,the_odds_api,basketball_ncaab,ec6928723ac4bd2765eab1446eab4e81,2026-03-27T02:06:05Z,,Houston Cougars,Illinois Fighting Illini,betmgm,BetMGM,2026-03-27T02:37:45Z,totals,2026-03-27T02:37:45Z,Over,-110,122.5
2026-03-27T02:37:48.944386+00:00,the_odds_api,basketball_ncaab,ec6928723ac4bd2765eab1446eab4e81,2026-03-27T02:06:05Z,,Houston Cougars,Illinois Fighting Illini,betmgm,BetMGM,2026-03-27T02:37:45Z,totals,2026-03-27T02:37:45Z,Under,-118,122.5
2026-03-27T02:07:50.328299+00:00,the_odds_api,basketball_ncaab,ec6928723ac4bd2765eab1446eab4e81,2026-03-27T02:06:05Z,,Houston Cougars,Illinois Fighting Illini,betus,BetUS,2026-03-27T02:04:06Z,h2h,2026-03-27T02:04:06Z,Houston Cougars,-135,
2026-03-27T02:07:50.328299+00:00,the_odds_api,basketball_ncaab,ec6928723ac4bd2765eab1446eab4e81,2026-03-27T02:06:05Z,,Houston Cougars,Illinois Fighting Illini,betus,BetUS,2026-03-27T02:04:06Z,h2h,2026-03-27T02:04:06Z,Illinois Fighting Illini,115,
2026-03-27T02:07:50.328299+00:00,the_odds_api,basketball_ncaab,ec6928723ac4bd2765eab1446eab4e81,2026-03-27T02:06:05Z,,Houston Cougars,Illinois Fighting Illini,betus,BetUS,2026-03-27T02:04:06Z,spreads,2026-03-27T02:04:06Z,Houston Cougars,-105,-2.5
2026-03-27T02:07:50.328299+00:00,the_odds_api,basketball_ncaab,ec6928723ac4bd2765eab1446eab4e81,2026-03-27T02:06:05Z,,Houston Cougars,Illinois Fighting Illini,betus,BetUS,2026-03-27T02:04:06Z,spreads,2026-03-27T02:04:06Z,Illinois Fighting Illini,-115,2.5
2026-03-27T02:07:50.328299+00:00,the_odds_api,basketball_ncaab,ec6928723ac4bd2765eab1446eab4e81,2026-03-27T02:06:05Z,,Houston Cougars,Illinois Fighting Illini,betus,BetUS,2026-03-27T02:04:06Z,totals,2026-03-27T02:04:06Z,Over,-110,141.0
2026-03-27T02:07:50.328299+00:00,the_odds_api,basketball_ncaab,ec6928723ac4bd2765eab1446eab4e81,2026-03-27T02:06:05Z,,Houston Cougars,Illinois Fighting Illini,betus,BetUS,2026-03-27T02:04:06Z,totals,2026-03-27T02:04:06Z,Under,-110,141.0
2026-03-27T02:37:48.944386+00:00,the_odds_api,basketball_ncaab,ec6928723ac4bd2765eab1446eab4e81,2026-03-27T02:06:05Z,,Houston Cougars,Illinois Fighting Illini,bovada,Bovada,2026-03-27T02:36:34Z,h2h,2026-03-27T02:36:34Z,Houston Cougars,100,
2026-03-27T02:37:48.944386+00:00,the_odds_api,basketball_ncaab,ec6928723ac4bd2765eab1446eab4e81,2026-03-27T02:06:05Z,,Houston Cougars,Illinois Fighting Illini,bovada,Bovada,2026-03-27T02:36:34Z,h2h,2026-03-27T02:36:34Z,Illinois Fighting Illini,-130,
2026-03-27T02:37:48.944386+00:00,the_odds_api,basketball_ncaab,ec6928723ac4bd2765eab1446eab4e81,2026-03-27T02:06:05Z,,Houston Cougars,Illinois Fighting Illini,bovada,Bovada,2026-03-27T02:36:34Z,spreads,2026-03-27T02:36:34Z,Houston Cougars,-110,1.0
2026-03-27T02:37:48.944386+00:00,the_odds_api,basketball_ncaab,ec6928723ac4bd2765eab1446eab4e81,2026-03-27T02:06:05Z,,Houston Cougars,Illinois Fighting Illini,bovada,Bovada,2026-03-27T02:36:34Z,spreads,2026-03-27T02:36:34Z,Illinois Fighting Illini,-120,-1.0
2026-03-27T02:37:48.944386+00:00,the_odds_api,basketball_ncaab,ec6928723ac4bd2765eab1446eab4e81,2026-03-27T02:06:05Z,,Houston Cougars,Illinois Fighting Illini,bovada,Bovada,2026-03-27T02:36:34Z,totals,2026-03-27T02:36:34Z,Over,-115,122.5
2026-03-27T02:37:48.944386+00:00,the_odds_api,basketball_ncaab,ec6928723ac4bd2765eab1446eab4e81,2026-03-27T02:06:05Z,,Houston Cougars,Illinois Fighting Illini,bovada,Bovada,2026-03-27T02:36:34Z,totals,2026-03-27T02:36:34Z,Under,-115,122.5
2026-03-27T01:37:45.539754+00:00,the_odds_api,basketball_ncaab,4cf401630aa10cb31037b56b00065701,2026-03-26T23:10:36Z,,Purdue Boilermakers,Texas Longhorns,fanduel,FanDuel,2026-03-27T01:31:57Z,h2h,2026-03-27T01:31:56Z,Purdue Boilermakers,-310,
2026-03-27T01:37:45.539754+00:00,the_odds_api,basketball_ncaab,4cf401630aa10cb31037b56b00065701,2026-03-26T23:10:36Z,,Purdue Boilermakers,Texas Longhorns,fanduel,FanDuel,2026-03-27T01:31:57Z,h2h,2026-03-27T01:31:56Z,Texas Longhorns,230,
2026-03-27T01:37:45.539754+00:00,the_odds_api,basketball_ncaab,4cf401630aa10cb31037b56b00065701,2026-03-26T23:10:36Z,,Purdue Boilermakers,Texas Longhorns,fanduel,FanDuel,2026-03-27T01:31:57Z,spreads,2026-03-27T01:31:56Z,Purdue Boilermakers,120,-2.5
2026-03-27T01:37:45.539754+00:00,the_odds_api,basketball_ncaab,4cf401630aa10cb31037b56b00065701,2026-03-26T23:10:36Z,,Purdue Boilermakers,Texas Longhorns,fanduel,FanDuel,2026-03-27T01:31:57Z,spreads,2026-03-27T01:31:56Z,Texas Longhorns,-160,2.5
2026-03-27T01:37:45.539754+00:00,the_odds_api,basketball_ncaab,4cf401630aa10cb31037b56b00065701,2026-03-26T23:10:36Z,,Purdue Boilermakers,Texas Longhorns,draftkings,DraftKings,2026-03-27T01:31:01Z,h2h,2026-03-27T01:31:01Z,Purdue Boilermakers,-315,
2026-03-27T01:37:45.539754+00:00,the_odds_api,basketball_ncaab,4cf401630aa10cb31037b56b00065701,2026-03-26T23:10:36Z,,Purdue Boilermakers,Texas Longhorns,draftkings,DraftKings,2026-03-27T01:31:01Z,h2h,2026-03-27T01:31:01Z,Texas Longhorns,230,
2026-03-27T01:37:45.539754+00:00,the_odds_api,basketball_ncaab,4cf401630aa10cb31037b56b00065701,2026-03-26T23:10:36Z,,Purdue Boilermakers,Texas Longhorns,draftkings,DraftKings,2026-03-27T01:31:01Z,spreads,2026-03-27T01:31:01Z,Purdue Boilermakers,114,-2.5
2026-03-27T01:37:45.539754+00:00,the_odds_api,basketball_ncaab,4cf401630aa10cb31037b56b00065701,2026-03-26T23:10:36Z,,Purdue Boilermakers,Texas Longhorns,draftkings,DraftKings,2026-03-27T01:31:01Z,spreads,2026-03-27T01:31:01Z,Texas Longhorns,-145,2.5
2026-03-26T23:07:45.016028+00:00,the_odds_api,basketball_ncaab,4cf401630aa10cb31037b56b00065701,2026-03-26T23:10:36Z,,Purdue Boilermakers,Texas Longhorns,betonlineag,BetOnline.ag,2026-03-26T23:07:17Z,h2h,2026-03-26T23:07:17Z,Purdue Boilermakers,-450,
2026-03-26T23:07:45.016028+00:00,the_odds_api,basketball_ncaab,4cf401630aa10cb31037b56b00065701,2026-03-26T23:10:36Z,,Purdue Boilermakers,Texas Longhorns,betonlineag,BetOnline.ag,2026-03-26T23:07:17Z,h2h,2026-03-26T23:07:17Z,Texas Longhorns,350,
2026-03-26T23:07:45.016028+00:00,the_odds_api,basketball_ncaab,4cf401630aa10cb31037b56b00065701,2026-03-26T23:10:36Z,,Purdue Boilermakers,Texas Longhorns,betonlineag,BetOnline.ag,2026-03-26T23:07:17Z,spreads,2026-03-26T23:07:17Z,Purdue Boilermakers,-111,-8.5
2026-03-26T23:07:45.016028+00:00,the_odds_api,basketball_ncaab,4cf401630aa10cb31037b56b00065701,2026-03-26T23:10:36Z,,Purdue Boilermakers,Texas Longhorns,betonlineag,BetOnline.ag,2026-03-26T23:07:17Z,spreads,2026-03-26T23:07:17Z,Texas Longhorns,-109,8.5
2026-03-26T23:07:45.016028+00:00,the_odds_api,basketball_ncaab,4cf401630aa10cb31037b56b00065701,2026-03-26T23:10:36Z,,Purdue Boilermakers,Texas Longhorns,betonlineag,BetOnline.ag,2026-03-26T23:07:17Z,totals,2026-03-26T23:07:17Z,Over,-106,146.0
2026-03-26T23:07:45.016028+00:00,the_odds_api,basketball_ncaab,4cf401630aa10cb31037b56b00065701,2026-03-26T23:10:36Z,,Purdue Boilermakers,Texas Longhorns,betonlineag,BetOnline.ag,2026-03-26T23:07:17Z,totals,2026-03-26T23:07:17Z,Under,-114,146.0
2026-03-26T23:07:45.016028+00:00,the_odds_api,basketball_ncaab,4cf401630aa10cb31037b56b00065701,2026-03-26T23:10:36Z,,Purdue Boilermakers,Texas Longhorns,lowvig,LowVig.ag,2026-03-26T23:07:26Z,h2h,2026-03-26T23:07:26Z,Purdue Boilermakers,-450,
2026-03-26T23:07:45.016028+00:00,the_odds_api,basketball_ncaab,4cf401630aa10cb31037b56b00065701,2026-03-26T23:10:36Z,,Purdue Boilermakers,Texas Longhorns,lowvig,LowVig.ag,2026-03-26T23:07:26Z,h2h,2026-03-26T23:07:26Z,Texas Longhorns,350,
2026-03-26T23:07:45.016028+00:00,the_odds_api,basketball_ncaab,4cf401630aa10cb31037b56b00065701,2026-03-26T23:10:36Z,,Purdue Boilermakers,Texas Longhorns,lowvig,LowVig.ag,2026-03-26T23:07:26Z,spreads,2026-03-26T23:07:26Z,Purdue Boilermakers,-107,-8.5
2026-03-26T23:07:45.016028+00:00,the_odds_api,basketball_ncaab,4cf401630aa10cb31037b56b00065701,2026-03-26T23:10:36Z,,Purdue Boilermakers,Texas Longhorns,lowvig,LowVig.ag,2026-03-26T23:07:26Z,spreads,2026-03-26T23:07:26Z,Texas Longhorns,-105,8.5
2026-03-26T23:07:45.016028+00:00,the_odds_api,basketball_ncaab,4cf401630aa10cb31037b56b00065701,2026-03-26T23:10:36Z,,Purdue Boilermakers,Texas Longhorns,lowvig,LowVig.ag,2026-03-26T23:07:26Z,totals,2026-03-26T23:07:26Z,Over,-104,146.0
2026-03-26T23:07:45.016028+00:00,the_odds_api,basketball_ncaab,4cf401630aa10cb31037b56b00065701,2026-03-26T23:10:36Z,,Purdue Boilermakers,Texas Longhorns,lowvig,LowVig.ag,2026-03-26T23:07:26Z,totals,2026-03-26T23:07:26Z,Under,-112,146.0
2026-03-27T01:37:45.539754+00:00,the_odds_api,basketball_ncaab,4cf401630aa10cb31037b56b00065701,2026-03-26T23:10:36Z,,Purdue Boilermakers,Texas Longhorns,betrivers,BetRivers,2026-03-27T01:31:01Z,h2h,2026-03-27T01:31:01Z,Purdue Boilermakers,-375,
2026-03-27T01:37:45.539754+00:00,the_odds_api,basketball_ncaab,4cf401630aa10cb31037b56b00065701,2026-03-26T23:10:36Z,,Purdue Boilermakers,Texas Longhorns,betrivers,BetRivers,2026-03-27T01:31:01Z,h2h,2026-03-27T01:31:01Z,Texas Longhorns,250,
2026-03-27T01:37:45.539754+00:00,the_odds_api,basketball_ncaab,4cf401630aa10cb31037b56b00065701,2026-03-26T23:10:36Z,,Purdue Boilermakers,Texas Longhorns,williamhill_us,Caesars,2026-03-27T01:31:16Z,h2h,2026-03-27T01:31:16Z,Purdue Boilermakers,-320,
2026-03-27T01:37:45.539754+00:00,the_odds_api,basketball_ncaab,4cf401630aa10cb31037b56b00065701,2026-03-26T23:10:36Z,,Purdue Boilermakers,Texas Longhorns,williamhill_us,Caesars,2026-03-27T01:31:16Z,h2h,2026-03-27T01:31:16Z,Texas Longhorns,240,
2026-03-27T01:37:45.539754+00:00,the_odds_api,basketball_ncaab,4cf401630aa10cb31037b56b00065701,2026-03-26T23:10:36Z,,Purdue Boilermakers,Texas Longhorns,williamhill_us,Caesars,2026-03-27T01:31:16Z,spreads,2026-03-27T01:31:16Z,Purdue Boilermakers,-135,-1.5
2026-03-27T01:37:45.539754+00:00,the_odds_api,basketball_ncaab,4cf401630aa10cb31037b56b00065701,2026-03-26T23:10:36Z,,Purdue Boilermakers,Texas Longhorns,williamhill_us,Caesars,2026-03-27T01:31:16Z,spreads,2026-03-27T01:31:16Z,Texas Longhorns,105,1.5
2026-03-26T23:07:45.016028+00:00,the_odds_api,basketball_ncaab,4cf401630aa10cb31037b56b00065701,2026-03-26T23:10:36Z,,Purdue Boilermakers,Texas Longhorns,betus,BetUS,2026-03-26T23:07:37Z,h2h,2026-03-26T23:07:37Z,Purdue Boilermakers,-470,
2026-03-26T23:07:45.016028+00:00,the_odds_api,basketball_ncaab,4cf401630aa10cb31037b56b00065701,2026-03-26T23:10:36Z,,Purdue Boilermakers,Texas Longhorns,betus,BetUS,2026-03-26T23:07:37Z,h2h,2026-03-26T23:07:37Z,Texas Longhorns,370,
2026-03-26T23:07:45.016028+00:00,the_odds_api,basketball_ncaab,4cf401630aa10cb31037b56b00065701,2026-03-26T23:10:36Z,,Purdue Boilermakers,Texas Longhorns,betus,BetUS,2026-03-26T23:07:37Z,spreads,2026-03-26T23:07:37Z,Purdue Boilermakers,-110,-8.5
2026-03-26T23:07:45.016028+00:00,the_odds_api,basketball_ncaab,4cf401630aa10cb31037b56b00065701,2026-03-26T23:10:36Z,,Purdue Boilermakers,Texas Longhorns,betus,BetUS,2026-03-26T23:07:37Z,spreads,2026-03-26T23:07:37Z,Texas Longhorns,-110,8.5
2026-03-26T23:07:45.016028+00:00,the_odds_api,basketball_ncaab,4cf401630aa10cb31037b56b00065701,2026-03-26T23:10:36Z,,Purdue Boilermakers,Texas Longhorns,betus,BetUS,2026-03-26T23:07:37Z,totals,2026-03-26T23:07:37Z,Over,-110,146.0
2026-03-26T23:07:45.016028+00:00,the_odds_api,basketball_ncaab,4cf401630aa10cb31037b56b00065701,2026-03-26T23:10:36Z,,Purdue Boilermakers,Texas Longhorns,betus,BetUS,2026-03-26T23:07:37Z,totals,2026-03-26T23:07:37Z,Under,-110,146.0
2026-03-27T01:08:02.885115+00:00,the_odds_api,basketball_ncaab,4cf401630aa10cb31037b56b00065701,2026-03-26T23:10:36Z,,Purdue Boilermakers,Texas Longhorns,mybookieag,MyBookie.ag,2026-03-27T01:07:58Z,h2h,2026-03-27T01:07:58Z,Purdue Boilermakers,-154,
2026-03-27T01:08:02.885115+00:00,the_odds_api,basketball_ncaab,4cf401630aa10cb31037b56b00065701,2026-03-26T23:10:36Z,,Purdue Boilermakers,Texas Longhorns,mybookieag,MyBookie.ag,2026-03-27T01:07:58Z,h2h,2026-03-27T01:07:58Z,Texas Longhorns,110,
2026-03-27T01:08:02.885115+00:00,the_odds_api,basketball_ncaab,4cf401630aa10cb31037b56b00065701,2026-03-26T23:10:36Z,,Purdue Boilermakers,Texas Longhorns,mybookieag,MyBookie.ag,2026-03-27T01:07:58Z,spreads,2026-03-27T01:07:58Z,Purdue Boilermakers,-118,-1.5
2026-03-27T01:08:02.885115+00:00,the_odds_api,basketball_ncaab,4cf401630aa10cb31037b56b00065701,2026-03-26T23:10:36Z,,Purdue Boilermakers,Texas Longhorns,mybookieag,MyBookie.ag,2026-03-27T01:07:58Z,spreads,2026-03-27T01:07:58Z,Texas Longhorns,-118,1.5
2026-03-27T01:37:45.539754+00:00,the_odds_api,basketball_ncaab,4cf401630aa10cb31037b56b00065701,2026-03-26T23:10:36Z,,Purdue Boilermakers,Texas Longhorns,betmgm,BetMGM,2026-03-27T01:31:33Z,h2h,2026-03-27T01:31:33Z,Purdue Boilermakers,-325,
2026-03-27T01:37:45.539754+00:00,the_odds_api,basketball_ncaab,4cf401630aa10cb31037b56b00065701,2026-03-26T23:10:36Z,,Purdue Boilermakers,Texas Longhorns,betmgm,BetMGM,2026-03-27T01:31:33Z,h2h,2026-03-27T01:31:33Z,Texas Longhorns,240,
2026-03-27T01:37:45.539754+00:00,the_odds_api,basketball_ncaab,4cf401630aa10cb31037b56b00065701,2026-03-26T23:10:36Z,,Purdue Boilermakers,Texas Longhorns,betmgm,BetMGM,2026-03-27T01:31:33Z,spreads,2026-03-27T01:31:33Z,Purdue Boilermakers,-185,-1.5
2026-03-27T01:37:45.539754+00:00,the_odds_api,basketball_ncaab,4cf401630aa10cb31037b56b00065701,2026-03-26T23:10:36Z,,Purdue Boilermakers,Texas Longhorns,betmgm,BetMGM,2026-03-27T01:31:33Z,spreads,2026-03-27T01:31:33Z,Texas Longhorns,140,1.5
2026-03-27T01:37:45.539754+00:00,the_odds_api,basketball_ncaab,4cf401630aa10cb31037b56b00065701,2026-03-26T23:10:36Z,,Purdue Boilermakers,Texas Longhorns,betmgm,BetMGM,2026-03-27T01:31:33Z,totals,2026-03-27T01:31:33Z,Over,-110,167.5
2026-03-27T01:37:45.539754+00:00,the_odds_api,basketball_ncaab,4cf401630aa10cb31037b56b00065701,2026-03-26T23:10:36Z,,Purdue Boilermakers,Texas Longhorns,betmgm,BetMGM,2026-03-27T01:31:33Z,totals,2026-03-27T01:31:33Z,Under,-115,167.5
2026-03-27T01:08:02.885115+00:00,the_odds_api,basketball_ncaab,4cf401630aa10cb31037b56b00065701,2026-03-26T23:10:36Z,,Purdue Boilermakers,Texas Longhorns,bovada,Bovada,2026-03-27T01:06:14Z,h2h,2026-03-27T01:06:14Z,Purdue Boilermakers,-165,
2026-03-27T01:08:02.885115+00:00,the_odds_api,basketball_ncaab,4cf401630aa10cb31037b56b00065701,2026-03-26T23:10:36Z,,Purdue Boilermakers,Texas Longhorns,bovada,Bovada,2026-03-27T01:06:14Z,h2h,2026-03-27T01:06:14Z,Texas Longhorns,125,
2026-03-27T01:08:02.885115+00:00,the_odds_api,basketball_ncaab,4cf401630aa10cb31037b56b00065701,2026-03-26T23:10:36Z,,Purdue Boilermakers,Texas Longhorns,bovada,Bovada,2026-03-27T01:06:14Z,spreads,2026-03-27T01:06:14Z,Purdue Boilermakers,-120,-1.5
2026-03-27T01:08:02.885115+00:00,the_odds_api,basketball_ncaab,4cf401630aa10cb31037b56b00065701,2026-03-26T23:10:36Z,,Purdue Boilermakers,Texas Longhorns,bovada,Bovada,2026-03-27T01:06:14Z,spreads,2026-03-27T01:06:14Z,Texas Longhorns,-110,1.5
2026-03-27T01:08:02.885115+00:00,the_odds_api,basketball_ncaab,4cf401630aa10cb31037b56b00065701,2026-03-26T23:10:36Z,,Purdue Boilermakers,Texas Longhorns,bovada,Bovada,2026-03-27T01:06:14Z,totals,2026-03-27T01:06:14Z,Over,-115,159.5
2026-03-27T01:08:02.885115+00:00,the_odds_api,basketball_ncaab,4cf401630aa10cb31037b56b00065701,2026-03-26T23:10:36Z,,Purdue Boilermakers,Texas Longhorns,bovada,Bovada,2026-03-27T01:06:14Z,totals,2026-03-27T01:06:14Z,Under,-115,159.5
2026-03-28T00:07:32.253633+00:00,the_odds_api,basketball_ncaab,731c2ebbe43e00cbf104f9cbefaaaf63,2026-03-27T23:11:16Z,,Duke Blue Devils,St. John's Red Storm,draftkings,DraftKings,2026-03-28T00:06:51Z,h2h,2026-03-28T00:06:51Z,Duke Blue Devils,-210,
2026-03-28T00:07:32.253633+00:00,the_odds_api,basketball_ncaab,731c2ebbe43e00cbf104f9cbefaaaf63,2026-03-27T23:11:16Z,,Duke Blue Devils,St. John's Red Storm,draftkings,DraftKings,2026-03-28T00:06:51Z,h2h,2026-03-28T00:06:51Z,St. John's Red Storm,160,
2026-03-28T00:07:32.253633+00:00,the_odds_api,basketball_ncaab,731c2ebbe43e00cbf104f9cbefaaaf63,2026-03-27T23:11:16Z,,Duke Blue Devils,St. John's Red Storm,draftkings,DraftKings,2026-03-28T00:06:51Z,spreads,2026-03-28T00:06:51Z,Duke Blue Devils,-125,-3.5
2026-03-28T00:07:32.253633+00:00,the_odds_api,basketball_ncaab,731c2ebbe43e00cbf104f9cbefaaaf63,2026-03-27T23:11:16Z,,Duke Blue Devils,St. John's Red Storm,draftkings,DraftKings,2026-03-28T00:06:51Z,spreads,2026-03-28T00:06:51Z,St. John's Red Storm,-105,3.5
2026-03-28T00:07:32.253633+00:00,the_odds_api,basketball_ncaab,731c2ebbe43e00cbf104f9cbefaaaf63,2026-03-27T23:11:16Z,,Duke Blue Devils,St. John's Red Storm,draftkings,DraftKings,2026-03-28T00:06:51Z,totals,2026-03-28T00:06:51Z,Over,-110,153.5
2026-03-28T00:07:32.253633+00:00,the_odds_api,basketball_ncaab,731c2ebbe43e00cbf104f9cbefaaaf63,2026-03-27T23:11:16Z,,Duke Blue Devils,St. John's Red Storm,draftkings,DraftKings,2026-03-28T00:06:51Z,totals,2026-03-28T00:06:51Z,Under,-120,153.5
2026-03-28T00:07:32.253633+00:00,the_odds_api,basketball_ncaab,731c2ebbe43e00cbf104f9cbefaaaf63,2026-03-27T23:11:16Z,,Duke Blue Devils,St. John's Red Storm,fanduel,FanDuel,2026-03-28T00:06:52Z,h2h,2026-03-28T00:06:52Z,Duke Blue Devils,-194,
2026-03-28T00:07:32.253633+00:00,the_odds_api,basketball_ncaab,731c2ebbe43e00cbf104f9cbefaaaf63,2026-03-27T23:11:16Z,,Duke Blue Devils,St. John's Red Storm,fanduel,FanDuel,2026-03-28T00:06:52Z,h2h,2026-03-28T00:06:52Z,St. John's Red Storm,148,
2026-03-28T00:07:32.253633+00:00,the_odds_api,basketball_ncaab,731c2ebbe43e00cbf104f9cbefaaaf63,2026-03-27T23:11:16Z,,Duke Blue Devils,St. John's Red Storm,fanduel,FanDuel,2026-03-28T00:06:52Z,spreads,2026-03-28T00:06:52Z,Duke Blue Devils,-114,-3.5
2026-03-28T00:07:32.253633+00:00,the_odds_api,basketball_ncaab,731c2ebbe43e00cbf104f9cbefaaaf63,2026-03-27T23:11:16Z,,Duke Blue Devils,St. John's Red Storm,fanduel,FanDuel,2026-03-28T00:06:52Z,spreads,2026-03-28T00:06:52Z,St. John's Red Storm,-114,3.5
2026-03-28T00:07:32.253633+00:00,the_odds_api,basketball_ncaab,731c2ebbe43e00cbf104f9cbefaaaf63,2026-03-27T23:11:16Z,,Duke Blue Devils,St. John's Red Storm,fanduel,FanDuel,2026-03-28T00:06:52Z,totals,2026-03-28T00:06:52Z,Over,-110,153.5
2026-03-28T00:07:32.253633+00:00,the_odds_api,basketball_ncaab,731c2ebbe43e00cbf104f9cbefaaaf63,2026-03-27T23:11:16Z,,Duke Blue Devils,St. John's Red Storm,fanduel,FanDuel,2026-03-28T00:06:52Z,totals,2026-03-28T00:06:52Z,Under,-120,153.5
2026-03-27T23:07:28.495271+00:00,the_odds_api,basketball_ncaab,731c2ebbe43e00cbf104f9cbefaaaf63,2026-03-27T23:10:00Z,,Duke Blue Devils,St. John's Red Storm,betonlineag,BetOnline.ag,2026-03-27T23:06:58Z,h2h,2026-03-27T23:06:58Z,Duke Blue Devils,-285,
2026-03-27T23:07:28.495271+00:00,the_odds_api,basketball_ncaab,731c2ebbe43e00cbf104f9cbefaaaf63,2026-03-27T23:10:00Z,,Duke Blue Devils,St. John's Red Storm,betonlineag,BetOnline.ag,2026-03-27T23:06:58Z,h2h,2026-03-27T23:06:58Z,St. John's Red Storm,234,
2026-03-27T23:07:28.495271+00:00,the_odds_api,basketball_ncaab,731c2ebbe43e00cbf104f9cbefaaaf63,2026-03-27T23:10:00Z,,Duke Blue Devils,St. John's Red Storm,betonlineag,BetOnline.ag,2026-03-27T23:06:58Z,spreads,2026-03-27T23:06:58Z,Duke Blue Devils,-110,-6.5
2026-03-27T23:07:28.495271+00:00,the_odds_api,basketball_ncaab,731c2ebbe43e00cbf104f9cbefaaaf63,2026-03-27T23:10:00Z,,Duke Blue Devils,St. John's Red Storm,betonlineag,BetOnline.ag,2026-03-27T23:06:58Z,spreads,2026-03-27T23:06:58Z,St. John's Red Storm,-110,6.5
2026-03-27T23:07:28.495271+00:00,the_odds_api,basketball_ncaab,731c2ebbe43e00cbf104f9cbefaaaf63,2026-03-27T23:10:00Z,,Duke Blue Devils,St. John's Red Storm,betonlineag,BetOnline.ag,2026-03-27T23:06:58Z,totals,2026-03-27T23:06:58Z,Over,-110,141.0
2026-03-27T23:07:28.495271+00:00,the_odds_api,basketball_ncaab,731c2ebbe43e00cbf104f9cbefaaaf63,2026-03-27T23:10:00Z,,Duke Blue Devils,St. John's Red Storm,betonlineag,BetOnline.ag,2026-03-27T23:06:58Z,totals,2026-03-27T23:06:58Z,Under,-110,141.0
2026-03-27T23:07:28.495271+00:00,the_odds_api,basketball_ncaab,731c2ebbe43e00cbf104f9cbefaaaf63,2026-03-27T23:10:00Z,,Duke Blue Devils,St. John's Red Storm,lowvig,LowVig.ag,2026-03-27T23:06:22Z,h2h,2026-03-27T23:06:22Z,Duke Blue Devils,-285,
2026-03-27T23:07:28.495271+00:00,the_odds_api,basketball_ncaab,731c2ebbe43e00cbf104f9cbefaaaf63,2026-03-27T23:10:00Z,,Duke Blue Devils,St. John's Red Storm,lowvig,LowVig.ag,2026-03-27T23:06:22Z,h2h,2026-03-27T23:06:22Z,St. John's Red Storm,234,
2026-03-27T23:07:28.495271+00:00,the_odds_api,basketball_ncaab,731c2ebbe43e00cbf104f9cbefaaaf63,2026-03-27T23:10:00Z,,Duke Blue Devils,St. John's Red Storm,lowvig,LowVig.ag,2026-03-27T23:06:22Z,spreads,2026-03-27T23:06:22Z,Duke Blue Devils,-106,-6.5
2026-03-27T23:07:28.495271+00:00,the_odds_api,basketball_ncaab,731c2ebbe43e00cbf104f9cbefaaaf63,2026-03-27T23:10:00Z,,Duke Blue Devils,St. John's Red Storm,lowvig,LowVig.ag,2026-03-27T23:06:22Z,spreads,2026-03-27T23:06:22Z,St. John's Red Storm,-106,6.5
2026-03-27T23:07:28.495271+00:00,the_odds_api,basketball_ncaab,731c2ebbe43e00cbf104f9cbefaaaf63,2026-03-27T23:10:00Z,,Duke Blue Devils,St. John's Red Storm,lowvig,LowVig.ag,2026-03-27T23:06:22Z,totals,2026-03-27T23:06:22Z,Over,-108,141.0
2026-03-27T23:07:28.495271+00:00,the_odds_api,basketball_ncaab,731c2ebbe43e00cbf104f9cbefaaaf63,2026-03-27T23:10:00Z,,Duke Blue Devils,St. John's Red Storm,lowvig,LowVig.ag,2026-03-27T23:06:22Z,totals,2026-03-27T23:06:22Z,Under,-108,141.0
2026-03-28T00:07:32.253633+00:00,the_odds_api,basketball_ncaab,731c2ebbe43e00cbf104f9cbefaaaf63,2026-03-27T23:11:16Z,,Duke Blue Devils,St. John's Red Storm,williamhill_us,Caesars,2026-03-28T00:02:55Z,h2h,2026-03-28T00:02:55Z,Duke Blue Devils,-300,
2026-03-28T00:07:32.253633+00:00,the_odds_api,basketball_ncaab,731c2ebbe43e00cbf104f9cbefaaaf63,2026-03-27T23:11:16Z,,Duke Blue Devils,St. John's Red Storm,williamhill_us,Caesars,2026-03-28T00:02:55Z,h2h,2026-03-28T00:02:55Z,St. John's Red Storm,230,
2026-03-28T00:07:32.253633+00:00,the_odds_api,basketball_ncaab,731c2ebbe43e00cbf104f9cbefaaaf63,2026-03-27T23:11:16Z,,Duke Blue Devils,St. John's Red Storm,williamhill_us,Caesars,2026-03-28T00:02:55Z,spreads,2026-03-28T00:02:55Z,Duke Blue Devils,-110,-5.5
2026-03-28T00:07:32.253633+00:00,the_odds_api,basketball_ncaab,731c2ebbe43e00cbf104f9cbefaaaf63,2026-03-27T23:11:16Z,,Duke Blue Devils,St. John's Red Storm,williamhill_us,Caesars,2026-03-28T00:02:55Z,spreads,2026-03-28T00:02:55Z,St. John's Red Storm,-120,5.5
2026-03-28T00:07:32.253633+00:00,the_odds_api,basketball_ncaab,731c2ebbe43e00cbf104f9cbefaaaf63,2026-03-27T23:11:16Z,,Duke Blue Devils,St. John's Red Storm,williamhill_us,Caesars,2026-03-28T00:02:55Z,totals,2026-03-28T00:02:55Z,Over,-110,151.5
2026-03-28T00:07:32.253633+00:00,the_odds_api,basketball_ncaab,731c2ebbe43e00cbf104f9cbefaaaf63,2026-03-27T23:11:16Z,,Duke Blue Devils,St. John's Red Storm,williamhill_us,Caesars,2026-03-28T00:02:55Z,totals,2026-03-28T00:02:55Z,Under,-120,151.5
2026-03-28T00:07:32.253633+00:00,the_odds_api,basketball_ncaab,731c2ebbe43e00cbf104f9cbefaaaf63,2026-03-27T23:11:16Z,,Duke Blue Devils,St. John's Red Storm,betmgm,BetMGM,2026-03-28T00:07:27Z,h2h,2026-03-28T00:07:27Z,Duke Blue Devils,-200,
2026-03-28T00:07:32.253633+00:00,the_odds_api,basketball_ncaab,731c2ebbe43e00cbf104f9cbefaaaf63,2026-03-27T23:11:16Z,,Duke Blue Devils,St. John's Red Storm,betmgm,BetMGM,2026-03-28T00:07:27Z,h2h,2026-03-28T00:07:27Z,St. John's Red Storm,154,
2026-03-28T00:07:32.253633+00:00,the_odds_api,basketball_ncaab,731c2ebbe43e00cbf104f9cbefaaaf63,2026-03-27T23:11:16Z,,Duke Blue Devils,St. John's Red Storm,betmgm,BetMGM,2026-03-28T00:07:27Z,totals,2026-03-28T00:07:27Z,Over,-110,153.5
2026-03-28T00:07:32.253633+00:00,the_odds_api,basketball_ncaab,731c2ebbe43e00cbf104f9cbefaaaf63,2026-03-27T23:11:16Z,,Duke Blue Devils,St. John's Red Storm,betmgm,BetMGM,2026-03-28T00:07:27Z,totals,2026-03-28T00:07:27Z,Under,-118,153.5
2026-03-28T00:07:32.253633+00:00,the_odds_api,basketball_ncaab,7046f8e5f278fa5a27cefcf8966620e4,2026-03-28T02:10:00Z,,Iowa State Cyclones,Tennessee Volunteers,draftkings,DraftKings,2026-03-28T00:06:51Z,h2h,2026-03-28T00:06:51Z,Iowa State Cyclones,-175,
2026-03-28T00:07:32.253633+00:00,the_odds_api,basketball_ncaab,7046f8e5f278fa5a27cefcf8966620e4,2026-03-28T02:10:00Z,,Iowa State Cyclones,Tennessee Volunteers,draftkings,DraftKings,2026-03-28T00:06:51Z,h2h,2026-03-28T00:06:51Z,Tennessee Volunteers,145,
2026-03-28T00:07:32.253633+00:00,the_odds_api,basketball_ncaab,7046f8e5f278fa5a27cefcf8966620e4,2026-03-28T02:10:00Z,,Iowa State Cyclones,Tennessee Volunteers,draftkings,DraftKings,2026-03-28T00:06:51Z,spreads,2026-03-28T00:06:51Z,Iowa State Cyclones,-108,-3.5
2026-03-28T00:07:32.253633+00:00,the_odds_api,basketball_ncaab,7046f8e5f278fa5a27cefcf8966620e4,2026-03-28T02:10:00Z,,Iowa State Cyclones,Tennessee Volunteers,draftkings,DraftKings,2026-03-28T00:06:51Z,spreads,2026-03-28T00:06:51Z,Tennessee Volunteers,-112,3.5
2026-03-28T00:07:32.253633+00:00,the_odds_api,basketball_ncaab,7046f8e5f278fa5a27cefcf8966620e4,2026-03-28T02:10:00Z,,Iowa State Cyclones,Tennessee Volunteers,draftkings,DraftKings,2026-03-28T00:06:51Z,totals,2026-03-28T00:06:51Z,Over,-108,139.5
2026-03-28T00:07:32.253633+00:00,the_odds_api,basketball_ncaab,7046f8e5f278fa5a27cefcf8966620e4,2026-03-28T02:10:00Z,,Iowa State Cyclones,Tennessee Volunteers,draftkings,DraftKings,2026-03-28T00:06:51Z,totals,2026-03-28T00:06:51Z,Under,-112,139.5
2026-03-28T00:07:32.253633+00:00,the_odds_api,basketball_ncaab,7046f8e5f278fa5a27cefcf8966620e4,2026-03-28T02:10:00Z,,Iowa State Cyclones,Tennessee Volunteers,fanduel,FanDuel,2026-03-28T00:06:52Z,h2h,2026-03-28T00:06:52Z,Iowa State Cyclones,-178,
2026-03-28T00:07:32.253633+00:00,the_odds_api,basketball_ncaab,7046f8e5f278fa5a27cefcf8966620e4,2026-03-28T02:10:00Z,,Iowa State Cyclones,Tennessee Volunteers,fanduel,FanDuel,2026-03-28T00:06:52Z,h2h,2026-03-28T00:06:52Z,Tennessee Volunteers,146,
2026-03-28T00:07:32.253633+00:00,the_odds_api,basketball_ncaab,7046f8e5f278fa5a27cefcf8966620e4,2026-03-28T02:10:00Z,,Iowa State Cyclones,Tennessee Volunteers,fanduel,FanDuel,2026-03-28T00:06:52Z,spreads,2026-03-28T00:06:52Z,Iowa State Cyclones,-115,-3.5
2026-03-28T00:07:32.253633+00:00,the_odds_api,basketball_ncaab,7046f8e5f278fa5a27cefcf8966620e4,2026-03-28T02:10:00Z,,Iowa State Cyclones,Tennessee Volunteers,fanduel,FanDuel,2026-03-28T00:06:52Z,spreads,2026-03-28T00:06:52Z,Tennessee Volunteers,-105,3.5
2026-03-28T00:07:32.253633+00:00,the_odds_api,basketball_ncaab,7046f8e5f278fa5a27cefcf8966620e4,2026-03-28T02:10:00Z,,Iowa State Cyclones,Tennessee Volunteers,fanduel,FanDuel,2026-03-28T00:06:52Z,totals,2026-03-28T00:06:52Z,Over,-110,139.5
2026-03-28T00:07:32.253633+00:00,the_odds_api,basketball_ncaab,7046f8e5f278fa5a27cefcf8966620e4,2026-03-28T02:10:00Z,,Iowa State Cyclones,Tennessee Volunteers,fanduel,FanDuel,2026-03-28T00:06:52Z,totals,2026-03-28T00:06:52Z,Under,-110,139.5
2026-03-28T00:07:32.253633+00:00,the_odds_api,basketball_ncaab,7046f8e5f278fa5a27cefcf8966620e4,2026-03-28T02:10:00Z,,Iowa State Cyclones,Tennessee Volunteers,betonlineag,BetOnline.ag,2026-03-28T00:06:53Z,h2h,2026-03-28T00:06:53Z,Iowa State Cyclones,-170,
2026-03-28T00:07:32.253633+00:00,the_odds_api,basketball_ncaab,7046f8e5f278fa5a27cefcf8966620e4,2026-03-28T02:10:00Z,,Iowa State Cyclones,Tennessee Volunteers,betonlineag,BetOnline.ag,2026-03-28T00:06:53Z,h2h,2026-03-28T00:06:53Z,Tennessee Volunteers,149,
2026-03-28T00:07:32.253633+00:00,the_odds_api,basketball_ncaab,7046f8e5f278fa5a27cefcf8966620e4,2026-03-28T02:10:00Z,,Iowa State Cyclones,Tennessee Volunteers,betonlineag,BetOnline.ag,2026-03-28T00:06:53Z,spreads,2026-03-28T00:06:53Z,Iowa State Cyclones,-110,-3.5
2026-03-28T00:07:32.253633+00:00,the_odds_api,basketball_ncaab,7046f8e5f278fa5a27cefcf8966620e4,2026-03-28T02:10:00Z,,Iowa State Cyclones,Tennessee Volunteers,betonlineag,BetOnline.ag,2026-03-28T00:06:53Z,spreads,2026-03-28T00:06:53Z,Tennessee Volunteers,-110,3.5
2026-03-28T00:07:32.253633+00:00,the_odds_api,basketball_ncaab,7046f8e5f278fa5a27cefcf8966620e4,2026-03-28T02:10:00Z,,Iowa State Cyclones,Tennessee Volunteers,betonlineag,BetOnline.ag,2026-03-28T00:06:53Z,totals,2026-03-28T00:06:53Z,Over,-115,139.5
2026-03-28T00:07:32.253633+00:00,the_odds_api,basketball_ncaab,7046f8e5f278fa5a27cefcf8966620e4,2026-03-28T02:10:00Z,,Iowa State Cyclones,Tennessee Volunteers,betonlineag,BetOnline.ag,2026-03-28T00:06:53Z,totals,2026-03-28T00:06:53Z,Under,-105,139.5
2026-03-28T00:07:32.253633+00:00,the_odds_api,basketball_ncaab,7046f8e5f278fa5a27cefcf8966620e4,2026-03-28T02:10:00Z,,Iowa State Cyclones,Tennessee Volunteers,lowvig,LowVig.ag,2026-03-28T00:07:06Z,h2h,2026-03-28T00:07:06Z,Iowa State Cyclones,-170,
2026-03-28T00:07:32.253633+00:00,the_odds_api,basketball_ncaab,7046f8e5f278fa5a27cefcf8966620e4,2026-03-28T02:10:00Z,,Iowa State Cyclones,Tennessee Volunteers,lowvig,LowVig.ag,2026-03-28T00:07:06Z,h2h,2026-03-28T00:07:06Z,Tennessee Volunteers,149,
2026-03-28T00:07:32.253633+00:00,the_odds_api,basketball_ncaab,7046f8e5f278fa5a27cefcf8966620e4,2026-03-28T02:10:00Z,,Iowa State Cyclones,Tennessee Volunteers,lowvig,LowVig.ag,2026-03-28T00:07:06Z,spreads,2026-03-28T00:07:06Z,Iowa State Cyclones,-106,-3.5
2026-03-28T00:07:32.253633+00:00,the_odds_api,basketball_ncaab,7046f8e5f278fa5a27cefcf8966620e4,2026-03-28T02:10:00Z,,Iowa State Cyclones,Tennessee Volunteers,lowvig,LowVig.ag,2026-03-28T00:07:06Z,spreads,2026-03-28T00:07:06Z,Tennessee Volunteers,-106,3.5
2026-03-28T00:07:32.253633+00:00,the_odds_api,basketball_ncaab,7046f8e5f278fa5a27cefcf8966620e4,2026-03-28T02:10:00Z,,Iowa State Cyclones,Tennessee Volunteers,lowvig,LowVig.ag,2026-03-28T00:07:06Z,totals,2026-03-28T00:07:06Z,Over,-113,139.5
2026-03-28T00:07:32.253633+00:00,the_odds_api,basketball_ncaab,7046f8e5f278fa5a27cefcf8966620e4,2026-03-28T02:10:00Z,,Iowa State Cyclones,Tennessee Volunteers,lowvig,LowVig.ag,2026-03-28T00:07:06Z,totals,2026-03-28T00:07:06Z,Under,-103,139.5
2026-03-28T00:07:32.253633+00:00,the_odds_api,basketball_ncaab,7046f8e5f278fa5a27cefcf8966620e4,2026-03-28T02:10:00Z,,Iowa State Cyclones,Tennessee Volunteers,betmgm,BetMGM,2026-03-28T00:07:27Z,h2h,2026-03-28T00:07:27Z,Iowa State Cyclones,-185,
2026-03-28T00:07:32.253633+00:00,the_odds_api,basketball_ncaab,7046f8e5f278fa5a27cefcf8966620e4,2026-03-28T02:10:00Z,,Iowa State Cyclones,Tennessee Volunteers,betmgm,BetMGM,2026-03-28T00:07:27Z,h2h,2026-03-28T00:07:27Z,Tennessee Volunteers,150,
2026-03-28T00:07:32.253633+00:00,the_odds_api,basketball_ncaab,7046f8e5f278fa5a27cefcf8966620e4,2026-03-28T02:10:00Z,,Iowa State Cyclones,Tennessee Volunteers,betmgm,BetMGM,2026-03-28T00:07:27Z,spreads,2026-03-28T00:07:27Z,Iowa State Cyclones,-110,-3.5
2026-03-28T00:07:32.253633+00:00,the_odds_api,basketball_ncaab,7046f8e5f278fa5a27cefcf8966620e4,2026-03-28T02:10:00Z,,Iowa State Cyclones,Tennessee Volunteers,betmgm,BetMGM,2026-03-28T00:07:27Z,spreads,2026-03-28T00:07:27Z,Tennessee Volunteers,-110,3.5
2026-03-28T00:07:32.253633+00:00,the_odds_api,basketball_ncaab,7046f8e5f278fa5a27cefcf8966620e4,2026-03-28T02:10:00Z,,Iowa State Cyclones,Tennessee Volunteers,betmgm,BetMGM,2026-03-28T00:07:27Z,totals,2026-03-28T00:07:27Z,Over,-110,139.5
2026-03-28T00:07:32.253633+00:00,the_odds_api,basketball_ncaab,7046f8e5f278fa5a27cefcf8966620e4,2026-03-28T02:10:00Z,,Iowa State Cyclones,Tennessee Volunteers,betmgm,BetMGM,2026-03-28T00:07:27Z,totals,2026-03-28T00:07:27Z,Under,-110,139.5
2026-03-28T00:07:32.253633+00:00,the_odds_api,basketball_ncaab,7046f8e5f278fa5a27cefcf8966620e4,2026-03-28T02:10:00Z,,Iowa State Cyclones,Tennessee Volunteers,williamhill_us,Caesars,2026-03-28T00:02:55Z,h2h,2026-03-28T00:02:55Z,Iowa State Cyclones,-170,
2026-03-28T00:07:32.253633+00:00,the_odds_api,basketball_ncaab,7046f8e5f278fa5a27cefcf8966620e4,2026-03-28T02:10:00Z,,Iowa State Cyclones,Tennessee Volunteers,williamhill_us,Caesars,2026-03-28T00:02:55Z,h2h,2026-03-28T00:02:55Z,Tennessee Volunteers,143,
2026-03-28T00:07:32.253633+00:00,the_odds_api,basketball_ncaab,7046f8e5f278fa5a27cefcf8966620e4,2026-03-28T02:10:00Z,,Iowa State Cyclones,Tennessee Volunteers,williamhill_us,Caesars,2026-03-28T00:02:55Z,spreads,2026-03-28T00:02:55Z,Iowa State Cyclones,-110,-3.5
2026-03-28T00:07:32.253633+00:00,the_odds_api,basketball_ncaab,7046f8e5f278fa5a27cefcf8966620e4,2026-03-28T02:10:00Z,,Iowa State Cyclones,Tennessee Volunteers,williamhill_us,Caesars,2026-03-28T00:02:55Z,spreads,2026-03-28T00:02:55Z,Tennessee Volunteers,-110,3.5
2026-03-28T00:07:32.253633+00:00,the_odds_api,basketball_ncaab,7046f8e5f278fa5a27cefcf8966620e4,2026-03-28T02:10:00Z,,Iowa State Cyclones,Tennessee Volunteers,williamhill_us,Caesars,2026-03-28T00:02:55Z,totals,2026-03-28T00:02:55Z,Over,-110,139.5
2026-03-28T00:07:32.253633+00:00,the_odds_api,basketball_ncaab,7046f8e5f278fa5a27cefcf8966620e4,2026-03-28T02:10:00Z,,Iowa State Cyclones,Tennessee Volunteers,williamhill_us,Caesars,2026-03-28T00:02:55Z,totals,2026-03-28T00:02:55Z,Under,-110,139.5
2026-03-27T01:37:45.539754+00:00,the_odds_api,basketball_ncaab,46b1a59de36ee26bfe2ae0e3d3fdcb34,2026-03-26T23:30:50Z,,Nebraska Cornhuskers,Iowa Hawkeyes,draftkings,DraftKings,2026-03-27T01:25:28Z,spreads,2026-03-27T01:25:27Z,Iowa Hawkeyes,130,-6.5
2026-03-27T01:37:45.539754+00:00,the_odds_api,basketball_ncaab,46b1a59de36ee26bfe2ae0e3d3fdcb34,2026-03-26T23:30:50Z,,Nebraska Cornhuskers,Iowa Hawkeyes,draftkings,DraftKings,2026-03-27T01:25:28Z,spreads,2026-03-27T01:25:27Z,Nebraska Cornhuskers,-166,6.5
2026-03-27T01:37:45.539754+00:00,the_odds_api,basketball_ncaab,46b1a59de36ee26bfe2ae0e3d3fdcb34,2026-03-26T23:30:50Z,,Nebraska Cornhuskers,Iowa Hawkeyes,fanduel,FanDuel,2026-03-27T01:23:04Z,h2h,2026-03-27T01:23:04Z,Iowa Hawkeyes,-1600,
2026-03-27T01:37:45.539754+00:00,the_odds_api,basketball_ncaab,46b1a59de36ee26bfe2ae0e3d3fdcb34,2026-03-26T23:30:50Z,,Nebraska Cornhuskers,Iowa Hawkeyes,fanduel,FanDuel,2026-03-27T01:23:04Z,h2h,2026-03-27T01:23:04Z,Nebraska Cornhuskers,750,
2026-03-27T01:37:45.539754+00:00,the_odds_api,basketball_ncaab,46b1a59de36ee26bfe2ae0e3d3fdcb34,2026-03-26T23:30:50Z,,Nebraska Cornhuskers,Iowa Hawkeyes,fanduel,FanDuel,2026-03-27T01:23:04Z,spreads,2026-03-27T01:23:04Z,Iowa Hawkeyes,118,-3.5
2026-03-27T01:37:45.539754+00:00,the_odds_api,basketball_ncaab,46b1a59de36ee26bfe2ae0e3d3fdcb34,2026-03-26T23:30:50Z,,Nebraska Cornhuskers,Iowa Hawkeyes,fanduel,FanDuel,2026-03-27T01:23:04Z,spreads,2026-03-27T01:23:04Z,Nebraska Cornhuskers,-158,3.5
2026-03-27T01:08:02.885115+00:00,the_odds_api,basketball_ncaab,46b1a59de36ee26bfe2ae0e3d3fdcb34,2026-03-26T23:30:50Z,,Nebraska Cornhuskers,Iowa Hawkeyes,betrivers,BetRivers,2026-03-27T01:07:26Z,h2h,2026-03-27T01:07:25Z,Iowa Hawkeyes,165,
2026-03-27T01:08:02.885115+00:00,the_odds_api,basketball_ncaab,46b1a59de36ee26bfe2ae0e3d3fdcb34,2026-03-26T23:30:50Z,,Nebraska Cornhuskers,Iowa Hawkeyes,betrivers,BetRivers,2026-03-27T01:07:26Z,h2h,2026-03-27T01:07:25Z,Nebraska Cornhuskers,-235,
2026-03-27T01:08:02.885115+00:00,the_odds_api,basketball_ncaab,46b1a59de36ee26bfe2ae0e3d3fdcb34,2026-03-26T23:30:50Z,,Nebraska Cornhuskers,Iowa Hawkeyes,betrivers,BetRivers,2026-03-27T01:07:26Z,spreads,2026-03-27T01:07:25Z,Iowa Hawkeyes,-110,2.5
2026-03-27T01:08:02.885115+00:00,the_odds_api,basketball_ncaab,46b1a59de36ee26bfe2ae0e3d3fdcb34,2026-03-26T23:30:50Z,,Nebraska Cornhuskers,Iowa Hawkeyes,betrivers,BetRivers,2026-03-27T01:07:26Z,spreads,2026-03-27T01:07:25Z,Nebraska Cornhuskers,-129,-2.5
2026-03-27T01:08:02.885115+00:00,the_odds_api,basketball_ncaab,46b1a59de36ee26bfe2ae0e3d3fdcb34,2026-03-26T23:30:50Z,,Nebraska Cornhuskers,Iowa Hawkeyes,betrivers,BetRivers,2026-03-27T01:07:26Z,totals,2026-03-27T01:07:25Z,Over,-122,149.0
2026-03-27T01:08:02.885115+00:00,the_odds_api,basketball_ncaab,46b1a59de36ee26bfe2ae0e3d3fdcb34,2026-03-26T23:30:50Z,,Nebraska Cornhuskers,Iowa Hawkeyes,betrivers,BetRivers,2026-03-27T01:07:26Z,totals,2026-03-27T01:07:25Z,Under,-115,149.0
2026-03-26T23:38:12.251000+00:00,the_odds_api,basketball_ncaab,46b1a59de36ee26bfe2ae0e3d3fdcb34,2026-03-26T23:30:50Z,,Nebraska Cornhuskers,Iowa Hawkeyes,betonlineag,BetOnline.ag,2026-03-26T23:32:31Z,h2h,2026-03-26T23:32:31Z,Iowa Hawkeyes,106,
2026-03-26T23:38:12.251000+00:00,the_odds_api,basketball_ncaab,46b1a59de36ee26bfe2ae0e3d3fdcb34,2026-03-26T23:30:50Z,,Nebraska Cornhuskers,Iowa Hawkeyes,betonlineag,BetOnline.ag,2026-03-26T23:32:31Z,h2h,2026-03-26T23:32:31Z,Nebraska Cornhuskers,-126,
2026-03-26T23:38:12.251000+00:00,the_odds_api,basketball_ncaab,46b1a59de36ee26bfe2ae0e3d3fdcb34,2026-03-26T23:30:50Z,,Nebraska Cornhuskers,Iowa Hawkeyes,betonlineag,BetOnline.ag,2026-03-26T23:32:31Z,spreads,2026-03-26T23:32:31Z,Iowa Hawkeyes,-104,1.5
2026-03-26T23:38:12.251000+00:00,the_odds_api,basketball_ncaab,46b1a59de36ee26bfe2ae0e3d3fdcb34,2026-03-26T23:30:50Z,,Nebraska Cornhuskers,Iowa Hawkeyes,betonlineag,BetOnline.ag,2026-03-26T23:32:31Z,spreads,2026-03-26T23:32:31Z,Nebraska Cornhuskers,-116,-1.5
2026-03-26T23:38:12.251000+00:00,the_odds_api,basketball_ncaab,46b1a59de36ee26bfe2ae0e3d3fdcb34,2026-03-26T23:30:50Z,,Nebraska Cornhuskers,Iowa Hawkeyes,betonlineag,BetOnline.ag,2026-03-26T23:32:31Z,totals,2026-03-26T23:32:31Z,Over,-110,131.5
2026-03-26T23:38:12.251000+00:00,the_odds_api,basketball_ncaab,46b1a59de36ee26bfe2ae0e3d3fdcb34,2026-03-26T23:30:50Z,,Nebraska Cornhuskers,Iowa Hawkeyes,betonlineag,BetOnline.ag,2026-03-26T23:32:31Z,totals,2026-03-26T23:32:31Z,Under,-110,131.5
2026-03-26T23:38:12.251000+00:00,the_odds_api,basketball_ncaab,46b1a59de36ee26bfe2ae0e3d3fdcb34,2026-03-26T23:30:50Z,,Nebraska Cornhuskers,Iowa Hawkeyes,lowvig,LowVig.ag,2026-03-26T23:31:57Z,h2h,2026-03-26T23:31:57Z,Iowa Hawkeyes,106,
2026-03-26T23:38:12.251000+00:00,the_odds_api,basketball_ncaab,46b1a59de36ee26bfe2ae0e3d3fdcb34,2026-03-26T23:30:50Z,,Nebraska Cornhuskers,Iowa Hawkeyes,lowvig,LowVig.ag,2026-03-26T23:31:57Z,h2h,2026-03-26T23:31:57Z,Nebraska Cornhuskers,-126,
2026-03-26T23:38:12.251000+00:00,the_odds_api,basketball_ncaab,46b1a59de36ee26bfe2ae0e3d3fdcb34,2026-03-26T23:30:50Z,,Nebraska Cornhuskers,Iowa Hawkeyes,lowvig,LowVig.ag,2026-03-26T23:31:57Z,spreads,2026-03-26T23:31:57Z,Iowa Hawkeyes,100,1.5
2026-03-26T23:38:12.251000+00:00,the_odds_api,basketball_ncaab,46b1a59de36ee26bfe2ae0e3d3fdcb34,2026-03-26T23:30:50Z,,Nebraska Cornhuskers,Iowa Hawkeyes,lowvig,LowVig.ag,2026-03-26T23:31:57Z,spreads,2026-03-26T23:31:57Z,Nebraska Cornhuskers,-112,-1.5
2026-03-26T23:38:12.251000+00:00,the_odds_api,basketball_ncaab,46b1a59de36ee26bfe2ae0e3d3fdcb34,2026-03-26T23:30:50Z,,Nebraska Cornhuskers,Iowa Hawkeyes,lowvig,LowVig.ag,2026-03-26T23:31:57Z,totals,2026-03-26T23:31:57Z,Over,-108,131.5
2026-03-26T23:38:12.251000+00:00,the_odds_api,basketball_ncaab,46b1a59de36ee26bfe2ae0e3d3fdcb34,2026-03-26T23:30:50Z,,Nebraska Cornhuskers,Iowa Hawkeyes,lowvig,LowVig.ag,2026-03-26T23:31:57Z,totals,2026-03-26T23:31:57Z,Under,-108,131.5
2026-03-27T01:37:45.539754+00:00,the_odds_api,basketball_ncaab,46b1a59de36ee26bfe2ae0e3d3fdcb34,2026-03-26T23:30:50Z,,Nebraska Cornhuskers,Iowa Hawkeyes,betmgm,BetMGM,2026-03-27T01:25:39Z,spreads,2026-03-27T01:25:39Z,Iowa Hawkeyes,118,-6.5
2026-03-27T01:37:45.539754+00:00,the_odds_api,basketball_ncaab,46b1a59de36ee26bfe2ae0e3d3fdcb34,2026-03-26T23:30:50Z,,Nebraska Cornhuskers,Iowa Hawkeyes,betmgm,BetMGM,2026-03-27T01:25:39Z,spreads,2026-03-27T01:25:39Z,Nebraska Cornhuskers,-155,6.5
2026-03-27T01:08:02.885115+00:00,the_odds_api,basketball_ncaab,46b1a59de36ee26bfe2ae0e3d3fdcb34,2026-03-26T23:30:50Z,,Nebraska Cornhuskers,Iowa Hawkeyes,bovada,Bovada,2026-03-27T01:06:14Z,h2h,2026-03-27T01:06:14Z,Iowa Hawkeyes,170,
2026-03-27T01:08:02.885115+00:00,the_odds_api,basketball_ncaab,46b1a59de36ee26bfe2ae0e3d3fdcb34,2026-03-26T23:30:50Z,,Nebraska Cornhuskers,Iowa Hawkeyes,bovada,Bovada,2026-03-27T01:06:14Z,h2h,2026-03-27T01:06:14Z,Nebraska Cornhuskers,-225,
2026-03-27T01:08:02.885115+00:00,the_odds_api,basketball_ncaab,46b1a59de36ee26bfe2ae0e3d3fdcb34,2026-03-26T23:30:50Z,,Nebraska Cornhuskers,Iowa Hawkeyes,bovada,Bovada,2026-03-27T01:06:14Z,spreads,2026-03-27T01:06:14Z,Iowa Hawkeyes,-110,2.5
2026-03-27T01:08:02.885115+00:00,the_odds_api,basketball_ncaab,46b1a59de36ee26bfe2ae0e3d3fdcb34,2026-03-26T23:30:50Z,,Nebraska Cornhuskers,Iowa Hawkeyes,bovada,Bovada,2026-03-27T01:06:14Z,spreads,2026-03-27T01:06:14Z,Nebraska Cornhuskers,-120,-2.5
2026-03-27T01:08:02.885115+00:00,the_odds_api,basketball_ncaab,46b1a59de36ee26bfe2ae0e3d3fdcb34,2026-03-26T23:30:50Z,,Nebraska Cornhuskers,Iowa Hawkeyes,bovada,Bovada,2026-03-27T01:06:14Z,totals,2026-03-27T01:06:14Z,Over,-115,149.5
2026-03-27T01:08:02.885115+00:00,the_odds_api,basketball_ncaab,46b1a59de36ee26bfe2ae0e3d3fdcb34,2026-03-26T23:30:50Z,,Nebraska Cornhuskers,Iowa Hawkeyes,bovada,Bovada,2026-03-27T01:06:14Z,totals,2026-03-27T01:06:14Z,Under,-115,149.5
2026-03-27T02:37:48.944386+00:00,the_odds_api,basketball_ncaab,f1d5502ed3f4cc204b50e2c84e7239f4,2026-03-27T02:06:30Z,,Arizona Wildcats,Arkansas Razorbacks,draftkings,DraftKings,2026-03-27T02:37:22Z,h2h,2026-03-27T02:37:22Z,Arizona Wildcats,-1450,
2026-03-27T02:37:48.944386+00:00,the_odds_api,basketball_ncaab,f1d5502ed3f4cc204b50e2c84e7239f4,2026-03-27T02:06:30Z,,Arizona Wildcats,Arkansas Razorbacks,draftkings,DraftKings,2026-03-27T02:37:22Z,h2h,2026-03-27T02:37:22Z,Arkansas Razorbacks,750,
2026-03-27T02:37:48.944386+00:00,the_odds_api,basketball_ncaab,f1d5502ed3f4cc204b50e2c84e7239f4,2026-03-27T02:06:30Z,,Arizona Wildcats,Arkansas Razorbacks,draftkings,DraftKings,2026-03-27T02:37:22Z,spreads,2026-03-27T02:37:22Z,Arizona Wildcats,-120,-12.5
2026-03-27T02:37:48.944386+00:00,the_odds_api,basketball_ncaab,f1d5502ed3f4cc204b50e2c84e7239f4,2026-03-27T02:06:30Z,,Arizona Wildcats,Arkansas Razorbacks,draftkings,DraftKings,2026-03-27T02:37:22Z,spreads,2026-03-27T02:37:22Z,Arkansas Razorbacks,-110,12.5
2026-03-27T02:37:48.944386+00:00,the_odds_api,basketball_ncaab,f1d5502ed3f4cc204b50e2c84e7239f4,2026-03-27T02:06:30Z,,Arizona Wildcats,Arkansas Razorbacks,draftkings,DraftKings,2026-03-27T02:37:22Z,totals,2026-03-27T02:37:22Z,Over,-110,173.5
2026-03-27T02:37:48.944386+00:00,the_odds_api,basketball_ncaab,f1d5502ed3f4cc204b50e2c84e7239f4,2026-03-27T02:06:30Z,,Arizona Wildcats,Arkansas Razorbacks,draftkings,DraftKings,2026-03-27T02:37:22Z,totals,2026-03-27T02:37:22Z,Under,-120,173.5
2026-03-27T02:37:48.944386+00:00,the_odds_api,basketball_ncaab,f1d5502ed3f4cc204b50e2c84e7239f4,2026-03-27T02:06:30Z,,Arizona Wildcats,Arkansas Razorbacks,fanduel,FanDuel,2026-03-27T02:37:33Z,h2h,2026-03-27T02:37:33Z,Arizona Wildcats,-1600,
2026-03-27T02:37:48.944386+00:00,the_odds_api,basketball_ncaab,f1d5502ed3f4cc204b50e2c84e7239f4,2026-03-27T02:06:30Z,,Arizona Wildcats,Arkansas Razorbacks,fanduel,FanDuel,2026-03-27T02:37:33Z,h2h,2026-03-27T02:37:33Z,Arkansas Razorbacks,750,
2026-03-27T02:37:48.944386+00:00,the_odds_api,basketball_ncaab,f1d5502ed3f4cc204b50e2c84e7239f4,2026-03-27T02:06:30Z,,Arizona Wildcats,Arkansas Razorbacks,fanduel,FanDuel,2026-03-27T02:37:33Z,spreads,2026-03-27T02:37:33Z,Arizona Wildcats,-120,-12.5
2026-03-27T02:37:48.944386+00:00,the_odds_api,basketball_ncaab,f1d5502ed3f4cc204b50e2c84e7239f4,2026-03-27T02:06:30Z,,Arizona Wildcats,Arkansas Razorbacks,fanduel,FanDuel,2026-03-27T02:37:33Z,spreads,2026-03-27T02:37:33Z,Arkansas Razorbacks,-110,12.5
2026-03-27T02:37:48.944386+00:00,the_odds_api,basketball_ncaab,f1d5502ed3f4cc204b50e2c84e7239f4,2026-03-27T02:06:30Z,,Arizona Wildcats,Arkansas Razorbacks,fanduel,FanDuel,2026-03-27T02:37:33Z,totals,2026-03-27T02:37:33Z,Over,-118,174.5
2026-03-27T02:37:48.944386+00:00,the_odds_api,basketball_ncaab,f1d5502ed3f4cc204b50e2c84e7239f4,2026-03-27T02:06:30Z,,Arizona Wildcats,Arkansas Razorbacks,fanduel,FanDuel,2026-03-27T02:37:33Z,totals,2026-03-27T02:37:33Z,Under,-112,174.5
2026-03-27T02:07:50.328299+00:00,the_odds_api,basketball_ncaab,f1d5502ed3f4cc204b50e2c84e7239f4,2026-03-27T02:06:30Z,,Arizona Wildcats,Arkansas Razorbacks,lowvig,LowVig.ag,2026-03-27T02:06:39Z,h2h,2026-03-27T02:06:39Z,Arizona Wildcats,-415,
2026-03-27T02:07:50.328299+00:00,the_odds_api,basketball_ncaab,f1d5502ed3f4cc204b50e2c84e7239f4,2026-03-27T02:06:30Z,,Arizona Wildcats,Arkansas Razorbacks,lowvig,LowVig.ag,2026-03-27T02:06:39Z,h2h,2026-03-27T02:06:39Z,Arkansas Razorbacks,327,
2026-03-27T02:07:50.328299+00:00,the_odds_api,basketball_ncaab,f1d5502ed3f4cc204b50e2c84e7239f4,2026-03-27T02:06:30Z,,Arizona Wildcats,Arkansas Razorbacks,lowvig,LowVig.ag,2026-03-27T02:06:39Z,spreads,2026-03-27T02:06:39Z,Arizona Wildcats,-111,-8.0
2026-03-27T02:07:50.328299+00:00,the_odds_api,basketball_ncaab,f1d5502ed3f4cc204b50e2c84e7239f4,2026-03-27T02:06:30Z,,Arizona Wildcats,Arkansas Razorbacks,lowvig,LowVig.ag,2026-03-27T02:06:39Z,spreads,2026-03-27T02:06:39Z,Arkansas Razorbacks,-101,8.0
2026-03-27T02:07:50.328299+00:00,the_odds_api,basketball_ncaab,f1d5502ed3f4cc204b50e2c84e7239f4,2026-03-27T02:06:30Z,,Arizona Wildcats,Arkansas Razorbacks,lowvig,LowVig.ag,2026-03-27T02:06:39Z,totals,2026-03-27T02:06:39Z,Over,-113,166.0
2026-03-27T02:07:50.328299+00:00,the_odds_api,basketball_ncaab,f1d5502ed3f4cc204b50e2c84e7239f4,2026-03-27T02:06:30Z,,Arizona Wildcats,Arkansas Razorbacks,lowvig,LowVig.ag,2026-03-27T02:06:39Z,totals,2026-03-27T02:06:39Z,Under,-103,166.0
2026-03-27T02:07:50.328299+00:00,the_odds_api,basketball_ncaab,f1d5502ed3f4cc204b50e2c84e7239f4,2026-03-27T02:06:30Z,,Arizona Wildcats,Arkansas Razorbacks,betonlineag,BetOnline.ag,2026-03-27T02:06:49Z,h2h,2026-03-27T02:06:49Z,Arizona Wildcats,-415,
2026-03-27T02:07:50.328299+00:00,the_odds_api,basketball_ncaab,f1d5502ed3f4cc204b50e2c84e7239f4,2026-03-27T02:06:30Z,,Arizona Wildcats,Arkansas Razorbacks,betonlineag,BetOnline.ag,2026-03-27T02:06:49Z,h2h,2026-03-27T02:06:49Z,Arkansas Razorbacks,327,
2026-03-27T02:07:50.328299+00:00,the_odds_api,basketball_ncaab,f1d5502ed3f4cc204b50e2c84e7239f4,2026-03-27T02:06:30Z,,Arizona Wildcats,Arkansas Razorbacks,betonlineag,BetOnline.ag,2026-03-27T02:06:49Z,spreads,2026-03-27T02:06:49Z,Arizona Wildcats,-115,-8.0
2026-03-27T02:07:50.328299+00:00,the_odds_api,basketball_ncaab,f1d5502ed3f4cc204b50e2c84e7239f4,2026-03-27T02:06:30Z,,Arizona Wildcats,Arkansas Razorbacks,betonlineag,BetOnline.ag,2026-03-27T02:06:49Z,spreads,2026-03-27T02:06:49Z,Arkansas Razorbacks,-105,8.0
2026-03-27T02:07:50.328299+00:00,the_odds_api,basketball_ncaab,f1d5502ed3f4cc204b50e2c84e7239f4,2026-03-27T02:06:30Z,,Arizona Wildcats,Arkansas Razorbacks,betonlineag,BetOnline.ag,2026-03-27T02:06:49Z,totals,2026-03-27T02:06:49Z,Over,-115,166.0
2026-03-27T02:07:50.328299+00:00,the_odds_api,basketball_ncaab,f1d5502ed3f4cc204b50e2c84e7239f4,2026-03-27T02:06:30Z,,Arizona Wildcats,Arkansas Razorbacks,betonlineag,BetOnline.ag,2026-03-27T02:06:49Z,totals,2026-03-27T02:06:49Z,Under,-105,166.0
2026-03-27T01:37:45.539754+00:00,the_odds_api,basketball_ncaab,46b1a59de36ee26bfe2ae0e3d3fdcb34,2026-03-26T23:30:50Z,,Nebraska Cornhuskers,Iowa Hawkeyes,williamhill_us,Caesars,2026-03-27T01:25:30Z,spreads,2026-03-27T01:25:30Z,Iowa Hawkeyes,-140,-9.5
2026-03-27T01:37:45.539754+00:00,the_odds_api,basketball_ncaab,46b1a59de36ee26bfe2ae0e3d3fdcb34,2026-03-26T23:30:50Z,,Nebraska Cornhuskers,Iowa Hawkeyes,williamhill_us,Caesars,2026-03-27T01:25:30Z,spreads,2026-03-27T01:25:30Z,Nebraska Cornhuskers,110,9.5
2026-03-27T01:08:02.885115+00:00,the_odds_api,basketball_ncaab,46b1a59de36ee26bfe2ae0e3d3fdcb34,2026-03-26T23:30:50Z,,Nebraska Cornhuskers,Iowa Hawkeyes,mybookieag,MyBookie.ag,2026-03-27T01:07:58Z,h2h,2026-03-27T01:07:58Z,Iowa Hawkeyes,130,
2026-03-27T01:08:02.885115+00:00,the_odds_api,basketball_ncaab,46b1a59de36ee26bfe2ae0e3d3fdcb34,2026-03-26T23:30:50Z,,Nebraska Cornhuskers,Iowa Hawkeyes,mybookieag,MyBookie.ag,2026-03-27T01:07:58Z,h2h,2026-03-27T01:07:58Z,Nebraska Cornhuskers,-182,
2026-03-27T01:08:02.885115+00:00,the_odds_api,basketball_ncaab,46b1a59de36ee26bfe2ae0e3d3fdcb34,2026-03-26T23:30:50Z,,Nebraska Cornhuskers,Iowa Hawkeyes,mybookieag,MyBookie.ag,2026-03-27T01:07:58Z,spreads,2026-03-27T01:07:58Z,Iowa Hawkeyes,-125,2.5
2026-03-27T01:08:02.885115+00:00,the_odds_api,basketball_ncaab,46b1a59de36ee26bfe2ae0e3d3fdcb34,2026-03-26T23:30:50Z,,Nebraska Cornhuskers,Iowa Hawkeyes,mybookieag,MyBookie.ag,2026-03-27T01:07:58Z,spreads,2026-03-27T01:07:58Z,Nebraska Cornhuskers,-111,-2.5
2026-03-27T01:08:02.885115+00:00,the_odds_api,basketball_ncaab,46b1a59de36ee26bfe2ae0e3d3fdcb34,2026-03-26T23:30:50Z,,Nebraska Cornhuskers,Iowa Hawkeyes,mybookieag,MyBookie.ag,2026-03-27T01:07:58Z,totals,2026-03-27T01:07:58Z,Over,-125,150.5
2026-03-27T01:08:02.885115+00:00,the_odds_api,basketball_ncaab,46b1a59de36ee26bfe2ae0e3d3fdcb34,2026-03-26T23:30:50Z,,Nebraska Cornhuskers,Iowa Hawkeyes,mybookieag,MyBookie.ag,2026-03-27T01:07:58Z,totals,2026-03-27T01:07:58Z,Under,-111,150.5
2026-03-27T02:37:48.944386+00:00,the_odds_api,basketball_ncaab,f1d5502ed3f4cc204b50e2c84e7239f4,2026-03-27T02:06:30Z,,Arizona Wildcats,Arkansas Razorbacks,williamhill_us,Caesars,2026-03-27T02:35:30Z,h2h,2026-03-27T02:35:30Z,Arizona Wildcats,-1200,
2026-03-27T02:37:48.944386+00:00,the_odds_api,basketball_ncaab,f1d5502ed3f4cc204b50e2c84e7239f4,2026-03-27T02:06:30Z,,Arizona Wildcats,Arkansas Razorbacks,williamhill_us,Caesars,2026-03-27T02:35:30Z,h2h,2026-03-27T02:35:30Z,Arkansas Razorbacks,670,
2026-03-27T02:37:48.944386+00:00,the_odds_api,basketball_ncaab,f1d5502ed3f4cc204b50e2c84e7239f4,2026-03-27T02:06:30Z,,Arizona Wildcats,Arkansas Razorbacks,williamhill_us,Caesars,2026-03-27T02:35:30Z,spreads,2026-03-27T02:35:30Z,Arizona Wildcats,-110,-12.5
2026-03-27T02:37:48.944386+00:00,the_odds_api,basketball_ncaab,f1d5502ed3f4cc204b50e2c84e7239f4,2026-03-27T02:06:30Z,,Arizona Wildcats,Arkansas Razorbacks,williamhill_us,Caesars,2026-03-27T02:35:30Z,spreads,2026-03-27T02:35:30Z,Arkansas Razorbacks,-120,12.5
2026-03-27T02:37:48.944386+00:00,the_odds_api,basketball_ncaab,f1d5502ed3f4cc204b50e2c84e7239f4,2026-03-27T02:06:30Z,,Arizona Wildcats,Arkansas Razorbacks,williamhill_us,Caesars,2026-03-27T02:35:30Z,totals,2026-03-27T02:35:30Z,Over,-115,177.5
2026-03-27T02:37:48.944386+00:00,the_odds_api,basketball_ncaab,f1d5502ed3f4cc204b50e2c84e7239f4,2026-03-27T02:06:30Z,,Arizona Wildcats,Arkansas Razorbacks,williamhill_us,Caesars,2026-03-27T02:35:30Z,totals,2026-03-27T02:35:30Z,Under,-115,177.5
2026-03-27T02:37:48.944386+00:00,the_odds_api,basketball_ncaab,f1d5502ed3f4cc204b50e2c84e7239f4,2026-03-27T02:06:30Z,,Arizona Wildcats,Arkansas Razorbacks,betrivers,BetRivers,2026-03-27T02:37:23Z,h2h,2026-03-27T02:37:23Z,Arizona Wildcats,-1430,
2026-03-27T02:37:48.944386+00:00,the_odds_api,basketball_ncaab,f1d5502ed3f4cc204b50e2c84e7239f4,2026-03-27T02:06:30Z,,Arizona Wildcats,Arkansas Razorbacks,betrivers,BetRivers,2026-03-27T02:37:23Z,h2h,2026-03-27T02:37:23Z,Arkansas Razorbacks,650,
2026-03-27T02:37:48.944386+00:00,the_odds_api,basketball_ncaab,f1d5502ed3f4cc204b50e2c84e7239f4,2026-03-27T02:06:30Z,,Arizona Wildcats,Arkansas Razorbacks,betrivers,BetRivers,2026-03-27T02:37:23Z,spreads,2026-03-27T02:37:23Z,Arizona Wildcats,-120,-13.5
2026-03-27T02:37:48.944386+00:00,the_odds_api,basketball_ncaab,f1d5502ed3f4cc204b50e2c84e7239f4,2026-03-27T02:06:30Z,,Arizona Wildcats,Arkansas Razorbacks,betrivers,BetRivers,2026-03-27T02:37:23Z,spreads,2026-03-27T02:37:23Z,Arkansas Razorbacks,-120,13.5
2026-03-27T02:37:48.944386+00:00,the_odds_api,basketball_ncaab,f1d5502ed3f4cc204b50e2c84e7239f4,2026-03-27T02:06:30Z,,Arizona Wildcats,Arkansas Razorbacks,betrivers,BetRivers,2026-03-27T02:37:23Z,totals,2026-03-27T02:37:23Z,Over,-120,173.0
2026-03-27T02:37:48.944386+00:00,the_odds_api,basketball_ncaab,f1d5502ed3f4cc204b50e2c84e7239f4,2026-03-27T02:06:30Z,,Arizona Wildcats,Arkansas Razorbacks,betrivers,BetRivers,2026-03-27T02:37:23Z,totals,2026-03-27T02:37:23Z,Under,-120,173.0
2026-03-27T02:37:48.944386+00:00,the_odds_api,basketball_ncaab,f1d5502ed3f4cc204b50e2c84e7239f4,2026-03-27T02:06:30Z,,Arizona Wildcats,Arkansas Razorbacks,mybookieag,MyBookie.ag,2026-03-27T02:37:45Z,h2h,2026-03-27T02:37:45Z,Arizona Wildcats,-1250,
2026-03-27T02:37:48.944386+00:00,the_odds_api,basketball_ncaab,f1d5502ed3f4cc204b50e2c84e7239f4,2026-03-27T02:06:30Z,,Arizona Wildcats,Arkansas Razorbacks,mybookieag,MyBookie.ag,2026-03-27T02:37:45Z,h2h,2026-03-27T02:37:45Z,Arkansas Razorbacks,550,
2026-03-27T02:37:48.944386+00:00,the_odds_api,basketball_ncaab,f1d5502ed3f4cc204b50e2c84e7239f4,2026-03-27T02:06:30Z,,Arizona Wildcats,Arkansas Razorbacks,mybookieag,MyBookie.ag,2026-03-27T02:37:45Z,spreads,2026-03-27T02:37:45Z,Arizona Wildcats,-118,-12.5
2026-03-27T02:37:48.944386+00:00,the_odds_api,basketball_ncaab,f1d5502ed3f4cc204b50e2c84e7239f4,2026-03-27T02:06:30Z,,Arizona Wildcats,Arkansas Razorbacks,mybookieag,MyBookie.ag,2026-03-27T02:37:45Z,spreads,2026-03-27T02:37:45Z,Arkansas Razorbacks,-118,12.5
2026-03-27T02:37:48.944386+00:00,the_odds_api,basketball_ncaab,f1d5502ed3f4cc204b50e2c84e7239f4,2026-03-27T02:06:30Z,,Arizona Wildcats,Arkansas Razorbacks,mybookieag,MyBookie.ag,2026-03-27T02:37:45Z,totals,2026-03-27T02:37:45Z,Over,-118,177.5
2026-03-27T02:37:48.944386+00:00,the_odds_api,basketball_ncaab,f1d5502ed3f4cc204b50e2c84e7239f4,2026-03-27T02:06:30Z,,Arizona Wildcats,Arkansas Razorbacks,mybookieag,MyBookie.ag,2026-03-27T02:37:45Z,totals,2026-03-27T02:37:45Z,Under,-118,177.5
2026-03-27T02:37:48.944386+00:00,the_odds_api,basketball_ncaab,f1d5502ed3f4cc204b50e2c84e7239f4,2026-03-27T02:06:30Z,,Arizona Wildcats,Arkansas Razorbacks,bovada,Bovada,2026-03-27T02:36:34Z,h2h,2026-03-27T02:36:34Z,Arizona Wildcats,-1100,
2026-03-27T02:37:48.944386+00:00,the_odds_api,basketball_ncaab,f1d5502ed3f4cc204b50e2c84e7239f4,2026-03-27T02:06:30Z,,Arizona Wildcats,Arkansas Razorbacks,bovada,Bovada,2026-03-27T02:36:34Z,h2h,2026-03-27T02:36:34Z,Arkansas Razorbacks,600,
2026-03-27T02:37:48.944386+00:00,the_odds_api,basketball_ncaab,f1d5502ed3f4cc204b50e2c84e7239f4,2026-03-27T02:06:30Z,,Arizona Wildcats,Arkansas Razorbacks,bovada,Bovada,2026-03-27T02:36:34Z,spreads,2026-03-27T02:36:34Z,Arizona Wildcats,-115,-13.5
2026-03-27T02:37:48.944386+00:00,the_odds_api,basketball_ncaab,f1d5502ed3f4cc204b50e2c84e7239f4,2026-03-27T02:06:30Z,,Arizona Wildcats,Arkansas Razorbacks,bovada,Bovada,2026-03-27T02:36:34Z,spreads,2026-03-27T02:36:34Z,Arkansas Razorbacks,-115,13.5
2026-03-27T02:37:48.944386+00:00,the_odds_api,basketball_ncaab,f1d5502ed3f4cc204b50e2c84e7239f4,2026-03-27T02:06:30Z,,Arizona Wildcats,Arkansas Razorbacks,bovada,Bovada,2026-03-27T02:36:34Z,totals,2026-03-27T02:36:34Z,Over,-115,176.0
2026-03-27T02:37:48.944386+00:00,the_odds_api,basketball_ncaab,f1d5502ed3f4cc204b50e2c84e7239f4,2026-03-27T02:06:30Z,,Arizona Wildcats,Arkansas Razorbacks,bovada,Bovada,2026-03-27T02:36:34Z,totals,2026-03-27T02:36:34Z,Under,-115,176.0
2026-03-27T02:37:48.944386+00:00,the_odds_api,basketball_ncaab,f1d5502ed3f4cc204b50e2c84e7239f4,2026-03-27T02:06:30Z,,Arizona Wildcats,Arkansas Razorbacks,betmgm,BetMGM,2026-03-27T02:37:45Z,h2h,2026-03-27T02:37:45Z,Arizona Wildcats,-1600,
2026-03-27T02:37:48.944386+00:00,the_odds_api,basketball_ncaab,f1d5502ed3f4cc204b50e2c84e7239f4,2026-03-27T02:06:30Z,,Arizona Wildcats,Arkansas Razorbacks,betmgm,BetMGM,2026-03-27T02:37:45Z,h2h,2026-03-27T02:37:45Z,Arkansas Razorbacks,750,
2026-03-27T02:37:48.944386+00:00,the_odds_api,basketball_ncaab,f1d5502ed3f4cc204b50e2c84e7239f4,2026-03-27T02:06:30Z,,Arizona Wildcats,Arkansas Razorbacks,betmgm,BetMGM,2026-03-27T02:37:45Z,spreads,2026-03-27T02:37:45Z,Arizona Wildcats,-115,-13.5
2026-03-27T02:37:48.944386+00:00,the_odds_api,basketball_ncaab,f1d5502ed3f4cc204b50e2c84e7239f4,2026-03-27T02:06:30Z,,Arizona Wildcats,Arkansas Razorbacks,betmgm,BetMGM,2026-03-27T02:37:45Z,spreads,2026-03-27T02:37:45Z,Arkansas Razorbacks,-115,13.5
2026-03-27T02:37:48.944386+00:00,the_odds_api,basketball_ncaab,f1d5502ed3f4cc204b50e2c84e7239f4,2026-03-27T02:06:30Z,,Arizona Wildcats,Arkansas Razorbacks,betmgm,BetMGM,2026-03-27T02:37:45Z,totals,2026-03-27T02:37:45Z,Over,-115,174.5
2026-03-27T02:37:48.944386+00:00,the_odds_api,basketball_ncaab,f1d5502ed3f4cc204b50e2c84e7239f4,2026-03-27T02:06:30Z,,Arizona Wildcats,Arkansas Razorbacks,betmgm,BetMGM,2026-03-27T02:37:45Z,totals,2026-03-27T02:37:45Z,Under,-110,174.5
2026-03-28T00:07:32.253633+00:00,the_odds_api,basketball_ncaab,731c2ebbe43e00cbf104f9cbefaaaf63,2026-03-27T23:11:16Z,,Duke Blue Devils,St. John's Red Storm,mybookieag,MyBookie.ag,2026-03-28T00:07:27Z,h2h,2026-03-28T00:07:26Z,Duke Blue Devils,-333,
2026-03-28T00:07:32.253633+00:00,the_odds_api,basketball_ncaab,731c2ebbe43e00cbf104f9cbefaaaf63,2026-03-27T23:11:16Z,,Duke Blue Devils,St. John's Red Storm,mybookieag,MyBookie.ag,2026-03-28T00:07:27Z,h2h,2026-03-28T00:07:26Z,St. John's Red Storm,210,
2026-03-28T00:07:32.253633+00:00,the_odds_api,basketball_ncaab,731c2ebbe43e00cbf104f9cbefaaaf63,2026-03-27T23:11:16Z,,Duke Blue Devils,St. John's Red Storm,mybookieag,MyBookie.ag,2026-03-28T00:07:27Z,spreads,2026-03-28T00:07:26Z,Duke Blue Devils,-111,-5.5
2026-03-28T00:07:32.253633+00:00,the_odds_api,basketball_ncaab,731c2ebbe43e00cbf104f9cbefaaaf63,2026-03-27T23:11:16Z,,Duke Blue Devils,St. John's Red Storm,mybookieag,MyBookie.ag,2026-03-28T00:07:27Z,spreads,2026-03-28T00:07:26Z,St. John's Red Storm,-125,5.5
2026-03-28T00:07:32.253633+00:00,the_odds_api,basketball_ncaab,731c2ebbe43e00cbf104f9cbefaaaf63,2026-03-27T23:11:16Z,,Duke Blue Devils,St. John's Red Storm,mybookieag,MyBookie.ag,2026-03-28T00:07:27Z,totals,2026-03-28T00:07:26Z,Over,-111,152.5
2026-03-28T00:07:32.253633+00:00,the_odds_api,basketball_ncaab,731c2ebbe43e00cbf104f9cbefaaaf63,2026-03-27T23:11:16Z,,Duke Blue Devils,St. John's Red Storm,mybookieag,MyBookie.ag,2026-03-28T00:07:27Z,totals,2026-03-28T00:07:26Z,Under,-118,152.5
2026-03-28T00:07:32.253633+00:00,the_odds_api,basketball_ncaab,731c2ebbe43e00cbf104f9cbefaaaf63,2026-03-27T23:11:16Z,,Duke Blue Devils,St. John's Red Storm,betrivers,BetRivers,2026-03-28T00:07:27Z,h2h,2026-03-28T00:07:27Z,Duke Blue Devils,-205,
2026-03-28T00:07:32.253633+00:00,the_odds_api,basketball_ncaab,731c2ebbe43e00cbf104f9cbefaaaf63,2026-03-27T23:11:16Z,,Duke Blue Devils,St. John's Red Storm,betrivers,BetRivers,2026-03-28T00:07:27Z,h2h,2026-03-28T00:07:27Z,St. John's Red Storm,145,
2026-03-28T00:07:32.253633+00:00,the_odds_api,basketball_ncaab,731c2ebbe43e00cbf104f9cbefaaaf63,2026-03-27T23:11:16Z,,Duke Blue Devils,St. John's Red Storm,betrivers,BetRivers,2026-03-28T00:07:27Z,spreads,2026-03-28T00:07:27Z,Duke Blue Devils,-113,-3.5
2026-03-28T00:07:32.253633+00:00,the_odds_api,basketball_ncaab,731c2ebbe43e00cbf104f9cbefaaaf63,2026-03-27T23:11:16Z,,Duke Blue Devils,St. John's Red Storm,betrivers,BetRivers,2026-03-28T00:07:27Z,spreads,2026-03-28T00:07:27Z,St. John's Red Storm,-125,3.5
2026-03-28T00:07:32.253633+00:00,the_odds_api,basketball_ncaab,731c2ebbe43e00cbf104f9cbefaaaf63,2026-03-27T23:11:16Z,,Duke Blue Devils,St. John's Red Storm,betrivers,BetRivers,2026-03-28T00:07:27Z,totals,2026-03-28T00:07:27Z,Over,-118,154.5
2026-03-28T00:07:32.253633+00:00,the_odds_api,basketball_ncaab,731c2ebbe43e00cbf104f9cbefaaaf63,2026-03-27T23:11:16Z,,Duke Blue Devils,St. John's Red Storm,betrivers,BetRivers,2026-03-28T00:07:27Z,totals,2026-03-28T00:07:27Z,Under,-121,154.5
2026-03-28T00:07:32.253633+00:00,the_odds_api,basketball_ncaab,731c2ebbe43e00cbf104f9cbefaaaf63,2026-03-27T23:11:16Z,,Duke Blue Devils,St. John's Red Storm,bovada,Bovada,2026-03-28T00:06:23Z,h2h,2026-03-28T00:06:23Z,Duke Blue Devils,-220,
2026-03-28T00:07:32.253633+00:00,the_odds_api,basketball_ncaab,731c2ebbe43e00cbf104f9cbefaaaf63,2026-03-27T23:11:16Z,,Duke Blue Devils,St. John's Red Storm,bovada,Bovada,2026-03-28T00:06:23Z,h2h,2026-03-28T00:06:23Z,St. John's Red Storm,165,
2026-03-28T00:07:32.253633+00:00,the_odds_api,basketball_ncaab,731c2ebbe43e00cbf104f9cbefaaaf63,2026-03-27T23:11:16Z,,Duke Blue Devils,St. John's Red Storm,bovada,Bovada,2026-03-28T00:06:23Z,spreads,2026-03-28T00:06:23Z,Duke Blue Devils,-110,-4.0
2026-03-28T00:07:32.253633+00:00,the_odds_api,basketball_ncaab,731c2ebbe43e00cbf104f9cbefaaaf63,2026-03-27T23:11:16Z,,Duke Blue Devils,St. John's Red Storm,bovada,Bovada,2026-03-28T00:06:23Z,spreads,2026-03-28T00:06:23Z,St. John's Red Storm,-120,4.0
2026-03-28T00:07:32.253633+00:00,the_odds_api,basketball_ncaab,731c2ebbe43e00cbf104f9cbefaaaf63,2026-03-27T23:11:16Z,,Duke Blue Devils,St. John's Red Storm,bovada,Bovada,2026-03-28T00:06:23Z,totals,2026-03-28T00:06:23Z,Over,-115,154.5
2026-03-28T00:07:32.253633+00:00,the_odds_api,basketball_ncaab,731c2ebbe43e00cbf104f9cbefaaaf63,2026-03-27T23:11:16Z,,Duke Blue Devils,St. John's Red Storm,bovada,Bovada,2026-03-28T00:06:23Z,totals,2026-03-28T00:06:23Z,Under,-115,154.5
2026-03-28T00:07:32.253633+00:00,the_odds_api,basketball_ncaab,38719ab42b9d3e3fa0d45da96fbdf765,2026-03-27T23:51:14Z,,Michigan Wolverines,Alabama Crimson Tide,draftkings,DraftKings,2026-03-28T00:06:51Z,h2h,2026-03-28T00:06:51Z,Alabama Crimson Tide,325,
2026-03-28T00:07:32.253633+00:00,the_odds_api,basketball_ncaab,38719ab42b9d3e3fa0d45da96fbdf765,2026-03-27T23:51:14Z,,Michigan Wolverines,Alabama Crimson Tide,draftkings,DraftKings,2026-03-28T00:06:51Z,h2h,2026-03-28T00:06:51Z,Michigan Wolverines,-475,
2026-03-28T00:07:32.253633+00:00,the_odds_api,basketball_ncaab,38719ab42b9d3e3fa0d45da96fbdf765,2026-03-27T23:51:14Z,,Michigan Wolverines,Alabama Crimson Tide,draftkings,DraftKings,2026-03-28T00:06:51Z,spreads,2026-03-28T00:06:51Z,Alabama Crimson Tide,-110,9.5
2026-03-28T00:07:32.253633+00:00,the_odds_api,basketball_ncaab,38719ab42b9d3e3fa0d45da96fbdf765,2026-03-27T23:51:14Z,,Michigan Wolverines,Alabama Crimson Tide,draftkings,DraftKings,2026-03-28T00:06:51Z,spreads,2026-03-28T00:06:51Z,Michigan Wolverines,-120,-9.5
2026-03-28T00:07:32.253633+00:00,the_odds_api,basketball_ncaab,38719ab42b9d3e3fa0d45da96fbdf765,2026-03-27T23:51:14Z,,Michigan Wolverines,Alabama Crimson Tide,draftkings,DraftKings,2026-03-28T00:06:51Z,totals,2026-03-28T00:06:51Z,Over,-120,175.5
2026-03-28T00:07:32.253633+00:00,the_odds_api,basketball_ncaab,38719ab42b9d3e3fa0d45da96fbdf765,2026-03-27T23:51:14Z,,Michigan Wolverines,Alabama Crimson Tide,draftkings,DraftKings,2026-03-28T00:06:51Z,totals,2026-03-28T00:06:51Z,Under,-110,175.5
2026-03-28T00:07:32.253633+00:00,the_odds_api,basketball_ncaab,38719ab42b9d3e3fa0d45da96fbdf765,2026-03-27T23:51:14Z,,Michigan Wolverines,Alabama Crimson Tide,fanduel,FanDuel,2026-03-28T00:06:52Z,h2h,2026-03-28T00:06:52Z,Alabama Crimson Tide,285,
2026-03-28T00:07:32.253633+00:00,the_odds_api,basketball_ncaab,38719ab42b9d3e3fa0d45da96fbdf765,2026-03-27T23:51:14Z,,Michigan Wolverines,Alabama Crimson Tide,fanduel,FanDuel,2026-03-28T00:06:52Z,h2h,2026-03-28T00:06:52Z,Michigan Wolverines,-400,
2026-03-28T00:07:32.253633+00:00,the_odds_api,basketball_ncaab,38719ab42b9d3e3fa0d45da96fbdf765,2026-03-27T23:51:14Z,,Michigan Wolverines,Alabama Crimson Tide,fanduel,FanDuel,2026-03-28T00:06:52Z,spreads,2026-03-28T00:06:52Z,Alabama Crimson Tide,-122,8.5
2026-03-28T00:07:32.253633+00:00,the_odds_api,basketball_ncaab,38719ab42b9d3e3fa0d45da96fbdf765,2026-03-27T23:51:14Z,,Michigan Wolverines,Alabama Crimson Tide,fanduel,FanDuel,2026-03-28T00:06:52Z,spreads,2026-03-28T00:06:52Z,Michigan Wolverines,-108,-8.5
2026-03-28T00:07:32.253633+00:00,the_odds_api,basketball_ncaab,38719ab42b9d3e3fa0d45da96fbdf765,2026-03-27T23:51:14Z,,Michigan Wolverines,Alabama Crimson Tide,fanduel,FanDuel,2026-03-28T00:06:52Z,totals,2026-03-28T00:06:52Z,Over,-114,176.5
2026-03-28T00:07:32.253633+00:00,the_odds_api,basketball_ncaab,38719ab42b9d3e3fa0d45da96fbdf765,2026-03-27T23:51:14Z,,Michigan Wolverines,Alabama Crimson Tide,fanduel,FanDuel,2026-03-28T00:06:52Z,totals,2026-03-28T00:06:52Z,Under,-114,176.5
2026-03-27T23:37:45.306534+00:00,the_odds_api,basketball_ncaab,38719ab42b9d3e3fa0d45da96fbdf765,2026-03-27T23:45:00Z,,Michigan Wolverines,Alabama Crimson Tide,betonlineag,BetOnline.ag,2026-03-27T23:37:15Z,h2h,2026-03-27T23:37:15Z,Alabama Crimson Tide,400,
2026-03-27T23:37:45.306534+00:00,the_odds_api,basketball_ncaab,38719ab42b9d3e3fa0d45da96fbdf765,2026-03-27T23:45:00Z,,Michigan Wolverines,Alabama Crimson Tide,betonlineag,BetOnline.ag,2026-03-27T23:37:15Z,h2h,2026-03-27T23:37:15Z,Michigan Wolverines,-525,
2026-03-27T23:37:45.306534+00:00,the_odds_api,basketball_ncaab,38719ab42b9d3e3fa0d45da96fbdf765,2026-03-27T23:45:00Z,,Michigan Wolverines,Alabama Crimson Tide,betonlineag,BetOnline.ag,2026-03-27T23:37:15Z,spreads,2026-03-27T23:37:15Z,Alabama Crimson Tide,-110,9.5
2026-03-27T23:37:45.306534+00:00,the_odds_api,basketball_ncaab,38719ab42b9d3e3fa0d45da96fbdf765,2026-03-27T23:45:00Z,,Michigan Wolverines,Alabama Crimson Tide,betonlineag,BetOnline.ag,2026-03-27T23:37:15Z,spreads,2026-03-27T23:37:15Z,Michigan Wolverines,-110,-9.5
2026-03-27T23:37:45.306534+00:00,the_odds_api,basketball_ncaab,38719ab42b9d3e3fa0d45da96fbdf765,2026-03-27T23:45:00Z,,Michigan Wolverines,Alabama Crimson Tide,betonlineag,BetOnline.ag,2026-03-27T23:37:15Z,totals,2026-03-27T23:37:15Z,Over,-113,173.0
2026-03-27T23:37:45.306534+00:00,the_odds_api,basketball_ncaab,38719ab42b9d3e3fa0d45da96fbdf765,2026-03-27T23:45:00Z,,Michigan Wolverines,Alabama Crimson Tide,betonlineag,BetOnline.ag,2026-03-27T23:37:15Z,totals,2026-03-27T23:37:15Z,Under,-107,173.0
2026-03-27T23:37:45.306534+00:00,the_odds_api,basketball_ncaab,38719ab42b9d3e3fa0d45da96fbdf765,2026-03-27T23:45:00Z,,Michigan Wolverines,Alabama Crimson Tide,lowvig,LowVig.ag,2026-03-27T23:37:28Z,h2h,2026-03-27T23:37:28Z,Alabama Crimson Tide,400,
2026-03-27T23:37:45.306534+00:00,the_odds_api,basketball_ncaab,38719ab42b9d3e3fa0d45da96fbdf765,2026-03-27T23:45:00Z,,Michigan Wolverines,Alabama Crimson Tide,lowvig,LowVig.ag,2026-03-27T23:37:28Z,h2h,2026-03-27T23:37:28Z,Michigan Wolverines,-525,
2026-03-27T23:37:45.306534+00:00,the_odds_api,basketball_ncaab,38719ab42b9d3e3fa0d45da96fbdf765,2026-03-27T23:45:00Z,,Michigan Wolverines,Alabama Crimson Tide,lowvig,LowVig.ag,2026-03-27T23:37:28Z,spreads,2026-03-27T23:37:28Z,Alabama Crimson Tide,-106,9.5
2026-03-27T23:37:45.306534+00:00,the_odds_api,basketball_ncaab,38719ab42b9d3e3fa0d45da96fbdf765,2026-03-27T23:45:00Z,,Michigan Wolverines,Alabama Crimson Tide,lowvig,LowVig.ag,2026-03-27T23:37:28Z,spreads,2026-03-27T23:37:28Z,Michigan Wolverines,-106,-9.5
2026-03-27T23:37:45.306534+00:00,the_odds_api,basketball_ncaab,38719ab42b9d3e3fa0d45da96fbdf765,2026-03-27T23:45:00Z,,Michigan Wolverines,Alabama Crimson Tide,lowvig,LowVig.ag,2026-03-27T23:37:28Z,totals,2026-03-27T23:37:28Z,Over,-111,173.0
2026-03-27T23:37:45.306534+00:00,the_odds_api,basketball_ncaab,38719ab42b9d3e3fa0d45da96fbdf765,2026-03-27T23:45:00Z,,Michigan Wolverines,Alabama Crimson Tide,lowvig,LowVig.ag,2026-03-27T23:37:28Z,totals,2026-03-27T23:37:28Z,Under,-105,173.0
2026-03-28T00:07:32.253633+00:00,the_odds_api,basketball_ncaab,38719ab42b9d3e3fa0d45da96fbdf765,2026-03-27T23:51:14Z,,Michigan Wolverines,Alabama Crimson Tide,williamhill_us,Caesars,2026-03-28T00:02:55Z,h2h,2026-03-28T00:02:55Z,Alabama Crimson Tide,230,
2026-03-28T00:07:32.253633+00:00,the_odds_api,basketball_ncaab,38719ab42b9d3e3fa0d45da96fbdf765,2026-03-27T23:51:14Z,,Michigan Wolverines,Alabama Crimson Tide,williamhill_us,Caesars,2026-03-28T00:02:55Z,h2h,2026-03-28T00:02:55Z,Michigan Wolverines,-300,
2026-03-28T00:07:32.253633+00:00,the_odds_api,basketball_ncaab,38719ab42b9d3e3fa0d45da96fbdf765,2026-03-27T23:51:14Z,,Michigan Wolverines,Alabama Crimson Tide,williamhill_us,Caesars,2026-03-28T00:02:55Z,spreads,2026-03-28T00:02:55Z,Alabama Crimson Tide,-115,6.5
2026-03-28T00:07:32.253633+00:00,the_odds_api,basketball_ncaab,38719ab42b9d3e3fa0d45da96fbdf765,2026-03-27T23:51:14Z,,Michigan Wolverines,Alabama Crimson Tide,williamhill_us,Caesars,2026-03-28T00:02:55Z,spreads,2026-03-28T00:02:55Z,Michigan Wolverines,-115,-6.5
2026-03-28T00:07:32.253633+00:00,the_odds_api,basketball_ncaab,38719ab42b9d3e3fa0d45da96fbdf765,2026-03-27T23:51:14Z,,Michigan Wolverines,Alabama Crimson Tide,williamhill_us,Caesars,2026-03-28T00:02:55Z,totals,2026-03-28T00:02:55Z,Over,-115,172.5
2026-03-28T00:07:32.253633+00:00,the_odds_api,basketball_ncaab,38719ab42b9d3e3fa0d45da96fbdf765,2026-03-27T23:51:14Z,,Michigan Wolverines,Alabama Crimson Tide,williamhill_us,Caesars,2026-03-28T00:02:55Z,totals,2026-03-28T00:02:55Z,Under,-115,172.5
2026-03-28T00:07:32.253633+00:00,the_odds_api,basketball_ncaab,38719ab42b9d3e3fa0d45da96fbdf765,2026-03-27T23:51:14Z,,Michigan Wolverines,Alabama Crimson Tide,mybookieag,MyBookie.ag,2026-03-28T00:07:27Z,h2h,2026-03-28T00:07:26Z,Alabama Crimson Tide,255,
2026-03-28T00:07:32.253633+00:00,the_odds_api,basketball_ncaab,38719ab42b9d3e3fa0d45da96fbdf765,2026-03-27T23:51:14Z,,Michigan Wolverines,Alabama Crimson Tide,mybookieag,MyBookie.ag,2026-03-28T00:07:27Z,h2h,2026-03-28T00:07:26Z,Michigan Wolverines,-400,
2026-03-28T00:07:32.253633+00:00,the_odds_api,basketball_ncaab,38719ab42b9d3e3fa0d45da96fbdf765,2026-03-27T23:51:14Z,,Michigan Wolverines,Alabama Crimson Tide,mybookieag,MyBookie.ag,2026-03-28T00:07:27Z,spreads,2026-03-28T00:07:26Z,Alabama Crimson Tide,-118,7.5
2026-03-28T00:07:32.253633+00:00,the_odds_api,basketball_ncaab,38719ab42b9d3e3fa0d45da96fbdf765,2026-03-27T23:51:14Z,,Michigan Wolverines,Alabama Crimson Tide,mybookieag,MyBookie.ag,2026-03-28T00:07:27Z,spreads,2026-03-28T00:07:26Z,Michigan Wolverines,-118,-7.5
2026-03-28T00:07:32.253633+00:00,the_odds_api,basketball_ncaab,38719ab42b9d3e3fa0d45da96fbdf765,2026-03-27T23:51:14Z,,Michigan Wolverines,Alabama Crimson Tide,mybookieag,MyBookie.ag,2026-03-28T00:07:27Z,totals,2026-03-28T00:07:26Z,Over,-118,174.5
2026-03-28T00:07:32.253633+00:00,the_odds_api,basketball_ncaab,38719ab42b9d3e3fa0d45da96fbdf765,2026-03-27T23:51:14Z,,Michigan Wolverines,Alabama Crimson Tide,mybookieag,MyBookie.ag,2026-03-28T00:07:27Z,totals,2026-03-28T00:07:26Z,Under,-118,174.5
2026-03-28T00:07:32.253633+00:00,the_odds_api,basketball_ncaab,38719ab42b9d3e3fa0d45da96fbdf765,2026-03-27T23:51:14Z,,Michigan Wolverines,Alabama Crimson Tide,betmgm,BetMGM,2026-03-28T00:07:27Z,h2h,2026-03-28T00:07:27Z,Alabama Crimson Tide,300,
2026-03-28T00:07:32.253633+00:00,the_odds_api,basketball_ncaab,38719ab42b9d3e3fa0d45da96fbdf765,2026-03-27T23:51:14Z,,Michigan Wolverines,Alabama Crimson Tide,betmgm,BetMGM,2026-03-28T00:07:27Z,h2h,2026-03-28T00:07:27Z,Michigan Wolverines,-425,
2026-03-28T00:07:32.253633+00:00,the_odds_api,basketball_ncaab,38719ab42b9d3e3fa0d45da96fbdf765,2026-03-27T23:51:14Z,,Michigan Wolverines,Alabama Crimson Tide,betmgm,BetMGM,2026-03-28T00:07:27Z,spreads,2026-03-28T00:07:27Z,Alabama Crimson Tide,-118,8.5
2026-03-28T00:07:32.253633+00:00,the_odds_api,basketball_ncaab,38719ab42b9d3e3fa0d45da96fbdf765,2026-03-27T23:51:14Z,,Michigan Wolverines,Alabama Crimson Tide,betmgm,BetMGM,2026-03-28T00:07:27Z,spreads,2026-03-28T00:07:27Z,Michigan Wolverines,-110,-8.5
2026-03-28T00:07:32.253633+00:00,the_odds_api,basketball_ncaab,38719ab42b9d3e3fa0d45da96fbdf765,2026-03-27T23:51:14Z,,Michigan Wolverines,Alabama Crimson Tide,betmgm,BetMGM,2026-03-28T00:07:27Z,totals,2026-03-28T00:07:27Z,Over,-118,178.5
2026-03-28T00:07:32.253633+00:00,the_odds_api,basketball_ncaab,38719ab42b9d3e3fa0d45da96fbdf765,2026-03-27T23:51:14Z,,Michigan Wolverines,Alabama Crimson Tide,betmgm,BetMGM,2026-03-28T00:07:27Z,totals,2026-03-28T00:07:27Z,Under,-110,178.5
2026-03-28T00:07:32.253633+00:00,the_odds_api,basketball_ncaab,38719ab42b9d3e3fa0d45da96fbdf765,2026-03-27T23:51:14Z,,Michigan Wolverines,Alabama Crimson Tide,betrivers,BetRivers,2026-03-28T00:07:27Z,h2h,2026-03-28T00:07:27Z,Alabama Crimson Tide,350,
2026-03-28T00:07:32.253633+00:00,the_odds_api,basketball_ncaab,38719ab42b9d3e3fa0d45da96fbdf765,2026-03-27T23:51:14Z,,Michigan Wolverines,Alabama Crimson Tide,betrivers,BetRivers,2026-03-28T00:07:27Z,h2h,2026-03-28T00:07:27Z,Michigan Wolverines,-590,
2026-03-28T00:07:32.253633+00:00,the_odds_api,basketball_ncaab,38719ab42b9d3e3fa0d45da96fbdf765,2026-03-27T23:51:14Z,,Michigan Wolverines,Alabama Crimson Tide,betrivers,BetRivers,2026-03-28T00:07:27Z,spreads,2026-03-28T00:07:27Z,Alabama Crimson Tide,-121,9.0
2026-03-28T00:07:32.253633+00:00,the_odds_api,basketball_ncaab,38719ab42b9d3e3fa0d45da96fbdf765,2026-03-27T23:51:14Z,,Michigan Wolverines,Alabama Crimson Tide,betrivers,BetRivers,2026-03-28T00:07:27Z,spreads,2026-03-28T00:07:27Z,Michigan Wolverines,-118,-9.0
2026-03-28T00:07:32.253633+00:00,the_odds_api,basketball_ncaab,38719ab42b9d3e3fa0d45da96fbdf765,2026-03-27T23:51:14Z,,Michigan Wolverines,Alabama Crimson Tide,betrivers,BetRivers,2026-03-28T00:07:27Z,totals,2026-03-28T00:07:27Z,Over,-120,179.0
2026-03-28T00:07:32.253633+00:00,the_odds_api,basketball_ncaab,38719ab42b9d3e3fa0d45da96fbdf765,2026-03-27T23:51:14Z,,Michigan Wolverines,Alabama Crimson Tide,betrivers,BetRivers,2026-03-28T00:07:27Z,totals,2026-03-28T00:07:27Z,Under,-120,179.0
2026-03-28T00:07:32.253633+00:00,the_odds_api,basketball_ncaab,38719ab42b9d3e3fa0d45da96fbdf765,2026-03-27T23:51:14Z,,Michigan Wolverines,Alabama Crimson Tide,bovada,Bovada,2026-03-28T00:06:23Z,h2h,2026-03-28T00:06:23Z,Alabama Crimson Tide,285,
2026-03-28T00:07:32.253633+00:00,the_odds_api,basketball_ncaab,38719ab42b9d3e3fa0d45da96fbdf765,2026-03-27T23:51:14Z,,Michigan Wolverines,Alabama Crimson Tide,bovada,Bovada,2026-03-28T00:06:23Z,h2h,2026-03-28T00:06:23Z,Michigan Wolverines,-425,
2026-03-28T00:07:32.253633+00:00,the_odds_api,basketball_ncaab,38719ab42b9d3e3fa0d45da96fbdf765,2026-03-27T23:51:14Z,,Michigan Wolverines,Alabama Crimson Tide,bovada,Bovada,2026-03-28T00:06:23Z,spreads,2026-03-28T00:06:23Z,Alabama Crimson Tide,-115,7.5
2026-03-28T00:07:32.253633+00:00,the_odds_api,basketball_ncaab,38719ab42b9d3e3fa0d45da96fbdf765,2026-03-27T23:51:14Z,,Michigan Wolverines,Alabama Crimson Tide,bovada,Bovada,2026-03-28T00:06:23Z,spreads,2026-03-28T00:06:23Z,Michigan Wolverines,-115,-7.5
2026-03-28T00:07:32.253633+00:00,the_odds_api,basketball_ncaab,38719ab42b9d3e3fa0d45da96fbdf765,2026-03-27T23:51:14Z,,Michigan Wolverines,Alabama Crimson Tide,bovada,Bovada,2026-03-28T00:06:23Z,totals,2026-03-28T00:06:23Z,Over,-115,172.5
2026-03-28T00:07:32.253633+00:00,the_odds_api,basketball_ncaab,38719ab42b9d3e3fa0d45da96fbdf765,2026-03-27T23:51:14Z,,Michigan Wolverines,Alabama Crimson Tide,bovada,Bovada,2026-03-28T00:06:23Z,totals,2026-03-28T00:06:23Z,Under,-115,172.5
2026-03-28T00:07:32.253633+00:00,the_odds_api,basketball_ncaab,76d32e24b9c66ec3690e1c5a60f1e9cd,2026-03-28T01:45:00Z,,UConn Huskies,Michigan St Spartans,draftkings,DraftKings,2026-03-28T00:06:51Z,h2h,2026-03-28T00:06:51Z,Michigan St Spartans,114,
2026-03-28T00:07:32.253633+00:00,the_odds_api,basketball_ncaab,76d32e24b9c66ec3690e1c5a60f1e9cd,2026-03-28T01:45:00Z,,UConn Huskies,Michigan St Spartans,draftkings,DraftKings,2026-03-28T00:06:51Z,h2h,2026-03-28T00:06:51Z,UConn Huskies,-135,
2026-03-28T00:07:32.253633+00:00,the_odds_api,basketball_ncaab,76d32e24b9c66ec3690e1c5a60f1e9cd,2026-03-28T01:45:00Z,,UConn Huskies,Michigan St Spartans,draftkings,DraftKings,2026-03-28T00:06:51Z,spreads,2026-03-28T00:06:51Z,Michigan St Spartans,-105,1.5
2026-03-28T00:07:32.253633+00:00,the_odds_api,basketball_ncaab,76d32e24b9c66ec3690e1c5a60f1e9cd,2026-03-28T01:45:00Z,,UConn Huskies,Michigan St Spartans,draftkings,DraftKings,2026-03-28T00:06:51Z,spreads,2026-03-28T00:06:51Z,UConn Huskies,-115,-1.5
2026-03-28T00:07:32.253633+00:00,the_odds_api,basketball_ncaab,76d32e24b9c66ec3690e1c5a60f1e9cd,2026-03-28T01:45:00Z,,UConn Huskies,Michigan St Spartans,draftkings,DraftKings,2026-03-28T00:06:51Z,totals,2026-03-28T00:06:51Z,Over,-108,136.5
2026-03-28T00:07:32.253633+00:00,the_odds_api,basketball_ncaab,76d32e24b9c66ec3690e1c5a60f1e9cd,2026-03-28T01:45:00Z,,UConn Huskies,Michigan St Spartans,draftkings,DraftKings,2026-03-28T00:06:51Z,totals,2026-03-28T00:06:51Z,Under,-112,136.5
2026-03-28T00:07:32.253633+00:00,the_odds_api,basketball_ncaab,76d32e24b9c66ec3690e1c5a60f1e9cd,2026-03-28T01:45:00Z,,UConn Huskies,Michigan St Spartans,fanduel,FanDuel,2026-03-28T00:06:52Z,h2h,2026-03-28T00:06:52Z,Michigan St Spartans,106,
2026-03-28T00:07:32.253633+00:00,the_odds_api,basketball_ncaab,76d32e24b9c66ec3690e1c5a60f1e9cd,2026-03-28T01:45:00Z,,UConn Huskies,Michigan St Spartans,fanduel,FanDuel,2026-03-28T00:06:52Z,h2h,2026-03-28T00:06:52Z,UConn Huskies,-128,
2026-03-28T00:07:32.253633+00:00,the_odds_api,basketball_ncaab,76d32e24b9c66ec3690e1c5a60f1e9cd,2026-03-28T01:45:00Z,,UConn Huskies,Michigan St Spartans,fanduel,FanDuel,2026-03-28T00:06:52Z,spreads,2026-03-28T00:06:52Z,Michigan St Spartans,-110,1.5
2026-03-28T00:07:32.253633+00:00,the_odds_api,basketball_ncaab,76d32e24b9c66ec3690e1c5a60f1e9cd,2026-03-28T01:45:00Z,,UConn Huskies,Michigan St Spartans,fanduel,FanDuel,2026-03-28T00:06:52Z,spreads,2026-03-28T00:06:52Z,UConn Huskies,-110,-1.5
2026-03-28T00:07:32.253633+00:00,the_odds_api,basketball_ncaab,76d32e24b9c66ec3690e1c5a60f1e9cd,2026-03-28T01:45:00Z,,UConn Huskies,Michigan St Spartans,fanduel,FanDuel,2026-03-28T00:06:52Z,totals,2026-03-28T00:06:52Z,Over,-105,136.5
2026-03-28T00:07:32.253633+00:00,the_odds_api,basketball_ncaab,76d32e24b9c66ec3690e1c5a60f1e9cd,2026-03-28T01:45:00Z,,UConn Huskies,Michigan St Spartans,fanduel,FanDuel,2026-03-28T00:06:52Z,totals,2026-03-28T00:06:52Z,Under,-115,136.5
2026-03-28T00:07:32.253633+00:00,the_odds_api,basketball_ncaab,76d32e24b9c66ec3690e1c5a60f1e9cd,2026-03-28T01:45:00Z,,UConn Huskies,Michigan St Spartans,lowvig,LowVig.ag,2026-03-28T00:07:06Z,h2h,2026-03-28T00:07:06Z,Michigan St Spartans,115,
2026-03-28T00:07:32.253633+00:00,the_odds_api,basketball_ncaab,76d32e24b9c66ec3690e1c5a60f1e9cd,2026-03-28T01:45:00Z,,UConn Huskies,Michigan St Spartans,lowvig,LowVig.ag,2026-03-28T00:07:06Z,h2h,2026-03-28T00:07:06Z,UConn Huskies,-135,
2026-03-28T00:07:32.253633+00:00,the_odds_api,basketball_ncaab,76d32e24b9c66ec3690e1c5a60f1e9cd,2026-03-28T01:45:00Z,,UConn Huskies,Michigan St Spartans,lowvig,LowVig.ag,2026-03-28T00:07:06Z,spreads,2026-03-28T00:07:06Z,Michigan St Spartans,-106,2.0
2026-03-28T00:07:32.253633+00:00,the_odds_api,basketball_ncaab,76d32e24b9c66ec3690e1c5a60f1e9cd,2026-03-28T01:45:00Z,,UConn Huskies,Michigan St Spartans,lowvig,LowVig.ag,2026-03-28T00:07:06Z,spreads,2026-03-28T00:07:06Z,UConn Huskies,-106,-2.0
2026-03-28T00:07:32.253633+00:00,the_odds_api,basketball_ncaab,76d32e24b9c66ec3690e1c5a60f1e9cd,2026-03-28T01:45:00Z,,UConn Huskies,Michigan St Spartans,lowvig,LowVig.ag,2026-03-28T00:07:06Z,totals,2026-03-28T00:07:06Z,Over,-108,136.5
2026-03-28T00:07:32.253633+00:00,the_odds_api,basketball_ncaab,76d32e24b9c66ec3690e1c5a60f1e9cd,2026-03-28T01:45:00Z,,UConn Huskies,Michigan St Spartans,lowvig,LowVig.ag,2026-03-28T00:07:06Z,totals,2026-03-28T00:07:06Z,Under,-108,136.5
2026-03-28T00:07:32.253633+00:00,the_odds_api,basketball_ncaab,76d32e24b9c66ec3690e1c5a60f1e9cd,2026-03-28T01:45:00Z,,UConn Huskies,Michigan St Spartans,betonlineag,BetOnline.ag,2026-03-28T00:06:53Z,h2h,2026-03-28T00:06:53Z,Michigan St Spartans,115,
2026-03-28T00:07:32.253633+00:00,the_odds_api,basketball_ncaab,76d32e24b9c66ec3690e1c5a60f1e9cd,2026-03-28T01:45:00Z,,UConn Huskies,Michigan St Spartans,betonlineag,BetOnline.ag,2026-03-28T00:06:53Z,h2h,2026-03-28T00:06:53Z,UConn Huskies,-135,
2026-03-28T00:07:32.253633+00:00,the_odds_api,basketball_ncaab,76d32e24b9c66ec3690e1c5a60f1e9cd,2026-03-28T01:45:00Z,,UConn Huskies,Michigan St Spartans,betonlineag,BetOnline.ag,2026-03-28T00:06:53Z,spreads,2026-03-28T00:06:53Z,Michigan St Spartans,-110,2.0
2026-03-28T00:07:32.253633+00:00,the_odds_api,basketball_ncaab,76d32e24b9c66ec3690e1c5a60f1e9cd,2026-03-28T01:45:00Z,,UConn Huskies,Michigan St Spartans,betonlineag,BetOnline.ag,2026-03-28T00:06:53Z,spreads,2026-03-28T00:06:53Z,UConn Huskies,-110,-2.0
2026-03-28T00:07:32.253633+00:00,the_odds_api,basketball_ncaab,76d32e24b9c66ec3690e1c5a60f1e9cd,2026-03-28T01:45:00Z,,UConn Huskies,Michigan St Spartans,betonlineag,BetOnline.ag,2026-03-28T00:06:53Z,totals,2026-03-28T00:06:53Z,Over,-110,136.5
2026-03-28T00:07:32.253633+00:00,the_odds_api,basketball_ncaab,76d32e24b9c66ec3690e1c5a60f1e9cd,2026-03-28T01:45:00Z,,UConn Huskies,Michigan St Spartans,betonlineag,BetOnline.ag,2026-03-28T00:06:53Z,totals,2026-03-28T00:06:53Z,Under,-110,136.5
2026-03-28T00:07:32.253633+00:00,the_odds_api,basketball_ncaab,76d32e24b9c66ec3690e1c5a60f1e9cd,2026-03-28T01:45:00Z,,UConn Huskies,Michigan St Spartans,williamhill_us,Caesars,2026-03-28T00:02:55Z,h2h,2026-03-28T00:02:55Z,Michigan St Spartans,115,
2026-03-28T00:07:32.253633+00:00,the_odds_api,basketball_ncaab,76d32e24b9c66ec3690e1c5a60f1e9cd,2026-03-28T01:45:00Z,,UConn Huskies,Michigan St Spartans,williamhill_us,Caesars,2026-03-28T00:02:55Z,h2h,2026-03-28T00:02:55Z,UConn Huskies,-135,
2026-03-28T00:07:32.253633+00:00,the_odds_api,basketball_ncaab,76d32e24b9c66ec3690e1c5a60f1e9cd,2026-03-28T01:45:00Z,,UConn Huskies,Michigan St Spartans,williamhill_us,Caesars,2026-03-28T00:02:55Z,spreads,2026-03-28T00:02:55Z,Michigan St Spartans,-110,2.0
2026-03-28T00:07:32.253633+00:00,the_odds_api,basketball_ncaab,76d32e24b9c66ec3690e1c5a60f1e9cd,2026-03-28T01:45:00Z,,UConn Huskies,Michigan St Spartans,williamhill_us,Caesars,2026-03-28T00:02:55Z,spreads,2026-03-28T00:02:55Z,UConn Huskies,-110,-2.0
2026-03-28T00:07:32.253633+00:00,the_odds_api,basketball_ncaab,76d32e24b9c66ec3690e1c5a60f1e9cd,2026-03-28T01:45:00Z,,UConn Huskies,Michigan St Spartans,williamhill_us,Caesars,2026-03-28T00:02:55Z,totals,2026-03-28T00:02:55Z,Over,-110,136.5
2026-03-28T00:07:32.253633+00:00,the_odds_api,basketball_ncaab,76d32e24b9c66ec3690e1c5a60f1e9cd,2026-03-28T01:45:00Z,,UConn Huskies,Michigan St Spartans,williamhill_us,Caesars,2026-03-28T00:02:55Z,totals,2026-03-28T00:02:55Z,Under,-110,136.5
2026-03-28T00:07:32.253633+00:00,the_odds_api,basketball_ncaab,76d32e24b9c66ec3690e1c5a60f1e9cd,2026-03-28T01:45:00Z,,UConn Huskies,Michigan St Spartans,betmgm,BetMGM,2026-03-28T00:07:27Z,h2h,2026-03-28T00:07:27Z,Michigan St Spartans,110,
2026-03-28T00:07:32.253633+00:00,the_odds_api,basketball_ncaab,76d32e24b9c66ec3690e1c5a60f1e9cd,2026-03-28T01:45:00Z,,UConn Huskies,Michigan St Spartans,betmgm,BetMGM,2026-03-28T00:07:27Z,h2h,2026-03-28T00:07:27Z,UConn Huskies,-130,
2026-03-28T00:07:32.253633+00:00,the_odds_api,basketball_ncaab,76d32e24b9c66ec3690e1c5a60f1e9cd,2026-03-28T01:45:00Z,,UConn Huskies,Michigan St Spartans,betmgm,BetMGM,2026-03-28T00:07:27Z,spreads,2026-03-28T00:07:27Z,Michigan St Spartans,-118,2.5
2026-03-28T00:07:32.253633+00:00,the_odds_api,basketball_ncaab,76d32e24b9c66ec3690e1c5a60f1e9cd,2026-03-28T01:45:00Z,,UConn Huskies,Michigan St Spartans,betmgm,BetMGM,2026-03-28T00:07:27Z,spreads,2026-03-28T00:07:27Z,UConn Huskies,-102,-2.5
2026-03-28T00:07:32.253633+00:00,the_odds_api,basketball_ncaab,76d32e24b9c66ec3690e1c5a60f1e9cd,2026-03-28T01:45:00Z,,UConn Huskies,Michigan St Spartans,betmgm,BetMGM,2026-03-28T00:07:27Z,totals,2026-03-28T00:07:27Z,Over,-110,136.5
2026-03-28T00:07:32.253633+00:00,the_odds_api,basketball_ncaab,76d32e24b9c66ec3690e1c5a60f1e9cd,2026-03-28T01:45:00Z,,UConn Huskies,Michigan St Spartans,betmgm,BetMGM,2026-03-28T00:07:27Z,totals,2026-03-28T00:07:27Z,Under,-110,136.5
2026-03-28T00:07:32.253633+00:00,the_odds_api,basketball_ncaab,76d32e24b9c66ec3690e1c5a60f1e9cd,2026-03-28T01:45:00Z,,UConn Huskies,Michigan St Spartans,betrivers,BetRivers,2026-03-28T00:07:27Z,h2h,2026-03-28T00:07:27Z,Michigan St Spartans,105,
2026-03-28T00:07:32.253633+00:00,the_odds_api,basketball_ncaab,76d32e24b9c66ec3690e1c5a60f1e9cd,2026-03-28T01:45:00Z,,UConn Huskies,Michigan St Spartans,betrivers,BetRivers,2026-03-28T00:07:27Z,h2h,2026-03-28T00:07:27Z,UConn Huskies,-132,
2026-03-28T00:07:32.253633+00:00,the_odds_api,basketball_ncaab,76d32e24b9c66ec3690e1c5a60f1e9cd,2026-03-28T01:45:00Z,,UConn Huskies,Michigan St Spartans,betrivers,BetRivers,2026-03-28T00:07:27Z,spreads,2026-03-28T00:07:27Z,Michigan St Spartans,-117,2.5
2026-03-28T00:07:32.253633+00:00,the_odds_api,basketball_ncaab,76d32e24b9c66ec3690e1c5a60f1e9cd,2026-03-28T01:45:00Z,,UConn Huskies,Michigan St Spartans,betrivers,BetRivers,2026-03-28T00:07:27Z,spreads,2026-03-28T00:07:27Z,UConn Huskies,-107,-2.5
2026-03-28T00:07:32.253633+00:00,the_odds_api,basketball_ncaab,76d32e24b9c66ec3690e1c5a60f1e9cd,2026-03-28T01:45:00Z,,UConn Huskies,Michigan St Spartans,betrivers,BetRivers,2026-03-28T00:07:27Z,totals,2026-03-28T00:07:27Z,Over,-110,136.5
2026-03-28T00:07:32.253633+00:00,the_odds_api,basketball_ncaab,76d32e24b9c66ec3690e1c5a60f1e9cd,2026-03-28T01:45:00Z,,UConn Huskies,Michigan St Spartans,betrivers,BetRivers,2026-03-28T00:07:27Z,totals,2026-03-28T00:07:27Z,Under,-113,136.5
2026-03-28T00:07:32.253633+00:00,the_odds_api,basketball_ncaab,76d32e24b9c66ec3690e1c5a60f1e9cd,2026-03-28T01:45:00Z,,UConn Huskies,Michigan St Spartans,mybookieag,MyBookie.ag,2026-03-28T00:07:27Z,h2h,2026-03-28T00:07:26Z,Michigan St Spartans,110,
2026-03-28T00:07:32.253633+00:00,the_odds_api,basketball_ncaab,76d32e24b9c66ec3690e1c5a60f1e9cd,2026-03-28T01:45:00Z,,UConn Huskies,Michigan St Spartans,mybookieag,MyBookie.ag,2026-03-28T00:07:27Z,h2h,2026-03-28T00:07:26Z,UConn Huskies,-135,
2026-03-28T00:07:32.253633+00:00,the_odds_api,basketball_ncaab,76d32e24b9c66ec3690e1c5a60f1e9cd,2026-03-28T01:45:00Z,,UConn Huskies,Michigan St Spartans,mybookieag,MyBookie.ag,2026-03-28T00:07:27Z,spreads,2026-03-28T00:07:26Z,Michigan St Spartans,-110,2.0
2026-03-28T00:07:32.253633+00:00,the_odds_api,basketball_ncaab,76d32e24b9c66ec3690e1c5a60f1e9cd,2026-03-28T01:45:00Z,,UConn Huskies,Michigan St Spartans,mybookieag,MyBookie.ag,2026-03-28T00:07:27Z,spreads,2026-03-28T00:07:26Z,UConn Huskies,-110,-2.0
2026-03-28T00:07:32.253633+00:00,the_odds_api,basketball_ncaab,76d32e24b9c66ec3690e1c5a60f1e9cd,2026-03-28T01:45:00Z,,UConn Huskies,Michigan St Spartans,mybookieag,MyBookie.ag,2026-03-28T00:07:27Z,totals,2026-03-28T00:07:26Z,Over,-110,136.5
2026-03-28T00:07:32.253633+00:00,the_odds_api,basketball_ncaab,76d32e24b9c66ec3690e1c5a60f1e9cd,2026-03-28T01:45:00Z,,UConn Huskies,Michigan St Spartans,mybookieag,MyBookie.ag,2026-03-28T00:07:27Z,totals,2026-03-28T00:07:26Z,Under,-110,136.5
2026-03-28T00:07:32.253633+00:00,the_odds_api,basketball_ncaab,76d32e24b9c66ec3690e1c5a60f1e9cd,2026-03-28T01:45:00Z,,UConn Huskies,Michigan St Spartans,bovada,Bovada,2026-03-28T00:06:23Z,h2h,2026-03-28T00:06:23Z,Michigan St Spartans,115,
2026-03-28T00:07:32.253633+00:00,the_odds_api,basketball_ncaab,76d32e24b9c66ec3690e1c5a60f1e9cd,2026-03-28T01:45:00Z,,UConn Huskies,Michigan St Spartans,bovada,Bovada,2026-03-28T00:06:23Z,h2h,2026-03-28T00:06:23Z,UConn Huskies,-135,
2026-03-28T00:07:32.253633+00:00,the_odds_api,basketball_ncaab,76d32e24b9c66ec3690e1c5a60f1e9cd,2026-03-28T01:45:00Z,,UConn Huskies,Michigan St Spartans,bovada,Bovada,2026-03-28T00:06:23Z,spreads,2026-03-28T00:06:23Z,Michigan St Spartans,-110,2.0
2026-03-28T00:07:32.253633+00:00,the_odds_api,basketball_ncaab,76d32e24b9c66ec3690e1c5a60f1e9cd,2026-03-28T01:45:00Z,,UConn Huskies,Michigan St Spartans,bovada,Bovada,2026-03-28T00:06:23Z,spreads,2026-03-28T00:06:23Z,UConn Huskies,-110,-2.0
2026-03-28T00:07:32.253633+00:00,the_odds_api,basketball_ncaab,76d32e24b9c66ec3690e1c5a60f1e9cd,2026-03-28T01:45:00Z,,UConn Huskies,Michigan St Spartans,bovada,Bovada,2026-03-28T00:06:23Z,totals,2026-03-28T00:06:23Z,Over,-110,136.0
2026-03-28T00:07:32.253633+00:00,the_odds_api,basketball_ncaab,76d32e24b9c66ec3690e1c5a60f1e9cd,2026-03-28T01:45:00Z,,UConn Huskies,Michigan St Spartans,bovada,Bovada,2026-03-28T00:06:23Z,totals,2026-03-28T00:06:23Z,Under,-110,136.0
2026-03-28T00:07:32.253633+00:00,the_odds_api,basketball_ncaab,7046f8e5f278fa5a27cefcf8966620e4,2026-03-28T02:10:00Z,,Iowa State Cyclones,Tennessee Volunteers,fanatics,Fanatics,2026-03-28T00:07:26Z,h2h,2026-03-28T00:07:26Z,Iowa State Cyclones,-175,
2026-03-28T00:07:32.253633+00:00,the_odds_api,basketball_ncaab,7046f8e5f278fa5a27cefcf8966620e4,2026-03-28T02:10:00Z,,Iowa State Cyclones,Tennessee Volunteers,fanatics,Fanatics,2026-03-28T00:07:26Z,h2h,2026-03-28T00:07:26Z,Tennessee Volunteers,145,
2026-03-28T00:07:32.253633+00:00,the_odds_api,basketball_ncaab,7046f8e5f278fa5a27cefcf8966620e4,2026-03-28T02:10:00Z,,Iowa State Cyclones,Tennessee Volunteers,fanatics,Fanatics,2026-03-28T00:07:26Z,spreads,2026-03-28T00:07:26Z,Iowa State Cyclones,-110,-3.5
2026-03-28T00:07:32.253633+00:00,the_odds_api,basketball_ncaab,7046f8e5f278fa5a27cefcf8966620e4,2026-03-28T02:10:00Z,,Iowa State Cyclones,Tennessee Volunteers,fanatics,Fanatics,2026-03-28T00:07:26Z,spreads,2026-03-28T00:07:26Z,Tennessee Volunteers,-110,3.5
2026-03-28T00:07:32.253633+00:00,the_odds_api,basketball_ncaab,7046f8e5f278fa5a27cefcf8966620e4,2026-03-28T02:10:00Z,,Iowa State Cyclones,Tennessee Volunteers,fanatics,Fanatics,2026-03-28T00:07:26Z,totals,2026-03-28T00:07:26Z,Over,-110,139.5
2026-03-28T00:07:32.253633+00:00,the_odds_api,basketball_ncaab,7046f8e5f278fa5a27cefcf8966620e4,2026-03-28T02:10:00Z,,Iowa State Cyclones,Tennessee Volunteers,fanatics,Fanatics,2026-03-28T00:07:26Z,totals,2026-03-28T00:07:26Z,Under,-110,139.5
2026-03-28T00:07:32.253633+00:00,the_odds_api,basketball_ncaab,7046f8e5f278fa5a27cefcf8966620e4,2026-03-28T02:10:00Z,,Iowa State Cyclones,Tennessee Volunteers,betrivers,BetRivers,2026-03-28T00:07:27Z,h2h,2026-03-28T00:07:27Z,Iowa State Cyclones,-182,
2026-03-28T00:07:32.253633+00:00,the_odds_api,basketball_ncaab,7046f8e5f278fa5a27cefcf8966620e4,2026-03-28T02:10:00Z,,Iowa State Cyclones,Tennessee Volunteers,betrivers,BetRivers,2026-03-28T00:07:27Z,h2h,2026-03-28T00:07:27Z,Tennessee Volunteers,145,
2026-03-28T00:07:32.253633+00:00,the_odds_api,basketball_ncaab,7046f8e5f278fa5a27cefcf8966620e4,2026-03-28T02:10:00Z,,Iowa State Cyclones,Tennessee Volunteers,betrivers,BetRivers,2026-03-28T00:07:27Z,spreads,2026-03-28T00:07:27Z,Iowa State Cyclones,-115,-3.5
2026-03-28T00:07:32.253633+00:00,the_odds_api,basketball_ncaab,7046f8e5f278fa5a27cefcf8966620e4,2026-03-28T02:10:00Z,,Iowa State Cyclones,Tennessee Volunteers,betrivers,BetRivers,2026-03-28T00:07:27Z,spreads,2026-03-28T00:07:27Z,Tennessee Volunteers,-108,3.5
2026-03-28T00:07:32.253633+00:00,the_odds_api,basketball_ncaab,7046f8e5f278fa5a27cefcf8966620e4,2026-03-28T02:10:00Z,,Iowa State Cyclones,Tennessee Volunteers,betrivers,BetRivers,2026-03-28T00:07:27Z,totals,2026-03-28T00:07:27Z,Over,-109,139.5
2026-03-28T00:07:32.253633+00:00,the_odds_api,basketball_ncaab,7046f8e5f278fa5a27cefcf8966620e4,2026-03-28T02:10:00Z,,Iowa State Cyclones,Tennessee Volunteers,betrivers,BetRivers,2026-03-28T00:07:27Z,totals,2026-03-28T00:07:27Z,Under,-114,139.5
2026-03-28T00:07:32.253633+00:00,the_odds_api,basketball_ncaab,7046f8e5f278fa5a27cefcf8966620e4,2026-03-28T02:10:00Z,,Iowa State Cyclones,Tennessee Volunteers,mybookieag,MyBookie.ag,2026-03-28T00:07:27Z,h2h,2026-03-28T00:07:26Z,Iowa State Cyclones,-172,
2026-03-28T00:07:32.253633+00:00,the_odds_api,basketball_ncaab,7046f8e5f278fa5a27cefcf8966620e4,2026-03-28T02:10:00Z,,Iowa State Cyclones,Tennessee Volunteers,mybookieag,MyBookie.ag,2026-03-28T00:07:27Z,h2h,2026-03-28T00:07:26Z,Tennessee Volunteers,140,
2026-03-28T00:07:32.253633+00:00,the_odds_api,basketball_ncaab,7046f8e5f278fa5a27cefcf8966620e4,2026-03-28T02:10:00Z,,Iowa State Cyclones,Tennessee Volunteers,mybookieag,MyBookie.ag,2026-03-28T00:07:27Z,spreads,2026-03-28T00:07:26Z,Iowa State Cyclones,-110,-3.5
2026-03-28T00:07:32.253633+00:00,the_odds_api,basketball_ncaab,7046f8e5f278fa5a27cefcf8966620e4,2026-03-28T02:10:00Z,,Iowa State Cyclones,Tennessee Volunteers,mybookieag,MyBookie.ag,2026-03-28T00:07:27Z,spreads,2026-03-28T00:07:26Z,Tennessee Volunteers,-110,3.5
2026-03-28T00:07:32.253633+00:00,the_odds_api,basketball_ncaab,7046f8e5f278fa5a27cefcf8966620e4,2026-03-28T02:10:00Z,,Iowa State Cyclones,Tennessee Volunteers,mybookieag,MyBookie.ag,2026-03-28T00:07:27Z,totals,2026-03-28T00:07:26Z,Over,-110,139.5
2026-03-28T00:07:32.253633+00:00,the_odds_api,basketball_ncaab,7046f8e5f278fa5a27cefcf8966620e4,2026-03-28T02:10:00Z,,Iowa State Cyclones,Tennessee Volunteers,mybookieag,MyBookie.ag,2026-03-28T00:07:27Z,totals,2026-03-28T00:07:26Z,Under,-110,139.5
2026-03-28T00:07:32.253633+00:00,the_odds_api,basketball_ncaab,7046f8e5f278fa5a27cefcf8966620e4,2026-03-28T02:10:00Z,,Iowa State Cyclones,Tennessee Volunteers,bovada,Bovada,2026-03-28T00:06:23Z,h2h,2026-03-28T00:06:23Z,Iowa State Cyclones,-175,
2026-03-28T00:07:32.253633+00:00,the_odds_api,basketball_ncaab,7046f8e5f278fa5a27cefcf8966620e4,2026-03-28T02:10:00Z,,Iowa State Cyclones,Tennessee Volunteers,bovada,Bovada,2026-03-28T00:06:23Z,h2h,2026-03-28T00:06:23Z,Tennessee Volunteers,150,
2026-03-28T00:07:32.253633+00:00,the_odds_api,basketball_ncaab,7046f8e5f278fa5a27cefcf8966620e4,2026-03-28T02:10:00Z,,Iowa State Cyclones,Tennessee Volunteers,bovada,Bovada,2026-03-28T00:06:23Z,spreads,2026-03-28T00:06:23Z,Iowa State Cyclones,-105,-3.5
2026-03-28T00:07:32.253633+00:00,the_odds_api,basketball_ncaab,7046f8e5f278fa5a27cefcf8966620e4,2026-03-28T02:10:00Z,,Iowa State Cyclones,Tennessee Volunteers,bovada,Bovada,2026-03-28T00:06:23Z,spreads,2026-03-28T00:06:23Z,Tennessee Volunteers,-115,3.5
2026-03-28T00:07:32.253633+00:00,the_odds_api,basketball_ncaab,7046f8e5f278fa5a27cefcf8966620e4,2026-03-28T02:10:00Z,,Iowa State Cyclones,Tennessee Volunteers,bovada,Bovada,2026-03-28T00:06:23Z,totals,2026-03-28T00:06:23Z,Over,-115,139.0
2026-03-28T00:07:32.253633+00:00,the_odds_api,basketball_ncaab,7046f8e5f278fa5a27cefcf8966620e4,2026-03-28T02:10:00Z,,Iowa State Cyclones,Tennessee Volunteers,bovada,Bovada,2026-03-28T00:06:23Z,totals,2026-03-28T00:06:23Z,Under,-105,139.0
2026-03-25T01:07:28.918355+00:00,the_odds_api,basketball_ncaab,5b8426555586aae5f7ed2a20c2262c86,2026-03-24T23:05:00Z,,Tulsa Golden Hurricane,Wichita St Shockers,fanduel,FanDuel,2026-03-25T01:06:55Z,h2h,2026-03-25T01:06:55Z,Tulsa Golden Hurricane,-390,
2026-03-25T01:07:28.918355+00:00,the_odds_api,basketball_ncaab,5b8426555586aae5f7ed2a20c2262c86,2026-03-24T23:05:00Z,,Tulsa Golden Hurricane,Wichita St Shockers,fanduel,FanDuel,2026-03-25T01:06:55Z,h2h,2026-03-25T01:06:55Z,Wichita St Shockers,280,
2026-03-25T01:07:28.918355+00:00,the_odds_api,basketball_ncaab,5b8426555586aae5f7ed2a20c2262c86,2026-03-24T23:05:00Z,,Tulsa Golden Hurricane,Wichita St Shockers,fanduel,FanDuel,2026-03-25T01:06:55Z,spreads,2026-03-25T01:06:55Z,Tulsa Golden Hurricane,110,-3.5
2026-03-25T01:07:28.918355+00:00,the_odds_api,basketball_ncaab,5b8426555586aae5f7ed2a20c2262c86,2026-03-24T23:05:00Z,,Tulsa Golden Hurricane,Wichita St Shockers,fanduel,FanDuel,2026-03-25T01:06:55Z,spreads,2026-03-25T01:06:55Z,Wichita St Shockers,-146,3.5
2026-03-24T23:07:28.092430+00:00,the_odds_api,basketball_ncaab,5b8426555586aae5f7ed2a20c2262c86,2026-03-24T23:05:00Z,,Tulsa Golden Hurricane,Wichita St Shockers,betonlineag,BetOnline.ag,2026-03-24T23:03:38Z,h2h,2026-03-24T23:03:38Z,Tulsa Golden Hurricane,-188,
2026-03-24T23:07:28.092430+00:00,the_odds_api,basketball_ncaab,5b8426555586aae5f7ed2a20c2262c86,2026-03-24T23:05:00Z,,Tulsa Golden Hurricane,Wichita St Shockers,betonlineag,BetOnline.ag,2026-03-24T23:03:38Z,h2h,2026-03-24T23:03:38Z,Wichita St Shockers,164,
2026-03-24T23:07:28.092430+00:00,the_odds_api,basketball_ncaab,5b8426555586aae5f7ed2a20c2262c86,2026-03-24T23:05:00Z,,Tulsa Golden Hurricane,Wichita St Shockers,betonlineag,BetOnline.ag,2026-03-24T23:03:38Z,spreads,2026-03-24T23:03:38Z,Tulsa Golden Hurricane,-111,-4.0
2026-03-24T23:07:28.092430+00:00,the_odds_api,basketball_ncaab,5b8426555586aae5f7ed2a20c2262c86,2026-03-24T23:05:00Z,,Tulsa Golden Hurricane,Wichita St Shockers,betonlineag,BetOnline.ag,2026-03-24T23:03:38Z,spreads,2026-03-24T23:03:38Z,Wichita St Shockers,-109,4.0
2026-03-24T23:07:28.092430+00:00,the_odds_api,basketball_ncaab,5b8426555586aae5f7ed2a20c2262c86,2026-03-24T23:05:00Z,,Tulsa Golden Hurricane,Wichita St Shockers,betonlineag,BetOnline.ag,2026-03-24T23:03:38Z,totals,2026-03-24T23:03:38Z,Over,-115,155.0
2026-03-24T23:07:28.092430+00:00,the_odds_api,basketball_ncaab,5b8426555586aae5f7ed2a20c2262c86,2026-03-24T23:05:00Z,,Tulsa Golden Hurricane,Wichita St Shockers,betonlineag,BetOnline.ag,2026-03-24T23:03:38Z,totals,2026-03-24T23:03:38Z,Under,-105,155.0
2026-03-24T23:07:28.092430+00:00,the_odds_api,basketball_ncaab,5b8426555586aae5f7ed2a20c2262c86,2026-03-24T23:05:00Z,,Tulsa Golden Hurricane,Wichita St Shockers,lowvig,LowVig.ag,2026-03-24T23:03:03Z,h2h,2026-03-24T23:03:03Z,Tulsa Golden Hurricane,-188,
2026-03-24T23:07:28.092430+00:00,the_odds_api,basketball_ncaab,5b8426555586aae5f7ed2a20c2262c86,2026-03-24T23:05:00Z,,Tulsa Golden Hurricane,Wichita St Shockers,lowvig,LowVig.ag,2026-03-24T23:03:03Z,h2h,2026-03-24T23:03:03Z,Wichita St Shockers,164,
2026-03-24T23:07:28.092430+00:00,the_odds_api,basketball_ncaab,5b8426555586aae5f7ed2a20c2262c86,2026-03-24T23:05:00Z,,Tulsa Golden Hurricane,Wichita St Shockers,lowvig,LowVig.ag,2026-03-24T23:03:03Z,spreads,2026-03-24T23:03:03Z,Tulsa Golden Hurricane,-107,-4.0
2026-03-24T23:07:28.092430+00:00,the_odds_api,basketball_ncaab,5b8426555586aae5f7ed2a20c2262c86,2026-03-24T23:05:00Z,,Tulsa Golden Hurricane,Wichita St Shockers,lowvig,LowVig.ag,2026-03-24T23:03:03Z,spreads,2026-03-24T23:03:03Z,Wichita St Shockers,-105,4.0
2026-03-24T23:07:28.092430+00:00,the_odds_api,basketball_ncaab,5b8426555586aae5f7ed2a20c2262c86,2026-03-24T23:05:00Z,,Tulsa Golden Hurricane,Wichita St Shockers,lowvig,LowVig.ag,2026-03-24T23:03:03Z,totals,2026-03-24T23:03:03Z,Over,-113,155.0
2026-03-24T23:07:28.092430+00:00,the_odds_api,basketball_ncaab,5b8426555586aae5f7ed2a20c2262c86,2026-03-24T23:05:00Z,,Tulsa Golden Hurricane,Wichita St Shockers,lowvig,LowVig.ag,2026-03-24T23:03:03Z,totals,2026-03-24T23:03:03Z,Under,-103,155.0
2026-03-25T02:37:24.900329+00:00,the_odds_api,basketball_ncaab,96177e1055b0f7869167edf123edc5f8,2026-03-25T01:10:00Z,,New Mexico Lobos,Saint Joseph's Hawks,fanduel,FanDuel,2026-03-25T02:36:56Z,h2h,2026-03-25T02:36:56Z,New Mexico Lobos,-20000,
2026-03-25T02:37:24.900329+00:00,the_odds_api,basketball_ncaab,96177e1055b0f7869167edf123edc5f8,2026-03-25T01:10:00Z,,New Mexico Lobos,Saint Joseph's Hawks,fanduel,FanDuel,2026-03-25T02:36:56Z,h2h,2026-03-25T02:36:56Z,Saint Joseph's Hawks,2000,
2026-03-25T02:37:24.900329+00:00,the_odds_api,basketball_ncaab,96177e1055b0f7869167edf123edc5f8,2026-03-25T01:10:00Z,,New Mexico Lobos,Saint Joseph's Hawks,fanduel,FanDuel,2026-03-25T02:36:56Z,spreads,2026-03-25T02:36:56Z,New Mexico Lobos,-112,-13.5
2026-03-25T02:37:24.900329+00:00,the_odds_api,basketball_ncaab,96177e1055b0f7869167edf123edc5f8,2026-03-25T01:10:00Z,,New Mexico Lobos,Saint Joseph's Hawks,fanduel,FanDuel,2026-03-25T02:36:56Z,spreads,2026-03-25T02:36:56Z,Saint Joseph's Hawks,-118,13.5
2026-03-25T02:37:24.900329+00:00,the_odds_api,basketball_ncaab,96177e1055b0f7869167edf123edc5f8,2026-03-25T01:10:00Z,,New Mexico Lobos,Saint Joseph's Hawks,fanduel,FanDuel,2026-03-25T02:36:56Z,totals,2026-03-25T02:36:56Z,Over,-104,161.5
2026-03-25T02:37:24.900329+00:00,the_odds_api,basketball_ncaab,96177e1055b0f7869167edf123edc5f8,2026-03-25T01:10:00Z,,New Mexico Lobos,Saint Joseph's Hawks,fanduel,FanDuel,2026-03-25T02:36:56Z,totals,2026-03-25T02:36:56Z,Under,-128,161.5
2026-03-25T01:07:28.918355+00:00,the_odds_api,basketball_ncaab,96177e1055b0f7869167edf123edc5f8,2026-03-25T01:10:00Z,,New Mexico Lobos,Saint Joseph's Hawks,lowvig,LowVig.ag,2026-03-25T01:05:25Z,h2h,2026-03-25T01:05:25Z,New Mexico Lobos,-650,
2026-03-25T01:07:28.918355+00:00,the_odds_api,basketball_ncaab,96177e1055b0f7869167edf123edc5f8,2026-03-25T01:10:00Z,,New Mexico Lobos,Saint Joseph's Hawks,lowvig,LowVig.ag,2026-03-25T01:05:25Z,h2h,2026-03-25T01:05:25Z,Saint Joseph's Hawks,476,
2026-03-25T01:07:28.918355+00:00,the_odds_api,basketball_ncaab,96177e1055b0f7869167edf123edc5f8,2026-03-25T01:10:00Z,,New Mexico Lobos,Saint Joseph's Hawks,lowvig,LowVig.ag,2026-03-25T01:05:25Z,spreads,2026-03-25T01:05:25Z,New Mexico Lobos,-111,-11.0
2026-03-25T01:07:28.918355+00:00,the_odds_api,basketball_ncaab,96177e1055b0f7869167edf123edc5f8,2026-03-25T01:10:00Z,,New Mexico Lobos,Saint Joseph's Hawks,lowvig,LowVig.ag,2026-03-25T01:05:25Z,spreads,2026-03-25T01:05:25Z,Saint Joseph's Hawks,-101,11.0
2026-03-25T01:07:28.918355+00:00,the_odds_api,basketball_ncaab,96177e1055b0f7869167edf123edc5f8,2026-03-25T01:10:00Z,,New Mexico Lobos,Saint Joseph's Hawks,lowvig,LowVig.ag,2026-03-25T01:05:25Z,totals,2026-03-25T01:05:25Z,Over,-111,155.0
2026-03-25T01:07:28.918355+00:00,the_odds_api,basketball_ncaab,96177e1055b0f7869167edf123edc5f8,2026-03-25T01:10:00Z,,New Mexico Lobos,Saint Joseph's Hawks,lowvig,LowVig.ag,2026-03-25T01:05:25Z,totals,2026-03-25T01:05:25Z,Under,-105,155.0
2026-03-25T01:07:28.918355+00:00,the_odds_api,basketball_ncaab,96177e1055b0f7869167edf123edc5f8,2026-03-25T01:10:00Z,,New Mexico Lobos,Saint Joseph's Hawks,betonlineag,BetOnline.ag,2026-03-25T01:06:55Z,h2h,2026-03-25T01:06:55Z,New Mexico Lobos,-650,
2026-03-25T01:07:28.918355+00:00,the_odds_api,basketball_ncaab,96177e1055b0f7869167edf123edc5f8,2026-03-25T01:10:00Z,,New Mexico Lobos,Saint Joseph's Hawks,betonlineag,BetOnline.ag,2026-03-25T01:06:55Z,h2h,2026-03-25T01:06:55Z,Saint Joseph's Hawks,476,
2026-03-25T01:07:28.918355+00:00,the_odds_api,basketball_ncaab,96177e1055b0f7869167edf123edc5f8,2026-03-25T01:10:00Z,,New Mexico Lobos,Saint Joseph's Hawks,betonlineag,BetOnline.ag,2026-03-25T01:06:55Z,spreads,2026-03-25T01:06:55Z,New Mexico Lobos,-115,-11.0
2026-03-25T01:07:28.918355+00:00,the_odds_api,basketball_ncaab,96177e1055b0f7869167edf123edc5f8,2026-03-25T01:10:00Z,,New Mexico Lobos,Saint Joseph's Hawks,betonlineag,BetOnline.ag,2026-03-25T01:06:55Z,spreads,2026-03-25T01:06:55Z,Saint Joseph's Hawks,-105,11.0
2026-03-25T01:07:28.918355+00:00,the_odds_api,basketball_ncaab,96177e1055b0f7869167edf123edc5f8,2026-03-25T01:10:00Z,,New Mexico Lobos,Saint Joseph's Hawks,betonlineag,BetOnline.ag,2026-03-25T01:06:55Z,totals,2026-03-25T01:06:55Z,Over,-113,155.0
2026-03-25T01:07:28.918355+00:00,the_odds_api,basketball_ncaab,96177e1055b0f7869167edf123edc5f8,2026-03-25T01:10:00Z,,New Mexico Lobos,Saint Joseph's Hawks,betonlineag,BetOnline.ag,2026-03-25T01:06:55Z,totals,2026-03-25T01:06:55Z,Under,-107,155.0
2026-03-26T01:07:37.521234+00:00,the_odds_api,basketball_ncaab,b9c52e0f4228b292b74bbf2be3bf4549,2026-03-25T23:00:00Z,,Dayton Flyers,Illinois St Redbirds,fanduel,FanDuel,2026-03-26T00:59:32Z,h2h,2026-03-26T00:59:32Z,Dayton Flyers,1100,
2026-03-26T01:07:37.521234+00:00,the_odds_api,basketball_ncaab,b9c52e0f4228b292b74bbf2be3bf4549,2026-03-25T23:00:00Z,,Dayton Flyers,Illinois St Redbirds,fanduel,FanDuel,2026-03-26T00:59:32Z,h2h,2026-03-26T00:59:32Z,Illinois St Redbirds,-4000,
2026-03-26T01:07:37.521234+00:00,the_odds_api,basketball_ncaab,b9c52e0f4228b292b74bbf2be3bf4549,2026-03-25T23:00:00Z,,Dayton Flyers,Illinois St Redbirds,fanduel,FanDuel,2026-03-26T00:59:32Z,spreads,2026-03-26T00:59:32Z,Dayton Flyers,-132,5.5
2026-03-26T01:07:37.521234+00:00,the_odds_api,basketball_ncaab,b9c52e0f4228b292b74bbf2be3bf4549,2026-03-25T23:00:00Z,,Dayton Flyers,Illinois St Redbirds,fanduel,FanDuel,2026-03-26T00:59:32Z,spreads,2026-03-26T00:59:32Z,Illinois St Redbirds,100,-5.5
2026-03-25T23:07:46.931821+00:00,the_odds_api,basketball_ncaab,b9c52e0f4228b292b74bbf2be3bf4549,2026-03-25T23:00:00Z,,Dayton Flyers,Illinois St Redbirds,lowvig,LowVig.ag,2026-03-25T23:04:16Z,h2h,2026-03-25T23:04:16Z,Dayton Flyers,-340,
2026-03-25T23:07:46.931821+00:00,the_odds_api,basketball_ncaab,b9c52e0f4228b292b74bbf2be3bf4549,2026-03-25T23:00:00Z,,Dayton Flyers,Illinois St Redbirds,lowvig,LowVig.ag,2026-03-25T23:04:16Z,h2h,2026-03-25T23:04:16Z,Illinois St Redbirds,274,
2026-03-25T23:07:46.931821+00:00,the_odds_api,basketball_ncaab,b9c52e0f4228b292b74bbf2be3bf4549,2026-03-25T23:00:00Z,,Dayton Flyers,Illinois St Redbirds,lowvig,LowVig.ag,2026-03-25T23:04:16Z,spreads,2026-03-25T23:04:16Z,Dayton Flyers,-104,-7.5
2026-03-25T23:07:46.931821+00:00,the_odds_api,basketball_ncaab,b9c52e0f4228b292b74bbf2be3bf4549,2026-03-25T23:00:00Z,,Dayton Flyers,Illinois St Redbirds,lowvig,LowVig.ag,2026-03-25T23:04:16Z,spreads,2026-03-25T23:04:16Z,Illinois St Redbirds,-108,7.5
2026-03-25T23:07:46.931821+00:00,the_odds_api,basketball_ncaab,b9c52e0f4228b292b74bbf2be3bf4549,2026-03-25T23:00:00Z,,Dayton Flyers,Illinois St Redbirds,lowvig,LowVig.ag,2026-03-25T23:04:16Z,totals,2026-03-25T23:04:16Z,Over,-108,141.0
2026-03-25T23:07:46.931821+00:00,the_odds_api,basketball_ncaab,b9c52e0f4228b292b74bbf2be3bf4549,2026-03-25T23:00:00Z,,Dayton Flyers,Illinois St Redbirds,lowvig,LowVig.ag,2026-03-25T23:04:16Z,totals,2026-03-25T23:04:16Z,Under,-108,141.0
2026-03-25T23:07:46.931821+00:00,the_odds_api,basketball_ncaab,b9c52e0f4228b292b74bbf2be3bf4549,2026-03-25T23:00:00Z,,Dayton Flyers,Illinois St Redbirds,betonlineag,BetOnline.ag,2026-03-25T23:04:17Z,h2h,2026-03-25T23:04:17Z,Dayton Flyers,-340,
2026-03-25T23:07:46.931821+00:00,the_odds_api,basketball_ncaab,b9c52e0f4228b292b74bbf2be3bf4549,2026-03-25T23:00:00Z,,Dayton Flyers,Illinois St Redbirds,betonlineag,BetOnline.ag,2026-03-25T23:04:17Z,h2h,2026-03-25T23:04:17Z,Illinois St Redbirds,274,
2026-03-25T23:07:46.931821+00:00,the_odds_api,basketball_ncaab,b9c52e0f4228b292b74bbf2be3bf4549,2026-03-25T23:00:00Z,,Dayton Flyers,Illinois St Redbirds,betonlineag,BetOnline.ag,2026-03-25T23:04:17Z,spreads,2026-03-25T23:04:17Z,Dayton Flyers,-110,-7.5
2026-03-25T23:07:46.931821+00:00,the_odds_api,basketball_ncaab,b9c52e0f4228b292b74bbf2be3bf4549,2026-03-25T23:00:00Z,,Dayton Flyers,Illinois St Redbirds,betonlineag,BetOnline.ag,2026-03-25T23:04:17Z,spreads,2026-03-25T23:04:17Z,Illinois St Redbirds,-110,7.5
2026-03-25T23:07:46.931821+00:00,the_odds_api,basketball_ncaab,b9c52e0f4228b292b74bbf2be3bf4549,2026-03-25T23:00:00Z,,Dayton Flyers,Illinois St Redbirds,betonlineag,BetOnline.ag,2026-03-25T23:04:17Z,totals,2026-03-25T23:04:17Z,Over,-110,141.0
2026-03-25T23:07:46.931821+00:00,the_odds_api,basketball_ncaab,b9c52e0f4228b292b74bbf2be3bf4549,2026-03-25T23:00:00Z,,Dayton Flyers,Illinois St Redbirds,betonlineag,BetOnline.ag,2026-03-25T23:04:17Z,totals,2026-03-25T23:04:17Z,Under,-110,141.0
2026-03-26T02:37:29.313195+00:00,the_odds_api,basketball_ncaab,0cf810433f027f2b1c9da531c3df1348,2026-03-26T01:07:00Z,,Auburn Tigers,Nevada Wolf Pack,fanduel,FanDuel,2026-03-26T02:36:59Z,h2h,2026-03-26T02:36:59Z,Auburn Tigers,-50000,
2026-03-26T02:37:29.313195+00:00,the_odds_api,basketball_ncaab,0cf810433f027f2b1c9da531c3df1348,2026-03-26T01:07:00Z,,Auburn Tigers,Nevada Wolf Pack,fanduel,FanDuel,2026-03-26T02:36:59Z,h2h,2026-03-26T02:36:59Z,Nevada Wolf Pack,3500,
2026-03-26T02:37:29.313195+00:00,the_odds_api,basketball_ncaab,0cf810433f027f2b1c9da531c3df1348,2026-03-26T01:07:00Z,,Auburn Tigers,Nevada Wolf Pack,fanduel,FanDuel,2026-03-26T02:36:59Z,spreads,2026-03-26T02:36:59Z,Auburn Tigers,-118,-13.5
2026-03-26T02:37:29.313195+00:00,the_odds_api,basketball_ncaab,0cf810433f027f2b1c9da531c3df1348,2026-03-26T01:07:00Z,,Auburn Tigers,Nevada Wolf Pack,fanduel,FanDuel,2026-03-26T02:36:59Z,spreads,2026-03-26T02:36:59Z,Nevada Wolf Pack,-112,13.5
2026-03-26T02:37:29.313195+00:00,the_odds_api,basketball_ncaab,0cf810433f027f2b1c9da531c3df1348,2026-03-26T01:07:00Z,,Auburn Tigers,Nevada Wolf Pack,fanduel,FanDuel,2026-03-26T02:36:59Z,totals,2026-03-26T02:36:59Z,Over,-120,132.5
2026-03-26T02:37:29.313195+00:00,the_odds_api,basketball_ncaab,0cf810433f027f2b1c9da531c3df1348,2026-03-26T01:07:00Z,,Auburn Tigers,Nevada Wolf Pack,fanduel,FanDuel,2026-03-26T02:36:59Z,totals,2026-03-26T02:36:59Z,Under,-110,132.5
2026-03-26T01:07:37.521234+00:00,the_odds_api,basketball_ncaab,0cf810433f027f2b1c9da531c3df1348,2026-03-26T01:07:00Z,,Auburn Tigers,Nevada Wolf Pack,lowvig,LowVig.ag,2026-03-26T01:06:45Z,h2h,2026-03-26T01:06:45Z,Auburn Tigers,-400,
2026-03-26T01:07:37.521234+00:00,the_odds_api,basketball_ncaab,0cf810433f027f2b1c9da531c3df1348,2026-03-26T01:07:00Z,,Auburn Tigers,Nevada Wolf Pack,lowvig,LowVig.ag,2026-03-26T01:06:45Z,h2h,2026-03-26T01:06:45Z,Nevada Wolf Pack,316,
2026-03-26T01:07:37.521234+00:00,the_odds_api,basketball_ncaab,0cf810433f027f2b1c9da531c3df1348,2026-03-26T01:07:00Z,,Auburn Tigers,Nevada Wolf Pack,lowvig,LowVig.ag,2026-03-26T01:06:45Z,spreads,2026-03-26T01:06:45Z,Auburn Tigers,-101,-8.5
2026-03-26T01:07:37.521234+00:00,the_odds_api,basketball_ncaab,0cf810433f027f2b1c9da531c3df1348,2026-03-26T01:07:00Z,,Auburn Tigers,Nevada Wolf Pack,lowvig,LowVig.ag,2026-03-26T01:06:45Z,spreads,2026-03-26T01:06:45Z,Nevada Wolf Pack,-111,8.5
2026-03-26T01:07:37.521234+00:00,the_odds_api,basketball_ncaab,0cf810433f027f2b1c9da531c3df1348,2026-03-26T01:07:00Z,,Auburn Tigers,Nevada Wolf Pack,lowvig,LowVig.ag,2026-03-26T01:06:45Z,totals,2026-03-26T01:06:45Z,Over,-108,151.5
2026-03-26T01:07:37.521234+00:00,the_odds_api,basketball_ncaab,0cf810433f027f2b1c9da531c3df1348,2026-03-26T01:07:00Z,,Auburn Tigers,Nevada Wolf Pack,lowvig,LowVig.ag,2026-03-26T01:06:45Z,totals,2026-03-26T01:06:45Z,Under,-108,151.5
2026-03-26T01:07:37.521234+00:00,the_odds_api,basketball_ncaab,0cf810433f027f2b1c9da531c3df1348,2026-03-26T01:07:00Z,,Auburn Tigers,Nevada Wolf Pack,betonlineag,BetOnline.ag,2026-03-26T01:07:07Z,h2h,2026-03-26T01:07:07Z,Auburn Tigers,-400,
2026-03-26T01:07:37.521234+00:00,the_odds_api,basketball_ncaab,0cf810433f027f2b1c9da531c3df1348,2026-03-26T01:07:00Z,,Auburn Tigers,Nevada Wolf Pack,betonlineag,BetOnline.ag,2026-03-26T01:07:07Z,h2h,2026-03-26T01:07:07Z,Nevada Wolf Pack,316,
2026-03-26T01:07:37.521234+00:00,the_odds_api,basketball_ncaab,0cf810433f027f2b1c9da531c3df1348,2026-03-26T01:07:00Z,,Auburn Tigers,Nevada Wolf Pack,betonlineag,BetOnline.ag,2026-03-26T01:07:07Z,spreads,2026-03-26T01:07:07Z,Auburn Tigers,-105,-8.5
2026-03-26T01:07:37.521234+00:00,the_odds_api,basketball_ncaab,0cf810433f027f2b1c9da531c3df1348,2026-03-26T01:07:00Z,,Auburn Tigers,Nevada Wolf Pack,betonlineag,BetOnline.ag,2026-03-26T01:07:07Z,spreads,2026-03-26T01:07:07Z,Nevada Wolf Pack,-115,8.5
2026-03-26T01:07:37.521234+00:00,the_odds_api,basketball_ncaab,0cf810433f027f2b1c9da531c3df1348,2026-03-26T01:07:00Z,,Auburn Tigers,Nevada Wolf Pack,betonlineag,BetOnline.ag,2026-03-26T01:07:07Z,totals,2026-03-26T01:07:07Z,Over,-110,151.5
2026-03-26T01:07:37.521234+00:00,the_odds_api,basketball_ncaab,0cf810433f027f2b1c9da531c3df1348,2026-03-26T01:07:00Z,,Auburn Tigers,Nevada Wolf Pack,betonlineag,BetOnline.ag,2026-03-26T01:07:07Z,totals,2026-03-26T01:07:07Z,Under,-110,151.5
2026-03-27T01:37:45.539754+00:00,the_odds_api,basketball_ncaab,4cf401630aa10cb31037b56b00065701,2026-03-26T23:10:36Z,,Purdue Boilermakers,Texas Longhorns,fanatics,Fanatics,2026-03-27T01:31:12Z,h2h,2026-03-27T01:31:12Z,Purdue Boilermakers,-350,
2026-03-27T01:37:45.539754+00:00,the_odds_api,basketball_ncaab,4cf401630aa10cb31037b56b00065701,2026-03-26T23:10:36Z,,Purdue Boilermakers,Texas Longhorns,fanatics,Fanatics,2026-03-27T01:31:12Z,h2h,2026-03-27T01:31:12Z,Texas Longhorns,250,
2026-03-27T01:37:45.539754+00:00,the_odds_api,basketball_ncaab,4cf401630aa10cb31037b56b00065701,2026-03-26T23:10:36Z,,Purdue Boilermakers,Texas Longhorns,fanatics,Fanatics,2026-03-27T01:31:12Z,spreads,2026-03-27T01:31:12Z,Purdue Boilermakers,120,-2.5
2026-03-27T01:37:45.539754+00:00,the_odds_api,basketball_ncaab,4cf401630aa10cb31037b56b00065701,2026-03-26T23:10:36Z,,Purdue Boilermakers,Texas Longhorns,fanatics,Fanatics,2026-03-27T01:31:12Z,spreads,2026-03-27T01:31:12Z,Texas Longhorns,-160,2.5
2026-03-26T23:38:12.251000+00:00,the_odds_api,basketball_ncaab,46b1a59de36ee26bfe2ae0e3d3fdcb34,2026-03-26T23:30:50Z,,Nebraska Cornhuskers,Iowa Hawkeyes,betus,BetUS,2026-03-26T23:29:55Z,h2h,2026-03-26T23:29:55Z,Iowa Hawkeyes,105,
2026-03-26T23:38:12.251000+00:00,the_odds_api,basketball_ncaab,46b1a59de36ee26bfe2ae0e3d3fdcb34,2026-03-26T23:30:50Z,,Nebraska Cornhuskers,Iowa Hawkeyes,betus,BetUS,2026-03-26T23:29:55Z,h2h,2026-03-26T23:29:55Z,Nebraska Cornhuskers,-125,
2026-03-26T23:38:12.251000+00:00,the_odds_api,basketball_ncaab,46b1a59de36ee26bfe2ae0e3d3fdcb34,2026-03-26T23:30:50Z,,Nebraska Cornhuskers,Iowa Hawkeyes,betus,BetUS,2026-03-26T23:29:55Z,spreads,2026-03-26T23:29:55Z,Iowa Hawkeyes,-110,1.5
2026-03-26T23:38:12.251000+00:00,the_odds_api,basketball_ncaab,46b1a59de36ee26bfe2ae0e3d3fdcb34,2026-03-26T23:30:50Z,,Nebraska Cornhuskers,Iowa Hawkeyes,betus,BetUS,2026-03-26T23:29:55Z,spreads,2026-03-26T23:29:55Z,Nebraska Cornhuskers,-110,-1.5
2026-03-26T23:38:12.251000+00:00,the_odds_api,basketball_ncaab,46b1a59de36ee26bfe2ae0e3d3fdcb34,2026-03-26T23:30:50Z,,Nebraska Cornhuskers,Iowa Hawkeyes,betus,BetUS,2026-03-26T23:29:55Z,totals,2026-03-26T23:29:55Z,Over,-110,131.0
2026-03-26T23:38:12.251000+00:00,the_odds_api,basketball_ncaab,46b1a59de36ee26bfe2ae0e3d3fdcb34,2026-03-26T23:30:50Z,,Nebraska Cornhuskers,Iowa Hawkeyes,betus,BetUS,2026-03-26T23:29:55Z,totals,2026-03-26T23:29:55Z,Under,-110,131.0
2026-03-27T01:37:45.539754+00:00,the_odds_api,basketball_ncaab,46b1a59de36ee26bfe2ae0e3d3fdcb34,2026-03-26T23:30:50Z,,Nebraska Cornhuskers,Iowa Hawkeyes,fanatics,Fanatics,2026-03-27T01:25:18Z,spreads,2026-03-27T01:25:18Z,Iowa Hawkeyes,125,-8.5
2026-03-27T01:37:45.539754+00:00,the_odds_api,basketball_ncaab,46b1a59de36ee26bfe2ae0e3d3fdcb34,2026-03-26T23:30:50Z,,Nebraska Cornhuskers,Iowa Hawkeyes,fanatics,Fanatics,2026-03-27T01:25:18Z,spreads,2026-03-27T01:25:18Z,Nebraska Cornhuskers,-165,8.5
2026-03-27T02:07:50.328299+00:00,the_odds_api,basketball_ncaab,f1d5502ed3f4cc204b50e2c84e7239f4,2026-03-27T02:06:30Z,,Arizona Wildcats,Arkansas Razorbacks,betus,BetUS,2026-03-27T02:05:55Z,h2h,2026-03-27T02:05:55Z,Arizona Wildcats,-400,
2026-03-27T02:07:50.328299+00:00,the_odds_api,basketball_ncaab,f1d5502ed3f4cc204b50e2c84e7239f4,2026-03-27T02:06:30Z,,Arizona Wildcats,Arkansas Razorbacks,betus,BetUS,2026-03-27T02:05:55Z,h2h,2026-03-27T02:05:55Z,Arkansas Razorbacks,320,
2026-03-27T02:07:50.328299+00:00,the_odds_api,basketball_ncaab,f1d5502ed3f4cc204b50e2c84e7239f4,2026-03-27T02:06:30Z,,Arizona Wildcats,Arkansas Razorbacks,betus,BetUS,2026-03-27T02:05:55Z,spreads,2026-03-27T02:05:55Z,Arizona Wildcats,-115,-8.0
2026-03-27T02:07:50.328299+00:00,the_odds_api,basketball_ncaab,f1d5502ed3f4cc204b50e2c84e7239f4,2026-03-27T02:06:30Z,,Arizona Wildcats,Arkansas Razorbacks,betus,BetUS,2026-03-27T02:05:55Z,spreads,2026-03-27T02:05:55Z,Arkansas Razorbacks,-105,8.0
2026-03-27T02:07:50.328299+00:00,the_odds_api,basketball_ncaab,f1d5502ed3f4cc204b50e2c84e7239f4,2026-03-27T02:06:30Z,,Arizona Wildcats,Arkansas Razorbacks,betus,BetUS,2026-03-27T02:05:55Z,totals,2026-03-27T02:05:55Z,Over,-110,166.0
2026-03-27T02:07:50.328299+00:00,the_odds_api,basketball_ncaab,f1d5502ed3f4cc204b50e2c84e7239f4,2026-03-27T02:06:30Z,,Arizona Wildcats,Arkansas Razorbacks,betus,BetUS,2026-03-27T02:05:55Z,totals,2026-03-27T02:05:55Z,Under,-110,166.0
2026-03-27T02:37:48.944386+00:00,the_odds_api,basketball_ncaab,f1d5502ed3f4cc204b50e2c84e7239f4,2026-03-27T02:06:30Z,,Arizona Wildcats,Arkansas Razorbacks,fanatics,Fanatics,2026-03-27T02:37:45Z,h2h,2026-03-27T02:37:45Z,Arizona Wildcats,-1200,
2026-03-27T02:37:48.944386+00:00,the_odds_api,basketball_ncaab,f1d5502ed3f4cc204b50e2c84e7239f4,2026-03-27T02:06:30Z,,Arizona Wildcats,Arkansas Razorbacks,fanatics,Fanatics,2026-03-27T02:37:45Z,h2h,2026-03-27T02:37:45Z,Arkansas Razorbacks,650,
2026-03-27T02:37:48.944386+00:00,the_odds_api,basketball_ncaab,f1d5502ed3f4cc204b50e2c84e7239f4,2026-03-27T02:06:30Z,,Arizona Wildcats,Arkansas Razorbacks,fanatics,Fanatics,2026-03-27T02:37:45Z,spreads,2026-03-27T02:37:45Z,Arizona Wildcats,-110,-13.5
2026-03-27T02:37:48.944386+00:00,the_odds_api,basketball_ncaab,f1d5502ed3f4cc204b50e2c84e7239f4,2026-03-27T02:06:30Z,,Arizona Wildcats,Arkansas Razorbacks,fanatics,Fanatics,2026-03-27T02:37:45Z,spreads,2026-03-27T02:37:45Z,Arkansas Razorbacks,-120,13.5
2026-03-27T02:37:48.944386+00:00,the_odds_api,basketball_ncaab,f1d5502ed3f4cc204b50e2c84e7239f4,2026-03-27T02:06:30Z,,Arizona Wildcats,Arkansas Razorbacks,fanatics,Fanatics,2026-03-27T02:37:45Z,totals,2026-03-27T02:37:45Z,Over,-105,174.5
2026-03-27T02:37:48.944386+00:00,the_odds_api,basketball_ncaab,f1d5502ed3f4cc204b50e2c84e7239f4,2026-03-27T02:06:30Z,,Arizona Wildcats,Arkansas Razorbacks,fanatics,Fanatics,2026-03-27T02:37:45Z,totals,2026-03-27T02:37:45Z,Under,-125,174.5
2026-03-27T02:37:48.944386+00:00,the_odds_api,basketball_ncaab,ec6928723ac4bd2765eab1446eab4e81,2026-03-27T02:06:05Z,,Houston Cougars,Illinois Fighting Illini,fanatics,Fanatics,2026-03-27T02:37:45Z,h2h,2026-03-27T02:37:45Z,Houston Cougars,145,
2026-03-27T02:37:48.944386+00:00,the_odds_api,basketball_ncaab,ec6928723ac4bd2765eab1446eab4e81,2026-03-27T02:06:05Z,,Houston Cougars,Illinois Fighting Illini,fanatics,Fanatics,2026-03-27T02:37:45Z,h2h,2026-03-27T02:37:45Z,Illinois Fighting Illini,-190,
2026-03-27T02:37:48.944386+00:00,the_odds_api,basketball_ncaab,ec6928723ac4bd2765eab1446eab4e81,2026-03-27T02:06:05Z,,Houston Cougars,Illinois Fighting Illini,fanatics,Fanatics,2026-03-27T02:37:45Z,spreads,2026-03-27T02:37:45Z,Houston Cougars,-115,3.5
2026-03-27T02:37:48.944386+00:00,the_odds_api,basketball_ncaab,ec6928723ac4bd2765eab1446eab4e81,2026-03-27T02:06:05Z,,Houston Cougars,Illinois Fighting Illini,fanatics,Fanatics,2026-03-27T02:37:45Z,spreads,2026-03-27T02:37:45Z,Illinois Fighting Illini,-115,-3.5
2026-03-27T02:37:48.944386+00:00,the_odds_api,basketball_ncaab,ec6928723ac4bd2765eab1446eab4e81,2026-03-27T02:06:05Z,,Houston Cougars,Illinois Fighting Illini,fanatics,Fanatics,2026-03-27T02:37:45Z,totals,2026-03-27T02:37:45Z,Over,-105,122.5
2026-03-27T02:37:48.944386+00:00,the_odds_api,basketball_ncaab,ec6928723ac4bd2765eab1446eab4e81,2026-03-27T02:06:05Z,,Houston Cougars,Illinois Fighting Illini,fanatics,Fanatics,2026-03-27T02:37:45Z,totals,2026-03-27T02:37:45Z,Under,-125,122.5
2026-03-27T23:07:28.495271+00:00,the_odds_api,basketball_ncaab,731c2ebbe43e00cbf104f9cbefaaaf63,2026-03-27T23:10:00Z,,Duke Blue Devils,St. John's Red Storm,betus,BetUS,2026-03-27T23:06:33Z,h2h,2026-03-27T23:06:33Z,Duke Blue Devils,-285,
2026-03-27T23:07:28.495271+00:00,the_odds_api,basketball_ncaab,731c2ebbe43e00cbf104f9cbefaaaf63,2026-03-27T23:10:00Z,,Duke Blue Devils,St. John's Red Storm,betus,BetUS,2026-03-27T23:06:33Z,h2h,2026-03-27T23:06:33Z,St. John's Red Storm,238,
2026-03-27T23:07:28.495271+00:00,the_odds_api,basketball_ncaab,731c2ebbe43e00cbf104f9cbefaaaf63,2026-03-27T23:10:00Z,,Duke Blue Devils,St. John's Red Storm,betus,BetUS,2026-03-27T23:06:33Z,spreads,2026-03-27T23:06:33Z,Duke Blue Devils,-110,-6.5
2026-03-27T23:07:28.495271+00:00,the_odds_api,basketball_ncaab,731c2ebbe43e00cbf104f9cbefaaaf63,2026-03-27T23:10:00Z,,Duke Blue Devils,St. John's Red Storm,betus,BetUS,2026-03-27T23:06:33Z,spreads,2026-03-27T23:06:33Z,St. John's Red Storm,-110,6.5
2026-03-27T23:07:28.495271+00:00,the_odds_api,basketball_ncaab,731c2ebbe43e00cbf104f9cbefaaaf63,2026-03-27T23:10:00Z,,Duke Blue Devils,St. John's Red Storm,betus,BetUS,2026-03-27T23:06:33Z,totals,2026-03-27T23:06:33Z,Over,-110,140.5
2026-03-27T23:07:28.495271+00:00,the_odds_api,basketball_ncaab,731c2ebbe43e00cbf104f9cbefaaaf63,2026-03-27T23:10:00Z,,Duke Blue Devils,St. John's Red Storm,betus,BetUS,2026-03-27T23:06:33Z,totals,2026-03-27T23:06:33Z,Under,-110,140.5
2026-03-28T00:07:32.253633+00:00,the_odds_api,basketball_ncaab,731c2ebbe43e00cbf104f9cbefaaaf63,2026-03-27T23:11:16Z,,Duke Blue Devils,St. John's Red Storm,fanatics,Fanatics,2026-03-28T00:07:26Z,h2h,2026-03-28T00:07:26Z,Duke Blue Devils,-200,
2026-03-28T00:07:32.253633+00:00,the_odds_api,basketball_ncaab,731c2ebbe43e00cbf104f9cbefaaaf63,2026-03-27T23:11:16Z,,Duke Blue Devils,St. John's Red Storm,fanatics,Fanatics,2026-03-28T00:07:26Z,h2h,2026-03-28T00:07:26Z,St. John's Red Storm,150,
2026-03-28T00:07:32.253633+00:00,the_odds_api,basketball_ncaab,731c2ebbe43e00cbf104f9cbefaaaf63,2026-03-27T23:11:16Z,,Duke Blue Devils,St. John's Red Storm,fanatics,Fanatics,2026-03-28T00:07:26Z,spreads,2026-03-28T00:07:26Z,Duke Blue Devils,-115,-3.5
2026-03-28T00:07:32.253633+00:00,the_odds_api,basketball_ncaab,731c2ebbe43e00cbf104f9cbefaaaf63,2026-03-27T23:11:16Z,,Duke Blue Devils,St. John's Red Storm,fanatics,Fanatics,2026-03-28T00:07:26Z,spreads,2026-03-28T00:07:26Z,St. John's Red Storm,-115,3.5
2026-03-28T00:07:32.253633+00:00,the_odds_api,basketball_ncaab,731c2ebbe43e00cbf104f9cbefaaaf63,2026-03-27T23:11:16Z,,Duke Blue Devils,St. John's Red Storm,fanatics,Fanatics,2026-03-28T00:07:26Z,totals,2026-03-28T00:07:26Z,Over,-105,153.5
2026-03-28T00:07:32.253633+00:00,the_odds_api,basketball_ncaab,731c2ebbe43e00cbf104f9cbefaaaf63,2026-03-27T23:11:16Z,,Duke Blue Devils,St. John's Red Storm,fanatics,Fanatics,2026-03-28T00:07:26Z,totals,2026-03-28T00:07:26Z,Under,-125,153.5
2026-03-27T23:37:45.306534+00:00,the_odds_api,basketball_ncaab,38719ab42b9d3e3fa0d45da96fbdf765,2026-03-27T23:45:00Z,,Michigan Wolverines,Alabama Crimson Tide,betus,BetUS,2026-03-27T23:37:25Z,h2h,2026-03-27T23:37:25Z,Alabama Crimson Tide,405,
2026-03-27T23:37:45.306534+00:00,the_odds_api,basketball_ncaab,38719ab42b9d3e3fa0d45da96fbdf765,2026-03-27T23:45:00Z,,Michigan Wolverines,Alabama Crimson Tide,betus,BetUS,2026-03-27T23:37:25Z,h2h,2026-03-27T23:37:25Z,Michigan Wolverines,-525,
2026-03-27T23:37:45.306534+00:00,the_odds_api,basketball_ncaab,38719ab42b9d3e3fa0d45da96fbdf765,2026-03-27T23:45:00Z,,Michigan Wolverines,Alabama Crimson Tide,betus,BetUS,2026-03-27T23:37:25Z,spreads,2026-03-27T23:37:25Z,Alabama Crimson Tide,-105,9.0
2026-03-27T23:37:45.306534+00:00,the_odds_api,basketball_ncaab,38719ab42b9d3e3fa0d45da96fbdf765,2026-03-27T23:45:00Z,,Michigan Wolverines,Alabama Crimson Tide,betus,BetUS,2026-03-27T23:37:25Z,spreads,2026-03-27T23:37:25Z,Michigan Wolverines,-115,-9.0
2026-03-27T23:37:45.306534+00:00,the_odds_api,basketball_ncaab,38719ab42b9d3e3fa0d45da96fbdf765,2026-03-27T23:45:00Z,,Michigan Wolverines,Alabama Crimson Tide,betus,BetUS,2026-03-27T23:37:25Z,totals,2026-03-27T23:37:25Z,Over,-110,173.0
2026-03-27T23:37:45.306534+00:00,the_odds_api,basketball_ncaab,38719ab42b9d3e3fa0d45da96fbdf765,2026-03-27T23:45:00Z,,Michigan Wolverines,Alabama Crimson Tide,betus,BetUS,2026-03-27T23:37:25Z,totals,2026-03-27T23:37:25Z,Under,-110,173.0
2026-03-28T00:07:32.253633+00:00,the_odds_api,basketball_ncaab,38719ab42b9d3e3fa0d45da96fbdf765,2026-03-27T23:51:14Z,,Michigan Wolverines,Alabama Crimson Tide,fanatics,Fanatics,2026-03-28T00:07:26Z,h2h,2026-03-28T00:07:26Z,Alabama Crimson Tide,310,
2026-03-28T00:07:32.253633+00:00,the_odds_api,basketball_ncaab,38719ab42b9d3e3fa0d45da96fbdf765,2026-03-27T23:51:14Z,,Michigan Wolverines,Alabama Crimson Tide,fanatics,Fanatics,2026-03-28T00:07:26Z,h2h,2026-03-28T00:07:26Z,Michigan Wolverines,-450,
2026-03-28T00:07:32.253633+00:00,the_odds_api,basketball_ncaab,38719ab42b9d3e3fa0d45da96fbdf765,2026-03-27T23:51:14Z,,Michigan Wolverines,Alabama Crimson Tide,fanatics,Fanatics,2026-03-28T00:07:26Z,spreads,2026-03-28T00:07:26Z,Alabama Crimson Tide,-115,9.5
2026-03-28T00:07:32.253633+00:00,the_odds_api,basketball_ncaab,38719ab42b9d3e3fa0d45da96fbdf765,2026-03-27T23:51:14Z,,Michigan Wolverines,Alabama Crimson Tide,fanatics,Fanatics,2026-03-28T00:07:26Z,spreads,2026-03-28T00:07:26Z,Michigan Wolverines,-115,-9.5
2026-03-28T00:07:32.253633+00:00,the_odds_api,basketball_ncaab,38719ab42b9d3e3fa0d45da96fbdf765,2026-03-27T23:51:14Z,,Michigan Wolverines,Alabama Crimson Tide,fanatics,Fanatics,2026-03-28T00:07:26Z,totals,2026-03-28T00:07:26Z,Over,-115,176.5
2026-03-28T00:07:32.253633+00:00,the_odds_api,basketball_ncaab,38719ab42b9d3e3fa0d45da96fbdf765,2026-03-27T23:51:14Z,,Michigan Wolverines,Alabama Crimson Tide,fanatics,Fanatics,2026-03-28T00:07:26Z,totals,2026-03-28T00:07:26Z,Under,-115,176.5
2026-03-28T00:07:32.253633+00:00,the_odds_api,basketball_ncaab,76d32e24b9c66ec3690e1c5a60f1e9cd,2026-03-28T01:45:00Z,,UConn Huskies,Michigan St Spartans,betus,BetUS,2026-03-28T00:06:54Z,h2h,2026-03-28T00:06:54Z,Michigan St Spartans,115,
2026-03-28T00:07:32.253633+00:00,the_odds_api,basketball_ncaab,76d32e24b9c66ec3690e1c5a60f1e9cd,2026-03-28T01:45:00Z,,UConn Huskies,Michigan St Spartans,betus,BetUS,2026-03-28T00:06:54Z,h2h,2026-03-28T00:06:54Z,UConn Huskies,-135,
2026-03-28T00:07:32.253633+00:00,the_odds_api,basketball_ncaab,76d32e24b9c66ec3690e1c5a60f1e9cd,2026-03-28T01:45:00Z,,UConn Huskies,Michigan St Spartans,betus,BetUS,2026-03-28T00:06:54Z,spreads,2026-03-28T00:06:54Z,Michigan St Spartans,-110,2.0
2026-03-28T00:07:32.253633+00:00,the_odds_api,basketball_ncaab,76d32e24b9c66ec3690e1c5a60f1e9cd,2026-03-28T01:45:00Z,,UConn Huskies,Michigan St Spartans,betus,BetUS,2026-03-28T00:06:54Z,spreads,2026-03-28T00:06:54Z,UConn Huskies,-110,-2.0
2026-03-28T00:07:32.253633+00:00,the_odds_api,basketball_ncaab,76d32e24b9c66ec3690e1c5a60f1e9cd,2026-03-28T01:45:00Z,,UConn Huskies,Michigan St Spartans,betus,BetUS,2026-03-28T00:06:54Z,totals,2026-03-28T00:06:54Z,Over,-110,136.0
2026-03-28T00:07:32.253633+00:00,the_odds_api,basketball_ncaab,76d32e24b9c66ec3690e1c5a60f1e9cd,2026-03-28T01:45:00Z,,UConn Huskies,Michigan St Spartans,betus,BetUS,2026-03-28T00:06:54Z,totals,2026-03-28T00:06:54Z,Under,-110,136.0
2026-03-28T00:07:32.253633+00:00,the_odds_api,basketball_ncaab,76d32e24b9c66ec3690e1c5a60f1e9cd,2026-03-28T01:45:00Z,,UConn Huskies,Michigan St Spartans,fanatics,Fanatics,2026-03-28T00:07:26Z,h2h,2026-03-28T00:07:26Z,Michigan St Spartans,115,
2026-03-28T00:07:32.253633+00:00,the_odds_api,basketball_ncaab,76d32e24b9c66ec3690e1c5a60f1e9cd,2026-03-28T01:45:00Z,,UConn Huskies,Michigan St Spartans,fanatics,Fanatics,2026-03-28T00:07:26Z,h2h,2026-03-28T00:07:26Z,UConn Huskies,-140,
2026-03-28T00:07:32.253633+00:00,the_odds_api,basketball_ncaab,76d32e24b9c66ec3690e1c5a60f1e9cd,2026-03-28T01:45:00Z,,UConn Huskies,Michigan St Spartans,fanatics,Fanatics,2026-03-28T00:07:26Z,spreads,2026-03-28T00:07:26Z,Michigan St Spartans,-110,2.0
2026-03-28T00:07:32.253633+00:00,the_odds_api,basketball_ncaab,76d32e24b9c66ec3690e1c5a60f1e9cd,2026-03-28T01:45:00Z,,UConn Huskies,Michigan St Spartans,fanatics,Fanatics,2026-03-28T00:07:26Z,spreads,2026-03-28T00:07:26Z,UConn Huskies,-110,-2.0
2026-03-28T00:07:32.253633+00:00,the_odds_api,basketball_ncaab,76d32e24b9c66ec3690e1c5a60f1e9cd,2026-03-28T01:45:00Z,,UConn Huskies,Michigan St Spartans,fanatics,Fanatics,2026-03-28T00:07:26Z,totals,2026-03-28T00:07:26Z,Over,-110,136.0
2026-03-28T00:07:32.253633+00:00,the_odds_api,basketball_ncaab,76d32e24b9c66ec3690e1c5a60f1e9cd,2026-03-28T01:45:00Z,,UConn Huskies,Michigan St Spartans,fanatics,Fanatics,2026-03-28T00:07:26Z,totals,2026-03-28T00:07:26Z,Under,-110,136.0
2026-03-28T00:07:32.253633+00:00,the_odds_api,basketball_ncaab,7046f8e5f278fa5a27cefcf8966620e4,2026-03-28T02:10:00Z,,Iowa State Cyclones,Tennessee Volunteers,betus,BetUS,2026-03-28T00:06:54Z,h2h,2026-03-28T00:06:54Z,Iowa State Cyclones,-175,
2026-03-28T00:07:32.253633+00:00,the_odds_api,basketball_ncaab,7046f8e5f278fa5a27cefcf8966620e4,2026-03-28T02:10:00Z,,Iowa State Cyclones,Tennessee Volunteers,betus,BetUS,2026-03-28T00:06:54Z,h2h,2026-03-28T00:06:54Z,Tennessee Volunteers,150,
2026-03-28T00:07:32.253633+00:00,the_odds_api,basketball_ncaab,7046f8e5f278fa5a27cefcf8966620e4,2026-03-28T02:10:00Z,,Iowa State Cyclones,Tennessee Volunteers,betus,BetUS,2026-03-28T00:06:54Z,spreads,2026-03-28T00:06:54Z,Iowa State Cyclones,-110,-3.5
2026-03-28T00:07:32.253633+00:00,the_odds_api,basketball_ncaab,7046f8e5f278fa5a27cefcf8966620e4,2026-03-28T02:10:00Z,,Iowa State Cyclones,Tennessee Volunteers,betus,BetUS,2026-03-28T00:06:54Z,spreads,2026-03-28T00:06:54Z,Tennessee Volunteers,-110,3.5
2026-03-28T00:07:32.253633+00:00,the_odds_api,basketball_ncaab,7046f8e5f278fa5a27cefcf8966620e4,2026-03-28T02:10:00Z,,Iowa State Cyclones,Tennessee Volunteers,betus,BetUS,2026-03-28T00:06:54Z,totals,2026-03-28T00:06:54Z,Over,-110,139.5
2026-03-28T00:07:32.253633+00:00,the_odds_api,basketball_ncaab,7046f8e5f278fa5a27cefcf8966620e4,2026-03-28T02:10:00Z,,Iowa State Cyclones,Tennessee Volunteers,betus,BetUS,2026-03-28T00:06:54Z,totals,2026-03-28T00:06:54Z,Under,-110,139.5
2026-03-25T02:37:24.900329+00:00,the_odds_api,basketball_ncaab,96177e1055b0f7869167edf123edc5f8,2026-03-25T01:10:00Z,,New Mexico Lobos,Saint Joseph's Hawks,betmgm,BetMGM,2026-03-25T02:36:45Z,h2h,2026-03-25T02:36:45Z,New Mexico Lobos,-10000,
2026-03-25T02:37:24.900329+00:00,the_odds_api,basketball_ncaab,96177e1055b0f7869167edf123edc5f8,2026-03-25T01:10:00Z,,New Mexico Lobos,Saint Joseph's Hawks,betmgm,BetMGM,2026-03-25T02:36:45Z,h2h,2026-03-25T02:36:45Z,Saint Joseph's Hawks,1900,
2026-03-25T02:37:24.900329+00:00,the_odds_api,basketball_ncaab,96177e1055b0f7869167edf123edc5f8,2026-03-25T01:10:00Z,,New Mexico Lobos,Saint Joseph's Hawks,betmgm,BetMGM,2026-03-25T02:36:45Z,totals,2026-03-25T02:36:45Z,Over,-105,161.5
2026-03-25T02:37:24.900329+00:00,the_odds_api,basketball_ncaab,96177e1055b0f7869167edf123edc5f8,2026-03-25T01:10:00Z,,New Mexico Lobos,Saint Joseph's Hawks,betmgm,BetMGM,2026-03-25T02:36:45Z,totals,2026-03-25T02:36:45Z,Under,-125,161.5
2026-03-26T01:07:37.521234+00:00,the_odds_api,basketball_ncaab,b9c52e0f4228b292b74bbf2be3bf4549,2026-03-25T23:00:00Z,,Dayton Flyers,Illinois St Redbirds,betmgm,BetMGM,2026-03-26T01:07:20Z,h2h,2026-03-26T01:07:20Z,Dayton Flyers,1400,
2026-03-26T01:07:37.521234+00:00,the_odds_api,basketball_ncaab,b9c52e0f4228b292b74bbf2be3bf4549,2026-03-25T23:00:00Z,,Dayton Flyers,Illinois St Redbirds,betmgm,BetMGM,2026-03-26T01:07:20Z,h2h,2026-03-26T01:07:20Z,Illinois St Redbirds,-10000,
2026-03-26T01:07:37.521234+00:00,the_odds_api,basketball_ncaab,b9c52e0f4228b292b74bbf2be3bf4549,2026-03-25T23:00:00Z,,Dayton Flyers,Illinois St Redbirds,betmgm,BetMGM,2026-03-26T01:07:20Z,spreads,2026-03-26T01:07:20Z,Dayton Flyers,-140,6.5
2026-03-26T01:07:37.521234+00:00,the_odds_api,basketball_ncaab,b9c52e0f4228b292b74bbf2be3bf4549,2026-03-25T23:00:00Z,,Dayton Flyers,Illinois St Redbirds,betmgm,BetMGM,2026-03-26T01:07:20Z,spreads,2026-03-26T01:07:20Z,Illinois St Redbirds,105,-6.5
2026-03-26T02:37:29.313195+00:00,the_odds_api,basketball_ncaab,0cf810433f027f2b1c9da531c3df1348,2026-03-26T01:07:00Z,,Auburn Tigers,Nevada Wolf Pack,betmgm,BetMGM,2026-03-26T02:36:59Z,h2h,2026-03-26T02:36:59Z,Auburn Tigers,-10000,
2026-03-26T02:37:29.313195+00:00,the_odds_api,basketball_ncaab,0cf810433f027f2b1c9da531c3df1348,2026-03-26T01:07:00Z,,Auburn Tigers,Nevada Wolf Pack,betmgm,BetMGM,2026-03-26T02:36:59Z,h2h,2026-03-26T02:36:59Z,Nevada Wolf Pack,3000,
2026-03-26T02:37:29.313195+00:00,the_odds_api,basketball_ncaab,0cf810433f027f2b1c9da531c3df1348,2026-03-26T01:07:00Z,,Auburn Tigers,Nevada Wolf Pack,betmgm,BetMGM,2026-03-26T02:36:59Z,spreads,2026-03-26T02:36:59Z,Auburn Tigers,-115,-14.5
2026-03-26T02:37:29.313195+00:00,the_odds_api,basketball_ncaab,0cf810433f027f2b1c9da531c3df1348,2026-03-26T01:07:00Z,,Auburn Tigers,Nevada Wolf Pack,betmgm,BetMGM,2026-03-26T02:36:59Z,spreads,2026-03-26T02:36:59Z,Nevada Wolf Pack,-115,14.5
2026-03-26T02:37:29.313195+00:00,the_odds_api,basketball_ncaab,0cf810433f027f2b1c9da531c3df1348,2026-03-26T01:07:00Z,,Auburn Tigers,Nevada Wolf Pack,betmgm,BetMGM,2026-03-26T02:36:59Z,totals,2026-03-26T02:36:59Z,Over,-110,131.5
2026-03-26T02:37:29.313195+00:00,the_odds_api,basketball_ncaab,0cf810433f027f2b1c9da531c3df1348,2026-03-26T01:07:00Z,,Auburn Tigers,Nevada Wolf Pack,betmgm,BetMGM,2026-03-26T02:36:59Z,totals,2026-03-26T02:36:59Z,Under,-115,131.5
2026-03-25T01:07:28.918355+00:00,the_odds_api,basketball_ncaab,5b8426555586aae5f7ed2a20c2262c86,2026-03-24T23:05:00Z,,Tulsa Golden Hurricane,Wichita St Shockers,betmgm,BetMGM,2026-03-25T01:07:06Z,h2h,2026-03-25T01:07:06Z,Tulsa Golden Hurricane,-475,
2026-03-25T01:07:28.918355+00:00,the_odds_api,basketball_ncaab,5b8426555586aae5f7ed2a20c2262c86,2026-03-24T23:05:00Z,,Tulsa Golden Hurricane,Wichita St Shockers,betmgm,BetMGM,2026-03-25T01:07:06Z,h2h,2026-03-25T01:07:06Z,Wichita St Shockers,333,
2026-03-25T01:07:28.918355+00:00,the_odds_api,basketball_ncaab,5b8426555586aae5f7ed2a20c2262c86,2026-03-24T23:05:00Z,,Tulsa Golden Hurricane,Wichita St Shockers,betmgm,BetMGM,2026-03-25T01:07:06Z,spreads,2026-03-25T01:07:06Z,Tulsa Golden Hurricane,-145,-2.5
2026-03-25T01:07:28.918355+00:00,the_odds_api,basketball_ncaab,5b8426555586aae5f7ed2a20c2262c86,2026-03-24T23:05:00Z,,Tulsa Golden Hurricane,Wichita St Shockers,betmgm,BetMGM,2026-03-25T01:07:06Z,spreads,2026-03-25T01:07:06Z,Wichita St Shockers,110,2.5
2026-03-25T01:07:28.918355+00:00,the_odds_api,basketball_ncaab,5b8426555586aae5f7ed2a20c2262c86,2026-03-24T23:05:00Z,,Tulsa Golden Hurricane,Wichita St Shockers,williamhill_us,Caesars,2026-03-25T01:04:59Z,h2h,2026-03-25T01:04:59Z,Tulsa Golden Hurricane,-135,
2026-03-25T01:07:28.918355+00:00,the_odds_api,basketball_ncaab,5b8426555586aae5f7ed2a20c2262c86,2026-03-24T23:05:00Z,,Tulsa Golden Hurricane,Wichita St Shockers,williamhill_us,Caesars,2026-03-25T01:04:59Z,h2h,2026-03-25T01:04:59Z,Wichita St Shockers,105,
2026-03-25T01:07:28.918355+00:00,the_odds_api,basketball_ncaab,5b8426555586aae5f7ed2a20c2262c86,2026-03-24T23:05:00Z,,Tulsa Golden Hurricane,Wichita St Shockers,williamhill_us,Caesars,2026-03-25T01:04:59Z,spreads,2026-03-25T01:04:59Z,Tulsa Golden Hurricane,105,-1.5
2026-03-25T01:07:28.918355+00:00,the_odds_api,basketball_ncaab,5b8426555586aae5f7ed2a20c2262c86,2026-03-24T23:05:00Z,,Tulsa Golden Hurricane,Wichita St Shockers,williamhill_us,Caesars,2026-03-25T01:04:59Z,spreads,2026-03-25T01:04:59Z,Wichita St Shockers,-135,1.5
2026-03-25T01:07:28.918355+00:00,the_odds_api,basketball_ncaab,5b8426555586aae5f7ed2a20c2262c86,2026-03-24T23:05:00Z,,Tulsa Golden Hurricane,Wichita St Shockers,williamhill_us,Caesars,2026-03-25T01:04:59Z,totals,2026-03-25T01:04:59Z,Over,-105,166.5
2026-03-25T01:07:28.918355+00:00,the_odds_api,basketball_ncaab,5b8426555586aae5f7ed2a20c2262c86,2026-03-24T23:05:00Z,,Tulsa Golden Hurricane,Wichita St Shockers,williamhill_us,Caesars,2026-03-25T01:04:59Z,totals,2026-03-25T01:04:59Z,Under,-125,166.5
2026-03-25T01:07:28.918355+00:00,the_odds_api,basketball_ncaab,5b8426555586aae5f7ed2a20c2262c86,2026-03-24T23:05:00Z,,Tulsa Golden Hurricane,Wichita St Shockers,draftkings,DraftKings,2026-03-25T01:06:54Z,h2h,2026-03-25T01:06:54Z,Tulsa Golden Hurricane,-360,
2026-03-25T01:07:28.918355+00:00,the_odds_api,basketball_ncaab,5b8426555586aae5f7ed2a20c2262c86,2026-03-24T23:05:00Z,,Tulsa Golden Hurricane,Wichita St Shockers,draftkings,DraftKings,2026-03-25T01:06:54Z,h2h,2026-03-25T01:06:54Z,Wichita St Shockers,260,
2026-03-25T01:07:28.918355+00:00,the_odds_api,basketball_ncaab,5b8426555586aae5f7ed2a20c2262c86,2026-03-24T23:05:00Z,,Tulsa Golden Hurricane,Wichita St Shockers,draftkings,DraftKings,2026-03-25T01:06:54Z,spreads,2026-03-25T01:06:54Z,Tulsa Golden Hurricane,100,-2.5
2026-03-25T01:07:28.918355+00:00,the_odds_api,basketball_ncaab,5b8426555586aae5f7ed2a20c2262c86,2026-03-24T23:05:00Z,,Tulsa Golden Hurricane,Wichita St Shockers,draftkings,DraftKings,2026-03-25T01:06:54Z,spreads,2026-03-25T01:06:54Z,Wichita St Shockers,-130,2.5
2026-03-24T23:07:28.092430+00:00,the_odds_api,basketball_ncaab,5b8426555586aae5f7ed2a20c2262c86,2026-03-24T23:05:00Z,,Tulsa Golden Hurricane,Wichita St Shockers,betus,BetUS,2026-03-24T22:59:27Z,h2h,2026-03-24T22:59:27Z,Tulsa Golden Hurricane,-190,
2026-03-24T23:07:28.092430+00:00,the_odds_api,basketball_ncaab,5b8426555586aae5f7ed2a20c2262c86,2026-03-24T23:05:00Z,,Tulsa Golden Hurricane,Wichita St Shockers,betus,BetUS,2026-03-24T22:59:27Z,h2h,2026-03-24T22:59:27Z,Wichita St Shockers,163,
2026-03-24T23:07:28.092430+00:00,the_odds_api,basketball_ncaab,5b8426555586aae5f7ed2a20c2262c86,2026-03-24T23:05:00Z,,Tulsa Golden Hurricane,Wichita St Shockers,betus,BetUS,2026-03-24T22:59:27Z,spreads,2026-03-24T22:59:27Z,Tulsa Golden Hurricane,-110,-4.0
2026-03-24T23:07:28.092430+00:00,the_odds_api,basketball_ncaab,5b8426555586aae5f7ed2a20c2262c86,2026-03-24T23:05:00Z,,Tulsa Golden Hurricane,Wichita St Shockers,betus,BetUS,2026-03-24T22:59:27Z,spreads,2026-03-24T22:59:27Z,Wichita St Shockers,-110,4.0
2026-03-24T23:07:28.092430+00:00,the_odds_api,basketball_ncaab,5b8426555586aae5f7ed2a20c2262c86,2026-03-24T23:05:00Z,,Tulsa Golden Hurricane,Wichita St Shockers,betus,BetUS,2026-03-24T22:59:27Z,totals,2026-03-24T22:59:27Z,Over,-110,155.0
2026-03-24T23:07:28.092430+00:00,the_odds_api,basketball_ncaab,5b8426555586aae5f7ed2a20c2262c86,2026-03-24T23:05:00Z,,Tulsa Golden Hurricane,Wichita St Shockers,betus,BetUS,2026-03-24T22:59:27Z,totals,2026-03-24T22:59:27Z,Under,-110,155.0
2026-03-25T02:37:24.900329+00:00,the_odds_api,basketball_ncaab,96177e1055b0f7869167edf123edc5f8,2026-03-25T01:10:00Z,,New Mexico Lobos,Saint Joseph's Hawks,williamhill_us,Caesars,2026-03-25T02:36:30Z,h2h,2026-03-25T02:36:30Z,New Mexico Lobos,-4000,
2026-03-25T02:37:24.900329+00:00,the_odds_api,basketball_ncaab,96177e1055b0f7869167edf123edc5f8,2026-03-25T01:10:00Z,,New Mexico Lobos,Saint Joseph's Hawks,williamhill_us,Caesars,2026-03-25T02:36:30Z,h2h,2026-03-25T02:36:30Z,Saint Joseph's Hawks,1200,
2026-03-25T02:37:24.900329+00:00,the_odds_api,basketball_ncaab,96177e1055b0f7869167edf123edc5f8,2026-03-25T01:10:00Z,,New Mexico Lobos,Saint Joseph's Hawks,williamhill_us,Caesars,2026-03-25T02:36:30Z,spreads,2026-03-25T02:36:30Z,New Mexico Lobos,-115,-13.5
2026-03-25T02:37:24.900329+00:00,the_odds_api,basketball_ncaab,96177e1055b0f7869167edf123edc5f8,2026-03-25T01:10:00Z,,New Mexico Lobos,Saint Joseph's Hawks,williamhill_us,Caesars,2026-03-25T02:36:30Z,spreads,2026-03-25T02:36:30Z,Saint Joseph's Hawks,-115,13.5
2026-03-25T02:37:24.900329+00:00,the_odds_api,basketball_ncaab,96177e1055b0f7869167edf123edc5f8,2026-03-25T01:10:00Z,,New Mexico Lobos,Saint Joseph's Hawks,williamhill_us,Caesars,2026-03-25T02:36:30Z,totals,2026-03-25T02:36:30Z,Over,-125,159.5
2026-03-25T02:37:24.900329+00:00,the_odds_api,basketball_ncaab,96177e1055b0f7869167edf123edc5f8,2026-03-25T01:10:00Z,,New Mexico Lobos,Saint Joseph's Hawks,williamhill_us,Caesars,2026-03-25T02:36:30Z,totals,2026-03-25T02:36:30Z,Under,-105,159.5
2026-03-25T02:37:24.900329+00:00,the_odds_api,basketball_ncaab,96177e1055b0f7869167edf123edc5f8,2026-03-25T01:10:00Z,,New Mexico Lobos,Saint Joseph's Hawks,draftkings,DraftKings,2026-03-25T02:36:56Z,h2h,2026-03-25T02:36:56Z,New Mexico Lobos,-6500,
2026-03-25T02:37:24.900329+00:00,the_odds_api,basketball_ncaab,96177e1055b0f7869167edf123edc5f8,2026-03-25T01:10:00Z,,New Mexico Lobos,Saint Joseph's Hawks,draftkings,DraftKings,2026-03-25T02:36:56Z,h2h,2026-03-25T02:36:56Z,Saint Joseph's Hawks,1800,
2026-03-25T02:37:24.900329+00:00,the_odds_api,basketball_ncaab,96177e1055b0f7869167edf123edc5f8,2026-03-25T01:10:00Z,,New Mexico Lobos,Saint Joseph's Hawks,draftkings,DraftKings,2026-03-25T02:36:56Z,spreads,2026-03-25T02:36:56Z,New Mexico Lobos,-115,-13.5
2026-03-25T02:37:24.900329+00:00,the_odds_api,basketball_ncaab,96177e1055b0f7869167edf123edc5f8,2026-03-25T01:10:00Z,,New Mexico Lobos,Saint Joseph's Hawks,draftkings,DraftKings,2026-03-25T02:36:56Z,spreads,2026-03-25T02:36:56Z,Saint Joseph's Hawks,-115,13.5
2026-03-25T02:37:24.900329+00:00,the_odds_api,basketball_ncaab,96177e1055b0f7869167edf123edc5f8,2026-03-25T01:10:00Z,,New Mexico Lobos,Saint Joseph's Hawks,draftkings,DraftKings,2026-03-25T02:36:56Z,totals,2026-03-25T02:36:56Z,Over,-120,160.5
2026-03-25T02:37:24.900329+00:00,the_odds_api,basketball_ncaab,96177e1055b0f7869167edf123edc5f8,2026-03-25T01:10:00Z,,New Mexico Lobos,Saint Joseph's Hawks,draftkings,DraftKings,2026-03-25T02:36:56Z,totals,2026-03-25T02:36:56Z,Under,-110,160.5
2026-03-25T01:07:28.918355+00:00,the_odds_api,basketball_ncaab,96177e1055b0f7869167edf123edc5f8,2026-03-25T01:10:00Z,,New Mexico Lobos,Saint Joseph's Hawks,betus,BetUS,2026-03-25T01:03:24Z,h2h,2026-03-25T01:03:24Z,New Mexico Lobos,-650,
2026-03-25T01:07:28.918355+00:00,the_odds_api,basketball_ncaab,96177e1055b0f7869167edf123edc5f8,2026-03-25T01:10:00Z,,New Mexico Lobos,Saint Joseph's Hawks,betus,BetUS,2026-03-25T01:03:24Z,h2h,2026-03-25T01:03:24Z,Saint Joseph's Hawks,475,
2026-03-25T01:07:28.918355+00:00,the_odds_api,basketball_ncaab,96177e1055b0f7869167edf123edc5f8,2026-03-25T01:10:00Z,,New Mexico Lobos,Saint Joseph's Hawks,betus,BetUS,2026-03-25T01:03:24Z,spreads,2026-03-25T01:03:24Z,New Mexico Lobos,-110,-11.0
2026-03-25T01:07:28.918355+00:00,the_odds_api,basketball_ncaab,96177e1055b0f7869167edf123edc5f8,2026-03-25T01:10:00Z,,New Mexico Lobos,Saint Joseph's Hawks,betus,BetUS,2026-03-25T01:03:24Z,spreads,2026-03-25T01:03:24Z,Saint Joseph's Hawks,-110,11.0
2026-03-25T01:07:28.918355+00:00,the_odds_api,basketball_ncaab,96177e1055b0f7869167edf123edc5f8,2026-03-25T01:10:00Z,,New Mexico Lobos,Saint Joseph's Hawks,betus,BetUS,2026-03-25T01:03:24Z,totals,2026-03-25T01:03:24Z,Over,-110,156.0
2026-03-25T01:07:28.918355+00:00,the_odds_api,basketball_ncaab,96177e1055b0f7869167edf123edc5f8,2026-03-25T01:10:00Z,,New Mexico Lobos,Saint Joseph's Hawks,betus,BetUS,2026-03-25T01:03:24Z,totals,2026-03-25T01:03:24Z,Under,-110,156.0
2026-03-25T23:07:46.931821+00:00,the_odds_api,basketball_ncaab,b9c52e0f4228b292b74bbf2be3bf4549,2026-03-25T23:00:00Z,,Dayton Flyers,Illinois St Redbirds,betus,BetUS,2026-03-25T22:59:19Z,h2h,2026-03-25T22:59:19Z,Dayton Flyers,-340,
2026-03-25T23:07:46.931821+00:00,the_odds_api,basketball_ncaab,b9c52e0f4228b292b74bbf2be3bf4549,2026-03-25T23:00:00Z,,Dayton Flyers,Illinois St Redbirds,betus,BetUS,2026-03-25T22:59:19Z,h2h,2026-03-25T22:59:19Z,Illinois St Redbirds,275,
2026-03-25T23:07:46.931821+00:00,the_odds_api,basketball_ncaab,b9c52e0f4228b292b74bbf2be3bf4549,2026-03-25T23:00:00Z,,Dayton Flyers,Illinois St Redbirds,betus,BetUS,2026-03-25T22:59:19Z,spreads,2026-03-25T22:59:19Z,Dayton Flyers,-110,-7.5
2026-03-25T23:07:46.931821+00:00,the_odds_api,basketball_ncaab,b9c52e0f4228b292b74bbf2be3bf4549,2026-03-25T23:00:00Z,,Dayton Flyers,Illinois St Redbirds,betus,BetUS,2026-03-25T22:59:19Z,spreads,2026-03-25T22:59:19Z,Illinois St Redbirds,-110,7.5
2026-03-25T23:07:46.931821+00:00,the_odds_api,basketball_ncaab,b9c52e0f4228b292b74bbf2be3bf4549,2026-03-25T23:00:00Z,,Dayton Flyers,Illinois St Redbirds,betus,BetUS,2026-03-25T22:59:19Z,totals,2026-03-25T22:59:19Z,Over,-110,141.0
2026-03-25T23:07:46.931821+00:00,the_odds_api,basketball_ncaab,b9c52e0f4228b292b74bbf2be3bf4549,2026-03-25T23:00:00Z,,Dayton Flyers,Illinois St Redbirds,betus,BetUS,2026-03-25T22:59:19Z,totals,2026-03-25T22:59:19Z,Under,-110,141.0
2026-03-26T01:07:37.521234+00:00,the_odds_api,basketball_ncaab,b9c52e0f4228b292b74bbf2be3bf4549,2026-03-25T23:00:00Z,,Dayton Flyers,Illinois St Redbirds,draftkings,DraftKings,2026-03-26T01:06:38Z,spreads,2026-03-26T01:06:38Z,Dayton Flyers,-130,7.5
2026-03-26T01:07:37.521234+00:00,the_odds_api,basketball_ncaab,b9c52e0f4228b292b74bbf2be3bf4549,2026-03-25T23:00:00Z,,Dayton Flyers,Illinois St Redbirds,draftkings,DraftKings,2026-03-26T01:06:38Z,spreads,2026-03-26T01:06:38Z,Illinois St Redbirds,100,-7.5
2026-03-26T02:37:29.313195+00:00,the_odds_api,basketball_ncaab,0cf810433f027f2b1c9da531c3df1348,2026-03-26T01:07:00Z,,Auburn Tigers,Nevada Wolf Pack,williamhill_us,Caesars,2026-03-26T02:36:34Z,spreads,2026-03-26T02:36:34Z,Auburn Tigers,-105,-14.5
2026-03-26T02:37:29.313195+00:00,the_odds_api,basketball_ncaab,0cf810433f027f2b1c9da531c3df1348,2026-03-26T01:07:00Z,,Auburn Tigers,Nevada Wolf Pack,williamhill_us,Caesars,2026-03-26T02:36:34Z,spreads,2026-03-26T02:36:34Z,Nevada Wolf Pack,-125,14.5
2026-03-26T02:37:29.313195+00:00,the_odds_api,basketball_ncaab,0cf810433f027f2b1c9da531c3df1348,2026-03-26T01:07:00Z,,Auburn Tigers,Nevada Wolf Pack,williamhill_us,Caesars,2026-03-26T02:36:34Z,totals,2026-03-26T02:36:34Z,Over,-125,131.5
2026-03-26T02:37:29.313195+00:00,the_odds_api,basketball_ncaab,0cf810433f027f2b1c9da531c3df1348,2026-03-26T01:07:00Z,,Auburn Tigers,Nevada Wolf Pack,williamhill_us,Caesars,2026-03-26T02:36:34Z,totals,2026-03-26T02:36:34Z,Under,-105,131.5
2026-03-26T01:07:37.521234+00:00,the_odds_api,basketball_ncaab,0cf810433f027f2b1c9da531c3df1348,2026-03-26T01:07:00Z,,Auburn Tigers,Nevada Wolf Pack,betus,BetUS,2026-03-26T01:03:37Z,h2h,2026-03-26T01:03:37Z,Auburn Tigers,-400,
2026-03-26T01:07:37.521234+00:00,the_odds_api,basketball_ncaab,0cf810433f027f2b1c9da531c3df1348,2026-03-26T01:07:00Z,,Auburn Tigers,Nevada Wolf Pack,betus,BetUS,2026-03-26T01:03:37Z,h2h,2026-03-26T01:03:37Z,Nevada Wolf Pack,320,
2026-03-26T01:07:37.521234+00:00,the_odds_api,basketball_ncaab,0cf810433f027f2b1c9da531c3df1348,2026-03-26T01:07:00Z,,Auburn Tigers,Nevada Wolf Pack,betus,BetUS,2026-03-26T01:03:37Z,spreads,2026-03-26T01:03:37Z,Auburn Tigers,-110,-8.5
2026-03-26T01:07:37.521234+00:00,the_odds_api,basketball_ncaab,0cf810433f027f2b1c9da531c3df1348,2026-03-26T01:07:00Z,,Auburn Tigers,Nevada Wolf Pack,betus,BetUS,2026-03-26T01:03:37Z,spreads,2026-03-26T01:03:37Z,Nevada Wolf Pack,-110,8.5
2026-03-26T01:07:37.521234+00:00,the_odds_api,basketball_ncaab,0cf810433f027f2b1c9da531c3df1348,2026-03-26T01:07:00Z,,Auburn Tigers,Nevada Wolf Pack,betus,BetUS,2026-03-26T01:03:37Z,totals,2026-03-26T01:03:37Z,Over,-110,152.0
2026-03-26T01:07:37.521234+00:00,the_odds_api,basketball_ncaab,0cf810433f027f2b1c9da531c3df1348,2026-03-26T01:07:00Z,,Auburn Tigers,Nevada Wolf Pack,betus,BetUS,2026-03-26T01:03:37Z,totals,2026-03-26T01:03:37Z,Under,-110,152.0
2026-03-26T02:37:29.313195+00:00,the_odds_api,basketball_ncaab,0cf810433f027f2b1c9da531c3df1348,2026-03-26T01:07:00Z,,Auburn Tigers,Nevada Wolf Pack,draftkings,DraftKings,2026-03-26T02:37:20Z,h2h,2026-03-26T02:37:20Z,Auburn Tigers,-50000,
2026-03-26T02:37:29.313195+00:00,the_odds_api,basketball_ncaab,0cf810433f027f2b1c9da531c3df1348,2026-03-26T01:07:00Z,,Auburn Tigers,Nevada Wolf Pack,draftkings,DraftKings,2026-03-26T02:37:20Z,h2h,2026-03-26T02:37:20Z,Nevada Wolf Pack,3500,
2026-03-26T02:37:29.313195+00:00,the_odds_api,basketball_ncaab,0cf810433f027f2b1c9da531c3df1348,2026-03-26T01:07:00Z,,Auburn Tigers,Nevada Wolf Pack,draftkings,DraftKings,2026-03-26T02:37:20Z,spreads,2026-03-26T02:37:20Z,Auburn Tigers,-120,-14.5
2026-03-26T02:37:29.313195+00:00,the_odds_api,basketball_ncaab,0cf810433f027f2b1c9da531c3df1348,2026-03-26T01:07:00Z,,Auburn Tigers,Nevada Wolf Pack,draftkings,DraftKings,2026-03-26T02:37:20Z,spreads,2026-03-26T02:37:20Z,Nevada Wolf Pack,-110,14.5
2026-03-26T02:37:29.313195+00:00,the_odds_api,basketball_ncaab,0cf810433f027f2b1c9da531c3df1348,2026-03-26T01:07:00Z,,Auburn Tigers,Nevada Wolf Pack,draftkings,DraftKings,2026-03-26T02:37:20Z,totals,2026-03-26T02:37:20Z,Over,-120,132.5
2026-03-26T02:37:29.313195+00:00,the_odds_api,basketball_ncaab,0cf810433f027f2b1c9da531c3df1348,2026-03-26T01:07:00Z,,Auburn Tigers,Nevada Wolf Pack,draftkings,DraftKings,2026-03-26T02:37:20Z,totals,2026-03-26T02:37:20Z,Under,-110,132.5
2026-04-02T00:08:11.890538+00:00,the_odds_api,basketball_ncaab,c16c0d972e1c9ed5e2190c74f1a17079,2026-04-02T00:00:00Z,,Colorado Buffaloes,Oklahoma Sooners,betonlineag,BetOnline.ag,2026-04-02T00:07:25Z,h2h,2026-04-02T00:07:25Z,Colorado Buffaloes,364,
2026-04-02T00:08:11.890538+00:00,the_odds_api,basketball_ncaab,c16c0d972e1c9ed5e2190c74f1a17079,2026-04-02T00:00:00Z,,Colorado Buffaloes,Oklahoma Sooners,betonlineag,BetOnline.ag,2026-04-02T00:07:25Z,h2h,2026-04-02T00:07:25Z,Oklahoma Sooners,-470,
2026-04-02T00:08:11.890538+00:00,the_odds_api,basketball_ncaab,c16c0d972e1c9ed5e2190c74f1a17079,2026-04-02T00:00:00Z,,Colorado Buffaloes,Oklahoma Sooners,betonlineag,BetOnline.ag,2026-04-02T00:07:25Z,spreads,2026-04-02T00:07:25Z,Colorado Buffaloes,-104,9.0
2026-04-02T00:08:11.890538+00:00,the_odds_api,basketball_ncaab,c16c0d972e1c9ed5e2190c74f1a17079,2026-04-02T00:00:00Z,,Colorado Buffaloes,Oklahoma Sooners,betonlineag,BetOnline.ag,2026-04-02T00:07:25Z,spreads,2026-04-02T00:07:25Z,Oklahoma Sooners,-116,-9.0
2026-04-02T00:08:11.890538+00:00,the_odds_api,basketball_ncaab,c16c0d972e1c9ed5e2190c74f1a17079,2026-04-02T00:00:00Z,,Colorado Buffaloes,Oklahoma Sooners,betonlineag,BetOnline.ag,2026-04-02T00:07:25Z,totals,2026-04-02T00:07:25Z,Over,-108,162.0
2026-04-02T00:08:11.890538+00:00,the_odds_api,basketball_ncaab,c16c0d972e1c9ed5e2190c74f1a17079,2026-04-02T00:00:00Z,,Colorado Buffaloes,Oklahoma Sooners,betonlineag,BetOnline.ag,2026-04-02T00:07:25Z,totals,2026-04-02T00:07:25Z,Under,-112,162.0
2026-04-02T00:08:11.890538+00:00,the_odds_api,basketball_ncaab,c16c0d972e1c9ed5e2190c74f1a17079,2026-04-02T00:00:00Z,,Colorado Buffaloes,Oklahoma Sooners,lowvig,LowVig.ag,2026-04-02T00:07:02Z,h2h,2026-04-02T00:07:02Z,Colorado Buffaloes,364,
2026-04-02T00:08:11.890538+00:00,the_odds_api,basketball_ncaab,c16c0d972e1c9ed5e2190c74f1a17079,2026-04-02T00:00:00Z,,Colorado Buffaloes,Oklahoma Sooners,lowvig,LowVig.ag,2026-04-02T00:07:02Z,h2h,2026-04-02T00:07:02Z,Oklahoma Sooners,-470,
2026-04-02T00:08:11.890538+00:00,the_odds_api,basketball_ncaab,c16c0d972e1c9ed5e2190c74f1a17079,2026-04-02T00:00:00Z,,Colorado Buffaloes,Oklahoma Sooners,lowvig,LowVig.ag,2026-04-02T00:07:02Z,spreads,2026-04-02T00:07:02Z,Colorado Buffaloes,100,9.0
2026-04-02T00:08:11.890538+00:00,the_odds_api,basketball_ncaab,c16c0d972e1c9ed5e2190c74f1a17079,2026-04-02T00:00:00Z,,Colorado Buffaloes,Oklahoma Sooners,lowvig,LowVig.ag,2026-04-02T00:07:02Z,spreads,2026-04-02T00:07:02Z,Oklahoma Sooners,-112,-9.0
2026-04-02T00:08:11.890538+00:00,the_odds_api,basketball_ncaab,c16c0d972e1c9ed5e2190c74f1a17079,2026-04-02T00:00:00Z,,Colorado Buffaloes,Oklahoma Sooners,lowvig,LowVig.ag,2026-04-02T00:07:02Z,totals,2026-04-02T00:07:02Z,Over,-106,162.0
2026-04-02T00:08:11.890538+00:00,the_odds_api,basketball_ncaab,c16c0d972e1c9ed5e2190c74f1a17079,2026-04-02T00:00:00Z,,Colorado Buffaloes,Oklahoma Sooners,lowvig,LowVig.ag,2026-04-02T00:07:02Z,totals,2026-04-02T00:07:02Z,Under,-110,162.0
2026-04-02T00:08:11.890538+00:00,the_odds_api,basketball_ncaab,6f0765b4c7ea31444ec8a23fb86e6648,2026-04-02T02:30:00Z,,Minnesota Golden Gophers,Baylor Bears,betonlineag,BetOnline.ag,2026-04-02T00:07:25Z,h2h,2026-04-02T00:07:25Z,Baylor Bears,-175,
2026-04-02T00:08:11.890538+00:00,the_odds_api,basketball_ncaab,6f0765b4c7ea31444ec8a23fb86e6648,2026-04-02T02:30:00Z,,Minnesota Golden Gophers,Baylor Bears,betonlineag,BetOnline.ag,2026-04-02T00:07:25Z,h2h,2026-04-02T00:07:25Z,Minnesota Golden Gophers,153,
2026-04-02T00:08:11.890538+00:00,the_odds_api,basketball_ncaab,6f0765b4c7ea31444ec8a23fb86e6648,2026-04-02T02:30:00Z,,Minnesota Golden Gophers,Baylor Bears,betonlineag,BetOnline.ag,2026-04-02T00:07:25Z,spreads,2026-04-02T00:07:25Z,Baylor Bears,-110,-3.5
2026-04-02T00:08:11.890538+00:00,the_odds_api,basketball_ncaab,6f0765b4c7ea31444ec8a23fb86e6648,2026-04-02T02:30:00Z,,Minnesota Golden Gophers,Baylor Bears,betonlineag,BetOnline.ag,2026-04-02T00:07:25Z,spreads,2026-04-02T00:07:25Z,Minnesota Golden Gophers,-110,3.5
2026-04-02T00:08:11.890538+00:00,the_odds_api,basketball_ncaab,6f0765b4c7ea31444ec8a23fb86e6648,2026-04-02T02:30:00Z,,Minnesota Golden Gophers,Baylor Bears,betonlineag,BetOnline.ag,2026-04-02T00:07:25Z,totals,2026-04-02T00:07:25Z,Over,-110,147.5
2026-04-02T00:08:11.890538+00:00,the_odds_api,basketball_ncaab,6f0765b4c7ea31444ec8a23fb86e6648,2026-04-02T02:30:00Z,,Minnesota Golden Gophers,Baylor Bears,betonlineag,BetOnline.ag,2026-04-02T00:07:25Z,totals,2026-04-02T00:07:25Z,Under,-110,147.5
2026-04-02T00:08:11.890538+00:00,the_odds_api,basketball_ncaab,6f0765b4c7ea31444ec8a23fb86e6648,2026-04-02T02:30:00Z,,Minnesota Golden Gophers,Baylor Bears,lowvig,LowVig.ag,2026-04-02T00:07:02Z,h2h,2026-04-02T00:07:02Z,Baylor Bears,-175,
2026-04-02T00:08:11.890538+00:00,the_odds_api,basketball_ncaab,6f0765b4c7ea31444ec8a23fb86e6648,2026-04-02T02:30:00Z,,Minnesota Golden Gophers,Baylor Bears,lowvig,LowVig.ag,2026-04-02T00:07:02Z,h2h,2026-04-02T00:07:02Z,Minnesota Golden Gophers,153,
2026-04-02T00:08:11.890538+00:00,the_odds_api,basketball_ncaab,6f0765b4c7ea31444ec8a23fb86e6648,2026-04-02T02:30:00Z,,Minnesota Golden Gophers,Baylor Bears,lowvig,LowVig.ag,2026-04-02T00:07:02Z,spreads,2026-04-02T00:07:02Z,Baylor Bears,-106,-3.5
2026-04-02T00:08:11.890538+00:00,the_odds_api,basketball_ncaab,6f0765b4c7ea31444ec8a23fb86e6648,2026-04-02T02:30:00Z,,Minnesota Golden Gophers,Baylor Bears,lowvig,LowVig.ag,2026-04-02T00:07:02Z,spreads,2026-04-02T00:07:02Z,Minnesota Golden Gophers,-106,3.5
2026-04-02T00:08:11.890538+00:00,the_odds_api,basketball_ncaab,6f0765b4c7ea31444ec8a23fb86e6648,2026-04-02T02:30:00Z,,Minnesota Golden Gophers,Baylor Bears,lowvig,LowVig.ag,2026-04-02T00:07:02Z,totals,2026-04-02T00:07:02Z,Over,-108,147.5
2026-04-02T00:08:11.890538+00:00,the_odds_api,basketball_ncaab,6f0765b4c7ea31444ec8a23fb86e6648,2026-04-02T02:30:00Z,,Minnesota Golden Gophers,Baylor Bears,lowvig,LowVig.ag,2026-04-02T00:07:02Z,totals,2026-04-02T00:07:02Z,Under,-108,147.5
2026-04-03T00:07:44.968495+00:00,the_odds_api,basketball_ncaab,9bcb056972126771a4d79b063cdb1a6c,2026-04-03T00:05:00Z,,West Virginia Mountaineers,Stanford Cardinal,betonlineag,BetOnline.ag,2026-04-03T00:06:02Z,h2h,2026-04-03T00:06:02Z,Stanford Cardinal,118,
2026-04-03T00:07:44.968495+00:00,the_odds_api,basketball_ncaab,9bcb056972126771a4d79b063cdb1a6c,2026-04-03T00:05:00Z,,West Virginia Mountaineers,Stanford Cardinal,betonlineag,BetOnline.ag,2026-04-03T00:06:02Z,h2h,2026-04-03T00:06:02Z,West Virginia Mountaineers,-138,
2026-04-03T00:07:44.968495+00:00,the_odds_api,basketball_ncaab,9bcb056972126771a4d79b063cdb1a6c,2026-04-03T00:05:00Z,,West Virginia Mountaineers,Stanford Cardinal,betonlineag,BetOnline.ag,2026-04-03T00:06:02Z,spreads,2026-04-03T00:06:02Z,Stanford Cardinal,-105,2.0
2026-04-03T00:07:44.968495+00:00,the_odds_api,basketball_ncaab,9bcb056972126771a4d79b063cdb1a6c,2026-04-03T00:05:00Z,,West Virginia Mountaineers,Stanford Cardinal,betonlineag,BetOnline.ag,2026-04-03T00:06:02Z,spreads,2026-04-03T00:06:02Z,West Virginia Mountaineers,-115,-2.0
2026-04-03T00:07:44.968495+00:00,the_odds_api,basketball_ncaab,9bcb056972126771a4d79b063cdb1a6c,2026-04-03T00:05:00Z,,West Virginia Mountaineers,Stanford Cardinal,betonlineag,BetOnline.ag,2026-04-03T00:06:02Z,totals,2026-04-03T00:06:02Z,Over,-110,136.0
2026-04-03T00:07:44.968495+00:00,the_odds_api,basketball_ncaab,9bcb056972126771a4d79b063cdb1a6c,2026-04-03T00:05:00Z,,West Virginia Mountaineers,Stanford Cardinal,betonlineag,BetOnline.ag,2026-04-03T00:06:02Z,totals,2026-04-03T00:06:02Z,Under,-110,136.0
2026-04-03T00:07:44.968495+00:00,the_odds_api,basketball_ncaab,9bcb056972126771a4d79b063cdb1a6c,2026-04-03T00:05:00Z,,West Virginia Mountaineers,Stanford Cardinal,lowvig,LowVig.ag,2026-04-03T00:04:57Z,h2h,2026-04-03T00:04:57Z,Stanford Cardinal,118,
2026-04-03T00:07:44.968495+00:00,the_odds_api,basketball_ncaab,9bcb056972126771a4d79b063cdb1a6c,2026-04-03T00:05:00Z,,West Virginia Mountaineers,Stanford Cardinal,lowvig,LowVig.ag,2026-04-03T00:04:57Z,h2h,2026-04-03T00:04:57Z,West Virginia Mountaineers,-138,
2026-04-03T00:07:44.968495+00:00,the_odds_api,basketball_ncaab,9bcb056972126771a4d79b063cdb1a6c,2026-04-03T00:05:00Z,,West Virginia Mountaineers,Stanford Cardinal,lowvig,LowVig.ag,2026-04-03T00:04:57Z,spreads,2026-04-03T00:04:57Z,Stanford Cardinal,-101,2.0
2026-04-03T00:07:44.968495+00:00,the_odds_api,basketball_ncaab,9bcb056972126771a4d79b063cdb1a6c,2026-04-03T00:05:00Z,,West Virginia Mountaineers,Stanford Cardinal,lowvig,LowVig.ag,2026-04-03T00:04:57Z,spreads,2026-04-03T00:04:57Z,West Virginia Mountaineers,-111,-2.0
2026-04-03T00:07:44.968495+00:00,the_odds_api,basketball_ncaab,9bcb056972126771a4d79b063cdb1a6c,2026-04-03T00:05:00Z,,West Virginia Mountaineers,Stanford Cardinal,lowvig,LowVig.ag,2026-04-03T00:04:57Z,totals,2026-04-03T00:04:57Z,Over,-108,136.0
2026-04-03T00:07:44.968495+00:00,the_odds_api,basketball_ncaab,9bcb056972126771a4d79b063cdb1a6c,2026-04-03T00:05:00Z,,West Virginia Mountaineers,Stanford Cardinal,lowvig,LowVig.ag,2026-04-03T00:04:57Z,totals,2026-04-03T00:04:57Z,Under,-108,136.0
2026-04-03T02:37:41.400461+00:00,the_odds_api,basketball_ncaab,afb08eee9f956db45e4f8c8249b5af8f,2026-04-03T02:53:00Z,,Creighton Bluejays,Rutgers Scarlet Knights,betonlineag,BetOnline.ag,2026-04-03T02:37:38Z,h2h,2026-04-03T02:37:37Z,Creighton Bluejays,-205,
2026-04-03T02:37:41.400461+00:00,the_odds_api,basketball_ncaab,afb08eee9f956db45e4f8c8249b5af8f,2026-04-03T02:53:00Z,,Creighton Bluejays,Rutgers Scarlet Knights,betonlineag,BetOnline.ag,2026-04-03T02:37:38Z,h2h,2026-04-03T02:37:37Z,Rutgers Scarlet Knights,177,
2026-04-03T02:37:41.400461+00:00,the_odds_api,basketball_ncaab,afb08eee9f956db45e4f8c8249b5af8f,2026-04-03T02:53:00Z,,Creighton Bluejays,Rutgers Scarlet Knights,betonlineag,BetOnline.ag,2026-04-03T02:37:38Z,spreads,2026-04-03T02:37:37Z,Creighton Bluejays,-110,-5.0
2026-04-03T02:37:41.400461+00:00,the_odds_api,basketball_ncaab,afb08eee9f956db45e4f8c8249b5af8f,2026-04-03T02:53:00Z,,Creighton Bluejays,Rutgers Scarlet Knights,betonlineag,BetOnline.ag,2026-04-03T02:37:38Z,spreads,2026-04-03T02:37:37Z,Rutgers Scarlet Knights,-110,5.0
2026-04-03T02:37:41.400461+00:00,the_odds_api,basketball_ncaab,afb08eee9f956db45e4f8c8249b5af8f,2026-04-03T02:53:00Z,,Creighton Bluejays,Rutgers Scarlet Knights,betonlineag,BetOnline.ag,2026-04-03T02:37:38Z,totals,2026-04-03T02:37:37Z,Over,-110,152.0
2026-04-03T02:37:41.400461+00:00,the_odds_api,basketball_ncaab,afb08eee9f956db45e4f8c8249b5af8f,2026-04-03T02:53:00Z,,Creighton Bluejays,Rutgers Scarlet Knights,betonlineag,BetOnline.ag,2026-04-03T02:37:38Z,totals,2026-04-03T02:37:37Z,Under,-110,152.0
2026-04-03T02:37:41.400461+00:00,the_odds_api,basketball_ncaab,afb08eee9f956db45e4f8c8249b5af8f,2026-04-03T02:53:00Z,,Creighton Bluejays,Rutgers Scarlet Knights,lowvig,LowVig.ag,2026-04-03T02:37:14Z,h2h,2026-04-03T02:37:14Z,Creighton Bluejays,-205,
2026-04-03T02:37:41.400461+00:00,the_odds_api,basketball_ncaab,afb08eee9f956db45e4f8c8249b5af8f,2026-04-03T02:53:00Z,,Creighton Bluejays,Rutgers Scarlet Knights,lowvig,LowVig.ag,2026-04-03T02:37:14Z,h2h,2026-04-03T02:37:14Z,Rutgers Scarlet Knights,177,
2026-04-03T02:37:41.400461+00:00,the_odds_api,basketball_ncaab,afb08eee9f956db45e4f8c8249b5af8f,2026-04-03T02:53:00Z,,Creighton Bluejays,Rutgers Scarlet Knights,lowvig,LowVig.ag,2026-04-03T02:37:14Z,spreads,2026-04-03T02:37:14Z,Creighton Bluejays,-106,-5.0
2026-04-03T02:37:41.400461+00:00,the_odds_api,basketball_ncaab,afb08eee9f956db45e4f8c8249b5af8f,2026-04-03T02:53:00Z,,Creighton Bluejays,Rutgers Scarlet Knights,lowvig,LowVig.ag,2026-04-03T02:37:14Z,spreads,2026-04-03T02:37:14Z,Rutgers Scarlet Knights,-106,5.0
2026-04-03T02:37:41.400461+00:00,the_odds_api,basketball_ncaab,afb08eee9f956db45e4f8c8249b5af8f,2026-04-03T02:53:00Z,,Creighton Bluejays,Rutgers Scarlet Knights,lowvig,LowVig.ag,2026-04-03T02:37:14Z,totals,2026-04-03T02:37:14Z,Over,-108,152.0
2026-04-03T02:37:41.400461+00:00,the_odds_api,basketball_ncaab,afb08eee9f956db45e4f8c8249b5af8f,2026-04-03T02:53:00Z,,Creighton Bluejays,Rutgers Scarlet Knights,lowvig,LowVig.ag,2026-04-03T02:37:14Z,totals,2026-04-03T02:37:14Z,Under,-108,152.0
2026-03-25T01:07:28.918355+00:00,the_odds_api,basketball_ncaab,5b8426555586aae5f7ed2a20c2262c86,2026-03-24T23:05:00Z,,Tulsa Golden Hurricane,Wichita St Shockers,fanatics,Fanatics,2026-03-25T01:06:10Z,h2h,2026-03-25T01:06:10Z,Tulsa Golden Hurricane,-210,
2026-03-25T01:07:28.918355+00:00,the_odds_api,basketball_ncaab,5b8426555586aae5f7ed2a20c2262c86,2026-03-24T23:05:00Z,,Tulsa Golden Hurricane,Wichita St Shockers,fanatics,Fanatics,2026-03-25T01:06:10Z,h2h,2026-03-25T01:06:10Z,Wichita St Shockers,160,
2026-03-25T01:07:28.918355+00:00,the_odds_api,basketball_ncaab,5b8426555586aae5f7ed2a20c2262c86,2026-03-24T23:05:00Z,,Tulsa Golden Hurricane,Wichita St Shockers,fanatics,Fanatics,2026-03-25T01:06:10Z,spreads,2026-03-25T01:06:10Z,Tulsa Golden Hurricane,105,-2.5
2026-03-25T01:07:28.918355+00:00,the_odds_api,basketball_ncaab,5b8426555586aae5f7ed2a20c2262c86,2026-03-24T23:05:00Z,,Tulsa Golden Hurricane,Wichita St Shockers,fanatics,Fanatics,2026-03-25T01:06:10Z,spreads,2026-03-25T01:06:10Z,Wichita St Shockers,-140,2.5
2026-03-25T01:07:28.918355+00:00,the_odds_api,basketball_ncaab,5b8426555586aae5f7ed2a20c2262c86,2026-03-24T23:05:00Z,,Tulsa Golden Hurricane,Wichita St Shockers,fanatics,Fanatics,2026-03-25T01:06:10Z,totals,2026-03-25T01:06:10Z,Over,-115,162.5
2026-03-25T01:07:28.918355+00:00,the_odds_api,basketball_ncaab,5b8426555586aae5f7ed2a20c2262c86,2026-03-24T23:05:00Z,,Tulsa Golden Hurricane,Wichita St Shockers,fanatics,Fanatics,2026-03-25T01:06:10Z,totals,2026-03-25T01:06:10Z,Under,-115,162.5
2026-03-25T02:37:24.900329+00:00,the_odds_api,basketball_ncaab,96177e1055b0f7869167edf123edc5f8,2026-03-25T01:10:00Z,,New Mexico Lobos,Saint Joseph's Hawks,fanatics,Fanatics,2026-03-25T02:37:06Z,h2h,2026-03-25T02:37:06Z,New Mexico Lobos,-9000,
2026-03-25T02:37:24.900329+00:00,the_odds_api,basketball_ncaab,96177e1055b0f7869167edf123edc5f8,2026-03-25T01:10:00Z,,New Mexico Lobos,Saint Joseph's Hawks,fanatics,Fanatics,2026-03-25T02:37:06Z,h2h,2026-03-25T02:37:06Z,Saint Joseph's Hawks,2000,
2026-03-25T02:37:24.900329+00:00,the_odds_api,basketball_ncaab,96177e1055b0f7869167edf123edc5f8,2026-03-25T01:10:00Z,,New Mexico Lobos,Saint Joseph's Hawks,fanatics,Fanatics,2026-03-25T02:37:06Z,spreads,2026-03-25T02:37:06Z,New Mexico Lobos,-130,-13.5
2026-03-25T02:37:24.900329+00:00,the_odds_api,basketball_ncaab,96177e1055b0f7869167edf123edc5f8,2026-03-25T01:10:00Z,,New Mexico Lobos,Saint Joseph's Hawks,fanatics,Fanatics,2026-03-25T02:37:06Z,spreads,2026-03-25T02:37:06Z,Saint Joseph's Hawks,100,13.5
2026-03-25T02:37:24.900329+00:00,the_odds_api,basketball_ncaab,96177e1055b0f7869167edf123edc5f8,2026-03-25T01:10:00Z,,New Mexico Lobos,Saint Joseph's Hawks,fanatics,Fanatics,2026-03-25T02:37:06Z,totals,2026-03-25T02:37:06Z,Over,-120,158.5
2026-03-25T02:37:24.900329+00:00,the_odds_api,basketball_ncaab,96177e1055b0f7869167edf123edc5f8,2026-03-25T01:10:00Z,,New Mexico Lobos,Saint Joseph's Hawks,fanatics,Fanatics,2026-03-25T02:37:06Z,totals,2026-03-25T02:37:06Z,Under,-110,158.5
2026-03-26T01:07:37.521234+00:00,the_odds_api,basketball_ncaab,b9c52e0f4228b292b74bbf2be3bf4549,2026-03-25T23:00:00Z,,Dayton Flyers,Illinois St Redbirds,fanatics,Fanatics,2026-03-26T01:00:41Z,h2h,2026-03-26T01:00:41Z,Dayton Flyers,900,
2026-03-26T01:07:37.521234+00:00,the_odds_api,basketball_ncaab,b9c52e0f4228b292b74bbf2be3bf4549,2026-03-25T23:00:00Z,,Dayton Flyers,Illinois St Redbirds,fanatics,Fanatics,2026-03-26T01:00:41Z,h2h,2026-03-26T01:00:41Z,Illinois St Redbirds,-1700,
2026-03-26T01:07:37.521234+00:00,the_odds_api,basketball_ncaab,b9c52e0f4228b292b74bbf2be3bf4549,2026-03-25T23:00:00Z,,Dayton Flyers,Illinois St Redbirds,fanatics,Fanatics,2026-03-26T01:00:41Z,totals,2026-03-26T01:00:41Z,Over,-115,116.5
2026-03-26T01:07:37.521234+00:00,the_odds_api,basketball_ncaab,b9c52e0f4228b292b74bbf2be3bf4549,2026-03-25T23:00:00Z,,Dayton Flyers,Illinois St Redbirds,fanatics,Fanatics,2026-03-26T01:00:41Z,totals,2026-03-26T01:00:41Z,Under,-115,116.5
2026-03-26T02:37:29.313195+00:00,the_odds_api,basketball_ncaab,0cf810433f027f2b1c9da531c3df1348,2026-03-26T01:07:00Z,,Auburn Tigers,Nevada Wolf Pack,fanatics,Fanatics,2026-03-26T02:36:59Z,h2h,2026-03-26T02:36:59Z,Auburn Tigers,-15000,
2026-03-26T02:37:29.313195+00:00,the_odds_api,basketball_ncaab,0cf810433f027f2b1c9da531c3df1348,2026-03-26T01:07:00Z,,Auburn Tigers,Nevada Wolf Pack,fanatics,Fanatics,2026-03-26T02:36:59Z,h2h,2026-03-26T02:36:59Z,Nevada Wolf Pack,2800,
2026-03-26T02:37:29.313195+00:00,the_odds_api,basketball_ncaab,0cf810433f027f2b1c9da531c3df1348,2026-03-26T01:07:00Z,,Auburn Tigers,Nevada Wolf Pack,fanatics,Fanatics,2026-03-26T02:36:59Z,spreads,2026-03-26T02:36:59Z,Auburn Tigers,-165,-13.5
2026-03-26T02:37:29.313195+00:00,the_odds_api,basketball_ncaab,0cf810433f027f2b1c9da531c3df1348,2026-03-26T01:07:00Z,,Auburn Tigers,Nevada Wolf Pack,fanatics,Fanatics,2026-03-26T02:36:59Z,spreads,2026-03-26T02:36:59Z,Nevada Wolf Pack,120,13.5
2026-03-26T02:37:29.313195+00:00,the_odds_api,basketball_ncaab,0cf810433f027f2b1c9da531c3df1348,2026-03-26T01:07:00Z,,Auburn Tigers,Nevada Wolf Pack,fanatics,Fanatics,2026-03-26T02:36:59Z,totals,2026-03-26T02:36:59Z,Over,-105,131.5
2026-03-26T02:37:29.313195+00:00,the_odds_api,basketball_ncaab,0cf810433f027f2b1c9da531c3df1348,2026-03-26T01:07:00Z,,Auburn Tigers,Nevada Wolf Pack,fanatics,Fanatics,2026-03-26T02:36:59Z,totals,2026-03-26T02:36:59Z,Under,-125,131.5
2026-04-02T00:08:11.890538+00:00,the_odds_api,basketball_ncaab,c16c0d972e1c9ed5e2190c74f1a17079,2026-04-02T00:00:00Z,,Colorado Buffaloes,Oklahoma Sooners,williamhill_us,Caesars,2026-04-02T00:06:50Z,h2h,2026-04-02T00:06:50Z,Colorado Buffaloes,335,
2026-04-02T00:08:11.890538+00:00,the_odds_api,basketball_ncaab,c16c0d972e1c9ed5e2190c74f1a17079,2026-04-02T00:00:00Z,,Colorado Buffaloes,Oklahoma Sooners,williamhill_us,Caesars,2026-04-02T00:06:50Z,h2h,2026-04-02T00:06:50Z,Oklahoma Sooners,-440,
2026-04-02T00:08:11.890538+00:00,the_odds_api,basketball_ncaab,c16c0d972e1c9ed5e2190c74f1a17079,2026-04-02T00:00:00Z,,Colorado Buffaloes,Oklahoma Sooners,williamhill_us,Caesars,2026-04-02T00:06:50Z,spreads,2026-04-02T00:06:50Z,Colorado Buffaloes,-110,9.0
2026-04-02T00:08:11.890538+00:00,the_odds_api,basketball_ncaab,c16c0d972e1c9ed5e2190c74f1a17079,2026-04-02T00:00:00Z,,Colorado Buffaloes,Oklahoma Sooners,williamhill_us,Caesars,2026-04-02T00:06:50Z,spreads,2026-04-02T00:06:50Z,Oklahoma Sooners,-110,-9.0
2026-04-02T00:08:11.890538+00:00,the_odds_api,basketball_ncaab,c16c0d972e1c9ed5e2190c74f1a17079,2026-04-02T00:00:00Z,,Colorado Buffaloes,Oklahoma Sooners,williamhill_us,Caesars,2026-04-02T00:06:50Z,totals,2026-04-02T00:06:50Z,Over,-110,162.0
2026-04-02T00:08:11.890538+00:00,the_odds_api,basketball_ncaab,c16c0d972e1c9ed5e2190c74f1a17079,2026-04-02T00:00:00Z,,Colorado Buffaloes,Oklahoma Sooners,williamhill_us,Caesars,2026-04-02T00:06:50Z,totals,2026-04-02T00:06:50Z,Under,-110,162.0
2026-04-02T00:08:11.890538+00:00,the_odds_api,basketball_ncaab,6f0765b4c7ea31444ec8a23fb86e6648,2026-04-02T02:30:00Z,,Minnesota Golden Gophers,Baylor Bears,williamhill_us,Caesars,2026-04-02T00:06:50Z,h2h,2026-04-02T00:06:50Z,Baylor Bears,-180,
2026-04-02T00:08:11.890538+00:00,the_odds_api,basketball_ncaab,6f0765b4c7ea31444ec8a23fb86e6648,2026-04-02T02:30:00Z,,Minnesota Golden Gophers,Baylor Bears,williamhill_us,Caesars,2026-04-02T00:06:50Z,h2h,2026-04-02T00:06:50Z,Minnesota Golden Gophers,152,
2026-04-02T00:08:11.890538+00:00,the_odds_api,basketball_ncaab,6f0765b4c7ea31444ec8a23fb86e6648,2026-04-02T02:30:00Z,,Minnesota Golden Gophers,Baylor Bears,williamhill_us,Caesars,2026-04-02T00:06:50Z,spreads,2026-04-02T00:06:50Z,Baylor Bears,-110,-3.5
2026-04-02T00:08:11.890538+00:00,the_odds_api,basketball_ncaab,6f0765b4c7ea31444ec8a23fb86e6648,2026-04-02T02:30:00Z,,Minnesota Golden Gophers,Baylor Bears,williamhill_us,Caesars,2026-04-02T00:06:50Z,spreads,2026-04-02T00:06:50Z,Minnesota Golden Gophers,-110,3.5
2026-04-02T00:08:11.890538+00:00,the_odds_api,basketball_ncaab,6f0765b4c7ea31444ec8a23fb86e6648,2026-04-02T02:30:00Z,,Minnesota Golden Gophers,Baylor Bears,williamhill_us,Caesars,2026-04-02T00:06:50Z,totals,2026-04-02T00:06:50Z,Over,-110,147.5
2026-04-02T00:08:11.890538+00:00,the_odds_api,basketball_ncaab,6f0765b4c7ea31444ec8a23fb86e6648,2026-04-02T02:30:00Z,,Minnesota Golden Gophers,Baylor Bears,williamhill_us,Caesars,2026-04-02T00:06:50Z,totals,2026-04-02T00:06:50Z,Under,-110,147.5
2026-04-03T02:07:44.225179+00:00,the_odds_api,basketball_ncaab,9bcb056972126771a4d79b063cdb1a6c,2026-04-03T00:00:00Z,,West Virginia Mountaineers,Stanford Cardinal,williamhill_us,Caesars,2026-04-03T02:05:57Z,h2h,2026-04-03T02:05:57Z,Stanford Cardinal,-3000,
2026-04-03T02:07:44.225179+00:00,the_odds_api,basketball_ncaab,9bcb056972126771a4d79b063cdb1a6c,2026-04-03T00:00:00Z,,West Virginia Mountaineers,Stanford Cardinal,williamhill_us,Caesars,2026-04-03T02:05:57Z,h2h,2026-04-03T02:05:57Z,West Virginia Mountaineers,1100,
2026-04-03T02:37:41.400461+00:00,the_odds_api,basketball_ncaab,afb08eee9f956db45e4f8c8249b5af8f,2026-04-03T02:53:00Z,,Creighton Bluejays,Rutgers Scarlet Knights,williamhill_us,Caesars,2026-04-03T02:34:54Z,h2h,2026-04-03T02:34:54Z,Creighton Bluejays,-210,
2026-04-03T02:37:41.400461+00:00,the_odds_api,basketball_ncaab,afb08eee9f956db45e4f8c8249b5af8f,2026-04-03T02:53:00Z,,Creighton Bluejays,Rutgers Scarlet Knights,williamhill_us,Caesars,2026-04-03T02:34:54Z,h2h,2026-04-03T02:34:54Z,Rutgers Scarlet Knights,175,
2026-04-03T02:37:41.400461+00:00,the_odds_api,basketball_ncaab,afb08eee9f956db45e4f8c8249b5af8f,2026-04-03T02:53:00Z,,Creighton Bluejays,Rutgers Scarlet Knights,williamhill_us,Caesars,2026-04-03T02:34:54Z,spreads,2026-04-03T02:34:54Z,Creighton Bluejays,-110,-5.0
2026-04-03T02:37:41.400461+00:00,the_odds_api,basketball_ncaab,afb08eee9f956db45e4f8c8249b5af8f,2026-04-03T02:53:00Z,,Creighton Bluejays,Rutgers Scarlet Knights,williamhill_us,Caesars,2026-04-03T02:34:54Z,spreads,2026-04-03T02:34:54Z,Rutgers Scarlet Knights,-110,5.0
2026-04-03T02:37:41.400461+00:00,the_odds_api,basketball_ncaab,afb08eee9f956db45e4f8c8249b5af8f,2026-04-03T02:53:00Z,,Creighton Bluejays,Rutgers Scarlet Knights,williamhill_us,Caesars,2026-04-03T02:34:54Z,totals,2026-04-03T02:34:54Z,Over,-110,151.5
2026-04-03T02:37:41.400461+00:00,the_odds_api,basketball_ncaab,afb08eee9f956db45e4f8c8249b5af8f,2026-04-03T02:53:00Z,,Creighton Bluejays,Rutgers Scarlet Knights,williamhill_us,Caesars,2026-04-03T02:34:54Z,totals,2026-04-03T02:34:54Z,Under,-110,151.5
2026-04-02T00:08:11.890538+00:00,the_odds_api,basketball_ncaab,c16c0d972e1c9ed5e2190c74f1a17079,2026-04-02T00:00:00Z,,Colorado Buffaloes,Oklahoma Sooners,fanduel,FanDuel,2026-04-02T00:07:50Z,h2h,2026-04-02T00:07:50Z,Colorado Buffaloes,285,
2026-04-02T00:08:11.890538+00:00,the_odds_api,basketball_ncaab,c16c0d972e1c9ed5e2190c74f1a17079,2026-04-02T00:00:00Z,,Colorado Buffaloes,Oklahoma Sooners,fanduel,FanDuel,2026-04-02T00:07:50Z,h2h,2026-04-02T00:07:50Z,Oklahoma Sooners,-400,
2026-04-02T00:08:11.890538+00:00,the_odds_api,basketball_ncaab,c16c0d972e1c9ed5e2190c74f1a17079,2026-04-02T00:00:00Z,,Colorado Buffaloes,Oklahoma Sooners,fanduel,FanDuel,2026-04-02T00:07:50Z,spreads,2026-04-02T00:07:50Z,Colorado Buffaloes,-114,8.5
2026-04-02T00:08:11.890538+00:00,the_odds_api,basketball_ncaab,c16c0d972e1c9ed5e2190c74f1a17079,2026-04-02T00:00:00Z,,Colorado Buffaloes,Oklahoma Sooners,fanduel,FanDuel,2026-04-02T00:07:50Z,spreads,2026-04-02T00:07:50Z,Oklahoma Sooners,-114,-8.5
2026-04-02T00:08:11.890538+00:00,the_odds_api,basketball_ncaab,c16c0d972e1c9ed5e2190c74f1a17079,2026-04-02T00:00:00Z,,Colorado Buffaloes,Oklahoma Sooners,fanduel,FanDuel,2026-04-02T00:07:50Z,totals,2026-04-02T00:07:50Z,Over,-118,161.5
2026-04-02T00:08:11.890538+00:00,the_odds_api,basketball_ncaab,c16c0d972e1c9ed5e2190c74f1a17079,2026-04-02T00:00:00Z,,Colorado Buffaloes,Oklahoma Sooners,fanduel,FanDuel,2026-04-02T00:07:50Z,totals,2026-04-02T00:07:50Z,Under,-112,161.5
2026-04-02T00:08:11.890538+00:00,the_odds_api,basketball_ncaab,6f0765b4c7ea31444ec8a23fb86e6648,2026-04-02T02:30:00Z,,Minnesota Golden Gophers,Baylor Bears,fanduel,FanDuel,2026-04-02T00:07:50Z,h2h,2026-04-02T00:07:50Z,Baylor Bears,-184,
2026-04-02T00:08:11.890538+00:00,the_odds_api,basketball_ncaab,6f0765b4c7ea31444ec8a23fb86e6648,2026-04-02T02:30:00Z,,Minnesota Golden Gophers,Baylor Bears,fanduel,FanDuel,2026-04-02T00:07:50Z,h2h,2026-04-02T00:07:50Z,Minnesota Golden Gophers,150,
2026-04-02T00:08:11.890538+00:00,the_odds_api,basketball_ncaab,6f0765b4c7ea31444ec8a23fb86e6648,2026-04-02T02:30:00Z,,Minnesota Golden Gophers,Baylor Bears,fanduel,FanDuel,2026-04-02T00:07:50Z,spreads,2026-04-02T00:07:50Z,Baylor Bears,-115,-3.5
2026-04-02T00:08:11.890538+00:00,the_odds_api,basketball_ncaab,6f0765b4c7ea31444ec8a23fb86e6648,2026-04-02T02:30:00Z,,Minnesota Golden Gophers,Baylor Bears,fanduel,FanDuel,2026-04-02T00:07:50Z,spreads,2026-04-02T00:07:50Z,Minnesota Golden Gophers,-105,3.5
2026-04-02T00:08:11.890538+00:00,the_odds_api,basketball_ncaab,6f0765b4c7ea31444ec8a23fb86e6648,2026-04-02T02:30:00Z,,Minnesota Golden Gophers,Baylor Bears,fanduel,FanDuel,2026-04-02T00:07:50Z,totals,2026-04-02T00:07:50Z,Over,-115,146.5
2026-04-02T00:08:11.890538+00:00,the_odds_api,basketball_ncaab,6f0765b4c7ea31444ec8a23fb86e6648,2026-04-02T02:30:00Z,,Minnesota Golden Gophers,Baylor Bears,fanduel,FanDuel,2026-04-02T00:07:50Z,totals,2026-04-02T00:07:50Z,Under,-105,146.5
2026-04-03T02:07:44.225179+00:00,the_odds_api,basketball_ncaab,9bcb056972126771a4d79b063cdb1a6c,2026-04-03T00:00:00Z,,West Virginia Mountaineers,Stanford Cardinal,fanduel,FanDuel,2026-04-03T01:57:42Z,h2h,2026-04-03T01:57:42Z,Stanford Cardinal,-7000,
2026-04-03T02:07:44.225179+00:00,the_odds_api,basketball_ncaab,9bcb056972126771a4d79b063cdb1a6c,2026-04-03T00:00:00Z,,West Virginia Mountaineers,Stanford Cardinal,fanduel,FanDuel,2026-04-03T01:57:42Z,h2h,2026-04-03T01:57:42Z,West Virginia Mountaineers,1500,
2026-04-03T02:07:44.225179+00:00,the_odds_api,basketball_ncaab,9bcb056972126771a4d79b063cdb1a6c,2026-04-03T00:00:00Z,,West Virginia Mountaineers,Stanford Cardinal,fanduel,FanDuel,2026-04-03T01:57:42Z,spreads,2026-04-03T01:57:42Z,Stanford Cardinal,102,-7.5
2026-04-03T02:07:44.225179+00:00,the_odds_api,basketball_ncaab,9bcb056972126771a4d79b063cdb1a6c,2026-04-03T00:00:00Z,,West Virginia Mountaineers,Stanford Cardinal,fanduel,FanDuel,2026-04-03T01:57:42Z,spreads,2026-04-03T01:57:42Z,West Virginia Mountaineers,-136,7.5
2026-04-03T02:07:44.225179+00:00,the_odds_api,basketball_ncaab,9bcb056972126771a4d79b063cdb1a6c,2026-04-03T00:00:00Z,,West Virginia Mountaineers,Stanford Cardinal,fanduel,FanDuel,2026-04-03T01:57:42Z,totals,2026-04-03T01:57:42Z,Over,-122,139.5
2026-04-03T02:07:44.225179+00:00,the_odds_api,basketball_ncaab,9bcb056972126771a4d79b063cdb1a6c,2026-04-03T00:00:00Z,,West Virginia Mountaineers,Stanford Cardinal,fanduel,FanDuel,2026-04-03T01:57:42Z,totals,2026-04-03T01:57:42Z,Under,-108,139.5
2026-03-29T00:07:33.062748+00:00,the_odds_api,basketball_ncaab,afb08eee9f956db45e4f8c8249b5af8f,2026-04-03T02:30:00Z,,Creighton Bluejays,Rutgers Scarlet Knights,fanduel,FanDuel,2026-03-29T00:07:27Z,h2h,2026-03-29T00:07:27Z,Creighton Bluejays,-172,
2026-03-29T00:07:33.062748+00:00,the_odds_api,basketball_ncaab,afb08eee9f956db45e4f8c8249b5af8f,2026-04-03T02:30:00Z,,Creighton Bluejays,Rutgers Scarlet Knights,fanduel,FanDuel,2026-03-29T00:07:27Z,h2h,2026-03-29T00:07:27Z,Rutgers Scarlet Knights,142,
2026-03-29T00:07:33.062748+00:00,the_odds_api,basketball_ncaab,afb08eee9f956db45e4f8c8249b5af8f,2026-04-03T02:30:00Z,,Creighton Bluejays,Rutgers Scarlet Knights,fanduel,FanDuel,2026-03-29T00:07:27Z,spreads,2026-03-29T00:07:27Z,Creighton Bluejays,-120,-3.5
2026-03-29T00:07:33.062748+00:00,the_odds_api,basketball_ncaab,afb08eee9f956db45e4f8c8249b5af8f,2026-04-03T02:30:00Z,,Creighton Bluejays,Rutgers Scarlet Knights,fanduel,FanDuel,2026-03-29T00:07:27Z,spreads,2026-03-29T00:07:27Z,Rutgers Scarlet Knights,-102,3.5
2026-03-29T00:07:33.062748+00:00,the_odds_api,basketball_ncaab,afb08eee9f956db45e4f8c8249b5af8f,2026-04-03T02:30:00Z,,Creighton Bluejays,Rutgers Scarlet Knights,fanduel,FanDuel,2026-03-29T00:07:27Z,totals,2026-03-29T00:07:27Z,Over,-110,151.5
2026-03-29T00:07:33.062748+00:00,the_odds_api,basketball_ncaab,afb08eee9f956db45e4f8c8249b5af8f,2026-04-03T02:30:00Z,,Creighton Bluejays,Rutgers Scarlet Knights,fanduel,FanDuel,2026-03-29T00:07:27Z,totals,2026-03-29T00:07:27Z,Under,-110,151.5
2026-04-02T23:08:00.036509+00:00,the_odds_api,basketball_ncaab,930319d687992d02e211708973d066c7,2026-04-02T23:03:17Z,,Tulsa Golden Hurricane,New Mexico Lobos,betonlineag,BetOnline.ag,2026-04-02T23:03:51Z,h2h,2026-04-02T23:03:51Z,New Mexico Lobos,-157,
2026-04-02T23:08:00.036509+00:00,the_odds_api,basketball_ncaab,930319d687992d02e211708973d066c7,2026-04-02T23:03:17Z,,Tulsa Golden Hurricane,New Mexico Lobos,betonlineag,BetOnline.ag,2026-04-02T23:03:51Z,h2h,2026-04-02T23:03:51Z,Tulsa Golden Hurricane,137,
2026-04-02T23:08:00.036509+00:00,the_odds_api,basketball_ncaab,930319d687992d02e211708973d066c7,2026-04-02T23:03:17Z,,Tulsa Golden Hurricane,New Mexico Lobos,betonlineag,BetOnline.ag,2026-04-02T23:03:51Z,spreads,2026-04-02T23:03:51Z,New Mexico Lobos,-110,-2.5
2026-04-02T23:08:00.036509+00:00,the_odds_api,basketball_ncaab,930319d687992d02e211708973d066c7,2026-04-02T23:03:17Z,,Tulsa Golden Hurricane,New Mexico Lobos,betonlineag,BetOnline.ag,2026-04-02T23:03:51Z,spreads,2026-04-02T23:03:51Z,Tulsa Golden Hurricane,-110,2.5
2026-04-02T23:08:00.036509+00:00,the_odds_api,basketball_ncaab,930319d687992d02e211708973d066c7,2026-04-02T23:03:17Z,,Tulsa Golden Hurricane,New Mexico Lobos,betonlineag,BetOnline.ag,2026-04-02T23:03:51Z,totals,2026-04-02T23:03:51Z,Over,-110,161.5
2026-04-02T23:08:00.036509+00:00,the_odds_api,basketball_ncaab,930319d687992d02e211708973d066c7,2026-04-02T23:03:17Z,,Tulsa Golden Hurricane,New Mexico Lobos,betonlineag,BetOnline.ag,2026-04-02T23:03:51Z,totals,2026-04-02T23:03:51Z,Under,-110,161.5
2026-04-02T23:08:00.036509+00:00,the_odds_api,basketball_ncaab,930319d687992d02e211708973d066c7,2026-04-02T23:03:17Z,,Tulsa Golden Hurricane,New Mexico Lobos,lowvig,LowVig.ag,2026-04-02T23:03:23Z,h2h,2026-04-02T23:03:23Z,New Mexico Lobos,-157,
2026-04-02T23:08:00.036509+00:00,the_odds_api,basketball_ncaab,930319d687992d02e211708973d066c7,2026-04-02T23:03:17Z,,Tulsa Golden Hurricane,New Mexico Lobos,lowvig,LowVig.ag,2026-04-02T23:03:23Z,h2h,2026-04-02T23:03:23Z,Tulsa Golden Hurricane,137,
2026-04-02T23:08:00.036509+00:00,the_odds_api,basketball_ncaab,930319d687992d02e211708973d066c7,2026-04-02T23:03:17Z,,Tulsa Golden Hurricane,New Mexico Lobos,lowvig,LowVig.ag,2026-04-02T23:03:23Z,spreads,2026-04-02T23:03:23Z,New Mexico Lobos,-106,-2.5
2026-04-02T23:08:00.036509+00:00,the_odds_api,basketball_ncaab,930319d687992d02e211708973d066c7,2026-04-02T23:03:17Z,,Tulsa Golden Hurricane,New Mexico Lobos,lowvig,LowVig.ag,2026-04-02T23:03:23Z,spreads,2026-04-02T23:03:23Z,Tulsa Golden Hurricane,-106,2.5
2026-04-02T23:08:00.036509+00:00,the_odds_api,basketball_ncaab,930319d687992d02e211708973d066c7,2026-04-02T23:03:17Z,,Tulsa Golden Hurricane,New Mexico Lobos,lowvig,LowVig.ag,2026-04-02T23:03:23Z,totals,2026-04-02T23:03:23Z,Over,-108,161.5
2026-04-02T23:08:00.036509+00:00,the_odds_api,basketball_ncaab,930319d687992d02e211708973d066c7,2026-04-02T23:03:17Z,,Tulsa Golden Hurricane,New Mexico Lobos,lowvig,LowVig.ag,2026-04-02T23:03:23Z,totals,2026-04-02T23:03:23Z,Under,-108,161.5
2026-03-29T23:07:51.516982+00:00,the_odds_api,basketball_ncaab,b346eca1f4e19fa882dc963610acbf1b,2026-03-29T21:06:55Z,,Duke Blue Devils,UConn Huskies,fanduel,FanDuel,2026-03-29T23:07:37Z,h2h,2026-03-29T23:07:37Z,Duke Blue Devils,-370,
2026-03-29T23:07:51.516982+00:00,the_odds_api,basketball_ncaab,b346eca1f4e19fa882dc963610acbf1b,2026-03-29T21:06:55Z,,Duke Blue Devils,UConn Huskies,fanduel,FanDuel,2026-03-29T23:07:37Z,h2h,2026-03-29T23:07:37Z,UConn Huskies,260,
2026-03-29T23:07:51.516982+00:00,the_odds_api,basketball_ncaab,b346eca1f4e19fa882dc963610acbf1b,2026-03-29T21:06:55Z,,Duke Blue Devils,UConn Huskies,fanduel,FanDuel,2026-03-29T23:07:37Z,spreads,2026-03-29T23:07:37Z,Duke Blue Devils,-132,-3.5
2026-03-29T23:07:51.516982+00:00,the_odds_api,basketball_ncaab,b346eca1f4e19fa882dc963610acbf1b,2026-03-29T21:06:55Z,,Duke Blue Devils,UConn Huskies,fanduel,FanDuel,2026-03-29T23:07:37Z,spreads,2026-03-29T23:07:37Z,UConn Huskies,100,3.5
2026-03-29T23:07:51.516982+00:00,the_odds_api,basketball_ncaab,b346eca1f4e19fa882dc963610acbf1b,2026-03-29T21:06:55Z,,Duke Blue Devils,UConn Huskies,fanduel,FanDuel,2026-03-29T23:07:37Z,totals,2026-03-29T23:07:37Z,Over,-104,150.5
2026-03-29T23:07:51.516982+00:00,the_odds_api,basketball_ncaab,b346eca1f4e19fa882dc963610acbf1b,2026-03-29T21:06:55Z,,Duke Blue Devils,UConn Huskies,fanduel,FanDuel,2026-03-29T23:07:37Z,totals,2026-03-29T23:07:37Z,Under,-128,150.5
2026-03-29T02:37:32.742354+00:00,the_odds_api,basketball_ncaab,b8f1c265896037786f17893bf5c3df0d,2026-03-29T00:59:56Z,,Arizona Wildcats,Purdue Boilermakers,fanduel,FanDuel,2026-03-29T02:36:57Z,h2h,2026-03-29T02:36:57Z,Arizona Wildcats,-650,
2026-03-29T02:37:32.742354+00:00,the_odds_api,basketball_ncaab,b8f1c265896037786f17893bf5c3df0d,2026-03-29T00:59:56Z,,Arizona Wildcats,Purdue Boilermakers,fanduel,FanDuel,2026-03-29T02:36:57Z,h2h,2026-03-29T02:36:57Z,Purdue Boilermakers,420,
2026-03-29T02:37:32.742354+00:00,the_odds_api,basketball_ncaab,b8f1c265896037786f17893bf5c3df0d,2026-03-29T00:59:56Z,,Arizona Wildcats,Purdue Boilermakers,fanduel,FanDuel,2026-03-29T02:36:57Z,spreads,2026-03-29T02:36:57Z,Arizona Wildcats,-104,-7.5
2026-03-29T02:37:32.742354+00:00,the_odds_api,basketball_ncaab,b8f1c265896037786f17893bf5c3df0d,2026-03-29T00:59:56Z,,Arizona Wildcats,Purdue Boilermakers,fanduel,FanDuel,2026-03-29T02:36:57Z,spreads,2026-03-29T02:36:57Z,Purdue Boilermakers,-128,7.5
2026-03-29T02:37:32.742354+00:00,the_odds_api,basketball_ncaab,b8f1c265896037786f17893bf5c3df0d,2026-03-29T00:59:56Z,,Arizona Wildcats,Purdue Boilermakers,fanduel,FanDuel,2026-03-29T02:36:57Z,totals,2026-03-29T02:36:57Z,Over,-114,145.5
2026-03-29T02:37:32.742354+00:00,the_odds_api,basketball_ncaab,b8f1c265896037786f17893bf5c3df0d,2026-03-29T00:59:56Z,,Arizona Wildcats,Purdue Boilermakers,fanduel,FanDuel,2026-03-29T02:36:57Z,totals,2026-03-29T02:36:57Z,Under,-114,145.5
2026-03-26T23:07:45.016028+00:00,the_odds_api,basketball_ncaab,f5d65592ddc683c91afcbb4e43ba55e7,2026-03-28T22:00:11Z,,Arizona Wildcats,Texas Longhorns,fanduel,FanDuel,2026-03-26T23:02:32Z,h2h,2026-03-26T23:02:32Z,Arizona Wildcats,-465,
2026-03-26T23:07:45.016028+00:00,the_odds_api,basketball_ncaab,f5d65592ddc683c91afcbb4e43ba55e7,2026-03-28T22:00:11Z,,Arizona Wildcats,Texas Longhorns,fanduel,FanDuel,2026-03-26T23:02:32Z,h2h,2026-03-26T23:02:32Z,Texas Longhorns,350,
2026-03-26T23:07:45.016028+00:00,the_odds_api,basketball_ncaab,f5d65592ddc683c91afcbb4e43ba55e7,2026-03-28T22:00:11Z,,Arizona Wildcats,Texas Longhorns,fanduel,FanDuel,2026-03-26T23:02:32Z,spreads,2026-03-26T23:02:32Z,Arizona Wildcats,-105,-10.5
2026-03-26T23:07:45.016028+00:00,the_odds_api,basketball_ncaab,f5d65592ddc683c91afcbb4e43ba55e7,2026-03-28T22:00:11Z,,Arizona Wildcats,Texas Longhorns,fanduel,FanDuel,2026-03-26T23:02:32Z,spreads,2026-03-26T23:02:32Z,Texas Longhorns,-115,10.5
2026-03-26T23:07:45.016028+00:00,the_odds_api,basketball_ncaab,f5d65592ddc683c91afcbb4e43ba55e7,2026-03-28T22:00:11Z,,Arizona Wildcats,Texas Longhorns,fanduel,FanDuel,2026-03-26T23:02:32Z,totals,2026-03-26T23:02:32Z,Over,-104,151.5
2026-03-26T23:07:45.016028+00:00,the_odds_api,basketball_ncaab,f5d65592ddc683c91afcbb4e43ba55e7,2026-03-28T22:00:11Z,,Arizona Wildcats,Texas Longhorns,fanduel,FanDuel,2026-03-26T23:02:32Z,totals,2026-03-26T23:02:32Z,Under,-118,151.5
2026-03-26T23:07:45.016028+00:00,the_odds_api,basketball_ncaab,0f41643aeb78655e833c0f7256e3bb3b,2026-03-28T22:00:16Z,,Houston Cougars,Iowa Hawkeyes,fanduel,FanDuel,2026-03-26T23:02:32Z,h2h,2026-03-26T23:02:32Z,Houston Cougars,-345,
2026-03-26T23:07:45.016028+00:00,the_odds_api,basketball_ncaab,0f41643aeb78655e833c0f7256e3bb3b,2026-03-28T22:00:16Z,,Houston Cougars,Iowa Hawkeyes,fanduel,FanDuel,2026-03-26T23:02:32Z,h2h,2026-03-26T23:02:32Z,Iowa Hawkeyes,270,
2026-03-26T23:07:45.016028+00:00,the_odds_api,basketball_ncaab,0f41643aeb78655e833c0f7256e3bb3b,2026-03-28T22:00:16Z,,Houston Cougars,Iowa Hawkeyes,fanduel,FanDuel,2026-03-26T23:02:32Z,spreads,2026-03-26T23:02:32Z,Houston Cougars,-110,-8.5
2026-03-26T23:07:45.016028+00:00,the_odds_api,basketball_ncaab,0f41643aeb78655e833c0f7256e3bb3b,2026-03-28T22:00:16Z,,Houston Cougars,Iowa Hawkeyes,fanduel,FanDuel,2026-03-26T23:02:32Z,spreads,2026-03-26T23:02:32Z,Iowa Hawkeyes,-110,8.5
2026-03-26T23:07:45.016028+00:00,the_odds_api,basketball_ncaab,0f41643aeb78655e833c0f7256e3bb3b,2026-03-28T22:00:16Z,,Houston Cougars,Iowa Hawkeyes,fanduel,FanDuel,2026-03-26T23:02:32Z,totals,2026-03-26T23:02:32Z,Over,-105,127.5
2026-03-26T23:07:45.016028+00:00,the_odds_api,basketball_ncaab,0f41643aeb78655e833c0f7256e3bb3b,2026-03-28T22:00:16Z,,Houston Cougars,Iowa Hawkeyes,fanduel,FanDuel,2026-03-26T23:02:32Z,totals,2026-03-26T23:02:32Z,Under,-115,127.5
2026-03-26T23:07:45.016028+00:00,the_odds_api,basketball_ncaab,e42919c123dc92926095a26932e2aa63,2026-03-28T22:00:17Z,,Houston Cougars,Nebraska Cornhuskers,fanduel,FanDuel,2026-03-26T23:02:32Z,h2h,2026-03-26T23:02:32Z,Houston Cougars,-285,
2026-03-26T23:07:45.016028+00:00,the_odds_api,basketball_ncaab,e42919c123dc92926095a26932e2aa63,2026-03-28T22:00:17Z,,Houston Cougars,Nebraska Cornhuskers,fanduel,FanDuel,2026-03-26T23:02:32Z,h2h,2026-03-26T23:02:32Z,Nebraska Cornhuskers,230,
2026-03-26T23:07:45.016028+00:00,the_odds_api,basketball_ncaab,e42919c123dc92926095a26932e2aa63,2026-03-28T22:00:17Z,,Houston Cougars,Nebraska Cornhuskers,fanduel,FanDuel,2026-03-26T23:02:32Z,spreads,2026-03-26T23:02:32Z,Houston Cougars,-104,-7.5
2026-03-26T23:07:45.016028+00:00,the_odds_api,basketball_ncaab,e42919c123dc92926095a26932e2aa63,2026-03-28T22:00:17Z,,Houston Cougars,Nebraska Cornhuskers,fanduel,FanDuel,2026-03-26T23:02:32Z,spreads,2026-03-26T23:02:32Z,Nebraska Cornhuskers,-118,7.5
2026-03-26T23:07:45.016028+00:00,the_odds_api,basketball_ncaab,e42919c123dc92926095a26932e2aa63,2026-03-28T22:00:17Z,,Houston Cougars,Nebraska Cornhuskers,fanduel,FanDuel,2026-03-26T23:02:32Z,totals,2026-03-26T23:02:32Z,Over,-118,132.5
2026-03-26T23:07:45.016028+00:00,the_odds_api,basketball_ncaab,e42919c123dc92926095a26932e2aa63,2026-03-28T22:00:17Z,,Houston Cougars,Nebraska Cornhuskers,fanduel,FanDuel,2026-03-26T23:02:32Z,totals,2026-03-26T23:02:32Z,Under,-104,132.5
2026-03-26T23:07:45.016028+00:00,the_odds_api,basketball_ncaab,304b200116519f465b2eaddadc5b8a32,2026-03-28T22:00:35Z,,Purdue Boilermakers,Arkansas Razorbacks,fanduel,FanDuel,2026-03-26T23:02:32Z,h2h,2026-03-26T23:02:32Z,Arkansas Razorbacks,136,
2026-03-26T23:07:45.016028+00:00,the_odds_api,basketball_ncaab,304b200116519f465b2eaddadc5b8a32,2026-03-28T22:00:35Z,,Purdue Boilermakers,Arkansas Razorbacks,fanduel,FanDuel,2026-03-26T23:02:32Z,h2h,2026-03-26T23:02:32Z,Purdue Boilermakers,-164,
2026-03-26T23:07:45.016028+00:00,the_odds_api,basketball_ncaab,304b200116519f465b2eaddadc5b8a32,2026-03-28T22:00:35Z,,Purdue Boilermakers,Arkansas Razorbacks,fanduel,FanDuel,2026-03-26T23:02:32Z,spreads,2026-03-26T23:02:32Z,Arkansas Razorbacks,-105,3.5
2026-03-26T23:07:45.016028+00:00,the_odds_api,basketball_ncaab,304b200116519f465b2eaddadc5b8a32,2026-03-28T22:00:35Z,,Purdue Boilermakers,Arkansas Razorbacks,fanduel,FanDuel,2026-03-26T23:02:32Z,spreads,2026-03-26T23:02:32Z,Purdue Boilermakers,-115,-3.5
2026-03-26T23:07:45.016028+00:00,the_odds_api,basketball_ncaab,304b200116519f465b2eaddadc5b8a32,2026-03-28T22:00:35Z,,Purdue Boilermakers,Arkansas Razorbacks,fanduel,FanDuel,2026-03-26T23:02:32Z,totals,2026-03-26T23:02:32Z,Over,-108,160.5
2026-03-26T23:07:45.016028+00:00,the_odds_api,basketball_ncaab,304b200116519f465b2eaddadc5b8a32,2026-03-28T22:00:35Z,,Purdue Boilermakers,Arkansas Razorbacks,fanduel,FanDuel,2026-03-26T23:02:32Z,totals,2026-03-26T23:02:32Z,Under,-112,160.5
2026-03-26T23:07:45.016028+00:00,the_odds_api,basketball_ncaab,32f87b50ec09152268981f7853c9f84a,2026-03-28T22:00:51Z,,Illinois Fighting Illini,Nebraska Cornhuskers,fanduel,FanDuel,2026-03-26T23:02:32Z,h2h,2026-03-26T23:02:32Z,Illinois Fighting Illini,-194,
2026-03-26T23:07:45.016028+00:00,the_odds_api,basketball_ncaab,32f87b50ec09152268981f7853c9f84a,2026-03-28T22:00:51Z,,Illinois Fighting Illini,Nebraska Cornhuskers,fanduel,FanDuel,2026-03-26T23:02:32Z,h2h,2026-03-26T23:02:32Z,Nebraska Cornhuskers,160,
2026-03-26T23:07:45.016028+00:00,the_odds_api,basketball_ncaab,32f87b50ec09152268981f7853c9f84a,2026-03-28T22:00:51Z,,Illinois Fighting Illini,Nebraska Cornhuskers,fanduel,FanDuel,2026-03-26T23:02:32Z,spreads,2026-03-26T23:02:32Z,Illinois Fighting Illini,-118,-4.5
2026-03-26T23:07:45.016028+00:00,the_odds_api,basketball_ncaab,32f87b50ec09152268981f7853c9f84a,2026-03-28T22:00:51Z,,Illinois Fighting Illini,Nebraska Cornhuskers,fanduel,FanDuel,2026-03-26T23:02:32Z,spreads,2026-03-26T23:02:32Z,Nebraska Cornhuskers,-104,4.5
2026-03-26T23:07:45.016028+00:00,the_odds_api,basketball_ncaab,32f87b50ec09152268981f7853c9f84a,2026-03-28T22:00:51Z,,Illinois Fighting Illini,Nebraska Cornhuskers,fanduel,FanDuel,2026-03-26T23:02:32Z,totals,2026-03-26T23:02:32Z,Over,-115,142.5
2026-03-26T23:07:45.016028+00:00,the_odds_api,basketball_ncaab,32f87b50ec09152268981f7853c9f84a,2026-03-28T22:00:51Z,,Illinois Fighting Illini,Nebraska Cornhuskers,fanduel,FanDuel,2026-03-26T23:02:32Z,totals,2026-03-26T23:02:32Z,Under,-105,142.5
2026-03-29T00:37:40.836667+00:00,the_odds_api,basketball_ncaab,ad862e3e6452856177edb4d763ef9df9,2026-03-28T22:10:08Z,,Illinois Fighting Illini,Iowa Hawkeyes,fanduel,FanDuel,2026-03-29T00:27:55Z,spreads,2026-03-29T00:27:55Z,Illinois Fighting Illini,-138,-10.5
2026-03-29T00:37:40.836667+00:00,the_odds_api,basketball_ncaab,ad862e3e6452856177edb4d763ef9df9,2026-03-28T22:10:08Z,,Illinois Fighting Illini,Iowa Hawkeyes,fanduel,FanDuel,2026-03-29T00:27:55Z,spreads,2026-03-29T00:27:55Z,Iowa Hawkeyes,104,10.5
2026-03-26T23:07:45.016028+00:00,the_odds_api,basketball_ncaab,df8a80c82aa0547a641b45ed2c81505a,2026-03-28T22:00:58Z,,Arkansas Razorbacks,Texas Longhorns,fanduel,FanDuel,2026-03-26T23:02:32Z,h2h,2026-03-26T23:02:32Z,Arkansas Razorbacks,-146,
2026-03-26T23:07:45.016028+00:00,the_odds_api,basketball_ncaab,df8a80c82aa0547a641b45ed2c81505a,2026-03-28T22:00:58Z,,Arkansas Razorbacks,Texas Longhorns,fanduel,FanDuel,2026-03-26T23:02:32Z,h2h,2026-03-26T23:02:32Z,Texas Longhorns,122,
2026-03-26T23:07:45.016028+00:00,the_odds_api,basketball_ncaab,df8a80c82aa0547a641b45ed2c81505a,2026-03-28T22:00:58Z,,Arkansas Razorbacks,Texas Longhorns,fanduel,FanDuel,2026-03-26T23:02:32Z,spreads,2026-03-26T23:02:32Z,Arkansas Razorbacks,-115,-2.5
2026-03-26T23:07:45.016028+00:00,the_odds_api,basketball_ncaab,df8a80c82aa0547a641b45ed2c81505a,2026-03-28T22:00:58Z,,Arkansas Razorbacks,Texas Longhorns,fanduel,FanDuel,2026-03-26T23:02:32Z,spreads,2026-03-26T23:02:32Z,Texas Longhorns,-105,2.5
2026-03-26T23:07:45.016028+00:00,the_odds_api,basketball_ncaab,df8a80c82aa0547a641b45ed2c81505a,2026-03-28T22:00:58Z,,Arkansas Razorbacks,Texas Longhorns,fanduel,FanDuel,2026-03-26T23:02:32Z,totals,2026-03-26T23:02:32Z,Over,-106,162.5
2026-03-26T23:07:45.016028+00:00,the_odds_api,basketball_ncaab,df8a80c82aa0547a641b45ed2c81505a,2026-03-28T22:00:58Z,,Arkansas Razorbacks,Texas Longhorns,fanduel,FanDuel,2026-03-26T23:02:32Z,totals,2026-03-26T23:02:32Z,Under,-114,162.5
2026-03-27T23:37:45.306534+00:00,the_odds_api,basketball_ncaab,9419ce457870114899a880f2e264512b,2026-03-29T18:20:00Z,,Iowa State Cyclones,Alabama Crimson Tide,fanduel,FanDuel,2026-03-27T23:24:06Z,h2h,2026-03-27T23:24:06Z,Alabama Crimson Tide,168,
2026-03-27T23:37:45.306534+00:00,the_odds_api,basketball_ncaab,9419ce457870114899a880f2e264512b,2026-03-29T18:20:00Z,,Iowa State Cyclones,Alabama Crimson Tide,fanduel,FanDuel,2026-03-27T23:24:06Z,h2h,2026-03-27T23:24:06Z,Iowa State Cyclones,-205,
2026-03-27T23:37:45.306534+00:00,the_odds_api,basketball_ncaab,9419ce457870114899a880f2e264512b,2026-03-29T18:20:00Z,,Iowa State Cyclones,Alabama Crimson Tide,fanduel,FanDuel,2026-03-27T23:24:06Z,spreads,2026-03-27T23:24:06Z,Alabama Crimson Tide,-115,5.5
2026-03-27T23:37:45.306534+00:00,the_odds_api,basketball_ncaab,9419ce457870114899a880f2e264512b,2026-03-29T18:20:00Z,,Iowa State Cyclones,Alabama Crimson Tide,fanduel,FanDuel,2026-03-27T23:24:06Z,spreads,2026-03-27T23:24:06Z,Iowa State Cyclones,-105,-5.5
2026-03-27T23:37:45.306534+00:00,the_odds_api,basketball_ncaab,9419ce457870114899a880f2e264512b,2026-03-29T18:20:00Z,,Iowa State Cyclones,Alabama Crimson Tide,fanduel,FanDuel,2026-03-27T23:24:06Z,totals,2026-03-27T23:24:06Z,Over,-110,161.5
2026-03-27T23:37:45.306534+00:00,the_odds_api,basketball_ncaab,9419ce457870114899a880f2e264512b,2026-03-29T18:20:00Z,,Iowa State Cyclones,Alabama Crimson Tide,fanduel,FanDuel,2026-03-27T23:24:06Z,totals,2026-03-27T23:24:06Z,Under,-110,161.5
2026-03-27T23:07:28.495271+00:00,the_odds_api,basketball_ncaab,98f9e4c0ce9eefe03cce06653e3f68df,2026-03-29T18:20:00Z,,Michigan Wolverines,Iowa State Cyclones,fanduel,FanDuel,2026-03-27T23:07:10Z,h2h,2026-03-27T23:07:10Z,Iowa State Cyclones,155,
2026-03-27T23:07:28.495271+00:00,the_odds_api,basketball_ncaab,98f9e4c0ce9eefe03cce06653e3f68df,2026-03-29T18:20:00Z,,Michigan Wolverines,Iowa State Cyclones,fanduel,FanDuel,2026-03-27T23:07:10Z,h2h,2026-03-27T23:07:10Z,Michigan Wolverines,-188,
2026-03-27T23:07:28.495271+00:00,the_odds_api,basketball_ncaab,98f9e4c0ce9eefe03cce06653e3f68df,2026-03-29T18:20:00Z,,Michigan Wolverines,Iowa State Cyclones,fanduel,FanDuel,2026-03-27T23:07:10Z,spreads,2026-03-27T23:07:10Z,Iowa State Cyclones,-110,4.5
2026-03-27T23:07:28.495271+00:00,the_odds_api,basketball_ncaab,98f9e4c0ce9eefe03cce06653e3f68df,2026-03-29T18:20:00Z,,Michigan Wolverines,Iowa State Cyclones,fanduel,FanDuel,2026-03-27T23:07:10Z,spreads,2026-03-27T23:07:10Z,Michigan Wolverines,-110,-4.5
2026-03-27T23:07:28.495271+00:00,the_odds_api,basketball_ncaab,98f9e4c0ce9eefe03cce06653e3f68df,2026-03-29T18:20:00Z,,Michigan Wolverines,Iowa State Cyclones,fanduel,FanDuel,2026-03-27T23:07:10Z,totals,2026-03-27T23:07:10Z,Over,-110,149.5
2026-03-27T23:07:28.495271+00:00,the_odds_api,basketball_ncaab,98f9e4c0ce9eefe03cce06653e3f68df,2026-03-29T18:20:00Z,,Michigan Wolverines,Iowa State Cyclones,fanduel,FanDuel,2026-03-27T23:07:10Z,totals,2026-03-27T23:07:10Z,Under,-110,149.5
2026-03-29T20:38:33.417593+00:00,the_odds_api,basketball_ncaab,766f36b45d2f1fe972b4314b8fb077e4,2026-03-29T18:15:53Z,,Michigan Wolverines,Tennessee Volunteers,fanduel,FanDuel,2026-03-29T20:36:43Z,spreads,2026-03-29T20:36:43Z,Michigan Wolverines,-158,-30.5
2026-03-29T20:38:33.417593+00:00,the_odds_api,basketball_ncaab,766f36b45d2f1fe972b4314b8fb077e4,2026-03-29T18:15:53Z,,Michigan Wolverines,Tennessee Volunteers,fanduel,FanDuel,2026-03-29T20:36:43Z,spreads,2026-03-29T20:36:43Z,Tennessee Volunteers,118,30.5
2026-03-27T23:37:45.306534+00:00,the_odds_api,basketball_ncaab,d5739e9cad5e38e650053909c0c1e2c8,2026-03-29T18:20:06Z,,Alabama Crimson Tide,Tennessee Volunteers,fanduel,FanDuel,2026-03-27T23:24:06Z,h2h,2026-03-27T23:24:06Z,Alabama Crimson Tide,-105,
2026-03-27T23:37:45.306534+00:00,the_odds_api,basketball_ncaab,d5739e9cad5e38e650053909c0c1e2c8,2026-03-29T18:20:06Z,,Alabama Crimson Tide,Tennessee Volunteers,fanduel,FanDuel,2026-03-27T23:24:06Z,h2h,2026-03-27T23:24:06Z,Tennessee Volunteers,-114,
2026-03-27T23:37:45.306534+00:00,the_odds_api,basketball_ncaab,d5739e9cad5e38e650053909c0c1e2c8,2026-03-29T18:20:06Z,,Alabama Crimson Tide,Tennessee Volunteers,fanduel,FanDuel,2026-03-27T23:24:06Z,spreads,2026-03-27T23:24:06Z,Alabama Crimson Tide,-122,1.5
2026-03-27T23:37:45.306534+00:00,the_odds_api,basketball_ncaab,d5739e9cad5e38e650053909c0c1e2c8,2026-03-29T18:20:06Z,,Alabama Crimson Tide,Tennessee Volunteers,fanduel,FanDuel,2026-03-27T23:24:06Z,spreads,2026-03-27T23:24:06Z,Tennessee Volunteers,100,-1.5
2026-03-27T23:37:45.306534+00:00,the_odds_api,basketball_ncaab,d5739e9cad5e38e650053909c0c1e2c8,2026-03-29T18:20:06Z,,Alabama Crimson Tide,Tennessee Volunteers,fanduel,FanDuel,2026-03-27T23:24:06Z,totals,2026-03-27T23:24:06Z,Over,-110,157.5
2026-03-27T23:37:45.306534+00:00,the_odds_api,basketball_ncaab,d5739e9cad5e38e650053909c0c1e2c8,2026-03-29T18:20:06Z,,Alabama Crimson Tide,Tennessee Volunteers,fanduel,FanDuel,2026-03-27T23:24:06Z,totals,2026-03-27T23:24:06Z,Under,-110,157.5
2026-03-27T23:07:28.495271+00:00,the_odds_api,basketball_ncaab,5ac4783445c4cc9c9cbd897db5f277eb,2026-03-29T18:20:18Z,,UConn Huskies,St. John's Red Storm,fanduel,FanDuel,2026-03-27T23:00:53Z,h2h,2026-03-27T23:00:53Z,St. John's Red Storm,100,
2026-03-27T23:07:28.495271+00:00,the_odds_api,basketball_ncaab,5ac4783445c4cc9c9cbd897db5f277eb,2026-03-29T18:20:18Z,,UConn Huskies,St. John's Red Storm,fanduel,FanDuel,2026-03-27T23:00:53Z,h2h,2026-03-27T23:00:53Z,UConn Huskies,-120,
2026-03-27T23:07:28.495271+00:00,the_odds_api,basketball_ncaab,5ac4783445c4cc9c9cbd897db5f277eb,2026-03-29T18:20:18Z,,UConn Huskies,St. John's Red Storm,fanduel,FanDuel,2026-03-27T23:00:53Z,spreads,2026-03-27T23:00:53Z,St. John's Red Storm,-112,1.5
2026-03-27T23:07:28.495271+00:00,the_odds_api,basketball_ncaab,5ac4783445c4cc9c9cbd897db5f277eb,2026-03-29T18:20:18Z,,UConn Huskies,St. John's Red Storm,fanduel,FanDuel,2026-03-27T23:00:53Z,spreads,2026-03-27T23:00:53Z,UConn Huskies,-108,-1.5
2026-03-27T23:07:28.495271+00:00,the_odds_api,basketball_ncaab,5ac4783445c4cc9c9cbd897db5f277eb,2026-03-29T18:20:18Z,,UConn Huskies,St. John's Red Storm,fanduel,FanDuel,2026-03-27T23:00:53Z,totals,2026-03-27T23:00:53Z,Over,-110,137.5
2026-03-27T23:07:28.495271+00:00,the_odds_api,basketball_ncaab,5ac4783445c4cc9c9cbd897db5f277eb,2026-03-29T18:20:18Z,,UConn Huskies,St. John's Red Storm,fanduel,FanDuel,2026-03-27T23:00:53Z,totals,2026-03-27T23:00:53Z,Under,-110,137.5
2026-03-27T23:07:28.495271+00:00,the_odds_api,basketball_ncaab,5c07b76e1425d58f9e7c7418b8a071f9,2026-03-29T18:20:45Z,,Michigan St Spartans,St. John's Red Storm,fanduel,FanDuel,2026-03-27T23:00:53Z,h2h,2026-03-27T23:00:53Z,Michigan St Spartans,-114,
2026-03-27T23:07:28.495271+00:00,the_odds_api,basketball_ncaab,5c07b76e1425d58f9e7c7418b8a071f9,2026-03-29T18:20:45Z,,Michigan St Spartans,St. John's Red Storm,fanduel,FanDuel,2026-03-27T23:00:53Z,h2h,2026-03-27T23:00:53Z,St. John's Red Storm,-105,
2026-03-27T23:07:28.495271+00:00,the_odds_api,basketball_ncaab,5c07b76e1425d58f9e7c7418b8a071f9,2026-03-29T18:20:45Z,,Michigan St Spartans,St. John's Red Storm,fanduel,FanDuel,2026-03-27T23:00:53Z,spreads,2026-03-27T23:00:53Z,Michigan St Spartans,-104,-1.5
2026-03-27T23:07:28.495271+00:00,the_odds_api,basketball_ncaab,5c07b76e1425d58f9e7c7418b8a071f9,2026-03-29T18:20:45Z,,Michigan St Spartans,St. John's Red Storm,fanduel,FanDuel,2026-03-27T23:00:53Z,spreads,2026-03-27T23:00:53Z,St. John's Red Storm,-118,1.5
2026-03-27T23:07:28.495271+00:00,the_odds_api,basketball_ncaab,5c07b76e1425d58f9e7c7418b8a071f9,2026-03-29T18:20:45Z,,Michigan St Spartans,St. John's Red Storm,fanduel,FanDuel,2026-03-27T23:00:53Z,totals,2026-03-27T23:00:53Z,Over,-112,140.5
2026-03-27T23:07:28.495271+00:00,the_odds_api,basketball_ncaab,5c07b76e1425d58f9e7c7418b8a071f9,2026-03-29T18:20:45Z,,Michigan St Spartans,St. John's Red Storm,fanduel,FanDuel,2026-03-27T23:00:53Z,totals,2026-03-27T23:00:53Z,Under,-108,140.5
2026-03-27T23:07:28.495271+00:00,the_odds_api,basketball_ncaab,64070095ea8b8d948abeb1c66c2a2439,2026-03-29T18:20:50Z,,Duke Blue Devils,Michigan St Spartans,fanduel,FanDuel,2026-03-27T23:00:53Z,h2h,2026-03-27T23:00:53Z,Duke Blue Devils,-235,
2026-03-27T23:07:28.495271+00:00,the_odds_api,basketball_ncaab,64070095ea8b8d948abeb1c66c2a2439,2026-03-29T18:20:50Z,,Duke Blue Devils,Michigan St Spartans,fanduel,FanDuel,2026-03-27T23:00:53Z,h2h,2026-03-27T23:00:53Z,Michigan St Spartans,190,
2026-03-27T23:07:28.495271+00:00,the_odds_api,basketball_ncaab,64070095ea8b8d948abeb1c66c2a2439,2026-03-29T18:20:50Z,,Duke Blue Devils,Michigan St Spartans,fanduel,FanDuel,2026-03-27T23:00:53Z,spreads,2026-03-27T23:00:53Z,Duke Blue Devils,-104,-6.5
2026-03-27T23:07:28.495271+00:00,the_odds_api,basketball_ncaab,64070095ea8b8d948abeb1c66c2a2439,2026-03-29T18:20:50Z,,Duke Blue Devils,Michigan St Spartans,fanduel,FanDuel,2026-03-27T23:00:53Z,spreads,2026-03-27T23:00:53Z,Michigan St Spartans,-118,6.5
2026-03-27T23:07:28.495271+00:00,the_odds_api,basketball_ncaab,64070095ea8b8d948abeb1c66c2a2439,2026-03-29T18:20:50Z,,Duke Blue Devils,Michigan St Spartans,fanduel,FanDuel,2026-03-27T23:00:53Z,totals,2026-03-27T23:00:53Z,Over,-104,137.5
2026-03-27T23:07:28.495271+00:00,the_odds_api,basketball_ncaab,64070095ea8b8d948abeb1c66c2a2439,2026-03-29T18:20:50Z,,Duke Blue Devils,Michigan St Spartans,fanduel,FanDuel,2026-03-27T23:00:53Z,totals,2026-03-27T23:00:53Z,Under,-118,137.5
2026-04-03T01:07:53.246416+00:00,the_odds_api,basketball_ncaab,930319d687992d02e211708973d066c7,2026-04-02T23:03:17Z,,Tulsa Golden Hurricane,New Mexico Lobos,fanduel,FanDuel,2026-04-03T01:04:38Z,h2h,2026-04-03T01:04:38Z,New Mexico Lobos,900,
2026-04-03T01:07:53.246416+00:00,the_odds_api,basketball_ncaab,930319d687992d02e211708973d066c7,2026-04-02T23:03:17Z,,Tulsa Golden Hurricane,New Mexico Lobos,fanduel,FanDuel,2026-04-03T01:04:38Z,h2h,2026-04-03T01:04:38Z,Tulsa Golden Hurricane,-2500,
2026-04-03T01:07:53.246416+00:00,the_odds_api,basketball_ncaab,930319d687992d02e211708973d066c7,2026-04-02T23:03:17Z,,Tulsa Golden Hurricane,New Mexico Lobos,fanduel,FanDuel,2026-04-03T01:04:38Z,spreads,2026-04-03T01:04:38Z,New Mexico Lobos,108,4.5
2026-04-03T01:07:53.246416+00:00,the_odds_api,basketball_ncaab,930319d687992d02e211708973d066c7,2026-04-02T23:03:17Z,,Tulsa Golden Hurricane,New Mexico Lobos,fanduel,FanDuel,2026-04-03T01:04:38Z,spreads,2026-04-03T01:04:38Z,Tulsa Golden Hurricane,-144,-4.5
2026-04-03T01:37:58.977495+00:00,the_odds_api,basketball_ncaab,7e161041c04af752378a72c61faa0077,2026-04-03T01:47:00Z,,Auburn Tigers,Illinois St Redbirds,betonlineag,BetOnline.ag,2026-04-03T01:37:25Z,h2h,2026-04-03T01:37:25Z,Auburn Tigers,-425,
2026-04-03T01:37:58.977495+00:00,the_odds_api,basketball_ncaab,7e161041c04af752378a72c61faa0077,2026-04-03T01:47:00Z,,Auburn Tigers,Illinois St Redbirds,betonlineag,BetOnline.ag,2026-04-03T01:37:25Z,h2h,2026-04-03T01:37:25Z,Illinois St Redbirds,334,
2026-04-03T01:37:58.977495+00:00,the_odds_api,basketball_ncaab,7e161041c04af752378a72c61faa0077,2026-04-03T01:47:00Z,,Auburn Tigers,Illinois St Redbirds,betonlineag,BetOnline.ag,2026-04-03T01:37:25Z,spreads,2026-04-03T01:37:25Z,Auburn Tigers,-110,-8.5
2026-04-03T01:37:58.977495+00:00,the_odds_api,basketball_ncaab,7e161041c04af752378a72c61faa0077,2026-04-03T01:47:00Z,,Auburn Tigers,Illinois St Redbirds,betonlineag,BetOnline.ag,2026-04-03T01:37:25Z,spreads,2026-04-03T01:37:25Z,Illinois St Redbirds,-110,8.5
2026-04-03T01:37:58.977495+00:00,the_odds_api,basketball_ncaab,7e161041c04af752378a72c61faa0077,2026-04-03T01:47:00Z,,Auburn Tigers,Illinois St Redbirds,betonlineag,BetOnline.ag,2026-04-03T01:37:25Z,totals,2026-04-03T01:37:25Z,Over,-110,149.0
2026-04-03T01:37:58.977495+00:00,the_odds_api,basketball_ncaab,7e161041c04af752378a72c61faa0077,2026-04-03T01:47:00Z,,Auburn Tigers,Illinois St Redbirds,betonlineag,BetOnline.ag,2026-04-03T01:37:25Z,totals,2026-04-03T01:37:25Z,Under,-110,149.0
2026-04-03T01:37:58.977495+00:00,the_odds_api,basketball_ncaab,7e161041c04af752378a72c61faa0077,2026-04-03T01:47:00Z,,Auburn Tigers,Illinois St Redbirds,lowvig,LowVig.ag,2026-04-03T01:37:39Z,h2h,2026-04-03T01:37:39Z,Auburn Tigers,-425,
2026-04-03T01:37:58.977495+00:00,the_odds_api,basketball_ncaab,7e161041c04af752378a72c61faa0077,2026-04-03T01:47:00Z,,Auburn Tigers,Illinois St Redbirds,lowvig,LowVig.ag,2026-04-03T01:37:39Z,h2h,2026-04-03T01:37:39Z,Illinois St Redbirds,334,
2026-04-03T01:37:58.977495+00:00,the_odds_api,basketball_ncaab,7e161041c04af752378a72c61faa0077,2026-04-03T01:47:00Z,,Auburn Tigers,Illinois St Redbirds,lowvig,LowVig.ag,2026-04-03T01:37:39Z,spreads,2026-04-03T01:37:39Z,Auburn Tigers,-106,-8.5
2026-04-03T01:37:58.977495+00:00,the_odds_api,basketball_ncaab,7e161041c04af752378a72c61faa0077,2026-04-03T01:47:00Z,,Auburn Tigers,Illinois St Redbirds,lowvig,LowVig.ag,2026-04-03T01:37:39Z,spreads,2026-04-03T01:37:39Z,Illinois St Redbirds,-106,8.5
2026-04-03T01:37:58.977495+00:00,the_odds_api,basketball_ncaab,7e161041c04af752378a72c61faa0077,2026-04-03T01:47:00Z,,Auburn Tigers,Illinois St Redbirds,lowvig,LowVig.ag,2026-04-03T01:37:39Z,totals,2026-04-03T01:37:39Z,Over,-108,149.0
2026-04-03T01:37:58.977495+00:00,the_odds_api,basketball_ncaab,7e161041c04af752378a72c61faa0077,2026-04-03T01:47:00Z,,Auburn Tigers,Illinois St Redbirds,lowvig,LowVig.ag,2026-04-03T01:37:39Z,totals,2026-04-03T01:37:39Z,Under,-108,149.0
2026-04-03T01:07:53.246416+00:00,the_odds_api,basketball_ncaab,930319d687992d02e211708973d066c7,2026-04-02T23:03:17Z,,Tulsa Golden Hurricane,New Mexico Lobos,draftkings,DraftKings,2026-04-03T01:07:40Z,spreads,2026-04-03T01:07:40Z,New Mexico Lobos,120,5.5
2026-04-03T01:07:53.246416+00:00,the_odds_api,basketball_ncaab,930319d687992d02e211708973d066c7,2026-04-02T23:03:17Z,,Tulsa Golden Hurricane,New Mexico Lobos,draftkings,DraftKings,2026-04-03T01:07:40Z,spreads,2026-04-03T01:07:40Z,Tulsa Golden Hurricane,-154,-5.5
2026-04-03T01:07:53.246416+00:00,the_odds_api,basketball_ncaab,930319d687992d02e211708973d066c7,2026-04-02T23:03:17Z,,Tulsa Golden Hurricane,New Mexico Lobos,williamhill_us,Caesars,2026-04-03T01:06:36Z,h2h,2026-04-03T01:06:36Z,New Mexico Lobos,700,
2026-04-03T01:07:53.246416+00:00,the_odds_api,basketball_ncaab,930319d687992d02e211708973d066c7,2026-04-02T23:03:17Z,,Tulsa Golden Hurricane,New Mexico Lobos,williamhill_us,Caesars,2026-04-03T01:06:36Z,h2h,2026-04-03T01:06:36Z,Tulsa Golden Hurricane,-1300,
2026-04-03T01:07:53.246416+00:00,the_odds_api,basketball_ncaab,930319d687992d02e211708973d066c7,2026-04-02T23:03:17Z,,Tulsa Golden Hurricane,New Mexico Lobos,williamhill_us,Caesars,2026-04-03T01:06:36Z,spreads,2026-04-03T01:06:36Z,New Mexico Lobos,-145,4.5
2026-04-03T01:07:53.246416+00:00,the_odds_api,basketball_ncaab,930319d687992d02e211708973d066c7,2026-04-02T23:03:17Z,,Tulsa Golden Hurricane,New Mexico Lobos,williamhill_us,Caesars,2026-04-03T01:06:36Z,spreads,2026-04-03T01:06:36Z,Tulsa Golden Hurricane,115,-4.5
2026-03-28T22:07:29.339037+00:00,the_odds_api,basketball_ncaab,930319d687992d02e211708973d066c7,2026-04-02T23:00:00Z,,New Mexico Lobos,Tulsa Golden Hurricane,bovada,Bovada,2026-03-28T22:01:53Z,h2h,2026-03-28T22:01:53Z,New Mexico Lobos,-180,
2026-03-28T22:07:29.339037+00:00,the_odds_api,basketball_ncaab,930319d687992d02e211708973d066c7,2026-04-02T23:00:00Z,,New Mexico Lobos,Tulsa Golden Hurricane,bovada,Bovada,2026-03-28T22:01:53Z,h2h,2026-03-28T22:01:53Z,Tulsa Golden Hurricane,155,
2026-03-28T22:07:29.339037+00:00,the_odds_api,basketball_ncaab,930319d687992d02e211708973d066c7,2026-04-02T23:00:00Z,,New Mexico Lobos,Tulsa Golden Hurricane,bovada,Bovada,2026-03-28T22:01:53Z,spreads,2026-03-28T22:01:53Z,New Mexico Lobos,-110,-4.0
2026-03-28T22:07:29.339037+00:00,the_odds_api,basketball_ncaab,930319d687992d02e211708973d066c7,2026-04-02T23:00:00Z,,New Mexico Lobos,Tulsa Golden Hurricane,bovada,Bovada,2026-03-28T22:01:53Z,spreads,2026-03-28T22:01:53Z,Tulsa Golden Hurricane,-110,4.0
2026-03-28T22:07:29.339037+00:00,the_odds_api,basketball_ncaab,930319d687992d02e211708973d066c7,2026-04-02T23:00:00Z,,New Mexico Lobos,Tulsa Golden Hurricane,bovada,Bovada,2026-03-28T22:01:53Z,totals,2026-03-28T22:01:53Z,Over,-110,160.5
2026-03-28T22:07:29.339037+00:00,the_odds_api,basketball_ncaab,930319d687992d02e211708973d066c7,2026-04-02T23:00:00Z,,New Mexico Lobos,Tulsa Golden Hurricane,bovada,Bovada,2026-03-28T22:01:53Z,totals,2026-03-28T22:01:53Z,Under,-110,160.5
2026-04-03T02:37:41.400461+00:00,the_odds_api,basketball_ncaab,7e161041c04af752378a72c61faa0077,2026-04-03T01:47:51Z,,Auburn Tigers,Illinois St Redbirds,fanduel,FanDuel,2026-04-03T02:37:01Z,h2h,2026-04-03T02:37:01Z,Auburn Tigers,-6000,
2026-04-03T02:37:41.400461+00:00,the_odds_api,basketball_ncaab,7e161041c04af752378a72c61faa0077,2026-04-03T01:47:51Z,,Auburn Tigers,Illinois St Redbirds,fanduel,FanDuel,2026-04-03T02:37:01Z,h2h,2026-04-03T02:37:01Z,Illinois St Redbirds,1400,
2026-04-03T02:37:41.400461+00:00,the_odds_api,basketball_ncaab,7e161041c04af752378a72c61faa0077,2026-04-03T01:47:51Z,,Auburn Tigers,Illinois St Redbirds,fanduel,FanDuel,2026-04-03T02:37:01Z,spreads,2026-04-03T02:37:01Z,Auburn Tigers,-120,-14.5
2026-04-03T02:37:41.400461+00:00,the_odds_api,basketball_ncaab,7e161041c04af752378a72c61faa0077,2026-04-03T01:47:51Z,,Auburn Tigers,Illinois St Redbirds,fanduel,FanDuel,2026-04-03T02:37:01Z,spreads,2026-04-03T02:37:01Z,Illinois St Redbirds,-110,14.5
2026-04-03T02:37:41.400461+00:00,the_odds_api,basketball_ncaab,7e161041c04af752378a72c61faa0077,2026-04-03T01:47:51Z,,Auburn Tigers,Illinois St Redbirds,fanduel,FanDuel,2026-04-03T02:37:01Z,totals,2026-04-03T02:37:01Z,Over,-114,167.5
2026-04-03T02:37:41.400461+00:00,the_odds_api,basketball_ncaab,7e161041c04af752378a72c61faa0077,2026-04-03T01:47:51Z,,Auburn Tigers,Illinois St Redbirds,fanduel,FanDuel,2026-04-03T02:37:01Z,totals,2026-04-03T02:37:01Z,Under,-114,167.5
2026-03-28T22:07:29.339037+00:00,the_odds_api,basketball_ncaab,7e161041c04af752378a72c61faa0077,2026-04-03T01:30:00Z,,Auburn Tigers,Illinois St Redbirds,bovada,Bovada,2026-03-28T22:01:53Z,h2h,2026-03-28T22:01:53Z,Auburn Tigers,-320,
2026-03-28T22:07:29.339037+00:00,the_odds_api,basketball_ncaab,7e161041c04af752378a72c61faa0077,2026-04-03T01:30:00Z,,Auburn Tigers,Illinois St Redbirds,bovada,Bovada,2026-03-28T22:01:53Z,h2h,2026-03-28T22:01:53Z,Illinois St Redbirds,260,
2026-03-28T22:07:29.339037+00:00,the_odds_api,basketball_ncaab,7e161041c04af752378a72c61faa0077,2026-04-03T01:30:00Z,,Auburn Tigers,Illinois St Redbirds,bovada,Bovada,2026-03-28T22:01:53Z,spreads,2026-03-28T22:01:53Z,Auburn Tigers,-110,-7.0
2026-03-28T22:07:29.339037+00:00,the_odds_api,basketball_ncaab,7e161041c04af752378a72c61faa0077,2026-04-03T01:30:00Z,,Auburn Tigers,Illinois St Redbirds,bovada,Bovada,2026-03-28T22:01:53Z,spreads,2026-03-28T22:01:53Z,Illinois St Redbirds,-110,7.0
2026-03-28T22:07:29.339037+00:00,the_odds_api,basketball_ncaab,7e161041c04af752378a72c61faa0077,2026-04-03T01:30:00Z,,Auburn Tigers,Illinois St Redbirds,bovada,Bovada,2026-03-28T22:01:53Z,totals,2026-03-28T22:01:53Z,Over,-110,150.0
2026-03-28T22:07:29.339037+00:00,the_odds_api,basketball_ncaab,7e161041c04af752378a72c61faa0077,2026-04-03T01:30:00Z,,Auburn Tigers,Illinois St Redbirds,bovada,Bovada,2026-03-28T22:01:53Z,totals,2026-03-28T22:01:53Z,Under,-110,150.0
2026-04-03T02:37:41.400461+00:00,the_odds_api,basketball_ncaab,7e161041c04af752378a72c61faa0077,2026-04-03T01:47:51Z,,Auburn Tigers,Illinois St Redbirds,betmgm,BetMGM,2026-04-03T02:37:12Z,h2h,2026-04-03T02:37:12Z,Auburn Tigers,-3000,
2026-04-03T02:37:41.400461+00:00,the_odds_api,basketball_ncaab,7e161041c04af752378a72c61faa0077,2026-04-03T01:47:51Z,,Auburn Tigers,Illinois St Redbirds,betmgm,BetMGM,2026-04-03T02:37:12Z,h2h,2026-04-03T02:37:12Z,Illinois St Redbirds,1050,
2026-04-03T02:37:41.400461+00:00,the_odds_api,basketball_ncaab,7e161041c04af752378a72c61faa0077,2026-04-03T01:47:51Z,,Auburn Tigers,Illinois St Redbirds,betmgm,BetMGM,2026-04-03T02:37:12Z,spreads,2026-04-03T02:37:12Z,Auburn Tigers,-125,-14.5
2026-04-03T02:37:41.400461+00:00,the_odds_api,basketball_ncaab,7e161041c04af752378a72c61faa0077,2026-04-03T01:47:51Z,,Auburn Tigers,Illinois St Redbirds,betmgm,BetMGM,2026-04-03T02:37:12Z,spreads,2026-04-03T02:37:12Z,Illinois St Redbirds,-105,14.5
2026-04-03T02:37:41.400461+00:00,the_odds_api,basketball_ncaab,7e161041c04af752378a72c61faa0077,2026-04-03T01:47:51Z,,Auburn Tigers,Illinois St Redbirds,betmgm,BetMGM,2026-04-03T02:37:12Z,totals,2026-04-03T02:37:12Z,Over,-110,166.5
2026-04-03T02:37:41.400461+00:00,the_odds_api,basketball_ncaab,7e161041c04af752378a72c61faa0077,2026-04-03T01:47:51Z,,Auburn Tigers,Illinois St Redbirds,betmgm,BetMGM,2026-04-03T02:37:12Z,totals,2026-04-03T02:37:12Z,Under,-118,166.5
2026-04-03T02:37:41.400461+00:00,the_odds_api,basketball_ncaab,7e161041c04af752378a72c61faa0077,2026-04-03T01:47:51Z,,Auburn Tigers,Illinois St Redbirds,draftkings,DraftKings,2026-04-03T02:37:12Z,h2h,2026-04-03T02:37:12Z,Auburn Tigers,-2800,
2026-04-03T02:37:41.400461+00:00,the_odds_api,basketball_ncaab,7e161041c04af752378a72c61faa0077,2026-04-03T01:47:51Z,,Auburn Tigers,Illinois St Redbirds,draftkings,DraftKings,2026-04-03T02:37:12Z,h2h,2026-04-03T02:37:12Z,Illinois St Redbirds,1200,
2026-04-03T02:37:41.400461+00:00,the_odds_api,basketball_ncaab,7e161041c04af752378a72c61faa0077,2026-04-03T01:47:51Z,,Auburn Tigers,Illinois St Redbirds,draftkings,DraftKings,2026-04-03T02:37:12Z,spreads,2026-04-03T02:37:12Z,Auburn Tigers,-120,-14.5
2026-04-03T02:37:41.400461+00:00,the_odds_api,basketball_ncaab,7e161041c04af752378a72c61faa0077,2026-04-03T01:47:51Z,,Auburn Tigers,Illinois St Redbirds,draftkings,DraftKings,2026-04-03T02:37:12Z,spreads,2026-04-03T02:37:12Z,Illinois St Redbirds,-110,14.5
2026-04-03T02:37:41.400461+00:00,the_odds_api,basketball_ncaab,7e161041c04af752378a72c61faa0077,2026-04-03T01:47:51Z,,Auburn Tigers,Illinois St Redbirds,draftkings,DraftKings,2026-04-03T02:37:12Z,totals,2026-04-03T02:37:12Z,Over,-115,166.5
2026-04-03T02:37:41.400461+00:00,the_odds_api,basketball_ncaab,7e161041c04af752378a72c61faa0077,2026-04-03T01:47:51Z,,Auburn Tigers,Illinois St Redbirds,draftkings,DraftKings,2026-04-03T02:37:12Z,totals,2026-04-03T02:37:12Z,Under,-115,166.5
2026-04-03T01:07:53.246416+00:00,the_odds_api,basketball_ncaab,930319d687992d02e211708973d066c7,2026-04-02T23:03:17Z,,Tulsa Golden Hurricane,New Mexico Lobos,betmgm,BetMGM,2026-04-03T01:06:17Z,h2h,2026-04-03T01:06:17Z,New Mexico Lobos,825,
2026-04-03T01:07:53.246416+00:00,the_odds_api,basketball_ncaab,930319d687992d02e211708973d066c7,2026-04-02T23:03:17Z,,Tulsa Golden Hurricane,New Mexico Lobos,betmgm,BetMGM,2026-04-03T01:06:17Z,h2h,2026-04-03T01:06:17Z,Tulsa Golden Hurricane,-2000,
2026-04-03T01:07:53.246416+00:00,the_odds_api,basketball_ncaab,930319d687992d02e211708973d066c7,2026-04-02T23:03:17Z,,Tulsa Golden Hurricane,New Mexico Lobos,betmgm,BetMGM,2026-04-03T01:06:17Z,spreads,2026-04-03T01:06:17Z,New Mexico Lobos,-125,3.5
2026-04-03T01:07:53.246416+00:00,the_odds_api,basketball_ncaab,930319d687992d02e211708973d066c7,2026-04-02T23:03:17Z,,Tulsa Golden Hurricane,New Mexico Lobos,betmgm,BetMGM,2026-04-03T01:06:17Z,spreads,2026-04-03T01:06:17Z,Tulsa Golden Hurricane,-105,-3.5
2026-03-29T00:37:40.836667+00:00,the_odds_api,basketball_ncaab,ad862e3e6452856177edb4d763ef9df9,2026-03-28T22:10:08Z,,Illinois Fighting Illini,Iowa Hawkeyes,draftkings,DraftKings,2026-03-29T00:26:58Z,spreads,2026-03-29T00:26:58Z,Illinois Fighting Illini,-160,-10.5
2026-03-29T00:37:40.836667+00:00,the_odds_api,basketball_ncaab,ad862e3e6452856177edb4d763ef9df9,2026-03-28T22:10:08Z,,Illinois Fighting Illini,Iowa Hawkeyes,draftkings,DraftKings,2026-03-29T00:26:58Z,spreads,2026-03-29T00:26:58Z,Iowa Hawkeyes,124,10.5
2026-03-29T00:37:40.836667+00:00,the_odds_api,basketball_ncaab,ad862e3e6452856177edb4d763ef9df9,2026-03-28T22:10:08Z,,Illinois Fighting Illini,Iowa Hawkeyes,betmgm,BetMGM,2026-03-29T00:26:02Z,h2h,2026-03-29T00:26:02Z,Illinois Fighting Illini,-10000,
2026-03-29T00:37:40.836667+00:00,the_odds_api,basketball_ncaab,ad862e3e6452856177edb4d763ef9df9,2026-03-28T22:10:08Z,,Illinois Fighting Illini,Iowa Hawkeyes,betmgm,BetMGM,2026-03-29T00:26:02Z,h2h,2026-03-29T00:26:02Z,Iowa Hawkeyes,3300,
2026-03-29T00:37:40.836667+00:00,the_odds_api,basketball_ncaab,ad862e3e6452856177edb4d763ef9df9,2026-03-28T22:10:08Z,,Illinois Fighting Illini,Iowa Hawkeyes,betmgm,BetMGM,2026-03-29T00:26:02Z,spreads,2026-03-29T00:26:02Z,Illinois Fighting Illini,-125,-9.5
2026-03-29T00:37:40.836667+00:00,the_odds_api,basketball_ncaab,ad862e3e6452856177edb4d763ef9df9,2026-03-28T22:10:08Z,,Illinois Fighting Illini,Iowa Hawkeyes,betmgm,BetMGM,2026-03-29T00:26:02Z,spreads,2026-03-29T00:26:02Z,Iowa Hawkeyes,-105,9.5
2026-03-29T00:37:40.836667+00:00,the_odds_api,basketball_ncaab,ad862e3e6452856177edb4d763ef9df9,2026-03-28T22:10:08Z,,Illinois Fighting Illini,Iowa Hawkeyes,betmgm,BetMGM,2026-03-29T00:26:02Z,totals,2026-03-29T00:26:02Z,Over,100,133.5
2026-03-29T00:37:40.836667+00:00,the_odds_api,basketball_ncaab,ad862e3e6452856177edb4d763ef9df9,2026-03-28T22:10:08Z,,Illinois Fighting Illini,Iowa Hawkeyes,betmgm,BetMGM,2026-03-29T00:26:02Z,totals,2026-03-29T00:26:02Z,Under,-130,133.5
2026-03-28T22:07:29.339037+00:00,the_odds_api,basketball_ncaab,ad862e3e6452856177edb4d763ef9df9,2026-03-28T22:09:00Z,,Illinois Fighting Illini,Iowa Hawkeyes,betonlineag,BetOnline.ag,2026-03-28T22:07:09Z,h2h,2026-03-28T22:07:09Z,Illinois Fighting Illini,-355,
2026-03-28T22:07:29.339037+00:00,the_odds_api,basketball_ncaab,ad862e3e6452856177edb4d763ef9df9,2026-03-28T22:09:00Z,,Illinois Fighting Illini,Iowa Hawkeyes,betonlineag,BetOnline.ag,2026-03-28T22:07:09Z,h2h,2026-03-28T22:07:09Z,Iowa Hawkeyes,285,
2026-03-28T22:07:29.339037+00:00,the_odds_api,basketball_ncaab,ad862e3e6452856177edb4d763ef9df9,2026-03-28T22:09:00Z,,Illinois Fighting Illini,Iowa Hawkeyes,betonlineag,BetOnline.ag,2026-03-28T22:07:09Z,spreads,2026-03-28T22:07:09Z,Illinois Fighting Illini,-112,-7.0
2026-03-28T22:07:29.339037+00:00,the_odds_api,basketball_ncaab,ad862e3e6452856177edb4d763ef9df9,2026-03-28T22:09:00Z,,Illinois Fighting Illini,Iowa Hawkeyes,betonlineag,BetOnline.ag,2026-03-28T22:07:09Z,spreads,2026-03-28T22:07:09Z,Iowa Hawkeyes,-108,7.0
2026-03-28T22:07:29.339037+00:00,the_odds_api,basketball_ncaab,ad862e3e6452856177edb4d763ef9df9,2026-03-28T22:09:00Z,,Illinois Fighting Illini,Iowa Hawkeyes,betonlineag,BetOnline.ag,2026-03-28T22:07:09Z,totals,2026-03-28T22:07:09Z,Over,-110,139.0
2026-03-28T22:07:29.339037+00:00,the_odds_api,basketball_ncaab,ad862e3e6452856177edb4d763ef9df9,2026-03-28T22:09:00Z,,Illinois Fighting Illini,Iowa Hawkeyes,betonlineag,BetOnline.ag,2026-03-28T22:07:09Z,totals,2026-03-28T22:07:09Z,Under,-110,139.0
2026-03-28T22:07:29.339037+00:00,the_odds_api,basketball_ncaab,ad862e3e6452856177edb4d763ef9df9,2026-03-28T22:09:00Z,,Illinois Fighting Illini,Iowa Hawkeyes,lowvig,LowVig.ag,2026-03-28T22:06:24Z,h2h,2026-03-28T22:06:24Z,Illinois Fighting Illini,-355,
2026-03-28T22:07:29.339037+00:00,the_odds_api,basketball_ncaab,ad862e3e6452856177edb4d763ef9df9,2026-03-28T22:09:00Z,,Illinois Fighting Illini,Iowa Hawkeyes,lowvig,LowVig.ag,2026-03-28T22:06:24Z,h2h,2026-03-28T22:06:24Z,Iowa Hawkeyes,285,
2026-03-28T22:07:29.339037+00:00,the_odds_api,basketball_ncaab,ad862e3e6452856177edb4d763ef9df9,2026-03-28T22:09:00Z,,Illinois Fighting Illini,Iowa Hawkeyes,lowvig,LowVig.ag,2026-03-28T22:06:24Z,spreads,2026-03-28T22:06:24Z,Illinois Fighting Illini,-108,-7.0
2026-03-28T22:07:29.339037+00:00,the_odds_api,basketball_ncaab,ad862e3e6452856177edb4d763ef9df9,2026-03-28T22:09:00Z,,Illinois Fighting Illini,Iowa Hawkeyes,lowvig,LowVig.ag,2026-03-28T22:06:24Z,spreads,2026-03-28T22:06:24Z,Iowa Hawkeyes,-104,7.0
2026-03-28T22:07:29.339037+00:00,the_odds_api,basketball_ncaab,ad862e3e6452856177edb4d763ef9df9,2026-03-28T22:09:00Z,,Illinois Fighting Illini,Iowa Hawkeyes,lowvig,LowVig.ag,2026-03-28T22:06:24Z,totals,2026-03-28T22:06:24Z,Over,-108,139.0
2026-03-28T22:07:29.339037+00:00,the_odds_api,basketball_ncaab,ad862e3e6452856177edb4d763ef9df9,2026-03-28T22:09:00Z,,Illinois Fighting Illini,Iowa Hawkeyes,lowvig,LowVig.ag,2026-03-28T22:06:24Z,totals,2026-03-28T22:06:24Z,Under,-108,139.0
2026-03-29T00:07:33.062748+00:00,the_odds_api,basketball_ncaab,ad862e3e6452856177edb4d763ef9df9,2026-03-28T22:10:08Z,,Illinois Fighting Illini,Iowa Hawkeyes,betrivers,BetRivers,2026-03-29T00:07:14Z,h2h,2026-03-29T00:07:14Z,Illinois Fighting Illini,-1667,
2026-03-29T00:07:33.062748+00:00,the_odds_api,basketball_ncaab,ad862e3e6452856177edb4d763ef9df9,2026-03-28T22:10:08Z,,Illinois Fighting Illini,Iowa Hawkeyes,betrivers,BetRivers,2026-03-29T00:07:14Z,h2h,2026-03-29T00:07:14Z,Iowa Hawkeyes,700,
2026-03-29T00:07:33.062748+00:00,the_odds_api,basketball_ncaab,ad862e3e6452856177edb4d763ef9df9,2026-03-28T22:10:08Z,,Illinois Fighting Illini,Iowa Hawkeyes,betrivers,BetRivers,2026-03-29T00:07:14Z,spreads,2026-03-29T00:07:14Z,Illinois Fighting Illini,-125,-6.0
2026-03-29T00:07:33.062748+00:00,the_odds_api,basketball_ncaab,ad862e3e6452856177edb4d763ef9df9,2026-03-28T22:10:08Z,,Illinois Fighting Illini,Iowa Hawkeyes,betrivers,BetRivers,2026-03-29T00:07:14Z,spreads,2026-03-29T00:07:14Z,Iowa Hawkeyes,-113,6.0
2026-03-29T00:07:33.062748+00:00,the_odds_api,basketball_ncaab,ad862e3e6452856177edb4d763ef9df9,2026-03-28T22:10:08Z,,Illinois Fighting Illini,Iowa Hawkeyes,betrivers,BetRivers,2026-03-29T00:07:14Z,totals,2026-03-29T00:07:14Z,Over,-124,131.5
2026-03-29T00:07:33.062748+00:00,the_odds_api,basketball_ncaab,ad862e3e6452856177edb4d763ef9df9,2026-03-28T22:10:08Z,,Illinois Fighting Illini,Iowa Hawkeyes,betrivers,BetRivers,2026-03-29T00:07:14Z,totals,2026-03-29T00:07:14Z,Under,-115,131.5
2026-03-29T00:37:40.836667+00:00,the_odds_api,basketball_ncaab,ad862e3e6452856177edb4d763ef9df9,2026-03-28T22:10:08Z,,Illinois Fighting Illini,Iowa Hawkeyes,fanatics,Fanatics,2026-03-29T00:26:59Z,spreads,2026-03-29T00:26:59Z,Illinois Fighting Illini,115,-11.5
2026-03-29T00:37:40.836667+00:00,the_odds_api,basketball_ncaab,ad862e3e6452856177edb4d763ef9df9,2026-03-28T22:10:08Z,,Illinois Fighting Illini,Iowa Hawkeyes,fanatics,Fanatics,2026-03-29T00:26:59Z,spreads,2026-03-29T00:26:59Z,Iowa Hawkeyes,-150,11.5
2026-03-29T00:37:40.836667+00:00,the_odds_api,basketball_ncaab,ad862e3e6452856177edb4d763ef9df9,2026-03-28T22:10:08Z,,Illinois Fighting Illini,Iowa Hawkeyes,mybookieag,MyBookie.ag,2026-03-29T00:26:47Z,h2h,2026-03-29T00:26:47Z,Illinois Fighting Illini,-1667,
2026-03-29T00:37:40.836667+00:00,the_odds_api,basketball_ncaab,ad862e3e6452856177edb4d763ef9df9,2026-03-28T22:10:08Z,,Illinois Fighting Illini,Iowa Hawkeyes,mybookieag,MyBookie.ag,2026-03-29T00:26:47Z,h2h,2026-03-29T00:26:47Z,Iowa Hawkeyes,625,
2026-03-29T00:37:40.836667+00:00,the_odds_api,basketball_ncaab,ad862e3e6452856177edb4d763ef9df9,2026-03-28T22:10:08Z,,Illinois Fighting Illini,Iowa Hawkeyes,mybookieag,MyBookie.ag,2026-03-29T00:26:47Z,spreads,2026-03-29T00:26:47Z,Illinois Fighting Illini,100,-5.5
2026-03-29T00:37:40.836667+00:00,the_odds_api,basketball_ncaab,ad862e3e6452856177edb4d763ef9df9,2026-03-28T22:10:08Z,,Illinois Fighting Illini,Iowa Hawkeyes,mybookieag,MyBookie.ag,2026-03-29T00:26:47Z,spreads,2026-03-29T00:26:47Z,Iowa Hawkeyes,-143,5.5
2026-03-29T00:07:33.062748+00:00,the_odds_api,basketball_ncaab,ad862e3e6452856177edb4d763ef9df9,2026-03-28T22:10:08Z,,Illinois Fighting Illini,Iowa Hawkeyes,bovada,Bovada,2026-03-29T00:05:40Z,h2h,2026-03-29T00:05:40Z,Illinois Fighting Illini,-460,
2026-03-29T00:07:33.062748+00:00,the_odds_api,basketball_ncaab,ad862e3e6452856177edb4d763ef9df9,2026-03-28T22:10:08Z,,Illinois Fighting Illini,Iowa Hawkeyes,bovada,Bovada,2026-03-29T00:05:40Z,h2h,2026-03-29T00:05:40Z,Iowa Hawkeyes,305,
2026-03-29T00:07:33.062748+00:00,the_odds_api,basketball_ncaab,ad862e3e6452856177edb4d763ef9df9,2026-03-28T22:10:08Z,,Illinois Fighting Illini,Iowa Hawkeyes,bovada,Bovada,2026-03-29T00:05:40Z,spreads,2026-03-29T00:05:40Z,Illinois Fighting Illini,-105,-5.0
2026-03-29T00:07:33.062748+00:00,the_odds_api,basketball_ncaab,ad862e3e6452856177edb4d763ef9df9,2026-03-28T22:10:08Z,,Illinois Fighting Illini,Iowa Hawkeyes,bovada,Bovada,2026-03-29T00:05:40Z,spreads,2026-03-29T00:05:40Z,Iowa Hawkeyes,-125,5.0
2026-03-29T00:07:33.062748+00:00,the_odds_api,basketball_ncaab,ad862e3e6452856177edb4d763ef9df9,2026-03-28T22:10:08Z,,Illinois Fighting Illini,Iowa Hawkeyes,bovada,Bovada,2026-03-29T00:05:40Z,totals,2026-03-29T00:05:40Z,Over,-120,132.0
2026-03-29T00:07:33.062748+00:00,the_odds_api,basketball_ncaab,ad862e3e6452856177edb4d763ef9df9,2026-03-28T22:10:08Z,,Illinois Fighting Illini,Iowa Hawkeyes,bovada,Bovada,2026-03-29T00:05:40Z,totals,2026-03-29T00:05:40Z,Under,-110,132.0
2026-03-29T02:37:32.742354+00:00,the_odds_api,basketball_ncaab,b8f1c265896037786f17893bf5c3df0d,2026-03-29T00:59:56Z,,Arizona Wildcats,Purdue Boilermakers,draftkings,DraftKings,2026-03-29T02:36:57Z,h2h,2026-03-29T02:36:57Z,Arizona Wildcats,-660,
2026-03-29T02:37:32.742354+00:00,the_odds_api,basketball_ncaab,b8f1c265896037786f17893bf5c3df0d,2026-03-29T00:59:56Z,,Arizona Wildcats,Purdue Boilermakers,draftkings,DraftKings,2026-03-29T02:36:57Z,h2h,2026-03-29T02:36:57Z,Purdue Boilermakers,420,
2026-03-29T02:37:32.742354+00:00,the_odds_api,basketball_ncaab,b8f1c265896037786f17893bf5c3df0d,2026-03-29T00:59:56Z,,Arizona Wildcats,Purdue Boilermakers,draftkings,DraftKings,2026-03-29T02:36:57Z,spreads,2026-03-29T02:36:57Z,Arizona Wildcats,-110,-7.5
2026-03-29T02:37:32.742354+00:00,the_odds_api,basketball_ncaab,b8f1c265896037786f17893bf5c3df0d,2026-03-29T00:59:56Z,,Arizona Wildcats,Purdue Boilermakers,draftkings,DraftKings,2026-03-29T02:36:57Z,spreads,2026-03-29T02:36:57Z,Purdue Boilermakers,-120,7.5
2026-03-29T02:37:32.742354+00:00,the_odds_api,basketball_ncaab,b8f1c265896037786f17893bf5c3df0d,2026-03-29T00:59:56Z,,Arizona Wildcats,Purdue Boilermakers,draftkings,DraftKings,2026-03-29T02:36:57Z,totals,2026-03-29T02:36:57Z,Over,-110,146.5
2026-03-29T02:37:32.742354+00:00,the_odds_api,basketball_ncaab,b8f1c265896037786f17893bf5c3df0d,2026-03-29T00:59:56Z,,Arizona Wildcats,Purdue Boilermakers,draftkings,DraftKings,2026-03-29T02:36:57Z,totals,2026-03-29T02:36:57Z,Under,-120,146.5
2026-03-29T02:37:32.742354+00:00,the_odds_api,basketball_ncaab,b8f1c265896037786f17893bf5c3df0d,2026-03-29T00:59:56Z,,Arizona Wildcats,Purdue Boilermakers,betmgm,BetMGM,2026-03-29T02:35:29Z,h2h,2026-03-29T02:35:29Z,Arizona Wildcats,-1100,
2026-03-29T02:37:32.742354+00:00,the_odds_api,basketball_ncaab,b8f1c265896037786f17893bf5c3df0d,2026-03-29T00:59:56Z,,Arizona Wildcats,Purdue Boilermakers,betmgm,BetMGM,2026-03-29T02:35:29Z,h2h,2026-03-29T02:35:29Z,Purdue Boilermakers,625,
2026-03-29T02:37:32.742354+00:00,the_odds_api,basketball_ncaab,b8f1c265896037786f17893bf5c3df0d,2026-03-29T00:59:56Z,,Arizona Wildcats,Purdue Boilermakers,betmgm,BetMGM,2026-03-29T02:35:29Z,spreads,2026-03-29T02:35:29Z,Arizona Wildcats,-110,-8.5
2026-03-29T02:37:32.742354+00:00,the_odds_api,basketball_ncaab,b8f1c265896037786f17893bf5c3df0d,2026-03-29T00:59:56Z,,Arizona Wildcats,Purdue Boilermakers,betmgm,BetMGM,2026-03-29T02:35:29Z,spreads,2026-03-29T02:35:29Z,Purdue Boilermakers,-115,8.5
2026-03-29T02:37:32.742354+00:00,the_odds_api,basketball_ncaab,b8f1c265896037786f17893bf5c3df0d,2026-03-29T00:59:56Z,,Arizona Wildcats,Purdue Boilermakers,betmgm,BetMGM,2026-03-29T02:35:29Z,totals,2026-03-29T02:35:29Z,Over,-105,146.5
2026-03-29T02:37:32.742354+00:00,the_odds_api,basketball_ncaab,b8f1c265896037786f17893bf5c3df0d,2026-03-29T00:59:56Z,,Arizona Wildcats,Purdue Boilermakers,betmgm,BetMGM,2026-03-29T02:35:29Z,totals,2026-03-29T02:35:29Z,Under,-125,146.5
2026-03-29T01:07:42.536552+00:00,the_odds_api,basketball_ncaab,b8f1c265896037786f17893bf5c3df0d,2026-03-29T00:59:56Z,,Arizona Wildcats,Purdue Boilermakers,lowvig,LowVig.ag,2026-03-29T01:00:51Z,h2h,2026-03-29T01:00:51Z,Arizona Wildcats,-275,
2026-03-29T01:07:42.536552+00:00,the_odds_api,basketball_ncaab,b8f1c265896037786f17893bf5c3df0d,2026-03-29T00:59:56Z,,Arizona Wildcats,Purdue Boilermakers,lowvig,LowVig.ag,2026-03-29T01:00:51Z,h2h,2026-03-29T01:00:51Z,Purdue Boilermakers,226,
2026-03-29T01:07:42.536552+00:00,the_odds_api,basketball_ncaab,b8f1c265896037786f17893bf5c3df0d,2026-03-29T00:59:56Z,,Arizona Wildcats,Purdue Boilermakers,lowvig,LowVig.ag,2026-03-29T01:00:51Z,spreads,2026-03-29T01:00:51Z,Arizona Wildcats,-109,-5.0
2026-03-29T01:07:42.536552+00:00,the_odds_api,basketball_ncaab,b8f1c265896037786f17893bf5c3df0d,2026-03-29T00:59:56Z,,Arizona Wildcats,Purdue Boilermakers,lowvig,LowVig.ag,2026-03-29T01:00:51Z,spreads,2026-03-29T01:00:51Z,Purdue Boilermakers,-103,5.0
2026-03-29T01:07:42.536552+00:00,the_odds_api,basketball_ncaab,b8f1c265896037786f17893bf5c3df0d,2026-03-29T00:59:56Z,,Arizona Wildcats,Purdue Boilermakers,lowvig,LowVig.ag,2026-03-29T01:00:51Z,totals,2026-03-29T01:00:51Z,Over,-105,153.0
2026-03-29T01:07:42.536552+00:00,the_odds_api,basketball_ncaab,b8f1c265896037786f17893bf5c3df0d,2026-03-29T00:59:56Z,,Arizona Wildcats,Purdue Boilermakers,lowvig,LowVig.ag,2026-03-29T01:00:51Z,totals,2026-03-29T01:00:51Z,Under,-111,153.0
2026-03-29T01:07:42.536552+00:00,the_odds_api,basketball_ncaab,b8f1c265896037786f17893bf5c3df0d,2026-03-29T00:59:56Z,,Arizona Wildcats,Purdue Boilermakers,betonlineag,BetOnline.ag,2026-03-29T01:00:02Z,h2h,2026-03-29T01:00:01Z,Arizona Wildcats,-275,
2026-03-29T01:07:42.536552+00:00,the_odds_api,basketball_ncaab,b8f1c265896037786f17893bf5c3df0d,2026-03-29T00:59:56Z,,Arizona Wildcats,Purdue Boilermakers,betonlineag,BetOnline.ag,2026-03-29T01:00:02Z,h2h,2026-03-29T01:00:01Z,Purdue Boilermakers,226,
2026-03-29T01:07:42.536552+00:00,the_odds_api,basketball_ncaab,b8f1c265896037786f17893bf5c3df0d,2026-03-29T00:59:56Z,,Arizona Wildcats,Purdue Boilermakers,betonlineag,BetOnline.ag,2026-03-29T01:00:02Z,spreads,2026-03-29T01:00:01Z,Arizona Wildcats,-110,-5.0
2026-03-29T01:07:42.536552+00:00,the_odds_api,basketball_ncaab,b8f1c265896037786f17893bf5c3df0d,2026-03-29T00:59:56Z,,Arizona Wildcats,Purdue Boilermakers,betonlineag,BetOnline.ag,2026-03-29T01:00:02Z,spreads,2026-03-29T01:00:01Z,Purdue Boilermakers,-110,5.0
2026-03-29T01:07:42.536552+00:00,the_odds_api,basketball_ncaab,b8f1c265896037786f17893bf5c3df0d,2026-03-29T00:59:56Z,,Arizona Wildcats,Purdue Boilermakers,betonlineag,BetOnline.ag,2026-03-29T01:00:02Z,totals,2026-03-29T01:00:01Z,Over,-107,153.0
2026-03-29T01:07:42.536552+00:00,the_odds_api,basketball_ncaab,b8f1c265896037786f17893bf5c3df0d,2026-03-29T00:59:56Z,,Arizona Wildcats,Purdue Boilermakers,betonlineag,BetOnline.ag,2026-03-29T01:00:02Z,totals,2026-03-29T01:00:01Z,Under,-113,153.0
2026-03-29T02:37:32.742354+00:00,the_odds_api,basketball_ncaab,b8f1c265896037786f17893bf5c3df0d,2026-03-29T00:59:56Z,,Arizona Wildcats,Purdue Boilermakers,betrivers,BetRivers,2026-03-29T02:37:08Z,h2h,2026-03-29T02:37:08Z,Arizona Wildcats,-1115,
2026-03-29T02:37:32.742354+00:00,the_odds_api,basketball_ncaab,b8f1c265896037786f17893bf5c3df0d,2026-03-29T00:59:56Z,,Arizona Wildcats,Purdue Boilermakers,betrivers,BetRivers,2026-03-29T02:37:08Z,h2h,2026-03-29T02:37:08Z,Purdue Boilermakers,540,
2026-03-29T02:37:32.742354+00:00,the_odds_api,basketball_ncaab,b8f1c265896037786f17893bf5c3df0d,2026-03-29T00:59:56Z,,Arizona Wildcats,Purdue Boilermakers,betrivers,BetRivers,2026-03-29T02:37:08Z,spreads,2026-03-29T02:37:08Z,Arizona Wildcats,-114,-7.5
2026-03-29T02:37:32.742354+00:00,the_odds_api,basketball_ncaab,b8f1c265896037786f17893bf5c3df0d,2026-03-29T00:59:56Z,,Arizona Wildcats,Purdue Boilermakers,betrivers,BetRivers,2026-03-29T02:37:08Z,spreads,2026-03-29T02:37:08Z,Purdue Boilermakers,-124,7.5
2026-03-29T02:37:32.742354+00:00,the_odds_api,basketball_ncaab,b8f1c265896037786f17893bf5c3df0d,2026-03-29T00:59:56Z,,Arizona Wildcats,Purdue Boilermakers,betrivers,BetRivers,2026-03-29T02:37:08Z,totals,2026-03-29T02:37:08Z,Over,-115,146.0
2026-03-29T02:37:32.742354+00:00,the_odds_api,basketball_ncaab,b8f1c265896037786f17893bf5c3df0d,2026-03-29T00:59:56Z,,Arizona Wildcats,Purdue Boilermakers,betrivers,BetRivers,2026-03-29T02:37:08Z,totals,2026-03-29T02:37:08Z,Under,-124,146.0
2026-03-29T02:37:32.742354+00:00,the_odds_api,basketball_ncaab,b8f1c265896037786f17893bf5c3df0d,2026-03-29T00:59:56Z,,Arizona Wildcats,Purdue Boilermakers,williamhill_us,Caesars,2026-03-29T02:36:30Z,h2h,2026-03-29T02:36:30Z,Arizona Wildcats,-550,
2026-03-29T02:37:32.742354+00:00,the_odds_api,basketball_ncaab,b8f1c265896037786f17893bf5c3df0d,2026-03-29T00:59:56Z,,Arizona Wildcats,Purdue Boilermakers,williamhill_us,Caesars,2026-03-29T02:36:30Z,h2h,2026-03-29T02:36:30Z,Purdue Boilermakers,380,
2026-03-29T02:37:32.742354+00:00,the_odds_api,basketball_ncaab,b8f1c265896037786f17893bf5c3df0d,2026-03-29T00:59:56Z,,Arizona Wildcats,Purdue Boilermakers,williamhill_us,Caesars,2026-03-29T02:36:30Z,spreads,2026-03-29T02:36:30Z,Arizona Wildcats,-125,-6.5
2026-03-29T02:37:32.742354+00:00,the_odds_api,basketball_ncaab,b8f1c265896037786f17893bf5c3df0d,2026-03-29T00:59:56Z,,Arizona Wildcats,Purdue Boilermakers,williamhill_us,Caesars,2026-03-29T02:36:30Z,spreads,2026-03-29T02:36:30Z,Purdue Boilermakers,-105,6.5
2026-03-29T02:37:32.742354+00:00,the_odds_api,basketball_ncaab,b8f1c265896037786f17893bf5c3df0d,2026-03-29T00:59:56Z,,Arizona Wildcats,Purdue Boilermakers,williamhill_us,Caesars,2026-03-29T02:36:30Z,totals,2026-03-29T02:36:30Z,Over,-110,147.5
2026-03-29T02:37:32.742354+00:00,the_odds_api,basketball_ncaab,b8f1c265896037786f17893bf5c3df0d,2026-03-29T00:59:56Z,,Arizona Wildcats,Purdue Boilermakers,williamhill_us,Caesars,2026-03-29T02:36:30Z,totals,2026-03-29T02:36:30Z,Under,-120,147.5
2026-03-29T02:37:32.742354+00:00,the_odds_api,basketball_ncaab,b8f1c265896037786f17893bf5c3df0d,2026-03-29T00:59:56Z,,Arizona Wildcats,Purdue Boilermakers,fanatics,Fanatics,2026-03-29T02:36:25Z,h2h,2026-03-29T02:36:25Z,Arizona Wildcats,-700,
2026-03-29T02:37:32.742354+00:00,the_odds_api,basketball_ncaab,b8f1c265896037786f17893bf5c3df0d,2026-03-29T00:59:56Z,,Arizona Wildcats,Purdue Boilermakers,fanatics,Fanatics,2026-03-29T02:36:25Z,h2h,2026-03-29T02:36:25Z,Purdue Boilermakers,425,
2026-03-29T02:37:32.742354+00:00,the_odds_api,basketball_ncaab,b8f1c265896037786f17893bf5c3df0d,2026-03-29T00:59:56Z,,Arizona Wildcats,Purdue Boilermakers,fanatics,Fanatics,2026-03-29T02:36:25Z,spreads,2026-03-29T02:36:25Z,Arizona Wildcats,-115,-7.5
2026-03-29T02:37:32.742354+00:00,the_odds_api,basketball_ncaab,b8f1c265896037786f17893bf5c3df0d,2026-03-29T00:59:56Z,,Arizona Wildcats,Purdue Boilermakers,fanatics,Fanatics,2026-03-29T02:36:25Z,spreads,2026-03-29T02:36:25Z,Purdue Boilermakers,-115,7.5
2026-03-29T02:37:32.742354+00:00,the_odds_api,basketball_ncaab,b8f1c265896037786f17893bf5c3df0d,2026-03-29T00:59:56Z,,Arizona Wildcats,Purdue Boilermakers,fanatics,Fanatics,2026-03-29T02:36:25Z,totals,2026-03-29T02:36:25Z,Over,-105,145.5
2026-03-29T02:37:32.742354+00:00,the_odds_api,basketball_ncaab,b8f1c265896037786f17893bf5c3df0d,2026-03-29T00:59:56Z,,Arizona Wildcats,Purdue Boilermakers,fanatics,Fanatics,2026-03-29T02:36:25Z,totals,2026-03-29T02:36:25Z,Under,-125,145.5
2026-03-29T02:37:32.742354+00:00,the_odds_api,basketball_ncaab,b8f1c265896037786f17893bf5c3df0d,2026-03-29T00:59:56Z,,Arizona Wildcats,Purdue Boilermakers,mybookieag,MyBookie.ag,2026-03-29T02:35:51Z,h2h,2026-03-29T02:35:51Z,Arizona Wildcats,-1111,
2026-03-29T02:37:32.742354+00:00,the_odds_api,basketball_ncaab,b8f1c265896037786f17893bf5c3df0d,2026-03-29T00:59:56Z,,Arizona Wildcats,Purdue Boilermakers,mybookieag,MyBookie.ag,2026-03-29T02:35:51Z,h2h,2026-03-29T02:35:51Z,Purdue Boilermakers,500,
2026-03-29T02:37:32.742354+00:00,the_odds_api,basketball_ncaab,b8f1c265896037786f17893bf5c3df0d,2026-03-29T00:59:56Z,,Arizona Wildcats,Purdue Boilermakers,mybookieag,MyBookie.ag,2026-03-29T02:35:51Z,spreads,2026-03-29T02:35:51Z,Arizona Wildcats,-111,-8.5
2026-03-29T02:37:32.742354+00:00,the_odds_api,basketball_ncaab,b8f1c265896037786f17893bf5c3df0d,2026-03-29T00:59:56Z,,Arizona Wildcats,Purdue Boilermakers,mybookieag,MyBookie.ag,2026-03-29T02:35:51Z,spreads,2026-03-29T02:35:51Z,Purdue Boilermakers,-125,8.5
2026-03-29T02:37:32.742354+00:00,the_odds_api,basketball_ncaab,b8f1c265896037786f17893bf5c3df0d,2026-03-29T00:59:56Z,,Arizona Wildcats,Purdue Boilermakers,mybookieag,MyBookie.ag,2026-03-29T02:35:51Z,totals,2026-03-29T02:35:51Z,Over,-118,146.5
2026-03-29T02:37:32.742354+00:00,the_odds_api,basketball_ncaab,b8f1c265896037786f17893bf5c3df0d,2026-03-29T00:59:56Z,,Arizona Wildcats,Purdue Boilermakers,mybookieag,MyBookie.ag,2026-03-29T02:35:51Z,totals,2026-03-29T02:35:51Z,Under,-118,146.5
2026-03-29T02:37:32.742354+00:00,the_odds_api,basketball_ncaab,b8f1c265896037786f17893bf5c3df0d,2026-03-29T00:59:56Z,,Arizona Wildcats,Purdue Boilermakers,bovada,Bovada,2026-03-29T02:35:57Z,h2h,2026-03-29T02:35:57Z,Arizona Wildcats,-1000,
2026-03-29T02:37:32.742354+00:00,the_odds_api,basketball_ncaab,b8f1c265896037786f17893bf5c3df0d,2026-03-29T00:59:56Z,,Arizona Wildcats,Purdue Boilermakers,bovada,Bovada,2026-03-29T02:35:57Z,h2h,2026-03-29T02:35:57Z,Purdue Boilermakers,550,
2026-03-29T02:37:32.742354+00:00,the_odds_api,basketball_ncaab,b8f1c265896037786f17893bf5c3df0d,2026-03-29T00:59:56Z,,Arizona Wildcats,Purdue Boilermakers,bovada,Bovada,2026-03-29T02:35:57Z,spreads,2026-03-29T02:35:57Z,Arizona Wildcats,-115,-7.5
2026-03-29T02:37:32.742354+00:00,the_odds_api,basketball_ncaab,b8f1c265896037786f17893bf5c3df0d,2026-03-29T00:59:56Z,,Arizona Wildcats,Purdue Boilermakers,bovada,Bovada,2026-03-29T02:35:57Z,spreads,2026-03-29T02:35:57Z,Purdue Boilermakers,-115,7.5
2026-03-29T02:37:32.742354+00:00,the_odds_api,basketball_ncaab,b8f1c265896037786f17893bf5c3df0d,2026-03-29T00:59:56Z,,Arizona Wildcats,Purdue Boilermakers,bovada,Bovada,2026-03-29T02:35:57Z,totals,2026-03-29T02:35:57Z,Over,-115,146.0
2026-03-29T02:37:32.742354+00:00,the_odds_api,basketball_ncaab,b8f1c265896037786f17893bf5c3df0d,2026-03-29T00:59:56Z,,Arizona Wildcats,Purdue Boilermakers,bovada,Bovada,2026-03-29T02:35:57Z,totals,2026-03-29T02:35:57Z,Under,-115,146.0
2026-03-28T22:07:29.339037+00:00,the_odds_api,basketball_ncaab,ad862e3e6452856177edb4d763ef9df9,2026-03-28T22:09:00Z,,Illinois Fighting Illini,Iowa Hawkeyes,betus,BetUS,2026-03-28T22:07:09Z,h2h,2026-03-28T22:07:09Z,Illinois Fighting Illini,-355,
2026-03-28T22:07:29.339037+00:00,the_odds_api,basketball_ncaab,ad862e3e6452856177edb4d763ef9df9,2026-03-28T22:09:00Z,,Illinois Fighting Illini,Iowa Hawkeyes,betus,BetUS,2026-03-28T22:07:09Z,h2h,2026-03-28T22:07:09Z,Iowa Hawkeyes,285,
2026-03-28T22:07:29.339037+00:00,the_odds_api,basketball_ncaab,ad862e3e6452856177edb4d763ef9df9,2026-03-28T22:09:00Z,,Illinois Fighting Illini,Iowa Hawkeyes,betus,BetUS,2026-03-28T22:07:09Z,spreads,2026-03-28T22:07:09Z,Illinois Fighting Illini,-110,-7.0
2026-03-28T22:07:29.339037+00:00,the_odds_api,basketball_ncaab,ad862e3e6452856177edb4d763ef9df9,2026-03-28T22:09:00Z,,Illinois Fighting Illini,Iowa Hawkeyes,betus,BetUS,2026-03-28T22:07:09Z,spreads,2026-03-28T22:07:09Z,Iowa Hawkeyes,-110,7.0
2026-03-28T22:07:29.339037+00:00,the_odds_api,basketball_ncaab,ad862e3e6452856177edb4d763ef9df9,2026-03-28T22:09:00Z,,Illinois Fighting Illini,Iowa Hawkeyes,betus,BetUS,2026-03-28T22:07:09Z,totals,2026-03-28T22:07:09Z,Over,-110,138.5
2026-03-28T22:07:29.339037+00:00,the_odds_api,basketball_ncaab,ad862e3e6452856177edb4d763ef9df9,2026-03-28T22:09:00Z,,Illinois Fighting Illini,Iowa Hawkeyes,betus,BetUS,2026-03-28T22:07:09Z,totals,2026-03-28T22:07:09Z,Under,-110,138.5
2026-03-29T01:07:42.536552+00:00,the_odds_api,basketball_ncaab,b8f1c265896037786f17893bf5c3df0d,2026-03-29T00:59:56Z,,Arizona Wildcats,Purdue Boilermakers,betus,BetUS,2026-03-29T00:58:09Z,h2h,2026-03-29T00:58:09Z,Arizona Wildcats,-275,
2026-03-29T01:07:42.536552+00:00,the_odds_api,basketball_ncaab,b8f1c265896037786f17893bf5c3df0d,2026-03-29T00:59:56Z,,Arizona Wildcats,Purdue Boilermakers,betus,BetUS,2026-03-29T00:58:09Z,h2h,2026-03-29T00:58:09Z,Purdue Boilermakers,230,
2026-03-29T01:07:42.536552+00:00,the_odds_api,basketball_ncaab,b8f1c265896037786f17893bf5c3df0d,2026-03-29T00:59:56Z,,Arizona Wildcats,Purdue Boilermakers,betus,BetUS,2026-03-29T00:58:09Z,spreads,2026-03-29T00:58:09Z,Arizona Wildcats,-110,-5.0
2026-03-29T01:07:42.536552+00:00,the_odds_api,basketball_ncaab,b8f1c265896037786f17893bf5c3df0d,2026-03-29T00:59:56Z,,Arizona Wildcats,Purdue Boilermakers,betus,BetUS,2026-03-29T00:58:09Z,spreads,2026-03-29T00:58:09Z,Purdue Boilermakers,-110,5.0
2026-03-29T01:07:42.536552+00:00,the_odds_api,basketball_ncaab,b8f1c265896037786f17893bf5c3df0d,2026-03-29T00:59:56Z,,Arizona Wildcats,Purdue Boilermakers,betus,BetUS,2026-03-29T00:58:09Z,totals,2026-03-29T00:58:09Z,Over,-105,153.0
2026-03-29T01:07:42.536552+00:00,the_odds_api,basketball_ncaab,b8f1c265896037786f17893bf5c3df0d,2026-03-29T00:59:56Z,,Arizona Wildcats,Purdue Boilermakers,betus,BetUS,2026-03-29T00:58:09Z,totals,2026-03-29T00:58:09Z,Under,-115,153.0
2026-04-02T00:08:11.890538+00:00,the_odds_api,basketball_ncaab,c16c0d972e1c9ed5e2190c74f1a17079,2026-04-02T00:00:00Z,,Colorado Buffaloes,Oklahoma Sooners,betus,BetUS,2026-04-01T23:59:55Z,h2h,2026-04-01T23:59:55Z,Colorado Buffaloes,330,
2026-04-02T00:08:11.890538+00:00,the_odds_api,basketball_ncaab,c16c0d972e1c9ed5e2190c74f1a17079,2026-04-02T00:00:00Z,,Colorado Buffaloes,Oklahoma Sooners,betus,BetUS,2026-04-01T23:59:55Z,h2h,2026-04-01T23:59:55Z,Oklahoma Sooners,-420,
2026-04-02T00:08:11.890538+00:00,the_odds_api,basketball_ncaab,c16c0d972e1c9ed5e2190c74f1a17079,2026-04-02T00:00:00Z,,Colorado Buffaloes,Oklahoma Sooners,betus,BetUS,2026-04-01T23:59:55Z,spreads,2026-04-01T23:59:55Z,Colorado Buffaloes,-110,9.0
2026-04-02T00:08:11.890538+00:00,the_odds_api,basketball_ncaab,c16c0d972e1c9ed5e2190c74f1a17079,2026-04-02T00:00:00Z,,Colorado Buffaloes,Oklahoma Sooners,betus,BetUS,2026-04-01T23:59:55Z,spreads,2026-04-01T23:59:55Z,Oklahoma Sooners,-110,-9.0
2026-04-02T00:08:11.890538+00:00,the_odds_api,basketball_ncaab,c16c0d972e1c9ed5e2190c74f1a17079,2026-04-02T00:00:00Z,,Colorado Buffaloes,Oklahoma Sooners,betus,BetUS,2026-04-01T23:59:55Z,totals,2026-04-01T23:59:55Z,Over,-110,162.5
2026-04-02T00:08:11.890538+00:00,the_odds_api,basketball_ncaab,c16c0d972e1c9ed5e2190c74f1a17079,2026-04-02T00:00:00Z,,Colorado Buffaloes,Oklahoma Sooners,betus,BetUS,2026-04-01T23:59:55Z,totals,2026-04-01T23:59:55Z,Under,-110,162.5
2026-04-02T00:08:11.890538+00:00,the_odds_api,basketball_ncaab,6f0765b4c7ea31444ec8a23fb86e6648,2026-04-02T02:30:00Z,,Minnesota Golden Gophers,Baylor Bears,betus,BetUS,2026-04-02T00:07:36Z,h2h,2026-04-02T00:07:36Z,Baylor Bears,-170,
2026-04-02T00:08:11.890538+00:00,the_odds_api,basketball_ncaab,6f0765b4c7ea31444ec8a23fb86e6648,2026-04-02T02:30:00Z,,Minnesota Golden Gophers,Baylor Bears,betus,BetUS,2026-04-02T00:07:36Z,h2h,2026-04-02T00:07:36Z,Minnesota Golden Gophers,146,
2026-04-02T00:08:11.890538+00:00,the_odds_api,basketball_ncaab,6f0765b4c7ea31444ec8a23fb86e6648,2026-04-02T02:30:00Z,,Minnesota Golden Gophers,Baylor Bears,betus,BetUS,2026-04-02T00:07:36Z,spreads,2026-04-02T00:07:36Z,Baylor Bears,-110,-3.5
2026-04-02T00:08:11.890538+00:00,the_odds_api,basketball_ncaab,6f0765b4c7ea31444ec8a23fb86e6648,2026-04-02T02:30:00Z,,Minnesota Golden Gophers,Baylor Bears,betus,BetUS,2026-04-02T00:07:36Z,spreads,2026-04-02T00:07:36Z,Minnesota Golden Gophers,-110,3.5
2026-04-02T00:08:11.890538+00:00,the_odds_api,basketball_ncaab,6f0765b4c7ea31444ec8a23fb86e6648,2026-04-02T02:30:00Z,,Minnesota Golden Gophers,Baylor Bears,betus,BetUS,2026-04-02T00:07:36Z,totals,2026-04-02T00:07:36Z,Over,-110,147.5
2026-04-02T00:08:11.890538+00:00,the_odds_api,basketball_ncaab,6f0765b4c7ea31444ec8a23fb86e6648,2026-04-02T02:30:00Z,,Minnesota Golden Gophers,Baylor Bears,betus,BetUS,2026-04-02T00:07:36Z,totals,2026-04-02T00:07:36Z,Under,-110,147.5
2026-04-02T23:08:00.036509+00:00,the_odds_api,basketball_ncaab,930319d687992d02e211708973d066c7,2026-04-02T23:03:17Z,,Tulsa Golden Hurricane,New Mexico Lobos,betus,BetUS,2026-04-02T22:59:25Z,h2h,2026-04-02T22:59:25Z,New Mexico Lobos,-155,
2026-04-02T23:08:00.036509+00:00,the_odds_api,basketball_ncaab,930319d687992d02e211708973d066c7,2026-04-02T23:03:17Z,,Tulsa Golden Hurricane,New Mexico Lobos,betus,BetUS,2026-04-02T22:59:25Z,h2h,2026-04-02T22:59:25Z,Tulsa Golden Hurricane,134,
2026-04-02T23:08:00.036509+00:00,the_odds_api,basketball_ncaab,930319d687992d02e211708973d066c7,2026-04-02T23:03:17Z,,Tulsa Golden Hurricane,New Mexico Lobos,betus,BetUS,2026-04-02T22:59:25Z,spreads,2026-04-02T22:59:25Z,New Mexico Lobos,-110,-2.5
2026-04-02T23:08:00.036509+00:00,the_odds_api,basketball_ncaab,930319d687992d02e211708973d066c7,2026-04-02T23:03:17Z,,Tulsa Golden Hurricane,New Mexico Lobos,betus,BetUS,2026-04-02T22:59:25Z,spreads,2026-04-02T22:59:25Z,Tulsa Golden Hurricane,-110,2.5
2026-04-02T23:08:00.036509+00:00,the_odds_api,basketball_ncaab,930319d687992d02e211708973d066c7,2026-04-02T23:03:17Z,,Tulsa Golden Hurricane,New Mexico Lobos,betus,BetUS,2026-04-02T22:59:25Z,totals,2026-04-02T22:59:25Z,Over,-110,161.0
2026-04-02T23:08:00.036509+00:00,the_odds_api,basketball_ncaab,930319d687992d02e211708973d066c7,2026-04-02T23:03:17Z,,Tulsa Golden Hurricane,New Mexico Lobos,betus,BetUS,2026-04-02T22:59:25Z,totals,2026-04-02T22:59:25Z,Under,-110,161.0
2026-04-03T00:07:44.968495+00:00,the_odds_api,basketball_ncaab,9bcb056972126771a4d79b063cdb1a6c,2026-04-03T00:05:00Z,,West Virginia Mountaineers,Stanford Cardinal,betus,BetUS,2026-04-03T00:04:17Z,h2h,2026-04-03T00:04:17Z,Stanford Cardinal,115,
2026-04-03T00:07:44.968495+00:00,the_odds_api,basketball_ncaab,9bcb056972126771a4d79b063cdb1a6c,2026-04-03T00:05:00Z,,West Virginia Mountaineers,Stanford Cardinal,betus,BetUS,2026-04-03T00:04:17Z,h2h,2026-04-03T00:04:17Z,West Virginia Mountaineers,-135,
2026-04-03T00:07:44.968495+00:00,the_odds_api,basketball_ncaab,9bcb056972126771a4d79b063cdb1a6c,2026-04-03T00:05:00Z,,West Virginia Mountaineers,Stanford Cardinal,betus,BetUS,2026-04-03T00:04:17Z,spreads,2026-04-03T00:04:17Z,Stanford Cardinal,-110,2.5
2026-04-03T00:07:44.968495+00:00,the_odds_api,basketball_ncaab,9bcb056972126771a4d79b063cdb1a6c,2026-04-03T00:05:00Z,,West Virginia Mountaineers,Stanford Cardinal,betus,BetUS,2026-04-03T00:04:17Z,spreads,2026-04-03T00:04:17Z,West Virginia Mountaineers,-110,-2.5
2026-04-03T00:07:44.968495+00:00,the_odds_api,basketball_ncaab,9bcb056972126771a4d79b063cdb1a6c,2026-04-03T00:05:00Z,,West Virginia Mountaineers,Stanford Cardinal,betus,BetUS,2026-04-03T00:04:17Z,totals,2026-04-03T00:04:17Z,Over,-110,136.0
2026-04-03T00:07:44.968495+00:00,the_odds_api,basketball_ncaab,9bcb056972126771a4d79b063cdb1a6c,2026-04-03T00:05:00Z,,West Virginia Mountaineers,Stanford Cardinal,betus,BetUS,2026-04-03T00:04:17Z,totals,2026-04-03T00:04:17Z,Under,-110,136.0
2026-04-03T01:37:58.977495+00:00,the_odds_api,basketball_ncaab,7e161041c04af752378a72c61faa0077,2026-04-03T01:47:00Z,,Auburn Tigers,Illinois St Redbirds,betus,BetUS,2026-04-03T01:37:14Z,h2h,2026-04-03T01:37:14Z,Auburn Tigers,-425,
2026-04-03T01:37:58.977495+00:00,the_odds_api,basketball_ncaab,7e161041c04af752378a72c61faa0077,2026-04-03T01:47:00Z,,Auburn Tigers,Illinois St Redbirds,betus,BetUS,2026-04-03T01:37:14Z,h2h,2026-04-03T01:37:14Z,Illinois St Redbirds,333,
2026-04-03T01:37:58.977495+00:00,the_odds_api,basketball_ncaab,7e161041c04af752378a72c61faa0077,2026-04-03T01:47:00Z,,Auburn Tigers,Illinois St Redbirds,betus,BetUS,2026-04-03T01:37:14Z,spreads,2026-04-03T01:37:14Z,Auburn Tigers,-110,-8.5
2026-04-03T01:37:58.977495+00:00,the_odds_api,basketball_ncaab,7e161041c04af752378a72c61faa0077,2026-04-03T01:47:00Z,,Auburn Tigers,Illinois St Redbirds,betus,BetUS,2026-04-03T01:37:14Z,spreads,2026-04-03T01:37:14Z,Illinois St Redbirds,-110,8.5
2026-04-03T01:37:58.977495+00:00,the_odds_api,basketball_ncaab,7e161041c04af752378a72c61faa0077,2026-04-03T01:47:00Z,,Auburn Tigers,Illinois St Redbirds,betus,BetUS,2026-04-03T01:37:14Z,totals,2026-04-03T01:37:14Z,Over,-110,149.0
2026-04-03T01:37:58.977495+00:00,the_odds_api,basketball_ncaab,7e161041c04af752378a72c61faa0077,2026-04-03T01:47:00Z,,Auburn Tigers,Illinois St Redbirds,betus,BetUS,2026-04-03T01:37:14Z,totals,2026-04-03T01:37:14Z,Under,-110,149.0
2026-04-03T02:37:41.400461+00:00,the_odds_api,basketball_ncaab,afb08eee9f956db45e4f8c8249b5af8f,2026-04-03T02:53:00Z,,Creighton Bluejays,Rutgers Scarlet Knights,betus,BetUS,2026-04-03T02:37:01Z,h2h,2026-04-03T02:37:01Z,Creighton Bluejays,-205,
2026-04-03T02:37:41.400461+00:00,the_odds_api,basketball_ncaab,afb08eee9f956db45e4f8c8249b5af8f,2026-04-03T02:53:00Z,,Creighton Bluejays,Rutgers Scarlet Knights,betus,BetUS,2026-04-03T02:37:01Z,h2h,2026-04-03T02:37:01Z,Rutgers Scarlet Knights,175,
2026-04-03T02:37:41.400461+00:00,the_odds_api,basketball_ncaab,afb08eee9f956db45e4f8c8249b5af8f,2026-04-03T02:53:00Z,,Creighton Bluejays,Rutgers Scarlet Knights,betus,BetUS,2026-04-03T02:37:01Z,spreads,2026-04-03T02:37:01Z,Creighton Bluejays,-110,-5.0
2026-04-03T02:37:41.400461+00:00,the_odds_api,basketball_ncaab,afb08eee9f956db45e4f8c8249b5af8f,2026-04-03T02:53:00Z,,Creighton Bluejays,Rutgers Scarlet Knights,betus,BetUS,2026-04-03T02:37:01Z,spreads,2026-04-03T02:37:01Z,Rutgers Scarlet Knights,-110,5.0
2026-04-03T02:37:41.400461+00:00,the_odds_api,basketball_ncaab,afb08eee9f956db45e4f8c8249b5af8f,2026-04-03T02:53:00Z,,Creighton Bluejays,Rutgers Scarlet Knights,betus,BetUS,2026-04-03T02:37:01Z,totals,2026-04-03T02:37:01Z,Over,-110,151.5
2026-04-03T02:37:41.400461+00:00,the_odds_api,basketball_ncaab,afb08eee9f956db45e4f8c8249b5af8f,2026-04-03T02:53:00Z,,Creighton Bluejays,Rutgers Scarlet Knights,betus,BetUS,2026-04-03T02:37:01Z,totals,2026-04-03T02:37:01Z,Under,-110,151.5
2026-03-29T20:38:33.417593+00:00,the_odds_api,basketball_ncaab,766f36b45d2f1fe972b4314b8fb077e4,2026-03-29T18:15:53Z,,Michigan Wolverines,Tennessee Volunteers,draftkings,DraftKings,2026-03-29T20:34:49Z,spreads,2026-03-29T20:34:49Z,Michigan Wolverines,-115,-32.5
2026-03-29T20:38:33.417593+00:00,the_odds_api,basketball_ncaab,766f36b45d2f1fe972b4314b8fb077e4,2026-03-29T18:15:53Z,,Michigan Wolverines,Tennessee Volunteers,draftkings,DraftKings,2026-03-29T20:34:49Z,spreads,2026-03-29T20:34:49Z,Tennessee Volunteers,-115,32.5
2026-03-29T20:38:33.417593+00:00,the_odds_api,basketball_ncaab,766f36b45d2f1fe972b4314b8fb077e4,2026-03-29T18:15:53Z,,Michigan Wolverines,Tennessee Volunteers,betrivers,BetRivers,2026-03-29T20:35:14Z,spreads,2026-03-29T20:35:14Z,Michigan Wolverines,-108,-33.0
2026-03-29T20:38:33.417593+00:00,the_odds_api,basketball_ncaab,766f36b45d2f1fe972b4314b8fb077e4,2026-03-29T18:15:53Z,,Michigan Wolverines,Tennessee Volunteers,betrivers,BetRivers,2026-03-29T20:35:14Z,spreads,2026-03-29T20:35:14Z,Tennessee Volunteers,-132,33.0
2026-03-29T20:38:33.417593+00:00,the_odds_api,basketball_ncaab,766f36b45d2f1fe972b4314b8fb077e4,2026-03-29T18:15:53Z,,Michigan Wolverines,Tennessee Volunteers,fanatics,Fanatics,2026-03-29T20:36:10Z,spreads,2026-03-29T20:36:10Z,Michigan Wolverines,-145,-29.5
2026-03-29T20:38:33.417593+00:00,the_odds_api,basketball_ncaab,766f36b45d2f1fe972b4314b8fb077e4,2026-03-29T18:15:53Z,,Michigan Wolverines,Tennessee Volunteers,fanatics,Fanatics,2026-03-29T20:36:10Z,spreads,2026-03-29T20:36:10Z,Tennessee Volunteers,120,29.5
2026-03-29T18:08:10.135170+00:00,the_odds_api,basketball_ncaab,766f36b45d2f1fe972b4314b8fb077e4,2026-03-29T18:15:00Z,,Michigan Wolverines,Tennessee Volunteers,betonlineag,BetOnline.ag,2026-03-29T18:08:05Z,h2h,2026-03-29T18:08:05Z,Michigan Wolverines,-425,
2026-03-29T18:08:10.135170+00:00,the_odds_api,basketball_ncaab,766f36b45d2f1fe972b4314b8fb077e4,2026-03-29T18:15:00Z,,Michigan Wolverines,Tennessee Volunteers,betonlineag,BetOnline.ag,2026-03-29T18:08:05Z,h2h,2026-03-29T18:08:05Z,Tennessee Volunteers,334,
2026-03-29T18:08:10.135170+00:00,the_odds_api,basketball_ncaab,766f36b45d2f1fe972b4314b8fb077e4,2026-03-29T18:15:00Z,,Michigan Wolverines,Tennessee Volunteers,betonlineag,BetOnline.ag,2026-03-29T18:08:05Z,spreads,2026-03-29T18:08:05Z,Michigan Wolverines,-105,-8.0
2026-03-29T18:08:10.135170+00:00,the_odds_api,basketball_ncaab,766f36b45d2f1fe972b4314b8fb077e4,2026-03-29T18:15:00Z,,Michigan Wolverines,Tennessee Volunteers,betonlineag,BetOnline.ag,2026-03-29T18:08:05Z,spreads,2026-03-29T18:08:05Z,Tennessee Volunteers,-115,8.0
2026-03-29T18:08:10.135170+00:00,the_odds_api,basketball_ncaab,766f36b45d2f1fe972b4314b8fb077e4,2026-03-29T18:15:00Z,,Michigan Wolverines,Tennessee Volunteers,betonlineag,BetOnline.ag,2026-03-29T18:08:05Z,totals,2026-03-29T18:08:05Z,Over,-108,146.0
2026-03-29T18:08:10.135170+00:00,the_odds_api,basketball_ncaab,766f36b45d2f1fe972b4314b8fb077e4,2026-03-29T18:15:00Z,,Michigan Wolverines,Tennessee Volunteers,betonlineag,BetOnline.ag,2026-03-29T18:08:05Z,totals,2026-03-29T18:08:05Z,Under,-112,146.0
2026-03-29T18:08:10.135170+00:00,the_odds_api,basketball_ncaab,766f36b45d2f1fe972b4314b8fb077e4,2026-03-29T18:15:00Z,,Michigan Wolverines,Tennessee Volunteers,lowvig,LowVig.ag,2026-03-29T18:07:07Z,h2h,2026-03-29T18:07:07Z,Michigan Wolverines,-425,
2026-03-29T18:08:10.135170+00:00,the_odds_api,basketball_ncaab,766f36b45d2f1fe972b4314b8fb077e4,2026-03-29T18:15:00Z,,Michigan Wolverines,Tennessee Volunteers,lowvig,LowVig.ag,2026-03-29T18:07:07Z,h2h,2026-03-29T18:07:07Z,Tennessee Volunteers,334,
2026-03-29T18:08:10.135170+00:00,the_odds_api,basketball_ncaab,766f36b45d2f1fe972b4314b8fb077e4,2026-03-29T18:15:00Z,,Michigan Wolverines,Tennessee Volunteers,lowvig,LowVig.ag,2026-03-29T18:07:07Z,spreads,2026-03-29T18:07:07Z,Michigan Wolverines,-101,-8.0
2026-03-29T18:08:10.135170+00:00,the_odds_api,basketball_ncaab,766f36b45d2f1fe972b4314b8fb077e4,2026-03-29T18:15:00Z,,Michigan Wolverines,Tennessee Volunteers,lowvig,LowVig.ag,2026-03-29T18:07:07Z,spreads,2026-03-29T18:07:07Z,Tennessee Volunteers,-111,8.0
2026-03-29T18:08:10.135170+00:00,the_odds_api,basketball_ncaab,766f36b45d2f1fe972b4314b8fb077e4,2026-03-29T18:15:00Z,,Michigan Wolverines,Tennessee Volunteers,lowvig,LowVig.ag,2026-03-29T18:07:07Z,totals,2026-03-29T18:07:07Z,Over,-106,146.0
2026-03-29T18:08:10.135170+00:00,the_odds_api,basketball_ncaab,766f36b45d2f1fe972b4314b8fb077e4,2026-03-29T18:15:00Z,,Michigan Wolverines,Tennessee Volunteers,lowvig,LowVig.ag,2026-03-29T18:07:07Z,totals,2026-03-29T18:07:07Z,Under,-110,146.0
2026-03-29T20:38:33.417593+00:00,the_odds_api,basketball_ncaab,766f36b45d2f1fe972b4314b8fb077e4,2026-03-29T18:15:53Z,,Michigan Wolverines,Tennessee Volunteers,betmgm,BetMGM,2026-03-29T20:35:14Z,spreads,2026-03-29T20:35:14Z,Michigan Wolverines,-102,-33.5
2026-03-29T20:38:33.417593+00:00,the_odds_api,basketball_ncaab,766f36b45d2f1fe972b4314b8fb077e4,2026-03-29T18:15:53Z,,Michigan Wolverines,Tennessee Volunteers,betmgm,BetMGM,2026-03-29T20:35:14Z,spreads,2026-03-29T20:35:14Z,Tennessee Volunteers,-130,33.5
2026-03-29T20:38:33.417593+00:00,the_odds_api,basketball_ncaab,766f36b45d2f1fe972b4314b8fb077e4,2026-03-29T18:15:53Z,,Michigan Wolverines,Tennessee Volunteers,williamhill_us,Caesars,2026-03-29T20:37:31Z,spreads,2026-03-29T20:37:31Z,Michigan Wolverines,215,-33.5
2026-03-29T20:38:33.417593+00:00,the_odds_api,basketball_ncaab,766f36b45d2f1fe972b4314b8fb077e4,2026-03-29T18:15:53Z,,Michigan Wolverines,Tennessee Volunteers,williamhill_us,Caesars,2026-03-29T20:37:31Z,spreads,2026-03-29T20:37:31Z,Tennessee Volunteers,-280,33.5
2026-03-29T20:38:33.417593+00:00,the_odds_api,basketball_ncaab,766f36b45d2f1fe972b4314b8fb077e4,2026-03-29T18:15:53Z,,Michigan Wolverines,Tennessee Volunteers,bovada,Bovada,2026-03-29T20:32:29Z,spreads,2026-03-29T20:32:29Z,Michigan Wolverines,-105,-31.0
2026-03-29T20:38:33.417593+00:00,the_odds_api,basketball_ncaab,766f36b45d2f1fe972b4314b8fb077e4,2026-03-29T18:15:53Z,,Michigan Wolverines,Tennessee Volunteers,bovada,Bovada,2026-03-29T20:32:29Z,spreads,2026-03-29T20:32:29Z,Tennessee Volunteers,-125,31.0
2026-03-29T20:38:33.417593+00:00,the_odds_api,basketball_ncaab,766f36b45d2f1fe972b4314b8fb077e4,2026-03-29T18:15:53Z,,Michigan Wolverines,Tennessee Volunteers,mybookieag,MyBookie.ag,2026-03-29T20:36:54Z,spreads,2026-03-29T20:36:54Z,Michigan Wolverines,-111,-32.5
2026-03-29T20:38:33.417593+00:00,the_odds_api,basketball_ncaab,766f36b45d2f1fe972b4314b8fb077e4,2026-03-29T18:15:53Z,,Michigan Wolverines,Tennessee Volunteers,mybookieag,MyBookie.ag,2026-03-29T20:36:54Z,spreads,2026-03-29T20:36:54Z,Tennessee Volunteers,-125,32.5
2026-03-29T23:07:51.516982+00:00,the_odds_api,basketball_ncaab,b346eca1f4e19fa882dc963610acbf1b,2026-03-29T21:06:55Z,,Duke Blue Devils,UConn Huskies,draftkings,DraftKings,2026-03-29T23:07:27Z,h2h,2026-03-29T23:07:27Z,Duke Blue Devils,-360,
2026-03-29T23:07:51.516982+00:00,the_odds_api,basketball_ncaab,b346eca1f4e19fa882dc963610acbf1b,2026-03-29T21:06:55Z,,Duke Blue Devils,UConn Huskies,draftkings,DraftKings,2026-03-29T23:07:27Z,h2h,2026-03-29T23:07:27Z,UConn Huskies,260,
2026-03-29T23:07:51.516982+00:00,the_odds_api,basketball_ncaab,b346eca1f4e19fa882dc963610acbf1b,2026-03-29T21:06:55Z,,Duke Blue Devils,UConn Huskies,draftkings,DraftKings,2026-03-29T23:07:27Z,spreads,2026-03-29T23:07:27Z,Duke Blue Devils,-120,-3.5
2026-03-29T23:07:51.516982+00:00,the_odds_api,basketball_ncaab,b346eca1f4e19fa882dc963610acbf1b,2026-03-29T21:06:55Z,,Duke Blue Devils,UConn Huskies,draftkings,DraftKings,2026-03-29T23:07:27Z,spreads,2026-03-29T23:07:27Z,UConn Huskies,-110,3.5
2026-03-29T23:07:51.516982+00:00,the_odds_api,basketball_ncaab,b346eca1f4e19fa882dc963610acbf1b,2026-03-29T21:06:55Z,,Duke Blue Devils,UConn Huskies,draftkings,DraftKings,2026-03-29T23:07:27Z,totals,2026-03-29T23:07:27Z,Over,-115,149.5
2026-03-29T23:07:51.516982+00:00,the_odds_api,basketball_ncaab,b346eca1f4e19fa882dc963610acbf1b,2026-03-29T21:06:55Z,,Duke Blue Devils,UConn Huskies,draftkings,DraftKings,2026-03-29T23:07:27Z,totals,2026-03-29T23:07:27Z,Under,-115,149.5
2026-03-29T21:08:10.699442+00:00,the_odds_api,basketball_ncaab,b346eca1f4e19fa882dc963610acbf1b,2026-03-29T21:06:55Z,,Duke Blue Devils,UConn Huskies,lowvig,LowVig.ag,2026-03-29T21:06:45Z,h2h,2026-03-29T21:06:45Z,Duke Blue Devils,-215,
2026-03-29T21:08:10.699442+00:00,the_odds_api,basketball_ncaab,b346eca1f4e19fa882dc963610acbf1b,2026-03-29T21:06:55Z,,Duke Blue Devils,UConn Huskies,lowvig,LowVig.ag,2026-03-29T21:06:45Z,h2h,2026-03-29T21:06:45Z,UConn Huskies,183,
2026-03-29T21:08:10.699442+00:00,the_odds_api,basketball_ncaab,b346eca1f4e19fa882dc963610acbf1b,2026-03-29T21:06:55Z,,Duke Blue Devils,UConn Huskies,lowvig,LowVig.ag,2026-03-29T21:06:45Z,spreads,2026-03-29T21:06:45Z,Duke Blue Devils,-110,-4.5
2026-03-29T21:08:10.699442+00:00,the_odds_api,basketball_ncaab,b346eca1f4e19fa882dc963610acbf1b,2026-03-29T21:06:55Z,,Duke Blue Devils,UConn Huskies,lowvig,LowVig.ag,2026-03-29T21:06:45Z,spreads,2026-03-29T21:06:45Z,UConn Huskies,-102,4.5
2026-03-29T21:08:10.699442+00:00,the_odds_api,basketball_ncaab,b346eca1f4e19fa882dc963610acbf1b,2026-03-29T21:06:55Z,,Duke Blue Devils,UConn Huskies,lowvig,LowVig.ag,2026-03-29T21:06:45Z,totals,2026-03-29T21:06:45Z,Over,-111,135.0
2026-03-29T21:08:10.699442+00:00,the_odds_api,basketball_ncaab,b346eca1f4e19fa882dc963610acbf1b,2026-03-29T21:06:55Z,,Duke Blue Devils,UConn Huskies,lowvig,LowVig.ag,2026-03-29T21:06:45Z,totals,2026-03-29T21:06:45Z,Under,-105,135.0
2026-03-29T21:08:10.699442+00:00,the_odds_api,basketball_ncaab,b346eca1f4e19fa882dc963610acbf1b,2026-03-29T21:06:55Z,,Duke Blue Devils,UConn Huskies,betonlineag,BetOnline.ag,2026-03-29T21:07:10Z,h2h,2026-03-29T21:07:10Z,Duke Blue Devils,-215,
2026-03-29T21:08:10.699442+00:00,the_odds_api,basketball_ncaab,b346eca1f4e19fa882dc963610acbf1b,2026-03-29T21:06:55Z,,Duke Blue Devils,UConn Huskies,betonlineag,BetOnline.ag,2026-03-29T21:07:10Z,h2h,2026-03-29T21:07:10Z,UConn Huskies,183,
2026-03-29T21:08:10.699442+00:00,the_odds_api,basketball_ncaab,b346eca1f4e19fa882dc963610acbf1b,2026-03-29T21:06:55Z,,Duke Blue Devils,UConn Huskies,betonlineag,BetOnline.ag,2026-03-29T21:07:10Z,spreads,2026-03-29T21:07:10Z,Duke Blue Devils,-110,-4.5
2026-03-29T21:08:10.699442+00:00,the_odds_api,basketball_ncaab,b346eca1f4e19fa882dc963610acbf1b,2026-03-29T21:06:55Z,,Duke Blue Devils,UConn Huskies,betonlineag,BetOnline.ag,2026-03-29T21:07:10Z,spreads,2026-03-29T21:07:10Z,UConn Huskies,-110,4.5
2026-03-29T21:08:10.699442+00:00,the_odds_api,basketball_ncaab,b346eca1f4e19fa882dc963610acbf1b,2026-03-29T21:06:55Z,,Duke Blue Devils,UConn Huskies,betonlineag,BetOnline.ag,2026-03-29T21:07:10Z,totals,2026-03-29T21:07:10Z,Over,-113,135.0
2026-03-29T21:08:10.699442+00:00,the_odds_api,basketball_ncaab,b346eca1f4e19fa882dc963610acbf1b,2026-03-29T21:06:55Z,,Duke Blue Devils,UConn Huskies,betonlineag,BetOnline.ag,2026-03-29T21:07:10Z,totals,2026-03-29T21:07:10Z,Under,-107,135.0
2026-03-29T23:07:51.516982+00:00,the_odds_api,basketball_ncaab,b346eca1f4e19fa882dc963610acbf1b,2026-03-29T21:06:55Z,,Duke Blue Devils,UConn Huskies,williamhill_us,Caesars,2026-03-29T23:05:41Z,h2h,2026-03-29T23:05:41Z,Duke Blue Devils,-260,
2026-03-29T23:07:51.516982+00:00,the_odds_api,basketball_ncaab,b346eca1f4e19fa882dc963610acbf1b,2026-03-29T21:06:55Z,,Duke Blue Devils,UConn Huskies,williamhill_us,Caesars,2026-03-29T23:05:41Z,h2h,2026-03-29T23:05:41Z,UConn Huskies,200,
2026-03-29T23:07:51.516982+00:00,the_odds_api,basketball_ncaab,b346eca1f4e19fa882dc963610acbf1b,2026-03-29T21:06:55Z,,Duke Blue Devils,UConn Huskies,williamhill_us,Caesars,2026-03-29T23:05:41Z,spreads,2026-03-29T23:05:41Z,Duke Blue Devils,-105,-3.5
2026-03-29T23:07:51.516982+00:00,the_odds_api,basketball_ncaab,b346eca1f4e19fa882dc963610acbf1b,2026-03-29T21:06:55Z,,Duke Blue Devils,UConn Huskies,williamhill_us,Caesars,2026-03-29T23:05:41Z,spreads,2026-03-29T23:05:41Z,UConn Huskies,-125,3.5
2026-03-29T23:07:51.516982+00:00,the_odds_api,basketball_ncaab,b346eca1f4e19fa882dc963610acbf1b,2026-03-29T21:06:55Z,,Duke Blue Devils,UConn Huskies,williamhill_us,Caesars,2026-03-29T23:05:41Z,totals,2026-03-29T23:05:41Z,Over,-120,148.5
2026-03-29T23:07:51.516982+00:00,the_odds_api,basketball_ncaab,b346eca1f4e19fa882dc963610acbf1b,2026-03-29T21:06:55Z,,Duke Blue Devils,UConn Huskies,williamhill_us,Caesars,2026-03-29T23:05:41Z,totals,2026-03-29T23:05:41Z,Under,-110,148.5
2026-03-29T23:07:51.516982+00:00,the_odds_api,basketball_ncaab,b346eca1f4e19fa882dc963610acbf1b,2026-03-29T21:06:55Z,,Duke Blue Devils,UConn Huskies,bovada,Bovada,2026-03-29T23:02:26Z,h2h,2026-03-29T23:02:26Z,Duke Blue Devils,-1600,
2026-03-29T23:07:51.516982+00:00,the_odds_api,basketball_ncaab,b346eca1f4e19fa882dc963610acbf1b,2026-03-29T21:06:55Z,,Duke Blue Devils,UConn Huskies,bovada,Bovada,2026-03-29T23:02:26Z,h2h,2026-03-29T23:02:26Z,UConn Huskies,750,
2026-03-29T23:07:51.516982+00:00,the_odds_api,basketball_ncaab,b346eca1f4e19fa882dc963610acbf1b,2026-03-29T21:06:55Z,,Duke Blue Devils,UConn Huskies,bovada,Bovada,2026-03-29T23:02:26Z,spreads,2026-03-29T23:02:26Z,Duke Blue Devils,-115,-7.5
2026-03-29T23:07:51.516982+00:00,the_odds_api,basketball_ncaab,b346eca1f4e19fa882dc963610acbf1b,2026-03-29T21:06:55Z,,Duke Blue Devils,UConn Huskies,bovada,Bovada,2026-03-29T23:02:26Z,spreads,2026-03-29T23:02:26Z,UConn Huskies,-115,7.5
2026-03-29T23:07:51.516982+00:00,the_odds_api,basketball_ncaab,b346eca1f4e19fa882dc963610acbf1b,2026-03-29T21:06:55Z,,Duke Blue Devils,UConn Huskies,bovada,Bovada,2026-03-29T23:02:26Z,totals,2026-03-29T23:02:26Z,Over,-120,148.5
2026-03-29T23:07:51.516982+00:00,the_odds_api,basketball_ncaab,b346eca1f4e19fa882dc963610acbf1b,2026-03-29T21:06:55Z,,Duke Blue Devils,UConn Huskies,bovada,Bovada,2026-03-29T23:02:26Z,totals,2026-03-29T23:02:26Z,Under,-110,148.5
2026-03-29T23:07:51.516982+00:00,the_odds_api,basketball_ncaab,b346eca1f4e19fa882dc963610acbf1b,2026-03-29T21:06:55Z,,Duke Blue Devils,UConn Huskies,betrivers,BetRivers,2026-03-29T23:06:43Z,h2h,2026-03-29T23:06:43Z,Duke Blue Devils,-335,
2026-03-29T23:07:51.516982+00:00,the_odds_api,basketball_ncaab,b346eca1f4e19fa882dc963610acbf1b,2026-03-29T21:06:55Z,,Duke Blue Devils,UConn Huskies,betrivers,BetRivers,2026-03-29T23:06:43Z,h2h,2026-03-29T23:06:43Z,UConn Huskies,220,
2026-03-29T23:07:51.516982+00:00,the_odds_api,basketball_ncaab,b346eca1f4e19fa882dc963610acbf1b,2026-03-29T21:06:55Z,,Duke Blue Devils,UConn Huskies,betrivers,BetRivers,2026-03-29T23:06:43Z,spreads,2026-03-29T23:06:43Z,Duke Blue Devils,-121,-3.0
2026-03-29T23:07:51.516982+00:00,the_odds_api,basketball_ncaab,b346eca1f4e19fa882dc963610acbf1b,2026-03-29T21:06:55Z,,Duke Blue Devils,UConn Huskies,betrivers,BetRivers,2026-03-29T23:06:43Z,spreads,2026-03-29T23:06:43Z,UConn Huskies,-118,3.0
2026-03-29T23:07:51.516982+00:00,the_odds_api,basketball_ncaab,b346eca1f4e19fa882dc963610acbf1b,2026-03-29T21:06:55Z,,Duke Blue Devils,UConn Huskies,betrivers,BetRivers,2026-03-29T23:06:43Z,totals,2026-03-29T23:06:43Z,Over,-121,150.0
2026-03-29T23:07:51.516982+00:00,the_odds_api,basketball_ncaab,b346eca1f4e19fa882dc963610acbf1b,2026-03-29T21:06:55Z,,Duke Blue Devils,UConn Huskies,betrivers,BetRivers,2026-03-29T23:06:43Z,totals,2026-03-29T23:06:43Z,Under,-118,150.0
2026-03-29T23:07:51.516982+00:00,the_odds_api,basketball_ncaab,b346eca1f4e19fa882dc963610acbf1b,2026-03-29T21:06:55Z,,Duke Blue Devils,UConn Huskies,betmgm,BetMGM,2026-03-29T23:07:39Z,h2h,2026-03-29T23:07:39Z,Duke Blue Devils,-650,
2026-03-29T23:07:51.516982+00:00,the_odds_api,basketball_ncaab,b346eca1f4e19fa882dc963610acbf1b,2026-03-29T21:06:55Z,,Duke Blue Devils,UConn Huskies,betmgm,BetMGM,2026-03-29T23:07:39Z,h2h,2026-03-29T23:07:39Z,UConn Huskies,425,
2026-03-29T23:07:51.516982+00:00,the_odds_api,basketball_ncaab,b346eca1f4e19fa882dc963610acbf1b,2026-03-29T21:06:55Z,,Duke Blue Devils,UConn Huskies,betmgm,BetMGM,2026-03-29T23:07:39Z,spreads,2026-03-29T23:07:39Z,Duke Blue Devils,-102,-4.5
2026-03-29T23:07:51.516982+00:00,the_odds_api,basketball_ncaab,b346eca1f4e19fa882dc963610acbf1b,2026-03-29T21:06:55Z,,Duke Blue Devils,UConn Huskies,betmgm,BetMGM,2026-03-29T23:07:39Z,spreads,2026-03-29T23:07:39Z,UConn Huskies,-130,4.5
2026-03-29T23:07:51.516982+00:00,the_odds_api,basketball_ncaab,b346eca1f4e19fa882dc963610acbf1b,2026-03-29T21:06:55Z,,Duke Blue Devils,UConn Huskies,betmgm,BetMGM,2026-03-29T23:07:39Z,totals,2026-03-29T23:07:39Z,Over,105,150.5
2026-03-29T23:07:51.516982+00:00,the_odds_api,basketball_ncaab,b346eca1f4e19fa882dc963610acbf1b,2026-03-29T21:06:55Z,,Duke Blue Devils,UConn Huskies,betmgm,BetMGM,2026-03-29T23:07:39Z,totals,2026-03-29T23:07:39Z,Under,-140,150.5
2026-03-29T23:07:51.516982+00:00,the_odds_api,basketball_ncaab,b346eca1f4e19fa882dc963610acbf1b,2026-03-29T21:06:55Z,,Duke Blue Devils,UConn Huskies,fanatics,Fanatics,2026-03-29T23:07:38Z,h2h,2026-03-29T23:07:38Z,Duke Blue Devils,-1000,
2026-03-29T23:07:51.516982+00:00,the_odds_api,basketball_ncaab,b346eca1f4e19fa882dc963610acbf1b,2026-03-29T21:06:55Z,,Duke Blue Devils,UConn Huskies,fanatics,Fanatics,2026-03-29T23:07:38Z,h2h,2026-03-29T23:07:38Z,UConn Huskies,550,
2026-03-29T23:07:51.516982+00:00,the_odds_api,basketball_ncaab,b346eca1f4e19fa882dc963610acbf1b,2026-03-29T21:06:55Z,,Duke Blue Devils,UConn Huskies,mybookieag,MyBookie.ag,2026-03-29T23:06:54Z,h2h,2026-03-29T23:06:54Z,Duke Blue Devils,-833,
2026-03-29T23:07:51.516982+00:00,the_odds_api,basketball_ncaab,b346eca1f4e19fa882dc963610acbf1b,2026-03-29T21:06:55Z,,Duke Blue Devils,UConn Huskies,mybookieag,MyBookie.ag,2026-03-29T23:06:54Z,h2h,2026-03-29T23:06:54Z,UConn Huskies,425,
2026-03-29T23:07:51.516982+00:00,the_odds_api,basketball_ncaab,b346eca1f4e19fa882dc963610acbf1b,2026-03-29T21:06:55Z,,Duke Blue Devils,UConn Huskies,mybookieag,MyBookie.ag,2026-03-29T23:06:54Z,spreads,2026-03-29T23:06:54Z,Duke Blue Devils,-118,-5.5
2026-03-29T23:07:51.516982+00:00,the_odds_api,basketball_ncaab,b346eca1f4e19fa882dc963610acbf1b,2026-03-29T21:06:55Z,,Duke Blue Devils,UConn Huskies,mybookieag,MyBookie.ag,2026-03-29T23:06:54Z,spreads,2026-03-29T23:06:54Z,UConn Huskies,-118,5.5
2026-03-29T23:07:51.516982+00:00,the_odds_api,basketball_ncaab,b346eca1f4e19fa882dc963610acbf1b,2026-03-29T21:06:55Z,,Duke Blue Devils,UConn Huskies,mybookieag,MyBookie.ag,2026-03-29T23:06:54Z,totals,2026-03-29T23:06:54Z,Over,-133,147.5
2026-03-29T23:07:51.516982+00:00,the_odds_api,basketball_ncaab,b346eca1f4e19fa882dc963610acbf1b,2026-03-29T21:06:55Z,,Duke Blue Devils,UConn Huskies,mybookieag,MyBookie.ag,2026-03-29T23:06:54Z,totals,2026-03-29T23:06:54Z,Under,-105,147.5
2026-03-29T18:08:10.135170+00:00,the_odds_api,basketball_ncaab,766f36b45d2f1fe972b4314b8fb077e4,2026-03-29T18:15:00Z,,Michigan Wolverines,Tennessee Volunteers,betus,BetUS,2026-03-29T18:07:17Z,h2h,2026-03-29T18:07:17Z,Michigan Wolverines,-425,
2026-03-29T18:08:10.135170+00:00,the_odds_api,basketball_ncaab,766f36b45d2f1fe972b4314b8fb077e4,2026-03-29T18:15:00Z,,Michigan Wolverines,Tennessee Volunteers,betus,BetUS,2026-03-29T18:07:17Z,h2h,2026-03-29T18:07:17Z,Tennessee Volunteers,333,
2026-03-29T18:08:10.135170+00:00,the_odds_api,basketball_ncaab,766f36b45d2f1fe972b4314b8fb077e4,2026-03-29T18:15:00Z,,Michigan Wolverines,Tennessee Volunteers,betus,BetUS,2026-03-29T18:07:17Z,spreads,2026-03-29T18:07:17Z,Michigan Wolverines,-105,-8.0
2026-03-29T18:08:10.135170+00:00,the_odds_api,basketball_ncaab,766f36b45d2f1fe972b4314b8fb077e4,2026-03-29T18:15:00Z,,Michigan Wolverines,Tennessee Volunteers,betus,BetUS,2026-03-29T18:07:17Z,spreads,2026-03-29T18:07:17Z,Tennessee Volunteers,-115,8.0
2026-03-29T18:08:10.135170+00:00,the_odds_api,basketball_ncaab,766f36b45d2f1fe972b4314b8fb077e4,2026-03-29T18:15:00Z,,Michigan Wolverines,Tennessee Volunteers,betus,BetUS,2026-03-29T18:07:17Z,totals,2026-03-29T18:07:17Z,Over,-110,146.0
2026-03-29T18:08:10.135170+00:00,the_odds_api,basketball_ncaab,766f36b45d2f1fe972b4314b8fb077e4,2026-03-29T18:15:00Z,,Michigan Wolverines,Tennessee Volunteers,betus,BetUS,2026-03-29T18:07:17Z,totals,2026-03-29T18:07:17Z,Under,-110,146.0
2026-03-29T21:08:10.699442+00:00,the_odds_api,basketball_ncaab,b346eca1f4e19fa882dc963610acbf1b,2026-03-29T21:06:55Z,,Duke Blue Devils,UConn Huskies,betus,BetUS,2026-03-29T21:04:53Z,h2h,2026-03-29T21:04:53Z,Duke Blue Devils,-220,
2026-03-29T21:08:10.699442+00:00,the_odds_api,basketball_ncaab,b346eca1f4e19fa882dc963610acbf1b,2026-03-29T21:06:55Z,,Duke Blue Devils,UConn Huskies,betus,BetUS,2026-03-29T21:04:53Z,h2h,2026-03-29T21:04:53Z,UConn Huskies,185,
2026-03-29T21:08:10.699442+00:00,the_odds_api,basketball_ncaab,b346eca1f4e19fa882dc963610acbf1b,2026-03-29T21:06:55Z,,Duke Blue Devils,UConn Huskies,betus,BetUS,2026-03-29T21:04:53Z,spreads,2026-03-29T21:04:53Z,Duke Blue Devils,-110,-4.5
2026-03-29T21:08:10.699442+00:00,the_odds_api,basketball_ncaab,b346eca1f4e19fa882dc963610acbf1b,2026-03-29T21:06:55Z,,Duke Blue Devils,UConn Huskies,betus,BetUS,2026-03-29T21:04:53Z,spreads,2026-03-29T21:04:53Z,UConn Huskies,-110,4.5
2026-03-29T21:08:10.699442+00:00,the_odds_api,basketball_ncaab,b346eca1f4e19fa882dc963610acbf1b,2026-03-29T21:06:55Z,,Duke Blue Devils,UConn Huskies,betus,BetUS,2026-03-29T21:04:53Z,totals,2026-03-29T21:04:53Z,Over,-110,135.0
2026-03-29T21:08:10.699442+00:00,the_odds_api,basketball_ncaab,b346eca1f4e19fa882dc963610acbf1b,2026-03-29T21:06:55Z,,Duke Blue Devils,UConn Huskies,betus,BetUS,2026-03-29T21:04:53Z,totals,2026-03-29T21:04:53Z,Under,-110,135.0
2026-03-29T18:08:10.135170+00:00,the_odds_api,basketball_ncaab,9a9bfa44800da609254d5233ac378f70,2026-04-04T22:00:21Z,,Arizona Wildcats,Tennessee Volunteers,fanduel,FanDuel,2026-03-29T18:07:52Z,h2h,2026-03-29T18:07:51Z,Arizona Wildcats,-280,
2026-03-29T18:08:10.135170+00:00,the_odds_api,basketball_ncaab,9a9bfa44800da609254d5233ac378f70,2026-04-04T22:00:21Z,,Arizona Wildcats,Tennessee Volunteers,fanduel,FanDuel,2026-03-29T18:07:52Z,h2h,2026-03-29T18:07:51Z,Tennessee Volunteers,225,
2026-03-29T18:08:10.135170+00:00,the_odds_api,basketball_ncaab,9a9bfa44800da609254d5233ac378f70,2026-04-04T22:00:21Z,,Arizona Wildcats,Tennessee Volunteers,fanduel,FanDuel,2026-03-29T18:07:52Z,spreads,2026-03-29T18:07:51Z,Arizona Wildcats,-110,-7.5
2026-03-29T18:08:10.135170+00:00,the_odds_api,basketball_ncaab,9a9bfa44800da609254d5233ac378f70,2026-04-04T22:00:21Z,,Arizona Wildcats,Tennessee Volunteers,fanduel,FanDuel,2026-03-29T18:07:52Z,spreads,2026-03-29T18:07:51Z,Tennessee Volunteers,-110,7.5
2026-03-29T18:08:10.135170+00:00,the_odds_api,basketball_ncaab,9a9bfa44800da609254d5233ac378f70,2026-04-04T22:00:21Z,,Arizona Wildcats,Tennessee Volunteers,fanduel,FanDuel,2026-03-29T18:07:52Z,totals,2026-03-29T18:07:51Z,Over,-110,143.5
2026-03-29T18:08:10.135170+00:00,the_odds_api,basketball_ncaab,9a9bfa44800da609254d5233ac378f70,2026-04-04T22:00:21Z,,Arizona Wildcats,Tennessee Volunteers,fanduel,FanDuel,2026-03-29T18:07:52Z,totals,2026-03-29T18:07:51Z,Under,-110,143.5
2026-03-29T22:37:19.294329+00:00,the_odds_api,basketball_ncaab,70430359464b284025a85da511e7e2b8,2026-04-04T22:00:36Z,,Duke Blue Devils,Illinois Fighting Illini,fanduel,FanDuel,2026-03-29T22:36:52Z,h2h,2026-03-29T22:36:52Z,Duke Blue Devils,-230,
2026-03-29T22:37:19.294329+00:00,the_odds_api,basketball_ncaab,70430359464b284025a85da511e7e2b8,2026-04-04T22:00:36Z,,Duke Blue Devils,Illinois Fighting Illini,fanduel,FanDuel,2026-03-29T22:36:52Z,h2h,2026-03-29T22:36:52Z,Illinois Fighting Illini,188,
2026-03-29T22:37:19.294329+00:00,the_odds_api,basketball_ncaab,70430359464b284025a85da511e7e2b8,2026-04-04T22:00:36Z,,Duke Blue Devils,Illinois Fighting Illini,fanduel,FanDuel,2026-03-29T22:36:52Z,spreads,2026-03-29T22:36:52Z,Duke Blue Devils,-115,-4.5
2026-03-29T22:37:19.294329+00:00,the_odds_api,basketball_ncaab,70430359464b284025a85da511e7e2b8,2026-04-04T22:00:36Z,,Duke Blue Devils,Illinois Fighting Illini,fanduel,FanDuel,2026-03-29T22:36:52Z,spreads,2026-03-29T22:36:52Z,Illinois Fighting Illini,-105,4.5
2026-03-29T22:37:19.294329+00:00,the_odds_api,basketball_ncaab,70430359464b284025a85da511e7e2b8,2026-04-04T22:00:36Z,,Duke Blue Devils,Illinois Fighting Illini,fanduel,FanDuel,2026-03-29T22:36:52Z,totals,2026-03-29T22:36:52Z,Over,-110,142.5
2026-03-29T22:37:19.294329+00:00,the_odds_api,basketball_ncaab,70430359464b284025a85da511e7e2b8,2026-04-04T22:00:36Z,,Duke Blue Devils,Illinois Fighting Illini,fanduel,FanDuel,2026-03-29T22:36:52Z,totals,2026-03-29T22:36:52Z,Under,-110,142.5
2026-04-04T21:08:03.353989+00:00,the_odds_api,basketball_ncaab,107fec52e1d9d6f2f6e74f47eb1d520b,2026-04-04T22:09:00Z,,UConn Huskies,Illinois Fighting Illini,fanduel,FanDuel,2026-04-04T21:07:56Z,h2h,2026-04-04T21:07:56Z,Illinois Fighting Illini,-134,
2026-04-04T21:08:03.353989+00:00,the_odds_api,basketball_ncaab,107fec52e1d9d6f2f6e74f47eb1d520b,2026-04-04T22:09:00Z,,UConn Huskies,Illinois Fighting Illini,fanduel,FanDuel,2026-04-04T21:07:56Z,h2h,2026-04-04T21:07:56Z,UConn Huskies,112,
2026-04-04T21:08:03.353989+00:00,the_odds_api,basketball_ncaab,107fec52e1d9d6f2f6e74f47eb1d520b,2026-04-04T22:09:00Z,,UConn Huskies,Illinois Fighting Illini,fanduel,FanDuel,2026-04-04T21:07:56Z,spreads,2026-04-04T21:07:56Z,Illinois Fighting Illini,-120,-1.5
2026-04-04T21:08:03.353989+00:00,the_odds_api,basketball_ncaab,107fec52e1d9d6f2f6e74f47eb1d520b,2026-04-04T22:09:00Z,,UConn Huskies,Illinois Fighting Illini,fanduel,FanDuel,2026-04-04T21:07:56Z,spreads,2026-04-04T21:07:56Z,UConn Huskies,-102,1.5
2026-04-04T21:08:03.353989+00:00,the_odds_api,basketball_ncaab,107fec52e1d9d6f2f6e74f47eb1d520b,2026-04-04T22:09:00Z,,UConn Huskies,Illinois Fighting Illini,fanduel,FanDuel,2026-04-04T21:07:56Z,totals,2026-04-04T21:07:56Z,Over,-104,139.5
2026-04-04T21:08:03.353989+00:00,the_odds_api,basketball_ncaab,107fec52e1d9d6f2f6e74f47eb1d520b,2026-04-04T22:09:00Z,,UConn Huskies,Illinois Fighting Illini,fanduel,FanDuel,2026-04-04T21:07:56Z,totals,2026-04-04T21:07:56Z,Under,-118,139.5
2026-04-04T21:08:03.353989+00:00,the_odds_api,basketball_ncaab,2ac645adb59f24d77470e29dc52f0515,2026-04-05T00:49:00Z,,Arizona Wildcats,Michigan Wolverines,fanduel,FanDuel,2026-04-04T21:07:56Z,h2h,2026-04-04T21:07:56Z,Arizona Wildcats,-108,
2026-04-04T21:08:03.353989+00:00,the_odds_api,basketball_ncaab,2ac645adb59f24d77470e29dc52f0515,2026-04-05T00:49:00Z,,Arizona Wildcats,Michigan Wolverines,fanduel,FanDuel,2026-04-04T21:07:56Z,h2h,2026-04-04T21:07:56Z,Michigan Wolverines,-111,
2026-04-04T21:08:03.353989+00:00,the_odds_api,basketball_ncaab,2ac645adb59f24d77470e29dc52f0515,2026-04-05T00:49:00Z,,Arizona Wildcats,Michigan Wolverines,fanduel,FanDuel,2026-04-04T21:07:56Z,spreads,2026-04-04T21:07:56Z,Arizona Wildcats,-120,1.5
2026-04-04T21:08:03.353989+00:00,the_odds_api,basketball_ncaab,2ac645adb59f24d77470e29dc52f0515,2026-04-05T00:49:00Z,,Arizona Wildcats,Michigan Wolverines,fanduel,FanDuel,2026-04-04T21:07:56Z,spreads,2026-04-04T21:07:56Z,Michigan Wolverines,-102,-1.5
2026-04-04T21:08:03.353989+00:00,the_odds_api,basketball_ncaab,2ac645adb59f24d77470e29dc52f0515,2026-04-05T00:49:00Z,,Arizona Wildcats,Michigan Wolverines,fanduel,FanDuel,2026-04-04T21:07:56Z,totals,2026-04-04T21:07:56Z,Over,-110,157.5
2026-04-04T21:08:03.353989+00:00,the_odds_api,basketball_ncaab,2ac645adb59f24d77470e29dc52f0515,2026-04-05T00:49:00Z,,Arizona Wildcats,Michigan Wolverines,fanduel,FanDuel,2026-04-04T21:07:56Z,totals,2026-04-04T21:07:56Z,Under,-110,157.5
2026-04-04T21:08:03.353989+00:00,the_odds_api,basketball_ncaab,2ac645adb59f24d77470e29dc52f0515,2026-04-05T00:49:00Z,,Arizona Wildcats,Michigan Wolverines,betonlineag,BetOnline.ag,2026-04-04T21:07:57Z,spreads,2026-04-04T21:07:56Z,Arizona Wildcats,-110,0.0
2026-04-04T21:08:03.353989+00:00,the_odds_api,basketball_ncaab,2ac645adb59f24d77470e29dc52f0515,2026-04-05T00:49:00Z,,Arizona Wildcats,Michigan Wolverines,betonlineag,BetOnline.ag,2026-04-04T21:07:57Z,spreads,2026-04-04T21:07:56Z,Michigan Wolverines,-110,0.0
2026-04-04T21:08:03.353989+00:00,the_odds_api,basketball_ncaab,2ac645adb59f24d77470e29dc52f0515,2026-04-05T00:49:00Z,,Arizona Wildcats,Michigan Wolverines,betonlineag,BetOnline.ag,2026-04-04T21:07:57Z,totals,2026-04-04T21:07:56Z,Over,-110,157.5
2026-04-04T21:08:03.353989+00:00,the_odds_api,basketball_ncaab,2ac645adb59f24d77470e29dc52f0515,2026-04-05T00:49:00Z,,Arizona Wildcats,Michigan Wolverines,betonlineag,BetOnline.ag,2026-04-04T21:07:57Z,totals,2026-04-04T21:07:56Z,Under,-110,157.5
2026-04-04T21:08:03.353989+00:00,the_odds_api,basketball_ncaab,2ac645adb59f24d77470e29dc52f0515,2026-04-05T00:49:00Z,,Arizona Wildcats,Michigan Wolverines,lowvig,LowVig.ag,2026-04-04T21:07:31Z,spreads,2026-04-04T21:07:31Z,Arizona Wildcats,-106,0.0
2026-04-04T21:08:03.353989+00:00,the_odds_api,basketball_ncaab,2ac645adb59f24d77470e29dc52f0515,2026-04-05T00:49:00Z,,Arizona Wildcats,Michigan Wolverines,lowvig,LowVig.ag,2026-04-04T21:07:31Z,spreads,2026-04-04T21:07:31Z,Michigan Wolverines,-106,0.0
2026-04-04T21:08:03.353989+00:00,the_odds_api,basketball_ncaab,2ac645adb59f24d77470e29dc52f0515,2026-04-05T00:49:00Z,,Arizona Wildcats,Michigan Wolverines,lowvig,LowVig.ag,2026-04-04T21:07:31Z,totals,2026-04-04T21:07:31Z,Over,-108,157.5
2026-04-04T21:08:03.353989+00:00,the_odds_api,basketball_ncaab,2ac645adb59f24d77470e29dc52f0515,2026-04-05T00:49:00Z,,Arizona Wildcats,Michigan Wolverines,lowvig,LowVig.ag,2026-04-04T21:07:31Z,totals,2026-04-04T21:07:31Z,Under,-108,157.5
2026-04-04T21:08:03.353989+00:00,the_odds_api,basketball_ncaab,2ac645adb59f24d77470e29dc52f0515,2026-04-05T00:49:00Z,,Arizona Wildcats,Michigan Wolverines,betrivers,BetRivers,2026-04-04T21:07:31Z,h2h,2026-04-04T21:07:31Z,Arizona Wildcats,-114,
2026-04-04T21:08:03.353989+00:00,the_odds_api,basketball_ncaab,2ac645adb59f24d77470e29dc52f0515,2026-04-05T00:49:00Z,,Arizona Wildcats,Michigan Wolverines,betrivers,BetRivers,2026-04-04T21:07:31Z,h2h,2026-04-04T21:07:31Z,Michigan Wolverines,-109,
2026-04-04T21:08:03.353989+00:00,the_odds_api,basketball_ncaab,2ac645adb59f24d77470e29dc52f0515,2026-04-05T00:49:00Z,,Arizona Wildcats,Michigan Wolverines,betrivers,BetRivers,2026-04-04T21:07:31Z,spreads,2026-04-04T21:07:31Z,Arizona Wildcats,-104,-1.5
2026-04-04T21:08:03.353989+00:00,the_odds_api,basketball_ncaab,2ac645adb59f24d77470e29dc52f0515,2026-04-05T00:49:00Z,,Arizona Wildcats,Michigan Wolverines,betrivers,BetRivers,2026-04-04T21:07:31Z,spreads,2026-04-04T21:07:31Z,Michigan Wolverines,-121,1.5
2026-04-04T21:08:03.353989+00:00,the_odds_api,basketball_ncaab,2ac645adb59f24d77470e29dc52f0515,2026-04-05T00:49:00Z,,Arizona Wildcats,Michigan Wolverines,betrivers,BetRivers,2026-04-04T21:07:31Z,totals,2026-04-04T21:07:31Z,Over,-109,157.5
2026-04-04T21:08:03.353989+00:00,the_odds_api,basketball_ncaab,2ac645adb59f24d77470e29dc52f0515,2026-04-05T00:49:00Z,,Arizona Wildcats,Michigan Wolverines,betrivers,BetRivers,2026-04-04T21:07:31Z,totals,2026-04-04T21:07:31Z,Under,-113,157.5
2026-04-04T21:08:03.353989+00:00,the_odds_api,basketball_ncaab,2ac645adb59f24d77470e29dc52f0515,2026-04-05T00:49:00Z,,Arizona Wildcats,Michigan Wolverines,draftkings,DraftKings,2026-04-04T21:07:19Z,h2h,2026-04-04T21:07:19Z,Arizona Wildcats,-108,
2026-04-04T21:08:03.353989+00:00,the_odds_api,basketball_ncaab,2ac645adb59f24d77470e29dc52f0515,2026-04-05T00:49:00Z,,Arizona Wildcats,Michigan Wolverines,draftkings,DraftKings,2026-04-04T21:07:19Z,h2h,2026-04-04T21:07:19Z,Michigan Wolverines,-112,
2026-04-04T21:08:03.353989+00:00,the_odds_api,basketball_ncaab,2ac645adb59f24d77470e29dc52f0515,2026-04-05T00:49:00Z,,Arizona Wildcats,Michigan Wolverines,draftkings,DraftKings,2026-04-04T21:07:19Z,spreads,2026-04-04T21:07:19Z,Arizona Wildcats,-125,1.5
2026-04-04T21:08:03.353989+00:00,the_odds_api,basketball_ncaab,2ac645adb59f24d77470e29dc52f0515,2026-04-05T00:49:00Z,,Arizona Wildcats,Michigan Wolverines,draftkings,DraftKings,2026-04-04T21:07:19Z,spreads,2026-04-04T21:07:19Z,Michigan Wolverines,105,-1.5
2026-04-04T21:08:03.353989+00:00,the_odds_api,basketball_ncaab,2ac645adb59f24d77470e29dc52f0515,2026-04-05T00:49:00Z,,Arizona Wildcats,Michigan Wolverines,draftkings,DraftKings,2026-04-04T21:07:19Z,totals,2026-04-04T21:07:19Z,Over,-112,157.5
2026-04-04T21:08:03.353989+00:00,the_odds_api,basketball_ncaab,2ac645adb59f24d77470e29dc52f0515,2026-04-05T00:49:00Z,,Arizona Wildcats,Michigan Wolverines,draftkings,DraftKings,2026-04-04T21:07:19Z,totals,2026-04-04T21:07:19Z,Under,-108,157.5
2026-04-04T21:08:03.353989+00:00,the_odds_api,basketball_ncaab,2ac645adb59f24d77470e29dc52f0515,2026-04-05T00:49:00Z,,Arizona Wildcats,Michigan Wolverines,bovada,Bovada,2026-04-04T21:07:25Z,h2h,2026-04-04T21:07:25Z,Arizona Wildcats,-110,
2026-04-04T21:08:03.353989+00:00,the_odds_api,basketball_ncaab,2ac645adb59f24d77470e29dc52f0515,2026-04-05T00:49:00Z,,Arizona Wildcats,Michigan Wolverines,bovada,Bovada,2026-04-04T21:07:25Z,h2h,2026-04-04T21:07:25Z,Michigan Wolverines,-110,
2026-04-04T21:08:03.353989+00:00,the_odds_api,basketball_ncaab,2ac645adb59f24d77470e29dc52f0515,2026-04-05T00:49:00Z,,Arizona Wildcats,Michigan Wolverines,bovada,Bovada,2026-04-04T21:07:25Z,spreads,2026-04-04T21:07:25Z,Arizona Wildcats,-105,-1.0
2026-04-04T21:08:03.353989+00:00,the_odds_api,basketball_ncaab,2ac645adb59f24d77470e29dc52f0515,2026-04-05T00:49:00Z,,Arizona Wildcats,Michigan Wolverines,bovada,Bovada,2026-04-04T21:07:25Z,spreads,2026-04-04T21:07:25Z,Michigan Wolverines,-115,1.0
2026-04-04T21:08:03.353989+00:00,the_odds_api,basketball_ncaab,2ac645adb59f24d77470e29dc52f0515,2026-04-05T00:49:00Z,,Arizona Wildcats,Michigan Wolverines,bovada,Bovada,2026-04-04T21:07:25Z,totals,2026-04-04T21:07:25Z,Over,-110,157.5
2026-04-04T21:08:03.353989+00:00,the_odds_api,basketball_ncaab,2ac645adb59f24d77470e29dc52f0515,2026-04-05T00:49:00Z,,Arizona Wildcats,Michigan Wolverines,bovada,Bovada,2026-04-04T21:07:25Z,totals,2026-04-04T21:07:25Z,Under,-110,157.5
2026-04-04T21:08:03.353989+00:00,the_odds_api,basketball_ncaab,2ac645adb59f24d77470e29dc52f0515,2026-04-05T00:49:00Z,,Arizona Wildcats,Michigan Wolverines,williamhill_us,Caesars,2026-04-04T21:07:02Z,h2h,2026-04-04T21:07:02Z,Arizona Wildcats,-110,
2026-04-04T21:08:03.353989+00:00,the_odds_api,basketball_ncaab,2ac645adb59f24d77470e29dc52f0515,2026-04-05T00:49:00Z,,Arizona Wildcats,Michigan Wolverines,williamhill_us,Caesars,2026-04-04T21:07:02Z,h2h,2026-04-04T21:07:02Z,Michigan Wolverines,-110,
2026-04-04T21:08:03.353989+00:00,the_odds_api,basketball_ncaab,2ac645adb59f24d77470e29dc52f0515,2026-04-05T00:49:00Z,,Arizona Wildcats,Michigan Wolverines,williamhill_us,Caesars,2026-04-04T21:07:02Z,spreads,2026-04-04T21:07:02Z,Arizona Wildcats,-110,0.0
2026-04-04T21:08:03.353989+00:00,the_odds_api,basketball_ncaab,2ac645adb59f24d77470e29dc52f0515,2026-04-05T00:49:00Z,,Arizona Wildcats,Michigan Wolverines,williamhill_us,Caesars,2026-04-04T21:07:02Z,spreads,2026-04-04T21:07:02Z,Michigan Wolverines,-110,-0.0
2026-04-04T21:08:03.353989+00:00,the_odds_api,basketball_ncaab,2ac645adb59f24d77470e29dc52f0515,2026-04-05T00:49:00Z,,Arizona Wildcats,Michigan Wolverines,williamhill_us,Caesars,2026-04-04T21:07:02Z,totals,2026-04-04T21:07:02Z,Over,-110,157.5
2026-04-04T21:08:03.353989+00:00,the_odds_api,basketball_ncaab,2ac645adb59f24d77470e29dc52f0515,2026-04-05T00:49:00Z,,Arizona Wildcats,Michigan Wolverines,williamhill_us,Caesars,2026-04-04T21:07:02Z,totals,2026-04-04T21:07:02Z,Under,-110,157.5
2026-04-04T21:08:03.353989+00:00,the_odds_api,basketball_ncaab,2ac645adb59f24d77470e29dc52f0515,2026-04-05T00:49:00Z,,Arizona Wildcats,Michigan Wolverines,betmgm,BetMGM,2026-04-04T21:07:57Z,h2h,2026-04-04T21:07:57Z,Arizona Wildcats,-115,
2026-04-04T21:08:03.353989+00:00,the_odds_api,basketball_ncaab,2ac645adb59f24d77470e29dc52f0515,2026-04-05T00:49:00Z,,Arizona Wildcats,Michigan Wolverines,betmgm,BetMGM,2026-04-04T21:07:57Z,h2h,2026-04-04T21:07:57Z,Michigan Wolverines,-105,
2026-04-04T21:08:03.353989+00:00,the_odds_api,basketball_ncaab,2ac645adb59f24d77470e29dc52f0515,2026-04-05T00:49:00Z,,Arizona Wildcats,Michigan Wolverines,betmgm,BetMGM,2026-04-04T21:07:57Z,spreads,2026-04-04T21:07:57Z,Arizona Wildcats,-120,1.5
2026-04-04T21:08:03.353989+00:00,the_odds_api,basketball_ncaab,2ac645adb59f24d77470e29dc52f0515,2026-04-05T00:49:00Z,,Arizona Wildcats,Michigan Wolverines,betmgm,BetMGM,2026-04-04T21:07:57Z,spreads,2026-04-04T21:07:57Z,Michigan Wolverines,100,-1.5
2026-04-04T21:08:03.353989+00:00,the_odds_api,basketball_ncaab,2ac645adb59f24d77470e29dc52f0515,2026-04-05T00:49:00Z,,Arizona Wildcats,Michigan Wolverines,betmgm,BetMGM,2026-04-04T21:07:57Z,totals,2026-04-04T21:07:57Z,Over,-110,157.5
2026-04-04T21:08:03.353989+00:00,the_odds_api,basketball_ncaab,2ac645adb59f24d77470e29dc52f0515,2026-04-05T00:49:00Z,,Arizona Wildcats,Michigan Wolverines,betmgm,BetMGM,2026-04-04T21:07:57Z,totals,2026-04-04T21:07:57Z,Under,-110,157.5
2026-04-04T21:08:03.353989+00:00,the_odds_api,basketball_ncaab,2ac645adb59f24d77470e29dc52f0515,2026-04-05T00:49:00Z,,Arizona Wildcats,Michigan Wolverines,fanatics,Fanatics,2026-04-04T21:07:56Z,h2h,2026-04-04T21:07:56Z,Arizona Wildcats,-110,
2026-04-04T21:08:03.353989+00:00,the_odds_api,basketball_ncaab,2ac645adb59f24d77470e29dc52f0515,2026-04-05T00:49:00Z,,Arizona Wildcats,Michigan Wolverines,fanatics,Fanatics,2026-04-04T21:07:56Z,h2h,2026-04-04T21:07:56Z,Michigan Wolverines,-110,
2026-04-04T21:08:03.353989+00:00,the_odds_api,basketball_ncaab,2ac645adb59f24d77470e29dc52f0515,2026-04-05T00:49:00Z,,Arizona Wildcats,Michigan Wolverines,fanatics,Fanatics,2026-04-04T21:07:56Z,spreads,2026-04-04T21:07:56Z,Arizona Wildcats,-110,1.0
2026-04-04T21:08:03.353989+00:00,the_odds_api,basketball_ncaab,2ac645adb59f24d77470e29dc52f0515,2026-04-05T00:49:00Z,,Arizona Wildcats,Michigan Wolverines,fanatics,Fanatics,2026-04-04T21:07:56Z,spreads,2026-04-04T21:07:56Z,Michigan Wolverines,-110,-1.0
2026-04-04T21:08:03.353989+00:00,the_odds_api,basketball_ncaab,2ac645adb59f24d77470e29dc52f0515,2026-04-05T00:49:00Z,,Arizona Wildcats,Michigan Wolverines,fanatics,Fanatics,2026-04-04T21:07:56Z,totals,2026-04-04T21:07:56Z,Over,-110,157.5
2026-04-04T21:08:03.353989+00:00,the_odds_api,basketball_ncaab,2ac645adb59f24d77470e29dc52f0515,2026-04-05T00:49:00Z,,Arizona Wildcats,Michigan Wolverines,fanatics,Fanatics,2026-04-04T21:07:56Z,totals,2026-04-04T21:07:56Z,Under,-110,157.5
2026-03-29T23:07:51.516982+00:00,the_odds_api,basketball_ncaab,70430359464b284025a85da511e7e2b8,2026-04-04T23:00:00Z,,Duke Blue Devils,Illinois Fighting Illini,betonlineag,BetOnline.ag,2026-03-29T23:05:37Z,spreads,2026-03-29T23:05:37Z,Duke Blue Devils,-110,-4.0
2026-03-29T23:07:51.516982+00:00,the_odds_api,basketball_ncaab,70430359464b284025a85da511e7e2b8,2026-04-04T23:00:00Z,,Duke Blue Devils,Illinois Fighting Illini,betonlineag,BetOnline.ag,2026-03-29T23:05:37Z,spreads,2026-03-29T23:05:37Z,Illinois Fighting Illini,-110,4.0
2026-03-29T23:07:51.516982+00:00,the_odds_api,basketball_ncaab,70430359464b284025a85da511e7e2b8,2026-04-04T23:00:00Z,,Duke Blue Devils,Illinois Fighting Illini,betonlineag,BetOnline.ag,2026-03-29T23:05:37Z,totals,2026-03-29T23:05:37Z,Over,-110,143.5
2026-03-29T23:07:51.516982+00:00,the_odds_api,basketball_ncaab,70430359464b284025a85da511e7e2b8,2026-04-04T23:00:00Z,,Duke Blue Devils,Illinois Fighting Illini,betonlineag,BetOnline.ag,2026-03-29T23:05:37Z,totals,2026-03-29T23:05:37Z,Under,-110,143.5
2026-03-29T23:07:51.516982+00:00,the_odds_api,basketball_ncaab,70430359464b284025a85da511e7e2b8,2026-04-04T23:00:00Z,,Duke Blue Devils,Illinois Fighting Illini,lowvig,LowVig.ag,2026-03-29T23:05:37Z,spreads,2026-03-29T23:05:37Z,Duke Blue Devils,-106,-4.0
2026-03-29T23:07:51.516982+00:00,the_odds_api,basketball_ncaab,70430359464b284025a85da511e7e2b8,2026-04-04T23:00:00Z,,Duke Blue Devils,Illinois Fighting Illini,lowvig,LowVig.ag,2026-03-29T23:05:37Z,spreads,2026-03-29T23:05:37Z,Illinois Fighting Illini,-106,4.0
2026-03-29T23:07:51.516982+00:00,the_odds_api,basketball_ncaab,70430359464b284025a85da511e7e2b8,2026-04-04T23:00:00Z,,Duke Blue Devils,Illinois Fighting Illini,lowvig,LowVig.ag,2026-03-29T23:05:37Z,totals,2026-03-29T23:05:37Z,Over,-108,143.5
2026-03-29T23:07:51.516982+00:00,the_odds_api,basketball_ncaab,70430359464b284025a85da511e7e2b8,2026-04-04T23:00:00Z,,Duke Blue Devils,Illinois Fighting Illini,lowvig,LowVig.ag,2026-03-29T23:05:37Z,totals,2026-03-29T23:05:37Z,Under,-108,143.5
2026-04-04T21:08:03.353989+00:00,the_odds_api,basketball_ncaab,2ac645adb59f24d77470e29dc52f0515,2026-04-05T00:49:00Z,,Arizona Wildcats,Michigan Wolverines,mybookieag,MyBookie.ag,2026-04-04T21:06:04Z,h2h,2026-04-04T21:06:04Z,Arizona Wildcats,-106,
2026-04-04T21:08:03.353989+00:00,the_odds_api,basketball_ncaab,2ac645adb59f24d77470e29dc52f0515,2026-04-05T00:49:00Z,,Arizona Wildcats,Michigan Wolverines,mybookieag,MyBookie.ag,2026-04-04T21:06:04Z,h2h,2026-04-04T21:06:04Z,Michigan Wolverines,-115,
2026-04-04T21:08:03.353989+00:00,the_odds_api,basketball_ncaab,2ac645adb59f24d77470e29dc52f0515,2026-04-05T00:49:00Z,,Arizona Wildcats,Michigan Wolverines,mybookieag,MyBookie.ag,2026-04-04T21:06:04Z,spreads,2026-04-04T21:06:04Z,Arizona Wildcats,-110,1.0
2026-04-04T21:08:03.353989+00:00,the_odds_api,basketball_ncaab,2ac645adb59f24d77470e29dc52f0515,2026-04-05T00:49:00Z,,Arizona Wildcats,Michigan Wolverines,mybookieag,MyBookie.ag,2026-04-04T21:06:04Z,spreads,2026-04-04T21:06:04Z,Michigan Wolverines,-110,-1.0
2026-04-04T21:08:03.353989+00:00,the_odds_api,basketball_ncaab,2ac645adb59f24d77470e29dc52f0515,2026-04-05T00:49:00Z,,Arizona Wildcats,Michigan Wolverines,mybookieag,MyBookie.ag,2026-04-04T21:06:04Z,totals,2026-04-04T21:06:04Z,Over,-110,157.5
2026-04-04T21:08:03.353989+00:00,the_odds_api,basketball_ncaab,2ac645adb59f24d77470e29dc52f0515,2026-04-05T00:49:00Z,,Arizona Wildcats,Michigan Wolverines,mybookieag,MyBookie.ag,2026-04-04T21:06:04Z,totals,2026-04-04T21:06:04Z,Under,-110,157.5
2026-04-04T21:08:03.353989+00:00,the_odds_api,basketball_ncaab,2ac645adb59f24d77470e29dc52f0515,2026-04-05T00:49:00Z,,Arizona Wildcats,Michigan Wolverines,betus,BetUS,2026-04-04T21:07:45Z,spreads,2026-04-04T21:07:45Z,Arizona Wildcats,-110,0.0
2026-04-04T21:08:03.353989+00:00,the_odds_api,basketball_ncaab,2ac645adb59f24d77470e29dc52f0515,2026-04-05T00:49:00Z,,Arizona Wildcats,Michigan Wolverines,betus,BetUS,2026-04-04T21:07:45Z,spreads,2026-04-04T21:07:45Z,Michigan Wolverines,-110,0.0
2026-04-04T21:08:03.353989+00:00,the_odds_api,basketball_ncaab,2ac645adb59f24d77470e29dc52f0515,2026-04-05T00:49:00Z,,Arizona Wildcats,Michigan Wolverines,betus,BetUS,2026-04-04T21:07:45Z,totals,2026-04-04T21:07:45Z,Over,-110,157.5
2026-04-04T21:08:03.353989+00:00,the_odds_api,basketball_ncaab,2ac645adb59f24d77470e29dc52f0515,2026-04-05T00:49:00Z,,Arizona Wildcats,Michigan Wolverines,betus,BetUS,2026-04-04T21:07:45Z,totals,2026-04-04T21:07:45Z,Under,-110,157.5
2026-04-04T21:08:03.353989+00:00,the_odds_api,basketball_ncaab,107fec52e1d9d6f2f6e74f47eb1d520b,2026-04-04T22:09:00Z,,UConn Huskies,Illinois Fighting Illini,draftkings,DraftKings,2026-04-04T21:07:19Z,h2h,2026-04-04T21:07:19Z,Illinois Fighting Illini,-130,
2026-04-04T21:08:03.353989+00:00,the_odds_api,basketball_ncaab,107fec52e1d9d6f2f6e74f47eb1d520b,2026-04-04T22:09:00Z,,UConn Huskies,Illinois Fighting Illini,draftkings,DraftKings,2026-04-04T21:07:19Z,h2h,2026-04-04T21:07:19Z,UConn Huskies,110,
2026-04-04T21:08:03.353989+00:00,the_odds_api,basketball_ncaab,107fec52e1d9d6f2f6e74f47eb1d520b,2026-04-04T22:09:00Z,,UConn Huskies,Illinois Fighting Illini,draftkings,DraftKings,2026-04-04T21:07:19Z,spreads,2026-04-04T21:07:19Z,Illinois Fighting Illini,-115,-1.5
2026-04-04T21:08:03.353989+00:00,the_odds_api,basketball_ncaab,107fec52e1d9d6f2f6e74f47eb1d520b,2026-04-04T22:09:00Z,,UConn Huskies,Illinois Fighting Illini,draftkings,DraftKings,2026-04-04T21:07:19Z,spreads,2026-04-04T21:07:19Z,UConn Huskies,-105,1.5
2026-04-04T21:08:03.353989+00:00,the_odds_api,basketball_ncaab,107fec52e1d9d6f2f6e74f47eb1d520b,2026-04-04T22:09:00Z,,UConn Huskies,Illinois Fighting Illini,draftkings,DraftKings,2026-04-04T21:07:19Z,totals,2026-04-04T21:07:19Z,Over,-108,139.5
2026-04-04T21:08:03.353989+00:00,the_odds_api,basketball_ncaab,107fec52e1d9d6f2f6e74f47eb1d520b,2026-04-04T22:09:00Z,,UConn Huskies,Illinois Fighting Illini,draftkings,DraftKings,2026-04-04T21:07:19Z,totals,2026-04-04T21:07:19Z,Under,-112,139.5
2026-04-04T21:08:03.353989+00:00,the_odds_api,basketball_ncaab,107fec52e1d9d6f2f6e74f47eb1d520b,2026-04-04T22:09:00Z,,UConn Huskies,Illinois Fighting Illini,betonlineag,BetOnline.ag,2026-04-04T21:07:57Z,h2h,2026-04-04T21:07:56Z,Illinois Fighting Illini,-128,
2026-04-04T21:08:03.353989+00:00,the_odds_api,basketball_ncaab,107fec52e1d9d6f2f6e74f47eb1d520b,2026-04-04T22:09:00Z,,UConn Huskies,Illinois Fighting Illini,betonlineag,BetOnline.ag,2026-04-04T21:07:57Z,h2h,2026-04-04T21:07:56Z,UConn Huskies,108,
2026-04-04T21:08:03.353989+00:00,the_odds_api,basketball_ncaab,107fec52e1d9d6f2f6e74f47eb1d520b,2026-04-04T22:09:00Z,,UConn Huskies,Illinois Fighting Illini,betonlineag,BetOnline.ag,2026-04-04T21:07:57Z,spreads,2026-04-04T21:07:56Z,Illinois Fighting Illini,-108,-2.0
2026-04-04T21:08:03.353989+00:00,the_odds_api,basketball_ncaab,107fec52e1d9d6f2f6e74f47eb1d520b,2026-04-04T22:09:00Z,,UConn Huskies,Illinois Fighting Illini,betonlineag,BetOnline.ag,2026-04-04T21:07:57Z,spreads,2026-04-04T21:07:56Z,UConn Huskies,-112,2.0
2026-04-04T21:08:03.353989+00:00,the_odds_api,basketball_ncaab,107fec52e1d9d6f2f6e74f47eb1d520b,2026-04-04T22:09:00Z,,UConn Huskies,Illinois Fighting Illini,betonlineag,BetOnline.ag,2026-04-04T21:07:57Z,totals,2026-04-04T21:07:56Z,Over,-110,139.0
2026-04-04T21:08:03.353989+00:00,the_odds_api,basketball_ncaab,107fec52e1d9d6f2f6e74f47eb1d520b,2026-04-04T22:09:00Z,,UConn Huskies,Illinois Fighting Illini,betonlineag,BetOnline.ag,2026-04-04T21:07:57Z,totals,2026-04-04T21:07:56Z,Under,-110,139.0
2026-04-04T21:08:03.353989+00:00,the_odds_api,basketball_ncaab,107fec52e1d9d6f2f6e74f47eb1d520b,2026-04-04T22:09:00Z,,UConn Huskies,Illinois Fighting Illini,lowvig,LowVig.ag,2026-04-04T21:07:31Z,h2h,2026-04-04T21:07:31Z,Illinois Fighting Illini,-128,
2026-04-04T21:08:03.353989+00:00,the_odds_api,basketball_ncaab,107fec52e1d9d6f2f6e74f47eb1d520b,2026-04-04T22:09:00Z,,UConn Huskies,Illinois Fighting Illini,lowvig,LowVig.ag,2026-04-04T21:07:31Z,h2h,2026-04-04T21:07:31Z,UConn Huskies,108,
2026-04-04T21:08:03.353989+00:00,the_odds_api,basketball_ncaab,107fec52e1d9d6f2f6e74f47eb1d520b,2026-04-04T22:09:00Z,,UConn Huskies,Illinois Fighting Illini,lowvig,LowVig.ag,2026-04-04T21:07:31Z,spreads,2026-04-04T21:07:31Z,Illinois Fighting Illini,-104,-2.0
2026-04-04T21:08:03.353989+00:00,the_odds_api,basketball_ncaab,107fec52e1d9d6f2f6e74f47eb1d520b,2026-04-04T22:09:00Z,,UConn Huskies,Illinois Fighting Illini,lowvig,LowVig.ag,2026-04-04T21:07:31Z,spreads,2026-04-04T21:07:31Z,UConn Huskies,-108,2.0
2026-04-04T21:08:03.353989+00:00,the_odds_api,basketball_ncaab,107fec52e1d9d6f2f6e74f47eb1d520b,2026-04-04T22:09:00Z,,UConn Huskies,Illinois Fighting Illini,lowvig,LowVig.ag,2026-04-04T21:07:31Z,totals,2026-04-04T21:07:31Z,Over,-111,139.0
2026-04-04T21:08:03.353989+00:00,the_odds_api,basketball_ncaab,107fec52e1d9d6f2f6e74f47eb1d520b,2026-04-04T22:09:00Z,,UConn Huskies,Illinois Fighting Illini,lowvig,LowVig.ag,2026-04-04T21:07:31Z,totals,2026-04-04T21:07:31Z,Under,-105,139.0
2026-04-04T21:08:03.353989+00:00,the_odds_api,basketball_ncaab,107fec52e1d9d6f2f6e74f47eb1d520b,2026-04-04T22:09:00Z,,UConn Huskies,Illinois Fighting Illini,bovada,Bovada,2026-04-04T21:07:25Z,h2h,2026-04-04T21:07:25Z,Illinois Fighting Illini,-140,
2026-04-04T21:08:03.353989+00:00,the_odds_api,basketball_ncaab,107fec52e1d9d6f2f6e74f47eb1d520b,2026-04-04T22:09:00Z,,UConn Huskies,Illinois Fighting Illini,bovada,Bovada,2026-04-04T21:07:25Z,h2h,2026-04-04T21:07:25Z,UConn Huskies,120,
2026-04-04T21:08:03.353989+00:00,the_odds_api,basketball_ncaab,107fec52e1d9d6f2f6e74f47eb1d520b,2026-04-04T22:09:00Z,,UConn Huskies,Illinois Fighting Illini,bovada,Bovada,2026-04-04T21:07:25Z,spreads,2026-04-04T21:07:25Z,Illinois Fighting Illini,-110,-2.0
2026-04-04T21:08:03.353989+00:00,the_odds_api,basketball_ncaab,107fec52e1d9d6f2f6e74f47eb1d520b,2026-04-04T22:09:00Z,,UConn Huskies,Illinois Fighting Illini,bovada,Bovada,2026-04-04T21:07:25Z,spreads,2026-04-04T21:07:25Z,UConn Huskies,-110,2.0
2026-04-04T21:08:03.353989+00:00,the_odds_api,basketball_ncaab,107fec52e1d9d6f2f6e74f47eb1d520b,2026-04-04T22:09:00Z,,UConn Huskies,Illinois Fighting Illini,bovada,Bovada,2026-04-04T21:07:25Z,totals,2026-04-04T21:07:25Z,Over,-110,138.5
2026-04-04T21:08:03.353989+00:00,the_odds_api,basketball_ncaab,107fec52e1d9d6f2f6e74f47eb1d520b,2026-04-04T22:09:00Z,,UConn Huskies,Illinois Fighting Illini,bovada,Bovada,2026-04-04T21:07:25Z,totals,2026-04-04T21:07:25Z,Under,-110,138.5
2026-04-04T21:08:03.353989+00:00,the_odds_api,basketball_ncaab,107fec52e1d9d6f2f6e74f47eb1d520b,2026-04-04T22:09:00Z,,UConn Huskies,Illinois Fighting Illini,mybookieag,MyBookie.ag,2026-04-04T21:06:04Z,h2h,2026-04-04T21:06:04Z,Illinois Fighting Illini,-139,
2026-04-04T21:08:03.353989+00:00,the_odds_api,basketball_ncaab,107fec52e1d9d6f2f6e74f47eb1d520b,2026-04-04T22:09:00Z,,UConn Huskies,Illinois Fighting Illini,mybookieag,MyBookie.ag,2026-04-04T21:06:04Z,h2h,2026-04-04T21:06:04Z,UConn Huskies,113,
2026-04-04T21:08:03.353989+00:00,the_odds_api,basketball_ncaab,107fec52e1d9d6f2f6e74f47eb1d520b,2026-04-04T22:09:00Z,,UConn Huskies,Illinois Fighting Illini,mybookieag,MyBookie.ag,2026-04-04T21:06:04Z,spreads,2026-04-04T21:06:04Z,Illinois Fighting Illini,-110,-2.0
2026-04-04T21:08:03.353989+00:00,the_odds_api,basketball_ncaab,107fec52e1d9d6f2f6e74f47eb1d520b,2026-04-04T22:09:00Z,,UConn Huskies,Illinois Fighting Illini,mybookieag,MyBookie.ag,2026-04-04T21:06:04Z,spreads,2026-04-04T21:06:04Z,UConn Huskies,-110,2.0
2026-04-04T21:08:03.353989+00:00,the_odds_api,basketball_ncaab,107fec52e1d9d6f2f6e74f47eb1d520b,2026-04-04T22:09:00Z,,UConn Huskies,Illinois Fighting Illini,mybookieag,MyBookie.ag,2026-04-04T21:06:04Z,totals,2026-04-04T21:06:04Z,Over,-110,139.0
2026-04-04T21:08:03.353989+00:00,the_odds_api,basketball_ncaab,107fec52e1d9d6f2f6e74f47eb1d520b,2026-04-04T22:09:00Z,,UConn Huskies,Illinois Fighting Illini,mybookieag,MyBookie.ag,2026-04-04T21:06:04Z,totals,2026-04-04T21:06:04Z,Under,-110,139.0
2026-04-04T21:08:03.353989+00:00,the_odds_api,basketball_ncaab,107fec52e1d9d6f2f6e74f47eb1d520b,2026-04-04T22:09:00Z,,UConn Huskies,Illinois Fighting Illini,betmgm,BetMGM,2026-04-04T21:07:57Z,h2h,2026-04-04T21:07:57Z,Illinois Fighting Illini,-130,
2026-04-04T21:08:03.353989+00:00,the_odds_api,basketball_ncaab,107fec52e1d9d6f2f6e74f47eb1d520b,2026-04-04T22:09:00Z,,UConn Huskies,Illinois Fighting Illini,betmgm,BetMGM,2026-04-04T21:07:57Z,h2h,2026-04-04T21:07:57Z,UConn Huskies,110,
2026-04-04T21:08:03.353989+00:00,the_odds_api,basketball_ncaab,107fec52e1d9d6f2f6e74f47eb1d520b,2026-04-04T22:09:00Z,,UConn Huskies,Illinois Fighting Illini,betmgm,BetMGM,2026-04-04T21:07:57Z,spreads,2026-04-04T21:07:57Z,Illinois Fighting Illini,-115,-1.5
2026-04-04T21:08:03.353989+00:00,the_odds_api,basketball_ncaab,107fec52e1d9d6f2f6e74f47eb1d520b,2026-04-04T22:09:00Z,,UConn Huskies,Illinois Fighting Illini,betmgm,BetMGM,2026-04-04T21:07:57Z,spreads,2026-04-04T21:07:57Z,UConn Huskies,-105,1.5
2026-04-04T21:08:03.353989+00:00,the_odds_api,basketball_ncaab,107fec52e1d9d6f2f6e74f47eb1d520b,2026-04-04T22:09:00Z,,UConn Huskies,Illinois Fighting Illini,betmgm,BetMGM,2026-04-04T21:07:57Z,totals,2026-04-04T21:07:57Z,Over,-105,139.5
2026-04-04T21:08:03.353989+00:00,the_odds_api,basketball_ncaab,107fec52e1d9d6f2f6e74f47eb1d520b,2026-04-04T22:09:00Z,,UConn Huskies,Illinois Fighting Illini,betmgm,BetMGM,2026-04-04T21:07:57Z,totals,2026-04-04T21:07:57Z,Under,-115,139.5
2026-04-04T21:08:03.353989+00:00,the_odds_api,basketball_ncaab,107fec52e1d9d6f2f6e74f47eb1d520b,2026-04-04T22:09:00Z,,UConn Huskies,Illinois Fighting Illini,fanatics,Fanatics,2026-04-04T21:07:56Z,h2h,2026-04-04T21:07:56Z,Illinois Fighting Illini,-140,
2026-04-04T21:08:03.353989+00:00,the_odds_api,basketball_ncaab,107fec52e1d9d6f2f6e74f47eb1d520b,2026-04-04T22:09:00Z,,UConn Huskies,Illinois Fighting Illini,fanatics,Fanatics,2026-04-04T21:07:56Z,h2h,2026-04-04T21:07:56Z,UConn Huskies,115,
2026-04-04T21:08:03.353989+00:00,the_odds_api,basketball_ncaab,107fec52e1d9d6f2f6e74f47eb1d520b,2026-04-04T22:09:00Z,,UConn Huskies,Illinois Fighting Illini,fanatics,Fanatics,2026-04-04T21:07:56Z,spreads,2026-04-04T21:07:56Z,Illinois Fighting Illini,-110,-2.0
2026-04-04T21:08:03.353989+00:00,the_odds_api,basketball_ncaab,107fec52e1d9d6f2f6e74f47eb1d520b,2026-04-04T22:09:00Z,,UConn Huskies,Illinois Fighting Illini,fanatics,Fanatics,2026-04-04T21:07:56Z,spreads,2026-04-04T21:07:56Z,UConn Huskies,-110,2.0
2026-04-04T21:08:03.353989+00:00,the_odds_api,basketball_ncaab,107fec52e1d9d6f2f6e74f47eb1d520b,2026-04-04T22:09:00Z,,UConn Huskies,Illinois Fighting Illini,fanatics,Fanatics,2026-04-04T21:07:56Z,totals,2026-04-04T21:07:56Z,Over,-110,138.5
2026-04-04T21:08:03.353989+00:00,the_odds_api,basketball_ncaab,107fec52e1d9d6f2f6e74f47eb1d520b,2026-04-04T22:09:00Z,,UConn Huskies,Illinois Fighting Illini,fanatics,Fanatics,2026-04-04T21:07:56Z,totals,2026-04-04T21:07:56Z,Under,-110,138.5
2026-04-04T21:08:03.353989+00:00,the_odds_api,basketball_ncaab,107fec52e1d9d6f2f6e74f47eb1d520b,2026-04-04T22:09:00Z,,UConn Huskies,Illinois Fighting Illini,betrivers,BetRivers,2026-04-04T21:07:31Z,h2h,2026-04-04T21:07:31Z,Illinois Fighting Illini,-143,
2026-04-04T21:08:03.353989+00:00,the_odds_api,basketball_ncaab,107fec52e1d9d6f2f6e74f47eb1d520b,2026-04-04T22:09:00Z,,UConn Huskies,Illinois Fighting Illini,betrivers,BetRivers,2026-04-04T21:07:31Z,h2h,2026-04-04T21:07:31Z,UConn Huskies,115,
2026-04-04T21:08:03.353989+00:00,the_odds_api,basketball_ncaab,107fec52e1d9d6f2f6e74f47eb1d520b,2026-04-04T22:09:00Z,,UConn Huskies,Illinois Fighting Illini,betrivers,BetRivers,2026-04-04T21:07:31Z,spreads,2026-04-04T21:07:31Z,Illinois Fighting Illini,-109,-2.5
2026-04-04T21:08:03.353989+00:00,the_odds_api,basketball_ncaab,107fec52e1d9d6f2f6e74f47eb1d520b,2026-04-04T22:09:00Z,,UConn Huskies,Illinois Fighting Illini,betrivers,BetRivers,2026-04-04T21:07:31Z,spreads,2026-04-04T21:07:31Z,UConn Huskies,-114,2.5
2026-04-04T21:08:03.353989+00:00,the_odds_api,basketball_ncaab,107fec52e1d9d6f2f6e74f47eb1d520b,2026-04-04T22:09:00Z,,UConn Huskies,Illinois Fighting Illini,betrivers,BetRivers,2026-04-04T21:07:31Z,totals,2026-04-04T21:07:31Z,Over,-113,139.5
2026-04-04T21:08:03.353989+00:00,the_odds_api,basketball_ncaab,107fec52e1d9d6f2f6e74f47eb1d520b,2026-04-04T22:09:00Z,,UConn Huskies,Illinois Fighting Illini,betrivers,BetRivers,2026-04-04T21:07:31Z,totals,2026-04-04T21:07:31Z,Under,-110,139.5
2026-04-04T21:08:03.353989+00:00,the_odds_api,basketball_ncaab,107fec52e1d9d6f2f6e74f47eb1d520b,2026-04-04T22:09:00Z,,UConn Huskies,Illinois Fighting Illini,betus,BetUS,2026-04-04T21:07:45Z,h2h,2026-04-04T21:07:45Z,Illinois Fighting Illini,-130,
2026-04-04T21:08:03.353989+00:00,the_odds_api,basketball_ncaab,107fec52e1d9d6f2f6e74f47eb1d520b,2026-04-04T22:09:00Z,,UConn Huskies,Illinois Fighting Illini,betus,BetUS,2026-04-04T21:07:45Z,h2h,2026-04-04T21:07:45Z,UConn Huskies,110,
2026-04-04T21:08:03.353989+00:00,the_odds_api,basketball_ncaab,107fec52e1d9d6f2f6e74f47eb1d520b,2026-04-04T22:09:00Z,,UConn Huskies,Illinois Fighting Illini,betus,BetUS,2026-04-04T21:07:45Z,spreads,2026-04-04T21:07:45Z,Illinois Fighting Illini,-110,-2.0
2026-04-04T21:08:03.353989+00:00,the_odds_api,basketball_ncaab,107fec52e1d9d6f2f6e74f47eb1d520b,2026-04-04T22:09:00Z,,UConn Huskies,Illinois Fighting Illini,betus,BetUS,2026-04-04T21:07:45Z,spreads,2026-04-04T21:07:45Z,UConn Huskies,-110,2.0
2026-04-04T21:08:03.353989+00:00,the_odds_api,basketball_ncaab,107fec52e1d9d6f2f6e74f47eb1d520b,2026-04-04T22:09:00Z,,UConn Huskies,Illinois Fighting Illini,betus,BetUS,2026-04-04T21:07:45Z,totals,2026-04-04T21:07:45Z,Over,-110,139.0
2026-04-04T21:08:03.353989+00:00,the_odds_api,basketball_ncaab,107fec52e1d9d6f2f6e74f47eb1d520b,2026-04-04T22:09:00Z,,UConn Huskies,Illinois Fighting Illini,betus,BetUS,2026-04-04T21:07:45Z,totals,2026-04-04T21:07:45Z,Under,-110,139.0
2026-04-04T21:08:03.353989+00:00,the_odds_api,basketball_ncaab,40afdc5450c54c90f7c6a1ab7a62cfb8,2026-04-07T01:00:00Z,,Arizona Wildcats,Illinois Fighting Illini,draftkings,DraftKings,2026-04-04T21:07:19Z,h2h,2026-04-04T21:07:19Z,Arizona Wildcats,-205,
2026-04-04T21:08:03.353989+00:00,the_odds_api,basketball_ncaab,40afdc5450c54c90f7c6a1ab7a62cfb8,2026-04-07T01:00:00Z,,Arizona Wildcats,Illinois Fighting Illini,draftkings,DraftKings,2026-04-04T21:07:19Z,h2h,2026-04-04T21:07:19Z,Illinois Fighting Illini,170,
2026-04-04T21:08:03.353989+00:00,the_odds_api,basketball_ncaab,40afdc5450c54c90f7c6a1ab7a62cfb8,2026-04-07T01:00:00Z,,Arizona Wildcats,Illinois Fighting Illini,draftkings,DraftKings,2026-04-04T21:07:19Z,spreads,2026-04-04T21:07:19Z,Arizona Wildcats,-115,-4.5
2026-04-04T21:08:03.353989+00:00,the_odds_api,basketball_ncaab,40afdc5450c54c90f7c6a1ab7a62cfb8,2026-04-07T01:00:00Z,,Arizona Wildcats,Illinois Fighting Illini,draftkings,DraftKings,2026-04-04T21:07:19Z,spreads,2026-04-04T21:07:19Z,Illinois Fighting Illini,-105,4.5
2026-04-04T21:08:03.353989+00:00,the_odds_api,basketball_ncaab,40afdc5450c54c90f7c6a1ab7a62cfb8,2026-04-07T01:00:00Z,,Arizona Wildcats,Illinois Fighting Illini,draftkings,DraftKings,2026-04-04T21:07:19Z,totals,2026-04-04T21:07:19Z,Over,-110,151.5
2026-04-04T21:08:03.353989+00:00,the_odds_api,basketball_ncaab,40afdc5450c54c90f7c6a1ab7a62cfb8,2026-04-07T01:00:00Z,,Arizona Wildcats,Illinois Fighting Illini,draftkings,DraftKings,2026-04-04T21:07:19Z,totals,2026-04-04T21:07:19Z,Under,-110,151.5
2026-04-04T21:08:03.353989+00:00,the_odds_api,basketball_ncaab,f7a81fe0cea6b743b5653106ba6e55d7,2026-04-07T01:00:00Z,,Arizona Wildcats,UConn Huskies,draftkings,DraftKings,2026-04-04T21:07:19Z,h2h,2026-04-04T21:07:19Z,Arizona Wildcats,-218,
2026-04-04T21:08:03.353989+00:00,the_odds_api,basketball_ncaab,f7a81fe0cea6b743b5653106ba6e55d7,2026-04-07T01:00:00Z,,Arizona Wildcats,UConn Huskies,draftkings,DraftKings,2026-04-04T21:07:19Z,h2h,2026-04-04T21:07:19Z,UConn Huskies,180,
2026-04-04T21:08:03.353989+00:00,the_odds_api,basketball_ncaab,f7a81fe0cea6b743b5653106ba6e55d7,2026-04-07T01:00:00Z,,Arizona Wildcats,UConn Huskies,draftkings,DraftKings,2026-04-04T21:07:19Z,spreads,2026-04-04T21:07:19Z,Arizona Wildcats,-110,-5.5
2026-04-04T21:08:03.353989+00:00,the_odds_api,basketball_ncaab,f7a81fe0cea6b743b5653106ba6e55d7,2026-04-07T01:00:00Z,,Arizona Wildcats,UConn Huskies,draftkings,DraftKings,2026-04-04T21:07:19Z,spreads,2026-04-04T21:07:19Z,UConn Huskies,-110,5.5
2026-04-04T21:08:03.353989+00:00,the_odds_api,basketball_ncaab,f7a81fe0cea6b743b5653106ba6e55d7,2026-04-07T01:00:00Z,,Arizona Wildcats,UConn Huskies,draftkings,DraftKings,2026-04-04T21:07:19Z,totals,2026-04-04T21:07:19Z,Over,-110,143.5
2026-04-04T21:08:03.353989+00:00,the_odds_api,basketball_ncaab,f7a81fe0cea6b743b5653106ba6e55d7,2026-04-07T01:00:00Z,,Arizona Wildcats,UConn Huskies,draftkings,DraftKings,2026-04-04T21:07:19Z,totals,2026-04-04T21:07:19Z,Under,-110,143.5
2026-04-04T21:08:03.353989+00:00,the_odds_api,basketball_ncaab,36dfa09baf937e01232215f6edb713a4,2026-04-07T01:00:00Z,,Michigan Wolverines,Illinois Fighting Illini,draftkings,DraftKings,2026-04-04T21:07:19Z,h2h,2026-04-04T21:07:19Z,Illinois Fighting Illini,180,
2026-04-04T21:08:03.353989+00:00,the_odds_api,basketball_ncaab,36dfa09baf937e01232215f6edb713a4,2026-04-07T01:00:00Z,,Michigan Wolverines,Illinois Fighting Illini,draftkings,DraftKings,2026-04-04T21:07:19Z,h2h,2026-04-04T21:07:19Z,Michigan Wolverines,-218,
2026-04-04T21:08:03.353989+00:00,the_odds_api,basketball_ncaab,36dfa09baf937e01232215f6edb713a4,2026-04-07T01:00:00Z,,Michigan Wolverines,Illinois Fighting Illini,draftkings,DraftKings,2026-04-04T21:07:19Z,spreads,2026-04-04T21:07:19Z,Illinois Fighting Illini,-115,5.5
2026-04-04T21:08:03.353989+00:00,the_odds_api,basketball_ncaab,36dfa09baf937e01232215f6edb713a4,2026-04-07T01:00:00Z,,Michigan Wolverines,Illinois Fighting Illini,draftkings,DraftKings,2026-04-04T21:07:19Z,spreads,2026-04-04T21:07:19Z,Michigan Wolverines,-105,-5.5
2026-04-04T21:08:03.353989+00:00,the_odds_api,basketball_ncaab,36dfa09baf937e01232215f6edb713a4,2026-04-07T01:00:00Z,,Michigan Wolverines,Illinois Fighting Illini,draftkings,DraftKings,2026-04-04T21:07:19Z,totals,2026-04-04T21:07:19Z,Over,-110,155.5
2026-04-04T21:08:03.353989+00:00,the_odds_api,basketball_ncaab,36dfa09baf937e01232215f6edb713a4,2026-04-07T01:00:00Z,,Michigan Wolverines,Illinois Fighting Illini,draftkings,DraftKings,2026-04-04T21:07:19Z,totals,2026-04-04T21:07:19Z,Under,-110,155.5
2026-04-07T02:08:24.668009+00:00,the_odds_api,basketball_ncaab,479832d80b884a38e48c830266b6238e,2026-04-07T00:51:32Z,,Michigan Wolverines,UConn Huskies,draftkings,DraftKings,2026-04-07T02:08:13Z,h2h,2026-04-07T02:08:13Z,Michigan Wolverines,-500,
2026-04-07T02:08:24.668009+00:00,the_odds_api,basketball_ncaab,479832d80b884a38e48c830266b6238e,2026-04-07T00:51:32Z,,Michigan Wolverines,UConn Huskies,draftkings,DraftKings,2026-04-07T02:08:13Z,h2h,2026-04-07T02:08:13Z,UConn Huskies,340,
2026-04-07T02:08:24.668009+00:00,the_odds_api,basketball_ncaab,479832d80b884a38e48c830266b6238e,2026-04-07T00:51:32Z,,Michigan Wolverines,UConn Huskies,draftkings,DraftKings,2026-04-07T02:08:13Z,spreads,2026-04-07T02:08:13Z,Michigan Wolverines,-125,-7.5
2026-04-07T02:08:24.668009+00:00,the_odds_api,basketball_ncaab,479832d80b884a38e48c830266b6238e,2026-04-07T00:51:32Z,,Michigan Wolverines,UConn Huskies,draftkings,DraftKings,2026-04-07T02:08:13Z,spreads,2026-04-07T02:08:13Z,UConn Huskies,-105,7.5
2026-04-07T02:08:24.668009+00:00,the_odds_api,basketball_ncaab,479832d80b884a38e48c830266b6238e,2026-04-07T00:51:32Z,,Michigan Wolverines,UConn Huskies,draftkings,DraftKings,2026-04-07T02:08:13Z,totals,2026-04-07T02:08:13Z,Over,-110,138.5
2026-04-07T02:08:24.668009+00:00,the_odds_api,basketball_ncaab,479832d80b884a38e48c830266b6238e,2026-04-07T00:51:32Z,,Michigan Wolverines,UConn Huskies,draftkings,DraftKings,2026-04-07T02:08:13Z,totals,2026-04-07T02:08:13Z,Under,-120,138.5
2026-04-04T21:08:03.353989+00:00,the_odds_api,basketball_ncaab,40afdc5450c54c90f7c6a1ab7a62cfb8,2026-04-07T01:00:00Z,,Arizona Wildcats,Illinois Fighting Illini,fanduel,FanDuel,2026-04-04T21:07:56Z,h2h,2026-04-04T21:07:56Z,Arizona Wildcats,-220,
2026-04-04T21:08:03.353989+00:00,the_odds_api,basketball_ncaab,40afdc5450c54c90f7c6a1ab7a62cfb8,2026-04-07T01:00:00Z,,Arizona Wildcats,Illinois Fighting Illini,fanduel,FanDuel,2026-04-04T21:07:56Z,h2h,2026-04-04T21:07:56Z,Illinois Fighting Illini,180,
2026-04-04T21:08:03.353989+00:00,the_odds_api,basketball_ncaab,40afdc5450c54c90f7c6a1ab7a62cfb8,2026-04-07T01:00:00Z,,Arizona Wildcats,Illinois Fighting Illini,fanduel,FanDuel,2026-04-04T21:07:56Z,spreads,2026-04-04T21:07:56Z,Arizona Wildcats,-105,-5.5
2026-04-04T21:08:03.353989+00:00,the_odds_api,basketball_ncaab,40afdc5450c54c90f7c6a1ab7a62cfb8,2026-04-07T01:00:00Z,,Arizona Wildcats,Illinois Fighting Illini,fanduel,FanDuel,2026-04-04T21:07:56Z,spreads,2026-04-04T21:07:56Z,Illinois Fighting Illini,-115,5.5
2026-04-04T21:08:03.353989+00:00,the_odds_api,basketball_ncaab,40afdc5450c54c90f7c6a1ab7a62cfb8,2026-04-07T01:00:00Z,,Arizona Wildcats,Illinois Fighting Illini,fanduel,FanDuel,2026-04-04T21:07:56Z,totals,2026-04-04T21:07:56Z,Over,-110,152.5
2026-04-04T21:08:03.353989+00:00,the_odds_api,basketball_ncaab,40afdc5450c54c90f7c6a1ab7a62cfb8,2026-04-07T01:00:00Z,,Arizona Wildcats,Illinois Fighting Illini,fanduel,FanDuel,2026-04-04T21:07:56Z,totals,2026-04-04T21:07:56Z,Under,-110,152.5
2026-04-04T21:08:03.353989+00:00,the_odds_api,basketball_ncaab,40afdc5450c54c90f7c6a1ab7a62cfb8,2026-04-07T01:00:00Z,,Arizona Wildcats,Illinois Fighting Illini,betonlineag,BetOnline.ag,2026-04-04T21:07:57Z,spreads,2026-04-04T21:07:57Z,Arizona Wildcats,-115,-4.5
2026-04-04T21:08:03.353989+00:00,the_odds_api,basketball_ncaab,40afdc5450c54c90f7c6a1ab7a62cfb8,2026-04-07T01:00:00Z,,Arizona Wildcats,Illinois Fighting Illini,betonlineag,BetOnline.ag,2026-04-04T21:07:57Z,spreads,2026-04-04T21:07:57Z,Illinois Fighting Illini,-105,4.5
2026-04-04T21:08:03.353989+00:00,the_odds_api,basketball_ncaab,40afdc5450c54c90f7c6a1ab7a62cfb8,2026-04-07T01:00:00Z,,Arizona Wildcats,Illinois Fighting Illini,betonlineag,BetOnline.ag,2026-04-04T21:07:57Z,totals,2026-04-04T21:07:57Z,Over,-110,152.0
2026-04-04T21:08:03.353989+00:00,the_odds_api,basketball_ncaab,40afdc5450c54c90f7c6a1ab7a62cfb8,2026-04-07T01:00:00Z,,Arizona Wildcats,Illinois Fighting Illini,betonlineag,BetOnline.ag,2026-04-04T21:07:57Z,totals,2026-04-04T21:07:57Z,Under,-110,152.0
2026-04-04T21:08:03.353989+00:00,the_odds_api,basketball_ncaab,40afdc5450c54c90f7c6a1ab7a62cfb8,2026-04-07T01:00:00Z,,Arizona Wildcats,Illinois Fighting Illini,lowvig,LowVig.ag,2026-04-04T21:07:31Z,spreads,2026-04-04T21:07:31Z,Arizona Wildcats,-111,-4.5
2026-04-04T21:08:03.353989+00:00,the_odds_api,basketball_ncaab,40afdc5450c54c90f7c6a1ab7a62cfb8,2026-04-07T01:00:00Z,,Arizona Wildcats,Illinois Fighting Illini,lowvig,LowVig.ag,2026-04-04T21:07:31Z,spreads,2026-04-04T21:07:31Z,Illinois Fighting Illini,-101,4.5
2026-04-04T21:08:03.353989+00:00,the_odds_api,basketball_ncaab,40afdc5450c54c90f7c6a1ab7a62cfb8,2026-04-07T01:00:00Z,,Arizona Wildcats,Illinois Fighting Illini,lowvig,LowVig.ag,2026-04-04T21:07:31Z,totals,2026-04-04T21:07:31Z,Over,-108,152.0
2026-04-04T21:08:03.353989+00:00,the_odds_api,basketball_ncaab,40afdc5450c54c90f7c6a1ab7a62cfb8,2026-04-07T01:00:00Z,,Arizona Wildcats,Illinois Fighting Illini,lowvig,LowVig.ag,2026-04-04T21:07:31Z,totals,2026-04-04T21:07:31Z,Under,-108,152.0
2026-04-04T21:08:03.353989+00:00,the_odds_api,basketball_ncaab,f7a81fe0cea6b743b5653106ba6e55d7,2026-04-07T01:00:00Z,,Arizona Wildcats,UConn Huskies,fanduel,FanDuel,2026-04-04T21:07:56Z,h2h,2026-04-04T21:07:56Z,Arizona Wildcats,-245,
2026-04-04T21:08:03.353989+00:00,the_odds_api,basketball_ncaab,f7a81fe0cea6b743b5653106ba6e55d7,2026-04-07T01:00:00Z,,Arizona Wildcats,UConn Huskies,fanduel,FanDuel,2026-04-04T21:07:56Z,h2h,2026-04-04T21:07:56Z,UConn Huskies,198,
2026-04-04T21:08:03.353989+00:00,the_odds_api,basketball_ncaab,f7a81fe0cea6b743b5653106ba6e55d7,2026-04-07T01:00:00Z,,Arizona Wildcats,UConn Huskies,fanduel,FanDuel,2026-04-04T21:07:56Z,spreads,2026-04-04T21:07:56Z,Arizona Wildcats,-115,-5.5
2026-04-04T21:08:03.353989+00:00,the_odds_api,basketball_ncaab,f7a81fe0cea6b743b5653106ba6e55d7,2026-04-07T01:00:00Z,,Arizona Wildcats,UConn Huskies,fanduel,FanDuel,2026-04-04T21:07:56Z,spreads,2026-04-04T21:07:56Z,UConn Huskies,-105,5.5
2026-04-04T21:08:03.353989+00:00,the_odds_api,basketball_ncaab,f7a81fe0cea6b743b5653106ba6e55d7,2026-04-07T01:00:00Z,,Arizona Wildcats,UConn Huskies,fanduel,FanDuel,2026-04-04T21:07:56Z,totals,2026-04-04T21:07:56Z,Over,-110,143.5
2026-04-04T21:08:03.353989+00:00,the_odds_api,basketball_ncaab,f7a81fe0cea6b743b5653106ba6e55d7,2026-04-07T01:00:00Z,,Arizona Wildcats,UConn Huskies,fanduel,FanDuel,2026-04-04T21:07:56Z,totals,2026-04-04T21:07:56Z,Under,-110,143.5
2026-04-04T21:08:03.353989+00:00,the_odds_api,basketball_ncaab,f7a81fe0cea6b743b5653106ba6e55d7,2026-04-07T01:00:00Z,,Arizona Wildcats,UConn Huskies,lowvig,LowVig.ag,2026-04-04T21:07:31Z,spreads,2026-04-04T21:07:31Z,Arizona Wildcats,-111,-5.5
2026-04-04T21:08:03.353989+00:00,the_odds_api,basketball_ncaab,f7a81fe0cea6b743b5653106ba6e55d7,2026-04-07T01:00:00Z,,Arizona Wildcats,UConn Huskies,lowvig,LowVig.ag,2026-04-04T21:07:31Z,spreads,2026-04-04T21:07:31Z,UConn Huskies,-101,5.5
2026-04-04T21:08:03.353989+00:00,the_odds_api,basketball_ncaab,f7a81fe0cea6b743b5653106ba6e55d7,2026-04-07T01:00:00Z,,Arizona Wildcats,UConn Huskies,lowvig,LowVig.ag,2026-04-04T21:07:31Z,totals,2026-04-04T21:07:31Z,Over,-108,143.5
2026-04-04T21:08:03.353989+00:00,the_odds_api,basketball_ncaab,f7a81fe0cea6b743b5653106ba6e55d7,2026-04-07T01:00:00Z,,Arizona Wildcats,UConn Huskies,lowvig,LowVig.ag,2026-04-04T21:07:31Z,totals,2026-04-04T21:07:31Z,Under,-108,143.5
2026-04-04T21:08:03.353989+00:00,the_odds_api,basketball_ncaab,f7a81fe0cea6b743b5653106ba6e55d7,2026-04-07T01:00:00Z,,Arizona Wildcats,UConn Huskies,betonlineag,BetOnline.ag,2026-04-04T21:07:57Z,spreads,2026-04-04T21:07:57Z,Arizona Wildcats,-115,-5.5
2026-04-04T21:08:03.353989+00:00,the_odds_api,basketball_ncaab,f7a81fe0cea6b743b5653106ba6e55d7,2026-04-07T01:00:00Z,,Arizona Wildcats,UConn Huskies,betonlineag,BetOnline.ag,2026-04-04T21:07:57Z,spreads,2026-04-04T21:07:57Z,UConn Huskies,-105,5.5
2026-04-04T21:08:03.353989+00:00,the_odds_api,basketball_ncaab,f7a81fe0cea6b743b5653106ba6e55d7,2026-04-07T01:00:00Z,,Arizona Wildcats,UConn Huskies,betonlineag,BetOnline.ag,2026-04-04T21:07:57Z,totals,2026-04-04T21:07:57Z,Over,-110,143.5
2026-04-04T21:08:03.353989+00:00,the_odds_api,basketball_ncaab,f7a81fe0cea6b743b5653106ba6e55d7,2026-04-07T01:00:00Z,,Arizona Wildcats,UConn Huskies,betonlineag,BetOnline.ag,2026-04-04T21:07:57Z,totals,2026-04-04T21:07:57Z,Under,-110,143.5
2026-04-04T21:08:03.353989+00:00,the_odds_api,basketball_ncaab,36dfa09baf937e01232215f6edb713a4,2026-04-07T01:00:00Z,,Michigan Wolverines,Illinois Fighting Illini,fanduel,FanDuel,2026-04-04T21:07:56Z,h2h,2026-04-04T21:07:56Z,Illinois Fighting Illini,180,
2026-04-04T21:08:03.353989+00:00,the_odds_api,basketball_ncaab,36dfa09baf937e01232215f6edb713a4,2026-04-07T01:00:00Z,,Michigan Wolverines,Illinois Fighting Illini,fanduel,FanDuel,2026-04-04T21:07:56Z,h2h,2026-04-04T21:07:56Z,Michigan Wolverines,-225,
2026-04-04T21:08:03.353989+00:00,the_odds_api,basketball_ncaab,36dfa09baf937e01232215f6edb713a4,2026-04-07T01:00:00Z,,Michigan Wolverines,Illinois Fighting Illini,fanduel,FanDuel,2026-04-04T21:07:56Z,spreads,2026-04-04T21:07:56Z,Illinois Fighting Illini,-110,5.5
2026-04-04T21:08:03.353989+00:00,the_odds_api,basketball_ncaab,36dfa09baf937e01232215f6edb713a4,2026-04-07T01:00:00Z,,Michigan Wolverines,Illinois Fighting Illini,fanduel,FanDuel,2026-04-04T21:07:56Z,spreads,2026-04-04T21:07:56Z,Michigan Wolverines,-110,-5.5
2026-04-04T21:08:03.353989+00:00,the_odds_api,basketball_ncaab,36dfa09baf937e01232215f6edb713a4,2026-04-07T01:00:00Z,,Michigan Wolverines,Illinois Fighting Illini,fanduel,FanDuel,2026-04-04T21:07:56Z,totals,2026-04-04T21:07:56Z,Over,-110,156.5
2026-04-04T21:08:03.353989+00:00,the_odds_api,basketball_ncaab,36dfa09baf937e01232215f6edb713a4,2026-04-07T01:00:00Z,,Michigan Wolverines,Illinois Fighting Illini,fanduel,FanDuel,2026-04-04T21:07:56Z,totals,2026-04-04T21:07:56Z,Under,-110,156.5
2026-04-04T21:08:03.353989+00:00,the_odds_api,basketball_ncaab,36dfa09baf937e01232215f6edb713a4,2026-04-07T01:00:00Z,,Michigan Wolverines,Illinois Fighting Illini,betonlineag,BetOnline.ag,2026-04-04T21:07:57Z,spreads,2026-04-04T21:07:57Z,Illinois Fighting Illini,-105,5.0
2026-04-04T21:08:03.353989+00:00,the_odds_api,basketball_ncaab,36dfa09baf937e01232215f6edb713a4,2026-04-07T01:00:00Z,,Michigan Wolverines,Illinois Fighting Illini,betonlineag,BetOnline.ag,2026-04-04T21:07:57Z,spreads,2026-04-04T21:07:57Z,Michigan Wolverines,-115,-5.0
2026-04-04T21:08:03.353989+00:00,the_odds_api,basketball_ncaab,36dfa09baf937e01232215f6edb713a4,2026-04-07T01:00:00Z,,Michigan Wolverines,Illinois Fighting Illini,betonlineag,BetOnline.ag,2026-04-04T21:07:57Z,totals,2026-04-04T21:07:57Z,Over,-110,155.5
2026-04-04T21:08:03.353989+00:00,the_odds_api,basketball_ncaab,36dfa09baf937e01232215f6edb713a4,2026-04-07T01:00:00Z,,Michigan Wolverines,Illinois Fighting Illini,betonlineag,BetOnline.ag,2026-04-04T21:07:57Z,totals,2026-04-04T21:07:57Z,Under,-110,155.5
2026-04-04T21:08:03.353989+00:00,the_odds_api,basketball_ncaab,36dfa09baf937e01232215f6edb713a4,2026-04-07T01:00:00Z,,Michigan Wolverines,Illinois Fighting Illini,lowvig,LowVig.ag,2026-04-04T21:07:31Z,spreads,2026-04-04T21:07:31Z,Illinois Fighting Illini,-101,5.0
2026-04-04T21:08:03.353989+00:00,the_odds_api,basketball_ncaab,36dfa09baf937e01232215f6edb713a4,2026-04-07T01:00:00Z,,Michigan Wolverines,Illinois Fighting Illini,lowvig,LowVig.ag,2026-04-04T21:07:31Z,spreads,2026-04-04T21:07:31Z,Michigan Wolverines,-111,-5.0
2026-04-04T21:08:03.353989+00:00,the_odds_api,basketball_ncaab,36dfa09baf937e01232215f6edb713a4,2026-04-07T01:00:00Z,,Michigan Wolverines,Illinois Fighting Illini,lowvig,LowVig.ag,2026-04-04T21:07:31Z,totals,2026-04-04T21:07:31Z,Over,-108,155.5
2026-04-04T21:08:03.353989+00:00,the_odds_api,basketball_ncaab,36dfa09baf937e01232215f6edb713a4,2026-04-07T01:00:00Z,,Michigan Wolverines,Illinois Fighting Illini,lowvig,LowVig.ag,2026-04-04T21:07:31Z,totals,2026-04-04T21:07:31Z,Under,-108,155.5
2026-04-07T02:08:24.668009+00:00,the_odds_api,basketball_ncaab,479832d80b884a38e48c830266b6238e,2026-04-07T00:51:32Z,,Michigan Wolverines,UConn Huskies,fanduel,FanDuel,2026-04-07T02:08:13Z,h2h,2026-04-07T02:08:13Z,Michigan Wolverines,-530,
2026-04-07T02:08:24.668009+00:00,the_odds_api,basketball_ncaab,479832d80b884a38e48c830266b6238e,2026-04-07T00:51:32Z,,Michigan Wolverines,UConn Huskies,fanduel,FanDuel,2026-04-07T02:08:13Z,h2h,2026-04-07T02:08:13Z,UConn Huskies,360,
2026-04-07T02:08:24.668009+00:00,the_odds_api,basketball_ncaab,479832d80b884a38e48c830266b6238e,2026-04-07T00:51:32Z,,Michigan Wolverines,UConn Huskies,fanduel,FanDuel,2026-04-07T02:08:13Z,spreads,2026-04-07T02:08:13Z,Michigan Wolverines,-106,-8.5
2026-04-07T02:08:24.668009+00:00,the_odds_api,basketball_ncaab,479832d80b884a38e48c830266b6238e,2026-04-07T00:51:32Z,,Michigan Wolverines,UConn Huskies,fanduel,FanDuel,2026-04-07T02:08:13Z,spreads,2026-04-07T02:08:13Z,UConn Huskies,-125,8.5
2026-04-07T02:08:24.668009+00:00,the_odds_api,basketball_ncaab,479832d80b884a38e48c830266b6238e,2026-04-07T00:51:32Z,,Michigan Wolverines,UConn Huskies,fanduel,FanDuel,2026-04-07T02:08:13Z,totals,2026-04-07T02:08:13Z,Over,-118,137.5
2026-04-07T02:08:24.668009+00:00,the_odds_api,basketball_ncaab,479832d80b884a38e48c830266b6238e,2026-04-07T00:51:32Z,,Michigan Wolverines,UConn Huskies,fanduel,FanDuel,2026-04-07T02:08:13Z,totals,2026-04-07T02:08:13Z,Under,-112,137.5
2026-04-07T00:08:40.035969+00:00,the_odds_api,basketball_ncaab,479832d80b884a38e48c830266b6238e,2026-04-07T00:50:00Z,,Michigan Wolverines,UConn Huskies,betonlineag,BetOnline.ag,2026-04-07T00:08:38Z,h2h,2026-04-07T00:08:38Z,Michigan Wolverines,-317,
2026-04-07T00:08:40.035969+00:00,the_odds_api,basketball_ncaab,479832d80b884a38e48c830266b6238e,2026-04-07T00:50:00Z,,Michigan Wolverines,UConn Huskies,betonlineag,BetOnline.ag,2026-04-07T00:08:38Z,h2h,2026-04-07T00:08:38Z,UConn Huskies,258,
2026-04-07T00:08:40.035969+00:00,the_odds_api,basketball_ncaab,479832d80b884a38e48c830266b6238e,2026-04-07T00:50:00Z,,Michigan Wolverines,UConn Huskies,betonlineag,BetOnline.ag,2026-04-07T00:08:38Z,spreads,2026-04-07T00:08:38Z,Michigan Wolverines,-107,-7.0
2026-04-07T00:08:40.035969+00:00,the_odds_api,basketball_ncaab,479832d80b884a38e48c830266b6238e,2026-04-07T00:50:00Z,,Michigan Wolverines,UConn Huskies,betonlineag,BetOnline.ag,2026-04-07T00:08:38Z,spreads,2026-04-07T00:08:38Z,UConn Huskies,-113,7.0
2026-04-07T00:08:40.035969+00:00,the_odds_api,basketball_ncaab,479832d80b884a38e48c830266b6238e,2026-04-07T00:50:00Z,,Michigan Wolverines,UConn Huskies,betonlineag,BetOnline.ag,2026-04-07T00:08:38Z,totals,2026-04-07T00:08:38Z,Over,-114,146.5
2026-04-07T00:08:40.035969+00:00,the_odds_api,basketball_ncaab,479832d80b884a38e48c830266b6238e,2026-04-07T00:50:00Z,,Michigan Wolverines,UConn Huskies,betonlineag,BetOnline.ag,2026-04-07T00:08:38Z,totals,2026-04-07T00:08:38Z,Under,-106,146.5
2026-04-07T00:08:40.035969+00:00,the_odds_api,basketball_ncaab,479832d80b884a38e48c830266b6238e,2026-04-07T00:50:00Z,,Michigan Wolverines,UConn Huskies,lowvig,LowVig.ag,2026-04-07T00:07:47Z,h2h,2026-04-07T00:07:47Z,Michigan Wolverines,-317,
2026-04-07T00:08:40.035969+00:00,the_odds_api,basketball_ncaab,479832d80b884a38e48c830266b6238e,2026-04-07T00:50:00Z,,Michigan Wolverines,UConn Huskies,lowvig,LowVig.ag,2026-04-07T00:07:47Z,h2h,2026-04-07T00:07:47Z,UConn Huskies,258,
2026-04-07T00:08:40.035969+00:00,the_odds_api,basketball_ncaab,479832d80b884a38e48c830266b6238e,2026-04-07T00:50:00Z,,Michigan Wolverines,UConn Huskies,lowvig,LowVig.ag,2026-04-07T00:07:47Z,spreads,2026-04-07T00:07:47Z,Michigan Wolverines,100,-7.0
2026-04-07T00:08:40.035969+00:00,the_odds_api,basketball_ncaab,479832d80b884a38e48c830266b6238e,2026-04-07T00:50:00Z,,Michigan Wolverines,UConn Huskies,lowvig,LowVig.ag,2026-04-07T00:07:47Z,spreads,2026-04-07T00:07:47Z,UConn Huskies,-112,7.0
2026-04-07T00:08:40.035969+00:00,the_odds_api,basketball_ncaab,479832d80b884a38e48c830266b6238e,2026-04-07T00:50:00Z,,Michigan Wolverines,UConn Huskies,lowvig,LowVig.ag,2026-04-07T00:07:47Z,totals,2026-04-07T00:07:47Z,Over,-108,146.5
2026-04-07T00:08:40.035969+00:00,the_odds_api,basketball_ncaab,479832d80b884a38e48c830266b6238e,2026-04-07T00:50:00Z,,Michigan Wolverines,UConn Huskies,lowvig,LowVig.ag,2026-04-07T00:07:47Z,totals,2026-04-07T00:07:47Z,Under,-108,146.5
2026-04-02T00:08:11.890538+00:00,the_odds_api,basketball_ncaab,c16c0d972e1c9ed5e2190c74f1a17079,2026-04-02T00:00:00Z,,Colorado Buffaloes,Oklahoma Sooners,fanatics,Fanatics,2026-04-02T00:08:01Z,h2h,2026-04-02T00:08:01Z,Colorado Buffaloes,280,
2026-04-02T00:08:11.890538+00:00,the_odds_api,basketball_ncaab,c16c0d972e1c9ed5e2190c74f1a17079,2026-04-02T00:00:00Z,,Colorado Buffaloes,Oklahoma Sooners,fanatics,Fanatics,2026-04-02T00:08:01Z,h2h,2026-04-02T00:08:01Z,Oklahoma Sooners,-425,
2026-04-02T00:08:11.890538+00:00,the_odds_api,basketball_ncaab,c16c0d972e1c9ed5e2190c74f1a17079,2026-04-02T00:00:00Z,,Colorado Buffaloes,Oklahoma Sooners,fanatics,Fanatics,2026-04-02T00:08:01Z,spreads,2026-04-02T00:08:01Z,Colorado Buffaloes,-105,8.5
2026-04-02T00:08:11.890538+00:00,the_odds_api,basketball_ncaab,c16c0d972e1c9ed5e2190c74f1a17079,2026-04-02T00:00:00Z,,Colorado Buffaloes,Oklahoma Sooners,fanatics,Fanatics,2026-04-02T00:08:01Z,spreads,2026-04-02T00:08:01Z,Oklahoma Sooners,-125,-8.5
2026-04-02T00:08:11.890538+00:00,the_odds_api,basketball_ncaab,c16c0d972e1c9ed5e2190c74f1a17079,2026-04-02T00:00:00Z,,Colorado Buffaloes,Oklahoma Sooners,fanatics,Fanatics,2026-04-02T00:08:01Z,totals,2026-04-02T00:08:01Z,Over,-130,163.5
2026-04-02T00:08:11.890538+00:00,the_odds_api,basketball_ncaab,c16c0d972e1c9ed5e2190c74f1a17079,2026-04-02T00:00:00Z,,Colorado Buffaloes,Oklahoma Sooners,fanatics,Fanatics,2026-04-02T00:08:01Z,totals,2026-04-02T00:08:01Z,Under,100,163.5
2026-04-02T00:08:11.890538+00:00,the_odds_api,basketball_ncaab,6f0765b4c7ea31444ec8a23fb86e6648,2026-04-02T02:30:00Z,,Minnesota Golden Gophers,Baylor Bears,fanatics,Fanatics,2026-04-02T00:08:01Z,h2h,2026-04-02T00:08:01Z,Baylor Bears,-180,
2026-04-02T00:08:11.890538+00:00,the_odds_api,basketball_ncaab,6f0765b4c7ea31444ec8a23fb86e6648,2026-04-02T02:30:00Z,,Minnesota Golden Gophers,Baylor Bears,fanatics,Fanatics,2026-04-02T00:08:01Z,h2h,2026-04-02T00:08:01Z,Minnesota Golden Gophers,150,
2026-04-02T00:08:11.890538+00:00,the_odds_api,basketball_ncaab,6f0765b4c7ea31444ec8a23fb86e6648,2026-04-02T02:30:00Z,,Minnesota Golden Gophers,Baylor Bears,fanatics,Fanatics,2026-04-02T00:08:01Z,spreads,2026-04-02T00:08:01Z,Baylor Bears,-110,-4.0
2026-04-02T00:08:11.890538+00:00,the_odds_api,basketball_ncaab,6f0765b4c7ea31444ec8a23fb86e6648,2026-04-02T02:30:00Z,,Minnesota Golden Gophers,Baylor Bears,fanatics,Fanatics,2026-04-02T00:08:01Z,spreads,2026-04-02T00:08:01Z,Minnesota Golden Gophers,-110,4.0
2026-04-02T00:08:11.890538+00:00,the_odds_api,basketball_ncaab,6f0765b4c7ea31444ec8a23fb86e6648,2026-04-02T02:30:00Z,,Minnesota Golden Gophers,Baylor Bears,fanatics,Fanatics,2026-04-02T00:08:01Z,totals,2026-04-02T00:08:01Z,Over,-110,147.0
2026-04-02T00:08:11.890538+00:00,the_odds_api,basketball_ncaab,6f0765b4c7ea31444ec8a23fb86e6648,2026-04-02T02:30:00Z,,Minnesota Golden Gophers,Baylor Bears,fanatics,Fanatics,2026-04-02T00:08:01Z,totals,2026-04-02T00:08:01Z,Under,-110,147.0
2026-04-02T00:08:11.890538+00:00,the_odds_api,basketball_ncaab,9bcb056972126771a4d79b063cdb1a6c,2026-04-03T00:00:00Z,,West Virginia Mountaineers,Stanford Cardinal,fanatics,Fanatics,2026-04-02T00:08:01Z,h2h,2026-04-02T00:08:01Z,Stanford Cardinal,-110,
2026-04-02T00:08:11.890538+00:00,the_odds_api,basketball_ncaab,9bcb056972126771a4d79b063cdb1a6c,2026-04-03T00:00:00Z,,West Virginia Mountaineers,Stanford Cardinal,fanatics,Fanatics,2026-04-02T00:08:01Z,h2h,2026-04-02T00:08:01Z,West Virginia Mountaineers,-110,
2026-04-02T00:08:11.890538+00:00,the_odds_api,basketball_ncaab,9bcb056972126771a4d79b063cdb1a6c,2026-04-03T00:00:00Z,,West Virginia Mountaineers,Stanford Cardinal,fanatics,Fanatics,2026-04-02T00:08:01Z,spreads,2026-04-02T00:08:01Z,Stanford Cardinal,-110,-1.0
2026-04-02T00:08:11.890538+00:00,the_odds_api,basketball_ncaab,9bcb056972126771a4d79b063cdb1a6c,2026-04-03T00:00:00Z,,West Virginia Mountaineers,Stanford Cardinal,fanatics,Fanatics,2026-04-02T00:08:01Z,spreads,2026-04-02T00:08:01Z,West Virginia Mountaineers,-110,1.0
2026-04-02T00:08:11.890538+00:00,the_odds_api,basketball_ncaab,9bcb056972126771a4d79b063cdb1a6c,2026-04-03T00:00:00Z,,West Virginia Mountaineers,Stanford Cardinal,fanatics,Fanatics,2026-04-02T00:08:01Z,totals,2026-04-02T00:08:01Z,Over,-110,136.0
2026-04-02T00:08:11.890538+00:00,the_odds_api,basketball_ncaab,9bcb056972126771a4d79b063cdb1a6c,2026-04-03T00:00:00Z,,West Virginia Mountaineers,Stanford Cardinal,fanatics,Fanatics,2026-04-02T00:08:01Z,totals,2026-04-02T00:08:01Z,Under,-110,136.0
2026-04-02T00:08:11.890538+00:00,the_odds_api,basketball_ncaab,afb08eee9f956db45e4f8c8249b5af8f,2026-04-03T02:30:00Z,,Creighton Bluejays,Rutgers Scarlet Knights,fanatics,Fanatics,2026-04-02T00:08:01Z,h2h,2026-04-02T00:08:01Z,Creighton Bluejays,-180,
2026-04-02T00:08:11.890538+00:00,the_odds_api,basketball_ncaab,afb08eee9f956db45e4f8c8249b5af8f,2026-04-03T02:30:00Z,,Creighton Bluejays,Rutgers Scarlet Knights,fanatics,Fanatics,2026-04-02T00:08:01Z,h2h,2026-04-02T00:08:01Z,Rutgers Scarlet Knights,150,
2026-04-02T00:08:11.890538+00:00,the_odds_api,basketball_ncaab,afb08eee9f956db45e4f8c8249b5af8f,2026-04-03T02:30:00Z,,Creighton Bluejays,Rutgers Scarlet Knights,fanatics,Fanatics,2026-04-02T00:08:01Z,spreads,2026-04-02T00:08:01Z,Creighton Bluejays,-110,-4.0
2026-04-02T00:08:11.890538+00:00,the_odds_api,basketball_ncaab,afb08eee9f956db45e4f8c8249b5af8f,2026-04-03T02:30:00Z,,Creighton Bluejays,Rutgers Scarlet Knights,fanatics,Fanatics,2026-04-02T00:08:01Z,spreads,2026-04-02T00:08:01Z,Rutgers Scarlet Knights,-110,4.0
2026-04-02T00:08:11.890538+00:00,the_odds_api,basketball_ncaab,afb08eee9f956db45e4f8c8249b5af8f,2026-04-03T02:30:00Z,,Creighton Bluejays,Rutgers Scarlet Knights,fanatics,Fanatics,2026-04-02T00:08:01Z,totals,2026-04-02T00:08:01Z,Over,-110,151.5
2026-04-02T00:08:11.890538+00:00,the_odds_api,basketball_ncaab,afb08eee9f956db45e4f8c8249b5af8f,2026-04-03T02:30:00Z,,Creighton Bluejays,Rutgers Scarlet Knights,fanatics,Fanatics,2026-04-02T00:08:01Z,totals,2026-04-02T00:08:01Z,Under,-110,151.5
2026-04-03T01:07:53.246416+00:00,the_odds_api,basketball_ncaab,930319d687992d02e211708973d066c7,2026-04-02T23:03:17Z,,Tulsa Golden Hurricane,New Mexico Lobos,fanatics,Fanatics,2026-04-03T01:05:29Z,h2h,2026-04-03T01:05:29Z,New Mexico Lobos,850,
2026-04-03T01:07:53.246416+00:00,the_odds_api,basketball_ncaab,930319d687992d02e211708973d066c7,2026-04-02T23:03:17Z,,Tulsa Golden Hurricane,New Mexico Lobos,fanatics,Fanatics,2026-04-03T01:05:29Z,h2h,2026-04-03T01:05:29Z,Tulsa Golden Hurricane,-1700,
2026-04-03T01:07:53.246416+00:00,the_odds_api,basketball_ncaab,930319d687992d02e211708973d066c7,2026-04-02T23:03:17Z,,Tulsa Golden Hurricane,New Mexico Lobos,fanatics,Fanatics,2026-04-03T01:05:29Z,spreads,2026-04-03T01:05:29Z,New Mexico Lobos,-115,3.5
2026-04-03T01:07:53.246416+00:00,the_odds_api,basketball_ncaab,930319d687992d02e211708973d066c7,2026-04-02T23:03:17Z,,Tulsa Golden Hurricane,New Mexico Lobos,fanatics,Fanatics,2026-04-03T01:05:29Z,spreads,2026-04-03T01:05:29Z,Tulsa Golden Hurricane,-115,-3.5
2026-04-03T02:37:41.400461+00:00,the_odds_api,basketball_ncaab,7e161041c04af752378a72c61faa0077,2026-04-03T01:47:51Z,,Auburn Tigers,Illinois St Redbirds,fanatics,Fanatics,2026-04-03T02:37:36Z,h2h,2026-04-03T02:37:36Z,Auburn Tigers,-3000,
2026-04-03T02:37:41.400461+00:00,the_odds_api,basketball_ncaab,7e161041c04af752378a72c61faa0077,2026-04-03T01:47:51Z,,Auburn Tigers,Illinois St Redbirds,fanatics,Fanatics,2026-04-03T02:37:36Z,h2h,2026-04-03T02:37:36Z,Illinois St Redbirds,1200,
2026-04-03T02:37:41.400461+00:00,the_odds_api,basketball_ncaab,7e161041c04af752378a72c61faa0077,2026-04-03T01:47:51Z,,Auburn Tigers,Illinois St Redbirds,fanatics,Fanatics,2026-04-03T02:37:36Z,spreads,2026-04-03T02:37:36Z,Auburn Tigers,-115,-14.5
2026-04-03T02:37:41.400461+00:00,the_odds_api,basketball_ncaab,7e161041c04af752378a72c61faa0077,2026-04-03T01:47:51Z,,Auburn Tigers,Illinois St Redbirds,fanatics,Fanatics,2026-04-03T02:37:36Z,spreads,2026-04-03T02:37:36Z,Illinois St Redbirds,-115,14.5
2026-04-03T02:37:41.400461+00:00,the_odds_api,basketball_ncaab,7e161041c04af752378a72c61faa0077,2026-04-03T01:47:51Z,,Auburn Tigers,Illinois St Redbirds,fanatics,Fanatics,2026-04-03T02:37:36Z,totals,2026-04-03T02:37:36Z,Over,-120,167.5
2026-04-03T02:37:41.400461+00:00,the_odds_api,basketball_ncaab,7e161041c04af752378a72c61faa0077,2026-04-03T01:47:51Z,,Auburn Tigers,Illinois St Redbirds,fanatics,Fanatics,2026-04-03T02:37:36Z,totals,2026-04-03T02:37:36Z,Under,-110,167.5
2026-04-04T17:38:13.075772+00:00,the_odds_api,basketball_ncaab,0b1d66a8749e69eed9aef423368342da,2026-04-04T17:30:00Z,,Baylor Bears,Oklahoma Sooners,betonlineag,BetOnline.ag,2026-04-04T17:36:39Z,h2h,2026-04-04T17:36:39Z,Baylor Bears,-120,
2026-04-04T17:38:13.075772+00:00,the_odds_api,basketball_ncaab,0b1d66a8749e69eed9aef423368342da,2026-04-04T17:30:00Z,,Baylor Bears,Oklahoma Sooners,betonlineag,BetOnline.ag,2026-04-04T17:36:39Z,h2h,2026-04-04T17:36:39Z,Oklahoma Sooners,100,
2026-04-04T17:38:13.075772+00:00,the_odds_api,basketball_ncaab,0b1d66a8749e69eed9aef423368342da,2026-04-04T17:30:00Z,,Baylor Bears,Oklahoma Sooners,betonlineag,BetOnline.ag,2026-04-04T17:36:39Z,spreads,2026-04-04T17:36:39Z,Baylor Bears,-110,-1.5
2026-04-04T17:38:13.075772+00:00,the_odds_api,basketball_ncaab,0b1d66a8749e69eed9aef423368342da,2026-04-04T17:30:00Z,,Baylor Bears,Oklahoma Sooners,betonlineag,BetOnline.ag,2026-04-04T17:36:39Z,spreads,2026-04-04T17:36:39Z,Oklahoma Sooners,-110,1.5
2026-04-04T17:38:13.075772+00:00,the_odds_api,basketball_ncaab,0b1d66a8749e69eed9aef423368342da,2026-04-04T17:30:00Z,,Baylor Bears,Oklahoma Sooners,betonlineag,BetOnline.ag,2026-04-04T17:36:39Z,totals,2026-04-04T17:36:39Z,Over,-112,159.5
2026-04-04T17:38:13.075772+00:00,the_odds_api,basketball_ncaab,0b1d66a8749e69eed9aef423368342da,2026-04-04T17:30:00Z,,Baylor Bears,Oklahoma Sooners,betonlineag,BetOnline.ag,2026-04-04T17:36:39Z,totals,2026-04-04T17:36:39Z,Under,-108,159.5
2026-04-04T17:38:13.075772+00:00,the_odds_api,basketball_ncaab,0b1d66a8749e69eed9aef423368342da,2026-04-04T17:30:00Z,,Baylor Bears,Oklahoma Sooners,lowvig,LowVig.ag,2026-04-04T17:36:14Z,h2h,2026-04-04T17:36:14Z,Baylor Bears,-120,
2026-04-04T17:38:13.075772+00:00,the_odds_api,basketball_ncaab,0b1d66a8749e69eed9aef423368342da,2026-04-04T17:30:00Z,,Baylor Bears,Oklahoma Sooners,lowvig,LowVig.ag,2026-04-04T17:36:14Z,h2h,2026-04-04T17:36:14Z,Oklahoma Sooners,100,
2026-04-04T17:38:13.075772+00:00,the_odds_api,basketball_ncaab,0b1d66a8749e69eed9aef423368342da,2026-04-04T17:30:00Z,,Baylor Bears,Oklahoma Sooners,lowvig,LowVig.ag,2026-04-04T17:36:14Z,spreads,2026-04-04T17:36:14Z,Baylor Bears,-106,-1.5
2026-04-04T17:38:13.075772+00:00,the_odds_api,basketball_ncaab,0b1d66a8749e69eed9aef423368342da,2026-04-04T17:30:00Z,,Baylor Bears,Oklahoma Sooners,lowvig,LowVig.ag,2026-04-04T17:36:14Z,spreads,2026-04-04T17:36:14Z,Oklahoma Sooners,-106,1.5
2026-04-04T17:38:13.075772+00:00,the_odds_api,basketball_ncaab,0b1d66a8749e69eed9aef423368342da,2026-04-04T17:30:00Z,,Baylor Bears,Oklahoma Sooners,lowvig,LowVig.ag,2026-04-04T17:36:14Z,totals,2026-04-04T17:36:14Z,Over,-110,159.5
2026-04-04T17:38:13.075772+00:00,the_odds_api,basketball_ncaab,0b1d66a8749e69eed9aef423368342da,2026-04-04T17:30:00Z,,Baylor Bears,Oklahoma Sooners,lowvig,LowVig.ag,2026-04-04T17:36:14Z,totals,2026-04-04T17:36:14Z,Under,-106,159.5
2026-04-04T19:37:59.306773+00:00,the_odds_api,basketball_ncaab,0b1d66a8749e69eed9aef423368342da,2026-04-04T17:34:00Z,,Baylor Bears,Oklahoma Sooners,williamhill_us,Caesars,2026-04-04T19:35:31Z,spreads,2026-04-04T19:35:31Z,Baylor Bears,-110,9.5
2026-04-04T19:37:59.306773+00:00,the_odds_api,basketball_ncaab,0b1d66a8749e69eed9aef423368342da,2026-04-04T17:34:00Z,,Baylor Bears,Oklahoma Sooners,williamhill_us,Caesars,2026-04-04T19:35:31Z,spreads,2026-04-04T19:35:31Z,Oklahoma Sooners,-120,-9.5
2026-04-04T19:37:59.306773+00:00,the_odds_api,basketball_ncaab,0b1d66a8749e69eed9aef423368342da,2026-04-04T17:34:00Z,,Baylor Bears,Oklahoma Sooners,fanduel,FanDuel,2026-04-04T19:36:18Z,h2h,2026-04-04T19:36:18Z,Baylor Bears,3500,
2026-04-04T19:37:59.306773+00:00,the_odds_api,basketball_ncaab,0b1d66a8749e69eed9aef423368342da,2026-04-04T17:34:00Z,,Baylor Bears,Oklahoma Sooners,fanduel,FanDuel,2026-04-04T19:36:18Z,h2h,2026-04-04T19:36:18Z,Oklahoma Sooners,-50000,
2026-04-04T19:37:59.306773+00:00,the_odds_api,basketball_ncaab,0b1d66a8749e69eed9aef423368342da,2026-04-04T17:34:00Z,,Baylor Bears,Oklahoma Sooners,fanduel,FanDuel,2026-04-04T19:36:18Z,spreads,2026-04-04T19:36:18Z,Baylor Bears,-118,9.5
2026-04-04T19:37:59.306773+00:00,the_odds_api,basketball_ncaab,0b1d66a8749e69eed9aef423368342da,2026-04-04T17:34:00Z,,Baylor Bears,Oklahoma Sooners,fanduel,FanDuel,2026-04-04T19:36:18Z,spreads,2026-04-04T19:36:18Z,Oklahoma Sooners,-112,-9.5
2026-04-04T19:37:59.306773+00:00,the_odds_api,basketball_ncaab,0b1d66a8749e69eed9aef423368342da,2026-04-04T17:34:00Z,,Baylor Bears,Oklahoma Sooners,fanduel,FanDuel,2026-04-04T19:36:18Z,totals,2026-04-04T19:36:18Z,Over,-114,159.5
2026-04-04T19:37:59.306773+00:00,the_odds_api,basketball_ncaab,0b1d66a8749e69eed9aef423368342da,2026-04-04T17:34:00Z,,Baylor Bears,Oklahoma Sooners,fanduel,FanDuel,2026-04-04T19:36:18Z,totals,2026-04-04T19:36:18Z,Under,-114,159.5
2026-04-03T02:37:41.400461+00:00,the_odds_api,basketball_ncaab,0b1d66a8749e69eed9aef423368342da,2026-04-04T17:30:00Z,,Baylor Bears,Oklahoma Sooners,bovada,Bovada,2026-04-03T02:34:25Z,h2h,2026-04-03T02:34:25Z,Baylor Bears,-105,
2026-04-03T02:37:41.400461+00:00,the_odds_api,basketball_ncaab,0b1d66a8749e69eed9aef423368342da,2026-04-04T17:30:00Z,,Baylor Bears,Oklahoma Sooners,bovada,Bovada,2026-04-03T02:34:25Z,h2h,2026-04-03T02:34:25Z,Oklahoma Sooners,-115,
2026-04-03T02:37:41.400461+00:00,the_odds_api,basketball_ncaab,0b1d66a8749e69eed9aef423368342da,2026-04-04T17:30:00Z,,Baylor Bears,Oklahoma Sooners,bovada,Bovada,2026-04-03T02:34:25Z,spreads,2026-04-03T02:34:25Z,Baylor Bears,-110,1.0
2026-04-03T02:37:41.400461+00:00,the_odds_api,basketball_ncaab,0b1d66a8749e69eed9aef423368342da,2026-04-04T17:30:00Z,,Baylor Bears,Oklahoma Sooners,bovada,Bovada,2026-04-03T02:34:25Z,spreads,2026-04-03T02:34:25Z,Oklahoma Sooners,-110,-1.0
2026-04-03T02:37:41.400461+00:00,the_odds_api,basketball_ncaab,0b1d66a8749e69eed9aef423368342da,2026-04-04T17:30:00Z,,Baylor Bears,Oklahoma Sooners,bovada,Bovada,2026-04-03T02:34:25Z,totals,2026-04-03T02:34:25Z,Over,-110,157.5
2026-04-03T02:37:41.400461+00:00,the_odds_api,basketball_ncaab,0b1d66a8749e69eed9aef423368342da,2026-04-04T17:30:00Z,,Baylor Bears,Oklahoma Sooners,bovada,Bovada,2026-04-03T02:34:25Z,totals,2026-04-03T02:34:25Z,Under,-110,157.5
2026-04-04T17:38:13.075772+00:00,the_odds_api,basketball_ncaab,0b1d66a8749e69eed9aef423368342da,2026-04-04T17:30:00Z,,Baylor Bears,Oklahoma Sooners,betus,BetUS,2026-04-04T17:30:46Z,h2h,2026-04-04T17:30:46Z,Baylor Bears,-120,
2026-04-04T17:38:13.075772+00:00,the_odds_api,basketball_ncaab,0b1d66a8749e69eed9aef423368342da,2026-04-04T17:30:00Z,,Baylor Bears,Oklahoma Sooners,betus,BetUS,2026-04-04T17:30:46Z,h2h,2026-04-04T17:30:46Z,Oklahoma Sooners,100,
2026-04-04T17:38:13.075772+00:00,the_odds_api,basketball_ncaab,0b1d66a8749e69eed9aef423368342da,2026-04-04T17:30:00Z,,Baylor Bears,Oklahoma Sooners,betus,BetUS,2026-04-04T17:30:46Z,spreads,2026-04-04T17:30:46Z,Baylor Bears,-110,-1.5
2026-04-04T17:38:13.075772+00:00,the_odds_api,basketball_ncaab,0b1d66a8749e69eed9aef423368342da,2026-04-04T17:30:00Z,,Baylor Bears,Oklahoma Sooners,betus,BetUS,2026-04-04T17:30:46Z,spreads,2026-04-04T17:30:46Z,Oklahoma Sooners,-110,1.5
2026-04-04T17:38:13.075772+00:00,the_odds_api,basketball_ncaab,0b1d66a8749e69eed9aef423368342da,2026-04-04T17:30:00Z,,Baylor Bears,Oklahoma Sooners,betus,BetUS,2026-04-04T17:30:46Z,totals,2026-04-04T17:30:46Z,Over,-110,159.5
2026-04-04T17:38:13.075772+00:00,the_odds_api,basketball_ncaab,0b1d66a8749e69eed9aef423368342da,2026-04-04T17:30:00Z,,Baylor Bears,Oklahoma Sooners,betus,BetUS,2026-04-04T17:30:46Z,totals,2026-04-04T17:30:46Z,Under,-110,159.5
2026-04-04T21:08:03.353989+00:00,the_odds_api,basketball_ncaab,cb594dfdc3259e7a3376bc1167311085,2026-04-04T20:14:00Z,,Creighton Bluejays,West Virginia Mountaineers,fanduel,FanDuel,2026-04-04T21:07:56Z,h2h,2026-04-04T21:07:56Z,Creighton Bluejays,200,
2026-04-04T21:08:03.353989+00:00,the_odds_api,basketball_ncaab,cb594dfdc3259e7a3376bc1167311085,2026-04-04T20:14:00Z,,Creighton Bluejays,West Virginia Mountaineers,fanduel,FanDuel,2026-04-04T21:07:56Z,h2h,2026-04-04T21:07:56Z,West Virginia Mountaineers,-265,
2026-04-04T21:08:03.353989+00:00,the_odds_api,basketball_ncaab,cb594dfdc3259e7a3376bc1167311085,2026-04-04T20:14:00Z,,Creighton Bluejays,West Virginia Mountaineers,fanduel,FanDuel,2026-04-04T21:07:56Z,spreads,2026-04-04T21:07:56Z,Creighton Bluejays,-106,4.5
2026-04-04T21:08:03.353989+00:00,the_odds_api,basketball_ncaab,cb594dfdc3259e7a3376bc1167311085,2026-04-04T20:14:00Z,,Creighton Bluejays,West Virginia Mountaineers,fanduel,FanDuel,2026-04-04T21:07:56Z,spreads,2026-04-04T21:07:56Z,West Virginia Mountaineers,-125,-4.5
2026-04-04T21:08:03.353989+00:00,the_odds_api,basketball_ncaab,cb594dfdc3259e7a3376bc1167311085,2026-04-04T20:14:00Z,,Creighton Bluejays,West Virginia Mountaineers,fanduel,FanDuel,2026-04-04T21:07:56Z,totals,2026-04-04T21:07:56Z,Over,-112,154.5
2026-04-04T21:08:03.353989+00:00,the_odds_api,basketball_ncaab,cb594dfdc3259e7a3376bc1167311085,2026-04-04T20:14:00Z,,Creighton Bluejays,West Virginia Mountaineers,fanduel,FanDuel,2026-04-04T21:07:56Z,totals,2026-04-04T21:07:56Z,Under,-118,154.5
2026-04-04T20:08:07.274541+00:00,the_odds_api,basketball_ncaab,cb594dfdc3259e7a3376bc1167311085,2026-04-04T20:10:00Z,,Creighton Bluejays,West Virginia Mountaineers,betonlineag,BetOnline.ag,2026-04-04T20:07:37Z,h2h,2026-04-04T20:07:37Z,Creighton Bluejays,110,
2026-04-04T20:08:07.274541+00:00,the_odds_api,basketball_ncaab,cb594dfdc3259e7a3376bc1167311085,2026-04-04T20:10:00Z,,Creighton Bluejays,West Virginia Mountaineers,betonlineag,BetOnline.ag,2026-04-04T20:07:37Z,h2h,2026-04-04T20:07:37Z,West Virginia Mountaineers,-130,
2026-04-04T20:08:07.274541+00:00,the_odds_api,basketball_ncaab,cb594dfdc3259e7a3376bc1167311085,2026-04-04T20:10:00Z,,Creighton Bluejays,West Virginia Mountaineers,betonlineag,BetOnline.ag,2026-04-04T20:07:37Z,spreads,2026-04-04T20:07:37Z,Creighton Bluejays,-111,1.5
2026-04-04T20:08:07.274541+00:00,the_odds_api,basketball_ncaab,cb594dfdc3259e7a3376bc1167311085,2026-04-04T20:10:00Z,,Creighton Bluejays,West Virginia Mountaineers,betonlineag,BetOnline.ag,2026-04-04T20:07:37Z,spreads,2026-04-04T20:07:37Z,West Virginia Mountaineers,-109,-1.5
2026-04-04T20:08:07.274541+00:00,the_odds_api,basketball_ncaab,cb594dfdc3259e7a3376bc1167311085,2026-04-04T20:10:00Z,,Creighton Bluejays,West Virginia Mountaineers,betonlineag,BetOnline.ag,2026-04-04T20:07:37Z,totals,2026-04-04T20:07:37Z,Over,-110,138.0
2026-04-04T20:08:07.274541+00:00,the_odds_api,basketball_ncaab,cb594dfdc3259e7a3376bc1167311085,2026-04-04T20:10:00Z,,Creighton Bluejays,West Virginia Mountaineers,betonlineag,BetOnline.ag,2026-04-04T20:07:37Z,totals,2026-04-04T20:07:37Z,Under,-110,138.0
2026-04-04T20:08:07.274541+00:00,the_odds_api,basketball_ncaab,cb594dfdc3259e7a3376bc1167311085,2026-04-04T20:10:00Z,,Creighton Bluejays,West Virginia Mountaineers,lowvig,LowVig.ag,2026-04-04T20:07:39Z,h2h,2026-04-04T20:07:39Z,Creighton Bluejays,110,
2026-04-04T20:08:07.274541+00:00,the_odds_api,basketball_ncaab,cb594dfdc3259e7a3376bc1167311085,2026-04-04T20:10:00Z,,Creighton Bluejays,West Virginia Mountaineers,lowvig,LowVig.ag,2026-04-04T20:07:39Z,h2h,2026-04-04T20:07:39Z,West Virginia Mountaineers,-130,
2026-04-04T20:08:07.274541+00:00,the_odds_api,basketball_ncaab,cb594dfdc3259e7a3376bc1167311085,2026-04-04T20:10:00Z,,Creighton Bluejays,West Virginia Mountaineers,lowvig,LowVig.ag,2026-04-04T20:07:39Z,spreads,2026-04-04T20:07:39Z,Creighton Bluejays,-107,1.5
2026-04-04T20:08:07.274541+00:00,the_odds_api,basketball_ncaab,cb594dfdc3259e7a3376bc1167311085,2026-04-04T20:10:00Z,,Creighton Bluejays,West Virginia Mountaineers,lowvig,LowVig.ag,2026-04-04T20:07:39Z,spreads,2026-04-04T20:07:39Z,West Virginia Mountaineers,-105,-1.5
2026-04-04T20:08:07.274541+00:00,the_odds_api,basketball_ncaab,cb594dfdc3259e7a3376bc1167311085,2026-04-04T20:10:00Z,,Creighton Bluejays,West Virginia Mountaineers,lowvig,LowVig.ag,2026-04-04T20:07:39Z,totals,2026-04-04T20:07:39Z,Over,-108,138.0
2026-04-04T20:08:07.274541+00:00,the_odds_api,basketball_ncaab,cb594dfdc3259e7a3376bc1167311085,2026-04-04T20:10:00Z,,Creighton Bluejays,West Virginia Mountaineers,lowvig,LowVig.ag,2026-04-04T20:07:39Z,totals,2026-04-04T20:07:39Z,Under,-108,138.0
2026-04-04T21:08:03.353989+00:00,the_odds_api,basketball_ncaab,cb594dfdc3259e7a3376bc1167311085,2026-04-04T20:14:00Z,,Creighton Bluejays,West Virginia Mountaineers,williamhill_us,Caesars,2026-04-04T21:07:02Z,h2h,2026-04-04T21:07:02Z,Creighton Bluejays,200,
2026-04-04T21:08:03.353989+00:00,the_odds_api,basketball_ncaab,cb594dfdc3259e7a3376bc1167311085,2026-04-04T20:14:00Z,,Creighton Bluejays,West Virginia Mountaineers,williamhill_us,Caesars,2026-04-04T21:07:02Z,h2h,2026-04-04T21:07:02Z,West Virginia Mountaineers,-260,
2026-04-04T21:08:03.353989+00:00,the_odds_api,basketball_ncaab,cb594dfdc3259e7a3376bc1167311085,2026-04-04T20:14:00Z,,Creighton Bluejays,West Virginia Mountaineers,williamhill_us,Caesars,2026-04-04T21:07:02Z,spreads,2026-04-04T21:07:02Z,Creighton Bluejays,-115,4.5
2026-04-04T21:08:03.353989+00:00,the_odds_api,basketball_ncaab,cb594dfdc3259e7a3376bc1167311085,2026-04-04T20:14:00Z,,Creighton Bluejays,West Virginia Mountaineers,williamhill_us,Caesars,2026-04-04T21:07:02Z,spreads,2026-04-04T21:07:02Z,West Virginia Mountaineers,-115,-4.5
2026-04-04T21:08:03.353989+00:00,the_odds_api,basketball_ncaab,cb594dfdc3259e7a3376bc1167311085,2026-04-04T20:14:00Z,,Creighton Bluejays,West Virginia Mountaineers,williamhill_us,Caesars,2026-04-04T21:07:02Z,totals,2026-04-04T21:07:02Z,Over,-110,154.5
2026-04-04T21:08:03.353989+00:00,the_odds_api,basketball_ncaab,cb594dfdc3259e7a3376bc1167311085,2026-04-04T20:14:00Z,,Creighton Bluejays,West Virginia Mountaineers,williamhill_us,Caesars,2026-04-04T21:07:02Z,totals,2026-04-04T21:07:02Z,Under,-120,154.5
2026-04-04T20:08:07.274541+00:00,the_odds_api,basketball_ncaab,cb594dfdc3259e7a3376bc1167311085,2026-04-04T20:10:00Z,,Creighton Bluejays,West Virginia Mountaineers,betus,BetUS,2026-04-04T20:08:01Z,h2h,2026-04-04T20:08:01Z,Creighton Bluejays,110,
2026-04-04T20:08:07.274541+00:00,the_odds_api,basketball_ncaab,cb594dfdc3259e7a3376bc1167311085,2026-04-04T20:10:00Z,,Creighton Bluejays,West Virginia Mountaineers,betus,BetUS,2026-04-04T20:08:01Z,h2h,2026-04-04T20:08:01Z,West Virginia Mountaineers,-130,
2026-04-04T20:08:07.274541+00:00,the_odds_api,basketball_ncaab,cb594dfdc3259e7a3376bc1167311085,2026-04-04T20:10:00Z,,Creighton Bluejays,West Virginia Mountaineers,betus,BetUS,2026-04-04T20:08:01Z,spreads,2026-04-04T20:08:01Z,Creighton Bluejays,-110,1.5
2026-04-04T20:08:07.274541+00:00,the_odds_api,basketball_ncaab,cb594dfdc3259e7a3376bc1167311085,2026-04-04T20:10:00Z,,Creighton Bluejays,West Virginia Mountaineers,betus,BetUS,2026-04-04T20:08:01Z,spreads,2026-04-04T20:08:01Z,West Virginia Mountaineers,-110,-1.5
2026-04-04T20:08:07.274541+00:00,the_odds_api,basketball_ncaab,cb594dfdc3259e7a3376bc1167311085,2026-04-04T20:10:00Z,,Creighton Bluejays,West Virginia Mountaineers,betus,BetUS,2026-04-04T20:08:01Z,totals,2026-04-04T20:08:01Z,Over,-110,138.0
2026-04-04T20:08:07.274541+00:00,the_odds_api,basketball_ncaab,cb594dfdc3259e7a3376bc1167311085,2026-04-04T20:10:00Z,,Creighton Bluejays,West Virginia Mountaineers,betus,BetUS,2026-04-04T20:08:01Z,totals,2026-04-04T20:08:01Z,Under,-110,138.0
2026-04-04T21:08:03.353989+00:00,the_odds_api,basketball_ncaab,707895a1de7b5895988d8cc78c5e1fe0,2026-04-06T00:00:00Z,,Auburn Tigers,Tulsa Golden Hurricane,betonlineag,BetOnline.ag,2026-04-04T21:07:57Z,h2h,2026-04-04T21:07:57Z,Auburn Tigers,-225,
2026-04-04T21:08:03.353989+00:00,the_odds_api,basketball_ncaab,707895a1de7b5895988d8cc78c5e1fe0,2026-04-06T00:00:00Z,,Auburn Tigers,Tulsa Golden Hurricane,betonlineag,BetOnline.ag,2026-04-04T21:07:57Z,h2h,2026-04-04T21:07:57Z,Tulsa Golden Hurricane,189,
2026-04-04T21:08:03.353989+00:00,the_odds_api,basketball_ncaab,707895a1de7b5895988d8cc78c5e1fe0,2026-04-06T00:00:00Z,,Auburn Tigers,Tulsa Golden Hurricane,betonlineag,BetOnline.ag,2026-04-04T21:07:57Z,spreads,2026-04-04T21:07:57Z,Auburn Tigers,-110,-5.0
2026-04-04T21:08:03.353989+00:00,the_odds_api,basketball_ncaab,707895a1de7b5895988d8cc78c5e1fe0,2026-04-06T00:00:00Z,,Auburn Tigers,Tulsa Golden Hurricane,betonlineag,BetOnline.ag,2026-04-04T21:07:57Z,spreads,2026-04-04T21:07:57Z,Tulsa Golden Hurricane,-110,5.0
2026-04-04T21:08:03.353989+00:00,the_odds_api,basketball_ncaab,707895a1de7b5895988d8cc78c5e1fe0,2026-04-06T00:00:00Z,,Auburn Tigers,Tulsa Golden Hurricane,betonlineag,BetOnline.ag,2026-04-04T21:07:57Z,totals,2026-04-04T21:07:57Z,Over,-110,160.0
2026-04-04T21:08:03.353989+00:00,the_odds_api,basketball_ncaab,707895a1de7b5895988d8cc78c5e1fe0,2026-04-06T00:00:00Z,,Auburn Tigers,Tulsa Golden Hurricane,betonlineag,BetOnline.ag,2026-04-04T21:07:57Z,totals,2026-04-04T21:07:57Z,Under,-110,160.0
2026-04-04T21:08:03.353989+00:00,the_odds_api,basketball_ncaab,707895a1de7b5895988d8cc78c5e1fe0,2026-04-06T00:00:00Z,,Auburn Tigers,Tulsa Golden Hurricane,lowvig,LowVig.ag,2026-04-04T21:07:31Z,h2h,2026-04-04T21:07:31Z,Auburn Tigers,-225,
2026-04-04T21:08:03.353989+00:00,the_odds_api,basketball_ncaab,707895a1de7b5895988d8cc78c5e1fe0,2026-04-06T00:00:00Z,,Auburn Tigers,Tulsa Golden Hurricane,lowvig,LowVig.ag,2026-04-04T21:07:31Z,h2h,2026-04-04T21:07:31Z,Tulsa Golden Hurricane,189,
2026-04-04T21:08:03.353989+00:00,the_odds_api,basketball_ncaab,707895a1de7b5895988d8cc78c5e1fe0,2026-04-06T00:00:00Z,,Auburn Tigers,Tulsa Golden Hurricane,lowvig,LowVig.ag,2026-04-04T21:07:31Z,spreads,2026-04-04T21:07:31Z,Auburn Tigers,-106,-5.0
2026-04-04T21:08:03.353989+00:00,the_odds_api,basketball_ncaab,707895a1de7b5895988d8cc78c5e1fe0,2026-04-06T00:00:00Z,,Auburn Tigers,Tulsa Golden Hurricane,lowvig,LowVig.ag,2026-04-04T21:07:31Z,spreads,2026-04-04T21:07:31Z,Tulsa Golden Hurricane,-106,5.0
2026-04-04T21:08:03.353989+00:00,the_odds_api,basketball_ncaab,707895a1de7b5895988d8cc78c5e1fe0,2026-04-06T00:00:00Z,,Auburn Tigers,Tulsa Golden Hurricane,lowvig,LowVig.ag,2026-04-04T21:07:31Z,totals,2026-04-04T21:07:31Z,Over,-108,160.0
2026-04-04T21:08:03.353989+00:00,the_odds_api,basketball_ncaab,707895a1de7b5895988d8cc78c5e1fe0,2026-04-06T00:00:00Z,,Auburn Tigers,Tulsa Golden Hurricane,lowvig,LowVig.ag,2026-04-04T21:07:31Z,totals,2026-04-04T21:07:31Z,Under,-108,160.0
2026-04-04T21:08:03.353989+00:00,the_odds_api,basketball_ncaab,707895a1de7b5895988d8cc78c5e1fe0,2026-04-06T00:00:00Z,,Auburn Tigers,Tulsa Golden Hurricane,fanduel,FanDuel,2026-04-04T21:07:56Z,h2h,2026-04-04T21:07:56Z,Auburn Tigers,-215,
2026-04-04T21:08:03.353989+00:00,the_odds_api,basketball_ncaab,707895a1de7b5895988d8cc78c5e1fe0,2026-04-06T00:00:00Z,,Auburn Tigers,Tulsa Golden Hurricane,fanduel,FanDuel,2026-04-04T21:07:56Z,h2h,2026-04-04T21:07:56Z,Tulsa Golden Hurricane,176,
2026-04-04T21:08:03.353989+00:00,the_odds_api,basketball_ncaab,707895a1de7b5895988d8cc78c5e1fe0,2026-04-06T00:00:00Z,,Auburn Tigers,Tulsa Golden Hurricane,fanduel,FanDuel,2026-04-04T21:07:56Z,spreads,2026-04-04T21:07:56Z,Auburn Tigers,-110,-5.5
2026-04-04T21:08:03.353989+00:00,the_odds_api,basketball_ncaab,707895a1de7b5895988d8cc78c5e1fe0,2026-04-06T00:00:00Z,,Auburn Tigers,Tulsa Golden Hurricane,fanduel,FanDuel,2026-04-04T21:07:56Z,spreads,2026-04-04T21:07:56Z,Tulsa Golden Hurricane,-110,5.5
2026-04-04T21:08:03.353989+00:00,the_odds_api,basketball_ncaab,707895a1de7b5895988d8cc78c5e1fe0,2026-04-06T00:00:00Z,,Auburn Tigers,Tulsa Golden Hurricane,fanduel,FanDuel,2026-04-04T21:07:56Z,totals,2026-04-04T21:07:56Z,Over,-115,160.5
2026-04-04T21:08:03.353989+00:00,the_odds_api,basketball_ncaab,707895a1de7b5895988d8cc78c5e1fe0,2026-04-06T00:00:00Z,,Auburn Tigers,Tulsa Golden Hurricane,fanduel,FanDuel,2026-04-04T21:07:56Z,totals,2026-04-04T21:07:56Z,Under,-105,160.5
2026-04-04T21:08:03.353989+00:00,the_odds_api,basketball_ncaab,707895a1de7b5895988d8cc78c5e1fe0,2026-04-06T00:00:00Z,,Auburn Tigers,Tulsa Golden Hurricane,betmgm,BetMGM,2026-04-04T21:07:57Z,h2h,2026-04-04T21:07:57Z,Auburn Tigers,-220,
2026-04-04T21:08:03.353989+00:00,the_odds_api,basketball_ncaab,707895a1de7b5895988d8cc78c5e1fe0,2026-04-06T00:00:00Z,,Auburn Tigers,Tulsa Golden Hurricane,betmgm,BetMGM,2026-04-04T21:07:57Z,h2h,2026-04-04T21:07:57Z,Tulsa Golden Hurricane,180,
2026-04-04T21:08:03.353989+00:00,the_odds_api,basketball_ncaab,707895a1de7b5895988d8cc78c5e1fe0,2026-04-06T00:00:00Z,,Auburn Tigers,Tulsa Golden Hurricane,betmgm,BetMGM,2026-04-04T21:07:57Z,spreads,2026-04-04T21:07:57Z,Auburn Tigers,-105,-5.5
2026-04-04T21:08:03.353989+00:00,the_odds_api,basketball_ncaab,707895a1de7b5895988d8cc78c5e1fe0,2026-04-06T00:00:00Z,,Auburn Tigers,Tulsa Golden Hurricane,betmgm,BetMGM,2026-04-04T21:07:57Z,spreads,2026-04-04T21:07:57Z,Tulsa Golden Hurricane,-115,5.5
2026-04-04T21:08:03.353989+00:00,the_odds_api,basketball_ncaab,707895a1de7b5895988d8cc78c5e1fe0,2026-04-06T00:00:00Z,,Auburn Tigers,Tulsa Golden Hurricane,betmgm,BetMGM,2026-04-04T21:07:57Z,totals,2026-04-04T21:07:57Z,Over,-110,160.5
2026-04-04T21:08:03.353989+00:00,the_odds_api,basketball_ncaab,707895a1de7b5895988d8cc78c5e1fe0,2026-04-06T00:00:00Z,,Auburn Tigers,Tulsa Golden Hurricane,betmgm,BetMGM,2026-04-04T21:07:57Z,totals,2026-04-04T21:07:57Z,Under,-110,160.5
2026-04-04T21:08:03.353989+00:00,the_odds_api,basketball_ncaab,707895a1de7b5895988d8cc78c5e1fe0,2026-04-06T00:00:00Z,,Auburn Tigers,Tulsa Golden Hurricane,williamhill_us,Caesars,2026-04-04T21:07:02Z,h2h,2026-04-04T21:07:02Z,Auburn Tigers,-225,
2026-04-04T21:08:03.353989+00:00,the_odds_api,basketball_ncaab,707895a1de7b5895988d8cc78c5e1fe0,2026-04-06T00:00:00Z,,Auburn Tigers,Tulsa Golden Hurricane,williamhill_us,Caesars,2026-04-04T21:07:02Z,h2h,2026-04-04T21:07:02Z,Tulsa Golden Hurricane,185,
2026-04-04T21:08:03.353989+00:00,the_odds_api,basketball_ncaab,707895a1de7b5895988d8cc78c5e1fe0,2026-04-06T00:00:00Z,,Auburn Tigers,Tulsa Golden Hurricane,williamhill_us,Caesars,2026-04-04T21:07:02Z,spreads,2026-04-04T21:07:02Z,Auburn Tigers,-110,-5.0
2026-04-04T21:08:03.353989+00:00,the_odds_api,basketball_ncaab,707895a1de7b5895988d8cc78c5e1fe0,2026-04-06T00:00:00Z,,Auburn Tigers,Tulsa Golden Hurricane,williamhill_us,Caesars,2026-04-04T21:07:02Z,spreads,2026-04-04T21:07:02Z,Tulsa Golden Hurricane,-110,5.0
2026-04-04T21:08:03.353989+00:00,the_odds_api,basketball_ncaab,707895a1de7b5895988d8cc78c5e1fe0,2026-04-06T00:00:00Z,,Auburn Tigers,Tulsa Golden Hurricane,williamhill_us,Caesars,2026-04-04T21:07:02Z,totals,2026-04-04T21:07:02Z,Over,-110,160.5
2026-04-04T21:08:03.353989+00:00,the_odds_api,basketball_ncaab,707895a1de7b5895988d8cc78c5e1fe0,2026-04-06T00:00:00Z,,Auburn Tigers,Tulsa Golden Hurricane,williamhill_us,Caesars,2026-04-04T21:07:02Z,totals,2026-04-04T21:07:02Z,Under,-110,160.5
2026-04-04T21:08:03.353989+00:00,the_odds_api,basketball_ncaab,707895a1de7b5895988d8cc78c5e1fe0,2026-04-06T00:00:00Z,,Auburn Tigers,Tulsa Golden Hurricane,draftkings,DraftKings,2026-04-04T21:07:19Z,h2h,2026-04-04T21:07:19Z,Auburn Tigers,-225,
2026-04-04T21:08:03.353989+00:00,the_odds_api,basketball_ncaab,707895a1de7b5895988d8cc78c5e1fe0,2026-04-06T00:00:00Z,,Auburn Tigers,Tulsa Golden Hurricane,draftkings,DraftKings,2026-04-04T21:07:19Z,h2h,2026-04-04T21:07:19Z,Tulsa Golden Hurricane,185,
2026-04-04T21:08:03.353989+00:00,the_odds_api,basketball_ncaab,707895a1de7b5895988d8cc78c5e1fe0,2026-04-06T00:00:00Z,,Auburn Tigers,Tulsa Golden Hurricane,draftkings,DraftKings,2026-04-04T21:07:19Z,spreads,2026-04-04T21:07:19Z,Auburn Tigers,-108,-5.5
2026-04-04T21:08:03.353989+00:00,the_odds_api,basketball_ncaab,707895a1de7b5895988d8cc78c5e1fe0,2026-04-06T00:00:00Z,,Auburn Tigers,Tulsa Golden Hurricane,draftkings,DraftKings,2026-04-04T21:07:19Z,spreads,2026-04-04T21:07:19Z,Tulsa Golden Hurricane,-112,5.5
2026-04-04T21:08:03.353989+00:00,the_odds_api,basketball_ncaab,707895a1de7b5895988d8cc78c5e1fe0,2026-04-06T00:00:00Z,,Auburn Tigers,Tulsa Golden Hurricane,draftkings,DraftKings,2026-04-04T21:07:19Z,totals,2026-04-04T21:07:19Z,Over,-108,160.5
2026-04-04T21:08:03.353989+00:00,the_odds_api,basketball_ncaab,707895a1de7b5895988d8cc78c5e1fe0,2026-04-06T00:00:00Z,,Auburn Tigers,Tulsa Golden Hurricane,draftkings,DraftKings,2026-04-04T21:07:19Z,totals,2026-04-04T21:07:19Z,Under,-112,160.5
2026-04-04T21:08:03.353989+00:00,the_odds_api,basketball_ncaab,707895a1de7b5895988d8cc78c5e1fe0,2026-04-06T00:00:00Z,,Auburn Tigers,Tulsa Golden Hurricane,betus,BetUS,2026-04-04T21:07:45Z,h2h,2026-04-04T21:07:45Z,Auburn Tigers,-225,
2026-04-04T21:08:03.353989+00:00,the_odds_api,basketball_ncaab,707895a1de7b5895988d8cc78c5e1fe0,2026-04-06T00:00:00Z,,Auburn Tigers,Tulsa Golden Hurricane,betus,BetUS,2026-04-04T21:07:45Z,h2h,2026-04-04T21:07:45Z,Tulsa Golden Hurricane,190,
2026-04-04T21:08:03.353989+00:00,the_odds_api,basketball_ncaab,707895a1de7b5895988d8cc78c5e1fe0,2026-04-06T00:00:00Z,,Auburn Tigers,Tulsa Golden Hurricane,betus,BetUS,2026-04-04T21:07:45Z,spreads,2026-04-04T21:07:45Z,Auburn Tigers,-110,-5.5
2026-04-04T21:08:03.353989+00:00,the_odds_api,basketball_ncaab,707895a1de7b5895988d8cc78c5e1fe0,2026-04-06T00:00:00Z,,Auburn Tigers,Tulsa Golden Hurricane,betus,BetUS,2026-04-04T21:07:45Z,spreads,2026-04-04T21:07:45Z,Tulsa Golden Hurricane,-110,5.5
2026-04-04T21:08:03.353989+00:00,the_odds_api,basketball_ncaab,707895a1de7b5895988d8cc78c5e1fe0,2026-04-06T00:00:00Z,,Auburn Tigers,Tulsa Golden Hurricane,betus,BetUS,2026-04-04T21:07:45Z,totals,2026-04-04T21:07:45Z,Over,-110,160.5
2026-04-04T21:08:03.353989+00:00,the_odds_api,basketball_ncaab,707895a1de7b5895988d8cc78c5e1fe0,2026-04-06T00:00:00Z,,Auburn Tigers,Tulsa Golden Hurricane,betus,BetUS,2026-04-04T21:07:45Z,totals,2026-04-04T21:07:45Z,Under,-110,160.5
2026-04-04T10:08:08.191207+00:00,the_odds_api,basketball_ncaab,0b1d66a8749e69eed9aef423368342da,2026-04-04T17:30:00Z,,Baylor Bears,Oklahoma Sooners,fanatics,Fanatics,2026-04-04T10:07:41Z,h2h,2026-04-04T10:07:41Z,Baylor Bears,-110,
2026-04-04T10:08:08.191207+00:00,the_odds_api,basketball_ncaab,0b1d66a8749e69eed9aef423368342da,2026-04-04T17:30:00Z,,Baylor Bears,Oklahoma Sooners,fanatics,Fanatics,2026-04-04T10:07:41Z,h2h,2026-04-04T10:07:41Z,Oklahoma Sooners,-110,
2026-04-04T10:08:08.191207+00:00,the_odds_api,basketball_ncaab,0b1d66a8749e69eed9aef423368342da,2026-04-04T17:30:00Z,,Baylor Bears,Oklahoma Sooners,fanatics,Fanatics,2026-04-04T10:07:41Z,spreads,2026-04-04T10:07:41Z,Baylor Bears,-110,-1.0
2026-04-04T10:08:08.191207+00:00,the_odds_api,basketball_ncaab,0b1d66a8749e69eed9aef423368342da,2026-04-04T17:30:00Z,,Baylor Bears,Oklahoma Sooners,fanatics,Fanatics,2026-04-04T10:07:41Z,spreads,2026-04-04T10:07:41Z,Oklahoma Sooners,-110,1.0
2026-04-04T10:08:08.191207+00:00,the_odds_api,basketball_ncaab,0b1d66a8749e69eed9aef423368342da,2026-04-04T17:30:00Z,,Baylor Bears,Oklahoma Sooners,fanatics,Fanatics,2026-04-04T10:07:41Z,totals,2026-04-04T10:07:41Z,Over,-110,158.0
2026-04-04T10:08:08.191207+00:00,the_odds_api,basketball_ncaab,0b1d66a8749e69eed9aef423368342da,2026-04-04T17:30:00Z,,Baylor Bears,Oklahoma Sooners,fanatics,Fanatics,2026-04-04T10:07:41Z,totals,2026-04-04T10:07:41Z,Under,-110,158.0
2026-04-04T10:08:08.191207+00:00,the_odds_api,basketball_ncaab,cb594dfdc3259e7a3376bc1167311085,2026-04-04T20:00:00Z,,Creighton Bluejays,West Virginia Mountaineers,fanatics,Fanatics,2026-04-04T10:07:41Z,h2h,2026-04-04T10:07:41Z,Creighton Bluejays,-115,
2026-04-04T10:08:08.191207+00:00,the_odds_api,basketball_ncaab,cb594dfdc3259e7a3376bc1167311085,2026-04-04T20:00:00Z,,Creighton Bluejays,West Virginia Mountaineers,fanatics,Fanatics,2026-04-04T10:07:41Z,h2h,2026-04-04T10:07:41Z,West Virginia Mountaineers,-105,
2026-04-04T10:08:08.191207+00:00,the_odds_api,basketball_ncaab,cb594dfdc3259e7a3376bc1167311085,2026-04-04T20:00:00Z,,Creighton Bluejays,West Virginia Mountaineers,fanatics,Fanatics,2026-04-04T10:07:41Z,spreads,2026-04-04T10:07:41Z,Creighton Bluejays,-110,-1.0
2026-04-04T10:08:08.191207+00:00,the_odds_api,basketball_ncaab,cb594dfdc3259e7a3376bc1167311085,2026-04-04T20:00:00Z,,Creighton Bluejays,West Virginia Mountaineers,fanatics,Fanatics,2026-04-04T10:07:41Z,spreads,2026-04-04T10:07:41Z,West Virginia Mountaineers,-110,1.0
2026-04-04T10:08:08.191207+00:00,the_odds_api,basketball_ncaab,cb594dfdc3259e7a3376bc1167311085,2026-04-04T20:00:00Z,,Creighton Bluejays,West Virginia Mountaineers,fanatics,Fanatics,2026-04-04T10:07:41Z,totals,2026-04-04T10:07:41Z,Over,-110,135.5
2026-04-04T10:08:08.191207+00:00,the_odds_api,basketball_ncaab,cb594dfdc3259e7a3376bc1167311085,2026-04-04T20:00:00Z,,Creighton Bluejays,West Virginia Mountaineers,fanatics,Fanatics,2026-04-04T10:07:41Z,totals,2026-04-04T10:07:41Z,Under,-110,135.5
2026-04-04T19:37:59.306773+00:00,the_odds_api,basketball_ncaab,0b1d66a8749e69eed9aef423368342da,2026-04-04T17:34:00Z,,Baylor Bears,Oklahoma Sooners,draftkings,DraftKings,2026-04-04T19:37:19Z,h2h,2026-04-04T19:37:19Z,Baylor Bears,4000,
2026-04-04T19:37:59.306773+00:00,the_odds_api,basketball_ncaab,0b1d66a8749e69eed9aef423368342da,2026-04-04T17:34:00Z,,Baylor Bears,Oklahoma Sooners,draftkings,DraftKings,2026-04-04T19:37:19Z,h2h,2026-04-04T19:37:19Z,Oklahoma Sooners,-100000,
2026-04-04T19:37:59.306773+00:00,the_odds_api,basketball_ncaab,0b1d66a8749e69eed9aef423368342da,2026-04-04T17:34:00Z,,Baylor Bears,Oklahoma Sooners,draftkings,DraftKings,2026-04-04T19:37:19Z,spreads,2026-04-04T19:37:19Z,Baylor Bears,-105,7.5
2026-04-04T19:37:59.306773+00:00,the_odds_api,basketball_ncaab,0b1d66a8749e69eed9aef423368342da,2026-04-04T17:34:00Z,,Baylor Bears,Oklahoma Sooners,draftkings,DraftKings,2026-04-04T19:37:19Z,spreads,2026-04-04T19:37:19Z,Oklahoma Sooners,-125,-7.5
2026-04-04T19:37:59.306773+00:00,the_odds_api,basketball_ncaab,0b1d66a8749e69eed9aef423368342da,2026-04-04T17:34:00Z,,Baylor Bears,Oklahoma Sooners,draftkings,DraftKings,2026-04-04T19:37:19Z,totals,2026-04-04T19:37:19Z,Over,-125,157.5
2026-04-04T19:37:59.306773+00:00,the_odds_api,basketball_ncaab,0b1d66a8749e69eed9aef423368342da,2026-04-04T17:34:00Z,,Baylor Bears,Oklahoma Sooners,draftkings,DraftKings,2026-04-04T19:37:19Z,totals,2026-04-04T19:37:19Z,Under,-105,157.5
2026-04-04T21:08:03.353989+00:00,the_odds_api,basketball_ncaab,cb594dfdc3259e7a3376bc1167311085,2026-04-04T20:14:00Z,,Creighton Bluejays,West Virginia Mountaineers,draftkings,DraftKings,2026-04-04T21:07:19Z,h2h,2026-04-04T21:07:19Z,Creighton Bluejays,200,
2026-04-04T21:08:03.353989+00:00,the_odds_api,basketball_ncaab,cb594dfdc3259e7a3376bc1167311085,2026-04-04T20:14:00Z,,Creighton Bluejays,West Virginia Mountaineers,draftkings,DraftKings,2026-04-04T21:07:19Z,h2h,2026-04-04T21:07:19Z,West Virginia Mountaineers,-270,
2026-04-04T21:08:03.353989+00:00,the_odds_api,basketball_ncaab,cb594dfdc3259e7a3376bc1167311085,2026-04-04T20:14:00Z,,Creighton Bluejays,West Virginia Mountaineers,draftkings,DraftKings,2026-04-04T21:07:19Z,spreads,2026-04-04T21:07:19Z,Creighton Bluejays,-110,4.5
2026-04-04T21:08:03.353989+00:00,the_odds_api,basketball_ncaab,cb594dfdc3259e7a3376bc1167311085,2026-04-04T20:14:00Z,,Creighton Bluejays,West Virginia Mountaineers,draftkings,DraftKings,2026-04-04T21:07:19Z,spreads,2026-04-04T21:07:19Z,West Virginia Mountaineers,-120,-4.5
2026-04-04T21:08:03.353989+00:00,the_odds_api,basketball_ncaab,cb594dfdc3259e7a3376bc1167311085,2026-04-04T20:14:00Z,,Creighton Bluejays,West Virginia Mountaineers,draftkings,DraftKings,2026-04-04T21:07:19Z,totals,2026-04-04T21:07:19Z,Over,-110,154.5
2026-04-04T21:08:03.353989+00:00,the_odds_api,basketball_ncaab,cb594dfdc3259e7a3376bc1167311085,2026-04-04T20:14:00Z,,Creighton Bluejays,West Virginia Mountaineers,draftkings,DraftKings,2026-04-04T21:07:19Z,totals,2026-04-04T21:07:19Z,Under,-120,154.5
2026-04-07T02:08:24.668009+00:00,the_odds_api,basketball_ncaab,479832d80b884a38e48c830266b6238e,2026-04-07T00:51:32Z,,Michigan Wolverines,UConn Huskies,betrivers,BetRivers,2026-04-07T02:08:13Z,h2h,2026-04-07T02:08:13Z,Michigan Wolverines,-590,
2026-04-07T02:08:24.668009+00:00,the_odds_api,basketball_ncaab,479832d80b884a38e48c830266b6238e,2026-04-07T00:51:32Z,,Michigan Wolverines,UConn Huskies,betrivers,BetRivers,2026-04-07T02:08:13Z,h2h,2026-04-07T02:08:13Z,UConn Huskies,350,
2026-04-07T02:08:24.668009+00:00,the_odds_api,basketball_ncaab,479832d80b884a38e48c830266b6238e,2026-04-07T00:51:32Z,,Michigan Wolverines,UConn Huskies,betrivers,BetRivers,2026-04-07T02:08:13Z,spreads,2026-04-07T02:08:13Z,Michigan Wolverines,-121,-7.5
2026-04-07T02:08:24.668009+00:00,the_odds_api,basketball_ncaab,479832d80b884a38e48c830266b6238e,2026-04-07T00:51:32Z,,Michigan Wolverines,UConn Huskies,betrivers,BetRivers,2026-04-07T02:08:13Z,spreads,2026-04-07T02:08:13Z,UConn Huskies,-118,7.5
2026-04-07T02:08:24.668009+00:00,the_odds_api,basketball_ncaab,479832d80b884a38e48c830266b6238e,2026-04-07T00:51:32Z,,Michigan Wolverines,UConn Huskies,betrivers,BetRivers,2026-04-07T02:08:13Z,totals,2026-04-07T02:08:13Z,Over,-121,137.5
2026-04-07T02:08:24.668009+00:00,the_odds_api,basketball_ncaab,479832d80b884a38e48c830266b6238e,2026-04-07T00:51:32Z,,Michigan Wolverines,UConn Huskies,betrivers,BetRivers,2026-04-07T02:08:13Z,totals,2026-04-07T02:08:13Z,Under,-118,137.5
2026-04-07T02:08:24.668009+00:00,the_odds_api,basketball_ncaab,479832d80b884a38e48c830266b6238e,2026-04-07T00:51:32Z,,Michigan Wolverines,UConn Huskies,betmgm,BetMGM,2026-04-07T02:07:48Z,h2h,2026-04-07T02:07:48Z,Michigan Wolverines,-475,
2026-04-07T02:08:24.668009+00:00,the_odds_api,basketball_ncaab,479832d80b884a38e48c830266b6238e,2026-04-07T00:51:32Z,,Michigan Wolverines,UConn Huskies,betmgm,BetMGM,2026-04-07T02:07:48Z,h2h,2026-04-07T02:07:48Z,UConn Huskies,333,
2026-04-07T02:08:24.668009+00:00,the_odds_api,basketball_ncaab,479832d80b884a38e48c830266b6238e,2026-04-07T00:51:32Z,,Michigan Wolverines,UConn Huskies,betmgm,BetMGM,2026-04-07T02:07:48Z,spreads,2026-04-07T02:07:48Z,Michigan Wolverines,-118,-7.5
2026-04-07T02:08:24.668009+00:00,the_odds_api,basketball_ncaab,479832d80b884a38e48c830266b6238e,2026-04-07T00:51:32Z,,Michigan Wolverines,UConn Huskies,betmgm,BetMGM,2026-04-07T02:07:48Z,spreads,2026-04-07T02:07:48Z,UConn Huskies,-110,7.5
2026-04-07T02:08:24.668009+00:00,the_odds_api,basketball_ncaab,479832d80b884a38e48c830266b6238e,2026-04-07T00:51:32Z,,Michigan Wolverines,UConn Huskies,betmgm,BetMGM,2026-04-07T02:07:48Z,totals,2026-04-07T02:07:48Z,Over,-110,138.5
2026-04-07T02:08:24.668009+00:00,the_odds_api,basketball_ncaab,479832d80b884a38e48c830266b6238e,2026-04-07T00:51:32Z,,Michigan Wolverines,UConn Huskies,betmgm,BetMGM,2026-04-07T02:07:48Z,totals,2026-04-07T02:07:48Z,Under,-118,138.5
2026-04-07T02:08:24.668009+00:00,the_odds_api,basketball_ncaab,479832d80b884a38e48c830266b6238e,2026-04-07T00:51:32Z,,Michigan Wolverines,UConn Huskies,williamhill_us,Caesars,2026-04-07T02:07:31Z,h2h,2026-04-07T02:07:31Z,Michigan Wolverines,-500,
2026-04-07T02:08:24.668009+00:00,the_odds_api,basketball_ncaab,479832d80b884a38e48c830266b6238e,2026-04-07T00:51:32Z,,Michigan Wolverines,UConn Huskies,williamhill_us,Caesars,2026-04-07T02:07:31Z,h2h,2026-04-07T02:07:31Z,UConn Huskies,350,
2026-04-07T02:08:24.668009+00:00,the_odds_api,basketball_ncaab,479832d80b884a38e48c830266b6238e,2026-04-07T00:51:32Z,,Michigan Wolverines,UConn Huskies,williamhill_us,Caesars,2026-04-07T02:07:31Z,spreads,2026-04-07T02:07:31Z,Michigan Wolverines,-115,-8.0
2026-04-07T02:08:24.668009+00:00,the_odds_api,basketball_ncaab,479832d80b884a38e48c830266b6238e,2026-04-07T00:51:32Z,,Michigan Wolverines,UConn Huskies,williamhill_us,Caesars,2026-04-07T02:07:31Z,spreads,2026-04-07T02:07:31Z,UConn Huskies,-115,8.0
2026-04-07T02:08:24.668009+00:00,the_odds_api,basketball_ncaab,479832d80b884a38e48c830266b6238e,2026-04-07T00:51:32Z,,Michigan Wolverines,UConn Huskies,williamhill_us,Caesars,2026-04-07T02:07:31Z,totals,2026-04-07T02:07:31Z,Over,-115,137.5
2026-04-07T02:08:24.668009+00:00,the_odds_api,basketball_ncaab,479832d80b884a38e48c830266b6238e,2026-04-07T00:51:32Z,,Michigan Wolverines,UConn Huskies,williamhill_us,Caesars,2026-04-07T02:07:31Z,totals,2026-04-07T02:07:31Z,Under,-115,137.5
2026-04-07T02:08:24.668009+00:00,the_odds_api,basketball_ncaab,479832d80b884a38e48c830266b6238e,2026-04-07T00:51:32Z,,Michigan Wolverines,UConn Huskies,fanatics,Fanatics,2026-04-07T02:08:13Z,h2h,2026-04-07T02:08:13Z,Michigan Wolverines,-500,
2026-04-07T02:08:24.668009+00:00,the_odds_api,basketball_ncaab,479832d80b884a38e48c830266b6238e,2026-04-07T00:51:32Z,,Michigan Wolverines,UConn Huskies,fanatics,Fanatics,2026-04-07T02:08:13Z,h2h,2026-04-07T02:08:13Z,UConn Huskies,330,
2026-04-07T02:08:24.668009+00:00,the_odds_api,basketball_ncaab,479832d80b884a38e48c830266b6238e,2026-04-07T00:51:32Z,,Michigan Wolverines,UConn Huskies,fanatics,Fanatics,2026-04-07T02:08:13Z,spreads,2026-04-07T02:08:13Z,Michigan Wolverines,-125,-7.5
2026-04-07T02:08:24.668009+00:00,the_odds_api,basketball_ncaab,479832d80b884a38e48c830266b6238e,2026-04-07T00:51:32Z,,Michigan Wolverines,UConn Huskies,fanatics,Fanatics,2026-04-07T02:08:13Z,spreads,2026-04-07T02:08:13Z,UConn Huskies,-105,7.5
2026-04-07T02:08:24.668009+00:00,the_odds_api,basketball_ncaab,479832d80b884a38e48c830266b6238e,2026-04-07T00:51:32Z,,Michigan Wolverines,UConn Huskies,fanatics,Fanatics,2026-04-07T02:08:13Z,totals,2026-04-07T02:08:13Z,Over,-120,137.5
2026-04-07T02:08:24.668009+00:00,the_odds_api,basketball_ncaab,479832d80b884a38e48c830266b6238e,2026-04-07T00:51:32Z,,Michigan Wolverines,UConn Huskies,fanatics,Fanatics,2026-04-07T02:08:13Z,totals,2026-04-07T02:08:13Z,Under,-110,137.5
2026-04-07T02:08:24.668009+00:00,the_odds_api,basketball_ncaab,479832d80b884a38e48c830266b6238e,2026-04-07T00:51:32Z,,Michigan Wolverines,UConn Huskies,bovada,Bovada,2026-04-07T02:01:35Z,h2h,2026-04-07T02:01:35Z,Michigan Wolverines,-460,
2026-04-07T02:08:24.668009+00:00,the_odds_api,basketball_ncaab,479832d80b884a38e48c830266b6238e,2026-04-07T00:51:32Z,,Michigan Wolverines,UConn Huskies,bovada,Bovada,2026-04-07T02:01:35Z,h2h,2026-04-07T02:01:35Z,UConn Huskies,305,
2026-04-07T02:08:24.668009+00:00,the_odds_api,basketball_ncaab,479832d80b884a38e48c830266b6238e,2026-04-07T00:51:32Z,,Michigan Wolverines,UConn Huskies,bovada,Bovada,2026-04-07T02:01:35Z,spreads,2026-04-07T02:01:35Z,Michigan Wolverines,-115,-7.5
2026-04-07T02:08:24.668009+00:00,the_odds_api,basketball_ncaab,479832d80b884a38e48c830266b6238e,2026-04-07T00:51:32Z,,Michigan Wolverines,UConn Huskies,bovada,Bovada,2026-04-07T02:01:35Z,spreads,2026-04-07T02:01:35Z,UConn Huskies,-115,7.5
2026-04-07T02:08:24.668009+00:00,the_odds_api,basketball_ncaab,479832d80b884a38e48c830266b6238e,2026-04-07T00:51:32Z,,Michigan Wolverines,UConn Huskies,bovada,Bovada,2026-04-07T02:01:35Z,totals,2026-04-07T02:01:35Z,Over,-110,137.5
2026-04-07T02:08:24.668009+00:00,the_odds_api,basketball_ncaab,479832d80b884a38e48c830266b6238e,2026-04-07T00:51:32Z,,Michigan Wolverines,UConn Huskies,bovada,Bovada,2026-04-07T02:01:35Z,totals,2026-04-07T02:01:35Z,Under,-120,137.5
2026-04-07T02:08:24.668009+00:00,the_odds_api,basketball_ncaab,479832d80b884a38e48c830266b6238e,2026-04-07T00:51:32Z,,Michigan Wolverines,UConn Huskies,mybookieag,MyBookie.ag,2026-04-07T02:08:24Z,h2h,2026-04-07T02:08:24Z,Michigan Wolverines,-455,
2026-04-07T02:08:24.668009+00:00,the_odds_api,basketball_ncaab,479832d80b884a38e48c830266b6238e,2026-04-07T00:51:32Z,,Michigan Wolverines,UConn Huskies,mybookieag,MyBookie.ag,2026-04-07T02:08:24Z,h2h,2026-04-07T02:08:24Z,UConn Huskies,295,
2026-04-07T02:08:24.668009+00:00,the_odds_api,basketball_ncaab,479832d80b884a38e48c830266b6238e,2026-04-07T00:51:32Z,,Michigan Wolverines,UConn Huskies,mybookieag,MyBookie.ag,2026-04-07T02:08:24Z,spreads,2026-04-07T02:08:24Z,Michigan Wolverines,-118,-7.5
2026-04-07T02:08:24.668009+00:00,the_odds_api,basketball_ncaab,479832d80b884a38e48c830266b6238e,2026-04-07T00:51:32Z,,Michigan Wolverines,UConn Huskies,mybookieag,MyBookie.ag,2026-04-07T02:08:24Z,spreads,2026-04-07T02:08:24Z,UConn Huskies,-118,7.5
2026-04-07T02:08:24.668009+00:00,the_odds_api,basketball_ncaab,479832d80b884a38e48c830266b6238e,2026-04-07T00:51:32Z,,Michigan Wolverines,UConn Huskies,mybookieag,MyBookie.ag,2026-04-07T02:08:24Z,totals,2026-04-07T02:08:24Z,Over,-111,138.5
2026-04-07T02:08:24.668009+00:00,the_odds_api,basketball_ncaab,479832d80b884a38e48c830266b6238e,2026-04-07T00:51:32Z,,Michigan Wolverines,UConn Huskies,mybookieag,MyBookie.ag,2026-04-07T02:08:24Z,totals,2026-04-07T02:08:24Z,Under,-125,138.5
2026-04-07T00:08:40.035969+00:00,the_odds_api,basketball_ncaab,479832d80b884a38e48c830266b6238e,2026-04-07T00:50:00Z,,Michigan Wolverines,UConn Huskies,betus,BetUS,2026-04-07T00:08:23Z,h2h,2026-04-07T00:08:23Z,Michigan Wolverines,-315,
2026-04-07T00:08:40.035969+00:00,the_odds_api,basketball_ncaab,479832d80b884a38e48c830266b6238e,2026-04-07T00:50:00Z,,Michigan Wolverines,UConn Huskies,betus,BetUS,2026-04-07T00:08:23Z,h2h,2026-04-07T00:08:23Z,UConn Huskies,258,
2026-04-07T00:08:40.035969+00:00,the_odds_api,basketball_ncaab,479832d80b884a38e48c830266b6238e,2026-04-07T00:50:00Z,,Michigan Wolverines,UConn Huskies,betus,BetUS,2026-04-07T00:08:23Z,spreads,2026-04-07T00:08:23Z,Michigan Wolverines,-105,-7.0
2026-04-07T00:08:40.035969+00:00,the_odds_api,basketball_ncaab,479832d80b884a38e48c830266b6238e,2026-04-07T00:50:00Z,,Michigan Wolverines,UConn Huskies,betus,BetUS,2026-04-07T00:08:23Z,spreads,2026-04-07T00:08:23Z,UConn Huskies,-115,7.0
2026-04-07T00:08:40.035969+00:00,the_odds_api,basketball_ncaab,479832d80b884a38e48c830266b6238e,2026-04-07T00:50:00Z,,Michigan Wolverines,UConn Huskies,betus,BetUS,2026-04-07T00:08:23Z,totals,2026-04-07T00:08:23Z,Over,-110,146.5
2026-04-07T00:08:40.035969+00:00,the_odds_api,basketball_ncaab,479832d80b884a38e48c830266b6238e,2026-04-07T00:50:00Z,,Michigan Wolverines,UConn Huskies,betus,BetUS,2026-04-07T00:08:23Z,totals,2026-04-07T00:08:23Z,Under,-110,146.5
