league,game_id,odds_event_id,game_date,commence_time,home_team,away_team,home_team_key,away_team_key,status,status_state,completed,home_score,away_score,espn_game_id,venue,source_system,has_schedule_match,odds_event_count,bookmaker_count,market_count,has_h2h,has_spreads,has_totals
ncaaf,20740de7481ec1f20c2efbc30852f6c6,20740de7481ec1f20c2efbc30852f6c6,2025-08-23,2025-08-23T16:07:00Z,Kansas State Wildcats,Iowa State Cyclones,KSW,ISC,,,0,,,,,odds_api_flattened,false,66,11,3,true,true,true
ncaaf,aebbca630f1fa214f2a7ede77b7cbe00,aebbca630f1fa214f2a7ede77b7cbe00,2025-08-23,2025-08-23T20:00:00Z,UNLV Rebels,Idaho State Bengals,UR,ISB,,,0,,,,,odds_api_flattened,false,46,10,3,true,true,true
ncaaf,bc9ca531af3bbd6fcb8271267655450e,bc9ca531af3bbd6fcb8271267655450e,2025-08-23,2025-08-23T22:30:00Z,Kansas Jayhawks,Fresno State Bulldogs,KJ,FSB,,,0,,,,,odds_api_flattened,false,66,11,3,true,true,true
ncaaf,69b92f6edcf58ce33ac39d43bc1f21a5,69b92f6edcf58ce33ac39d43bc1f21a5,2025-08-23,2025-08-23T23:00:00Z,Western Kentucky Hilltoppers,Sam Houston State Bearkats,WKH,SHS,,,0,,,,,odds_api_flattened,false,66,11,3,true,true,true
ncaaf,f88be3eb99624912fed9f8dfc9c3b017,f88be3eb99624912fed9f8dfc9c3b017,2025-08-23,2025-08-23T23:30:00Z,Hawaii Rainbow Warriors,Stanford Cardinal,HRW,SC,,,0,,,,,odds_api_flattened,false,66,11,3,true,true,true
ncaaf,ba3ec216f7117a8f9acbef2fe092c87b,ba3ec216f7117a8f9acbef2fe092c87b,2025-08-28,2025-08-28T21:30:00Z,South Florida Bulls,Boise State Broncos,SFB,BSB,,,0,,,,,odds_api_flattened,false,66,11,3,true,true,true
ncaaf,0340d587efabc6bbf7114392cb51dfd5,0340d587efabc6bbf7114392cb51dfd5,2025-08-28,2025-08-28T22:00:00Z,Rutgers Scarlet Knights,Ohio Bobcats,RSK,OB,,,0,,,,,odds_api_flattened,false,60,10,3,true,true,true
ncaaf,d7ab1b23eca061461501011f6d913b89,d7ab1b23eca061461501011f6d913b89,2025-08-28,2025-08-28T22:05:00Z,Bowling Green Falcons,Lafayette Leopards,BGF,LL,,,0,,,,,odds_api_flattened,false,52,10,3,true,true,true
ncaaf,03799e82b32ca4fb9dd248a037685d38,03799e82b32ca4fb9dd248a037685d38,2025-08-28,2025-08-28T23:00:00Z,Akron Zips,Wyoming Cowboys,AZ,WC,,,0,,,,,odds_api_flattened,false,66,11,3,true,true,true
ncaaf,05a8d6ea14b00a0173aef3a7114468ae,05a8d6ea14b00a0173aef3a7114468ae,2025-08-28,2025-08-28T23:00:00Z,UL Monroe Warhawks,St. Francis (PA) Red Flash,UMW,SFP,,,0,,,,,odds_api_flattened,false,44,10,3,true,true,true
ncaaf,6e308b5e56e38cfe79a4f6b4783e1bfc,6e308b5e56e38cfe79a4f6b4783e1bfc,2025-08-28,2025-08-28T23:00:00Z,NC State Wolfpack,East Carolina Pirates,NSW,ECP,,,0,,,,,odds_api_flattened,false,66,11,3,true,true,true
ncaaf,5b752439ba344f0fbe7c47649e41f2ad,5b752439ba344f0fbe7c47649e41f2ad,2025-08-28,2025-08-28T23:05:00Z,UCF Knights,Jacksonville State Gamecocks,UK,JSG,,,0,,,,,odds_api_flattened,false,66,11,3,true,true,true
ncaaf,93a0241d6b1478ab0f1b1df756c086d1,93a0241d6b1478ab0f1b1df756c086d1,2025-08-28,2025-08-28T23:05:00Z,Delaware Blue Hens,Delaware State Hornets,DBH,DSH,,,0,,,,,odds_api_flattened,false,50,10,3,true,true,true
ncaaf,02a146113c8e455ffb3234d2966b9539,02a146113c8e455ffb3234d2966b9539,2025-08-28,2025-08-28T23:30:00Z,Duke Blue Devils,Elon Phoenix,DBD,EP,,,0,,,,,odds_api_flattened,false,40,9,3,true,true,true
ncaaf,325e1f14e3a41628ed0319f2ecedf2de,325e1f14e3a41628ed0319f2ecedf2de,2025-08-28,2025-08-28T23:30:00Z,Oklahoma State Cowboys,UT Martin Skyhawks,OSC,UMS,,,0,,,,,odds_api_flattened,false,38,7,3,true,true,true
ncaaf,487db659f61cd6b639930789ea3e3a7b,487db659f61cd6b639930789ea3e3a7b,2025-08-28,2025-08-28T23:30:00Z,Missouri Tigers,Central Arkansas Bears,MT3,CAB,,,0,,,,,odds_api_flattened,false,38,9,3,true,true,true
ncaaf,5287f56aa50eff29efc0d8c19c41ec01,5287f56aa50eff29efc0d8c19c41ec01,2025-08-29,2025-08-29T00:00:00Z,Minnesota Golden Gophers,Buffalo Bulls,MGG,BB4,,,0,,,,,odds_api_flattened,false,66,11,3,true,true,true
ncaaf,8c32f78dfb4ad3a5ab23114d92194124,8c32f78dfb4ad3a5ab23114d92194124,2025-08-29,2025-08-29T00:00:00Z,Houston Cougars,Stephen F. Austin Lumberjacks,HC,SFA,,,0,,,,,odds_api_flattened,false,54,10,3,true,true,true
ncaaf,cde48c374106f42368e37698bf654103,cde48c374106f42368e37698bf654103,2025-08-29,2025-08-29T00:30:00Z,UAB Blazers,Alabama State Hornets,UB,ASH,,,0,,,,,odds_api_flattened,false,56,10,3,true,true,true
ncaaf,5258088fbe3a7c3b887cc597a1f0d59d,5258088fbe3a7c3b887cc597a1f0d59d,2025-08-29,2025-08-29T01:00:00Z,Wisconsin Badgers,Miami (OH) RedHawks,WB,MOR,,,0,,,,,odds_api_flattened,false,64,11,3,true,true,true
ncaaf,f2cf826d5734af1bedd0fb1510a7605c,f2cf826d5734af1bedd0fb1510a7605c,2025-08-29,2025-08-29T01:00:00Z,Cincinnati Bearcats,Nebraska Cornhuskers,CB,NC,,,0,,,,,odds_api_flattened,false,66,11,3,true,true,true
ncaaf,d2f9e75253f8fcaaa78de1ceadc4b349,d2f9e75253f8fcaaa78de1ceadc4b349,2025-08-29,2025-08-29T02:00:00Z,San Diego State Aztecs,Stony Brook Seawolves,SDS,SBS,,,0,,,,,odds_api_flattened,false,56,10,3,true,true,true
ncaaf,fe3b3339307b2e4fbf016b666b09255d,fe3b3339307b2e4fbf016b666b09255d,2025-08-29,2025-08-29T22:00:00Z,Army Black Knights,Tarleton State Texans,ABK,TST,,,0,,,,,odds_api_flattened,false,50,9,3,true,true,true
ncaaf,3a175beb7105d6a842ae58311a15f4d1,3a175beb7105d6a842ae58311a15f4d1,2025-08-29,2025-08-29T23:00:00Z,Charlotte 49ers,Appalachian State Mountaineers,C4,ASM2,,,0,,,,,odds_api_flattened,false,66,11,3,true,true,true
ncaaf,6b720706eed963bd287b802d86a85024,6b720706eed963bd287b802d86a85024,2025-08-29,2025-08-29T23:00:00Z,Wake Forest Demon Deacons,Kennesaw State Owls,WFD,KSO,,,0,,,,,odds_api_flattened,false,66,11,3,true,true,true
ncaaf,7658b924afd85474454c6b96f1fde759,7658b924afd85474454c6b96f1fde759,2025-08-29,2025-08-29T23:00:00Z,Florida International Panthers,Bethune-Cookman Wildcats,FIP,BCW,,,0,,,,,odds_api_flattened,false,44,9,3,true,true,true
ncaaf,cc964607d7c521019e0c91768bb2c024,cc964607d7c521019e0c91768bb2c024,2025-08-29,2025-08-29T23:00:00Z,Michigan State Spartans,Western Michigan Broncos,MSS,WMB,,,0,,,,,odds_api_flattened,false,66,11,3,true,true,true
ncaaf,5a3128645784cad46eb5bde204e7d618,5a3128645784cad46eb5bde204e7d618,2025-08-29,2025-08-29T23:30:00Z,Illinois Fighting Illini,Western Illinois Leathernecks,IFI,WIL,,,0,,,,,odds_api_flattened,false,32,8,2,false,true,true
ncaaf,a3ec71fa36e9de13e2f1306b1ae4e8b6,a3ec71fa36e9de13e2f1306b1ae4e8b6,2025-08-29,2025-08-29T23:30:00Z,Kansas Jayhawks,Wagner Seahawks,KJ,WS,,,0,,,,,odds_api_flattened,false,32,8,2,false,true,true
ncaaf,09043eb30bb7d92001afc88201788f05,09043eb30bb7d92001afc88201788f05,2025-08-30,2025-08-30T00:00:00Z,Colorado Buffaloes,Georgia Tech Yellow Jackets,CB3,GTY,,,0,,,,,odds_api_flattened,false,66,11,3,true,true,true
ncaaf,091114ab96129401a22aa7b2ba683ec1,091114ab96129401a22aa7b2ba683ec1,2025-08-30,2025-08-30T00:00:00Z,Baylor Bears,Auburn Tigers,BB,AT,,,0,,,,,odds_api_flattened,false,66,11,3,true,true,true
ncaaf,6805d37180d92fd870ab5fac57eebee5,6805d37180d92fd870ab5fac57eebee5,2025-08-30,2025-08-30T01:30:00Z,Sam Houston State Bearkats,UNLV Rebels,SHS,UR,,,0,,,,,odds_api_flattened,false,66,11,3,true,true,true
ncaaf,559c446a5e9976d63eb7f67a3e189be4,559c446a5e9976d63eb7f67a3e189be4,2025-08-30,2025-08-30T02:30:00Z,San Jose State Spartans,Central Michigan Chippewas,SJS,CMC,,,0,,,,,odds_api_flattened,false,66,11,3,true,true,true
ncaaf,eb08e0869675a469f223fefa2b7c1aac,eb08e0869675a469f223fefa2b7c1aac,2025-08-30,2025-08-30T15:58:00Z,Tennessee Volunteers,Syracuse Orange,TV,SO,,,0,,,,,odds_api_flattened,false,66,11,3,true,true,true
ncaaf,0ee5bcc393d7591e62d85d0090796cdc,0ee5bcc393d7591e62d85d0090796cdc,2025-08-30,2025-08-30T16:00:00Z,Southern Mississippi Golden Eagles,Mississippi State Bulldogs,SMG2,MSB,,,0,,,,,odds_api_flattened,false,66,11,3,true,true,true
ncaaf,108112065d320b9bc531736b51f1053f,108112065d320b9bc531736b51f1053f,2025-08-30,2025-08-30T16:00:00Z,Tulane Green Wave,Northwestern Wildcats,TGW,NW,,,0,,,,,odds_api_flattened,false,66,11,3,true,true,true
ncaaf,478ec5b3fbf88e66161f1c6b60122955,478ec5b3fbf88e66161f1c6b60122955,2025-08-30,2025-08-30T16:00:00Z,Pittsburgh Panthers,Duquesne Dukes,PP,DD,,,0,,,,,odds_api_flattened,false,38,9,3,true,true,true
ncaaf,50308f92d57c1fdb7b19c12ce8ef1159,50308f92d57c1fdb7b19c12ce8ef1159,2025-08-30,2025-08-30T16:00:00Z,Navy Midshipmen,VMI Keydets,NM,VK,,,0,,,,,odds_api_flattened,false,36,9,2,false,true,true
ncaaf,a21e71cf77c563760aa9ca01826c2583,a21e71cf77c563760aa9ca01826c2583,2025-08-30,2025-08-30T16:00:00Z,Purdue Boilermakers,Ball State Cardinals,PB,BSC,,,0,,,,,odds_api_flattened,false,66,11,3,true,true,true
ncaaf,c046e0640625fe9ab9661a89eea14e88,c046e0640625fe9ab9661a89eea14e88,2025-08-30,2025-08-30T16:00:00Z,Kent State Golden Flashes,Merrimack Warriors,KSG,MW,,,0,,,,,odds_api_flattened,false,54,10,3,true,true,true
ncaaf,f412c431e3f6d5b0645351971479df7b,f412c431e3f6d5b0645351971479df7b,2025-08-30,2025-08-30T16:00:00Z,Maryland Terrapins,Florida Atlantic Owls,MT,FAO,,,0,,,,,odds_api_flattened,false,66,11,3,true,true,true
ncaaf,243c8fc42fd9e0d035d2f904384185e4,243c8fc42fd9e0d035d2f904384185e4,2025-08-30,2025-08-30T16:02:00Z,Ohio State Buckeyes,Texas Longhorns,OSB,TL,,,0,,,,,odds_api_flattened,false,66,11,3,true,true,true
ncaaf,c3d1a98456d7bcfc2273efc4c64a6cd6,c3d1a98456d7bcfc2273efc4c64a6cd6,2025-08-30,2025-08-30T16:45:00Z,Kentucky Wildcats,Toledo Rockets,KW,TR,,,0,,,,,odds_api_flattened,false,66,11,3,true,true,true
ncaaf,33d9786fcff3fcf5e281d2e750883421,33d9786fcff3fcf5e281d2e750883421,2025-08-30,2025-08-30T18:00:00Z,Boston College Eagles,Fordham Rams,BCE,FR,,,0,,,,,odds_api_flattened,false,38,9,3,true,true,true
ncaaf,9bdaf2860fd82da8bc0fcc5c38d66323,9bdaf2860fd82da8bc0fcc5c38d66323,2025-08-30,2025-08-30T18:00:00Z,West Virginia Mountaineers,Robert Morris Colonials,WVM,RMC,,,0,,,,,odds_api_flattened,false,34,8,3,true,true,true
ncaaf,e06ac6b6ae06cd0ab15d16967d2bbed6,e06ac6b6ae06cd0ab15d16967d2bbed6,2025-08-30,2025-08-30T18:00:00Z,UConn Huskies,Central Connecticut Blue Devils,UH,CCB,,,0,,,,,odds_api_flattened,false,50,10,3,true,true,true
ncaaf,a7e9ac25c43abf7a563c1c978d805b4b,a7e9ac25c43abf7a563c1c978d805b4b,2025-08-30,2025-08-30T18:30:00Z,Indiana Hoosiers,Old Dominion Monarchs,IH,ODM,,,0,,,,,odds_api_flattened,false,66,11,3,true,true,true
ncaaf,fcdc35425f50cb7bda3057b6a43b7fab,fcdc35425f50cb7bda3057b6a43b7fab,2025-08-30,2025-08-30T19:00:00Z,Louisville Cardinals,Eastern Kentucky Colonels,LC2,EKC,,,0,,,,,odds_api_flattened,false,36,8,3,true,true,true
ncaaf,5c32c6337881a5345e232f266665e6dd,5c32c6337881a5345e232f266665e6dd,2025-08-30,2025-08-30T19:28:00Z,Florida State Seminoles,Alabama Crimson Tide,FSS,ACT,,,0,,,,,odds_api_flattened,false,66,11,3,true,true,true
ncaaf,663302976d25e5e68e83f286db1418f6,663302976d25e5e68e83f286db1418f6,2025-08-30,2025-08-30T19:30:00Z,Georgia Bulldogs,Marshall Thundering Herd,GB,MTH,,,0,,,,,odds_api_flattened,false,38,9,3,true,true,true
ncaaf,901815b907870c08f831bcec682fcd7c,901815b907870c08f831bcec682fcd7c,2025-08-30,2025-08-30T19:30:00Z,Air Force Falcons,Bucknell Bison,AFF,BB3,,,0,,,,,odds_api_flattened,false,40,8,3,true,true,true
ncaaf,922b6299efbf42689d115cb571231c4e,922b6299efbf42689d115cb571231c4e,2025-08-30,2025-08-30T19:30:00Z,Northern Illinois Huskies,Holy Cross Crusaders,NIH,HCC,,,0,,,,,odds_api_flattened,false,42,8,3,true,true,true
ncaaf,a6df0cb69b95b8eb8c8bb7520471d978,a6df0cb69b95b8eb8c8bb7520471d978,2025-08-30,2025-08-30T19:30:00Z,UMass Minutemen,Temple Owls,UM,TO,,,0,,,,,odds_api_flattened,false,60,10,3,true,true,true
ncaaf,aeb1e8186d2e362190477db433dab5f7,aeb1e8186d2e362190477db433dab5f7,2025-08-30,2025-08-30T19:30:00Z,Iowa State Cyclones,South Dakota Coyotes,ISC,SDC,,,0,,,,,odds_api_flattened,false,32,6,3,true,true,true
ncaaf,e2a51da70ed1084d9bce9f024d0a69a0,e2a51da70ed1084d9bce9f024d0a69a0,2025-08-30,2025-08-30T19:30:00Z,Penn State Nittany Lions,Nevada Wolf Pack,PSN,NWP,,,0,,,,,odds_api_flattened,false,38,9,3,true,true,true
ncaaf,9ec692ed45038a7318dd884505ec19c0,9ec692ed45038a7318dd884505ec19c0,2025-08-30,2025-08-30T20:00:00Z,Liberty Flames,Maine Black Bears,LF,MBB,,,0,,,,,odds_api_flattened,false,42,8,3,true,true,true
ncaaf,ec583779fa6cdf81885b9c785cf4da5a,ec583779fa6cdf81885b9c785cf4da5a,2025-08-30,2025-08-30T20:00:00Z,Oregon Ducks,Montana State Bobcats,OD,MSB3,,,0,,,,,odds_api_flattened,false,34,7,3,true,true,true
ncaaf,9ca7b95362e9caa4742659555a1765f4,9ca7b95362e9caa4742659555a1765f4,2025-08-30,2025-08-30T20:15:00Z,Arkansas Razorbacks,Alabama A&M Bulldogs,AR,AAA,,,0,,,,,odds_api_flattened,false,24,6,2,false,true,true
ncaaf,0f885b0193a77ef9cf18cde250f58c17,0f885b0193a77ef9cf18cde250f58c17,2025-08-30,2025-08-30T20:30:00Z,Memphis Tigers,Chattanooga Mocs,MT2,CM,,,0,,,,,odds_api_flattened,false,40,8,3,true,true,true
ncaaf,24dfea2363dac7a2a0f4f460d175580d,24dfea2363dac7a2a0f4f460d175580d,2025-08-30,2025-08-30T22:00:00Z,Iowa Hawkeyes,Albany,IH2,ALB,,,0,,,,,odds_api_flattened,false,34,8,3,true,true,true
ncaaf,411a22839a0415e8122bf6655d692dcb,411a22839a0415e8122bf6655d692dcb,2025-08-30,2025-08-30T22:00:00Z,Oklahoma Sooners,Illinois State Redbirds,OS,ISR,,,0,,,,,odds_api_flattened,false,28,7,2,false,true,true
ncaaf,6af1e17d7174b1cba28f644a02600e3b,6af1e17d7174b1cba28f644a02600e3b,2025-08-30,2025-08-30T22:00:00Z,Virginia Cavaliers,Coastal Carolina Chanticleers,VC2,CCC,,,0,,,,,odds_api_flattened,false,60,10,3,true,true,true
ncaaf,8d1ce3fa873b4adc946c19ef1778e235,8d1ce3fa873b4adc946c19ef1778e235,2025-08-30,2025-08-30T22:00:00Z,James Madison Dukes,Weber State Wildcats,JMD,WSW,,,0,,,,,odds_api_flattened,false,30,6,3,true,true,true
ncaaf,5518ec42aea2d53d95ae0525da16dcce,5518ec42aea2d53d95ae0525da16dcce,2025-08-30,2025-08-30T23:00:00Z,South Alabama Jaguars,Morgan State Bears,SAJ,MSB4,,,0,,,,,odds_api_flattened,false,40,8,3,true,true,true
ncaaf,5af5d9416c9a7a1c9aeee7272f64782d,5af5d9416c9a7a1c9aeee7272f64782d,2025-08-30,2025-08-30T23:00:00Z,Kansas State Wildcats,North Dakota Fighting Hawks,KSW,NDF,,,0,,,,,odds_api_flattened,false,36,7,3,true,true,true
ncaaf,5e25531fbb1876c4c48cd017d5b5671c,5e25531fbb1876c4c48cd017d5b5671c,2025-08-30,2025-08-30T23:00:00Z,Florida Gators,LIU Sharks,FG,LS,,,0,,,,,odds_api_flattened,false,24,6,2,false,true,true
ncaaf,7aed5f886c986b97e83d23faa060e65d,7aed5f886c986b97e83d23faa060e65d,2025-08-30,2025-08-30T23:00:00Z,Troy Trojans,Nicholls State Colonels,TT2,NSC,,,0,,,,,odds_api_flattened,false,42,8,3,true,true,true
ncaaf,80f3010fb9711b746dc8ebab53fe7c47,80f3010fb9711b746dc8ebab53fe7c47,2025-08-30,2025-08-30T23:00:00Z,Vanderbilt Commodores,Charleston Southern Buccaneers,VC,CSB,,,0,,,,,odds_api_flattened,false,32,8,2,false,true,true
ncaaf,b16c8fc4179692cae0332f7b65e14b39,b16c8fc4179692cae0332f7b65e14b39,2025-08-30,2025-08-30T23:00:00Z,Western Kentucky Hilltoppers,North Alabama Lions,WKH,NAL,,,0,,,,,odds_api_flattened,false,36,7,3,true,true,true
ncaaf,b9b7362cde9dff460a263d4b19c8e462,b9b7362cde9dff460a263d4b19c8e462,2025-08-30,2025-08-30T23:00:00Z,Middle Tennessee Blue Raiders,Austin Peay Governors,MTB,APG,,,0,,,,,odds_api_flattened,false,42,8,3,true,true,true
ncaaf,d368359056ae756db52495aec9e68aca,d368359056ae756db52495aec9e68aca,2025-08-30,2025-08-30T23:00:00Z,Arkansas State Red Wolves,Southeast Missouri State Redhawks,ASR,SMS,,,0,,,,,odds_api_flattened,false,34,6,3,true,true,true
ncaaf,60004aaab0613df8d1081256ed66e212,60004aaab0613df8d1081256ed66e212,2025-08-30,2025-08-30T23:30:00Z,Texas Tech Red Raiders,Arkansas Pine Bluff Golden Lions,TTR,APB2,,,0,,,,,odds_api_flattened,false,28,7,2,false,true,true
ncaaf,9315c835a22a931d29e34ef0f15c9429,9315c835a22a931d29e34ef0f15c9429,2025-08-30,2025-08-30T23:30:00Z,Clemson Tigers,LSU Tigers,CT,LT,,,0,,,,,odds_api_flattened,false,60,10,3,true,true,true
ncaaf,9d06a9977b4d0299fa17257634f2123d,9d06a9977b4d0299fa17257634f2123d,2025-08-30,2025-08-30T23:30:00Z,USC Trojans,Missouri State Bears,UT,MSB2,,,0,,,,,odds_api_flattened,false,38,9,3,true,true,true
ncaaf,b9644727bdb769f76dccd79898ddd02f,b9644727bdb769f76dccd79898ddd02f,2025-08-30,2025-08-30T23:30:00Z,Louisiana Tech Bulldogs,Southeastern Louisiana Lions,LTB,SLL2,,,0,,,,,odds_api_flattened,false,42,8,3,true,true,true
ncaaf,ce5e306794394e11f8e703c89ac39dcb,ce5e306794394e11f8e703c89ac39dcb,2025-08-30,2025-08-30T23:30:00Z,Utah State Aggies,UTEP Miners,USA,UM2,,,0,,,,,odds_api_flattened,false,60,10,3,true,true,true
ncaaf,f146d157f41678d4d8d9ffc7bade8af6,f146d157f41678d4d8d9ffc7bade8af6,2025-08-30,2025-08-30T23:30:00Z,Michigan Wolverines,New Mexico Lobos,MW2,NML,,,0,,,,,odds_api_flattened,false,40,9,3,true,true,true
ncaaf,095df3e0d5e42c81f2ba3918568d6051,095df3e0d5e42c81f2ba3918568d6051,2025-08-30,2025-08-30T23:45:00Z,Ole Miss Rebels,Georgia State Panthers,OMR,GSP,,,0,,,,,odds_api_flattened,false,34,8,3,true,true,true
ncaaf,309c300c69b10173f523cb8a47a24f27,309c300c69b10173f523cb8a47a24f27,2025-08-31,2025-08-31T00:00:00Z,North Texas Mean Green,Lamar Cardinals,NTM,LC,,,0,,,,,odds_api_flattened,false,36,7,3,true,true,true
ncaaf,d66929ae5687924dabdd2c8b06593a44,d66929ae5687924dabdd2c8b06593a44,2025-08-31,2025-08-31T00:00:00Z,Texas State Bobcats,Eastern Michigan Eagles,TSB,EME,,,0,,,,,odds_api_flattened,false,60,10,3,true,true,true
ncaaf,d818fb3e1ad167a0802887763f7699e8,d818fb3e1ad167a0802887763f7699e8,2025-08-31,2025-08-31T00:00:00Z,Louisiana Ragin Cajuns,Rice Owls,LRC2,RO,,,0,,,,,odds_api_flattened,false,60,10,3,true,true,true
ncaaf,ebc2af05ee84f4ad5485349875442fa4,ebc2af05ee84f4ad5485349875442fa4,2025-08-31,2025-08-31T00:00:00Z,Tulsa Golden Hurricane,Abilene Christian Wildcats,TGH,ACW,,,0,,,,,odds_api_flattened,false,36,7,3,true,true,true
ncaaf,fb72179c63f6d05558016847bcf47a8d,fb72179c63f6d05558016847bcf47a8d,2025-08-31,2025-08-31T00:00:00Z,BYU Cougars,Portland State Vikings,BC,PSV,,,0,,,,,odds_api_flattened,false,28,7,2,false,true,true
ncaaf,73835ae319d1f5533c2322dc70375c77,73835ae319d1f5533c2322dc70375c77,2025-08-31,2025-08-31T01:00:00Z,New Mexico State Aggies,Bryant Bulldogs,NMS,BB2,,,0,,,,,odds_api_flattened,false,48,9,3,true,true,true
ncaaf,99aa25f6c7299ea1a9b444ef813a9770,99aa25f6c7299ea1a9b444ef813a9770,2025-08-31,2025-08-31T01:00:00Z,Texas A&M Aggies,UTSA Roadrunners,TAA,UR2,,,0,,,,,odds_api_flattened,false,60,10,3,true,true,true
ncaaf,e621163d95de7f9f309e5c46fe4e8457,e621163d95de7f9f309e5c46fe4e8457,2025-08-31,2025-08-31T01:00:00Z,SMU Mustangs,East Texas A&M Lions,SM,ETA,,,0,,,,,odds_api_flattened,false,20,5,2,false,true,true
ncaaf,d25adc138f4395cd1cd3a31270362764,d25adc138f4395cd1cd3a31270362764,2025-08-31,2025-08-31T01:30:00Z,Fresno State Bulldogs,Georgia Southern Eagles,FSB,GSE,,,0,,,,,odds_api_flattened,false,60,10,3,true,true,true
ncaaf,55bbfffac34b3738268dbdcc78b58dc8,55bbfffac34b3738268dbdcc78b58dc8,2025-08-31,2025-08-31T02:00:00Z,Washington State Cougars,Idaho Vandals,WSC,IV,,,0,,,,,odds_api_flattened,false,42,8,3,true,true,true
ncaaf,793c5f3c22499efa9d6968b2bccfad4c,793c5f3c22499efa9d6968b2bccfad4c,2025-08-31,2025-08-31T02:00:00Z,Arizona State Sun Devils,Northern Arizona Lumberjacks,ASS,NAL2,,,0,,,,,odds_api_flattened,false,28,6,3,true,true,true
ncaaf,5d864fb9feccc540dfedf3f1141bc4cb,5d864fb9feccc540dfedf3f1141bc4cb,2025-08-31,2025-08-31T02:30:00Z,Oregon State Beavers,California Golden Bears,OSB2,CGB,,,0,,,,,odds_api_flattened,false,60,10,3,true,true,true
ncaaf,b9668bd42d810933d0a2d1de428fc5fd,b9668bd42d810933d0a2d1de428fc5fd,2025-08-31,2025-08-31T02:30:00Z,Arizona Wildcats,Hawaii Rainbow Warriors,AW,HRW,,,0,,,,,odds_api_flattened,false,60,10,3,true,true,true
ncaaf,57de482f01e31e5f31e1010a072d8369,57de482f01e31e5f31e1010a072d8369,2025-08-31,2025-08-31T03:00:00Z,UCLA Bruins,Utah Utes,UB2,UU,,,0,,,,,odds_api_flattened,false,54,9,3,true,true,true
ncaaf,d52b301586f5ce0e1e8b6f3dad18af47,d52b301586f5ce0e1e8b6f3dad18af47,2025-08-31,2025-08-31T03:00:00Z,Washington Huskies,Colorado State Rams,WH,CSR,,,0,,,,,odds_api_flattened,false,60,10,3,true,true,true
ncaaf,1803d7f4d655fb3f6d5f39fcfd893b96,1803d7f4d655fb3f6d5f39fcfd893b96,2025-08-31,2025-08-31T19:00:00Z,South Carolina Gamecocks,Virginia Tech Hokies,SCG,VTH,,,0,,,,,odds_api_flattened,false,66,11,3,true,true,true
ncaaf,8c138af84cb5ff1e6c4e11b591ff041f,8c138af84cb5ff1e6c4e11b591ff041f,2025-08-31,2025-08-31T23:30:00Z,Miami Hurricanes,Notre Dame Fighting Irish,MH,NDF2,,,0,,,,,odds_api_flattened,false,66,11,3,true,true,true
ncaaf,9418aabb5edf415f4296c694fa210c3b,9418aabb5edf415f4296c694fa210c3b,2025-09-02,2025-09-02T00:00:00Z,North Carolina Tar Heels,TCU Horned Frogs,NCT,THF,,,0,,,,,odds_api_flattened,false,66,11,3,true,true,true
ncaaf,3e06ec27bf0f5024ab751815479d9c4e,3e06ec27bf0f5024ab751815479d9c4e,2025-09-05,2025-09-05T23:00:00Z,Louisville Cardinals,James Madison Dukes,LC2,JMD,,,0,,,,,odds_api_flattened,false,66,11,3,true,true,true
ncaaf,319bff020a1a38e8a0b8123c6d9f06c5,319bff020a1a38e8a0b8123c6d9f06c5,2025-09-05,2025-09-05T23:30:00Z,Maryland Terrapins,Northern Illinois Huskies,MT,NIH,,,0,,,,,odds_api_flattened,false,66,11,3,true,true,true
ncaaf,d4edaa264115d6aa5601ac5094c3fcbf,d4edaa264115d6aa5601ac5094c3fcbf,2025-09-05,2025-09-05T23:30:00Z,Northwestern Wildcats,Western Illinois Leathernecks,NW,WIL,,,0,,,,,odds_api_flattened,false,46,10,3,true,true,true
ncaaf,5d261118034763fb8926590e23054879,5d261118034763fb8926590e23054879,2025-09-06,2025-09-06T01:00:00Z,Boise State Broncos,Eastern Washington Eagles,BSB,EWE,,,0,,,,,odds_api_flattened,false,50,10,3,true,true,true
ncaaf,1d337b460d2d48e8cd152c4cfc0feb65,1d337b460d2d48e8cd152c4cfc0feb65,2025-09-06,2025-09-06T16:00:00Z,Texas Tech Red Raiders,Kent State Golden Flashes,TTR,KSG,,,0,,,,,odds_api_flattened,false,40,10,2,false,true,true
ncaaf,601f11a56ce690549ff1275c569cddab,601f11a56ce690549ff1275c569cddab,2025-09-06,2025-09-06T16:00:00Z,Iowa State Cyclones,Iowa Hawkeyes,ISC,IH2,,,0,,,,,odds_api_flattened,false,66,11,3,true,true,true
ncaaf,6a92f4972c35c421f08a5bf601d60cdf,6a92f4972c35c421f08a5bf601d60cdf,2025-09-06,2025-09-06T16:00:00Z,Jacksonville State Gamecocks,Liberty Flames,JSG,LF,,,0,,,,,odds_api_flattened,false,66,11,3,true,true,true
ncaaf,6f47dd0ec1e77d03b09f973a889a9888,6f47dd0ec1e77d03b09f973a889a9888,2025-09-06,2025-09-06T16:00:00Z,Penn State Nittany Lions,Florida International Panthers,PSN,FIP,,,0,,,,,odds_api_flattened,false,40,10,2,false,true,true
ncaaf,851e2c80e37b4bc2a49538ea658fce35,851e2c80e37b4bc2a49538ea658fce35,2025-09-06,2025-09-06T16:00:00Z,Pittsburgh Panthers,Central Michigan Chippewas,PP,CMC,,,0,,,,,odds_api_flattened,false,66,11,3,true,true,true
ncaaf,9c8c520f16b3fec7180880aa3a8305f6,9c8c520f16b3fec7180880aa3a8305f6,2025-09-06,2025-09-06T16:00:00Z,Texas Longhorns,San Jose State Spartans,TL,SJS,,,0,,,,,odds_api_flattened,false,40,10,2,false,true,true
ncaaf,aa0b998acde7ec673cd145a43ec0d42a,aa0b998acde7ec673cd145a43ec0d42a,2025-09-06,2025-09-06T16:00:00Z,NC State Wolfpack,Virginia Cavaliers,NSW,VC2,,,0,,,,,odds_api_flattened,false,66,11,3,true,true,true
ncaaf,aa65a4823f86a4a55119734ee9bf936d,aa65a4823f86a4a55119734ee9bf936d,2025-09-06,2025-09-06T16:00:00Z,Syracuse Orange,UConn Huskies,SO,UH,,,0,,,,,odds_api_flattened,false,66,11,3,true,true,true
ncaaf,d617ea38af0130201ac40d901bf13d0f,d617ea38af0130201ac40d901bf13d0f,2025-09-06,2025-09-06T16:00:00Z,SMU Mustangs,Baylor Bears,SM,BB,,,0,,,,,odds_api_flattened,false,64,11,3,true,true,true
ncaaf,22ef820a384ce82c9d0d9c530451b8ae,22ef820a384ce82c9d0d9c530451b8ae,2025-09-06,2025-09-06T16:05:00Z,Duke Blue Devils,Illinois Fighting Illini,DBD,IFI,,,0,,,,,odds_api_flattened,false,66,11,3,true,true,true
ncaaf,23bf555b2956fe362e113bae8a0a5317,23bf555b2956fe362e113bae8a0a5317,2025-09-06,2025-09-06T16:05:00Z,Florida State Seminoles,East Texas A&M Lions,FSS,ETA,,,0,,,,,odds_api_flattened,false,28,7,2,false,true,true
ncaaf,31d94acd80bcf0d456a020d0ca96fd0e,31d94acd80bcf0d456a020d0ca96fd0e,2025-09-06,2025-09-06T16:05:00Z,Indiana Hoosiers,Kennesaw State Owls,IH,KSO,,,0,,,,,odds_api_flattened,false,40,10,2,false,true,true
ncaaf,aec36a89b807af38a872836d8f21c340,aec36a89b807af38a872836d8f21c340,2025-09-06,2025-09-06T16:05:00Z,Minnesota Golden Gophers,Northwestern State Demons,MGG,NSD,,,0,,,,,odds_api_flattened,false,32,8,2,false,true,true
ncaaf,6a4da08f393ad5e4ee1e32e24ff0e280,6a4da08f393ad5e4ee1e32e24ff0e280,2025-09-06,2025-09-06T16:45:00Z,Texas A&M Aggies,Utah State Aggies,TAA,USA,,,0,,,,,odds_api_flattened,false,56,11,3,true,true,true
ncaaf,4be8ee33ee54d89bf2bca677f33972fe,4be8ee33ee54d89bf2bca677f33972fe,2025-09-06,2025-09-06T18:05:00Z,Wake Forest Demon Deacons,Western Carolina Catamounts,WFD,WCC,,,0,,,,,odds_api_flattened,false,48,9,3,true,true,true
ncaaf,768fd5137a06619d87538d884eddbcc8,768fd5137a06619d87538d884eddbcc8,2025-09-06,2025-09-06T18:05:00Z,Temple Owls,Howard Bison,TO,HB,,,0,,,,,odds_api_flattened,false,44,9,3,true,true,true
ncaaf,3975575c3ff9da1842f4019db37825e7,3975575c3ff9da1842f4019db37825e7,2025-09-06,2025-09-06T18:35:00Z,Georgia Bulldogs,Austin Peay Governors,GB,APG,,,0,,,,,odds_api_flattened,false,28,7,2,false,true,true
ncaaf,ea67a3db1f2b5827009f6d8e63c5c721,ea67a3db1f2b5827009f6d8e63c5c721,2025-09-06,2025-09-06T19:05:00Z,New Mexico Lobos,Idaho State Bengals,NML,ISB,,,0,,,,,odds_api_flattened,false,42,8,3,true,true,true
ncaaf,10651a24aaafce3c973435290bb5cc58,10651a24aaafce3c973435290bb5cc58,2025-09-06,2025-09-06T19:30:00Z,Western Michigan Broncos,North Texas Mean Green,WMB,NTM,,,0,,,,,odds_api_flattened,false,66,11,3,true,true,true
ncaaf,1637d24e5e78c310cc3a006e53d93d24,1637d24e5e78c310cc3a006e53d93d24,2025-09-06,2025-09-06T19:30:00Z,Rutgers Scarlet Knights,Miami (OH) RedHawks,RSK,MOR,,,0,,,,,odds_api_flattened,false,58,10,3,true,true,true
ncaaf,2147ecdbd826245e414d585251ef87e1,2147ecdbd826245e414d585251ef87e1,2025-09-06,2025-09-06T19:30:00Z,Colorado Buffaloes,Delaware Blue Hens,CB3,DBH,,,0,,,,,odds_api_flattened,false,66,11,3,true,true,true
ncaaf,4dfcb17f8f10fd2ee8f5794cdabebf94,4dfcb17f8f10fd2ee8f5794cdabebf94,2025-09-06,2025-09-06T19:30:00Z,Oregon State Beavers,Fresno State Bulldogs,OSB2,FSB,,,0,,,,,odds_api_flattened,false,60,11,3,true,true,true
ncaaf,52db5ee0ae390264d46abf260d58d239,52db5ee0ae390264d46abf260d58d239,2025-09-06,2025-09-06T19:30:00Z,Clemson Tigers,Troy Trojans,CT,TT2,,,0,,,,,odds_api_flattened,false,42,10,3,true,true,true
ncaaf,60385595d3e501feeba3a45fafead46f,60385595d3e501feeba3a45fafead46f,2025-09-06,2025-09-06T19:30:00Z,Missouri Tigers,Kansas Jayhawks,MT3,KJ,,,0,,,,,odds_api_flattened,false,66,11,3,true,true,true
ncaaf,7e7fec9c9790702ee91c2bb9ab777e76,7e7fec9c9790702ee91c2bb9ab777e76,2025-09-06,2025-09-06T19:30:00Z,Cincinnati Bearcats,Bowling Green Falcons,CB,BGF,,,0,,,,,odds_api_flattened,false,66,11,3,true,true,true
ncaaf,7fd2b35cdf431bfdacae0b428f1b8550,7fd2b35cdf431bfdacae0b428f1b8550,2025-09-06,2025-09-06T19:30:00Z,UTSA Roadrunners,Texas State Bobcats,UR2,TSB,,,0,,,,,odds_api_flattened,false,66,11,3,true,true,true
ncaaf,82a0730f5bc12bc2bd0b3e77b2e6d343,82a0730f5bc12bc2bd0b3e77b2e6d343,2025-09-06,2025-09-06T19:30:00Z,Navy Midshipmen,UAB Blazers,NM,UB,,,0,,,,,odds_api_flattened,false,60,10,3,true,true,true
ncaaf,aae11c793bc039b1fe617662aa7a30ac,aae11c793bc039b1fe617662aa7a30ac,2025-09-06,2025-09-06T19:30:00Z,Oregon Ducks,Oklahoma State Cowboys,OD,OSC,,,0,,,,,odds_api_flattened,false,60,11,3,true,true,true
ncaaf,d531b8e12cb18d265d2a68e50008904c,d531b8e12cb18d265d2a68e50008904c,2025-09-06,2025-09-06T19:30:00Z,Kentucky Wildcats,Ole Miss Rebels,KW,OMR,,,0,,,,,odds_api_flattened,false,60,10,3,true,true,true
ncaaf,26dc6f197e66104d32d01209b8ad80f2,26dc6f197e66104d32d01209b8ad80f2,2025-09-06,2025-09-06T19:35:00Z,Tennessee Volunteers,East Tennessee State Buccaneers,TV,ETS,,,0,,,,,odds_api_flattened,false,28,7,2,false,true,true
ncaaf,2b9526d89cef299d27d40df2c7d089cc,2b9526d89cef299d27d40df2c7d089cc,2025-09-06,2025-09-06T19:35:00Z,Buffalo Bulls,St. Francis (PA) Red Flash,BB4,SFP,,,0,,,,,odds_api_flattened,false,28,7,2,false,true,true
ncaaf,5ec37f47324f863bca4140bf9742c2b3,5ec37f47324f863bca4140bf9742c2b3,2025-09-06,2025-09-06T19:35:00Z,UMass Minutemen,Bryant Bulldogs,UM,BB2,,,0,,,,,odds_api_flattened,false,42,8,3,true,true,true
ncaaf,6c45601f8d031fc1d9051354e7341c88,6c45601f8d031fc1d9051354e7341c88,2025-09-06,2025-09-06T19:35:00Z,Georgia Tech Yellow Jackets,Gardner-Webb Runnin Bulldogs,GTY,GWR,,,0,,,,,odds_api_flattened,false,28,7,2,false,true,true
ncaaf,71a02bb7a06ec61fbcc90614e1709887,71a02bb7a06ec61fbcc90614e1709887,2025-09-06,2025-09-06T19:35:00Z,Ohio State Buckeyes,Grambling State Tigers,OSB,GST,,,0,,,,,odds_api_flattened,false,28,7,2,false,true,true
ncaaf,cc6d57b7668726c93fde64f6de4a7c68,cc6d57b7668726c93fde64f6de4a7c68,2025-09-06,2025-09-06T19:35:00Z,Appalachian State Mountaineers,Lindenwood Lions,ASM2,LL2,,,0,,,,,odds_api_flattened,false,38,8,3,true,true,true
ncaaf,116fcf63d006815e16ad77e27a1b7ec6,116fcf63d006815e16ad77e27a1b7ec6,2025-09-06,2025-09-06T20:00:00Z,Ohio Bobcats,West Virginia Mountaineers,OB,WVM,,,0,,,,,odds_api_flattened,false,60,10,3,true,true,true
ncaaf,ef5e4d5fdd91ba13abea3c1b880bf6cb,ef5e4d5fdd91ba13abea3c1b880bf6cb,2025-09-06,2025-09-06T20:00:00Z,Wisconsin Badgers,Middle Tennessee Blue Raiders,WB,MTB,,,0,,,,,odds_api_flattened,false,58,11,3,true,true,true
ncaaf,d27640d7a7262d1212283491984a25e3,d27640d7a7262d1212283491984a25e3,2025-09-06,2025-09-06T20:05:00Z,Wyoming Cowboys,Northern Iowa Panthers,WC,NIP,,,0,,,,,odds_api_flattened,false,42,8,3,true,true,true
ncaaf,adfb4c2e2052c3e066089e9b30c0e496,adfb4c2e2052c3e066089e9b30c0e496,2025-09-06,2025-09-06T20:15:00Z,Florida Gators,South Florida Bulls,FG,SFB,,,0,,,,,odds_api_flattened,false,66,11,3,true,true,true
ncaaf,b3afa7e549f06046d220f15be8f57bdd,b3afa7e549f06046d220f15be8f57bdd,2025-09-06,2025-09-06T21:00:00Z,Arkansas Razorbacks,Arkansas State Red Wolves,AR,ASR,,,0,,,,,odds_api_flattened,false,60,10,3,true,true,true
ncaaf,189f13a5956430a8b8bc19a071dbe396,189f13a5956430a8b8bc19a071dbe396,2025-09-06,2025-09-06T21:05:00Z,Nevada Wolf Pack,Sacramento State Hornets,NWP,SSH,,,0,,,,,odds_api_flattened,false,44,8,3,true,true,true
ncaaf,9a9297190f7b672f20a8c2169e4e0dda,9a9297190f7b672f20a8c2169e4e0dda,2025-09-06,2025-09-06T21:05:00Z,Southern Mississippi Golden Eagles,Jackson State Tigers,SMG2,JST,,,0,,,,,odds_api_flattened,false,44,8,3,true,true,true
ncaaf,fee631583a9845afb9bf9d8b3b0b8251,fee631583a9845afb9bf9d8b3b0b8251,2025-09-06,2025-09-06T22:00:00Z,Marshall Thundering Herd,Missouri State Bears,MTH,MSB2,,,0,,,,,odds_api_flattened,false,60,10,3,true,true,true
ncaaf,3f8386d941941a0dfabcc52c2d49a779,3f8386d941941a0dfabcc52c2d49a779,2025-09-06,2025-09-06T22:05:00Z,Florida Atlantic Owls,Florida A&M Rattlers,FAO,FAA,,,0,,,,,odds_api_flattened,false,44,8,3,true,true,true
ncaaf,56cf14d9ec460e3d925d15a74ff96480,56cf14d9ec460e3d925d15a74ff96480,2025-09-06,2025-09-06T22:05:00Z,East Carolina Pirates,Campbell Fighting Camels,ECP,CFC,,,0,,,,,odds_api_flattened,false,40,8,3,true,true,true
ncaaf,ab853cd1e0b0c0ec52ed1281c0f4430b,ab853cd1e0b0c0ec52ed1281c0f4430b,2025-09-06,2025-09-06T22:05:00Z,Old Dominion Monarchs,North Carolina Central Eagles,ODM,NCC,,,0,,,,,odds_api_flattened,false,24,5,3,true,true,true
ncaaf,e4921c9abbbc6fad654953b98a917c85,e4921c9abbbc6fad654953b98a917c85,2025-09-06,2025-09-06T22:05:00Z,Utah Utes,Cal Poly Mustangs,UU,CPM,,,0,,,,,odds_api_flattened,false,24,6,2,false,true,true
ncaaf,2364417c745994c23e50a4b9539d9dcf,2364417c745994c23e50a4b9539d9dcf,2025-09-06,2025-09-06T23:00:00Z,Kansas State Wildcats,Army Black Knights,KSW,ABK,,,0,,,,,odds_api_flattened,false,60,10,3,true,true,true
ncaaf,5a5d9bfe189d87fab86e00ae8e5f5ea1,5a5d9bfe189d87fab86e00ae8e5f5ea1,2025-09-06,2025-09-06T23:00:00Z,South Alabama Jaguars,Tulane Green Wave,SAJ,TGW,,,0,,,,,odds_api_flattened,false,60,10,3,true,true,true
ncaaf,7812e5178fa6fc42110523dcc932684b,7812e5178fa6fc42110523dcc932684b,2025-09-06,2025-09-06T23:00:00Z,Rice Owls,Houston Cougars,RO,HC,,,0,,,,,odds_api_flattened,false,66,11,3,true,true,true
ncaaf,8933c7632f6f0163dd8c1746835726cf,8933c7632f6f0163dd8c1746835726cf,2025-09-06,2025-09-06T23:00:00Z,Charlotte 49ers,North Carolina Tar Heels,C4,NCT,,,0,,,,,odds_api_flattened,false,60,10,3,true,true,true
ncaaf,babcab8106759c4005c0d44f7b372d40,babcab8106759c4005c0d44f7b372d40,2025-09-06,2025-09-06T23:00:00Z,Georgia State Panthers,Memphis Tigers,GSP,MT2,,,0,,,,,odds_api_flattened,false,66,11,3,true,true,true
ncaaf,fde61dca2f5d5d96267fb00ce6a3d1b9,fde61dca2f5d5d96267fb00ce6a3d1b9,2025-09-06,2025-09-06T23:00:00Z,Toledo Rockets,Western Kentucky Hilltoppers,TR,WKH,,,0,,,,,odds_api_flattened,false,60,10,3,true,true,true
ncaaf,5405aa2c12cc8d8da76ee7abc8c53a91,5405aa2c12cc8d8da76ee7abc8c53a91,2025-09-06,2025-09-06T23:05:00Z,Colorado State Rams,Northern Colorado Bears,CSR,NCB,,,0,,,,,odds_api_flattened,false,28,7,2,false,true,true
ncaaf,a936ece803772890be537dfaff8a10b2,a936ece803772890be537dfaff8a10b2,2025-09-06,2025-09-06T23:05:00Z,Eastern Michigan Eagles,LIU Sharks,EME,LS,,,0,,,,,odds_api_flattened,false,34,7,3,true,true,true
ncaaf,ba99311bb57bf1aefb82f82ac0b3fb88,ba99311bb57bf1aefb82f82ac0b3fb88,2025-09-06,2025-09-06T23:05:00Z,Miami Hurricanes,Bethune-Cookman Wildcats,MH,BCW,,,0,,,,,odds_api_flattened,false,28,7,2,false,true,true
ncaaf,c90ceed1e5d6fa2b9b18f41698e72ae3,c90ceed1e5d6fa2b9b18f41698e72ae3,2025-09-06,2025-09-06T23:05:00Z,UCF Knights,North Carolina A&T Aggies,UK,NCA,,,0,,,,,odds_api_flattened,false,28,7,2,false,true,true
ncaaf,d1a993205667b96cd89e55d185d24593,d1a993205667b96cd89e55d185d24593,2025-09-06,2025-09-06T23:05:00Z,South Carolina Gamecocks,South Carolina State Bulldogs,SCG,SCS,,,0,,,,,odds_api_flattened,false,20,5,2,false,true,true
ncaaf,1a3f2c51d3af5b356c44b737195a5b46,1a3f2c51d3af5b356c44b737195a5b46,2025-09-06,2025-09-06T23:30:00Z,Virginia Tech Hokies,Vanderbilt Commodores,VTH,VC,,,0,,,,,odds_api_flattened,false,60,10,3,true,true,true
ncaaf,4e799f80f1960a286b99111d18d13597,4e799f80f1960a286b99111d18d13597,2025-09-06,2025-09-06T23:30:00Z,Nebraska Cornhuskers,Akron Zips,NC,AZ,,,0,,,,,odds_api_flattened,false,36,9,2,false,true,true
ncaaf,5efdee187e4f412e747582a3c18f725b,5efdee187e4f412e747582a3c18f725b,2025-09-06,2025-09-06T23:30:00Z,Oklahoma Sooners,Michigan Wolverines,OS,MW2,,,0,,,,,odds_api_flattened,false,66,11,3,true,true,true
ncaaf,846163dd682584dccfd473a3e19ab98a,846163dd682584dccfd473a3e19ab98a,2025-09-06,2025-09-06T23:30:00Z,Michigan State Spartans,Boston College Eagles,MSS,BCE,,,0,,,,,odds_api_flattened,false,66,11,3,true,true,true
ncaaf,98c92ca46c07070ed67047af259e07a9,98c92ca46c07070ed67047af259e07a9,2025-09-06,2025-09-06T23:30:00Z,Mississippi State Bulldogs,Arizona State Sun Devils,MSB,ASS,,,0,,,,,odds_api_flattened,false,60,10,3,true,true,true
ncaaf,9f0b65a8f99dd25660e14da120f3f49b,9f0b65a8f99dd25660e14da120f3f49b,2025-09-06,2025-09-06T23:30:00Z,LSU Tigers,Louisiana Tech Bulldogs,LT,LTB,,,0,,,,,odds_api_flattened,false,36,9,2,false,true,true
ncaaf,bc35dafac8197c8b37cf45f2845e46c5,bc35dafac8197c8b37cf45f2845e46c5,2025-09-06,2025-09-06T23:30:00Z,Auburn Tigers,Ball State Cardinals,AT,BSC,,,0,,,,,odds_api_flattened,false,36,9,2,false,true,true
ncaaf,c3fba6444cf81b6e2d5214d40362bff9,c3fba6444cf81b6e2d5214d40362bff9,2025-09-06,2025-09-06T23:30:00Z,USC Trojans,Georgia Southern Eagles,UT,GSE,,,0,,,,,odds_api_flattened,false,54,10,3,true,true,true
ncaaf,28baf07528786ceba750f04765da80f2,28baf07528786ceba750f04765da80f2,2025-09-06,2025-09-06T23:35:00Z,Coastal Carolina Chanticleers,Charleston Southern Buccaneers,CCC,CSB,,,0,,,,,odds_api_flattened,false,40,8,3,true,true,true
ncaaf,f3fa678cb608349c6a01b82ea311cc98,f3fa678cb608349c6a01b82ea311cc98,2025-09-06,2025-09-06T23:35:00Z,Purdue Boilermakers,Southern Illinois Salukis,PB,SIS,,,0,,,,,odds_api_flattened,false,42,8,3,true,true,true
ncaaf,0f7ab013d577d4ce6596cddb496a4e2e,0f7ab013d577d4ce6596cddb496a4e2e,2025-09-06,2025-09-06T23:45:00Z,Alabama Crimson Tide,UL Monroe Warhawks,ACT,UMW,,,0,,,,,odds_api_flattened,false,36,9,2,false,true,true
ncaaf,d445a4ea45f024ba386b422a8f293177,d445a4ea45f024ba386b422a8f293177,2025-09-07,2025-09-07T00:00:00Z,UNLV Rebels,UCLA Bruins,UR,UB2,,,0,,,,,odds_api_flattened,false,60,10,3,true,true,true
ncaaf,c730d999aec044ecdb025b4b0aadca95,c730d999aec044ecdb025b4b0aadca95,2025-09-07,2025-09-07T00:05:00Z,Louisiana Ragin Cajuns,McNeese State Cowboys,LRC2,MSC,,,0,,,,,odds_api_flattened,false,42,8,3,true,true,true
ncaaf,b2d958e3de35cf037c3879cd2357ba2a,b2d958e3de35cf037c3879cd2357ba2a,2025-09-07,2025-09-07T01:00:00Z,New Mexico State Aggies,Tulsa Golden Hurricane,NMS,TGH,,,0,,,,,odds_api_flattened,false,60,10,3,true,true,true
ncaaf,643822150f0bf436abb517c7fc1c71f0,643822150f0bf436abb517c7fc1c71f0,2025-09-07,2025-09-07T01:05:00Z,UTEP Miners,UT Martin Skyhawks,UM2,UMS,,,0,,,,,odds_api_flattened,false,32,6,3,true,true,true
ncaaf,fe157539436ac33506849b9a37a657f5,fe157539436ac33506849b9a37a657f5,2025-09-07,2025-09-07T01:05:00Z,California Golden Bears,Texas Southern Tigers,CGB,TST3,,,0,,,,,odds_api_flattened,false,28,7,2,false,true,true
ncaaf,164279d656466280a5aae94c4a56855c,164279d656466280a5aae94c4a56855c,2025-09-07,2025-09-07T02:05:00Z,Arizona Wildcats,Weber State Wildcats,AW,WSW,,,0,,,,,odds_api_flattened,false,26,6,3,true,true,true
ncaaf,c412e71c1e290c935cce3c2579a9606a,c412e71c1e290c935cce3c2579a9606a,2025-09-07,2025-09-07T02:15:00Z,Washington State Cougars,San Diego State Aztecs,WSC,SDS,,,0,,,,,odds_api_flattened,false,60,10,3,true,true,true
ncaaf,d4d307f058aeaa574cfa993534dc6329,d4d307f058aeaa574cfa993534dc6329,2025-09-07,2025-09-07T02:15:00Z,BYU Cougars,Stanford Cardinal,BC,SC,,,0,,,,,odds_api_flattened,false,66,11,3,true,true,true
ncaaf,dd516b114a67242fa7d18b57158981a6,dd516b114a67242fa7d18b57158981a6,2025-09-07,2025-09-07T03:00:00Z,Washington Huskies,UC Davis Aggies,WH,UDA,,,0,,,,,odds_api_flattened,false,40,8,3,true,true,true
ncaaf,8cb9bffac37420e5cd3f489d4d8eb9fa,8cb9bffac37420e5cd3f489d4d8eb9fa,2025-09-07,2025-09-07T04:00:00Z,Hawaii Rainbow Warriors,Sam Houston State Bearkats,HRW,SHS,,,0,,,,,odds_api_flattened,false,66,11,3,true,true,true
ncaaf,542ba39fc8c6d30999a48dd24a805716,542ba39fc8c6d30999a48dd24a805716,2025-09-11,2025-09-11T23:30:00Z,Wake Forest Demon Deacons,NC State Wolfpack,WFD,NSW,,,0,,,,,odds_api_flattened,false,66,11,3,true,true,true
ncaaf,27b116b4ae0add4a567ac13e648a969c,27b116b4ae0add4a567ac13e648a969c,2025-09-12,2025-09-12T22:30:00Z,Indiana Hoosiers,Indiana State Sycamores,IH,ISS,,,0,,,,,odds_api_flattened,false,32,8,2,false,true,true
ncaaf,c0cb57ad4cf6559c9e66a282af20a70f,c0cb57ad4cf6559c9e66a282af20a70f,2025-09-12,2025-09-12T23:00:00Z,Syracuse Orange,Colgate Raiders,SO,CR,,,0,,,,,odds_api_flattened,false,32,8,2,false,true,true
ncaaf,3364cb1ca333090467399c9202106e85,3364cb1ca333090467399c9202106e85,2025-09-12,2025-09-12T23:30:00Z,Houston Cougars,Colorado Buffaloes,HC,CB3,,,0,,,,,odds_api_flattened,false,66,11,3,true,true,true
ncaaf,15fc1863106a88d0c4fbbab5fb4104d8,15fc1863106a88d0c4fbbab5fb4104d8,2025-09-13,2025-09-13T01:00:00Z,Arizona Wildcats,Kansas State Wildcats,AW,KSW,,,0,,,,,odds_api_flattened,false,66,11,3,true,true,true
ncaaf,fc14fc6cc614c501289dce87abdaa041,fc14fc6cc614c501289dce87abdaa041,2025-09-13,2025-09-13T02:00:00Z,UCLA Bruins,New Mexico Lobos,UB2,NML,,,0,,,,,odds_api_flattened,false,66,11,3,true,true,true
ncaaf,1e8f948c71b57bb3ab85019401680e55,1e8f948c71b57bb3ab85019401680e55,2025-09-13,2025-09-13T15:58:00Z,Georgia Tech Yellow Jackets,Clemson Tigers,GTY,CT,,,0,,,,,odds_api_flattened,false,66,11,3,true,true,true
ncaaf,4448884985daf34694092893ff17f308,4448884985daf34694092893ff17f308,2025-09-13,2025-09-13T15:59:00Z,Alabama Crimson Tide,Wisconsin Badgers,ACT,WB,,,0,,,,,odds_api_flattened,false,66,11,3,true,true,true
ncaaf,3f24d5cd198b8d71346ee485024d92e4,3f24d5cd198b8d71346ee485024d92e4,2025-09-13,2025-09-13T16:00:00Z,Virginia Cavaliers,William and Mary Tribe,VC2,WAM,,,0,,,,,odds_api_flattened,false,52,10,3,true,true,true
ncaaf,7055717ca227bcf67daddfde8ce538d7,7055717ca227bcf67daddfde8ce538d7,2025-09-13,2025-09-13T16:00:00Z,Troy Trojans,Memphis Tigers,TT2,MT2,,,0,,,,,odds_api_flattened,false,66,11,3,true,true,true
ncaaf,890ecf657e6554cb83401877d8a2d4af,890ecf657e6554cb83401877d8a2d4af,2025-09-13,2025-09-13T16:00:00Z,Nebraska Cornhuskers,Houston Baptist Huskies,NC,HBH,,,0,,,,,odds_api_flattened,false,38,9,3,true,true,true
ncaaf,b8524329bb15afd228c75ffbf68f4cc0,b8524329bb15afd228c75ffbf68f4cc0,2025-09-13,2025-09-13T16:00:00Z,Temple Owls,Oklahoma Sooners,TO,OS,,,0,,,,,odds_api_flattened,false,66,11,3,true,true,true
ncaaf,bb7a8c32ea520cdc25a01fe1826ca550,bb7a8c32ea520cdc25a01fe1826ca550,2025-09-13,2025-09-13T16:00:00Z,Maryland Terrapins,Towson Tigers,MT,TT,,,0,,,,,odds_api_flattened,false,52,10,3,true,true,true
ncaaf,cf8be0afa61692fc5367a63efe3acb04,cf8be0afa61692fc5367a63efe3acb04,2025-09-13,2025-09-13T16:00:00Z,Kent State Golden Flashes,Buffalo Bulls,KSG,BB4,,,0,,,,,odds_api_flattened,false,66,11,3,true,true,true
ncaaf,e56fc1fd0535fb4df5965ec3b167affc,e56fc1fd0535fb4df5965ec3b167affc,2025-09-13,2025-09-13T16:00:00Z,Michigan Wolverines,Central Michigan Chippewas,MW2,CMC,,,0,,,,,odds_api_flattened,false,58,11,3,true,true,true
ncaaf,e578eee84f74b91f768a10409dad34e2,e578eee84f74b91f768a10409dad34e2,2025-09-13,2025-09-13T16:00:00Z,Northwestern Wildcats,Oregon Ducks,NW,OD,,,0,,,,,odds_api_flattened,false,62,11,3,true,true,true
ncaaf,5aa5556ffd91ab02dd10e760119389c9,5aa5556ffd91ab02dd10e760119389c9,2025-09-13,2025-09-13T16:05:00Z,Baylor Bears,Samford Bulldogs,BB,SB,,,0,,,,,odds_api_flattened,false,36,9,2,false,true,true
ncaaf,769239155fdcf442b46fd841cc830644,769239155fdcf442b46fd841cc830644,2025-09-13,2025-09-13T16:45:00Z,Auburn Tigers,South Alabama Jaguars,AT,SAJ,,,0,,,,,odds_api_flattened,false,64,11,3,true,true,true
ncaaf,6e02ca12a913adc7a3e54664fab9ec5f,6e02ca12a913adc7a3e54664fab9ec5f,2025-09-13,2025-09-13T17:00:00Z,Missouri Tigers,Louisiana Ragin Cajuns,MT3,LRC2,,,0,,,,,odds_api_flattened,false,62,11,3,true,true,true
ncaaf,06d8d06bf18254cb7da10f3df605b694,06d8d06bf18254cb7da10f3df605b694,2025-09-13,2025-09-13T18:00:00Z,Ball State Cardinals,New Hampshire Wildcats,BSC,NHW,,,0,,,,,odds_api_flattened,false,46,8,3,true,true,true
ncaaf,a8f7d11f07a3638d7cbf6db26063a7d6,a8f7d11f07a3638d7cbf6db26063a7d6,2025-09-13,2025-09-13T19:00:00Z,Delaware Blue Hens,UConn Huskies,DBH,UH,,,0,,,,,odds_api_flattened,false,66,11,3,true,true,true
ncaaf,08d8516f4e80463c999592cabffaab09,08d8516f4e80463c999592cabffaab09,2025-09-13,2025-09-13T19:30:00Z,Texas Tech Red Raiders,Oregon State Beavers,TTR,OSB2,,,0,,,,,odds_api_flattened,false,66,11,3,true,true,true
ncaaf,2f5eb17fc3460a510e64c0da17592c23,2f5eb17fc3460a510e64c0da17592c23,2025-09-13,2025-09-13T19:30:00Z,Tennessee Volunteers,Georgia Bulldogs,TV,GB,,,0,,,,,odds_api_flattened,false,66,11,3,true,true,true
ncaaf,32dedd329ad7a2cf2ef10ea7ce94ac2f,32dedd329ad7a2cf2ef10ea7ce94ac2f,2025-09-13,2025-09-13T19:30:00Z,Missouri State Bears,SMU Mustangs,MSB2,SM,,,0,,,,,odds_api_flattened,false,62,11,3,true,true,true
ncaaf,3ad5a91e618cb376c6a36ce3661ddeaa,3ad5a91e618cb376c6a36ce3661ddeaa,2025-09-13,2025-09-13T19:30:00Z,Rutgers Scarlet Knights,Norfolk State Spartans,RSK,NSS,,,0,,,,,odds_api_flattened,false,30,7,3,true,true,true
ncaaf,4814e0006160018eb4640a5954482c73,4814e0006160018eb4640a5954482c73,2025-09-13,2025-09-13T19:30:00Z,UTSA Roadrunners,Incarnate Word Cardinals,UR2,IWC,,,0,,,,,odds_api_flattened,false,44,8,3,true,true,true
ncaaf,4d626c9b7d06d80a9f435e9d370d7552,4d626c9b7d06d80a9f435e9d370d7552,2025-09-13,2025-09-13T19:30:00Z,North Texas Mean Green,Washington State Cougars,NTM,WSC,,,0,,,,,odds_api_flattened,false,66,11,3,true,true,true
ncaaf,77658b71d1a453dde664a6dac3e3aee5,77658b71d1a453dde664a6dac3e3aee5,2025-09-13,2025-09-13T19:30:00Z,Purdue Boilermakers,USC Trojans,PB,UT,,,0,,,,,odds_api_flattened,false,66,11,3,true,true,true
ncaaf,bd0a69e509effeb418dc2c02e2812904,bd0a69e509effeb418dc2c02e2812904,2025-09-13,2025-09-13T19:30:00Z,West Virginia Mountaineers,Pittsburgh Panthers,WVM,PP,,,0,,,,,odds_api_flattened,false,66,11,3,true,true,true
ncaaf,e1a21478d0bb7a47dd4ed8d77f7aebfd,e1a21478d0bb7a47dd4ed8d77f7aebfd,2025-09-13,2025-09-13T19:30:00Z,Penn State Nittany Lions,Villanova Wildcats,PSN,VW,,,0,,,,,odds_api_flattened,false,32,8,2,false,true,true
ncaaf,e35cf990260dfc344edcde78f6f259a7,e35cf990260dfc344edcde78f6f259a7,2025-09-13,2025-09-13T19:30:00Z,Cincinnati Bearcats,Northwestern State Demons,CB,NSD,,,0,,,,,odds_api_flattened,false,24,6,2,false,true,true
ncaaf,e8b76d9da9d28dd941d01df1ee8456d2,e8b76d9da9d28dd941d01df1ee8456d2,2025-09-13,2025-09-13T19:30:00Z,Michigan State Spartans,Youngstown St Penguins,MSS,YSP,,,0,,,,,odds_api_flattened,false,42,8,3,true,true,true
ncaaf,f1fa192df7e4f63e08254cc59d41daab,f1fa192df7e4f63e08254cc59d41daab,2025-09-13,2025-09-13T19:30:00Z,North Carolina Tar Heels,Richmond Spiders,NCT,RS,,,0,,,,,odds_api_flattened,false,48,9,3,true,true,true
ncaaf,f77f31a47eb33d465d89794897312559,f77f31a47eb33d465d89794897312559,2025-09-13,2025-09-13T19:30:00Z,Toledo Rockets,Morgan State Bears,TR,MSB4,,,0,,,,,odds_api_flattened,false,36,8,3,true,true,true
ncaaf,139289c50a551da95bd2eabf6369f603,139289c50a551da95bd2eabf6369f603,2025-09-13,2025-09-13T20:00:00Z,Arkansas State Red Wolves,Iowa State Cyclones,ASR,ISC,,,0,,,,,odds_api_flattened,false,66,11,3,true,true,true
ncaaf,9f28051e129f9d7c9b1592843975f35e,9f28051e129f9d7c9b1592843975f35e,2025-09-13,2025-09-13T20:15:00Z,Texas Longhorns,UTEP Miners,TL,UM2,,,0,,,,,odds_api_flattened,false,40,10,2,false,true,true
ncaaf,abd9abc5f6d6a3cc918ef6796b35613a,abd9abc5f6d6a3cc918ef6796b35613a,2025-09-13,2025-09-13T20:30:00Z,Miami Hurricanes,South Florida Bulls,MH,SFB,,,0,,,,,odds_api_flattened,false,66,11,3,true,true,true
ncaaf,875846e5665b70d5469951f3fcb7882c,875846e5665b70d5469951f3fcb7882c,2025-09-13,2025-09-13T21:00:00Z,Nevada Wolf Pack,Middle Tennessee Blue Raiders,NWP,MTB,,,0,,,,,odds_api_flattened,false,60,10,3,true,true,true
ncaaf,d0dd41e1d1fbdb7fb28108d71cef7191,d0dd41e1d1fbdb7fb28108d71cef7191,2025-09-13,2025-09-13T21:00:00Z,Bowling Green Falcons,Liberty Flames,BGF,LF,,,0,,,,,odds_api_flattened,false,66,11,3,true,true,true
ncaaf,24639a99272a5b62097223d827ee87d8,24639a99272a5b62097223d827ee87d8,2025-09-13,2025-09-13T22:00:00Z,Kennesaw State Owls,Merrimack Warriors,KSO,MW,,,0,,,,,odds_api_flattened,false,44,8,3,true,true,true
ncaaf,4bd781526f99dcec03fbfa22ac331354,4bd781526f99dcec03fbfa22ac331354,2025-09-13,2025-09-13T22:00:00Z,Marshall Thundering Herd,Eastern Kentucky Colonels,MTH,EKC,,,0,,,,,odds_api_flattened,false,40,7,3,true,true,true
ncaaf,5ae8e6f0b5efe437b1443149ae0ec642,5ae8e6f0b5efe437b1443149ae0ec642,2025-09-13,2025-09-13T22:00:00Z,Charlotte 49ers,Monmouth Hawks,C4,MH2,,,0,,,,,odds_api_flattened,false,38,7,3,true,true,true
ncaaf,7013b142407fdb3a33b73bb74b9f9955,7013b142407fdb3a33b73bb74b9f9955,2025-09-13,2025-09-13T22:00:00Z,Mississippi State Bulldogs,Alcorn State Braves,MSB,ASB,,,0,,,,,odds_api_flattened,false,30,8,2,false,true,true
ncaaf,f725f3f6b4997b4743eab27059a76b9a,f725f3f6b4997b4743eab27059a76b9a,2025-09-13,2025-09-13T22:00:00Z,Florida International Panthers,Florida Atlantic Owls,FIP,FAO,,,0,,,,,odds_api_flattened,false,66,11,3,true,true,true
ncaaf,019f0593640b99c42289e23d88f54fe2,019f0593640b99c42289e23d88f54fe2,2025-09-13,2025-09-13T23:00:00Z,Georgia State Panthers,Murray State Racers,GSP,MSR,,,0,,,,,odds_api_flattened,false,40,8,3,true,true,true
ncaaf,208a16b828d2456abbb1f12037625758,208a16b828d2456abbb1f12037625758,2025-09-13,2025-09-13T23:00:00Z,Virginia Tech Hokies,Old Dominion Monarchs,VTH,ODM,,,0,,,,,odds_api_flattened,false,60,10,3,true,true,true
ncaaf,2f3b6a7a4a7b55d909fa1d7673b7c452,2f3b6a7a4a7b55d909fa1d7673b7c452,2025-09-13,2025-09-13T23:00:00Z,South Carolina Gamecocks,Vanderbilt Commodores,SCG,VC,,,0,,,,,odds_api_flattened,false,66,11,3,true,true,true
ncaaf,550c9e1c0682a94c17ec7df68381a94b,550c9e1c0682a94c17ec7df68381a94b,2025-09-13,2025-09-13T23:00:00Z,Illinois Fighting Illini,Western Michigan Broncos,IFI,WMB,,,0,,,,,odds_api_flattened,false,54,10,3,true,true,true
ncaaf,84b736e35a7f73afa8b8c938c65169af,84b736e35a7f73afa8b8c938c65169af,2025-09-13,2025-09-13T23:00:00Z,Georgia Southern Eagles,Jacksonville State Gamecocks,GSE,JSG,,,0,,,,,odds_api_flattened,false,60,10,3,true,true,true
ncaaf,8b7338452f03e6d1f390ba7683da7a46,8b7338452f03e6d1f390ba7683da7a46,2025-09-13,2025-09-13T23:00:00Z,Southern Mississippi Golden Eagles,Appalachian State Mountaineers,SMG2,ASM2,,,0,,,,,odds_api_flattened,false,60,10,3,true,true,true
ncaaf,c08b8bf01131025509bb852aa41e2f91,c08b8bf01131025509bb852aa41e2f91,2025-09-13,2025-09-13T23:00:00Z,Ohio State Buckeyes,Ohio Bobcats,OSB,OB,,,0,,,,,odds_api_flattened,false,54,10,3,true,true,true
ncaaf,d7240ebe1bb46d3db3bb15d267cae7de,d7240ebe1bb46d3db3bb15d267cae7de,2025-09-13,2025-09-13T23:00:00Z,Rice Owls,Prairie View A&M Panthers,RO,PVA,,,0,,,,,odds_api_flattened,false,40,8,3,true,true,true
ncaaf,ed60227b309e7c8b24a7fd098d830bca,ed60227b309e7c8b24a7fd098d830bca,2025-09-13,2025-09-13T23:00:00Z,Ole Miss Rebels,Arkansas Razorbacks,OMR,AR,,,0,,,,,odds_api_flattened,false,60,10,3,true,true,true
ncaaf,1fa46226598488bf1844c212919bccc0,1fa46226598488bf1844c212919bccc0,2025-09-13,2025-09-13T23:30:00Z,Coastal Carolina Chanticleers,East Carolina Pirates,CCC,ECP,,,0,,,,,odds_api_flattened,false,60,10,3,true,true,true
ncaaf,b83c7f30440d9f80736b1b7cc5b2fa7f,b83c7f30440d9f80736b1b7cc5b2fa7f,2025-09-13,2025-09-13T23:30:00Z,LSU Tigers,Florida Gators,LT,FG,,,0,,,,,odds_api_flattened,false,66,11,3,true,true,true
ncaaf,bbf986aa26a838709271939437a8c9c5,bbf986aa26a838709271939437a8c9c5,2025-09-13,2025-09-13T23:30:00Z,Kentucky Wildcats,Eastern Michigan Eagles,KW,EME,,,0,,,,,odds_api_flattened,false,58,10,3,true,true,true
ncaaf,d20307e8474bbfe4a52934a6af6fe2d9,d20307e8474bbfe4a52934a6af6fe2d9,2025-09-13,2025-09-13T23:30:00Z,Notre Dame Fighting Irish,Texas A&M Aggies,NDF2,TAA,,,0,,,,,odds_api_flattened,false,66,11,3,true,true,true
ncaaf,d3f2f26060c42cb5ae2b941b73a794d8,d3f2f26060c42cb5ae2b941b73a794d8,2025-09-13,2025-09-13T23:30:00Z,Louisiana Tech Bulldogs,New Mexico State Aggies,LTB,NMS,,,0,,,,,odds_api_flattened,false,60,10,3,true,true,true
ncaaf,df7f1ccceef734c9353bcd44a4236601,df7f1ccceef734c9353bcd44a4236601,2025-09-13,2025-09-13T23:30:00Z,Iowa Hawkeyes,UMass Minutemen,IH2,UM,,,0,,,,,odds_api_flattened,false,36,9,2,false,true,true
ncaaf,674f125e76bbaa23c17ed7bfc92a7e2f,674f125e76bbaa23c17ed7bfc92a7e2f,2025-09-14,2025-09-14T00:00:00Z,Tulsa Golden Hurricane,Navy Midshipmen,TGH,NM,,,0,,,,,odds_api_flattened,false,60,10,3,true,true,true
ncaaf,835d0fbb20287ee86ac00d5f3fa3b3b6,835d0fbb20287ee86ac00d5f3fa3b3b6,2025-09-14,2025-09-14T00:00:00Z,Tulane Green Wave,Duke Blue Devils,TGW,DBD,,,0,,,,,odds_api_flattened,false,60,10,3,true,true,true
ncaaf,ad2a98c2fe26866d3fe7664110c1b5f7,ad2a98c2fe26866d3fe7664110c1b5f7,2025-09-14,2025-09-14T00:00:00Z,Wyoming Cowboys,Utah Utes,WC,UU,,,0,,,,,odds_api_flattened,false,54,9,3,true,true,true
ncaaf,fd20bb3cdf2afbfeaa3daa9b665a5767,fd20bb3cdf2afbfeaa3daa9b665a5767,2025-09-14,2025-09-14T00:00:00Z,TCU Horned Frogs,Abilene Christian Wildcats,THF,ACW,,,0,,,,,odds_api_flattened,false,28,7,2,false,true,true
ncaaf,410236d82315e057f9465b5c12df7bf2,410236d82315e057f9465b5c12df7bf2,2025-09-14,2025-09-14T00:30:00Z,UAB Blazers,Akron Zips,UB,AZ,,,0,,,,,odds_api_flattened,false,60,10,3,true,true,true
ncaaf,36ac69de72f616b39cbcc1f2e89a9430,36ac69de72f616b39cbcc1f2e89a9430,2025-09-14,2025-09-14T01:45:00Z,Utah State Aggies,Air Force Falcons,USA,AFF,,,0,,,,,odds_api_flattened,false,60,10,3,true,true,true
ncaaf,76fa944a050adddb7c2cb6e4c4d38d6b,76fa944a050adddb7c2cb6e4c4d38d6b,2025-09-14,2025-09-14T02:00:00Z,Fresno State Bulldogs,Southern University Jaguars,FSB,SUJ,,,0,,,,,odds_api_flattened,false,28,7,2,false,true,true
ncaaf,4ac5fec6b02d255aa548dfd6cc1edbb9,4ac5fec6b02d255aa548dfd6cc1edbb9,2025-09-14,2025-09-14T02:30:00Z,Stanford Cardinal,Boston College Eagles,SC,BCE,,,0,,,,,odds_api_flattened,false,60,10,3,true,true,true
ncaaf,5d85387fe9b718ea0c754c1e1b51a434,5d85387fe9b718ea0c754c1e1b51a434,2025-09-14,2025-09-14T02:30:00Z,California Golden Bears,Minnesota Golden Gophers,CGB,MGG,,,0,,,,,odds_api_flattened,false,66,11,3,true,true,true
ncaaf,f52fd1eb78ff6a44662e772a4950263b,f52fd1eb78ff6a44662e772a4950263b,2025-09-14,2025-09-14T02:30:00Z,Arizona State Sun Devils,Texas State Bobcats,ASS,TSB,,,0,,,,,odds_api_flattened,false,66,11,3,true,true,true
ncaaf,bbe327e5d8f123a57f4279e3597d40ae,bbe327e5d8f123a57f4279e3597d40ae,2025-09-14,2025-09-14T03:59:00Z,Hawaii Rainbow Warriors,Portland State Vikings,HRW,PSV,,,0,,,,,odds_api_flattened,false,28,7,2,false,true,true
ncaaf,88a5a0bbf82083c43c806d40071b340e,88a5a0bbf82083c43c806d40071b340e,2025-09-18,2025-09-18T23:30:00Z,Charlotte 49ers,Rice Owls,C4,RO,,,0,,,,,odds_api_flattened,false,66,11,3,true,true,true
ncaaf,f7f75940634e8ec62dac353f09be0677,f7f75940634e8ec62dac353f09be0677,2025-09-19,2025-09-19T23:30:00Z,Oklahoma State Cowboys,Tulsa Golden Hurricane,OSC,TGH,,,0,,,,,odds_api_flattened,false,66,11,3,true,true,true
ncaaf,4bab9cbac51f27b9f12617b760247074,4bab9cbac51f27b9f12617b760247074,2025-09-20,2025-09-20T00:00:00Z,Rutgers Scarlet Knights,Iowa Hawkeyes,RSK,IH2,,,0,,,,,odds_api_flattened,false,60,10,3,true,true,true
ncaaf,13e04598f89948bf768f8f5456c9bc66,13e04598f89948bf768f8f5456c9bc66,2025-09-20,2025-09-20T15:59:00Z,Wisconsin Badgers,Maryland Terrapins,WB,MT,,,0,,,,,odds_api_flattened,false,66,11,3,true,true,true
ncaaf,3f96037e0014fee643fc8b7a5efaa2d0,3f96037e0014fee643fc8b7a5efaa2d0,2025-09-20,2025-09-20T15:59:00Z,Clemson Tigers,Syracuse Orange,CT,SO,,,0,,,,,odds_api_flattened,false,66,11,3,true,true,true
ncaaf,c0b1ac9a610885d8e56a1891adf68d57,c0b1ac9a610885d8e56a1891adf68d57,2025-09-20,2025-09-20T15:59:00Z,Memphis Tigers,Arkansas Razorbacks,MT2,AR,,,0,,,,,odds_api_flattened,false,64,11,3,true,true,true
ncaaf,3aa7e2c30d9051691c378e202279c6fc,3aa7e2c30d9051691c378e202279c6fc,2025-09-20,2025-09-20T16:00:00Z,Utah Utes,Texas Tech Red Raiders,UU,TTR,,,0,,,,,odds_api_flattened,false,60,10,3,true,true,true
ncaaf,84ae085a96a7a0b18f00587c6136884f,84ae085a96a7a0b18f00587c6136884f,2025-09-20,2025-09-20T16:00:00Z,TCU Horned Frogs,SMU Mustangs,THF,SM,,,0,,,,,odds_api_flattened,false,66,11,3,true,true,true
ncaaf,a007e86de8d7082641da38233ddeb1b7,a007e86de8d7082641da38233ddeb1b7,2025-09-20,2025-09-20T16:00:00Z,Louisville Cardinals,Bowling Green Falcons,LC2,BGF,,,0,,,,,odds_api_flattened,false,60,11,3,true,true,true
ncaaf,a85c3e810f12d0a8bf904fa1a2795aa6,a85c3e810f12d0a8bf904fa1a2795aa6,2025-09-20,2025-09-20T16:00:00Z,Army Black Knights,North Texas Mean Green,ABK,NTM,,,0,,,,,odds_api_flattened,false,66,11,3,true,true,true
ncaaf,340927bb8c4eb3f1d8a13c5480646b51,340927bb8c4eb3f1d8a13c5480646b51,2025-09-20,2025-09-20T16:05:00Z,Virginia Tech Hokies,Wofford Terriers,VTH,WT,,,0,,,,,odds_api_flattened,false,32,8,2,false,true,true
ncaaf,3fdda89f6826aab0083880182b962b27,3fdda89f6826aab0083880182b962b27,2025-09-20,2025-09-20T16:05:00Z,Miami (OH) RedHawks,UNLV Rebels,MOR,UR,,,0,,,,,odds_api_flattened,false,64,11,3,true,true,true
ncaaf,9449961a57cdf571e7248d18613ec131,9449961a57cdf571e7248d18613ec131,2025-09-20,2025-09-20T16:05:00Z,South Florida Bulls,South Carolina State Bulldogs,SFB,SCS,,,0,,,,,odds_api_flattened,false,34,8,3,true,true,true
ncaaf,6c5b117f5091e161561240ae95fe99a4,6c5b117f5091e161561240ae95fe99a4,2025-09-20,2025-09-20T16:45:00Z,Tennessee Volunteers,UAB Blazers,TV,UB,,,0,,,,,odds_api_flattened,false,40,10,2,false,true,true
ncaaf,cbf53f44970801ab245ec4d71276519e,cbf53f44970801ab245ec4d71276519e,2025-09-20,2025-09-20T17:00:00Z,Central Michigan Chippewas,Wagner Seahawks,CMC,WS,,,0,,,,,odds_api_flattened,false,48,10,3,true,true,true
ncaaf,ee813cd96576a01199eedf7066cc54d1,ee813cd96576a01199eedf7066cc54d1,2025-09-20,2025-09-20T19:00:00Z,Oregon Ducks,Oregon State Beavers,OD,OSB2,,,0,,,,,odds_api_flattened,false,40,10,2,false,true,true
ncaaf,038cd404ffe4a5be92eb7c38c93ffd68,038cd404ffe4a5be92eb7c38c93ffd68,2025-09-20,2025-09-20T19:30:00Z,UCF Knights,North Carolina Tar Heels,UK,NCT,,,0,,,,,odds_api_flattened,false,66,11,3,true,true,true
ncaaf,103dcd715ce54d763f5d49157b11b2a2,103dcd715ce54d763f5d49157b11b2a2,2025-09-20,2025-09-20T19:30:00Z,Oklahoma Sooners,Auburn Tigers,OS,AT,,,0,,,,,odds_api_flattened,false,66,11,3,true,true,true
ncaaf,12046fc0c213511df41b0eac4fc599ca,12046fc0c213511df41b0eac4fc599ca,2025-09-20,2025-09-20T19:30:00Z,Western Michigan Broncos,Toledo Rockets,WMB,TR,,,0,,,,,odds_api_flattened,false,66,11,3,true,true,true
ncaaf,2c779264544468120afddc92b13c62e3,2c779264544468120afddc92b13c62e3,2025-09-20,2025-09-20T19:30:00Z,Ohio Bobcats,Gardner-Webb Runnin Bulldogs,OB,GWR,,,0,,,,,odds_api_flattened,false,44,9,3,true,true,true
ncaaf,3624fd697b751f6852328275de12fd1c,3624fd697b751f6852328275de12fd1c,2025-09-20,2025-09-20T19:30:00Z,Eastern Michigan Eagles,Louisiana Ragin Cajuns,EME,LRC2,,,0,,,,,odds_api_flattened,false,66,11,3,true,true,true
ncaaf,3a348b84db164ba3eddf330ec773c06d,3a348b84db164ba3eddf330ec773c06d,2025-09-20,2025-09-20T19:30:00Z,Buffalo Bulls,Troy Trojans,BB4,TT2,,,0,,,,,odds_api_flattened,false,66,11,3,true,true,true
ncaaf,857f26585f6083c7cfc300026e647ee6,857f26585f6083c7cfc300026e647ee6,2025-09-20,2025-09-20T19:30:00Z,Florida State Seminoles,Kent State Golden Flashes,FSS,KSG,,,0,,,,,odds_api_flattened,false,40,10,2,false,true,true
ncaaf,93682b6473bd43d01f8b37a24132ef75,93682b6473bd43d01f8b37a24132ef75,2025-09-20,2025-09-20T19:30:00Z,UConn Huskies,Ball State Cardinals,UH,BSC,,,0,,,,,odds_api_flattened,false,66,11,3,true,true,true
ncaaf,af17a22d1102bd35d73a24c0332f762f,af17a22d1102bd35d73a24c0332f762f,2025-09-20,2025-09-20T19:30:00Z,Notre Dame Fighting Irish,Purdue Boilermakers,NDF2,PB,,,0,,,,,odds_api_flattened,false,66,11,3,true,true,true
ncaaf,c2b9d588bf5c96622fea7d89d5f0c115,c2b9d588bf5c96622fea7d89d5f0c115,2025-09-20,2025-09-20T19:30:00Z,Ole Miss Rebels,Tulane Green Wave,OMR,TGW,,,0,,,,,odds_api_flattened,false,60,10,3,true,true,true
ncaaf,e7873a03eb97c9a032544e448cc2d55c,e7873a03eb97c9a032544e448cc2d55c,2025-09-20,2025-09-20T19:30:00Z,Nebraska Cornhuskers,Michigan Wolverines,NC,MW2,,,0,,,,,odds_api_flattened,false,66,11,3,true,true,true
ncaaf,f652e81624955a035c53f10089a56e2e,f652e81624955a035c53f10089a56e2e,2025-09-20,2025-09-20T19:30:00Z,Liberty Flames,James Madison Dukes,LF,JMD,,,0,,,,,odds_api_flattened,false,66,11,3,true,true,true
ncaaf,19c25ee727d70638bb04d4e1bce612ea,19c25ee727d70638bb04d4e1bce612ea,2025-09-20,2025-09-20T20:00:00Z,Duke Blue Devils,NC State Wolfpack,DBD,NSW,,,0,,,,,odds_api_flattened,false,66,11,3,true,true,true
ncaaf,03977e2fadb000a89f6b3da8a5b174cd,03977e2fadb000a89f6b3da8a5b174cd,2025-09-20,2025-09-20T20:15:00Z,Mississippi State Bulldogs,Northern Illinois Huskies,MSB,NIH,,,0,,,,,odds_api_flattened,false,66,11,3,true,true,true
ncaaf,e42cbc33af5d7a0d0045f0858e3cdf96,e42cbc33af5d7a0d0045f0858e3cdf96,2025-09-20,2025-09-20T20:30:00Z,Georgia Tech Yellow Jackets,Temple Owls,GTY,TO,,,0,,,,,odds_api_flattened,false,66,11,3,true,true,true
ncaaf,9d1789382895a78e49e86838a9f8c44d,9d1789382895a78e49e86838a9f8c44d,2025-09-20,2025-09-20T21:00:00Z,San Jose State Spartans,Idaho Vandals,SJS,IV,,,0,,,,,odds_api_flattened,false,44,8,3,true,true,true
ncaaf,40e0ef27cf4ecc8195310d798dee3be9,40e0ef27cf4ecc8195310d798dee3be9,2025-09-20,2025-09-20T22:00:00Z,Florida International Panthers,Delaware Blue Hens,FIP,DBH,,,0,,,,,odds_api_flattened,false,60,10,3,true,true,true
ncaaf,6be90d4768b93c43b3b3e55de45a3925,6be90d4768b93c43b3b3e55de45a3925,2025-09-20,2025-09-20T22:00:00Z,Kansas Jayhawks,West Virginia Mountaineers,KJ,WVM,,,0,,,,,odds_api_flattened,false,60,10,3,true,true,true
ncaaf,8a6aaf025db38602e739a75bd9cd79a2,8a6aaf025db38602e739a75bd9cd79a2,2025-09-20,2025-09-20T22:00:00Z,Kennesaw State Owls,Arkansas State Red Wolves,KSO,ASR,,,0,,,,,odds_api_flattened,false,60,10,3,true,true,true
ncaaf,79e3a2057511c8c7faff696a65ad00a5,79e3a2057511c8c7faff696a65ad00a5,2025-09-20,2025-09-20T22:07:00Z,Akron Zips,Duquesne Dukes,AZ,DD,,,0,,,,,odds_api_flattened,false,42,8,3,true,true,true
ncaaf,0a99c4c19ec716237226adf6f20506ce,0a99c4c19ec716237226adf6f20506ce,2025-09-20,2025-09-20T23:00:00Z,Missouri Tigers,South Carolina Gamecocks,MT3,SCG,,,0,,,,,odds_api_flattened,false,66,11,3,true,true,true
ncaaf,95902da68b0cef406dd2413e4399a320,95902da68b0cef406dd2413e4399a320,2025-09-20,2025-09-20T23:00:00Z,Air Force Falcons,Boise State Broncos,AFF,BSB,,,0,,,,,odds_api_flattened,false,60,10,3,true,true,true
ncaaf,c6c93f60d8369525b707f1f11c2cd0a1,c6c93f60d8369525b707f1f11c2cd0a1,2025-09-20,2025-09-20T23:00:00Z,Western Kentucky Hilltoppers,Nevada Wolf Pack,WKH,NWP,,,0,,,,,odds_api_flattened,false,60,10,3,true,true,true
ncaaf,eba637423f4dc14f6c7039c4b25fa523,eba637423f4dc14f6c7039c4b25fa523,2025-09-20,2025-09-20T23:00:00Z,Middle Tennessee Blue Raiders,Marshall Thundering Herd,MTB,MTH,,,0,,,,,odds_api_flattened,false,60,10,3,true,true,true
ncaaf,f65d280c50613dc0089571280476bc4a,f65d280c50613dc0089571280476bc4a,2025-09-20,2025-09-20T23:00:00Z,South Alabama Jaguars,Coastal Carolina Chanticleers,SAJ,CCC,,,0,,,,,odds_api_flattened,false,60,10,3,true,true,true
ncaaf,512e428ad08bc3ef6efb803bc679d933,512e428ad08bc3ef6efb803bc679d933,2025-09-20,2025-09-20T23:07:00Z,Missouri State Bears,UT Martin Skyhawks,MSB2,UMS,,,0,,,,,odds_api_flattened,false,38,7,3,true,true,true
ncaaf,5631867903a80876d292ca9634f4749f,5631867903a80876d292ca9634f4749f,2025-09-20,2025-09-20T23:07:00Z,Georgia Southern Eagles,Maine Black Bears,GSE,MBB,,,0,,,,,odds_api_flattened,false,38,8,3,true,true,true
ncaaf,fe8803c09e7627bae0109bc98e3ac310,fe8803c09e7627bae0109bc98e3ac310,2025-09-20,2025-09-20T23:07:00Z,Jacksonville State Gamecocks,Murray State Racers,JSG,MSR,,,0,,,,,odds_api_flattened,false,28,7,2,false,true,true
ncaaf,2347ab8f55c1890bd4340b29032381fe,2347ab8f55c1890bd4340b29032381fe,2025-09-20,2025-09-20T23:30:00Z,East Carolina Pirates,BYU Cougars,ECP,BC,,,0,,,,,odds_api_flattened,false,60,10,3,true,true,true
ncaaf,23ce9d15b3cbcee45fd1d13550ee2a1a,23ce9d15b3cbcee45fd1d13550ee2a1a,2025-09-20,2025-09-20T23:30:00Z,Baylor Bears,Arizona State Sun Devils,BB,ASS,,,0,,,,,odds_api_flattened,false,60,10,3,true,true,true
ncaaf,8f3febddcf1504cb91454ac61d25caa8,8f3febddcf1504cb91454ac61d25caa8,2025-09-20,2025-09-20T23:30:00Z,Washington State Cougars,Washington Huskies,WSC,WH,,,0,,,,,odds_api_flattened,false,60,10,3,true,true,true
ncaaf,a4df26224ac6173274f8facd32942ca4,a4df26224ac6173274f8facd32942ca4,2025-09-20,2025-09-20T23:30:00Z,Virginia Cavaliers,Stanford Cardinal,VC2,SC,,,0,,,,,odds_api_flattened,false,60,10,3,true,true,true
ncaaf,b953fbd602d01288f5e295c636d69dc9,b953fbd602d01288f5e295c636d69dc9,2025-09-20,2025-09-20T23:30:00Z,Vanderbilt Commodores,Georgia State Panthers,VC,GSP,,,0,,,,,odds_api_flattened,false,56,10,3,true,true,true
ncaaf,c5fd71cee9ea79e7c966ec74aad118ce,c5fd71cee9ea79e7c966ec74aad118ce,2025-09-20,2025-09-20T23:30:00Z,Louisiana Tech Bulldogs,Southern Mississippi Golden Eagles,LTB,SMG2,,,0,,,,,odds_api_flattened,false,60,10,3,true,true,true
ncaaf,e12a027ef3182426888607f1aa77a6bc,e12a027ef3182426888607f1aa77a6bc,2025-09-20,2025-09-20T23:30:00Z,Miami Hurricanes,Florida Gators,MH,FG,,,0,,,,,odds_api_flattened,false,66,11,3,true,true,true
ncaaf,efb65d1caa41db87771cf8d31fda1c03,efb65d1caa41db87771cf8d31fda1c03,2025-09-20,2025-09-20T23:30:00Z,Indiana Hoosiers,Illinois Fighting Illini,IH,IFI,,,0,,,,,odds_api_flattened,false,60,10,3,true,true,true
ncaaf,be4553c118c2689f5cf14fd9dd580c96,be4553c118c2689f5cf14fd9dd580c96,2025-09-20,2025-09-20T23:52:00Z,LSU Tigers,Southeastern Louisiana Lions,LT,SLL2,,,0,,,,,odds_api_flattened,false,28,7,2,false,true,true
ncaaf,d098d8c6ee0dc177926284d2b55548e1,d098d8c6ee0dc177926284d2b55548e1,2025-09-21,2025-09-21T00:00:00Z,Texas Longhorns,Sam Houston State Bearkats,TL,SHS,,,0,,,,,odds_api_flattened,false,36,9,2,false,true,true
ncaaf,81975f3dd4ec47b2bbd4e39edbe91815,81975f3dd4ec47b2bbd4e39edbe91815,2025-09-21,2025-09-21T00:07:00Z,Texas State Bobcats,Nicholls State Colonels,TSB,NSC,,,0,,,,,odds_api_flattened,false,38,8,3,true,true,true
ncaaf,a675cd586e97d568bbe7bed7d2a7170c,a675cd586e97d568bbe7bed7d2a7170c,2025-09-21,2025-09-21T00:07:00Z,Utah State Aggies,McNeese State Cowboys,USA,MSC,,,0,,,,,odds_api_flattened,false,42,8,3,true,true,true
ncaaf,cd4b42ea2180255f5116e232c2b2b819,cd4b42ea2180255f5116e232c2b2b819,2025-09-21,2025-09-21T01:00:00Z,UTEP Miners,UL Monroe Warhawks,UM2,UMW,,,0,,,,,odds_api_flattened,false,60,10,3,true,true,true
ncaaf,9cbec31b71841a2e3c176c793476259c,9cbec31b71841a2e3c176c793476259c,2025-09-21,2025-09-21T01:30:00Z,Colorado State Rams,UTSA Roadrunners,CSR,UR2,,,0,,,,,odds_api_flattened,false,60,10,3,true,true,true
ncaaf,0428899902640b8db4774cf8c53379d2,0428899902640b8db4774cf8c53379d2,2025-09-21,2025-09-21T02:15:00Z,Colorado Buffaloes,Wyoming Cowboys,CB3,WC,,,0,,,,,odds_api_flattened,false,66,11,3,true,true,true
ncaaf,8162cc38b88546a32110dee7af01cb60,8162cc38b88546a32110dee7af01cb60,2025-09-21,2025-09-21T02:30:00Z,San Diego State Aztecs,California Golden Bears,SDS,CGB,,,0,,,,,odds_api_flattened,false,60,10,3,true,true,true
ncaaf,3494518f6430d858bb0c13fe8b29b108,3494518f6430d858bb0c13fe8b29b108,2025-09-21,2025-09-21T03:00:00Z,USC Trojans,Michigan State Spartans,UT,MSS,,,0,,,,,odds_api_flattened,false,66,11,3,true,true,true
ncaaf,4306843c52f1847f42d57fdc5e59652a,4306843c52f1847f42d57fdc5e59652a,2025-09-21,2025-09-21T03:59:00Z,Hawaii Rainbow Warriors,Fresno State Bulldogs,HRW,FSB,,,0,,,,,odds_api_flattened,false,60,10,3,true,true,true
ncaaf,9f0c39a454dbb72e6d5d3d8175d63f24,9f0c39a454dbb72e6d5d3d8175d63f24,2025-09-25,2025-09-25T23:30:00Z,East Carolina Pirates,Army Black Knights,ECP,ABK,,,0,,,,,odds_api_flattened,false,66,11,3,true,true,true
ncaaf,0aa30bdb9295af4b13475b7aabb2cfea,0aa30bdb9295af4b13475b7aabb2cfea,2025-09-26,2025-09-26T23:00:00Z,Virginia Cavaliers,Florida State Seminoles,VC2,FSS,,,0,,,,,odds_api_flattened,false,66,11,3,true,true,true
ncaaf,f921de41ef2918f15fc38af1091d6206,f921de41ef2918f15fc38af1091d6206,2025-09-27,2025-09-27T01:00:00Z,Arizona State Sun Devils,TCU Horned Frogs,ASS,THF,,,0,,,,,odds_api_flattened,false,66,11,3,true,true,true
ncaaf,8d2d9d2d52be2c1b040572a949cbeb8d,8d2d9d2d52be2c1b040572a949cbeb8d,2025-09-27,2025-09-27T02:30:00Z,Oregon State Beavers,Houston Cougars,OSB2,HC,,,0,,,,,odds_api_flattened,false,66,11,3,true,true,true
ncaaf,00e4a622dd9d352a89042411d98011c2,00e4a622dd9d352a89042411d98011c2,2025-09-27,2025-09-27T16:00:00Z,Ohio Bobcats,Bowling Green Falcons,OB,BGF,,,0,,,,,odds_api_flattened,false,66,11,3,true,true,true
ncaaf,0fddb3073ac2e4cf64b1fbab530bd46a,0fddb3073ac2e4cf64b1fbab530bd46a,2025-09-27,2025-09-27T16:00:00Z,North Texas Mean Green,South Alabama Jaguars,NTM,SAJ,,,0,,,,,odds_api_flattened,false,66,11,3,true,true,true
ncaaf,1c9f81f98890e8287c3a203f1b95a78b,1c9f81f98890e8287c3a203f1b95a78b,2025-09-27,2025-09-27T16:00:00Z,Kansas State Wildcats,UCF Knights,KSW,UK,,,0,,,,,odds_api_flattened,false,66,11,3,true,true,true
ncaaf,276535da04befff08724bafd3838f086,276535da04befff08724bafd3838f086,2025-09-27,2025-09-27T16:00:00Z,Wake Forest Demon Deacons,Georgia Tech Yellow Jackets,WFD,GTY,,,0,,,,,odds_api_flattened,false,64,11,3,true,true,true
ncaaf,9211d988a7a37c1171c0402c46bd3ed5,9211d988a7a37c1171c0402c46bd3ed5,2025-09-27,2025-09-27T16:00:00Z,Illinois Fighting Illini,USC Trojans,IFI,UT,,,0,,,,,odds_api_flattened,false,66,11,3,true,true,true
ncaaf,b4e694771eec00d29e8b0e767fd89844,b4e694771eec00d29e8b0e767fd89844,2025-09-27,2025-09-27T16:00:00Z,Kansas Jayhawks,Cincinnati Bearcats,KJ,CB,,,0,,,,,odds_api_flattened,false,66,11,3,true,true,true
ncaaf,c7e9d66aaf9eb361d2c3b2077d637ef6,c7e9d66aaf9eb361d2c3b2077d637ef6,2025-09-27,2025-09-27T16:00:00Z,Pittsburgh Panthers,Louisville Cardinals,PP,LC2,,,0,,,,,odds_api_flattened,false,66,11,3,true,true,true
ncaaf,d7402904994b361eb19c9e7d1c46c221,d7402904994b361eb19c9e7d1c46c221,2025-09-27,2025-09-27T16:00:00Z,Minnesota Golden Gophers,Rutgers Scarlet Knights,MGG,RSK,,,0,,,,,odds_api_flattened,false,60,10,3,true,true,true
ncaaf,e29f3c5ebdb03de4f11f032cd29fdc30,e29f3c5ebdb03de4f11f032cd29fdc30,2025-09-27,2025-09-27T16:00:00Z,Syracuse Orange,Duke Blue Devils,SO,DBD,,,0,,,,,odds_api_flattened,false,66,11,3,true,true,true
ncaaf,9c00e60e6d66a511cce53c0a0f5bde43,9c00e60e6d66a511cce53c0a0f5bde43,2025-09-27,2025-09-27T16:03:00Z,Arkansas Razorbacks,Notre Dame Fighting Irish,AR,NDF2,,,0,,,,,odds_api_flattened,false,66,11,3,true,true,true
ncaaf,f0e1630f32dc039064b2536422a040ce,f0e1630f32dc039064b2536422a040ce,2025-09-27,2025-09-27T16:45:00Z,Vanderbilt Commodores,Utah State Aggies,VC,USA,,,0,,,,,odds_api_flattened,false,66,11,3,true,true,true
ncaaf,7a898acd2cc5f139754fd615d5d03b5b,7a898acd2cc5f139754fd615d5d03b5b,2025-09-27,2025-09-27T17:00:00Z,Central Michigan Chippewas,Eastern Michigan Eagles,CMC,EME,,,0,,,,,odds_api_flattened,false,66,11,3,true,true,true
ncaaf,4079ac405679c86d2ef11dde29e5713a,4079ac405679c86d2ef11dde29e5713a,2025-09-27,2025-09-27T17:30:00Z,James Madison Dukes,Georgia Southern Eagles,JMD,GSE,,,0,,,,,odds_api_flattened,false,66,11,3,true,true,true
ncaaf,f1cf62076107958a8c8076e6ce1c5672,f1cf62076107958a8c8076e6ce1c5672,2025-09-27,2025-09-27T19:00:00Z,UL Monroe Warhawks,Arkansas State Red Wolves,UMW,ASR,,,0,,,,,odds_api_flattened,false,66,11,3,true,true,true
ncaaf,09386790d17406b6cf395cc3f5eb7a10,09386790d17406b6cf395cc3f5eb7a10,2025-09-27,2025-09-27T19:30:00Z,Northern Illinois Huskies,San Diego State Aztecs,NIH,SDS,,,0,,,,,odds_api_flattened,false,66,11,3,true,true,true
ncaaf,1b22149e990bdff226742aa529b1147c,1b22149e990bdff226742aa529b1147c,2025-09-27,2025-09-27T19:30:00Z,Northwestern Wildcats,UCLA Bruins,NW,UB2,,,0,,,,,odds_api_flattened,false,66,11,3,true,true,true
ncaaf,2af41e5b7328a096d3f710fa3601cf7a,2af41e5b7328a096d3f710fa3601cf7a,2025-09-27,2025-09-27T19:30:00Z,Toledo Rockets,Akron Zips,TR,AZ,,,0,,,,,odds_api_flattened,false,66,11,3,true,true,true
ncaaf,38ec707066a2e19151e10f088803554b,38ec707066a2e19151e10f088803554b,2025-09-27,2025-09-27T19:30:00Z,Washington Huskies,Ohio State Buckeyes,WH,OSB,,,0,,,,,odds_api_flattened,false,66,11,3,true,true,true
ncaaf,5c42d56cd31ee19b3d7baba7a220b103,5c42d56cd31ee19b3d7baba7a220b103,2025-09-27,2025-09-27T19:30:00Z,Texas A&M Aggies,Auburn Tigers,TAA,AT,,,0,,,,,odds_api_flattened,false,60,10,3,true,true,true
ncaaf,95a5fa32d92ea8e02948487d72448740,95a5fa32d92ea8e02948487d72448740,2025-09-27,2025-09-27T19:30:00Z,Oklahoma State Cowboys,Baylor Bears,OSC,BB,,,0,,,,,odds_api_flattened,false,60,10,3,true,true,true
ncaaf,abb1fda962de8e077ef60b6371be4655,abb1fda962de8e077ef60b6371be4655,2025-09-27,2025-09-27T19:30:00Z,Miami (OH) RedHawks,Lindenwood Lions,MOR,LL2,,,0,,,,,odds_api_flattened,false,52,10,3,true,true,true
ncaaf,af7edb090e4bdcac144f29453cc9b416,af7edb090e4bdcac144f29453cc9b416,2025-09-27,2025-09-27T19:30:00Z,Iowa Hawkeyes,Indiana Hoosiers,IH2,IH,,,0,,,,,odds_api_flattened,false,60,10,3,true,true,true
ncaaf,b084a084e383c1025454bfcf8fed4dfe,b084a084e383c1025454bfcf8fed4dfe,2025-09-27,2025-09-27T19:30:00Z,Navy Midshipmen,Rice Owls,NM,RO,,,0,,,,,odds_api_flattened,false,66,11,3,true,true,true
ncaaf,b9ca3daaa52f5e5e91ac5def4b9b0789,b9ca3daaa52f5e5e91ac5def4b9b0789,2025-09-27,2025-09-27T19:30:00Z,West Virginia Mountaineers,Utah Utes,WVM,UU,,,0,,,,,odds_api_flattened,false,54,9,3,true,true,true
ncaaf,d0d5d76137834bd53f2f2d9b89185b45,d0d5d76137834bd53f2f2d9b89185b45,2025-09-27,2025-09-27T19:30:00Z,Buffalo Bulls,UConn Huskies,BB4,UH,,,0,,,,,odds_api_flattened,false,60,10,3,true,true,true
ncaaf,e88139ad8e275ed8101bbcb08dc7425b,e88139ad8e275ed8101bbcb08dc7425b,2025-09-27,2025-09-27T19:30:00Z,Boston College Eagles,California Golden Bears,BCE,CGB,,,0,,,,,odds_api_flattened,false,66,11,3,true,true,true
ncaaf,f0daa9672398345c140434330134b8e2,f0daa9672398345c140434330134b8e2,2025-09-27,2025-09-27T19:30:00Z,Ole Miss Rebels,LSU Tigers,OMR,LT,,,0,,,,,odds_api_flattened,false,62,11,3,true,true,true
ncaaf,58c785bf8f43b721c53ca155b8dff5f8,58c785bf8f43b721c53ca155b8dff5f8,2025-09-27,2025-09-27T20:00:00Z,New Mexico Lobos,New Mexico State Aggies,NML,NMS,,,0,,,,,odds_api_flattened,false,60,10,3,true,true,true
ncaaf,f48274120104b3dd6de484cecdbc7e02,f48274120104b3dd6de484cecdbc7e02,2025-09-27,2025-09-27T20:00:00Z,Air Force Falcons,Hawaii Rainbow Warriors,AFF,HRW,,,0,,,,,odds_api_flattened,false,60,10,3,true,true,true
ncaaf,fdbf98c8da4412e69fc190ad9d6b8278,fdbf98c8da4412e69fc190ad9d6b8278,2025-09-27,2025-09-27T20:00:00Z,Tulsa Golden Hurricane,Tulane Green Wave,TGH,TGW,,,0,,,,,odds_api_flattened,false,60,10,3,true,true,true
ncaaf,ad226dc6bd485c9b53acebd5ceae531f,ad226dc6bd485c9b53acebd5ceae531f,2025-09-27,2025-09-27T20:15:00Z,Mississippi State Bulldogs,Tennessee Volunteers,MSB,TV,,,0,,,,,odds_api_flattened,false,60,10,3,true,true,true
ncaaf,22a1dc3f8ead3ed004f12a805b5f0bba,22a1dc3f8ead3ed004f12a805b5f0bba,2025-09-27,2025-09-27T22:00:00Z,Kennesaw State Owls,Middle Tennessee Blue Raiders,KSO,MTB,,,0,,,,,odds_api_flattened,false,60,10,3,true,true,true
ncaaf,eebdc0d5bb5bf588dc76ef79c2d2f205,eebdc0d5bb5bf588dc76ef79c2d2f205,2025-09-27,2025-09-27T22:00:00Z,Old Dominion Monarchs,Liberty Flames,ODM,LF,,,0,,,,,odds_api_flattened,false,60,10,3,true,true,true
ncaaf,65642a972639b4294a3dfb32e1025df6,65642a972639b4294a3dfb32e1025df6,2025-09-27,2025-09-27T22:30:00Z,Western Michigan Broncos,Rhode Island Rams,WMB,RIR,,,0,,,,,odds_api_flattened,false,50,9,3,true,true,true
ncaaf,63b6a142067e7f67ea91cc67e534ca6f,63b6a142067e7f67ea91cc67e534ca6f,2025-09-27,2025-09-27T23:00:00Z,Florida Atlantic Owls,Memphis Tigers,FAO,MT2,,,0,,,,,odds_api_flattened,false,66,11,3,true,true,true
ncaaf,89ed3d21b7cc87bb80ba621f040d538e,89ed3d21b7cc87bb80ba621f040d538e,2025-09-27,2025-09-27T23:00:00Z,NC State Wolfpack,Virginia Tech Hokies,NSW,VTH,,,0,,,,,odds_api_flattened,false,60,10,3,true,true,true
ncaaf,90f6536a4ea2981769343cbd80baf1cc,90f6536a4ea2981769343cbd80baf1cc,2025-09-27,2025-09-27T23:00:00Z,Missouri State Bears,Western Kentucky Hilltoppers,MSB2,WKH,,,0,,,,,odds_api_flattened,false,60,10,3,true,true,true
ncaaf,c0f4af0d027dc651e1eb60ede8415ec1,c0f4af0d027dc651e1eb60ede8415ec1,2025-09-27,2025-09-27T23:00:00Z,Iowa State Cyclones,Arizona Wildcats,ISC,AW,,,0,,,,,odds_api_flattened,false,60,10,3,true,true,true
ncaaf,fb1b5add87c95152d9887785fdfaff81,fb1b5add87c95152d9887785fdfaff81,2025-09-27,2025-09-27T23:00:00Z,Southern Mississippi Golden Eagles,Jacksonville State Gamecocks,SMG2,JSG,,,0,,,,,odds_api_flattened,false,60,10,3,true,true,true
ncaaf,0aed7c08799beb9a4ed133518b11194a,0aed7c08799beb9a4ed133518b11194a,2025-09-27,2025-09-27T23:30:00Z,Penn State Nittany Lions,Oregon Ducks,PSN,OD,,,0,,,,,odds_api_flattened,false,60,10,3,true,true,true
ncaaf,5e919b1126a9cf2a7de96993f9c9b43a,5e919b1126a9cf2a7de96993f9c9b43a,2025-09-27,2025-09-27T23:30:00Z,Boise State Broncos,Appalachian State Mountaineers,BSB,ASM2,,,0,,,,,odds_api_flattened,false,60,10,3,true,true,true
ncaaf,b41939807dad226f718eeb8fa56d7342,b41939807dad226f718eeb8fa56d7342,2025-09-27,2025-09-27T23:30:00Z,Georgia Bulldogs,Alabama Crimson Tide,GB,ACT,,,0,,,,,odds_api_flattened,false,66,11,3,true,true,true
ncaaf,b50c9a0239712b72d97978f4adcd4dae,b50c9a0239712b72d97978f4adcd4dae,2025-09-27,2025-09-27T23:30:00Z,Missouri Tigers,UMass Minutemen,MT3,UM,,,0,,,,,odds_api_flattened,false,36,9,2,false,true,true
ncaaf,d69912e6f6817c68ca7871d0c47722a8,d69912e6f6817c68ca7871d0c47722a8,2025-09-27,2025-09-27T23:30:00Z,Stanford Cardinal,San Jose State Spartans,SC,SJS,,,0,,,,,odds_api_flattened,false,60,10,3,true,true,true
ncaaf,e645c7214a8be1033aacb0416c72d314,e645c7214a8be1033aacb0416c72d314,2025-09-27,2025-09-27T23:30:00Z,Colorado State Rams,Washington State Cougars,CSR,WSC,,,0,,,,,odds_api_flattened,false,60,10,3,true,true,true
ncaaf,e436c32bc827c2699f7254c2ca5409b0,e436c32bc827c2699f7254c2ca5409b0,2025-09-27,2025-09-27T23:45:00Z,South Carolina Gamecocks,Kentucky Wildcats,SCG,KW,,,0,,,,,odds_api_flattened,false,60,10,3,true,true,true
ncaaf,8288a19f634bebb4d5d03b9ead0a77fd,8288a19f634bebb4d5d03b9ead0a77fd,2025-09-28,2025-09-28T00:00:00Z,Louisiana Ragin Cajuns,Marshall Thundering Herd,LRC2,MTH,,,0,,,,,odds_api_flattened,false,60,10,3,true,true,true
ncaaf,aaab0ac9ec64cffb7d2921481eab8670,aaab0ac9ec64cffb7d2921481eab8670,2025-09-28,2025-09-28T01:00:00Z,UTEP Miners,Louisiana Tech Bulldogs,UM2,LTB,,,0,,,,,odds_api_flattened,false,60,10,3,true,true,true
ncaaf,c3b917feed8e8d174995ae62cfd8942c,c3b917feed8e8d174995ae62cfd8942c,2025-09-28,2025-09-28T02:15:00Z,Colorado Buffaloes,BYU Cougars,CB3,BC,,,0,,,,,odds_api_flattened,false,60,10,3,true,true,true
ncaaf,d6d5e5483a3441fbe03027ae75861a88,d6d5e5483a3441fbe03027ae75861a88,2025-10-03,2025-10-03T01:00:00Z,New Mexico State Aggies,Sam Houston State Bearkats,NMS,SHS,,,0,,,,,odds_api_flattened,false,66,11,3,true,true,true
ncaaf,60be30c76c784a4f4c7e3f4c4a0fbea2,60be30c76c784a4f4c7e3f4c4a0fbea2,2025-10-03,2025-10-03T23:00:00Z,Delaware Blue Hens,Western Kentucky Hilltoppers,DBH,WKH,,,0,,,,,odds_api_flattened,false,64,11,3,true,true,true
ncaaf,ed6e2166a1b10224914b27016e04ee80,ed6e2166a1b10224914b27016e04ee80,2025-10-03,2025-10-03T23:00:00Z,South Florida Bulls,Charlotte 49ers,SFB,C4,,,0,,,,,odds_api_flattened,false,64,11,3,true,true,true
ncaaf,4ce2d16a7941f87821553c4d18504581,4ce2d16a7941f87821553c4d18504581,2025-10-04,2025-10-04T02:00:00Z,San Jose State Spartans,New Mexico Lobos,SJS,NML,,,0,,,,,odds_api_flattened,false,66,11,3,true,true,true
ncaaf,6dd65fe376b5947e6b3e12f53e4f2f85,6dd65fe376b5947e6b3e12f53e4f2f85,2025-10-04,2025-10-04T02:30:00Z,San Diego State Aztecs,Colorado State Rams,SDS,CSR,,,0,,,,,odds_api_flattened,false,64,11,3,true,true,true
ncaaf,f92b0c2e0458d4b67a708cf2cc086479,f92b0c2e0458d4b67a708cf2cc086479,2025-10-04,2025-10-04T02:30:00Z,BYU Cougars,West Virginia Mountaineers,BC,WVM,,,0,,,,,odds_api_flattened,false,64,11,3,true,true,true
ncaaf,03d3f28e904cf8e05320709c03cbf06e,03d3f28e904cf8e05320709c03cbf06e,2025-10-04,2025-10-04T16:00:00Z,Ball State Cardinals,Ohio Bobcats,BSC,OB,,,0,,,,,odds_api_flattened,false,66,11,3,true,true,true
ncaaf,04cd118858c9a4749333439b29cdc548,04cd118858c9a4749333439b29cdc548,2025-10-04,2025-10-04T16:00:00Z,Purdue Boilermakers,Illinois Fighting Illini,PB,IFI,,,0,,,,,odds_api_flattened,false,66,11,3,true,true,true
ncaaf,22b680e3b474d2c7da3c0f3d223374c4,22b680e3b474d2c7da3c0f3d223374c4,2025-10-04,2025-10-04T16:00:00Z,Baylor Bears,Kansas State Wildcats,BB,KSW,,,0,,,,,odds_api_flattened,false,66,11,3,true,true,true
ncaaf,2e59cc43133dd809fffed4c843d7afcc,2e59cc43133dd809fffed4c843d7afcc,2025-10-04,2025-10-04T16:00:00Z,North Carolina Tar Heels,Clemson Tigers,NCT,CT,,,0,,,,,odds_api_flattened,false,66,11,3,true,true,true
ncaaf,3cdecb280dab6308f21d5b4bf89806f6,3cdecb280dab6308f21d5b4bf89806f6,2025-10-04,2025-10-04T16:00:00Z,Michigan Wolverines,Wisconsin Badgers,MW2,WB,,,0,,,,,odds_api_flattened,false,66,11,3,true,true,true
ncaaf,4c9bd2ce4bac0213c310def6bf4fb8be,4c9bd2ce4bac0213c310def6bf4fb8be,2025-10-04,2025-10-04T16:00:00Z,Pittsburgh Panthers,Boston College Eagles,PP,BCE,,,0,,,,,odds_api_flattened,false,66,11,3,true,true,true
ncaaf,7bf7e3851e7ac12cd6fe2f8ec3b795da,7bf7e3851e7ac12cd6fe2f8ec3b795da,2025-10-04,2025-10-04T16:00:00Z,Navy Midshipmen,Air Force Falcons,NM,AFF,,,0,,,,,odds_api_flattened,false,66,11,3,true,true,true
ncaaf,e4f37b5c4c242407568e3e36b4f9612c,e4f37b5c4c242407568e3e36b4f9612c,2025-10-04,2025-10-04T16:00:00Z,UAB Blazers,Army Black Knights,UB,ABK,,,0,,,,,odds_api_flattened,false,66,11,3,true,true,true
ncaaf,2d276512e01be0ee84a7d0bb9fc4d604,2d276512e01be0ee84a7d0bb9fc4d604,2025-10-04,2025-10-04T16:03:00Z,Georgia Bulldogs,Kentucky Wildcats,GB,KW,,,0,,,,,odds_api_flattened,false,66,11,3,true,true,true
ncaaf,81a0b8c7652008629139781d76b75ef8,81a0b8c7652008629139781d76b75ef8,2025-10-04,2025-10-04T16:03:00Z,Cincinnati Bearcats,Iowa State Cyclones,CB,ISC,,,0,,,,,odds_api_flattened,false,66,11,3,true,true,true
ncaaf,4579a2cd837e62498e3b3831d4475c96,4579a2cd837e62498e3b3831d4475c96,2025-10-04,2025-10-04T17:00:00Z,Virginia Tech Hokies,Wake Forest Demon Deacons,VTH,WFD,,,0,,,,,odds_api_flattened,false,66,11,3,true,true,true
ncaaf,863c5961ee2ec9ffac32398c75e5dcbe,863c5961ee2ec9ffac32398c75e5dcbe,2025-10-04,2025-10-04T17:00:00Z,Temple Owls,UTSA Roadrunners,TO,UR2,,,0,,,,,odds_api_flattened,false,66,11,3,true,true,true
ncaaf,175e98e745271259421b397d967614a9,175e98e745271259421b397d967614a9,2025-10-04,2025-10-04T18:00:00Z,NC State Wolfpack,Campbell Fighting Camels,NSW,CFC,,,0,,,,,odds_api_flattened,false,36,9,2,false,true,true
ncaaf,3c1a2eb27aec91630f0cda00f959ee61,3c1a2eb27aec91630f0cda00f959ee61,2025-10-04,2025-10-04T18:30:00Z,UMass Minutemen,Western Michigan Broncos,UM,WMB,,,0,,,,,odds_api_flattened,false,66,11,3,true,true,true
ncaaf,32aab37746e32d72605120ee63924aea,32aab37746e32d72605120ee63924aea,2025-10-04,2025-10-04T19:00:00Z,Arizona Wildcats,Oklahoma State Cowboys,AW,OSC,,,0,,,,,odds_api_flattened,false,66,11,3,true,true,true
ncaaf,0169b39d461abff544e93d0287c1fab1,0169b39d461abff544e93d0287c1fab1,2025-10-04,2025-10-04T19:30:00Z,Alabama Crimson Tide,Vanderbilt Commodores,ACT,VC,,,0,,,,,odds_api_flattened,false,66,11,3,true,true,true
ncaaf,01952fae15b67aadeb32d7a34d063ee6,01952fae15b67aadeb32d7a34d063ee6,2025-10-04,2025-10-04T19:30:00Z,Buffalo Bulls,Eastern Michigan Eagles,BB4,EME,,,0,,,,,odds_api_flattened,false,66,11,3,true,true,true
ncaaf,0626d930549333f431b6e7700ffd7291,0626d930549333f431b6e7700ffd7291,2025-10-04,2025-10-04T19:30:00Z,Maryland Terrapins,Washington Huskies,MT,WH,,,0,,,,,odds_api_flattened,false,66,11,3,true,true,true
ncaaf,2452392bdaa989acacde27de93db32ca,2452392bdaa989acacde27de93db32ca,2025-10-04,2025-10-04T19:30:00Z,Northern Illinois Huskies,Miami (OH) RedHawks,NIH,MOR,,,0,,,,,odds_api_flattened,false,64,11,3,true,true,true
ncaaf,48dea4f4b99b6976d2c519dc48b52ed4,48dea4f4b99b6976d2c519dc48b52ed4,2025-10-04,2025-10-04T19:30:00Z,Akron Zips,Central Michigan Chippewas,AZ,CMC,,,0,,,,,odds_api_flattened,false,66,11,3,true,true,true
ncaaf,6713f27b1f4032c4ebc0f91d0fc86306,6713f27b1f4032c4ebc0f91d0fc86306,2025-10-04,2025-10-04T19:30:00Z,Louisville Cardinals,Virginia Cavaliers,LC2,VC2,,,0,,,,,odds_api_flattened,false,66,11,3,true,true,true
ncaaf,677f3f81a852b917bb6fac083e68f60b,677f3f81a852b917bb6fac083e68f60b,2025-10-04,2025-10-04T19:30:00Z,Northwestern Wildcats,UL Monroe Warhawks,NW,UMW,,,0,,,,,odds_api_flattened,false,66,11,3,true,true,true
ncaaf,6d9c7edbf2884eb46707ebd76ff969d7,6d9c7edbf2884eb46707ebd76ff969d7,2025-10-04,2025-10-04T19:30:00Z,Georgia State Panthers,James Madison Dukes,GSP,JMD,,,0,,,,,odds_api_flattened,false,66,11,3,true,true,true
ncaaf,7648558d15898b0c5a9006655091fc11,7648558d15898b0c5a9006655091fc11,2025-10-04,2025-10-04T19:30:00Z,SMU Mustangs,Syracuse Orange,SM,SO,,,0,,,,,odds_api_flattened,false,66,11,3,true,true,true
ncaaf,8fe4d3c56069de55c950af75be1ef8d2,8fe4d3c56069de55c950af75be1ef8d2,2025-10-04,2025-10-04T19:30:00Z,Notre Dame Fighting Irish,Boise State Broncos,NDF2,BSB,,,0,,,,,odds_api_flattened,false,66,11,3,true,true,true
ncaaf,ab12d90680e822942845aa98dba1933b,ab12d90680e822942845aa98dba1933b,2025-10-04,2025-10-04T19:30:00Z,Appalachian State Mountaineers,Oregon State Beavers,ASM2,OSB2,,,0,,,,,odds_api_flattened,false,66,11,3,true,true,true
ncaaf,b23708a801d86a636d823d2678d169ed,b23708a801d86a636d823d2678d169ed,2025-10-04,2025-10-04T19:30:00Z,UConn Huskies,Florida International Panthers,UH,FIP,,,0,,,,,odds_api_flattened,false,66,11,3,true,true,true
ncaaf,cb392d95625a9a1bc0c9d38b48e01e04,cb392d95625a9a1bc0c9d38b48e01e04,2025-10-04,2025-10-04T19:30:00Z,UCLA Bruins,Penn State Nittany Lions,UB2,PSN,,,0,,,,,odds_api_flattened,false,66,11,3,true,true,true
ncaaf,fbde7d91385363d991f47b06e939428c,fbde7d91385363d991f47b06e939428c,2025-10-04,2025-10-04T19:30:00Z,Florida Gators,Texas Longhorns,FG,TL,,,0,,,,,odds_api_flattened,false,66,11,3,true,true,true
ncaaf,5f923887c7b45059d84dcd5972b25a16,5f923887c7b45059d84dcd5972b25a16,2025-10-04,2025-10-04T20:00:00Z,Oklahoma Sooners,Kent State Golden Flashes,OS,KSG,,,0,,,,,odds_api_flattened,false,40,10,2,false,true,true
ncaaf,600cefc5681276f67a98d1b895388901,600cefc5681276f67a98d1b895388901,2025-10-04,2025-10-04T20:00:00Z,Nebraska Cornhuskers,Michigan State Spartans,NC,MSS,,,0,,,,,odds_api_flattened,false,66,11,3,true,true,true
ncaaf,a62fc08c67b4e292879a17791a727e4a,a62fc08c67b4e292879a17791a727e4a,2025-10-04,2025-10-04T20:00:00Z,Arkansas State Red Wolves,Texas State Bobcats,ASR,TSB,,,0,,,,,odds_api_flattened,false,66,11,3,true,true,true
ncaaf,9af91cb4d445ab55fec6eb8d60e079f8,9af91cb4d445ab55fec6eb8d60e079f8,2025-10-04,2025-10-04T22:00:00Z,Old Dominion Monarchs,Coastal Carolina Chanticleers,ODM,CCC,,,0,,,,,odds_api_flattened,false,66,11,3,true,true,true
ncaaf,08fe7e0a9a16b45419f955cb3ac4f443,08fe7e0a9a16b45419f955cb3ac4f443,2025-10-04,2025-10-04T23:00:00Z,Wyoming Cowboys,UNLV Rebels,WC,UR,,,0,,,,,odds_api_flattened,false,66,11,3,true,true,true
ncaaf,16d1658b495dc746aed5d921ffbae9a9,16d1658b495dc746aed5d921ffbae9a9,2025-10-04,2025-10-04T23:00:00Z,Houston Cougars,Texas Tech Red Raiders,HC,TTR,,,0,,,,,odds_api_flattened,false,66,11,3,true,true,true
ncaaf,9b3e942a28f2b0df98e0c79c83864a15,9b3e942a28f2b0df98e0c79c83864a15,2025-10-04,2025-10-04T23:00:00Z,Troy Trojans,South Alabama Jaguars,TT2,SAJ,,,0,,,,,odds_api_flattened,false,66,11,3,true,true,true
ncaaf,ba6b6f78dac14dd7cab6745b0b6c8cd6,ba6b6f78dac14dd7cab6745b0b6c8cd6,2025-10-04,2025-10-04T23:00:00Z,Rice Owls,Florida Atlantic Owls,RO,FAO,,,0,,,,,odds_api_flattened,false,66,11,3,true,true,true
ncaaf,1c2bc1c8623e7527c13a515529541b89,1c2bc1c8623e7527c13a515529541b89,2025-10-04,2025-10-04T23:30:00Z,Ohio State Buckeyes,Minnesota Golden Gophers,OSB,MGG,,,0,,,,,odds_api_flattened,false,66,11,3,true,true,true
ncaaf,70e137c2073f1c524e66e3d5c2cb3f1b,70e137c2073f1c524e66e3d5c2cb3f1b,2025-10-04,2025-10-04T23:30:00Z,UCF Knights,Kansas Jayhawks,UK,KJ,,,0,,,,,odds_api_flattened,false,66,11,3,true,true,true
ncaaf,c1614464ceef18bdc3108d0fb3899343,c1614464ceef18bdc3108d0fb3899343,2025-10-04,2025-10-04T23:30:00Z,TCU Horned Frogs,Colorado Buffaloes,THF,CB3,,,0,,,,,odds_api_flattened,false,66,11,3,true,true,true
ncaaf,cb7d85df1a2186ede6f66305485ddc22,cb7d85df1a2186ede6f66305485ddc22,2025-10-04,2025-10-04T23:30:00Z,Texas A&M Aggies,Mississippi State Bulldogs,TAA,MSB,,,0,,,,,odds_api_flattened,false,66,11,3,true,true,true
ncaaf,e3f1c7a8b94a532b18987dfd0c13998e,e3f1c7a8b94a532b18987dfd0c13998e,2025-10-04,2025-10-04T23:30:00Z,Florida State Seminoles,Miami Hurricanes,FSS,MH,,,0,,,,,odds_api_flattened,false,66,11,3,true,true,true
ncaaf,c9a9afb46bbfe7047e145ad5dfd95593,c9a9afb46bbfe7047e145ad5dfd95593,2025-10-05,2025-10-05T00:00:00Z,Memphis Tigers,Tulsa Golden Hurricane,MT2,TGH,,,0,,,,,odds_api_flattened,false,66,11,3,true,true,true
ncaaf,98032c76517a301d3547a0224bb802f1,98032c76517a301d3547a0224bb802f1,2025-10-05,2025-10-05T01:30:00Z,California Golden Bears,Duke Blue Devils,CGB,DBD,,,0,,,,,odds_api_flattened,false,66,11,3,true,true,true
ncaaf,e90085ebaf4a599c531e3e0bd5a6c1b1,e90085ebaf4a599c531e3e0bd5a6c1b1,2025-10-05,2025-10-05T02:30:00Z,Fresno State Bulldogs,Nevada Wolf Pack,FSB,NWP,,,0,,,,,odds_api_flattened,false,66,11,3,true,true,true
ncaaf,f35e80c2c336d6a9769b1b9a5ea34ebb,f35e80c2c336d6a9769b1b9a5ea34ebb,2025-10-08,2025-10-08T23:30:00Z,Middle Tennessee Blue Raiders,Missouri State Bears,MTB,MSB2,,,0,,,,,odds_api_flattened,false,66,11,3,true,true,true
ncaaf,1ee44e88d618c903c43292b3aa6443b4,1ee44e88d618c903c43292b3aa6443b4,2025-10-09,2025-10-09T00:00:00Z,UTEP Miners,Liberty Flames,UM2,LF,,,0,,,,,odds_api_flattened,false,66,11,3,true,true,true
ncaaf,80be7099edd5c7bdd8543513a959d509,80be7099edd5c7bdd8543513a959d509,2025-10-09,2025-10-09T23:00:00Z,Kennesaw State Owls,Louisiana Tech Bulldogs,KSO,LTB,,,0,,,,,odds_api_flattened,false,64,11,3,true,true,true
ncaaf,7d21808c0d39ffee98aaef9aaf4fc226,7d21808c0d39ffee98aaef9aaf4fc226,2025-10-09,2025-10-09T23:30:00Z,Tulane Green Wave,East Carolina Pirates,TGW,ECP,,,0,,,,,odds_api_flattened,false,64,11,3,true,true,true
ncaaf,57283eb69be8d23bc114313e20af0fc0,57283eb69be8d23bc114313e20af0fc0,2025-10-10,2025-10-10T00:00:00Z,Sam Houston State Bearkats,Jacksonville State Gamecocks,SHS,JSG,,,0,,,,,odds_api_flattened,false,64,11,3,true,true,true
ncaaf,dbc3a87d503d63341ab1d1229c196ce6,dbc3a87d503d63341ab1d1229c196ce6,2025-10-10,2025-10-10T00:00:00Z,Georgia Southern Eagles,Southern Mississippi Golden Eagles,GSE,SMG2,,,0,,,,,odds_api_flattened,false,64,11,3,true,true,true
ncaaf,ebc400e419d11f88b555c4c425a101aa,ebc400e419d11f88b555c4c425a101aa,2025-10-10,2025-10-10T23:30:00Z,North Texas Mean Green,South Florida Bulls,NTM,SFB,,,0,,,,,odds_api_flattened,false,64,11,3,true,true,true
ncaaf,17add79d604adf8b590ad1dc8f5cab4e,17add79d604adf8b590ad1dc8f5cab4e,2025-10-11,2025-10-11T01:00:00Z,Colorado State Rams,Fresno State Bulldogs,CSR,FSB,,,0,,,,,odds_api_flattened,false,64,11,3,true,true,true
ncaaf,6e0da65d6200a6d993ec698ac7b1cd57,6e0da65d6200a6d993ec698ac7b1cd57,2025-10-11,2025-10-11T01:00:00Z,Washington Huskies,Rutgers Scarlet Knights,WH,RSK,,,0,,,,,odds_api_flattened,false,58,10,3,true,true,true
ncaaf,4e5471d34b6f44691d945144edd9e96c,4e5471d34b6f44691d945144edd9e96c,2025-10-11,2025-10-11T15:59:00Z,Missouri Tigers,Alabama Crimson Tide,MT3,ACT,,,0,,,,,odds_api_flattened,false,64,11,3,true,true,true
ncaaf,1bd680d6e204dc9bea4500e1932e0545,1bd680d6e204dc9bea4500e1932e0545,2025-10-11,2025-10-11T16:00:00Z,Akron Zips,Miami (OH) RedHawks,AZ,MOR,,,0,,,,,odds_api_flattened,false,62,11,3,true,true,true
ncaaf,9821bdaca6409c7e1dfb70a4ec2ad3e2,9821bdaca6409c7e1dfb70a4ec2ad3e2,2025-10-11,2025-10-11T16:00:00Z,Michigan State Spartans,UCLA Bruins,MSS,UB2,,,0,,,,,odds_api_flattened,false,64,11,3,true,true,true
ncaaf,b65090ae8762083bc31e6546f50bd38e,b65090ae8762083bc31e6546f50bd38e,2025-10-11,2025-10-11T16:00:00Z,Oklahoma State Cowboys,Houston Cougars,OSC,HC,,,0,,,,,odds_api_flattened,false,64,11,3,true,true,true
ncaaf,babde2a716ec01f56e9a027cd748e6b0,babde2a716ec01f56e9a027cd748e6b0,2025-10-11,2025-10-11T16:00:00Z,Cincinnati Bearcats,UCF Knights,CB,UK,,,0,,,,,odds_api_flattened,false,64,11,3,true,true,true
ncaaf,cbfdd173a396ca6a65a08405a56e99cd,cbfdd173a396ca6a65a08405a56e99cd,2025-10-11,2025-10-11T16:00:00Z,James Madison Dukes,Louisiana Ragin Cajuns,JMD,LRC2,,,0,,,,,odds_api_flattened,false,64,11,3,true,true,true
ncaaf,d2da5b6ac5caea4b17580cb517e7606b,d2da5b6ac5caea4b17580cb517e7606b,2025-10-11,2025-10-11T16:00:00Z,SMU Mustangs,Stanford Cardinal,SM,SC,,,0,,,,,odds_api_flattened,false,64,11,3,true,true,true
ncaaf,d65896e25870aebe734b5c277d80b725,d65896e25870aebe734b5c277d80b725,2025-10-11,2025-10-11T16:00:00Z,Army Black Knights,Charlotte 49ers,ABK,C4,,,0,,,,,odds_api_flattened,false,64,11,3,true,true,true
ncaaf,d9d7e0d0a40be472b39e0d0c54e13633,d9d7e0d0a40be472b39e0d0c54e13633,2025-10-11,2025-10-11T16:00:00Z,Bowling Green Falcons,Toledo Rockets,BGF,TR,,,0,,,,,odds_api_flattened,false,64,11,3,true,true,true
ncaaf,e10dad3c927f07d7129982a4a4563de8,e10dad3c927f07d7129982a4a4563de8,2025-10-11,2025-10-11T16:07:00Z,Florida State Seminoles,Pittsburgh Panthers,FSS,PP,,,0,,,,,odds_api_flattened,false,64,11,3,true,true,true
ncaaf,6850ce38681c03906af201d68cdd70e7,6850ce38681c03906af201d68cdd70e7,2025-10-11,2025-10-11T16:09:00Z,Illinois Fighting Illini,Ohio State Buckeyes,IFI,OSB,,,0,,,,,odds_api_flattened,false,64,11,3,true,true,true
ncaaf,e3bcfd275ce0b20d919ac20c49997962,e3bcfd275ce0b20d919ac20c49997962,2025-10-11,2025-10-11T16:45:00Z,Ole Miss Rebels,Washington State Cougars,OMR,WSC,,,0,,,,,odds_api_flattened,false,38,9,3,true,true,true
ncaaf,a0726b9498032688269d61facad7a939,a0726b9498032688269d61facad7a939,2025-10-11,2025-10-11T17:00:00Z,Eastern Michigan Eagles,Northern Illinois Huskies,EME,NIH,,,0,,,,,odds_api_flattened,false,64,11,3,true,true,true
ncaaf,9fd9a11eec7dbd74c2164ed2415336c2,9fd9a11eec7dbd74c2164ed2415336c2,2025-10-11,2025-10-11T18:30:00Z,Kent State Golden Flashes,UMass Minutemen,KSG,UM,,,0,,,,,odds_api_flattened,false,64,11,3,true,true,true
ncaaf,001094ad5e8edd36b0f407a392085d77,001094ad5e8edd36b0f407a392085d77,2025-10-11,2025-10-11T19:30:00Z,Marshall Thundering Herd,Old Dominion Monarchs,MTH,ODM,,,0,,,,,odds_api_flattened,false,64,11,3,true,true,true
ncaaf,2158ab9881202465881edfe230af0bf6,2158ab9881202465881edfe230af0bf6,2025-10-11,2025-10-11T19:30:00Z,Colorado Buffaloes,Iowa State Cyclones,CB3,ISC,,,0,,,,,odds_api_flattened,false,64,11,3,true,true,true
ncaaf,2bba5df15d3c9222962c8bb8fc24ae80,2bba5df15d3c9222962c8bb8fc24ae80,2025-10-11,2025-10-11T19:30:00Z,Oregon Ducks,Indiana Hoosiers,OD,IH,,,0,,,,,odds_api_flattened,false,64,11,3,true,true,true
ncaaf,3d0bb9b5fd3ea8d38a3c67c60cd814f4,3d0bb9b5fd3ea8d38a3c67c60cd814f4,2025-10-11,2025-10-11T19:30:00Z,Western Michigan Broncos,Ball State Cardinals,WMB,BSC,,,0,,,,,odds_api_flattened,false,64,11,3,true,true,true
ncaaf,53d43629918c049046ee009bff70b49f,53d43629918c049046ee009bff70b49f,2025-10-11,2025-10-11T19:30:00Z,Maryland Terrapins,Nebraska Cornhuskers,MT,NC,,,0,,,,,odds_api_flattened,false,64,11,3,true,true,true
ncaaf,64bc4fba5d35860770b37c2866775e78,64bc4fba5d35860770b37c2866775e78,2025-10-11,2025-10-11T19:30:00Z,UNLV Rebels,Air Force Falcons,UR,AFF,,,0,,,,,odds_api_flattened,false,64,11,3,true,true,true
ncaaf,66153d8e67a550f1f9ee3afbee0bb357,66153d8e67a550f1f9ee3afbee0bb357,2025-10-11,2025-10-11T19:30:00Z,Kansas State Wildcats,TCU Horned Frogs,KSW,THF,,,0,,,,,odds_api_flattened,false,62,11,3,true,true,true
ncaaf,9a98b243fbc72d5438eb3445e054b915,9a98b243fbc72d5438eb3445e054b915,2025-10-11,2025-10-11T19:30:00Z,Notre Dame Fighting Irish,NC State Wolfpack,NDF2,NSW,,,0,,,,,odds_api_flattened,false,64,11,3,true,true,true
ncaaf,b558ad432d602df7b43579becf16eece,b558ad432d602df7b43579becf16eece,2025-10-11,2025-10-11T19:30:00Z,Georgia Tech Yellow Jackets,Virginia Tech Hokies,GTY,VTH,,,0,,,,,odds_api_flattened,false,64,11,3,true,true,true
ncaaf,c72db8267333fdc3c1e924d377d5531f,c72db8267333fdc3c1e924d377d5531f,2025-10-11,2025-10-11T19:30:00Z,Penn State Nittany Lions,Northwestern Wildcats,PSN,NW,,,0,,,,,odds_api_flattened,false,64,11,3,true,true,true
ncaaf,ec5a3648e7b879155389f31cc523f840,ec5a3648e7b879155389f31cc523f840,2025-10-11,2025-10-11T19:30:00Z,Texas Longhorns,Oklahoma Sooners,TL,OS,,,0,,,,,odds_api_flattened,false,64,11,3,true,true,true
ncaaf,f8af8764a2800e0546e0d630375c5155,f8af8764a2800e0546e0d630375c5155,2025-10-11,2025-10-11T19:30:00Z,Georgia State Panthers,Appalachian State Mountaineers,GSP,ASM2,,,0,,,,,odds_api_flattened,false,64,11,3,true,true,true
ncaaf,fc6dab7a706de775417de1c94b3dd419,fc6dab7a706de775417de1c94b3dd419,2025-10-11,2025-10-11T19:30:00Z,Oregon State Beavers,Wake Forest Demon Deacons,OSB2,WFD,,,0,,,,,odds_api_flattened,false,64,11,3,true,true,true
ncaaf,4a8cd81e8dfa8d72f9d05b1a086fb418,4a8cd81e8dfa8d72f9d05b1a086fb418,2025-10-11,2025-10-11T20:00:00Z,Temple Owls,Navy Midshipmen,TO,NM,,,0,,,,,odds_api_flattened,false,64,11,3,true,true,true
ncaaf,a0ce391a3e1dcc42703e273e7cd43308,a0ce391a3e1dcc42703e273e7cd43308,2025-10-11,2025-10-11T20:15:00Z,Tennessee Volunteers,Arkansas Razorbacks,TV,AR,,,0,,,,,odds_api_flattened,false,64,11,3,true,true,true
ncaaf,eecb202a746e0d50cc69d21b73860e13,eecb202a746e0d50cc69d21b73860e13,2025-10-11,2025-10-11T22:00:00Z,Florida Atlantic Owls,UAB Blazers,FAO,UB,,,0,,,,,odds_api_flattened,false,64,11,3,true,true,true
ncaaf,2f94142f11ca602b35004f81f0fb6bb4,2f94142f11ca602b35004f81f0fb6bb4,2025-10-11,2025-10-11T23:00:00Z,Texas A&M Aggies,Florida Gators,TAA,FG,,,0,,,,,odds_api_flattened,false,62,11,3,true,true,true
ncaaf,afe2544f878a71b70d8c52006bd78482,afe2544f878a71b70d8c52006bd78482,2025-10-11,2025-10-11T23:00:00Z,Wyoming Cowboys,San Jose State Spartans,WC,SJS,,,0,,,,,odds_api_flattened,false,64,11,3,true,true,true
ncaaf,d1b49901efafa2e7efbd64e5dcb29c0d,d1b49901efafa2e7efbd64e5dcb29c0d,2025-10-11,2025-10-11T23:00:00Z,Coastal Carolina Chanticleers,UL Monroe Warhawks,CCC,UMW,,,0,,,,,odds_api_flattened,false,64,11,3,true,true,true
ncaaf,e1e0f5c2cc82d1255fc57a8637ddc18c,e1e0f5c2cc82d1255fc57a8637ddc18c,2025-10-11,2025-10-11T23:00:00Z,Wisconsin Badgers,Iowa Hawkeyes,WB,IH2,,,0,,,,,odds_api_flattened,false,64,11,3,true,true,true
ncaaf,5a1127219ae128003dc5154af7f3561e,5a1127219ae128003dc5154af7f3561e,2025-10-11,2025-10-11T23:30:00Z,Auburn Tigers,Georgia Bulldogs,AT,GB,,,0,,,,,odds_api_flattened,false,64,11,3,true,true,true
ncaaf,80fb909a58417752399944b7c3ad9a90,80fb909a58417752399944b7c3ad9a90,2025-10-11,2025-10-11T23:30:00Z,Texas Tech Red Raiders,Kansas Jayhawks,TTR,KJ,,,0,,,,,odds_api_flattened,false,64,11,3,true,true,true
ncaaf,b1b3789cd2775eb8f60d82704df02f59,b1b3789cd2775eb8f60d82704df02f59,2025-10-11,2025-10-11T23:30:00Z,Boston College Eagles,Clemson Tigers,BCE,CT,,,0,,,,,odds_api_flattened,false,64,11,3,true,true,true
ncaaf,c5b4bf26258afaed3cca9b67ef3783f8,c5b4bf26258afaed3cca9b67ef3783f8,2025-10-11,2025-10-11T23:30:00Z,Minnesota Golden Gophers,Purdue Boilermakers,MGG,PB,,,0,,,,,odds_api_flattened,false,64,11,3,true,true,true
ncaaf,d87fbc40deede78fd9497d87a0e2e225,d87fbc40deede78fd9497d87a0e2e225,2025-10-11,2025-10-11T23:30:00Z,UTSA Roadrunners,Rice Owls,UR2,RO,,,0,,,,,odds_api_flattened,false,64,11,3,true,true,true
ncaaf,e06151a147cb4d93456e732ad2013a3e,e06151a147cb4d93456e732ad2013a3e,2025-10-11,2025-10-11T23:30:00Z,USC Trojans,Michigan Wolverines,UT,MW2,,,0,,,,,odds_api_flattened,false,64,11,3,true,true,true
ncaaf,4a191067aa0558b3ee24343551fbd8d1,4a191067aa0558b3ee24343551fbd8d1,2025-10-11,2025-10-11T23:45:00Z,LSU Tigers,South Carolina Gamecocks,LT,SCG,,,0,,,,,odds_api_flattened,false,64,11,3,true,true,true
ncaaf,1814879e45bd0008dd1182de86f8c3ae,1814879e45bd0008dd1182de86f8c3ae,2025-10-12,2025-10-12T00:00:00Z,Texas State Bobcats,Troy Trojans,TSB,TT2,,,0,,,,,odds_api_flattened,false,64,11,3,true,true,true
ncaaf,bab9f41c47521171fd5a7452bf778f5a,bab9f41c47521171fd5a7452bf778f5a,2025-10-12,2025-10-12T00:00:00Z,Arizona Wildcats,BYU Cougars,AW,BC,,,0,,,,,odds_api_flattened,false,64,11,3,true,true,true
ncaaf,4a72e67b0c10cd94ec4f994e0b9692ab,4a72e67b0c10cd94ec4f994e0b9692ab,2025-10-12,2025-10-12T01:45:00Z,Boise State Broncos,New Mexico Lobos,BSB,NML,,,0,,,,,odds_api_flattened,false,64,11,3,true,true,true
ncaaf,a109b71f4beba173453582bb0043e075,a109b71f4beba173453582bb0043e075,2025-10-12,2025-10-12T02:15:00Z,Utah Utes,Arizona State Sun Devils,UU,ASS,,,0,,,,,odds_api_flattened,false,58,10,3,true,true,true
ncaaf,42e2757eda4ea3c97d054d008c5cc7d6,42e2757eda4ea3c97d054d008c5cc7d6,2025-10-12,2025-10-12T02:30:00Z,Nevada Wolf Pack,San Diego State Aztecs,NWP,SDS,,,0,,,,,odds_api_flattened,false,64,11,3,true,true,true
ncaaf,455af8d3dabc721a5899d78834243422,455af8d3dabc721a5899d78834243422,2025-10-12,2025-10-12T03:59:00Z,Hawaii Rainbow Warriors,Utah State Aggies,HRW,USA,,,0,,,,,odds_api_flattened,false,64,11,3,true,true,true
ncaaf,f63b3ba5fb0084b3b5d735394f10ce43,f63b3ba5fb0084b3b5d735394f10ce43,2025-10-14,2025-10-14T23:00:00Z,Liberty Flames,New Mexico State Aggies,LF,NMS,,,0,,,,,odds_api_flattened,false,66,11,3,true,true,true
ncaaf,c2d428cbf0b787ee8c1fe0402266ea6c,c2d428cbf0b787ee8c1fe0402266ea6c,2025-10-14,2025-10-14T23:30:00Z,South Alabama Jaguars,Arkansas State Red Wolves,SAJ,ASR,,,0,,,,,odds_api_flattened,false,66,11,3,true,true,true
ncaaf,195edecefe4d9e28b6370f4cca6696c9,195edecefe4d9e28b6370f4cca6696c9,2025-10-15,2025-10-15T00:00:00Z,Western Kentucky Hilltoppers,Florida International Panthers,WKH,FIP,,,0,,,,,odds_api_flattened,false,66,11,3,true,true,true
ncaaf,0d244c0f45b386c4306834705afb971f,0d244c0f45b386c4306834705afb971f,2025-10-15,2025-10-15T23:00:00Z,Jacksonville State Gamecocks,Delaware Blue Hens,JSG,DBH,,,0,,,,,odds_api_flattened,false,66,11,3,true,true,true
ncaaf,36ef3598137923f8a1f12dc61fabddf5,36ef3598137923f8a1f12dc61fabddf5,2025-10-15,2025-10-15T23:00:00Z,Sam Houston State Bearkats,UTEP Miners,SHS,UM2,,,0,,,,,odds_api_flattened,false,66,11,3,true,true,true
ncaaf,9d110dc5627ec6c7593c880dcb906fa9,9d110dc5627ec6c7593c880dcb906fa9,2025-10-16,2025-10-16T23:30:00Z,East Carolina Pirates,Tulsa Golden Hurricane,ECP,TGH,,,0,,,,,odds_api_flattened,false,66,11,3,true,true,true
ncaaf,10a111c1fd81ba0536dae762d6f9f933,10a111c1fd81ba0536dae762d6f9f933,2025-10-17,2025-10-17T23:00:00Z,Miami Hurricanes,Louisville Cardinals,MH,LC2,,,0,,,,,odds_api_flattened,false,66,11,3,true,true,true
ncaaf,92964692e49d56868cc78cea5254c061,92964692e49d56868cc78cea5254c061,2025-10-18,2025-10-18T00:00:00Z,Minnesota Golden Gophers,Nebraska Cornhuskers,MGG,NC,,,0,,,,,odds_api_flattened,false,66,11,3,true,true,true
ncaaf,fabf700114de9a665c40478e8dceccc9,fabf700114de9a665c40478e8dceccc9,2025-10-18,2025-10-18T01:00:00Z,Utah State Aggies,San Jose State Spartans,USA,SJS,,,0,,,,,odds_api_flattened,false,66,11,3,true,true,true
ncaaf,078a33fd428923f0d673fd35a79edc42,078a33fd428923f0d673fd35a79edc42,2025-10-18,2025-10-18T02:30:00Z,California Golden Bears,North Carolina Tar Heels,CGB,NCT,,,0,,,,,odds_api_flattened,false,66,11,3,true,true,true
ncaaf,00a6974f28c6bc5a62c7dddffe277772,00a6974f28c6bc5a62c7dddffe277772,2025-10-18,2025-10-18T16:00:00Z,Boston College Eagles,UConn Huskies,BCE,UH,,,0,,,,,odds_api_flattened,false,66,11,3,true,true,true
ncaaf,09dc8e89288cf0e0a7b356ecba1368bf,09dc8e89288cf0e0a7b356ecba1368bf,2025-10-18,2025-10-18T16:00:00Z,Bowling Green Falcons,Central Michigan Chippewas,BGF,CMC,,,0,,,,,odds_api_flattened,false,66,11,3,true,true,true
ncaaf,9ae9257ec6ad7304073eab4e09b08569,9ae9257ec6ad7304073eab4e09b08569,2025-10-18,2025-10-18T16:00:00Z,Miami (OH) RedHawks,Eastern Michigan Eagles,MOR,EME,,,0,,,,,odds_api_flattened,false,64,11,3,true,true,true
ncaaf,aecb861cfa6664f9cbb94adfd16b16f8,aecb861cfa6664f9cbb94adfd16b16f8,2025-10-18,2025-10-18T16:00:00Z,Tulane Green Wave,Army Black Knights,TGW,ABK,,,0,,,,,odds_api_flattened,false,66,11,3,true,true,true
ncaaf,bb18900848211296ea7c10692c3c4f01,bb18900848211296ea7c10692c3c4f01,2025-10-18,2025-10-18T16:00:00Z,Vanderbilt Commodores,LSU Tigers,VC,LT,,,0,,,,,odds_api_flattened,false,64,11,3,true,true,true
ncaaf,f087da86c9f333ede5023b3c5da3e683,f087da86c9f333ede5023b3c5da3e683,2025-10-18,2025-10-18T16:00:00Z,TCU Horned Frogs,Baylor Bears,THF,BB,,,0,,,,,odds_api_flattened,false,66,11,3,true,true,true
ncaaf,1719a33bcb26ce3c5119d8dbbe883d08,1719a33bcb26ce3c5119d8dbbe883d08,2025-10-18,2025-10-18T16:03:00Z,Houston Cougars,Arizona Wildcats,HC,AW,,,0,,,,,odds_api_flattened,false,66,11,3,true,true,true
ncaaf,04ec553198d4be4f4c61412514fa3ed6,04ec553198d4be4f4c61412514fa3ed6,2025-10-18,2025-10-18T16:10:00Z,Duke Blue Devils,Georgia Tech Yellow Jackets,DBD,GTY,,,0,,,,,odds_api_flattened,false,64,11,3,true,true,true
ncaaf,e79f6c92e621c517179918e7e1ef4a26,e79f6c92e621c517179918e7e1ef4a26,2025-10-18,2025-10-18T16:10:00Z,Michigan Wolverines,Washington Huskies,MW2,WH,,,0,,,,,odds_api_flattened,false,66,11,3,true,true,true
ncaaf,d44075b0d3f4aac36f4761cf1bc2e5ea,d44075b0d3f4aac36f4761cf1bc2e5ea,2025-10-18,2025-10-18T16:45:00Z,South Carolina Gamecocks,Oklahoma Sooners,SCG,OS,,,0,,,,,odds_api_flattened,false,66,11,3,true,true,true
ncaaf,b4f42c88b4d5eb45150b23ab3b186d0a,b4f42c88b4d5eb45150b23ab3b186d0a,2025-10-18,2025-10-18T17:00:00Z,UCF Knights,West Virginia Mountaineers,UK,WVM,,,0,,,,,odds_api_flattened,false,66,11,3,true,true,true
ncaaf,e4aa139820c2dd11f83027e8cf90077a,e4aa139820c2dd11f83027e8cf90077a,2025-10-18,2025-10-18T18:00:00Z,Toledo Rockets,Kent State Golden Flashes,TR,KSG,,,0,,,,,odds_api_flattened,false,66,11,3,true,true,true
ncaaf,803607925bbb470049b655d113c0ad5d,803607925bbb470049b655d113c0ad5d,2025-10-18,2025-10-18T18:30:00Z,UMass Minutemen,Buffalo Bulls,UM,BB4,,,0,,,,,odds_api_flattened,false,66,11,3,true,true,true
ncaaf,4fcd227a8f65146f3f05ef6bf5dbbdee,4fcd227a8f65146f3f05ef6bf5dbbdee,2025-10-18,2025-10-18T19:00:00Z,UL Monroe Warhawks,Troy Trojans,UMW,TT2,,,0,,,,,odds_api_flattened,false,66,11,3,true,true,true
ncaaf,b90c1e699a3f75f21ca7e436584b6add,b90c1e699a3f75f21ca7e436584b6add,2025-10-18,2025-10-18T19:00:00Z,Northwestern Wildcats,Purdue Boilermakers,NW,PB,,,0,,,,,odds_api_flattened,false,66,11,3,true,true,true
ncaaf,140129cd7d0dc8e98b52a47a682134ec,140129cd7d0dc8e98b52a47a682134ec,2025-10-18,2025-10-18T19:30:00Z,Appalachian State Mountaineers,Coastal Carolina Chanticleers,ASM2,CCC,,,0,,,,,odds_api_flattened,false,66,11,3,true,true,true
ncaaf,2073cfebcfc3368e22b436a6edf10cef,2073cfebcfc3368e22b436a6edf10cef,2025-10-18,2025-10-18T19:30:00Z,Ohio Bobcats,Northern Illinois Huskies,OB,NIH,,,0,,,,,odds_api_flattened,false,66,11,3,true,true,true
ncaaf,2648046a739ad39505d834b82d62e13b,2648046a739ad39505d834b82d62e13b,2025-10-18,2025-10-18T19:30:00Z,North Texas Mean Green,UTSA Roadrunners,NTM,UR2,,,0,,,,,odds_api_flattened,false,66,11,3,true,true,true
ncaaf,27691e5354e5380e613d02c9437e963d,27691e5354e5380e613d02c9437e963d,2025-10-18,2025-10-18T19:30:00Z,Air Force Falcons,Wyoming Cowboys,AFF,WC,,,0,,,,,odds_api_flattened,false,66,11,3,true,true,true
ncaaf,521d005c0199e69e1af5faf379b6bfc7,521d005c0199e69e1af5faf379b6bfc7,2025-10-18,2025-10-18T19:30:00Z,Arkansas Razorbacks,Texas A&M Aggies,AR,TAA,,,0,,,,,odds_api_flattened,false,66,11,3,true,true,true
ncaaf,55f5ab2c82d0f2993231587e63a6b782,55f5ab2c82d0f2993231587e63a6b782,2025-10-18,2025-10-18T19:30:00Z,Georgia Bulldogs,Ole Miss Rebels,GB,OMR,,,0,,,,,odds_api_flattened,false,62,11,3,true,true,true
ncaaf,79f01f984b254490779e3ed91fae3ab7,79f01f984b254490779e3ed91fae3ab7,2025-10-18,2025-10-18T19:30:00Z,Ball State Cardinals,Akron Zips,BSC,AZ,,,0,,,,,odds_api_flattened,false,66,11,3,true,true,true
ncaaf,7be66ff7eb8a7b2aaeb7f3d4d2e8806a,7be66ff7eb8a7b2aaeb7f3d4d2e8806a,2025-10-18,2025-10-18T19:30:00Z,Clemson Tigers,SMU Mustangs,CT,SM,,,0,,,,,odds_api_flattened,false,66,11,3,true,true,true
ncaaf,82b43016aa3e0c0a524320b9e9830678,82b43016aa3e0c0a524320b9e9830678,2025-10-18,2025-10-18T19:30:00Z,Charlotte 49ers,Temple Owls,C4,TO,,,0,,,,,odds_api_flattened,false,66,11,3,true,true,true
ncaaf,8d5ca9cb62b5ab0a5427f363f56d814b,8d5ca9cb62b5ab0a5427f363f56d814b,2025-10-18,2025-10-18T19:30:00Z,James Madison Dukes,Old Dominion Monarchs,JMD,ODM,,,0,,,,,odds_api_flattened,false,66,11,3,true,true,true
ncaaf,b40fd4e70194bfdabd7e68dfc269f268,b40fd4e70194bfdabd7e68dfc269f268,2025-10-18,2025-10-18T19:30:00Z,Wisconsin Badgers,Ohio State Buckeyes,WB,OSB,,,0,,,,,odds_api_flattened,false,64,11,3,true,true,true
ncaaf,d15fdb8ae860183a48c201265d28b77a,d15fdb8ae860183a48c201265d28b77a,2025-10-18,2025-10-18T19:30:00Z,Marshall Thundering Herd,Texas State Bobcats,MTH,TSB,,,0,,,,,odds_api_flattened,false,66,11,3,true,true,true
ncaaf,d205e781f229cb68ddac1fc2ad3e24ec,d205e781f229cb68ddac1fc2ad3e24ec,2025-10-18,2025-10-18T19:30:00Z,Indiana Hoosiers,Michigan State Spartans,IH,MSS,,,0,,,,,odds_api_flattened,false,62,11,3,true,true,true
ncaaf,fa2d5dbab5d79c98893ce5b7a23c1d3e,fa2d5dbab5d79c98893ce5b7a23c1d3e,2025-10-18,2025-10-18T19:30:00Z,Boise State Broncos,UNLV Rebels,BSB,UR,,,0,,,,,odds_api_flattened,false,66,11,3,true,true,true
ncaaf,970b5191ee6e19666dfdec2eb19954ce,970b5191ee6e19666dfdec2eb19954ce,2025-10-18,2025-10-18T20:00:00Z,Arizona State Sun Devils,Texas Tech Red Raiders,ASS,TTR,,,0,,,,,odds_api_flattened,false,66,11,3,true,true,true
ncaaf,9f7eb2d2b2e7b68f14a18a521765e53b,9f7eb2d2b2e7b68f14a18a521765e53b,2025-10-18,2025-10-18T20:00:00Z,UAB Blazers,Memphis Tigers,UB,MT2,,,0,,,,,odds_api_flattened,false,66,11,3,true,true,true
ncaaf,2c7763e732f47af87d2034549c69f82d,2c7763e732f47af87d2034549c69f82d,2025-10-18,2025-10-18T20:15:00Z,Florida Gators,Mississippi State Bulldogs,FG,MSB,,,0,,,,,odds_api_flattened,false,66,11,3,true,true,true
ncaaf,5da9ef579c5fd86b10be56e99d1d1c10,5da9ef579c5fd86b10be56e99d1d1c10,2025-10-18,2025-10-18T21:00:00Z,Louisiana Ragin Cajuns,Southern Mississippi Golden Eagles,LRC2,SMG2,,,0,,,,,odds_api_flattened,false,66,11,3,true,true,true
ncaaf,27566d5b43cf09db1545d28a013b2bc9,27566d5b43cf09db1545d28a013b2bc9,2025-10-18,2025-10-18T22:30:00Z,Virginia Cavaliers,Washington State Cougars,VC2,WSC,,,0,,,,,odds_api_flattened,false,66,11,3,true,true,true
ncaaf,cd5818a61eb4ec516c371a55c24a240a,cd5818a61eb4ec516c371a55c24a240a,2025-10-18,2025-10-18T22:30:00Z,Rutgers Scarlet Knights,Oregon Ducks,RSK,OD,,,0,,,,,odds_api_flattened,false,60,10,3,true,true,true
ncaaf,3ca674b081dddf7f8ac3d9862186b8e8,3ca674b081dddf7f8ac3d9862186b8e8,2025-10-18,2025-10-18T23:00:00Z,Georgia Southern Eagles,Georgia State Panthers,GSE,GSP,,,0,,,,,odds_api_flattened,false,66,11,3,true,true,true
ncaaf,5866b06f9fe4c1e8ae23a581602b0fe9,5866b06f9fe4c1e8ae23a581602b0fe9,2025-10-18,2025-10-18T23:00:00Z,Kentucky Wildcats,Texas Longhorns,KW,TL,,,0,,,,,odds_api_flattened,false,66,11,3,true,true,true
ncaaf,7d42c9f08d93cc592f5540348561ddb3,7d42c9f08d93cc592f5540348561ddb3,2025-10-18,2025-10-18T23:00:00Z,Iowa Hawkeyes,Penn State Nittany Lions,IH2,PSN,,,0,,,,,odds_api_flattened,false,66,11,3,true,true,true
ncaaf,b0b386c767a0ce6a0a239fb9f79c3e7a,b0b386c767a0ce6a0a239fb9f79c3e7a,2025-10-18,2025-10-18T23:00:00Z,UCLA Bruins,Maryland Terrapins,UB2,MT,,,0,,,,,odds_api_flattened,false,66,11,3,true,true,true
ncaaf,c4df5ac5f03e73a930f280f72caaae43,c4df5ac5f03e73a930f280f72caaae43,2025-10-18,2025-10-18T23:00:00Z,Colorado State Rams,Hawaii Rainbow Warriors,CSR,HRW,,,0,,,,,odds_api_flattened,false,66,11,3,true,true,true
ncaaf,3cde3895b46bdd55cfc55a6fb9a69418,3cde3895b46bdd55cfc55a6fb9a69418,2025-10-18,2025-10-18T23:30:00Z,South Florida Bulls,Florida Atlantic Owls,SFB,FAO,,,0,,,,,odds_api_flattened,false,66,11,3,true,true,true
ncaaf,432e5ee9d4c8297a2460d82e89ec5161,432e5ee9d4c8297a2460d82e89ec5161,2025-10-18,2025-10-18T23:30:00Z,Notre Dame Fighting Irish,USC Trojans,NDF2,UT,,,0,,,,,odds_api_flattened,false,66,11,3,true,true,true
ncaaf,5a12bbdbc2d087e0ed12ba3aa360f9fd,5a12bbdbc2d087e0ed12ba3aa360f9fd,2025-10-18,2025-10-18T23:30:00Z,Syracuse Orange,Pittsburgh Panthers,SO,PP,,,0,,,,,odds_api_flattened,false,66,11,3,true,true,true
ncaaf,7634f8df416fbdbf3f700c4fcaa4b03a,7634f8df416fbdbf3f700c4fcaa4b03a,2025-10-18,2025-10-18T23:30:00Z,Alabama Crimson Tide,Tennessee Volunteers,ACT,TV,,,0,,,,,odds_api_flattened,false,66,11,3,true,true,true
ncaaf,6a478f550fac197ca8dd95162c8f7980,6a478f550fac197ca8dd95162c8f7980,2025-10-18,2025-10-18T23:45:00Z,Auburn Tigers,Missouri Tigers,AT,MT3,,,0,,,,,odds_api_flattened,false,66,11,3,true,true,true
ncaaf,4db5e24ddb0d1e1e5aa7d9e508670e0f,4db5e24ddb0d1e1e5aa7d9e508670e0f,2025-10-19,2025-10-19T00:00:00Z,BYU Cougars,Utah Utes,BC,UU,,,0,,,,,odds_api_flattened,false,60,10,3,true,true,true
ncaaf,ee56fe628302db3edce970e4bf7cc970,ee56fe628302db3edce970e4bf7cc970,2025-10-19,2025-10-19T00:00:00Z,Oklahoma State Cowboys,Cincinnati Bearcats,OSC,CB,,,0,,,,,odds_api_flattened,false,60,10,3,true,true,true
ncaaf,065fb6a48a35eda8e711f8b37b9f8562,065fb6a48a35eda8e711f8b37b9f8562,2025-10-19,2025-10-19T01:45:00Z,New Mexico Lobos,Nevada Wolf Pack,NML,NWP,,,0,,,,,odds_api_flattened,false,60,10,3,true,true,true
ncaaf,47b7021076d4be57f72b90c608c1b2c9,47b7021076d4be57f72b90c608c1b2c9,2025-10-19,2025-10-19T02:00:00Z,Oregon State Beavers,Lafayette Leopards,OSB2,LL,,,0,,,,,odds_api_flattened,false,50,9,3,true,true,true
ncaaf,75cd206b980e4155e21e3785bb9503f8,75cd206b980e4155e21e3785bb9503f8,2025-10-19,2025-10-19T02:30:00Z,Stanford Cardinal,Florida State Seminoles,SC,FSS,,,0,,,,,odds_api_flattened,false,60,10,3,true,true,true
ncaaf,cd7b0b1d0350c1e6809e2d393237ce7f,cd7b0b1d0350c1e6809e2d393237ce7f,2025-10-21,2025-10-21T23:00:00Z,Florida International Panthers,Kennesaw State Owls,FIP,KSO,,,0,,,,,odds_api_flattened,false,66,11,3,true,true,true
ncaaf,d14cac73f8519bbd6ba794bbdd4e6571,d14cac73f8519bbd6ba794bbdd4e6571,2025-10-21,2025-10-21T23:30:00Z,Louisiana Tech Bulldogs,Western Kentucky Hilltoppers,LTB,WKH,,,0,,,,,odds_api_flattened,false,66,11,3,true,true,true
ncaaf,e7a634e96e359fdb00cb9da904f4ff0c,e7a634e96e359fdb00cb9da904f4ff0c,2025-10-22,2025-10-22T23:30:00Z,Delaware Blue Hens,Middle Tennessee Blue Raiders,DBH,MTB,,,0,,,,,odds_api_flattened,false,66,11,3,true,true,true
ncaaf,a54e8d52ec4fb8c7d3f9ebd2b8a38c64,a54e8d52ec4fb8c7d3f9ebd2b8a38c64,2025-10-23,2025-10-23T01:00:00Z,New Mexico State Aggies,Missouri State Bears,NMS,MSB2,,,0,,,,,odds_api_flattened,false,66,11,3,true,true,true
ncaaf,481b881b9ede3ab69cbdefbd5876c6b4,481b881b9ede3ab69cbdefbd5876c6b4,2025-10-23,2025-10-23T23:30:00Z,Georgia State Panthers,South Alabama Jaguars,GSP,SAJ,,,0,,,,,odds_api_flattened,false,66,11,3,true,true,true
ncaaf,6b01b4b140795584d285e8f0195e07dd,6b01b4b140795584d285e8f0195e07dd,2025-10-24,2025-10-24T23:00:00Z,Charlotte 49ers,North Texas Mean Green,C4,NTM,,,0,,,,,odds_api_flattened,false,64,11,3,true,true,true
ncaaf,ab8eb9a18a61f86e888d6d066728fd98,ab8eb9a18a61f86e888d6d066728fd98,2025-10-24,2025-10-24T23:30:00Z,Virginia Tech Hokies,California Golden Bears,VTH,CGB,,,0,,,,,odds_api_flattened,false,66,11,3,true,true,true
ncaaf,bcd14745ebe1e1409d1a682fc3af8fb2,bcd14745ebe1e1409d1a682fc3af8fb2,2025-10-25,2025-10-25T02:00:00Z,Nevada Wolf Pack,Boise State Broncos,NWP,BSB,,,0,,,,,odds_api_flattened,false,66,11,3,true,true,true
ncaaf,0427477ee198451d3b343adbb969dc75,0427477ee198451d3b343adbb969dc75,2025-10-25,2025-10-25T16:00:00Z,North Carolina Tar Heels,Virginia Cavaliers,NCT,VC2,,,0,,,,,odds_api_flattened,false,66,11,3,true,true,true
ncaaf,1ce6db5fcde5d7eb3e970bc9489c52fd,1ce6db5fcde5d7eb3e970bc9489c52fd,2025-10-25,2025-10-25T16:00:00Z,Kent State Golden Flashes,Bowling Green Falcons,KSG,BGF,,,0,,,,,odds_api_flattened,false,66,11,3,true,true,true
ncaaf,2dbca87cd64d7ed47c15502789993291,2dbca87cd64d7ed47c15502789993291,2025-10-25,2025-10-25T16:00:00Z,Purdue Boilermakers,Rutgers Scarlet Knights,PB,RSK,,,0,,,,,odds_api_flattened,false,60,10,3,true,true,true
ncaaf,3548718cee61146dc3968e06c15ef1a8,3548718cee61146dc3968e06c15ef1a8,2025-10-25,2025-10-25T16:00:00Z,Memphis Tigers,South Florida Bulls,MT2,SFB,,,0,,,,,odds_api_flattened,false,66,11,3,true,true,true
ncaaf,43bc24c6358317da3648cedea890e3b3,43bc24c6358317da3648cedea890e3b3,2025-10-25,2025-10-25T16:00:00Z,Indiana Hoosiers,UCLA Bruins,IH,UB2,,,0,,,,,odds_api_flattened,false,64,11,3,true,true,true
ncaaf,567f88999397ec54c373f5384f76510e,567f88999397ec54c373f5384f76510e,2025-10-25,2025-10-25T16:00:00Z,Nebraska Cornhuskers,Northwestern Wildcats,NC,NW,,,0,,,,,odds_api_flattened,false,66,11,3,true,true,true
ncaaf,7e95ef7ef16d33001afdc50fb9afab63,7e95ef7ef16d33001afdc50fb9afab63,2025-10-25,2025-10-25T16:00:00Z,Eastern Michigan Eagles,Ohio Bobcats,EME,OB,,,0,,,,,odds_api_flattened,false,66,11,3,true,true,true
ncaaf,86e379d366206903056d0d15997dd756,86e379d366206903056d0d15997dd756,2025-10-25,2025-10-25T16:00:00Z,Wake Forest Demon Deacons,SMU Mustangs,WFD,SM,,,0,,,,,odds_api_flattened,false,66,11,3,true,true,true
ncaaf,a68793984cb3bab7bdae68b8dbe5b36a,a68793984cb3bab7bdae68b8dbe5b36a,2025-10-25,2025-10-25T16:00:00Z,Georgia Tech Yellow Jackets,Syracuse Orange,GTY,SO,,,0,,,,,odds_api_flattened,false,66,11,3,true,true,true
ncaaf,b1541b2d3b6372bc40e356fac18bfcbf,b1541b2d3b6372bc40e356fac18bfcbf,2025-10-25,2025-10-25T16:00:00Z,Old Dominion Monarchs,Appalachian State Mountaineers,ODM,ASM2,,,0,,,,,odds_api_flattened,false,66,11,3,true,true,true
ncaaf,b58f9041beb02f4a0dba118904a62c57,b58f9041beb02f4a0dba118904a62c57,2025-10-25,2025-10-25T16:00:00Z,Oklahoma Sooners,Ole Miss Rebels,OS,OMR,,,0,,,,,odds_api_flattened,false,60,10,3,true,true,true
ncaaf,ecdc07baec885297b19dd029dd0004dc,ecdc07baec885297b19dd029dd0004dc,2025-10-25,2025-10-25T16:00:00Z,Kansas Jayhawks,Kansas State Wildcats,KJ,KSW,,,0,,,,,odds_api_flattened,false,66,11,3,true,true,true
ncaaf,37c6546256bb2bb144539c81dc931806,37c6546256bb2bb144539c81dc931806,2025-10-25,2025-10-25T16:45:00Z,Arkansas Razorbacks,Auburn Tigers,AR,AT,,,0,,,,,odds_api_flattened,false,66,11,3,true,true,true
ncaaf,6541b290fae8de6d5a2710e00f827b1a,6541b290fae8de6d5a2710e00f827b1a,2025-10-25,2025-10-25T17:00:00Z,Buffalo Bulls,Akron Zips,BB4,AZ,,,0,,,,,odds_api_flattened,false,66,11,3,true,true,true
ncaaf,ca0bb13499fcb91539c0cf821a0576d7,ca0bb13499fcb91539c0cf821a0576d7,2025-10-25,2025-10-25T19:00:00Z,Rice Owls,UConn Huskies,RO,UH,,,0,,,,,odds_api_flattened,false,66,11,3,true,true,true
ncaaf,e183901d24e9b1d3e750fb8f3c5f2676,e183901d24e9b1d3e750fb8f3c5f2676,2025-10-25,2025-10-25T19:00:00Z,New Mexico Lobos,Utah State Aggies,NML,USA,,,0,,,,,odds_api_flattened,false,66,11,3,true,true,true
ncaaf,3758bd67c5316c1bbfb1233631178e37,3758bd67c5316c1bbfb1233631178e37,2025-10-25,2025-10-25T19:30:00Z,Iowa Hawkeyes,Minnesota Golden Gophers,IH2,MGG,,,0,,,,,odds_api_flattened,false,66,11,3,true,true,true
ncaaf,3e97b6f70731e23aa7124b444cfc22aa,3e97b6f70731e23aa7124b444cfc22aa,2025-10-25,2025-10-25T19:30:00Z,South Carolina Gamecocks,Alabama Crimson Tide,SCG,ACT,,,0,,,,,odds_api_flattened,false,66,11,3,true,true,true
ncaaf,4fa1c6e86e5b4257bc7b9bbae3ed4e0d,4fa1c6e86e5b4257bc7b9bbae3ed4e0d,2025-10-25,2025-10-25T19:30:00Z,Iowa State Cyclones,BYU Cougars,ISC,BC,,,0,,,,,odds_api_flattened,false,66,11,3,true,true,true
ncaaf,56e00fae472e97f1016a9c0abefb4c2e,56e00fae472e97f1016a9c0abefb4c2e,2025-10-25,2025-10-25T19:30:00Z,Tulsa Golden Hurricane,Temple Owls,TGH,TO,,,0,,,,,odds_api_flattened,false,66,11,3,true,true,true
ncaaf,59fce1a707c83b093c630c371326c855,59fce1a707c83b093c630c371326c855,2025-10-25,2025-10-25T19:30:00Z,Northern Illinois Huskies,Ball State Cardinals,NIH,BSC,,,0,,,,,odds_api_flattened,false,66,11,3,true,true,true
ncaaf,5a0f3b1bd4b3bdec4e47aa8e95a6e7e2,5a0f3b1bd4b3bdec4e47aa8e95a6e7e2,2025-10-25,2025-10-25T19:30:00Z,Washington State Cougars,Toledo Rockets,WSC,TR,,,0,,,,,odds_api_flattened,false,66,11,3,true,true,true
ncaaf,5eff3381bc29273c041cc3bba7127145,5eff3381bc29273c041cc3bba7127145,2025-10-25,2025-10-25T19:30:00Z,Navy Midshipmen,Florida Atlantic Owls,NM,FAO,,,0,,,,,odds_api_flattened,false,66,11,3,true,true,true
ncaaf,6ba41f5aec285de1cc47eebd40516dde,6ba41f5aec285de1cc47eebd40516dde,2025-10-25,2025-10-25T19:30:00Z,Washington Huskies,Illinois Fighting Illini,WH,IFI,,,0,,,,,odds_api_flattened,false,66,11,3,true,true,true
ncaaf,aae15c183f1acfa42f5fbb342d177a73,aae15c183f1acfa42f5fbb342d177a73,2025-10-25,2025-10-25T19:30:00Z,Central Michigan Chippewas,UMass Minutemen,CMC,UM,,,0,,,,,odds_api_flattened,false,66,11,3,true,true,true
ncaaf,b1b41fb67ca67b471802ad3cd778810d,b1b41fb67ca67b471802ad3cd778810d,2025-10-25,2025-10-25T19:30:00Z,Fresno State Bulldogs,San Diego State Aztecs,FSB,SDS,,,0,,,,,odds_api_flattened,false,66,11,3,true,true,true
ncaaf,cc91d8692c5fd56b32deabaf55bbfa47,cc91d8692c5fd56b32deabaf55bbfa47,2025-10-25,2025-10-25T19:30:00Z,Vanderbilt Commodores,Missouri Tigers,VC,MT3,,,0,,,,,odds_api_flattened,false,66,11,3,true,true,true
ncaaf,e0c04bf1060f22e45123ad9ab379ab2d,e0c04bf1060f22e45123ad9ab379ab2d,2025-10-25,2025-10-25T19:30:00Z,Pittsburgh Panthers,NC State Wolfpack,PP,NSW,,,0,,,,,odds_api_flattened,false,66,11,3,true,true,true
ncaaf,e8214d5efd726f045d7fb54be5c1d984,e8214d5efd726f045d7fb54be5c1d984,2025-10-25,2025-10-25T19:30:00Z,Miami (OH) RedHawks,Western Michigan Broncos,MOR,WMB,,,0,,,,,odds_api_flattened,false,64,11,3,true,true,true
ncaaf,ed8f13ecfcb204caae8d2ab790dbf2a1,ed8f13ecfcb204caae8d2ab790dbf2a1,2025-10-25,2025-10-25T19:30:00Z,Southern Mississippi Golden Eagles,UL Monroe Warhawks,SMG2,UMW,,,0,,,,,odds_api_flattened,false,66,11,3,true,true,true
ncaaf,2d138dd1213df66409b2439ed0119dde,2d138dd1213df66409b2439ed0119dde,2025-10-25,2025-10-25T20:00:00Z,Texas Tech Red Raiders,Oklahoma State Cowboys,TTR,OSC,,,0,,,,,odds_api_flattened,false,42,10,3,true,true,true
ncaaf,99a767848857d6a003492e414c23cfd2,99a767848857d6a003492e414c23cfd2,2025-10-25,2025-10-25T20:00:00Z,Cincinnati Bearcats,Baylor Bears,CB,BB,,,0,,,,,odds_api_flattened,false,66,11,3,true,true,true
ncaaf,98b94390f0f573839b1e38252f37918b,98b94390f0f573839b1e38252f37918b,2025-10-25,2025-10-25T20:15:00Z,Mississippi State Bulldogs,Texas Longhorns,MSB,TL,,,0,,,,,odds_api_flattened,false,66,11,3,true,true,true
ncaaf,7f074836c751b9fe50b994520f000181,7f074836c751b9fe50b994520f000181,2025-10-25,2025-10-25T22:00:00Z,West Virginia Mountaineers,TCU Horned Frogs,WVM,THF,,,0,,,,,odds_api_flattened,false,66,11,3,true,true,true
ncaaf,4bc05ea1a05cad391b367e493e2efac1,4bc05ea1a05cad391b367e493e2efac1,2025-10-25,2025-10-25T23:00:00Z,Oregon Ducks,Wisconsin Badgers,OD,WB,,,0,,,,,odds_api_flattened,false,40,10,2,false,true,true
ncaaf,ab90efbe36ace5f60feeb6f1bc5c8a63,ab90efbe36ace5f60feeb6f1bc5c8a63,2025-10-25,2025-10-25T23:00:00Z,Troy Trojans,Louisiana Ragin Cajuns,TT2,LRC2,,,0,,,,,odds_api_flattened,false,66,11,3,true,true,true
ncaaf,ea34e43ecca5cdceabb78a1e669f61c0,ea34e43ecca5cdceabb78a1e669f61c0,2025-10-25,2025-10-25T23:00:00Z,Miami Hurricanes,Stanford Cardinal,MH,SC,,,0,,,,,odds_api_flattened,false,46,11,3,true,true,true
ncaaf,ec37466f088394b44c2221a0e2ad8818,ec37466f088394b44c2221a0e2ad8818,2025-10-25,2025-10-25T23:00:00Z,Arkansas State Red Wolves,Georgia Southern Eagles,ASR,GSE,,,0,,,,,odds_api_flattened,false,60,11,3,true,true,true
ncaaf,07c10f14cd8f63779c9c32a0b015a62e,07c10f14cd8f63779c9c32a0b015a62e,2025-10-25,2025-10-25T23:30:00Z,Michigan State Spartans,Michigan Wolverines,MSS,MW2,,,0,,,,,odds_api_flattened,false,66,11,3,true,true,true
ncaaf,32d34a26fb17b033fb1d33a6a8103cfb,32d34a26fb17b033fb1d33a6a8103cfb,2025-10-25,2025-10-25T23:30:00Z,LSU Tigers,Texas A&M Aggies,LT,TAA,,,0,,,,,odds_api_flattened,false,66,11,3,true,true,true
ncaaf,3768a025a13a62b8c2e3538dd92c4747,3768a025a13a62b8c2e3538dd92c4747,2025-10-25,2025-10-25T23:30:00Z,Louisville Cardinals,Boston College Eagles,LC2,BCE,,,0,,,,,odds_api_flattened,false,64,11,3,true,true,true
ncaaf,99b1cbd48d6128850573b38308b57711,99b1cbd48d6128850573b38308b57711,2025-10-25,2025-10-25T23:30:00Z,Wyoming Cowboys,Colorado State Rams,WC,CSR,,,0,,,,,odds_api_flattened,false,66,11,3,true,true,true
ncaaf,997d540a1f3e018bb3fc40d4d6789463,997d540a1f3e018bb3fc40d4d6789463,2025-10-25,2025-10-25T23:45:00Z,Kentucky Wildcats,Tennessee Volunteers,KW,TV,,,0,,,,,odds_api_flattened,false,66,11,3,true,true,true
ncaaf,8bedec4696dc9f4587b85a2322c49d7b,8bedec4696dc9f4587b85a2322c49d7b,2025-10-26,2025-10-26T00:00:00Z,Arizona State Sun Devils,Houston Cougars,ASS,HC,,,0,,,,,odds_api_flattened,false,66,11,3,true,true,true
ncaaf,e18c1f37c95bf989baf40bc9692ad742,e18c1f37c95bf989baf40bc9692ad742,2025-10-26,2025-10-26T02:15:00Z,Utah Utes,Colorado Buffaloes,UU,CB3,,,0,,,,,odds_api_flattened,false,60,10,3,true,true,true
ncaaf,392073cad7207da5ea1097f3cac57ddd,392073cad7207da5ea1097f3cac57ddd,2025-10-29,2025-10-29T00:00:00Z,Kennesaw State Owls,UTEP Miners,KSO,UM2,,,0,,,,,odds_api_flattened,false,60,10,3,true,true,true
ncaaf,b972aaf6a19883fa0fbf06d89f86acf7,b972aaf6a19883fa0fbf06d89f86acf7,2025-10-29,2025-10-29T00:00:00Z,Texas State Bobcats,James Madison Dukes,TSB,JMD,,,0,,,,,odds_api_flattened,false,60,10,3,true,true,true
ncaaf,ef481710788d18502f9de2f9906fd74c,ef481710788d18502f9de2f9906fd74c,2025-10-29,2025-10-29T23:30:00Z,Middle Tennessee Blue Raiders,Jacksonville State Gamecocks,MTB,JSG,,,0,,,,,odds_api_flattened,false,60,10,3,true,true,true
ncaaf,9cfd27bf66c6a8328d7ac615cbee50fc,9cfd27bf66c6a8328d7ac615cbee50fc,2025-10-30,2025-10-30T00:00:00Z,Missouri State Bears,Florida International Panthers,MSB2,FIP,,,0,,,,,odds_api_flattened,false,60,10,3,true,true,true
ncaaf,1248fc45fafc31ef759edb57607c1c0a,1248fc45fafc31ef759edb57607c1c0a,2025-10-30,2025-10-30T23:30:00Z,Coastal Carolina Chanticleers,Marshall Thundering Herd,CCC,MTH,,,0,,,,,odds_api_flattened,false,60,10,3,true,true,true
ncaaf,812bace34e4d06fa48911a30e8b6acf8,812bace34e4d06fa48911a30e8b6acf8,2025-10-30,2025-10-30T23:30:00Z,UTSA Roadrunners,Tulane Green Wave,UR2,TGW,,,0,,,,,odds_api_flattened,false,60,10,3,true,true,true
ncaaf,56c958d4f7fedaf6a6dd660d39791acc,56c958d4f7fedaf6a6dd660d39791acc,2025-10-31,2025-10-31T23:00:00Z,Rice Owls,Memphis Tigers,RO,MT2,,,0,,,,,odds_api_flattened,false,60,10,3,true,true,true
ncaaf,a39d31e5d3f010d7b4f68453167a174e,a39d31e5d3f010d7b4f68453167a174e,2025-10-31,2025-10-31T23:30:00Z,Syracuse Orange,North Carolina Tar Heels,SO,NCT,,,0,,,,,odds_api_flattened,false,60,10,3,true,true,true
ncaaf,c2470d79a7b0a887cd057f8149f289c2,c2470d79a7b0a887cd057f8149f289c2,2025-11-01,2025-11-01T00:00:00Z,Louisiana Tech Bulldogs,Sam Houston State Bearkats,LTB,SHS,,,0,,,,,odds_api_flattened,false,60,10,3,true,true,true
ncaaf,30cf3214dc9b486eaffd416cf0728735,30cf3214dc9b486eaffd416cf0728735,2025-11-01,2025-11-01T16:00:00Z,Baylor Bears,UCF Knights,BB,UK,,,0,,,,,odds_api_flattened,false,60,10,3,true,true,true
ncaaf,6496fb908a00a0d0df24b47b120e87c8,6496fb908a00a0d0df24b47b120e87c8,2025-11-01,2025-11-01T16:00:00Z,Ohio State Buckeyes,Penn State Nittany Lions,OSB,PSN,,,0,,,,,odds_api_flattened,false,60,10,3,true,true,true
ncaaf,6e207b3d856ec783cd789253121c4c47,6e207b3d856ec783cd789253121c4c47,2025-11-01,2025-11-01T16:00:00Z,Bowling Green Falcons,Buffalo Bulls,BGF,BB4,,,0,,,,,odds_api_flattened,false,58,10,3,true,true,true
ncaaf,752adb4a9d7012c1c0838961bffb7eec,752adb4a9d7012c1c0838961bffb7eec,2025-11-01,2025-11-01T16:00:00Z,UConn Huskies,UAB Blazers,UH,UB,,,0,,,,,odds_api_flattened,false,60,10,3,true,true,true
ncaaf,a4f262424af98c3bfad4a9ee78dd4308,a4f262424af98c3bfad4a9ee78dd4308,2025-11-01,2025-11-01T16:00:00Z,Houston Cougars,West Virginia Mountaineers,HC,WVM,,,0,,,,,odds_api_flattened,false,60,10,3,true,true,true
ncaaf,dacf20288266d28c38b2f5d2a59a4a4d,dacf20288266d28c38b2f5d2a59a4a4d,2025-11-01,2025-11-01T16:00:00Z,Air Force Falcons,Army Black Knights,AFF,ABK,,,0,,,,,odds_api_flattened,false,58,10,3,true,true,true
ncaaf,f7e3b232e4a570cc7d5d4484f83f3a5c,f7e3b232e4a570cc7d5d4484f83f3a5c,2025-11-01,2025-11-01T16:00:00Z,Texas Longhorns,Vanderbilt Commodores,TL,VC,,,0,,,,,odds_api_flattened,false,60,10,3,true,true,true
ncaaf,fafc61915d3429e8949bfa512a15505c,fafc61915d3429e8949bfa512a15505c,2025-11-01,2025-11-01T16:00:00Z,Clemson Tigers,Duke Blue Devils,CT,DBD,,,0,,,,,odds_api_flattened,false,60,10,3,true,true,true
ncaaf,020028a27dd3acc26e8dc35eb9f65a86,020028a27dd3acc26e8dc35eb9f65a86,2025-11-01,2025-11-01T16:03:00Z,Illinois Fighting Illini,Rutgers Scarlet Knights,IFI,RSK,,,0,,,,,odds_api_flattened,false,54,9,3,true,true,true
ncaaf,d3e107e5a95bc8bdbd31b4de403f0e80,d3e107e5a95bc8bdbd31b4de403f0e80,2025-11-01,2025-11-01T16:05:00Z,SMU Mustangs,Miami Hurricanes,SM,MH,,,0,,,,,odds_api_flattened,false,60,10,3,true,true,true
ncaaf,e007d238425b17b08d195dd9c64deb80,e007d238425b17b08d195dd9c64deb80,2025-11-01,2025-11-01T16:05:00Z,North Texas Mean Green,Navy Midshipmen,NTM,NM,,,0,,,,,odds_api_flattened,false,60,10,3,true,true,true
ncaaf,0de6ce3fb8d1eddd40362f63a1c9a089,0de6ce3fb8d1eddd40362f63a1c9a089,2025-11-01,2025-11-01T17:00:00Z,Iowa State Cyclones,Arizona State Sun Devils,ISC,ASS,,,0,,,,,odds_api_flattened,false,60,10,3,true,true,true
ncaaf,c12e5ca692c0ace90c4614bd0efd665b,c12e5ca692c0ace90c4614bd0efd665b,2025-11-01,2025-11-01T18:00:00Z,Temple Owls,East Carolina Pirates,TO,ECP,,,0,,,,,odds_api_flattened,false,60,10,3,true,true,true
ncaaf,6231165e3a20b2247cfb4dc4d4f14d50,6231165e3a20b2247cfb4dc4d4f14d50,2025-11-01,2025-11-01T19:00:00Z,UNLV Rebels,New Mexico Lobos,UR,NML,,,0,,,,,odds_api_flattened,false,60,10,3,true,true,true
ncaaf,af2ced7d37b1b9c35b81d69ce26dd870,af2ced7d37b1b9c35b81d69ce26dd870,2025-11-01,2025-11-01T19:00:00Z,Virginia Tech Hokies,Louisville Cardinals,VTH,LC2,,,0,,,,,odds_api_flattened,false,60,10,3,true,true,true
ncaaf,0a13bda89bf79d35ae4e7f26d142cbd3,0a13bda89bf79d35ae4e7f26d142cbd3,2025-11-01,2025-11-01T19:30:00Z,Florida Gators,Georgia Bulldogs,FG,GB,,,0,,,,,odds_api_flattened,false,60,10,3,true,true,true
ncaaf,35d3e354ceb275c759e3d2381e24ba87,35d3e354ceb275c759e3d2381e24ba87,2025-11-01,2025-11-01T19:30:00Z,Maryland Terrapins,Indiana Hoosiers,MT,IH,,,0,,,,,odds_api_flattened,false,60,10,3,true,true,true
ncaaf,44c4dad3152fde5571154dc29bf30020,44c4dad3152fde5571154dc29bf30020,2025-11-01,2025-11-01T19:30:00Z,Boise State Broncos,Fresno State Bulldogs,BSB,FSB,,,0,,,,,odds_api_flattened,false,60,10,3,true,true,true
ncaaf,5f0f820ae84368851f7e601c02282f77,5f0f820ae84368851f7e601c02282f77,2025-11-01,2025-11-01T19:30:00Z,Stanford Cardinal,Pittsburgh Panthers,SC,PP,,,0,,,,,odds_api_flattened,false,60,10,3,true,true,true
ncaaf,661cc693646282b81a3ff474863155b1,661cc693646282b81a3ff474863155b1,2025-11-01,2025-11-01T19:30:00Z,Boston College Eagles,Notre Dame Fighting Irish,BCE,NDF2,,,0,,,,,odds_api_flattened,false,50,10,3,true,true,true
ncaaf,c355c82023259a8a8948de47caa0be6a,c355c82023259a8a8948de47caa0be6a,2025-11-01,2025-11-01T19:30:00Z,UL Monroe Warhawks,Old Dominion Monarchs,UMW,ODM,,,0,,,,,odds_api_flattened,false,60,10,3,true,true,true
ncaaf,d666a11a38728da38c8404862f2ca14e,d666a11a38728da38c8404862f2ca14e,2025-11-01,2025-11-01T19:30:00Z,Kansas State Wildcats,Texas Tech Red Raiders,KSW,TTR,,,0,,,,,odds_api_flattened,false,60,10,3,true,true,true
ncaaf,e7ae87b2889092ea8b3df2c3eafc6585,e7ae87b2889092ea8b3df2c3eafc6585,2025-11-01,2025-11-01T19:30:00Z,Minnesota Golden Gophers,Michigan State Spartans,MGG,MSS,,,0,,,,,odds_api_flattened,false,60,10,3,true,true,true
ncaaf,ea97ced3fcccbb59d54a3b1a05f1729e,ea97ced3fcccbb59d54a3b1a05f1729e,2025-11-01,2025-11-01T19:30:00Z,Western Kentucky Hilltoppers,New Mexico State Aggies,WKH,NMS,,,0,,,,,odds_api_flattened,false,60,10,3,true,true,true
ncaaf,f27f05325cb971e8a0169da77094ac09,f27f05325cb971e8a0169da77094ac09,2025-11-01,2025-11-01T19:30:00Z,Liberty Flames,Delaware Blue Hens,LF,DBH,,,0,,,,,odds_api_flattened,false,60,10,3,true,true,true
ncaaf,f47ceaaef63b9125717a578648bdaab7,f47ceaaef63b9125717a578648bdaab7,2025-11-01,2025-11-01T19:30:00Z,South Alabama Jaguars,Louisiana Ragin Cajuns,SAJ,LRC2,,,0,,,,,odds_api_flattened,false,58,10,3,true,true,true
ncaaf,c0bc52db8d2e691a93a72e79728f957c,c0bc52db8d2e691a93a72e79728f957c,2025-11-01,2025-11-01T19:45:00Z,California Golden Bears,Virginia Cavaliers,CGB,VC2,,,0,,,,,odds_api_flattened,false,60,10,3,true,true,true
ncaaf,0c6d8e4de8cd331a55b0c998f5630bee,0c6d8e4de8cd331a55b0c998f5630bee,2025-11-01,2025-11-01T20:00:00Z,Kansas Jayhawks,Oklahoma State Cowboys,KJ,OSC,,,0,,,,,odds_api_flattened,false,58,10,3,true,true,true
ncaaf,759604e0d7cc42d57d5742459a0ff266,759604e0d7cc42d57d5742459a0ff266,2025-11-01,2025-11-01T20:00:00Z,Arkansas Razorbacks,Mississippi State Bulldogs,AR,MSB,,,0,,,,,odds_api_flattened,false,60,10,3,true,true,true
ncaaf,e9cc9630246eff99b50f3e471b481d70,e9cc9630246eff99b50f3e471b481d70,2025-11-01,2025-11-01T20:00:00Z,Western Michigan Broncos,Central Michigan Chippewas,WMB,CMC,,,0,,,,,odds_api_flattened,false,60,10,3,true,true,true
ncaaf,3f5427025f543bc0aaee3f1a090a0e7b,3f5427025f543bc0aaee3f1a090a0e7b,2025-11-01,2025-11-01T23:00:00Z,Colorado Buffaloes,Arizona Wildcats,CB3,AW,,,0,,,,,odds_api_flattened,false,60,10,3,true,true,true
ncaaf,67c2f115dc5ae1183a8f0d3812bdbaea,67c2f115dc5ae1183a8f0d3812bdbaea,2025-11-01,2025-11-01T23:00:00Z,Ole Miss Rebels,South Carolina Gamecocks,OMR,SCG,,,0,,,,,odds_api_flattened,false,54,9,3,true,true,true
ncaaf,8c6529f0e44f9c2ec4dfb637d49a6215,8c6529f0e44f9c2ec4dfb637d49a6215,2025-11-01,2025-11-01T23:00:00Z,Michigan Wolverines,Purdue Boilermakers,MW2,PB,,,0,,,,,odds_api_flattened,false,60,10,3,true,true,true
ncaaf,debf2f1ee7f3bd2c48255b4f1c06a4db,debf2f1ee7f3bd2c48255b4f1c06a4db,2025-11-01,2025-11-01T23:00:00Z,San Diego State Aztecs,Wyoming Cowboys,SDS,WC,,,0,,,,,odds_api_flattened,false,60,10,3,true,true,true
ncaaf,0c23a288344d38514845804a03b43fd3,0c23a288344d38514845804a03b43fd3,2025-11-01,2025-11-01T23:30:00Z,Auburn Tigers,Kentucky Wildcats,AT,KW,,,0,,,,,odds_api_flattened,false,60,10,3,true,true,true
ncaaf,483bce381dd0c25d1eaf721c28c486bc,483bce381dd0c25d1eaf721c28c486bc,2025-11-01,2025-11-01T23:30:00Z,Oregon State Beavers,Washington State Cougars,OSB2,WSC,,,0,,,,,odds_api_flattened,false,60,10,3,true,true,true
ncaaf,c1b53247fa3559f99f93d9bd8fdb810b,c1b53247fa3559f99f93d9bd8fdb810b,2025-11-01,2025-11-01T23:30:00Z,Florida State Seminoles,Wake Forest Demon Deacons,FSS,WFD,,,0,,,,,odds_api_flattened,false,60,10,3,true,true,true
ncaaf,f53cf7187de74814bd8b0651a729b94b,f53cf7187de74814bd8b0651a729b94b,2025-11-01,2025-11-01T23:30:00Z,Tennessee Volunteers,Oklahoma Sooners,TV,OS,,,0,,,,,odds_api_flattened,false,60,10,3,true,true,true
ncaaf,fa877e625753f69bd36947d9b697faae,fa877e625753f69bd36947d9b697faae,2025-11-01,2025-11-01T23:30:00Z,Nebraska Cornhuskers,USC Trojans,NC,UT,,,0,,,,,odds_api_flattened,false,60,10,3,true,true,true
ncaaf,ff33b4ccd0e554b0184b5e313a738c95,ff33b4ccd0e554b0184b5e313a738c95,2025-11-01,2025-11-01T23:30:00Z,NC State Wolfpack,Georgia Tech Yellow Jackets,NSW,GTY,,,0,,,,,odds_api_flattened,false,60,10,3,true,true,true
ncaaf,0a43c1170a988e95d770ea59eff92696,0a43c1170a988e95d770ea59eff92696,2025-11-02,2025-11-02T00:00:00Z,Troy Trojans,Arkansas State Red Wolves,TT2,ASR,,,0,,,,,odds_api_flattened,false,60,10,3,true,true,true
ncaaf,3a295f4683347d18fea2de7ee64aa079,3a295f4683347d18fea2de7ee64aa079,2025-11-02,2025-11-02T02:15:00Z,Utah Utes,Cincinnati Bearcats,UU,CB,,,0,,,,,odds_api_flattened,false,54,9,3,true,true,true
ncaaf,d00a52f83db97af88e3675f61fe97985,d00a52f83db97af88e3675f61fe97985,2025-11-02,2025-11-02T02:30:00Z,San Jose State Spartans,Hawaii Rainbow Warriors,SJS,HRW,,,0,,,,,odds_api_flattened,false,60,10,3,true,true,true
ncaaf,7f01fac9e7dd5dc973c84b4af0b12b16,7f01fac9e7dd5dc973c84b4af0b12b16,2025-11-05,2025-11-05T00:00:00Z,Akron Zips,UMass Minutemen,AZ,UM,,,0,,,,,odds_api_flattened,false,60,10,3,true,true,true
ncaaf,d28f0497fa7a5eac34da18d9ceccac3c,d28f0497fa7a5eac34da18d9ceccac3c,2025-11-05,2025-11-05T00:00:00Z,Ohio Bobcats,Miami (OH) RedHawks,OB,MOR,,,0,,,,,odds_api_flattened,false,58,10,3,true,true,true
ncaaf,002b7d85d301b778efcd83e8bd8cfbd7,002b7d85d301b778efcd83e8bd8cfbd7,2025-11-06,2025-11-06T00:00:00Z,Toledo Rockets,Northern Illinois Huskies,TR,NIH,,,0,,,,,odds_api_flattened,false,60,10,3,true,true,true
ncaaf,e0208223bb8f700332d996c99c787f92,e0208223bb8f700332d996c99c787f92,2025-11-06,2025-11-06T00:00:00Z,Ball State Cardinals,Kent State Golden Flashes,BSC,KSG,,,0,,,,,odds_api_flattened,false,60,10,3,true,true,true
ncaaf,602be51cf8f06f98f7cd893d7f223a42,602be51cf8f06f98f7cd893d7f223a42,2025-11-07,2025-11-07T00:30:00Z,Appalachian State Mountaineers,Georgia Southern Eagles,ASM2,GSE,,,0,,,,,odds_api_flattened,false,60,10,3,true,true,true
ncaaf,9372006930638e099fc61bbfa7e94e7b,9372006930638e099fc61bbfa7e94e7b,2025-11-07,2025-11-07T00:30:00Z,South Florida Bulls,UTSA Roadrunners,SFB,UR2,,,0,,,,,odds_api_flattened,false,60,10,3,true,true,true
ncaaf,a8096293bcac3a6df5e395942f73e3ce,a8096293bcac3a6df5e395942f73e3ce,2025-11-08,2025-11-08T01:00:00Z,UCF Knights,Houston Cougars,UK,HC,,,0,,,,,odds_api_flattened,false,66,11,3,true,true,true
ncaaf,01d86623adf868d561f8674498fb9eca,01d86623adf868d561f8674498fb9eca,2025-11-08,2025-11-08T02:00:00Z,Memphis Tigers,Tulane Green Wave,MT2,TGW,,,0,,,,,odds_api_flattened,false,66,11,3,true,true,true
ncaaf,9073c528b41f8e63e3d7e072d81fbb20,9073c528b41f8e63e3d7e072d81fbb20,2025-11-08,2025-11-08T02:00:00Z,USC Trojans,Northwestern Wildcats,UT,NW,,,0,,,,,odds_api_flattened,false,66,11,3,true,true,true
ncaaf,524a2e816a5a5ddc923714f0a7bf78e7,524a2e816a5a5ddc923714f0a7bf78e7,2025-11-08,2025-11-08T17:00:00Z,Arkansas State Red Wolves,Southern Mississippi Golden Eagles,ASR,SMG2,,,0,,,,,odds_api_flattened,false,66,11,3,true,true,true
ncaaf,53806a8547cd26b21d866aec355f1285,53806a8547cd26b21d866aec355f1285,2025-11-08,2025-11-08T17:00:00Z,Boston College Eagles,SMU Mustangs,BCE,SM,,,0,,,,,odds_api_flattened,false,66,11,3,true,true,true
ncaaf,5ab48663d7528b3705a647d83aadaf19,5ab48663d7528b3705a647d83aadaf19,2025-11-08,2025-11-08T17:00:00Z,Marshall Thundering Herd,James Madison Dukes,MTH,JMD,,,0,,,,,odds_api_flattened,false,66,11,3,true,true,true
ncaaf,7492442a7d4ea720e20334407be28836,7492442a7d4ea720e20334407be28836,2025-11-08,2025-11-08T17:00:00Z,Texas Tech Red Raiders,BYU Cougars,TTR,BC,,,0,,,,,odds_api_flattened,false,66,11,3,true,true,true
ncaaf,7f8f24a59d3218a96bb68c20dbc593de,7f8f24a59d3218a96bb68c20dbc593de,2025-11-08,2025-11-08T17:00:00Z,Penn State Nittany Lions,Indiana Hoosiers,PSN,IH,,,0,,,,,odds_api_flattened,false,64,11,3,true,true,true
ncaaf,b41044c11856a02c999522fe8f4977e4,b41044c11856a02c999522fe8f4977e4,2025-11-08,2025-11-08T17:00:00Z,Mississippi State Bulldogs,Georgia Bulldogs,MSB,GB,,,0,,,,,odds_api_flattened,false,66,11,3,true,true,true
ncaaf,d1ac1162aa4955bcb20a428c2b662152,d1ac1162aa4955bcb20a428c2b662152,2025-11-08,2025-11-08T17:00:00Z,Army Black Knights,Temple Owls,ABK,TO,,,0,,,,,odds_api_flattened,false,66,11,3,true,true,true
ncaaf,eba18280b341d7cbd8e9ed1dcd18bf05,eba18280b341d7cbd8e9ed1dcd18bf05,2025-11-08,2025-11-08T17:00:00Z,West Virginia Mountaineers,Colorado Buffaloes,WVM,CB3,,,0,,,,,odds_api_flattened,false,66,11,3,true,true,true
ncaaf,14a129638d680c27d25390e3783d7ea2,14a129638d680c27d25390e3783d7ea2,2025-11-08,2025-11-08T18:00:00Z,Liberty Flames,Missouri State Bears,LF,MSB2,,,0,,,,,odds_api_flattened,false,66,11,3,true,true,true
ncaaf,221e7ddb221193456934c87f32d38956,221e7ddb221193456934c87f32d38956,2025-11-08,2025-11-08T18:00:00Z,Ole Miss Rebels,Citadel Bulldogs,OMR,CB2,,,0,,,,,odds_api_flattened,false,28,7,2,false,true,true
ncaaf,2307b8527e5d6be27f3190e5243b8c7f,2307b8527e5d6be27f3190e5243b8c7f,2025-11-08,2025-11-08T18:00:00Z,Purdue Boilermakers,Ohio State Buckeyes,PB,OSB,,,0,,,,,odds_api_flattened,false,54,11,3,true,true,true
ncaaf,552a14f5a8b493a2b807777b77f77f55,552a14f5a8b493a2b807777b77f77f55,2025-11-08,2025-11-08T18:00:00Z,Eastern Michigan Eagles,Bowling Green Falcons,EME,BGF,,,0,,,,,odds_api_flattened,false,66,11,3,true,true,true
ncaaf,f007c65cee3245c0f25a8121fb8d2126,f007c65cee3245c0f25a8121fb8d2126,2025-11-08,2025-11-08T19:00:00Z,Rice Owls,UAB Blazers,RO,UB,,,0,,,,,odds_api_flattened,false,60,11,3,true,true,true
ncaaf,5447f4e28c65233177a96786054ec7a9,5447f4e28c65233177a96786054ec7a9,2025-11-08,2025-11-08T19:30:00Z,Rutgers Scarlet Knights,Maryland Terrapins,RSK,MT,,,0,,,,,odds_api_flattened,false,54,9,3,true,true,true
ncaaf,1400414373023c7d699f70c811b981c0,1400414373023c7d699f70c811b981c0,2025-11-08,2025-11-08T20:00:00Z,Delaware Blue Hens,Louisiana Tech Bulldogs,DBH,LTB,,,0,,,,,odds_api_flattened,false,66,11,3,true,true,true
ncaaf,79503d71656345e764cb595a53aeb4f8,79503d71656345e764cb595a53aeb4f8,2025-11-08,2025-11-08T20:00:00Z,UTEP Miners,Jacksonville State Gamecocks,UM2,JSG,,,0,,,,,odds_api_flattened,false,60,11,3,true,true,true
ncaaf,8573ff0ded9e7d3ed63b1179a615e847,8573ff0ded9e7d3ed63b1179a615e847,2025-11-08,2025-11-08T20:00:00Z,East Carolina Pirates,Charlotte 49ers,ECP,C4,,,0,,,,,odds_api_flattened,false,54,11,3,true,true,true
ncaaf,afdaf6b3f429f827b1f864dc0597ba02,afdaf6b3f429f827b1f864dc0597ba02,2025-11-08,2025-11-08T20:00:00Z,Florida Atlantic Owls,Tulsa Golden Hurricane,FAO,TGH,,,0,,,,,odds_api_flattened,false,66,11,3,true,true,true
ncaaf,df5bb6e14637f00bfb4cdcf30c97eef7,df5bb6e14637f00bfb4cdcf30c97eef7,2025-11-08,2025-11-08T20:00:00Z,Middle Tennessee Blue Raiders,Florida International Panthers,MTB,FIP,,,0,,,,,odds_api_flattened,false,62,11,3,true,true,true
ncaaf,398c47249f361616ea373b30dc8acbf1,398c47249f361616ea373b30dc8acbf1,2025-11-08,2025-11-08T20:30:00Z,Iowa Hawkeyes,Oregon Ducks,IH2,OD,,,0,,,,,odds_api_flattened,false,66,11,3,true,true,true
ncaaf,4bf0ba6b4a8a5231ae6fd7ea67a97bc8,4bf0ba6b4a8a5231ae6fd7ea67a97bc8,2025-11-08,2025-11-08T20:30:00Z,Missouri Tigers,Texas A&M Aggies,MT3,TAA,,,0,,,,,odds_api_flattened,false,64,11,3,true,true,true
ncaaf,60f69546f72b1cb5dc22aa0096258e19,60f69546f72b1cb5dc22aa0096258e19,2025-11-08,2025-11-08T20:30:00Z,Arizona Wildcats,Kansas Jayhawks,AW,KJ,,,0,,,,,odds_api_flattened,false,66,11,3,true,true,true
ncaaf,a5c302e7a8e94cf154a833afdb676594,a5c302e7a8e94cf154a833afdb676594,2025-11-08,2025-11-08T20:30:00Z,UConn Huskies,Duke Blue Devils,UH,DBD,,,0,,,,,odds_api_flattened,false,66,11,3,true,true,true
ncaaf,c205a1246ae9fe0764f768737f975def,c205a1246ae9fe0764f768737f975def,2025-11-08,2025-11-08T20:30:00Z,TCU Horned Frogs,Iowa State Cyclones,THF,ISC,,,0,,,,,odds_api_flattened,false,66,11,3,true,true,true
ncaaf,ed3ba19ab5726f4f03c2b8bdeebfc142,ed3ba19ab5726f4f03c2b8bdeebfc142,2025-11-08,2025-11-08T20:30:00Z,Miami Hurricanes,Syracuse Orange,MH,SO,,,0,,,,,odds_api_flattened,false,54,11,3,true,true,true
ncaaf,29f2b8725ab86e10209d0e64a3128330,29f2b8725ab86e10209d0e64a3128330,2025-11-08,2025-11-08T21:00:00Z,Coastal Carolina Chanticleers,Georgia State Panthers,CCC,GSP,,,0,,,,,odds_api_flattened,false,66,11,3,true,true,true
ncaaf,5589a6fb0147c472aa8d1222bad27271,5589a6fb0147c472aa8d1222bad27271,2025-11-08,2025-11-08T21:00:00Z,New Mexico State Aggies,Kennesaw State Owls,NMS,KSO,,,0,,,,,odds_api_flattened,false,66,11,3,true,true,true
ncaaf,23e16c37a89c4381943ed6dda736199b,23e16c37a89c4381943ed6dda736199b,2025-11-08,2025-11-08T21:01:00Z,Vanderbilt Commodores,Auburn Tigers,VC,AT,,,0,,,,,odds_api_flattened,false,66,11,3,true,true,true
ncaaf,27541ef6d74cf828a2d977a93d5dffd4,27541ef6d74cf828a2d977a93d5dffd4,2025-11-08,2025-11-08T21:30:00Z,North Carolina Tar Heels,Stanford Cardinal,NCT,SC,,,0,,,,,odds_api_flattened,false,66,11,3,true,true,true
ncaaf,ed52f478980429ecf4e19140ba17b1cd,ed52f478980429ecf4e19140ba17b1cd,2025-11-08,2025-11-08T21:30:00Z,Wisconsin Badgers,Washington Huskies,WB,WH,,,0,,,,,odds_api_flattened,false,66,11,3,true,true,true
ncaaf,a69f6a6be64a31d8e22809160b63b969,a69f6a6be64a31d8e22809160b63b969,2025-11-08,2025-11-08T22:00:00Z,Louisiana Ragin Cajuns,Texas State Bobcats,LRC2,TSB,,,0,,,,,odds_api_flattened,false,66,11,3,true,true,true
ncaaf,1305956eb98f14b25577b43c51660d82,1305956eb98f14b25577b43c51660d82,2025-11-08,2025-11-08T23:00:00Z,San Jose State Spartans,Air Force Falcons,SJS,AFF,,,0,,,,,odds_api_flattened,false,66,11,3,true,true,true
ncaaf,10199f7e5c5b453746cded34d0b34e6f,10199f7e5c5b453746cded34d0b34e6f,2025-11-09,2025-11-09T00:00:00Z,Clemson Tigers,Florida State Seminoles,CT,FSS,,,0,,,,,odds_api_flattened,false,66,11,3,true,true,true
ncaaf,3dec9604577d82e2589fe2319f14dbdc,3dec9604577d82e2589fe2319f14dbdc,2025-11-09,2025-11-09T00:00:00Z,Virginia Cavaliers,Wake Forest Demon Deacons,VC2,WFD,,,0,,,,,odds_api_flattened,false,66,11,3,true,true,true
ncaaf,a99979f2428b8243c82e4a02562a947a,a99979f2428b8243c82e4a02562a947a,2025-11-09,2025-11-09T00:00:00Z,Louisville Cardinals,California Golden Bears,LC2,CGB,,,0,,,,,odds_api_flattened,false,66,11,3,true,true,true
ncaaf,3c44dd1ba67c8192815306b5bb894fcd,3c44dd1ba67c8192815306b5bb894fcd,2025-11-09,2025-11-09T00:30:00Z,Kentucky Wildcats,Florida Gators,KW,FG,,,0,,,,,odds_api_flattened,false,66,11,3,true,true,true
ncaaf,786dd84b9d3aa51537d4ed4bf0ebb6a1,786dd84b9d3aa51537d4ed4bf0ebb6a1,2025-11-09,2025-11-09T00:30:00Z,Utah State Aggies,Nevada Wolf Pack,USA,NWP,,,0,,,,,odds_api_flattened,false,66,11,3,true,true,true
ncaaf,a4fd5ab6f224d271ca76719ac8277176,a4fd5ab6f224d271ca76719ac8277176,2025-11-09,2025-11-09T00:30:00Z,Alabama Crimson Tide,LSU Tigers,ACT,LT,,,0,,,,,odds_api_flattened,false,66,11,3,true,true,true
ncaaf,b0065a8740c11ddd389e3c3b2e169bca,b0065a8740c11ddd389e3c3b2e169bca,2025-11-09,2025-11-09T00:30:00Z,Notre Dame Fighting Irish,Navy Midshipmen,NDF2,NM,,,0,,,,,odds_api_flattened,false,64,11,3,true,true,true
ncaaf,9c020bd7d3fb34116f63a1e56ef90b74,9c020bd7d3fb34116f63a1e56ef90b74,2025-11-09,2025-11-09T02:00:00Z,UCLA Bruins,Nebraska Cornhuskers,UB2,NC,,,0,,,,,odds_api_flattened,false,60,11,3,true,true,true
ncaaf,cd38558312e1cb427ace0dd9bac1b4c2,cd38558312e1cb427ace0dd9bac1b4c2,2025-11-09,2025-11-09T02:30:00Z,Colorado State Rams,UNLV Rebels,CSR,UR,,,0,,,,,odds_api_flattened,false,66,11,3,true,true,true
ncaaf,31abe905b4b9ec98ab5d77869ca46d6c,31abe905b4b9ec98ab5d77869ca46d6c,2025-11-09,2025-11-09T03:00:00Z,Oregon State Beavers,Sam Houston State Bearkats,OSB2,SHS,,,0,,,,,odds_api_flattened,false,66,11,3,true,true,true
ncaaf,c5771e4204e8803e7ed806a0a72f14a2,c5771e4204e8803e7ed806a0a72f14a2,2025-11-09,2025-11-09T04:00:00Z,Hawaii Rainbow Warriors,San Diego State Aztecs,HRW,SDS,,,0,,,,,odds_api_flattened,false,66,11,3,true,true,true
ncaaf,a262301eedaacdcf2d2f66b6e774d284,a262301eedaacdcf2d2f66b6e774d284,2025-11-12,2025-11-12T00:30:00Z,Akron Zips,Kent State Golden Flashes,AZ,KSG,,,0,,,,,odds_api_flattened,false,66,11,3,true,true,true
ncaaf,3e0b12f621379f7492aabe9f44a74477,3e0b12f621379f7492aabe9f44a74477,2025-11-12,2025-11-12T01:00:00Z,Western Michigan Broncos,Ohio Bobcats,WMB,OB,,,0,,,,,odds_api_flattened,false,60,11,3,true,true,true
ncaaf,400e78d747b851ab6b491404d939c700,400e78d747b851ab6b491404d939c700,2025-11-13,2025-11-13T00:00:00Z,UMass Minutemen,Northern Illinois Huskies,UM,NIH,,,0,,,,,odds_api_flattened,false,66,11,3,true,true,true
ncaaf,9ab397bd666c0c0bfe6f8ad0305a0120,9ab397bd666c0c0bfe6f8ad0305a0120,2025-11-13,2025-11-13T00:00:00Z,Central Michigan Chippewas,Buffalo Bulls,CMC,BB4,,,0,,,,,odds_api_flattened,false,66,11,3,true,true,true
ncaaf,abb21e9ff3fecf0e831ca3109c84bb92,abb21e9ff3fecf0e831ca3109c84bb92,2025-11-13,2025-11-13T00:00:00Z,Miami (OH) RedHawks,Toledo Rockets,MOR,TR,,,0,,,,,odds_api_flattened,false,64,11,3,true,true,true
ncaaf,5222230f425c1618238b84e01d1f63f0,5222230f425c1618238b84e01d1f63f0,2025-11-14,2025-11-14T00:30:00Z,Old Dominion Monarchs,Troy Trojans,ODM,TT2,,,0,,,,,odds_api_flattened,false,66,11,3,true,true,true
ncaaf,42cca8d28245b1fbf784f639a81f2542,42cca8d28245b1fbf784f639a81f2542,2025-11-15,2025-11-15T00:30:00Z,Louisville Cardinals,Clemson Tigers,LC2,CT,,,0,,,,,odds_api_flattened,false,66,11,3,true,true,true
ncaaf,e6f69472213fa5c127d39a0c4db53a3e,e6f69472213fa5c127d39a0c4db53a3e,2025-11-15,2025-11-15T02:00:00Z,Oregon Ducks,Minnesota Golden Gophers,OD,MGG,,,0,,,,,odds_api_flattened,false,66,11,3,true,true,true
ncaaf,014f34fb67363402c0c5d90db5115c55,014f34fb67363402c0c5d90db5115c55,2025-11-15,2025-11-15T17:00:00Z,UConn Huskies,Air Force Falcons,UH,AFF,,,0,,,,,odds_api_flattened,false,66,11,3,true,true,true
ncaaf,221109619a512745557119257181ec71,221109619a512745557119257181ec71,2025-11-15,2025-11-15T17:00:00Z,Northwestern Wildcats,Michigan Wolverines,NW,MW2,,,0,,,,,odds_api_flattened,false,66,11,3,true,true,true
ncaaf,228355203b7cb130a9276d7b3f01c1e7,228355203b7cb130a9276d7b3f01c1e7,2025-11-15,2025-11-15T17:00:00Z,Charlotte 49ers,UTSA Roadrunners,C4,UR2,,,0,,,,,odds_api_flattened,false,66,11,3,true,true,true
ncaaf,3e96265c0539c2de97577de90c2b992a,3e96265c0539c2de97577de90c2b992a,2025-11-15,2025-11-15T17:00:00Z,Navy Midshipmen,South Florida Bulls,NM,SFB,,,0,,,,,odds_api_flattened,false,66,11,3,true,true,true
ncaaf,4097313a7b920350f695d5ebf4441e25,4097313a7b920350f695d5ebf4441e25,2025-11-15,2025-11-15T17:00:00Z,Cincinnati Bearcats,Arizona Wildcats,CB,AW,,,0,,,,,odds_api_flattened,false,66,11,3,true,true,true
ncaaf,88aa7ebc4cd199227641753c6f027e5c,88aa7ebc4cd199227641753c6f027e5c,2025-11-15,2025-11-15T17:00:00Z,Ball State Cardinals,Eastern Michigan Eagles,BSC,EME,,,0,,,,,odds_api_flattened,false,66,11,3,true,true,true
ncaaf,8f72253f75cd68254f847d6d33c464d8,8f72253f75cd68254f847d6d33c464d8,2025-11-15,2025-11-15T17:00:00Z,Pittsburgh Panthers,Notre Dame Fighting Irish,PP,NDF2,,,0,,,,,odds_api_flattened,false,66,11,3,true,true,true
ncaaf,b417c55071b8eb7aa75b4073707d90c7,b417c55071b8eb7aa75b4073707d90c7,2025-11-15,2025-11-15T17:00:00Z,Texas A&M Aggies,South Carolina Gamecocks,TAA,SCG,,,0,,,,,odds_api_flattened,false,64,11,3,true,true,true
ncaaf,c3f4a939fa4e8748810ff0e16a85c224,c3f4a939fa4e8748810ff0e16a85c224,2025-11-15,2025-11-15T17:00:00Z,Indiana Hoosiers,Wisconsin Badgers,IH,WB,,,0,,,,,odds_api_flattened,false,52,11,3,true,true,true
ncaaf,d86064b6f9a69da0f1fe77f95eafcfd8,d86064b6f9a69da0f1fe77f95eafcfd8,2025-11-15,2025-11-15T17:00:00Z,Oklahoma State Cowboys,Kansas State Wildcats,OSC,KSW,,,0,,,,,odds_api_flattened,false,66,11,3,true,true,true
ncaaf,a374973b9d0e1c2134328868cc80aabf,a374973b9d0e1c2134328868cc80aabf,2025-11-15,2025-11-15T17:45:00Z,LSU Tigers,Arkansas Razorbacks,LT,AR,,,0,,,,,odds_api_flattened,false,66,11,3,true,true,true
ncaaf,922d91bba05ae227e389cc67bee9aa3d,922d91bba05ae227e389cc67bee9aa3d,2025-11-15,2025-11-15T18:00:00Z,Tulsa Golden Hurricane,Oregon State Beavers,TGH,OSB2,,,0,,,,,odds_api_flattened,false,66,11,3,true,true,true
ncaaf,ea4c70f2e05bf3e57e0aef9b8f22543b,ea4c70f2e05bf3e57e0aef9b8f22543b,2025-11-15,2025-11-15T18:00:00Z,Arizona State Sun Devils,West Virginia Mountaineers,ASS,WVM,,,0,,,,,odds_api_flattened,false,66,11,3,true,true,true
ncaaf,a19ab727d5ca38676b64d4d2b8b168cc,a19ab727d5ca38676b64d4d2b8b168cc,2025-11-15,2025-11-15T18:30:00Z,Kentucky Wildcats,Tennessee Tech Golden Eagles,KW,TTG,,,0,,,,,odds_api_flattened,false,50,9,3,true,true,true
ncaaf,450441ce20015b77a67d789a077704c9,450441ce20015b77a67d789a077704c9,2025-11-15,2025-11-15T19:00:00Z,Georgia State Panthers,Marshall Thundering Herd,GSP,MTH,,,0,,,,,odds_api_flattened,false,66,11,3,true,true,true
ncaaf,bfd46197c4ead0562ab9914ef48e8b11,bfd46197c4ead0562ab9914ef48e8b11,2025-11-15,2025-11-15T19:00:00Z,UAB Blazers,North Texas Mean Green,UB,NTM,,,0,,,,,odds_api_flattened,false,66,11,3,true,true,true
ncaaf,36d31c0bf72754e41d62e02ff964f34d,36d31c0bf72754e41d62e02ff964f34d,2025-11-15,2025-11-15T20:00:00Z,Missouri State Bears,UTEP Miners,MSB2,UM2,,,0,,,,,odds_api_flattened,false,66,11,3,true,true,true
ncaaf,942ff726f7d68269186e344b41a000f7,942ff726f7d68269186e344b41a000f7,2025-11-15,2025-11-15T20:00:00Z,New Mexico Lobos,Colorado State Rams,NML,CSR,,,0,,,,,odds_api_flattened,false,66,11,3,true,true,true
ncaaf,51cc3e112085325c2e5a4d7bb211d3c8,51cc3e112085325c2e5a4d7bb211d3c8,2025-11-15,2025-11-15T20:30:00Z,Nevada Wolf Pack,San Jose State Spartans,NWP,SJS,,,0,,,,,odds_api_flattened,false,66,11,3,true,true,true
ncaaf,746eede942625764b9f241da1ad51d66,746eede942625764b9f241da1ad51d66,2025-11-15,2025-11-15T20:30:00Z,UL Monroe Warhawks,South Alabama Jaguars,UMW,SAJ,,,0,,,,,odds_api_flattened,false,66,11,3,true,true,true
ncaaf,7d83d246bcce48aa3d7f9d047999af1e,7d83d246bcce48aa3d7f9d047999af1e,2025-11-15,2025-11-15T20:30:00Z,Texas Tech Red Raiders,UCF Knights,TTR,UK,,,0,,,,,odds_api_flattened,false,66,11,3,true,true,true
ncaaf,a3bc2f29faa5c8d6f92b0d3909f1bae3,a3bc2f29faa5c8d6f92b0d3909f1bae3,2025-11-15,2025-11-15T20:30:00Z,Miami Hurricanes,NC State Wolfpack,MH,NSW,,,0,,,,,odds_api_flattened,false,66,11,3,true,true,true
ncaaf,a40ff33f45e8c4ecf2bc9b4f921cbca1,a40ff33f45e8c4ecf2bc9b4f921cbca1,2025-11-15,2025-11-15T20:30:00Z,Illinois Fighting Illini,Maryland Terrapins,IFI,MT,,,0,,,,,odds_api_flattened,false,66,11,3,true,true,true
ncaaf,acd0ed7c958d706d5f4eda180654eea0,acd0ed7c958d706d5f4eda180654eea0,2025-11-15,2025-11-15T20:30:00Z,Boston College Eagles,Georgia Tech Yellow Jackets,BCE,GTY,,,0,,,,,odds_api_flattened,false,66,11,3,true,true,true
ncaaf,adb79482ac6a03cfb466361a0acc0ad8,adb79482ac6a03cfb466361a0acc0ad8,2025-11-15,2025-11-15T20:30:00Z,Michigan State Spartans,Penn State Nittany Lions,MSS,PSN,,,0,,,,,odds_api_flattened,false,66,11,3,true,true,true
ncaaf,b258e8aed63bc16b5d5cf7e3d0cea208,b258e8aed63bc16b5d5cf7e3d0cea208,2025-11-15,2025-11-15T20:30:00Z,Western Kentucky Hilltoppers,Middle Tennessee Blue Raiders,WKH,MTB,,,0,,,,,odds_api_flattened,false,66,11,3,true,true,true
ncaaf,b5fabc4bda15869a027bae77baf8f936,b5fabc4bda15869a027bae77baf8f936,2025-11-15,2025-11-15T20:30:00Z,Duke Blue Devils,Virginia Cavaliers,DBD,VC2,,,0,,,,,odds_api_flattened,false,66,11,3,true,true,true
ncaaf,cea967651cf4258888de42948d1e99fa,cea967651cf4258888de42948d1e99fa,2025-11-15,2025-11-15T20:30:00Z,USC Trojans,Iowa Hawkeyes,UT,IH2,,,0,,,,,odds_api_flattened,false,66,11,3,true,true,true
ncaaf,dcc22d82135f6b6d80b76b7af4b89b5f,dcc22d82135f6b6d80b76b7af4b89b5f,2025-11-15,2025-11-15T20:30:00Z,James Madison Dukes,Appalachian State Mountaineers,JMD,ASM2,,,0,,,,,odds_api_flattened,false,66,11,3,true,true,true
ncaaf,e3d2cf0a6786b052ff011884e70e1a8d,e3d2cf0a6786b052ff011884e70e1a8d,2025-11-15,2025-11-15T20:30:00Z,Southern Mississippi Golden Eagles,Texas State Bobcats,SMG2,TSB,,,0,,,,,odds_api_flattened,false,66,11,3,true,true,true
ncaaf,e434a92689a2c3329dbac8efa816cc89,e434a92689a2c3329dbac8efa816cc89,2025-11-15,2025-11-15T20:30:00Z,Alabama Crimson Tide,Oklahoma Sooners,ACT,OS,,,0,,,,,odds_api_flattened,false,66,11,3,true,true,true
ncaaf,6ecff78e16c9ff8b6ce3f165615a61cf,6ecff78e16c9ff8b6ce3f165615a61cf,2025-11-15,2025-11-15T21:00:00Z,Tulane Green Wave,Florida Atlantic Owls,TGW,FAO,,,0,,,,,odds_api_flattened,false,66,11,3,true,true,true
ncaaf,7f636a75f0da1a1241c63faefda1b2bc,7f636a75f0da1a1241c63faefda1b2bc,2025-11-15,2025-11-15T21:00:00Z,East Carolina Pirates,Memphis Tigers,ECP,MT2,,,0,,,,,odds_api_flattened,false,64,11,3,true,true,true
ncaaf,6542b8b48c9b9cff8cc4dd12c44301b3,6542b8b48c9b9cff8cc4dd12c44301b3,2025-11-15,2025-11-15T21:15:00Z,Tennessee Volunteers,New Mexico State Aggies,TV,NMS,,,0,,,,,odds_api_flattened,false,40,10,2,false,true,true
ncaaf,c659e27887d8657d921c7d1251b1f827,c659e27887d8657d921c7d1251b1f827,2025-11-15,2025-11-15T21:30:00Z,Wake Forest Demon Deacons,North Carolina Tar Heels,WFD,NCT,,,0,,,,,odds_api_flattened,false,66,11,3,true,true,true
ncaaf,57c1c1686850ce008f55f69fdf062a8b,57c1c1686850ce008f55f69fdf062a8b,2025-11-15,2025-11-15T22:00:00Z,Florida International Panthers,Liberty Flames,FIP,LF,,,0,,,,,odds_api_flattened,false,66,11,3,true,true,true
ncaaf,0a3c900a4145e5d1e5cd73de1eb34ba7,0a3c900a4145e5d1e5cd73de1eb34ba7,2025-11-15,2025-11-15T23:00:00Z,Georgia Southern Eagles,Coastal Carolina Chanticleers,GSE,CCC,,,0,,,,,odds_api_flattened,false,66,11,3,true,true,true
ncaaf,0993581f0f1861095ef3ee3b9b84ddbc,0993581f0f1861095ef3ee3b9b84ddbc,2025-11-16,2025-11-16T00:00:00Z,UNLV Rebels,Utah State Aggies,UR,USA,,,0,,,,,odds_api_flattened,false,66,11,3,true,true,true
ncaaf,542f9c5f191a245fb9a0d0b73b7838b7,542f9c5f191a245fb9a0d0b73b7838b7,2025-11-16,2025-11-16T00:00:00Z,Ole Miss Rebels,Florida Gators,OMR,FG,,,0,,,,,odds_api_flattened,false,60,10,3,true,true,true
ncaaf,5ba0b8e2033aceb0a3ea2e24491242a4,5ba0b8e2033aceb0a3ea2e24491242a4,2025-11-16,2025-11-16T00:00:00Z,Sam Houston State Bearkats,Delaware Blue Hens,SHS,DBH,,,0,,,,,odds_api_flattened,false,66,11,3,true,true,true
ncaaf,75dcf3454fcec490600dd3a21ee0b1aa,75dcf3454fcec490600dd3a21ee0b1aa,2025-11-16,2025-11-16T00:00:00Z,Baylor Bears,Utah Utes,BB,UU,,,0,,,,,odds_api_flattened,false,60,10,3,true,true,true
ncaaf,c29526decee9dfa73fa86c4b594acb76,c29526decee9dfa73fa86c4b594acb76,2025-11-16,2025-11-16T00:00:00Z,Washington Huskies,Purdue Boilermakers,WH,PB,,,0,,,,,odds_api_flattened,false,66,11,3,true,true,true
ncaaf,115a258be837f0ab18a9e2c4482f49db,115a258be837f0ab18a9e2c4482f49db,2025-11-16,2025-11-16T00:30:00Z,Florida State Seminoles,Virginia Tech Hokies,FSS,VTH,,,0,,,,,odds_api_flattened,false,66,11,3,true,true,true
ncaaf,98cb354e78a2e035f0e5c36736d65f7e,98cb354e78a2e035f0e5c36736d65f7e,2025-11-16,2025-11-16T00:30:00Z,Georgia Bulldogs,Texas Longhorns,GB,TL,,,0,,,,,odds_api_flattened,false,66,11,3,true,true,true
ncaaf,d4c6b7b779184709320894b0023e17e5,d4c6b7b779184709320894b0023e17e5,2025-11-16,2025-11-16T00:30:00Z,Ohio State Buckeyes,UCLA Bruins,OSB,UB2,,,0,,,,,odds_api_flattened,false,52,11,3,true,true,true
ncaaf,36766ef9e4777301de083b914263ee45,36766ef9e4777301de083b914263ee45,2025-11-16,2025-11-16T00:45:00Z,Missouri Tigers,Mississippi State Bulldogs,MT3,MSB,,,0,,,,,odds_api_flattened,false,66,11,3,true,true,true
ncaaf,5a69d6f97264110b3e44ca131dff9f59,5a69d6f97264110b3e44ca131dff9f59,2025-11-16,2025-11-16T01:00:00Z,Jacksonville State Gamecocks,Kennesaw State Owls,JSG,KSO,,,0,,,,,odds_api_flattened,false,66,11,3,true,true,true
ncaaf,d5d10c3a94ad4b0229842951f8a32115,d5d10c3a94ad4b0229842951f8a32115,2025-11-16,2025-11-16T03:00:00Z,Washington State Cougars,Louisiana Tech Bulldogs,WSC,LTB,,,0,,,,,odds_api_flattened,false,66,11,3,true,true,true
ncaaf,24d287473010335df59c46edbc012292,24d287473010335df59c46edbc012292,2025-11-16,2025-11-16T03:15:00Z,BYU Cougars,TCU Horned Frogs,BC,THF,,,0,,,,,odds_api_flattened,false,66,11,3,true,true,true
ncaaf,181186b4a0b636da7b07c536fafebdfa,181186b4a0b636da7b07c536fafebdfa,2025-11-16,2025-11-16T03:30:00Z,San Diego State Aztecs,Boise State Broncos,SDS,BSB,,,0,,,,,odds_api_flattened,false,58,10,3,true,true,true
ncaaf,5ad9e266182c9aa66d0763532db6b37b,5ad9e266182c9aa66d0763532db6b37b,2025-11-16,2025-11-16T03:30:00Z,Fresno State Bulldogs,Wyoming Cowboys,FSB,WC,,,0,,,,,odds_api_flattened,false,60,10,3,true,true,true
ncaaf,267b970018dfc120df1233bc42b4bcc4,267b970018dfc120df1233bc42b4bcc4,2025-11-19,2025-11-19T00:00:00Z,Bowling Green Falcons,Akron Zips,BGF,AZ,,,0,,,,,odds_api_flattened,false,66,11,3,true,true,true
ncaaf,84461d5f585c397b4fd2214191faa0df,84461d5f585c397b4fd2214191faa0df,2025-11-19,2025-11-19T00:00:00Z,Northern Illinois Huskies,Western Michigan Broncos,NIH,WMB,,,0,,,,,odds_api_flattened,false,66,11,3,true,true,true
ncaaf,f9b664cce99aad69a23c81635e4fac0f,f9b664cce99aad69a23c81635e4fac0f,2025-11-19,2025-11-19T00:00:00Z,Ohio Bobcats,UMass Minutemen,OB,UM,,,0,,,,,odds_api_flattened,false,50,11,3,true,true,true
ncaaf,21c67118f480a739b3961a7d3bb128d1,21c67118f480a739b3961a7d3bb128d1,2025-11-20,2025-11-20T00:00:00Z,Kent State Golden Flashes,Central Michigan Chippewas,KSG,CMC,,,0,,,,,odds_api_flattened,false,66,11,3,true,true,true
ncaaf,e5a53fa5f42755ccc9077aeffecd8d67,e5a53fa5f42755ccc9077aeffecd8d67,2025-11-20,2025-11-20T00:00:00Z,Buffalo Bulls,Miami (OH) RedHawks,BB4,MOR,,,0,,,,,odds_api_flattened,false,64,11,3,true,true,true
ncaaf,425bbfaa3561f07998f8e4c4ae3159be,425bbfaa3561f07998f8e4c4ae3159be,2025-11-21,2025-11-21T00:30:00Z,Arkansas State Red Wolves,Louisiana Ragin Cajuns,ASR,LRC2,,,0,,,,,odds_api_flattened,false,66,11,3,true,true,true
ncaaf,da5a19b5f8e8746e71279c368fddfec8,da5a19b5f8e8746e71279c368fddfec8,2025-11-22,2025-11-22T01:00:00Z,NC State Wolfpack,Florida State Seminoles,NSW,FSS,,,0,,,,,odds_api_flattened,false,66,11,3,true,true,true
ncaaf,be5363918c8ce65bae1baa2259bbcea5,be5363918c8ce65bae1baa2259bbcea5,2025-11-22,2025-11-22T03:30:00Z,UNLV Rebels,Hawaii Rainbow Warriors,UR,HRW,,,0,,,,,odds_api_flattened,false,66,11,3,true,true,true
ncaaf,1017c0ad63c09ffae97740888d8b1f78,1017c0ad63c09ffae97740888d8b1f78,2025-11-22,2025-11-22T17:00:00Z,Virginia Tech Hokies,Miami Hurricanes,VTH,MH,,,0,,,,,odds_api_flattened,false,66,11,3,true,true,true
ncaaf,231cf66816550b9ed37afec3760f8ef5,231cf66816550b9ed37afec3760f8ef5,2025-11-22,2025-11-22T17:00:00Z,Iowa State Cyclones,Kansas Jayhawks,ISC,KJ,,,0,,,,,odds_api_flattened,false,66,11,3,true,true,true
ncaaf,2883481b61fdd600db0e709c87428332,2883481b61fdd600db0e709c87428332,2025-11-22,2025-11-22T17:00:00Z,Ohio State Buckeyes,Rutgers Scarlet Knights,OSB,RSK,,,0,,,,,odds_api_flattened,false,46,10,3,true,true,true
ncaaf,3ff98544de6910e3e7332504955f64df,3ff98544de6910e3e7332504955f64df,2025-11-22,2025-11-22T17:00:00Z,Oklahoma Sooners,Missouri Tigers,OS,MT3,,,0,,,,,odds_api_flattened,false,66,11,3,true,true,true
ncaaf,4e2541ac75b5c82ae76739edaa451117,4e2541ac75b5c82ae76739edaa451117,2025-11-22,2025-11-22T17:00:00Z,Wake Forest Demon Deacons,Delaware Blue Hens,WFD,DBH,,,0,,,,,odds_api_flattened,false,66,11,3,true,true,true
ncaaf,50f8cf307af5c9631f2cd029314ef90f,50f8cf307af5c9631f2cd029314ef90f,2025-11-22,2025-11-22T17:00:00Z,Army Black Knights,Tulsa Golden Hurricane,ABK,TGH,,,0,,,,,odds_api_flattened,false,66,11,3,true,true,true
ncaaf,7db3948dca2ce84a47459a94c61db2ce,7db3948dca2ce84a47459a94c61db2ce,2025-11-22,2025-11-22T17:00:00Z,Texas A&M Aggies,Samford Bulldogs,TAA,SB,,,0,,,,,odds_api_flattened,false,34,9,2,false,true,true
ncaaf,b06413bd5f2f786ebdbe891492d67f71,b06413bd5f2f786ebdbe891492d67f71,2025-11-22,2025-11-22T17:00:00Z,Northwestern Wildcats,Minnesota Golden Gophers,NW,MGG,,,0,,,,,odds_api_flattened,false,66,11,3,true,true,true
ncaaf,f22a5eb25fe6c98b41dc3457a0317fe5,f22a5eb25fe6c98b41dc3457a0317fe5,2025-11-22,2025-11-22T17:00:00Z,SMU Mustangs,Louisville Cardinals,SM,LC2,,,0,,,,,odds_api_flattened,false,66,11,3,true,true,true
ncaaf,e94477e5dd3cf352113919093803aa2a,e94477e5dd3cf352113919093803aa2a,2025-11-22,2025-11-22T17:45:00Z,Georgia Bulldogs,Charlotte 49ers,GB,C4,,,0,,,,,odds_api_flattened,false,40,10,2,false,true,true
ncaaf,31667911777e27d23d74adaf5109d04e,31667911777e27d23d74adaf5109d04e,2025-11-22,2025-11-22T18:00:00Z,Georgia Southern Eagles,Old Dominion Monarchs,GSE,ODM,,,0,,,,,odds_api_flattened,false,66,11,3,true,true,true
ncaaf,bbc412b8dbbd31afc909896f8a277d3f,bbc412b8dbbd31afc909896f8a277d3f,2025-11-22,2025-11-22T18:00:00Z,James Madison Dukes,Washington State Cougars,JMD,WSC,,,0,,,,,odds_api_flattened,false,66,11,3,true,true,true
ncaaf,f3f7c2b0939ba9e800a45fc7cb870914,f3f7c2b0939ba9e800a45fc7cb870914,2025-11-22,2025-11-22T18:00:00Z,Arizona Wildcats,Baylor Bears,AW,BB,,,0,,,,,odds_api_flattened,false,66,11,3,true,true,true
ncaaf,4488b598e3c442fca385311902ea6300,4488b598e3c442fca385311902ea6300,2025-11-22,2025-11-22T19:00:00Z,Auburn Tigers,Mercer Bears,AT,MB,,,0,,,,,odds_api_flattened,false,48,10,3,true,true,true
ncaaf,5fb8d908f2befbbfe9b70586eeb1a633,5fb8d908f2befbbfe9b70586eeb1a633,2025-11-22,2025-11-22T19:00:00Z,Toledo Rockets,Ball State Cardinals,TR,BSC,,,0,,,,,odds_api_flattened,false,60,11,3,true,true,true
ncaaf,ee7227545587b7c4b3f692822855279b,ee7227545587b7c4b3f692822855279b,2025-11-22,2025-11-22T19:00:00Z,Wyoming Cowboys,Nevada Wolf Pack,WC,NWP,,,0,,,,,odds_api_flattened,false,66,11,3,true,true,true
ncaaf,fde1da5b11f312009f2b0a445728ef08,fde1da5b11f312009f2b0a445728ef08,2025-11-22,2025-11-22T19:00:00Z,Kennesaw State Owls,Missouri State Bears,KSO,MSB2,,,0,,,,,odds_api_flattened,false,66,11,3,true,true,true
ncaaf,096152d72e2b70bde57ad5d547decab0,096152d72e2b70bde57ad5d547decab0,2025-11-22,2025-11-22T19:02:00Z,Alabama Crimson Tide,Eastern Illinois Panthers,ACT,EIP,,,0,,,,,odds_api_flattened,false,32,8,2,false,true,true
ncaaf,49a93417406ae5adb273a66f6afb7865,49a93417406ae5adb273a66f6afb7865,2025-11-22,2025-11-22T19:30:00Z,Appalachian State Mountaineers,Marshall Thundering Herd,ASM2,MTH,,,0,,,,,odds_api_flattened,false,66,11,3,true,true,true
ncaaf,3e9dfc4d7f79fb996ffad0f138799cd7,3e9dfc4d7f79fb996ffad0f138799cd7,2025-11-22,2025-11-22T20:00:00Z,Florida Atlantic Owls,UConn Huskies,FAO,UH,,,0,,,,,odds_api_flattened,false,66,11,3,true,true,true
ncaaf,6e03051c0aaf44c045e6aeee9a75cc6c,6e03051c0aaf44c045e6aeee9a75cc6c,2025-11-22,2025-11-22T20:00:00Z,UAB Blazers,South Florida Bulls,UB,SFB,,,0,,,,,odds_api_flattened,false,66,11,3,true,true,true
ncaaf,866521b3fc18961377dedbd68ae46b50,866521b3fc18961377dedbd68ae46b50,2025-11-22,2025-11-22T20:00:00Z,Louisiana Tech Bulldogs,Liberty Flames,LTB,LF,,,0,,,,,odds_api_flattened,false,60,11,3,true,true,true
ncaaf,b12494a0b58befa6a9488323449a9f84,b12494a0b58befa6a9488323449a9f84,2025-11-22,2025-11-22T20:00:00Z,Middle Tennessee Blue Raiders,Sam Houston State Bearkats,MTB,SHS,,,0,,,,,odds_api_flattened,false,66,11,3,true,true,true
ncaaf,e44ec327bba08498d83ec6f165b3b571,e44ec327bba08498d83ec6f165b3b571,2025-11-22,2025-11-22T20:00:00Z,UTEP Miners,New Mexico State Aggies,UM2,NMS,,,0,,,,,odds_api_flattened,false,66,11,3,true,true,true
ncaaf,125e9c0f6043227f58577c41cbd0e85b,125e9c0f6043227f58577c41cbd0e85b,2025-11-22,2025-11-22T20:30:00Z,Oregon Ducks,USC Trojans,OD,UT,,,0,,,,,odds_api_flattened,false,66,11,3,true,true,true
ncaaf,1b1aee18fb11ab2ee4a85cd6c3f53ed3,1b1aee18fb11ab2ee4a85cd6c3f53ed3,2025-11-22,2025-11-22T20:30:00Z,Florida International Panthers,Jacksonville State Gamecocks,FIP,JSG,,,0,,,,,odds_api_flattened,false,66,11,3,true,true,true
ncaaf,370e6b93a4490c8e6c3b6c1d9e123128,370e6b93a4490c8e6c3b6c1d9e123128,2025-11-22,2025-11-22T20:30:00Z,Vanderbilt Commodores,Kentucky Wildcats,VC,KW,,,0,,,,,odds_api_flattened,false,66,11,3,true,true,true
ncaaf,55fdf66a9ec5e21e439f8b66071457f2,55fdf66a9ec5e21e439f8b66071457f2,2025-11-22,2025-11-22T20:30:00Z,Notre Dame Fighting Irish,Syracuse Orange,NDF2,SO,,,0,,,,,odds_api_flattened,false,40,10,2,false,true,true
ncaaf,6d8fbe63a65f1c1032a6c1c65863ca23,6d8fbe63a65f1c1032a6c1c65863ca23,2025-11-22,2025-11-22T20:30:00Z,Iowa Hawkeyes,Michigan State Spartans,IH2,MSS,,,0,,,,,odds_api_flattened,false,66,11,3,true,true,true
ncaaf,87560b54fbd2c136a9a342f90fc8c447,87560b54fbd2c136a9a342f90fc8c447,2025-11-22,2025-11-22T20:30:00Z,UTSA Roadrunners,East Carolina Pirates,UR2,ECP,,,0,,,,,odds_api_flattened,false,66,11,3,true,true,true
ncaaf,946ab16f8cfe9004a0d3fc67ac8411d7,946ab16f8cfe9004a0d3fc67ac8411d7,2025-11-22,2025-11-22T20:30:00Z,Texas Longhorns,Arkansas Razorbacks,TL,AR,,,0,,,,,odds_api_flattened,false,66,11,3,true,true,true
ncaaf,9ecbb88fcab392aaa87a855d9b592269,9ecbb88fcab392aaa87a855d9b592269,2025-11-22,2025-11-22T20:30:00Z,South Alabama Jaguars,Southern Mississippi Golden Eagles,SAJ,SMG2,,,0,,,,,odds_api_flattened,false,60,11,3,true,true,true
ncaaf,c2ca3efd4fc3f87659b7366cde3a2e94,c2ca3efd4fc3f87659b7366cde3a2e94,2025-11-22,2025-11-22T20:30:00Z,North Carolina Tar Heels,Duke Blue Devils,NCT,DBD,,,0,,,,,odds_api_flattened,false,66,11,3,true,true,true
ncaaf,de7677c8d3b8855223812d92b7933bb0,de7677c8d3b8855223812d92b7933bb0,2025-11-22,2025-11-22T20:45:00Z,Temple Owls,Tulane Green Wave,TO,TGW,,,0,,,,,odds_api_flattened,false,66,11,3,true,true,true
ncaaf,1218850e6d356283ca4fdbb33a2b4d33,1218850e6d356283ca4fdbb33a2b4d33,2025-11-22,2025-11-22T21:00:00Z,Utah Utes,Kansas State Wildcats,UU,KSW,,,0,,,,,odds_api_flattened,false,58,10,3,true,true,true
ncaaf,1ea8d1554ca20a37c4891648c8b8707b,1ea8d1554ca20a37c4891648c8b8707b,2025-11-22,2025-11-22T21:00:00Z,Troy Trojans,Georgia State Panthers,TT2,GSP,,,0,,,,,odds_api_flattened,false,66,11,3,true,true,true
ncaaf,6fa4662e90c67a085d8cceec802890f1,6fa4662e90c67a085d8cceec802890f1,2025-11-22,2025-11-22T21:00:00Z,UCF Knights,Oklahoma State Cowboys,UK,OSC,,,0,,,,,odds_api_flattened,false,66,11,3,true,true,true
ncaaf,a99fad4a0da088809c8269a52bc4ad86,a99fad4a0da088809c8269a52bc4ad86,2025-11-22,2025-11-22T21:00:00Z,Maryland Terrapins,Michigan Wolverines,MT,MW2,,,0,,,,,odds_api_flattened,false,66,11,3,true,true,true
ncaaf,dcd183de7cecb414ad6e23d5de9c57cc,dcd183de7cecb414ad6e23d5de9c57cc,2025-11-22,2025-11-22T21:00:00Z,Houston Cougars,TCU Horned Frogs,HC,THF,,,0,,,,,odds_api_flattened,false,66,11,3,true,true,true
ncaaf,b4eec250102bbb8f8e572d3fe056258e,b4eec250102bbb8f8e572d3fe056258e,2025-11-22,2025-11-22T21:15:00Z,South Carolina Gamecocks,Coastal Carolina Chanticleers,SCG,CCC,,,0,,,,,odds_api_flattened,false,66,11,3,true,true,true
ncaaf,3f3198d8ec7bd7e458a37b922f1b8c48,3f3198d8ec7bd7e458a37b922f1b8c48,2025-11-22,2025-11-22T21:30:00Z,Clemson Tigers,Furman Paladins,CT,FP,,,0,,,,,odds_api_flattened,false,36,9,2,false,true,true
ncaaf,e07a0fd751788ee54312e351723fba5f,e07a0fd751788ee54312e351723fba5f,2025-11-22,2025-11-22T22:00:00Z,Texas State Bobcats,UL Monroe Warhawks,TSB,UMW,,,0,,,,,odds_api_flattened,false,66,11,3,true,true,true
ncaaf,1bfbad5173d703fa96481a8221e544f7,1bfbad5173d703fa96481a8221e544f7,2025-11-23,2025-11-23T00:00:00Z,Boise State Broncos,Colorado State Rams,BSB,CSR,,,0,,,,,odds_api_flattened,false,66,11,3,true,true,true
ncaaf,44a2361269f83f940cea7de9319ffe61,44a2361269f83f940cea7de9319ffe61,2025-11-23,2025-11-23T00:00:00Z,Penn State Nittany Lions,Nebraska Cornhuskers,PSN,NC,,,0,,,,,odds_api_flattened,false,66,11,3,true,true,true
ncaaf,53287adc308e4bef3ab38d3652713c14,53287adc308e4bef3ab38d3652713c14,2025-11-23,2025-11-23T00:00:00Z,Air Force Falcons,New Mexico Lobos,AFF,NML,,,0,,,,,odds_api_flattened,false,66,11,3,true,true,true
ncaaf,8bec841379ab4efeec22c0a571a95b0e,8bec841379ab4efeec22c0a571a95b0e,2025-11-23,2025-11-23T00:00:00Z,Georgia Tech Yellow Jackets,Pittsburgh Panthers,GTY,PP,,,0,,,,,odds_api_flattened,false,66,11,3,true,true,true
ncaaf,13ced0e9ea8ed17742771c1f5aef349e,13ced0e9ea8ed17742771c1f5aef349e,2025-11-23,2025-11-23T00:30:00Z,Rice Owls,North Texas Mean Green,RO,NTM,,,0,,,,,odds_api_flattened,false,66,11,3,true,true,true
ncaaf,887fdd527230bece5974b0cface30528,887fdd527230bece5974b0cface30528,2025-11-23,2025-11-23T00:30:00Z,Florida Gators,Tennessee Volunteers,FG,TV,,,0,,,,,odds_api_flattened,false,66,11,3,true,true,true
ncaaf,be7c95542aaf1d15193678f771745992,be7c95542aaf1d15193678f771745992,2025-11-23,2025-11-23T00:30:00Z,Stanford Cardinal,California Golden Bears,SC,CGB,,,0,,,,,odds_api_flattened,false,66,11,3,true,true,true
ncaaf,d2fd5b19d4a2ff572beaa0b3c67e8861,d2fd5b19d4a2ff572beaa0b3c67e8861,2025-11-23,2025-11-23T00:30:00Z,Wisconsin Badgers,Illinois Fighting Illini,WB,IFI,,,0,,,,,odds_api_flattened,false,66,11,3,true,true,true
ncaaf,5bb0b0bdd9a7370f7f8f35db2374a4e2,5bb0b0bdd9a7370f7f8f35db2374a4e2,2025-11-23,2025-11-23T00:45:00Z,LSU Tigers,Western Kentucky Hilltoppers,LT,WKH,,,0,,,,,odds_api_flattened,false,64,11,3,true,true,true
ncaaf,8c8fb93b29e1f780db6a427d7274ed91,8c8fb93b29e1f780db6a427d7274ed91,2025-11-23,2025-11-23T01:00:00Z,Cincinnati Bearcats,BYU Cougars,CB,BC,,,0,,,,,odds_api_flattened,false,66,11,3,true,true,true
ncaaf,968d201306e35699b83b5bb24289914c,968d201306e35699b83b5bb24289914c,2025-11-23,2025-11-23T01:00:00Z,Colorado Buffaloes,Arizona State Sun Devils,CB3,ASS,,,0,,,,,odds_api_flattened,false,66,11,3,true,true,true
ncaaf,435c548cea0f26f2df00d9c9df0a7924,435c548cea0f26f2df00d9c9df0a7924,2025-11-23,2025-11-23T03:30:00Z,San Diego State Aztecs,San Jose State Spartans,SDS,SJS,,,0,,,,,odds_api_flattened,false,66,11,3,true,true,true
ncaaf,da9a26d1e98cd30b4be15e216bb95291,da9a26d1e98cd30b4be15e216bb95291,2025-11-23,2025-11-23T03:30:00Z,Fresno State Bulldogs,Utah State Aggies,FSB,USA,,,0,,,,,odds_api_flattened,false,60,10,3,true,true,true
ncaaf,f0ad800d071b9335db5bd1c5634a28ca,f0ad800d071b9335db5bd1c5634a28ca,2025-11-23,2025-11-23T03:30:00Z,UCLA Bruins,Washington Huskies,UB2,WH,,,0,,,,,odds_api_flattened,false,66,11,3,true,true,true
ncaaf,7058d3392573bc5d3b2802b1c3cb8c34,7058d3392573bc5d3b2802b1c3cb8c34,2025-11-25,2025-11-25T21:30:00Z,UMass Minutemen,Bowling Green Falcons,UM,BGF,,,0,,,,,odds_api_flattened,false,66,11,3,true,true,true
ncaaf,36f13df92e5c272f20ed7d541c8cf2d4,36f13df92e5c272f20ed7d541c8cf2d4,2025-11-26,2025-11-26T00:30:00Z,Eastern Michigan Eagles,Western Michigan Broncos,EME,WMB,,,0,,,,,odds_api_flattened,false,66,11,3,true,true,true
ncaaf,643198f60ea064a8030db080f2540513,643198f60ea064a8030db080f2540513,2025-11-28,2025-11-28T00:30:00Z,Memphis Tigers,Navy Midshipmen,MT2,NM,,,0,,,,,odds_api_flattened,false,66,11,3,true,true,true
ncaaf,f959699d770536ccda4fc4df72a954ea,f959699d770536ccda4fc4df72a954ea,2025-11-28,2025-11-28T16:58:00Z,Mississippi State Bulldogs,Ole Miss Rebels,MSB,OMR,,,0,,,,,odds_api_flattened,false,60,10,3,true,true,true
ncaaf,0f1ce102c69b3c21a363d3997879f16a,0f1ce102c69b3c21a363d3997879f16a,2025-11-28,2025-11-28T17:00:00Z,Kansas Jayhawks,Utah Utes,KJ,UU,,,0,,,,,odds_api_flattened,false,60,10,3,true,true,true
ncaaf,3d51dc9f725e59fd6750915622f55394,3d51dc9f725e59fd6750915622f55394,2025-11-28,2025-11-28T17:00:00Z,Buffalo Bulls,Ohio Bobcats,BB4,OB,,,0,,,,,odds_api_flattened,false,66,11,3,true,true,true
ncaaf,76916d758d1a2bc57d840d9d1c63aaa3,76916d758d1a2bc57d840d9d1c63aaa3,2025-11-28,2025-11-28T17:00:00Z,Nebraska Cornhuskers,Iowa Hawkeyes,NC,IH2,,,0,,,,,odds_api_flattened,false,66,11,3,true,true,true
ncaaf,5b4e38825c71d19c51ebcd39665d9694,5b4e38825c71d19c51ebcd39665d9694,2025-11-28,2025-11-28T17:01:00Z,Northern Illinois Huskies,Kent State Golden Flashes,NIH,KSG,,,0,,,,,odds_api_flattened,false,66,11,3,true,true,true
ncaaf,ecdb13413222992d666fb1be5f3f15c4,ecdb13413222992d666fb1be5f3f15c4,2025-11-28,2025-11-28T20:00:00Z,Colorado State Rams,Air Force Falcons,CSR,AFF,,,0,,,,,odds_api_flattened,false,66,11,3,true,true,true
ncaaf,4ed54dc6116ec6373f9a1cf015ca6070,4ed54dc6116ec6373f9a1cf015ca6070,2025-11-28,2025-11-28T20:30:00Z,North Texas Mean Green,Temple Owls,NTM,TO,,,0,,,,,odds_api_flattened,false,66,11,3,true,true,true
ncaaf,ee12d0d5e2a05a709506af59bd525728,ee12d0d5e2a05a709506af59bd525728,2025-11-28,2025-11-28T20:30:00Z,Georgia Tech Yellow Jackets,Georgia Bulldogs,GTY,GB,,,0,,,,,odds_api_flattened,false,66,11,3,true,true,true
ncaaf,5522e41053ad21182dcb8e88569c3239,5522e41053ad21182dcb8e88569c3239,2025-11-28,2025-11-28T20:31:00Z,New Mexico Lobos,San Diego State Aztecs,NML,SDS,,,0,,,,,odds_api_flattened,false,66,11,3,true,true,true
ncaaf,baf849e79f0978d22d19b6c5e9df6622,baf849e79f0978d22d19b6c5e9df6622,2025-11-28,2025-11-28T21:00:00Z,Utah State Aggies,Boise State Broncos,USA,BSB,,,0,,,,,odds_api_flattened,false,66,11,3,true,true,true
ncaaf,031eaf298fe62f9cc1ee593ebf867ad2,031eaf298fe62f9cc1ee593ebf867ad2,2025-11-29,2025-11-29T00:30:00Z,Texas Longhorns,Texas A&M Aggies,TL,TAA,,,0,,,,,odds_api_flattened,false,66,11,3,true,true,true
ncaaf,0f077fbc1706837ce351b4841cf850c9,0f077fbc1706837ce351b4841cf850c9,2025-11-29,2025-11-29T00:30:00Z,Purdue Boilermakers,Indiana Hoosiers,PB,IH,,,0,,,,,odds_api_flattened,false,56,11,3,true,true,true
ncaaf,eef629c46747c4f201a425717b019fde,eef629c46747c4f201a425717b019fde,2025-11-29,2025-11-29T02:00:00Z,Arizona State Sun Devils,Arizona Wildcats,ASS,AW,,,0,,,,,odds_api_flattened,false,66,11,3,true,true,true
ncaaf,a17c0bb6637ad2192754d6d1059f7e92,a17c0bb6637ad2192754d6d1059f7e92,2025-11-29,2025-11-29T16:59:00Z,Michigan Wolverines,Ohio State Buckeyes,MW2,OSB,,,0,,,,,odds_api_flattened,false,66,11,3,true,true,true
ncaaf,8f08d4462c8cbc09b866893ca21ae406,8f08d4462c8cbc09b866893ca21ae406,2025-11-29,2025-11-29T17:00:00Z,Pittsburgh Panthers,Miami Hurricanes,PP,MH,,,0,,,,,odds_api_flattened,false,66,11,3,true,true,true
ncaaf,c739b05669e6035797b50a66f2c23ce0,c739b05669e6035797b50a66f2c23ce0,2025-11-29,2025-11-29T17:00:00Z,South Carolina Gamecocks,Clemson Tigers,SCG,CT,,,0,,,,,odds_api_flattened,false,66,11,3,true,true,true
ncaaf,f64071bbf06bf34a684c347ad45f82a9,f64071bbf06bf34a684c347ad45f82a9,2025-11-29,2025-11-29T17:00:00Z,Louisville Cardinals,Kentucky Wildcats,LC2,KW,,,0,,,,,odds_api_flattened,false,66,11,3,true,true,true
ncaaf,09d90f3370c02dea5e1eac347ffe476f,09d90f3370c02dea5e1eac347ffe476f,2025-11-29,2025-11-29T17:01:00Z,Baylor Bears,Houston Cougars,BB,HC,,,0,,,,,odds_api_flattened,false,66,11,3,true,true,true
ncaaf,9328f7960f57736e8da4b90cb2bdd826,9328f7960f57736e8da4b90cb2bdd826,2025-11-29,2025-11-29T17:01:00Z,West Virginia Mountaineers,Texas Tech Red Raiders,WVM,TTR,,,0,,,,,odds_api_flattened,false,66,11,3,true,true,true
ncaaf,98355c397c652869253cd333094fd6a8,98355c397c652869253cd333094fd6a8,2025-11-29,2025-11-29T17:01:00Z,Kansas State Wildcats,Colorado Buffaloes,KSW,CB3,,,0,,,,,odds_api_flattened,false,66,11,3,true,true,true
ncaaf,6f1fb568ca7f6fa5adc55fb37e6cbf3b,6f1fb568ca7f6fa5adc55fb37e6cbf3b,2025-11-29,2025-11-29T17:02:00Z,Oklahoma State Cowboys,Iowa State Cyclones,OSC,ISC,,,0,,,,,odds_api_flattened,false,66,11,3,true,true,true
ncaaf,254de28063691b5c8d711686691d3c90,254de28063691b5c8d711686691d3c90,2025-11-29,2025-11-29T17:03:00Z,Florida Atlantic Owls,East Carolina Pirates,FAO,ECP,,,0,,,,,odds_api_flattened,false,66,11,3,true,true,true
ncaaf,19367e63058bb517983e08c2502c9c4c,19367e63058bb517983e08c2502c9c4c,2025-11-29,2025-11-29T17:05:00Z,Central Michigan Chippewas,Toledo Rockets,CMC,TR,,,0,,,,,odds_api_flattened,false,66,11,3,true,true,true
ncaaf,56a84e83bd6d308bd7e7639bcb7b5879,56a84e83bd6d308bd7e7639bcb7b5879,2025-11-29,2025-11-29T17:05:00Z,Miami (OH) RedHawks,Ball State Cardinals,MOR,BSC,,,0,,,,,odds_api_flattened,false,64,11,3,true,true,true
ncaaf,2b6eb9e9331db7145e356d6a101aa182,2b6eb9e9331db7145e356d6a101aa182,2025-11-29,2025-11-29T18:00:00Z,Delaware Blue Hens,UTEP Miners,DBH,UM2,,,0,,,,,odds_api_flattened,false,66,11,3,true,true,true
ncaaf,8e9db25305896f6a8ee5bf0e94c260f5,8e9db25305896f6a8ee5bf0e94c260f5,2025-11-29,2025-11-29T18:00:00Z,BYU Cougars,UCF Knights,BC,UK,,,0,,,,,odds_api_flattened,false,66,11,3,true,true,true
ncaaf,c66eb20cac802e1eec89aeda0d77ffd6,c66eb20cac802e1eec89aeda0d77ffd6,2025-11-29,2025-11-29T18:00:00Z,Sam Houston State Bearkats,Florida International Panthers,SHS,FIP,,,0,,,,,odds_api_flattened,false,66,11,3,true,true,true
ncaaf,6888a4fdeae90f5ab2eb0051e9b20ed4,6888a4fdeae90f5ab2eb0051e9b20ed4,2025-11-29,2025-11-29T18:30:00Z,Marshall Thundering Herd,Georgia Southern Eagles,MTH,GSE,,,0,,,,,odds_api_flattened,false,66,11,3,true,true,true
ncaaf,0bf97e02f7764b89a22261ca0e26867a,0bf97e02f7764b89a22261ca0e26867a,2025-11-29,2025-11-29T19:00:00Z,Jacksonville State Gamecocks,Western Kentucky Hilltoppers,JSG,WKH,,,0,,,,,odds_api_flattened,false,66,11,3,true,true,true
ncaaf,40957cd6146dab4aa2d4b8431e1fb6df,40957cd6146dab4aa2d4b8431e1fb6df,2025-11-29,2025-11-29T19:00:00Z,Missouri State Bears,Louisiana Tech Bulldogs,MSB2,LTB,,,0,,,,,odds_api_flattened,false,66,11,3,true,true,true
ncaaf,b1296a643a8d9b6bb75acc3d224e1394,b1296a643a8d9b6bb75acc3d224e1394,2025-11-29,2025-11-29T19:00:00Z,Old Dominion Monarchs,Georgia State Panthers,ODM,GSP,,,0,,,,,odds_api_flattened,false,64,11,3,true,true,true
ncaaf,adba965eb4a76372f31e42f5a02f4157,adba965eb4a76372f31e42f5a02f4157,2025-11-29,2025-11-29T19:30:00Z,Appalachian State Mountaineers,Arkansas State Red Wolves,ASM2,ASR,,,0,,,,,odds_api_flattened,false,60,11,3,true,true,true
ncaaf,12bd1537fbeb1dc2a7c5bffa180a01bc,12bd1537fbeb1dc2a7c5bffa180a01bc,2025-11-29,2025-11-29T20:00:00Z,Louisiana Ragin Cajuns,UL Monroe Warhawks,LRC2,UMW,,,0,,,,,odds_api_flattened,false,66,11,3,true,true,true
ncaaf,3b8f7932b91ca36668646fcf4eca8509,3b8f7932b91ca36668646fcf4eca8509,2025-11-29,2025-11-29T20:00:00Z,Texas State Bobcats,South Alabama Jaguars,TSB,SAJ,,,0,,,,,odds_api_flattened,false,66,11,3,true,true,true
ncaaf,71922a98a9b3e7e072bf9676e0470921,71922a98a9b3e7e072bf9676e0470921,2025-11-29,2025-11-29T20:00:00Z,Tulsa Golden Hurricane,UAB Blazers,TGH,UB,,,0,,,,,odds_api_flattened,false,66,11,3,true,true,true
ncaaf,e050c8ec35a8408df75a681edd27d65c,e050c8ec35a8408df75a681edd27d65c,2025-11-29,2025-11-29T20:00:00Z,New Mexico State Aggies,Middle Tennessee Blue Raiders,NMS,MTB,,,0,,,,,odds_api_flattened,false,66,11,3,true,true,true
ncaaf,f227f0ba147cb8471b7fa0200e02b853,f227f0ba147cb8471b7fa0200e02b853,2025-11-29,2025-11-29T20:00:00Z,Syracuse Orange,Boston College Eagles,SO,BCE,,,0,,,,,odds_api_flattened,false,66,11,3,true,true,true
ncaaf,011ef17b2d5d53a4f74992fa28c703ce,011ef17b2d5d53a4f74992fa28c703ce,2025-11-29,2025-11-29T20:30:00Z,Southern Mississippi Golden Eagles,Troy Trojans,SMG2,TT2,,,0,,,,,odds_api_flattened,false,66,11,3,true,true,true
ncaaf,01a5a9e3a1d3ecea3295256c33dfef3e,01a5a9e3a1d3ecea3295256c33dfef3e,2025-11-29,2025-11-29T20:30:00Z,Minnesota Golden Gophers,Wisconsin Badgers,MGG,WB,,,0,,,,,odds_api_flattened,false,66,11,3,true,true,true
ncaaf,0deeb2c4386d575a59e7437fe01d1f6f,0deeb2c4386d575a59e7437fe01d1f6f,2025-11-29,2025-11-29T20:30:00Z,Washington Huskies,Oregon Ducks,WH,OD,,,0,,,,,odds_api_flattened,false,66,11,3,true,true,true
ncaaf,13dee23ac75967bb3de963098e51b050,13dee23ac75967bb3de963098e51b050,2025-11-29,2025-11-29T20:30:00Z,UTSA Roadrunners,Army Black Knights,UR2,ABK,,,0,,,,,odds_api_flattened,false,66,11,3,true,true,true
ncaaf,73c36d76de852e49c6d45b557ce30928,73c36d76de852e49c6d45b557ce30928,2025-11-29,2025-11-29T20:30:00Z,Rutgers Scarlet Knights,Penn State Nittany Lions,RSK,PSN,,,0,,,,,odds_api_flattened,false,60,10,3,true,true,true
ncaaf,884dea46381785292d51d8864de287c7,884dea46381785292d51d8864de287c7,2025-11-29,2025-11-29T20:30:00Z,Liberty Flames,Kennesaw State Owls,LF,KSO,,,0,,,,,odds_api_flattened,false,66,11,3,true,true,true
ncaaf,8e6c3c00b853707c6c0ced7e96ff80eb,8e6c3c00b853707c6c0ced7e96ff80eb,2025-11-29,2025-11-29T20:30:00Z,TCU Horned Frogs,Cincinnati Bearcats,THF,CB,,,0,,,,,odds_api_flattened,false,66,11,3,true,true,true
ncaaf,8ff0041fc39ed3aaabd78295aaa44ccc,8ff0041fc39ed3aaabd78295aaa44ccc,2025-11-29,2025-11-29T20:30:00Z,Tennessee Volunteers,Vanderbilt Commodores,TV,VC,,,0,,,,,odds_api_flattened,false,66,11,3,true,true,true
ncaaf,bf37e86fb31ad838e265fe2d48f4ebee,bf37e86fb31ad838e265fe2d48f4ebee,2025-11-29,2025-11-29T20:30:00Z,Duke Blue Devils,Wake Forest Demon Deacons,DBD,WFD,,,0,,,,,odds_api_flattened,false,66,11,3,true,true,true
ncaaf,c90e85208735f83419bdd9fafea09515,c90e85208735f83419bdd9fafea09515,2025-11-29,2025-11-29T20:30:00Z,Arkansas Razorbacks,Missouri Tigers,AR,MT3,,,0,,,,,odds_api_flattened,false,66,11,3,true,true,true
ncaaf,fca43c84b575e6d2a974da994e1ca32f,fca43c84b575e6d2a974da994e1ca32f,2025-11-29,2025-11-29T20:30:00Z,Oklahoma Sooners,LSU Tigers,OS,LT,,,0,,,,,odds_api_flattened,false,66,11,3,true,true,true
ncaaf,e715dd3730c3991c2b6a7630adbcb862,e715dd3730c3991c2b6a7630adbcb862,2025-11-29,2025-11-29T20:45:00Z,Coastal Carolina Chanticleers,James Madison Dukes,CCC,JMD,,,0,,,,,odds_api_flattened,false,66,11,3,true,true,true
ncaaf,48712c446fe47c5fa3e18038bdd703e8,48712c446fe47c5fa3e18038bdd703e8,2025-11-29,2025-11-29T21:30:00Z,Florida Gators,Florida State Seminoles,FG,FSS,,,0,,,,,odds_api_flattened,false,66,11,3,true,true,true
ncaaf,db441b5da7cf49c5de57f49bff11d8ec,db441b5da7cf49c5de57f49bff11d8ec,2025-11-29,2025-11-29T23:30:00Z,Washington State Cougars,Oregon State Beavers,WSC,OSB2,,,0,,,,,odds_api_flattened,false,66,11,3,true,true,true
ncaaf,79975b63437cb1b2a9d06d3b63150977,79975b63437cb1b2a9d06d3b63150977,2025-11-30,2025-11-30T00:00:00Z,Michigan State Spartans,Maryland Terrapins,MSS,MT,,,0,,,,,odds_api_flattened,false,66,11,3,true,true,true
ncaaf,9d54a50182205f4d1c75bb7616993cf0,9d54a50182205f4d1c75bb7616993cf0,2025-11-30,2025-11-30T00:00:00Z,South Florida Bulls,Rice Owls,SFB,RO,,,0,,,,,odds_api_flattened,false,64,11,3,true,true,true
ncaaf,62c8f91b581d1bcca5fb6496ec65aae7,62c8f91b581d1bcca5fb6496ec65aae7,2025-11-30,2025-11-30T00:01:00Z,Virginia Cavaliers,Virginia Tech Hokies,VC2,VTH,,,0,,,,,odds_api_flattened,false,66,11,3,true,true,true
ncaaf,181afdc9ce2683ff7c1debad66022351,181afdc9ce2683ff7c1debad66022351,2025-11-30,2025-11-30T00:30:00Z,Auburn Tigers,Alabama Crimson Tide,AT,ACT,,,0,,,,,odds_api_flattened,false,66,11,3,true,true,true
ncaaf,48a0d56354caf6da69d210132615c809,48a0d56354caf6da69d210132615c809,2025-11-30,2025-11-30T00:30:00Z,NC State Wolfpack,North Carolina Tar Heels,NSW,NCT,,,0,,,,,odds_api_flattened,false,60,10,3,true,true,true
ncaaf,5459063e0c574b3e0a15501fe3797968,5459063e0c574b3e0a15501fe3797968,2025-11-30,2025-11-30T00:30:00Z,Tulane Green Wave,Charlotte 49ers,TGW,C4,,,0,,,,,odds_api_flattened,false,56,11,3,true,true,true
ncaaf,7f71f4ba886e8f1f4855dad0152ca08e,7f71f4ba886e8f1f4855dad0152ca08e,2025-11-30,2025-11-30T00:30:00Z,USC Trojans,UCLA Bruins,UT,UB2,,,0,,,,,odds_api_flattened,false,60,10,3,true,true,true
ncaaf,ed1f7d744112bf4d7184c2a3bbb2648c,ed1f7d744112bf4d7184c2a3bbb2648c,2025-11-30,2025-11-30T00:30:00Z,Illinois Fighting Illini,Northwestern Wildcats,IFI,NW,,,0,,,,,odds_api_flattened,false,60,10,3,true,true,true
ncaaf,53c3b0253fe365f12e298b8b31b8f24a,53c3b0253fe365f12e298b8b31b8f24a,2025-11-30,2025-11-30T01:02:00Z,California Golden Bears,SMU Mustangs,CGB,SM,,,0,,,,,odds_api_flattened,false,66,11,3,true,true,true
ncaaf,a8661dd205a3e868ac61c3f1c994dc7e,a8661dd205a3e868ac61c3f1c994dc7e,2025-11-30,2025-11-30T02:00:00Z,Nevada Wolf Pack,UNLV Rebels,NWP,UR,,,0,,,,,odds_api_flattened,false,60,10,3,true,true,true
ncaaf,1dbdbcf9d57952730a65559b09cc2b36,1dbdbcf9d57952730a65559b09cc2b36,2025-11-30,2025-11-30T03:30:00Z,San Jose State Spartans,Fresno State Bulldogs,SJS,FSB,,,0,,,,,odds_api_flattened,false,60,10,3,true,true,true
ncaaf,4e2c6842ce33619ecb4c77938e3093bc,4e2c6842ce33619ecb4c77938e3093bc,2025-11-30,2025-11-30T03:30:00Z,Stanford Cardinal,Notre Dame Fighting Irish,SC,NDF2,,,0,,,,,odds_api_flattened,false,44,9,3,true,true,true
ncaaf,6a888c041e81b35c741eb91824fd02c6,6a888c041e81b35c741eb91824fd02c6,2025-11-30,2025-11-30T04:00:00Z,Hawaii Rainbow Warriors,Wyoming Cowboys,HRW,WC,,,0,,,,,odds_api_flattened,false,60,10,3,true,true,true
ncaaf,34fe27e86b995ea9e3cdc015d1ff5a46,34fe27e86b995ea9e3cdc015d1ff5a46,2025-12-06,2025-12-06T00:00:00Z,James Madison Dukes,Troy Trojans,JMD,TT2,,,0,,,,,odds_api_flattened,false,66,11,3,true,true,true
ncaaf,855b4b7959efc4b7309d16b8b17dd708,855b4b7959efc4b7309d16b8b17dd708,2025-12-06,2025-12-06T00:00:00Z,Jacksonville State Gamecocks,Kennesaw State Owls,JSG,KSO,,,0,,,,,odds_api_flattened,false,66,11,3,true,true,true
ncaaf,bcda84050f6f1fe4756756124d40f116,bcda84050f6f1fe4756756124d40f116,2025-12-06,2025-12-06T01:00:00Z,Tulane Green Wave,North Texas Mean Green,TGW,NTM,,,0,,,,,odds_api_flattened,false,66,11,3,true,true,true
ncaaf,05574125db5d3bc8c0a9f0ce97971957,05574125db5d3bc8c0a9f0ce97971957,2025-12-06,2025-12-06T01:01:00Z,Boise State Broncos,UNLV Rebels,BSB,UR,,,0,,,,,odds_api_flattened,false,66,11,3,true,true,true
ncaaf,825ab37366030db2e15565370bfc0104,825ab37366030db2e15565370bfc0104,2025-12-06,2025-12-06T17:00:00Z,Western Michigan Broncos,Miami (OH) RedHawks,WMB,MOR,,,0,,,,,odds_api_flattened,false,64,11,3,true,true,true
ncaaf,87fe86f5fa1edd149d6cc5f8bcb82be2,87fe86f5fa1edd149d6cc5f8bcb82be2,2025-12-06,2025-12-06T17:00:00Z,Texas Tech Red Raiders,BYU Cougars,TTR,BC,,,0,,,,,odds_api_flattened,false,66,11,3,true,true,true
ncaaf,78936f1a11027877e00987e31cdb240a,78936f1a11027877e00987e31cdb240a,2025-12-06,2025-12-06T21:00:00Z,Texas A&M Aggies,Alabama Crimson Tide,TAA,ACT,,,0,,,,,odds_api_flattened,false,6,1,3,true,true,true
ncaaf,aa6121f597f3dd0a363e477797cd13f0,aa6121f597f3dd0a363e477797cd13f0,2025-12-06,2025-12-06T21:00:00Z,Alabama Crimson Tide,Georgia Bulldogs,ACT,GB,,,0,,,,,odds_api_flattened,false,62,11,3,true,true,true
ncaaf,f30a3e55526764fd63fbade5b994faf6,f30a3e55526764fd63fbade5b994faf6,2025-12-06,2025-12-06T21:00:00Z,Texas A&M Aggies,Georgia Bulldogs,TAA,GB,,,0,,,,,odds_api_flattened,false,6,1,3,true,true,true
ncaaf,1315865c1c958e97430d9dfcd7e9fb66,1315865c1c958e97430d9dfcd7e9fb66,2025-12-07,2025-12-07T01:00:00Z,Virginia Cavaliers,SMU Mustangs,VC2,SM,,,0,,,,,odds_api_flattened,false,6,1,3,true,true,true
ncaaf,cb3db4cd7e1781ff0fa5e3caaf2d74e4,cb3db4cd7e1781ff0fa5e3caaf2d74e4,2025-12-07,2025-12-07T01:00:00Z,Virginia Cavaliers,Duke Blue Devils,VC2,DBD,,,0,,,,,odds_api_flattened,false,66,11,3,true,true,true
ncaaf,ed821485171f0486828ac8bfae9537a3,ed821485171f0486828ac8bfae9537a3,2025-12-07,2025-12-07T01:00:00Z,Ohio State Buckeyes,Indiana Hoosiers,OSB,IH,,,0,,,,,odds_api_flattened,false,62,11,3,true,true,true
ncaaf,86b2f11373631509f973bd3e72f5732d,86b2f11373631509f973bd3e72f5732d,2025-12-13,2025-12-13T20:00:00Z,Navy Midshipmen,Army Black Knights,NM,ABK,,,0,,,,,odds_api_flattened,false,66,11,3,true,true,true
ncaaf,a12597fe519a345d8bfdb3f8bd37fc2d,a12597fe519a345d8bfdb3f8bd37fc2d,2025-12-14,2025-12-14T01:00:00Z,Washington Huskies,Boise State Broncos,WH,BSB,,,0,,,,,odds_api_flattened,false,54,9,3,true,true,true
ncaaf,7d7ebd0ca1068c66f895b2c1d9c346e9,7d7ebd0ca1068c66f895b2c1d9c346e9,2025-12-17,2025-12-17T02:00:00Z,Jacksonville State Gamecocks,Troy Trojans,JSG,TT2,,,0,,,,,odds_api_flattened,false,52,9,3,true,true,true
ncaaf,ed11cbf3b02850670bf213622cf4517b,ed11cbf3b02850670bf213622cf4517b,2025-12-17,2025-12-17T22:00:00Z,South Florida Bulls,Old Dominion Monarchs,SFB,ODM,,,0,,,,,odds_api_flattened,false,60,10,3,true,true,true
ncaaf,91a751096545f6c70dca0595cd243ac9,91a751096545f6c70dca0595cd243ac9,2025-12-18,2025-12-18T01:30:00Z,Delaware Blue Hens,Louisiana Ragin Cajuns,DBH,LRC2,,,0,,,,,odds_api_flattened,false,60,10,3,true,true,true
ncaaf,5628d5990478df5a36dabdf0a89bb699,5628d5990478df5a36dabdf0a89bb699,2025-12-19,2025-12-19T02:00:00Z,Arkansas State Red Wolves,Missouri State Bears,ASR,MSB2,,,0,,,,,odds_api_flattened,false,58,10,3,true,true,true
ncaaf,42aba02bd1d0ca3572d8df5ebbbbc4af,42aba02bd1d0ca3572d8df5ebbbbc4af,2025-12-19,2025-12-19T16:00:00Z,Western Michigan Broncos,Kennesaw State Owls,WMB,KSO,,,0,,,,,odds_api_flattened,false,58,10,3,true,true,true
ncaaf,9fbbf6305606ac80e7d6e50d06e0fe00,9fbbf6305606ac80e7d6e50d06e0fe00,2025-12-19,2025-12-19T19:30:00Z,NC State Wolfpack,Memphis Tigers,NSW,MT2,,,0,,,,,odds_api_flattened,false,58,10,3,true,true,true
ncaaf,5c1822bd971e75bf8eb736f083cfbd20,5c1822bd971e75bf8eb736f083cfbd20,2025-12-20,2025-12-20T01:00:00Z,Oklahoma Sooners,Alabama Crimson Tide,OS,ACT,,,0,,,,,odds_api_flattened,false,54,10,3,true,true,true
ncaaf,02c39958a2623fd4e5bd08c15188bf63,02c39958a2623fd4e5bd08c15188bf63,2025-12-20,2025-12-20T17:00:00Z,Texas A&M Aggies,Miami Hurricanes,TAA,MH,,,0,,,,,odds_api_flattened,false,52,10,3,true,true,true
ncaaf,bff2e72a8de0bbebc55483ca8bf1b5c6,bff2e72a8de0bbebc55483ca8bf1b5c6,2025-12-20,2025-12-20T17:00:00Z,Texas A&M Aggies,Alabama Crimson Tide,TAA,ACT,,,0,,,,,odds_api_flattened,false,6,1,3,true,true,true
ncaaf,d7806b87557fe332494d34ef1ad1cdc2,d7806b87557fe332494d34ef1ad1cdc2,2025-12-20,2025-12-20T17:00:00Z,Oklahoma Sooners,Notre Dame Fighting Irish,OS,NDF2,,,0,,,,,odds_api_flattened,false,6,1,3,true,true,true
ncaaf,29dd5ea0c414ab7916d011fe1bd96892,29dd5ea0c414ab7916d011fe1bd96892,2025-12-20,2025-12-20T20:30:00Z,Ole Miss Rebels,Tulane Green Wave,OMR,TGW,,,0,,,,,odds_api_flattened,false,50,9,3,true,true,true
ncaaf,cce1589adabc23fc7a9f036e143d61fd,cce1589adabc23fc7a9f036e143d61fd,2025-12-21,2025-12-21T00:30:00Z,Oregon Ducks,James Madison Dukes,OD,JMD,,,0,,,,,odds_api_flattened,false,54,10,3,true,true,true
ncaaf,c036889f6e4e2955d4e6fabe895af2bc,c036889f6e4e2955d4e6fabe895af2bc,2025-12-22,2025-12-22T19:00:00Z,Utah State Aggies,Washington State Cougars,USA,WSC,,,0,,,,,odds_api_flattened,false,54,10,3,true,true,true
ncaaf,c49986aa8731de6e3c1723d9f8e91e02,c49986aa8731de6e3c1723d9f8e91e02,2025-12-23,2025-12-23T19:00:00Z,Louisville Cardinals,Toledo Rockets,LC2,TR,,,0,,,,,odds_api_flattened,false,58,10,3,true,true,true
ncaaf,cb6e1250fee631fee65cd81bba1a2a0a,cb6e1250fee631fee65cd81bba1a2a0a,2025-12-23,2025-12-23T22:30:00Z,Southern Mississippi Golden Eagles,Western Kentucky Hilltoppers,SMG2,WKH,,,0,,,,,odds_api_flattened,false,52,10,3,true,true,true
ncaaf,f518da1ee37719512dc3a4de4631332c,f518da1ee37719512dc3a4de4631332c,2025-12-24,2025-12-24T02:00:00Z,Ohio Bobcats,UNLV Rebels,OB,UR,,,0,,,,,odds_api_flattened,false,58,10,3,true,true,true
ncaaf,a1dd323522b56837490d61ace49a97e0,a1dd323522b56837490d61ace49a97e0,2025-12-25,2025-12-25T01:00:00Z,Hawaii Rainbow Warriors,California Golden Bears,HRW,CGB,,,0,,,,,odds_api_flattened,false,56,10,3,true,true,true
ncaaf,d9708069a1f10ee1e65510b3ddcf2a21,d9708069a1f10ee1e65510b3ddcf2a21,2025-12-26,2025-12-26T18:00:00Z,Northwestern Wildcats,Central Michigan Chippewas,NW,CMC,,,0,,,,,odds_api_flattened,false,58,10,3,true,true,true
ncaaf,3be9156167b64ba9f0510a1a47caf12c,3be9156167b64ba9f0510a1a47caf12c,2025-12-26,2025-12-26T21:30:00Z,Minnesota Golden Gophers,New Mexico Lobos,MGG,NML,,,0,,,,,odds_api_flattened,false,58,10,3,true,true,true
ncaaf,11fe13524675e4250d66d78223cf7671,11fe13524675e4250d66d78223cf7671,2025-12-27,2025-12-27T01:00:00Z,UTSA Roadrunners,Florida International Panthers,UR2,FIP,,,0,,,,,odds_api_flattened,false,54,10,3,true,true,true
ncaaf,ba41a4804a7569be6b43e49e1c4e29d9,ba41a4804a7569be6b43e49e1c4e29d9,2025-12-27,2025-12-27T16:05:00Z,East Carolina Pirates,Pittsburgh Panthers,ECP,PP,,,0,,,,,odds_api_flattened,false,54,10,3,true,true,true
ncaaf,2c37fe48857bfd4f7e8fa4a4c066ca2f,2c37fe48857bfd4f7e8fa4a4c066ca2f,2025-12-27,2025-12-27T17:00:00Z,Clemson Tigers,Penn State Nittany Lions,CT,PSN,,,0,,,,,odds_api_flattened,false,58,10,3,true,true,true
ncaaf,f673c68e1b8e73ab2a4b07b8194cb030,f673c68e1b8e73ab2a4b07b8194cb030,2025-12-27,2025-12-27T19:15:00Z,Army Black Knights,UConn Huskies,ABK,UH,,,0,,,,,odds_api_flattened,false,58,10,3,true,true,true
ncaaf,9c639867b2791002bb123f03e36d3ea5,9c639867b2791002bb123f03e36d3ea5,2025-12-27,2025-12-27T20:30:00Z,BYU Cougars,Georgia Tech Yellow Jackets,BC,GTY,,,0,,,,,odds_api_flattened,false,58,10,3,true,true,true
ncaaf,93bf74b692cc8ddf5be89a25df954d5a,93bf74b692cc8ddf5be89a25df954d5a,2025-12-27,2025-12-27T21:30:00Z,Fresno State Bulldogs,Miami (OH) RedHawks,FSB,MOR,,,0,,,,,odds_api_flattened,false,56,10,3,true,true,true
ncaaf,a08a377ac132421947dc9f8d802f82f9,a08a377ac132421947dc9f8d802f82f9,2025-12-27,2025-12-27T22:45:00Z,San Diego State Aztecs,North Texas Mean Green,SDS,NTM,,,0,,,,,odds_api_flattened,false,58,10,3,true,true,true
ncaaf,8449c7b1e25714e79347f84dd4676d29,8449c7b1e25714e79347f84dd4676d29,2025-12-28,2025-12-28T00:30:00Z,Missouri Tigers,Virginia Cavaliers,MT3,VC2,,,0,,,,,odds_api_flattened,false,58,10,3,true,true,true
ncaaf,d3b56634b3334a6221df4899b81bf412,d3b56634b3334a6221df4899b81bf412,2025-12-28,2025-12-28T02:15:00Z,Houston Cougars,LSU Tigers,HC,LT,,,0,,,,,odds_api_flattened,false,56,10,3,true,true,true
ncaaf,5469259159946d4f739f1d867365e199,5469259159946d4f739f1d867365e199,2025-12-29,2025-12-29T19:00:00Z,Appalachian State Mountaineers,Georgia Southern Eagles,ASM2,GSE,,,0,,,,,odds_api_flattened,false,58,10,3,true,true,true
ncaaf,0e89e6be81e49b2e05f41ab688b362db,0e89e6be81e49b2e05f41ab688b362db,2025-12-30,2025-12-30T19:00:00Z,Louisiana Tech Bulldogs,Coastal Carolina Chanticleers,LTB,CCC,,,0,,,,,odds_api_flattened,false,58,10,3,true,true,true
ncaaf,9c026fa3f51d3e506190c9512e71960a,9c026fa3f51d3e506190c9512e71960a,2025-12-30,2025-12-30T22:30:00Z,Illinois Fighting Illini,Tennessee Volunteers,IFI,TV,,,0,,,,,odds_api_flattened,false,58,10,3,true,true,true
ncaaf,c04b192335eb8afec1cbffcd72b658cf,c04b192335eb8afec1cbffcd72b658cf,2025-12-31,2025-12-31T02:00:00Z,TCU Horned Frogs,USC Trojans,THF,UT,,,0,,,,,odds_api_flattened,false,58,10,3,true,true,true
ncaaf,e4eae563eb44ef3d6809bf83c6f022ed,e4eae563eb44ef3d6809bf83c6f022ed,2025-12-31,2025-12-31T17:00:00Z,Vanderbilt Commodores,Iowa Hawkeyes,VC,IH2,,,0,,,,,odds_api_flattened,false,54,10,3,true,true,true
ncaaf,be58b6906c480e3440f3c4b65a068f3e,be58b6906c480e3440f3c4b65a068f3e,2025-12-31,2025-12-31T19:00:00Z,Duke Blue Devils,Arizona State Sun Devils,DBD,ASS,,,0,,,,,odds_api_flattened,false,58,10,3,true,true,true
ncaaf,19a577346818332b03e9737e6aadf808,19a577346818332b03e9737e6aadf808,2025-12-31,2025-12-31T20:00:00Z,Texas Longhorns,Michigan Wolverines,TL,MW2,,,0,,,,,odds_api_flattened,false,58,10,3,true,true,true
ncaaf,6f364b2f9038410b7cfedad799afddfb,6f364b2f9038410b7cfedad799afddfb,2025-12-31,2025-12-31T20:30:00Z,Utah Utes,Nebraska Cornhuskers,UU,NC,,,0,,,,,odds_api_flattened,false,52,9,3,true,true,true
ncaaf,d05ae1f8060582994d6d724ccbb5e21a,d05ae1f8060582994d6d724ccbb5e21a,2026-01-01,2026-01-01T00:30:00Z,Ohio State Buckeyes,Miami Hurricanes,OSB,MH,,,0,,,,,odds_api_flattened,false,58,10,3,true,true,true
ncaaf,edbc3683488f9366d907f83f61852079,edbc3683488f9366d907f83f61852079,2026-01-01,2026-01-01T00:30:00Z,Ohio State Buckeyes,Texas A&M Aggies,OSB,TAA,,,0,,,,,odds_api_flattened,false,12,4,3,true,true,true
ncaaf,0e7c354355b8ba08cb3a05c2b209e097,0e7c354355b8ba08cb3a05c2b209e097,2026-01-01,2026-01-01T17:00:00Z,Texas Tech Red Raiders,James Madison Dukes,TTR,JMD,,,0,,,,,odds_api_flattened,false,6,3,1,false,true,false
ncaaf,22c2cdc4f691ac3a9138cdf71231bb81,22c2cdc4f691ac3a9138cdf71231bb81,2026-01-01,2026-01-01T17:00:00Z,Texas Tech Red Raiders,Oregon Ducks,TTR,OD,,,0,,,,,odds_api_flattened,false,58,10,3,true,true,true
ncaaf,7678978564e7c8a1d1913f8c1d4463e5,7678978564e7c8a1d1913f8c1d4463e5,2026-01-01,2026-01-01T21:00:00Z,Indiana Hoosiers,Alabama Crimson Tide,IH,ACT,,,0,,,,,odds_api_flattened,false,58,10,3,true,true,true
ncaaf,8bb656391ae0565f943ffd0bd2cfc5b7,8bb656391ae0565f943ffd0bd2cfc5b7,2026-01-01,2026-01-01T21:00:00Z,Indiana Hoosiers,Oklahoma Sooners,IH,OS,,,0,,,,,odds_api_flattened,false,12,4,3,true,true,true
ncaaf,7203b3b2119a74b5e3506cbba10db3ef,7203b3b2119a74b5e3506cbba10db3ef,2026-01-02,2026-01-02T01:00:00Z,Georgia Bulldogs,Ole Miss Rebels,GB,OMR,,,0,,,,,odds_api_flattened,false,52,9,3,true,true,true
ncaaf,9b6d6f80e0ec371b59331e46a21700b3,9b6d6f80e0ec371b59331e46a21700b3,2026-01-02,2026-01-02T01:00:00Z,Georgia Bulldogs,Tulane Green Wave,GB,TGW,,,0,,,,,odds_api_flattened,false,6,3,1,false,true,false
ncaaf,930671ccd2f2eb35afc046e27c999b03,930671ccd2f2eb35afc046e27c999b03,2026-01-02,2026-01-02T18:00:00Z,Texas State Bobcats,Rice Owls,TSB,RO,,,0,,,,,odds_api_flattened,false,58,10,3,true,true,true
ncaaf,5bb624eddcdb91f1604d15e869b67fe6,5bb624eddcdb91f1604d15e869b67fe6,2026-01-02,2026-01-02T21:30:00Z,Cincinnati Bearcats,Navy Midshipmen,CB,NM,,,0,,,,,odds_api_flattened,false,58,10,3,true,true,true
ncaaf,485c875626910603ddd6d457d9f97e43,485c875626910603ddd6d457d9f97e43,2026-01-03,2026-01-03T01:00:00Z,SMU Mustangs,Arizona Wildcats,SM,AW,,,0,,,,,odds_api_flattened,false,58,10,3,true,true,true
ncaaf,bd6818aa5f43e7496cc108c90adf335d,bd6818aa5f43e7496cc108c90adf335d,2026-01-03,2026-01-03T01:00:00Z,Mississippi State Bulldogs,Wake Forest Demon Deacons,MSB,WFD,,,0,,,,,odds_api_flattened,false,58,10,3,true,true,true
ncaaf,56504eac7bbc625f7316c6bad4354b93,56504eac7bbc625f7316c6bad4354b93,2026-01-06,2026-01-06T00:30:00Z,Montana State Bobcats,Illinois State Redbirds,MSB3,ISR,,,0,,,,,odds_api_flattened,false,36,6,3,true,true,true
ncaaf,0983eaf1f34d2820503b25a9bc5ced6f,0983eaf1f34d2820503b25a9bc5ced6f,2026-01-09,2026-01-09T00:30:00Z,Georgia Bulldogs,Miami Hurricanes,GB,MH,,,0,,,,,odds_api_flattened,false,16,4,3,true,true,true
ncaaf,169eeab0821162439c0ecf53db53f018,169eeab0821162439c0ecf53db53f018,2026-01-09,2026-01-09T00:30:00Z,Ole Miss Rebels,Miami Hurricanes,OMR,MH,,,0,,,,,odds_api_flattened,false,52,9,3,true,true,true
ncaaf,176037d5736e9239feb4521785de46ff,176037d5736e9239feb4521785de46ff,2026-01-09,2026-01-09T00:30:00Z,Ohio State Buckeyes,Ole Miss Rebels,OSB,OMR,,,0,,,,,odds_api_flattened,false,14,3,3,true,true,true
ncaaf,202c450d9ff6398e9ad98e7d9d6e9e35,202c450d9ff6398e9ad98e7d9d6e9e35,2026-01-09,2026-01-09T00:30:00Z,Ohio State Buckeyes,Georgia Bulldogs,OSB,GB,,,0,,,,,odds_api_flattened,false,16,4,3,true,true,true
ncaaf,684cd6a0054de1920ea49fdb358b195b,684cd6a0054de1920ea49fdb358b195b,2026-01-10,2026-01-10T00:30:00Z,Oregon Ducks,Alabama Crimson Tide,OD,ACT,,,0,,,,,odds_api_flattened,false,16,4,3,true,true,true
ncaaf,8be641ff606273aed9428222113ef65f,8be641ff606273aed9428222113ef65f,2026-01-10,2026-01-10T00:30:00Z,Texas Tech Red Raiders,Alabama Crimson Tide,TTR,ACT,,,0,,,,,odds_api_flattened,false,16,4,3,true,true,true
ncaaf,bdd39d25f75126c0190b31313764980e,bdd39d25f75126c0190b31313764980e,2026-01-10,2026-01-10T00:30:00Z,Indiana Hoosiers,Texas Tech Red Raiders,IH,TTR,,,0,,,,,odds_api_flattened,false,16,4,3,true,true,true
ncaaf,cb32b2b0ea14036d2aa37918891ded69,cb32b2b0ea14036d2aa37918891ded69,2026-01-10,2026-01-10T00:30:00Z,Indiana Hoosiers,Oregon Ducks,IH,OD,,,0,,,,,odds_api_flattened,false,58,10,3,true,true,true
ncaaf,23a8a77339e637f439bd73791b4e22af,23a8a77339e637f439bd73791b4e22af,2026-01-20,2026-01-20T00:30:00Z,Indiana Hoosiers,Ole Miss Rebels,IH,OMR,,,0,,,,,odds_api_flattened,false,14,3,3,true,true,true
ncaaf,6af6623a038f6add7f026fc913e24356,6af6623a038f6add7f026fc913e24356,2026-01-20,2026-01-20T00:30:00Z,Oregon Ducks,Ole Miss Rebels,OD,OMR,,,0,,,,,odds_api_flattened,false,14,3,3,true,true,true
ncaaf,ecf29901db3fe15c0e5eae32f0390c51,ecf29901db3fe15c0e5eae32f0390c51,2026-01-20,2026-01-20T00:30:00Z,Oregon Ducks,Miami Hurricanes,OD,MH,,,0,,,,,odds_api_flattened,false,20,4,3,true,true,true
ncaaf,b9d4c49ff5254d29e970cbb40bb6b2ea,b9d4c49ff5254d29e970cbb40bb6b2ea,2026-01-20,2026-01-20T00:54:00Z,Indiana Hoosiers,Miami Hurricanes,IH,MH,,,0,,,,,odds_api_flattened,false,44,10,3,true,true,true
ncaaf,ncaaf_401856766,2c288580da16e12d35355f2548721be6,2026-08-29,2026-08-29T16:00:00Z,TCU Horned Frogs,North Carolina Tar Heels,THF,NCT,STATUS_SCHEDULED,pre,0,0,0,401856766,Aviva Stadium,odds_api_flattened,true,66,11,3,true,true,true
ncaaf,3313dcc5e91f9a2dda995a5e36e55f52,3313dcc5e91f9a2dda995a5e36e55f52,2026-08-29,2026-08-29T19:00:00Z,USC Trojans,San Jose State Spartans,UT,SJS,,,0,,,,,odds_api_flattened,false,48,11,3,true,true,true
ncaaf,ncaaf_401858202,123a238486098cc9e8f71fea0cf4e7b0,2026-08-29,2026-08-29T19:30:00Z,Virginia Cavaliers,NC State Wolfpack,VC2,NSW,STATUS_SCHEDULED,pre,0,0,0,401858202,Scott Stadium,odds_api_flattened,true,64,11,3,true,true,true
ncaaf,ncaaf_401864577,b9d8d9eeb4afdebe9f91de7f8253eb07,2026-08-29,2026-08-29T21:30:00Z,North Dakota State Bison,Jacksonville State Gamecocks,NDS,JSG,STATUS_SCHEDULED,pre,0,0,0,401864577,Fargodome,odds_api_flattened,true,66,11,3,true,true,true
ncaaf,ncaaf_401866408,7fd4a16a262295143f08276821b259a4,2026-08-29,2026-08-29T22:30:00Z,Eastern Michigan Eagles,Sacramento State Hornets,EME,SSH,STATUS_SCHEDULED,pre,0,0,0,401866408,Rynearson Stadium,odds_api_flattened,true,60,10,3,true,true,true
ncaaf,24941bb5e2e6f79d944530b0b8ea4be5,24941bb5e2e6f79d944530b0b8ea4be5,2026-08-29,2026-08-29T23:00:00Z,Stanford Cardinal,Hawaii Rainbow Warriors,SC,HRW,,,0,,,,,odds_api_flattened,false,66,11,3,true,true,true
ncaaf,ncaaf_401864570,9bbc04340f2b3f77756a22bc44e1a4a4,2026-08-29,2026-08-29T23:00:00Z,Florida State Seminoles,New Mexico State Aggies,FSS,NMS,STATUS_SCHEDULED,pre,0,0,0,401864570,Doak Campbell Stadium,odds_api_flattened,true,56,11,3,true,true,true
ncaaf,ncaaf_401862693,90d9b4e9c9485143021eb1535e792164,2026-08-30,2026-08-30T02:00:00Z,UNLV Rebels,Memphis Tigers,UR,MT2,STATUS_SCHEDULED,pre,0,0,0,401862693,Allegiant Stadium,odds_api_flattened,true,66,11,3,true,true,true
ncaaf,e564afb0a5ab84ab43befa56bdb90522,e564afb0a5ab84ab43befa56bdb90522,2026-09-03,2026-09-03T22:00:00Z,Rutgers Scarlet Knights,UMass Minutemen,RSK,UM,,,0,,,,,odds_api_flattened,false,44,10,3,true,true,true
ncaaf,ncaaf_401864425,018e668269a3b5dc4055758ca86b1062,2026-09-03,2026-09-03T23:00:00Z,Kennesaw State Owls,West Georgia Wolves,KSO,WGW,STATUS_SCHEDULED,pre,0,0,0,401864425,Walens Family Field at Fifth Third Stadium,odds_api_flattened,true,18,3,3,true,true,true
ncaaf,2f02052c3228ed6d9dc2e8ff8cdf5cdd,2f02052c3228ed6d9dc2e8ff8cdf5cdd,2026-09-03,2026-09-03T23:00:00Z,Buffalo Bulls,Albany,BB4,ALB,,,0,,,,,odds_api_flattened,false,18,3,3,true,true,true
ncaaf,ncaaf_401864424,99279326548a5f5399cc9a2efe27a057,2026-09-03,2026-09-03T23:00:00Z,Delaware Blue Hens,Merrimack Warriors,DBH,MW,STATUS_SCHEDULED,pre,0,0,0,401864424,Delaware Stadium,odds_api_flattened,true,18,3,3,true,true,true
ncaaf,ncaaf_401856767,d9f49d1967af91e2aade42979e8c65c8,2026-09-03,2026-09-03T23:00:00Z,UCF Knights,Bethune-Cookman Wildcats,UK,BCW,STATUS_SCHEDULED,pre,0,0,0,401856767,Acrisure Bounce House,odds_api_flattened,true,14,3,3,true,true,true
ncaaf,ncaaf_401858204,f089e3d943a34a9c4fe1808568b96529,2026-09-03,2026-09-03T23:00:00Z,Wake Forest Demon Deacons,Akron Zips,WFD,AZ,STATUS_SCHEDULED,pre,0,0,0,401858204,Allegacy Federal Credit Union Stadium,odds_api_flattened,true,64,11,3,true,true,true
ncaaf,ncaaf_401856776,1d6daad1c93bf7e5ae16be1db12e27d5,2026-09-04,2026-09-04T00:00:00Z,Georgia Tech Yellow Jackets,Colorado Buffaloes,GTY,CB3,STATUS_SCHEDULED,pre,0,0,0,401856776,Bobby Dodd Stadium,odds_api_flattened,true,66,11,3,true,true,true
ncaaf,ncaaf_401856663,64cf9eedef7f4c7a764860a59f3c4329,2026-09-04,2026-09-04T00:00:00Z,Missouri Tigers,Arkansas Pine Bluff Golden Lions,MT3,APB2,STATUS_SCHEDULED,pre,0,0,0,401856663,Memorial Stadium,odds_api_flattened,true,12,3,2,false,true,true
ncaaf,ncaaf_401858422,e746bf44bc7bb95a7686770723882d70,2026-09-04,2026-09-04T00:00:00Z,Minnesota Golden Gophers,Eastern Illinois Panthers,MGG,EIP,STATUS_SCHEDULED,pre,0,0,0,401858422,Huntington Bank Stadium,odds_api_flattened,true,14,3,3,true,true,true
ncaaf,ncaaf_401858424,1697069330d0343bdf7930ac0b0c3863,2026-09-04,2026-09-04T01:00:00Z,Illinois Fighting Illini,UAB Blazers,IFI,UB,STATUS_SCHEDULED,pre,0,0,0,401858424,Gies Memorial Stadium,odds_api_flattened,true,58,11,3,true,true,true
ncaaf,ncaaf_401856768,86e3c86de584357bb263fa4ae819ed30,2026-09-04,2026-09-04T01:00:00Z,Utah Utes,Idaho Vandals,UU,IV,STATUS_SCHEDULED,pre,0,0,0,401856768,Rice-Eccles Stadium,odds_api_flattened,true,18,3,3,true,true,true
ncaaf,171952045c3039d592807265d36b60d0,171952045c3039d592807265d36b60d0,2026-09-04,2026-09-04T22:30:00Z,Eastern Michigan Eagles,San Jose State Spartans,EME,SJS,,,0,,,,,odds_api_flattened,false,58,10,3,true,true,true
ncaaf,ncaaf_401858435,c424c1d6579f60f93c37698cc82f2ceb,2026-09-04,2026-09-04T23:00:00Z,Purdue Boilermakers,Indiana State Sycamores,PB,ISS,STATUS_SCHEDULED,pre,0,0,0,401858435,Ross-Ade Stadium,odds_api_flattened,true,14,3,3,true,true,true
ncaaf,ncaaf_401866623,d500b645ddca0f63d4d383778b3d5b21,2026-09-04,2026-09-04T23:00:00Z,Georgia State Panthers,North Carolina A&T Aggies,GSP,NCA,STATUS_SCHEDULED,pre,0,0,0,401866623,Center Parc Stadium,odds_api_flattened,true,18,3,3,true,true,true
ncaaf,ncaaf_401858429,05c2e060c97c538faeee8237a0bd60f0,2026-09-05,2026-09-05T00:00:00Z,Michigan State Spartans,Toledo Rockets,MSS,TR,STATUS_SCHEDULED,pre,0,0,0,401858429,Spartan Stadium,odds_api_flattened,true,66,11,3,true,true,true
ncaaf,604ae01f960f7be32aeb554f733be590,604ae01f960f7be32aeb554f733be590,2026-09-05,2026-09-05T00:00:00Z,Kansas Jayhawks,LIU Sharks,KJ,LS,,,0,,,,,odds_api_flattened,false,12,3,3,true,true,true
ncaaf,ncaaf_401856664,7356f9bad07c48fc6b78f52e38c85c11,2026-09-05,2026-09-05T00:00:00Z,Oklahoma Sooners,UTEP Miners,OS,UM2,STATUS_SCHEDULED,pre,0,0,0,401856664,"Memorial Stadium (Norman, OK)",odds_api_flattened,true,48,11,3,true,true,true
ncaaf,ncaaf_401858206,5f92cc707afed4249e1e935dbbeacb5e,2026-09-05,2026-09-05T01:00:00Z,Stanford Cardinal,Miami Hurricanes,SC,MH,STATUS_SCHEDULED,pre,0,0,0,401858206,Stanford Stadium,odds_api_flattened,true,62,11,3,true,true,true
ncaaf,ncaaf_401858436,a77e0c42754f1a99ae4fbea861a78408,2026-09-05,2026-09-05T01:00:00Z,USC Trojans,Fresno State Bulldogs,UT,FSB,STATUS_SCHEDULED,pre,0,0,0,401858436,Los Angeles Memorial Coliseum,odds_api_flattened,true,64,11,3,true,true,true
ncaaf,ncaaf_401858430,0b8f9bbc0bf1b04a819f0113922998b0,2026-09-05,2026-09-05T16:00:00Z,Nebraska Cornhuskers,Ohio Bobcats,NC,OB,STATUS_SCHEDULED,pre,0,0,0,401858430,"Memorial Stadium (Lincoln, NE)",odds_api_flattened,true,62,11,3,true,true,true
ncaaf,ncaaf_401856780,185883640e8f90f283915ddadb0230a3,2026-09-05,2026-09-05T16:00:00Z,West Virginia Mountaineers,Coastal Carolina Chanticleers,WVM,CCC,STATUS_SCHEDULED,pre,0,0,0,401856780,Milan Puskar Stadium,odds_api_flattened,true,66,11,3,true,true,true
ncaaf,ncaaf_401856778,4289d82f1cd4747962ff68c9098c6dcc,2026-09-05,2026-09-05T16:00:00Z,Houston Cougars,Oregon State Beavers,HC,OSB2,STATUS_SCHEDULED,pre,0,0,0,401856778,TDECU Stadium,odds_api_flattened,true,60,10,3,true,true,true
ncaaf,ncaaf_401862701,4deedbb327684841cd9aad6ffb77c3fc,2026-09-05,2026-09-05T16:00:00Z,Army Black Knights,Bryant Bulldogs,ABK,BB2,STATUS_SCHEDULED,pre,0,0,0,401862701,Michie Stadium,odds_api_flattened,true,14,3,3,true,true,true
ncaaf,ncaaf_401861962,71bac5fe0b10ac1e55892793b5ff9126,2026-09-05,2026-09-05T16:00:00Z,UConn Huskies,Lafayette Leopards,UH,LL,STATUS_SCHEDULED,pre,0,0,0,401861962,Pratt & Whitney Stadium,odds_api_flattened,true,18,3,3,true,true,true
ncaaf,ncaaf_401858207,ab601e833e1494159df16e0331dd02d4,2026-09-05,2026-09-05T16:00:00Z,Pittsburgh Panthers,Miami (OH) RedHawks,PP,MOR,STATUS_SCHEDULED,pre,0,0,0,401858207,Acrisure Stadium,odds_api_flattened,true,64,11,3,true,true,true
ncaaf,ncaaf_401869960,ad4b1c809d35ea03f513ccb45746e998,2026-09-05,2026-09-05T16:00:00Z,James Madison Dukes,Liberty Flames,JMD,LF,STATUS_SCHEDULED,pre,0,0,0,401869960,Bridgeforth Stadium,odds_api_flattened,true,66,11,3,true,true,true
ncaaf,ncaaf_401856634,b10ebab18213ecdc575885bfa874b98d,2026-09-05,2026-09-05T16:00:00Z,Alabama Crimson Tide,East Carolina Pirates,ACT,ECP,STATUS_SCHEDULED,pre,0,0,0,401856634,Bryant-Denny Stadium,odds_api_flattened,true,54,11,3,true,true,true
ncaaf,ncaaf_401866410,de634e2b9f72c5df734fcb741f2dc061,2026-09-05,2026-09-05T16:00:00Z,Bowling Green Falcons,Tarleton State Texans,BGF,TST,STATUS_SCHEDULED,pre,0,0,0,401866410,Doyt L. Perry Stadium,odds_api_flattened,true,18,3,3,true,true,true
ncaaf,ncaaf_401858425,e599d006aed0025ea9182d6763be6fd7,2026-09-05,2026-09-05T16:00:00Z,Indiana Hoosiers,North Texas Mean Green,IH,NTM,STATUS_SCHEDULED,pre,0,0,0,401858425,"Memorial Stadium (Bloomington, IN)",odds_api_flattened,true,48,11,3,true,true,true
ncaaf,ncaaf_401858208,f7c217b83839dba1c4df08e372851916,2026-09-05,2026-09-05T16:00:00Z,Syracuse Orange,New Hampshire Wildcats,SO,NHW,STATUS_SCHEDULED,pre,0,0,0,401858208,JMA Wireless Dome,odds_api_flattened,true,18,3,3,true,true,true
ncaaf,ncaaf_401858432,9bb89639201454f186964f5b86365760,2026-09-05,2026-09-05T16:30:00Z,Ohio State Buckeyes,Ball State Cardinals,OSB,BSC,STATUS_SCHEDULED,pre,0,0,0,401858432,Ohio Stadium,odds_api_flattened,true,44,11,3,true,true,true
ncaaf,ncaaf_401856665,994c7280c9e8dcb041c260eb2c767d4d,2026-09-05,2026-09-05T16:45:00Z,South Carolina Gamecocks,Kent State Golden Flashes,SCG,KSG,STATUS_SCHEDULED,pre,0,0,0,401856665,Williams-Brice Stadium,odds_api_flattened,true,50,11,3,true,true,true
ncaaf,ncaaf_401856779,0e7a154b072a69dce76b6403f608b476,2026-09-05,2026-09-05T17:00:00Z,Iowa State Cyclones,Southeast Missouri State Redhawks,ISC,SMS,STATUS_SCHEDULED,pre,0,0,0,401856779,Jack Trice Stadium,odds_api_flattened,true,18,3,3,true,true,true
ncaaf,6ba4c2cb4e23d19069d00b47716c95c9,6ba4c2cb4e23d19069d00b47716c95c9,2026-09-05,2026-09-05T17:00:00Z,Kentucky Wildcats,Youngstown St Penguins,KW,YSP,,,0,,,,,odds_api_flattened,false,18,3,3,true,true,true
ncaaf,ncaaf_401864496,ce384d78c826a2fee9787dec17269464,2026-09-05,2026-09-05T17:00:00Z,Air Force Falcons,Duquesne Dukes,AFF,DD,STATUS_SCHEDULED,pre,0,0,0,401864496,Falcon Stadium,odds_api_flattened,true,18,3,3,true,true,true
ncaaf,ncaaf_401862698,427c4b920f96292167b4643eb94b2fa5,2026-09-05,2026-09-05T18:00:00Z,Temple Owls,Rhode Island Rams,TO,RIR,STATUS_SCHEDULED,pre,0,0,0,401862698,Lincoln Financial Field,odds_api_flattened,true,24,4,3,true,true,true
ncaaf,ncaaf_401856658,6a210786327aaa1d1d7565f7b119f094,2026-09-05,2026-09-05T19:02:33Z,Georgia Bulldogs,Tennessee State Tigers,GB,TST2,STATUS_SCHEDULED,pre,0,0,0,401856658,Sanford Stadium,odds_api_flattened,true,24,6,3,true,true,true
ncaaf,ncaaf_401856667,932e0ced2b1a1ae5694574642bb186ae,2026-09-05,2026-09-05T19:30:00Z,Texas Longhorns,Texas State Bobcats,TL,TSB,STATUS_SCHEDULED,pre,0,0,0,401856667,DKR-Texas Memorial Stadium,odds_api_flattened,true,44,11,3,true,true,true
ncaaf,ncaaf_401856777,9e750af965ce9f276f4280686d4dba35,2026-09-05,2026-09-05T19:30:00Z,Cincinnati Bearcats,Boston College Eagles,CB,BCE,STATUS_SCHEDULED,pre,0,0,0,401856777,Nippert Stadium,odds_api_flattened,true,58,11,3,true,true,true
ncaaf,ncaaf_401856666,c87470467f02dc3279d33b69db9bae63,2026-09-05,2026-09-05T19:30:00Z,Tennessee Volunteers,Furman Paladins,TV,FP,STATUS_SCHEDULED,pre,0,0,0,401856666,Neyland Stadium,odds_api_flattened,true,24,6,3,true,true,true
ncaaf,9d83b5d81e825f63cd4bbb1f75f1a508,9d83b5d81e825f63cd4bbb1f75f1a508,2026-09-05,2026-09-05T19:32:09Z,Appalachian State Mountaineers,Maine Black Bears,ASM2,MBB,,,0,,,,,odds_api_flattened,false,26,6,3,true,true,true
ncaaf,ncaaf_401862700,2f1711e252f72bdbcfbce991ce7fd442,2026-09-05,2026-09-05T19:32:22Z,UTSA Roadrunners,UT Rio Grande Valley Vaqueros,UR2,URG,STATUS_SCHEDULED,pre,0,0,0,401862700,Alamodome,odds_api_flattened,true,24,6,2,false,true,true
ncaaf,ncaaf_401862696,fc7e0d9b83e3da0d637ba983b9eed9d5,2026-09-05,2026-09-05T19:34:00Z,Navy Midshipmen,Towson Tigers,NM,TT,STATUS_SCHEDULED,pre,0,0,0,401862696,Navy-Marine Corps Memorial Stadium,odds_api_flattened,true,30,7,3,true,true,true
ncaaf,ncaaf_401858434,3b70c72dad6ee188202de37cf3218811,2026-09-05,2026-09-05T19:35:00Z,Penn State Nittany Lions,Marshall Thundering Herd,PSN,MTH,STATUS_SCHEDULED,pre,0,0,0,401858434,Beaver Stadium,odds_api_flattened,true,48,10,3,true,true,true
ncaaf,ncaaf_401864499,3d0ba3d979787ef14b6fb75e65455672,2026-09-05,2026-09-05T19:36:08Z,North Dakota State Bison,Fordham Rams,NDS,FR,STATUS_SCHEDULED,pre,0,0,0,401864499,Fargodome,odds_api_flattened,true,22,5,3,true,true,true
ncaaf,ncaaf_401858433,ac175733be9ad7061abab75fe080d18a,2026-09-05,2026-09-05T19:40:00Z,Oregon Ducks,Boise State Broncos,OD,BSB,STATUS_SCHEDULED,pre,0,0,0,401858433,Autzen Stadium,odds_api_flattened,true,60,11,3,true,true,true
ncaaf,ncaaf_401856772,2da3627714934ad966d548980bb69658,2026-09-05,2026-09-05T19:45:00Z,Tulsa Golden Hurricane,Oklahoma State Cowboys,TGH,OSC,STATUS_SCHEDULED,pre,0,0,0,401856772,H. A. Chapman Stadium,odds_api_flattened,true,60,10,3,true,true,true
ncaaf,ncaaf_401856636,525909f6be5e505d076a97eb097528eb,2026-09-05,2026-09-05T19:45:00Z,Auburn Tigers,Baylor Bears,AT,BB,STATUS_SCHEDULED,pre,0,0,0,401856636,Mercedes-Benz Stadium,odds_api_flattened,true,66,11,3,true,true,true
ncaaf,ncaaf_401858426,261e6183f68405cd431bbdbd0c31eefa,2026-09-05,2026-09-05T20:15:00Z,Iowa Hawkeyes,Northern Illinois Huskies,IH2,NIH,STATUS_SCHEDULED,pre,0,0,0,401858426,Kinnick Stadium,odds_api_flattened,true,44,11,2,false,true,true
ncaaf,ncaaf_401856635,244ad71a1e9f6afa8001cc674aec1558,2026-09-05,2026-09-05T20:21:03Z,Arkansas Razorbacks,North Alabama Lions,AR,NAL,STATUS_SCHEDULED,pre,0,0,0,401856635,Donald W. Reynolds Razorback Stadium,odds_api_flattened,true,28,7,3,true,true,true
ncaaf,897638282df1d5781867ee8fb9b494f2,897638282df1d5781867ee8fb9b494f2,2026-09-05,2026-09-05T20:45:00Z,Charlotte 49ers,Citadel Bulldogs,C4,CB2,,,0,,,,,odds_api_flattened,false,40,7,3,true,true,true
ncaaf,ncaaf_401858209,8154373235ce2adf76b37ecd334601fc,2026-09-05,2026-09-05T21:00:00Z,Duke Blue Devils,Tulane Green Wave,DBD,TGW,STATUS_SCHEDULED,pre,0,0,0,401858209,Wallace Wade Stadium,odds_api_flattened,true,60,11,3,true,true,true
ncaaf,3da928fcc2533b3638a7a05f8cce5d12,3da928fcc2533b3638a7a05f8cce5d12,2026-09-05,2026-09-05T21:02:18Z,Southern Mississippi Golden Eagles,Alcorn State Braves,SMG2,ASB,,,0,,,,,odds_api_flattened,false,42,7,3,true,true,true
ncaaf,ncaaf_401867973,6dfe38a40bc077f3c10d6aa9333f512d,2026-09-05,2026-09-05T22:00:00Z,Old Dominion Monarchs,Norfolk State Spartans,ODM,NSS,STATUS_SCHEDULED,pre,0,0,0,401867973,S.B. Ballard Stadium,odds_api_flattened,true,42,10,3,true,true,true
ncaaf,ncaaf_401860878,ddf45575d5d07af2872a07618f9f7867,2026-09-05,2026-09-05T22:00:00Z,Colorado State Rams,Wyoming Cowboys,CSR,WC,STATUS_SCHEDULED,pre,0,0,0,401860878,Canvas Stadium,odds_api_flattened,true,66,11,3,true,true,true
ncaaf,ncaaf_401856770,0c4c84793ee16b40df982640f76a4d9b,2026-09-05,2026-09-05T23:00:00Z,Texas Tech Red Raiders,Abilene Christian Wildcats,TTR,ACW,STATUS_SCHEDULED,pre,0,0,0,401856770,Galaxy Stadium,odds_api_flattened,true,42,10,3,true,true,true
ncaaf,ncaaf_401868170,1107b27a3395b91cf33c3475755ed37f,2026-09-05,2026-09-05T23:00:00Z,Georgia Southern Eagles,Charleston Southern Buccaneers,GSE,CSB,STATUS_SCHEDULED,pre,0,0,0,401868170,Allen E. Paulson Stadium,odds_api_flattened,true,52,10,3,true,true,true
ncaaf,ncaaf_401856668,19db717a66097e6d3fb887ae8cf3aaae,2026-09-05,2026-09-05T23:00:00Z,Texas A&M Aggies,Missouri State Bears,TAA,MSB2,STATUS_SCHEDULED,pre,0,0,0,401856668,Kyle Field,odds_api_flattened,true,42,10,3,true,true,true
ncaaf,34c23c88d29703e3b8a3b0b9d29a7c31,34c23c88d29703e3b8a3b0b9d29a7c31,2026-09-05,2026-09-05T23:00:00Z,Rice Owls,Houston Baptist Huskies,RO,HBH,,,0,,,,,odds_api_flattened,false,52,10,3,true,true,true
ncaaf,ncaaf_401862695,57c73afe255c44ef3e19b52dc9557ea8,2026-09-05,2026-09-05T23:00:00Z,Memphis Tigers,Arkansas State Red Wolves,MT2,ASR,STATUS_SCHEDULED,pre,0,0,0,401862695,Simmons Bank Liberty Stadium,odds_api_flattened,true,66,11,3,true,true,true
ncaaf,ncaaf_401862699,85b9f3dfd3a9deeaaa046572f9b4fbeb,2026-09-05,2026-09-05T23:00:00Z,South Florida Bulls,Florida International Panthers,SFB,FIP,STATUS_SCHEDULED,pre,0,0,0,401862699,Raymond James Stadium,odds_api_flattened,true,66,11,3,true,true,true
ncaaf,92e9ba19aef9e422898288605879f16a,92e9ba19aef9e422898288605879f16a,2026-09-05,2026-09-05T23:00:00Z,South Alabama Jaguars,Southeastern Louisiana Lions,SAJ,SLL2,,,0,,,,,odds_api_flattened,false,56,10,3,true,true,true
ncaaf,ncaaf_401858428,965fa47588c773e6753d409fc1020dec,2026-09-05,2026-09-05T23:00:00Z,Michigan Wolverines,Western Michigan Broncos,MW2,WMB,STATUS_SCHEDULED,pre,0,0,0,401858428,Michigan Stadium,odds_api_flattened,true,66,11,3,true,true,true
ncaaf,ncaaf_401867866,ac175ca7938ed96d7f3831a9fa2e9270,2026-09-05,2026-09-05T23:00:00Z,Middle Tennessee Blue Raiders,Murray State Racers,MTB,MSR,STATUS_SCHEDULED,pre,0,0,0,401867866,"Johnny ""Red"" Floyd Stadium",odds_api_flattened,true,56,10,3,true,true,true
ncaaf,b4077e17d5393758cd18778ca067bd0a,b4077e17d5393758cd18778ca067bd0a,2026-09-05,2026-09-05T23:00:00Z,Kansas State Wildcats,Nicholls State Colonels,KSW,NSC,,,0,,,,,odds_api_flattened,false,36,8,3,true,true,true
ncaaf,ncaaf_401856669,d7c91dabe6e413cca1b7d0d6d8dc7a15,2026-09-05,2026-09-05T23:00:00Z,Vanderbilt Commodores,Austin Peay Governors,VC,APG,STATUS_SCHEDULED,pre,0,0,0,401856669,FirstBank Stadium,odds_api_flattened,true,48,10,3,true,true,true
ncaaf,ncaaf_401860880,e6624a0cd664a38cde2f68f865e0536f,2026-09-05,2026-09-05T23:00:00Z,Utah State Aggies,Idaho State Bengals,USA,ISB,STATUS_SCHEDULED,pre,0,0,0,401860880,Maverik Stadium,odds_api_flattened,true,56,10,3,true,true,true
ncaaf,ncaaf_401868140,f918d3d3ebf6112ff1362c0f48465204,2026-09-05,2026-09-05T23:00:00Z,Jacksonville State Gamecocks,Eastern Kentucky Colonels,JSG,EKC,STATUS_SCHEDULED,pre,0,0,0,401868140,AmFirst Stadium,odds_api_flattened,true,50,9,3,true,true,true
ncaaf,fb6839df368dc6724c22bd58cbe64a5d,fb6839df368dc6724c22bd58cbe64a5d,2026-09-05,2026-09-05T23:00:00Z,Troy Trojans,Sam Houston State Bearkats,TT2,SHS,,,0,,,,,odds_api_flattened,false,66,11,3,true,true,true
ncaaf,ncaaf_401856660,073bba47dc105fcd66913e74f281ae96,2026-09-05,2026-09-05T23:30:00Z,LSU Tigers,Clemson Tigers,LT,CT,STATUS_SCHEDULED,pre,0,0,0,401856660,Tiger Stadium (LA),odds_api_flattened,true,66,11,3,true,true,true
ncaaf,ncaaf_401858211,516f500b559017bc6c6f127259da99f1,2026-09-05,2026-09-05T23:30:00Z,Virginia Tech Hokies,VMI Keydets,VTH,VK,STATUS_SCHEDULED,pre,0,0,0,401858211,Lane Stadium,odds_api_flattened,true,40,10,2,false,true,true
ncaaf,ncaaf_401856662,61a35dab6017f6f7de74fab10707197c,2026-09-05,2026-09-05T23:30:00Z,Mississippi State Bulldogs,UL Monroe Warhawks,MSB,UMW,STATUS_SCHEDULED,pre,0,0,0,401856662,Davis Wade Stadium,odds_api_flattened,true,54,11,3,true,true,true
ncaaf,ncaaf_401869129,6def2370b6493e65be537864869f5f20,2026-09-05,2026-09-05T23:30:00Z,Louisiana Tech Bulldogs,Northwestern State Demons,LTB,NSD,STATUS_SCHEDULED,pre,0,0,0,401869129,Joe Aillet Stadium,odds_api_flattened,true,38,9,3,true,true,true
ncaaf,ncaaf_401856637,247137e181f9ff51165c0283d6d56987,2026-09-05,2026-09-05T23:45:00Z,Florida Gators,Florida Atlantic Owls,FG,FAO,STATUS_SCHEDULED,pre,0,0,0,401856637,Ben Hill Griffin Stadium,odds_api_flattened,true,66,11,3,true,true,true
ncaaf,ncaaf_401856775,6fda1c04dbc63f6c24f795f05e32d11b,2026-09-06,2026-09-06T00:00:00Z,BYU Cougars,Utah Tech Trailblazers,BC,UTT,STATUS_SCHEDULED,pre,0,0,0,401856775,LaVell Edwards Stadium,odds_api_flattened,true,40,10,2,false,true,true
ncaaf,ncaaf_401858431,7062c81b2c402a10362f42c8c30f72f4,2026-09-06,2026-09-06T00:00:00Z,Northwestern Wildcats,South Dakota State Jackrabbits,NW,SDS2,STATUS_SCHEDULED,pre,0,0,0,401858431,Northwestern Medicine Field at Martin Stadium,odds_api_flattened,true,56,10,3,true,true,true
ncaaf,ncaaf_401869142,993d8ce79314ba23c226f4588a015d05,2026-09-06,2026-09-06T00:00:00Z,Louisiana Ragin Cajuns,Lamar Cardinals,LRC2,LC,STATUS_SCHEDULED,pre,0,0,0,401869142,Our Lady of Lourdes Stadium,odds_api_flattened,true,54,10,3,true,true,true
ncaaf,ncaaf_401858427,c0467c7438f70a7ccf0c5a0a0b95a4f9,2026-09-06,2026-09-06T00:00:00Z,Maryland Terrapins,Hampton Pirates,MT,HP,STATUS_SCHEDULED,pre,0,0,0,401858427,SECU Stadium,odds_api_flattened,true,36,9,2,false,true,true
ncaaf,ncaaf_401870790,5df98ab50cf92b2a49fd7ad6f5d98b67,2026-09-06,2026-09-06T01:00:00Z,New Mexico State Aggies,Mercyhurst Lakers,NMS,ML,STATUS_SCHEDULED,pre,0,0,0,401870790,Aggie Memorial Stadium,odds_api_flattened,true,48,10,3,true,true,true
ncaaf,ncaaf_401856773,020f07f6edd4f49bb1db1eab439f57dd,2026-09-06,2026-09-06T01:30:00Z,Arizona Wildcats,Northern Arizona Lumberjacks,AW,NAL2,STATUS_SCHEDULED,pre,0,0,0,401856773,Casino Del Sol Stadium,odds_api_flattened,true,42,9,3,true,true,true
ncaaf,ncaaf_401860879,2d361438c10dddccfd25146090dae71a,2026-09-06,2026-09-06T01:30:00Z,San Diego State Aztecs,Portland State Vikings,SDS,PSV,STATUS_SCHEDULED,pre,0,0,0,401860879,Snapdragon Stadium,odds_api_flattened,true,40,10,2,false,true,true
ncaaf,ncaaf_401864498,0434161af1b45c8a61dac5ba00210af1,2026-09-06,2026-09-06T02:00:00Z,New Mexico Lobos,Central Michigan Chippewas,NML,CMC,STATUS_SCHEDULED,pre,0,0,0,401864498,University Stadium (NM),odds_api_flattened,true,66,11,3,true,true,true
ncaaf,ncaaf_401866411,29cb5ab7b872568cd54873777ff226ff,2026-09-06,2026-09-06T02:00:00Z,Sacramento State Hornets,Mississippi Valley State Delta Devils,SSH,MVS,STATUS_SCHEDULED,pre,0,0,0,401866411,Hornet Stadium,odds_api_flattened,true,26,7,2,false,true,true
ncaaf,ncaaf_401856774,4239b7c310247c5b1c1a5e975fc6d53f,2026-09-06,2026-09-06T02:00:00Z,Arizona State Sun Devils,Morgan State Bears,ASS,MSB4,STATUS_SCHEDULED,pre,0,0,0,401856774,Mountain America Stadium,odds_api_flattened,true,42,10,3,true,true,true
ncaaf,df569f05eeee15a5fdf95bd5ce086d6d,df569f05eeee15a5fdf95bd5ce086d6d,2026-09-06,2026-09-06T02:00:00Z,Hawaii Rainbow Warriors,UNLV Rebels,HRW,UR,,,0,,,,,odds_api_flattened,false,66,11,3,true,true,true
ncaaf,ncaaf_401858210,1bb9e45b6e7ed1200104ed018eff9093,2026-09-06,2026-09-06T02:30:00Z,California Golden Bears,UCLA Bruins,CGB,UB2,STATUS_SCHEDULED,pre,0,0,0,401858210,California Memorial Stadium,odds_api_flattened,true,66,11,3,true,true,true
ncaaf,ncaaf_401864432,63efb66a308ba1892fb100b7341a76d8,2026-09-06,2026-09-06T02:30:00Z,Nevada Wolf Pack,Western Kentucky Hilltoppers,NWP,WKH,STATUS_SCHEDULED,pre,0,0,0,401864432,Mackay Stadium,odds_api_flattened,true,60,11,3,true,true,true
ncaaf,36c2a063d7a55e85488fbe0e89015686,36c2a063d7a55e85488fbe0e89015686,2026-09-06,2026-09-06T20:00:00Z,Washington Huskies,Washington State Cougars,WH,WSC,,,0,,,,,odds_api_flattened,false,66,11,3,true,true,true
ncaaf,4f0e1900bdc8d12bf0cc91ae291c104e,4f0e1900bdc8d12bf0cc91ae291c104e,2026-09-06,2026-09-06T23:30:00Z,Ole Miss Rebels,Louisville Cardinals,OMR,LC2,,,0,,,,,odds_api_flattened,false,60,10,3,true,true,true
ncaaf,b460f3aa4235ec2485f25182755304d6,b460f3aa4235ec2485f25182755304d6,2026-09-06,2026-09-06T23:30:00Z,Notre Dame Fighting Irish,Wisconsin Badgers,NDF2,WB,,,0,,,,,odds_api_flattened,false,66,11,3,true,true,true
ncaaf,a570687d47661da4982cfd885cdb4a44,a570687d47661da4982cfd885cdb4a44,2026-09-07,2026-09-07T23:30:00Z,Florida State Seminoles,SMU Mustangs,FSS,SM,,,0,,,,,odds_api_flattened,false,66,11,3,true,true,true
ncaaf,18dec56516beb8daed598bc5c7a6872d,18dec56516beb8daed598bc5c7a6872d,2026-09-11,2026-09-11T00:00:00Z,Miami Hurricanes,Florida A&M Rattlers,MH,FAA,,,0,,,,,odds_api_flattened,false,4,1,2,false,true,true
ncaaf,912c15dcb8dd09eacabdcb80673d9d72,912c15dcb8dd09eacabdcb80673d9d72,2026-09-12,2026-09-12T00:00:00Z,Kansas Jayhawks,Missouri Tigers,KJ,MT3,,,0,,,,,odds_api_flattened,false,8,2,3,true,true,true
ncaaf,5a8d98c3147d18b683d90a536e76eb64,5a8d98c3147d18b683d90a536e76eb64,2026-09-12,2026-09-12T16:00:00Z,Purdue Boilermakers,Wake Forest Demon Deacons,PB,WFD,,,0,,,,,odds_api_flattened,false,12,6,1,true,false,false
ncaaf,6ab72601a536ccfdbc30904c90644d1a,6ab72601a536ccfdbc30904c90644d1a,2026-09-12,2026-09-12T16:00:00Z,Liberty Flames,Gardner-Webb Runnin Bulldogs,LF,GWR,,,0,,,,,odds_api_flattened,false,16,5,3,true,true,true
ncaaf,6dbd3546b178b91878131862fd719e1e,6dbd3546b178b91878131862fd719e1e,2026-09-12,2026-09-12T16:00:00Z,East Carolina Pirates,Appalachian State Mountaineers,ECP,ASM2,,,0,,,,,odds_api_flattened,false,20,6,3,true,true,true
ncaaf,e2280b63997737273801521da2ded119,e2280b63997737273801521da2ded119,2026-09-12,2026-09-12T16:00:00Z,James Madison Dukes,Wagner Seahawks,JMD,WS,,,0,,,,,odds_api_flattened,false,12,4,2,false,true,true
ncaaf,287a959c0717526161988214cb4e01ce,287a959c0717526161988214cb4e01ce,2026-09-12,2026-09-12T16:03:23Z,North Carolina Tar Heels,East Tennessee State Buccaneers,NCT,ETS,,,0,,,,,odds_api_flattened,false,16,4,2,false,true,true
ncaaf,3b3054849b678fcfa0b6a5a9994557bf,3b3054849b678fcfa0b6a5a9994557bf,2026-09-12,2026-09-12T16:05:00Z,Kansas State Wildcats,Washington State Cougars,KSW,WSC,,,0,,,,,odds_api_flattened,false,24,6,2,false,true,true
ncaaf,cad3845e3f9f9e746c4bbf45487eed02,cad3845e3f9f9e746c4bbf45487eed02,2026-09-12,2026-09-12T16:07:35Z,Texas A&M Aggies,Arizona State Sun Devils,TAA,ASS,,,0,,,,,odds_api_flattened,false,16,5,2,false,true,true
ncaaf,cdbde17fe5ba072172683681026c6312,cdbde17fe5ba072172683681026c6312,2026-09-12,2026-09-12T16:10:50Z,Virginia Tech Hokies,Old Dominion Monarchs,VTH,ODM,,,0,,,,,odds_api_flattened,false,16,5,2,false,true,true
ncaaf,b38f4f63351c15767e64a76a73589574,b38f4f63351c15767e64a76a73589574,2026-09-12,2026-09-12T16:14:37Z,Michigan Wolverines,Oklahoma Sooners,MW2,OS,,,0,,,,,odds_api_flattened,false,34,7,3,true,true,true
ncaaf,43ee6255542faa05e9b9853cb1c6289e,43ee6255542faa05e9b9853cb1c6289e,2026-09-12,2026-09-12T16:47:21Z,Georgia Bulldogs,Western Kentucky Hilltoppers,GB,WKH,,,0,,,,,odds_api_flattened,false,22,6,2,false,true,true
ncaaf,2a658c30f1df6cbb619b57193bb781a2,2a658c30f1df6cbb619b57193bb781a2,2026-09-12,2026-09-12T17:05:00Z,Miami (OH) RedHawks,Holy Cross Crusaders,MOR,HCC,,,0,,,,,odds_api_flattened,false,24,6,2,false,true,true
ncaaf,6e373e2da501d8104f2162d0e2ca6e2d,6e373e2da501d8104f2162d0e2ca6e2d,2026-09-12,2026-09-12T17:05:00Z,Central Michigan Chippewas,Colgate Raiders,CMC,CR,,,0,,,,,odds_api_flattened,false,42,7,3,true,true,true
ncaaf,c3281cee9975bf6d8ed8106826279caf,c3281cee9975bf6d8ed8106826279caf,2026-09-12,2026-09-12T17:05:00Z,West Virginia Mountaineers,UT Martin Skyhawks,WVM,UMS,,,0,,,,,odds_api_flattened,false,24,6,2,false,true,true
ncaaf,d652c7bc0594f13ef0a2a04e31ef5666,d652c7bc0594f13ef0a2a04e31ef5666,2026-09-12,2026-09-12T17:30:00Z,Oklahoma State Cowboys,Oregon Ducks,OSC,OD,,,0,,,,,odds_api_flattened,false,38,7,3,true,true,true
ncaaf,50ca382289647d24354223aa3512c02f,50ca382289647d24354223aa3512c02f,2026-09-12,2026-09-12T18:01:00Z,Ball State Cardinals,Stony Brook Seawolves,BSC,SBS,,,0,,,,,odds_api_flattened,false,28,7,2,false,true,true
ncaaf,08c5bac0240cbc3ba996fb55a75504f2,08c5bac0240cbc3ba996fb55a75504f2,2026-09-12,2026-09-12T19:30:00Z,Texas State Bobcats,UTSA Roadrunners,TSB,UR2,,,0,,,,,odds_api_flattened,false,60,10,3,true,true,true
ncaaf,0c68f1ebc9e9f2bc6a8fb51e072e35b9,0c68f1ebc9e9f2bc6a8fb51e072e35b9,2026-09-12,2026-09-12T19:30:00Z,Akron Zips,Robert Morris Colonials,AZ,RMC,,,0,,,,,odds_api_flattened,false,48,9,3,true,true,true
ncaaf,1427645d6020f742eece986c58bdb29d,1427645d6020f742eece986c58bdb29d,2026-09-12,2026-09-12T19:30:00Z,Syracuse Orange,California Golden Bears,SO,CGB,,,0,,,,,odds_api_flattened,false,66,11,3,true,true,true
ncaaf,2186fba5726dbd7fee2ce72477bdaa2b,2186fba5726dbd7fee2ce72477bdaa2b,2026-09-12,2026-09-12T19:30:00Z,Washington Huskies,Utah State Aggies,WH,USA,,,0,,,,,odds_api_flattened,false,64,11,3,true,true,true
ncaaf,61700ad2942d0c633b9c6cd402964356,61700ad2942d0c633b9c6cd402964356,2026-09-12,2026-09-12T19:30:00Z,UAB Blazers,UL Monroe Warhawks,UB,UMW,,,0,,,,,odds_api_flattened,false,60,10,3,true,true,true
ncaaf,70a4d83a64789d57f114b077a570ea27,70a4d83a64789d57f114b077a570ea27,2026-09-12,2026-09-12T19:30:00Z,UConn Huskies,Maryland Terrapins,UH,MT,,,0,,,,,odds_api_flattened,false,60,10,3,true,true,true
ncaaf,db05b8a09b0efd8546a13a2cb5e457fc,db05b8a09b0efd8546a13a2cb5e457fc,2026-09-12,2026-09-12T19:30:00Z,Michigan State Spartans,Eastern Michigan Eagles,MSS,EME,,,0,,,,,odds_api_flattened,false,66,11,3,true,true,true
ncaaf,f33d69b70bdc14e4182a474c2cc29419,f33d69b70bdc14e4182a474c2cc29419,2026-09-12,2026-09-12T19:30:00Z,Colorado Buffaloes,Weber State Wildcats,CB3,WSW,,,0,,,,,odds_api_flattened,false,34,8,3,true,true,true
ncaaf,f85969d656d1cafcfc4e60290a25bb09,f85969d656d1cafcfc4e60290a25bb09,2026-09-12,2026-09-12T19:30:00Z,UMass Minutemen,Sacred Heart Pioneers,UM,SHP,,,0,,,,,odds_api_flattened,false,46,9,3,true,true,true
ncaaf,28bb2aa99c25784abd9be51bba32c472,28bb2aa99c25784abd9be51bba32c472,2026-09-12,2026-09-12T19:32:00Z,Toledo Rockets,Central Connecticut Blue Devils,TR,CCB,,,0,,,,,odds_api_flattened,false,30,7,3,true,true,true
ncaaf,25c198f097870d531920ba524262737d,25c198f097870d531920ba524262737d,2026-09-12,2026-09-12T19:35:00Z,Minnesota Golden Gophers,Mississippi State Bulldogs,MGG,MSB,,,0,,,,,odds_api_flattened,false,62,11,3,true,true,true
ncaaf,52e9b0f6515766724ee70457912bdc18,52e9b0f6515766724ee70457912bdc18,2026-09-12,2026-09-12T19:35:00Z,Illinois Fighting Illini,Duke Blue Devils,IFI,DBD,,,0,,,,,odds_api_flattened,false,66,11,3,true,true,true
ncaaf,6e781bfdb712f185fb1be983bc10af15,6e781bfdb712f185fb1be983bc10af15,2026-09-12,2026-09-12T19:35:00Z,BYU Cougars,Arizona Wildcats,BC,AW,,,0,,,,,odds_api_flattened,false,66,11,3,true,true,true
ncaaf,dd880570288831c4fc55cb68f19f9667,dd880570288831c4fc55cb68f19f9667,2026-09-12,2026-09-12T19:35:00Z,Pittsburgh Panthers,UCF Knights,PP,UK,,,0,,,,,odds_api_flattened,false,66,11,3,true,true,true
ncaaf,2be7c621008f4d4147868ababc385a6c,2be7c621008f4d4147868ababc385a6c,2026-09-12,2026-09-12T19:40:00Z,Notre Dame Fighting Irish,Rice Owls,NDF2,RO,,,0,,,,,odds_api_flattened,false,44,11,2,false,true,true
ncaaf,2cb6f8436ba0f1fbcdcd7871a03466d5,2cb6f8436ba0f1fbcdcd7871a03466d5,2026-09-12,2026-09-12T19:40:00Z,Kentucky Wildcats,Alabama Crimson Tide,KW,ACT,,,0,,,,,odds_api_flattened,false,66,11,3,true,true,true
ncaaf,50b6e6aec0bd3f2fcb9dc18c113ddd12,50b6e6aec0bd3f2fcb9dc18c113ddd12,2026-09-12,2026-09-12T19:45:00Z,North Texas Mean Green,UNLV Rebels,NTM,UR,,,0,,,,,odds_api_flattened,false,66,11,3,true,true,true
ncaaf,aaed4df3af7a4c8e62da2bda808e49da,aaed4df3af7a4c8e62da2bda808e49da,2026-09-12,2026-09-12T20:00:00Z,Troy Trojans,Alabama State Hornets,TT2,ASH,,,0,,,,,odds_api_flattened,false,56,10,3,true,true,true
ncaaf,b5a47219e2e4b7efe0908d3441469559,b5a47219e2e4b7efe0908d3441469559,2026-09-12,2026-09-12T20:00:00Z,Wyoming Cowboys,Northern Colorado Bears,WC,NCB,,,0,,,,,odds_api_flattened,false,54,10,3,true,true,true
ncaaf,d71b8c6e0faec78e166823b1b3fa22b0,d71b8c6e0faec78e166823b1b3fa22b0,2026-09-12,2026-09-12T20:00:00Z,New Mexico Lobos,Mercyhurst Lakers,NML,ML,,,0,,,,,odds_api_flattened,false,36,9,2,false,true,true
ncaaf,e00feee7bbead345df02792e1dc79972,e00feee7bbead345df02792e1dc79972,2026-09-12,2026-09-12T20:00:00Z,SMU Mustangs,UC Davis Aggies,SM,UDA,,,0,,,,,odds_api_flattened,false,46,9,3,true,true,true
ncaaf,04d0c72553f17ebc22509fb1b5926600,04d0c72553f17ebc22509fb1b5926600,2026-09-12,2026-09-12T20:15:00Z,Vanderbilt Commodores,Delaware Blue Hens,VC,DBH,,,0,,,,,odds_api_flattened,false,66,11,3,true,true,true
ncaaf,7365ef8b298cbbef18e7d367fc33d0da,7365ef8b298cbbef18e7d367fc33d0da,2026-09-12,2026-09-12T21:30:00Z,Florida Gators,Campbell Fighting Camels,FG,CFC,,,0,,,,,odds_api_flattened,false,36,9,2,false,true,true
ncaaf,3cff947fac86cab5c41d4f7c0e9393ce,3cff947fac86cab5c41d4f7c0e9393ce,2026-09-12,2026-09-12T22:00:00Z,Ohio Bobcats,Jacksonville State Gamecocks,OB,JSG,,,0,,,,,odds_api_flattened,false,66,11,3,true,true,true
ncaaf,a2b7711390532d0014249f295a6d02b8,a2b7711390532d0014249f295a6d02b8,2026-09-12,2026-09-12T22:00:00Z,Florida International Panthers,Buffalo Bulls,FIP,BB4,,,0,,,,,odds_api_flattened,false,66,11,3,true,true,true
ncaaf,c46b118e570bf1fa1b2724f1fd7e4b24,c46b118e570bf1fa1b2724f1fd7e4b24,2026-09-12,2026-09-12T22:00:00Z,Boise State Broncos,Memphis Tigers,BSB,MT2,,,0,,,,,odds_api_flattened,false,66,11,3,true,true,true
ncaaf,604e4daf4bc676f524753f47cad8c6e7,604e4daf4bc676f524753f47cad8c6e7,2026-09-12,2026-09-12T22:30:00Z,Western Michigan Broncos,Monmouth Hawks,WMB,MH2,,,0,,,,,odds_api_flattened,false,48,9,3,true,true,true
ncaaf,14bc81696f296c5d32ac03e798aa6293,14bc81696f296c5d32ac03e798aa6293,2026-09-12,2026-09-12T23:00:00Z,Colorado State Rams,Southern Utah Thunderbirds,CSR,SUT,,,0,,,,,odds_api_flattened,false,56,10,3,true,true,true
ncaaf,18c682b142ecfadb8d6d801f5fb9aac7,18c682b142ecfadb8d6d801f5fb9aac7,2026-09-12,2026-09-12T23:00:00Z,Tulane Green Wave,South Alabama Jaguars,TGW,SAJ,,,0,,,,,odds_api_flattened,false,66,11,3,true,true,true
ncaaf,2fef91bee444782036d23f91abe0a5da,2fef91bee444782036d23f91abe0a5da,2026-09-12,2026-09-12T23:00:00Z,Georgia Tech Yellow Jackets,Tennessee Volunteers,GTY,TV,,,0,,,,,odds_api_flattened,false,66,11,3,true,true,true
ncaaf,3f05bfa200e747e1c2702776c675b7f9,3f05bfa200e747e1c2702776c675b7f9,2026-09-12,2026-09-12T23:00:00Z,Cincinnati Bearcats,Western Carolina Catamounts,CB,WCC,,,0,,,,,odds_api_flattened,false,42,9,3,true,true,true
ncaaf,5cc49501cef64287d2f6b5afe9526a16,5cc49501cef64287d2f6b5afe9526a16,2026-09-12,2026-09-12T23:00:00Z,Nebraska Cornhuskers,Bowling Green Falcons,NC,BGF,,,0,,,,,odds_api_flattened,false,62,11,3,true,true,true
ncaaf,703674067da3f80611ece581818f3863,703674067da3f80611ece581818f3863,2026-09-12,2026-09-12T23:00:00Z,Marshall Thundering Herd,Middle Tennessee Blue Raiders,MTH,MTB,,,0,,,,,odds_api_flattened,false,66,11,3,true,true,true
ncaaf,a0f7a9ba7824f73795a26ad4429c2b62,a0f7a9ba7824f73795a26ad4429c2b62,2026-09-12,2026-09-12T23:00:00Z,Houston Cougars,Southern University Jaguars,HC,SUJ,,,0,,,,,odds_api_flattened,false,36,9,2,false,true,true
ncaaf,a7402ec89d227ff9b9bf936a8679d313,a7402ec89d227ff9b9bf936a8679d313,2026-09-12,2026-09-12T23:00:00Z,Sam Houston State Bearkats,Tulsa Golden Hurricane,SHS,TGH,,,0,,,,,odds_api_flattened,false,66,11,3,true,true,true
ncaaf,bb92c7cb2dc05cd3f9a68f5b5d468549,bb92c7cb2dc05cd3f9a68f5b5d468549,2026-09-12,2026-09-12T23:00:00Z,South Carolina Gamecocks,Towson Tigers,SCG,TT,,,0,,,,,odds_api_flattened,false,36,9,2,false,true,true
ncaaf,c9c138c45cb4d0e8a39f962795671ffb,c9c138c45cb4d0e8a39f962795671ffb,2026-09-12,2026-09-12T23:00:00Z,Kennesaw State Owls,Georgia State Panthers,KSO,GSP,,,0,,,,,odds_api_flattened,false,66,11,3,true,true,true
ncaaf,dd26f75c6a8efab5ecb852bbfa85ef6c,dd26f75c6a8efab5ecb852bbfa85ef6c,2026-09-12,2026-09-12T23:00:00Z,Missouri State Bears,Lindenwood Lions,MSB2,LL2,,,0,,,,,odds_api_flattened,false,52,9,3,true,true,true
ncaaf,e3a48977017a29c2cb502a1137854747,e3a48977017a29c2cb502a1137854747,2026-09-12,2026-09-12T23:00:00Z,Northern Illinois Huskies,Illinois State Redbirds,NIH,ISR,,,0,,,,,odds_api_flattened,false,54,10,3,true,true,true
ncaaf,e65c9341bd5b03632dccdd856859b009,e65c9341bd5b03632dccdd856859b009,2026-09-12,2026-09-12T23:00:00Z,Arkansas State Red Wolves,West Georgia Wolves,ASR,WGW,,,0,,,,,odds_api_flattened,false,44,10,3,true,true,true
ncaaf,14620ae05bec8eaa19ca94156c71dff2,14620ae05bec8eaa19ca94156c71dff2,2026-09-12,2026-09-12T23:15:00Z,UCLA Bruins,San Diego State Aztecs,UB2,SDS,,,0,,,,,odds_api_flattened,false,66,11,3,true,true,true
ncaaf,4b5c8f26ca8a1537fb412ee845b8ea99,4b5c8f26ca8a1537fb412ee845b8ea99,2026-09-12,2026-09-12T23:15:00Z,Wisconsin Badgers,Western Illinois Leathernecks,WB,WIL,,,0,,,,,odds_api_flattened,false,36,9,2,false,true,true
ncaaf,0633819fa9e60ac71609cd40e1596b1b,0633819fa9e60ac71609cd40e1596b1b,2026-09-12,2026-09-12T23:30:00Z,Iowa Hawkeyes,Iowa State Cyclones,IH2,ISC,,,0,,,,,odds_api_flattened,false,66,11,3,true,true,true
ncaaf,08c34029ecc85b4a6d519f90f9082e56,08c34029ecc85b4a6d519f90f9082e56,2026-09-12,2026-09-12T23:30:00Z,Texas Longhorns,Ohio State Buckeyes,TL,OSB,,,0,,,,,odds_api_flattened,false,66,11,3,true,true,true
ncaaf,a8283159aa27932e7a640f6158b2ca98,a8283159aa27932e7a640f6158b2ca98,2026-09-12,2026-09-12T23:30:00Z,Clemson Tigers,Georgia Southern Eagles,CT,GSE,,,0,,,,,odds_api_flattened,false,66,11,3,true,true,true
ncaaf,cea07bdd5d8942d1055a1de8ba1fef33,cea07bdd5d8942d1055a1de8ba1fef33,2026-09-12,2026-09-12T23:30:00Z,Coastal Carolina Chanticleers,Fordham Rams,CCC,FR,,,0,,,,,odds_api_flattened,false,42,9,3,true,true,true
ncaaf,f0d4ea035d6edfabda0c2b298c7d42d2,f0d4ea035d6edfabda0c2b298c7d42d2,2026-09-12,2026-09-12T23:30:00Z,Oregon State Beavers,Texas Tech Red Raiders,OSB2,TTR,,,0,,,,,odds_api_flattened,false,66,11,3,true,true,true
ncaaf,f5de73eb9ed5553f7de28a2730b2e700,f5de73eb9ed5553f7de28a2730b2e700,2026-09-12,2026-09-12T23:30:00Z,Florida Atlantic Owls,Navy Midshipmen,FAO,NM,,,0,,,,,odds_api_flattened,false,66,11,3,true,true,true
ncaaf,f64dfff0ca497539e1d013801cca92af,f64dfff0ca497539e1d013801cca92af,2026-09-12,2026-09-12T23:30:00Z,LSU Tigers,Louisiana Tech Bulldogs,LT,LTB,,,0,,,,,odds_api_flattened,false,48,11,3,true,true,true
ncaaf,0a6b6423d89be9817a0c8cd830e8cc0d,0a6b6423d89be9817a0c8cd830e8cc0d,2026-09-12,2026-09-12T23:45:00Z,Auburn Tigers,Southern Mississippi Golden Eagles,AT,SMG2,,,0,,,,,odds_api_flattened,false,54,11,3,true,true,true
ncaaf,964916986927738c0d73842de1dd51bd,964916986927738c0d73842de1dd51bd,2026-09-12,2026-09-12T23:45:00Z,Ole Miss Rebels,Charlotte 49ers,OMR,C4,,,0,,,,,odds_api_flattened,false,36,9,2,false,true,true
ncaaf,9b246ebb525b38decbb86a8e6f23c76f,9b246ebb525b38decbb86a8e6f23c76f,2026-09-13,2026-09-13T00:00:00Z,TCU Horned Frogs,Grambling State Tigers,THF,GST,,,0,,,,,odds_api_flattened,false,36,9,2,false,true,true
ncaaf,e504ddd061f2cf04d44baab9917e6a89,e504ddd061f2cf04d44baab9917e6a89,2026-09-13,2026-09-13T00:00:00Z,Baylor Bears,Prairie View A&M Panthers,BB,PVA,,,0,,,,,odds_api_flattened,false,38,9,3,true,true,true
ncaaf,a323953025cbf4302d4aa87270f9505a,a323953025cbf4302d4aa87270f9505a,2026-09-13,2026-09-13T01:00:00Z,San Jose State Spartans,Cal Poly Mustangs,SJS,CPM,,,0,,,,,odds_api_flattened,false,54,10,3,true,true,true
ncaaf,e61b38634c2ba45e99bdba191ef5dea1,e61b38634c2ba45e99bdba191ef5dea1,2026-09-13,2026-09-13T01:00:00Z,UTEP Miners,Texas Southern Tigers,UM2,TST3,,,0,,,,,odds_api_flattened,false,48,9,3,true,true,true
ncaaf,7a78c246bb38d32c3238724e57051b15,7a78c246bb38d32c3238724e57051b15,2026-09-13,2026-09-13T02:00:00Z,Air Force Falcons,North Dakota State Bison,AFF,NDS,,,0,,,,,odds_api_flattened,false,66,11,3,true,true,true
ncaaf,c12cd73c4077a0265acec205a572c2ec,c12cd73c4077a0265acec205a572c2ec,2026-09-13,2026-09-13T02:15:00Z,Utah Utes,Arkansas Razorbacks,UU,AR,,,0,,,,,odds_api_flattened,false,60,10,3,true,true,true
ncaaf,6dd5d1c466d25617a69c046beb258b00,6dd5d1c466d25617a69c046beb258b00,2026-09-13,2026-09-13T02:30:00Z,Nevada Wolf Pack,Montana State Bobcats,NWP,MSB3,,,0,,,,,odds_api_flattened,false,56,10,3,true,true,true
ncaaf,b1298d12169731a56fba3b484f27c005,b1298d12169731a56fba3b484f27c005,2026-09-13,2026-09-13T02:30:00Z,Fresno State Bulldogs,Sacramento State Hornets,FSB,SSH,,,0,,,,,odds_api_flattened,false,66,11,3,true,true,true
ncaaf,91ba0aefe833f0543aa43843374916f4,91ba0aefe833f0543aa43843374916f4,2026-09-13,2026-09-13T03:00:00Z,USC Trojans,Louisiana Ragin Cajuns,UT,LRC2,,,0,,,,,odds_api_flattened,false,60,11,3,true,true,true
ncaaf,baa1d54d3e3162e5a550681144369eee,baa1d54d3e3162e5a550681144369eee,2026-09-13,2026-09-13T04:00:00Z,Hawaii Rainbow Warriors,New Mexico State Aggies,HRW,NMS,,,0,,,,,odds_api_flattened,false,66,11,3,true,true,true
ncaaf,01e9c4d460a55375a75d025e2b1ddbf5,01e9c4d460a55375a75d025e2b1ddbf5,2026-09-19,2026-09-19T16:00:00Z,Arkansas Razorbacks,Georgia Bulldogs,AR,GB,,,0,,,,,odds_api_flattened,false,6,1,3,true,true,true
ncaaf,dbcfc3184e20d1ea45e910b89585071f,dbcfc3184e20d1ea45e910b89585071f,2026-09-19,2026-09-19T19:30:00Z,Louisville Cardinals,SMU Mustangs,LC2,SM,,,0,,,,,odds_api_flattened,false,6,1,3,true,true,true
ncaaf,65571f1cab1a260aae4a220e38dbbc1d,65571f1cab1a260aae4a220e38dbbc1d,2026-09-19,2026-09-19T23:30:00Z,Ole Miss Rebels,LSU Tigers,OMR,LT,,,0,,,,,odds_api_flattened,false,16,3,3,true,true,true
ncaaf,0c71c3230f930f30ac34160b38dbbaf0,0c71c3230f930f30ac34160b38dbbaf0,2026-09-26,2026-09-26T16:00:00Z,LSU Tigers,Texas A&M Aggies,LT,TAA,,,0,,,,,odds_api_flattened,false,6,1,3,true,true,true
ncaaf,82b83ec87fc2be5faa2e9f26ac50edef,82b83ec87fc2be5faa2e9f26ac50edef,2026-10-10,2026-10-10T16:00:00Z,Oklahoma Sooners,Texas Longhorns,OS,TL,,,0,,,,,odds_api_flattened,false,12,2,3,true,true,true
ncaaf,59f8c98dee8ce77cc17c5b4958e4f325,59f8c98dee8ce77cc17c5b4958e4f325,2026-10-11,2026-10-11T00:00:00Z,Alabama Crimson Tide,Georgia Bulldogs,ACT,GB,,,0,,,,,odds_api_flattened,false,12,2,3,true,true,true
ncaaf,685a8722f297502fa85e4cd8c7e54b1c,685a8722f297502fa85e4cd8c7e54b1c,2026-10-17,2026-10-17T16:00:00Z,Indiana Hoosiers,Ohio State Buckeyes,IH,OSB,,,0,,,,,odds_api_flattened,false,12,2,3,true,true,true
ncaaf,bd2d52fadefed8a6174e73c84cca9ce3,bd2d52fadefed8a6174e73c84cca9ce3,2026-10-17,2026-10-17T16:00:00Z,BYU Cougars,Notre Dame Fighting Irish,BC,NDF2,,,0,,,,,odds_api_flattened,false,6,1,3,true,true,true
ncaaf,4aac00e6cc06b8905659f911419540d2,4aac00e6cc06b8905659f911419540d2,2026-11-08,2026-11-08T00:30:00Z,Notre Dame Fighting Irish,Miami Hurricanes,NDF2,MH,,,0,,,,,odds_api_flattened,false,12,2,3,true,true,true
ncaaf,38f9a9237c998cf91210a3d8f7d59a7a,38f9a9237c998cf91210a3d8f7d59a7a,2026-11-21,2026-11-21T17:00:00Z,Ole Miss Rebels,LSU Tigers,OMR,LT,,,0,,,,,odds_api_flattened,false,6,1,3,true,true,true
ncaaf,fa98066b4b400fb6af0672e170cc584a,fa98066b4b400fb6af0672e170cc584a,2026-11-22,2026-11-22T00:30:00Z,Notre Dame Fighting Irish,SMU Mustangs,NDF2,SM,,,0,,,,,odds_api_flattened,false,6,1,3,true,true,true
ncaaf,5b00e6b226dce4274d819d5d1818e703,5b00e6b226dce4274d819d5d1818e703,2026-11-27,2026-11-27T17:00:00Z,Ole Miss Rebels,Mississippi State Bulldogs,OMR,MSB,,,0,,,,,odds_api_flattened,false,6,1,3,true,true,true
ncaaf,f825e4c4d512e1c0a6db6ac7d8bc0326,f825e4c4d512e1c0a6db6ac7d8bc0326,2026-11-28,2026-11-28T16:00:00Z,Arizona Wildcats,Arizona State Sun Devils,AW,ASS,,,0,,,,,odds_api_flattened,false,6,1,3,true,true,true
ncaaf,426658869d8f93e891cad97029725975,426658869d8f93e891cad97029725975,2026-11-28,2026-11-28T17:00:00Z,Ohio State Buckeyes,Michigan Wolverines,OSB,MW2,,,0,,,,,odds_api_flattened,false,12,2,3,true,true,true
