{
  "calibration_version": "CALIBRATION_SNAPSHOT_V1",
  "snapshot_date": "2026-02-26",
  "backtest_folder_used": "backtest_20260226_1540",
  "total_games_used": 186,
  "spread_edge_percentiles": {
    "p10": 0.6926428225093346,
    "p25": 2.0053545991045993,
    "p50": 3.9826124338624282,
    "p75": 6.51731527093596,
    "p90": 9.005620757918557
  },
  "total_edge_percentiles": {
    "p10": 1.228617344553527,
    "p25": 3.00185978046796,
    "p50": 5.442894685136054,
    "p75": 9.363066620879117,
    "p90": 13.776388515144134
  },
  "spread_bucket_win_rates": {
    "2-4": 0.5869565217391305,
    "4-8": 0.44776119402985076,
    "0-1": 0.5714285714285714,
    "1-2": 0.5789473684210527,
    "8+": 0.6153846153846154
  },
  "total_bucket_win_rates": {
    "2-4": 0.5882352941176471,
    "4-8": 0.5538461538461539,
    "8+": 0.44642857142857145,
    "1-2": 0.5789473684210527,
    "0-1": 0.5833333333333334
  },
  "bias_baseline": {
    "over_win_rate": 0.4883720930232558,
    "under_win_rate": 0.631578947368421,
    "favorite_win_rate": 0.4166666666666667,
    "dog_win_rate": 0.5459770114942529
  }
}