away_abbr,away_avg_points_against,away_avg_points_for,away_fatigue_flag,away_fatigue_score,away_last5_points_against,away_last5_points_for,away_net_rating,away_net_rating_last5,away_points,away_rest_bucket,away_rest_days,away_team,away_team_3pa,away_team_3pm,away_team_3pt_pct,away_team_id,fatigue_diff_home_minus_away,game_date,game_id,home_abbr,home_avg_points_against,home_avg_points_for,home_fatigue_flag,home_fatigue_score,home_injury_impact,home_last5_points_against,home_last5_points_for,home_net_rating,home_net_rating_last5,home_num_out,home_num_questionable,home_points,home_rest_bucket,home_rest_days,home_team,home_team_3pa,home_team_3pm,home_team_3pt_pct,home_team_id,moneyline_away_last,moneyline_home_last,nba_game_day_local,odds_id,odds_join_method,odds_snapshot_last_utc,ot_minutes,season_year,spread_away_last,spread_home_last,total_last,went_ot
PHI,,,False,0.0,,,,,84,unknown,,Philadelphia 76ers,35,3,0.0857,1610612755,0.0,2025-10-02T00:00:00Z,0012500008,NYK,,,False,0.0,0.0,,,,,0,0,99,unknown,,New York Knicks,39,8,0.2051,1610612752,,,2025-10-02,,,,0,2025,,,,False
PHX,,,False,0.0,,,,,103,unknown,,Phoenix Suns,41,13,0.3171,1610612756,0.0,2025-10-03T00:00:00Z,0012500001,LAL,,,False,0.0,0.0,,,,,0,0,81,unknown,,Los Angeles Lakers,35,6,0.1714,1610612747,,,2025-10-03,,,,0,2025,,,,False
NYK,,,True,0.4,,,,,113,1_day,1,New York Knicks,36,12,0.3333,1610612752,0.0,2025-10-04T00:00:00Z,0012500010,PHI,,,True,0.4,0.0,,,,,0,0,104,1_day,1,Philadelphia 76ers,33,12,0.3636,1610612755,,,2025-10-04,,,,0,2025,,,,False
ORL,,,False,0.0,,,,,126,unknown,,Orlando Magic,39,13,0.3333,1610612753,0.0,2025-10-04T00:00:00Z,0012500027,MIA,,,False,0.0,0.0,,,,,0,0,118,unknown,,Miami Heat,29,14,0.4828,1610612748,,,2025-10-04,,,,0,2025,,,,False
MIN,,,False,0.0,,,,,126,unknown,,Minnesota Timberwolves,30,15,0.5,1610612750,0.0,2025-10-04T00:00:00Z,0012500028,DEN,,,False,0.0,0.0,,,,,0,0,116,unknown,,Denver Nuggets,28,11,0.3929,1610612743,,,2025-10-04,,,,0,2025,,,,False
OKC,,,False,0.0,,,,,135,unknown,,Oklahoma City Thunder,49,20,0.4082,1610612760,0.0,2025-10-05T00:00:00Z,0012500029,CHA,,,False,0.0,0.0,,,,,0,0,114,unknown,,Charlotte Hornets,51,15,0.2941,1610612766,,,2025-10-05,,,,0,2025,,,,False
LAL,,,True,0.4,,,,,103,1_day,1,Los Angeles Lakers,34,12,0.3529,1610612747,-0.4,2025-10-05T00:00:00Z,0012500030,GSW,,,False,0.0,0.0,,,,,0,0,111,unknown,,Golden State Warriors,43,17,0.3953,1610612744,,,2025-10-05,,,,0,2025,,,,False
MIL,,,False,0.0,,,,,103,unknown,,Milwaukee Bucks,41,13,0.3171,1610612749,0.4,2025-10-06T00:00:00Z,0012500002,MIA,126.0,118.0,True,0.4,0.0,,,-8.0,,0,0,93,1_day,1,Miami Heat,28,8,0.2857,1610612748,,,2025-10-06,,,,0,2025,,,,False
ATL,,,False,0.0,,,,,113,unknown,,Atlanta Hawks,49,15,0.3061,1610612737,0.0,2025-10-06T00:00:00Z,0012500014,HOU,,,False,0.0,0.0,,,,,0,0,122,unknown,,Houston Rockets,34,14,0.4118,1610612745,,,2025-10-06,,,,0,2025,,,,False
DET,,,False,0.0,,,,,128,unknown,,Detroit Pistons,39,14,0.359,1610612765,0.0,2025-10-06T00:00:00Z,0012500031,MEM,,,False,0.0,0.0,,,,,0,0,112,unknown,,Memphis Grizzlies,49,20,0.4082,1610612763,,,2025-10-06,,,,0,2025,,,,False
OKC,114.0,135.0,True,1.6,,,21.0,,89,b2b,0,Oklahoma City Thunder,51,14,0.2745,1610612760,-1.6,2025-10-06T00:00:00Z,0012500033,DAL,,,False,0.0,0.0,,,,,0,0,106,unknown,,Dallas Mavericks,35,11,0.3143,1610612742,,,2025-10-06,,,,0,2025,,,,False
DEN,,,True,0.4,,,,,112,1_day,1,Denver Nuggets,29,11,0.3793,1610612743,-0.4,2025-10-06T00:00:00Z,0012500034,TOR,,,False,0.0,0.0,,,,,0,0,108,unknown,,Toronto Raptors,42,10,0.2381,1610612761,,,2025-10-06,,,,0,2025,,,,False
CHI,,,False,0.0,,,,,118,unknown,,Chicago Bulls,40,13,0.325,1610612741,0.0,2025-10-07T00:00:00Z,0012500035,CLE,,,False,0.0,0.0,,,,,0,0,117,unknown,,Cleveland Cavaliers,41,15,0.3659,1610612739,,,2025-10-07,,,,0,2025,,,,False
IND,,,True,0.35,,,,,135,unknown,,Indiana Pacers,46,20,0.4348,1610612754,0.15,2025-10-07T00:00:00Z,0012500036,MIN,,,True,0.5,0.0,,,,,0,0,134,2_days,2,Minnesota Timberwolves,36,17,0.4722,1610612750,,,2025-10-07,,,,5,2025,,,,True
SAS,,,False,0.0,,,,,112,unknown,,San Antonio Spurs,36,13,0.3611,1610612759,0.4,2025-10-08T00:00:00Z,0012500003,MIA,114.5,105.5,True,0.4,0.0,,,-9.0,,0,0,107,1_day,1,Miami Heat,29,10,0.3448,1610612748,,,2025-10-08,,,,0,2025,,,,False
POR,,,False,0.0,,,,,123,unknown,,Portland Trail Blazers,48,16,0.3333,1610612757,0.15,2025-10-08T00:00:00Z,0012500015,GSW,103.0,111.0,True,0.15,0.0,,,8.0,,0,0,129,2_days,2,Golden State Warriors,45,19,0.4222,1610612744,,,2025-10-08,,,,0,2025,,,,False
TOR,,,True,0.4,,,,,130,1_day,1,Toronto Raptors,37,20,0.5405,1610612761,-0.4,2025-10-08T00:00:00Z,0012500016,SAC,,,False,0.0,0.0,,,,,0,0,122,unknown,,Sacramento Kings,33,10,0.303,1610612758,,,2025-10-08,,,,0,2025,,,,False
UTA,,,False,0.0,,,,,127,unknown,,Utah Jazz,45,20,0.4444,1610612762,0.4,2025-10-08T00:00:00Z,0012500037,HOU,113.0,122.0,True,0.4,0.0,,,9.0,,0,0,140,1_day,1,Houston Rockets,34,13,0.3824,1610612745,,,2025-10-08,,,,0,2025,,,,False
BOS,,,False,0.0,,,,,121,unknown,,Boston Celtics,53,15,0.283,1610612738,0.4,2025-10-08T00:00:00Z,0012500038,MEM,128.0,112.0,True,0.4,0.0,,,-16.0,,0,0,103,1_day,1,Memphis Grizzlies,38,7,0.1842,1610612763,,,2025-10-08,,,,0,2025,,,,False
MIN,116.0,126.0,True,0.75,,,10.0,,95,1_day,1,Minnesota Timberwolves,38,15,0.3947,1610612750,-0.4,2025-10-09T00:00:00Z,0012500039,NYK,84.0,99.0,True,0.35,0.0,,,15.0,,0,0,100,3_plus_days,4,New York Knicks,57,15,0.2632,1610612752,,,2025-10-09,,,,5,2025,,,,True
CLE,,,True,0.4,,,,,112,1_day,1,Cleveland Cavaliers,41,16,0.3902,1610612739,0.0,2025-10-09T00:00:00Z,0012500040,CHI,,,True,0.4,0.0,,,,,0,0,119,1_day,1,Chicago Bulls,42,14,0.3333,1610612741,,,2025-10-09,,,,0,2025,,,,False
DET,112.0,128.0,True,0.15,,,16.0,,111,2_days,2,Detroit Pistons,33,10,0.303,1610612765,0.0,2025-10-09T00:00:00Z,0012500041,MIL,,,True,0.15,0.0,,,,,0,0,117,2_days,2,Milwaukee Bucks,36,18,0.5,1610612749,,,2025-10-09,,,,0,2025,,,,False
CHA,,,False,0.0,,,,,116,3_plus_days,3,Charlotte Hornets,43,16,0.3721,1610612766,0.15,2025-10-09T00:00:00Z,0012500042,OKC,,,True,0.15,0.0,,,,,0,0,122,2_days,2,Oklahoma City Thunder,43,15,0.3488,1610612760,,,2025-10-09,,,,0,2025,,,,False
PHX,81.0,103.0,True,0.35,,,22.0,,132,3_plus_days,6,Phoenix Suns,42,11,0.2619,1610612756,0.0,2025-10-10T00:00:00Z,0012500012,BKN,,,True,0.35,0.0,,,,,0,0,127,unknown,,Brooklyn Nets,29,14,0.4828,1610612751,,,2025-10-10,,,,5,2025,,,,True
SAC,,,True,0.4,,,,,123,1_day,1,Sacramento Kings,34,11,0.3235,1610612758,0.0,2025-10-10T00:00:00Z,0012500017,POR,,,True,0.4,0.0,,,,,0,0,124,1_day,1,Portland Trail Blazers,37,10,0.2703,1610612757,,,2025-10-10,,,,0,2025,,,,False
BOS,103.0,121.0,True,0.4,,,18.0,,105,1_day,1,Boston Celtics,38,10,0.2632,1610612738,0.0,2025-10-10T00:00:00Z,0012500044,TOR,112.0,108.0,True,0.4,0.0,,,-4.0,,0,0,107,1_day,1,Toronto Raptors,46,16,0.3478,1610612761,,,2025-10-10,,,,0,2025,,,,False
UTA,140.0,127.0,True,0.75,,,-13.0,,130,1_day,1,Utah Jazz,41,14,0.3415,1610612762,0.0,2025-10-10T00:00:00Z,0012500045,SAS,,,True,0.75,0.0,,,,,0,0,134,1_day,1,San Antonio Spurs,48,13,0.2708,1610612759,,,2025-10-10,,,,5,2025,,,,True
ORL,118.0,126.0,False,0.0,,,8.0,,128,3_plus_days,5,Orlando Magic,32,11,0.3438,1610612753,0.0,2025-10-10T00:00:00Z,0012500070,PHI,113.0,104.0,False,0.0,0.0,,,-9.0,,0,0,98,3_plus_days,5,Philadelphia 76ers,34,8,0.2353,1610612755,,,2025-10-10,,,,0,2025,,,,False
ATL,122.0,113.0,False,0.0,,,-9.0,,122,3_plus_days,4,Atlanta Hawks,31,9,0.2903,1610612737,0.15,2025-10-11T00:00:00Z,0012500018,MEM,124.5,107.5,True,0.15,0.0,,,-17.0,,0,0,116,2_days,2,Memphis Grizzlies,47,14,0.2979,1610612763,,,2025-10-11,,,,0,2025,,,,False
OKC,110.0,112.0,True,0.4,,,2.0,,101,1_day,1,Oklahoma City Thunder,37,12,0.3243,1610612760,-0.4,2025-10-11T00:00:00Z,0012500046,IND,,,False,0.0,0.0,,,,,0,0,116,3_plus_days,3,Indiana Pacers,48,12,0.25,1610612754,,,2025-10-11,,,,0,2025,,,,False
CHA,122.0,116.0,True,0.4,,,-6.0,,120,1_day,1,Charlotte Hornets,39,16,0.4103,1610612766,-0.4,2025-10-11T00:00:00Z,0012500047,DAL,89.0,106.0,False,0.0,0.0,,,17.0,,0,0,116,3_plus_days,4,Dallas Mavericks,27,10,0.3704,1610612742,,,2025-10-11,,,,0,2025,,,,False
GSW,,,False,0.0,,,,,116,3_plus_days,3,Golden State Warriors,43,14,0.3256,1610612744,0.0,2025-10-12T00:00:00Z,0012500004,LAL,103.0,81.0,False,0.0,0.0,,,-22.0,,0,0,126,3_plus_days,6,Los Angeles Lakers,27,12,0.4444,1610612747,,,2025-10-12,,,,0,2025,,,,False
BKN,,,True,0.4,,,,,111,1_day,1,Brooklyn Nets,40,17,0.425,1610612751,0.0,2025-10-12T00:00:00Z,0012500013,PHX,,,True,0.4,0.0,,,,,0,0,109,1_day,1,Phoenix Suns,38,13,0.3421,1610612756,,,2025-10-12,,,,0,2025,,,,False
TOR,122.0,130.0,True,0.4,,,8.0,,113,1_day,1,Toronto Raptors,49,14,0.2857,1610612761,-0.4,2025-10-12T00:00:00Z,0012500048,WAS,,,False,0.0,0.0,,,,,0,0,112,unknown,,Washington Wizards,31,9,0.2903,1610612764,,,2025-10-12,,,,0,2025,,,,False
MIA,,,False,0.0,,,,,104,3_plus_days,3,Miami Heat,33,9,0.2727,1610612748,0.4,2025-10-12T00:00:00Z,0012500049,ORL,,,True,0.4,0.0,,,,,0,0,120,1_day,1,Orlando Magic,40,13,0.325,1610612753,,,2025-10-12,,,,0,2025,,,,False
CLE,119.0,112.0,True,0.15,,,-7.0,,107,2_days,2,Cleveland Cavaliers,60,12,0.2,1610612739,0.25,2025-10-12T00:00:00Z,0012500050,BOS,,,True,0.4,0.0,,,,,0,0,138,1_day,1,Boston Celtics,45,18,0.4,1610612738,,,2025-10-12,,,,0,2025,,,,False
MIL,93.0,103.0,True,0.15,,,10.0,,127,2_days,2,Milwaukee Bucks,48,20,0.4167,1610612749,0.0,2025-10-12T00:00:00Z,0012500051,CHI,112.0,119.0,True,0.15,0.0,,,7.0,,0,0,121,2_days,2,Chicago Bulls,41,11,0.2683,1610612741,,,2025-10-12,,,,0,2025,,,,False
DEN,108.0,112.0,False,0.0,,,4.0,,102,3_plus_days,5,Denver Nuggets,42,15,0.3571,1610612743,0.0,2025-10-12T00:00:00Z,0012500052,LAC,,,False,0.0,0.0,,,,,0,0,94,unknown,,LA Clippers,37,9,0.2432,1610612746,,,2025-10-12,,,,0,2025,,,,False
MIA,120.0,104.0,True,1.95,,,-16.0,,118,b2b,0,Miami Heat,34,5,0.1471,1610612748,-1.2,2025-10-13T00:00:00Z,0012500019,ATL,,,True,0.75,0.0,,,,,0,0,119,1_day,1,Atlanta Hawks,48,12,0.25,1610612737,,,2025-10-13,,,,5,2025,,,,True
SAS,107.0,112.0,True,0.15,,,5.0,,124,2_days,2,San Antonio Spurs,37,15,0.4054,1610612759,0.25,2025-10-13T00:00:00Z,0012500053,IND,101.0,116.0,True,0.4,0.0,,,15.0,,0,0,108,1_day,1,Indiana Pacers,41,19,0.4634,1610612754,,,2025-10-13,,,,0,2025,,,,False
WAS,,,True,1.6,,,,,120,b2b,0,Washington Wizards,36,14,0.3889,1610612764,-1.6,2025-10-13T00:00:00Z,0012500054,NYK,89.5,99.5,False,0.0,0.0,,,10.0,,0,0,103,3_plus_days,3,New York Knicks,42,13,0.3095,1610612752,,,2025-10-13,,,,0,2025,,,,False
DAL,,,True,0.4,,,,,114,1_day,1,Dallas Mavericks,53,15,0.283,1610612742,-0.25,2025-10-13T00:00:00Z,0012500056,UTA,,,True,0.15,0.0,,,,,0,0,101,2_days,2,Utah Jazz,37,11,0.2973,1610612762,,,2025-10-13,,,,0,2025,,,,False
HOU,,,False,0.0,,,,,130,3_plus_days,5,Houston Rockets,36,11,0.3056,1610612745,0.0,2025-10-14T00:00:00Z,0012500020,NOP,,,False,0.0,0.0,,,,,0,0,128,unknown,,New Orleans Pelicans,38,9,0.2368,1610612740,,,2025-10-14,,,,0,2025,,,,False
GSW,126.0,116.0,True,0.4,,,-10.0,,118,1_day,1,Golden State Warriors,50,18,0.36,1610612744,-0.4,2025-10-14T00:00:00Z,0012500021,POR,123.0,124.0,False,0.0,0.0,,,1.0,,0,0,111,3_plus_days,3,Portland Trail Blazers,43,9,0.2093,1610612757,,,2025-10-14,,,,0,2025,,,,False
DET,114.5,119.5,False,0.0,,,5.0,,100,3_plus_days,4,Detroit Pistons,24,8,0.3333,1610612765,0.4,2025-10-14T00:00:00Z,0012500057,CLE,118.0,117.0,True,0.4,0.0,,,-1.0,,0,0,118,1_day,1,Cleveland Cavaliers,43,17,0.3953,1610612739,,,2025-10-14,,,,0,2025,,,,False
OKC,112.0,108.33333333333333,True,0.15,,,-3.6666666666666714,,116,2_days,2,Oklahoma City Thunder,43,16,0.3721,1610612760,0.25,2025-10-14T00:00:00Z,0012500058,MIL,111.0,117.0,True,0.4,0.0,,,6.0,,0,0,112,1_day,1,Milwaukee Bucks,45,18,0.4,1610612749,,,2025-10-14,,,,0,2025,,,,False
CHI,117.0,118.0,True,0.4,,,1.0,,117,1_day,1,Chicago Bulls,38,13,0.3421,1610612741,0.0,2025-10-14T00:00:00Z,0012500059,DEN,126.0,116.0,True,0.4,0.0,,,-10.0,,0,0,124,1_day,1,Denver Nuggets,33,9,0.2727,1610612743,,,2025-10-14,,,,0,2025,,,,False
LAL,111.0,103.0,True,0.4,,,-8.0,,104,1_day,1,Los Angeles Lakers,33,11,0.3333,1610612747,0.0,2025-10-14T00:00:00Z,0012500060,PHX,111.0,109.0,True,0.4,0.0,,,-2.0,,0,0,113,1_day,1,Phoenix Suns,42,16,0.381,1610612756,,,2025-10-14,,,,0,2025,,,,False
DAL,101.0,114.0,True,0.4,,,13.0,,121,1_day,1,Dallas Mavericks,31,9,0.2903,1610612742,1.2,2025-10-15T00:00:00Z,0012500005,LAL,109.5,103.5,True,1.6,0.0,,,-6.0,,0,0,94,b2b,0,Los Angeles Lakers,41,12,0.2927,1610612747,,,2025-10-15,,,,0,2025,,,,False
LAC,,,True,0.15,,,,,109,2_days,2,LA Clippers,31,11,0.3548,1610612746,-0.15,2025-10-15T00:00:00Z,0012500022,SAC,130.0,122.0,False,0.0,0.0,,,-8.0,,0,0,91,3_plus_days,4,Sacramento Kings,42,9,0.2143,1610612758,,,2025-10-15,,,,0,2025,,,,False
MEM,,,False,0.0,,,,,116,3_plus_days,3,Memphis Grizzlies,60,26,0.4333,1610612763,0.0,2025-10-15T00:00:00Z,0012500061,CHA,135.0,114.0,False,0.0,0.0,,,-21.0,,0,0,145,3_plus_days,3,Charlotte Hornets,50,20,0.4,1610612766,,,2025-10-15,,,,0,2025,,,,False
TOR,117.0,121.5,True,0.15,,,4.5,,108,2_days,2,Toronto Raptors,36,12,0.3333,1610612761,0.0,2025-10-15T00:00:00Z,0012500062,BOS,107.0,138.0,True,0.15,0.0,,,31.0,,0,0,110,2_days,2,Boston Celtics,52,15,0.2885,1610612738,,,2025-10-15,,,,0,2025,,,,False
NOP,,,True,0.4,,,,,125,1_day,1,New Orleans Pelicans,31,9,0.2903,1610612740,-0.4,2025-10-16T00:00:00Z,0012500023,ORL,104.0,120.0,False,0.0,0.0,,,16.0,,0,0,132,3_plus_days,3,Orlando Magic,31,14,0.4516,1610612753,,,2025-10-16,,,,0,2025,,,,False
HOU,128.0,130.0,True,0.4,,,2.0,,133,1_day,1,Houston Rockets,48,19,0.3958,1610612745,-0.25,2025-10-16T00:00:00Z,0012500024,ATL,118.0,119.0,True,0.15,0.0,,,1.0,,0,0,115,2_days,2,Atlanta Hawks,36,10,0.2778,1610612737,,,2025-10-16,,,,0,2025,,,,False
POR,129.0,123.0,True,0.4,,,-6.0,,129,1_day,1,Portland Trail Blazers,54,21,0.3889,1610612757,-0.25,2025-10-16T00:00:00Z,0012500025,UTA,114.0,101.0,True,0.15,0.0,,,-13.0,,0,0,132,2_days,2,Utah Jazz,38,14,0.3684,1610612762,,,2025-10-16,,,,0,2025,,,,False
WAS,103.0,120.0,True,0.15,,,17.0,,98,2_days,2,Washington Wizards,33,8,0.2424,1610612764,0.25,2025-10-16T00:00:00Z,0012500063,DET,,,True,0.4,0.0,,,,,0,0,119,1_day,1,Detroit Pistons,36,15,0.4167,1610612765,,,2025-10-16,,,,0,2025,,,,False
MIN,108.0,110.5,False,0.0,,,2.5,,120,3_plus_days,6,Minnesota Timberwolves,31,13,0.4194,1610612750,0.4,2025-10-16T00:00:00Z,0012500064,CHI,119.5,120.0,True,0.4,0.0,,,0.5,,0,0,126,1_day,1,Chicago Bulls,43,11,0.2558,1610612741,,,2025-10-16,,,,0,2025,,,,False
MEM,145.0,116.0,True,0.4,,,-29.0,,141,1_day,1,Memphis Grizzlies,39,20,0.5128,1610612763,-0.4,2025-10-17T00:00:00Z,0012500006,MIA,113.66666666666667,106.0,False,0.0,0.0,116.0,108.0,-7.666666666666671,-8.0,0,0,125,3_plus_days,3,Miami Heat,33,13,0.3939,1610612748,,,2025-10-17,,,,0,2025,,,,False
SAC,124.0,123.0,True,0.4,,,-1.0,,117,1_day,1,Sacramento Kings,29,13,0.4483,1610612758,0.0,2025-10-17T00:00:00Z,0012500007,LAL,113.33333333333333,100.33333333333333,True,0.4,0.0,112.8,101.6,-13.0,-11.200000000000003,0,0,116,1_day,1,Los Angeles Lakers,43,17,0.3953,1610612747,,,2025-10-17,,,,0,2025,,,,False
BKN,109.0,111.0,False,0.0,,,2.0,,114,3_plus_days,4,Brooklyn Nets,40,15,0.375,1610612751,0.4,2025-10-17T00:00:00Z,0012500065,TOR,108.5,107.5,True,0.4,0.0,112.2,113.2,-1.0,1.0,0,0,119,1_day,1,Toronto Raptors,28,10,0.3571,1610612761,,,2025-10-17,,,,0,2025,,,,False
CHA,119.0,118.0,True,0.4,,,-1.0,,108,1_day,1,Charlotte Hornets,41,14,0.3415,1610612766,-0.4,2025-10-17T00:00:00Z,0012500066,NYK,99.66666666666667,100.66666666666667,False,0.0,0.0,,,1.0,,0,0,113,3_plus_days,3,New York Knicks,48,18,0.375,1610612752,,,2025-10-17,,,,0,2025,,,,False
DEN,101.0,107.0,True,0.15,,,6.0,,91,2_days,2,Denver Nuggets,45,17,0.3778,1610612743,0.0,2025-10-17T00:00:00Z,0012500067,OKC,116.0,122.0,True,0.15,0.0,112.8,112.6,6.0,-0.20000000000000284,0,0,94,2_days,2,Oklahoma City Thunder,53,15,0.283,1610612760,,,2025-10-17,,,,0,2025,,,,False
IND,134.0,135.0,False,0.0,,,1.0,,104,3_plus_days,3,Indiana Pacers,44,12,0.2727,1610612754,0.0,2025-10-17T00:00:00Z,0012500068,SAS,130.0,134.0,False,0.0,0.0,,,4.0,,0,0,133,3_plus_days,3,San Antonio Spurs,35,14,0.4,1610612759,,,2025-10-17,,,,0,2025,,,,False
LAC,91.0,109.0,True,0.4,,,18.0,,106,1_day,1,LA Clippers,34,8,0.2353,1610612746,-0.25,2025-10-17T00:00:00Z,0012500069,GSW,113.0,120.0,True,0.15,0.0,,,7.0,,0,0,103,2_days,2,Golden State Warriors,46,15,0.3261,1610612744,,,2025-10-17,,,,0,2025,,,,False
MIN,114.0,113.66666666666667,True,1.6,,,-0.3333333333333286,,110,b2b,0,Minnesota Timberwolves,35,10,0.2857,1610612750,-1.6,2025-10-17T00:00:00Z,0012500071,PHI,120.5,101.0,False,0.0,0.0,,,-19.5,,0,0,126,3_plus_days,6,Philadelphia 76ers,37,13,0.3514,1610612755,,,2025-10-17,,,,0,2025,,,,False
HOU,121.5,131.5,True,0.7,,,10.0,,124,3_plus_days,4,Houston Rockets,39,11,0.2821,1610612745,0.0,2025-10-21T00:00:00Z,0022500001,OKC,103.5,108.0,True,0.7,0.0,108.2,104.4,4.5,-3.799999999999997,0,0,125,3_plus_days,3,Oklahoma City Thunder,52,13,0.25,1610612760,248,-297,2025-10-21,,home_away_nba_game_day_local,2026-03-10T03:53:38.250640+00:00,10,2025,7.5,-7.5,226.0,True
GSW,118.5,117.0,False,0.0,113.8,115.4,-1.5,1.6000000000000085,119,3_plus_days,3,Golden State Warriors,40,17,0.425,1610612744,0.0,2025-10-21T00:00:00Z,0022500002,LAL,114.25,104.25,False,0.0,0.0,115.6,108.6,-10.0,-7.0,0,0,109,3_plus_days,3,Los Angeles Lakers,32,8,0.25,1610612747,-130,114,2025-10-21,,home_away_nba_game_day_local,2026-03-10T03:53:38.250640+00:00,0,2025,-2.0,2.0,224.5,False
CLE,128.5,109.5,False,0.0,,,-19.0,,111,3_plus_days,7,Cleveland Cavaliers,46,19,0.413,1610612739,0.0,2025-10-22T00:00:00Z,0022500003,NYK,101.75,103.75,False,0.0,0.0,102.2,105.6,2.0,3.3999999999999915,0,0,119,3_plus_days,4,New York Knicks,40,14,0.35,1610612752,132,-149,2025-10-22,,home_away_nba_game_day_local,2026-03-10T03:53:38.250640+00:00,0,2025,3.0,-3.0,229.5,False
SAS,107.5,118.0,False,0.0,,,10.5,,125,3_plus_days,4,San Antonio Spurs,20,8,0.4,1610612759,0.0,2025-10-22T00:00:00Z,0022500004,DAL,104.5,111.0,False,0.0,0.0,,,6.5,,0,0,92,3_plus_days,6,Dallas Mavericks,21,9,0.4286,1610612742,132,-149,2025-10-22,,home_away_nba_game_day_local,2026-03-10T03:53:38.250640+00:00,0,2025,3.0,-3.0,225.0,False
BKN,114.0,112.5,False,0.0,,,-1.5,,117,3_plus_days,4,Brooklyn Nets,40,14,0.35,1610612751,0.0,2025-10-22T00:00:00Z,0022500080,CHA,125.5,129.5,False,0.0,0.0,120.4,120.6,4.0,0.19999999999998863,0,0,136,3_plus_days,4,Charlotte Hornets,36,17,0.4722,1610612766,161,-183,2025-10-22,,home_away_nba_game_day_local,2026-03-10T03:53:38.250640+00:00,0,2025,4.5,-4.5,225.5,False
MIA,119.5,111.0,False,0.0,119.0,109.4,-8.5,-9.599999999999994,121,3_plus_days,4,Miami Heat,35,12,0.3429,1610612748,0.0,2025-10-22T00:00:00Z,0022500081,ORL,114.5,126.0,False,0.0,0.0,,,11.5,,0,0,125,3_plus_days,5,Orlando Magic,30,12,0.4,1610612753,293,-356,2025-10-22,,home_away_nba_game_day_local,2026-03-10T03:53:38.250640+00:00,0,2025,8.0,-8.0,215.0,False
TOR,114.66666666666667,117.0,False,0.0,112.6,115.4,2.3333333333333286,2.8000000000000114,138,3_plus_days,4,Toronto Raptors,25,6,0.24,1610612761,0.0,2025-10-22T00:00:00Z,0022500082,ATL,125.5,117.0,False,0.0,0.0,,,-8.5,,0,0,118,3_plus_days,5,Atlanta Hawks,35,10,0.2857,1610612737,191,-223,2025-10-22,,home_away_nba_game_day_local,2026-03-10T03:53:38.250640+00:00,0,2025,6.0,-6.0,235.0,False
PHI,99.0,84.0,False,0.0,,,-15.0,,117,3_plus_days,4,Philadelphia 76ers,40,16,0.4,1610612755,0.0,2025-10-22T00:00:00Z,0022500083,BOS,107.5,124.0,False,0.0,0.0,,,16.5,,0,0,116,3_plus_days,6,Boston Celtics,43,11,0.2558,1610612738,122,-138,2025-10-22,,home_away_nba_game_day_local,2026-03-10T03:53:38.250640+00:00,0,2025,2.5,-2.5,227.0,False
DET,115.66666666666667,113.0,False,0.0,,,-2.6666666666666714,,111,3_plus_days,5,Detroit Pistons,24,7,0.2917,1610612765,0.0,2025-10-22T00:00:00Z,0022500084,CHI,119.66666666666667,122.0,False,0.0,0.0,120.0,120.2,2.3333333333333286,0.20000000000000284,0,0,115,3_plus_days,5,Chicago Bulls,30,11,0.3667,1610612741,-133,117,2025-10-22,,home_away_nba_game_day_local,2026-03-10T03:53:38.250640+00:00,0,2025,-2.0,2.0,234.5,False
NOP,132.0,125.0,False,0.0,,,-7.0,,122,3_plus_days,5,New Orleans Pelicans,27,10,0.3704,1610612740,0.0,2025-10-22T00:00:00Z,0022500085,MEM,123.66666666666667,110.33333333333333,False,0.0,0.0,128.2,117.6,-13.333333333333343,-10.599999999999994,0,0,128,3_plus_days,4,Memphis Grizzlies,37,11,0.2973,1610612763,141,-160,2025-10-22,,home_away_nba_game_day_local,2026-03-10T03:53:38.250640+00:00,0,2025,3.5,-3.5,237.0,False
WAS,111.0,109.0,False,0.0,,,-2.0,,120,3_plus_days,5,Washington Wizards,42,17,0.4048,1610612764,0.0,2025-10-22T00:00:00Z,0022500086,MIL,113.5,114.5,False,0.0,0.0,,,1.0,,0,0,133,3_plus_days,7,Milwaukee Bucks,44,18,0.4091,1610612749,311,-380,2025-10-22,,home_away_nba_game_day_local,2026-03-10T03:53:38.250640+00:00,0,2025,9.0,-9.0,229.0,False
LAC,97.0,107.5,False,0.0,,,10.5,,108,3_plus_days,4,LA Clippers,45,14,0.3111,1610612746,0.0,2025-10-22T00:00:00Z,0022500087,UTA,121.5,116.5,False,0.0,0.0,,,-5.0,,0,0,129,3_plus_days,5,Utah Jazz,44,17,0.3864,1610612762,,,2025-10-22,,,,0,2025,,,,False
SAC,120.0,120.0,False,0.0,,,0.0,,116,3_plus_days,4,Sacramento Kings,24,9,0.375,1610612758,0.0,2025-10-22T00:00:00Z,0022500088,PHX,107.5,111.0,False,0.0,0.0,,,3.5,,0,0,120,3_plus_days,7,Phoenix Suns,34,10,0.2941,1610612756,150,-170,2025-10-22,,home_away_nba_game_day_local,2026-03-10T03:53:38.250640+00:00,0,2025,3.5,-3.5,226.5,False
MIN,117.0,112.75,False,0.0,120.6,117.0,-4.25,-3.5999999999999943,118,3_plus_days,4,Minnesota Timberwolves,30,15,0.5,1610612750,0.0,2025-10-22T00:00:00Z,0022500089,POR,120.5,117.5,False,0.0,0.0,,,-3.0,,0,0,114,3_plus_days,5,Portland Trail Blazers,42,13,0.3095,1610612757,-165,146,2025-10-22,,home_away_nba_game_day_local,2026-03-10T03:53:38.250640+00:00,0,2025,-3.5,3.5,220.5,False
OKC,112.0,110.25,True,1.1,111.8,111.6,-1.75,-0.20000000000000284,141,1_day,1,Oklahoma City Thunder,35,10,0.2857,1610612760,-0.4,2025-10-23T00:00:00Z,0022500005,IND,112.5,112.0,True,0.7,0.0,,,-0.5,,0,0,135,3_plus_days,5,Indiana Pacers,43,13,0.3023,1610612754,-300,245,2025-10-23,,home_away_nba_game_day_local,2026-03-10T03:53:38.250640+00:00,10,2025,-7.0,7.0,229.5,True
DEN,98.66666666666667,101.66666666666667,True,0.35,107.8,109.0,3.0,1.2000000000000028,131,3_plus_days,5,Denver Nuggets,40,16,0.4,1610612743,0.4,2025-10-23T00:00:00Z,0022500006,GSW,110.66666666666667,114.33333333333333,True,0.75,0.0,115.0,117.0,3.666666666666657,2.0,0,0,137,1_day,1,Golden State Warriors,47,18,0.383,1610612744,-118,100,2025-10-23,,home_away_nba_game_day_local,2026-03-10T03:53:38.250640+00:00,5,2025,-1.0,1.0,232.5,True
BOS,105.0,113.0,True,0.4,108.4,118.0,8.0,9.599999999999994,95,1_day,1,Boston Celtics,44,15,0.3409,1610612738,0.0,2025-10-24T00:00:00Z,0022500018,NYK,103.6,106.8,True,0.4,0.0,107.6,109.6,3.200000000000003,2.0,0,0,105,1_day,1,New York Knicks,45,17,0.3778,1610612752,225,-278,2025-10-24,,home_away_nba_game_day_local,2026-03-10T03:53:38.250640+00:00,0,2025,6.5,-6.5,226.5,False
MIN,116.4,113.8,True,0.4,120.2,115.4,-2.6000000000000085,-4.799999999999997,110,1_day,1,Minnesota Timberwolves,38,13,0.3421,1610612750,-0.25,2025-10-24T00:00:00Z,0022500019,LAL,115.2,105.2,True,0.15,0.0,117.2,109.8,-10.0,-7.400000000000006,0,0,128,2_days,2,Los Angeles Lakers,29,12,0.4138,1610612747,-124,106,2025-10-24,,home_away_nba_game_day_local,2026-03-10T03:53:38.250640+00:00,0,2025,-2.0,2.0,223.5,False
ATL,119.0,117.5,True,0.4,125.4,117.4,-1.5,-8.0,111,1_day,1,Atlanta Hawks,29,8,0.2759,1610612737,0.0,2025-10-24T00:00:00Z,0022500090,ORL,116.66666666666667,125.66666666666667,True,0.4,0.0,113.2,126.2,9.0,13.0,0,0,107,1_day,1,Orlando Magic,32,9,0.2812,1610612753,195,-238,2025-10-24,,home_away_nba_game_day_local,2026-03-10T03:53:38.250640+00:00,0,2025,5.5,-5.5,228.5,False
CLE,125.33333333333333,110.0,True,0.4,118.8,113.0,-15.333333333333329,-5.799999999999997,131,1_day,1,Cleveland Cavaliers,42,18,0.4286,1610612739,0.0,2025-10-24T00:00:00Z,0022500091,BKN,132.0,127.0,True,0.4,0.0,,,-5.0,,0,0,124,1_day,1,Brooklyn Nets,44,19,0.4318,1610612751,-950,625,2025-10-24,,home_away_nba_game_day_local,2026-03-10T03:53:38.250640+00:00,0,2025,-12.5,12.5,227.5,False
MIL,107.0,115.0,True,0.4,112.2,118.4,8.0,6.200000000000003,122,1_day,1,Milwaukee Bucks,40,14,0.35,1610612749,0.0,2025-10-24T00:00:00Z,0022500092,TOR,110.33333333333333,111.33333333333333,True,0.4,0.0,111.8,117.0,1.0,5.200000000000003,0,0,116,1_day,1,Toronto Raptors,27,11,0.4074,1610612761,102,-122,2025-10-24,,home_away_nba_game_day_local,2026-03-10T03:53:38.250640+00:00,0,2025,1.5,-1.5,229.5,False
DET,115.5,112.5,True,0.4,112.0,113.8,-3.0,1.7999999999999972,115,1_day,1,Detroit Pistons,39,16,0.4103,1610612765,-0.25,2025-10-24T00:00:00Z,0022500093,HOU,120.0,131.0,True,0.15,0.0,121.6,129.8,11.0,8.200000000000017,0,0,111,2_days,2,Houston Rockets,22,10,0.4545,1610612745,205,-250,2025-10-24,,home_away_nba_game_day_local,2026-03-10T03:53:38.250640+00:00,0,2025,5.5,-5.5,226.5,False
MIA,121.33333333333333,114.33333333333333,True,0.4,123.4,115.0,-7.0,-8.400000000000006,146,1_day,1,Miami Heat,40,19,0.475,1610612748,0.0,2025-10-24T00:00:00Z,0022500094,MEM,123.25,114.75,True,0.4,0.0,127.0,120.8,-8.5,-6.200000000000003,0,0,114,1_day,1,Memphis Grizzlies,45,13,0.2889,1610612763,170,-205,2025-10-24,,home_away_nba_game_day_local,2026-03-10T03:53:38.250640+00:00,0,2025,4.5,-4.5,232.5,False
SAS,102.33333333333333,120.33333333333333,True,0.75,108.2,125.6,18.0,17.39999999999999,120,1_day,1,San Antonio Spurs,43,13,0.3023,1610612759,0.0,2025-10-24T00:00:00Z,0022500095,NOP,130.0,128.0,True,0.75,0.0,,,-2.0,,0,0,116,1_day,1,New Orleans Pelicans,32,10,0.3125,1610612740,-125,105,2025-10-24,,home_away_nba_game_day_local,2026-03-10T03:53:38.250640+00:00,5,2025,-1.5,1.5,230.5,True
WAS,118.33333333333333,112.66666666666667,True,0.4,,,-5.666666666666657,,117,1_day,1,Washington Wizards,36,15,0.4167,1610612764,0.0,2025-10-24T00:00:00Z,0022500096,DAL,111.33333333333333,104.66666666666667,True,0.4,0.0,105.8,109.8,-6.666666666666657,4.0,0,0,107,1_day,1,Dallas Mavericks,34,10,0.2941,1610612742,700,-1100,2025-10-24,,home_away_nba_game_day_local,2026-03-10T03:53:38.250640+00:00,0,2025,12.5,-12.5,227.5,False
GSW,115.33333333333333,117.66666666666667,True,1.6,116.6,118.6,2.333333333333343,2.0,119,b2b,0,Golden State Warriors,38,16,0.4211,1610612744,-1.2,2025-10-24T00:00:00Z,0022500097,POR,119.66666666666667,116.33333333333333,True,0.4,0.0,124.0,120.2,-3.333333333333343,-3.799999999999997,0,0,139,1_day,1,Portland Trail Blazers,34,16,0.4706,1610612757,-122,102,2025-10-24,,home_away_nba_game_day_local,2026-03-10T03:53:38.250640+00:00,0,2025,-1.5,1.5,226.5,False
UTA,137.0,128.5,True,0.4,125.0,123.8,-8.5,-1.2000000000000028,104,1_day,1,Utah Jazz,41,13,0.3171,1610612762,0.0,2025-10-24T00:00:00Z,0022500098,SAC,119.5,106.5,True,0.4,0.0,119.8,113.8,-13.0,-6.0,0,0,105,1_day,1,Sacramento Kings,32,14,0.4375,1610612758,145,-175,2025-10-24,,home_away_nba_game_day_local,2026-03-10T03:53:38.250640+00:00,0,2025,3.5,-3.5,232.5,False
PHX,104.0,117.5,True,0.4,107.8,115.4,13.5,7.6000000000000085,102,1_day,1,Phoenix Suns,47,16,0.3404,1610612756,0.0,2025-10-24T00:00:00Z,0022500099,LAC,102.0,94.0,True,0.4,0.0,,,-8.0,,0,0,129,1_day,1,LA Clippers,29,16,0.5517,1610612746,,,2025-10-24,,,,0,2025,,,,False
CHI,120.5,117.5,True,0.15,118.8,119.6,-3.0,0.7999999999999972,110,2_days,2,Chicago Bulls,27,10,0.3704,1610612741,1.45,2025-10-25T00:00:00Z,0022500100,ORL,115.25,121.0,True,1.6,0.0,111.8,122.4,5.75,10.600000000000009,0,0,98,b2b,0,Orlando Magic,24,3,0.125,1610612753,198,-232,2025-10-25,,home_away_nba_game_day_local,2026-03-10T03:53:38.250640+00:00,0,2025,6.0,-6.0,233.5,False
OKC,116.6,116.4,True,0.4,115.6,115.4,-0.19999999999998863,-0.19999999999998863,117,1_day,1,Oklahoma City Thunder,37,14,0.3784,1610612760,1.2,2025-10-25T00:00:00Z,0022500101,ATL,129.66666666666666,117.33333333333333,True,1.6,0.0,122.4,117.0,-12.333333333333329,-5.400000000000006,0,0,100,b2b,0,Atlanta Hawks,39,16,0.4103,1610612737,-248,210,2025-10-25,,home_away_nba_game_day_local,2026-03-10T03:53:38.250640+00:00,0,2025,-6.0,6.0,236.0,False
CHA,117.0,114.66666666666667,True,0.15,116.8,125.0,-2.3333333333333286,8.200000000000003,121,2_days,2,Charlotte Hornets,42,16,0.381,1610612766,0.0,2025-10-25T00:00:00Z,0022500102,PHI,117.0,109.33333333333333,True,0.15,0.0,113.2,105.8,-7.666666666666671,-7.400000000000006,0,0,125,2_days,2,Philadelphia 76ers,39,18,0.4615,1610612755,171,-195,2025-10-25,,home_away_nba_game_day_local,2026-03-10T03:53:38.250640+00:00,0,2025,5.0,-5.0,234.5,False
IND,133.5,119.5,True,0.4,126.6,119.6,-14.0,-7.0,103,1_day,1,Indiana Pacers,40,14,0.35,1610612754,1.2,2025-10-25T00:00:00Z,0022500103,MEM,127.8,114.6,True,1.6,0.0,132.0,123.0,-13.200000000000003,-9.0,0,0,128,b2b,0,Memphis Grizzlies,39,15,0.3846,1610612763,-123,107,2025-10-25,,home_away_nba_game_day_local,2026-03-10T03:53:38.250640+00:00,0,2025,-1.5,1.5,238.0,False
PHX,112.33333333333333,112.33333333333333,True,1.6,117.4,115.2,0.0,-2.200000000000003,111,b2b,0,Phoenix Suns,50,17,0.34,1610612756,-1.2,2025-10-25T00:00:00Z,0022500104,DEN,121.5,120.0,True,0.4,0.0,110.0,112.0,-1.5,2.0,0,0,133,1_day,1,Denver Nuggets,31,9,0.2903,1610612743,603,-834,2025-10-25,,home_away_nba_game_day_local,2026-03-10T03:53:38.250640+00:00,0,2025,13.0,-13.0,232.5,False
BKN,121.33333333333333,114.0,True,0.4,125.4,118.6,-7.333333333333329,-6.800000000000011,107,1_day,1,Brooklyn Nets,50,16,0.32,1610612751,0.0,2025-10-26T00:00:00Z,0022500105,SAS,117.0,133.5,True,0.4,0.0,110.0,127.2,16.5,17.200000000000003,0,0,118,1_day,1,San Antonio Spurs,27,12,0.4444,1610612759,468,-610,2025-10-26,,home_away_nba_game_day_local,2026-03-10T03:53:38.250640+00:00,0,2025,11.0,-11.0,228.0,False
BOS,105.0,107.0,True,0.4,108.8,112.8,2.0,4.0,113,1_day,1,Boston Celtics,45,15,0.3333,1610612738,0.0,2025-10-26T00:00:00Z,0022500106,DET,98.0,119.0,True,0.4,0.0,111.8,111.2,21.0,-0.5999999999999943,0,0,119,1_day,1,Detroit Pistons,34,9,0.2647,1610612765,136,-155,2025-10-26,,home_away_nba_game_day_local,2026-03-10T03:53:38.250640+00:00,0,2025,3.5,-3.5,227.5,False
MIL,110.0,117.33333333333333,True,0.4,116.8,122.2,7.333333333333329,5.400000000000006,113,1_day,1,Milwaukee Bucks,33,13,0.3939,1610612749,0.0,2025-10-26T00:00:00Z,0022500107,CLE,109.0,117.5,True,0.4,0.0,120.0,115.8,8.5,-4.200000000000003,0,0,118,1_day,1,Cleveland Cavaliers,40,12,0.3,1610612739,210,-248,2025-10-26,,home_away_nba_game_day_local,2026-03-10T03:53:38.250640+00:00,0,2025,6.5,-6.5,236.5,False
NYK,104.0,113.0,True,0.4,105.8,108.0,9.0,2.200000000000003,107,1_day,1,New York Knicks,54,15,0.2778,1610612752,0.0,2025-10-26T00:00:00Z,0022500108,MIA,120.5,110.75,True,0.4,0.0,123.8,122.8,-9.75,-1.0,0,0,115,1_day,1,Miami Heat,37,13,0.3514,1610612748,-144,127,2025-10-26,,home_away_nba_game_day_local,2026-03-10T03:53:38.250640+00:00,0,2025,-2.5,2.5,228.5,False
CHA,119.0,116.25,True,1.6,117.4,126.0,-2.75,8.599999999999994,139,b2b,0,Charlotte Hornets,38,15,0.3947,1610612766,-1.2,2025-10-26T00:00:00Z,0022500109,WAS,113.0,112.0,True,0.4,0.0,115.0,113.4,-1.0,-1.5999999999999943,0,0,113,1_day,1,Washington Wizards,34,10,0.2941,1610612764,107,-123,2025-10-26,,home_away_nba_game_day_local,2026-03-10T03:53:38.250640+00:00,0,2025,1.5,-1.5,236.5,False
IND,131.66666666666666,114.0,True,1.6,125.4,113.2,-17.666666666666657,-12.200000000000003,110,b2b,0,Indiana Pacers,40,14,0.35,1610612754,-1.2,2025-10-26T00:00:00Z,0022500110,MIN,135.0,134.0,True,0.4,0.0,118.8,110.6,-1.0,-8.200000000000003,0,0,114,1_day,1,Minnesota Timberwolves,33,10,0.303,1610612750,440,-567,2025-10-26,,home_away_nba_game_day_local,2026-03-10T03:53:38.250640+00:00,0,2025,12.0,-12.0,228.5,False
TOR,115.5,122.25,True,0.4,115.2,118.8,6.75,3.5999999999999943,129,1_day,1,Toronto Raptors,33,13,0.3939,1610612761,0.0,2025-10-26T00:00:00Z,0022500111,DAL,112.75,105.25,True,0.4,0.0,111.4,110.0,-7.5,-1.4000000000000057,0,0,139,1_day,1,Dallas Mavericks,26,10,0.3846,1610612742,-104,-112,2025-10-26,,home_away_nba_game_day_local,2026-03-10T03:53:38.250640+00:00,0,2025,1.0,-1.0,231.5,False
POR,130.5,126.0,True,0.4,122.0,123.4,-4.5,1.4000000000000057,107,1_day,1,Portland Trail Blazers,41,11,0.2683,1610612757,0.0,2025-10-26T00:00:00Z,0022500112,LAC,102.0,111.5,True,0.4,0.0,105.4,109.2,9.5,3.799999999999997,0,0,114,1_day,1,LA Clippers,31,12,0.3871,1610612746,,,2025-10-26,,,,0,2025,,,,False
LAL,112.0,103.5,True,0.4,116.0,110.2,-8.5,-5.799999999999997,127,1_day,1,Los Angeles Lakers,25,8,0.32,1610612747,0.0,2025-10-26T00:00:00Z,0022500113,SAC,114.33333333333333,106.0,True,0.4,0.0,114.6,110.4,-8.333333333333329,-4.199999999999989,0,0,120,1_day,1,Sacramento Kings,43,18,0.4186,1610612758,-133,117,2025-10-26,,home_away_nba_game_day_local,2026-03-10T03:53:38.250640+00:00,0,2025,-2.0,2.0,229.5,False
CLE,125.0,115.25,True,1.6,118.8,117.0,-9.75,-1.7999999999999972,116,b2b,0,Cleveland Cavaliers,35,11,0.3143,1610612739,0.0,2025-10-27T00:00:00Z,0022500007,DET,105.5,119.0,True,1.6,0.0,111.0,112.8,13.5,1.7999999999999972,0,0,95,b2b,0,Detroit Pistons,34,11,0.3235,1610612765,-122,102,2025-10-27,,home_away_nba_game_day_local,2026-03-10T03:53:38.250640+00:00,0,2025,-1.5,1.5,228.5,False
DEN,108.25,109.0,True,0.4,110.6,116.2,0.75,5.6000000000000085,127,1_day,1,Denver Nuggets,26,13,0.5,1610612743,1.2,2025-10-27T00:00:00Z,0022500008,MIN,122.5,124.0,True,1.6,0.0,120.8,114.4,1.5,-6.3999999999999915,0,0,114,b2b,0,Minnesota Timberwolves,32,10,0.3125,1610612750,102,-122,2025-10-27,,home_away_nba_game_day_local,2026-03-10T03:53:38.250640+00:00,0,2025,1.5,-1.5,229.5,False
ORL,108.0,127.0,True,0.4,114.2,116.4,19.0,2.200000000000003,124,1_day,1,Orlando Magic,25,8,0.32,1610612753,0.0,2025-10-27T00:00:00Z,0022500114,PHI,118.0,113.25,True,0.4,0.0,117.6,114.0,-4.75,-3.5999999999999943,0,0,136,1_day,1,Philadelphia 76ers,33,14,0.4242,1610612755,-195,171,2025-10-27,,home_away_nba_game_day_local,2026-03-10T03:53:38.250640+00:00,0,2025,-5.0,5.0,226.5,False
ATL,115.0,115.33333333333333,True,0.4,122.6,112.6,0.3333333333333286,-10.0,123,1_day,1,Atlanta Hawks,32,11,0.3438,1610612737,0.0,2025-10-27T00:00:00Z,0022500115,CHI,117.5,120.25,True,0.4,0.0,116.0,117.8,2.75,1.7999999999999972,0,0,128,1_day,1,Chicago Bulls,43,16,0.3721,1610612741,-118,102,2025-10-27,,home_away_nba_game_day_local,2026-03-10T03:53:38.250640+00:00,0,2025,-1.5,1.5,241.0,False
BKN,120.5,112.25,True,1.6,122.6,114.6,-8.25,-8.0,109,b2b,0,Brooklyn Nets,40,15,0.375,1610612751,-1.45,2025-10-27T00:00:00Z,0022500116,HOU,118.33333333333333,124.33333333333333,True,0.15,0.0,122.0,127.6,6.0,5.599999999999994,0,0,137,2_days,2,Houston Rockets,32,16,0.5,1610612745,826,-1270,2025-10-27,,home_away_nba_game_day_local,2026-03-10T03:53:38.250640+00:00,0,2025,16.0,-16.0,226.0,False
BOS,108.5,108.5,True,1.6,111.2,114.4,0.0,3.200000000000003,122,b2b,0,Boston Celtics,53,18,0.3396,1610612738,-1.45,2025-10-27T00:00:00Z,0022500117,NOP,125.0,122.0,True,0.15,0.0,,,-3.0,,0,0,90,2_days,2,New Orleans Pelicans,36,9,0.25,1610612740,122,-138,2025-10-27,,home_away_nba_game_day_local,2026-03-10T03:53:38.250640+00:00,0,2025,2.5,-2.5,232.5,False
TOR,120.2,123.6,True,1.6,120.6,122.0,3.3999999999999915,1.4000000000000057,103,b2b,0,Toronto Raptors,32,12,0.375,1610612761,0.0,2025-10-27T00:00:00Z,0022500118,SAS,113.66666666666667,128.33333333333334,True,1.6,0.0,105.4,124.0,14.666666666666671,18.599999999999994,0,0,121,b2b,0,San Antonio Spurs,27,13,0.4815,1610612759,188,-219,2025-10-27,,home_away_nba_game_day_local,2026-03-10T03:53:38.250640+00:00,0,2025,5.5,-5.5,233.0,False
OKC,113.83333333333333,116.5,True,0.4,112.4,118.6,2.6666666666666714,6.199999999999989,101,1_day,1,Oklahoma City Thunder,30,6,0.2,1610612760,1.2,2025-10-27T00:00:00Z,0022500119,DAL,116.0,112.0,True,1.6,0.0,113.2,114.6,-4.0,1.3999999999999915,0,0,94,b2b,0,Dallas Mavericks,39,12,0.3077,1610612742,-322,267,2025-10-27,,home_away_nba_game_day_local,2026-03-10T03:53:38.250640+00:00,0,2025,-8.0,8.0,226.5,False
PHX,117.5,112.0,True,0.75,118.6,111.0,-5.5,-7.599999999999994,134,1_day,1,Phoenix Suns,55,20,0.3636,1610612756,-0.25,2025-10-27T00:00:00Z,0022500120,UTA,117.0,120.66666666666667,True,0.5,0.0,118.0,119.2,3.6666666666666714,1.2000000000000028,0,0,138,2_days,2,Utah Jazz,49,16,0.3265,1610612762,-118,102,2025-10-27,,home_away_nba_game_day_local,2026-03-10T03:53:38.250640+00:00,5,2025,-1.5,1.5,233.5,True
MEM,135.0,128.5,True,0.4,128.2,125.4,-6.5,-2.799999999999983,118,1_day,1,Memphis Grizzlies,39,12,0.3077,1610612763,-0.25,2025-10-27T00:00:00Z,0022500121,GSW,115.75,120.0,True,0.15,0.0,119.2,119.2,4.25,0.0,0,0,131,2_days,2,Golden State Warriors,43,19,0.4419,1610612744,267,-322,2025-10-27,,home_away_nba_game_day_local,2026-03-10T03:53:38.250640+00:00,0,2025,8.0,-8.0,239.0,False
POR,125.0,119.66666666666667,True,1.6,120.2,120.0,-5.333333333333329,-0.20000000000000284,122,b2b,0,Portland Trail Blazers,43,14,0.3256,1610612757,0.0,2025-10-27T00:00:00Z,0022500122,LAL,114.33333333333333,109.0,True,1.6,0.0,117.4,114.8,-5.333333333333329,-2.6000000000000085,0,0,108,b2b,0,Los Angeles Lakers,27,7,0.2593,1610612747,-133,117,2025-10-27,,home_away_nba_game_day_local,2026-03-10T03:53:38.250640+00:00,0,2025,-2.5,2.5,225.5,False
PHI,107.5,100.5,True,1.95,119.8,120.4,-7.0,0.6000000000000085,139,b2b,0,Philadelphia 76ers,42,17,0.4048,1610612755,-1.2,2025-10-28T00:00:00Z,0022500123,WAS,126.0,112.5,True,0.75,0.0,120.2,113.6,-13.5,-6.6000000000000085,0,0,134,1_day,1,Washington Wizards,43,17,0.3953,1610612764,-180,158,2025-10-28,,home_away_nba_game_day_local,2026-03-10T03:53:38.250640+00:00,5,2025,-4.5,4.5,237.0,True
CHA,117.8,120.8,True,0.4,116.8,129.8,3.0,13.000000000000014,117,1_day,1,Charlotte Hornets,45,18,0.4,1610612766,0.0,2025-10-28T00:00:00Z,0022500124,MIA,117.8,111.6,True,0.4,0.0,121.2,125.0,-6.200000000000003,3.799999999999997,0,0,144,1_day,1,Miami Heat,45,20,0.4444,1610612748,191,-223,2025-10-28,,home_away_nba_game_day_local,2026-03-10T03:53:38.250640+00:00,0,2025,6.0,-6.0,240.5,False
NYK,109.5,110.0,True,0.4,109.8,109.4,0.5,-0.3999999999999915,111,1_day,1,New York Knicks,40,13,0.325,1610612752,0.0,2025-10-28T00:00:00Z,0022500125,MIL,115.66666666666667,120.66666666666667,True,0.4,0.0,118.2,121.4,5.0,3.200000000000003,0,0,121,1_day,1,Milwaukee Bucks,34,14,0.4118,1610612749,-128,112,2025-10-28,,home_away_nba_game_day_local,2026-03-10T03:53:38.250640+00:00,0,2025,-2.0,2.0,228.5,False
SAC,120.0,118.66666666666667,True,0.4,115.2,109.8,-1.3333333333333286,-5.400000000000006,101,1_day,1,Sacramento Kings,29,10,0.3448,1610612758,1.2,2025-10-28T00:00:00Z,0022500126,OKC,110.33333333333333,113.66666666666667,True,1.6,0.0,108.8,115.6,3.333333333333343,6.799999999999997,0,0,107,b2b,0,Oklahoma City Thunder,44,14,0.3182,1610612760,398,-503,2025-10-28,,home_away_nba_game_day_local,2026-03-10T03:53:38.250640+00:00,0,2025,10.5,-10.5,227.5,False
LAC,107.66666666666667,107.66666666666667,True,0.4,106.4,113.2,0.0,6.799999999999997,79,1_day,1,LA Clippers,33,6,0.1818,1610612746,1.2,2025-10-28T00:00:00Z,0022500127,GSW,116.2,122.2,True,1.6,0.0,120.6,121.8,6.0,1.2000000000000028,0,0,98,b2b,0,Golden State Warriors,45,17,0.3778,1610612744,,,2025-10-28,,,,0,2025,,,,False
CLE,119.0,115.4,True,0.4,110.2,118.8,-3.5999999999999943,8.599999999999994,105,1_day,1,Cleveland Cavaliers,52,17,0.3269,1610612739,0.0,2025-10-29T00:00:00Z,0022500128,BOS,110.66666666666667,121.33333333333333,True,0.4,0.0,107.8,111.2,10.666666666666657,3.4000000000000057,0,0,125,1_day,1,Boston Celtics,57,21,0.3684,1610612738,-149,132,2025-10-29,,home_away_nba_game_day_local,2026-03-10T03:53:38.250640+00:00,0,2025,-3.0,3.0,233.5,False
ORL,117.33333333333333,126.0,True,0.4,120.6,117.2,8.666666666666671,-3.3999999999999915,116,1_day,1,Orlando Magic,31,12,0.3871,1610612753,0.0,2025-10-29T00:00:00Z,0022500129,DET,109.0,111.0,True,0.4,0.0,110.6,111.8,2.0,1.2000000000000028,0,0,135,1_day,1,Detroit Pistons,32,13,0.4062,1610612765,-117,101,2025-10-29,,home_away_nba_game_day_local,2026-03-10T03:53:38.250640+00:00,0,2025,-1.0,1.0,226.5,False
ATL,118.25,117.25,True,0.4,124.6,113.4,-1.0,-11.199999999999989,117,1_day,1,Atlanta Hawks,33,13,0.3939,1610612737,0.0,2025-10-29T00:00:00Z,0022500130,BKN,131.5,125.5,True,0.4,0.0,128.2,114.2,-6.0,-13.999999999999986,0,0,112,1_day,1,Brooklyn Nets,37,11,0.2973,1610612751,-322,267,2025-10-29,,home_away_nba_game_day_local,2026-03-10T03:53:38.250640+00:00,0,2025,-8.0,8.0,238.0,False
HOU,122.66666666666667,129.0,True,0.4,118.4,127.0,6.333333333333329,8.599999999999994,139,1_day,1,Houston Rockets,30,13,0.4333,1610612745,0.0,2025-10-29T00:00:00Z,0022500131,TOR,113.25,112.5,True,0.4,0.0,122.8,121.0,-0.75,-1.7999999999999972,0,0,121,1_day,1,Toronto Raptors,40,21,0.525,1610612761,-209,182,2025-10-29,,home_away_nba_game_day_local,2026-03-10T03:53:38.250640+00:00,0,2025,-5.5,5.5,233.0,False
SAC,116.75,114.25,True,1.6,114.8,111.8,-2.5,-3.0,113,b2b,0,Sacramento Kings,28,7,0.25,1610612758,-1.2,2025-10-29T00:00:00Z,0022500132,CHI,118.6,121.8,True,0.4,0.0,115.2,119.2,3.200000000000003,4.0,0,0,126,1_day,1,Chicago Bulls,32,14,0.4375,1610612741,171,-195,2025-10-29,,home_away_nba_game_day_local,2026-03-10T03:53:38.250640+00:00,0,2025,5.0,-5.0,237.5,False
IND,127.25,113.0,True,0.15,128.0,112.0,-14.25,-16.0,105,2_days,2,Indiana Pacers,45,13,0.2889,1610612754,0.25,2025-10-29T00:00:00Z,0022500133,DAL,113.5,109.0,True,0.4,0.0,113.2,110.6,-4.5,-2.6000000000000085,0,0,107,1_day,1,Dallas Mavericks,24,5,0.2083,1610612742,233,-277,2025-10-29,,home_away_nba_game_day_local,2026-03-10T03:53:38.250640+00:00,0,2025,7.0,-7.0,228.5,False
NOP,130.0,123.5,True,0.4,126.4,116.2,-6.5,-10.200000000000003,88,1_day,1,New Orleans Pelicans,34,7,0.2059,1610612740,0.0,2025-10-29T00:00:00Z,0022500134,DEN,118.0,124.33333333333333,True,0.4,0.0,114.6,121.2,6.333333333333329,6.6000000000000085,0,0,122,1_day,1,Denver Nuggets,42,14,0.3333,1610612743,547,-737,2025-10-29,,home_away_nba_game_day_local,2026-03-10T03:53:38.250640+00:00,0,2025,13.0,-13.0,235.5,False
POR,120.75,120.25,True,0.4,118.2,122.2,-0.5,4.0,136,1_day,1,Portland Trail Blazers,55,21,0.3818,1610612757,0.0,2025-10-29T00:00:00Z,0022500135,UTA,121.25,125.0,True,0.4,0.0,118.0,120.8,3.75,2.799999999999997,0,0,134,1_day,1,Utah Jazz,35,11,0.3143,1610612762,-144,127,2025-10-29,,home_away_nba_game_day_local,2026-03-10T03:53:38.250640+00:00,0,2025,-2.5,2.5,233.5,False
LAL,114.66666666666667,111.33333333333333,True,0.4,117.6,117.6,-3.333333333333343,0.0,116,1_day,1,Los Angeles Lakers,31,11,0.3548,1610612747,0.0,2025-10-29T00:00:00Z,0022500136,MIN,124.0,120.66666666666667,True,0.4,0.0,121.0,113.2,-3.3333333333333286,-7.799999999999997,0,0,115,1_day,1,Minnesota Timberwolves,30,15,0.5,1610612750,229,-272,2025-10-29,,home_away_nba_game_day_local,2026-03-10T03:53:38.250640+00:00,0,2025,7.0,-7.0,223.0,False
MEM,133.66666666666666,125.0,True,0.4,125.4,125.8,-8.666666666666657,0.3999999999999915,114,1_day,1,Memphis Grizzlies,38,15,0.3947,1610612763,0.0,2025-10-29T00:00:00Z,0022500137,PHX,110.33333333333333,114.0,True,0.4,0.0,124.0,116.0,3.6666666666666714,-8.0,0,0,113,1_day,1,Phoenix Suns,40,16,0.4,1610612756,-123,107,2025-10-29,,home_away_nba_game_day_local,2026-03-10T03:53:38.250640+00:00,0,2025,-2.0,2.0,241.0,False
ORL,121.75,123.5,True,1.6,122.6,114.0,1.75,-8.599999999999994,123,b2b,0,Orlando Magic,38,16,0.4211,1610612753,-1.2,2025-10-30T00:00:00Z,0022500138,CHA,122.66666666666667,131.66666666666666,True,0.4,0.0,122.4,124.2,8.999999999999986,1.7999999999999972,0,0,107,1_day,1,Charlotte Hornets,30,11,0.3667,1610612766,-144,127,2025-10-30,,home_away_nba_game_day_local,2026-03-10T03:53:38.250640+00:00,0,2025,-3.0,3.0,241.5,False
GSW,121.25,118.0,True,0.4,115.2,120.8,-3.25,5.599999999999994,110,1_day,1,Golden State Warriors,38,13,0.3421,1610612744,0.0,2025-10-30T00:00:00Z,0022500139,MIL,114.5,120.75,True,0.4,0.0,116.2,120.2,6.25,4.0,0,0,120,1_day,1,Milwaukee Bucks,46,19,0.413,1610612749,-144,127,2025-10-30,,home_away_nba_game_day_local,2026-03-10T03:53:38.250640+00:00,0,2025,-2.5,2.5,232.0,False
WAS,115.5,113.75,True,0.4,127.4,116.4,-1.75,-11.0,108,1_day,1,Washington Wizards,40,17,0.425,1610612764,0.0,2025-10-30T00:00:00Z,0022500140,OKC,108.0,112.0,True,0.4,0.0,110.8,118.2,4.0,7.400000000000006,0,0,127,1_day,1,Oklahoma City Thunder,49,16,0.3265,1610612760,733,-1077,2025-10-30,,home_away_nba_game_day_local,2026-03-10T03:53:38.250640+00:00,0,2025,15.0,-15.0,232.0,False
MIA,119.5,122.25,True,0.4,120.8,130.2,2.75,9.399999999999991,101,1_day,1,Miami Heat,38,15,0.3947,1610612748,-0.25,2025-10-30T00:00:00Z,0022500141,SAS,111.0,126.5,True,0.15,0.0,104.4,123.4,15.5,19.0,0,0,107,2_days,2,San Antonio Spurs,41,14,0.3415,1610612759,191,-223,2025-10-30,,home_away_nba_game_day_local,2026-03-10T03:53:38.250640+00:00,0,2025,5.5,-5.5,232.0,False
ATL,117.0,117.2,True,0.4,120.4,113.8,0.20000000000000284,-6.6000000000000085,128,1_day,1,Atlanta Hawks,30,10,0.3333,1610612737,0.0,2025-10-31T00:00:00Z,0022500020,IND,122.0,119.66666666666667,True,0.4,0.0,124.6,111.4,-2.3333333333333286,-13.199999999999989,0,0,108,1_day,1,Indiana Pacers,47,13,0.2766,1610612754,-148,124,2025-10-31,,home_away_nba_game_day_local,2026-03-10T03:53:38.250640+00:00,0,2025,-2.5,2.5,229.5,False
BOS,104.8,111.2,True,0.4,107.2,114.2,6.400000000000006,7.0,109,1_day,1,Boston Celtics,45,14,0.3111,1610612738,-0.25,2025-10-31T00:00:00Z,0022500021,PHI,119.2,117.8,True,0.15,0.0,121.0,128.6,-1.4000000000000057,7.599999999999994,0,0,108,2_days,2,Philadelphia 76ers,34,13,0.3824,1610612755,154,-185,2025-10-31,,home_away_nba_game_day_local,2026-03-10T03:53:38.250640+00:00,0,2025,3.5,-3.5,224.5,False
TOR,120.33333333333333,120.16666666666667,True,0.4,127.8,121.4,-0.1666666666666572,-6.3999999999999915,112,1_day,1,Toronto Raptors,30,13,0.4333,1610612761,0.0,2025-10-31T00:00:00Z,0022500022,CLE,110.33333333333333,117.66666666666667,True,0.4,0.0,115.2,116.2,7.333333333333343,1.0,0,0,101,1_day,1,Cleveland Cavaliers,46,14,0.3043,1610612739,310,-395,2025-10-31,,home_away_nba_game_day_local,2026-03-10T03:53:38.250640+00:00,0,2025,8.5,-8.5,234.5,False
NYK,113.33333333333333,110.33333333333333,True,0.15,110.0,111.0,-3.0,1.0,125,2_days,2,New York Knicks,45,18,0.4,1610612752,0.25,2025-10-31T00:00:00Z,0022500023,CHI,117.66666666666667,122.5,True,0.4,0.0,113.0,121.0,4.833333333333329,8.0,0,0,135,1_day,1,Chicago Bulls,37,17,0.4595,1610612741,-142,120,2025-10-31,,home_away_nba_game_day_local,2026-03-10T03:53:38.250640+00:00,0,2025,-2.5,2.5,235.5,False
LAL,114.75,112.5,True,0.4,117.2,117.6,-2.25,0.3999999999999915,117,1_day,1,Los Angeles Lakers,38,13,0.3421,1610612747,0.0,2025-10-31T00:00:00Z,0022500024,MEM,123.66666666666667,116.83333333333333,True,0.4,0.0,123.0,120.4,-6.833333333333343,-2.5999999999999943,0,0,112,1_day,1,Memphis Grizzlies,45,14,0.3111,1610612763,195,-238,2025-10-31,,home_away_nba_game_day_local,2026-03-10T03:53:38.250640+00:00,0,2025,5.5,-5.5,233.5,False
UTA,126.33333333333333,120.33333333333333,True,0.4,122.4,127.4,-6.0,5.0,96,1_day,1,Utah Jazz,37,12,0.3243,1610612762,0.0,2025-10-31T00:00:00Z,0022500025,PHX,111.25,113.75,True,0.4,0.0,126.0,116.0,2.5,-10.0,0,0,118,1_day,1,Phoenix Suns,48,17,0.3542,1610612756,164,-198,2025-10-31,,home_away_nba_game_day_local,2026-03-10T03:53:38.250640+00:00,0,2025,4.5,-4.5,230.5,False
DEN,109.4,112.6,True,0.4,108.8,120.8,3.1999999999999886,12.0,107,1_day,1,Denver Nuggets,25,6,0.24,1610612743,0.0,2025-10-31T00:00:00Z,0022500026,POR,119.5,122.0,True,0.4,0.0,118.6,123.6,2.5,5.0,0,0,109,1_day,1,Portland Trail Blazers,39,11,0.2821,1610612757,-205,170,2025-10-31,,home_away_nba_game_day_local,2026-03-10T03:53:38.250640+00:00,0,2025,-4.5,4.5,235.5,False
NOP,127.33333333333333,111.66666666666667,True,0.4,124.8,108.2,-15.666666666666657,-16.599999999999994,124,1_day,1,New Orleans Pelicans,37,18,0.4865,1610612740,-0.25,2025-10-31T00:00:00Z,0022500027,LAC,103.66666666666667,112.33333333333333,True,0.15,0.0,107.8,107.2,8.666666666666657,-0.5999999999999943,0,0,126,2_days,2,LA Clippers,39,15,0.3846,1610612746,,,2025-10-31,,,,0,2025,,,,False
SAC,118.6,114.0,True,0.15,116.8,111.0,-4.599999999999994,-5.799999999999997,135,2_days,2,Sacramento Kings,28,10,0.3571,1610612758,0.25,2025-11-01T00:00:00Z,0022500142,MIL,113.6,120.6,True,0.4,0.0,115.0,121.8,7.0,6.799999999999997,0,0,133,1_day,1,Milwaukee Bucks,32,15,0.4688,1610612749,191,-223,2025-11-01,,home_away_nba_game_day_local,2026-03-10T03:53:38.250640+00:00,0,2025,5.5,-5.5,232.0,False
MIN,118.33333333333333,113.16666666666667,True,0.15,119.0,114.2,-5.166666666666657,-4.799999999999997,122,2_days,2,Minnesota Timberwolves,36,17,0.4722,1610612750,0.25,2025-11-01T00:00:00Z,0022500143,CHA,122.75,125.5,True,0.4,0.0,124.4,124.0,2.75,-0.4000000000000057,0,0,105,1_day,1,Charlotte Hornets,45,13,0.2889,1610612766,-219,188,2025-11-01,,home_away_nba_game_day_local,2026-03-10T03:53:38.250640+00:00,0,2025,-5.5,5.5,229.5,False
GSW,121.0,116.4,True,0.4,117.4,119.0,-4.599999999999994,1.5999999999999943,109,1_day,1,Golden State Warriors,44,12,0.2727,1610612744,1.2,2025-11-01T00:00:00Z,0022500144,IND,123.5,116.75,True,1.6,0.0,123.6,112.2,-6.75,-11.399999999999991,0,0,114,b2b,0,Indiana Pacers,33,10,0.303,1610612754,-493,390,2025-11-01,,home_away_nba_game_day_local,2026-03-10T03:53:38.250640+00:00,0,2025,-10.5,10.5,230.5,False
ORL,118.8,123.4,True,0.4,119.8,113.6,4.6000000000000085,-6.200000000000003,125,1_day,1,Orlando Magic,36,12,0.3333,1610612753,0.0,2025-11-01T00:00:00Z,0022500145,WAS,130.33333333333334,119.66666666666667,True,0.4,0.0,129.0,118.4,-10.666666666666671,-10.599999999999994,0,0,94,1_day,1,Washington Wizards,27,9,0.3333,1610612764,-366,301,2025-11-01,,home_away_nba_game_day_local,2026-03-10T03:53:38.250640+00:00,0,2025,-9.0,9.0,235.5,False
HOU,122.25,131.5,True,0.15,117.0,128.8,9.25,11.800000000000011,128,2_days,2,Houston Rockets,29,19,0.6552,1610612745,1.45,2025-11-01T00:00:00Z,0022500146,BOS,109.25,122.25,True,1.6,0.0,105.4,112.8,13.0,7.3999999999999915,0,0,101,b2b,0,Boston Celtics,44,14,0.3182,1610612738,-219,188,2025-11-01,,home_away_nba_game_day_local,2026-03-10T03:53:38.250640+00:00,0,2025,-6.0,6.0,225.0,False
DAL,97.5,117.5,True,0.15,115.4,107.8,20.0,-7.6000000000000085,110,2_days,2,Dallas Mavericks,45,16,0.3556,1610612742,0.0,2025-11-01T00:00:00Z,0022500147,DET,110.75,117.0,True,0.15,0.0,114.2,115.0,6.25,0.7999999999999972,0,0,122,2_days,2,Detroit Pistons,24,9,0.375,1610612765,248,-297,2025-11-01,,home_away_nba_game_day_local,2026-03-10T03:53:38.250640+00:00,0,2025,8.0,-8.0,222.5,False
NOP,127.0,114.75,True,0.4,123.6,108.0,-12.25,-15.599999999999994,106,1_day,1,New Orleans Pelicans,40,16,0.4,1610612740,-0.25,2025-11-02T00:00:00Z,0022500148,OKC,108.0,115.0,True,0.15,0.0,107.6,118.6,7.0,11.0,0,0,137,2_days,2,Oklahoma City Thunder,48,20,0.4167,1610612760,483,-634,2025-11-02,,home_away_nba_game_day_local,2026-03-10T03:53:38.250640+00:00,0,2025,12.5,-12.5,229.5,False
PHI,116.33333333333333,113.33333333333333,True,0.4,120.8,125.0,-3.0,4.200000000000003,129,1_day,1,Philadelphia 76ers,40,15,0.375,1610612755,-0.4,2025-11-02T00:00:00Z,0022500149,BKN,126.66666666666667,121.0,False,0.0,0.0,127.8,113.8,-5.666666666666671,-14.0,0,0,105,3_plus_days,3,Brooklyn Nets,38,7,0.1842,1610612751,-214,185,2025-11-02,,home_away_nba_game_day_local,2026-03-10T03:53:38.250640+00:00,0,2025,-5.5,5.5,234.5,False
UTA,124.25,114.25,True,0.4,120.2,120.2,-10.0,0.0,103,1_day,1,Utah Jazz,32,7,0.2188,1610612762,1.2,2025-11-02T00:00:00Z,0022500150,CHA,122.6,121.4,True,1.6,0.0,125.4,117.8,-1.1999999999999886,-7.6000000000000085,0,0,126,b2b,0,Charlotte Hornets,43,18,0.4186,1610612766,132,-149,2025-11-02,,home_away_nba_game_day_local,2026-03-10T03:53:38.250640+00:00,0,2025,3.0,-3.0,237.0,False
ATL,115.5,119.0,True,0.4,114.4,115.8,3.5,1.3999999999999915,109,1_day,1,Atlanta Hawks,23,6,0.2609,1610612737,0.0,2025-11-02T00:00:00Z,0022500151,CLE,110.75,113.5,True,0.4,0.0,113.8,114.2,2.75,0.4000000000000057,0,0,117,1_day,1,Cleveland Cavaliers,57,20,0.3509,1610612739,188,-219,2025-11-02,,home_away_nba_game_day_local,2026-03-10T03:53:38.250640+00:00,0,2025,6.0,-6.0,230.5,False
MEM,128.5,122.25,True,0.4,122.0,117.2,-6.25,-4.799999999999997,104,1_day,1,Memphis Grizzlies,35,11,0.3143,1610612763,0.0,2025-11-02T00:00:00Z,0022500152,TOR,118.4,114.2,True,0.4,0.0,124.4,116.2,-4.200000000000003,-8.200000000000003,0,0,117,1_day,1,Toronto Raptors,37,11,0.2973,1610612761,185,-214,2025-11-02,,home_away_nba_game_day_local,2026-03-10T03:53:38.250640+00:00,0,2025,5.5,-5.5,239.0,False
CHI,113.0,115.0,True,0.4,114.0,122.8,2.0,8.799999999999997,116,1_day,1,Chicago Bulls,40,17,0.425,1610612741,0.0,2025-11-02T00:00:00Z,0022500153,NYK,102.16666666666667,106.5,True,0.4,0.0,115.4,113.4,4.333333333333329,-2.0,0,0,128,1_day,1,New York Knicks,42,20,0.4762,1610612752,218,-258,2025-11-02,,home_away_nba_game_day_local,2026-03-10T03:53:38.250640+00:00,0,2025,7.5,-7.5,234.5,False
SAS,105.75,120.25,True,0.15,103.8,118.2,14.5,14.400000000000006,118,2_days,2,San Antonio Spurs,41,10,0.2439,1610612759,0.25,2025-11-02T00:00:00Z,0022500154,PHX,108.2,114.6,True,0.4,0.0,122.0,115.6,6.3999999999999915,-6.400000000000006,0,0,130,1_day,1,Phoenix Suns,33,19,0.5758,1610612756,-253,214,2025-11-02,,home_away_nba_game_day_local,2026-03-10T03:53:38.250640+00:00,0,2025,-6.5,6.5,227.5,False
MIA,117.0,118.0,True,0.15,114.0,125.4,1.0,11.400000000000006,120,2_days,2,Miami Heat,33,9,0.2727,1610612748,0.25,2025-11-02T00:00:00Z,0022500155,LAL,115.42857142857143,108.85714285714286,True,0.4,0.0,115.8,119.2,-6.571428571428569,3.4000000000000057,0,0,130,1_day,1,Los Angeles Lakers,46,15,0.3261,1610612747,171,-195,2025-11-02,,home_away_nba_game_day_local,2026-03-10T03:53:38.250640+00:00,0,2025,5.0,-5.0,235.0,False
MIN,116.42857142857143,114.42857142857143,True,0.4,117.2,115.0,-2.0,-2.200000000000003,125,1_day,1,Minnesota Timberwolves,35,14,0.4,1610612750,1.2,2025-11-03T00:00:00Z,0022500156,BKN,127.25,117.0,True,1.6,0.0,126.4,111.4,-10.25,-15.0,0,0,109,b2b,0,Brooklyn Nets,40,12,0.3,1610612751,-356,293,2025-11-03,,home_away_nba_game_day_local,2026-03-10T03:53:38.250640+00:00,0,2025,-9.0,9.0,229.0,False
MIL,112.0,116.25,True,0.4,118.0,121.8,4.25,3.799999999999997,117,1_day,1,Milwaukee Bucks,47,20,0.4255,1610612749,0.0,2025-11-03T00:00:00Z,0022500157,IND,120.6,116.2,True,0.4,0.0,117.2,108.0,-4.3999999999999915,-9.200000000000003,0,0,115,1_day,1,Indiana Pacers,33,8,0.2424,1610612754,-232,198,2025-11-03,,home_away_nba_game_day_local,2026-03-10T03:53:38.250640+00:00,0,2025,-6.5,6.5,235.0,False
UTA,124.6,112.0,True,1.6,123.8,115.0,-12.599999999999994,-8.799999999999997,105,b2b,0,Utah Jazz,31,9,0.2903,1610612762,-1.2,2025-11-03T00:00:00Z,0022500158,BOS,113.0,118.0,True,0.4,0.0,110.0,114.0,5.0,4.0,0,0,103,1_day,1,Boston Celtics,51,11,0.2157,1610612738,343,-425,2025-11-03,,home_away_nba_game_day_local,2026-03-10T03:53:38.250640+00:00,0,2025,10.5,-10.5,232.5,False
WAS,117.8,112.6,True,0.4,127.4,113.2,-5.200000000000003,-14.200000000000003,102,1_day,1,Washington Wizards,35,13,0.3714,1610612764,1.2,2025-11-03T00:00:00Z,0022500159,NYK,104.14285714285714,109.57142857142857,True,1.6,0.0,116.4,115.2,5.428571428571431,-1.2000000000000028,0,0,119,b2b,0,New York Knicks,41,15,0.3659,1610612752,540,-770,2025-11-03,,home_away_nba_game_day_local,2026-03-10T03:53:38.250640+00:00,0,2025,12.0,-12.0,234.5,False
DAL,105.66666666666667,115.0,True,0.4,114.8,111.4,9.333333333333329,-3.3999999999999915,102,1_day,1,Dallas Mavericks,36,9,0.25,1610612742,0.0,2025-11-03T00:00:00Z,0022500160,HOU,116.0,127.5,True,0.4,0.0,114.2,127.8,11.5,13.599999999999994,0,0,110,1_day,1,Houston Rockets,29,8,0.2759,1610612745,487,-640,2025-11-03,,home_away_nba_game_day_local,2026-03-10T03:53:38.250640+00:00,0,2025,12.5,-12.5,226.0,False
DET,114.6,113.0,True,0.4,113.2,117.2,-1.5999999999999943,4.0,114,1_day,1,Detroit Pistons,31,10,0.3226,1610612765,1.2,2025-11-03T00:00:00Z,0022500161,MEM,122.71428571428571,116.14285714285714,True,1.6,0.0,116.2,115.2,-6.571428571428569,-1.0,0,0,106,b2b,0,Memphis Grizzlies,41,14,0.3415,1610612763,-165,146,2025-11-03,,home_away_nba_game_day_local,2026-03-10T03:53:38.250640+00:00,0,2025,-4.0,4.0,236.5,False
SAC,121.0,117.5,True,0.4,119.4,114.8,-3.5,-4.6000000000000085,124,1_day,1,Sacramento Kings,27,9,0.3333,1610612758,-0.25,2025-11-03T00:00:00Z,0022500162,DEN,110.5,123.75,True,0.15,0.0,111.8,124.0,13.25,12.200000000000003,0,0,130,2_days,2,Denver Nuggets,38,12,0.3158,1610612743,446,-576,2025-11-03,,home_away_nba_game_day_local,2026-03-10T03:53:38.250640+00:00,0,2025,11.5,-11.5,236.5,False
LAL,114.2,113.4,True,1.6,117.8,119.6,-0.7999999999999972,1.7999999999999972,123,b2b,0,Los Angeles Lakers,23,9,0.3913,1610612747,-1.45,2025-11-03T00:00:00Z,0022500163,POR,117.0,119.4,True,0.15,0.0,116.4,122.6,2.4000000000000057,6.199999999999989,0,0,115,2_days,2,Portland Trail Blazers,40,9,0.225,1610612757,136,-155,2025-11-03,,home_away_nba_game_day_local,2026-03-10T03:53:38.250640+00:00,0,2025,3.0,-3.0,233.5,False
MIA,119.16666666666667,118.33333333333333,True,1.6,115.0,125.2,-0.8333333333333428,10.200000000000003,120,b2b,0,Miami Heat,25,12,0.48,1610612748,-1.45,2025-11-03T00:00:00Z,0022500164,LAC,108.75,115.75,True,0.15,0.0,112.0,111.2,7.0,-0.7999999999999972,0,0,119,2_days,2,LA Clippers,41,17,0.4146,1610612746,,,2025-11-03,,,,0,2025,,,,False
MIL,112.6,116.4,True,1.6,117.8,120.8,3.8000000000000114,3.0,100,b2b,0,Milwaukee Bucks,38,11,0.2895,1610612749,-1.2,2025-11-04T00:00:00Z,0022500165,TOR,116.0,114.66666666666667,True,0.4,0.0,120.8,116.4,-1.3333333333333286,-4.3999999999999915,0,0,128,1_day,1,Toronto Raptors,38,17,0.4474,1610612761,154,-175,2025-11-04,,home_away_nba_game_day_local,2026-03-10T03:53:38.250640+00:00,0,2025,4.0,-4.0,237.5,False
ORL,114.66666666666667,123.66666666666667,True,0.15,116.4,117.2,9.0,0.7999999999999972,112,2_days,2,Orlando Magic,34,11,0.3235,1610612753,0.25,2025-11-04T00:00:00Z,0022500166,ATL,126.5,113.0,True,0.4,0.0,116.4,115.4,-13.5,-1.0,0,0,127,1_day,1,Atlanta Hawks,30,13,0.4333,1610612737,-165,146,2025-11-04,,home_away_nba_game_day_local,2026-03-10T03:53:38.250640+00:00,0,2025,-4.0,4.0,228.5,False
PHI,113.5,117.25,True,0.4,118.6,127.4,3.75,8.800000000000011,111,1_day,1,Philadelphia 76ers,30,11,0.3667,1610612755,0.0,2025-11-04T00:00:00Z,0022500167,CHI,118.71428571428571,124.28571428571429,True,0.4,0.0,117.4,123.0,5.571428571428584,5.599999999999994,0,0,113,1_day,1,Chicago Bulls,34,13,0.3824,1610612741,-106,-110,2025-11-04,,home_away_nba_game_day_local,2026-03-10T03:53:38.250640+00:00,0,2025,1.0,-1.0,239.5,False
CHA,122.16666666666667,120.16666666666667,True,0.4,121.0,118.8,-2.0,-2.200000000000003,112,1_day,1,Charlotte Hornets,38,13,0.3421,1610612766,0.0,2025-11-04T00:00:00Z,0022500168,NOP,124.0,111.33333333333333,True,0.4,0.0,125.4,104.8,-12.666666666666671,-20.60000000000001,0,0,116,1_day,1,New Orleans Pelicans,38,17,0.4474,1610612740,112,-128,2025-11-04,,home_away_nba_game_day_local,2026-03-10T03:53:38.250640+00:00,0,2025,2.0,-2.0,236.5,False
PHX,121.6,116.4,True,0.4,119.8,121.2,-5.199999999999989,1.4000000000000057,107,1_day,1,Phoenix Suns,33,12,0.3636,1610612756,-0.25,2025-11-04T00:00:00Z,0022500169,GSW,110.0,118.16666666666667,True,0.15,0.0,114.0,113.4,8.166666666666671,-0.5999999999999943,0,0,118,2_days,2,Golden State Warriors,42,19,0.4524,1610612744,356,-444,2025-11-04,,home_away_nba_game_day_local,2026-03-10T03:53:38.250640+00:00,0,2025,10.5,-10.5,232.0,False
OKC,111.0,114.28571428571429,True,0.4,101.8,117.8,3.285714285714292,16.0,126,1_day,1,Oklahoma City Thunder,38,18,0.4737,1610612760,1.2,2025-11-04T00:00:00Z,0022500170,LAC,111.0,116.4,True,1.6,0.0,110.2,113.4,5.400000000000006,3.200000000000003,0,0,107,b2b,0,LA Clippers,43,18,0.4186,1610612746,,,2025-11-04,,,,0,2025,,,,False
PHI,113.4,116.0,True,1.6,117.0,124.6,2.5999999999999943,7.599999999999994,121,b2b,0,Philadelphia 76ers,31,12,0.3871,1610612755,-1.45,2025-11-05T00:00:00Z,0022500171,CLE,110.4,114.2,True,0.15,0.0,110.8,111.4,3.799999999999997,0.6000000000000085,0,0,132,2_days,2,Cleveland Cavaliers,44,18,0.4091,1610612739,293,-356,2025-11-05,,home_away_nba_game_day_local,2026-03-10T03:53:38.250640+00:00,0,2025,10.0,-10.0,234.0,False
UTA,121.0,110.83333333333333,True,0.4,123.4,115.2,-10.166666666666671,-8.200000000000003,103,1_day,1,Utah Jazz,39,12,0.3077,1610612762,0.0,2025-11-05T00:00:00Z,0022500172,DET,110.6,118.0,True,0.4,0.0,112.2,117.0,7.400000000000006,4.799999999999997,0,0,114,1_day,1,Detroit Pistons,30,11,0.3667,1610612765,364,-455,2025-11-05,,home_away_nba_game_day_local,2026-03-10T03:53:38.250640+00:00,0,2025,10.0,-10.0,230.5,False
BKN,123.8,111.6,True,0.4,125.2,108.4,-12.200000000000003,-16.799999999999997,112,1_day,1,Brooklyn Nets,40,14,0.35,1610612751,0.0,2025-11-05T00:00:00Z,0022500173,IND,120.0,116.0,True,0.4,0.0,115.0,110.4,-4.0,-4.599999999999994,0,0,103,1_day,1,Indiana Pacers,36,13,0.3611,1610612754,229,-272,2025-11-05,,home_away_nba_game_day_local,2026-03-10T03:53:38.250640+00:00,0,2025,7.0,-7.0,232.5,False
WAS,118.0,110.83333333333333,True,0.4,129.8,110.2,-7.166666666666671,-19.60000000000001,107,1_day,1,Washington Wizards,27,9,0.3333,1610612764,0.0,2025-11-05T00:00:00Z,0022500174,BOS,111.66666666666667,115.5,True,0.4,0.0,107.2,112.0,3.8333333333333286,4.799999999999997,0,0,136,1_day,1,Boston Celtics,41,16,0.3902,1610612738,443,-572,2025-11-05,,home_away_nba_game_day_local,2026-03-10T03:53:38.250640+00:00,0,2025,11.5,-11.5,232.0,False
MIN,115.5,115.75,True,0.4,113.4,118.0,0.25,4.599999999999994,114,1_day,1,Minnesota Timberwolves,40,19,0.475,1610612750,0.0,2025-11-05T00:00:00Z,0022500175,NYK,103.875,110.75,True,0.4,0.0,117.8,118.0,6.875,0.20000000000000284,0,0,137,1_day,1,New York Knicks,42,19,0.4524,1610612752,156,-177,2025-11-05,,home_away_nba_game_day_local,2026-03-10T03:53:38.250640+00:00,0,2025,4.5,-4.5,229.0,False
HOU,118.0,130.8,True,0.4,109.6,125.0,12.800000000000011,15.400000000000006,124,1_day,1,Houston Rockets,30,13,0.4333,1610612745,0.0,2025-11-05T00:00:00Z,0022500176,MEM,121.625,114.875,True,0.4,0.0,118.4,110.8,-6.75,-7.6000000000000085,0,0,109,1_day,1,Memphis Grizzlies,39,13,0.3333,1610612763,-297,248,2025-11-05,,home_away_nba_game_day_local,2026-03-10T03:53:38.250640+00:00,0,2025,-7.5,7.5,232.5,False
NOP,129.0,113.0,True,1.6,123.8,104.8,-16.0,-19.0,101,b2b,0,New Orleans Pelicans,31,10,0.3226,1610612740,-1.2,2025-11-05T00:00:00Z,0022500177,DAL,112.28571428571429,108.71428571428571,True,0.4,0.0,113.4,110.4,-3.5714285714285836,-3.0,0,0,99,1_day,1,Dallas Mavericks,32,10,0.3125,1610612742,241,-287,2025-11-05,,home_away_nba_game_day_local,2026-03-10T03:53:38.250640+00:00,0,2025,7.5,-7.5,227.0,False
MIA,119.14285714285714,118.57142857142857,True,0.4,116.0,120.0,-0.5714285714285694,4.0,112,1_day,1,Miami Heat,41,14,0.3415,1610612748,0.0,2025-11-05T00:00:00Z,0022500178,DEN,113.2,125.0,True,0.4,0.0,109.2,123.8,11.799999999999997,14.599999999999994,0,0,122,1_day,1,Denver Nuggets,40,11,0.275,1610612743,315,-386,2025-11-05,,home_away_nba_game_day_local,2026-03-10T03:53:38.250640+00:00,0,2025,9.5,-9.5,242.5,False
SAS,110.6,119.8,True,0.15,111.4,116.8,9.200000000000003,5.3999999999999915,116,2_days,2,San Antonio Spurs,33,13,0.3939,1610612759,0.25,2025-11-05T00:00:00Z,0022500179,LAL,116.0,111.5,True,0.4,0.0,116.8,118.8,-4.5,2.0,0,0,118,1_day,1,Los Angeles Lakers,31,10,0.3226,1610612747,115,-131,2025-11-05,,home_away_nba_game_day_local,2026-03-10T03:53:38.250640+00:00,0,2025,3.0,-3.0,229.0,False
OKC,110.5,115.75,True,1.6,103.2,119.6,5.25,16.39999999999999,119,b2b,0,Oklahoma City Thunder,38,15,0.3947,1610612760,-1.2,2025-11-05T00:00:00Z,0022500180,POR,118.0,118.66666666666667,True,0.4,0.0,117.2,117.8,0.6666666666666714,0.5999999999999943,0,0,121,1_day,1,Portland Trail Blazers,43,19,0.4419,1610612757,-214,185,2025-11-05,,home_away_nba_game_day_local,2026-03-10T03:53:38.250640+00:00,0,2025,-5.5,5.5,229.0,False
GSW,119.83333333333333,115.16666666666667,True,1.6,107.6,113.2,-4.666666666666657,5.6000000000000085,116,b2b,0,Golden State Warriors,43,17,0.3953,1610612744,-1.2,2025-11-05T00:00:00Z,0022500181,SAC,117.5,109.5,True,0.4,0.0,124.6,118.6,-8.0,-6.0,0,0,121,1_day,1,Sacramento Kings,23,11,0.4783,1610612758,127,-144,2025-11-05,,home_away_nba_game_day_local,2026-03-10T03:53:38.250640+00:00,0,2025,3.0,-3.0,227.0,False
LAC,105.25,100.5,True,0.4,115.0,109.0,-4.75,-6.0,102,1_day,1,LA Clippers,31,10,0.3226,1610612746,0.0,2025-11-06T00:00:00Z,0022500182,PHX,109.83333333333333,117.16666666666667,True,0.4,0.0,116.8,120.4,7.333333333333343,3.6000000000000085,0,0,115,1_day,1,Phoenix Suns,49,19,0.3878,1610612756,,,2025-11-06,,,,0,2025,,,,False
BOS,105.33333333333333,110.83333333333333,True,0.4,110.6,114.8,5.5,4.200000000000003,110,1_day,1,Boston Celtics,37,13,0.3514,1610612738,-0.25,2025-11-07T00:00:00Z,0022500028,ORL,114.2,116.4,True,0.15,0.0,119.8,120.0,2.200000000000003,0.20000000000000284,0,0,123,2_days,2,Orlando Magic,36,17,0.4722,1610612753,160,-190,2025-11-07,,home_away_nba_game_day_local,2026-03-10T03:53:38.250640+00:00,0,2025,5.0,-5.0,225.5,False
CLE,120.0,113.66666666666667,True,0.4,112.4,114.2,-6.333333333333329,1.7999999999999972,148,1_day,1,Cleveland Cavaliers,45,20,0.4444,1610612739,0.0,2025-11-07T00:00:00Z,0022500029,WAS,129.0,113.25,True,0.4,0.0,129.2,109.0,-15.75,-20.19999999999999,0,0,115,1_day,1,Washington Wizards,41,15,0.3659,1610612764,-510,390,2025-11-07,,home_away_nba_game_day_local,2026-03-10T03:53:38.250640+00:00,0,2025,-11.5,11.5,234.5,False
TOR,117.57142857142857,119.0,True,0.15,113.0,116.2,1.4285714285714306,3.200000000000003,109,2_days,2,Toronto Raptors,38,12,0.3158,1610612761,0.0,2025-11-07T00:00:00Z,0022500030,ATL,123.6,115.8,True,0.15,0.0,115.4,120.8,-7.799999999999997,5.3999999999999915,0,0,97,2_days,2,Atlanta Hawks,38,9,0.2368,1610612737,-134,114,2025-11-07,,home_away_nba_game_day_local,2026-03-10T03:53:38.250640+00:00,0,2025,-2.0,2.0,234.5,False
DET,113.16666666666667,113.16666666666667,True,0.4,110.2,116.0,0.0,5.799999999999997,125,1_day,1,Detroit Pistons,26,6,0.2308,1610612765,0.0,2025-11-07T00:00:00Z,0022500031,BKN,126.8,115.4,True,0.4,0.0,122.2,109.4,-11.399999999999991,-12.799999999999997,0,0,107,1_day,1,Brooklyn Nets,46,17,0.3696,1610612751,-300,245,2025-11-07,,home_away_nba_game_day_local,2026-03-10T03:53:38.250640+00:00,0,2025,-8.0,8.0,227.5,False
HOU,116.5,129.66666666666666,True,0.4,108.4,127.6,13.166666666666657,19.19999999999999,110,1_day,1,Houston Rockets,27,13,0.4815,1610612745,0.0,2025-11-07T00:00:00Z,0022500032,SAS,109.0,122.6,True,0.4,0.0,111.8,116.0,13.599999999999994,4.200000000000003,0,0,121,1_day,1,San Antonio Spurs,45,18,0.4,1610612759,-125,105,2025-11-07,,home_away_nba_game_day_local,2026-03-10T03:53:38.250640+00:00,0,2025,-1.5,1.5,227.5,False
CHA,121.28571428571429,119.0,True,0.15,121.6,113.4,-2.285714285714292,-8.199999999999989,108,2_days,2,Charlotte Hornets,39,10,0.2564,1610612766,0.25,2025-11-07T00:00:00Z,0022500033,MIA,117.66666666666667,117.0,True,0.4,0.0,119.0,119.4,-0.6666666666666714,0.4000000000000057,0,0,126,1_day,1,Miami Heat,28,12,0.4286,1610612748,158,-180,2025-11-07,,home_away_nba_game_day_local,2026-03-10T03:53:38.250640+00:00,0,2025,5.0,-5.0,243.5,False
DAL,106.75,111.75,True,0.4,107.8,102.4,5.0,-5.3999999999999915,104,1_day,1,Dallas Mavericks,39,10,0.2564,1610612742,0.0,2025-11-07T00:00:00Z,0022500034,MEM,121.88888888888889,114.22222222222223,True,0.4,0.0,117.0,109.0,-7.666666666666657,-8.0,0,0,118,1_day,1,Memphis Grizzlies,35,13,0.3714,1610612763,136,-162,2025-11-07,,home_away_nba_game_day_local,2026-03-10T03:53:38.250640+00:00,0,2025,3.5,-3.5,228.5,False
CHI,116.75,115.25,True,0.15,120.0,123.6,-1.5,3.5999999999999943,110,2_days,2,Chicago Bulls,33,10,0.303,1610612741,0.0,2025-11-07T00:00:00Z,0022500035,MIL,117.16666666666667,122.66666666666667,True,0.15,0.0,119.8,118.2,5.5,-1.5999999999999943,0,0,126,2_days,2,Milwaukee Bucks,39,16,0.4103,1610612749,158,-188,2025-11-07,,home_away_nba_game_day_local,2026-03-10T03:53:38.250640+00:00,0,2025,5.0,-5.0,242.5,False
UTA,120.0,109.71428571428571,True,0.4,119.4,108.2,-10.285714285714292,-11.200000000000003,97,1_day,1,Utah Jazz,39,9,0.2308,1610612762,0.0,2025-11-07T00:00:00Z,0022500036,MIN,122.0,119.25,True,0.4,0.0,118.8,118.0,-2.75,-0.7999999999999972,0,0,137,1_day,1,Minnesota Timberwolves,36,17,0.4722,1610612750,423,-542,2025-11-07,,home_away_nba_game_day_local,2026-03-10T03:53:38.250640+00:00,0,2025,12.0,-12.0,231.5,False
GSW,120.0,115.28571428571429,True,0.4,108.2,110.2,-4.714285714285708,2.0,104,1_day,1,Golden State Warriors,41,12,0.2927,1610612744,0.0,2025-11-07T00:00:00Z,0022500037,DEN,113.0,124.5,True,0.4,0.0,109.4,121.6,11.5,12.199999999999989,0,0,129,1_day,1,Denver Nuggets,33,16,0.4848,1610612743,190,-230,2025-11-07,,home_away_nba_game_day_local,2026-03-10T03:53:38.250640+00:00,0,2025,5.5,-5.5,231.5,False
OKC,111.66666666666667,116.11111111111111,True,0.4,108.6,123.2,4.444444444444443,14.600000000000009,132,1_day,1,Oklahoma City Thunder,35,13,0.3714,1610612760,0.0,2025-11-07T00:00:00Z,0022500038,SAC,117.2,111.8,True,0.4,0.0,122.4,118.8,-5.400000000000006,-3.6000000000000085,0,0,101,1_day,1,Sacramento Kings,40,15,0.375,1610612758,-320,260,2025-11-07,,home_away_nba_game_day_local,2026-03-10T03:53:38.250640+00:00,0,2025,-8.0,8.0,226.5,False
DAL,109.0,110.2,True,1.6,111.2,104.4,1.2000000000000028,-6.799999999999997,111,b2b,0,Dallas Mavericks,24,6,0.25,1610612742,0.0,2025-11-08T00:00:00Z,0022500183,WAS,132.8,113.6,True,1.6,0.0,131.0,105.2,-19.200000000000017,-25.799999999999997,0,0,105,b2b,0,Washington Wizards,35,11,0.3143,1610612764,-170,150,2025-11-08,,home_away_nba_game_day_local,2026-03-10T03:53:38.250640+00:00,0,2025,-3.5,3.5,230.0,False
TOR,115.0,117.75,True,1.6,108.2,117.4,2.75,9.200000000000003,120,b2b,0,Toronto Raptors,38,16,0.4211,1610612761,-1.45,2025-11-08T00:00:00Z,0022500184,PHI,117.5,116.16666666666667,True,0.15,0.0,118.6,121.6,-1.3333333333333286,3.0,0,0,130,2_days,2,Philadelphia 76ers,35,10,0.2857,1610612755,166,-190,2025-11-08,,home_away_nba_game_day_local,2026-03-10T03:53:38.250640+00:00,0,2025,5.0,-5.0,237.0,False
LAL,114.33333333333333,115.0,True,0.15,115.6,120.8,0.6666666666666714,5.200000000000003,102,2_days,2,Los Angeles Lakers,30,12,0.4,1610612747,1.45,2025-11-08T00:00:00Z,0022500185,ATL,121.16666666666667,112.66666666666667,True,1.6,0.0,111.6,115.6,-8.5,4.0,0,0,122,b2b,0,Atlanta Hawks,39,16,0.4103,1610612737,-152,134,2025-11-08,,home_away_nba_game_day_local,2026-03-10T03:53:38.250640+00:00,0,2025,-3.0,3.0,230.0,False
CHI,118.6,114.2,True,1.6,120.6,120.0,-4.3999999999999915,-0.5999999999999943,122,b2b,0,Chicago Bulls,29,13,0.4483,1610612741,0.0,2025-11-08T00:00:00Z,0022500186,CLE,112.16666666666667,117.16666666666667,True,1.6,0.0,116.4,120.6,5.0,4.199999999999989,0,0,128,b2b,0,Cleveland Cavaliers,46,17,0.3696,1610612739,285,-345,2025-11-08,,home_away_nba_game_day_local,2026-03-10T03:53:38.250640+00:00,0,2025,9.0,-9.0,240.0,False
POR,123.4,123.4,True,0.15,118.2,120.6,0.0,2.3999999999999915,131,2_days,2,Portland Trail Blazers,51,14,0.2745,1610612757,1.45,2025-11-08T00:00:00Z,0022500187,MIA,116.28571428571429,118.28571428571429,True,1.6,0.0,117.2,115.8,2.0,-1.4000000000000057,0,0,136,b2b,0,Miami Heat,35,10,0.2857,1610612748,-155,136,2025-11-08,,home_away_nba_game_day_local,2026-03-10T03:53:38.250640+00:00,0,2025,-3.0,3.0,240.5,False
NOP,124.0,111.0,True,0.15,119.2,107.0,-13.0,-12.200000000000003,119,2_days,2,New Orleans Pelicans,38,15,0.3947,1610612740,1.45,2025-11-08T00:00:00Z,0022500188,SAS,109.16666666666667,122.33333333333333,True,1.6,0.0,112.4,116.6,13.166666666666657,4.199999999999989,0,0,126,b2b,0,San Antonio Spurs,40,14,0.35,1610612759,423,-542,2025-11-08,,home_away_nba_game_day_local,2026-03-10T03:53:38.250640+00:00,0,2025,11.0,-11.0,226.0,False
IND,123.2,111.4,True,0.15,114.6,109.0,-11.799999999999997,-5.599999999999994,100,2_days,2,Indiana Pacers,36,8,0.2222,1610612754,1.45,2025-11-08T00:00:00Z,0022500189,DEN,111.71428571428571,125.14285714285714,True,1.6,0.0,107.4,122.0,13.42857142857143,14.599999999999994,0,0,117,b2b,0,Denver Nuggets,27,8,0.2963,1610612743,440,-567,2025-11-08,,home_away_nba_game_day_local,2026-03-10T03:53:38.250640+00:00,0,2025,11.5,-11.5,233.5,False
PHX,121.0,114.83333333333333,True,0.4,109.6,116.6,-6.166666666666671,7.0,114,1_day,1,Phoenix Suns,38,16,0.4211,1610612756,0.0,2025-11-08T00:00:00Z,0022500190,LAC,113.5,114.83333333333333,True,0.4,0.0,116.6,106.6,1.3333333333333286,-10.0,0,0,103,1_day,1,LA Clippers,33,10,0.303,1610612746,,,2025-11-08,,,,0,2025,,,,False
HOU,117.14285714285714,126.85714285714286,True,0.4,110.8,122.2,9.714285714285722,11.400000000000006,122,1_day,1,Houston Rockets,26,10,0.3846,1610612745,0.0,2025-11-09T00:00:00Z,0022500191,MIL,116.14285714285714,123.14285714285714,True,0.4,0.0,119.6,119.2,7.0,-0.3999999999999915,0,0,115,1_day,1,Milwaukee Bucks,29,13,0.4483,1610612749,-165,146,2025-11-09,,home_away_nba_game_day_local,2026-03-10T03:53:38.250640+00:00,0,2025,-4.0,4.0,232.0,False
BKN,120.33333333333333,111.66666666666667,True,0.4,119.8,109.0,-8.666666666666657,-10.799999999999997,98,1_day,1,Brooklyn Nets,45,14,0.3111,1610612751,-0.4,2025-11-09T00:00:00Z,0022500192,NYK,105.0,113.66666666666667,False,0.0,0.0,117.6,124.0,8.666666666666671,6.400000000000006,0,0,134,3_plus_days,3,New York Knicks,37,17,0.4595,1610612752,757,-1126,2025-11-09,,home_away_nba_game_day_local,2026-03-10T03:53:38.250640+00:00,0,2025,15.5,-15.5,228.5,False
BOS,107.85714285714286,110.71428571428571,True,0.4,114.2,111.8,2.857142857142847,-2.4000000000000057,111,1_day,1,Boston Celtics,33,13,0.3939,1610612738,0.0,2025-11-09T00:00:00Z,0022500193,ORL,113.5,117.5,True,0.4,0.0,114.6,119.8,4.0,5.200000000000003,0,0,107,1_day,1,Orlando Magic,30,7,0.2333,1610612753,141,-160,2025-11-09,,home_away_nba_game_day_local,2026-03-10T03:53:38.250640+00:00,0,2025,3.0,-3.0,226.5,False
OKC,110.6,117.7,True,0.4,108.6,128.2,7.1000000000000085,19.599999999999994,114,1_day,1,Oklahoma City Thunder,43,10,0.2326,1610612760,0.0,2025-11-09T00:00:00Z,0022500194,MEM,120.1,114.6,True,0.4,0.0,115.2,109.8,-5.5,-5.400000000000006,0,0,100,1_day,1,Memphis Grizzlies,44,17,0.3864,1610612763,-518,408,2025-11-09,,home_away_nba_game_day_local,2026-03-10T03:53:38.250640+00:00,0,2025,-10.5,10.5,234.0,False
DET,112.28571428571429,114.85714285714286,True,0.4,108.4,122.0,2.5714285714285694,13.599999999999994,111,1_day,1,Detroit Pistons,30,13,0.4333,1610612765,1.2,2025-11-09T00:00:00Z,0022500195,PHI,117.85714285714286,118.14285714285714,True,1.6,0.0,115.8,119.8,0.2857142857142776,4.0,0,0,108,b2b,0,Philadelphia 76ers,33,12,0.3636,1610612755,-153,135,2025-11-09,,home_away_nba_game_day_local,2026-03-10T03:53:38.250640+00:00,0,2025,-3.5,3.5,232.5,False
IND,122.16666666666667,109.5,True,1.6,116.6,108.0,-12.666666666666671,-8.599999999999994,83,b2b,0,Indiana Pacers,39,11,0.2821,1610612754,-1.2,2025-11-09T00:00:00Z,0022500196,GSW,109.57142857142857,118.14285714285714,True,0.4,0.0,118.2,111.4,8.57142857142857,-6.799999999999997,0,0,114,1_day,1,Golden State Warriors,44,12,0.2727,1610612744,533,-713,2025-11-09,,home_away_nba_game_day_local,2026-03-10T03:53:38.250640+00:00,0,2025,13.0,-13.0,227.5,False
MIN,117.88888888888889,115.55555555555556,True,0.4,112.8,122.6,-2.3333333333333286,9.799999999999997,144,1_day,1,Minnesota Timberwolves,46,18,0.3913,1610612750,0.0,2025-11-09T00:00:00Z,0022500197,SAC,119.66666666666667,110.0,True,0.4,0.0,127.4,118.8,-9.666666666666671,-8.600000000000009,0,0,117,1_day,1,Sacramento Kings,29,13,0.4483,1610612758,-209,182,2025-11-09,,home_away_nba_game_day_local,2026-03-10T03:53:38.250640+00:00,0,2025,-5.5,5.5,234.5,False
LAL,115.42857142857143,113.14285714285714,True,0.4,117.0,118.0,-2.285714285714292,1.0,121,1_day,1,Los Angeles Lakers,39,14,0.359,1610612747,-0.25,2025-11-10T00:00:00Z,0022500198,CHA,119.33333333333333,122.16666666666667,True,0.15,0.0,118.0,111.6,2.833333333333343,-6.400000000000006,0,0,111,2_days,2,Charlotte Hornets,36,17,0.4722,1610612766,-287,241,2025-11-10,,home_away_nba_game_day_local,2026-03-10T03:53:38.250640+00:00,0,2025,-7.5,7.5,230.0,False
WAS,120.57142857142857,110.28571428571429,True,0.75,127.8,104.6,-10.285714285714278,-23.200000000000003,135,1_day,1,Washington Wizards,38,15,0.3947,1610612764,1.2,2025-11-10T00:00:00Z,0022500199,DET,109.33333333333333,117.33333333333333,True,1.95,0.0,106.8,117.2,8.0,10.400000000000006,0,0,137,b2b,0,Detroit Pistons,41,13,0.3171,1610612765,487,-640,2025-11-10,,home_away_nba_game_day_local,2026-03-10T03:53:38.250640+00:00,5,2025,11.5,-11.5,235.0,True
POR,125.5,124.66666666666667,True,0.4,123.8,122.4,-0.8333333333333286,-1.3999999999999915,112,1_day,1,Portland Trail Blazers,36,13,0.3611,1610612757,1.2,2025-11-10T00:00:00Z,0022500200,ORL,113.14285714285714,116.0,True,1.6,0.0,109.8,118.0,2.857142857142861,8.200000000000003,0,0,115,b2b,0,Orlando Magic,30,8,0.2667,1610612753,112,-128,2025-11-10,,home_away_nba_game_day_local,2026-03-10T03:53:38.250640+00:00,0,2025,2.5,-2.5,235.5,False
CLE,119.28571428571429,118.57142857142857,True,0.75,115.8,125.2,-0.7142857142857224,9.400000000000006,138,1_day,1,Cleveland Cavaliers,65,21,0.3231,1610612739,0.0,2025-11-10T00:00:00Z,0022500201,MIA,118.125,120.5,True,0.75,0.0,122.0,122.8,2.375,0.7999999999999972,0,0,140,1_day,1,Miami Heat,36,12,0.3333,1610612748,-287,241,2025-11-10,,home_away_nba_game_day_local,2026-03-10T03:53:38.250640+00:00,5,2025,-7.5,7.5,247.0,True
SAS,111.83333333333333,119.16666666666667,True,0.4,115.6,117.6,7.333333333333343,2.0,121,1_day,1,San Antonio Spurs,33,10,0.303,1610612759,0.0,2025-11-10T00:00:00Z,0022500202,CHI,117.75,122.875,True,0.4,0.0,123.6,119.2,5.125,-4.3999999999999915,0,0,117,1_day,1,Chicago Bulls,38,16,0.4211,1610612741,-158,139,2025-11-10,,home_away_nba_game_day_local,2026-03-10T03:53:38.250640+00:00,0,2025,-3.5,3.5,234.0,False
MIL,115.16666666666667,113.66666666666667,True,1.6,122.0,118.2,-1.5,-3.799999999999997,116,b2b,0,Milwaukee Bucks,36,14,0.3889,1610612749,-1.2,2025-11-10T00:00:00Z,0022500203,DAL,110.875,107.5,True,0.4,0.0,111.2,105.2,-3.375,-6.0,0,0,114,1_day,1,Dallas Mavericks,39,9,0.2308,1610612742,-125,109,2025-11-10,,home_away_nba_game_day_local,2026-03-10T03:53:38.250640+00:00,0,2025,-2.0,2.0,231.0,False
NOP,124.28571428571429,112.14285714285714,True,0.4,120.0,113.2,-12.142857142857153,-6.799999999999997,98,1_day,1,New Orleans Pelicans,32,10,0.3125,1610612740,0.0,2025-11-10T00:00:00Z,0022500204,PHX,108.71428571428571,116.85714285714286,True,0.4,0.0,107.4,116.8,8.142857142857153,9.399999999999991,0,0,121,1_day,1,Phoenix Suns,43,19,0.4419,1610612756,248,-297,2025-11-10,,home_away_nba_game_day_local,2026-03-10T03:53:38.250640+00:00,0,2025,8.0,-8.0,228.0,False
MIN,117.8,118.4,True,1.6,113.0,128.4,0.6000000000000085,15.400000000000006,120,b2b,0,Minnesota Timberwolves,33,10,0.303,1610612750,-1.45,2025-11-10T00:00:00Z,0022500205,UTA,124.2,126.8,True,0.15,0.0,119.6,100.8,2.5999999999999943,-18.799999999999997,0,0,113,2_days,2,Utah Jazz,52,17,0.3269,1610612762,-287,241,2025-11-10,,home_away_nba_game_day_local,2026-03-10T03:53:38.250640+00:00,0,2025,-7.5,7.5,234.0,False
ATL,115.71428571428571,117.57142857142857,True,0.4,109.6,116.6,1.8571428571428612,7.0,105,1_day,1,Atlanta Hawks,34,13,0.3824,1610612737,0.0,2025-11-10T00:00:00Z,0022500206,LAC,113.57142857142857,113.14285714285714,True,0.4,0.0,119.8,111.4,-0.4285714285714306,-8.399999999999991,0,0,102,1_day,1,LA Clippers,38,12,0.3158,1610612746,,,2025-11-10,,,,0,2025,,,,False
TOR,116.66666666666667,118.0,True,0.15,106.4,117.2,1.3333333333333286,10.799999999999997,119,2_days,2,Toronto Raptors,35,9,0.2571,1610612761,0.25,2025-11-11T00:00:00Z,0022500207,BKN,126.5,114.0,True,0.4,0.0,123.2,106.2,-12.5,-17.0,0,0,109,1_day,1,Brooklyn Nets,41,14,0.3415,1610612751,-417,337,2025-11-11,,home_away_nba_game_day_local,2026-03-10T03:53:38.250640+00:00,0,2025,-10.0,10.0,234.0,False
MEM,126.2,118.6,True,0.4,114.6,107.4,-7.6000000000000085,-7.199999999999989,120,1_day,1,Memphis Grizzlies,38,14,0.3684,1610612763,0.0,2025-11-11T00:00:00Z,0022500208,NYK,104.3,115.7,True,0.4,0.0,113.0,128.6,11.400000000000006,15.599999999999994,0,0,133,1_day,1,New York Knicks,55,22,0.4,1610612752,311,-380,2025-11-11,,home_away_nba_game_day_local,2026-03-10T03:53:38.250640+00:00,0,2025,9.0,-9.0,234.0,False
BOS,107.75,110.75,True,0.4,114.0,112.2,3.0,-1.7999999999999972,100,1_day,1,Boston Celtics,38,13,0.3421,1610612738,0.0,2025-11-11T00:00:00Z,0022500209,PHI,117.0,116.875,True,0.4,0.0,116.2,119.8,-0.125,3.5999999999999943,0,0,102,1_day,1,Philadelphia 76ers,36,14,0.3889,1610612755,120,-136,2025-11-11,,home_away_nba_game_day_local,2026-03-10T03:53:38.250640+00:00,0,2025,2.0,-2.0,232.5,False
GSW,121.125,113.875,True,0.4,110.8,112.2,-7.25,1.4000000000000057,102,1_day,1,Golden State Warriors,35,13,0.3714,1610612744,0.0,2025-11-11T00:00:00Z,0022500210,OKC,107.66666666666667,118.66666666666667,True,0.4,0.0,107.0,125.6,11.0,18.599999999999994,0,0,126,1_day,1,Oklahoma City Thunder,36,16,0.4444,1610612760,237,-282,2025-11-11,,home_away_nba_game_day_local,2026-03-10T03:53:38.250640+00:00,0,2025,7.0,-7.0,228.5,False
IND,121.0,105.71428571428571,True,0.4,113.8,103.0,-15.285714285714292,-10.799999999999997,128,1_day,1,Indiana Pacers,37,10,0.2703,1610612754,1.2,2025-11-11T00:00:00Z,0022500211,UTA,123.5,124.5,True,1.6,0.0,120.0,104.2,1.0,-15.799999999999997,0,0,152,b2b,0,Utah Jazz,42,19,0.4524,1610612762,-135,119,2025-11-11,,home_away_nba_game_day_local,2026-03-10T03:53:38.250640+00:00,0,2025,-2.0,2.0,231.5,False
DEN,109.33333333333333,111.66666666666667,True,0.15,109.8,121.0,2.333333333333343,11.200000000000003,122,2_days,2,Denver Nuggets,33,13,0.3939,1610612743,0.25,2025-11-11T00:00:00Z,0022500212,SAC,123.14285714285714,111.0,True,0.4,0.0,131.0,119.6,-12.142857142857139,-11.400000000000006,0,0,108,1_day,1,Sacramento Kings,33,10,0.303,1610612758,-345,285,2025-11-11,,home_away_nba_game_day_local,2026-03-10T03:53:38.250640+00:00,0,2025,-8.5,8.5,242.0,False
MIL,115.0,114.0,True,0.4,117.8,114.8,-1.0,-3.0,100,1_day,1,Milwaukee Bucks,30,12,0.4,1610612749,0.0,2025-11-12T00:00:00Z,0022500213,CHA,119.57142857142857,120.57142857142857,True,0.4,0.0,117.6,112.4,1.0,-5.199999999999989,0,0,111,1_day,1,Charlotte Hornets,40,12,0.3,1610612766,-214,185,2025-11-12,,home_away_nba_game_day_local,2026-03-10T03:53:38.250640+00:00,0,2025,-6.0,6.0,233.0,False
CHI,120.16666666666667,115.5,True,0.4,122.8,115.6,-4.666666666666671,-7.200000000000003,113,1_day,1,Chicago Bulls,33,12,0.3636,1610612741,0.0,2025-11-12T00:00:00Z,0022500214,DET,113.0,120.14285714285714,True,0.4,0.0,111.8,120.2,7.142857142857139,8.400000000000006,0,0,124,1_day,1,Detroit Pistons,30,13,0.4333,1610612765,122,-138,2025-11-12,,home_away_nba_game_day_local,2026-03-10T03:53:38.250640+00:00,0,2025,2.5,-2.5,234.5,False
ORL,116.42857142857143,122.0,True,0.4,110.8,116.4,5.571428571428569,5.6000000000000085,124,1_day,1,Orlando Magic,33,12,0.3636,1610612753,1.2,2025-11-12T00:00:00Z,0022500215,NYK,105.72727272727273,117.27272727272727,True,1.6,0.0,110.0,130.2,11.545454545454533,20.19999999999999,0,0,107,b2b,0,New York Knicks,36,11,0.3056,1610612752,154,-175,2025-11-12,,home_away_nba_game_day_local,2026-03-10T03:53:38.250640+00:00,0,2025,3.5,-3.5,228.0,False
MEM,127.33333333333333,118.83333333333333,True,1.6,117.8,110.6,-8.5,-7.200000000000003,95,b2b,0,Memphis Grizzlies,43,10,0.2326,1610612763,0.0,2025-11-12T00:00:00Z,0022500216,BOS,111.0,118.42857142857143,True,1.6,0.0,108.8,112.0,7.428571428571431,3.200000000000003,0,0,131,b2b,0,Boston Celtics,51,21,0.4118,1610612738,210,-248,2025-11-12,,home_away_nba_game_day_local,2026-03-10T03:53:38.250640+00:00,0,2025,6.5,-6.5,229.5,False
CLE,121.875,121.0,True,0.4,121.4,132.6,-0.875,11.199999999999989,130,1_day,1,Cleveland Cavaliers,47,14,0.2979,1610612739,0.0,2025-11-12T00:00:00Z,0022500217,MIA,120.33333333333333,122.66666666666667,True,0.4,0.0,123.6,126.8,2.333333333333343,3.200000000000003,0,0,116,1_day,1,Miami Heat,37,15,0.4054,1610612748,-287,241,2025-11-12,,home_away_nba_game_day_local,2026-03-10T03:53:38.250640+00:00,0,2025,-7.5,7.5,247.0,False
WAS,122.625,113.375,True,0.4,130.2,112.8,-9.25,-17.39999999999999,112,1_day,1,Washington Wizards,38,15,0.3947,1610612764,-0.25,2025-11-12T00:00:00Z,0022500218,HOU,113.2,124.0,True,0.15,0.0,109.6,118.8,10.799999999999997,9.200000000000003,0,0,135,2_days,2,Houston Rockets,35,17,0.4857,1610612745,910,-1464,2025-11-12,,home_away_nba_game_day_local,2026-03-10T03:53:38.250640+00:00,0,2025,17.0,-17.0,234.5,False
POR,124.0,122.85714285714286,True,0.4,120.0,117.6,-1.1428571428571388,-2.4000000000000057,125,1_day,1,Portland Trail Blazers,37,13,0.3514,1610612757,0.0,2025-11-12T00:00:00Z,0022500219,NOP,121.0,112.5,True,0.4,0.0,119.0,108.0,-8.5,-11.0,0,0,117,1_day,1,New Orleans Pelicans,39,13,0.3333,1610612740,-331,274,2025-11-12,,home_away_nba_game_day_local,2026-03-10T03:53:38.250640+00:00,0,2025,-8.0,8.0,231.5,False
GSW,121.66666666666667,112.55555555555556,True,1.6,113.2,110.8,-9.111111111111114,-2.4000000000000057,125,b2b,0,Golden State Warriors,57,21,0.3684,1610612744,-1.2,2025-11-12T00:00:00Z,0022500220,SAS,110.57142857142857,122.85714285714286,True,0.4,0.0,118.8,120.4,12.285714285714292,1.6000000000000085,0,0,120,1_day,1,San Antonio Spurs,39,14,0.359,1610612759,162,-185,2025-11-12,,home_away_nba_game_day_local,2026-03-10T03:53:38.250640+00:00,0,2025,5.0,-5.0,229.5,False
PHX,118.42857142857143,114.71428571428571,True,0.4,107.8,117.4,-3.7142857142857224,9.600000000000009,123,1_day,1,Phoenix Suns,35,14,0.4,1610612756,0.0,2025-11-12T00:00:00Z,0022500221,DAL,111.44444444444444,108.22222222222223,True,0.4,0.0,110.0,106.0,-3.2222222222222143,-4.0,0,0,114,1_day,1,Dallas Mavericks,47,17,0.3617,1610612742,-106,-110,2025-11-12,,home_away_nba_game_day_local,2026-03-10T03:53:38.250640+00:00,0,2025,0.0,0.0,227.5,False
LAL,114.875,114.125,True,0.4,116.8,118.8,-0.75,2.0,92,1_day,1,Los Angeles Lakers,35,11,0.3143,1610612747,1.2,2025-11-12T00:00:00Z,0022500222,OKC,106.85714285714286,119.71428571428571,True,1.6,0.0,106.2,123.4,12.857142857142847,17.200000000000003,0,0,121,b2b,0,Oklahoma City Thunder,39,12,0.3077,1610612760,225,-267,2025-11-12,,home_away_nba_game_day_local,2026-03-10T03:53:38.250640+00:00,0,2025,7.0,-7.0,229.0,False
ATL,114.0,116.0,True,0.4,108.4,112.0,2.0,3.5999999999999943,133,1_day,1,Atlanta Hawks,40,17,0.425,1610612737,1.2,2025-11-12T00:00:00Z,0022500223,SAC,123.0,110.625,True,1.6,0.0,128.8,114.2,-12.375,-14.600000000000009,0,0,100,b2b,0,Sacramento Kings,39,14,0.359,1610612758,-160,141,2025-11-12,,home_away_nba_game_day_local,2026-03-10T03:53:38.250640+00:00,0,2025,-3.5,3.5,234.0,False
DEN,109.14285714285714,113.14285714285714,True,1.6,109.6,124.0,4.0,14.400000000000006,130,b2b,0,Denver Nuggets,34,13,0.3824,1610612743,-1.2,2025-11-12T00:00:00Z,0022500224,LAC,112.5,111.75,True,0.4,0.0,116.0,106.6,-0.75,-9.400000000000006,0,0,116,1_day,1,LA Clippers,37,16,0.4324,1610612746,,,2025-11-12,,,,0,2025,,,,False
TOR,115.9,118.1,True,0.4,108.0,118.6,2.1999999999999886,10.599999999999994,126,1_day,1,Toronto Raptors,31,12,0.3871,1610612761,1.2,2025-11-13T00:00:00Z,0022500225,CLE,113.57142857142857,118.71428571428571,True,1.6,0.0,122.8,135.2,5.142857142857139,12.399999999999991,0,0,113,b2b,0,Cleveland Cavaliers,41,10,0.2439,1610612739,233,-277,2025-11-13,,home_away_nba_game_day_local,2026-03-10T03:53:38.250640+00:00,0,2025,7.5,-7.5,240.0,False
IND,124.875,108.5,True,0.4,122.4,105.8,-16.375,-16.60000000000001,98,1_day,1,Indiana Pacers,25,7,0.28,1610612754,1.2,2025-11-13T00:00:00Z,0022500226,PHX,107.375,117.375,True,1.6,0.0,107.0,116.0,10.0,9.0,0,0,133,b2b,0,Phoenix Suns,35,13,0.3714,1610612756,154,-175,2025-11-13,,home_away_nba_game_day_local,2026-03-10T03:53:38.250640+00:00,0,2025,4.5,-4.5,234.0,False
ATL,112.44444444444444,117.88888888888889,True,1.6,105.0,116.8,5.444444444444443,11.799999999999997,132,b2b,0,Atlanta Hawks,47,24,0.5106,1610612737,-1.2,2025-11-13T00:00:00Z,0022500227,UTA,124.14285714285714,128.42857142857142,True,0.4,0.0,120.4,114.0,4.285714285714278,-6.400000000000006,0,0,122,1_day,1,Utah Jazz,44,19,0.4318,1610612762,-133,117,2025-11-13,,home_away_nba_game_day_local,2026-03-10T03:53:38.250640+00:00,0,2025,-2.0,2.0,233.0,False
MIA,119.5,117.75,True,0.4,125.8,126.0,-1.75,0.20000000000000284,132,1_day,1,Miami Heat,44,19,0.4318,1610612748,0.0,2025-11-14T00:00:00Z,0022500039,NYK,107.25,116.41666666666667,True,0.4,0.0,111.6,126.0,9.166666666666671,14.400000000000006,0,0,140,1_day,1,New York Knicks,53,21,0.3962,1610612752,380,-500,2025-11-14,,home_away_nba_game_day_local,2026-03-10T03:53:38.250640+00:00,0,2025,9.5,-9.5,218.5,False
BKN,122.28571428571429,109.71428571428571,True,0.15,121.2,107.0,-12.571428571428584,-14.200000000000003,98,2_days,2,Brooklyn Nets,39,10,0.2564,1610612751,0.25,2025-11-14T00:00:00Z,0022500040,ORL,113.0,115.875,True,0.4,0.0,113.4,116.2,2.875,2.799999999999997,0,0,105,1_day,1,Orlando Magic,39,15,0.3846,1610612753,631,-883,2025-11-14,,home_away_nba_game_day_local,2026-03-10T03:53:38.250640+00:00,0,2025,13.5,-13.5,225.0,False
PHI,116.5,116.83333333333333,True,0.15,115.2,114.4,0.3333333333333286,-0.7999999999999972,105,2_days,2,Philadelphia 76ers,39,14,0.359,1610612755,0.25,2025-11-14T00:00:00Z,0022500041,DET,113.0,120.625,True,0.4,0.0,113.2,122.2,7.625,9.0,0,0,114,1_day,1,Detroit Pistons,41,17,0.4146,1610612765,182,-209,2025-11-14,,home_away_nba_game_day_local,2026-03-10T03:53:38.250640+00:00,0,2025,5.5,-5.5,232.5,False
POR,123.125,123.125,True,0.4,122.0,120.8,0.0,-1.2000000000000028,116,1_day,1,Portland Trail Blazers,36,13,0.3611,1610612757,0.0,2025-11-14T00:00:00Z,0022500042,HOU,113.0,125.83333333333333,True,0.4,0.0,111.8,120.2,12.833333333333329,8.400000000000006,0,0,140,1_day,1,Houston Rockets,45,17,0.3778,1610612745,278,-336,2025-11-14,,home_away_nba_game_day_local,2026-03-10T03:53:38.250640+00:00,0,2025,8.0,-8.0,236.0,False
CHA,121.875,117.625,True,0.75,113.2,113.6,-4.25,0.3999999999999915,134,1_day,1,Charlotte Hornets,45,17,0.3778,1610612766,0.0,2025-11-14T00:00:00Z,0022500043,MIL,116.875,122.125,True,0.75,0.0,117.0,111.4,5.25,-5.599999999999994,0,0,147,1_day,1,Milwaukee Bucks,34,20,0.5882,1610612749,321,-395,2025-11-14,,home_away_nba_game_day_local,2026-03-10T03:53:38.250640+00:00,5,2025,9.5,-9.5,240.0,True
SAC,122.28571428571429,118.42857142857143,True,0.4,129.4,109.4,-3.857142857142861,-20.0,110,1_day,1,Sacramento Kings,33,12,0.3636,1610612758,-0.4,2025-11-14T00:00:00Z,0022500044,MIN,117.0,122.8,False,0.0,0.0,114.6,128.0,5.799999999999997,13.400000000000006,0,0,124,3_plus_days,3,Minnesota Timberwolves,37,12,0.3243,1610612750,456,-591,2025-11-14,,home_away_nba_game_day_local,2026-03-10T03:53:38.250640+00:00,0,2025,11.5,-11.5,239.5,False
LAL,115.55555555555556,111.66666666666667,True,0.4,117.0,111.2,-3.8888888888888857,-5.799999999999997,118,1_day,1,Los Angeles Lakers,34,10,0.2941,1610612747,0.0,2025-11-14T00:00:00Z,0022500045,NOP,121.8,113.4,True,0.4,0.0,116.6,110.2,-8.399999999999991,-6.3999999999999915,0,0,104,1_day,1,New Orleans Pelicans,34,12,0.3529,1610612740,-459,367,2025-11-14,,home_away_nba_game_day_local,2026-03-10T03:53:38.250640+00:00,0,2025,-10.0,10.0,229.0,False
LAC,107.2,100.8,True,1.1,118.0,106.0,-6.400000000000006,-12.0,133,1_day,1,LA Clippers,42,13,0.3095,1610612746,0.0,2025-11-14T00:00:00Z,0022500046,DAL,112.6,108.8,True,1.1,0.0,112.6,108.4,-3.799999999999997,-4.199999999999989,0,0,127,1_day,1,Dallas Mavericks,36,10,0.2778,1610612742,,,2025-11-14,,,,10,2025,,,,True
GSW,121.5,113.8,True,0.4,115.8,112.2,-7.700000000000003,-3.5999999999999943,109,1_day,1,Golden State Warriors,45,17,0.3778,1610612744,0.0,2025-11-14T00:00:00Z,0022500047,SAS,112.375,122.5,True,0.4,0.0,117.8,120.8,10.125,3.0,0,0,108,1_day,1,San Antonio Spurs,38,14,0.3684,1610612759,162,-185,2025-11-14,,home_away_nba_game_day_local,2026-03-10T03:53:38.250640+00:00,0,2025,5.0,-5.0,229.5,False
MEM,127.85714285714286,115.42857142857143,True,0.15,121.2,108.4,-12.42857142857143,-12.799999999999997,100,2_days,2,Memphis Grizzlies,32,9,0.2812,1610612763,0.25,2025-11-15T00:00:00Z,0022500228,CLE,115.125,118.0,True,0.4,0.0,123.8,131.4,2.875,7.6000000000000085,0,0,108,1_day,1,Cleveland Cavaliers,40,13,0.325,1610612739,384,-483,2025-11-15,,home_away_nba_game_day_local,2026-03-10T03:53:38.250640+00:00,0,2025,10.5,-10.5,238.0,False
OKC,109.63636363636364,117.36363636363636,True,0.15,103.2,122.4,7.7272727272727195,19.200000000000003,109,2_days,2,Oklahoma City Thunder,23,11,0.4783,1610612760,1.45,2025-11-15T00:00:00Z,0022500229,CHA,117.125,119.375,True,1.6,0.0,122.0,115.2,2.25,-6.799999999999997,0,0,96,b2b,0,Charlotte Hornets,42,16,0.381,1610612766,-1365,872,2025-11-15,,home_away_nba_game_day_local,2026-03-10T03:53:38.250640+00:00,0,2025,-15.5,15.5,228.5,False
TOR,115.63636363636364,118.81818181818181,True,0.4,109.8,120.4,3.1818181818181728,10.600000000000009,129,1_day,1,Toronto Raptors,30,7,0.2333,1610612761,0.0,2025-11-15T00:00:00Z,0022500230,IND,118.85714285714286,114.14285714285714,True,0.4,0.0,125.6,102.4,-4.714285714285722,-23.19999999999999,0,0,111,1_day,1,Indiana Pacers,43,15,0.3488,1610612754,-307,256,2025-11-15,,home_away_nba_game_day_local,2026-03-10T03:53:38.250640+00:00,0,2025,-7.0,7.0,233.0,False
LAL,114.4,112.3,True,1.6,114.8,110.2,-2.1000000000000085,-4.599999999999994,119,b2b,0,Los Angeles Lakers,33,13,0.3939,1610612747,0.0,2025-11-15T00:00:00Z,0022500231,MIL,118.77777777777777,124.88888888888889,True,1.6,0.0,118.2,120.8,6.111111111111114,2.5999999999999943,0,0,95,b2b,0,Milwaukee Bucks,39,15,0.3846,1610612749,-118,102,2025-11-15,,home_away_nba_game_day_local,2026-03-10T03:53:38.250640+00:00,0,2025,-1.0,1.0,231.0,False
DEN,110.0,115.25,True,0.15,108.0,124.0,5.25,16.0,123,2_days,2,Denver Nuggets,29,14,0.4828,1610612743,1.45,2025-11-15T00:00:00Z,0022500232,MIN,115.83333333333333,123.0,True,1.6,0.0,114.8,127.8,7.166666666666671,13.0,0,0,112,b2b,0,Minnesota Timberwolves,34,10,0.2941,1610612750,102,-118,2025-11-15,,home_away_nba_game_day_local,2026-03-10T03:53:38.250640+00:00,0,2025,1.0,-1.0,234.5,False
LAC,110.5,106.16666666666667,True,0.4,118.2,111.2,-4.333333333333329,-7.0,118,1_day,1,LA Clippers,35,14,0.4,1610612746,-0.4,2025-11-16T00:00:00Z,0022500233,BOS,109.0,120.0,False,0.0,0.0,106.8,117.6,11.0,10.799999999999997,0,0,121,3_plus_days,3,Boston Celtics,39,16,0.4103,1610612738,,,2025-11-16,,,,0,2025,,,,False
SAC,122.5,117.375,True,0.4,131.0,107.2,-5.125,-23.799999999999997,110,1_day,1,Sacramento Kings,33,12,0.3636,1610612758,0.0,2025-11-16T00:00:00Z,0022500234,SAS,112.0,120.88888888888889,True,0.4,0.0,116.0,119.2,8.888888888888886,3.200000000000003,0,0,123,1_day,1,San Antonio Spurs,38,14,0.3684,1610612759,260,-312,2025-11-16,,home_away_nba_game_day_local,2026-03-10T03:53:38.250640+00:00,0,2025,8.0,-8.0,238.0,False
BKN,120.125,108.25,True,0.4,117.2,104.8,-11.875,-12.400000000000006,129,1_day,1,Brooklyn Nets,41,17,0.4146,1610612751,-0.4,2025-11-16T00:00:00Z,0022500235,WAS,129.16666666666666,112.16666666666667,False,0.0,0.0,133.4,114.8,-16.999999999999986,-18.60000000000001,0,0,106,3_plus_days,3,Washington Wizards,34,12,0.3529,1610612764,130,-147,2025-11-16,,home_away_nba_game_day_local,2026-03-10T03:53:38.250640+00:00,0,2025,3.0,-3.0,234.0,False
ORL,115.25,122.25,True,0.75,107.6,114.8,7.0,7.200000000000003,113,1_day,1,Orlando Magic,37,12,0.3243,1610612753,0.0,2025-11-16T00:00:00Z,0022500236,HOU,113.42857142857143,127.85714285714286,True,0.75,0.0,114.6,126.2,14.42857142857143,11.600000000000009,0,0,117,1_day,1,Houston Rockets,20,8,0.4,1610612745,271,-327,2025-11-16,,home_away_nba_game_day_local,2026-03-10T03:53:38.250640+00:00,5,2025,8.5,-8.5,227.0,True
GSW,120.27272727272727,113.36363636363636,True,0.4,113.2,110.8,-6.9090909090909065,-2.4000000000000057,124,1_day,1,Golden State Warriors,56,24,0.4286,1610612744,0.0,2025-11-16T00:00:00Z,0022500237,NOP,121.16666666666667,111.83333333333333,True,0.4,0.0,117.8,107.8,-9.333333333333343,-10.0,0,0,106,1_day,1,New Orleans Pelicans,29,8,0.2759,1610612740,-479,381,2025-11-16,,home_away_nba_game_day_local,2026-03-10T03:53:38.250640+00:00,0,2025,-10.0,10.0,227.5,False
POR,125.0,122.33333333333333,True,0.75,125.4,121.0,-2.6666666666666714,-4.400000000000006,133,1_day,1,Portland Trail Blazers,47,14,0.2979,1610612757,0.0,2025-11-16T00:00:00Z,0022500238,DAL,114.45454545454545,110.45454545454545,True,0.75,0.0,119.0,114.0,-4.0,-5.0,0,0,138,1_day,1,Dallas Mavericks,34,15,0.4412,1610612742,-149,132,2025-11-16,,home_away_nba_game_day_local,2026-03-10T03:53:38.250640+00:00,5,2025,-3.5,3.5,234.0,True
ATL,113.4,119.3,True,0.15,107.0,117.8,5.8999999999999915,10.799999999999997,124,2_days,2,Atlanta Hawks,43,14,0.3256,1610612737,0.0,2025-11-16T00:00:00Z,0022500239,PHX,106.33333333333333,119.11111111111111,True,0.15,0.0,103.0,121.2,12.777777777777786,18.200000000000003,0,0,122,2_days,2,Phoenix Suns,30,10,0.3333,1610612756,-123,107,2025-11-16,,home_away_nba_game_day_local,2026-03-10T03:53:38.250640+00:00,0,2025,-1.5,1.5,232.5,False
CHI,120.71428571428571,115.14285714285714,True,0.7,122.0,115.0,-5.571428571428569,-7.0,147,3_plus_days,3,Chicago Bulls,50,19,0.38,1610612741,0.15,2025-11-16T00:00:00Z,0022500240,UTA,125.125,127.625,True,0.85,0.0,126.2,117.4,2.5,-8.799999999999997,0,0,150,2_days,2,Utah Jazz,49,18,0.3673,1610612762,-170,150,2025-11-16,,home_away_nba_game_day_local,2026-03-10T03:53:38.250640+00:00,10,2025,-4.5,4.5,243.0,True
MIL,114.5,112.25,True,0.4,120.0,114.6,-2.25,-5.400000000000006,106,1_day,1,Milwaukee Bucks,36,17,0.4722,1610612749,0.0,2025-11-17T00:00:00Z,0022500241,CLE,113.44444444444444,116.88888888888889,True,0.4,0.0,120.8,123.4,3.444444444444443,2.6000000000000085,0,0,118,1_day,1,Cleveland Cavaliers,35,15,0.4286,1610612739,214,-253,2025-11-17,,home_away_nba_game_day_local,2026-03-10T03:53:38.250640+00:00,0,2025,6.5,-6.5,236.0,False
IND,125.77777777777777,107.33333333333333,True,0.4,129.0,104.0,-18.444444444444443,-25.0,112,1_day,1,Indiana Pacers,31,9,0.2903,1610612754,-0.25,2025-11-17T00:00:00Z,0022500242,DET,112.11111111111111,119.88888888888889,True,0.15,0.0,113.6,122.2,7.7777777777777715,8.600000000000009,0,0,127,2_days,2,Detroit Pistons,35,9,0.2571,1610612765,356,-444,2025-11-17,,home_away_nba_game_day_local,2026-03-10T03:53:38.250640+00:00,0,2025,9.5,-9.5,230.0,False
LAC,112.0,107.85714285714286,True,1.6,119.4,114.4,-4.142857142857139,-5.0,108,b2b,0,LA Clippers,39,12,0.3077,1610612746,-1.45,2025-11-17T00:00:00Z,0022500243,PHI,115.11111111111111,115.22222222222223,True,0.15,0.0,115.4,113.2,0.11111111111111427,-2.200000000000003,0,0,110,2_days,2,Philadelphia 76ers,33,11,0.3333,1610612755,,,2025-11-17,,,,0,2025,,,,False
NYK,118.75,114.0,True,0.15,117.6,130.2,-4.75,12.599999999999994,113,2_days,2,New York Knicks,36,9,0.25,1610612752,0.0,2025-11-17T00:00:00Z,0022500244,MIA,121.3,122.0,True,0.15,0.0,129.4,130.0,0.7000000000000028,0.5999999999999943,0,0,115,2_days,2,Miami Heat,35,14,0.4,1610612748,107,-123,2025-11-17,,home_away_nba_game_day_local,2026-03-10T03:53:38.250640+00:00,0,2025,1.5,-1.5,241.5,False
CHA,124.66666666666667,119.44444444444444,True,0.4,120.6,112.0,-5.2222222222222285,-8.599999999999994,108,1_day,1,Charlotte Hornets,40,10,0.25,1610612766,0.0,2025-11-17T00:00:00Z,0022500245,TOR,113.71428571428571,116.57142857142857,True,0.4,0.0,112.0,120.6,2.857142857142861,8.599999999999994,0,0,110,1_day,1,Toronto Raptors,25,10,0.4,1610612761,278,-336,2025-11-17,,home_away_nba_game_day_local,2026-03-10T03:53:38.250640+00:00,0,2025,8.5,-8.5,238.0,False
DAL,108.33333333333333,110.33333333333333,True,1.6,122.0,120.8,2.0,-1.2000000000000028,96,b2b,0,Dallas Mavericks,30,9,0.3,1610612742,-1.2,2025-11-17T00:00:00Z,0022500246,MIN,116.85714285714286,121.42857142857143,True,0.4,0.0,112.0,127.4,4.571428571428569,15.400000000000006,0,0,120,1_day,1,Minnesota Timberwolves,44,14,0.3182,1610612750,657,-931,2025-11-17,,home_away_nba_game_day_local,2026-03-10T03:53:38.250640+00:00,0,2025,14.0,-14.0,229.0,False
OKC,108.5,116.66666666666667,True,0.4,98.2,120.4,8.166666666666671,22.200000000000003,126,1_day,1,Oklahoma City Thunder,42,17,0.4048,1610612760,1.2,2025-11-17T00:00:00Z,0022500247,NOP,121.57142857142857,111.0,True,1.6,0.0,122.8,108.8,-10.57142857142857,-14.0,0,0,109,b2b,0,New Orleans Pelicans,28,12,0.4286,1610612740,-1657,989,2025-11-17,,home_away_nba_game_day_local,2026-03-10T03:53:38.250640+00:00,0,2025,-17.5,17.5,227.0,False
CHI,124.375,119.125,True,1.6,129.8,121.8,-5.25,-8.000000000000014,130,b2b,0,Chicago Bulls,53,19,0.3585,1610612741,-1.2,2025-11-17T00:00:00Z,0022500248,DEN,110.25,124.125,True,0.4,0.0,108.0,124.2,13.875,16.200000000000003,0,0,127,1_day,1,Denver Nuggets,36,14,0.3889,1610612743,616,-857,2025-11-17,,home_away_nba_game_day_local,2026-03-10T03:53:38.250640+00:00,0,2025,14.5,-14.5,241.0,False
GSW,119.08333333333333,114.25,True,0.4,108.6,114.8,-4.833333333333329,6.200000000000003,113,1_day,1,Golden State Warriors,36,13,0.3611,1610612744,0.0,2025-11-18T00:00:00Z,0022500249,ORL,111.33333333333333,114.66666666666667,True,0.4,0.0,109.0,112.8,3.333333333333343,3.799999999999997,0,0,121,1_day,1,Orlando Magic,32,8,0.25,1610612753,-155,136,2025-11-18,,home_away_nba_game_day_local,2026-03-10T03:53:38.250640+00:00,0,2025,-3.0,3.0,223.5,False
BOS,107.11111111111111,109.55555555555556,True,0.4,109.0,114.6,2.444444444444443,5.599999999999994,113,1_day,1,Boston Celtics,42,19,0.4524,1610612738,0.0,2025-11-18T00:00:00Z,0022500250,BKN,125.42857142857143,113.28571428571429,True,0.4,0.0,117.8,108.2,-12.142857142857139,-9.599999999999994,0,0,99,1_day,1,Brooklyn Nets,38,14,0.3684,1610612751,-547,427,2025-11-18,,home_away_nba_game_day_local,2026-03-10T03:53:38.250640+00:00,0,2025,-10.5,10.5,224.0,False
DET,111.75,114.375,True,1.6,114.6,122.6,2.625,8.0,120,b2b,0,Detroit Pistons,31,10,0.3226,1610612765,-1.2,2025-11-18T00:00:00Z,0022500251,ATL,118.42857142857143,114.0,True,0.4,0.0,109.6,123.2,-4.428571428571431,13.600000000000009,0,0,112,1_day,1,Atlanta Hawks,44,15,0.3409,1610612737,-110,-106,2025-11-18,,home_away_nba_game_day_local,2026-03-10T03:53:38.250640+00:00,0,2025,0.0,0.0,228.5,False
MEM,125.375,113.5,True,0.15,118.0,106.6,-11.875,-11.400000000000006,101,2_days,2,Memphis Grizzlies,39,12,0.3077,1610612763,0.25,2025-11-18T00:00:00Z,0022500252,SAS,111.8,121.1,True,0.4,0.0,116.0,119.6,9.299999999999997,3.5999999999999943,0,0,111,1_day,1,San Antonio Spurs,42,16,0.381,1610612759,202,-238,2025-11-18,,home_away_nba_game_day_local,2026-03-10T03:53:38.250640+00:00,0,2025,5.5,-5.5,232.5,False
UTA,122.125,108.125,True,0.4,132.8,126.8,-14.0,-6.000000000000014,126,1_day,1,Utah Jazz,45,13,0.2889,1610612762,-0.25,2025-11-18T00:00:00Z,0022500253,LAL,116.0,112.22222222222223,True,0.15,0.0,110.6,110.4,-3.7777777777777715,-0.19999999999998863,0,0,140,2_days,2,Los Angeles Lakers,32,11,0.3438,1610612747,487,-640,2025-11-18,,home_away_nba_game_day_local,2026-03-10T03:53:38.250640+00:00,0,2025,12.5,-12.5,237.5,False
PHX,117.875,115.75,True,0.4,107.4,122.6,-2.125,15.199999999999989,127,1_day,1,Phoenix Suns,40,14,0.35,1610612756,0.0,2025-11-18T00:00:00Z,0022500254,POR,118.14285714285714,119.0,True,0.4,0.0,129.2,123.4,0.8571428571428612,-5.799999999999983,0,0,110,1_day,1,Portland Trail Blazers,41,10,0.2439,1610612757,119,-135,2025-11-18,,home_away_nba_game_day_local,2026-03-10T03:53:38.250640+00:00,0,2025,2.5,-2.5,236.5,False
HOU,116.875,126.25,True,0.15,115.4,124.8,9.375,9.399999999999991,114,2_days,2,Houston Rockets,24,9,0.375,1610612745,0.25,2025-11-19T00:00:00Z,0022500255,CLE,112.7,117.0,True,0.4,0.0,117.6,121.4,4.299999999999997,3.8000000000000114,0,0,104,1_day,1,Cleveland Cavaliers,39,12,0.3077,1610612739,-113,-103,2025-11-19,,home_away_nba_game_day_local,2026-03-10T03:53:38.250640+00:00,0,2025,-1.0,1.0,234.0,False
CHA,123.2,118.3,True,0.4,117.4,112.0,-4.900000000000006,-5.400000000000006,118,1_day,1,Charlotte Hornets,45,13,0.2889,1610612766,0.0,2025-11-19T00:00:00Z,0022500256,IND,120.125,113.75,True,0.4,0.0,131.0,106.4,-6.375,-24.599999999999994,0,0,127,1_day,1,Indiana Pacers,38,16,0.4211,1610612754,-118,102,2025-11-19,,home_away_nba_game_day_local,2026-03-10T03:53:38.250640+00:00,0,2025,-1.5,1.5,236.5,False
GSW,119.23076923076923,114.15384615384616,True,1.6,116.2,114.6,-5.076923076923066,-1.6000000000000085,96,b2b,0,Golden State Warriors,49,13,0.2653,1610612744,-1.2,2025-11-19T00:00:00Z,0022500257,MIA,120.54545454545455,121.36363636363636,True,0.4,0.0,130.4,127.8,0.818181818181813,-2.6000000000000085,0,0,110,1_day,1,Miami Heat,35,13,0.3714,1610612748,198,-232,2025-11-19,,home_away_nba_game_day_local,2026-03-10T03:53:38.250640+00:00,0,2025,6.5,-6.5,231.5,False
TOR,115.25,119.66666666666667,True,0.4,114.2,120.8,4.416666666666671,6.599999999999994,121,1_day,1,Toronto Raptors,29,11,0.3793,1610612761,0.0,2025-11-19T00:00:00Z,0022500258,PHI,114.4,114.7,True,0.4,0.0,110.6,111.0,0.29999999999999716,0.4000000000000057,0,0,112,1_day,1,Philadelphia 76ers,35,14,0.4,1610612755,-113,-103,2025-11-19,,home_away_nba_game_day_local,2026-03-10T03:53:38.250640+00:00,0,2025,-1.0,1.0,234.0,False
WAS,124.0,113.22222222222223,True,0.15,132.0,114.6,-10.777777777777771,-17.400000000000006,109,2_days,2,Washington Wizards,32,14,0.4375,1610612764,0.25,2025-11-19T00:00:00Z,0022500259,MIN,114.25,121.25,True,0.4,0.0,111.8,124.0,7.0,12.200000000000003,0,0,120,1_day,1,Minnesota Timberwolves,38,13,0.3421,1610612750,781,-1174,2025-11-19,,home_away_nba_game_day_local,2026-03-10T03:53:38.250640+00:00,0,2025,16.0,-16.0,237.5,False
DEN,110.22222222222223,116.11111111111111,True,0.4,113.2,123.8,5.888888888888886,10.599999999999994,125,1_day,1,Denver Nuggets,31,11,0.3548,1610612743,0.0,2025-11-19T00:00:00Z,0022500260,NOP,122.125,110.75,True,0.4,0.0,122.8,106.8,-11.375,-16.0,0,0,118,1_day,1,New Orleans Pelicans,34,7,0.2059,1610612740,-883,631,2025-11-19,,home_away_nba_game_day_local,2026-03-10T03:53:38.250640+00:00,0,2025,-14.5,14.5,233.0,False
SAC,122.55555555555556,116.55555555555556,True,0.15,129.2,109.0,-6.0,-20.19999999999999,99,2_days,2,Sacramento Kings,28,8,0.2857,1610612758,0.25,2025-11-19T00:00:00Z,0022500261,OKC,105.0,119.875,True,0.4,0.0,99.8,119.2,14.875,19.400000000000006,0,0,113,1_day,1,Oklahoma City Thunder,38,10,0.2632,1610612760,1100,-2200,2025-11-19,,home_away_nba_game_day_local,2026-03-10T03:53:38.250640+00:00,0,2025,18.5,-18.5,234.0,False
NYK,118.0,113.8,True,0.4,117.8,125.4,-4.200000000000003,7.6000000000000085,113,1_day,1,New York Knicks,42,12,0.2857,1610612752,0.0,2025-11-19T00:00:00Z,0022500262,DAL,116.0,112.75,True,0.4,0.0,125.0,117.8,-3.25,-7.200000000000003,0,0,111,1_day,1,Dallas Mavericks,44,16,0.3636,1610612742,-223,191,2025-11-19,,home_away_nba_game_day_local,2026-03-10T03:53:38.250640+00:00,0,2025,-5.5,5.5,228.5,False
CHI,124.66666666666667,120.33333333333333,True,0.4,130.0,125.8,-4.333333333333343,-4.200000000000003,122,1_day,1,Chicago Bulls,49,21,0.4286,1610612741,1.2,2025-11-19T00:00:00Z,0022500263,POR,119.25,117.875,True,1.6,0.0,127.4,119.2,-1.375,-8.200000000000003,0,0,121,b2b,0,Portland Trail Blazers,42,12,0.2857,1610612757,-144,127,2025-11-19,,home_away_nba_game_day_local,2026-03-10T03:53:38.250640+00:00,0,2025,-3.0,3.0,243.5,False
LAC,111.75,107.875,True,0.15,118.6,115.4,-3.875,-3.1999999999999886,101,2_days,2,LA Clippers,36,14,0.3889,1610612746,0.25,2025-11-20T00:00:00Z,0022500264,ORL,111.5,115.3,True,0.4,0.0,109.4,115.6,3.799999999999997,6.199999999999989,0,0,129,1_day,1,Orlando Magic,34,18,0.5294,1610612753,,,2025-11-20,,,,0,2025,,,,False
SAC,121.6,114.8,True,1.6,123.0,105.4,-6.799999999999997,-17.599999999999994,96,b2b,0,Sacramento Kings,33,11,0.3333,1610612758,-1.2,2025-11-20T00:00:00Z,0022500265,MEM,119.54545454545455,113.27272727272727,True,0.4,0.0,119.4,103.2,-6.2727272727272805,-16.200000000000003,0,0,137,1_day,1,Memphis Grizzlies,54,17,0.3148,1610612763,115,-131,2025-11-20,,home_away_nba_game_day_local,2026-03-10T03:53:38.250640+00:00,0,2025,2.0,-2.0,233.0,False
PHI,116.14285714285714,115.14285714285714,True,1.95,110.8,107.4,-1.0,-3.3999999999999915,123,b2b,0,Philadelphia 76ers,53,18,0.3396,1610612755,-1.45,2025-11-20T00:00:00Z,0022500266,MIL,118.8,121.9,True,0.5,0.0,119.2,112.8,3.1000000000000085,-6.400000000000006,0,0,114,2_days,2,Milwaukee Bucks,36,14,0.3889,1610612749,-131,115,2025-11-20,,home_away_nba_game_day_local,2026-03-10T03:53:38.250640+00:00,5,2025,-2.0,2.0,225.5,True
ATL,114.18181818181819,119.72727272727273,True,0.4,113.2,121.2,5.545454545454547,8.0,126,1_day,1,Atlanta Hawks,37,20,0.5405,1610612737,0.0,2025-11-20T00:00:00Z,0022500267,SAS,110.81818181818181,120.18181818181819,True,0.4,0.0,112.4,116.6,9.363636363636374,4.199999999999989,0,0,135,1_day,1,San Antonio Spurs,40,17,0.425,1610612759,-107,-109,2025-11-20,,home_away_nba_game_day_local,2026-03-10T03:53:38.250640+00:00,0,2025,1.0,-1.0,231.0,False
IND,125.9,107.8,True,0.4,131.8,115.2,-18.10000000000001,-16.60000000000001,109,1_day,1,Indiana Pacers,37,11,0.2973,1610612754,0.0,2025-11-21T00:00:00Z,0022500048,CLE,112.81818181818181,115.81818181818181,True,0.4,0.0,112.4,114.6,3.0,2.1999999999999886,0,0,120,1_day,1,Cleveland Cavaliers,35,13,0.3714,1610612739,410,-550,2025-11-21,,home_away_nba_game_day_local,2026-03-10T03:53:38.250640+00:00,0,2025,10.5,-10.5,226.5,False
BKN,118.55555555555556,110.55555555555556,True,0.15,115.4,106.6,-8.0,-8.800000000000011,113,2_days,2,Brooklyn Nets,33,13,0.3939,1610612751,0.0,2025-11-21T00:00:00Z,0022500049,BOS,110.0,120.11111111111111,True,0.15,0.0,104.2,115.2,10.111111111111114,11.0,0,0,105,2_days,2,Boston Celtics,34,11,0.3235,1610612738,733,-1077,2025-11-21,,home_away_nba_game_day_local,2026-03-10T03:53:38.250640+00:00,0,2025,15.0,-15.0,222.0,False
WAS,123.6,112.8,True,0.4,126.4,113.4,-10.799999999999997,-13.0,110,1_day,1,Washington Wizards,41,12,0.2927,1610612764,0.0,2025-11-21T00:00:00Z,0022500050,TOR,113.0,115.75,True,0.4,0.0,110.6,121.0,2.75,10.400000000000006,0,0,140,1_day,1,Toronto Raptors,28,14,0.5,1610612761,603,-834,2025-11-21,,home_away_nba_game_day_local,2026-03-10T03:53:38.250640+00:00,0,2025,13.5,-13.5,240.0,False
MIA,121.77777777777777,119.33333333333333,True,0.4,123.4,122.6,-2.444444444444443,-0.8000000000000114,143,1_day,1,Miami Heat,38,14,0.3684,1610612748,0.0,2025-11-21T00:00:00Z,0022500051,CHI,118.11111111111111,122.22222222222223,True,0.4,0.0,128.6,125.8,4.111111111111114,-2.799999999999997,0,0,107,1_day,1,Chicago Bulls,43,12,0.2791,1610612741,117,-133,2025-11-21,,home_away_nba_game_day_local,2026-03-10T03:53:38.250640+00:00,0,2025,2.0,-2.0,249.0,False
NOP,123.875,110.375,True,0.4,123.6,110.8,-13.5,-12.799999999999997,115,1_day,1,New Orleans Pelicans,27,7,0.2593,1610612740,0.0,2025-11-21T00:00:00Z,0022500052,DAL,115.76923076923077,112.61538461538461,True,0.4,0.0,124.4,117.2,-3.1538461538461604,-7.200000000000003,0,0,118,1_day,1,Dallas Mavericks,43,16,0.3721,1610612742,144,-163,2025-11-21,,home_away_nba_game_day_local,2026-03-10T03:53:38.250640+00:00,0,2025,3.5,-3.5,232.5,False
MIN,117.36363636363636,118.54545454545455,True,0.4,110.2,119.2,1.181818181818187,9.0,113,1_day,1,Minnesota Timberwolves,37,12,0.3243,1610612750,-0.25,2025-11-21T00:00:00Z,0022500053,PHX,108.1,119.4,True,0.15,0.0,108.8,125.2,11.300000000000011,16.400000000000006,0,0,114,2_days,2,Phoenix Suns,31,14,0.4516,1610612756,-160,141,2025-11-21,,home_away_nba_game_day_local,2026-03-10T03:53:38.250640+00:00,0,2025,-3.0,3.0,234.0,False
DEN,111.0,117.0,True,0.4,116.8,125.4,6.0,8.600000000000009,112,1_day,1,Denver Nuggets,29,11,0.3793,1610612743,0.0,2025-11-21T00:00:00Z,0022500054,HOU,113.375,126.5,True,0.4,0.0,112.0,125.6,13.125,13.599999999999994,0,0,109,1_day,1,Houston Rockets,36,14,0.3889,1610612745,130,-155,2025-11-21,,home_away_nba_game_day_local,2026-03-10T03:53:38.250640+00:00,0,2025,3.5,-3.5,230.5,False
OKC,108.53846153846153,117.38461538461539,True,0.4,99.6,119.0,8.846153846153854,19.400000000000006,144,1_day,1,Oklahoma City Thunder,37,23,0.6216,1610612760,-0.25,2025-11-21T00:00:00Z,0022500055,UTA,127.55555555555556,130.11111111111111,True,0.15,0.0,133.4,132.6,2.555555555555557,-0.8000000000000114,0,0,112,2_days,2,Utah Jazz,38,16,0.4211,1610612762,-1512,931,2025-11-21,,home_away_nba_game_day_local,2026-03-10T03:53:38.250640+00:00,0,2025,-16.0,16.0,235.5,False
POR,126.3,123.4,True,0.4,128.8,121.0,-2.8999999999999915,-7.800000000000011,127,1_day,1,Portland Trail Blazers,45,16,0.3556,1610612757,0.0,2025-11-21T00:00:00Z,0022500056,GSW,106.25,117.625,True,0.4,0.0,113.0,113.4,11.375,0.4000000000000057,0,0,123,1_day,1,Golden State Warriors,43,17,0.3953,1610612744,210,-255,2025-11-21,,home_away_nba_game_day_local,2026-03-10T03:53:38.250640+00:00,0,2025,6.5,-6.5,237.5,False
LAC,113.66666666666667,107.11111111111111,True,0.4,123.4,115.2,-6.555555555555557,-8.200000000000003,131,1_day,1,LA Clippers,43,19,0.4419,1610612746,-0.25,2025-11-22T00:00:00Z,0022500268,CHA,116.22222222222223,116.77777777777777,True,0.15,0.0,118.6,113.4,0.5555555555555429,-5.199999999999989,0,0,116,2_days,2,Charlotte Hornets,36,11,0.3056,1610612766,,,2025-11-22,,,,0,2025,,,,False
NYK,116.83333333333333,113.66666666666667,True,0.15,120.4,121.2,-3.166666666666657,0.7999999999999972,121,2_days,2,New York Knicks,37,13,0.3514,1610612752,0.25,2025-11-22T00:00:00Z,0022500269,ORL,110.54545454545455,116.54545454545455,True,0.4,0.0,107.2,118.4,6.0,11.200000000000003,0,0,133,1_day,1,Orlando Magic,33,13,0.3939,1610612753,-116,100,2025-11-22,,home_away_nba_game_day_local,2026-03-10T03:53:38.250640+00:00,0,2025,-1.5,1.5,229.0,False
ATL,115.91666666666667,120.25,True,0.4,119.8,125.4,4.333333333333329,5.6000000000000085,115,1_day,1,Atlanta Hawks,46,17,0.3696,1610612737,1.2,2025-11-22T00:00:00Z,0022500270,NOP,122.44444444444444,111.55555555555556,True,1.6,0.0,122.2,110.4,-10.888888888888886,-11.799999999999997,0,0,98,b2b,0,New Orleans Pelicans,27,8,0.2963,1610612740,-287,241,2025-11-22,,home_away_nba_game_day_local,2026-03-10T03:53:38.250640+00:00,0,2025,-7.0,7.0,231.0,False
WAS,125.0909090909091,112.54545454545455,True,1.6,132.2,114.4,-12.545454545454547,-17.799999999999983,120,b2b,0,Washington Wizards,36,16,0.4444,1610612764,0.0,2025-11-22T00:00:00Z,0022500271,CHI,120.6,120.7,True,1.6,0.0,133.0,123.8,0.10000000000000853,-9.200000000000003,0,0,121,b2b,0,Chicago Bulls,44,12,0.2727,1610612741,517,-689,2025-11-22,,home_away_nba_game_day_local,2026-03-10T03:53:38.250640+00:00,0,2025,12.5,-12.5,244.0,False
DET,111.77777777777777,115.0,False,0.0,115.4,124.4,3.2222222222222285,9.0,129,3_plus_days,3,Detroit Pistons,30,16,0.5333,1610612765,0.4,2025-11-22T00:00:00Z,0022500272,MIL,119.18181818181819,121.18181818181819,True,0.4,0.0,121.0,112.4,2.0,-8.599999999999994,0,0,116,1_day,1,Milwaukee Bucks,43,20,0.4651,1610612749,-366,301,2025-11-22,,home_away_nba_game_day_local,2026-03-10T03:53:38.250640+00:00,0,2025,-9.0,9.0,224.0,False
MEM,123.77777777777777,112.11111111111111,True,0.4,115.8,110.6,-11.666666666666657,-5.200000000000003,102,1_day,1,Memphis Grizzlies,31,8,0.2581,1610612763,1.2,2025-11-22T00:00:00Z,0022500273,DAL,115.71428571428571,113.0,True,1.6,0.0,122.8,118.0,-2.714285714285708,-4.799999999999997,0,0,96,b2b,0,Dallas Mavericks,36,12,0.3333,1610612742,109,-125,2025-11-22,,home_away_nba_game_day_local,2026-03-10T03:53:38.250640+00:00,0,2025,2.0,-2.0,227.5,False
SAC,123.0,113.0909090909091,True,0.4,126.0,103.0,-9.909090909090907,-23.0,128,1_day,1,Sacramento Kings,30,10,0.3333,1610612758,1.2,2025-11-22T00:00:00Z,0022500274,DEN,112.44444444444444,124.44444444444444,True,1.6,0.0,117.0,123.4,12.0,6.400000000000006,0,0,123,b2b,0,Denver Nuggets,37,14,0.3784,1610612743,468,-610,2025-11-22,,home_away_nba_game_day_local,2026-03-10T03:53:38.250640+00:00,0,2025,11.0,-11.0,236.0,False
MIA,120.3,121.7,True,0.4,117.2,123.2,1.4000000000000057,6.0,127,1_day,1,Miami Heat,32,11,0.3438,1610612748,-0.25,2025-11-23T00:00:00Z,0022500275,PHI,115.0,114.45454545454545,True,0.15,0.0,111.4,110.4,-0.5454545454545467,-1.0,0,0,117,2_days,2,Philadelphia 76ers,41,14,0.3415,1610612755,-102,-116,2025-11-23,,home_away_nba_game_day_local,2026-03-10T03:53:38.250640+00:00,0,2025,0.0,0.0,240.0,False
CHA,123.54545454545455,118.27272727272727,True,1.6,124.8,114.4,-5.2727272727272805,-10.399999999999991,110,b2b,0,Charlotte Hornets,44,14,0.3182,1610612766,0.0,2025-11-23T00:00:00Z,0022500276,ATL,118.625,113.75,True,1.6,0.0,119.4,121.8,-4.875,2.3999999999999915,0,0,113,b2b,0,Atlanta Hawks,31,11,0.3548,1610612737,233,-277,2025-11-23,,home_away_nba_game_day_local,2026-03-10T03:53:38.250640+00:00,0,2025,7.5,-7.5,232.5,False
ORL,115.44444444444444,121.22222222222223,True,1.6,110.0,120.2,5.777777777777786,10.200000000000003,129,b2b,0,Orlando Magic,38,16,0.4211,1610612753,-1.2,2025-11-23T00:00:00Z,0022500277,BOS,110.3,118.6,True,0.4,0.0,105.4,114.0,8.299999999999997,8.599999999999994,0,0,138,1_day,1,Boston Celtics,33,15,0.4545,1610612738,162,-185,2025-11-23,,home_away_nba_game_day_local,2026-03-10T03:53:38.250640+00:00,0,2025,4.5,-4.5,221.0,False
LAC,113.9,109.5,True,1.6,120.6,118.2,-4.400000000000006,-2.3999999999999915,105,b2b,0,LA Clippers,26,8,0.3077,1610612746,-1.2,2025-11-23T00:00:00Z,0022500278,CLE,112.5,116.16666666666667,True,0.4,0.0,111.0,112.6,3.6666666666666714,1.5999999999999943,0,0,120,1_day,1,Cleveland Cavaliers,45,17,0.3778,1610612739,,,2025-11-23,,,,0,2025,,,,False
BKN,117.2,110.8,True,0.4,109.6,109.6,-6.400000000000006,0.0,109,1_day,1,Brooklyn Nets,34,12,0.3529,1610612751,0.0,2025-11-23T00:00:00Z,0022500279,TOR,112.66666666666667,118.44444444444444,True,0.4,0.0,110.8,125.2,5.7777777777777715,14.400000000000006,0,0,119,1_day,1,Toronto Raptors,30,15,0.5,1610612761,576,-786,2025-11-23,,home_away_nba_game_day_local,2026-03-10T03:53:38.250640+00:00,0,2025,12.5,-12.5,229.0,False
POR,126.0,123.72727272727273,True,0.4,130.0,121.4,-2.2727272727272663,-8.599999999999994,95,1_day,1,Portland Trail Blazers,47,12,0.2553,1610612757,0.0,2025-11-23T00:00:00Z,0022500280,OKC,104.33333333333333,119.11111111111111,True,0.4,0.0,101.6,122.6,14.777777777777786,21.0,0,0,122,1_day,1,Oklahoma City Thunder,36,15,0.4167,1610612760,683,-979,2025-11-23,,home_away_nba_game_day_local,2026-03-10T03:53:38.250640+00:00,0,2025,15.5,-15.5,235.0,False
SAS,112.57142857142857,119.42857142857143,True,0.15,114.2,119.4,6.857142857142861,5.200000000000003,102,2_days,2,San Antonio Spurs,34,10,0.2941,1610612759,0.25,2025-11-23T00:00:00Z,0022500281,PHX,108.54545454545455,118.9090909090909,True,0.4,0.0,111.8,123.8,10.36363636363636,12.0,0,0,111,1_day,1,Phoenix Suns,38,14,0.3684,1610612756,122,-138,2025-11-23,,home_away_nba_game_day_local,2026-03-10T03:53:38.250640+00:00,0,2025,3.0,-3.0,234.5,False
LAL,112.63636363636364,112.9090909090909,False,0.0,111.4,118.0,0.27272727272726627,6.599999999999994,108,3_plus_days,4,Los Angeles Lakers,38,10,0.2632,1610612747,0.4,2025-11-23T00:00:00Z,0022500282,UTA,129.2,128.3,True,0.4,0.0,138.2,132.4,-0.8999999999999773,-5.799999999999983,0,0,106,1_day,1,Utah Jazz,40,13,0.325,1610612762,-415,336,2025-11-23,,home_away_nba_game_day_local,2026-03-10T03:53:38.250640+00:00,0,2025,-9.5,9.5,245.5,False
DET,112.2,116.4,True,0.4,111.6,122.8,4.200000000000003,11.200000000000003,122,1_day,1,Detroit Pistons,25,9,0.36,1610612765,-0.25,2025-11-24T00:00:00Z,0022500283,IND,119.88888888888889,115.22222222222223,True,0.15,0.0,125.4,111.4,-4.666666666666657,-14.0,0,0,117,2_days,2,Indiana Pacers,31,13,0.4194,1610612754,-395,321,2025-11-24,,home_away_nba_game_day_local,2026-03-10T03:53:38.250640+00:00,0,2025,-9.5,9.5,235.0,False
CLE,121.22222222222223,122.0,True,1.6,106.8,114.0,0.7777777777777715,7.200000000000003,99,b2b,0,Cleveland Cavaliers,48,14,0.2917,1610612739,0.0,2025-11-24T00:00:00Z,0022500284,TOR,112.3,118.5,True,1.6,0.0,110.0,123.8,6.200000000000003,13.799999999999997,0,0,110,b2b,0,Toronto Raptors,36,10,0.2778,1610612761,-125,109,2025-11-24,,home_away_nba_game_day_local,2026-03-10T03:53:38.250640+00:00,0,2025,-1.5,1.5,236.5,False
NYK,119.14285714285714,114.71428571428571,True,0.4,123.0,118.8,-4.428571428571431,-4.200000000000003,113,1_day,1,New York Knicks,35,12,0.3429,1610612752,1.2,2025-11-24T00:00:00Z,0022500285,BKN,123.875,111.5,True,1.6,0.0,109.6,109.6,-12.375,0.0,0,0,100,b2b,0,Brooklyn Nets,48,14,0.2917,1610612751,-775,570,2025-11-24,,home_away_nba_game_day_local,2026-03-10T03:53:38.250640+00:00,0,2025,-14.0,14.0,229.5,False
DAL,110.0,108.28571428571429,True,0.4,116.6,111.8,-1.7142857142857082,-4.799999999999997,102,1_day,1,Dallas Mavericks,40,12,0.3,1610612742,1.2,2025-11-24T00:00:00Z,0022500286,MIA,118.5,120.41666666666667,True,1.6,0.0,114.6,125.4,1.9166666666666714,10.800000000000011,0,0,106,b2b,0,Miami Heat,27,5,0.1852,1610612748,248,-297,2025-11-24,,home_away_nba_game_day_local,2026-03-10T03:53:38.250640+00:00,0,2025,8.0,-8.0,241.5,False
DEN,110.81818181818181,116.54545454545455,True,0.4,119.4,122.0,5.727272727272734,2.5999999999999943,125,1_day,1,Denver Nuggets,43,22,0.5116,1610612743,0.0,2025-11-24T00:00:00Z,0022500287,MEM,117.58333333333333,115.25,True,0.4,0.0,108.4,107.0,-2.3333333333333286,-1.4000000000000057,0,0,115,1_day,1,Memphis Grizzlies,47,16,0.3404,1610612763,-302,252,2025-11-24,,home_away_nba_game_day_local,2026-03-10T03:53:38.250640+00:00,0,2025,-7.5,7.5,233.5,False
POR,125.66666666666667,121.33333333333333,True,1.6,126.4,117.2,-4.333333333333343,-9.200000000000003,115,b2b,0,Portland Trail Blazers,43,18,0.4186,1610612757,-1.2,2025-11-24T00:00:00Z,0022500288,MIL,120.0,120.75,True,0.4,0.0,124.6,115.6,0.75,-9.0,0,0,103,1_day,1,Milwaukee Bucks,37,13,0.3514,1610612749,107,-123,2025-11-24,,home_away_nba_game_day_local,2026-03-10T03:53:38.250640+00:00,0,2025,1.5,-1.5,235.0,False
CHI,124.3,120.5,True,0.4,132.2,125.4,-3.799999999999997,-6.799999999999983,130,1_day,1,Chicago Bulls,50,20,0.4,1610612741,0.0,2025-11-24T00:00:00Z,0022500289,NOP,121.7,110.2,True,0.4,0.0,121.6,109.2,-11.5,-12.399999999999991,0,0,143,1_day,1,New Orleans Pelicans,35,13,0.3714,1610612740,-200,175,2025-11-24,,home_away_nba_game_day_local,2026-03-10T03:53:38.250640+00:00,0,2025,-5.0,5.0,243.0,False
HOU,115.44444444444444,124.88888888888889,True,0.15,111.4,123.0,9.444444444444443,11.599999999999994,114,2_days,2,Houston Rockets,31,13,0.4194,1610612745,1.45,2025-11-24T00:00:00Z,0022500290,PHX,108.0,118.25,True,1.6,0.0,109.4,121.4,10.25,12.0,0,0,92,b2b,0,Phoenix Suns,37,13,0.3514,1610612756,-219,188,2025-11-24,,home_away_nba_game_day_local,2026-03-10T03:53:38.250640+00:00,0,2025,-5.5,5.5,226.5,False
UTA,124.11111111111111,110.11111111111111,True,1.6,134.2,123.2,-14.0,-10.999999999999986,117,b2b,0,Utah Jazz,36,11,0.3056,1610612762,-1.45,2025-11-24T00:00:00Z,0022500291,GSW,108.55555555555556,118.22222222222223,True,0.15,0.0,114.4,113.0,9.666666666666671,-1.4000000000000057,0,0,134,2_days,2,Golden State Warriors,52,19,0.3654,1610612744,603,-834,2025-11-24,,home_away_nba_game_day_local,2026-03-10T03:53:38.250640+00:00,0,2025,14.0,-14.0,239.5,False
MIN,117.08333333333333,118.08333333333333,True,0.5,110.4,117.8,1.0,7.3999999999999915,112,2_days,2,Minnesota Timberwolves,42,13,0.3095,1610612750,0.25,2025-11-24T00:00:00Z,0022500292,SAC,124.11111111111111,109.44444444444444,True,0.75,0.0,124.0,108.6,-14.666666666666671,-15.400000000000006,0,0,117,1_day,1,Sacramento Kings,26,7,0.2692,1610612758,-380,311,2025-11-24,,home_away_nba_game_day_local,2026-03-10T03:53:38.250640+00:00,5,2025,-9.0,9.0,237.5,True
ATL,114.53846153846153,119.84615384615384,True,0.4,117.0,118.0,5.307692307692307,1.0,113,1_day,1,Atlanta Hawks,43,15,0.3488,1610612737,-0.25,2025-11-25T00:00:00Z,0022500057,WAS,129.14285714285714,111.28571428571429,True,0.15,0.0,129.0,111.4,-17.857142857142847,-17.599999999999994,0,0,132,2_days,2,Washington Wizards,38,19,0.5,1610612764,-444,356,2025-11-25,,home_away_nba_game_day_local,2026-03-10T03:53:38.250640+00:00,0,2025,-10.0,10.0,237.0,False
ORL,117.7,122.0,True,0.4,118.0,125.0,4.299999999999997,7.0,144,1_day,1,Orlando Magic,34,13,0.3824,1610612753,0.0,2025-11-25T00:00:00Z,0022500058,PHI,116.0,114.66666666666667,True,0.4,0.0,116.8,113.4,-1.3333333333333286,-3.3999999999999915,0,0,103,1_day,1,Philadelphia 76ers,25,9,0.36,1610612755,-118,-102,2025-11-25,,home_away_nba_game_day_local,2026-03-10T03:53:38.250640+00:00,0,2025,-1.5,1.5,217.5,False
LAC,114.45454545454545,109.0909090909091,True,0.4,119.2,112.6,-5.36363636363636,-6.6000000000000085,118,1_day,1,LA Clippers,35,13,0.3714,1610612746,0.0,2025-11-25T00:00:00Z,0022500059,LAL,117.0,115.0,True,0.4,0.0,110.4,115.4,-2.0,5.0,0,0,135,1_day,1,Los Angeles Lakers,29,13,0.4483,1610612747,,,2025-11-25,,,,0,2025,,,,False
DET,112.63636363636364,116.9090909090909,True,0.4,112.4,122.4,4.272727272727266,10.0,114,1_day,1,Detroit Pistons,36,11,0.3056,1610612765,-0.25,2025-11-26T00:00:00Z,0022500060,BOS,112.0,120.36363636363636,True,0.15,0.0,110.8,121.6,8.36363636363636,10.799999999999997,0,0,117,2_days,2,Boston Celtics,43,20,0.4651,1610612738,-105,-115,2025-11-26,,home_away_nba_game_day_local,2026-03-10T03:53:38.250640+00:00,0,2025,1.5,-1.5,227.5,False
NYK,116.75,114.5,True,0.4,118.2,120.0,-2.25,1.7999999999999972,129,1_day,1,New York Knicks,25,13,0.52,1610612752,-0.25,2025-11-26T00:00:00Z,0022500061,CHA,117.7,116.7,True,0.15,0.0,118.0,109.6,-1.0,-8.400000000000006,0,0,101,2_days,2,Charlotte Hornets,43,13,0.3023,1610612766,-248,210,2025-11-26,,home_away_nba_game_day_local,2026-03-10T03:53:38.250640+00:00,0,2025,-6.5,6.5,238.5,False
MIL,114.88888888888889,111.55555555555556,True,0.4,120.8,106.8,-3.3333333333333286,-14.0,103,1_day,1,Milwaukee Bucks,42,14,0.3333,1610612749,0.0,2025-11-26T00:00:00Z,0022500062,MIA,117.23076923076923,119.3076923076923,True,0.4,0.0,107.0,120.2,2.07692307692308,13.200000000000003,0,0,106,1_day,1,Miami Heat,36,10,0.2778,1610612748,210,-255,2025-11-26,,home_away_nba_game_day_local,2026-03-10T03:53:38.250640+00:00,0,2025,7.0,-7.0,232.5,False
IND,125.36363636363636,107.9090909090909,True,0.4,123.2,115.2,-17.454545454545453,-8.0,95,1_day,1,Indiana Pacers,33,11,0.3333,1610612754,0.0,2025-11-26T00:00:00Z,0022500063,TOR,111.0909090909091,117.72727272727273,True,0.4,0.0,107.6,120.0,6.63636363636364,12.400000000000006,0,0,97,1_day,1,Toronto Raptors,26,5,0.1923,1610612761,350,-435,2025-11-26,,home_away_nba_game_day_local,2026-03-10T03:53:38.250640+00:00,0,2025,10.0,-10.0,234.5,False
MIN,117.07692307692308,117.61538461538461,True,0.4,111.8,115.4,0.538461538461533,3.6000000000000085,105,1_day,1,Minnesota Timberwolves,37,17,0.4595,1610612750,-0.25,2025-11-26T00:00:00Z,0022500064,OKC,103.4,119.4,True,0.15,0.0,102.2,122.8,16.0,20.599999999999994,0,0,113,2_days,2,Oklahoma City Thunder,26,7,0.2692,1610612760,295,-375,2025-11-26,,home_away_nba_game_day_local,2026-03-10T03:53:38.250640+00:00,0,2025,8.5,-8.5,225.5,False
MEM,121.0,111.1,True,0.75,107.2,111.0,-9.900000000000006,3.799999999999997,133,1_day,1,Memphis Grizzlies,37,17,0.4595,1610612763,0.0,2025-11-26T00:00:00Z,0022500065,NOP,122.45454545454545,113.18181818181819,True,0.75,0.0,122.8,116.6,-9.272727272727266,-6.200000000000003,0,0,128,1_day,1,New Orleans Pelicans,45,19,0.4222,1610612740,-136,120,2025-11-26,,home_away_nba_game_day_local,2026-03-10T03:53:38.250640+00:00,5,2025,-2.5,2.5,234.5,True
HOU,113.1,123.8,True,0.4,107.4,118.8,10.700000000000003,11.399999999999991,104,1_day,1,Houston Rockets,39,11,0.2821,1610612745,0.0,2025-11-26T00:00:00Z,0022500066,GSW,109.4,119.8,True,0.4,0.0,116.2,118.0,10.399999999999991,1.7999999999999972,0,0,100,1_day,1,Golden State Warriors,43,12,0.2791,1610612744,-118,-102,2025-11-26,,home_away_nba_game_day_local,2026-03-10T03:53:38.250640+00:00,0,2025,-1.5,1.5,224.5,False
SAS,112.375,117.25,True,0.15,111.4,115.8,4.875,4.3999999999999915,115,2_days,2,San Antonio Spurs,33,11,0.3333,1610612759,0.25,2025-11-26T00:00:00Z,0022500067,POR,119.55555555555556,118.22222222222223,True,0.4,0.0,119.4,113.6,-1.3333333333333286,-5.800000000000011,0,0,102,1_day,1,Portland Trail Blazers,36,9,0.25,1610612757,114,-134,2025-11-26,,home_away_nba_game_day_local,2026-03-10T03:53:38.250640+00:00,0,2025,2.5,-2.5,238.5,False
PHX,117.0,117.0,True,0.4,112.6,113.2,0.0,0.6000000000000085,112,1_day,1,Phoenix Suns,42,14,0.3333,1610612756,0.0,2025-11-26T00:00:00Z,0022500068,SAC,122.9,110.2,True,0.4,0.0,121.6,110.0,-12.700000000000003,-11.599999999999994,0,0,100,1_day,1,Sacramento Kings,34,12,0.3529,1610612758,-180,158,2025-11-26,,home_away_nba_game_day_local,2026-03-10T03:53:38.250640+00:00,0,2025,-4.5,4.5,233.5,False
CLE,120.1,119.7,False,0.0,108.8,112.2,-0.3999999999999915,3.4000000000000057,123,3_plus_days,3,Cleveland Cavaliers,39,17,0.4359,1610612739,0.15,2025-11-28T00:00:00Z,0022500069,ATL,117.66666666666667,113.66666666666667,True,0.15,0.0,119.0,115.8,-4.0,-3.200000000000003,0,0,130,2_days,2,Atlanta Hawks,43,16,0.3721,1610612737,-220,184,2025-11-28,,home_away_nba_game_day_local,2026-03-10T03:53:38.250640+00:00,0,2025,-5.5,5.5,238.5,False
PHI,115.875,116.125,True,0.15,122.8,113.0,0.25,-9.799999999999997,115,2_days,2,Philadelphia 76ers,37,11,0.2973,1610612755,-0.15,2025-11-28T00:00:00Z,0022500070,BKN,122.66666666666667,110.22222222222223,False,0.0,0.0,111.2,110.0,-12.444444444444443,-1.2000000000000028,0,0,103,3_plus_days,3,Brooklyn Nets,43,13,0.3023,1610612751,-240,198,2025-11-28,,home_away_nba_game_day_local,2026-03-10T03:53:38.250640+00:00,0,2025,-6.5,6.5,228.5,False
CHI,126.0,121.36363636363636,False,0.0,130.8,122.0,-4.63636363636364,-8.800000000000011,116,3_plus_days,3,Chicago Bulls,36,8,0.2222,1610612741,0.4,2025-11-28T00:00:00Z,0022500071,CHA,118.72727272727273,115.27272727272727,True,0.4,0.0,122.0,110.6,-3.4545454545454675,-11.400000000000006,0,0,123,1_day,1,Charlotte Hornets,45,15,0.3333,1610612766,-154,130,2025-11-28,,home_away_nba_game_day_local,2026-03-10T03:53:38.250640+00:00,0,2025,-3.5,3.5,247.5,False
ORL,116.36363636363636,124.0,True,0.15,115.2,131.2,7.63636363636364,15.999999999999986,112,2_days,2,Orlando Magic,30,5,0.1667,1610612753,0.25,2025-11-28T00:00:00Z,0022500072,DET,112.1,120.6,True,0.4,0.0,114.8,122.4,8.5,7.6000000000000085,0,0,109,1_day,1,Detroit Pistons,28,11,0.3929,1610612765,162,-190,2025-11-28,,home_away_nba_game_day_local,2026-03-10T03:53:38.250640+00:00,0,2025,5.5,-5.5,232.5,False
WAS,124.75,113.16666666666667,True,0.15,124.6,115.4,-11.583333333333329,-9.199999999999989,86,2_days,2,Washington Wizards,32,7,0.2188,1610612764,0.25,2025-11-28T00:00:00Z,0022500073,IND,120.1,115.4,True,0.4,0.0,116.8,112.0,-4.699999999999989,-4.799999999999997,0,0,119,1_day,1,Indiana Pacers,34,13,0.3824,1610612754,188,-225,2025-11-28,,home_away_nba_game_day_local,2026-03-10T03:53:38.250640+00:00,0,2025,6.5,-6.5,238.5,False
MIL,114.0,110.7,True,0.4,118.2,108.4,-3.299999999999997,-9.799999999999997,109,1_day,1,Milwaukee Bucks,41,18,0.439,1610612749,0.0,2025-11-28T00:00:00Z,0022500074,NYK,109.15384615384616,118.23076923076923,True,0.4,0.0,112.0,117.8,9.076923076923066,5.799999999999997,0,0,118,1_day,1,New York Knicks,34,14,0.4118,1610612752,210,-258,2025-11-28,,home_away_nba_game_day_local,2026-03-10T03:53:38.250640+00:00,0,2025,5.5,-5.5,225.5,False
PHX,115.3,116.5,True,0.4,107.8,111.2,1.2000000000000028,3.4000000000000057,119,1_day,1,Phoenix Suns,44,15,0.3409,1610612756,0.0,2025-11-28T00:00:00Z,0022500075,OKC,103.54545454545455,118.81818181818181,True,0.4,0.0,104.0,123.6,15.272727272727266,19.599999999999994,0,0,123,1_day,1,Oklahoma City Thunder,32,15,0.4688,1610612760,540,-770,2025-11-28,,home_away_nba_game_day_local,2026-03-10T03:53:38.250640+00:00,0,2025,14.5,-14.5,227.5,False
SAS,111.22222222222223,117.0,True,0.4,110.0,117.2,5.7777777777777715,7.200000000000003,139,1_day,1,San Antonio Spurs,42,17,0.4048,1610612759,-0.4,2025-11-28T00:00:00Z,0022500076,DEN,114.0,124.3,False,0.0,0.0,120.0,122.4,10.299999999999997,2.4000000000000057,0,0,136,3_plus_days,3,Denver Nuggets,39,16,0.4103,1610612743,360,-460,2025-11-28,,home_away_nba_game_day_local,2026-03-10T03:53:38.250640+00:00,0,2025,10.5,-10.5,235.5,False
SAC,123.0,114.33333333333333,True,0.4,119.4,108.0,-8.666666666666671,-11.400000000000006,119,1_day,1,Sacramento Kings,29,10,0.3448,1610612758,-0.4,2025-11-28T00:00:00Z,0022500077,UTA,127.27272727272727,126.27272727272727,False,0.0,0.0,134.6,122.2,-1.0,-12.399999999999991,0,0,128,3_plus_days,3,Utah Jazz,40,13,0.325,1610612762,-102,-116,2025-11-28,,home_away_nba_game_day_local,2026-03-10T03:53:38.250640+00:00,0,2025,1.0,-1.0,240.5,False
DAL,109.5,107.5,False,0.0,111.2,104.6,-2.0,-6.6000000000000085,119,3_plus_days,3,Dallas Mavericks,32,14,0.4375,1610612742,0.15,2025-11-28T00:00:00Z,0022500078,LAL,117.0909090909091,116.81818181818181,True,0.15,0.0,109.8,124.0,-0.2727272727272805,14.200000000000003,0,0,129,2_days,2,Los Angeles Lakers,35,18,0.5143,1610612747,225,-278,2025-11-28,,home_away_nba_game_day_local,2026-03-10T03:53:38.250640+00:00,0,2025,6.5,-6.5,226.5,False
MEM,121.63636363636364,113.0909090909091,True,0.4,111.2,117.6,-8.545454545454547,6.3999999999999915,112,1_day,1,Memphis Grizzlies,40,17,0.425,1610612763,-0.25,2025-11-28T00:00:00Z,0022500079,LAC,114.44444444444444,112.22222222222223,True,0.15,0.0,122.0,112.6,-2.2222222222222143,-9.400000000000006,0,0,107,2_days,2,LA Clippers,38,12,0.3158,1610612746,,,2025-11-28,,,,0,2025,,,,False
BOS,106.3,109.9,True,0.15,114.6,118.8,3.6000000000000085,4.200000000000003,115,2_days,2,Boston Celtics,46,16,0.3478,1610612738,0.0,2025-11-29T00:00:00Z,0022500293,MIN,113.66666666666667,121.11111111111111,True,0.15,0.0,109.8,114.0,7.444444444444443,4.200000000000003,0,0,119,2_days,2,Minnesota Timberwolves,48,21,0.4375,1610612750,218,-258,2025-11-29,,home_away_nba_game_day_local,2026-03-10T03:53:38.250640+00:00,0,2025,6.5,-6.5,228.0,False
TOR,115.0,119.76923076923077,True,0.5,105.0,117.4,4.769230769230774,12.400000000000006,111,2_days,2,Toronto Raptors,29,9,0.3103,1610612761,1.45,2025-11-29T00:00:00Z,0022500294,CHA,118.5,115.91666666666667,True,1.95,0.0,123.2,113.6,-2.5833333333333286,-9.600000000000009,0,0,118,b2b,0,Charlotte Hornets,39,10,0.2564,1610612766,-342,282,2025-11-29,,home_away_nba_game_day_local,2026-03-10T03:53:38.250640+00:00,5,2025,-9.0,9.0,228.5,True
CHI,125.75,120.91666666666667,True,1.6,130.0,119.2,-4.833333333333329,-10.799999999999997,101,b2b,0,Chicago Bulls,34,14,0.4118,1610612741,0.0,2025-11-29T00:00:00Z,0022500295,IND,117.0,115.72727272727273,True,1.6,0.0,108.6,113.4,-1.2727272727272663,4.800000000000011,0,0,103,b2b,0,Indiana Pacers,41,13,0.3171,1610612754,-165,146,2025-11-29,,home_away_nba_game_day_local,2026-03-10T03:53:38.250640+00:00,0,2025,-4.0,4.0,243.0,False
DET,113.0,116.66666666666667,True,1.6,114.8,118.8,3.6666666666666714,4.0,138,b2b,0,Detroit Pistons,26,11,0.4231,1610612765,-1.45,2025-11-29T00:00:00Z,0022500296,MIA,116.21428571428571,118.35714285714286,True,0.15,0.0,105.0,118.4,2.142857142857153,13.400000000000006,0,0,135,2_days,2,Miami Heat,29,14,0.4828,1610612748,136,-155,2025-11-29,,home_away_nba_game_day_local,2026-03-10T03:53:38.250640+00:00,0,2025,3.0,-3.0,239.0,False
BKN,117.36363636363636,110.63636363636364,True,1.6,113.0,104.8,-6.7272727272727195,-8.200000000000003,99,b2b,0,Brooklyn Nets,42,16,0.381,1610612751,0.0,2025-11-29T00:00:00Z,0022500297,MIL,119.61538461538461,119.38461538461539,True,1.6,0.0,118.2,109.0,-0.2307692307692264,-9.200000000000003,0,0,116,b2b,0,Milwaukee Bucks,39,16,0.4103,1610612749,430,-552,2025-11-29,,home_away_nba_game_day_local,2026-03-10T03:53:38.250640+00:00,0,2025,11.5,-11.5,222.0,False
NOP,123.22222222222223,110.88888888888889,True,0.15,124.2,120.4,-12.333333333333343,-3.799999999999997,96,2_days,2,New Orleans Pelicans,30,7,0.2333,1610612740,0.0,2025-11-29T00:00:00Z,0022500298,GSW,108.9090909090909,118.0,True,0.15,0.0,115.8,113.2,9.090909090909093,-2.5999999999999943,0,0,104,2_days,2,Golden State Warriors,47,12,0.2553,1610612744,260,-312,2025-11-29,,home_away_nba_game_day_local,2026-03-10T03:53:38.250640+00:00,0,2025,8.0,-8.0,225.0,False
DEN,111.16666666666667,117.25,True,1.6,121.8,124.2,6.083333333333329,2.4000000000000057,130,b2b,0,Denver Nuggets,38,22,0.5789,1610612743,0.0,2025-11-29T00:00:00Z,0022500299,PHX,108.46153846153847,116.23076923076923,True,1.6,0.0,110.4,109.6,7.769230769230759,-0.8000000000000114,0,0,112,b2b,0,Phoenix Suns,42,14,0.3333,1610612756,-185,162,2025-11-29,,home_away_nba_game_day_local,2026-03-10T03:53:38.250640+00:00,0,2025,-5.0,5.0,232.5,False
DAL,111.66666666666667,108.77777777777777,True,1.6,113.0,109.2,-2.8888888888889,-3.799999999999997,114,b2b,0,Dallas Mavericks,39,11,0.2821,1610612742,0.0,2025-11-29T00:00:00Z,0022500300,LAC,114.2,111.7,True,1.6,0.0,122.4,112.4,-2.5,-10.0,0,0,110,b2b,0,LA Clippers,25,7,0.28,1610612746,,,2025-11-29,,,,0,2025,,,,False
HOU,111.9090909090909,122.0,False,0.0,104.2,111.6,10.090909090909093,7.3999999999999915,129,3_plus_days,3,Houston Rockets,31,11,0.3548,1610612745,0.4,2025-11-30T00:00:00Z,0022500301,UTA,126.58333333333333,126.41666666666667,True,0.4,0.0,129.0,117.8,-0.1666666666666572,-11.200000000000003,0,0,101,1_day,1,Utah Jazz,32,9,0.2812,1610612762,-615,471,2025-11-30,,home_away_nba_game_day_local,2026-03-10T03:53:38.250640+00:00,0,2025,-12.5,12.5,234.0,False
BOS,107.45454545454545,110.36363636363636,True,1.6,114.8,117.6,2.9090909090909065,2.799999999999997,117,b2b,0,Boston Celtics,40,14,0.35,1610612738,-1.2,2025-11-30T00:00:00Z,0022500302,CLE,111.92307692307692,116.46153846153847,True,0.4,0.0,113.6,113.2,4.538461538461547,-0.3999999999999915,0,0,115,1_day,1,Cleveland Cavaliers,52,20,0.3846,1610612739,263,-317,2025-11-30,,home_away_nba_game_day_local,2026-03-10T03:53:38.250640+00:00,0,2025,8.0,-8.0,233.0,False
TOR,115.21428571428571,119.14285714285714,True,1.6,106.2,115.4,3.9285714285714306,9.200000000000003,94,b2b,0,Toronto Raptors,37,11,0.2973,1610612761,-1.2,2025-11-30T00:00:00Z,0022500303,NYK,109.14285714285714,118.21428571428571,True,0.4,0.0,110.8,118.8,9.07142857142857,8.0,0,0,116,1_day,1,New York Knicks,45,16,0.3556,1610612752,248,-297,2025-11-30,,home_away_nba_game_day_local,2026-03-10T03:53:38.250640+00:00,0,2025,7.5,-7.5,232.5,False
ATL,115.78571428571429,119.35714285714286,True,1.1,119.6,119.4,3.5714285714285694,-0.19999999999998863,142,1_day,1,Atlanta Hawks,45,15,0.3333,1610612737,0.0,2025-11-30T00:00:00Z,0022500304,PHI,118.15384615384616,113.76923076923077,True,1.1,0.0,121.8,114.0,-4.384615384615387,-7.799999999999997,0,0,134,1_day,1,Philadelphia 76ers,44,10,0.2273,1610612755,-103,-113,2025-11-30,,home_away_nba_game_day_local,2026-03-10T03:53:38.250640+00:00,10,2025,1.0,-1.0,229.5,True
OKC,108.78571428571429,119.28571428571429,True,0.4,106.0,123.0,10.5,17.0,123,1_day,1,Oklahoma City Thunder,29,10,0.3448,1610612760,-0.4,2025-11-30T00:00:00Z,0022500305,POR,119.1,116.6,False,0.0,0.0,117.0,112.0,-2.5,-5.0,0,0,115,3_plus_days,3,Portland Trail Blazers,49,16,0.3265,1610612757,-737,547,2025-11-30,,home_away_nba_game_day_local,2026-03-10T03:53:38.250640+00:00,0,2025,-12.5,12.5,233.0,False
SAS,113.7,119.2,True,0.4,115.2,120.4,5.5,5.200000000000003,112,1_day,1,San Antonio Spurs,33,8,0.2424,1610612759,1.2,2025-11-30T00:00:00Z,0022500306,MIN,113.8,120.9,True,1.6,0.0,113.6,113.8,7.1000000000000085,0.20000000000000284,0,0,125,b2b,0,Minnesota Timberwolves,37,17,0.4595,1610612750,143,-162,2025-11-30,,home_away_nba_game_day_local,2026-03-10T03:53:38.250640+00:00,0,2025,3.5,-3.5,233.5,False
MEM,120.41666666666667,113.0,True,0.4,110.4,119.8,-7.416666666666671,9.399999999999991,115,1_day,1,Memphis Grizzlies,24,9,0.375,1610612763,0.0,2025-11-30T00:00:00Z,0022500307,SAC,121.9090909090909,109.27272727272727,True,0.4,0.0,122.4,112.0,-12.63636363636364,-10.400000000000006,0,0,107,1_day,1,Sacramento Kings,27,8,0.2963,1610612758,-149,132,2025-11-30,,home_away_nba_game_day_local,2026-03-10T03:53:38.250640+00:00,0,2025,-3.5,3.5,232.5,False
NOP,121.3,109.4,True,1.6,120.0,116.0,-11.899999999999991,-4.0,121,b2b,0,New Orleans Pelicans,26,13,0.5,1610612740,-1.2,2025-11-30T00:00:00Z,0022500308,LAL,117.25,117.83333333333333,True,0.4,0.0,112.8,126.2,0.5833333333333286,13.400000000000006,0,0,133,1_day,1,Los Angeles Lakers,41,15,0.3659,1610612747,708,-1028,2025-11-30,,home_away_nba_game_day_local,2026-03-10T03:53:38.250640+00:00,0,2025,15.0,-15.0,232.5,False
ATL,117.0,120.86666666666666,True,1.6,119.4,122.6,3.86666666666666,3.1999999999999886,98,b2b,0,Atlanta Hawks,40,14,0.35,1610612737,-1.2,2025-12-01T00:00:00Z,0022500309,DET,112.0909090909091,119.54545454545455,True,0.4,0.0,119.4,122.4,7.454545454545453,3.0,0,0,99,1_day,1,Detroit Pistons,26,5,0.1923,1610612765,304,-371,2025-12-01,,home_away_nba_game_day_local,2026-03-10T03:53:38.250640+00:00,0,2025,9.0,-9.0,233.0,False
CLE,121.0,120.0,True,1.6,114.2,115.4,-1.0,1.2000000000000028,135,b2b,0,Cleveland Cavaliers,40,14,0.35,1610612739,-1.2,2025-12-01T00:00:00Z,0022500310,IND,115.66666666666667,114.66666666666667,True,0.4,0.0,105.2,108.6,-1.0,3.3999999999999915,0,0,119,1_day,1,Indiana Pacers,30,10,0.3333,1610612754,-238,202,2025-12-01,,home_away_nba_game_day_local,2026-03-10T03:53:38.250640+00:00,0,2025,-6.5,6.5,234.0,False
MIL,114.36363636363636,110.54545454545455,True,0.4,113.4,109.4,-3.818181818181813,-4.0,126,1_day,1,Milwaukee Bucks,38,21,0.5526,1610612749,-0.25,2025-12-01T00:00:00Z,0022500311,WAS,127.125,113.875,True,0.15,0.0,122.6,111.4,-13.25,-11.199999999999989,0,0,129,2_days,2,Washington Wizards,36,13,0.3611,1610612764,-371,304,2025-12-01,,home_away_nba_game_day_local,2026-03-10T03:53:38.250640+00:00,0,2025,-8.5,8.5,233.0,False
CHA,122.66666666666667,117.58333333333333,True,0.4,120.0,113.6,-5.083333333333343,-6.400000000000006,103,1_day,1,Charlotte Hornets,32,12,0.375,1610612766,0.0,2025-12-01T00:00:00Z,0022500312,BKN,121.9,109.5,True,0.4,0.0,113.6,104.8,-12.400000000000006,-8.799999999999997,0,0,116,1_day,1,Brooklyn Nets,43,17,0.3953,1610612751,-193,169,2025-12-01,,home_away_nba_game_day_local,2026-03-10T03:53:38.250640+00:00,0,2025,-5.0,5.0,228.0,False
LAC,116.16666666666667,109.83333333333333,True,0.4,119.4,114.2,-6.333333333333343,-5.200000000000003,123,1_day,1,LA Clippers,29,9,0.3103,1610612746,0.0,2025-12-01T00:00:00Z,0022500313,MIA,117.66666666666667,119.46666666666667,True,0.4,0.0,113.4,123.4,1.7999999999999972,10.0,0,0,140,1_day,1,Miami Heat,46,24,0.5217,1610612748,,,2025-12-01,,,,0,2025,,,,False
CHI,124.0,119.38461538461539,True,0.4,126.4,115.0,-4.615384615384613,-11.400000000000006,120,1_day,1,Chicago Bulls,37,16,0.4324,1610612741,-0.25,2025-12-01T00:00:00Z,0022500314,ORL,111.41666666666667,117.91666666666667,True,0.15,0.0,114.4,129.4,6.5,15.0,0,0,125,2_days,2,Orlando Magic,33,9,0.2727,1610612753,274,-331,2025-12-01,,home_away_nba_game_day_local,2026-03-10T03:53:38.250640+00:00,0,2025,9.0,-9.0,238.5,False
DAL,111.5,109.3,True,0.4,112.4,109.8,-2.200000000000003,-2.6000000000000085,131,1_day,1,Dallas Mavericks,31,16,0.5161,1610612742,0.0,2025-12-01T00:00:00Z,0022500315,DEN,116.27272727272727,125.36363636363636,True,0.4,0.0,120.6,125.2,9.090909090909093,4.6000000000000085,0,0,121,1_day,1,Denver Nuggets,37,12,0.3243,1610612743,408,-518,2025-12-01,,home_away_nba_game_day_local,2026-03-10T03:53:38.250640+00:00,0,2025,10.5,-10.5,232.5,False
HOU,111.0,122.58333333333333,True,1.6,101.8,114.0,11.583333333333329,12.200000000000003,125,b2b,0,Houston Rockets,34,10,0.2941,1610612745,0.0,2025-12-01T00:00:00Z,0022500316,UTA,126.76923076923077,124.46153846153847,True,1.6,0.0,126.8,112.8,-2.3076923076923066,-14.0,0,0,133,b2b,0,Utah Jazz,35,14,0.4,1610612762,-615,471,2025-12-01,,home_away_nba_game_day_local,2026-03-10T03:53:38.250640+00:00,0,2025,-12.5,12.5,234.0,False
PHX,116.0,116.72727272727273,True,0.4,113.8,109.2,0.7272727272727337,-4.599999999999994,125,1_day,1,Phoenix Suns,39,17,0.4359,1610612756,1.2,2025-12-01T00:00:00Z,0022500317,LAL,117.53846153846153,119.0,True,1.6,0.0,118.0,129.0,1.461538461538467,11.0,0,0,108,b2b,0,Los Angeles Lakers,33,13,0.3939,1610612747,185,-214,2025-12-01,,home_away_nba_game_day_local,2026-03-10T03:53:38.250640+00:00,0,2025,5.5,-5.5,234.5,False
WAS,124.3076923076923,111.07692307692308,True,1.6,123.8,115.4,-13.230769230769226,-8.399999999999991,102,b2b,0,Washington Wizards,36,9,0.25,1610612764,-1.2,2025-12-02T00:00:00Z,0022500318,PHI,119.85714285714286,115.21428571428571,True,0.4,0.0,126.0,118.4,-4.642857142857153,-7.599999999999994,0,0,121,1_day,1,Philadelphia 76ers,40,17,0.425,1610612755,500,-700,2025-12-02,,home_away_nba_game_day_local,2026-03-10T03:53:38.250640+00:00,0,2025,12.5,-12.5,234.5,False
POR,123.92307692307692,120.84615384615384,True,0.4,117.2,110.8,-3.07692307692308,-6.400000000000006,118,1_day,1,Portland Trail Blazers,40,15,0.375,1610612757,0.0,2025-12-02T00:00:00Z,0022500319,TOR,109.75,116.0,True,0.4,0.0,107.4,106.2,6.25,-1.2000000000000028,0,0,121,1_day,1,Toronto Raptors,30,11,0.3667,1610612761,176,-210,2025-12-02,,home_away_nba_game_day_local,2026-03-10T03:53:38.250640+00:00,0,2025,5.0,-5.0,232.5,False
NYK,115.0,116.11111111111111,True,0.4,107.4,119.4,1.1111111111111143,12.0,117,1_day,1,New York Knicks,44,19,0.4318,1610612752,0.0,2025-12-02T00:00:00Z,0022500320,BOS,112.16666666666667,120.08333333333333,True,0.4,0.0,118.0,118.4,7.916666666666657,0.4000000000000057,0,0,123,1_day,1,Boston Celtics,40,13,0.325,1610612738,-106,-110,2025-12-02,,home_away_nba_game_day_local,2026-03-10T03:53:38.250640+00:00,0,2025,1.0,-1.0,230.5,False
MIN,116.78571428571429,116.71428571428571,True,0.75,114.2,114.8,-0.07142857142858361,0.5999999999999943,149,1_day,1,Minnesota Timberwolves,51,20,0.3922,1610612750,0.0,2025-12-02T00:00:00Z,0022500321,NOP,123.33333333333333,114.41666666666667,True,0.75,0.0,123.0,117.2,-8.916666666666657,-5.799999999999997,0,0,142,1_day,1,New Orleans Pelicans,21,12,0.5714,1610612740,-450,350,2025-12-02,,home_away_nba_game_day_local,2026-03-10T03:53:38.250640+00:00,5,2025,-9.5,9.5,235.5,True
MEM,119.38461538461539,113.15384615384616,True,0.4,112.6,115.4,-6.230769230769226,2.8000000000000114,119,1_day,1,Memphis Grizzlies,26,9,0.3462,1610612763,0.0,2025-12-02T00:00:00Z,0022500322,SAS,112.08333333333333,121.41666666666667,True,0.4,0.0,120.0,120.6,9.333333333333343,0.5999999999999943,0,0,126,1_day,1,San Antonio Spurs,39,18,0.4615,1610612759,180,-215,2025-12-02,,home_away_nba_game_day_local,2026-03-10T03:53:38.250640+00:00,0,2025,5.0,-5.0,231.5,False
OKC,109.2,119.53333333333333,True,0.4,109.2,125.0,10.333333333333329,15.799999999999997,124,1_day,1,Oklahoma City Thunder,32,15,0.4688,1610612760,-0.25,2025-12-02T00:00:00Z,0022500323,GSW,107.83333333333333,116.83333333333333,True,0.15,0.0,110.8,111.4,9.0,0.6000000000000085,0,0,112,2_days,2,Golden State Warriors,42,18,0.4286,1610612744,-620,460,2025-12-02,,home_away_nba_game_day_local,2026-03-10T03:53:38.250640+00:00,0,2025,-12.0,12.0,221.5,False
POR,123.71428571428571,120.64285714285714,True,1.6,116.8,109.0,-3.0714285714285694,-7.799999999999997,122,b2b,0,Portland Trail Blazers,34,14,0.4118,1610612757,-1.2,2025-12-03T00:00:00Z,0022500324,CLE,112.28571428571429,116.35714285714286,True,0.4,0.0,116.2,118.4,4.071428571428569,2.200000000000003,0,0,110,1_day,1,Cleveland Cavaliers,52,13,0.25,1610612739,390,-493,2025-12-03,,home_away_nba_game_day_local,2026-03-10T03:53:38.250640+00:00,0,2025,10.0,-10.0,239.5,False
DEN,111.23076923076923,118.23076923076923,True,0.4,125.0,127.0,7.0,2.0,135,1_day,1,Denver Nuggets,28,17,0.6071,1610612743,0.0,2025-12-03T00:00:00Z,0022500325,IND,117.15384615384616,115.0,True,0.4,0.0,108.2,110.6,-2.1538461538461604,2.3999999999999915,0,0,120,1_day,1,Indiana Pacers,28,13,0.4643,1610612754,-302,252,2025-12-03,,home_away_nba_game_day_local,2026-03-10T03:53:38.250640+00:00,0,2025,-7.5,7.5,235.0,False
SAS,114.72727272727273,118.54545454545455,True,1.6,118.6,118.8,3.818181818181813,0.20000000000000284,114,b2b,0,San Antonio Spurs,38,13,0.3421,1610612759,-1.2,2025-12-03T00:00:00Z,0022500326,ORL,112.07692307692308,118.46153846153847,True,0.4,0.0,118.2,128.6,6.384615384615387,10.399999999999991,0,0,112,1_day,1,Orlando Magic,27,9,0.3333,1610612753,252,-302,2025-12-03,,home_away_nba_game_day_local,2026-03-10T03:53:38.250640+00:00,0,2025,8.0,-8.0,235.0,False
LAC,118.0,110.84615384615384,True,0.4,124.2,112.6,-7.15384615384616,-11.600000000000009,115,1_day,1,LA Clippers,32,10,0.3125,1610612746,0.0,2025-12-03T00:00:00Z,0022500327,ATL,118.2,115.3,True,0.4,0.0,119.6,119.2,-2.9000000000000057,-0.3999999999999915,0,0,92,1_day,1,Atlanta Hawks,39,13,0.3333,1610612737,,,2025-12-03,,,,0,2025,,,,False
CHA,122.15384615384616,116.46153846153847,True,0.4,117.0,111.0,-5.692307692307693,-6.0,104,1_day,1,Charlotte Hornets,42,13,0.3095,1610612766,1.2,2025-12-03T00:00:00Z,0022500328,NYK,108.13333333333334,118.06666666666666,True,1.6,0.0,105.4,118.6,9.933333333333323,13.199999999999989,0,0,119,b2b,0,New York Knicks,38,12,0.3158,1610612752,329,-405,2025-12-03,,home_away_nba_game_day_local,2026-03-10T03:53:38.250640+00:00,0,2025,10.0,-10.0,237.0,False
BKN,117.25,109.66666666666667,True,0.4,113.2,105.4,-7.583333333333329,-7.799999999999997,113,1_day,1,Brooklyn Nets,46,19,0.413,1610612751,0.0,2025-12-03T00:00:00Z,0022500329,CHI,120.54545454545455,120.72727272727273,True,0.4,0.0,122.8,117.6,0.18181818181818699,-5.200000000000003,0,0,103,1_day,1,Chicago Bulls,30,7,0.2333,1610612741,260,-312,2025-12-03,,home_away_nba_game_day_local,2026-03-10T03:53:38.250640+00:00,0,2025,8.0,-8.0,232.5,False
SAC,123.38461538461539,114.6923076923077,True,0.15,118.0,114.2,-8.692307692307693,-3.799999999999997,95,2_days,2,Sacramento Kings,34,10,0.2941,1610612758,0.25,2025-12-03T00:00:00Z,0022500330,HOU,113.22222222222223,124.55555555555556,True,0.4,0.0,107.6,116.2,11.333333333333329,8.600000000000009,0,0,121,1_day,1,Houston Rockets,16,5,0.3125,1610612745,781,-1174,2025-12-03,,home_away_nba_game_day_local,2026-03-10T03:53:38.250640+00:00,0,2025,15.5,-15.5,230.5,False
DET,114.6923076923077,118.3076923076923,True,0.4,115.8,116.4,3.615384615384613,0.6000000000000085,109,1_day,1,Detroit Pistons,43,14,0.3256,1610612765,0.0,2025-12-03T00:00:00Z,0022500331,MIL,118.14285714285714,119.14285714285714,True,0.4,0.0,113.4,111.4,1.0,-2.0,0,0,113,1_day,1,Milwaukee Bucks,44,13,0.2955,1610612749,-162,143,2025-12-03,,home_away_nba_game_day_local,2026-03-10T03:53:38.250640+00:00,0,2025,-4.0,4.0,230.5,False
MIA,120.0,122.18181818181819,True,0.4,116.6,122.8,2.181818181818187,6.200000000000003,108,1_day,1,Miami Heat,37,11,0.2973,1610612748,0.0,2025-12-03T00:00:00Z,0022500332,DAL,114.8,111.86666666666666,True,0.4,0.0,113.6,112.4,-2.933333333333337,-1.1999999999999886,0,0,118,1_day,1,Dallas Mavericks,32,16,0.5,1610612742,-170,150,2025-12-03,,home_away_nba_game_day_local,2026-03-10T03:53:38.250640+00:00,0,2025,-4.0,4.0,241.0,False
GSW,118.57142857142857,112.85714285714286,True,0.4,113.6,114.6,-5.714285714285708,1.0,98,1_day,1,Golden State Warriors,42,12,0.2857,1610612744,0.0,2025-12-04T00:00:00Z,0022500333,PHI,118.66666666666667,115.6,True,0.4,0.0,123.6,118.0,-3.066666666666677,-5.599999999999994,0,0,99,1_day,1,Philadelphia 76ers,37,10,0.2703,1610612755,139,-158,2025-12-04,,home_away_nba_game_day_local,2026-03-10T03:53:38.250640+00:00,0,2025,4.0,-4.0,223.5,False
BOS,108.08333333333333,110.91666666666667,True,0.4,118.8,122.0,2.833333333333343,3.200000000000003,146,1_day,1,Boston Celtics,47,20,0.4255,1610612738,0.0,2025-12-04T00:00:00Z,0022500334,WAS,127.0,115.55555555555556,True,0.4,0.0,120.0,113.8,-11.444444444444443,-6.200000000000003,0,0,101,1_day,1,Washington Wizards,31,10,0.3226,1610612764,-410,332,2025-12-04,,home_away_nba_game_day_local,2026-03-10T03:53:38.250640+00:00,0,2025,-9.0,9.0,228.0,False
UTA,125.1,110.8,True,0.15,123.0,117.0,-14.299999999999997,-6.0,123,2_days,2,Utah Jazz,25,14,0.56,1610612762,1.45,2025-12-04T00:00:00Z,0022500335,BKN,120.18181818181819,110.0909090909091,True,1.6,0.0,110.0,106.2,-10.090909090909093,-3.799999999999997,0,0,110,b2b,0,Brooklyn Nets,42,11,0.2619,1610612751,-180,158,2025-12-04,,home_away_nba_game_day_local,2026-03-10T03:53:38.250640+00:00,0,2025,-4.5,4.5,231.5,False
LAL,112.08333333333333,112.5,True,0.15,117.8,122.6,0.4166666666666714,4.799999999999997,123,2_days,2,Los Angeles Lakers,31,13,0.4194,1610612747,0.25,2025-12-04T00:00:00Z,0022500336,TOR,110.38461538461539,116.38461538461539,True,0.4,0.0,109.2,106.6,6.0,-2.6000000000000085,0,0,120,1_day,1,Toronto Raptors,37,15,0.4054,1610612761,112,-128,2025-12-04,,home_away_nba_game_day_local,2026-03-10T03:53:38.250640+00:00,0,2025,1.5,-1.5,228.5,False
MIN,118.46666666666667,118.86666666666666,True,0.4,119.8,122.0,0.3999999999999915,2.200000000000003,125,1_day,1,Minnesota Timberwolves,38,15,0.3947,1610612750,0.0,2025-12-04T00:00:00Z,0022500337,NOP,125.3076923076923,116.53846153846153,True,0.4,0.0,129.8,126.0,-8.769230769230774,-3.8000000000000114,0,0,116,1_day,1,New Orleans Pelicans,25,7,0.28,1610612740,-450,350,2025-12-04,,home_away_nba_game_day_local,2026-03-10T03:53:38.250640+00:00,0,2025,-9.5,9.5,235.5,False
LAL,112.6923076923077,113.3076923076923,True,1.6,120.6,125.6,0.6153846153846132,5.0,105,b2b,0,Los Angeles Lakers,35,14,0.4,1610612747,0.0,2025-12-05T00:00:00Z,0022500338,BOS,112.53846153846153,120.3076923076923,True,1.6,0.0,113.2,123.6,7.769230769230774,10.399999999999991,0,0,126,b2b,0,Boston Celtics,45,24,0.5333,1610612738,208,-245,2025-12-05,,home_away_nba_game_day_local,2026-03-10T03:53:38.250640+00:00,0,2025,6.5,-6.5,223.5,False
MIA,119.83333333333333,121.0,True,0.4,116.8,119.0,1.1666666666666714,2.200000000000003,105,1_day,1,Miami Heat,19,7,0.3684,1610612748,0.0,2025-12-05T00:00:00Z,0022500339,ORL,112.21428571428571,118.0,True,0.4,0.0,116.8,124.4,5.785714285714292,7.6000000000000085,0,0,106,1_day,1,Orlando Magic,34,12,0.3529,1610612753,182,-209,2025-12-05,,home_away_nba_game_day_local,2026-03-10T03:53:38.250640+00:00,0,2025,5.0,-5.0,242.0,False
DEN,111.85714285714286,119.42857142857143,True,0.4,123.4,129.4,7.571428571428569,6.0,134,1_day,1,Denver Nuggets,37,16,0.4324,1610612743,0.0,2025-12-05T00:00:00Z,0022500340,ATL,117.9090909090909,113.18181818181819,True,0.4,0.0,120.6,115.0,-4.7272727272727195,-5.599999999999994,0,0,133,1_day,1,Atlanta Hawks,46,20,0.4348,1610612737,-253,214,2025-12-05,,home_away_nba_game_day_local,2026-03-10T03:53:38.250640+00:00,0,2025,-6.5,6.5,238.5,False
SAS,114.5,118.16666666666667,True,0.4,118.8,121.2,3.6666666666666714,2.4000000000000057,117,1_day,1,San Antonio Spurs,43,15,0.3488,1610612759,0.0,2025-12-05T00:00:00Z,0022500341,CLE,112.93333333333334,115.93333333333334,True,0.4,0.0,119.6,116.4,3.0,-3.1999999999999886,0,0,130,1_day,1,Cleveland Cavaliers,26,8,0.3077,1610612739,162,-185,2025-12-05,,home_away_nba_game_day_local,2026-03-10T03:53:38.250640+00:00,0,2025,5.0,-5.0,238.5,False
POR,122.8,120.73333333333333,True,0.4,114.4,114.4,-2.066666666666663,0.0,116,1_day,1,Portland Trail Blazers,37,12,0.3243,1610612757,0.0,2025-12-05T00:00:00Z,0022500342,DET,110.91666666666667,117.83333333333333,True,0.4,0.0,115.0,113.8,6.916666666666657,-1.2000000000000028,0,0,122,1_day,1,Detroit Pistons,24,10,0.4167,1610612765,248,-297,2025-12-05,,home_away_nba_game_day_local,2026-03-10T03:53:38.250640+00:00,0,2025,7.5,-7.5,235.0,False
UTA,123.72727272727273,111.9090909090909,True,1.6,123.4,120.4,-11.818181818181827,-3.0,112,b2b,0,Utah Jazz,42,15,0.3571,1610612762,-1.2,2025-12-05T00:00:00Z,0022500343,NYK,107.875,118.125,True,0.4,0.0,106.2,119.8,10.25,13.599999999999994,0,0,146,1_day,1,New York Knicks,42,21,0.5,1610612752,683,-979,2025-12-05,,home_away_nba_game_day_local,2026-03-10T03:53:38.250640+00:00,0,2025,16.0,-16.0,240.0,False
CHA,121.92857142857143,115.57142857142857,True,0.4,118.2,109.8,-6.357142857142861,-8.400000000000006,111,1_day,1,Charlotte Hornets,36,13,0.3611,1610612766,1.2,2025-12-05T00:00:00Z,0022500344,TOR,111.28571428571429,116.64285714285714,True,1.6,0.0,114.0,108.6,5.357142857142847,-5.400000000000006,0,0,86,b2b,0,Toronto Raptors,29,9,0.3103,1610612761,256,-307,2025-12-05,,home_away_nba_game_day_local,2026-03-10T03:53:38.250640+00:00,0,2025,7.5,-7.5,231.5,False
IND,123.0,106.83333333333333,True,0.4,110.8,111.2,-16.16666666666667,0.4000000000000057,120,1_day,1,Indiana Pacers,39,18,0.4615,1610612754,0.0,2025-12-05T00:00:00Z,0022500345,CHI,119.91666666666667,119.25,True,0.4,0.0,121.4,114.0,-0.6666666666666714,-7.400000000000006,0,0,105,1_day,1,Chicago Bulls,35,13,0.3714,1610612741,175,-200,2025-12-05,,home_away_nba_game_day_local,2026-03-10T03:53:38.250640+00:00,0,2025,5.0,-5.0,238.5,False
PHX,115.33333333333333,117.41666666666667,False,0.0,115.0,112.0,2.083333333333343,-3.0,98,3_plus_days,3,Phoenix Suns,36,5,0.1389,1610612756,0.4,2025-12-05T00:00:00Z,0022500346,HOU,111.4,124.2,True,0.4,0.0,104.2,118.6,12.799999999999997,14.399999999999991,0,0,117,1_day,1,Houston Rockets,18,10,0.5556,1610612745,401,-508,2025-12-05,,home_away_nba_game_day_local,2026-03-10T03:53:38.250640+00:00,0,2025,11.0,-11.0,223.0,False
LAC,116.14285714285714,111.14285714285714,True,0.4,118.6,114.6,-5.0,-4.0,98,1_day,1,LA Clippers,44,14,0.3182,1610612746,-0.25,2025-12-05T00:00:00Z,0022500347,MEM,118.15384615384616,115.23076923076923,True,0.15,0.0,118.6,118.8,-2.923076923076934,0.20000000000000284,0,0,107,2_days,2,Memphis Grizzlies,28,10,0.3571,1610612763,,,2025-12-05,,,,0,2025,,,,False
PHI,114.44444444444444,116.0,True,1.6,117.8,114.4,1.5555555555555571,-3.3999999999999915,116,b2b,0,Philadelphia 76ers,43,17,0.3953,1610612755,-1.2,2025-12-05T00:00:00Z,0022500348,MIL,117.53333333333333,118.73333333333333,True,0.4,0.0,112.2,113.4,1.2000000000000028,1.2000000000000028,0,0,101,1_day,1,Milwaukee Bucks,32,11,0.3438,1610612749,-123,107,2025-12-05,,home_away_nba_game_day_local,2026-03-10T03:53:38.250640+00:00,0,2025,-2.0,2.0,223.5,False
DAL,112.36363636363636,111.27272727272727,True,0.4,114.8,116.8,-1.0909090909090935,2.0,111,1_day,1,Dallas Mavericks,37,16,0.4324,1610612742,-0.25,2025-12-05T00:00:00Z,0022500349,OKC,104.83333333333333,119.16666666666667,True,0.15,0.0,109.2,121.0,14.333333333333343,11.799999999999997,0,0,132,2_days,2,Oklahoma City Thunder,30,12,0.4,1610612760,657,-931,2025-12-05,,home_away_nba_game_day_local,2026-03-10T03:53:38.250640+00:00,0,2025,15.0,-15.0,229.0,False
NOP,122.36363636363636,110.45454545454545,True,0.4,128.8,120.6,-11.909090909090907,-8.200000000000017,101,1_day,1,New Orleans Pelicans,25,9,0.36,1610612740,0.0,2025-12-06T00:00:00Z,0022500350,BKN,120.41666666666667,110.08333333333333,True,0.4,0.0,112.0,108.2,-10.333333333333343,-3.799999999999997,0,0,119,1_day,1,Brooklyn Nets,35,14,0.4,1610612751,134,-152,2025-12-06,,home_away_nba_game_day_local,2026-03-10T03:53:38.250640+00:00,0,2025,3.0,-3.0,227.0,False
ATL,115.875,119.4375,True,1.6,121.0,119.0,3.5625,-2.0,131,b2b,0,Atlanta Hawks,39,13,0.3333,1610612737,-1.2,2025-12-06T00:00:00Z,0022500351,WAS,128.9,114.1,True,0.4,0.0,125.0,110.0,-14.800000000000011,-15.0,0,0,116,1_day,1,Washington Wizards,38,17,0.4474,1610612764,-386,315,2025-12-06,,home_away_nba_game_day_local,2026-03-10T03:53:38.250640+00:00,0,2025,-9.0,9.0,236.0,False
GSW,117.26666666666667,111.86666666666666,True,0.4,108.0,109.6,-5.400000000000006,1.5999999999999943,99,1_day,1,Golden State Warriors,35,13,0.3714,1610612744,1.2,2025-12-06T00:00:00Z,0022500352,CLE,113.1875,116.8125,True,1.6,0.0,121.0,122.6,3.625,1.5999999999999943,0,0,94,b2b,0,Cleveland Cavaliers,42,10,0.2381,1610612739,248,-297,2025-12-06,,home_away_nba_game_day_local,2026-03-10T03:53:38.250640+00:00,0,2025,8.0,-8.0,228.0,False
MIL,115.58333333333333,111.83333333333333,True,1.6,114.2,113.0,-3.75,-1.2000000000000028,112,b2b,0,Milwaukee Bucks,38,16,0.4211,1610612749,0.0,2025-12-06T00:00:00Z,0022500353,DET,111.3076923076923,118.15384615384616,True,1.6,0.0,114.8,115.4,6.846153846153854,0.6000000000000085,0,0,124,b2b,0,Detroit Pistons,40,15,0.375,1610612765,493,-650,2025-12-06,,home_away_nba_game_day_local,2026-03-10T03:53:38.250640+00:00,0,2025,12.0,-12.0,223.0,False
SAC,123.21428571428571,113.28571428571429,True,0.15,117.6,107.6,-9.928571428571416,-10.0,127,2_days,2,Sacramento Kings,33,14,0.4242,1610612758,1.45,2025-12-06T00:00:00Z,0022500354,MIA,118.0,120.75,True,1.6,0.0,117.6,118.8,2.75,1.2000000000000028,0,0,111,b2b,0,Miami Heat,31,9,0.2903,1610612748,263,-317,2025-12-06,,home_away_nba_game_day_local,2026-03-10T03:53:38.250640+00:00,0,2025,8.0,-8.0,238.5,False
LAC,115.53333333333333,110.26666666666667,True,1.6,113.0,110.6,-5.266666666666666,-2.4000000000000057,106,b2b,0,LA Clippers,29,9,0.3103,1610612746,-1.2,2025-12-06T00:00:00Z,0022500355,MIN,113.63636363636364,121.27272727272727,True,0.4,0.0,119.6,124.6,7.636363636363626,5.0,0,0,109,1_day,1,Minnesota Timberwolves,25,11,0.44,1610612750,,,2025-12-06,,,,0,2025,,,,False
HOU,112.6923076923077,122.76923076923077,True,1.6,105.4,119.2,10.07692307692308,13.799999999999997,109,b2b,0,Houston Rockets,29,10,0.3448,1610612745,0.0,2025-12-06T00:00:00Z,0022500356,DAL,114.375,112.25,True,1.6,0.0,120.0,118.6,-2.125,-1.4000000000000057,0,0,122,b2b,0,Dallas Mavericks,19,7,0.3684,1610612742,-386,315,2025-12-06,,home_away_nba_game_day_local,2026-03-10T03:53:38.250640+00:00,0,2025,-9.0,9.0,224.5,False
ORL,115.75,123.0,True,0.4,110.2,119.8,7.25,9.599999999999994,100,1_day,1,Orlando Magic,42,12,0.2857,1610612753,0.0,2025-12-07T00:00:00Z,0022500357,NYK,108.11764705882354,119.76470588235294,True,0.4,0.0,108.4,123.2,11.647058823529406,14.799999999999997,0,0,106,1_day,1,New York Knicks,35,11,0.3143,1610612752,149,-168,2025-12-07,,home_away_nba_game_day_local,2026-03-10T03:53:38.250640+00:00,0,2025,4.0,-4.0,231.0,False
BOS,107.53846153846153,113.61538461538461,True,0.4,111.4,125.4,6.07692307692308,14.0,121,1_day,1,Boston Celtics,47,20,0.4255,1610612738,0.0,2025-12-07T00:00:00Z,0022500358,TOR,111.26666666666667,114.6,True,0.4,0.0,117.2,106.4,3.3333333333333286,-10.799999999999997,0,0,113,1_day,1,Toronto Raptors,22,9,0.4091,1610612761,-131,115,2025-12-07,,home_away_nba_game_day_local,2026-03-10T03:53:38.250640+00:00,0,2025,-2.0,2.0,226.0,False
DEN,113.26666666666667,120.4,True,0.4,127.0,131.2,7.13333333333334,4.199999999999989,115,1_day,1,Denver Nuggets,35,13,0.3714,1610612743,0.0,2025-12-07T00:00:00Z,0022500359,CHA,117.92307692307692,116.07692307692308,True,0.4,0.0,109.6,111.8,-1.8461538461538396,2.200000000000003,0,0,106,1_day,1,Charlotte Hornets,46,14,0.3043,1610612766,-474,377,2025-12-07,,home_away_nba_game_day_local,2026-03-10T03:53:38.250640+00:00,0,2025,-10.0,10.0,234.0,False
POR,122.75,120.4375,True,0.4,118.2,114.6,-2.3125,-3.6000000000000085,96,1_day,1,Portland Trail Blazers,43,15,0.3488,1610612757,0.0,2025-12-07T00:00:00Z,0022500360,MEM,116.71428571428571,114.64285714285714,True,0.4,0.0,113.2,117.2,-2.0714285714285694,4.0,0,0,119,1_day,1,Memphis Grizzlies,35,10,0.2857,1610612763,100,-116,2025-12-07,,home_away_nba_game_day_local,2026-03-10T03:53:38.250640+00:00,0,2025,1.0,-1.0,234.5,False
GSW,115.8125,111.0625,True,1.6,103.4,102.6,-4.75,-0.8000000000000114,123,b2b,0,Golden State Warriors,47,22,0.4681,1610612744,-1.2,2025-12-07T00:00:00Z,0022500361,CHI,119.92307692307692,118.15384615384616,True,0.4,0.0,116.8,109.0,-1.7692307692307594,-7.799999999999997,0,0,91,1_day,1,Chicago Bulls,40,11,0.275,1610612741,-113,-103,2025-12-07,,home_away_nba_game_day_local,2026-03-10T03:53:38.250640+00:00,0,2025,-1.0,1.0,227.5,False
LAL,113.64285714285714,112.71428571428571,True,0.4,122.2,119.6,-0.9285714285714306,-2.6000000000000085,112,1_day,1,Los Angeles Lakers,36,13,0.3611,1610612747,0.0,2025-12-07T00:00:00Z,0022500362,PHI,117.375,114.5625,True,0.4,0.0,109.2,117.0,-2.8125,7.799999999999997,0,0,108,1_day,1,Philadelphia 76ers,36,13,0.3611,1610612755,-177,156,2025-12-07,,home_away_nba_game_day_local,2026-03-10T03:53:38.250640+00:00,0,2025,-4.5,4.5,236.0,False
OKC,109.375,119.8125,True,0.4,112.4,123.0,10.4375,10.599999999999994,131,1_day,1,Oklahoma City Thunder,42,21,0.5,1610612760,0.0,2025-12-07T00:00:00Z,0022500363,UTA,126.64285714285714,125.07142857142857,True,0.4,0.0,125.8,119.4,-1.5714285714285694,-6.3999999999999915,0,0,101,1_day,1,Utah Jazz,36,12,0.3333,1610612762,-455,364,2025-12-07,,home_away_nba_game_day_local,2026-03-10T03:53:38.250640+00:00,0,2025,-10.0,10.0,238.5,False
SAC,122.4,114.2,True,0.4,117.4,109.6,-8.200000000000003,-7.800000000000011,105,1_day,1,Sacramento Kings,22,7,0.3182,1610612758,-0.25,2025-12-08T00:00:00Z,0022500364,IND,118.42857142857143,115.35714285714286,True,0.15,0.0,112.4,116.2,-3.0714285714285694,3.799999999999997,0,0,116,2_days,2,Indiana Pacers,35,14,0.4,1610612754,146,-165,2025-12-08,,home_away_nba_game_day_local,2026-03-10T03:53:38.250640+00:00,0,2025,3.5,-3.5,235.0,False
PHX,115.46153846153847,115.92307692307692,True,0.15,115.6,113.2,0.4615384615384528,-2.3999999999999915,108,2_days,2,Phoenix Suns,33,12,0.3636,1610612756,0.25,2025-12-08T00:00:00Z,0022500365,MIN,113.0,120.25,True,0.4,0.0,118.2,125.4,7.25,7.200000000000003,0,0,105,1_day,1,Minnesota Timberwolves,42,11,0.2619,1610612750,340,-420,2025-12-08,,home_away_nba_game_day_local,2026-03-10T03:53:38.250640+00:00,0,2025,9.5,-9.5,225.0,False
SAS,115.6923076923077,118.07692307692308,True,0.15,124.4,121.6,2.384615384615387,-2.8000000000000114,135,2_days,2,San Antonio Spurs,36,17,0.4722,1610612759,0.25,2025-12-08T00:00:00Z,0022500366,NOP,125.28571428571429,116.5,True,0.4,0.0,126.0,115.2,-8.785714285714292,-10.799999999999997,0,0,132,1_day,1,New Orleans Pelicans,26,7,0.2692,1610612740,-420,340,2025-12-08,,home_away_nba_game_day_local,2026-03-10T03:53:38.250640+00:00,0,2025,-10.0,10.0,236.5,False
MIA,118.76923076923077,119.76923076923077,True,0.15,122.4,119.8,1.0,-2.6000000000000085,108,2_days,2,Miami Heat,33,8,0.2424,1610612748,0.25,2025-12-09T00:00:00Z,0022501201,ORL,111.73333333333333,117.2,True,0.4,0.0,110.8,111.0,5.466666666666669,0.20000000000000284,0,0,117,1_day,1,Orlando Magic,32,15,0.4688,1610612753,172,-205,2025-12-09,,home_away_nba_game_day_local,2026-03-10T03:53:38.250640+00:00,0,2025,5.5,-5.5,238.5,False
NYK,115.8,116.2,True,0.4,106.6,120.8,0.4000000000000057,14.200000000000003,117,1_day,1,New York Knicks,35,16,0.4571,1610612752,0.0,2025-12-09T00:00:00Z,0022501202,TOR,111.875,114.5,True,0.4,0.0,117.8,106.8,2.625,-11.0,0,0,101,1_day,1,Toronto Raptors,38,11,0.2895,1610612761,-120,102,2025-12-09,,home_away_nba_game_day_local,2026-03-10T03:53:38.250640+00:00,0,2025,-1.5,1.5,238.5,False
PHX,114.71428571428571,115.35714285714286,True,0.4,116.6,112.4,0.642857142857153,-4.199999999999989,89,1_day,1,Phoenix Suns,31,10,0.3226,1610612756,-0.25,2025-12-10T00:00:00Z,0022501203,OKC,105.3076923076923,120.15384615384616,True,0.15,0.0,111.6,126.6,14.846153846153854,15.0,0,0,138,2_days,2,Oklahoma City Thunder,40,22,0.55,1610612760,640,-950,2025-12-10,,home_away_nba_game_day_local,2026-03-10T03:53:38.250640+00:00,0,2025,14.5,-14.5,224.5,False
SAS,116.85714285714286,119.28571428571429,True,0.4,123.6,120.8,2.4285714285714306,-2.799999999999997,132,1_day,1,San Antonio Spurs,38,17,0.4474,1610612759,-0.25,2025-12-10T00:00:00Z,0022501204,LAL,118.07142857142857,118.21428571428571,True,0.15,0.0,120.0,116.2,0.1428571428571388,-3.799999999999997,0,0,119,2_days,2,Los Angeles Lakers,37,16,0.4324,1610612747,136,-162,2025-12-10,,home_away_nba_game_day_local,2026-03-10T03:53:38.250640+00:00,0,2025,3.5,-3.5,235.5,False
LAC,115.125,110.0,False,0.0,112.4,110.4,-5.125,-2.0,113,3_plus_days,4,LA Clippers,38,14,0.3684,1610612746,0.0,2025-12-11T00:00:00Z,0022501205,HOU,110.18181818181819,123.54545454545455,False,0.0,0.0,109.8,120.2,13.36363636363636,10.400000000000006,0,0,115,3_plus_days,4,Houston Rockets,34,12,0.3529,1610612745,,,2025-12-11,,,,0,2025,,,,False
BOS,107.92857142857143,114.14285714285714,False,0.0,110.2,126.6,6.214285714285708,16.39999999999999,101,3_plus_days,3,Boston Celtics,49,14,0.2857,1610612738,0.0,2025-12-11T00:00:00Z,0022501206,MIL,117.4375,117.625,False,0.0,0.0,115.4,113.6,0.1875,-1.8000000000000114,0,0,116,3_plus_days,4,Milwaukee Bucks,29,13,0.4483,1610612749,-270,220,2025-12-11,,home_away_nba_game_day_local,2026-03-10T03:53:38.250640+00:00,0,2025,-7.5,7.5,226.5,False
POR,122.52941176470588,119.0,False,0.0,119.0,113.4,-3.529411764705884,-5.599999999999994,120,3_plus_days,3,Portland Trail Blazers,48,14,0.2917,1610612757,0.15,2025-12-11T00:00:00Z,0022501207,NOP,125.93333333333334,117.53333333333333,True,0.15,0.0,132.2,122.4,-8.400000000000006,-9.799999999999983,0,0,143,2_days,2,New Orleans Pelicans,32,12,0.375,1610612740,-205,172,2025-12-11,,home_away_nba_game_day_local,2026-03-10T03:53:38.250640+00:00,0,2025,-5.5,5.5,237.5,False
DEN,112.8125,120.0625,False,0.0,120.4,127.0,7.25,6.599999999999994,136,3_plus_days,3,Denver Nuggets,29,12,0.4138,1610612743,0.15,2025-12-11T00:00:00Z,0022501208,SAC,121.33333333333333,109.08333333333333,True,0.15,0.0,118.2,110.6,-12.25,-7.6000000000000085,0,0,105,2_days,2,Sacramento Kings,38,11,0.2895,1610612758,-355,285,2025-12-11,,home_away_nba_game_day_local,2026-03-10T03:53:38.250640+00:00,0,2025,-9.0,9.0,239.5,False
CHI,124.07142857142857,119.42857142857143,False,0.0,116.8,104.0,-4.642857142857139,-12.799999999999997,129,3_plus_days,4,Chicago Bulls,28,10,0.3571,1610612741,0.0,2025-12-12T00:00:00Z,0022501209,CHA,117.71428571428571,115.35714285714286,False,0.0,0.0,109.4,108.4,-2.357142857142847,-1.0,0,0,126,3_plus_days,4,Charlotte Hornets,37,16,0.4324,1610612766,102,-120,2025-12-12,,home_away_nba_game_day_local,2026-03-10T03:53:38.250640+00:00,0,2025,1.0,-1.0,236.5,False
ATL,115.88235294117646,120.11764705882354,False,0.0,119.6,119.2,4.235294117647072,-0.3999999999999915,115,3_plus_days,5,Atlanta Hawks,36,11,0.3056,1610612737,0.0,2025-12-12T00:00:00Z,0022501210,DET,111.35714285714286,118.57142857142857,False,0.0,0.0,114.8,118.4,7.214285714285708,3.6000000000000085,0,0,142,3_plus_days,5,Detroit Pistons,29,12,0.4138,1610612765,194,-235,2025-12-12,,home_away_nba_game_day_local,2026-03-10T03:53:38.250640+00:00,0,2025,6.5,-6.5,232.5,False
IND,121.61538461538461,107.84615384615384,False,0.0,116.2,115.6,-13.769230769230774,-0.6000000000000085,105,3_plus_days,3,Indiana Pacers,38,13,0.3421,1610612754,0.0,2025-12-12T00:00:00Z,0022501211,PHI,117.05882352941177,114.17647058823529,False,0.0,0.0,111.0,115.6,-2.882352941176478,4.599999999999994,0,0,115,3_plus_days,4,Philadelphia 76ers,37,12,0.3243,1610612755,190,-230,2025-12-12,,home_away_nba_game_day_local,2026-03-10T03:53:38.250640+00:00,0,2025,6.0,-6.0,227.5,False
CLE,120.83333333333333,121.25,False,0.0,114.8,116.8,0.4166666666666714,2.0,130,3_plus_days,5,Cleveland Cavaliers,53,15,0.283,1610612739,0.0,2025-12-12T00:00:00Z,0022501212,WAS,129.0909090909091,114.27272727272727,False,0.0,0.0,128.6,106.8,-14.818181818181827,-21.799999999999997,0,0,126,3_plus_days,5,Washington Wizards,44,16,0.3636,1610612764,-770,540,2025-12-12,,home_away_nba_game_day_local,2026-03-10T03:53:38.250640+00:00,0,2025,-14.5,14.5,238.5,False
UTA,125.58333333333333,111.91666666666667,False,0.0,128.2,114.0,-13.666666666666657,-14.199999999999989,130,3_plus_days,4,Utah Jazz,47,17,0.3617,1610612762,0.0,2025-12-12T00:00:00Z,0022501213,MEM,115.33333333333333,114.93333333333334,False,0.0,0.0,106.8,114.4,-0.3999999999999915,7.6000000000000085,0,0,126,3_plus_days,4,Memphis Grizzlies,41,19,0.4634,1610612763,210,-255,2025-12-12,,home_away_nba_game_day_local,2026-03-10T03:53:38.250640+00:00,0,2025,6.5,-6.5,233.5,False
BKN,116.15384615384616,109.92307692307692,False,0.0,109.2,111.4,-6.230769230769241,2.200000000000003,111,3_plus_days,5,Brooklyn Nets,39,17,0.4359,1610612751,0.0,2025-12-12T00:00:00Z,0022501214,DAL,114.05882352941177,112.82352941176471,False,0.0,0.0,116.0,119.2,-1.235294117647058,3.200000000000003,0,0,119,3_plus_days,5,Dallas Mavericks,30,10,0.3333,1610612742,215,-260,2025-12-12,,home_away_nba_game_day_local,2026-03-10T03:53:38.250640+00:00,0,2025,7.5,-7.5,225.5,False
MIN,118.3125,119.25,False,0.0,116.8,122.6,0.9375,5.799999999999997,127,3_plus_days,3,Minnesota Timberwolves,31,11,0.3548,1610612750,0.0,2025-12-12T00:00:00Z,0022501215,GSW,109.07692307692308,116.46153846153847,False,0.0,0.0,100.8,107.2,7.384615384615387,6.400000000000006,0,0,120,3_plus_days,4,Golden State Warriors,46,15,0.3261,1610612744,102,-120,2025-12-12,,home_away_nba_game_day_local,2026-03-10T03:53:38.250640+00:00,0,2025,1.5,-1.5,224.5,False
NYK,114.45454545454545,116.27272727272727,False,0.0,108.0,121.0,1.818181818181813,13.0,132,3_plus_days,3,New York Knicks,20,7,0.35,1610612752,0.0,2025-12-13T00:00:00Z,0022501229,ORL,111.5,117.1875,False,0.0,0.0,110.6,112.0,5.6875,1.4000000000000057,0,0,120,3_plus_days,3,Orlando Magic,42,13,0.3095,1610612753,-180,152,2025-12-13,,home_away_nba_game_day_local,2026-03-10T03:53:38.250640+00:00,0,2025,-4.0,4.0,223.5,False
SAS,117.0,120.13333333333334,True,0.15,122.4,124.8,3.13333333333334,2.3999999999999915,111,2_days,2,San Antonio Spurs,42,13,0.3095,1610612759,0.0,2025-12-13T00:00:00Z,0022501230,OKC,104.14285714285714,121.42857142857143,True,0.15,0.0,105.6,129.6,17.285714285714292,24.0,0,0,109,2_days,2,Oklahoma City Thunder,37,9,0.2432,1610612760,350,-450,2025-12-13,,home_away_nba_game_day_local,2026-03-10T03:53:38.250640+00:00,0,2025,10.0,-10.0,225.5,False
WAS,124.07142857142857,110.42857142857143,True,0.4,130.8,114.8,-13.642857142857139,-16.000000000000014,108,1_day,1,Washington Wizards,28,10,0.3571,1610612764,0.0,2025-12-14T00:00:00Z,0022501216,IND,117.53333333333333,115.4,True,0.4,0.0,119.0,116.0,-2.1333333333333258,-3.0,0,0,89,1_day,1,Indiana Pacers,39,10,0.2564,1610612754,290,-360,2025-12-14,,home_away_nba_game_day_local,2026-03-10T03:53:38.250640+00:00,0,2025,10.0,-10.0,233.5,False
PHI,113.1,116.0,True,0.4,103.6,111.8,2.9000000000000057,8.200000000000003,117,1_day,1,Philadelphia 76ers,41,17,0.4146,1610612755,0.0,2025-12-14T00:00:00Z,0022501217,ATL,119.25,114.83333333333333,True,0.4,0.0,121.2,113.8,-4.416666666666671,-7.400000000000006,0,0,120,1_day,1,Atlanta Hawks,33,17,0.5152,1610612737,136,-162,2025-12-14,,home_away_nba_game_day_local,2026-03-10T03:53:38.250640+00:00,0,2025,3.5,-3.5,233.5,False
CHA,119.53333333333333,115.26666666666667,True,0.75,113.0,110.0,-4.266666666666666,-3.0,119,1_day,1,Charlotte Hornets,44,17,0.3864,1610612766,0.0,2025-12-14T00:00:00Z,0022501218,CLE,112.3529411764706,115.47058823529412,True,0.75,0.0,116.6,119.8,3.117647058823522,3.200000000000003,0,0,111,1_day,1,Cleveland Cavaliers,38,12,0.3158,1610612739,370,-480,2025-12-14,,home_away_nba_game_day_local,2026-03-10T03:53:38.250640+00:00,5,2025,11.5,-11.5,234.5,True
MIL,116.23076923076923,111.84615384615384,True,0.15,115.8,113.6,-4.384615384615387,-2.200000000000003,82,2_days,2,Milwaukee Bucks,35,8,0.2286,1610612749,0.25,2025-12-14T00:00:00Z,0022501219,BKN,118.92307692307692,110.76923076923077,True,0.4,0.0,109.8,113.8,-8.153846153846146,4.0,0,0,127,1_day,1,Brooklyn Nets,43,19,0.4419,1610612751,-126,108,2025-12-14,,home_away_nba_game_day_local,2026-03-10T03:53:38.250640+00:00,0,2025,-1.5,1.5,217.5,False
SAC,122.0,113.625,True,0.15,119.8,107.8,-8.375,-12.0,103,2_days,2,Sacramento Kings,23,10,0.4348,1610612758,0.25,2025-12-14T00:00:00Z,0022501220,MIN,112.61538461538461,119.07692307692308,True,0.4,0.0,118.4,123.0,6.461538461538467,4.599999999999994,0,0,117,1_day,1,Minnesota Timberwolves,37,12,0.3243,1610612750,410,-550,2025-12-14,,home_away_nba_game_day_local,2026-03-10T03:53:38.250640+00:00,0,2025,12.5,-12.5,230.5,False
GSW,114.3529411764706,111.76470588235294,True,0.4,107.0,110.4,-2.588235294117652,3.4000000000000057,131,1_day,1,Golden State Warriors,47,24,0.5106,1610612744,-0.25,2025-12-14T00:00:00Z,0022501221,POR,119.45454545454545,116.45454545454545,True,0.15,0.0,123.0,114.4,-3.0,-8.599999999999994,0,0,136,2_days,2,Portland Trail Blazers,39,20,0.5128,1610612757,-215,180,2025-12-14,,home_away_nba_game_day_local,2026-03-10T03:53:38.250640+00:00,0,2025,-5.5,5.5,236.5,False
NOP,122.08333333333333,109.66666666666667,True,0.15,129.6,126.8,-12.416666666666657,-2.799999999999997,114,2_days,2,New Orleans Pelicans,33,8,0.2424,1610612740,0.25,2025-12-14T00:00:00Z,0022501223,CHI,120.14285714285714,116.21428571428571,True,0.4,0.0,121.4,109.6,-3.9285714285714306,-11.800000000000011,0,0,104,1_day,1,Chicago Bulls,49,13,0.2653,1610612741,158,-188,2025-12-14,,home_away_nba_game_day_local,2026-03-10T03:53:38.250640+00:00,0,2025,4.5,-4.5,243.5,False
LAL,113.26666666666667,112.66666666666667,False,0.0,122.2,113.4,-0.5999999999999943,-8.799999999999997,116,3_plus_days,3,Los Angeles Lakers,37,7,0.1892,1610612747,0.0,2025-12-14T00:00:00Z,0022501228,PHX,110.0,115.92857142857143,False,0.0,0.0,119.6,106.4,5.928571428571431,-13.199999999999989,0,0,114,3_plus_days,3,Phoenix Suns,37,13,0.3514,1610612756,-130,110,2025-12-14,,home_away_nba_game_day_local,2026-03-10T03:53:38.250640+00:00,0,2025,-2.0,2.0,227.5,False
DET,114.57142857142857,117.64285714285714,True,0.15,110.8,119.2,3.0714285714285694,8.400000000000006,112,2_days,2,Detroit Pistons,36,13,0.3611,1610612765,-0.15,2025-12-15T00:00:00Z,0022501222,BOS,112.0,120.71428571428571,False,0.0,0.0,110.4,123.4,8.714285714285708,13.0,0,0,105,3_plus_days,3,Boston Celtics,39,10,0.2564,1610612738,105,-121,2025-12-15,,home_away_nba_game_day_local,2026-03-10T03:53:38.250640+00:00,0,2025,1.5,-1.5,229.5,False
DAL,114.0,111.25,True,0.5,116.2,120.2,-2.75,4.0,133,2_days,2,Dallas Mavericks,27,9,0.3333,1610612742,0.0,2025-12-15T00:00:00Z,0022501224,UTA,126.93333333333334,123.46666666666667,True,0.5,0.0,127.6,119.8,-3.4666666666666686,-7.799999999999997,0,0,140,2_days,2,Utah Jazz,36,13,0.3611,1610612762,-123,107,2025-12-15,,home_away_nba_game_day_local,2026-03-10T03:53:38.250640+00:00,5,2025,-1.5,1.5,238.0,True
HOU,113.35714285714286,121.78571428571429,True,0.35,112.2,117.4,8.42857142857143,5.200000000000003,125,3_plus_days,3,Houston Rockets,25,12,0.48,1610612745,0.0,2025-12-15T00:00:00Z,0022501225,DEN,117.5,125.0,True,0.35,0.0,119.0,128.2,7.5,9.199999999999989,0,0,128,3_plus_days,3,Denver Nuggets,34,15,0.4412,1610612743,102,-120,2025-12-15,,home_away_nba_game_day_local,2026-03-10T03:53:38.250640+00:00,5,2025,0.0,0.0,234.5,True
MEM,119.85714285714286,113.57142857142857,True,0.15,111.4,117.2,-6.285714285714292,5.799999999999997,121,2_days,2,Memphis Grizzlies,39,16,0.4103,1610612763,-0.15,2025-12-15T00:00:00Z,0022501226,LAC,114.18181818181819,111.54545454545455,False,0.0,0.0,112.6,111.0,-2.6363636363636402,-1.5999999999999943,0,0,103,3_plus_days,3,LA Clippers,36,13,0.3611,1610612746,,,2025-12-15,,,,0,2025,,,,False
TOR,115.26666666666667,117.46666666666667,False,0.0,118.0,108.2,2.200000000000003,-9.799999999999997,106,3_plus_days,5,Toronto Raptors,40,16,0.4,1610612761,0.0,2025-12-15T00:00:00Z,0022501227,MIA,118.52941176470588,120.17647058823529,False,0.0,0.0,118.2,114.4,1.647058823529406,-3.799999999999997,0,0,96,3_plus_days,5,Miami Heat,31,9,0.2903,1610612748,200,-235,2025-12-15,,home_away_nba_game_day_local,2026-03-10T03:53:38.250640+00:00,0,2025,6.0,-6.0,237.5,False
SAS,116.5,119.5625,True,0.15,120.4,121.8,3.0625,1.3999999999999915,113,2_days,2,San Antonio Spurs,39,14,0.359,1610612759,0.0,2025-12-16T00:00:00Z,0062500001,NYK,107.66666666666667,119.0,True,0.15,0.0,107.4,124.0,11.333333333333329,16.599999999999994,0,0,124,2_days,2,New York Knicks,40,15,0.375,1610612752,108,-126,2025-12-16,,home_away_nba_game_day_local,2026-03-10T03:53:38.250640+00:00,0,2025,2.5,-2.5,227.5,False
CLE,121.23076923076923,121.92307692307692,True,0.15,116.6,115.0,0.6923076923076934,-1.5999999999999943,111,2_days,2,Cleveland Cavaliers,39,12,0.3077,1610612739,0.0,2025-12-17T00:00:00Z,0022500367,CHI,119.73333333333333,115.4,True,0.15,0.0,119.2,106.4,-4.333333333333329,-12.799999999999997,0,0,127,2_days,2,Chicago Bulls,36,14,0.3889,1610612741,-196,164,2025-12-17,,home_away_nba_game_day_local,2026-03-10T03:53:38.250640+00:00,0,2025,-5.0,5.0,240.5,False
MEM,118.73333333333333,114.06666666666666,True,0.4,110.6,118.4,-4.666666666666671,7.800000000000011,116,1_day,1,Memphis Grizzlies,34,11,0.3235,1610612763,-0.25,2025-12-17T00:00:00Z,0022500368,MIN,111.92857142857143,118.92857142857143,True,0.15,0.0,110.6,116.6,7.0,6.0,0,0,110,2_days,2,Minnesota Timberwolves,44,13,0.2955,1610612750,215,-260,2025-12-17,,home_away_nba_game_day_local,2026-03-10T03:53:38.250640+00:00,0,2025,7.5,-7.5,236.5,False
LAC,115.11764705882354,110.17647058823529,True,0.15,108.8,107.0,-4.941176470588246,-1.7999999999999972,101,2_days,2,LA Clippers,32,10,0.3125,1610612746,-0.15,2025-12-18T00:00:00Z,0022500369,OKC,104.6,120.6,False,0.0,0.0,104.8,126.8,16.0,22.0,0,0,122,3_plus_days,4,Oklahoma City Thunder,36,13,0.3611,1610612760,,,2025-12-18,,,,0,2025,,,,False
WAS,121.73333333333333,110.26666666666667,False,0.0,123.4,110.6,-11.466666666666669,-12.800000000000011,94,3_plus_days,3,Washington Wizards,36,9,0.25,1610612764,0.4,2025-12-18T00:00:00Z,0022500370,SAS,112.61538461538461,121.76923076923077,True,0.4,0.0,122.8,121.6,9.15384615384616,-1.2000000000000028,0,0,119,1_day,1,San Antonio Spurs,42,15,0.3571,1610612759,657,-931,2025-12-18,,home_away_nba_game_day_local,2026-03-10T03:53:38.250640+00:00,0,2025,14.0,-14.0,240.5,False
ATL,117.33333333333333,119.83333333333333,False,0.0,124.8,118.2,2.5,-6.599999999999994,126,3_plus_days,3,Atlanta Hawks,37,11,0.2973,1610612737,0.0,2025-12-18T00:00:00Z,0022500371,CHA,118.46666666666667,116.06666666666666,False,0.0,0.0,112.0,113.2,-2.4000000000000057,1.2000000000000028,0,0,133,3_plus_days,3,Charlotte Hornets,49,24,0.4898,1610612766,-186,156,2025-12-18,,home_away_nba_game_day_local,2026-03-10T03:53:38.250640+00:00,0,2025,-4.5,4.5,231.5,False
NYK,114.91666666666667,117.58333333333333,True,0.4,109.2,125.0,2.666666666666657,15.799999999999997,114,1_day,1,New York Knicks,43,17,0.3953,1610612752,-0.4,2025-12-18T00:00:00Z,0022500372,IND,116.9375,113.75,False,0.0,0.0,113.6,110.0,-3.1875,-3.5999999999999943,0,0,113,3_plus_days,3,Indiana Pacers,34,11,0.3235,1610612754,-180,158,2025-12-18,,home_away_nba_game_day_local,2026-03-10T03:53:38.250640+00:00,0,2025,-4.5,4.5,225.0,False
MIA,118.64285714285714,118.92857142857143,True,0.15,114.8,105.6,0.2857142857142918,-9.200000000000003,106,2_days,2,Miami Heat,28,9,0.3214,1610612748,-0.15,2025-12-18T00:00:00Z,0022500373,BKN,116.28571428571429,111.92857142857143,False,0.0,0.0,105.6,116.0,-4.357142857142861,10.400000000000006,0,0,95,3_plus_days,3,Brooklyn Nets,49,11,0.2245,1610612751,-295,240,2025-12-18,,home_away_nba_game_day_local,2026-03-10T03:53:38.250640+00:00,0,2025,-7.5,7.5,226.5,False
TOR,114.0625,116.75,True,0.15,113.6,105.2,2.6875,-8.399999999999991,111,2_days,2,Toronto Raptors,35,13,0.3714,1610612761,-0.15,2025-12-18T00:00:00Z,0022500374,MIL,116.47058823529412,117.52941176470588,False,0.0,0.0,115.4,104.8,1.058823529411768,-10.600000000000009,0,0,105,3_plus_days,3,Milwaukee Bucks,37,15,0.4054,1610612749,-194,162,2025-12-18,,home_away_nba_game_day_local,2026-03-10T03:53:38.250640+00:00,0,2025,-4.5,4.5,219.5,False
HOU,114.33333333333333,122.0,True,0.5,111.2,117.4,7.666666666666671,6.200000000000003,128,2_days,2,Houston Rockets,32,10,0.3125,1610612745,-0.15,2025-12-18T00:00:00Z,0022500375,NOP,125.5625,119.125,True,0.35,0.0,120.6,121.2,-6.4375,0.6000000000000085,0,0,133,3_plus_days,3,New Orleans Pelicans,27,11,0.4074,1610612740,-500,385,2025-12-18,,home_away_nba_game_day_local,2026-03-10T03:53:38.250640+00:00,5,2025,-10.5,10.5,235.5,True
DET,113.93333333333334,117.26666666666667,True,0.5,112.2,121.8,3.3333333333333286,9.599999999999994,114,2_days,2,Detroit Pistons,33,6,0.1818,1610612765,0.0,2025-12-18T00:00:00Z,0022500376,DAL,113.88888888888889,113.16666666666667,True,0.5,0.0,120.0,120.6,-0.7222222222222143,0.5999999999999943,0,0,116,2_days,2,Dallas Mavericks,27,5,0.1852,1610612742,-225,190,2025-12-18,,home_away_nba_game_day_local,2026-03-10T03:53:38.250640+00:00,5,2025,-5.5,5.5,231.5,True
ORL,115.0,121.23076923076923,False,0.0,113.0,111.0,6.230769230769226,-2.0,115,3_plus_days,4,Orlando Magic,33,11,0.3333,1610612753,0.15,2025-12-18T00:00:00Z,0022500377,DEN,118.07692307692308,125.23076923076923,True,0.15,0.0,117.8,129.6,7.153846153846146,11.799999999999997,0,0,126,2_days,2,Denver Nuggets,36,16,0.4444,1610612743,230,-280,2025-12-18,,home_away_nba_game_day_local,2026-03-10T03:53:38.250640+00:00,0,2025,7.5,-7.5,232.5,False
GSW,115.55555555555556,112.83333333333333,False,0.0,109.4,114.2,-2.7222222222222285,4.799999999999997,98,3_plus_days,3,Golden State Warriors,42,12,0.2857,1610612744,0.0,2025-12-18T00:00:00Z,0022500378,PHX,110.4,115.8,False,0.0,0.0,116.8,106.8,5.3999999999999915,-10.0,0,0,99,3_plus_days,3,Phoenix Suns,35,10,0.2857,1610612756,-122,104,2025-12-18,,home_away_nba_game_day_local,2026-03-10T03:53:38.250640+00:00,0,2025,-1.5,1.5,229.5,False
LAL,113.3125,112.875,False,0.0,120.0,115.0,-0.4375,-5.0,143,3_plus_days,3,Los Angeles Lakers,39,13,0.3333,1610612747,0.15,2025-12-18T00:00:00Z,0022500379,UTA,127.3125,124.5,True,0.15,0.0,129.2,121.2,-2.8125,-7.999999999999986,0,0,135,2_days,2,Utah Jazz,37,18,0.4865,1610612762,-245,200,2025-12-18,,home_away_nba_game_day_local,2026-03-10T03:53:38.250640+00:00,0,2025,-6.5,6.5,242.5,False
SAC,121.70588235294117,113.0,True,0.35,120.2,107.0,-8.705882352941174,-13.200000000000003,133,3_plus_days,3,Sacramento Kings,19,6,0.3158,1610612758,0.0,2025-12-18T00:00:00Z,0022500380,POR,120.41666666666667,118.08333333333333,True,0.35,0.0,125.0,118.0,-2.333333333333343,-7.0,0,0,134,3_plus_days,3,Portland Trail Blazers,45,15,0.3333,1610612757,235,-290,2025-12-18,,home_away_nba_game_day_local,2026-03-10T03:53:38.250640+00:00,5,2025,7.5,-7.5,236.5,True
MIA,117.06666666666666,118.06666666666666,True,1.6,110.2,105.2,1.0,-5.0,116,b2b,0,Miami Heat,49,19,0.3878,1610612748,-1.6,2025-12-19T00:00:00Z,0022500381,BOS,112.0,119.66666666666667,False,0.0,0.0,109.4,119.8,7.666666666666671,10.399999999999991,0,0,129,3_plus_days,3,Boston Celtics,43,21,0.4884,1610612738,222,-263,2025-12-19,,home_away_nba_game_day_local,2026-03-10T03:53:38.250640+00:00,0,2025,6.5,-6.5,233.0,False
PHI,113.72727272727273,116.0909090909091,False,0.0,107.2,111.0,2.3636363636363598,3.799999999999997,116,3_plus_days,4,Philadelphia 76ers,41,17,0.4146,1610612755,1.6,2025-12-19T00:00:00Z,0022500382,NYK,107.94736842105263,119.26315789473684,True,1.6,0.0,109.4,118.6,11.315789473684205,9.199999999999989,0,0,107,b2b,0,New York Knicks,32,8,0.25,1610612752,171,-195,2025-12-19,,home_away_nba_game_day_local,2026-03-10T03:53:38.250640+00:00,0,2025,5.0,-5.0,228.0,False
SAS,116.94117647058823,119.17647058823529,True,1.6,115.6,122.0,2.235294117647058,6.400000000000006,126,b2b,0,San Antonio Spurs,36,13,0.3611,1610612759,0.0,2025-12-19T00:00:00Z,0022500383,ATL,119.07692307692308,115.23076923076923,True,1.6,0.0,128.4,125.0,-3.846153846153854,-3.4000000000000057,0,0,98,b2b,0,Atlanta Hawks,40,10,0.25,1610612737,-134,118,2025-12-19,,home_away_nba_game_day_local,2026-03-10T03:53:38.250640+00:00,0,2025,-2.0,2.0,241.0,False
CHI,124.2,120.06666666666666,True,0.4,118.8,111.2,-4.13333333333334,-7.599999999999994,136,1_day,1,Chicago Bulls,47,18,0.383,1610612741,0.0,2025-12-19T00:00:00Z,0022500384,CLE,112.72222222222223,115.22222222222223,True,0.4,0.0,117.6,115.2,2.5,-2.3999999999999915,0,0,125,1_day,1,Cleveland Cavaliers,39,14,0.359,1610612739,237,-282,2025-12-19,,home_away_nba_game_day_local,2026-03-10T03:53:38.250640+00:00,0,2025,7.5,-7.5,240.5,False
OKC,108.88235294117646,120.47058823529412,True,1.6,102.6,126.4,11.588235294117652,23.80000000000001,107,b2b,0,Oklahoma City Thunder,39,11,0.2821,1610612760,-1.2,2025-12-19T00:00:00Z,0022500385,MIN,112.2,118.33333333333333,True,0.4,0.0,110.6,113.6,6.133333333333326,3.0,0,0,112,1_day,1,Minnesota Timberwolves,37,13,0.3514,1610612750,-327,271,2025-12-19,,home_away_nba_game_day_local,2026-03-10T03:53:38.250640+00:00,0,2025,-8.0,8.0,230.5,False
HOU,115.5,122.375,True,0.4,118.8,118.8,6.875,0.0,115,1_day,1,Houston Rockets,35,19,0.5429,1610612745,0.0,2025-12-20T00:00:00Z,0022500386,DEN,117.85714285714286,125.28571428571429,True,0.4,0.0,116.8,127.8,7.428571428571431,11.0,0,0,101,1_day,1,Denver Nuggets,29,8,0.2759,1610612743,-103,-113,2025-12-20,,home_away_nba_game_day_local,2026-03-10T03:53:38.250640+00:00,0,2025,1.0,-1.0,237.0,False
DAL,116.0,112.92307692307692,True,0.4,121.2,120.2,-3.07692307692308,-1.0,114,1_day,1,Dallas Mavericks,18,3,0.1667,1610612742,1.2,2025-12-20T00:00:00Z,0022500387,PHI,116.38888888888889,114.22222222222223,True,1.6,0.0,109.0,114.4,-2.166666666666657,5.400000000000006,0,0,121,b2b,0,Philadelphia 76ers,40,12,0.3,1610612755,125,-142,2025-12-20,,home_away_nba_game_day_local,2026-03-10T03:53:38.250640+00:00,0,2025,2.5,-2.5,227.5,False
BOS,108.46666666666667,113.26666666666667,True,1.6,112.4,116.4,4.799999999999997,4.0,112,b2b,0,Boston Celtics,39,12,0.3077,1610612738,-1.2,2025-12-20T00:00:00Z,0022500388,TOR,112.17647058823529,113.70588235294117,True,0.4,0.0,110.0,103.4,1.529411764705884,-6.599999999999994,0,0,96,1_day,1,Toronto Raptors,47,16,0.3404,1610612761,-118,102,2025-12-20,,home_away_nba_game_day_local,2026-03-10T03:53:38.250640+00:00,0,2025,-1.5,1.5,224.5,False
IND,121.14285714285714,107.64285714285714,True,0.4,109.4,108.6,-13.5,-0.8000000000000114,109,1_day,1,Indiana Pacers,42,8,0.1905,1610612754,0.0,2025-12-20T00:00:00Z,0022500389,NOP,125.70588235294117,119.94117647058823,True,0.4,0.0,121.2,124.6,-5.764705882352942,3.3999999999999915,0,0,128,1_day,1,New Orleans Pelicans,27,9,0.3333,1610612740,132,-149,2025-12-20,,home_away_nba_game_day_local,2026-03-10T03:53:38.250640+00:00,0,2025,3.5,-3.5,237.0,False
CHA,119.0,115.5,True,0.4,113.4,119.0,-3.5,5.599999999999994,86,1_day,1,Charlotte Hornets,41,13,0.3171,1610612766,0.0,2025-12-20T00:00:00Z,0022500390,DET,111.6,120.13333333333334,True,0.4,0.0,112.8,122.8,8.533333333333346,10.0,0,0,112,1_day,1,Detroit Pistons,28,6,0.2143,1610612765,404,-513,2025-12-20,,home_away_nba_game_day_local,2026-03-10T03:53:38.250640+00:00,0,2025,10.5,-10.5,233.5,False
WAS,121.5625,109.25,True,0.4,123.0,109.0,-12.3125,-14.0,130,1_day,1,Washington Wizards,44,17,0.3864,1610612764,-0.25,2025-12-20T00:00:00Z,0022500391,MEM,116.25,115.625,True,0.15,0.0,107.4,117.8,-0.625,10.399999999999991,0,0,122,2_days,2,Memphis Grizzlies,44,16,0.3636,1610612763,505,-669,2025-12-20,,home_away_nba_game_day_local,2026-03-10T03:53:38.250640+00:00,0,2025,12.0,-12.0,232.5,False
PHX,116.26666666666667,113.6,True,0.4,114.8,101.6,-2.6666666666666714,-13.200000000000003,116,1_day,1,Phoenix Suns,35,12,0.3429,1610612756,0.0,2025-12-20T00:00:00Z,0022500392,GSW,110.35714285714286,116.71428571428571,True,0.4,0.0,109.4,114.2,6.357142857142847,4.799999999999997,0,0,119,1_day,1,Golden State Warriors,49,17,0.3469,1610612744,206,-243,2025-12-20,,home_away_nba_game_day_local,2026-03-10T03:53:38.250640+00:00,0,2025,6.0,-6.0,226.5,False
ORL,115.78571428571429,120.78571428571429,True,0.75,115.4,111.6,5.0,-3.8000000000000114,128,1_day,1,Orlando Magic,37,11,0.2973,1610612753,0.0,2025-12-20T00:00:00Z,0022500393,UTA,128.23529411764707,125.11764705882354,True,0.75,0.0,135.8,123.6,-3.117647058823536,-12.200000000000017,0,0,127,1_day,1,Utah Jazz,43,15,0.3488,1610612762,-287,241,2025-12-20,,home_away_nba_game_day_local,2026-03-10T03:53:38.250640+00:00,5,2025,-7.5,7.5,239.5,True
POR,123.66666666666667,119.05555555555556,True,0.4,129.6,120.4,-4.611111111111114,-9.199999999999989,98,1_day,1,Portland Trail Blazers,32,11,0.3438,1610612757,0.0,2025-12-20T00:00:00Z,0022500394,SAC,122.46153846153847,108.76923076923077,True,0.4,0.0,122.8,114.6,-13.692307692307693,-8.200000000000003,0,0,93,1_day,1,Sacramento Kings,31,6,0.1935,1610612758,-180,158,2025-12-20,,home_away_nba_game_day_local,2026-03-10T03:53:38.250640+00:00,0,2025,-5.0,5.0,239.0,False
LAL,114.58823529411765,114.6470588235294,True,0.4,123.0,119.0,0.05882352941175384,-4.0,88,1_day,1,Los Angeles Lakers,38,6,0.1579,1610612747,0.0,2025-12-20T00:00:00Z,0022500395,LAC,114.75,110.83333333333333,True,0.4,0.0,114.8,104.2,-3.9166666666666714,-10.599999999999994,0,0,103,1_day,1,LA Clippers,43,16,0.3721,1610612746,,,2025-12-20,,,,0,2025,,,,False
CHI,124.25,121.0625,True,0.4,119.8,117.4,-3.1875,-2.3999999999999915,152,1_day,1,Chicago Bulls,42,20,0.4762,1610612741,0.0,2025-12-21T00:00:00Z,0022500396,ATL,119.57142857142857,114.0,True,0.4,0.0,126.8,118.0,-5.571428571428569,-8.799999999999997,0,0,150,1_day,1,Atlanta Hawks,47,23,0.4894,1610612737,143,-162,2025-12-21,,home_away_nba_game_day_local,2026-03-10T03:53:38.250640+00:00,0,2025,4.5,-4.5,247.0,False
TOR,113.52941176470588,116.41176470588235,True,1.6,110.2,105.4,2.882352941176464,-4.799999999999997,81,b2b,0,Toronto Raptors,36,10,0.2778,1610612761,-1.45,2025-12-21T00:00:00Z,0022500397,BKN,115.6,110.8,True,0.15,0.0,106.2,112.4,-4.799999999999997,6.200000000000003,0,0,96,2_days,2,Brooklyn Nets,35,14,0.4,1610612751,-163,144,2025-12-21,,home_away_nba_game_day_local,2026-03-10T03:53:38.250640+00:00,0,2025,-3.5,3.5,219.0,False
MIA,117.8125,117.9375,True,0.4,114.8,107.4,0.125,-7.3999999999999915,125,1_day,1,Miami Heat,35,17,0.4857,1610612748,0.0,2025-12-21T00:00:00Z,0022500398,NYK,108.35,118.65,True,0.4,0.0,112.6,118.8,10.300000000000011,6.200000000000003,0,0,132,1_day,1,New York Knicks,38,20,0.5263,1610612752,274,-331,2025-12-21,,home_away_nba_game_day_local,2026-03-10T03:53:38.250640+00:00,0,2025,8.0,-8.0,236.0,False
SAS,115.88888888888889,119.55555555555556,True,0.4,108.8,120.2,3.6666666666666714,11.400000000000006,124,1_day,1,San Antonio Spurs,41,13,0.3171,1610612759,1.2,2025-12-21T00:00:00Z,0022500399,WAS,129.16666666666666,115.25,True,1.6,0.0,118.2,114.8,-13.916666666666657,-3.4000000000000057,0,0,113,b2b,0,Washington Wizards,45,11,0.2444,1610612764,-1270,826,2025-12-21,,home_away_nba_game_day_local,2026-03-10T03:53:38.250640+00:00,0,2025,-15.5,15.5,238.5,False
MIL,117.0,109.71428571428571,True,0.15,115.8,103.2,-7.285714285714292,-12.599999999999994,100,2_days,2,Milwaukee Bucks,45,13,0.2889,1610612749,0.25,2025-12-21T00:00:00Z,0022500400,MIN,111.875,117.9375,True,0.4,0.0,110.8,114.2,6.0625,3.4000000000000057,0,0,103,1_day,1,Minnesota Timberwolves,45,14,0.3111,1610612750,487,-640,2025-12-21,,home_away_nba_game_day_local,2026-03-10T03:53:38.250640+00:00,0,2025,12.0,-12.0,225.0,False
HOU,114.6470588235294,121.94117647058823,True,1.95,119.4,118.4,7.294117647058826,-1.0,124,b2b,0,Houston Rockets,38,16,0.4211,1610612745,0.0,2025-12-21T00:00:00Z,0022500401,SAC,120.71428571428571,107.64285714285714,True,1.95,0.0,120.2,107.8,-13.07142857142857,-12.400000000000006,0,0,125,b2b,0,Sacramento Kings,32,12,0.375,1610612758,-640,487,2025-12-21,,home_away_nba_game_day_local,2026-03-10T03:53:38.250640+00:00,5,2025,-12.0,12.0,225.0,True
CHA,118.58823529411765,113.76470588235294,True,0.4,118.6,114.0,-4.82352941176471,-4.599999999999994,132,1_day,1,Charlotte Hornets,42,21,0.5,1610612766,-0.25,2025-12-22T00:00:00Z,0022500402,CLE,113.94736842105263,115.73684210526316,True,0.15,0.0,121.4,114.2,1.7894736842105345,-7.200000000000003,0,0,139,2_days,2,Cleveland Cavaliers,44,24,0.5455,1610612739,308,-376,2025-12-22,,home_away_nba_game_day_local,2026-03-10T03:53:38.250640+00:00,0,2025,9.0,-9.0,238.5,False
IND,121.6,107.73333333333333,True,0.4,114.0,106.4,-13.86666666666666,-7.599999999999994,95,1_day,1,Indiana Pacers,40,13,0.325,1610612754,0.0,2025-12-22T00:00:00Z,0022500403,BOS,112.25,120.25,True,0.4,0.0,110.6,113.6,8.0,3.0,0,0,103,1_day,1,Boston Celtics,37,11,0.2973,1610612738,367,-459,2025-12-22,,home_away_nba_game_day_local,2026-03-10T03:53:38.250640+00:00,0,2025,10.0,-10.0,224.5,False
DAL,116.35714285714286,113.0,True,0.4,119.0,120.8,-3.357142857142861,1.7999999999999972,113,1_day,1,Dallas Mavericks,33,10,0.303,1610612742,0.0,2025-12-22T00:00:00Z,0022500404,NOP,124.77777777777777,120.38888888888889,True,0.4,0.0,119.2,130.0,-4.388888888888886,10.799999999999997,0,0,119,1_day,1,New Orleans Pelicans,34,8,0.2353,1610612740,-110,-106,2025-12-22,,home_away_nba_game_day_local,2026-03-10T03:53:38.250640+00:00,0,2025,0.0,0.0,238.5,False
UTA,125.61538461538461,113.3076923076923,True,0.4,132.2,126.6,-12.307692307692307,-5.599999999999994,112,1_day,1,Utah Jazz,41,14,0.3415,1610612762,0.0,2025-12-22T00:00:00Z,0022500405,DEN,117.66666666666667,123.66666666666667,True,0.4,0.0,113.2,121.2,6.0,8.0,0,0,135,1_day,1,Denver Nuggets,46,24,0.5217,1610612743,564,-765,2025-12-22,,home_away_nba_game_day_local,2026-03-10T03:53:38.250640+00:00,0,2025,13.0,-13.0,247.5,False
MEM,118.1875,114.1875,True,0.4,113.8,120.8,-4.0,7.0,103,1_day,1,Memphis Grizzlies,41,18,0.439,1610612763,-0.25,2025-12-22T00:00:00Z,0022500406,OKC,104.375,120.6875,True,0.15,0.0,102.8,121.4,16.3125,18.60000000000001,0,0,119,2_days,2,Oklahoma City Thunder,39,15,0.3846,1610612760,826,-1270,2025-12-22,,home_away_nba_game_day_local,2026-03-10T03:53:38.250640+00:00,0,2025,16.5,-16.5,228.5,False
ORL,116.53333333333333,121.26666666666667,True,0.4,119.8,116.0,4.733333333333334,-3.799999999999997,97,1_day,1,Orlando Magic,27,7,0.2593,1610612753,0.0,2025-12-22T00:00:00Z,0022500407,GSW,110.73333333333333,116.86666666666666,True,0.4,0.0,113.8,118.2,6.133333333333326,4.400000000000006,0,0,120,1_day,1,Golden State Warriors,37,11,0.2973,1610612744,182,-209,2025-12-22,,home_away_nba_game_day_local,2026-03-10T03:53:38.250640+00:00,0,2025,5.5,-5.5,228.0,False
DET,114.0625,117.0625,True,0.4,106.8,120.8,3.0,14.0,110,1_day,1,Detroit Pistons,30,7,0.2333,1610612765,0.0,2025-12-22T00:00:00Z,0022500408,POR,121.38461538461539,119.3076923076923,True,0.4,0.0,123.8,116.8,-2.07692307692308,-7.0,0,0,102,1_day,1,Portland Trail Blazers,32,7,0.2188,1610612757,-238,202,2025-12-22,,home_away_nba_game_day_local,2026-03-10T03:53:38.250640+00:00,0,2025,-6.0,6.0,234.0,False
WAS,121.58823529411765,110.47058823529412,True,0.4,116.8,114.2,-11.117647058823536,-2.5999999999999943,109,1_day,1,Washington Wizards,35,10,0.2857,1610612764,1.2,2025-12-23T00:00:00Z,0022500409,CHA,118.9375,117.125,True,1.6,0.0,123.4,119.2,-1.8125,-4.200000000000003,0,0,126,b2b,0,Charlotte Hornets,50,20,0.4,1610612766,188,-219,2025-12-23,,home_away_nba_game_day_local,2026-03-10T03:53:38.250640+00:00,0,2025,5.5,-5.5,234.0,False
BKN,116.35714285714286,110.0,True,0.4,97.8,109.6,-6.357142857142861,11.799999999999997,114,1_day,1,Brooklyn Nets,45,17,0.3778,1610612751,-0.25,2025-12-23T00:00:00Z,0022500410,PHI,116.26315789473684,114.57894736842105,True,0.15,0.0,111.6,115.4,-1.6842105263157805,3.8000000000000114,0,0,106,2_days,2,Philadelphia 76ers,27,7,0.2593,1610612755,340,-420,2025-12-23,,home_away_nba_game_day_local,2026-03-10T03:53:38.250640+00:00,0,2025,9.5,-9.5,218.5,False
CHI,125.76470588235294,122.88235294117646,True,0.4,125.2,129.6,-2.882352941176478,4.3999999999999915,126,1_day,1,Chicago Bulls,39,13,0.3333,1610612741,0.0,2025-12-23T00:00:00Z,0022500411,ATL,121.73333333333333,116.4,True,0.4,0.0,134.0,121.8,-5.333333333333329,-12.200000000000003,0,0,123,1_day,1,Atlanta Hawks,42,14,0.3333,1610612737,150,-170,2025-12-23,,home_away_nba_game_day_local,2026-03-10T03:53:38.250640+00:00,0,2025,4.5,-4.5,251.0,False
NOP,120.6923076923077,110.0,True,1.6,114.8,127.4,-10.692307692307693,12.600000000000009,118,b2b,0,New Orleans Pelicans,26,11,0.4231,1610612740,0.0,2025-12-23T00:00:00Z,0022500412,CLE,114.85,116.9,True,1.6,0.0,128.0,123.2,2.0500000000000114,-4.799999999999997,0,0,141,b2b,0,Cleveland Cavaliers,49,20,0.4082,1610612739,343,-425,2025-12-23,,home_away_nba_game_day_local,2026-03-10T03:53:38.250640+00:00,0,2025,10.0,-10.0,242.0,False
MIL,116.06666666666666,109.06666666666666,True,0.4,113.2,103.0,-7.0,-10.200000000000003,111,1_day,1,Milwaukee Bucks,30,10,0.3333,1610612749,1.2,2025-12-23T00:00:00Z,0022500413,IND,116.76470588235294,113.70588235294117,True,1.6,0.0,113.6,102.2,-3.058823529411768,-11.399999999999991,0,0,94,b2b,0,Indiana Pacers,31,8,0.2581,1610612754,-116,100,2025-12-23,,home_away_nba_game_day_local,2026-03-10T03:53:38.250640+00:00,0,2025,-1.0,1.0,219.0,False
TOR,112.55555555555556,114.44444444444444,True,0.4,105.2,99.0,1.8888888888888857,-6.200000000000003,112,1_day,1,Toronto Raptors,38,14,0.3684,1610612761,0.0,2025-12-23T00:00:00Z,0022500414,MIA,117.83333333333333,118.83333333333333,True,0.4,0.0,115.8,110.2,1.0,-5.599999999999994,0,0,91,1_day,1,Miami Heat,30,8,0.2667,1610612748,182,-209,2025-12-23,,home_away_nba_game_day_local,2026-03-10T03:53:38.250640+00:00,0,2025,5.5,-5.5,229.0,False
DEN,112.3529411764706,121.0,True,1.6,114.4,125.2,8.647058823529406,10.799999999999997,130,b2b,0,Denver Nuggets,41,20,0.4878,1610612743,0.0,2025-12-23T00:00:00Z,0022500415,DAL,113.89473684210526,113.3157894736842,True,1.6,0.0,121.0,119.0,-0.5789473684210549,-2.0,0,0,131,b2b,0,Dallas Mavericks,27,11,0.4074,1610612742,-277,233,2025-12-23,,home_away_nba_game_day_local,2026-03-10T03:53:38.250640+00:00,0,2025,-7.5,7.5,237.5,False
NYK,114.76923076923077,117.3076923076923,True,0.4,117.4,121.8,2.538461538461533,4.3999999999999915,104,1_day,1,New York Knicks,30,11,0.3667,1610612752,0.0,2025-12-23T00:00:00Z,0022500416,MIN,111.17647058823529,117.05882352941177,True,0.4,0.0,109.2,113.8,5.882352941176478,4.599999999999994,0,0,115,1_day,1,Minnesota Timberwolves,46,15,0.3261,1610612750,225,-267,2025-12-23,,home_away_nba_game_day_local,2026-03-10T03:53:38.250640+00:00,0,2025,7.0,-7.0,228.0,False
OKC,109.05555555555556,119.72222222222223,True,1.6,103.2,119.0,10.666666666666671,15.799999999999997,110,b2b,0,Oklahoma City Thunder,30,12,0.4,1610612760,-1.2,2025-12-23T00:00:00Z,0022500417,SAS,111.28571428571429,121.57142857142857,True,0.4,0.0,107.6,118.6,10.285714285714278,11.0,0,0,130,1_day,1,San Antonio Spurs,36,16,0.4444,1610612759,-228,195,2025-12-23,,home_away_nba_game_day_local,2026-03-10T03:53:38.250640+00:00,0,2025,-6.0,6.0,234.0,False
LAL,113.94444444444444,113.16666666666667,True,0.15,118.4,115.6,-0.7777777777777715,-2.8000000000000114,108,2_days,2,Los Angeles Lakers,32,12,0.375,1610612747,0.0,2025-12-23T00:00:00Z,0022500418,PHX,109.625,114.75,True,0.15,0.0,115.2,105.2,5.125,-10.0,0,0,132,2_days,2,Phoenix Suns,34,14,0.4118,1610612756,202,-238,2025-12-23,,home_away_nba_game_day_local,2026-03-10T03:53:38.250640+00:00,0,2025,6.5,-6.5,226.0,False
MEM,118.23529411764706,113.52941176470588,True,1.6,118.4,117.6,-4.705882352941174,-0.8000000000000114,137,b2b,0,Memphis Grizzlies,45,19,0.4222,1610612763,0.0,2025-12-23T00:00:00Z,0022500419,UTA,128.22222222222223,125.22222222222223,True,1.6,0.0,133.0,128.8,-3.0,-4.199999999999989,0,0,128,b2b,0,Utah Jazz,45,16,0.3556,1610612762,-144,127,2025-12-23,,home_away_nba_game_day_local,2026-03-10T03:53:38.250640+00:00,0,2025,-2.5,2.5,243.5,False
ORL,116.75,119.75,True,1.6,122.6,115.4,3.0,-7.199999999999989,110,b2b,0,Orlando Magic,33,15,0.4545,1610612753,0.0,2025-12-23T00:00:00Z,0022500420,POR,120.57142857142857,118.07142857142857,True,1.6,0.0,122.0,118.0,-2.5,-4.0,0,0,106,b2b,0,Portland Trail Blazers,32,9,0.2812,1610612757,-128,112,2025-12-23,,home_away_nba_game_day_local,2026-03-10T03:53:38.250640+00:00,0,2025,-1.5,1.5,233.5,False
DET,113.3529411764706,116.6470588235294,True,1.6,104.8,118.0,3.294117647058812,13.200000000000003,136,b2b,0,Detroit Pistons,32,14,0.4375,1610612765,-1.2,2025-12-23T00:00:00Z,0022500421,SAC,120.93333333333334,108.8,True,0.4,0.0,121.8,111.8,-12.13333333333334,-10.0,0,0,127,1_day,1,Sacramento Kings,33,11,0.3333,1610612758,-366,301,2025-12-23,,home_away_nba_game_day_local,2026-03-10T03:53:38.250640+00:00,0,2025,-8.5,8.5,227.5,False
HOU,115.22222222222223,122.05555555555556,True,0.4,120.0,121.4,6.833333333333329,1.4000000000000057,108,1_day,1,Houston Rockets,30,9,0.3,1610612745,-0.25,2025-12-23T00:00:00Z,0022500422,LAC,112.6923076923077,110.23076923076923,True,0.15,0.0,111.0,105.2,-2.461538461538467,-5.799999999999997,0,0,128,2_days,2,LA Clippers,37,20,0.5405,1610612746,,,2025-12-23,,,,0,2025,,,,False
CLE,121.64285714285714,121.14285714285714,True,0.4,126.4,125.4,-0.5,-1.0,124,1_day,1,Cleveland Cavaliers,34,15,0.4412,1610612739,0.0,2025-12-25T00:00:00Z,0022500009,NYK,109.14285714285714,119.28571428571429,True,0.4,0.0,116.4,116.2,10.142857142857153,-0.20000000000000284,0,0,126,1_day,1,New York Knicks,44,21,0.4773,1610612752,102,-120,2025-12-25,,home_away_nba_game_day_local,2026-03-10T03:53:38.250640+00:00,0,2025,2.0,-2.0,230.5,False
SAS,115.73684210526316,119.78947368421052,True,0.4,107.8,122.4,4.052631578947356,14.600000000000009,117,1_day,1,San Antonio Spurs,29,11,0.3793,1610612759,0.0,2025-12-25T00:00:00Z,0022500010,OKC,104.29411764705883,120.58823529411765,True,0.4,0.0,111.4,113.4,16.294117647058826,2.0,0,0,102,1_day,1,Oklahoma City Thunder,44,11,0.25,1610612760,310,-390,2025-12-25,,home_away_nba_game_day_local,2026-03-10T03:53:38.250640+00:00,0,2025,9.5,-9.5,228.0,False
DAL,116.53333333333333,113.0,True,0.4,124.8,121.4,-3.5333333333333314,-3.3999999999999915,116,1_day,1,Dallas Mavericks,14,4,0.2857,1610612742,-0.25,2025-12-25T00:00:00Z,0022500011,GSW,109.875,117.0625,True,0.15,0.0,115.0,117.6,7.1875,2.5999999999999943,0,0,126,2_days,2,Golden State Warriors,50,14,0.28,1610612744,154,-184,2025-12-25,,home_away_nba_game_day_local,2026-03-10T03:53:38.250640+00:00,0,2025,4.0,-4.0,226.5,False
HOU,115.89473684210526,121.3157894736842,True,0.4,123.0,120.0,5.421052631578945,-3.0,119,1_day,1,Houston Rockets,24,8,0.3333,1610612745,0.0,2025-12-25T00:00:00Z,0022500012,LAL,119.0,118.26666666666667,True,0.4,0.0,123.2,114.8,-0.7333333333333343,-8.400000000000006,0,0,96,1_day,1,Los Angeles Lakers,30,11,0.3667,1610612747,116,-136,2025-12-25,,home_away_nba_game_day_local,2026-03-10T03:53:38.250640+00:00,0,2025,1.5,-1.5,226.5,False
MIN,118.41176470588235,119.70588235294117,True,0.75,106.0,111.4,1.294117647058826,5.400000000000006,138,1_day,1,Minnesota Timberwolves,45,12,0.2667,1610612750,0.0,2025-12-25T00:00:00Z,0022500013,DEN,117.3125,124.375,True,0.75,0.0,119.6,124.0,7.0625,4.400000000000006,0,0,142,1_day,1,Denver Nuggets,43,19,0.4419,1610612743,158,-188,2025-12-25,,home_away_nba_game_day_local,2026-03-10T03:53:38.250640+00:00,5,2025,4.5,-4.5,230.0,True
MIA,118.6470588235294,118.3529411764706,True,0.15,114.8,106.8,-0.2941176470588118,-8.0,126,2_days,2,Miami Heat,36,11,0.3056,1610612748,0.0,2025-12-26T00:00:00Z,0022500423,ATL,122.0,116.8125,True,0.15,0.0,130.8,123.4,-5.1875,-7.400000000000006,0,0,111,2_days,2,Atlanta Hawks,36,12,0.3333,1610612737,148,-167,2025-12-26,,home_away_nba_game_day_local,2026-03-10T03:53:38.250640+00:00,0,2025,3.5,-3.5,246.5,False
CHA,119.72222222222223,114.77777777777777,True,0.15,119.4,119.2,-4.944444444444457,-0.20000000000000284,120,2_days,2,Charlotte Hornets,39,19,0.4872,1610612766,0.0,2025-12-26T00:00:00Z,0022500424,ORL,112.70588235294117,117.3529411764706,True,0.15,0.0,122.2,114.0,4.64705882352942,-8.200000000000003,0,0,105,2_days,2,Orlando Magic,35,11,0.3143,1610612753,218,-258,2025-12-26,,home_away_nba_game_day_local,2026-03-10T03:53:38.250640+00:00,0,2025,6.0,-6.0,229.5,False
TOR,111.42105263157895,114.3157894736842,True,0.15,100.0,101.2,2.89473684210526,1.2000000000000028,117,2_days,2,Toronto Raptors,36,12,0.3333,1610612761,0.0,2025-12-26T00:00:00Z,0022500425,WAS,128.76923076923077,115.07692307692308,True,0.15,0.0,116.0,110.8,-13.692307692307693,-5.200000000000003,0,0,138,2_days,2,Washington Wizards,33,15,0.4545,1610612764,-322,267,2025-12-26,,home_away_nba_game_day_local,2026-03-10T03:53:38.250640+00:00,0,2025,-8.0,8.0,227.0,False
BOS,107.6875,113.1875,False,0.0,107.0,110.0,5.5,3.0,140,3_plus_days,3,Boston Celtics,39,20,0.5128,1610612738,0.15,2025-12-26T00:00:00Z,0022500426,IND,116.44444444444444,112.61111111111111,True,0.15,0.0,112.8,100.0,-3.8333333333333286,-12.799999999999997,0,0,122,2_days,2,Indiana Pacers,44,18,0.4091,1610612754,-356,293,2025-12-26,,home_away_nba_game_day_local,2026-03-10T03:53:38.250640+00:00,0,2025,-9.0,9.0,221.0,False
PHI,113.16666666666667,116.08333333333333,True,0.15,112.0,115.0,2.916666666666657,3.0,102,2_days,2,Philadelphia 76ers,39,11,0.2821,1610612755,0.0,2025-12-26T00:00:00Z,0022500427,CHI,119.1875,116.125,True,0.15,0.0,124.6,129.0,-3.0625,4.400000000000006,0,0,109,2_days,2,Chicago Bulls,41,14,0.3415,1610612741,-110,-106,2025-12-26,,home_away_nba_game_day_local,2026-03-10T03:53:38.250640+00:00,0,2025,0.0,0.0,239.0,False
MIL,114.6875,109.1875,True,0.15,107.2,102.8,-5.5,-4.400000000000006,104,2_days,2,Milwaukee Bucks,39,14,0.359,1610612749,0.0,2025-12-26T00:00:00Z,0022500428,MEM,117.05882352941177,116.0,True,0.15,0.0,118.0,119.8,-1.058823529411768,1.7999999999999972,0,0,125,2_days,2,Memphis Grizzlies,34,13,0.3824,1610612763,179,-204,2025-12-26,,home_away_nba_game_day_local,2026-03-10T03:53:38.250640+00:00,0,2025,5.5,-5.5,227.0,False
PHX,116.4375,113.75,True,0.15,115.8,110.0,-2.6875,-5.799999999999997,115,2_days,2,Phoenix Suns,40,8,0.2,1610612756,0.0,2025-12-26T00:00:00Z,0022500429,NOP,124.15789473684211,120.3157894736842,True,0.15,0.0,119.0,122.4,-3.8421052631579045,3.4000000000000057,0,0,108,2_days,2,New Orleans Pelicans,25,5,0.2,1610612740,-170,150,2025-12-26,,home_away_nba_game_day_local,2026-03-10T03:53:38.250640+00:00,0,2025,-4.0,4.0,240.5,False
DET,114.11111111111111,117.72222222222223,True,0.15,107.2,116.8,3.6111111111111143,9.599999999999994,129,2_days,2,Detroit Pistons,37,18,0.4865,1610612765,0.0,2025-12-26T00:00:00Z,0022500430,UTA,128.68421052631578,125.36842105263158,True,0.15,0.0,135.2,128.4,-3.3157894736842053,-6.799999999999983,0,0,131,2_days,2,Utah Jazz,38,18,0.4737,1610612762,-435,350,2025-12-26,,home_away_nba_game_day_local,2026-03-10T03:53:38.250640+00:00,0,2025,-9.5,9.5,244.5,False
LAC,115.5,109.66666666666667,True,0.15,110.8,109.6,-5.833333333333329,-1.2000000000000028,119,2_days,2,LA Clippers,40,20,0.5,1610612746,0.0,2025-12-26T00:00:00Z,0022500431,POR,119.86666666666666,117.26666666666667,True,0.15,0.0,115.4,115.2,-2.5999999999999943,-0.20000000000000284,0,0,103,2_days,2,Portland Trail Blazers,39,16,0.4103,1610612757,,,2025-12-26,,,,0,2025,,,,False
DAL,117.125,113.1875,True,0.4,122.0,118.0,-3.9375,-4.0,107,1_day,1,Dallas Mavericks,27,13,0.4815,1610612742,-0.4,2025-12-27T00:00:00Z,0022500432,SAC,121.875,109.9375,False,0.0,0.0,121.8,116.2,-11.9375,-5.599999999999994,0,0,113,3_plus_days,3,Sacramento Kings,38,17,0.4474,1610612758,-143,126,2025-12-27,,home_away_nba_game_day_local,2026-03-10T03:53:38.250640+00:00,0,2025,-3.0,3.0,232.5,False
DEN,113.38888888888889,121.5,True,0.4,122.2,126.8,8.111111111111114,4.599999999999994,126,1_day,1,Denver Nuggets,29,11,0.3793,1610612743,1.2,2025-12-27T00:00:00Z,0022500433,ORL,113.11111111111111,116.66666666666667,True,1.6,0.0,119.8,111.0,3.555555555555557,-8.799999999999997,0,0,127,b2b,0,Orlando Magic,29,10,0.3448,1610612753,-185,162,2025-12-27,,home_away_nba_game_day_local,2026-03-10T03:53:38.250640+00:00,0,2025,-5.0,5.0,235.0,False
PHX,115.94117647058823,113.82352941176471,True,1.6,109.8,115.2,-2.117647058823522,5.400000000000006,123,b2b,0,Phoenix Suns,44,20,0.4545,1610612756,0.0,2025-12-27T00:00:00Z,0022500434,NOP,123.7,119.7,True,1.6,0.0,121.2,121.2,-4.0,0.0,0,0,114,b2b,0,New Orleans Pelicans,27,9,0.3333,1610612740,-170,150,2025-12-27,,home_away_nba_game_day_local,2026-03-10T03:53:38.250640+00:00,0,2025,-4.0,4.0,240.5,False
NYK,114.78571428571429,116.35714285714286,True,0.4,118.6,116.6,1.5714285714285694,-2.0,128,1_day,1,New York Knicks,43,15,0.3488,1610612752,1.2,2025-12-27T00:00:00Z,0022500435,ATL,122.23529411764706,116.47058823529412,True,1.6,0.0,132.6,121.6,-5.764705882352942,-11.0,0,0,125,b2b,0,Atlanta Hawks,43,17,0.3953,1610612737,-232,198,2025-12-27,,home_away_nba_game_day_local,2026-03-10T03:53:38.250640+00:00,0,2025,-6.5,6.5,241.5,False
IND,120.4375,106.9375,True,1.6,119.2,106.6,-13.5,-12.600000000000009,116,b2b,0,Indiana Pacers,38,12,0.3158,1610612754,0.0,2025-12-27T00:00:00Z,0022500436,MIA,117.52631578947368,117.36842105263158,True,1.6,0.0,115.8,112.8,-0.15789473684210975,-3.0,0,0,142,b2b,0,Miami Heat,31,12,0.3871,1610612748,301,-366,2025-12-27,,home_away_nba_game_day_local,2026-03-10T03:53:38.250640+00:00,0,2025,8.5,-8.5,230.0,False
MIL,115.29411764705883,108.88235294117646,True,1.6,112.0,100.4,-6.411764705882362,-11.599999999999994,112,b2b,0,Milwaukee Bucks,36,13,0.3611,1610612749,0.0,2025-12-27T00:00:00Z,0022500437,CHI,118.17647058823529,115.70588235294117,True,1.6,0.0,122.2,130.0,-2.470588235294116,7.799999999999997,0,0,103,b2b,0,Chicago Bulls,38,13,0.3421,1610612741,156,-177,2025-12-27,,home_away_nba_game_day_local,2026-03-10T03:53:38.250640+00:00,0,2025,4.5,-4.5,234.5,False
CLE,121.93333333333334,121.33333333333333,True,0.4,127.8,128.0,-0.6000000000000085,0.20000000000000284,100,1_day,1,Cleveland Cavaliers,36,11,0.3056,1610612739,0.0,2025-12-27T00:00:00Z,0022500438,HOU,110.41666666666667,122.83333333333333,True,0.4,0.0,116.6,118.8,12.416666666666657,2.200000000000003,0,0,117,1_day,1,Houston Rockets,35,16,0.4571,1610612745,150,-170,2025-12-27,,home_away_nba_game_day_local,2026-03-10T03:53:38.250640+00:00,0,2025,4.0,-4.0,234.5,False
BKN,115.66666666666667,110.26666666666667,False,0.0,98.8,108.6,-5.400000000000006,9.799999999999997,123,3_plus_days,3,Brooklyn Nets,40,11,0.275,1610612751,0.4,2025-12-27T00:00:00Z,0022500439,MIN,110.77777777777777,116.94444444444444,True,0.4,0.0,113.8,115.6,6.166666666666671,1.7999999999999972,0,0,107,1_day,1,Minnesota Timberwolves,31,13,0.4194,1610612750,336,-415,2025-12-27,,home_away_nba_game_day_local,2026-03-10T03:53:38.250640+00:00,0,2025,10.0,-10.0,224.5,False
UTA,126.28571428571429,113.21428571428571,True,1.6,134.4,126.6,-13.071428571428584,-7.800000000000011,127,b2b,0,Utah Jazz,37,17,0.4595,1610612762,-1.2,2025-12-27T00:00:00Z,0022500440,SAS,111.2,122.13333333333334,True,0.4,0.0,103.4,123.2,10.933333333333337,19.799999999999997,0,0,114,1_day,1,San Antonio Spurs,44,10,0.2273,1610612759,826,-1270,2025-12-27,,home_away_nba_game_day_local,2026-03-10T03:53:38.250640+00:00,0,2025,16.5,-16.5,245.0,False
GSW,114.6842105263158,112.05263157894737,True,0.5,112.8,118.8,-2.631578947368425,6.0,127,2_days,2,Golden State Warriors,44,16,0.3636,1610612744,0.25,2025-12-28T00:00:00Z,0022500441,TOR,112.16666666666667,112.72222222222223,True,0.75,0.0,108.4,103.4,0.5555555555555571,-5.0,0,0,141,1_day,1,Toronto Raptors,42,13,0.3095,1610612761,-170,150,2025-12-28,,home_away_nba_game_day_local,2026-03-10T03:53:38.250640+00:00,5,2025,-4.5,4.5,224.0,True
PHI,112.84615384615384,115.0,True,0.4,112.8,112.4,2.1538461538461604,-0.3999999999999915,104,1_day,1,Philadelphia 76ers,43,17,0.3953,1610612755,-0.25,2025-12-28T00:00:00Z,0022500442,OKC,105.0,119.55555555555556,True,0.15,0.0,112.6,112.0,14.555555555555557,-0.5999999999999943,0,0,129,2_days,2,Oklahoma City Thunder,28,10,0.3571,1610612760,631,-883,2025-12-28,,home_away_nba_game_day_local,2026-03-10T03:53:38.250640+00:00,0,2025,15.0,-15.0,228.5,False
MEM,118.77777777777777,114.83333333333333,True,0.4,118.2,120.6,-3.944444444444443,2.3999999999999915,112,1_day,1,Memphis Grizzlies,32,9,0.2812,1610612763,0.0,2025-12-28T00:00:00Z,0022500443,WAS,127.92857142857143,116.71428571428571,True,0.4,0.0,121.6,116.8,-11.214285714285722,-4.799999999999997,0,0,116,1_day,1,Washington Wizards,33,8,0.2424,1610612764,-272,229,2025-12-28,,home_away_nba_game_day_local,2026-03-10T03:53:38.250640+00:00,0,2025,-6.5,6.5,241.0,False
BOS,108.52941176470588,114.76470588235294,True,0.4,108.2,117.8,6.235294117647058,9.599999999999994,108,1_day,1,Boston Celtics,44,13,0.2955,1610612738,0.0,2025-12-28T00:00:00Z,0022500444,POR,119.8125,116.375,True,0.4,0.0,113.0,108.6,-3.4375,-4.400000000000006,0,0,114,1_day,1,Portland Trail Blazers,51,18,0.3529,1610612757,-238,202,2025-12-28,,home_away_nba_game_day_local,2026-03-10T03:53:38.250640+00:00,0,2025,-6.0,6.0,229.0,False
DET,115.0,118.3157894736842,True,0.4,112.4,120.2,3.3157894736842053,7.799999999999997,99,1_day,1,Detroit Pistons,29,7,0.2414,1610612765,0.0,2025-12-28T00:00:00Z,0022500445,LAC,112.35714285714286,111.5,True,0.4,0.0,108.4,110.8,-0.8571428571428612,2.3999999999999915,0,0,112,1_day,1,LA Clippers,34,14,0.4118,1610612746,,,2025-12-28,,,,0,2025,,,,False
SAC,122.38888888888889,114.11111111111111,True,1.6,119.8,118.2,-8.277777777777771,-1.5999999999999943,101,b2b,0,Sacramento Kings,29,8,0.2759,1610612758,-1.45,2025-12-28T00:00:00Z,0022500446,LAL,119.0,116.875,True,0.15,0.0,120.6,110.2,-2.125,-10.399999999999991,0,0,125,2_days,2,Los Angeles Lakers,38,15,0.3947,1610612747,471,-615,2025-12-28,,home_away_nba_game_day_local,2026-03-10T03:53:38.250640+00:00,0,2025,13.0,-13.0,234.5,False
MIL,114.61111111111111,109.05555555555556,True,0.4,107.2,106.4,-5.555555555555557,-0.7999999999999972,123,1_day,1,Milwaukee Bucks,34,16,0.4706,1610612749,-0.25,2025-12-29T00:00:00Z,0022500447,CHA,118.3529411764706,117.6470588235294,True,0.15,0.0,118.2,119.4,-0.7058823529411882,1.2000000000000028,0,0,113,2_days,2,Charlotte Hornets,46,17,0.3696,1610612766,-151,133,2025-12-29,,home_away_nba_game_day_local,2026-03-10T03:53:38.250640+00:00,0,2025,-3.0,3.0,228.0,False
PHX,115.83333333333333,114.33333333333333,True,0.4,109.4,117.0,-1.5,7.599999999999994,115,1_day,1,Phoenix Suns,40,17,0.425,1610612756,1.2,2025-12-29T00:00:00Z,0022500448,WAS,126.86666666666666,116.66666666666667,True,1.6,0.0,120.2,121.2,-10.199999999999989,1.0,0,0,101,b2b,0,Washington Wizards,32,13,0.4062,1610612764,-464,370,2025-12-29,,home_away_nba_game_day_local,2026-03-10T03:53:38.250640+00:00,0,2025,-10.5,10.5,233.5,False
GSW,116.0,112.8,True,1.6,113.8,118.0,-3.200000000000003,4.200000000000003,120,b2b,0,Golden State Warriors,33,10,0.303,1610612744,-1.2,2025-12-29T00:00:00Z,0022500449,BKN,113.4375,109.875,True,0.4,0.0,96.4,111.0,-3.5625,14.599999999999994,0,0,107,1_day,1,Brooklyn Nets,42,18,0.4286,1610612751,-160,141,2025-12-29,,home_away_nba_game_day_local,2026-03-10T03:53:38.250640+00:00,0,2025,-3.5,3.5,221.5,False
DEN,114.10526315789474,121.73684210526316,True,0.4,124.6,126.8,7.631578947368425,2.200000000000003,123,1_day,1,Denver Nuggets,31,11,0.3548,1610612743,0.0,2025-12-29T00:00:00Z,0022500450,MIA,117.45,118.6,True,0.4,0.0,120.0,120.0,1.1499999999999915,0.0,0,0,147,1_day,1,Miami Heat,46,22,0.4783,1610612748,-130,114,2025-12-29,,home_away_nba_game_day_local,2026-03-10T03:53:38.250640+00:00,0,2025,-2.5,2.5,245.0,False
ORL,116.11764705882354,119.17647058823529,True,0.4,119.8,113.4,3.058823529411754,-6.3999999999999915,106,1_day,1,Orlando Magic,32,9,0.2812,1610612753,1.2,2025-12-29T00:00:00Z,0022500451,TOR,112.94736842105263,114.21052631578948,True,1.6,0.0,112.8,109.4,1.2631578947368496,-3.3999999999999915,0,0,107,b2b,0,Toronto Raptors,34,8,0.2353,1610612761,-118,102,2025-12-29,,home_away_nba_game_day_local,2026-03-10T03:53:38.250640+00:00,0,2025,-1.0,1.0,222.0,False
MIN,119.72222222222223,120.72222222222223,True,0.4,115.2,115.0,1.0,-0.20000000000000284,136,1_day,1,Minnesota Timberwolves,37,15,0.4054,1610612750,0.0,2025-12-29T00:00:00Z,0022500452,CHI,117.83333333333333,115.0,True,0.4,0.0,122.4,125.2,-2.8333333333333286,2.799999999999997,0,0,101,1_day,1,Chicago Bulls,38,13,0.3421,1610612741,-209,182,2025-12-29,,home_away_nba_game_day_local,2026-03-10T03:53:38.250640+00:00,0,2025,-5.5,5.5,239.5,False
IND,121.70588235294117,107.47058823529412,True,0.4,124.8,107.2,-14.235294117647058,-17.599999999999994,119,1_day,1,Indiana Pacers,34,18,0.5294,1610612754,0.0,2025-12-29T00:00:00Z,0022500453,HOU,109.61538461538461,122.38461538461539,True,0.4,0.0,110.0,116.6,12.769230769230774,6.599999999999994,0,0,126,1_day,1,Houston Rockets,27,10,0.3704,1610612745,708,-1028,2025-12-29,,home_away_nba_game_day_local,2026-03-10T03:53:38.250640+00:00,0,2025,14.5,-14.5,221.5,False
NYK,115.46666666666667,117.13333333333334,True,0.4,121.0,119.4,1.6666666666666714,-1.5999999999999943,130,1_day,1,New York Knicks,44,20,0.4545,1610612752,0.0,2025-12-29T00:00:00Z,0022500454,NOP,123.66666666666667,119.42857142857143,True,0.4,0.0,120.2,117.4,-4.238095238095241,-2.799999999999997,0,0,125,1_day,1,New Orleans Pelicans,36,14,0.3889,1610612740,-335,270,2025-12-29,,home_away_nba_game_day_local,2026-03-10T03:53:38.250640+00:00,0,2025,-8.5,8.5,240.5,False
ATL,118.15789473684211,120.15789473684211,True,0.4,131.6,121.4,2.0,-10.199999999999989,129,1_day,1,Atlanta Hawks,54,25,0.463,1610612737,1.2,2025-12-29T00:00:00Z,0022500455,OKC,104.94736842105263,120.05263157894737,True,1.6,0.0,113.2,113.4,15.10526315789474,0.20000000000000284,0,0,140,b2b,0,Oklahoma City Thunder,32,12,0.375,1610612760,826,-1270,2025-12-29,,home_away_nba_game_day_local,2026-03-10T03:53:38.250640+00:00,0,2025,16.5,-16.5,236.0,False
CLE,121.625,120.0,True,0.4,125.8,125.8,-1.625,0.0,113,1_day,1,Cleveland Cavaliers,42,13,0.3095,1610612739,0.0,2025-12-29T00:00:00Z,0022500456,SAS,112.1875,121.625,True,0.4,0.0,110.0,122.2,9.4375,12.200000000000003,0,0,101,1_day,1,San Antonio Spurs,31,7,0.2258,1610612759,184,-220,2025-12-29,,home_away_nba_game_day_local,2026-03-10T03:53:38.250640+00:00,0,2025,5.5,-5.5,242.5,False
DAL,116.88235294117646,112.82352941176471,True,0.4,121.8,116.2,-4.058823529411754,-5.599999999999994,122,1_day,1,Dallas Mavericks,32,11,0.3438,1610612742,1.2,2025-12-29T00:00:00Z,0022500457,POR,119.11764705882354,116.23529411764706,True,1.6,0.0,108.0,104.6,-2.882352941176478,-3.4000000000000057,0,0,125,b2b,0,Portland Trail Blazers,41,16,0.3902,1610612757,117,-133,2025-12-29,,home_away_nba_game_day_local,2026-03-10T03:53:38.250640+00:00,0,2025,2.5,-2.5,234.0,False
PHI,114.0,114.21428571428571,True,0.75,114.6,109.8,0.2142857142857082,-4.799999999999997,139,1_day,1,Philadelphia 76ers,42,15,0.3571,1610612755,0.0,2025-12-30T00:00:00Z,0022500458,MEM,116.33333333333333,116.5,True,0.75,0.0,119.4,119.8,0.1666666666666714,0.3999999999999915,0,0,136,1_day,1,Memphis Grizzlies,29,11,0.3793,1610612763,-120,104,2025-12-30,,home_away_nba_game_day_local,2026-03-10T03:53:38.250640+00:00,5,2025,-1.5,1.5,232.0,True
BOS,108.83333333333333,114.38888888888889,True,0.4,108.6,118.4,5.555555555555557,9.800000000000011,129,1_day,1,Boston Celtics,44,13,0.2955,1610612738,-0.25,2025-12-30T00:00:00Z,0022500459,UTA,128.7,125.65,True,0.15,0.0,128.6,125.0,-3.049999999999983,-3.5999999999999943,0,0,119,2_days,2,Utah Jazz,42,16,0.381,1610612762,-287,241,2025-12-30,,home_away_nba_game_day_local,2026-03-10T03:53:38.250640+00:00,0,2025,-7.5,7.5,241.5,False
DET,114.85,117.35,True,0.4,111.6,117.2,2.5,5.6000000000000085,128,1_day,1,Detroit Pistons,24,11,0.4583,1610612765,0.0,2025-12-30T00:00:00Z,0022500460,LAL,117.94117647058823,117.3529411764706,True,0.4,0.0,118.0,112.0,-0.5882352941176379,-6.0,0,0,106,1_day,1,Los Angeles Lakers,39,11,0.2821,1610612747,-128,112,2025-12-30,,home_away_nba_game_day_local,2026-03-10T03:53:38.250640+00:00,0,2025,-2.0,2.0,231.0,False
SAC,122.52631578947368,113.42105263157895,True,0.4,118.0,111.8,-9.10526315789474,-6.200000000000003,90,1_day,1,Sacramento Kings,27,9,0.3333,1610612758,0.0,2025-12-30T00:00:00Z,0022500461,LAC,111.46666666666667,111.53333333333333,True,0.4,0.0,104.0,112.6,0.06666666666666288,8.599999999999994,0,0,131,1_day,1,LA Clippers,38,14,0.3684,1610612746,,,2025-12-30,,,,0,2025,,,,False
GSW,115.57142857142857,113.14285714285714,True,0.4,115.4,122.4,-2.4285714285714306,7.0,132,1_day,1,Golden State Warriors,49,24,0.4898,1610612744,0.0,2025-12-31T00:00:00Z,0022500462,CHA,118.61111111111111,117.38888888888889,True,0.4,0.0,117.6,115.4,-1.2222222222222285,-2.1999999999999886,0,0,125,1_day,1,Charlotte Hornets,40,16,0.4,1610612766,-258,218,2025-12-31,,home_away_nba_game_day_local,2026-03-10T03:53:38.250640+00:00,0,2025,-6.5,6.5,234.0,False
MIN,118.73684210526316,121.52631578947368,True,0.4,114.0,119.8,2.7894736842105203,5.799999999999997,102,1_day,1,Minnesota Timberwolves,40,14,0.35,1610612750,0.0,2025-12-31T00:00:00Z,0022500463,ATL,122.55555555555556,116.94444444444444,True,0.4,0.0,134.4,127.6,-5.611111111111114,-6.800000000000011,0,0,126,1_day,1,Atlanta Hawks,42,16,0.381,1610612737,-185,162,2025-12-31,,home_away_nba_game_day_local,2026-03-10T03:53:38.250640+00:00,0,2025,-4.5,4.5,244.0,False
ORL,115.61111111111111,118.44444444444444,True,0.4,115.8,109.0,2.8333333333333286,-6.799999999999997,112,1_day,1,Orlando Magic,21,3,0.1429,1610612753,0.0,2025-12-31T00:00:00Z,0022500464,IND,117.6842105263158,113.10526315789474,True,0.4,0.0,124.4,109.2,-4.578947368421055,-15.200000000000003,0,0,110,1_day,1,Indiana Pacers,35,12,0.3429,1610612754,-158,139,2025-12-31,,home_away_nba_game_day_local,2026-03-10T03:53:38.250640+00:00,0,2025,-3.5,3.5,225.5,False
PHX,115.05263157894737,114.36842105263158,True,0.4,110.0,120.2,-0.6842105263157947,10.200000000000003,113,1_day,1,Phoenix Suns,36,15,0.4167,1610612756,0.0,2025-12-31T00:00:00Z,0022500465,CLE,115.0,118.04761904761905,True,0.4,0.0,118.8,123.4,3.047619047619051,4.6000000000000085,0,0,129,1_day,1,Cleveland Cavaliers,38,15,0.3947,1610612739,198,-232,2025-12-31,,home_away_nba_game_day_local,2026-03-10T03:53:38.250640+00:00,0,2025,6.0,-6.0,235.5,False
NOP,122.14285714285714,110.57142857142857,True,0.4,124.4,116.8,-11.57142857142857,-7.6000000000000085,118,1_day,1,New Orleans Pelicans,38,12,0.3158,1610612740,0.0,2025-12-31T00:00:00Z,0022500466,CHI,118.78947368421052,114.26315789473684,True,0.4,0.0,124.6,118.2,-4.526315789473685,-6.3999999999999915,0,0,134,1_day,1,Chicago Bulls,43,15,0.3488,1610612741,-116,100,2025-12-31,,home_away_nba_game_day_local,2026-03-10T03:53:38.250640+00:00,0,2025,-1.5,1.5,245.5,False
NYK,116.0625,117.9375,True,0.4,122.8,124.0,1.875,1.2000000000000028,132,1_day,1,New York Knicks,52,22,0.4231,1610612752,0.0,2025-12-31T00:00:00Z,0022500467,SAS,112.23529411764706,120.41176470588235,True,0.4,0.0,113.0,117.2,8.17647058823529,4.200000000000003,0,0,134,1_day,1,San Antonio Spurs,38,14,0.3684,1610612759,107,-123,2025-12-31,,home_away_nba_game_day_local,2026-03-10T03:53:38.250640+00:00,0,2025,1.5,-1.5,236.0,False
DEN,115.75,121.8,True,0.4,131.0,131.2,6.049999999999997,0.19999999999998863,106,1_day,1,Denver Nuggets,34,10,0.2941,1610612743,0.0,2025-12-31T00:00:00Z,0022500468,TOR,112.6,113.85,True,0.4,0.0,111.6,111.6,1.25,0.0,0,0,103,1_day,1,Toronto Raptors,45,12,0.2667,1610612761,229,-272,2025-12-31,,home_away_nba_game_day_local,2026-03-10T03:53:38.250640+00:00,0,2025,7.0,-7.0,226.5,False
WAS,121.83333333333333,110.38888888888889,True,0.4,118.8,115.4,-11.444444444444443,-3.3999999999999915,114,1_day,1,Washington Wizards,39,19,0.4872,1610612764,0.0,2025-12-31T00:00:00Z,0022500469,MIL,116.16666666666667,116.83333333333333,True,0.4,0.0,107.6,110.0,0.6666666666666572,2.4000000000000057,0,0,113,1_day,1,Milwaukee Bucks,39,16,0.4103,1610612749,417,-532,2025-12-31,,home_away_nba_game_day_local,2026-03-10T03:53:38.250640+00:00,0,2025,10.5,-10.5,232.0,False
POR,122.05263157894737,117.94736842105263,True,0.4,113.8,110.0,-4.10526315789474,-3.799999999999997,95,1_day,1,Portland Trail Blazers,35,14,0.4,1610612757,0.0,2025-12-31T00:00:00Z,0022500470,OKC,106.15,121.05,True,0.4,0.0,116.6,120.0,14.899999999999991,3.4000000000000057,0,0,124,1_day,1,Oklahoma City Thunder,49,16,0.3265,1610612760,781,-1174,2025-12-31,,home_away_nba_game_day_local,2026-03-10T03:53:38.250640+00:00,0,2025,16.0,-16.0,232.5,False
HOU,114.9,121.2,True,0.15,113.6,118.8,6.299999999999997,5.200000000000003,120,2_days,2,Houston Rockets,29,12,0.4138,1610612745,0.0,2026-01-01T00:00:00Z,0022500471,BKN,113.82352941176471,109.70588235294117,True,0.15,0.0,104.0,107.0,-4.117647058823536,3.0,0,0,96,2_days,2,Brooklyn Nets,30,10,0.3333,1610612751,-493,390,2026-01-01,,home_away_nba_game_day_local,2026-03-10T03:53:38.250640+00:00,0,2025,-11.0,11.0,219.5,False
MIA,118.22222222222223,118.77777777777777,True,0.15,118.8,126.2,0.5555555555555429,7.400000000000006,118,2_days,2,Miami Heat,39,14,0.359,1610612748,0.25,2026-01-01T00:00:00Z,0022500472,DET,110.0,119.625,True,0.4,0.0,115.6,120.4,9.625,4.800000000000011,0,0,112,1_day,1,Detroit Pistons,26,9,0.3462,1610612765,179,-204,2026-01-01,,home_away_nba_game_day_local,2026-03-10T03:53:38.250640+00:00,0,2025,5.0,-5.0,239.5,False
PHI,115.46666666666667,115.86666666666666,True,0.4,120.4,114.4,0.3999999999999915,-6.0,123,1_day,1,Philadelphia 76ers,36,13,0.3611,1610612755,-0.25,2026-01-01T00:00:00Z,0022500473,DAL,114.7,114.2,True,0.15,0.0,122.6,117.8,-0.5,-4.799999999999997,0,0,108,2_days,2,Dallas Mavericks,28,6,0.2143,1610612742,-126,110,2026-01-01,,home_away_nba_game_day_local,2026-03-10T03:53:38.250640+00:00,0,2025,-2.0,2.0,231.5,False
BOS,109.36842105263158,115.15789473684211,True,0.4,109.2,118.4,5.7894736842105345,9.200000000000003,120,1_day,1,Boston Celtics,41,17,0.4146,1610612738,0.0,2026-01-01T00:00:00Z,0022500474,SAC,121.0,110.11764705882354,True,0.4,0.0,124.6,111.2,-10.882352941176464,-13.399999999999991,0,0,106,1_day,1,Sacramento Kings,36,12,0.3333,1610612758,-395,321,2026-01-01,,home_away_nba_game_day_local,2026-03-10T03:53:38.250640+00:00,0,2025,-9.5,9.5,227.5,False
UTA,125.46666666666667,114.13333333333334,True,0.4,128.8,123.4,-11.333333333333329,-5.400000000000006,101,1_day,1,Utah Jazz,27,6,0.2222,1610612762,0.0,2026-01-01T00:00:00Z,0022500475,LAC,110.125,112.75,True,0.4,0.0,97.6,118.6,2.625,21.0,0,0,118,1_day,1,LA Clippers,51,16,0.3137,1610612746,,,2026-01-01,,,,0,2025,,,,False
SAS,115.05,119.65,True,0.4,116.8,119.2,4.6000000000000085,2.4000000000000057,123,1_day,1,San Antonio Spurs,46,13,0.2826,1610612759,0.0,2026-01-02T00:00:00Z,0022500476,IND,117.4,112.95,True,0.4,0.0,126.2,112.2,-4.450000000000003,-14.0,0,0,113,1_day,1,Indiana Pacers,30,12,0.4,1610612754,-228,195,2026-01-02,,home_away_nba_game_day_local,2026-03-10T03:53:38.250640+00:00,0,2025,-6.0,6.0,237.5,False
BKN,115.125,111.0625,True,1.6,106.8,107.2,-4.0625,0.4000000000000057,99,b2b,0,Brooklyn Nets,29,6,0.2069,1610612751,-1.2,2026-01-02T00:00:00Z,0022500477,WAS,126.125,115.6875,True,0.4,0.0,116.6,115.6,-10.4375,-1.0,0,0,119,1_day,1,Washington Wizards,29,11,0.3793,1610612764,-118,102,2026-01-02,,home_away_nba_game_day_local,2026-03-10T03:53:38.250640+00:00,0,2025,-1.5,1.5,225.5,False
DEN,115.14285714285714,121.04761904761905,True,0.4,129.2,125.4,5.904761904761912,-3.799999999999983,108,1_day,1,Denver Nuggets,47,17,0.3617,1610612743,0.0,2026-01-02T00:00:00Z,0022500478,CLE,114.9090909090909,118.54545454545455,True,0.4,0.0,115.0,121.4,3.6363636363636402,6.400000000000006,0,0,113,1_day,1,Cleveland Cavaliers,39,16,0.4103,1610612739,576,-786,2026-01-02,,home_away_nba_game_day_local,2026-03-10T03:53:38.250640+00:00,0,2025,13.0,-13.0,237.0,False
ATL,119.25,120.6,True,0.4,124.4,122.8,1.3499999999999943,-1.6000000000000085,111,1_day,1,Atlanta Hawks,36,12,0.3333,1610612737,0.0,2026-01-02T00:00:00Z,0022500479,NYK,109.81818181818181,119.5909090909091,True,0.4,0.0,124.6,124.0,9.77272727272728,-0.5999999999999943,0,0,99,1_day,1,New York Knicks,42,9,0.2143,1610612752,248,-297,2026-01-02,,home_away_nba_game_day_local,2026-03-10T03:53:38.250640+00:00,0,2025,7.5,-7.5,245.5,False
ORL,115.3157894736842,118.10526315789474,True,0.4,113.8,112.0,2.7894736842105345,-1.7999999999999972,114,1_day,1,Orlando Magic,32,14,0.4375,1610612753,0.0,2026-01-02T00:00:00Z,0022500480,CHI,118.75,115.25,True,0.4,0.0,118.2,114.6,-3.5,-3.6000000000000085,0,0,121,1_day,1,Chicago Bulls,41,14,0.3415,1610612741,-185,162,2026-01-02,,home_away_nba_game_day_local,2026-03-10T03:53:38.250640+00:00,0,2025,-5.0,5.0,235.0,False
CHA,118.94736842105263,115.05263157894737,True,0.4,121.6,123.2,-3.89473684210526,1.6000000000000085,121,1_day,1,Charlotte Hornets,40,18,0.45,1610612766,0.0,2026-01-02T00:00:00Z,0022500481,MIL,116.05263157894737,116.63157894736842,True,0.4,0.0,109.8,112.6,0.5789473684210549,2.799999999999997,0,0,122,1_day,1,Milwaukee Bucks,37,16,0.4324,1610612749,198,-232,2026-01-02,,home_away_nba_game_day_local,2026-03-10T03:53:38.250640+00:00,0,2025,6.0,-6.0,232.5,False
POR,122.15,116.8,True,0.4,116.6,108.6,-5.3500000000000085,-8.0,122,1_day,1,Portland Trail Blazers,47,16,0.3404,1610612757,0.0,2026-01-02T00:00:00Z,0022500482,NOP,123.95454545454545,119.68181818181819,True,0.4,0.0,128.6,116.6,-4.272727272727266,-12.0,0,0,109,1_day,1,New Orleans Pelicans,30,8,0.2667,1610612740,-113,-103,2026-01-02,,home_away_nba_game_day_local,2026-03-10T03:53:38.250640+00:00,0,2025,-1.0,1.0,244.5,False
SAC,122.95,112.25,True,1.6,123.8,107.4,-10.700000000000003,-16.39999999999999,102,b2b,0,Sacramento Kings,28,10,0.3571,1610612758,-1.2,2026-01-02T00:00:00Z,0022500483,PHX,109.52941176470588,115.76470588235294,True,0.4,0.0,112.0,119.6,6.235294117647058,7.599999999999994,0,0,129,1_day,1,Phoenix Suns,31,8,0.2581,1610612756,547,-737,2026-01-02,,home_away_nba_game_day_local,2026-03-10T03:53:38.250640+00:00,0,2025,12.5,-12.5,226.5,False
OKC,110.15789473684211,119.21052631578948,True,0.4,115.0,121.0,9.05263157894737,6.0,131,1_day,1,Oklahoma City Thunder,38,16,0.4211,1610612760,0.0,2026-01-02T00:00:00Z,0022500484,GSW,110.23529411764706,117.58823529411765,True,0.4,0.0,117.2,125.0,7.352941176470594,7.799999999999997,0,0,94,1_day,1,Golden State Warriors,44,13,0.2955,1610612744,-371,304,2026-01-02,,home_away_nba_game_day_local,2026-03-10T03:53:38.250640+00:00,0,2025,-9.0,9.0,229.5,False
MEM,118.63157894736842,114.6842105263158,True,0.15,121.2,122.6,-3.94736842105263,1.3999999999999915,121,2_days,2,Memphis Grizzlies,42,14,0.3333,1610612763,0.0,2026-01-02T00:00:00Z,0022500485,LAL,118.5,116.72222222222223,True,0.15,0.0,116.6,104.6,-1.7777777777777715,-12.0,0,0,128,2_days,2,Los Angeles Lakers,32,11,0.3438,1610612747,150,-170,2026-01-02,,home_away_nba_game_day_local,2026-03-10T03:53:38.250640+00:00,0,2025,4.0,-4.0,239.5,False
MIN,119.1,120.55,True,0.15,119.2,119.6,1.4500000000000028,0.3999999999999915,125,2_days,2,Minnesota Timberwolves,38,11,0.2895,1610612750,0.25,2026-01-03T00:00:00Z,0022500486,MIA,117.71428571428571,119.95238095238095,True,0.4,0.0,114.8,124.8,2.238095238095241,10.0,0,0,115,1_day,1,Miami Heat,37,14,0.3784,1610612748,-133,117,2026-01-03,,home_away_nba_game_day_local,2026-03-10T03:53:38.250640+00:00,0,2025,-2.5,2.5,239.5,False
PHI,115.0,116.3125,True,0.4,119.2,114.8,1.3125,-4.400000000000006,130,1_day,1,Philadelphia 76ers,36,17,0.4722,1610612755,1.2,2026-01-03T00:00:00Z,0022500487,NYK,109.8695652173913,118.69565217391305,True,1.6,0.0,123.8,123.0,8.826086956521749,-0.7999999999999972,0,0,119,b2b,0,New York Knicks,40,16,0.4,1610612752,145,-164,2026-01-03,,home_away_nba_game_day_local,2026-03-10T03:53:38.250640+00:00,0,2025,4.0,-4.0,232.5,False
ATL,118.28571428571429,120.14285714285714,True,1.6,119.0,120.4,1.857142857142847,1.4000000000000057,117,b2b,0,Atlanta Hawks,39,17,0.4359,1610612737,-1.45,2026-01-03T00:00:00Z,0022500488,TOR,112.28571428571429,113.33333333333333,True,0.15,0.0,113.6,116.0,1.0476190476190368,2.4000000000000057,0,0,134,2_days,2,Toronto Raptors,31,12,0.3871,1610612761,139,-158,2026-01-03,,home_away_nba_game_day_local,2026-03-10T03:53:38.250640+00:00,0,2025,3.0,-3.0,235.0,False
CHA,119.1,115.35,True,1.6,118.2,121.0,-3.75,2.799999999999997,112,b2b,0,Charlotte Hornets,41,15,0.3659,1610612766,0.0,2026-01-03T00:00:00Z,0022500489,CHI,118.52380952380952,115.52380952380952,True,1.6,0.0,116.4,113.6,-3.0,-2.8000000000000114,0,0,99,b2b,0,Chicago Bulls,41,11,0.2683,1610612741,107,-123,2026-01-03,,home_away_nba_game_day_local,2026-03-10T03:53:38.250640+00:00,0,2025,2.0,-2.0,237.5,False
POR,121.52380952380952,117.04761904761905,True,1.6,116.4,111.8,-4.476190476190467,-4.6000000000000085,115,b2b,0,Portland Trail Blazers,45,19,0.4222,1610612757,0.0,2026-01-03T00:00:00Z,0022500490,SAS,113.33333333333333,121.16666666666667,True,1.6,0.0,117.4,117.8,7.833333333333343,0.3999999999999915,0,0,110,b2b,0,San Antonio Spurs,31,10,0.3226,1610612759,298,-363,2026-01-03,,home_away_nba_game_day_local,2026-03-10T03:53:38.250640+00:00,0,2025,9.0,-9.0,238.5,False
HOU,114.0,121.14285714285714,True,0.4,107.8,118.0,7.142857142857139,10.200000000000003,104,1_day,1,Houston Rockets,41,10,0.2439,1610612745,0.0,2026-01-03T00:00:00Z,0022500491,DAL,115.0952380952381,113.9047619047619,True,0.4,0.0,123.4,116.8,-1.190476190476204,-6.6000000000000085,0,0,110,1_day,1,Dallas Mavericks,21,8,0.381,1610612742,-331,274,2026-01-03,,home_away_nba_game_day_local,2026-03-10T03:53:38.250640+00:00,0,2025,-8.0,8.0,226.0,False
UTA,125.0,113.3125,True,0.4,125.4,121.2,-11.6875,-4.200000000000003,114,1_day,1,Utah Jazz,35,13,0.3714,1610612762,1.2,2026-01-03T00:00:00Z,0022500492,GSW,111.38888888888889,116.27777777777777,True,1.6,0.0,124.0,119.8,4.888888888888886,-4.200000000000003,0,0,123,b2b,0,Golden State Warriors,45,19,0.4222,1610612744,468,-610,2026-01-03,,home_away_nba_game_day_local,2026-03-10T03:53:38.250640+00:00,0,2025,12.5,-12.5,241.0,False
BOS,109.2,115.4,True,0.4,111.2,120.0,6.200000000000003,8.799999999999997,146,1_day,1,Boston Celtics,51,24,0.4706,1610612738,0.0,2026-01-03T00:00:00Z,0022500493,LAC,109.58823529411765,113.05882352941177,True,0.4,0.0,100.2,121.6,3.470588235294116,21.39999999999999,0,0,115,1_day,1,LA Clippers,38,15,0.3947,1610612746,,,2026-01-03,,,,0,2025,,,,False
DET,114.42857142857143,117.85714285714286,True,0.15,118.8,120.8,3.4285714285714306,2.0,114,2_days,2,Detroit Pistons,40,15,0.375,1610612765,0.25,2026-01-04T00:00:00Z,0022500494,CLE,114.6086956521739,118.30434782608695,True,0.4,0.0,113.0,115.8,3.6956521739130466,2.799999999999997,0,0,110,1_day,1,Cleveland Cavaliers,42,14,0.3333,1610612739,166,-190,2026-01-04,,home_away_nba_game_day_local,2026-03-10T03:53:38.250640+00:00,0,2025,4.5,-4.5,237.0,False
IND,121.94444444444444,108.11111111111111,True,0.4,128.6,116.0,-13.833333333333329,-12.599999999999994,127,1_day,1,Indiana Pacers,34,15,0.4412,1610612754,0.0,2026-01-04T00:00:00Z,0022500495,ORL,113.78947368421052,117.21052631578948,True,0.4,0.0,116.8,112.8,3.4210526315789593,-4.0,0,0,135,1_day,1,Orlando Magic,32,15,0.4688,1610612753,198,-232,2026-01-04,,home_away_nba_game_day_local,2026-03-10T03:53:38.250640+00:00,0,2025,7.0,-7.0,226.5,False
DEN,115.04545454545455,120.45454545454545,True,0.4,125.6,121.0,5.4090909090909065,-4.599999999999994,115,1_day,1,Denver Nuggets,31,11,0.3548,1610612743,0.0,2026-01-04T00:00:00Z,0022500496,BKN,114.16666666666667,108.94444444444444,True,0.4,0.0,114.4,107.8,-5.2222222222222285,-6.6000000000000085,0,0,127,1_day,1,Brooklyn Nets,33,14,0.4242,1610612751,-144,127,2026-01-04,,home_away_nba_game_day_local,2026-03-10T03:53:38.250640+00:00,0,2025,-2.5,2.5,222.5,False
NOP,122.93333333333334,111.06666666666666,True,0.4,124.8,114.8,-11.866666666666674,-10.0,106,1_day,1,New Orleans Pelicans,40,16,0.4,1610612740,1.2,2026-01-04T00:00:00Z,0022500497,MIA,118.04545454545455,119.72727272727273,True,1.6,0.0,117.4,129.6,1.681818181818187,12.199999999999989,0,0,125,b2b,0,Miami Heat,44,18,0.4091,1610612748,237,-282,2026-01-04,,home_away_nba_game_day_local,2026-03-10T03:53:38.250640+00:00,0,2025,8.0,-8.0,243.5,False
MIN,118.9047619047619,120.76190476190476,True,1.6,121.4,121.6,1.8571428571428612,0.19999999999998863,141,b2b,0,Minnesota Timberwolves,37,11,0.2973,1610612750,-1.2,2026-01-04T00:00:00Z,0022500498,WAS,124.52941176470588,115.88235294117646,True,0.4,0.0,111.2,117.6,-8.64705882352942,6.3999999999999915,0,0,115,1_day,1,Washington Wizards,36,12,0.3333,1610612764,-444,356,2026-01-04,,home_away_nba_game_day_local,2026-03-10T03:53:38.250640+00:00,0,2025,-10.0,10.0,236.0,False
OKC,109.35,119.8,True,0.4,107.8,125.2,10.450000000000003,17.400000000000006,105,1_day,1,Oklahoma City Thunder,32,10,0.3125,1610612760,0.0,2026-01-04T00:00:00Z,0022500499,PHX,109.11111111111111,116.5,True,0.4,0.0,110.8,119.0,7.388888888888886,8.200000000000003,0,0,108,1_day,1,Phoenix Suns,43,17,0.3953,1610612756,-386,315,2026-01-04,,home_away_nba_game_day_local,2026-03-10T03:53:38.250640+00:00,0,2025,-9.5,9.5,229.0,False
MIL,114.52631578947368,109.78947368421052,True,0.4,115.2,114.8,-4.736842105263165,-0.4000000000000057,115,1_day,1,Milwaukee Bucks,37,10,0.2703,1610612749,0.0,2026-01-04T00:00:00Z,0022500500,SAC,120.94444444444444,109.88888888888889,True,0.4,0.0,122.4,102.4,-11.055555555555557,-20.0,0,0,98,1_day,1,Sacramento Kings,25,5,0.2,1610612758,-238,202,2026-01-04,,home_away_nba_game_day_local,2026-03-10T03:53:38.250640+00:00,0,2025,-6.5,6.5,229.0,False
MEM,119.1,115.0,True,0.4,123.0,126.2,-4.099999999999994,3.200000000000003,114,1_day,1,Memphis Grizzlies,41,10,0.2439,1610612763,0.0,2026-01-04T00:00:00Z,0022500501,LAL,118.63157894736842,117.3157894736842,True,0.4,0.0,120.2,112.6,-1.3157894736842195,-7.6000000000000085,0,0,120,1_day,1,Los Angeles Lakers,41,11,0.2683,1610612747,150,-170,2026-01-04,,home_away_nba_game_day_local,2026-03-10T03:53:38.250640+00:00,0,2025,4.0,-4.0,239.5,False
NYK,117.11764705882354,118.76470588235294,True,0.4,125.0,121.6,1.647058823529406,-3.4000000000000057,90,1_day,1,New York Knicks,30,13,0.4333,1610612752,1.2,2026-01-05T00:00:00Z,0022500502,DET,110.47058823529412,119.17647058823529,True,1.6,0.0,115.4,116.4,8.705882352941174,1.0,0,0,121,b2b,0,Detroit Pistons,31,16,0.5161,1610612765,-151,133,2026-01-05,,home_away_nba_game_day_local,2026-03-10T03:53:38.250640+00:00,0,2025,-3.0,3.0,235.0,False
CHI,125.61111111111111,123.05555555555556,True,0.4,118.4,111.6,-2.555555555555557,-6.800000000000011,101,1_day,1,Chicago Bulls,46,16,0.3478,1610612741,0.0,2026-01-05T00:00:00Z,0022500503,BOS,111.23529411764706,119.23529411764706,True,0.4,0.0,115.2,128.6,8.0,13.399999999999991,0,0,115,1_day,1,Boston Celtics,52,20,0.3846,1610612738,402,-510,2026-01-05,,home_away_nba_game_day_local,2026-03-10T03:53:38.250640+00:00,0,2025,11.0,-11.0,236.0,False
ATL,119.0,120.0,True,0.4,120.6,121.6,1.0,1.0,100,1_day,1,Atlanta Hawks,34,12,0.3529,1610612737,0.0,2026-01-05T00:00:00Z,0022500504,TOR,112.5,114.27272727272727,True,0.4,0.0,118.8,120.4,1.7727272727272663,1.6000000000000085,0,0,118,1_day,1,Toronto Raptors,37,12,0.3243,1610612761,139,-158,2026-01-05,,home_away_nba_game_day_local,2026-03-10T03:53:38.250640+00:00,0,2025,3.0,-3.0,235.0,False
PHX,115.75,114.3,True,1.6,110.2,117.6,-1.4500000000000028,7.3999999999999915,97,b2b,0,Phoenix Suns,41,14,0.3415,1610612756,-1.2,2026-01-05T00:00:00Z,0022500505,HOU,110.28571428571429,122.64285714285714,True,0.4,0.0,104.2,117.2,12.357142857142847,13.0,0,0,100,1_day,1,Houston Rockets,37,9,0.2432,1610612745,263,-317,2026-01-05,,home_away_nba_game_day_local,2026-03-10T03:53:38.250640+00:00,0,2025,8.0,-8.0,224.0,False
CHA,118.14285714285714,115.19047619047619,True,0.4,116.2,118.2,-2.952380952380949,2.0,124,1_day,1,Charlotte Hornets,37,19,0.5135,1610612766,1.2,2026-01-05T00:00:00Z,0022500506,OKC,105.61904761904762,121.19047619047619,True,1.6,0.0,106.0,125.8,15.57142857142857,19.799999999999997,0,0,97,b2b,0,Oklahoma City Thunder,39,11,0.2821,1610612760,781,-1174,2026-01-05,,home_away_nba_game_day_local,2026-03-10T03:53:38.250640+00:00,0,2025,15.5,-15.5,233.0,False
DEN,115.56521739130434,120.21739130434783,True,1.95,123.4,115.6,4.652173913043484,-7.800000000000011,125,b2b,0,Denver Nuggets,37,18,0.4865,1610612743,-1.2,2026-01-05T00:00:00Z,0022500507,PHI,116.15,114.15,True,0.75,0.0,120.2,119.6,-2.0,-0.6000000000000085,0,0,124,1_day,1,Philadelphia 76ers,45,17,0.3778,1610612755,471,-615,2026-01-05,,home_away_nba_game_day_local,2026-03-10T03:53:38.250640+00:00,5,2025,12.0,-12.0,230.5,True
GSW,116.0,114.0,True,0.4,123.6,119.2,-2.0,-4.3999999999999915,102,1_day,1,Golden State Warriors,41,10,0.2439,1610612744,0.0,2026-01-05T00:00:00Z,0022500508,LAC,111.61111111111111,113.16666666666667,True,0.4,0.0,107.8,119.0,1.5555555555555571,11.200000000000003,0,0,103,1_day,1,LA Clippers,29,10,0.3448,1610612746,,,2026-01-05,,,,0,2025,,,,False
UTA,124.88235294117646,113.3529411764706,True,0.4,122.6,118.4,-11.52941176470587,-4.199999999999989,117,1_day,1,Utah Jazz,31,13,0.4194,1610612762,0.0,2026-01-05T00:00:00Z,0022500509,POR,119.27777777777777,116.72222222222223,True,0.4,0.0,114.6,114.2,-2.555555555555543,-0.3999999999999915,0,0,137,1_day,1,Portland Trail Blazers,48,19,0.3958,1610612757,195,-228,2026-01-05,,home_away_nba_game_day_local,2026-03-10T03:53:38.250640+00:00,0,2025,6.5,-6.5,244.5,False
CLE,120.41176470588235,119.58823529411765,True,0.4,110.6,113.0,-0.8235294117646959,2.4000000000000057,120,1_day,1,Cleveland Cavaliers,26,10,0.3846,1610612739,0.0,2026-01-06T00:00:00Z,0022500510,IND,117.66666666666667,112.95238095238095,True,0.4,0.0,127.6,117.0,-4.714285714285722,-10.599999999999994,0,0,116,1_day,1,Indiana Pacers,35,16,0.4571,1610612754,-223,191,2026-01-06,,home_away_nba_game_day_local,2026-03-10T03:53:38.250640+00:00,0,2025,-5.5,5.5,236.0,False
ORL,115.6,117.9,True,0.4,118.2,118.8,2.3000000000000114,0.5999999999999943,112,1_day,1,Orlando Magic,33,12,0.3636,1610612753,0.0,2026-01-06T00:00:00Z,0022500511,WAS,125.44444444444444,115.83333333333333,True,0.4,0.0,116.0,113.0,-9.611111111111114,-3.0,0,0,120,1_day,1,Washington Wizards,34,11,0.3235,1610612764,-267,225,2026-01-06,,home_away_nba_game_day_local,2026-03-10T03:53:38.250640+00:00,0,2025,-6.5,6.5,234.0,False
SAS,114.95238095238095,119.80952380952381,True,0.15,120.0,116.4,4.857142857142861,-3.5999999999999943,105,2_days,2,San Antonio Spurs,46,14,0.3043,1610612759,0.25,2026-01-06T00:00:00Z,0022500512,MEM,117.52631578947368,117.52631578947368,True,0.4,0.0,121.4,121.6,0.0,0.19999999999998863,0,0,106,1_day,1,Memphis Grizzlies,49,18,0.3673,1610612763,-219,188,2026-01-06,,home_away_nba_game_day_local,2026-03-10T03:53:38.250640+00:00,0,2025,-6.0,6.0,238.0,False
MIA,117.89473684210526,118.73684210526316,True,0.4,116.4,129.4,0.8421052631579045,13.0,94,1_day,1,Miami Heat,37,12,0.3243,1610612748,0.0,2026-01-06T00:00:00Z,0022500513,MIN,111.42105263157895,116.42105263157895,True,0.4,0.0,116.0,122.2,5.0,6.200000000000003,0,0,122,1_day,1,Minnesota Timberwolves,39,14,0.359,1610612750,185,-214,2026-01-06,,home_away_nba_game_day_local,2026-03-10T03:53:38.250640+00:00,0,2025,5.5,-5.5,237.5,False
LAL,114.89473684210526,112.89473684210526,True,0.4,116.6,115.0,-2.0,-1.5999999999999943,111,1_day,1,Los Angeles Lakers,31,11,0.3548,1610612747,0.0,2026-01-06T00:00:00Z,0022500514,NOP,123.8695652173913,119.21739130434783,True,0.4,0.0,126.8,114.4,-4.65217391304347,-12.399999999999991,0,0,103,1_day,1,New Orleans Pelicans,40,10,0.25,1610612740,-209,182,2026-01-06,,home_away_nba_game_day_local,2026-03-10T03:53:38.250640+00:00,0,2025,-4.5,4.5,241.5,False
DAL,117.33333333333333,113.33333333333333,True,0.15,118.2,112.6,-4.0,-5.6000000000000085,100,2_days,2,Dallas Mavericks,27,8,0.2963,1610612742,0.25,2026-01-06T00:00:00Z,0022500515,SAC,120.63157894736842,109.26315789473684,True,0.4,0.0,124.0,99.4,-11.36842105263159,-24.599999999999994,0,0,98,1_day,1,Sacramento Kings,31,9,0.2903,1610612758,-204,179,2026-01-06,,home_away_nba_game_day_local,2026-03-10T03:53:38.250640+00:00,0,2025,-5.5,5.5,231.5,False
TOR,112.75,114.45,True,0.4,111.2,120.6,1.7000000000000028,9.399999999999991,97,1_day,1,Toronto Raptors,34,7,0.2059,1610612761,0.0,2026-01-07T00:00:00Z,0022500516,CHA,119.3157894736842,117.78947368421052,True,0.4,0.0,114.6,119.0,-1.526315789473685,4.400000000000006,0,0,96,1_day,1,Charlotte Hornets,38,14,0.3684,1610612766,-133,117,2026-01-07,,home_away_nba_game_day_local,2026-03-10T03:53:38.250640+00:00,0,2025,-2.5,2.5,230.0,False
CHI,125.05263157894737,121.89473684210526,True,0.4,119.0,111.2,-3.1578947368421098,-7.799999999999997,93,1_day,1,Chicago Bulls,34,13,0.3824,1610612741,0.0,2026-01-07T00:00:00Z,0022500517,DET,109.33333333333333,119.27777777777777,True,0.4,0.0,107.2,114.8,9.944444444444443,7.599999999999994,0,0,108,1_day,1,Detroit Pistons,33,12,0.3636,1610612765,370,-464,2026-01-07,,home_away_nba_game_day_local,2026-03-10T03:53:38.250640+00:00,0,2025,10.5,-10.5,234.0,False
WAS,121.36842105263158,110.57894736842105,True,1.6,116.0,113.8,-10.78947368421052,-2.200000000000003,110,b2b,0,Washington Wizards,33,13,0.3939,1610612764,-1.2,2026-01-07T00:00:00Z,0022500518,PHI,116.57142857142857,114.61904761904762,True,0.4,0.0,123.4,124.0,-1.952380952380949,0.5999999999999943,0,0,131,1_day,1,Philadelphia 76ers,37,14,0.3784,1610612755,468,-610,2026-01-07,,home_away_nba_game_day_local,2026-03-10T03:53:38.250640+00:00,0,2025,12.0,-12.0,235.5,False
NOP,123.0625,110.75,True,1.6,124.4,112.2,-12.3125,-12.200000000000003,100,b2b,0,New Orleans Pelicans,28,8,0.2857,1610612740,-1.2,2026-01-07T00:00:00Z,0022500519,ATL,121.47368421052632,117.42105263157895,True,0.4,0.0,118.6,116.6,-4.05263157894737,-2.0,0,0,117,1_day,1,Atlanta Hawks,47,18,0.383,1610612737,377,-474,2026-01-07,,home_away_nba_game_day_local,2026-03-10T03:53:38.250640+00:00,0,2025,10.5,-10.5,246.0,False
DEN,115.91666666666667,120.41666666666667,True,0.4,122.8,115.4,4.5,-7.3999999999999915,114,1_day,1,Denver Nuggets,44,20,0.4545,1610612743,0.0,2026-01-07T00:00:00Z,0022500520,BOS,110.66666666666667,119.0,True,0.4,0.0,111.0,123.6,8.333333333333329,12.599999999999994,0,0,110,1_day,1,Boston Celtics,38,15,0.3947,1610612738,304,-371,2026-01-07,,home_away_nba_game_day_local,2026-03-10T03:53:38.250640+00:00,0,2025,9.5,-9.5,231.5,False
ORL,115.80952380952381,117.61904761904762,True,1.95,117.0,115.8,1.8095238095238102,-1.2000000000000028,104,b2b,0,Orlando Magic,33,9,0.2727,1610612753,-1.45,2026-01-07T00:00:00Z,0022500521,BKN,114.21052631578948,109.89473684210526,True,0.5,0.0,116.2,110.4,-4.3157894736842195,-5.799999999999997,0,0,103,2_days,2,Brooklyn Nets,51,17,0.3333,1610612751,-123,107,2026-01-07,,home_away_nba_game_day_local,2026-03-10T03:53:38.250640+00:00,5,2025,-1.5,1.5,223.0,True
LAC,114.84210526315789,110.15789473684211,True,0.4,107.6,115.8,-4.6842105263157805,8.200000000000003,111,1_day,1,LA Clippers,42,15,0.3571,1610612746,0.0,2026-01-07T00:00:00Z,0022500522,NYK,110.70833333333333,118.70833333333333,True,0.4,0.0,124.2,114.0,8.0,-10.200000000000003,0,0,123,1_day,1,New York Knicks,33,14,0.4242,1610612752,,,2026-01-07,,,,0,2025,,,,False
LAL,114.3,112.8,True,1.6,113.4,118.0,-1.5,4.599999999999994,91,b2b,0,Los Angeles Lakers,39,9,0.2308,1610612747,0.0,2026-01-07T00:00:00Z,0022500523,SAS,113.42105263157895,120.57894736842105,True,1.6,0.0,115.8,114.6,7.15789473684211,-1.2000000000000028,0,0,107,b2b,0,San Antonio Spurs,25,4,0.16,1610612759,225,-267,2026-01-07,,home_away_nba_game_day_local,2026-03-10T03:53:38.250640+00:00,0,2025,8.0,-8.0,235.0,False
PHX,115.0,113.47619047619048,True,0.4,107.4,112.4,-1.5238095238095184,5.0,117,1_day,1,Phoenix Suns,56,22,0.3929,1610612756,1.2,2026-01-07T00:00:00Z,0022500524,MEM,116.9,116.95,True,1.6,0.0,121.6,117.8,0.04999999999999716,-3.799999999999997,0,0,98,b2b,0,Memphis Grizzlies,37,12,0.3243,1610612763,-195,171,2026-01-07,,home_away_nba_game_day_local,2026-03-10T03:53:38.250640+00:00,0,2025,-4.5,4.5,232.5,False
UTA,125.55555555555556,113.55555555555556,True,0.75,124.2,115.6,-12.0,-8.600000000000009,125,1_day,1,Utah Jazz,41,11,0.2683,1610612762,0.0,2026-01-07T00:00:00Z,0022500525,OKC,106.45454545454545,120.0909090909091,True,0.75,0.0,110.0,119.4,13.63636363636364,9.400000000000006,0,0,129,1_day,1,Oklahoma City Thunder,38,7,0.1842,1610612760,804,-1222,2026-01-07,,home_away_nba_game_day_local,2026-03-10T03:53:38.250640+00:00,5,2025,18.5,-18.5,241.5,True
MIL,113.7,110.05,True,0.15,109.8,117.0,-3.6500000000000057,7.200000000000003,113,2_days,2,Milwaukee Bucks,32,14,0.4375,1610612749,0.25,2026-01-07T00:00:00Z,0022500526,GSW,111.52631578947368,116.63157894736842,True,0.4,0.0,116.0,114.2,5.10526315789474,-1.7999999999999972,0,0,120,1_day,1,Golden State Warriors,47,18,0.383,1610612744,198,-232,2026-01-07,,home_away_nba_game_day_local,2026-03-10T03:53:38.250640+00:00,0,2025,6.5,-6.5,229.5,False
HOU,113.81818181818181,120.36363636363636,True,0.4,104.4,113.4,6.545454545454547,9.0,102,1_day,1,Houston Rockets,36,8,0.2222,1610612745,0.0,2026-01-07T00:00:00Z,0022500527,POR,119.15789473684211,117.78947368421052,True,0.4,0.0,116.4,118.8,-1.3684210526315894,2.3999999999999915,0,0,103,1_day,1,Portland Trail Blazers,40,12,0.3,1610612757,-258,218,2026-01-07,,home_away_nba_game_day_local,2026-03-10T03:53:38.250640+00:00,0,2025,-6.5,6.5,225.0,False
IND,122.63157894736842,109.10526315789474,True,0.4,123.2,117.0,-13.526315789473685,-6.200000000000003,114,1_day,1,Indiana Pacers,27,12,0.4444,1610612754,1.2,2026-01-08T00:00:00Z,0022500528,CHA,118.2,116.7,True,1.6,0.0,109.4,115.6,-1.5,6.199999999999989,0,0,112,b2b,0,Charlotte Hornets,44,16,0.3636,1610612766,146,-165,2026-01-08,,home_away_nba_game_day_local,2026-03-10T03:53:38.250640+00:00,0,2025,3.5,-3.5,231.0,False
CLE,120.16666666666667,119.61111111111111,True,0.4,110.4,117.0,-0.5555555555555571,6.599999999999994,122,1_day,1,Cleveland Cavaliers,33,11,0.3333,1610612739,0.0,2026-01-08T00:00:00Z,0022500530,MIN,110.55,116.7,True,0.4,0.0,110.2,125.2,6.150000000000006,15.0,0,0,131,1_day,1,Minnesota Timberwolves,38,20,0.5263,1610612750,124,-141,2026-01-08,,home_away_nba_game_day_local,2026-03-10T03:53:38.250640+00:00,0,2025,2.5,-2.5,240.5,False
DAL,116.3157894736842,112.63157894736842,True,0.4,112.6,109.4,-3.6842105263157805,-3.1999999999999886,114,1_day,1,Dallas Mavericks,36,15,0.4167,1610612742,1.2,2026-01-08T00:00:00Z,0022500531,UTA,128.71428571428572,125.33333333333333,True,1.6,0.0,127.2,115.2,-3.380952380952394,-12.0,0,0,116,b2b,0,Utah Jazz,41,13,0.3171,1610612762,-267,225,2026-01-08,,home_away_nba_game_day_local,2026-03-10T03:53:38.250640+00:00,0,2025,-7.5,7.5,242.0,False
TOR,111.95238095238095,113.61904761904762,True,0.4,105.0,111.8,1.6666666666666714,6.799999999999997,117,1_day,1,Toronto Raptors,47,18,0.383,1610612761,0.0,2026-01-09T00:00:00Z,0022500532,BOS,110.84210526315789,118.52631578947368,True,0.4,0.0,111.0,124.0,7.684210526315795,13.0,0,0,125,1_day,1,Boston Celtics,28,14,0.5,1610612738,267,-322,2026-01-09,,home_away_nba_game_day_local,2026-03-10T03:53:38.250640+00:00,0,2025,8.5,-8.5,224.5,False
PHI,115.23529411764706,117.11764705882354,True,0.4,119.6,129.4,1.8823529411764781,9.800000000000011,103,1_day,1,Philadelphia 76ers,28,4,0.1429,1610612755,0.0,2026-01-09T00:00:00Z,0022500533,ORL,114.45,118.1,True,0.4,0.0,116.2,115.4,3.6499999999999915,-0.7999999999999972,0,0,91,1_day,1,Orlando Magic,29,4,0.1379,1610612753,-142,125,2026-01-09,,home_away_nba_game_day_local,2026-03-10T03:53:38.250640+00:00,0,2025,-2.5,2.5,226.5,False
NOP,122.70588235294117,110.11764705882354,True,0.4,121.8,107.2,-12.588235294117638,-14.599999999999994,128,1_day,1,New Orleans Pelicans,34,11,0.3235,1610612740,0.0,2026-01-09T00:00:00Z,0022500534,WAS,124.73684210526316,116.05263157894737,True,0.4,0.0,119.2,115.6,-8.684210526315795,-3.6000000000000085,0,0,107,1_day,1,Washington Wizards,35,11,0.3143,1610612764,-138,122,2026-01-09,,home_away_nba_game_day_local,2026-03-10T03:53:38.250640+00:00,0,2025,-2.5,2.5,242.0,False
LAC,115.25,110.2,True,0.4,112.4,115.6,-5.049999999999997,3.1999999999999886,121,1_day,1,LA Clippers,24,14,0.5833,1610612746,0.0,2026-01-09T00:00:00Z,0022500535,BKN,113.7,109.55,True,0.4,0.0,115.6,106.4,-4.150000000000006,-9.199999999999989,0,0,105,1_day,1,Brooklyn Nets,47,15,0.3191,1610612751,,,2026-01-09,,,,0,2025,,,,False
OKC,109.28571428571429,119.0952380952381,True,0.4,109.2,117.2,9.80952380952381,8.0,117,1_day,1,Oklahoma City Thunder,37,9,0.2432,1610612760,0.0,2026-01-09T00:00:00Z,0022500536,MEM,116.9047619047619,116.04761904761905,True,0.4,0.0,121.8,115.0,-0.857142857142847,-6.799999999999997,0,0,116,1_day,1,Memphis Grizzlies,41,14,0.3415,1610612763,-185,162,2026-01-09,,home_away_nba_game_day_local,2026-03-10T03:53:38.250640+00:00,0,2025,-4.0,4.0,229.0,False
ATL,118.95652173913044,119.1304347826087,True,0.4,110.6,114.2,0.1739130434782652,3.6000000000000085,110,1_day,1,Atlanta Hawks,43,16,0.3721,1610612737,0.0,2026-01-09T00:00:00Z,0022500537,DEN,118.52941176470588,125.41176470588235,True,0.4,0.0,115.4,113.6,6.882352941176464,-1.8000000000000114,0,0,87,1_day,1,Denver Nuggets,32,11,0.3438,1610612743,-103,-113,2026-01-09,,home_away_nba_game_day_local,2026-03-10T03:53:38.250640+00:00,0,2025,1.0,-1.0,235.5,False
NYK,117.33333333333333,117.16666666666667,True,0.4,121.4,112.6,-0.1666666666666572,-8.800000000000011,107,1_day,1,New York Knicks,41,16,0.3902,1610612752,0.0,2026-01-09T00:00:00Z,0022500538,PHX,108.89473684210526,116.05263157894737,True,0.4,0.0,106.8,112.8,7.15789473684211,6.0,0,0,112,1_day,1,Phoenix Suns,42,16,0.381,1610612756,-123,107,2026-01-09,,home_away_nba_game_day_local,2026-03-10T03:53:38.250640+00:00,0,2025,-1.5,1.5,230.0,False
SAC,123.23809523809524,111.76190476190476,True,0.15,119.0,98.8,-11.476190476190482,-20.200000000000003,103,2_days,2,Sacramento Kings,27,7,0.2593,1610612758,0.25,2026-01-09T00:00:00Z,0022500539,GSW,111.6,116.8,True,0.4,0.0,117.2,114.2,5.200000000000003,-3.0,0,0,137,1_day,1,Golden State Warriors,45,19,0.4222,1610612744,487,-640,2026-01-09,,home_away_nba_game_day_local,2026-03-10T03:53:38.250640+00:00,0,2025,13.5,-13.5,229.0,False
HOU,113.34782608695652,119.56521739130434,True,0.4,105.0,110.4,6.217391304347828,5.400000000000006,105,1_day,1,Houston Rockets,44,10,0.2273,1610612745,0.0,2026-01-09T00:00:00Z,0022500540,POR,118.3,117.05,True,0.4,0.0,112.4,114.4,-1.25,2.0,0,0,111,1_day,1,Portland Trail Blazers,44,16,0.3636,1610612757,-258,218,2026-01-09,,home_away_nba_game_day_local,2026-03-10T03:53:38.250640+00:00,0,2025,-6.5,6.5,225.0,False
MIL,114.0,110.19047619047619,True,0.4,113.2,117.2,-3.80952380952381,4.0,105,1_day,1,Milwaukee Bucks,34,12,0.3529,1610612749,0.0,2026-01-09T00:00:00Z,0022500541,LAL,118.4,117.45,True,0.4,0.0,114.6,111.2,-0.9500000000000028,-3.3999999999999915,0,0,101,1_day,1,Los Angeles Lakers,36,15,0.4167,1610612747,146,-165,2026-01-09,,home_away_nba_game_day_local,2026-03-10T03:53:38.250640+00:00,0,2025,3.0,-3.0,231.5,False
MIN,118.72727272727273,121.68181818181819,True,0.4,114.4,124.2,2.9545454545454533,9.799999999999997,134,1_day,1,Minnesota Timberwolves,32,16,0.5,1610612750,0.0,2026-01-10T00:00:00Z,0022500542,CLE,114.58333333333333,117.95833333333333,True,0.4,0.0,116.4,118.8,3.375,2.3999999999999915,0,0,146,1_day,1,Cleveland Cavaliers,31,15,0.4839,1610612739,138,-157,2026-01-10,,home_away_nba_game_day_local,2026-03-10T03:53:38.250640+00:00,0,2025,3.5,-3.5,238.5,False
MIA,118.1,117.5,False,0.0,117.6,119.8,-0.5999999999999943,2.200000000000003,99,3_plus_days,3,Miami Heat,30,4,0.1333,1610612748,0.4,2026-01-10T00:00:00Z,0022500543,IND,117.77272727272727,113.0909090909091,True,0.4,0.0,120.4,116.0,-4.681818181818173,-4.400000000000006,0,0,123,1_day,1,Indiana Pacers,40,17,0.425,1610612754,-307,256,2026-01-10,,home_away_nba_game_day_local,2026-03-10T03:53:38.250640+00:00,0,2025,-7.5,7.5,234.5,False
LAC,114.76190476190476,110.71428571428571,True,1.6,115.4,113.6,-4.047619047619051,-1.8000000000000114,98,b2b,0,LA Clippers,31,11,0.3548,1610612746,-1.45,2026-01-10T00:00:00Z,0022500544,DET,108.47368421052632,118.6842105263158,True,0.15,0.0,103.4,116.6,10.21052631578948,13.199999999999989,0,0,92,2_days,2,Detroit Pistons,35,8,0.2286,1610612765,,,2026-01-10,,,,0,2025,,,,False
SAS,114.54545454545455,119.13636363636364,True,0.15,111.4,115.8,4.5909090909090935,4.3999999999999915,100,2_days,2,San Antonio Spurs,44,10,0.2273,1610612759,1.45,2026-01-10T00:00:00Z,0022500545,BOS,111.15,118.85,True,1.6,0.0,110.6,123.2,7.699999999999989,12.600000000000009,0,0,95,b2b,0,Boston Celtics,44,16,0.3636,1610612738,-106,-110,2026-01-10,,home_away_nba_game_day_local,2026-03-10T03:53:38.250640+00:00,0,2025,1.0,-1.0,230.5,False
DAL,116.3,112.7,True,0.4,113.2,110.8,-3.5999999999999943,-2.4000000000000057,107,1_day,1,Dallas Mavericks,35,13,0.3714,1610612742,-0.25,2026-01-10T00:00:00Z,0022500546,CHI,118.22727272727273,114.77272727272727,True,0.15,0.0,113.4,109.6,-3.4545454545454675,-3.8000000000000114,0,0,125,2_days,2,Chicago Bulls,46,15,0.3261,1610612741,132,-149,2026-01-10,,home_away_nba_game_day_local,2026-03-10T03:53:38.250640+00:00,0,2025,3.5,-3.5,233.5,False
CHA,117.18181818181819,115.5909090909091,True,0.4,105.8,113.0,-1.5909090909090935,7.200000000000003,150,1_day,1,Charlotte Hornets,59,24,0.4068,1610612766,0.0,2026-01-10T00:00:00Z,0022500547,UTA,128.04545454545453,124.9090909090909,True,0.4,0.0,124.2,114.6,-3.136363636363626,-9.600000000000009,0,0,95,1_day,1,Utah Jazz,31,7,0.2258,1610612762,-175,154,2026-01-10,,home_away_nba_game_day_local,2026-03-10T03:53:38.250640+00:00,0,2025,-4.5,4.5,236.0,False
NOP,121.83333333333333,111.11111111111111,True,0.4,116.4,109.2,-10.722222222222214,-7.200000000000003,118,1_day,1,New Orleans Pelicans,26,14,0.5385,1610612740,0.0,2026-01-11T00:00:00Z,0022500548,ORL,113.9047619047619,116.80952380952381,True,0.4,0.0,114.8,111.2,2.904761904761912,-3.5999999999999943,0,0,128,1_day,1,Orlando Magic,24,11,0.4583,1610612753,210,-248,2026-01-11,,home_away_nba_game_day_local,2026-03-10T03:53:38.250640+00:00,0,2025,6.5,-6.5,233.5,False
BKN,115.3529411764706,110.3529411764706,True,0.4,115.8,106.0,-5.0,-9.799999999999997,98,1_day,1,Brooklyn Nets,48,18,0.375,1610612751,0.0,2026-01-11T00:00:00Z,0022500549,MEM,116.9090909090909,116.04545454545455,True,0.4,0.0,117.4,111.0,-0.8636363636363598,-6.400000000000006,0,0,103,1_day,1,Memphis Grizzlies,34,11,0.3235,1610612763,225,-267,2026-01-11,,home_away_nba_game_day_local,2026-03-10T03:53:38.250640+00:00,0,2025,7.0,-7.0,221.0,False
PHI,113.88888888888889,116.33333333333333,True,0.75,110.6,122.2,2.444444444444443,11.600000000000009,115,1_day,1,Philadelphia 76ers,31,8,0.2581,1610612755,0.0,2026-01-11T00:00:00Z,0022500550,TOR,111.95652173913044,114.43478260869566,True,0.75,0.0,108.8,113.8,2.4782608695652186,5.0,0,0,116,1_day,1,Toronto Raptors,32,5,0.1562,1610612761,-171,151,2026-01-11,,home_away_nba_game_day_local,2026-03-10T03:53:38.250640+00:00,5,2025,-4.5,4.5,221.5,True
NYK,117.05263157894737,116.63157894736842,True,0.4,117.0,107.6,-0.4210526315789451,-9.400000000000006,123,1_day,1,New York Knicks,46,17,0.3696,1610612752,0.0,2026-01-11T00:00:00Z,0022500551,POR,117.66666666666667,116.76190476190476,True,0.4,0.0,108.6,117.6,-0.9047619047619122,9.0,0,0,114,1_day,1,Portland Trail Blazers,39,12,0.3077,1610612757,-185,162,2026-01-11,,home_away_nba_game_day_local,2026-03-10T03:53:38.250640+00:00,0,2025,-4.5,4.5,231.0,False
SAS,113.69565217391305,118.30434782608695,True,1.6,104.0,109.0,4.608695652173907,5.0,103,b2b,0,San Antonio Spurs,38,13,0.3421,1610612759,0.0,2026-01-11T00:00:00Z,0022500552,MIN,111.0952380952381,117.38095238095238,True,1.6,0.0,118.4,130.6,6.285714285714278,12.199999999999989,0,0,104,b2b,0,Minnesota Timberwolves,39,12,0.3077,1610612750,122,-138,2026-01-11,,home_away_nba_game_day_local,2026-03-10T03:53:38.250640+00:00,0,2025,3.0,-3.0,235.0,False
MIA,118.33333333333333,116.61904761904762,True,1.6,117.6,110.2,-1.7142857142857082,-7.3999999999999915,112,b2b,0,Miami Heat,32,17,0.5312,1610612748,-1.2,2026-01-11T00:00:00Z,0022500553,OKC,107.26086956521739,120.47826086956522,True,0.4,0.0,113.4,115.8,13.217391304347828,2.3999999999999915,0,0,124,1_day,1,Oklahoma City Thunder,34,10,0.2941,1610612760,603,-834,2026-01-11,,home_away_nba_game_day_local,2026-03-10T03:53:38.250640+00:00,0,2025,14.5,-14.5,232.0,False
MIL,113.4090909090909,109.95454545454545,True,0.4,110.8,113.6,-3.4545454545454533,2.799999999999997,104,1_day,1,Milwaukee Bucks,34,14,0.4118,1610612749,0.0,2026-01-11T00:00:00Z,0022500554,DEN,118.05555555555556,123.27777777777777,True,0.4,0.0,116.8,109.8,5.222222222222214,-7.0,0,0,108,1_day,1,Denver Nuggets,35,14,0.4,1610612743,-138,122,2026-01-11,,home_away_nba_game_day_local,2026-03-10T03:53:38.250640+00:00,0,2025,-2.5,2.5,223.0,False
WAS,121.85,110.55,True,0.4,122.2,114.2,-11.299999999999997,-8.0,93,1_day,1,Washington Wizards,30,7,0.2333,1610612764,0.0,2026-01-11T00:00:00Z,0022500555,PHX,108.8,115.85,True,0.4,0.0,102.4,112.6,7.049999999999997,10.199999999999989,0,0,112,1_day,1,Phoenix Suns,52,17,0.3269,1610612756,603,-834,2026-01-11,,home_away_nba_game_day_local,2026-03-10T03:53:38.250640+00:00,0,2025,14.0,-14.0,229.5,False
ATL,117.625,118.75,True,0.4,107.6,111.0,1.125,3.4000000000000057,124,1_day,1,Atlanta Hawks,39,15,0.3846,1610612737,0.0,2026-01-11T00:00:00Z,0022500556,GSW,111.19047619047619,117.76190476190476,True,0.4,0.0,112.8,115.2,6.571428571428569,2.4000000000000057,0,0,111,1_day,1,Golden State Warriors,42,10,0.2381,1610612744,191,-223,2026-01-11,,home_away_nba_game_day_local,2026-03-10T03:53:38.250640+00:00,0,2025,6.0,-6.0,233.5,False
HOU,113.25,118.95833333333333,True,0.4,103.4,106.2,5.708333333333329,2.799999999999997,98,1_day,1,Houston Rockets,30,7,0.2333,1610612745,0.0,2026-01-11T00:00:00Z,0022500557,SAC,119.6,108.7,True,0.4,0.0,120.2,101.4,-10.899999999999991,-18.799999999999997,0,0,111,1_day,1,Sacramento Kings,23,8,0.3478,1610612758,-600,462,2026-01-11,,home_away_nba_game_day_local,2026-03-10T03:53:38.250640+00:00,0,2025,-12.0,12.0,222.0,False
UTA,125.73684210526316,114.15789473684211,True,0.4,130.6,113.4,-11.578947368421055,-17.19999999999999,123,1_day,1,Utah Jazz,41,18,0.439,1610612762,0.0,2026-01-12T00:00:00Z,0022500558,CLE,115.36,119.08,True,0.4,0.0,120.6,122.2,3.719999999999999,1.6000000000000085,0,0,112,1_day,1,Cleveland Cavaliers,41,17,0.4146,1610612739,530,-708,2026-01-12,,home_away_nba_game_day_local,2026-03-10T03:53:38.250640+00:00,0,2025,13.0,-13.0,250.5,False
BOS,109.47619047619048,116.85714285714286,True,0.4,109.4,118.2,7.38095238095238,8.799999999999997,96,1_day,1,Boston Celtics,35,9,0.2571,1610612738,0.0,2026-01-12T00:00:00Z,0022500559,IND,116.95652173913044,113.52173913043478,True,0.4,0.0,117.8,118.6,-3.434782608695656,0.7999999999999972,0,0,98,1_day,1,Indiana Pacers,37,16,0.4324,1610612754,-232,198,2026-01-12,,home_away_nba_game_day_local,2026-03-10T03:53:38.250640+00:00,0,2025,-6.0,6.0,224.5,False
PHI,114.0,116.26315789473684,True,1.6,112.2,120.6,2.2631578947368354,8.399999999999991,115,b2b,0,Philadelphia 76ers,36,16,0.4444,1610612755,0.0,2026-01-12T00:00:00Z,0022500560,TOR,112.08333333333333,114.5,True,1.6,0.0,110.6,116.4,2.4166666666666714,5.800000000000011,0,0,102,b2b,0,Toronto Raptors,37,6,0.1622,1610612761,-171,151,2026-01-12,,home_away_nba_game_day_local,2026-03-10T03:53:38.250640+00:00,0,2025,-4.5,4.5,221.5,False
BKN,114.66666666666667,109.66666666666667,True,1.6,112.4,106.4,-5.0,-6.0,105,b2b,0,Brooklyn Nets,37,9,0.2432,1610612751,-1.2,2026-01-12T00:00:00Z,0022500561,DAL,114.5909090909091,113.72727272727273,True,0.4,0.0,113.2,107.8,-0.8636363636363598,-5.400000000000006,0,0,113,1_day,1,Dallas Mavericks,34,15,0.4412,1610612742,150,-170,2026-01-12,,home_away_nba_game_day_local,2026-03-10T03:53:38.250640+00:00,0,2025,4.0,-4.0,221.5,False
LAL,113.95238095238095,111.76190476190476,True,0.15,110.0,110.2,-2.19047619047619,0.20000000000000284,112,2_days,2,Los Angeles Lakers,36,8,0.2222,1610612747,1.45,2026-01-12T00:00:00Z,0022500562,SAC,118.57142857142857,108.80952380952381,True,1.6,0.0,115.8,102.4,-9.76190476190476,-13.399999999999991,0,0,124,b2b,0,Sacramento Kings,26,17,0.6538,1610612758,-380,311,2026-01-12,,home_away_nba_game_day_local,2026-03-10T03:53:38.250640+00:00,0,2025,-9.0,9.0,226.5,False
CHA,116.21739130434783,117.08695652173913,True,0.4,100.4,118.8,0.8695652173912976,18.39999999999999,109,1_day,1,Charlotte Hornets,33,10,0.303,1610612766,0.0,2026-01-12T00:00:00Z,0022500563,LAC,111.10526315789474,112.63157894736842,True,0.4,0.0,113.6,109.6,1.526315789473685,-4.0,0,0,117,1_day,1,LA Clippers,49,18,0.3673,1610612746,,,2026-01-12,,,,0,2025,,,,False
PHX,114.22727272727273,113.63636363636364,True,0.4,100.6,109.2,-0.5909090909090935,8.600000000000009,121,1_day,1,Phoenix Suns,48,14,0.2917,1610612756,0.0,2026-01-13T00:00:00Z,0022500564,MIA,117.52173913043478,119.95652173913044,True,0.4,0.0,120.0,109.0,2.434782608695656,-11.0,0,0,127,1_day,1,Miami Heat,38,13,0.3421,1610612748,-105,-111,2026-01-13,,home_away_nba_game_day_local,2026-03-10T03:53:38.250640+00:00,0,2025,1.0,-1.0,230.5,False
CHI,124.2,120.45,True,0.15,111.2,107.8,-3.75,-3.4000000000000057,113,2_days,2,Chicago Bulls,37,12,0.3243,1610612741,0.25,2026-01-13T00:00:00Z,0022500565,HOU,109.4,121.13333333333334,True,0.4,0.0,106.4,101.8,11.733333333333334,-4.6000000000000085,0,0,119,1_day,1,Houston Rockets,24,7,0.2917,1610612745,404,-513,2026-01-13,,home_away_nba_game_day_local,2026-03-10T03:53:38.250640+00:00,0,2025,13.0,-13.0,224.0,False
MIN,119.91304347826087,122.21739130434783,True,0.4,116.0,126.4,2.3043478260869534,10.400000000000006,139,1_day,1,Minnesota Timberwolves,42,22,0.5238,1610612750,0.0,2026-01-13T00:00:00Z,0022500566,MIL,116.3,116.9,True,0.4,0.0,109.6,111.8,0.6000000000000085,2.200000000000003,0,0,106,1_day,1,Milwaukee Bucks,36,13,0.3611,1610612749,132,-149,2026-01-13,,home_away_nba_game_day_local,2026-03-10T03:53:38.250640+00:00,0,2025,3.0,-3.0,228.5,False
DEN,115.68,120.16,True,0.4,115.0,109.8,4.47999999999999,-5.200000000000003,122,1_day,1,Denver Nuggets,35,14,0.4,1610612743,0.0,2026-01-13T00:00:00Z,0022500567,NOP,123.33333333333333,118.54166666666667,True,0.4,0.0,117.6,111.0,-4.791666666666657,-6.599999999999994,0,0,116,1_day,1,New Orleans Pelicans,29,11,0.3793,1610612740,-136,120,2026-01-13,,home_away_nba_game_day_local,2026-03-10T03:53:38.250640+00:00,0,2025,-2.5,2.5,234.0,False
SAS,113.29166666666667,117.66666666666667,True,0.4,102.2,105.0,4.375,2.799999999999997,98,1_day,1,San Antonio Spurs,37,13,0.3514,1610612759,0.0,2026-01-13T00:00:00Z,0022500568,OKC,107.45833333333333,120.625,True,0.4,0.0,117.0,114.4,13.166666666666671,-2.5999999999999943,0,0,119,1_day,1,Oklahoma City Thunder,30,11,0.3667,1610612760,229,-272,2026-01-13,,home_away_nba_game_day_local,2026-03-10T03:53:38.250640+00:00,0,2025,8.0,-8.0,228.5,False
ATL,117.36,118.96,True,0.4,110.0,113.6,1.5999999999999943,3.5999999999999943,116,1_day,1,Atlanta Hawks,46,13,0.2826,1610612737,1.2,2026-01-13T00:00:00Z,0022500569,LAL,117.76190476190476,116.66666666666667,True,1.6,0.0,110.6,107.0,-1.0952380952380878,-3.5999999999999943,0,0,141,b2b,0,Los Angeles Lakers,34,19,0.5588,1610612747,-158,139,2026-01-13,,home_away_nba_game_day_local,2026-03-10T03:53:38.250640+00:00,0,2025,-3.5,3.5,232.0,False
POR,121.0,116.95454545454545,True,0.4,111.4,116.0,-4.045454545454547,4.599999999999994,97,1_day,1,Portland Trail Blazers,47,14,0.2979,1610612757,0.0,2026-01-13T00:00:00Z,0022500570,GSW,111.77272727272727,117.45454545454545,True,0.4,0.0,111.4,118.6,5.681818181818187,7.199999999999989,0,0,119,1_day,1,Golden State Warriors,57,23,0.4035,1610612744,321,-395,2026-01-13,,home_away_nba_game_day_local,2026-03-10T03:53:38.250640+00:00,0,2025,10.0,-10.0,223.5,False
TOR,112.54545454545455,113.77272727272727,True,0.4,110.2,110.0,1.2272727272727195,-0.20000000000000284,115,1_day,1,Toronto Raptors,28,10,0.3571,1610612761,0.0,2026-01-14T00:00:00Z,0022500571,IND,116.08333333333333,112.875,True,0.4,0.0,112.4,115.6,-3.2083333333333286,3.1999999999999886,0,0,101,1_day,1,Indiana Pacers,42,12,0.2857,1610612754,-138,122,2026-01-14,,home_away_nba_game_day_local,2026-03-10T03:53:38.250640+00:00,0,2025,-2.5,2.5,223.5,False
CLE,120.73684210526316,119.73684210526316,True,0.4,123.6,122.0,-1.0,-1.5999999999999943,133,1_day,1,Cleveland Cavaliers,46,20,0.4348,1610612739,0.0,2026-01-14T00:00:00Z,0022500572,PHI,116.27272727272727,115.36363636363636,True,0.4,0.0,108.8,117.6,-0.9090909090909065,8.799999999999997,0,0,107,1_day,1,Philadelphia 76ers,43,12,0.2791,1610612755,-103,-113,2026-01-14,,home_away_nba_game_day_local,2026-03-10T03:53:38.250640+00:00,0,2025,1.0,-1.0,238.0,False
UTA,125.05,114.6,True,0.4,128.4,115.2,-10.450000000000003,-13.200000000000003,126,1_day,1,Utah Jazz,28,8,0.2857,1610612762,1.2,2026-01-14T00:00:00Z,0022500573,CHI,117.73913043478261,115.21739130434783,True,1.6,0.0,112.2,106.2,-2.5217391304347814,-6.0,0,0,128,b2b,0,Chicago Bulls,43,17,0.3953,1610612741,117,-133,2026-01-14,,home_away_nba_game_day_local,2026-03-10T03:53:38.250640+00:00,0,2025,2.5,-2.5,245.0,False
BKN,114.57894736842105,109.42105263157895,True,0.4,111.2,107.6,-5.15789473684211,-3.6000000000000085,113,1_day,1,Brooklyn Nets,43,16,0.3721,1610612751,1.2,2026-01-14T00:00:00Z,0022500574,NOP,123.28,118.44,True,1.6,0.0,117.0,113.0,-4.840000000000003,-4.0,0,0,116,b2b,0,New Orleans Pelicans,33,11,0.3333,1610612740,-128,112,2026-01-14,,home_away_nba_game_day_local,2026-03-10T03:53:38.250640+00:00,0,2025,-2.0,2.0,228.5,False
DEN,115.6923076923077,120.23076923076923,True,1.6,112.8,111.2,4.538461538461533,-1.5999999999999943,118,b2b,0,Denver Nuggets,38,16,0.4211,1610612743,-1.2,2026-01-14T00:00:00Z,0022500575,DAL,114.17391304347827,113.69565217391305,True,0.4,0.0,109.6,108.8,-0.4782608695652186,-0.7999999999999972,0,0,109,1_day,1,Dallas Mavericks,34,5,0.1471,1610612742,-110,-106,2026-01-14,,home_away_nba_game_day_local,2026-03-10T03:53:38.250640+00:00,0,2025,0.0,0.0,225.5,False
NYK,116.9,116.95,True,0.15,117.6,112.4,0.04999999999999716,-5.199999999999989,101,2_days,2,New York Knicks,41,8,0.1951,1610612752,0.25,2026-01-14T00:00:00Z,0022500576,SAC,118.27272727272727,109.5,True,0.4,0.0,112.4,106.8,-8.772727272727266,-5.6000000000000085,0,0,112,1_day,1,Sacramento Kings,27,10,0.3704,1610612758,-464,370,2026-01-14,,home_away_nba_game_day_local,2026-03-10T03:53:38.250640+00:00,0,2025,-11.0,11.0,231.5,False
WAS,121.38095238095238,109.71428571428571,True,0.15,124.8,109.0,-11.666666666666671,-15.799999999999997,105,2_days,2,Washington Wizards,38,10,0.2632,1610612764,0.25,2026-01-14T00:00:00Z,0022500577,LAC,111.0,112.85,True,0.4,0.0,106.2,110.0,1.8499999999999943,3.799999999999997,0,0,119,1_day,1,LA Clippers,37,14,0.3784,1610612746,,,2026-01-14,,,,0,2025,,,,False
MEM,119.14285714285714,114.95238095238095,False,0.0,111.4,107.4,-4.19047619047619,-4.0,111,3_plus_days,3,Memphis Grizzlies,36,17,0.4722,1610612763,0.0,2026-01-15T00:00:00Z,0022500578,ORL,114.0909090909091,117.31818181818181,False,0.0,0.0,114.2,114.0,3.2272727272727195,-0.20000000000000284,0,0,118,3_plus_days,3,Orlando Magic,40,15,0.375,1610612753,182,-209,2026-01-15,,home_away_nba_game_day_local,2026-03-10T03:53:38.250640+00:00,0,2025,5.0,-5.0,230.0,False
PHX,114.78260869565217,113.95652173913044,True,0.4,105.0,111.8,-0.8260869565217348,6.799999999999997,105,1_day,1,Phoenix Suns,46,17,0.3696,1610612756,-0.4,2026-01-15T00:00:00Z,0022500579,DET,107.95,117.35,False,0.0,0.0,101.8,109.4,9.399999999999991,7.6000000000000085,0,0,108,3_plus_days,4,Detroit Pistons,32,9,0.2812,1610612765,222,-263,2026-01-15,,home_away_nba_game_day_local,2026-03-10T03:53:38.250640+00:00,0,2025,7.0,-7.0,223.0,False
BOS,108.95454545454545,115.9090909090909,True,0.15,106.0,108.2,6.954545454545453,2.200000000000003,119,2_days,2,Boston Celtics,39,13,0.3333,1610612738,0.25,2026-01-15T00:00:00Z,0022500580,MIA,117.66666666666667,120.25,True,0.4,0.0,119.2,111.4,2.5833333333333286,-7.799999999999997,0,0,114,1_day,1,Miami Heat,42,15,0.3571,1610612748,-123,107,2026-01-15,,home_away_nba_game_day_local,2026-03-10T03:53:38.250640+00:00,0,2025,-2.5,2.5,234.5,False
OKC,109.5909090909091,119.0,True,0.4,115.0,117.2,9.409090909090907,2.200000000000003,111,1_day,1,Oklahoma City Thunder,41,16,0.3902,1610612760,0.0,2026-01-15T00:00:00Z,0022500581,HOU,109.625,121.0,True,0.4,0.0,107.0,104.8,11.375,-2.200000000000003,0,0,91,1_day,1,Houston Rockets,24,7,0.2917,1610612745,-170,150,2026-01-15,,home_away_nba_game_day_local,2026-03-10T03:53:38.250640+00:00,0,2025,-4.0,4.0,222.5,False
MIL,113.17391304347827,109.69565217391305,True,0.4,113.2,108.6,-3.4782608695652186,-4.6000000000000085,101,1_day,1,Milwaukee Bucks,48,17,0.3542,1610612749,0.0,2026-01-15T00:00:00Z,0022500582,SAS,112.3,119.9,True,0.4,0.0,103.0,102.6,7.6000000000000085,-0.4000000000000057,0,0,119,1_day,1,San Antonio Spurs,37,16,0.4324,1610612759,241,-287,2026-01-15,,home_away_nba_game_day_local,2026-03-10T03:53:38.250640+00:00,0,2025,7.5,-7.5,226.5,False
UTA,125.19047619047619,115.14285714285714,True,1.6,126.6,117.0,-10.047619047619051,-9.599999999999994,122,b2b,0,Utah Jazz,36,10,0.2778,1610612762,0.0,2026-01-15T00:00:00Z,0022500583,DAL,114.33333333333333,113.5,True,1.6,0.0,112.4,108.6,-0.8333333333333286,-3.8000000000000114,0,0,144,b2b,0,Dallas Mavericks,46,19,0.413,1610612742,-113,-103,2026-01-15,,home_away_nba_game_day_local,2026-03-10T03:53:38.250640+00:00,0,2025,-1.0,1.0,236.0,False
NYK,116.66666666666667,116.19047619047619,True,1.6,114.0,108.8,-0.4761904761904816,-5.200000000000003,113,b2b,0,New York Knicks,38,14,0.3684,1610612752,-1.2,2026-01-15T00:00:00Z,0022500584,GSW,111.1304347826087,117.52173913043478,True,0.4,0.0,108.0,117.8,6.391304347826079,9.799999999999997,0,0,126,1_day,1,Golden State Warriors,45,20,0.4444,1610612744,225,-267,2026-01-15,,home_away_nba_game_day_local,2026-03-10T03:53:38.250640+00:00,0,2025,7.0,-7.0,226.5,False
ATL,118.26923076923077,118.84615384615384,True,0.4,111.4,113.4,0.576923076923066,2.0,101,1_day,1,Atlanta Hawks,44,14,0.3182,1610612737,0.0,2026-01-15T00:00:00Z,0022500585,POR,117.9090909090909,116.63636363636364,True,0.4,0.0,113.2,112.4,-1.2727272727272663,-0.7999999999999972,0,0,117,1_day,1,Portland Trail Blazers,46,14,0.3043,1610612757,-170,150,2026-01-15,,home_away_nba_game_day_local,2026-03-10T03:53:38.250640+00:00,0,2025,-4.0,4.0,231.0,False
CHA,116.25,116.75,True,0.15,104.0,118.2,0.5,14.200000000000003,135,2_days,2,Charlotte Hornets,43,20,0.4651,1610612766,0.25,2026-01-15T00:00:00Z,0022500586,LAL,117.68181818181819,117.77272727272727,True,0.4,0.0,111.0,111.2,0.09090909090907928,0.20000000000000284,0,0,117,1_day,1,Los Angeles Lakers,38,14,0.3684,1610612747,154,-175,2026-01-15,,home_away_nba_game_day_local,2026-03-10T03:53:38.250640+00:00,0,2025,4.0,-4.0,232.0,False
CHI,123.95238095238095,120.0952380952381,True,0.4,115.0,112.0,-3.857142857142847,-3.0,109,1_day,1,Chicago Bulls,35,11,0.3143,1610612741,0.0,2026-01-16T00:00:00Z,0022500587,BKN,114.04761904761905,109.33333333333333,True,0.4,0.0,111.4,104.8,-4.714285714285722,-6.6000000000000085,0,0,112,1_day,1,Brooklyn Nets,40,19,0.475,1610612751,107,-123,2026-01-16,,home_away_nba_game_day_local,2026-03-10T03:53:38.250640+00:00,0,2025,2.0,-2.0,227.0,False
NOP,122.15789473684211,111.47368421052632,True,0.4,117.4,115.6,-10.684210526315795,-1.8000000000000114,119,1_day,1,New Orleans Pelicans,31,13,0.4194,1610612740,0.0,2026-01-16T00:00:00Z,0022500588,IND,116.04,112.4,True,0.4,0.0,108.4,110.4,-3.6400000000000006,2.0,0,0,127,1_day,1,Indiana Pacers,43,15,0.3488,1610612754,132,-149,2026-01-16,,home_away_nba_game_day_local,2026-03-10T03:53:38.250640+00:00,0,2025,3.5,-3.5,239.0,False
CLE,120.05,120.4,True,0.4,122.2,126.6,0.3500000000000085,4.3999999999999915,117,1_day,1,Cleveland Cavaliers,34,17,0.5,1610612739,0.0,2026-01-16T00:00:00Z,0022500589,PHI,117.0,115.0,True,0.4,0.0,110.4,114.2,-2.0,3.799999999999997,0,0,115,1_day,1,Philadelphia 76ers,32,12,0.375,1610612755,-103,-113,2026-01-16,,home_away_nba_game_day_local,2026-03-10T03:53:38.250640+00:00,0,2025,1.0,-1.0,238.0,False
LAC,113.72727272727273,110.13636363636364,True,0.75,106.8,113.2,-3.5909090909090935,6.400000000000006,121,1_day,1,LA Clippers,36,13,0.3611,1610612746,0.0,2026-01-16T00:00:00Z,0022500590,TOR,112.2,114.0,True,0.75,0.0,110.4,109.4,1.7999999999999972,-1.0,0,0,117,1_day,1,Toronto Raptors,33,11,0.3333,1610612761,,,2026-01-16,,,,5,2025,,,,True
MIN,119.33333333333333,122.91666666666667,True,0.15,114.2,126.0,3.583333333333343,11.799999999999997,105,2_days,2,Minnesota Timberwolves,30,11,0.3667,1610612750,1.45,2026-01-16T00:00:00Z,0022500591,HOU,109.70588235294117,119.23529411764706,True,1.6,0.0,109.8,103.0,9.529411764705884,-6.799999999999997,0,0,110,b2b,0,Houston Rockets,28,12,0.4286,1610612745,146,-165,2026-01-16,,home_away_nba_game_day_local,2026-03-10T03:53:38.250640+00:00,0,2025,4.0,-4.0,222.5,False
WAS,121.27272727272727,109.5,True,0.4,120.4,107.0,-11.772727272727266,-13.400000000000006,115,1_day,1,Washington Wizards,34,11,0.3235,1610612764,0.0,2026-01-16T00:00:00Z,0022500592,SAC,117.52173913043478,109.6086956521739,True,0.4,0.0,109.6,109.6,-7.9130434782608745,0.0,0,0,128,1_day,1,Sacramento Kings,31,15,0.4839,1610612758,229,-272,2026-01-16,,home_away_nba_game_day_local,2026-03-10T03:53:38.250640+00:00,0,2025,7.5,-7.5,231.5,False
UTA,126.04545454545455,115.45454545454545,True,0.4,129.6,116.4,-10.590909090909093,-13.199999999999989,120,1_day,1,Utah Jazz,31,10,0.3226,1610612762,0.0,2026-01-17T00:00:00Z,0022500593,DAL,114.64,114.72,True,0.4,0.0,117.2,117.4,0.0799999999999983,0.20000000000000284,0,0,138,1_day,1,Dallas Mavericks,41,18,0.439,1610612742,148,-167,2026-01-17,,home_away_nba_game_day_local,2026-03-10T03:53:38.250640+00:00,0,2025,4.0,-4.0,241.5,False
BOS,109.17391304347827,116.04347826086956,True,0.4,108.6,109.0,6.8695652173912976,0.4000000000000057,132,1_day,1,Boston Celtics,52,22,0.4231,1610612738,0.0,2026-01-17T00:00:00Z,0022500594,ATL,120.4,117.4,True,0.4,0.0,111.2,113.6,-3.0,2.3999999999999915,0,0,106,1_day,1,Atlanta Hawks,46,15,0.3261,1610612737,-160,141,2026-01-17,,home_away_nba_game_day_local,2026-03-10T03:53:38.250640+00:00,0,2025,-3.5,3.5,228.5,False
IND,122.1,109.35,True,1.6,108.2,112.6,-12.75,4.3999999999999915,78,b2b,0,Indiana Pacers,35,8,0.2286,1610612754,-1.2,2026-01-17T00:00:00Z,0022500595,DET,107.80952380952381,116.9047619047619,True,0.4,0.0,99.2,108.6,9.095238095238088,9.399999999999991,0,0,121,1_day,1,Detroit Pistons,34,16,0.4706,1610612765,499,-659,2026-01-17,,home_away_nba_game_day_local,2026-03-10T03:53:38.250640+00:00,0,2025,12.5,-12.5,226.5,False
PHX,114.5,113.58333333333333,True,0.4,106.6,113.4,-0.9166666666666714,6.800000000000011,106,1_day,1,Phoenix Suns,42,15,0.3571,1610612756,0.0,2026-01-17T00:00:00Z,0022500596,NYK,110.72,118.88,True,0.4,0.0,115.0,113.4,8.159999999999997,-1.5999999999999943,0,0,99,1_day,1,New York Knicks,44,14,0.3182,1610612752,146,-165,2026-01-17,,home_away_nba_game_day_local,2026-03-10T03:53:38.250640+00:00,0,2025,3.5,-3.5,223.5,False
OKC,108.78260869565217,118.65217391304348,True,0.4,108.4,120.0,9.869565217391312,11.599999999999994,120,1_day,1,Oklahoma City Thunder,29,13,0.4483,1610612760,0.0,2026-01-17T00:00:00Z,0022500597,MIA,117.72,120.0,True,0.4,0.0,121.8,109.2,2.280000000000001,-12.599999999999994,0,0,122,1_day,1,Miami Heat,50,20,0.4,1610612748,-444,356,2026-01-17,,home_away_nba_game_day_local,2026-03-10T03:53:38.250640+00:00,0,2025,-10.5,10.5,234.5,False
MIN,118.96,122.2,True,1.6,117.4,122.6,3.240000000000009,5.199999999999989,123,b2b,0,Minnesota Timberwolves,34,14,0.4118,1610612750,-1.2,2026-01-17T00:00:00Z,0022500598,SAS,111.76190476190476,119.85714285714286,True,0.4,0.0,102.0,105.4,8.095238095238102,3.4000000000000057,0,0,126,1_day,1,San Antonio Spurs,38,15,0.3947,1610612759,202,-238,2026-01-17,,home_away_nba_game_day_local,2026-03-10T03:53:38.250640+00:00,0,2025,6.5,-6.5,227.5,False
CHA,116.28,117.48,True,0.4,108.0,120.4,1.2000000000000028,12.400000000000006,116,1_day,1,Charlotte Hornets,44,16,0.3636,1610612766,0.0,2026-01-17T00:00:00Z,0022500599,GSW,111.20833333333333,117.875,True,0.4,0.0,110.0,122.6,6.666666666666671,12.599999999999994,0,0,136,1_day,1,Golden State Warriors,52,23,0.4423,1610612744,198,-232,2026-01-17,,home_away_nba_game_day_local,2026-03-10T03:53:38.250640+00:00,0,2025,6.0,-6.0,232.5,False
WAS,121.56521739130434,109.73913043478261,True,1.6,123.6,106.0,-11.826086956521735,-17.599999999999994,115,b2b,0,Washington Wizards,30,11,0.3667,1610612764,-1.45,2026-01-17T00:00:00Z,0022500600,DEN,117.3157894736842,122.47368421052632,True,0.15,0.0,109.8,109.8,5.15789473684211,0.0,0,0,121,2_days,2,Denver Nuggets,35,14,0.4,1610612743,456,-591,2026-01-17,,home_away_nba_game_day_local,2026-03-10T03:53:38.250640+00:00,0,2025,13.0,-13.0,232.5,False
LAL,114.4090909090909,111.77272727272727,True,0.4,117.4,112.4,-2.6363636363636402,-5.0,116,1_day,1,Los Angeles Lakers,31,13,0.4194,1610612747,0.0,2026-01-17T00:00:00Z,0022500601,POR,117.17391304347827,116.65217391304348,True,0.4,0.0,110.0,108.4,-0.5217391304347814,-1.5999999999999943,0,0,132,1_day,1,Portland Trail Blazers,42,16,0.381,1610612757,132,-149,2026-01-17,,home_away_nba_game_day_local,2026-03-10T03:53:38.250640+00:00,0,2025,4.0,-4.0,224.0,False
ORL,115.22727272727273,117.0,True,0.15,111.0,110.6,1.7727272727272663,-0.4000000000000057,109,2_days,2,Orlando Magic,33,10,0.303,1610612753,0.0,2026-01-18T00:00:00Z,0022500602,MEM,116.08695652173913,115.47826086956522,True,0.15,0.0,111.0,106.8,-0.6086956521739069,-4.200000000000003,0,0,126,2_days,2,Memphis Grizzlies,35,13,0.3714,1610612763,-205,172,2026-01-18,,home_away_nba_game_day_local,2026-03-10T03:53:38.250640+00:00,0,2025,-5.5,5.5,227.5,False
BKN,114.65,109.6,True,0.4,112.4,106.6,-5.050000000000011,-5.800000000000011,102,1_day,1,Brooklyn Nets,37,16,0.4324,1610612751,0.0,2026-01-18T00:00:00Z,0022500603,CHI,118.08333333333333,115.75,True,0.4,0.0,114.4,113.6,-2.3333333333333286,-0.8000000000000114,0,0,124,1_day,1,Chicago Bulls,46,20,0.4348,1610612741,202,-238,2026-01-18,,home_away_nba_game_day_local,2026-03-10T03:53:38.250640+00:00,0,2025,6.5,-6.5,220.5,False
NOP,122.4,111.85,True,0.4,119.4,119.4,-10.550000000000011,0.0,110,1_day,1,New Orleans Pelicans,26,10,0.3846,1610612740,0.0,2026-01-18T00:00:00Z,0022500604,HOU,109.44444444444444,118.72222222222223,True,0.4,0.0,110.2,104.6,9.277777777777786,-5.6000000000000085,0,0,119,1_day,1,Houston Rockets,36,13,0.3611,1610612745,533,-713,2026-01-18,,home_away_nba_game_day_local,2026-03-10T03:53:38.250640+00:00,0,2025,13.5,-13.5,230.0,False
CHA,117.03846153846153,117.42307692307692,True,1.6,115.8,124.4,0.3846153846153868,8.600000000000009,110,b2b,0,Charlotte Hornets,34,11,0.3235,1610612766,0.0,2026-01-18T00:00:00Z,0022500605,DEN,117.2,122.4,True,1.6,0.0,110.8,111.2,5.200000000000003,0.4000000000000057,0,0,87,b2b,0,Denver Nuggets,38,8,0.2105,1610612743,102,-118,2026-01-18,,home_away_nba_game_day_local,2026-03-10T03:53:38.250640+00:00,0,2025,1.5,-1.5,229.5,False
POR,120.91304347826087,116.08695652173913,True,1.6,112.8,114.2,-4.826086956521749,1.4000000000000057,117,b2b,0,Portland Trail Blazers,32,8,0.25,1610612757,-1.2,2026-01-18T00:00:00Z,0022500606,SAC,117.41666666666667,110.375,True,0.4,0.0,112.6,115.6,-7.041666666666671,3.0,0,0,110,1_day,1,Sacramento Kings,31,11,0.3548,1610612758,117,-133,2026-01-18,,home_away_nba_game_day_local,2026-03-10T03:53:38.250640+00:00,0,2025,2.5,-2.5,229.5,False
TOR,112.04347826086956,113.82608695652173,True,0.4,115.4,113.4,1.782608695652172,-2.0,93,1_day,1,Toronto Raptors,32,7,0.2188,1610612761,1.2,2026-01-18T00:00:00Z,0022500607,LAL,118.43478260869566,117.73913043478261,True,1.6,0.0,122.4,117.4,-0.6956521739130466,-5.0,0,0,110,b2b,0,Los Angeles Lakers,36,14,0.3889,1610612747,102,-118,2026-01-18,,home_away_nba_game_day_local,2026-03-10T03:53:38.250640+00:00,0,2025,1.0,-1.0,224.5,False
MIL,113.41666666666667,109.33333333333333,False,0.0,117.4,105.8,-4.083333333333343,-11.600000000000009,112,3_plus_days,3,Milwaukee Bucks,36,16,0.4444,1610612749,0.4,2026-01-19T00:00:00Z,0022500014,ATL,120.95238095238095,116.85714285714286,True,0.4,0.0,117.6,111.4,-4.095238095238088,-6.199999999999989,0,0,110,1_day,1,Atlanta Hawks,42,12,0.2857,1610612737,180,-218,2026-01-19,,home_away_nba_game_day_local,2026-03-10T03:53:38.250640+00:00,0,2025,4.5,-4.5,233.5,False
OKC,109.33333333333333,118.70833333333333,True,0.4,107.8,118.2,9.375,10.400000000000006,136,1_day,1,Oklahoma City Thunder,47,23,0.4894,1610612760,-0.25,2026-01-19T00:00:00Z,0022500015,CLE,115.65384615384616,118.8076923076923,True,0.15,0.0,122.0,126.0,3.153846153846146,4.0,0,0,104,2_days,2,Cleveland Cavaliers,35,8,0.2286,1610612739,-108,-112,2026-01-19,,home_away_nba_game_day_local,2026-03-10T03:53:38.250640+00:00,0,2025,1.5,-1.5,229.5,False
DAL,116.71428571428571,112.42857142857143,True,0.4,118.0,122.2,-4.285714285714278,4.200000000000003,114,1_day,1,Dallas Mavericks,32,15,0.4688,1610612742,0.0,2026-01-19T00:00:00Z,0022500016,NYK,110.53846153846153,118.11538461538461,True,0.4,0.0,114.0,108.6,7.57692307692308,-5.400000000000006,0,0,97,1_day,1,New York Knicks,31,9,0.2903,1610612752,215,-265,2026-01-19,,home_away_nba_game_day_local,2026-03-10T03:53:38.250640+00:00,0,2025,6.5,-6.5,227.5,False
BOS,109.04166666666667,116.70833333333333,True,0.4,107.0,113.4,7.666666666666657,6.400000000000006,103,1_day,1,Boston Celtics,41,13,0.3171,1610612738,0.0,2026-01-19T00:00:00Z,0022500017,DET,106.45454545454545,117.0909090909091,True,0.4,0.0,92.8,110.0,10.63636363636364,17.200000000000003,0,0,104,1_day,1,Detroit Pistons,35,11,0.3143,1610612765,164,-198,2026-01-19,,home_away_nba_game_day_local,2026-03-10T03:53:38.250640+00:00,0,2025,4.5,-4.5,227.5,False
LAC,113.8695652173913,110.6086956521739,True,0.15,105.6,115.2,-3.2608695652173907,9.600000000000009,110,2_days,2,LA Clippers,28,5,0.1786,1610612746,0.25,2026-01-19T00:00:00Z,0022500608,WAS,124.9,115.6,True,0.4,0.0,121.6,107.0,-9.300000000000011,-14.599999999999994,0,0,106,1_day,1,Washington Wizards,35,13,0.3714,1610612764,,,2026-01-19,,,,0,2025,,,,False
IND,122.04761904761905,107.85714285714286,True,0.4,110.0,105.4,-14.19047619047619,-4.599999999999994,104,1_day,1,Indiana Pacers,34,13,0.3824,1610612754,-0.25,2026-01-19T00:00:00Z,0022500609,PHI,117.0,115.0,True,0.15,0.0,111.8,111.0,-2.0,-0.7999999999999972,0,0,113,2_days,2,Philadelphia 76ers,17,5,0.2941,1610612755,271,-327,2026-01-19,,home_away_nba_game_day_local,2026-03-10T03:53:38.250640+00:00,0,2025,8.0,-8.0,228.5,False
PHX,113.88,113.28,True,0.4,106.8,111.2,-0.5999999999999943,4.400000000000006,126,1_day,1,Phoenix Suns,39,20,0.5128,1610612756,1.2,2026-01-19T00:00:00Z,0022500610,BKN,113.81818181818181,109.45454545454545,True,1.6,0.0,113.0,106.0,-4.36363636363636,-7.0,0,0,117,b2b,0,Brooklyn Nets,38,15,0.3947,1610612751,-322,267,2026-01-19,,home_away_nba_game_day_local,2026-03-10T03:53:38.250640+00:00,0,2025,-8.0,8.0,218.5,False
UTA,126.56521739130434,115.65217391304348,True,0.4,134.4,117.2,-10.91304347826086,-17.200000000000003,110,1_day,1,Utah Jazz,37,13,0.3514,1610612762,0.0,2026-01-19T00:00:00Z,0022500611,SAS,112.27272727272727,120.13636363636364,True,0.4,0.0,108.4,109.2,7.863636363636374,0.7999999999999972,0,0,123,1_day,1,San Antonio Spurs,38,16,0.4211,1610612759,757,-1126,2026-01-19,,home_away_nba_game_day_local,2026-03-10T03:53:38.250640+00:00,0,2025,16.5,-16.5,242.0,False
MIA,118.5909090909091,116.4090909090909,True,0.4,121.4,114.8,-2.181818181818187,-6.6000000000000085,112,1_day,1,Miami Heat,45,13,0.2889,1610612748,0.0,2026-01-19T00:00:00Z,0022500612,GSW,111.4,118.6,True,0.4,0.0,110.6,125.8,7.199999999999989,15.200000000000003,0,0,135,1_day,1,Golden State Warriors,51,24,0.4706,1610612744,195,-228,2026-01-19,,home_away_nba_game_day_local,2026-03-10T03:53:38.250640+00:00,0,2025,6.0,-6.0,238.5,False
PHX,114.0,113.76923076923077,True,1.6,108.8,114.0,-0.2307692307692264,5.200000000000003,116,b2b,0,Phoenix Suns,39,16,0.4103,1610612756,0.0,2026-01-20T00:00:00Z,0022500613,PHI,116.48,114.92,True,1.6,0.0,114.4,113.0,-1.5600000000000023,-1.4000000000000057,0,0,110,b2b,0,Philadelphia 76ers,34,11,0.3235,1610612755,100,-118,2026-01-20,,home_away_nba_game_day_local,2026-03-10T03:53:38.250640+00:00,0,2025,0.0,0.0,224.0,False
LAC,113.54166666666667,110.58333333333333,True,1.6,105.8,113.0,-2.958333333333343,7.200000000000003,110,b2b,0,LA Clippers,30,10,0.3333,1610612746,-1.2,2026-01-20T00:00:00Z,0022500614,CHI,117.44,116.08,True,0.4,0.0,113.2,119.8,-1.3599999999999994,6.599999999999994,0,0,138,1_day,1,Chicago Bulls,47,25,0.5319,1610612741,,,2026-01-20,,,,0,2025,,,,False
SAS,113.52,116.88,True,1.6,111.4,113.8,3.3599999999999994,2.3999999999999915,106,b2b,0,San Antonio Spurs,50,14,0.28,1610612759,-1.2,2026-01-20T00:00:00Z,0022500615,HOU,109.47368421052632,118.73684210526316,True,0.4,0.0,110.0,107.4,9.26315789473685,-2.5999999999999943,0,0,111,1_day,1,Houston Rockets,27,10,0.3704,1610612745,150,-170,2026-01-20,,home_away_nba_game_day_local,2026-03-10T03:53:38.250640+00:00,0,2025,4.0,-4.0,220.5,False
MIN,119.23076923076923,122.23076923076923,True,0.15,118.2,121.0,3.0,2.799999999999997,122,2_days,2,Minnesota Timberwolves,47,14,0.2979,1610612750,1.45,2026-01-20T00:00:00Z,0022500616,UTA,129.0,123.6086956521739,True,1.6,0.0,129.0,120.2,-5.391304347826093,-8.799999999999997,0,0,127,b2b,0,Utah Jazz,29,12,0.4138,1610612762,-479,381,2026-01-20,,home_away_nba_game_day_local,2026-03-10T03:53:38.250640+00:00,0,2025,-11.0,11.0,245.5,False
LAL,115.17391304347827,111.95652173913044,True,0.4,120.0,119.2,-3.217391304347828,-0.7999999999999972,115,1_day,1,Los Angeles Lakers,25,10,0.4,1610612747,0.0,2026-01-20T00:00:00Z,0022500617,DEN,116.85714285714286,120.71428571428571,True,0.4,0.0,110.8,111.2,3.857142857142847,0.4000000000000057,0,0,107,1_day,1,Denver Nuggets,37,15,0.4054,1610612743,-138,122,2026-01-20,,home_away_nba_game_day_local,2026-03-10T03:53:38.250640+00:00,0,2025,-2.5,2.5,229.0,False
TOR,111.95833333333333,112.95833333333333,True,0.4,112.4,108.6,1.0,-3.8000000000000114,145,1_day,1,Toronto Raptors,34,21,0.6176,1610612761,1.2,2026-01-20T00:00:00Z,0022500618,GSW,111.42307692307692,119.23076923076923,True,1.6,0.0,112.4,125.4,7.807692307692307,13.0,0,0,127,b2b,0,Golden State Warriors,43,16,0.3721,1610612744,132,-149,2026-01-20,,home_away_nba_game_day_local,2026-03-10T03:53:38.250640+00:00,0,2025,3.0,-3.0,226.0,False
MIA,119.30434782608695,116.21739130434783,True,1.6,123.8,117.4,-3.0869565217391255,-6.3999999999999915,130,b2b,0,Miami Heat,42,21,0.5,1610612748,-1.2,2026-01-20T00:00:00Z,0022500619,SAC,117.4,110.36,True,0.4,0.0,108.6,117.0,-7.040000000000006,8.400000000000006,0,0,117,1_day,1,Sacramento Kings,30,11,0.3667,1610612758,-144,127,2026-01-20,,home_away_nba_game_day_local,2026-03-10T03:53:38.250640+00:00,0,2025,-2.5,2.5,236.5,False
CLE,119.80952380952381,120.23809523809524,True,0.4,123.0,122.4,0.4285714285714306,-0.5999999999999943,94,1_day,1,Cleveland Cavaliers,40,8,0.2,1610612739,-0.25,2026-01-21T00:00:00Z,0022500620,CHA,118.0,116.47619047619048,True,0.15,0.0,110.4,124.0,-1.5238095238095184,13.599999999999994,0,0,87,2_days,2,Charlotte Hornets,47,8,0.1702,1610612766,,,2026-01-21,,,,0,2025,,,,False
IND,121.63636363636364,107.68181818181819,True,0.4,112.8,101.6,-13.954545454545453,-11.200000000000003,104,1_day,1,Indiana Pacers,45,12,0.2667,1610612754,0.0,2026-01-21T00:00:00Z,0022500621,BOS,110.61904761904762,117.71428571428571,True,0.4,0.0,104.4,109.0,7.095238095238088,4.599999999999994,0,0,119,1_day,1,Boston Celtics,31,12,0.3871,1610612738,,,2026-01-21,,,,0,2025,,,,False
BKN,115.0952380952381,109.23809523809524,True,0.4,117.6,109.8,-5.857142857142861,-7.799999999999997,66,1_day,1,Brooklyn Nets,40,11,0.275,1610612751,0.0,2026-01-21T00:00:00Z,0022500622,NYK,110.66666666666667,117.33333333333333,True,0.4,0.0,114.4,106.6,6.666666666666657,-7.800000000000011,0,0,120,1_day,1,New York Knicks,32,16,0.5,1610612752,,,2026-01-21,,,,0,2025,,,,False
ATL,118.22222222222223,118.18518518518519,True,0.4,122.6,111.4,-0.03703703703703809,-11.199999999999989,124,1_day,1,Atlanta Hawks,45,20,0.4444,1610612737,-0.25,2026-01-21T00:00:00Z,0022500623,MEM,115.79166666666667,115.91666666666667,True,0.15,0.0,111.8,110.8,0.125,-1.0,0,0,122,2_days,2,Memphis Grizzlies,35,12,0.3429,1610612763,,,2026-01-21,,,,0,2025,,,,False
DET,114.22727272727273,117.68181818181819,True,0.4,95.4,106.6,3.4545454545454533,11.199999999999989,112,1_day,1,Detroit Pistons,39,15,0.3846,1610612765,-0.25,2026-01-21T00:00:00Z,0022500624,NOP,122.88461538461539,118.34615384615384,True,0.15,0.0,121.8,115.8,-4.538461538461547,-6.0,0,0,104,2_days,2,New Orleans Pelicans,32,7,0.2188,1610612740,,,2026-01-21,,,,0,2025,,,,False
OKC,109.12,119.4,True,0.4,105.4,122.0,10.280000000000001,16.599999999999994,122,1_day,1,Oklahoma City Thunder,36,14,0.3889,1610612760,0.0,2026-01-21T00:00:00Z,0022500625,MIL,117.38095238095238,116.38095238095238,True,0.4,0.0,115.4,105.6,-1.0,-9.800000000000011,0,0,102,1_day,1,Milwaukee Bucks,41,16,0.3902,1610612749,,,2026-01-21,,,,0,2025,,,,False
TOR,112.56,114.24,True,1.6,114.8,114.4,1.6799999999999926,-0.3999999999999915,122,b2b,0,Toronto Raptors,33,13,0.3939,1610612761,0.0,2026-01-21T00:00:00Z,0022500626,SAC,117.88461538461539,110.61538461538461,True,1.6,0.0,115.0,118.2,-7.269230769230774,3.200000000000003,0,0,109,b2b,0,Sacramento Kings,33,9,0.2727,1610612758,,,2026-01-21,,,,0,2025,,,,False
CHA,115.92592592592592,117.14814814814815,True,1.6,110.2,111.4,1.2222222222222285,1.2000000000000028,124,b2b,0,Charlotte Hornets,36,17,0.4722,1610612766,-1.6,2026-01-22T00:00:00Z,0022500627,ORL,113.95652173913044,117.34782608695652,False,0.0,0.0,112.2,110.0,3.391304347826079,-2.200000000000003,0,0,97,3_plus_days,3,Orlando Magic,37,14,0.3784,1610612753,191,-223,2026-01-22,,home_away_nba_game_day_local,2026-03-10T03:53:38.250640+00:00,0,2025,6.0,-6.0,229.0,False
HOU,113.16,118.12,True,0.75,109.0,110.0,4.960000000000008,1.0,122,1_day,1,Houston Rockets,40,18,0.45,1610612745,0.0,2026-01-22T00:00:00Z,0022500628,PHI,116.46153846153847,114.73076923076923,True,0.75,0.0,114.4,112.0,-1.7307692307692406,-2.4000000000000057,0,0,128,1_day,1,Philadelphia 76ers,32,11,0.3438,1610612755,-120,104,2026-01-22,,home_away_nba_game_day_local,2026-03-10T03:53:38.250640+00:00,5,2025,-2.5,2.5,221.5,True
DEN,115.44444444444444,120.14814814814815,True,0.4,113.0,111.0,4.7037037037037095,-2.0,107,1_day,1,Denver Nuggets,26,9,0.3462,1610612743,-0.25,2026-01-22T00:00:00Z,0022500629,WAS,124.19047619047619,115.14285714285714,True,0.15,0.0,118.0,106.8,-9.047619047619051,-11.200000000000003,0,0,97,2_days,2,Washington Wizards,43,13,0.3023,1610612764,-223,191,2026-01-22,,home_away_nba_game_day_local,2026-03-10T03:53:38.250640+00:00,0,2025,-5.5,5.5,231.5,False
GSW,115.43478260869566,113.47826086956522,True,0.4,116.6,128.6,-1.9565217391304373,12.0,115,1_day,1,Golden State Warriors,46,15,0.3261,1610612744,-0.25,2026-01-22T00:00:00Z,0022500630,DAL,114.84615384615384,115.61538461538461,True,0.15,0.0,112.4,123.6,0.7692307692307736,11.199999999999989,0,0,123,2_days,2,Dallas Mavericks,35,13,0.3714,1610612742,-175,154,2026-01-22,,home_away_nba_game_day_local,2026-03-10T03:53:38.250640+00:00,0,2025,-4.5,4.5,233.0,False
CHI,123.4090909090909,119.5909090909091,True,0.4,113.8,122.4,-3.818181818181813,8.600000000000009,120,1_day,1,Chicago Bulls,39,17,0.4359,1610612741,0.0,2026-01-22T00:00:00Z,0022500631,MIN,110.72727272727273,116.77272727272727,True,0.4,0.0,114.4,118.6,6.0454545454545325,4.199999999999989,0,0,115,1_day,1,Minnesota Timberwolves,41,15,0.3659,1610612750,321,-395,2026-01-22,,home_away_nba_game_day_local,2026-03-10T03:53:38.250640+00:00,0,2025,9.5,-9.5,239.0,False
SAS,113.42307692307692,116.46153846153847,True,0.4,112.8,114.4,3.038461538461547,1.6000000000000085,126,1_day,1,San Antonio Spurs,43,18,0.4186,1610612759,0.0,2026-01-22T00:00:00Z,0022500632,UTA,128.70833333333334,123.75,True,0.4,0.0,131.0,121.0,-4.958333333333343,-10.0,0,0,109,1_day,1,Utah Jazz,30,12,0.4,1610612762,-689,517,2026-01-22,,home_away_nba_game_day_local,2026-03-10T03:53:38.250640+00:00,0,2025,-12.5,12.5,238.5,False
LAL,114.83333333333333,112.08333333333333,True,0.4,116.6,119.8,-2.75,3.200000000000003,104,1_day,1,Los Angeles Lakers,33,11,0.3333,1610612747,0.0,2026-01-22T00:00:00Z,0022500633,LAC,110.71428571428571,113.14285714285714,True,0.4,0.0,115.0,115.4,2.4285714285714306,0.4000000000000057,0,0,112,1_day,1,LA Clippers,31,12,0.3871,1610612746,,,2026-01-22,,,,0,2025,,,,False
MIA,119.20833333333333,116.79166666666667,True,0.4,122.4,121.0,-2.416666666666657,-1.4000000000000057,110,1_day,1,Miami Heat,45,9,0.2,1610612748,-0.4,2026-01-22T00:00:00Z,0022500634,POR,117.125,117.29166666666667,False,0.0,0.0,113.8,115.4,0.1666666666666714,1.6000000000000085,0,0,127,3_plus_days,3,Portland Trail Blazers,50,20,0.4,1610612757,105,-121,2026-01-22,,home_away_nba_game_day_local,2026-03-10T03:53:38.250640+00:00,0,2025,1.5,-1.5,239.0,False
HOU,113.73076923076923,118.26923076923077,True,1.6,112.0,110.6,4.538461538461547,-1.4000000000000057,111,b2b,0,Houston Rockets,26,9,0.3462,1610612745,-1.2,2026-01-23T00:00:00Z,0022500635,DET,106.30434782608695,116.52173913043478,True,0.4,0.0,97.6,107.4,10.217391304347828,9.800000000000011,0,0,104,1_day,1,Detroit Pistons,32,7,0.2188,1610612765,162,-185,2026-01-23,,home_away_nba_game_day_local,2026-03-10T03:53:38.250640+00:00,0,2025,4.5,-4.5,217.0,False
PHX,113.85185185185185,113.85185185185185,True,0.15,112.2,114.8,0.0,2.5999999999999943,103,2_days,2,Phoenix Suns,34,11,0.3235,1610612756,0.25,2026-01-23T00:00:00Z,0022500636,ATL,120.54545454545455,116.54545454545455,True,0.4,0.0,124.8,111.4,-4.0,-13.399999999999991,0,0,110,1_day,1,Atlanta Hawks,26,13,0.5,1610612737,-150,132,2026-01-23,,home_away_nba_game_day_local,2026-03-10T03:53:38.250640+00:00,0,2025,-2.5,2.5,233.0,False
BOS,108.84,116.16,True,1.1,105.2,113.8,7.319999999999993,8.599999999999994,130,1_day,1,Boston Celtics,51,22,0.4314,1610612738,0.0,2026-01-23T00:00:00Z,0022500637,BKN,114.34782608695652,109.78260869565217,True,1.1,0.0,119.0,102.0,-4.565217391304344,-17.0,0,0,126,1_day,1,Brooklyn Nets,44,13,0.2955,1610612751,-371,304,2026-01-23,,home_away_nba_game_day_local,2026-03-10T03:53:38.250640+00:00,10,2025,-8.0,8.0,216.5,True
SAC,123.86363636363636,111.36363636363636,True,0.4,117.0,115.2,-12.5,-1.7999999999999972,118,1_day,1,Sacramento Kings,33,13,0.3939,1610612758,0.0,2026-01-23T00:00:00Z,0022500638,CLE,116.4074074074074,118.25925925925925,True,0.4,0.0,113.6,112.0,1.8518518518518476,-1.5999999999999943,0,0,123,1_day,1,Cleveland Cavaliers,36,13,0.3611,1610612739,430,-552,2026-01-23,,home_away_nba_game_day_local,2026-03-10T03:53:38.250640+00:00,0,2025,11.5,-11.5,233.5,False
NOP,122.23809523809524,111.76190476190476,True,0.4,118.6,113.0,-10.476190476190482,-5.599999999999994,133,1_day,1,New Orleans Pelicans,36,13,0.3611,1610612740,0.0,2026-01-23T00:00:00Z,0022500639,MEM,116.12,116.16,True,0.4,0.0,113.2,115.6,0.03999999999999204,2.3999999999999915,0,0,127,1_day,1,Memphis Grizzlies,47,18,0.383,1610612763,185,-214,2026-01-23,,home_away_nba_game_day_local,2026-03-10T03:53:38.250640+00:00,0,2025,5.5,-5.5,234.5,False
DEN,114.78571428571429,119.67857142857143,True,1.6,109.2,108.0,4.892857142857139,-1.2000000000000028,102,b2b,0,Denver Nuggets,41,12,0.2927,1610612743,-1.2,2026-01-23T00:00:00Z,0022500640,MIL,117.5909090909091,115.72727272727273,True,0.4,0.0,119.6,105.0,-1.8636363636363598,-14.599999999999994,0,0,100,1_day,1,Milwaukee Bucks,39,12,0.3077,1610612749,195,-228,2026-01-23,,home_away_nba_game_day_local,2026-03-10T03:53:38.250640+00:00,0,2025,6.0,-6.0,221.0,False
IND,121.52173913043478,107.52173913043478,True,0.4,117.4,102.8,-14.0,-14.600000000000009,117,1_day,1,Indiana Pacers,38,16,0.4211,1610612754,0.0,2026-01-23T00:00:00Z,0022500641,OKC,107.08,120.56,True,0.4,0.0,103.4,121.6,13.480000000000004,18.19999999999999,0,0,114,1_day,1,Oklahoma City Thunder,26,7,0.2692,1610612760,804,-1222,2026-01-23,,home_away_nba_game_day_local,2026-03-10T03:53:38.250640+00:00,0,2025,16.0,-16.0,227.0,False
TOR,112.42307692307692,114.53846153846153,True,0.4,113.6,118.4,2.115384615384613,4.800000000000011,110,1_day,1,Toronto Raptors,29,9,0.3103,1610612761,1.2,2026-01-23T00:00:00Z,0022500642,POR,116.84,117.68,True,1.6,0.0,111.2,118.0,0.8400000000000034,6.799999999999997,0,0,98,b2b,0,Portland Trail Blazers,45,13,0.2889,1610612757,-158,139,2026-01-23,,home_away_nba_game_day_local,2026-03-10T03:53:38.250640+00:00,0,2025,-3.5,3.5,224.5,False
NYK,117.0909090909091,116.04545454545455,True,0.15,104.8,106.0,-1.0454545454545467,1.2000000000000028,112,2_days,2,New York Knicks,44,15,0.3409,1610612752,0.25,2026-01-24T00:00:00Z,0022500643,PHI,116.66666666666667,115.22222222222223,True,0.4,0.0,118.4,114.6,-1.4444444444444429,-3.8000000000000114,0,0,109,1_day,1,Philadelphia 76ers,29,9,0.3103,1610612755,-111,-105,2026-01-24,,home_away_nba_game_day_local,2026-03-10T03:53:38.250640+00:00,0,2025,-1.0,1.0,229.0,False
WAS,121.54166666666667,109.95833333333333,True,0.4,117.0,107.6,-11.583333333333343,-9.400000000000006,115,1_day,1,Washington Wizards,53,19,0.3585,1610612764,0.0,2026-01-24T00:00:00Z,0022500645,CHA,116.9090909090909,115.13636363636364,True,0.4,0.0,106.2,114.4,-1.7727272727272663,8.200000000000003,0,0,119,1_day,1,Charlotte Hornets,36,14,0.3889,1610612766,398,-503,2026-01-24,,home_away_nba_game_day_local,2026-03-10T03:53:38.250640+00:00,0,2025,10.5,-10.5,233.0,False
CLE,118.31818181818181,119.04545454545455,True,1.6,112.6,114.2,0.7272727272727337,1.6000000000000085,119,b2b,0,Cleveland Cavaliers,34,15,0.4412,1610612739,-1.2,2026-01-24T00:00:00Z,0022500646,ORL,114.375,116.5,True,0.4,0.0,116.4,108.6,2.125,-7.800000000000011,0,0,105,1_day,1,Orlando Magic,40,11,0.275,1610612753,102,-118,2026-01-24,,home_away_nba_game_day_local,2026-03-10T03:53:38.250640+00:00,0,2025,1.0,-1.0,228.5,False
BOS,109.5,116.6923076923077,True,1.6,110.8,120.6,7.192307692307693,9.799999999999997,111,b2b,0,Boston Celtics,47,15,0.3191,1610612738,-1.2,2026-01-24T00:00:00Z,0022500647,CHI,117.15384615384616,116.92307692307692,True,0.4,0.0,113.0,123.8,-0.2307692307692406,10.799999999999997,0,0,114,1_day,1,Chicago Bulls,45,21,0.4667,1610612741,-104,-112,2026-01-24,,home_away_nba_game_day_local,2026-03-10T03:53:38.250640+00:00,0,2025,0.0,0.0,230.0,False
LAL,114.72,111.76,True,0.4,115.8,112.4,-2.9599999999999937,-3.3999999999999915,116,1_day,1,Los Angeles Lakers,34,14,0.4118,1610612747,0.0,2026-01-24T00:00:00Z,0022500648,DAL,114.85185185185185,115.88888888888889,True,0.4,0.0,114.4,125.6,1.037037037037038,11.199999999999989,0,0,110,1_day,1,Dallas Mavericks,29,10,0.3448,1610612742,-162,143,2026-01-24,,home_away_nba_game_day_local,2026-03-10T03:53:38.250640+00:00,0,2025,-3.5,3.5,233.5,False
MIA,119.52,116.52,True,0.4,123.6,117.6,-3.0,-6.0,147,1_day,1,Miami Heat,47,19,0.4043,1610612748,0.0,2026-01-24T00:00:00Z,0022500649,UTA,128.6,123.16,True,0.4,0.0,130.6,117.6,-5.439999999999998,-13.0,0,0,116,1_day,1,Utah Jazz,25,7,0.28,1610612762,-232,198,2026-01-24,,home_away_nba_game_day_local,2026-03-10T03:53:38.250640+00:00,0,2025,-6.0,6.0,246.5,False
GSW,115.75,113.54166666666667,True,0.15,121.8,127.8,-2.2083333333333286,6.0,111,2_days,2,Golden State Warriors,51,16,0.3137,1610612744,0.0,2026-01-25T00:00:00Z,0022500644,MIN,111.1304347826087,116.69565217391305,True,0.15,0.0,117.8,120.8,5.565217391304344,3.0,0,0,85,2_days,2,Minnesota Timberwolves,38,13,0.3421,1610612750,198,-232,2026-01-25,,home_away_nba_game_day_local,2026-03-10T03:53:38.250640+00:00,0,2025,6.0,-6.0,234.0,False
SAC,123.82608695652173,111.65217391304348,True,0.4,121.4,116.4,-12.173913043478251,-5.0,116,1_day,1,Sacramento Kings,25,11,0.44,1610612758,0.0,2026-01-25T00:00:00Z,0022500650,DET,106.5,116.0,True,0.4,0.0,100.2,109.8,9.5,9.599999999999994,0,0,139,1_day,1,Detroit Pistons,31,16,0.5161,1610612765,477,-624,2026-01-25,,home_away_nba_game_day_local,2026-03-10T03:53:38.250640+00:00,0,2025,13.0,-13.0,226.0,False
TOR,111.88888888888889,114.37037037037037,True,0.4,113.0,117.4,2.481481481481481,4.400000000000006,103,1_day,1,Toronto Raptors,34,12,0.3529,1610612761,0.0,2026-01-25T00:00:00Z,0022500653,OKC,107.46153846153847,120.3076923076923,True,0.4,0.0,107.2,120.6,12.84615384615384,13.399999999999991,0,0,101,1_day,1,Oklahoma City Thunder,43,11,0.2558,1610612760,408,-518,2026-01-25,,home_away_nba_game_day_local,2026-03-10T03:53:38.250640+00:00,0,2025,11.0,-11.0,224.5,False
NOP,122.45454545454545,112.72727272727273,True,0.4,119.6,116.4,-9.72727272727272,-3.1999999999999886,104,1_day,1,New Orleans Pelicans,34,9,0.2647,1610612740,-0.25,2026-01-25T00:00:00Z,0022500654,SAS,112.17391304347827,120.26086956521739,True,0.15,0.0,110.8,120.0,8.086956521739125,9.200000000000003,0,0,95,2_days,2,San Antonio Spurs,44,12,0.2727,1610612759,443,-572,2026-01-25,,home_away_nba_game_day_local,2026-03-10T03:53:38.250640+00:00,0,2025,11.5,-11.5,239.5,False
MIA,119.38461538461539,117.6923076923077,True,1.6,123.0,124.2,-1.6923076923076934,1.2000000000000028,111,b2b,0,Miami Heat,35,9,0.2571,1610612748,-1.2,2026-01-25T00:00:00Z,0022500655,PHX,108.04761904761905,115.66666666666667,True,0.4,0.0,108.8,111.2,7.61904761904762,2.4000000000000057,0,0,102,1_day,1,Phoenix Suns,35,7,0.2,1610612756,154,-175,2026-01-25,,home_away_nba_game_day_local,2026-03-10T03:53:38.250640+00:00,0,2025,4.0,-4.0,226.0,False
BKN,115.31818181818181,107.27272727272727,True,0.4,121.8,104.6,-8.045454545454547,-17.200000000000003,89,1_day,1,Brooklyn Nets,43,9,0.2093,1610612751,-0.25,2026-01-25T00:00:00Z,0022500656,LAC,110.4090909090909,113.0909090909091,True,0.15,0.0,114.0,114.4,2.681818181818187,0.4000000000000057,0,0,126,2_days,2,LA Clippers,25,12,0.48,1610612746,,,2026-01-25,,,,0,2025,,,,False
PHI,113.4,116.2,True,0.4,114.2,115.0,2.799999999999997,0.7999999999999972,93,1_day,1,Philadelphia 76ers,30,9,0.3,1610612755,0.0,2026-01-26T00:00:00Z,0022500657,CHA,116.82608695652173,115.30434782608695,True,0.4,0.0,105.8,111.2,-1.5217391304347814,5.400000000000006,0,0,130,1_day,1,Charlotte Hornets,41,17,0.4146,1610612766,107,-123,2026-01-26,,home_away_nba_game_day_local,2026-03-10T03:53:38.250640+00:00,0,2025,2.0,-2.0,228.5,False
ORL,115.69565217391305,116.65217391304348,True,0.4,119.6,111.4,0.9565217391304373,-8.199999999999989,98,1_day,1,Orlando Magic,39,11,0.2821,1610612753,0.0,2026-01-26T00:00:00Z,0022500658,CLE,116.46428571428571,118.42857142857143,True,0.4,0.0,112.2,111.4,1.9642857142857224,-0.7999999999999972,0,0,114,1_day,1,Cleveland Cavaliers,25,11,0.44,1610612739,195,-228,2026-01-26,,home_away_nba_game_day_local,2026-03-10T03:53:38.250640+00:00,0,2025,6.0,-6.0,225.5,False
IND,121.20833333333333,107.91666666666667,True,0.15,117.2,106.0,-13.291666666666657,-11.200000000000003,116,2_days,2,Indiana Pacers,35,10,0.2857,1610612754,0.0,2026-01-26T00:00:00Z,0022500659,ATL,119.78260869565217,116.26086956521739,True,0.15,0.0,117.2,110.2,-3.5217391304347814,-7.0,0,0,132,2_days,2,Atlanta Hawks,43,18,0.4186,1610612737,-120,-106,2026-01-26,,home_away_nba_game_day_local,2026-03-10T03:53:38.250640+00:00,0,2025,-0.5,0.5,245.5,False
POR,120.45833333333333,116.125,True,0.15,109.4,118.2,-4.333333333333329,8.799999999999997,94,2_days,2,Portland Trail Blazers,40,10,0.25,1610612757,0.25,2026-01-26T00:00:00Z,0022500660,BOS,110.31818181818181,117.77272727272727,True,0.4,0.0,110.8,119.0,7.454545454545453,8.200000000000003,0,0,102,1_day,1,Boston Celtics,34,13,0.3824,1610612738,237,-282,2026-01-26,,home_away_nba_game_day_local,2026-03-10T03:53:38.250640+00:00,0,2025,7.5,-7.5,225.5,False
LAL,114.53846153846153,111.92307692307692,True,0.4,110.8,112.2,-2.615384615384613,1.4000000000000057,129,1_day,1,Los Angeles Lakers,33,16,0.4848,1610612747,0.0,2026-01-26T00:00:00Z,0022500661,CHI,116.92592592592592,116.81481481481481,True,0.4,0.0,110.0,121.0,-0.11111111111111427,11.0,0,0,118,1_day,1,Chicago Bulls,49,18,0.3673,1610612741,-115,-101,2026-01-26,,home_away_nba_game_day_local,2026-03-10T03:53:38.250640+00:00,0,2025,-1.0,1.0,234.5,False
MEM,119.0909090909091,114.77272727272727,True,0.15,116.4,117.8,-4.318181818181827,1.3999999999999915,99,2_days,2,Memphis Grizzlies,37,7,0.1892,1610612763,0.0,2026-01-26T00:00:00Z,0022500662,HOU,109.3,118.35,True,0.15,0.0,110.6,114.6,9.049999999999997,4.0,0,0,108,2_days,2,Houston Rockets,37,11,0.2973,1610612745,346,-429,2026-01-26,,home_away_nba_game_day_local,2026-03-10T03:53:38.250640+00:00,0,2025,10.0,-10.0,225.0,False
GSW,114.52,113.44,True,1.6,116.2,124.8,-1.0799999999999983,8.599999999999994,83,b2b,0,Golden State Warriors,39,9,0.2308,1610612744,0.0,2026-01-26T00:00:00Z,0022500663,MIN,111.125,115.375,True,1.6,0.0,118.8,110.0,4.25,-8.799999999999997,0,0,108,b2b,0,Minnesota Timberwolves,35,14,0.4,1610612750,206,-243,2026-01-26,,home_away_nba_game_day_local,2026-03-10T03:53:38.250640+00:00,0,2025,7.0,-7.0,235.5,False
POR,119.72,115.24,True,1.6,109.6,113.6,-4.480000000000004,4.0,111,b2b,0,Portland Trail Blazers,38,14,0.3684,1610612757,-1.45,2026-01-27T00:00:00Z,0022500664,WAS,123.4090909090909,114.31818181818181,True,0.15,0.0,117.0,109.6,-9.090909090909093,-7.400000000000006,0,0,115,2_days,2,Washington Wizards,39,17,0.4359,1610612764,-243,206,2026-01-27,,home_away_nba_game_day_local,2026-03-10T03:53:38.250640+00:00,0,2025,-7.0,7.0,232.0,False
SAC,124.45833333333333,111.83333333333333,True,0.4,126.2,114.0,-12.625,-12.200000000000003,87,1_day,1,Sacramento Kings,30,5,0.1667,1610612758,-0.25,2026-01-27T00:00:00Z,0022500665,NYK,109.07142857142857,117.42857142857143,True,0.15,0.0,104.2,108.2,8.357142857142861,4.0,0,0,103,2_days,2,New York Knicks,32,13,0.4062,1610612752,561,-760,2026-01-27,,home_away_nba_game_day_local,2026-03-10T03:53:38.250640+00:00,0,2025,14.5,-14.5,226.0,False
MIL,113.28,109.44,False,0.0,118.4,104.2,-3.8400000000000034,-14.200000000000003,122,3_plus_days,3,Milwaukee Bucks,34,15,0.4412,1610612749,1.6,2026-01-27T00:00:00Z,0022500666,PHI,116.5,115.0,True,1.6,0.0,116.8,110.6,-1.5,-6.200000000000003,0,0,139,b2b,0,Philadelphia 76ers,42,22,0.5238,1610612755,336,-415,2026-01-27,,home_away_nba_game_day_local,2026-03-10T03:53:38.250640+00:00,0,2025,10.0,-10.0,219.0,False
NOP,121.26086956521739,112.34782608695652,True,0.4,116.0,114.0,-8.913043478260875,-2.0,95,1_day,1,New Orleans Pelicans,40,10,0.25,1610612740,0.0,2026-01-27T00:00:00Z,0022500667,OKC,107.29629629629629,119.5925925925926,True,0.4,0.0,109.6,118.6,12.296296296296305,9.0,0,0,104,1_day,1,Oklahoma City Thunder,38,13,0.3421,1610612760,561,-760,2026-01-27,,home_away_nba_game_day_local,2026-03-10T03:53:38.250640+00:00,0,2025,14.5,-14.5,233.5,False
DET,113.78260869565217,117.43478260869566,True,0.4,102.4,116.0,3.652173913043484,13.599999999999994,109,1_day,1,Detroit Pistons,31,6,0.1935,1610612765,-0.4,2026-01-27T00:00:00Z,0022500668,DEN,116.77272727272727,120.0909090909091,False,0.0,0.0,107.4,104.8,3.3181818181818272,-2.6000000000000085,0,0,107,3_plus_days,3,Denver Nuggets,29,10,0.3448,1610612743,-258,218,2026-01-27,,home_away_nba_game_day_local,2026-03-10T03:53:38.250640+00:00,0,2025,-7.0,7.0,214.5,False
BKN,115.78260869565217,106.47826086956522,True,0.4,125.2,100.0,-9.304347826086953,-25.200000000000003,102,1_day,1,Brooklyn Nets,32,13,0.4062,1610612751,0.0,2026-01-27T00:00:00Z,0022500669,PHX,108.18181818181819,115.04545454545455,True,0.4,0.0,109.4,110.6,6.86363636363636,1.1999999999999886,0,0,106,1_day,1,Phoenix Suns,20,5,0.25,1610612756,267,-322,2026-01-27,,home_away_nba_game_day_local,2026-03-10T03:53:38.250640+00:00,0,2025,8.5,-8.5,210.5,False
LAC,114.52,110.56,True,0.4,110.8,115.8,-3.9599999999999937,5.0,115,1_day,1,LA Clippers,46,18,0.3913,1610612746,-0.25,2026-01-27T00:00:00Z,0022500670,UTA,129.30769230769232,122.88461538461539,True,0.15,0.0,131.2,116.4,-6.423076923076934,-14.799999999999983,0,0,103,2_days,2,Utah Jazz,33,12,0.3636,1610612762,,,2026-01-27,,,,0,2025,,,,False
LAL,114.66666666666667,112.55555555555556,True,0.4,108.0,114.8,-2.1111111111111143,6.799999999999997,99,1_day,1,Los Angeles Lakers,32,9,0.2812,1610612747,0.0,2026-01-28T00:00:00Z,0022500671,CLE,115.82758620689656,118.27586206896552,True,0.4,0.0,108.8,110.8,2.448275862068968,2.0,0,0,129,1_day,1,Cleveland Cavaliers,44,17,0.3864,1610612739,133,-151,2026-01-28,,home_away_nba_game_day_local,2026-03-10T03:53:38.250640+00:00,0,2025,3.5,-3.5,235.5,False
CHI,123.04347826086956,119.6086956521739,True,0.4,113.4,122.8,-3.434782608695656,9.399999999999991,110,1_day,1,Chicago Bulls,30,12,0.4,1610612741,0.0,2026-01-28T00:00:00Z,0022500672,IND,116.15384615384616,112.96153846153847,True,0.4,0.0,119.8,103.8,-3.1923076923076934,-16.0,0,0,113,1_day,1,Indiana Pacers,36,15,0.4167,1610612754,-126,110,2026-01-28,,home_away_nba_game_day_local,2026-03-10T03:53:38.250640+00:00,0,2025,-2.0,2.0,237.0,False
ATL,118.35714285714286,118.39285714285714,True,0.4,117.0,116.4,0.035714285714277594,-0.5999999999999943,117,1_day,1,Atlanta Hawks,42,18,0.4286,1610612737,0.0,2026-01-28T00:00:00Z,0022500673,BOS,109.6086956521739,117.08695652173913,True,0.4,0.0,108.4,113.0,7.478260869565219,4.599999999999994,0,0,106,1_day,1,Boston Celtics,34,9,0.2647,1610612738,222,-263,2026-01-28,,home_away_nba_game_day_local,2026-03-10T03:53:38.250640+00:00,0,2025,6.5,-6.5,230.5,False
ORL,115.625,115.875,True,0.4,118.8,105.4,0.25,-13.399999999999991,133,1_day,1,Orlando Magic,38,16,0.4211,1610612753,-0.25,2026-01-28T00:00:00Z,0022500674,MIA,117.8076923076923,120.07692307692308,True,0.15,0.0,119.4,122.0,2.2692307692307736,2.5999999999999943,0,0,124,2_days,2,Miami Heat,34,15,0.4412,1610612748,127,-144,2026-01-28,,home_away_nba_game_day_local,2026-03-10T03:53:38.250640+00:00,0,2025,3.0,-3.0,229.5,False
NYK,116.73913043478261,115.8695652173913,True,1.6,96.4,106.2,-0.8695652173913118,9.799999999999997,119,b2b,0,New York Knicks,38,14,0.3684,1610612752,-1.45,2026-01-28T00:00:00Z,0022500675,TOR,112.53846153846153,114.11538461538461,True,0.15,0.0,109.0,114.6,1.5769230769230802,5.599999999999994,0,0,92,2_days,2,Toronto Raptors,26,7,0.2692,1610612761,112,-128,2026-01-28,,home_away_nba_game_day_local,2026-03-10T03:53:38.250640+00:00,0,2025,2.0,-2.0,225.0,False
CHA,115.25,117.39285714285714,True,0.4,97.2,114.0,2.142857142857139,16.799999999999997,112,1_day,1,Charlotte Hornets,42,17,0.4048,1610612766,0.0,2026-01-28T00:00:00Z,0022500676,MEM,116.76923076923077,116.57692307692308,True,0.4,0.0,118.4,117.0,-0.1923076923076934,-1.4000000000000057,0,0,97,1_day,1,Memphis Grizzlies,40,14,0.35,1610612763,-128,112,2026-01-28,,home_away_nba_game_day_local,2026-03-10T03:53:38.250640+00:00,0,2025,-2.0,2.0,231.5,False
MIN,119.51851851851852,122.22222222222223,True,0.4,113.4,110.6,2.7037037037037095,-2.8000000000000114,118,1_day,1,Minnesota Timberwolves,34,12,0.3529,1610612750,-0.4,2026-01-28T00:00:00Z,0022500677,DAL,114.89285714285714,115.67857142857143,False,0.0,0.0,114.0,125.8,0.7857142857142918,11.799999999999997,0,0,105,3_plus_days,3,Dallas Mavericks,18,3,0.1667,1610612742,-272,229,2026-01-28,,home_away_nba_game_day_local,2026-03-10T03:53:38.250640+00:00,0,2025,-7.0,7.0,232.0,False
GSW,114.26923076923077,112.26923076923077,True,0.4,114.6,114.2,-2.0,-0.3999999999999915,140,1_day,1,Golden State Warriors,54,23,0.4259,1610612744,1.2,2026-01-28T00:00:00Z,0022500678,UTA,128.77777777777777,122.14814814814815,True,1.6,0.0,126.6,113.0,-6.629629629629619,-13.599999999999994,0,0,124,b2b,0,Utah Jazz,38,15,0.3947,1610612762,-395,321,2026-01-28,,home_away_nba_game_day_local,2026-03-10T03:53:38.250640+00:00,0,2025,-10.0,10.0,241.5,False
SAS,113.25925925925925,116.81481481481481,True,0.15,111.4,115.2,3.555555555555557,3.799999999999997,111,2_days,2,San Antonio Spurs,26,6,0.2308,1610612759,0.25,2026-01-28T00:00:00Z,0022500679,HOU,108.80952380952381,117.85714285714286,True,0.4,0.0,109.4,114.2,9.047619047619051,4.799999999999997,0,0,99,1_day,1,Houston Rockets,23,8,0.3478,1610612745,127,-144,2026-01-28,,home_away_nba_game_day_local,2026-03-10T03:53:38.250640+00:00,0,2025,2.5,-2.5,220.0,False
MIA,118.74074074074075,117.44444444444444,True,1.6,119.0,124.4,-1.2962962962963047,5.400000000000006,116,b2b,0,Miami Heat,36,12,0.3333,1610612748,0.0,2026-01-29T00:00:00Z,0022500529,CHI,117.35714285714286,116.85714285714286,True,1.6,0.0,115.6,120.0,-0.5,4.400000000000006,0,0,113,b2b,0,Chicago Bulls,38,15,0.3947,1610612741,-135,119,2026-01-29,,home_away_nba_game_day_local,2026-03-10T03:53:38.250640+00:00,0,2025,-2.5,2.5,238.0,False
SAC,123.6,110.84,True,0.4,123.4,109.4,-12.759999999999991,-14.0,111,1_day,1,Sacramento Kings,26,10,0.3846,1610612758,0.0,2026-01-29T00:00:00Z,0022500680,PHI,116.6896551724138,115.82758620689656,True,0.4,0.0,120.4,115.8,-0.8620689655172384,-4.6000000000000085,0,0,113,1_day,1,Philadelphia 76ers,25,8,0.32,1610612755,321,-395,2026-01-29,,home_away_nba_game_day_local,2026-03-10T03:53:38.250640+00:00,0,2025,10.0,-10.0,229.0,False
MIL,114.26923076923077,109.92307692307692,True,0.4,118.4,107.4,-4.346153846153854,-11.0,99,1_day,1,Milwaukee Bucks,38,10,0.2632,1610612749,0.0,2026-01-29T00:00:00Z,0022500681,WAS,122.8695652173913,114.34782608695652,True,0.4,0.0,113.6,109.6,-8.521739130434781,-4.0,0,0,109,1_day,1,Washington Wizards,35,8,0.2286,1610612764,-125,109,2026-01-29,,home_away_nba_game_day_local,2026-03-10T03:53:38.250640+00:00,0,2025,-2.0,2.0,223.5,False
HOU,113.37037037037037,118.0,True,1.6,109.6,110.2,4.629629629629633,0.6000000000000085,104,b2b,0,Houston Rockets,31,12,0.3871,1610612745,0.0,2026-01-29T00:00:00Z,0022500682,ATL,119.625,116.91666666666667,True,1.6,0.0,111.8,118.6,-2.7083333333333286,6.799999999999997,0,0,86,b2b,0,Atlanta Hawks,39,12,0.3077,1610612737,-223,191,2026-01-29,,home_away_nba_game_day_local,2026-03-10T03:53:38.250640+00:00,0,2025,-5.5,5.5,222.5,False
CHA,114.62068965517241,117.20689655172414,True,1.6,99.2,114.4,2.5862068965517295,15.200000000000003,123,b2b,0,Charlotte Hornets,41,20,0.4878,1610612766,0.0,2026-01-29T00:00:00Z,0022500683,DAL,115.0,115.3103448275862,True,1.6,0.0,113.2,118.0,0.3103448275862064,4.799999999999997,0,0,121,b2b,0,Dallas Mavericks,33,11,0.3333,1610612742,-153,135,2026-01-29,,home_away_nba_game_day_local,2026-03-10T03:53:38.250640+00:00,0,2025,-3.5,3.5,226.5,False
BKN,115.375,106.29166666666667,True,0.4,121.6,100.0,-9.083333333333329,-21.599999999999994,103,1_day,1,Brooklyn Nets,37,14,0.3784,1610612751,0.0,2026-01-29T00:00:00Z,0022500684,DEN,116.43478260869566,119.52173913043478,True,0.4,0.0,106.2,102.0,3.0869565217391255,-4.200000000000003,0,0,107,1_day,1,Denver Nuggets,26,13,0.5,1610612743,214,-253,2026-01-29,,home_away_nba_game_day_local,2026-03-10T03:53:38.250640+00:00,0,2025,6.5,-6.5,209.5,False
DET,113.5,117.08333333333333,True,0.4,108.2,113.6,3.5833333333333286,5.3999999999999915,96,1_day,1,Detroit Pistons,29,6,0.2069,1610612765,0.0,2026-01-29T00:00:00Z,0022500685,PHX,107.91304347826087,114.65217391304348,True,0.4,0.0,110.0,110.6,6.739130434782609,0.5999999999999943,0,0,114,1_day,1,Phoenix Suns,42,16,0.381,1610612756,-158,139,2026-01-29,,home_away_nba_game_day_local,2026-03-10T03:53:38.250640+00:00,0,2025,-4.0,4.0,214.5,False
OKC,108.84615384615384,119.5,True,0.4,104.2,115.4,10.65384615384616,11.200000000000003,111,1_day,1,Oklahoma City Thunder,31,11,0.3548,1610612760,1.2,2026-01-29T00:00:00Z,0022500686,MIN,110.0,115.08,True,1.6,0.0,109.2,109.6,5.079999999999998,0.3999999999999915,0,0,123,b2b,0,Minnesota Timberwolves,47,22,0.4681,1610612750,-219,188,2026-01-29,,home_away_nba_game_day_local,2026-03-10T03:53:38.250640+00:00,0,2025,-6.5,6.5,228.0,False
TOR,111.5,113.96428571428571,True,0.4,110.8,114.4,2.464285714285708,3.6000000000000085,120,1_day,1,Toronto Raptors,28,7,0.25,1610612761,0.0,2026-01-30T00:00:00Z,0022500687,ORL,114.56,116.04,True,0.4,0.0,121.4,108.4,1.480000000000004,-13.0,0,0,130,1_day,1,Orlando Magic,34,17,0.5,1610612753,115,-131,2026-01-30,,home_away_nba_game_day_local,2026-03-10T03:53:38.250640+00:00,0,2025,2.5,-2.5,219.0,False
LAL,115.17857142857143,112.07142857142857,True,0.4,115.2,112.6,-3.107142857142861,-2.6000000000000085,142,1_day,1,Los Angeles Lakers,33,14,0.4242,1610612747,1.2,2026-01-30T00:00:00Z,0022500688,WAS,121.875,114.125,True,1.6,0.0,109.2,108.4,-7.75,-0.7999999999999972,0,0,111,b2b,0,Washington Wizards,48,16,0.3333,1610612764,-429,346,2026-01-30,,home_away_nba_game_day_local,2026-03-10T03:53:38.250640+00:00,0,2025,-10.0,10.0,230.0,False
SAC,123.1923076923077,110.84615384615384,True,1.6,120.0,108.2,-12.346153846153854,-11.799999999999997,93,b2b,0,Sacramento Kings,31,10,0.3226,1610612758,-1.2,2026-01-30T00:00:00Z,0022500689,BOS,109.91666666666667,116.625,True,0.4,0.0,111.0,113.6,6.708333333333329,2.5999999999999943,0,0,112,1_day,1,Boston Celtics,48,18,0.375,1610612738,390,-493,2026-01-30,,home_away_nba_game_day_local,2026-03-10T03:53:38.250640+00:00,0,2025,11.5,-11.5,217.5,False
POR,119.53846153846153,115.07692307692308,True,0.15,109.4,109.4,-4.461538461538453,0.0,97,2_days,2,Portland Trail Blazers,43,13,0.3023,1610612757,0.25,2026-01-30T00:00:00Z,0022500690,NYK,108.3103448275862,116.93103448275862,True,0.4,0.0,93.6,110.2,8.620689655172413,16.60000000000001,0,0,127,1_day,1,New York Knicks,45,19,0.4222,1610612752,237,-282,2026-01-30,,home_away_nba_game_day_local,2026-03-10T03:53:38.250640+00:00,0,2025,7.5,-7.5,224.5,False
MEM,118.6086956521739,114.08695652173913,True,0.4,117.2,114.2,-4.521739130434781,-3.0,106,1_day,1,Memphis Grizzlies,41,12,0.2927,1610612763,-0.25,2026-01-30T00:00:00Z,0022500691,NOP,122.48148148148148,117.81481481481481,True,0.15,0.0,111.4,109.2,-4.666666666666671,-2.200000000000003,0,0,114,2_days,2,New Orleans Pelicans,33,8,0.2424,1610612740,127,-144,2026-01-30,,home_away_nba_game_day_local,2026-03-10T03:53:38.250640+00:00,0,2025,2.0,-2.0,236.5,False
CLE,117.73913043478261,119.04347826086956,True,0.4,101.4,115.8,1.3043478260869534,14.399999999999991,113,1_day,1,Cleveland Cavaliers,48,15,0.3125,1610612739,1.2,2026-01-30T00:00:00Z,0022500693,PHX,107.41666666666667,114.625,True,1.6,0.0,105.8,108.2,7.208333333333329,2.4000000000000057,0,0,126,b2b,0,Phoenix Suns,48,23,0.4792,1610612756,-128,112,2026-01-30,,home_away_nba_game_day_local,2026-03-10T03:53:38.250640+00:00,0,2025,-2.0,2.0,224.0,False
BKN,115.04,106.16,True,1.6,117.8,97.2,-8.88000000000001,-20.599999999999994,109,b2b,0,Brooklyn Nets,40,14,0.35,1610612751,-1.2,2026-01-30T00:00:00Z,0022500694,UTA,129.17857142857142,122.21428571428571,True,0.4,0.0,130.0,115.8,-6.964285714285708,-14.200000000000003,0,0,99,1_day,1,Utah Jazz,29,10,0.3448,1610612762,129,-146,2026-01-30,,home_away_nba_game_day_local,2026-03-10T03:53:38.250640+00:00,0,2025,3.5,-3.5,226.0,False
LAC,114.07692307692308,110.73076923076923,True,0.15,108.0,114.6,-3.346153846153854,6.599999999999994,109,2_days,2,LA Clippers,40,14,0.35,1610612746,1.45,2026-01-30T00:00:00Z,0022500695,DEN,115.875,119.0,True,1.6,0.0,104.8,106.0,3.125,1.2000000000000028,0,0,122,b2b,0,Denver Nuggets,28,16,0.5714,1610612743,,,2026-01-30,,,,0,2025,,,,False
DET,113.52,116.24,True,1.6,110.4,112.0,2.719999999999999,1.5999999999999943,131,b2b,0,Detroit Pistons,26,10,0.3846,1610612765,-1.2,2026-01-30T00:00:00Z,0022500696,GSW,112.66666666666667,119.51851851851852,True,0.4,0.0,117.0,115.2,6.851851851851848,-1.7999999999999972,0,0,124,1_day,1,Golden State Warriors,52,18,0.3462,1610612744,117,-133,2026-01-30,,home_away_nba_game_day_local,2026-03-10T03:53:38.250640+00:00,0,2025,2.5,-2.5,225.0,False
CHI,122.625,119.20833333333333,True,0.4,116.8,115.0,-3.4166666666666714,-1.7999999999999972,125,1_day,1,Chicago Bulls,40,20,0.5,1610612741,0.0,2026-01-31T00:00:00Z,0022500692,MIA,118.37037037037037,120.22222222222223,True,0.4,0.0,118.2,121.6,1.8518518518518619,3.3999999999999915,0,0,118,1_day,1,Miami Heat,47,13,0.2766,1610612748,202,-238,2026-01-31,,home_away_nba_game_day_local,2026-03-10T03:53:38.250640+00:00,0,2025,6.5,-6.5,233.5,False
SAS,112.75,116.60714285714286,True,0.15,106.6,112.2,3.857142857142861,5.6000000000000085,106,2_days,2,San Antonio Spurs,34,13,0.3824,1610612759,0.25,2026-01-31T00:00:00Z,0022500697,CHA,115.83333333333333,115.91666666666667,True,0.4,0.0,104.6,121.6,0.08333333333334281,17.0,0,0,111,1_day,1,Charlotte Hornets,35,13,0.3714,1610612766,-155,136,2026-01-31,,home_away_nba_game_day_local,2026-03-10T03:53:38.250640+00:00,0,2025,-3.0,3.0,226.5,False
ATL,117.93103448275862,118.34482758620689,True,0.4,110.2,113.8,0.41379310344827047,3.5999999999999943,124,1_day,1,Atlanta Hawks,28,11,0.3929,1610612737,-0.25,2026-01-31T00:00:00Z,0022500698,IND,115.92592592592592,112.96296296296296,True,0.15,0.0,117.6,110.8,-2.962962962962962,-6.799999999999997,0,0,129,2_days,2,Indiana Pacers,32,15,0.4688,1610612754,-121,105,2026-01-31,,home_away_nba_game_day_local,2026-03-10T03:53:38.250640+00:00,0,2025,-1.5,1.5,232.5,False
NOP,120.54166666666667,111.625,True,1.6,108.8,110.0,-8.916666666666671,1.2000000000000028,114,b2b,0,New Orleans Pelicans,36,15,0.4167,1610612740,-1.2,2026-01-31T00:00:00Z,0022500699,PHI,116.5,115.73333333333333,True,0.4,0.0,119.4,116.4,-0.7666666666666657,-3.0,0,0,124,1_day,1,Philadelphia 76ers,36,17,0.4722,1610612755,267,-322,2026-01-31,,home_away_nba_game_day_local,2026-03-10T03:53:38.250640+00:00,0,2025,10.0,-10.0,232.5,False
MIN,119.0,122.07142857142857,True,0.4,106.0,109.8,3.0714285714285694,3.799999999999997,131,1_day,1,Minnesota Timberwolves,37,18,0.4865,1610612750,1.2,2026-01-31T00:00:00Z,0022500700,MEM,116.5925925925926,115.85185185185185,True,1.6,0.0,118.2,110.2,-0.7407407407407476,-8.0,0,0,114,b2b,0,Memphis Grizzlies,37,10,0.2703,1610612763,-312,260,2026-01-31,,home_away_nba_game_day_local,2026-03-10T03:53:38.250640+00:00,0,2025,-7.0,7.0,231.0,False
DAL,115.81818181818181,112.5,True,0.4,113.8,114.6,-3.318181818181813,0.7999999999999972,107,1_day,1,Dallas Mavericks,23,10,0.4348,1610612742,0.0,2026-01-31T00:00:00Z,0022500701,HOU,108.9090909090909,117.0,True,0.4,0.0,105.6,108.8,8.090909090909093,3.200000000000003,0,0,111,1_day,1,Houston Rockets,26,10,0.3846,1610612745,356,-444,2026-01-31,,home_away_nba_game_day_local,2026-03-10T03:53:38.250640+00:00,0,2025,10.5,-10.5,223.0,False
MIL,114.07407407407408,109.51851851851852,True,0.15,116.4,107.0,-4.555555555555557,-9.400000000000006,79,2_days,2,Milwaukee Bucks,34,10,0.2941,1610612749,0.25,2026-02-01T00:00:00Z,0022500702,BOS,109.24,116.44,True,0.4,0.0,108.8,112.2,7.200000000000003,3.4000000000000057,0,0,107,1_day,1,Boston Celtics,42,15,0.3571,1610612738,456,-591,2026-02-01,,home_away_nba_game_day_local,2026-03-10T03:53:38.250640+00:00,0,2025,13.0,-13.0,217.5,False
ORL,115.96,116.56,True,0.4,120.2,112.6,0.6000000000000085,-7.6000000000000085,103,1_day,1,Orlando Magic,30,10,0.3333,1610612753,1.2,2026-02-01T00:00:00Z,0022500703,SAS,111.83333333333333,119.20833333333333,True,1.6,0.0,106.8,108.8,7.375,2.0,0,0,112,b2b,0,San Antonio Spurs,29,8,0.2759,1610612759,112,-128,2026-02-01,,home_away_nba_game_day_local,2026-03-10T03:53:38.250640+00:00,0,2025,1.5,-1.5,223.0,False
BKN,114.42307692307692,106.26923076923077,True,0.4,113.6,105.8,-8.153846153846146,-7.799999999999997,77,1_day,1,Brooklyn Nets,31,7,0.2258,1610612751,0.0,2026-02-01T00:00:00Z,0022500704,DET,106.88,116.92,True,0.4,0.0,114.4,115.8,10.040000000000006,1.3999999999999915,0,0,130,1_day,1,Detroit Pistons,32,12,0.375,1610612765,502,-664,2026-02-01,,home_away_nba_game_day_local,2026-03-10T03:53:38.250640+00:00,0,2025,13.5,-13.5,214.0,False
CHI,122.44,119.44,True,1.6,117.4,116.0,-3.0,-1.4000000000000057,91,b2b,0,Chicago Bulls,41,6,0.1463,1610612741,0.0,2026-02-01T00:00:00Z,0022500705,MIA,118.60714285714286,120.14285714285714,True,1.6,0.0,117.8,123.2,1.5357142857142776,5.400000000000006,0,0,134,b2b,0,Miami Heat,38,14,0.3684,1610612748,202,-238,2026-02-01,,home_away_nba_game_day_local,2026-03-10T03:53:38.250640+00:00,0,2025,6.5,-6.5,233.5,False
UTA,126.41666666666667,115.41666666666667,True,0.4,127.4,110.2,-11.0,-17.200000000000003,100,1_day,1,Utah Jazz,36,8,0.2222,1610612762,0.0,2026-02-01T00:00:00Z,0022500706,TOR,112.77777777777777,113.29629629629629,True,0.4,0.0,111.4,109.4,0.518518518518519,-2.0,0,0,107,1_day,1,Toronto Raptors,35,12,0.3429,1610612761,340,-420,2026-02-01,,home_away_nba_game_day_local,2026-03-10T03:53:38.250640+00:00,0,2025,10.5,-10.5,235.0,False
SAC,122.77777777777777,110.18518518518519,True,0.4,118.0,105.0,-12.592592592592581,-13.0,112,1_day,1,Sacramento Kings,21,8,0.381,1610612758,0.0,2026-02-01T00:00:00Z,0022500707,WAS,122.68,114.0,True,0.4,0.0,115.6,109.4,-8.680000000000007,-6.199999999999989,0,0,116,1_day,1,Washington Wizards,31,13,0.4194,1610612764,-128,112,2026-02-01,,home_away_nba_game_day_local,2026-03-10T03:53:38.250640+00:00,0,2025,-2.0,2.0,228.5,False
LAL,115.03448275862068,113.10344827586206,True,0.4,116.0,118.0,-1.9310344827586192,2.0,100,1_day,1,Los Angeles Lakers,42,12,0.2857,1610612747,0.0,2026-02-01T00:00:00Z,0022500708,NYK,107.93333333333334,117.26666666666667,True,0.4,0.0,90.2,116.2,9.333333333333329,26.0,0,0,112,1_day,1,New York Knicks,42,18,0.4286,1610612752,166,-190,2026-02-01,,home_away_nba_game_day_local,2026-03-10T03:53:38.250640+00:00,0,2025,5.0,-5.0,229.0,False
LAC,114.37037037037037,110.66666666666667,True,0.4,111.2,114.4,-3.7037037037036953,3.200000000000003,117,1_day,1,LA Clippers,24,9,0.375,1610612746,0.0,2026-02-01T00:00:00Z,0022500709,PHX,107.64,115.08,True,0.4,0.0,106.4,110.2,7.439999999999998,3.799999999999997,0,0,93,1_day,1,Phoenix Suns,46,19,0.413,1610612756,,,2026-02-01,,,,0,2025,,,,False
CLE,118.08333333333333,118.79166666666667,True,0.4,109.2,119.6,0.7083333333333428,10.399999999999991,130,1_day,1,Cleveland Cavaliers,34,16,0.4706,1610612739,0.0,2026-02-01T00:00:00Z,0022500710,POR,116.57692307692308,116.92307692307692,True,0.4,0.0,112.8,105.4,0.3461538461538396,-7.3999999999999915,0,0,111,1_day,1,Portland Trail Blazers,44,14,0.3182,1610612757,-149,132,2026-02-01,,home_away_nba_game_day_local,2026-03-10T03:53:38.250640+00:00,0,2025,-3.0,3.0,229.0,False
OKC,109.37037037037037,119.18518518518519,True,0.15,108.0,110.4,9.814814814814824,2.4000000000000057,121,2_days,2,Oklahoma City Thunder,48,19,0.3958,1610612760,0.25,2026-02-01T00:00:00Z,0022500711,DEN,115.6,119.12,True,0.4,0.0,103.6,109.0,3.5200000000000102,5.400000000000006,0,0,111,1_day,1,Denver Nuggets,35,16,0.4571,1610612743,-238,202,2026-02-01,,home_away_nba_game_day_local,2026-03-10T03:53:38.250640+00:00,0,2025,-7.0,7.0,225.0,False
NOP,120.68,111.72,True,0.4,111.2,112.0,-8.960000000000008,0.7999999999999972,95,1_day,1,New Orleans Pelicans,34,11,0.3235,1610612740,0.0,2026-02-02T00:00:00Z,0022500712,CHA,115.44,115.72,True,0.4,0.0,106.4,119.0,0.28000000000000114,12.599999999999994,0,0,102,1_day,1,Charlotte Hornets,50,12,0.24,1610612766,228,-271,2026-02-02,,home_away_nba_game_day_local,2026-03-10T03:53:38.250640+00:00,0,2025,7.0,-7.0,231.0,False
HOU,112.39285714285714,117.5,True,0.4,101.4,106.6,5.107142857142861,5.199999999999989,118,1_day,1,Houston Rockets,22,7,0.3182,1610612745,0.0,2026-02-02T00:00:00Z,0022500713,IND,116.21428571428571,113.53571428571429,True,0.4,0.0,119.8,115.8,-2.6785714285714164,-4.0,0,0,114,1_day,1,Indiana Pacers,26,12,0.4615,1610612754,-243,206,2026-02-02,,home_away_nba_game_day_local,2026-03-10T03:53:38.250640+00:00,0,2025,-6.5,6.5,218.5,False
MIN,118.82758620689656,122.37931034482759,True,0.4,104.8,113.0,3.551724137931032,8.200000000000003,128,1_day,1,Minnesota Timberwolves,41,16,0.3902,1610612750,0.0,2026-02-02T00:00:00Z,0022500714,MEM,117.10714285714286,115.78571428571429,True,0.4,0.0,119.6,108.6,-1.3214285714285694,-11.0,0,0,137,1_day,1,Memphis Grizzlies,41,19,0.4634,1610612763,-312,260,2026-02-02,,home_away_nba_game_day_local,2026-03-10T03:53:38.250640+00:00,0,2025,-7.0,7.0,231.0,False
PHI,114.19047619047619,115.0952380952381,True,0.4,117.8,115.6,0.9047619047619122,-2.200000000000003,128,1_day,1,Philadelphia 76ers,39,17,0.4359,1610612755,1.2,2026-02-02T00:00:00Z,0022500715,LAC,109.47826086956522,113.65217391304348,True,1.6,0.0,102.2,115.8,4.173913043478265,13.599999999999994,0,0,113,b2b,0,LA Clippers,26,9,0.3462,1610612746,,,2026-02-02,,,,0,2025,,,,False
DEN,114.27586206896552,119.06896551724138,True,0.4,108.4,109.8,4.793103448275858,1.3999999999999915,121,1_day,1,Denver Nuggets,30,10,0.3333,1610612743,0.0,2026-02-03T00:00:00Z,0022500716,DET,105.73076923076923,117.42307692307692,True,0.4,0.0,107.6,121.0,11.692307692307693,13.400000000000006,0,0,124,1_day,1,Detroit Pistons,29,12,0.4138,1610612765,150,-170,2026-02-03,,home_away_nba_game_day_local,2026-03-10T03:53:38.250640+00:00,0,2025,4.0,-4.0,229.0,False
UTA,125.64,114.8,True,0.4,123.6,108.4,-10.840000000000003,-15.199999999999989,131,1_day,1,Utah Jazz,29,13,0.4483,1610612762,1.2,2026-02-03T00:00:00Z,0022500717,IND,116.27586206896552,113.55172413793103,True,1.6,0.0,119.6,117.8,-2.724137931034491,-1.7999999999999972,0,0,122,b2b,0,Indiana Pacers,39,14,0.359,1610612754,141,-160,2026-02-03,,home_away_nba_game_day_local,2026-03-10T03:53:38.250640+00:00,0,2025,3.5,-3.5,236.5,False
NYK,115.70833333333333,116.0,True,0.4,97.0,114.6,0.2916666666666714,17.599999999999994,132,1_day,1,New York Knicks,37,17,0.4595,1610612752,0.0,2026-02-03T00:00:00Z,0022500718,WAS,122.26923076923077,114.07692307692308,True,0.4,0.0,116.6,113.2,-8.192307692307693,-3.3999999999999915,0,0,101,1_day,1,Washington Wizards,31,11,0.3548,1610612764,-689,517,2026-02-03,,home_away_nba_game_day_local,2026-03-10T03:53:38.250640+00:00,0,2025,-13.5,13.5,227.5,False
LAL,114.93333333333334,112.66666666666667,True,0.4,116.0,117.2,-2.2666666666666657,1.2000000000000028,125,1_day,1,Los Angeles Lakers,31,7,0.2258,1610612747,0.0,2026-02-03T00:00:00Z,0022500719,BKN,115.0,110.45833333333333,True,0.4,0.0,113.6,96.0,-4.541666666666671,-17.599999999999994,0,0,109,1_day,1,Brooklyn Nets,41,10,0.2439,1610612751,-345,285,2026-02-03,,home_away_nba_game_day_local,2026-03-10T03:53:38.250640+00:00,0,2025,-8.5,8.5,222.5,False
ATL,118.3,118.53333333333333,True,0.15,111.6,113.8,0.23333333333333428,2.200000000000003,127,2_days,2,Atlanta Hawks,50,21,0.42,1610612737,0.25,2026-02-03T00:00:00Z,0022500720,MIA,117.65517241379311,120.62068965517241,True,0.4,0.0,112.8,120.6,2.9655172413793025,7.799999999999997,0,0,115,1_day,1,Miami Heat,32,8,0.25,1610612748,136,-155,2026-02-03,,home_away_nba_game_day_local,2026-03-10T03:53:38.250640+00:00,0,2025,3.0,-3.0,241.0,False
BOS,109.66666666666667,116.48148148148148,True,0.4,99.4,107.6,6.8148148148148096,8.199999999999989,110,1_day,1,Boston Celtics,39,13,0.3333,1610612738,-0.25,2026-02-03T00:00:00Z,0022500721,DAL,115.26666666666667,115.5,True,0.15,0.0,116.6,113.2,0.23333333333333428,-3.3999999999999915,0,0,100,2_days,2,Dallas Mavericks,32,9,0.2812,1610612742,-258,218,2026-02-03,,home_away_nba_game_day_local,2026-03-10T03:53:38.250640+00:00,0,2025,-7.0,7.0,223.0,False
CHI,122.88461538461539,118.34615384615384,True,0.4,122.0,111.4,-4.538461538461547,-10.599999999999994,115,1_day,1,Chicago Bulls,50,19,0.38,1610612741,0.0,2026-02-03T00:00:00Z,0022500722,MIL,116.91304347826087,115.04347826086956,True,0.4,0.0,115.8,100.4,-1.8695652173913118,-15.399999999999991,0,0,131,1_day,1,Milwaukee Bucks,38,23,0.6053,1610612749,-138,122,2026-02-03,,home_away_nba_game_day_local,2026-03-10T03:53:38.250640+00:00,0,2025,-2.5,2.5,223.0,False
ORL,115.8076923076923,116.03846153846153,True,0.4,117.8,113.8,0.2307692307692264,-4.0,92,1_day,1,Orlando Magic,41,13,0.3171,1610612753,0.0,2026-02-03T00:00:00Z,0022500723,OKC,106.85714285714286,119.03571428571429,True,0.4,0.0,109.8,110.2,12.17857142857143,0.4000000000000057,0,0,128,1_day,1,Oklahoma City Thunder,35,12,0.3429,1610612760,216,-256,2026-02-03,,home_away_nba_game_day_local,2026-03-10T03:53:38.250640+00:00,0,2025,7.0,-7.0,219.5,False
PHI,114.13636363636364,115.68181818181819,True,1.6,118.0,119.4,1.5454545454545467,1.4000000000000057,113,b2b,0,Philadelphia 76ers,38,13,0.3421,1610612755,-1.6,2026-02-03T00:00:00Z,0022500724,GSW,113.32142857142857,119.67857142857143,False,0.0,0.0,114.2,114.6,6.357142857142861,0.3999999999999915,0,0,94,3_plus_days,3,Golden State Warriors,48,19,0.3958,1610612744,132,-149,2026-02-03,,home_away_nba_game_day_local,2026-03-10T03:53:38.250640+00:00,0,2025,3.0,-3.0,221.5,False
PHX,113.71428571428571,113.46428571428571,True,0.4,107.8,108.2,-0.25,0.4000000000000057,130,1_day,1,Phoenix Suns,41,20,0.4878,1610612756,0.0,2026-02-03T00:00:00Z,0022500725,POR,117.07407407407408,116.70370370370371,True,0.4,0.0,116.8,102.2,-0.3703703703703667,-14.599999999999994,0,0,125,1_day,1,Portland Trail Blazers,52,18,0.3462,1610612757,-138,122,2026-02-03,,home_away_nba_game_day_local,2026-03-10T03:53:38.250640+00:00,0,2025,-2.5,2.5,218.5,False
DEN,114.6,119.13333333333334,True,2.3,113.2,113.6,4.533333333333346,0.3999999999999915,127,b2b,0,Denver Nuggets,50,13,0.26,1610612743,0.0,2026-02-04T00:00:00Z,0022500726,NYK,107.6774193548387,117.09677419354838,True,2.3,0.0,95.4,118.6,9.41935483870968,23.19999999999999,0,0,134,b2b,0,New York Knicks,50,18,0.36,1610612752,222,-263,2026-02-04,,home_away_nba_game_day_local,2026-03-10T03:53:38.250640+00:00,10,2025,7.0,-7.0,224.0,True
MIN,119.43333333333334,122.56666666666666,True,0.4,110.0,121.6,3.1333333333333258,11.599999999999994,128,1_day,1,Minnesota Timberwolves,39,16,0.4103,1610612750,-0.25,2026-02-04T00:00:00Z,0022500727,TOR,112.32142857142857,113.07142857142857,True,0.15,0.0,109.6,106.4,0.75,-3.1999999999999886,0,0,126,2_days,2,Toronto Raptors,31,15,0.4839,1610612761,-138,122,2026-02-04,,home_away_nba_game_day_local,2026-03-10T03:53:38.250640+00:00,0,2025,-2.0,2.0,227.0,False
BOS,109.32142857142857,116.25,True,1.6,96.6,107.4,6.928571428571431,10.800000000000011,114,b2b,0,Boston Celtics,51,19,0.3725,1610612738,-1.2,2026-02-04T00:00:00Z,0022500728,HOU,108.82608695652173,116.73913043478261,True,0.4,0.0,103.4,108.0,7.9130434782608745,4.599999999999994,0,0,93,1_day,1,Houston Rockets,30,11,0.3667,1610612745,182,-209,2026-02-04,,home_away_nba_game_day_local,2026-03-10T03:53:38.250640+00:00,0,2025,5.5,-5.5,213.5,False
NOP,119.96153846153847,111.07692307692308,True,0.75,106.2,104.4,-8.884615384615387,-1.7999999999999972,137,1_day,1,New Orleans Pelicans,46,24,0.5217,1610612740,1.2,2026-02-04T00:00:00Z,0022500729,MIL,116.83333333333333,115.70833333333333,True,1.95,0.0,114.4,106.2,-1.125,-8.200000000000003,0,0,141,b2b,0,Milwaukee Bucks,47,21,0.4468,1610612749,-180,158,2026-02-04,,home_away_nba_game_day_local,2026-03-10T03:53:38.250640+00:00,5,2025,-5.0,5.0,222.5,True
OKC,109.42857142857143,119.25,True,1.6,104.8,113.0,9.82142857142857,8.200000000000003,106,b2b,0,Oklahoma City Thunder,47,19,0.4043,1610612760,-1.45,2026-02-04T00:00:00Z,0022500730,SAS,111.48,118.92,True,0.15,0.0,105.2,110.0,7.439999999999998,4.799999999999997,0,0,116,2_days,2,San Antonio Spurs,42,14,0.3333,1610612759,-115,-101,2026-02-04,,home_away_nba_game_day_local,2026-03-10T03:53:38.250640+00:00,0,2025,-1.5,1.5,223.0,False
MEM,118.41666666666667,113.75,True,0.4,118.6,110.6,-4.666666666666671,-8.0,129,1_day,1,Memphis Grizzlies,41,18,0.439,1610612763,-0.25,2026-02-04T00:00:00Z,0022500731,SAC,118.03703703703704,110.55555555555556,True,0.15,0.0,116.6,103.8,-7.481481481481481,-12.799999999999997,0,0,125,2_days,2,Sacramento Kings,36,11,0.3056,1610612758,-105,-111,2026-02-04,,home_away_nba_game_day_local,2026-03-10T03:53:38.250640+00:00,0,2025,1.0,-1.0,231.5,False
CLE,117.8,119.24,True,0.15,107.8,121.0,1.4399999999999977,13.200000000000003,124,2_days,2,Cleveland Cavaliers,41,16,0.3902,1610612739,0.25,2026-02-04T00:00:00Z,0022500732,LAC,110.25,113.625,True,0.4,0.0,107.0,116.0,3.375,9.0,0,0,91,1_day,1,LA Clippers,28,6,0.2143,1610612746,,,2026-02-04,,,,0,2025,,,,False
WAS,121.44,110.16,True,0.4,119.2,110.4,-11.280000000000001,-8.799999999999997,126,1_day,1,Washington Wizards,41,18,0.439,1610612764,0.0,2026-02-05T00:00:00Z,0022500733,DET,106.29629629629629,117.66666666666667,True,0.4,0.0,108.6,118.0,11.370370370370381,9.400000000000006,0,0,117,1_day,1,Detroit Pistons,33,9,0.2727,1610612765,,,2026-02-05,,,,0,2025,,,,False
BKN,115.0,105.18518518518519,True,0.4,113.4,100.0,-9.81481481481481,-13.400000000000006,98,1_day,1,Brooklyn Nets,39,12,0.3077,1610612751,0.0,2026-02-05T00:00:00Z,0022500734,ORL,114.76923076923077,116.57692307692308,True,0.4,0.0,119.6,111.2,1.8076923076923066,-8.399999999999991,0,0,118,1_day,1,Orlando Magic,32,9,0.2812,1610612753,,,2026-02-05,,,,0,2025,,,,False
UTA,125.5,115.42307692307692,True,0.4,118.6,111.4,-10.07692307692308,-7.199999999999989,119,1_day,1,Utah Jazz,30,12,0.4,1610612762,0.0,2026-02-05T00:00:00Z,0022500735,ATL,119.0,115.68,True,0.4,0.0,114.0,117.2,-3.319999999999993,3.200000000000003,0,0,121,1_day,1,Atlanta Hawks,35,8,0.2286,1610612737,,,2026-02-05,,,,0,2025,,,,False
CHI,123.18518518518519,118.22222222222223,True,0.4,122.4,110.8,-4.962962962962962,-11.600000000000009,107,1_day,1,Chicago Bulls,49,18,0.3673,1610612741,1.2,2026-02-05T00:00:00Z,0022500736,TOR,112.86206896551724,113.51724137931035,True,1.6,0.0,115.6,109.6,0.6551724137931103,-6.0,0,0,123,b2b,0,Toronto Raptors,34,14,0.4118,1610612761,,,2026-02-05,,,,0,2025,,,,False
CHA,114.83333333333333,117.4,True,0.15,102.4,115.6,2.566666666666677,13.199999999999989,109,2_days,2,Charlotte Hornets,43,17,0.3953,1610612766,1.45,2026-02-05T00:00:00Z,0022500737,HOU,109.04166666666667,115.75,True,1.6,0.0,106.4,105.0,6.708333333333329,-1.4000000000000057,0,0,99,b2b,0,Houston Rockets,23,8,0.3478,1610612745,,,2026-02-05,,,,0,2025,,,,False
SAS,112.6896551724138,116.24137931034483,True,1.6,104.6,108.0,3.551724137931032,3.4000000000000057,135,b2b,0,San Antonio Spurs,41,17,0.4146,1610612759,-1.2,2026-02-05T00:00:00Z,0022500738,DAL,115.09677419354838,115.0,True,0.4,0.0,115.6,108.6,-0.09677419354838435,-7.0,0,0,123,1_day,1,Dallas Mavericks,31,12,0.3871,1610612742,,,2026-02-05,,,,0,2025,,,,False
GSW,114.62962962962963,113.29629629629629,True,0.4,112.2,110.4,-1.3333333333333428,-1.7999999999999972,101,1_day,1,Golden State Warriors,55,20,0.3636,1610612744,0.0,2026-02-05T00:00:00Z,0022500739,PHX,108.0,114.23076923076923,True,0.4,0.0,110.6,113.8,6.230769230769226,3.200000000000003,0,0,97,1_day,1,Phoenix Suns,43,16,0.3721,1610612756,,,2026-02-05,,,,0,2025,,,,False
PHI,113.26086956521739,115.56521739130434,True,0.4,110.8,123.4,2.3043478260869534,12.600000000000009,115,1_day,1,Philadelphia 76ers,24,5,0.2083,1610612755,0.0,2026-02-05T00:00:00Z,0022500740,LAL,117.375,117.41666666666667,True,0.4,0.0,115.8,119.0,0.041666666666671404,3.200000000000003,0,0,119,1_day,1,Los Angeles Lakers,25,9,0.36,1610612747,,,2026-02-05,,,,0,2025,,,,False
MIA,118.53571428571429,117.39285714285714,True,0.15,117.8,121.4,-1.142857142857153,3.6000000000000085,96,2_days,2,Miami Heat,40,13,0.325,1610612748,0.25,2026-02-06T00:00:00Z,0022500741,BOS,108.07692307692308,116.07692307692308,True,0.4,0.0,96.4,109.8,8.0,13.399999999999991,0,0,98,1_day,1,Boston Celtics,36,10,0.2778,1610612738,200,-235,2026-02-06,,home_away_nba_game_day_local,2026-03-10T03:53:38.250640+00:00,0,2025,6.0,-6.0,227.5,False
NYK,115.12,116.64,True,0.4,103.4,124.8,1.519999999999996,21.39999999999999,80,1_day,1,New York Knicks,33,8,0.2424,1610612752,1.2,2026-02-06T00:00:00Z,0022500742,DET,107.0,117.64285714285714,True,1.6,0.0,112.4,119.6,10.642857142857139,7.199999999999989,0,0,118,b2b,0,Detroit Pistons,40,17,0.425,1610612765,-123,107,2026-02-06,,home_away_nba_game_day_local,2026-03-10T03:53:38.250640+00:00,0,2025,-1.0,1.0,222.5,False
IND,121.64,108.24,True,0.15,123.0,118.8,-13.400000000000006,-4.200000000000003,99,2_days,2,Indiana Pacers,43,12,0.2791,1610612754,0.25,2026-02-06T00:00:00Z,0022500743,MIL,117.64,116.72,True,0.4,0.0,121.4,114.4,-0.9200000000000017,-7.0,0,0,105,1_day,1,Milwaukee Bucks,43,13,0.3023,1610612749,102,-118,2026-02-06,,home_away_nba_game_day_local,2026-03-10T03:53:38.250640+00:00,0,2025,1.0,-1.0,222.5,False
NOP,120.74074074074075,112.03703703703704,True,0.4,115.4,111.0,-8.70370370370371,-4.400000000000006,119,1_day,1,New Orleans Pelicans,34,15,0.4412,1610612740,0.0,2026-02-06T00:00:00Z,0022500744,MIN,110.03846153846153,115.38461538461539,True,0.4,0.0,118.6,125.6,5.346153846153854,7.0,0,0,115,1_day,1,Minnesota Timberwolves,40,13,0.325,1610612750,321,-395,2026-02-06,,home_away_nba_game_day_local,2026-03-10T03:53:38.250640+00:00,0,2025,9.5,-9.5,236.5,False
MEM,118.68,114.36,True,0.4,122.0,116.6,-4.320000000000007,-5.400000000000006,115,1_day,1,Memphis Grizzlies,41,15,0.3659,1610612763,-0.25,2026-02-06T00:00:00Z,0022500745,POR,117.53571428571429,117.0,True,0.15,0.0,120.8,107.6,-0.5357142857142918,-13.200000000000003,0,0,135,2_days,2,Portland Trail Blazers,42,17,0.4048,1610612757,248,-297,2026-02-06,,home_away_nba_game_day_local,2026-03-10T03:53:38.250640+00:00,0,2025,8.5,-8.5,233.5,False
LAC,113.60714285714286,110.89285714285714,True,0.4,114.0,109.0,-2.7142857142857224,-5.0,114,1_day,1,LA Clippers,21,9,0.4286,1610612746,0.0,2026-02-06T00:00:00Z,0022500746,SAC,118.42857142857143,111.07142857142857,True,0.4,0.0,114.6,105.6,-7.357142857142861,-9.0,0,0,111,1_day,1,Sacramento Kings,37,10,0.2703,1610612758,,,2026-02-06,,,,0,2025,,,,False
WAS,121.26923076923077,110.76923076923077,True,0.4,120.4,112.6,-10.5,-7.800000000000011,113,1_day,1,Washington Wizards,30,11,0.3667,1610612764,0.0,2026-02-07T00:00:00Z,0022500747,BKN,115.4,110.4,True,0.4,0.0,115.8,99.2,-5.0,-16.599999999999994,0,0,127,1_day,1,Brooklyn Nets,38,13,0.3421,1610612751,191,-223,2026-02-07,,home_away_nba_game_day_local,2026-03-10T03:53:38.250640+00:00,0,2025,4.5,-4.5,219.0,False
HOU,112.44827586206897,117.51724137931035,True,0.4,106.0,105.0,5.068965517241381,-1.0,112,1_day,1,Houston Rockets,43,15,0.3488,1610612745,-0.25,2026-02-07T00:00:00Z,0022500748,OKC,106.34482758620689,119.34482758620689,True,0.15,0.0,107.4,114.0,13.0,6.599999999999994,0,0,106,2_days,2,Oklahoma City Thunder,36,14,0.3889,1610612760,132,-149,2026-02-07,,home_away_nba_game_day_local,2026-03-10T03:53:38.250640+00:00,0,2025,5.0,-5.0,213.0,False
DAL,115.6086956521739,112.26086956521739,True,0.4,119.4,111.2,-3.347826086956516,-8.200000000000003,125,1_day,1,Dallas Mavericks,37,15,0.4054,1610612742,0.0,2026-02-07T00:00:00Z,0022500749,SAS,111.26923076923077,118.8076923076923,True,0.4,0.0,108.4,116.0,7.538461538461533,7.599999999999994,0,0,138,1_day,1,San Antonio Spurs,35,14,0.4,1610612759,325,-400,2026-02-07,,home_away_nba_game_day_local,2026-03-10T03:53:38.250640+00:00,0,2025,10.0,-10.0,230.0,False
UTA,125.33333333333333,115.55555555555556,True,0.4,119.8,114.6,-9.777777777777771,-5.200000000000003,117,1_day,1,Utah Jazz,31,10,0.3226,1610612762,0.0,2026-02-07T00:00:00Z,0022500750,ORL,114.14814814814815,116.62962962962963,True,0.4,0.0,116.4,115.2,2.481481481481481,-1.2000000000000028,0,0,120,1_day,1,Orlando Magic,41,13,0.3171,1610612753,229,-272,2026-02-07,,home_away_nba_game_day_local,2026-03-10T03:53:38.250640+00:00,0,2025,9.5,-9.5,237.5,False
CHA,114.3225806451613,117.12903225806451,True,0.4,103.6,111.4,2.806451612903217,7.800000000000011,126,1_day,1,Charlotte Hornets,39,18,0.4615,1610612766,0.0,2026-02-07T00:00:00Z,0022500751,ATL,119.0,115.88461538461539,True,0.4,0.0,114.6,115.0,-3.115384615384613,0.4000000000000057,0,0,119,1_day,1,Atlanta Hawks,37,18,0.4865,1610612737,-126,110,2026-02-07,,home_away_nba_game_day_local,2026-03-10T03:53:38.250640+00:00,0,2025,-1.5,1.5,231.5,False
DEN,115.2258064516129,119.38709677419355,True,0.15,118.2,117.6,4.161290322580655,-0.6000000000000085,136,2_days,2,Denver Nuggets,33,16,0.4848,1610612743,0.25,2026-02-07T00:00:00Z,0022500752,CHI,117.3103448275862,116.72413793103448,True,0.4,0.0,124.4,110.2,-0.5862068965517295,-14.200000000000003,0,0,120,1_day,1,Chicago Bulls,51,20,0.3922,1610612741,-214,185,2026-02-07,,home_away_nba_game_day_local,2026-03-10T03:53:38.250640+00:00,0,2025,-5.0,5.0,229.0,False
GSW,114.0,112.85714285714286,True,0.4,114.6,108.4,-1.1428571428571388,-6.199999999999989,99,1_day,1,Golden State Warriors,51,14,0.2745,1610612744,0.0,2026-02-07T00:00:00Z,0022500753,LAL,117.28,117.48,True,0.4,0.0,115.2,117.0,0.20000000000000284,1.7999999999999972,0,0,105,1_day,1,Los Angeles Lakers,27,11,0.4074,1610612747,122,-138,2026-02-07,,home_away_nba_game_day_local,2026-03-10T03:53:38.250640+00:00,0,2025,4.0,-4.0,224.0,False
PHI,113.5,115.54166666666667,True,0.4,110.2,118.6,2.0416666666666714,8.399999999999991,109,1_day,1,Philadelphia 76ers,29,11,0.3793,1610612755,0.0,2026-02-07T00:00:00Z,0022500754,PHX,107.74074074074075,113.5925925925926,True,0.4,0.0,110.4,112.0,5.851851851851848,1.5999999999999943,0,0,103,1_day,1,Phoenix Suns,46,11,0.2391,1610612756,102,-118,2026-02-07,,home_away_nba_game_day_local,2026-03-10T03:53:38.250640+00:00,0,2025,1.5,-1.5,223.0,False
MEM,119.3076923076923,114.38461538461539,True,1.6,126.6,120.2,-4.92307692307692,-6.3999999999999915,115,b2b,0,Memphis Grizzlies,38,16,0.4211,1610612763,0.0,2026-02-07T00:00:00Z,0022500755,POR,117.44827586206897,117.62068965517241,True,1.6,0.0,123.4,115.8,0.17241379310344485,-7.6000000000000085,0,0,122,b2b,0,Portland Trail Blazers,51,21,0.4118,1610612757,248,-297,2026-02-07,,home_away_nba_game_day_local,2026-03-10T03:53:38.250640+00:00,0,2025,8.5,-8.5,233.5,False
CLE,116.76923076923077,119.42307692307692,True,0.15,105.0,122.0,2.653846153846146,17.0,132,2_days,2,Cleveland Cavaliers,35,11,0.3143,1610612739,1.45,2026-02-07T00:00:00Z,0022500756,SAC,118.27586206896552,111.06896551724138,True,1.6,0.0,116.8,110.4,-7.206896551724142,-6.3999999999999915,0,0,126,b2b,0,Sacramento Kings,37,16,0.4324,1610612758,-640,487,2026-02-07,,home_away_nba_game_day_local,2026-03-10T03:53:38.250640+00:00,0,2025,-11.5,11.5,234.0,False
NYK,115.23076923076923,115.23076923076923,True,0.4,108.6,117.0,0.0,8.400000000000006,111,1_day,1,New York Knicks,35,14,0.4,1610612752,0.0,2026-02-08T00:00:00Z,0022500757,BOS,107.62962962962963,115.4074074074074,True,0.4,0.0,92.2,108.2,7.7777777777777715,16.0,0,0,89,1_day,1,Boston Celtics,41,7,0.1707,1610612738,136,-155,2026-02-08,,home_away_nba_game_day_local,2026-03-10T03:53:38.250640+00:00,0,2025,3.5,-3.5,214.0,False
MIA,117.82758620689656,116.65517241379311,True,0.4,110.8,115.8,-1.1724137931034448,5.0,132,1_day,1,Miami Heat,47,21,0.4468,1610612748,1.2,2026-02-08T00:00:00Z,0022500758,WAS,122.62962962962963,113.5925925925926,True,1.6,0.0,126.0,113.4,-9.037037037037038,-12.599999999999994,0,0,101,b2b,0,Washington Wizards,36,12,0.3333,1610612764,-479,381,2026-02-08,,home_away_nba_game_day_local,2026-03-10T03:53:38.250640+00:00,0,2025,-11.0,11.0,236.0,False
IND,121.0,107.88461538461539,True,0.4,117.6,115.4,-13.115384615384613,-2.1999999999999886,104,1_day,1,Indiana Pacers,33,12,0.3636,1610612754,-0.25,2026-02-08T00:00:00Z,0022500759,TOR,112.66666666666667,113.83333333333333,True,0.15,0.0,116.8,113.6,1.1666666666666572,-3.200000000000003,0,0,122,2_days,2,Toronto Raptors,30,11,0.3667,1610612761,263,-317,2026-02-08,,home_away_nba_game_day_local,2026-03-10T03:53:38.250640+00:00,0,2025,8.5,-8.5,225.0,False
LAC,113.51724137931035,111.0,True,0.4,115.6,108.8,-2.5172413793103487,-6.799999999999997,115,1_day,1,LA Clippers,27,14,0.5185,1610612746,0.0,2026-02-08T00:00:00Z,0022500760,MIN,110.37037037037037,115.37037037037037,True,0.4,0.0,121.4,125.0,5.0,3.5999999999999943,0,0,96,1_day,1,Minnesota Timberwolves,33,8,0.2424,1610612750,,,2026-02-08,,,,0,2025,,,,False
DET,113.92307692307692,116.8076923076923,True,0.15,105.6,124.0,2.884615384615387,18.400000000000006,110,2_days,2,Detroit Pistons,25,5,0.2,1610612765,0.25,2026-02-09T00:00:00Z,0022500761,CHA,114.65384615384616,115.1923076923077,True,0.4,0.0,108.0,114.2,0.538461538461533,6.200000000000003,0,0,104,1_day,1,Charlotte Hornets,47,19,0.4043,1610612766,-127,111,2026-02-09,,home_away_nba_game_day_local,2026-03-10T03:53:38.250640+00:00,0,2025,-2.0,2.0,222.5,False
CHI,123.17857142857143,117.82142857142857,True,0.4,128.4,111.6,-5.357142857142861,-16.80000000000001,115,1_day,1,Chicago Bulls,36,10,0.2778,1610612741,0.0,2026-02-09T00:00:00Z,0022500762,BKN,115.3076923076923,111.03846153846153,True,0.4,0.0,117.0,104.0,-4.269230769230774,-13.0,0,0,123,1_day,1,Brooklyn Nets,25,12,0.48,1610612751,-147,130,2026-02-09,,home_away_nba_game_day_local,2026-03-10T03:53:38.250640+00:00,0,2025,-3.0,3.0,217.5,False
UTA,125.14285714285714,115.60714285714286,True,0.4,115.8,113.2,-9.535714285714278,-2.5999999999999943,115,1_day,1,Utah Jazz,36,10,0.2778,1610612762,1.2,2026-02-09T00:00:00Z,0022500763,MIA,117.96666666666667,120.43333333333334,True,1.6,0.0,108.4,119.0,2.4666666666666686,10.599999999999994,0,0,111,b2b,0,Miami Heat,45,15,0.3333,1610612748,206,-243,2026-02-09,,home_away_nba_game_day_local,2026-03-10T03:53:38.250640+00:00,0,2025,6.0,-6.0,236.0,False
MIL,113.82142857142857,108.42857142857143,True,0.15,113.4,111.0,-5.392857142857139,-2.4000000000000057,99,2_days,2,Milwaukee Bucks,33,12,0.3636,1610612749,0.25,2026-02-09T00:00:00Z,0022500764,ORL,114.25,116.75,True,0.4,0.0,115.0,112.6,2.5,-2.4000000000000057,0,0,118,1_day,1,Orlando Magic,42,14,0.3333,1610612753,315,-386,2026-02-09,,home_away_nba_game_day_local,2026-03-10T03:53:38.250640+00:00,0,2025,9.5,-9.5,220.5,False
ATL,118.19354838709677,118.80645161290323,True,0.4,118.6,115.4,0.6129032258064626,-3.1999999999999886,116,1_day,1,Atlanta Hawks,45,14,0.3111,1610612737,1.2,2026-02-09T00:00:00Z,0022500765,MIN,110.53571428571429,114.67857142857143,True,1.6,0.0,122.2,119.6,4.142857142857139,-2.6000000000000085,0,0,138,b2b,0,Minnesota Timberwolves,42,16,0.381,1610612750,285,-345,2026-02-09,,home_away_nba_game_day_local,2026-03-10T03:53:38.250640+00:00,0,2025,9.0,-9.0,239.0,False
SAC,122.53571428571429,110.25,True,0.4,120.6,113.4,-12.285714285714292,-7.199999999999989,94,1_day,1,Sacramento Kings,31,4,0.129,1610612758,-0.25,2026-02-09T00:00:00Z,0022500766,NOP,121.89285714285714,117.67857142857143,True,0.15,0.0,117.6,115.8,-4.214285714285708,-1.7999999999999972,0,0,120,2_days,2,New Orleans Pelicans,39,16,0.4103,1610612740,304,-371,2026-02-09,,home_away_nba_game_day_local,2026-03-10T03:53:38.250640+00:00,0,2025,9.5,-9.5,229.0,False
CLE,117.11111111111111,119.88888888888889,True,0.4,110.6,125.6,2.7777777777777715,15.0,119,1_day,1,Cleveland Cavaliers,45,15,0.3333,1610612739,0.0,2026-02-09T00:00:00Z,0022500767,DEN,115.8076923076923,118.8076923076923,True,0.4,0.0,121.6,123.4,3.0,1.8000000000000114,0,0,117,1_day,1,Denver Nuggets,40,13,0.325,1610612743,-105,-111,2026-02-09,,home_away_nba_game_day_local,2026-03-10T03:53:38.250640+00:00,0,2025,1.0,-1.0,239.5,False
MEM,119.4074074074074,114.4074074074074,True,0.4,128.2,122.0,-5.0,-6.199999999999989,113,1_day,1,Memphis Grizzlies,32,10,0.3125,1610612763,0.0,2026-02-09T00:00:00Z,0022500768,GSW,113.3103448275862,118.79310344827586,True,0.4,0.0,114.0,111.6,5.482758620689651,-2.4000000000000057,0,0,114,1_day,1,Golden State Warriors,33,11,0.3333,1610612744,304,-371,2026-02-09,,home_away_nba_game_day_local,2026-03-10T03:53:38.250640+00:00,0,2025,9.0,-9.0,219.0,False
OKC,109.65517241379311,118.79310344827586,True,0.4,110.8,114.4,9.137931034482747,3.6000000000000085,119,1_day,1,Oklahoma City Thunder,33,14,0.4242,1610612760,0.0,2026-02-09T00:00:00Z,0022500769,LAL,116.57692307692308,117.0,True,0.4,0.0,109.2,118.2,0.4230769230769198,9.0,0,0,110,1_day,1,Los Angeles Lakers,31,10,0.3226,1610612747,-238,202,2026-02-09,,home_away_nba_game_day_local,2026-03-10T03:53:38.250640+00:00,0,2025,-6.5,6.5,221.5,False
PHI,113.08,115.28,True,0.4,108.6,117.8,2.200000000000003,9.200000000000003,118,1_day,1,Philadelphia 76ers,30,11,0.3667,1610612755,0.0,2026-02-09T00:00:00Z,0022500770,POR,117.36666666666666,117.76666666666667,True,0.4,0.0,123.4,118.0,0.4000000000000057,-5.400000000000006,0,0,135,1_day,1,Portland Trail Blazers,54,22,0.4074,1610612757,-146,129,2026-02-09,,home_away_nba_game_day_local,2026-03-10T03:53:38.250640+00:00,0,2025,-3.0,3.0,231.0,False
IND,121.03703703703704,107.74074074074075,True,0.75,120.0,113.6,-13.29629629629629,-6.400000000000006,137,1_day,1,Indiana Pacers,45,18,0.4,1610612754,0.0,2026-02-10T00:00:00Z,0022500771,NYK,108.28125,117.625,True,0.75,0.0,107.0,113.8,9.34375,6.799999999999997,0,0,134,1_day,1,New York Knicks,46,14,0.3043,1610612752,471,-615,2026-02-10,,home_away_nba_game_day_local,2026-03-10T03:53:38.250640+00:00,5,2025,12.0,-12.0,225.0,True
LAC,112.93333333333334,111.13333333333334,True,0.4,110.4,110.0,-1.7999999999999972,-0.4000000000000057,95,1_day,1,LA Clippers,30,8,0.2667,1610612746,-0.25,2026-02-10T00:00:00Z,0022500772,HOU,109.04,115.08,True,0.15,0.0,110.0,106.6,6.039999999999992,-3.4000000000000057,0,0,102,2_days,2,Houston Rockets,28,14,0.5,1610612745,,,2026-02-10,,,,0,2025,,,,False
DAL,116.54166666666667,112.79166666666667,True,0.15,123.4,115.2,-3.75,-8.200000000000003,111,2_days,2,Dallas Mavericks,22,5,0.2273,1610612742,0.0,2026-02-10T00:00:00Z,0022500773,PHX,107.78571428571429,113.21428571428571,True,0.15,0.0,113.0,109.8,5.428571428571416,-3.200000000000003,0,0,120,2_days,2,Phoenix Suns,50,16,0.32,1610612756,263,-317,2026-02-10,,home_away_nba_game_day_local,2026-03-10T03:53:38.250640+00:00,0,2025,8.5,-8.5,228.5,False
SAS,113.03333333333333,116.86666666666666,True,0.15,113.6,121.4,3.8333333333333286,7.800000000000011,136,2_days,2,San Antonio Spurs,33,13,0.3939,1610612759,1.45,2026-02-10T00:00:00Z,0022500774,LAL,116.66666666666667,116.74074074074075,True,1.6,0.0,110.8,111.8,0.07407407407407618,1.0,0,0,108,b2b,0,Los Angeles Lakers,25,11,0.44,1610612747,-307,256,2026-02-10,,home_away_nba_game_day_local,2026-03-10T03:53:38.250640+00:00,0,2025,-8.5,8.5,228.0,False
ATL,118.8125,118.71875,True,0.4,125.4,121.4,-0.09375,-4.0,107,1_day,1,Atlanta Hawks,36,10,0.2778,1610612737,0.0,2026-02-11T00:00:00Z,0022500775,CHA,114.48148148148148,114.77777777777777,True,0.4,0.0,105.8,110.4,0.2962962962962905,4.6000000000000085,0,0,110,1_day,1,Charlotte Hornets,51,19,0.3725,1610612766,146,-165,2026-02-11,,home_away_nba_game_day_local,2026-03-10T03:53:38.250640+00:00,0,2025,4.0,-4.0,234.0,False
WAS,121.48148148148148,110.85185185185185,True,0.15,124.0,111.4,-10.629629629629633,-12.599999999999994,113,2_days,2,Washington Wizards,46,14,0.3043,1610612764,0.25,2026-02-11T00:00:00Z,0022500776,CLE,115.26666666666667,118.63333333333334,True,0.4,0.0,114.2,123.6,3.3666666666666742,9.399999999999991,0,0,138,1_day,1,Cleveland Cavaliers,38,16,0.4211,1610612739,781,-1174,2026-02-11,,home_away_nba_game_day_local,2026-03-10T03:53:38.250640+00:00,0,2025,17.5,-17.5,240.0,False
MIL,113.96551724137932,108.10344827586206,True,0.4,115.2,111.0,-5.862068965517253,-4.200000000000003,116,1_day,1,Milwaukee Bucks,36,14,0.3889,1610612749,0.0,2026-02-11T00:00:00Z,0022500777,ORL,113.72413793103448,116.79310344827586,True,0.4,0.0,110.8,110.2,3.068965517241381,-0.5999999999999943,0,0,108,1_day,1,Orlando Magic,47,20,0.4255,1610612753,315,-386,2026-02-11,,home_away_nba_game_day_local,2026-03-10T03:53:38.250640+00:00,0,2025,9.5,-9.5,220.5,False
CHI,123.17241379310344,117.72413793103448,True,0.4,129.4,109.6,-5.448275862068968,-19.80000000000001,105,1_day,1,Chicago Bulls,36,12,0.3333,1610612741,-0.25,2026-02-11T00:00:00Z,0022500778,BOS,107.75,114.46428571428571,True,0.15,0.0,95.8,103.6,6.714285714285708,7.799999999999997,0,0,124,2_days,2,Boston Celtics,45,18,0.4,1610612738,508,-674,2026-02-11,,home_away_nba_game_day_local,2026-03-10T03:53:38.250640+00:00,0,2025,13.5,-13.5,226.5,False
IND,121.5,108.78571428571429,True,1.6,122.0,115.2,-12.714285714285708,-6.799999999999997,115,b2b,0,Indiana Pacers,42,15,0.3571,1610612754,-1.2,2026-02-11T00:00:00Z,0022500779,BKN,115.29629629629629,111.48148148148148,True,0.4,0.0,120.2,106.8,-3.8148148148148096,-13.400000000000006,0,0,110,1_day,1,Brooklyn Nets,33,14,0.4242,1610612751,188,-219,2026-02-11,,home_away_nba_game_day_local,2026-03-10T03:53:38.250640+00:00,0,2025,6.5,-6.5,215.0,False
NYK,114.25925925925925,115.07407407407408,True,1.6,114.4,118.2,0.8148148148148238,3.799999999999997,138,b2b,0,New York Knicks,44,20,0.4545,1610612752,-1.2,2026-02-11T00:00:00Z,0022500780,PHI,116.41935483870968,116.0,True,0.4,0.0,112.8,116.6,-0.4193548387096797,3.799999999999997,0,0,89,1_day,1,Philadelphia 76ers,32,6,0.1875,1610612755,115,-131,2026-02-11,,home_away_nba_game_day_local,2026-03-10T03:53:38.250640+00:00,0,2025,2.0,-2.0,224.5,False
DET,113.55555555555556,116.55555555555556,True,0.4,101.6,119.8,3.0,18.200000000000003,113,1_day,1,Detroit Pistons,34,14,0.4118,1610612765,-0.25,2026-02-11T00:00:00Z,0022500781,TOR,112.38709677419355,114.09677419354838,True,0.15,0.0,113.8,119.6,1.7096774193548328,5.799999999999997,0,0,95,2_days,2,Toronto Raptors,32,10,0.3125,1610612761,-106,-110,2026-02-11,,home_away_nba_game_day_local,2026-03-10T03:53:38.250640+00:00,0,2025,1.0,-1.0,223.0,False
LAC,112.58064516129032,110.61290322580645,True,1.6,112.2,105.6,-1.9677419354838719,-6.6000000000000085,105,b2b,0,LA Clippers,28,11,0.3929,1610612746,0.0,2026-02-11T00:00:00Z,0022500782,HOU,108.5,114.57692307692308,True,1.6,0.0,107.6,104.8,6.07692307692308,-2.799999999999997,0,0,102,b2b,0,Houston Rockets,36,12,0.3333,1610612745,,,2026-02-11,,,,0,2025,,,,False
POR,119.81481481481481,114.4074074074074,True,0.4,121.6,125.6,-5.407407407407405,4.0,109,1_day,1,Portland Trail Blazers,45,16,0.3556,1610612757,0.0,2026-02-11T00:00:00Z,0022500783,MIN,110.72413793103448,115.48275862068965,True,0.4,0.0,122.6,121.0,4.758620689655174,-1.5999999999999943,0,0,133,1_day,1,Minnesota Timberwolves,34,14,0.4118,1610612750,185,-214,2026-02-11,,home_away_nba_game_day_local,2026-03-10T03:53:38.250640+00:00,0,2025,5.5,-5.5,234.0,False
MIA,117.26666666666667,117.16666666666667,True,0.4,106.4,117.6,-0.09999999999999432,11.199999999999989,123,1_day,1,Miami Heat,47,14,0.2979,1610612748,0.0,2026-02-11T00:00:00Z,0022500784,NOP,120.93103448275862,117.75862068965517,True,0.4,0.0,115.2,117.0,-3.172413793103445,1.7999999999999972,0,0,111,1_day,1,New Orleans Pelicans,31,11,0.3548,1610612740,105,-121,2026-02-11,,home_away_nba_game_day_local,2026-03-10T03:53:38.250640+00:00,0,2025,1.5,-1.5,233.0,False
OKC,109.66666666666667,118.8,True,0.4,108.2,116.0,9.133333333333326,7.799999999999997,136,1_day,1,Oklahoma City Thunder,36,15,0.4167,1610612760,1.2,2026-02-11T00:00:00Z,0022500785,PHX,107.89655172413794,113.44827586206897,True,1.6,0.0,112.6,108.6,5.551724137931032,-4.0,0,0,109,b2b,0,Phoenix Suns,42,15,0.3571,1610612756,-297,248,2026-02-11,,home_away_nba_game_day_local,2026-03-10T03:53:38.250640+00:00,0,2025,-8.5,8.5,214.0,False
SAC,122.44827586206897,109.6896551724138,True,0.4,122.2,113.6,-12.758620689655174,-8.600000000000009,93,1_day,1,Sacramento Kings,33,7,0.2121,1610612758,0.0,2026-02-11T00:00:00Z,0022500786,UTA,128.48275862068965,121.41379310344827,True,0.4,0.0,116.2,116.4,-7.068965517241381,0.20000000000000284,0,0,121,1_day,1,Utah Jazz,37,15,0.4054,1610612762,175,-200,2026-02-11,,home_away_nba_game_day_local,2026-03-10T03:53:38.250640+00:00,0,2025,5.5,-5.5,230.0,False
MEM,119.21428571428571,114.35714285714286,True,0.4,124.8,121.8,-4.857142857142847,-3.0,116,1_day,1,Memphis Grizzlies,39,15,0.3846,1610612763,0.0,2026-02-11T00:00:00Z,0022500787,DEN,115.92592592592592,118.74074074074075,True,0.4,0.0,123.6,122.4,2.8148148148148238,-1.1999999999999886,0,0,122,1_day,1,Denver Nuggets,22,10,0.4545,1610612743,533,-713,2026-02-11,,home_away_nba_game_day_local,2026-03-10T03:53:38.250640+00:00,0,2025,14.0,-14.0,238.5,False
SAS,112.87096774193549,117.48387096774194,True,1.6,113.0,127.4,4.612903225806448,14.400000000000006,126,b2b,0,San Antonio Spurs,39,10,0.2564,1610612759,-1.2,2026-02-11T00:00:00Z,0022500788,GSW,113.3,118.63333333333334,True,0.4,0.0,111.8,106.4,5.333333333333343,-5.3999999999999915,0,0,113,1_day,1,Golden State Warriors,47,16,0.3404,1610612744,-258,218,2026-02-11,,home_away_nba_game_day_local,2026-03-10T03:53:38.250640+00:00,0,2025,-7.5,7.5,221.5,False
MIL,113.76666666666667,108.36666666666666,True,1.6,115.4,118.4,-5.400000000000006,3.0,110,b2b,0,Milwaukee Bucks,42,17,0.4048,1610612749,0.0,2026-02-12T00:00:00Z,0022500789,OKC,106.53333333333333,118.9,True,1.6,0.0,107.8,119.0,12.366666666666674,11.200000000000003,0,0,93,b2b,0,Oklahoma City Thunder,45,15,0.3333,1610612760,440,-567,2026-02-12,,home_away_nba_game_day_local,2026-03-10T03:53:38.250640+00:00,0,2025,12.5,-12.5,213.5,False
POR,120.28571428571429,114.21428571428571,True,1.6,122.2,125.2,-6.071428571428584,3.0,135,b2b,0,Portland Trail Blazers,46,18,0.3913,1610612757,0.0,2026-02-12T00:00:00Z,0022500790,UTA,127.3,121.4,True,1.6,0.0,113.4,120.6,-5.8999999999999915,7.199999999999989,0,0,119,b2b,0,Utah Jazz,38,14,0.3684,1610612762,-248,210,2026-02-12,,home_away_nba_game_day_local,2026-03-10T03:53:38.250640+00:00,0,2025,-7.0,7.0,235.5,False
DAL,116.68,112.72,True,0.4,122.8,113.2,-3.960000000000008,-9.599999999999994,104,1_day,1,Dallas Mavericks,26,7,0.2692,1610612742,0.0,2026-02-12T00:00:00Z,0022500791,LAL,117.35714285714286,116.42857142857143,True,0.4,0.0,115.6,113.4,-0.9285714285714306,-2.1999999999999886,0,0,124,1_day,1,Los Angeles Lakers,31,10,0.3226,1610612747,229,-272,2026-02-12,,home_away_nba_game_day_local,2026-03-10T03:53:38.250640+00:00,0,2025,6.5,-6.5,235.5,False
HOU,112.23333333333333,117.33333333333333,False,0.0,105.8,101.6,5.099999999999994,-4.200000000000003,105,3_plus_days,7,Houston Rockets,32,9,0.2812,1610612745,0.0,2026-02-19T00:00:00Z,0022500792,CHA,114.21428571428571,114.60714285714286,False,0.0,0.0,106.0,110.2,0.392857142857153,4.200000000000003,0,0,101,3_plus_days,7,Charlotte Hornets,42,14,0.3333,1610612766,-165,146,2026-02-19,,home_away_nba_game_day_local,2026-03-10T03:53:38.250640+00:00,0,2025,-2.5,2.5,216.0,False
BKN,115.10714285714286,104.92857142857143,False,0.0,117.2,113.4,-10.17857142857143,-3.799999999999997,84,3_plus_days,7,Brooklyn Nets,49,14,0.2857,1610612751,0.0,2026-02-19T00:00:00Z,0022500793,CLE,115.19354838709677,119.25806451612904,False,0.0,0.0,111.6,128.6,4.06451612903227,17.0,0,0,112,3_plus_days,7,Cleveland Cavaliers,35,12,0.3429,1610612739,733,-1077,2026-02-19,,home_away_nba_game_day_local,2026-03-10T03:53:38.250640+00:00,0,2025,14.5,-14.5,230.5,False
ATL,118.54545454545455,118.36363636363636,False,0.0,121.6,118.0,-0.18181818181818699,-3.5999999999999943,117,3_plus_days,7,Atlanta Hawks,32,10,0.3125,1610612737,0.0,2026-02-19T00:00:00Z,0022500794,PHI,117.09375,115.15625,False,0.0,0.0,117.8,108.8,-1.9375,-9.0,0,0,107,3_plus_days,7,Philadelphia 76ers,33,11,0.3333,1610612755,154,-175,2026-02-19,,home_away_nba_game_day_local,2026-03-10T03:53:38.250640+00:00,0,2025,4.5,-4.5,236.5,False
IND,121.10344827586206,109.0,False,0.0,120.4,115.4,-12.103448275862064,-5.0,105,3_plus_days,7,Indiana Pacers,42,15,0.3571,1610612754,0.0,2026-02-19T00:00:00Z,0022500795,WAS,122.96428571428571,113.14285714285714,False,0.0,0.0,129.2,110.8,-9.82142857142857,-18.39999999999999,0,0,112,3_plus_days,7,Washington Wizards,37,11,0.2973,1610612764,-195,171,2026-02-19,,home_away_nba_game_day_local,2026-03-10T03:53:38.250640+00:00,0,2025,-4.0,4.0,234.5,False
DET,112.89285714285714,116.42857142857143,False,0.0,105.2,116.4,3.535714285714292,11.200000000000003,126,3_plus_days,7,Detroit Pistons,30,13,0.4333,1610612765,0.0,2026-02-19T00:00:00Z,0022500796,NYK,109.15151515151516,118.12121212121212,False,0.0,0.0,112.0,119.4,8.969696969696969,7.400000000000006,0,0,111,3_plus_days,7,New York Knicks,35,8,0.2286,1610612752,156,-177,2026-02-19,,home_away_nba_game_day_local,2026-03-10T03:53:38.250640+00:00,0,2025,3.5,-3.5,222.5,False
TOR,112.13793103448276,114.17241379310344,False,0.0,110.4,114.6,2.0344827586206833,4.199999999999989,110,3_plus_days,7,Toronto Raptors,23,7,0.3043,1610612761,0.0,2026-02-19T00:00:00Z,0022500797,CHI,117.93333333333334,116.83333333333333,False,0.0,0.0,127.4,112.4,-1.1000000000000085,-15.0,0,0,101,3_plus_days,7,Chicago Bulls,40,12,0.3,1610612741,-200,175,2026-02-19,,home_away_nba_game_day_local,2026-03-10T03:53:38.250640+00:00,0,2025,-6.5,6.5,234.5,False
PHX,114.10344827586206,114.03448275862068,False,0.0,116.4,111.8,-0.06896551724138078,-4.6000000000000085,94,3_plus_days,7,Phoenix Suns,42,12,0.2857,1610612756,0.0,2026-02-19T00:00:00Z,0022500798,SAS,111.77777777777777,119.51851851851852,False,0.0,0.0,115.0,130.2,7.740740740740748,15.199999999999989,0,0,121,3_plus_days,7,San Antonio Spurs,37,13,0.3514,1610612759,278,-336,2026-02-19,,home_away_nba_game_day_local,2026-03-10T03:53:38.250640+00:00,0,2025,7.5,-7.5,226.5,False
BOS,108.75862068965517,116.17241379310344,False,0.0,101.0,107.0,7.4137931034482705,6.0,121,3_plus_days,7,Boston Celtics,40,17,0.425,1610612738,0.0,2026-02-19T00:00:00Z,0022500799,GSW,113.70967741935483,118.45161290322581,False,0.0,0.0,110.8,104.2,4.741935483870975,-6.599999999999994,0,0,110,3_plus_days,7,Golden State Warriors,55,20,0.3636,1610612744,-138,122,2026-02-19,,home_away_nba_game_day_local,2026-03-10T03:53:38.250640+00:00,0,2025,-3.5,3.5,217.0,False
ORL,116.25925925925925,115.14814814814815,False,0.0,111.6,111.2,-1.1111111111111,-0.3999999999999915,131,3_plus_days,7,Orlando Magic,50,27,0.54,1610612753,0.0,2026-02-19T00:00:00Z,0022500800,SAC,118.73333333333333,111.56666666666666,False,0.0,0.0,123.2,109.8,-7.166666666666671,-13.400000000000006,0,0,94,3_plus_days,7,Sacramento Kings,27,8,0.2963,1610612758,-380,311,2026-02-19,,home_away_nba_game_day_local,2026-03-10T03:53:38.250640+00:00,0,2025,-12.0,12.0,225.5,False
DEN,115.375,119.90625,False,0.0,122.6,124.6,4.53125,2.0,114,3_plus_days,7,Denver Nuggets,40,13,0.325,1610612743,0.0,2026-02-19T00:00:00Z,0022500801,LAC,110.8,112.72,False,0.0,0.0,107.0,104.0,1.9200000000000017,-3.0,0,0,115,3_plus_days,7,LA Clippers,33,8,0.2424,1610612746,,,2026-02-19,,,,0,2025,,,,False
CLE,117.10714285714286,119.85714285714286,True,1.6,106.2,125.0,2.75,18.799999999999997,118,b2b,0,Cleveland Cavaliers,21,10,0.4762,1610612739,0.0,2026-02-20T00:00:00Z,0022500802,CHA,113.89655172413794,114.13793103448276,True,1.6,0.0,108.0,110.0,0.24137931034482563,2.0,0,0,113,b2b,0,Charlotte Hornets,56,20,0.3571,1610612766,-228,195,2026-02-20,,home_away_nba_game_day_local,2026-03-10T03:53:38.250640+00:00,0,2025,-6.0,6.0,231.0,False
IND,120.8,108.86666666666666,True,1.6,116.6,112.0,-11.933333333333337,-4.599999999999994,118,b2b,0,Indiana Pacers,49,18,0.3673,1610612754,0.0,2026-02-20T00:00:00Z,0022500803,WAS,122.34482758620689,113.10344827586206,True,1.6,0.0,123.8,113.0,-9.241379310344826,-10.799999999999997,0,0,131,b2b,0,Washington Wizards,29,6,0.2069,1610612764,-195,171,2026-02-20,,home_away_nba_game_day_local,2026-03-10T03:53:38.250640+00:00,0,2025,-4.0,4.0,234.5,False
UTA,124.65517241379311,115.58620689655173,False,0.0,116.0,118.2,-9.06896551724138,2.200000000000003,114,3_plus_days,7,Utah Jazz,34,13,0.3824,1610612762,0.0,2026-02-20T00:00:00Z,0022500804,MEM,117.48275862068965,116.51724137931035,False,0.0,0.0,123.6,117.6,-0.9655172413793025,-6.0,0,0,123,3_plus_days,8,Memphis Grizzlies,33,12,0.3636,1610612763,117,-133,2026-02-20,,home_away_nba_game_day_local,2026-03-10T03:53:38.250640+00:00,0,2025,2.0,-2.0,236.0,False
MIA,117.06451612903226,117.35483870967742,False,0.0,110.4,115.4,0.29032258064516725,5.0,128,3_plus_days,8,Miami Heat,35,13,0.3714,1610612748,1.6,2026-02-20T00:00:00Z,0022500805,ATL,119.25925925925925,116.0,True,1.6,0.0,120.0,116.0,-3.2592592592592524,-4.0,0,0,97,b2b,0,Atlanta Hawks,38,16,0.4211,1610612737,-163,144,2026-02-20,,home_away_nba_game_day_local,2026-03-10T03:53:38.250640+00:00,0,2025,-4.0,4.0,245.5,False
DAL,116.96153846153847,112.38461538461539,False,0.0,125.4,112.6,-4.57692307692308,-12.800000000000011,111,3_plus_days,7,Dallas Mavericks,25,8,0.32,1610612742,0.0,2026-02-20T00:00:00Z,0022500806,MIN,110.66666666666667,116.06666666666666,False,0.0,0.0,117.0,122.0,5.3999999999999915,5.0,0,0,122,3_plus_days,8,Minnesota Timberwolves,42,16,0.381,1610612750,499,-659,2026-02-20,,home_away_nba_game_day_local,2026-03-10T03:53:38.250640+00:00,0,2025,13.5,-13.5,239.5,False
MIL,113.09677419354838,108.41935483870968,False,0.0,111.0,114.2,-4.677419354838705,3.200000000000003,139,3_plus_days,7,Milwaukee Bucks,36,15,0.4167,1610612749,0.0,2026-02-20T00:00:00Z,0022500807,NOP,121.0,117.53333333333333,False,0.0,0.0,115.0,116.4,-3.4666666666666686,1.4000000000000057,0,0,118,3_plus_days,8,New Orleans Pelicans,25,4,0.16,1610612740,150,-170,2026-02-20,,home_away_nba_game_day_local,2026-03-10T03:53:38.250640+00:00,0,2025,4.0,-4.0,223.0,False
BKN,115.0,104.20689655172414,True,1.6,114.6,108.4,-10.793103448275858,-6.199999999999989,86,b2b,0,Brooklyn Nets,41,7,0.1707,1610612751,-1.6,2026-02-20T00:00:00Z,0022500808,OKC,106.64516129032258,118.06451612903226,False,0.0,0.0,111.4,112.0,11.41935483870968,0.5999999999999943,0,0,105,3_plus_days,7,Oklahoma City Thunder,35,13,0.3714,1610612760,910,-1464,2026-02-20,,home_away_nba_game_day_local,2026-03-10T03:53:38.250640+00:00,0,2025,18.0,-18.0,212.5,False
LAC,112.25,110.4375,True,1.6,105.0,108.8,-1.8125,3.799999999999997,122,b2b,0,LA Clippers,21,8,0.381,1610612746,-1.6,2026-02-20T00:00:00Z,0022500809,LAL,116.89655172413794,116.6896551724138,False,0.0,0.0,114.6,113.2,-0.20689655172414234,-1.3999999999999915,0,0,125,3_plus_days,7,Los Angeles Lakers,31,17,0.5484,1610612747,,,2026-02-20,,,,0,2025,,,,False
DEN,115.36363636363636,119.72727272727273,True,1.6,120.8,123.2,4.363636363636374,2.4000000000000057,157,b2b,0,Denver Nuggets,41,21,0.5122,1610612743,-1.6,2026-02-20T00:00:00Z,0022500810,POR,117.38709677419355,118.3225806451613,False,0.0,0.0,120.0,127.2,0.9354838709677438,7.200000000000003,0,0,103,3_plus_days,7,Portland Trail Blazers,47,15,0.3191,1610612757,-119,103,2026-02-20,,home_away_nba_game_day_local,2026-03-10T03:53:38.250640+00:00,0,2025,-1.5,1.5,241.5,False
ORL,115.46428571428571,115.71428571428571,True,1.1,104.8,119.0,0.25,14.200000000000003,110,1_day,1,Orlando Magic,39,10,0.2564,1610612753,0.0,2026-02-21T00:00:00Z,0022500811,PHX,108.83333333333333,113.3,True,1.1,0.0,115.6,104.6,4.466666666666669,-11.0,0,0,113,1_day,1,Phoenix Suns,55,16,0.2909,1610612756,107,-123,2026-02-21,,home_away_nba_game_day_local,2026-03-10T03:53:38.250640+00:00,10,2025,2.0,-2.0,220.0,True
PHI,113.92307692307692,115.38461538461539,True,0.4,122.4,107.6,1.461538461538467,-14.800000000000011,111,1_day,1,Philadelphia 76ers,46,12,0.2609,1610612755,1.2,2026-02-21T00:00:00Z,0022500812,NOP,121.58064516129032,117.54838709677419,True,1.6,0.0,122.4,121.0,-4.032258064516128,-1.4000000000000057,0,0,126,b2b,0,New Orleans Pelicans,34,17,0.5,1610612740,-144,127,2026-02-21,,home_away_nba_game_day_local,2026-03-10T03:53:38.250640+00:00,0,2025,-3.5,3.5,230.0,False
MEM,119.3103448275862,114.41379310344827,True,1.6,121.4,116.4,-4.896551724137936,-5.0,120,b2b,0,Memphis Grizzlies,44,15,0.3409,1610612763,0.0,2026-02-21T00:00:00Z,0022500813,MIA,117.87096774193549,120.12903225806451,True,1.6,0.0,104.4,118.0,2.258064516129025,13.599999999999994,0,0,136,b2b,0,Miami Heat,36,13,0.3611,1610612748,301,-366,2026-02-21,,home_away_nba_game_day_local,2026-03-10T03:53:38.250640+00:00,0,2025,9.5,-9.5,238.0,False
DET,112.82758620689656,116.75862068965517,True,0.4,103.2,116.8,3.931034482758619,13.599999999999994,126,1_day,1,Detroit Pistons,29,13,0.4483,1610612765,0.0,2026-02-21T00:00:00Z,0022500814,CHI,117.6774193548387,116.3225806451613,True,0.4,0.0,123.2,109.6,-1.3548387096774093,-13.600000000000009,0,0,110,1_day,1,Chicago Bulls,40,17,0.425,1610612741,-542,423,2026-02-21,,home_away_nba_game_day_local,2026-03-10T03:53:38.250640+00:00,0,2025,-10.5,10.5,230.5,False
SAC,122.4,109.13333333333334,True,0.4,123.6,103.6,-13.266666666666666,-20.0,122,1_day,1,Sacramento Kings,32,9,0.2812,1610612758,0.0,2026-02-21T00:00:00Z,0022500815,SAS,111.14285714285714,119.57142857142857,True,0.4,0.0,112.6,131.2,8.42857142857143,18.599999999999994,0,0,139,1_day,1,San Antonio Spurs,34,13,0.3824,1610612759,1006,-1706,2026-02-21,,home_away_nba_game_day_local,2026-03-10T03:53:38.250640+00:00,0,2025,18.0,-18.0,227.5,False
HOU,111.87096774193549,116.93548387096774,True,0.4,103.2,104.0,5.064516129032256,0.7999999999999972,106,1_day,1,Houston Rockets,31,12,0.3871,1610612745,0.0,2026-02-21T00:00:00Z,0022500816,NYK,109.6470588235294,117.91176470588235,True,0.4,0.0,111.8,114.8,8.264705882352942,3.0,0,0,108,1_day,1,New York Knicks,26,10,0.3846,1610612752,136,-155,2026-02-21,,home_away_nba_game_day_local,2026-03-10T03:53:38.250640+00:00,0,2025,3.0,-3.0,216.5,False
CLE,116.96551724137932,119.79310344827586,True,0.4,110.6,123.8,2.827586206896541,13.200000000000003,113,1_day,1,Cleveland Cavaliers,39,13,0.3333,1610612739,0.0,2026-02-22T00:00:00Z,0022500817,OKC,106.0,117.65625,True,0.4,0.0,105.4,111.8,11.65625,6.3999999999999915,0,0,121,1_day,1,Oklahoma City Thunder,41,21,0.5122,1610612760,-152,134,2026-02-22,,home_away_nba_game_day_local,2026-03-10T03:53:38.250640+00:00,0,2025,-2.0,2.0,225.0,False
BKN,114.66666666666667,103.6,True,0.4,112.0,106.0,-11.066666666666677,-6.0,104,1_day,1,Brooklyn Nets,34,12,0.3529,1610612751,0.0,2026-02-22T00:00:00Z,0022500818,ATL,119.57142857142857,115.32142857142857,True,0.4,0.0,121.8,111.2,-4.25,-10.599999999999994,0,0,115,1_day,1,Atlanta Hawks,33,13,0.3939,1610612737,293,-356,2026-02-22,,home_away_nba_game_day_local,2026-03-10T03:53:38.250640+00:00,0,2025,8.5,-8.5,230.5,False
TOR,111.76666666666667,114.03333333333333,True,0.15,110.6,115.2,2.2666666666666657,4.6000000000000085,122,2_days,2,Toronto Raptors,46,16,0.3478,1610612761,0.25,2026-02-22T00:00:00Z,0022500819,MIL,116.92307692307692,116.26923076923077,True,0.4,0.0,107.2,113.8,-0.6538461538461462,6.599999999999994,0,0,94,1_day,1,Milwaukee Bucks,32,9,0.2812,1610612749,-155,136,2026-02-22,,home_away_nba_game_day_local,2026-03-10T03:53:38.250640+00:00,0,2025,-3.5,3.5,223.0,False
DEN,115.0,120.82352941176471,True,0.4,114.6,129.2,5.82352941176471,14.599999999999994,117,1_day,1,Denver Nuggets,31,8,0.2581,1610612743,-0.25,2026-02-22T00:00:00Z,0022500820,GSW,113.9375,118.1875,True,0.15,0.0,112.4,107.4,4.25,-5.0,0,0,128,2_days,2,Golden State Warriors,52,21,0.4038,1610612744,-209,182,2026-02-22,,home_away_nba_game_day_local,2026-03-10T03:53:38.250640+00:00,0,2025,-4.5,4.5,230.0,False
DAL,117.14814814814815,112.33333333333333,True,0.4,127.8,114.8,-4.814814814814824,-13.0,134,1_day,1,Dallas Mavericks,28,11,0.3929,1610612742,0.0,2026-02-22T00:00:00Z,0022500821,IND,116.76666666666667,113.83333333333333,True,0.4,0.0,121.8,115.8,-2.933333333333337,-6.0,0,0,130,1_day,1,Indiana Pacers,42,20,0.4762,1610612754,-123,107,2026-02-22,,home_away_nba_game_day_local,2026-03-10T03:53:38.250640+00:00,0,2025,-2.0,2.0,231.5,False
CHA,114.46875,117.40625,True,0.4,111.8,110.8,2.9375,-1.0,129,1_day,1,Charlotte Hornets,46,25,0.5435,1610612766,0.0,2026-02-22T00:00:00Z,0022500822,WAS,122.2,113.7,True,0.4,0.0,124.0,114.0,-8.5,-10.0,0,0,112,1_day,1,Washington Wizards,42,18,0.4286,1610612764,-518,408,2026-02-22,,home_away_nba_game_day_local,2026-03-10T03:53:38.250640+00:00,0,2025,-11.0,11.0,227.0,False
BOS,108.8,116.33333333333333,True,0.15,103.0,109.2,7.533333333333331,6.200000000000003,111,2_days,2,Boston Celtics,36,14,0.3889,1610612738,0.25,2026-02-22T00:00:00Z,0022500823,LAL,117.06666666666666,116.96666666666667,True,0.4,0.0,116.0,114.4,-0.09999999999999432,-1.5999999999999943,0,0,89,1_day,1,Los Angeles Lakers,30,9,0.3,1610612747,-123,107,2026-02-22,,home_away_nba_game_day_local,2026-03-10T03:53:38.250640+00:00,0,2025,-2.0,2.0,227.5,False
PHI,114.37037037037037,115.22222222222223,True,1.6,123.8,106.8,0.8518518518518619,-17.0,135,b2b,0,Philadelphia 76ers,37,21,0.5676,1610612755,-1.2,2026-02-22T00:00:00Z,0022500824,MIN,110.6774193548387,116.25806451612904,True,0.4,0.0,114.0,120.8,5.5806451612903345,6.799999999999997,0,0,108,1_day,1,Minnesota Timberwolves,33,10,0.303,1610612750,285,-345,2026-02-22,,home_away_nba_game_day_local,2026-03-10T03:53:38.250640+00:00,0,2025,9.0,-9.0,237.0,False
NYK,113.35714285714286,115.89285714285714,True,1.6,109.4,120.4,2.5357142857142776,11.0,105,b2b,0,New York Knicks,42,15,0.3571,1610612752,0.0,2026-02-22T00:00:00Z,0022500825,CHI,117.9375,116.125,True,1.6,0.0,123.8,110.2,-1.8125,-13.599999999999994,0,0,99,b2b,0,Chicago Bulls,46,16,0.3478,1610612741,-493,390,2026-02-22,,home_away_nba_game_day_local,2026-03-10T03:53:38.250640+00:00,0,2025,-10.5,10.5,231.5,False
POR,120.24137931034483,114.93103448275862,True,0.4,128.4,120.8,-5.310344827586206,-7.6000000000000085,92,1_day,1,Portland Trail Blazers,37,10,0.2703,1610612757,1.2,2026-02-22T00:00:00Z,0022500826,PHX,108.87096774193549,113.29032258064517,True,1.6,0.0,117.4,107.8,4.41935483870968,-9.600000000000009,0,0,77,b2b,0,Phoenix Suns,35,9,0.2571,1610612756,-149,132,2026-02-22,,home_away_nba_game_day_local,2026-03-10T03:53:38.250640+00:00,0,2025,-2.5,2.5,222.5,False
ORL,115.37931034482759,115.51724137931035,True,1.6,107.8,117.4,0.13793103448276156,9.600000000000009,111,b2b,0,Orlando Magic,23,8,0.3478,1610612753,-1.2,2026-02-22T00:00:00Z,0022500827,LAC,110.92307692307692,112.8076923076923,True,0.4,0.0,107.8,110.4,1.8846153846153868,2.6000000000000085,0,0,109,1_day,1,LA Clippers,23,5,0.2174,1610612746,,,2026-02-22,,,,0,2025,,,,False
SAS,112.875,117.75,True,0.4,112.4,132.0,4.875,19.599999999999994,114,1_day,1,San Antonio Spurs,40,18,0.45,1610612759,0.0,2026-02-23T00:00:00Z,0022500828,DET,106.06896551724138,117.65517241379311,True,0.4,0.0,100.0,118.6,11.58620689655173,18.599999999999994,0,0,103,1_day,1,Detroit Pistons,36,7,0.1944,1610612765,107,-123,2026-02-23,,home_away_nba_game_day_local,2026-03-10T03:53:38.250640+00:00,0,2025,1.5,-1.5,228.0,False
SAC,122.93548387096774,109.54838709677419,True,0.4,128.6,105.8,-13.387096774193552,-22.799999999999997,123,1_day,1,Sacramento Kings,29,10,0.3448,1610612758,0.0,2026-02-23T00:00:00Z,0022500829,MEM,117.36666666666666,116.73333333333333,True,0.4,0.0,121.6,117.4,-0.6333333333333258,-4.199999999999989,0,0,114,1_day,1,Memphis Grizzlies,34,12,0.3529,1610612763,171,-195,2026-02-23,,home_away_nba_game_day_local,2026-03-10T03:53:38.250640+00:00,0,2025,5.0,-5.0,232.5,False
UTA,124.6,115.53333333333333,True,0.15,116.4,117.2,-9.066666666666663,0.7999999999999972,105,2_days,2,Utah Jazz,44,8,0.1818,1610612762,0.25,2026-02-23T00:00:00Z,0022500830,HOU,108.37037037037037,114.11111111111111,True,0.4,0.0,103.0,105.4,5.740740740740748,2.4000000000000057,0,0,125,1_day,1,Houston Rockets,40,18,0.45,1610612745,631,-883,2026-02-23,,home_away_nba_game_day_local,2026-03-10T03:53:38.250640+00:00,0,2025,14.0,-14.0,226.5,False
PHI,114.14285714285714,115.92857142857143,True,0.4,124.8,112.0,1.7857142857142918,-12.799999999999997,135,1_day,1,Philadelphia 76ers,29,8,0.2759,1610612755,0.0,2026-02-24T00:00:00Z,0022500831,IND,117.3225806451613,114.35483870967742,True,0.4,0.0,124.2,121.0,-2.967741935483872,-3.200000000000003,0,0,114,1_day,1,Indiana Pacers,43,13,0.3023,1610612754,-395,321,2026-02-24,,home_away_nba_game_day_local,2026-03-10T03:53:38.250640+00:00,0,2025,-8.5,8.5,235.0,False
WAS,122.07142857142857,110.92857142857143,True,0.4,124.4,113.8,-11.142857142857139,-10.600000000000009,98,1_day,1,Washington Wizards,31,10,0.3226,1610612764,0.0,2026-02-24T00:00:00Z,0022500832,ATL,119.03448275862068,115.3103448275862,True,0.4,0.0,117.4,110.4,-3.724137931034477,-7.0,0,0,119,1_day,1,Atlanta Hawks,50,12,0.24,1610612737,576,-786,2026-02-24,,home_away_nba_game_day_local,2026-03-10T03:53:38.250640+00:00,0,2025,12.5,-12.5,237.5,False
DAL,117.60714285714286,113.10714285714286,True,0.4,126.8,117.0,-4.5,-9.799999999999997,123,1_day,1,Dallas Mavericks,23,8,0.3478,1610612742,0.0,2026-02-24T00:00:00Z,0022500833,BKN,115.28571428571429,111.42857142857143,True,0.4,0.0,112.4,101.4,-3.857142857142861,-11.0,0,0,114,1_day,1,Brooklyn Nets,32,13,0.4062,1610612751,-123,107,2026-02-24,,home_away_nba_game_day_local,2026-03-10T03:53:38.250640+00:00,0,2025,-1.5,1.5,225.0,False
OKC,109.64516129032258,119.35483870967742,True,0.4,105.6,114.8,9.709677419354847,9.200000000000003,116,1_day,1,Oklahoma City Thunder,40,16,0.4,1610612760,0.0,2026-02-24T00:00:00Z,0022500834,TOR,112.40625,113.5,True,0.4,0.0,103.8,114.4,1.09375,10.600000000000009,0,0,107,1_day,1,Toronto Raptors,38,18,0.4737,1610612761,122,-138,2026-02-24,,home_away_nba_game_day_local,2026-03-10T03:53:38.250640+00:00,0,2025,-1.5,1.5,217.5,False
NYK,112.86206896551724,115.51724137931035,True,0.4,111.4,119.2,2.6551724137931103,7.799999999999997,94,1_day,1,New York Knicks,37,10,0.2703,1610612752,0.0,2026-02-24T00:00:00Z,0022500835,CLE,114.21875,119.03125,True,0.4,0.0,109.6,120.0,4.8125,10.400000000000006,0,0,109,1_day,1,Cleveland Cavaliers,35,13,0.3714,1610612739,150,-170,2026-02-24,,home_away_nba_game_day_local,2026-03-10T03:53:38.250640+00:00,0,2025,4.5,-4.5,232.0,False
CHA,114.39393939393939,117.75757575757575,True,0.4,110.4,111.4,3.3636363636363598,1.0,131,1_day,1,Charlotte Hornets,57,25,0.4386,1610612766,0.0,2026-02-24T00:00:00Z,0022500836,CHI,117.54545454545455,115.60606060606061,True,0.4,0.0,117.6,106.0,-1.9393939393939377,-11.599999999999994,0,0,99,1_day,1,Chicago Bulls,40,16,0.4,1610612741,-336,278,2026-02-24,,home_away_nba_game_day_local,2026-03-10T03:53:38.250640+00:00,0,2025,-8.0,8.0,231.5,False
MIA,116.4375,117.6875,True,0.15,108.8,126.0,1.25,17.200000000000003,117,2_days,2,Miami Heat,48,16,0.3333,1610612748,0.25,2026-02-24T00:00:00Z,0022500837,MIL,117.11111111111111,115.44444444444444,True,0.4,0.0,111.8,111.6,-1.6666666666666714,-0.20000000000000284,0,0,128,1_day,1,Milwaukee Bucks,39,16,0.4103,1610612749,-214,185,2026-02-24,,home_away_nba_game_day_local,2026-03-10T03:53:38.250640+00:00,0,2025,-5.5,5.5,228.0,False
GSW,113.6896551724138,112.37931034482759,True,0.4,116.4,112.8,-1.3103448275862064,-3.6000000000000085,109,1_day,1,Golden State Warriors,45,11,0.2444,1610612744,-0.25,2026-02-24T00:00:00Z,0022500838,NOP,121.25,117.8125,True,0.15,0.0,116.4,118.8,-3.4375,2.3999999999999915,0,0,113,2_days,2,New Orleans Pelicans,40,10,0.25,1610612740,-123,107,2026-02-24,,home_away_nba_game_day_local,2026-03-10T03:53:38.250640+00:00,0,2025,-2.0,2.0,226.0,False
BOS,108.16129032258064,116.16129032258064,True,0.4,102.2,108.6,8.0,6.3999999999999915,97,1_day,1,Boston Celtics,47,13,0.2766,1610612738,0.0,2026-02-24T00:00:00Z,0022500839,PHX,108.34375,112.15625,True,0.4,0.0,114.0,102.6,3.8125,-11.400000000000006,0,0,81,1_day,1,Phoenix Suns,36,12,0.3333,1610612756,-248,210,2026-02-24,,home_away_nba_game_day_local,2026-03-10T03:53:38.250640+00:00,0,2025,-7.0,7.0,210.0,False
ORL,115.16666666666667,115.36666666666666,True,0.4,106.2,115.6,0.19999999999998863,9.399999999999991,110,1_day,1,Orlando Magic,29,7,0.2414,1610612753,0.0,2026-02-24T00:00:00Z,0022500840,LAL,116.87096774193549,116.06451612903226,True,0.4,0.0,118.4,111.2,-0.8064516129032313,-7.200000000000003,0,0,109,1_day,1,Los Angeles Lakers,29,9,0.3103,1610612747,166,-190,2026-02-24,,home_away_nba_game_day_local,2026-03-10T03:53:38.250640+00:00,0,2025,5.0,-5.0,230.0,False
MIN,119.64516129032258,122.74193548387096,True,0.4,117.2,119.4,3.0967741935483843,2.200000000000003,124,1_day,1,Minnesota Timberwolves,35,17,0.4857,1610612750,0.0,2026-02-24T00:00:00Z,0022500841,POR,118.625,117.84375,True,0.4,0.0,120.8,114.8,-0.78125,-6.0,0,0,121,1_day,1,Portland Trail Blazers,35,14,0.4,1610612757,-223,191,2026-02-24,,home_away_nba_game_day_local,2026-03-10T03:53:38.250640+00:00,0,2025,-7.0,7.0,233.5,False
OKC,109.5625,119.25,True,1.6,105.0,114.2,9.6875,9.200000000000003,116,b2b,0,Oklahoma City Thunder,49,18,0.3673,1610612760,-1.2,2026-02-25T00:00:00Z,0022500842,DET,106.33333333333333,117.16666666666667,True,0.4,0.0,106.8,115.6,10.833333333333343,8.799999999999997,0,0,124,1_day,1,Detroit Pistons,27,9,0.3333,1610612765,172,-205,2026-02-25,,home_away_nba_game_day_local,2026-03-10T03:53:38.250640+00:00,0,2025,6.0,-6.0,218.5,False
SAS,112.57575757575758,117.63636363636364,True,0.4,108.0,127.2,5.060606060606062,19.200000000000003,110,1_day,1,San Antonio Spurs,39,17,0.4359,1610612759,1.2,2026-02-25T00:00:00Z,0022500843,TOR,112.51515151515152,113.3030303030303,True,1.6,0.0,105.6,111.2,0.7878787878787818,5.6000000000000085,0,0,107,b2b,0,Toronto Raptors,23,8,0.3478,1610612761,-307,256,2026-02-25,,home_away_nba_game_day_local,2026-03-10T03:53:38.250640+00:00,0,2025,-7.5,7.5,229.0,False
GSW,113.66666666666667,112.26666666666667,True,1.6,118.0,114.8,-1.4000000000000057,-3.200000000000003,133,b2b,0,Golden State Warriors,46,19,0.413,1610612744,-1.2,2026-02-25T00:00:00Z,0022500844,MEM,117.54838709677419,116.64516129032258,True,0.4,0.0,121.8,117.2,-0.9032258064516157,-4.599999999999994,0,0,112,1_day,1,Memphis Grizzlies,41,17,0.4146,1610612763,-170,150,2026-02-25,,home_away_nba_game_day_local,2026-03-10T03:53:38.250640+00:00,0,2025,-4.0,4.0,227.5,False
SAC,122.65625,109.96875,True,0.4,125.0,105.2,-12.6875,-19.799999999999997,97,1_day,1,Sacramento Kings,32,7,0.2188,1610612758,0.0,2026-02-25T00:00:00Z,0022500845,HOU,108.25,114.5,True,0.4,0.0,102.8,108.0,6.25,5.200000000000003,0,0,128,1_day,1,Houston Rockets,39,17,0.4359,1610612745,631,-883,2026-02-25,,home_away_nba_game_day_local,2026-03-10T03:53:38.250640+00:00,0,2025,14.0,-14.0,221.5,False
CLE,117.1,119.56666666666666,True,1.6,105.0,118.0,2.4666666666666686,13.0,116,b2b,0,Cleveland Cavaliers,40,12,0.3,1610612739,0.0,2026-02-25T00:00:00Z,0022500846,MIL,117.10714285714286,115.89285714285714,True,1.6,0.0,111.6,117.4,-1.2142857142857224,5.800000000000011,0,0,118,b2b,0,Milwaukee Bucks,45,19,0.4222,1610612749,-317,263,2026-02-25,,home_away_nba_game_day_local,2026-03-10T03:53:38.250640+00:00,0,2025,-8.5,8.5,227.5,False
BOS,107.3125,115.5625,True,1.6,99.2,108.4,8.25,9.200000000000003,84,b2b,0,Boston Celtics,43,12,0.2791,1610612738,-1.45,2026-02-25T00:00:00Z,0022500847,DEN,115.92857142857143,118.85714285714286,True,0.15,0.0,116.2,125.4,2.9285714285714306,9.200000000000003,0,0,103,2_days,2,Denver Nuggets,43,15,0.3488,1610612743,139,-158,2026-02-25,,home_away_nba_game_day_local,2026-03-10T03:53:38.250640+00:00,0,2025,3.5,-3.5,228.0,False
CHA,113.94117647058823,118.1470588235294,True,0.4,108.2,116.8,4.205882352941174,8.599999999999994,133,1_day,1,Charlotte Hornets,46,22,0.4783,1610612766,0.0,2026-02-26T00:00:00Z,0022500848,IND,117.875,114.34375,True,0.4,0.0,124.4,116.4,-3.53125,-8.0,0,0,109,1_day,1,Indiana Pacers,35,11,0.3143,1610612754,-737,547,2026-02-26,,home_away_nba_game_day_local,2026-03-10T03:53:38.250640+00:00,0,2025,-12.5,12.5,230.0,False
MIA,116.78787878787878,117.66666666666667,True,0.4,114.2,123.0,0.8787878787878896,8.799999999999997,117,1_day,1,Miami Heat,40,17,0.425,1610612748,0.0,2026-02-26T00:00:00Z,0022500849,PHI,117.0909090909091,114.9090909090909,True,0.4,0.0,120.6,115.4,-2.181818181818187,-5.199999999999989,0,0,124,1_day,1,Philadelphia 76ers,43,17,0.3953,1610612755,112,-128,2026-02-26,,home_away_nba_game_day_local,2026-03-10T03:53:38.250640+00:00,0,2025,2.5,-2.5,239.0,False
WAS,121.96551724137932,110.48275862068965,True,0.4,121.8,113.2,-11.482758620689665,-8.599999999999994,96,1_day,1,Washington Wizards,33,9,0.2727,1610612764,0.0,2026-02-26T00:00:00Z,0022500850,ATL,118.33333333333333,115.43333333333334,True,0.4,0.0,109.4,111.0,-2.8999999999999915,1.5999999999999943,0,0,126,1_day,1,Atlanta Hawks,39,13,0.3333,1610612737,576,-786,2026-02-26,,home_away_nba_game_day_local,2026-03-10T03:53:38.250640+00:00,0,2025,12.5,-12.5,237.5,False
SAS,112.41176470588235,117.41176470588235,True,1.6,107.8,122.0,5.0,14.200000000000003,126,b2b,0,San Antonio Spurs,43,17,0.3953,1610612759,-1.2,2026-02-26T00:00:00Z,0022500851,BKN,115.55172413793103,111.51724137931035,True,0.4,0.0,114.0,99.6,-4.034482758620683,-14.400000000000006,0,0,110,1_day,1,Brooklyn Nets,34,13,0.3824,1610612751,-723,539,2026-02-26,,home_away_nba_game_day_local,2026-03-10T03:53:38.250640+00:00,0,2025,-14.0,14.0,225.0,False
HOU,111.75,116.59375,True,1.6,103.2,113.2,4.84375,10.0,113,b2b,0,Houston Rockets,29,11,0.3793,1610612745,-1.2,2026-02-26T00:00:00Z,0022500852,ORL,113.8,116.5,True,0.4,0.0,108.2,114.0,2.700000000000003,5.799999999999997,0,0,108,1_day,1,Orlando Magic,37,15,0.4054,1610612753,-128,112,2026-02-26,,home_away_nba_game_day_local,2026-03-10T03:53:38.250640+00:00,0,2025,-2.5,2.5,216.0,False
POR,118.8,114.16666666666667,True,0.4,122.0,112.0,-4.633333333333326,-10.0,121,1_day,1,Portland Trail Blazers,46,10,0.2174,1610612757,0.0,2026-02-26T00:00:00Z,0022500853,CHI,117.94117647058823,115.11764705882354,True,0.4,0.0,119.2,102.8,-2.823529411764696,-16.400000000000006,0,0,112,1_day,1,Chicago Bulls,30,9,0.3,1610612741,-180,158,2026-02-26,,home_away_nba_game_day_local,2026-03-10T03:53:38.250640+00:00,0,2025,-4.5,4.5,235.0,False
SAC,122.81818181818181,109.57575757575758,True,1.6,126.6,105.8,-13.242424242424235,-20.799999999999997,130,b2b,0,Sacramento Kings,26,8,0.3077,1610612758,-1.2,2026-02-26T00:00:00Z,0022500854,DAL,115.71875,115.25,True,0.4,0.0,122.0,116.6,-0.46875,-5.400000000000006,0,0,121,1_day,1,Dallas Mavericks,23,10,0.4348,1610612742,218,-258,2026-02-26,,home_away_nba_game_day_local,2026-03-10T03:53:38.250640+00:00,0,2025,7.0,-7.0,234.5,False
LAL,114.74193548387096,113.06451612903226,True,0.4,116.6,111.0,-1.6774193548387046,-5.599999999999994,110,1_day,1,Los Angeles Lakers,29,11,0.3793,1610612747,0.0,2026-02-26T00:00:00Z,0022500855,PHX,108.0,111.21212121212122,True,0.4,0.0,111.2,94.8,3.212121212121218,-16.400000000000006,0,0,113,1_day,1,Phoenix Suns,50,22,0.44,1610612756,-200,175,2026-02-26,,home_away_nba_game_day_local,2026-03-10T03:53:38.250640+00:00,0,2025,-4.5,4.5,216.5,False
NOP,120.53571428571429,112.28571428571429,True,0.4,115.2,117.6,-8.25,2.3999999999999915,129,1_day,1,New Orleans Pelicans,34,13,0.3824,1610612740,-0.25,2026-02-26T00:00:00Z,0022500856,UTA,127.54838709677419,121.3225806451613,True,0.15,0.0,117.4,114.8,-6.225806451612897,-2.6000000000000085,0,0,118,2_days,2,Utah Jazz,37,12,0.3243,1610612762,-185,162,2026-02-26,,home_away_nba_game_day_local,2026-03-10T03:53:38.250640+00:00,0,2025,-4.0,4.0,240.5,False
MIN,119.6875,122.78125,True,0.4,118.4,125.0,3.09375,6.599999999999994,94,1_day,1,Minnesota Timberwolves,26,8,0.3077,1610612750,-0.4,2026-02-26T00:00:00Z,0022500857,LAC,110.92592592592592,112.66666666666667,False,0.0,0.0,110.8,109.2,1.7407407407407476,-1.5999999999999943,0,0,88,3_plus_days,3,LA Clippers,22,5,0.2273,1610612746,,,2026-02-26,,,,0,2025,,,,False
CLE,117.12903225806451,119.45161290322581,True,0.75,106.0,113.6,2.3225806451612954,7.599999999999994,119,1_day,1,Cleveland Cavaliers,35,13,0.3714,1610612739,0.0,2026-02-27T00:00:00Z,0022500858,DET,106.64516129032258,117.38709677419355,True,0.75,0.0,109.2,118.4,10.741935483870975,9.200000000000003,0,0,122,1_day,1,Detroit Pistons,27,6,0.2222,1610612765,206,-243,2026-02-27,,home_away_nba_game_day_local,2026-03-10T03:53:38.250640+00:00,5,2025,6.0,-6.0,227.0,True
BKN,114.6774193548387,103.61290322580645,True,1.6,116.2,99.6,-11.064516129032256,-16.60000000000001,111,b2b,0,Brooklyn Nets,34,14,0.4118,1610612751,-1.2,2026-02-27T00:00:00Z,0022500859,BOS,107.65517241379311,114.79310344827586,True,0.4,0.0,97.6,107.4,7.137931034482747,9.800000000000011,0,0,148,1_day,1,Boston Celtics,34,22,0.6471,1610612738,826,-1270,2026-02-27,,home_away_nba_game_day_local,2026-03-10T03:53:38.250640+00:00,0,2025,17.5,-17.5,208.0,False
NYK,112.73333333333333,114.8,True,0.15,105.8,111.2,2.066666666666663,5.400000000000006,127,2_days,2,New York Knicks,42,21,0.5,1610612752,0.25,2026-02-27T00:00:00Z,0022500860,MIL,117.06896551724138,115.96551724137932,True,0.4,0.0,113.2,117.8,-1.103448275862064,4.599999999999994,0,0,98,1_day,1,Milwaukee Bucks,42,16,0.381,1610612749,-322,267,2026-02-27,,home_away_nba_game_day_local,2026-03-10T03:53:38.250640+00:00,0,2025,-8.5,8.5,219.5,False
MEM,119.86666666666666,114.6,True,0.4,125.6,117.0,-5.266666666666666,-8.599999999999994,124,1_day,1,Memphis Grizzlies,32,12,0.375,1610612763,1.2,2026-02-27T00:00:00Z,0022500861,DAL,116.15151515151516,115.42424242424242,True,1.6,0.0,124.0,118.6,-0.7272727272727337,-5.400000000000006,0,0,105,b2b,0,Dallas Mavericks,32,9,0.2812,1610612742,171,-195,2026-02-27,,home_away_nba_game_day_local,2026-03-10T03:53:38.250640+00:00,0,2025,4.5,-4.5,239.0,False
DEN,115.37142857142857,120.71428571428571,True,0.75,109.2,122.6,5.342857142857142,13.399999999999991,121,1_day,1,Denver Nuggets,48,18,0.375,1610612743,0.0,2026-02-27T00:00:00Z,0022500862,OKC,106.21212121212122,117.75757575757575,True,0.75,0.0,108.0,110.2,11.545454545454533,2.200000000000003,0,0,127,1_day,1,Oklahoma City Thunder,35,12,0.3429,1610612760,256,-307,2026-02-27,,home_away_nba_game_day_local,2026-03-10T03:53:38.250640+00:00,5,2025,8.0,-8.0,234.0,True
POR,118.58064516129032,114.38709677419355,True,0.4,117.8,114.4,-4.193548387096769,-3.3999999999999915,93,1_day,1,Portland Trail Blazers,47,11,0.234,1610612757,0.0,2026-02-28T00:00:00Z,0022500863,CHA,114.03333333333333,114.1,True,0.4,0.0,108.6,121.4,0.06666666666666288,12.800000000000011,0,0,109,1_day,1,Charlotte Hornets,42,16,0.381,1610612766,248,-297,2026-02-28,,home_away_nba_game_day_local,2026-03-10T03:53:38.250640+00:00,0,2025,8.5,-8.5,231.0,False
HOU,111.63636363636364,116.48484848484848,True,0.4,103.8,115.4,4.848484848484844,11.600000000000009,105,1_day,1,Houston Rockets,36,9,0.25,1610612745,0.0,2026-02-28T00:00:00Z,0022500864,MIA,117.9375,120.625,True,0.4,0.0,116.0,124.2,2.6875,8.200000000000003,0,0,115,1_day,1,Miami Heat,31,11,0.3548,1610612748,-165,146,2026-02-28,,home_away_nba_game_day_local,2026-03-10T03:53:38.250640+00:00,0,2025,-3.5,3.5,225.5,False
TOR,111.19354838709677,114.29032258064517,True,0.15,106.8,108.2,3.0967741935483986,1.4000000000000057,134,2_days,2,Toronto Raptors,22,9,0.4091,1610612761,0.25,2026-02-28T00:00:00Z,0022500865,WAS,122.41935483870968,113.64516129032258,True,0.4,0.0,119.4,109.8,-8.774193548387103,-9.600000000000009,0,0,125,1_day,1,Washington Wizards,34,16,0.4706,1610612764,-883,631,2026-02-28,,home_away_nba_game_day_local,2026-03-10T03:53:38.250640+00:00,0,2025,-14.0,14.0,227.0,False
LAL,114.6875,112.96875,True,0.4,112.0,111.4,-1.71875,-0.5999999999999943,129,1_day,1,Los Angeles Lakers,41,19,0.4634,1610612747,-0.25,2026-02-28T00:00:00Z,0022500866,GSW,114.03030303030303,118.48484848484848,True,0.15,0.0,117.8,118.6,4.454545454545453,0.7999999999999972,0,0,101,2_days,2,Golden State Warriors,44,12,0.2727,1610612744,-155,136,2026-02-28,,home_away_nba_game_day_local,2026-03-10T03:53:38.250640+00:00,0,2025,-3.0,3.0,227.0,False
NOP,120.44827586206897,112.86206896551724,True,0.4,120.0,119.4,-7.5862068965517295,-0.5999999999999943,115,1_day,1,New Orleans Pelicans,44,15,0.3409,1610612740,0.0,2026-02-28T00:00:00Z,0022500867,UTA,127.59375,121.21875,True,0.4,0.0,121.0,115.4,-6.375,-5.599999999999994,0,0,105,1_day,1,Utah Jazz,43,12,0.2791,1610612762,-185,162,2026-02-28,,home_away_nba_game_day_local,2026-03-10T03:53:38.250640+00:00,0,2025,-4.0,4.0,240.5,False
SAS,112.34285714285714,117.65714285714286,True,0.15,107.2,122.0,5.314285714285717,14.799999999999997,89,2_days,2,San Antonio Spurs,34,9,0.2647,1610612759,0.25,2026-03-01T00:00:00Z,0022500868,NYK,109.54285714285714,117.62857142857143,True,0.4,0.0,107.6,109.0,8.085714285714289,1.4000000000000057,0,0,114,1_day,1,New York Knicks,48,17,0.3542,1610612752,-116,100,2026-03-01,,home_away_nba_game_day_local,2026-03-10T03:53:38.250640+00:00,0,2025,-2.0,2.0,228.0,False
CLE,117.28125,119.4375,True,0.4,113.6,115.0,2.15625,1.4000000000000057,106,1_day,1,Cleveland Cavaliers,27,13,0.4815,1610612739,0.0,2026-03-01T00:00:00Z,0022500869,BKN,115.9,111.46666666666667,True,0.4,0.0,123.4,105.0,-4.433333333333337,-18.400000000000006,0,0,102,1_day,1,Brooklyn Nets,32,11,0.3438,1610612751,-624,477,2026-03-01,,home_away_nba_game_day_local,2026-03-10T03:53:38.250640+00:00,0,2025,-11.5,11.5,222.5,False
MIL,113.25,109.375,True,0.4,120.0,115.4,-3.875,-4.599999999999994,97,1_day,1,Milwaukee Bucks,46,13,0.2826,1610612749,-0.25,2026-03-01T00:00:00Z,0022500870,CHI,118.02857142857142,115.02857142857142,True,0.15,0.0,118.6,104.2,-3.0,-14.399999999999991,0,0,120,2_days,2,Chicago Bulls,49,18,0.3673,1610612741,-147,130,2026-03-01,,home_away_nba_game_day_local,2026-03-10T03:53:38.250640+00:00,0,2025,-3.5,3.5,229.0,False
MIN,118.72727272727273,121.9090909090909,True,0.15,112.8,116.2,3.1818181818181728,3.4000000000000057,117,2_days,2,Minnesota Timberwolves,36,14,0.3889,1610612750,0.25,2026-03-01T00:00:00Z,0022500871,DEN,114.82758620689656,118.3103448275862,True,0.4,0.0,111.4,122.4,3.4827586206896513,11.0,0,0,108,1_day,1,Denver Nuggets,22,6,0.2727,1610612743,132,-149,2026-03-01,,home_away_nba_game_day_local,2026-03-10T03:53:38.250640+00:00,0,2025,3.0,-3.0,238.0,False
MEM,119.38709677419355,114.90322580645162,True,0.4,122.2,118.6,-4.483870967741936,-3.6000000000000085,125,1_day,1,Memphis Grizzlies,35,15,0.4286,1610612763,-0.25,2026-03-01T00:00:00Z,0022500872,IND,118.33333333333333,114.18181818181819,True,0.15,0.0,129.0,115.2,-4.151515151515142,-13.799999999999997,0,0,106,2_days,2,Indiana Pacers,39,15,0.3846,1610612754,100,-116,2026-03-01,,home_away_nba_game_day_local,2026-03-10T03:53:38.250640+00:00,0,2025,-1.0,1.0,239.0,False
POR,118.28125,113.71875,True,1.6,115.8,106.0,-4.5625,-9.799999999999997,101,b2b,0,Portland Trail Blazers,37,13,0.3514,1610612757,-1.45,2026-03-01T00:00:00Z,0022500873,ATL,117.61290322580645,115.7741935483871,True,0.15,0.0,106.6,114.8,-1.8387096774193452,8.200000000000003,0,0,135,2_days,2,Atlanta Hawks,40,15,0.375,1610612737,182,-209,2026-03-01,,home_away_nba_game_day_local,2026-03-10T03:53:38.250640+00:00,0,2025,5.5,-5.5,238.0,False
PHI,114.13793103448276,116.58620689655173,True,0.15,116.4,122.4,2.448275862068968,6.0,98,2_days,2,Philadelphia 76ers,31,12,0.3871,1610612755,0.25,2026-03-01T00:00:00Z,0022500874,BOS,107.76666666666667,115.9,True,0.4,0.0,98.8,112.2,8.13333333333334,13.400000000000006,0,0,114,1_day,1,Boston Celtics,49,16,0.3265,1610612738,297,-361,2026-03-01,,home_away_nba_game_day_local,2026-03-10T03:53:38.250640+00:00,0,2025,8.5,-8.5,221.0,False
DET,112.73333333333333,117.06666666666666,True,0.4,114.0,120.2,4.333333333333329,6.200000000000003,106,1_day,1,Detroit Pistons,30,4,0.1333,1610612765,-0.25,2026-03-01T00:00:00Z,0022500875,ORL,113.7741935483871,116.2258064516129,True,0.15,0.0,107.6,114.0,2.4516129032257936,6.400000000000006,0,0,92,2_days,2,Orlando Magic,36,10,0.2778,1610612753,-200,175,2026-03-01,,home_away_nba_game_day_local,2026-03-10T03:53:38.250640+00:00,0,2025,-6.0,6.0,221.0,False
OKC,110.0,119.15151515151516,True,0.4,110.2,117.0,9.151515151515156,6.799999999999997,100,1_day,1,Oklahoma City Thunder,39,8,0.2051,1610612760,0.0,2026-03-01T00:00:00Z,0022500876,DAL,116.38235294117646,115.11764705882354,True,0.4,0.0,124.0,118.8,-1.2647058823529278,-5.200000000000003,0,0,87,1_day,1,Dallas Mavericks,31,9,0.2903,1610612742,-1174,781,2026-03-01,,home_away_nba_game_day_local,2026-03-10T03:53:38.250640+00:00,0,2025,-15.0,15.0,233.0,False
NOP,119.93333333333334,112.93333333333334,True,1.6,116.4,120.2,-7.0,3.799999999999997,117,b2b,0,New Orleans Pelicans,33,12,0.3636,1610612740,-1.45,2026-03-01T00:00:00Z,0022500877,LAC,110.32142857142857,111.78571428571429,True,0.15,0.0,109.2,107.8,1.4642857142857224,-1.4000000000000057,0,0,137,2_days,2,LA Clippers,36,17,0.4722,1610612746,,,2026-03-01,,,,0,2025,,,,False
SAC,122.76470588235294,110.17647058823529,True,0.15,126.6,113.2,-12.588235294117652,-13.399999999999991,104,2_days,2,Sacramento Kings,26,6,0.2308,1610612758,1.45,2026-03-01T00:00:00Z,0022500878,LAL,116.65625,115.84375,True,1.6,0.0,111.4,112.4,-0.8125,1.0,0,0,128,b2b,0,Los Angeles Lakers,39,18,0.4615,1610612747,533,-713,2026-03-01,,home_away_nba_game_day_local,2026-03-10T03:53:38.250640+00:00,0,2025,13.0,-13.0,231.0,False
HOU,111.73529411764706,116.1470588235294,True,0.4,106.6,115.4,4.411764705882348,8.800000000000011,123,1_day,1,Houston Rockets,25,9,0.36,1610612745,0.0,2026-03-02T00:00:00Z,0022500879,WAS,122.78125,114.0,True,0.4,0.0,125.2,112.4,-8.78125,-12.799999999999997,0,0,118,1_day,1,Washington Wizards,35,19,0.5429,1610612764,-955,670,2026-03-02,,home_away_nba_game_day_local,2026-03-10T03:53:38.250640+00:00,0,2025,-16.0,16.0,225.0,False
BOS,107.18181818181819,114.60606060606061,True,1.6,96.4,110.8,7.424242424242422,14.399999999999991,108,b2b,0,Boston Celtics,50,20,0.4,1610612738,0.0,2026-03-02T00:00:00Z,0022500880,MIL,117.4,115.36666666666666,True,1.6,0.0,120.4,107.0,-2.0333333333333456,-13.400000000000006,0,0,81,b2b,0,Milwaukee Bucks,36,13,0.3611,1610612749,-297,248,2026-03-02,,home_away_nba_game_day_local,2026-03-10T03:53:38.250640+00:00,0,2025,-7.0,7.0,214.0,False
DEN,115.69444444444444,120.72222222222223,True,1.6,111.8,121.2,5.027777777777786,9.400000000000006,128,b2b,0,Denver Nuggets,39,16,0.4103,1610612743,-1.2,2026-03-02T00:00:00Z,0022500881,UTA,127.21212121212122,120.72727272727273,True,0.4,0.0,125.4,112.2,-6.484848484848484,-13.200000000000003,0,0,125,1_day,1,Utah Jazz,39,15,0.3846,1610612762,-542,423,2026-03-02,,home_away_nba_game_day_local,2026-03-10T03:53:38.250640+00:00,0,2025,-11.0,11.0,243.5,False
LAC,112.63636363636364,110.78787878787878,True,1.6,112.2,114.2,-1.8484848484848584,2.0,114,b2b,0,LA Clippers,31,9,0.2903,1610612746,-1.2,2026-03-02T00:00:00Z,0022500882,GSW,114.47058823529412,117.97058823529412,True,0.4,0.0,118.4,116.2,3.5,-2.200000000000003,0,0,101,1_day,1,Golden State Warriors,48,17,0.3542,1610612744,,,2026-03-02,,,,0,2025,,,,False
DAL,117.48275862068965,113.44827586206897,True,0.4,119.6,114.0,-4.034482758620683,-5.599999999999994,90,1_day,1,Dallas Mavericks,22,3,0.1364,1610612742,-0.25,2026-03-03T00:00:00Z,0022500883,CHA,113.35483870967742,113.93548387096774,True,0.15,0.0,106.2,123.0,0.5806451612903203,16.799999999999997,0,0,117,2_days,2,Charlotte Hornets,51,20,0.3922,1610612766,487,-640,2026-03-03,,home_away_nba_game_day_local,2026-03-10T03:53:38.250640+00:00,0,2025,12.0,-12.0,229.5,False
DET,112.06451612903226,116.70967741935483,True,0.4,110.2,116.2,4.6451612903225765,6.0,109,1_day,1,Detroit Pistons,24,9,0.375,1610612765,0.0,2026-03-03T00:00:00Z,0022500884,CLE,113.60606060606061,118.72727272727273,True,0.4,0.0,111.4,112.6,5.121212121212125,1.1999999999999886,0,0,113,1_day,1,Cleveland Cavaliers,46,17,0.3696,1610612739,-138,122,2026-03-03,,home_away_nba_game_day_local,2026-03-10T03:53:38.250640+00:00,0,2025,-1.5,1.5,228.0,False
WAS,122.1,110.0,True,1.6,126.2,109.8,-12.099999999999994,-16.400000000000006,109,b2b,0,Washington Wizards,32,7,0.2188,1610612764,-1.2,2026-03-03T00:00:00Z,0022500885,ORL,113.53125,115.46875,True,0.4,0.0,110.0,106.2,1.9375,-3.799999999999997,0,0,126,1_day,1,Orlando Magic,25,10,0.4,1610612753,781,-1174,2026-03-03,,home_away_nba_game_day_local,2026-03-10T03:53:38.250640+00:00,0,2025,15.5,-15.5,229.0,False
BKN,115.71875,103.84375,True,0.4,123.6,108.2,-11.875,-15.399999999999991,98,1_day,1,Brooklyn Nets,32,6,0.1875,1610612751,-0.25,2026-03-03T00:00:00Z,0022500886,MIA,117.54545454545455,120.45454545454545,True,0.15,0.0,114.8,122.6,2.9090909090909065,7.799999999999997,0,0,124,2_days,2,Miami Heat,36,13,0.3611,1610612748,547,-737,2026-03-03,,home_away_nba_game_day_local,2026-03-10T03:53:38.250640+00:00,0,2025,13.0,-13.0,227.0,False
NYK,112.25806451612904,115.19354838709677,True,0.4,100.2,109.6,2.9354838709677296,9.399999999999991,111,1_day,1,New York Knicks,29,10,0.3448,1610612752,-0.25,2026-03-03T00:00:00Z,0022500887,TOR,112.44117647058823,113.11764705882354,True,0.15,0.0,109.2,116.0,0.6764705882353041,6.799999999999997,0,0,95,2_days,2,Toronto Raptors,28,8,0.2857,1610612761,-138,122,2026-03-03,,home_away_nba_game_day_local,2026-03-10T03:53:38.250640+00:00,0,2025,-2.5,2.5,225.5,False
SAS,112.38888888888889,116.86111111111111,True,0.4,111.2,115.6,4.4722222222222285,4.3999999999999915,131,1_day,1,San Antonio Spurs,45,18,0.4,1610612759,0.0,2026-03-03T00:00:00Z,0022500888,PHI,117.08823529411765,115.17647058823529,True,0.4,0.0,115.8,120.6,-1.9117647058823621,4.799999999999997,0,0,91,1_day,1,Philadelphia 76ers,42,10,0.2381,1610612755,-307,256,2026-03-03,,home_away_nba_game_day_local,2026-03-10T03:53:38.250640+00:00,0,2025,-7.5,7.5,234.0,False
OKC,109.32352941176471,118.58823529411765,True,0.4,110.4,116.0,9.264705882352942,5.599999999999994,116,1_day,1,Oklahoma City Thunder,42,10,0.2381,1610612760,0.0,2026-03-03T00:00:00Z,0022500889,CHI,117.44444444444444,115.16666666666667,True,0.4,0.0,116.0,108.0,-2.2777777777777715,-8.0,0,0,108,1_day,1,Chicago Bulls,49,17,0.3469,1610612741,-415,336,2026-03-03,,home_away_nba_game_day_local,2026-03-10T03:53:38.250640+00:00,0,2025,-10.5,10.5,226.5,False
MEM,118.96875,115.21875,True,0.4,120.6,119.0,-3.75,-1.5999999999999943,110,1_day,1,Memphis Grizzlies,38,15,0.3947,1610612763,0.0,2026-03-03T00:00:00Z,0022500890,MIN,111.4375,116.0,True,0.4,0.0,112.6,113.0,4.5625,0.4000000000000057,0,0,117,1_day,1,Minnesota Timberwolves,34,10,0.2941,1610612750,603,-834,2026-03-03,,home_away_nba_game_day_local,2026-03-10T03:53:38.250640+00:00,0,2025,14.0,-14.0,239.5,False
NOP,120.48387096774194,113.06451612903226,True,0.4,116.0,120.0,-7.41935483870968,4.0,101,1_day,1,New Orleans Pelicans,29,8,0.2759,1610612740,0.0,2026-03-03T00:00:00Z,0022500891,LAL,116.27272727272727,116.21212121212122,True,0.4,0.0,107.8,113.0,-0.06060606060604812,5.200000000000003,0,0,110,1_day,1,Los Angeles Lakers,37,11,0.2973,1610612747,282,-342,2026-03-03,,home_away_nba_game_day_local,2026-03-10T03:53:38.250640+00:00,0,2025,8.5,-8.5,243.0,False
PHX,114.33333333333333,113.36666666666666,False,0.0,106.0,95.6,-0.9666666666666686,-10.400000000000006,114,3_plus_days,4,Phoenix Suns,49,19,0.3878,1610612756,0.4,2026-03-03T00:00:00Z,0022500892,SAC,119.12903225806451,111.0,True,0.4,0.0,126.0,115.2,-8.129032258064512,-10.799999999999997,0,0,103,1_day,1,Sacramento Kings,27,7,0.2593,1610612758,-376,308,2026-03-03,,home_away_nba_game_day_local,2026-03-10T03:53:38.250640+00:00,0,2025,-9.5,9.5,223.0,False
OKC,109.28571428571429,118.51428571428572,True,1.6,109.4,115.0,9.228571428571428,5.599999999999994,103,b2b,0,Oklahoma City Thunder,42,16,0.381,1610612760,0.0,2026-03-04T00:00:00Z,0022500893,NYK,108.97222222222223,117.52777777777777,True,1.6,0.0,98.0,110.2,8.555555555555543,12.200000000000003,0,0,100,b2b,0,New York Knicks,35,10,0.2857,1610612752,-180,158,2026-03-04,,home_away_nba_game_day_local,2026-03-10T03:53:38.250640+00:00,0,2025,-3.5,3.5,222.0,False
CHA,113.8,118.57142857142857,True,1.6,100.6,123.8,4.771428571428572,23.200000000000003,118,b2b,0,Charlotte Hornets,49,19,0.3878,1610612766,-1.2,2026-03-04T00:00:00Z,0022500894,BOS,107.45161290322581,115.83870967741936,True,0.4,0.0,94.8,110.2,8.387096774193552,15.400000000000006,0,0,89,1_day,1,Boston Celtics,36,10,0.2778,1610612738,214,-253,2026-03-04,,home_away_nba_game_day_local,2026-03-10T03:53:38.250640+00:00,0,2025,7.0,-7.0,216.0,False
UTA,124.61290322580645,115.19354838709677,True,0.4,124.0,113.4,-9.41935483870968,-10.599999999999994,102,1_day,1,Utah Jazz,39,12,0.3077,1610612762,1.2,2026-03-04T00:00:00Z,0022500895,PHI,117.48571428571428,114.48571428571428,True,1.6,0.0,116.8,116.6,-3.0,-0.20000000000000284,0,0,106,b2b,0,Philadelphia 76ers,35,9,0.2571,1610612755,336,-415,2026-03-04,,home_away_nba_game_day_local,2026-03-10T03:53:38.250640+00:00,0,2025,9.5,-9.5,239.5,False
POR,118.78787878787878,113.33333333333333,True,0.15,111.4,105.6,-5.454545454545453,-5.800000000000011,122,2_days,2,Portland Trail Blazers,43,15,0.3488,1610612757,1.45,2026-03-04T00:00:00Z,0022500896,MEM,118.03125,116.5,True,1.6,0.0,116.8,117.0,-1.53125,0.20000000000000284,0,0,114,b2b,0,Memphis Grizzlies,32,14,0.4375,1610612763,-302,252,2026-03-04,,home_away_nba_game_day_local,2026-03-10T03:53:38.250640+00:00,0,2025,-7.5,7.5,237.5,False
ATL,118.20588235294117,118.32352941176471,True,0.15,105.4,118.4,0.1176470588235361,13.0,131,2_days,2,Atlanta Hawks,45,20,0.4444,1610612737,0.25,2026-03-04T00:00:00Z,0022500897,MIL,117.09677419354838,114.25806451612904,True,0.4,0.0,117.6,104.4,-2.838709677419345,-13.199999999999989,0,0,113,1_day,1,Milwaukee Bucks,39,13,0.3333,1610612749,100,-116,2026-03-04,,home_away_nba_game_day_local,2026-03-10T03:53:38.250640+00:00,0,2025,-1.5,1.5,231.0,False
IND,121.12903225806451,109.16129032258064,True,0.15,131.6,115.4,-11.967741935483872,-16.19999999999999,107,2_days,2,Indiana Pacers,36,10,0.2778,1610612754,0.25,2026-03-04T00:00:00Z,0022500898,LAC,110.55172413793103,112.65517241379311,True,0.4,0.0,109.6,114.0,2.1034482758620783,4.400000000000006,0,0,130,1_day,1,LA Clippers,32,12,0.375,1610612746,,,2026-03-04,,,,0,2025,,,,False
DAL,117.46666666666667,112.66666666666667,True,0.4,117.0,105.2,-4.799999999999997,-11.799999999999997,114,1_day,1,Dallas Mavericks,32,14,0.4375,1610612742,0.0,2026-03-05T00:00:00Z,0022500899,ORL,113.39393939393939,115.78787878787878,True,0.4,0.0,109.2,109.4,2.393939393939391,0.20000000000000284,0,0,115,1_day,1,Orlando Magic,39,13,0.3333,1610612753,293,-356,2026-03-05,,home_away_nba_game_day_local,2026-03-10T03:53:38.250640+00:00,0,2025,8.5,-8.5,228.5,False
UTA,124.03125,114.78125,True,1.6,120.6,111.0,-9.25,-9.599999999999994,122,b2b,0,Utah Jazz,35,15,0.4286,1610612762,-1.2,2026-03-05T00:00:00Z,0022500900,WAS,122.78787878787878,114.12121212121212,True,0.4,0.0,125.6,109.2,-8.666666666666657,-16.39999999999999,0,0,112,1_day,1,Washington Wizards,42,18,0.4286,1610612764,107,-123,2026-03-05,,home_away_nba_game_day_local,2026-03-10T03:53:38.250640+00:00,0,2025,2.0,-2.0,243.0,False
BKN,115.96969696969697,103.66666666666667,True,0.4,125.4,107.0,-12.303030303030297,-18.400000000000006,110,1_day,1,Brooklyn Nets,41,16,0.3902,1610612751,0.0,2026-03-05T00:00:00Z,0022500901,MIA,116.97058823529412,120.55882352941177,True,0.4,0.0,115.0,121.8,3.588235294117652,6.799999999999997,0,0,126,1_day,1,Miami Heat,27,9,0.3333,1610612748,1500,-7000,2026-03-05,,home_away_nba_game_day_local,2026-03-10T03:53:38.250640+00:00,0,2025,17.5,-17.5,231.5,False
GSW,113.61290322580645,112.93548387096774,True,0.5,117.0,114.4,-0.6774193548387046,-2.5999999999999943,115,2_days,2,Golden State Warriors,38,14,0.3684,1610612744,0.0,2026-03-05T00:00:00Z,0022500902,HOU,107.86206896551724,114.96551724137932,True,0.5,0.0,108.6,118.8,7.103448275862078,10.200000000000003,0,0,113,2_days,2,Houston Rockets,34,14,0.4118,1610612745,301,-366,2026-03-05,,home_away_nba_game_day_local,2026-03-10T03:53:38.250640+00:00,5,2025,9.0,-9.0,216.0,True
TOR,111.625,114.90625,True,0.4,111.2,113.0,3.28125,1.7999999999999972,107,1_day,1,Toronto Raptors,21,9,0.4286,1610612761,0.0,2026-03-05T00:00:00Z,0022500903,MIN,111.39393939393939,116.03030303030303,True,0.4,0.0,112.4,112.0,4.63636363636364,-0.4000000000000057,0,0,115,1_day,1,Minnesota Timberwolves,31,13,0.4194,1610612750,195,-228,2026-03-05,,home_away_nba_game_day_local,2026-03-10T03:53:38.250640+00:00,0,2025,6.0,-6.0,227.5,False
DET,112.09375,116.46875,True,0.4,110.8,112.8,4.375,2.0,106,1_day,1,Detroit Pistons,28,12,0.4286,1610612765,0.0,2026-03-05T00:00:00Z,0022500904,SAS,111.51724137931035,120.24137931034483,True,0.4,0.0,105.0,114.0,8.724137931034477,9.0,0,0,121,1_day,1,San Antonio Spurs,37,13,0.3514,1610612759,132,-149,2026-03-05,,home_away_nba_game_day_local,2026-03-10T03:53:38.250640+00:00,0,2025,3.5,-3.5,228.0,False
CHI,123.2,117.3,True,0.4,114.0,107.6,-5.900000000000006,-6.400000000000006,105,1_day,1,Chicago Bulls,28,7,0.25,1610612741,0.0,2026-03-05T00:00:00Z,0022500905,PHX,108.05882352941177,111.26470588235294,True,0.4,0.0,102.4,99.6,3.205882352941174,-2.8000000000000114,0,0,103,1_day,1,Phoenix Suns,46,13,0.2826,1610612756,414,-528,2026-03-05,,home_away_nba_game_day_local,2026-03-10T03:53:38.250640+00:00,0,2025,11.5,-11.5,224.5,False
LAL,114.27272727272727,113.45454545454545,True,0.4,105.8,117.2,-0.818181818181813,11.400000000000006,113,1_day,1,Los Angeles Lakers,31,13,0.4194,1610612747,-0.25,2026-03-05T00:00:00Z,0022500906,DEN,114.9,117.96666666666667,True,0.15,0.0,116.2,115.4,3.066666666666663,-0.7999999999999972,0,0,120,2_days,2,Denver Nuggets,31,14,0.4516,1610612743,166,-190,2026-03-05,,home_away_nba_game_day_local,2026-03-10T03:53:38.250640+00:00,0,2025,5.0,-5.0,240.5,False
NOP,120.15625,112.6875,True,0.4,115.8,115.0,-7.46875,-0.7999999999999972,133,1_day,1,New Orleans Pelicans,34,12,0.3529,1610612740,0.0,2026-03-05T00:00:00Z,0022500907,SAC,118.96875,110.75,True,0.4,0.0,121.0,111.4,-8.21875,-9.599999999999994,0,0,123,1_day,1,Sacramento Kings,31,8,0.2581,1610612758,-175,154,2026-03-05,,home_away_nba_game_day_local,2026-03-10T03:53:38.250640+00:00,0,2025,-4.5,4.5,233.5,False
DAL,117.38709677419355,112.70967741935483,True,1.6,117.2,103.4,-4.677419354838719,-13.799999999999997,100,b2b,0,Dallas Mavericks,35,14,0.4,1610612742,-1.2,2026-03-06T00:00:00Z,0022500908,BOS,107.78125,115.0,True,0.4,0.0,102.2,108.6,7.21875,6.3999999999999915,0,0,120,1_day,1,Boston Celtics,48,16,0.3333,1610612738,683,-979,2026-03-06,,home_away_nba_game_day_local,2026-03-10T03:53:38.250640+00:00,0,2025,15.0,-15.0,222.0,False
MIA,117.0,117.6470588235294,True,1.6,113.0,119.8,0.6470588235294059,6.799999999999997,128,b2b,0,Miami Heat,38,18,0.4737,1610612748,-1.2,2026-03-06T00:00:00Z,0022500909,CHA,112.625,114.03125,True,0.4,0.0,96.0,121.6,1.40625,25.599999999999994,0,0,120,1_day,1,Charlotte Hornets,52,19,0.3654,1610612766,202,-238,2026-03-06,,home_away_nba_game_day_local,2026-03-10T03:53:38.250640+00:00,0,2025,6.0,-6.0,229.0,False
POR,118.6470588235294,113.58823529411765,True,0.4,118.8,111.6,-5.058823529411754,-7.200000000000003,99,1_day,1,Portland Trail Blazers,39,12,0.3077,1610612757,1.2,2026-03-06T00:00:00Z,0022500910,HOU,108.1,114.9,True,1.6,0.0,110.6,116.4,6.800000000000011,5.800000000000011,0,0,106,b2b,0,Houston Rockets,19,5,0.2632,1610612745,210,-248,2026-03-06,,home_away_nba_game_day_local,2026-03-10T03:53:38.250640+00:00,0,2025,6.5,-6.5,221.0,False
NYK,111.71875,115.0625,True,0.4,98.8,109.2,3.34375,10.400000000000006,142,1_day,1,New York Knicks,34,16,0.4706,1610612752,1.2,2026-03-06T00:00:00Z,0022500911,DEN,114.83870967741936,118.03225806451613,True,1.6,0.0,113.2,116.0,3.1935483870967687,2.799999999999997,0,0,103,b2b,0,Denver Nuggets,40,8,0.2,1610612743,-121,105,2026-03-06,,home_away_nba_game_day_local,2026-03-10T03:53:38.250640+00:00,0,2025,0.0,0.0,229.0,False
NOP,120.24242424242425,113.3030303030303,True,1.6,118.6,119.0,-6.939393939393952,0.4000000000000057,116,b2b,0,New Orleans Pelicans,28,10,0.3571,1610612740,0.0,2026-03-06T00:00:00Z,0022500912,PHX,107.97142857142858,111.02857142857142,True,1.6,0.0,101.4,97.6,3.05714285714285,-3.8000000000000114,0,0,118,b2b,0,Phoenix Suns,58,20,0.3448,1610612756,195,-228,2026-03-06,,home_away_nba_game_day_local,2026-03-10T03:53:38.250640+00:00,0,2025,6.0,-6.0,225.0,False
LAC,112.29411764705883,110.88235294117646,True,0.4,106.0,115.6,-1.4117647058823621,9.599999999999994,112,1_day,1,LA Clippers,33,12,0.3636,1610612746,1.2,2026-03-06T00:00:00Z,0022500913,SAS,111.33333333333333,120.26666666666667,True,1.6,0.0,105.6,115.4,8.933333333333337,9.800000000000011,0,0,116,b2b,0,San Antonio Spurs,41,17,0.4146,1610612759,,,2026-03-06,,,,0,2025,,,,False
IND,121.40625,109.09375,True,0.4,131.4,113.2,-12.3125,-18.200000000000003,117,1_day,1,Indiana Pacers,35,8,0.2286,1610612754,1.2,2026-03-06T00:00:00Z,0022500914,LAL,115.82352941176471,116.02941176470588,True,1.6,0.0,107.8,118.0,0.20588235294117396,10.200000000000003,0,0,128,b2b,0,Los Angeles Lakers,37,17,0.4595,1610612747,374,-469,2026-03-06,,home_away_nba_game_day_local,2026-03-10T03:53:38.250640+00:00,0,2025,10.0,-10.0,235.0,False
ORL,114.96774193548387,115.19354838709677,True,0.4,110.2,110.2,0.2258064516128968,0.0,119,1_day,1,Orlando Magic,34,9,0.2647,1610612753,0.0,2026-03-07T00:00:00Z,0022500915,MIN,111.26470588235294,116.0,True,0.4,0.0,106.8,113.4,4.735294117647058,6.6000000000000085,0,0,92,1_day,1,Minnesota Timberwolves,40,9,0.225,1610612750,225,-267,2026-03-07,,home_away_nba_game_day_local,2026-03-10T03:53:38.250640+00:00,0,2025,7.0,-7.0,226.0,False
BKN,116.26470588235294,103.8529411764706,True,0.4,126.0,106.2,-12.411764705882348,-19.799999999999997,107,1_day,1,Brooklyn Nets,30,10,0.3333,1610612751,0.0,2026-03-07T00:00:00Z,0022500916,DET,107.03125,117.53125,True,0.4,0.0,112.2,113.4,10.5,1.2000000000000028,0,0,105,1_day,1,Detroit Pistons,26,10,0.3846,1610612765,644,-906,2026-03-07,,home_away_nba_game_day_local,2026-03-10T03:53:38.250640+00:00,0,2025,14.0,-14.0,215.0,False
PHI,114.13333333333334,115.96666666666667,True,0.15,115.6,110.8,1.8333333333333286,-4.799999999999997,116,2_days,2,Philadelphia 76ers,26,10,0.3846,1610612755,0.0,2026-03-07T00:00:00Z,0022500917,ATL,117.09375,116.375,True,0.15,0.0,102.4,125.2,-0.71875,22.799999999999997,0,0,125,2_days,2,Atlanta Hawks,32,13,0.4062,1610612737,214,-253,2026-03-07,,home_away_nba_game_day_local,2026-03-10T03:53:38.250640+00:00,0,2025,5.5,-5.5,234.0,False
LAC,112.4,110.91428571428571,True,1.6,107.0,116.2,-1.4857142857142946,9.200000000000003,123,b2b,0,LA Clippers,17,4,0.2353,1610612746,-1.45,2026-03-07T00:00:00Z,0022500918,MEM,118.15151515151516,116.42424242424242,True,0.15,0.0,116.6,117.0,-1.7272727272727337,0.4000000000000057,0,0,120,2_days,2,Memphis Grizzlies,43,16,0.3721,1610612763,,,2026-03-07,,,,0,2025,,,,False
UTA,123.66666666666667,115.0,True,0.4,118.0,114.4,-8.666666666666671,-3.5999999999999943,99,1_day,1,Utah Jazz,49,12,0.2449,1610612762,-0.25,2026-03-07T00:00:00Z,0022500919,MIL,117.53125,114.21875,True,0.15,0.0,120.4,101.4,-3.3125,-19.0,0,0,113,2_days,2,Milwaukee Bucks,44,15,0.3409,1610612749,350,-435,2026-03-07,,home_away_nba_game_day_local,2026-03-10T03:53:38.250640+00:00,0,2025,10.5,-10.5,236.0,False
GSW,113.59375,113.0,True,0.4,116.2,111.8,-0.59375,-4.400000000000006,97,1_day,1,Golden State Warriors,45,14,0.3111,1610612744,-0.25,2026-03-07T00:00:00Z,0022500920,OKC,106.6470588235294,118.02941176470588,True,0.15,0.0,108.0,112.4,11.382352941176478,4.400000000000006,0,0,104,2_days,2,Oklahoma City Thunder,42,15,0.3571,1610612760,603,-834,2026-03-07,,home_away_nba_game_day_local,2026-03-10T03:53:38.250640+00:00,0,2025,15.0,-15.0,220.5,False
BOS,106.41176470588235,114.41176470588235,True,0.4,101.6,115.8,8.0,14.200000000000003,109,1_day,1,Boston Celtics,38,15,0.3947,1610612738,-0.4,2026-03-08T00:00:00Z,0022500921,CLE,113.47058823529412,118.55882352941177,False,0.0,0.0,109.0,112.6,5.088235294117652,3.5999999999999943,0,0,98,3_plus_days,4,Cleveland Cavaliers,45,13,0.2889,1610612739,-113,-103,2026-03-08,,home_away_nba_game_day_local,2026-03-10T03:53:38.250640+00:00,0,2025,1.0,-1.0,224.5,False
NYK,111.45454545454545,115.87878787878788,True,0.4,97.6,118.8,4.424242424242422,21.200000000000003,97,1_day,1,New York Knicks,34,8,0.2353,1610612752,0.0,2026-03-08T00:00:00Z,0022500922,LAL,115.85714285714286,116.37142857142857,True,0.4,0.0,108.6,121.6,0.5142857142857054,13.0,0,0,110,1_day,1,Los Angeles Lakers,44,15,0.3409,1610612747,-146,129,2026-03-08,,home_away_nba_game_day_local,2026-03-10T03:53:38.250640+00:00,0,2025,-3.5,3.5,227.0,False
DET,112.36363636363636,116.15151515151516,True,1.6,110.4,109.6,3.787878787878796,-0.8000000000000114,110,b2b,0,Detroit Pistons,37,11,0.2973,1610612765,-1.2,2026-03-08T00:00:00Z,0022500923,MIA,116.77142857142857,120.71428571428571,True,0.4,0.0,111.4,122.0,3.942857142857136,10.599999999999994,0,0,121,1_day,1,Miami Heat,33,12,0.3636,1610612748,-118,102,2026-03-08,,home_away_nba_game_day_local,2026-03-10T03:53:38.250640+00:00,0,2025,-2.0,2.0,228.0,False
DAL,117.46875,112.3125,True,0.4,115.2,99.2,-5.15625,-16.0,92,1_day,1,Dallas Mavericks,30,5,0.1667,1610612742,-0.25,2026-03-08T00:00:00Z,0022500924,TOR,112.4,112.6,True,0.15,0.0,115.4,110.0,0.19999999999998863,-5.400000000000006,0,0,122,2_days,2,Toronto Raptors,36,10,0.2778,1610612761,340,-420,2026-03-08,,home_away_nba_game_day_local,2026-03-10T03:53:38.250640+00:00,0,2025,9.5,-9.5,227.0,False
WAS,122.2258064516129,109.96774193548387,True,0.15,126.2,112.0,-12.258064516129025,-14.200000000000003,118,2_days,2,Washington Wizards,42,14,0.3333,1610612764,0.25,2026-03-08T00:00:00Z,0022500925,NOP,120.87878787878788,117.66666666666667,True,0.4,0.0,118.6,116.4,-3.212121212121204,-2.1999999999999886,0,0,138,1_day,1,New Orleans Pelicans,23,7,0.3043,1610612740,340,-420,2026-03-08,,home_away_nba_game_day_local,2026-03-10T03:53:38.250640+00:00,0,2025,9.0,-9.0,241.5,False
ORL,114.25,115.3125,True,1.6,106.8,112.0,1.0625,5.200000000000003,130,b2b,0,Orlando Magic,33,14,0.4242,1610612753,0.0,2026-03-08T00:00:00Z,0022500926,MIL,116.96969696969697,114.18181818181819,True,1.6,0.0,117.0,100.4,-2.787878787878782,-16.599999999999994,0,0,91,b2b,0,Milwaukee Bucks,44,13,0.2955,1610612749,-160,141,2026-03-08,,home_away_nba_game_day_local,2026-03-10T03:53:38.250640+00:00,0,2025,-4.0,4.0,221.5,False
HOU,111.91428571428571,116.34285714285714,True,0.4,111.0,112.0,4.428571428571431,1.0,120,1_day,1,Houston Rockets,28,8,0.2857,1610612745,0.0,2026-03-08T00:00:00Z,0022500927,SAS,111.35483870967742,120.12903225806451,True,0.4,0.0,106.6,116.6,8.774193548387089,10.0,0,0,145,1_day,1,San Antonio Spurs,40,21,0.525,1610612759,175,-200,2026-03-08,,home_away_nba_game_day_local,2026-03-10T03:53:38.250640+00:00,0,2025,4.5,-4.5,223.5,False
CHA,113.11111111111111,118.55555555555556,True,0.4,101.8,119.4,5.444444444444443,17.60000000000001,99,1_day,1,Charlotte Hornets,45,15,0.3333,1610612766,0.0,2026-03-08T00:00:00Z,0022500928,PHX,108.19444444444444,111.22222222222223,True,0.4,0.0,106.2,105.8,3.0277777777777857,-0.4000000000000057,0,0,111,1_day,1,Phoenix Suns,41,16,0.3902,1610612756,-190,166,2026-03-08,,home_away_nba_game_day_local,2026-03-10T03:53:38.250640+00:00,0,2025,-3.5,3.5,219.0,False
IND,121.60606060606061,109.33333333333333,True,0.4,130.2,110.6,-12.27272727272728,-19.599999999999994,111,1_day,1,Indiana Pacers,42,14,0.3333,1610612754,0.0,2026-03-08T00:00:00Z,0022500929,POR,118.78787878787878,117.93939393939394,True,0.4,0.0,115.2,107.2,-0.8484848484848442,-8.0,0,0,131,1_day,1,Portland Trail Blazers,41,15,0.3659,1610612757,311,-380,2026-03-08,,home_away_nba_game_day_local,2026-03-10T03:53:38.250640+00:00,0,2025,8.5,-8.5,237.5,False
CHI,122.54838709677419,116.90322580645162,True,0.15,113.6,108.8,-5.6451612903225765,-4.799999999999997,110,2_days,2,Chicago Bulls,45,17,0.3778,1610612741,0.0,2026-03-08T00:00:00Z,0022500930,SAC,119.39393939393939,111.12121212121212,True,0.15,0.0,124.8,111.4,-8.272727272727266,-13.399999999999991,0,0,126,2_days,2,Sacramento Kings,29,11,0.3793,1610612758,142,-184,2026-03-08,,home_away_nba_game_day_local,2026-03-10T03:53:38.250640+00:00,0,2025,3.5,-3.5,242.5,False
PHI,114.48387096774194,115.96774193548387,True,0.4,117.8,107.0,1.483870967741936,-10.799999999999997,101,1_day,1,Philadelphia 76ers,38,11,0.2895,1610612755,1.2,2026-03-09T00:00:00Z,0022500931,CLE,113.34285714285714,117.97142857142858,True,1.6,0.0,112.0,110.4,4.628571428571433,-1.5999999999999943,0,0,115,b2b,0,Cleveland Cavaliers,44,16,0.3636,1610612739,423,-542,2026-03-09,,home_away_nba_game_day_local,2026-03-10T03:53:38.250640+00:00,0,2025,12.0,-12.0,226.0,False
MEM,118.9090909090909,115.06060606060606,True,0.4,114.6,118.6,-3.848484848484844,4.0,115,1_day,1,Memphis Grizzlies,35,14,0.4,1610612763,0.0,2026-03-09T00:00:00Z,0022500932,BKN,115.58064516129032,111.16129032258064,True,0.4,0.0,121.8,105.6,-4.41935483870968,-16.200000000000003,0,0,126,1_day,1,Brooklyn Nets,33,17,0.5152,1610612751,-113,-103,2026-03-09,,home_away_nba_game_day_local,2026-03-10T03:53:38.250640+00:00,0,2025,0.0,0.0,223.0,False
DEN,115.94594594594595,120.91891891891892,True,0.15,124.8,116.0,4.972972972972968,-8.799999999999997,126,2_days,2,Denver Nuggets,37,15,0.4054,1610612743,0.25,2026-03-09T00:00:00Z,0022500933,OKC,106.37142857142857,117.62857142857143,True,0.4,0.0,102.6,110.0,11.257142857142867,7.400000000000006,0,0,129,1_day,1,Oklahoma City Thunder,47,19,0.4043,1610612760,229,-272,2026-03-09,,home_away_nba_game_day_local,2026-03-10T03:53:38.250640+00:00,0,2025,7.5,-7.5,231.0,False
GSW,113.3030303030303,112.51515151515152,True,0.4,114.4,109.4,-0.7878787878787818,-5.0,116,1_day,1,Golden State Warriors,52,16,0.3077,1610612744,0.0,2026-03-09T00:00:00Z,0022500934,UTA,127.23529411764706,120.8529411764706,True,0.4,0.0,114.8,110.6,-6.382352941176464,-4.200000000000003,0,0,119,1_day,1,Utah Jazz,34,12,0.3529,1610612762,-223,191,2026-03-09,,home_away_nba_game_day_local,2026-03-10T03:53:38.250640+00:00,0,2025,-5.0,5.0,229.0,False
NYK,111.41176470588235,115.32352941176471,True,1.6,100.0,112.8,3.911764705882362,12.799999999999997,118,b2b,0,New York Knicks,40,14,0.35,1610612752,-1.2,2026-03-09T00:00:00Z,0022500935,LAC,110.43333333333334,113.23333333333333,True,0.4,0.0,112.2,123.2,2.799999999999997,11.0,0,0,126,1_day,1,LA Clippers,39,18,0.4615,1610612746,,,2026-03-09,,,,0,2025,,,,False
MEM,119.11764705882354,115.05882352941177,True,1.6,118.8,116.8,-4.058823529411768,-2.0,129,b2b,0,Memphis Grizzlies,43,17,0.3953,1610612763,0.0,2026-03-10T00:00:00Z,0022500936,PHI,117.05555555555556,114.25,True,1.6,0.0,117.4,102.4,-2.805555555555557,-15.0,0,0,139,b2b,0,Philadelphia 76ers,31,11,0.3548,1610612755,171,-195,2026-03-10,,home_away_nba_game_day_local,2026-03-10T05:24:56.357141+00:00,0,2025,5.0,-5.0,229.5,False
DET,112.61764705882354,115.97058823529412,True,0.4,110.8,107.2,3.35294117647058,-3.5999999999999943,138,1_day,1,Detroit Pistons,32,16,0.5,1610612765,1.2,2026-03-10T00:00:00Z,0022500937,BKN,115.5625,111.625,True,1.6,0.0,115.2,108.6,-3.9375,-6.6000000000000085,0,0,100,b2b,0,Brooklyn Nets,38,13,0.3421,1610612751,-931,657,2026-03-10,,home_away_nba_game_day_local,2026-03-10T05:24:56.357141+00:00,0,2025,-14.5,14.5,217.0,False
WAS,122.71875,110.21875,True,0.4,128.6,116.4,-12.5,-12.199999999999989,129,1_day,1,Washington Wizards,36,15,0.4167,1610612764,0.0,2026-03-10T00:00:00Z,0022500938,MIA,116.58333333333333,120.72222222222223,True,0.4,0.0,108.6,122.8,4.1388888888889,14.200000000000003,0,0,150,1_day,1,Miami Heat,43,13,0.3023,1610612748,683,-979,2026-03-10,,home_away_nba_game_day_local,2026-03-10T05:24:56.357141+00:00,0,2025,15.0,-15.0,242.5,False
DAL,117.60606060606061,111.6969696969697,True,0.4,114.8,96.6,-5.9090909090909065,-18.200000000000003,112,1_day,1,Dallas Mavericks,32,13,0.4062,1610612742,-0.25,2026-03-10T00:00:00Z,0022500939,ATL,117.06060606060606,116.63636363636364,True,0.15,0.0,104.8,127.2,-0.4242424242424221,22.400000000000006,0,0,124,2_days,2,Atlanta Hawks,36,14,0.3889,1610612737,308,-376,2026-03-10,,home_away_nba_game_day_local,2026-03-10T05:24:56.357141+00:00,0,2025,9.0,-9.0,238.5,False
TOR,111.72727272727273,114.66666666666667,True,0.4,110.6,113.0,2.9393939393939377,2.4000000000000057,99,1_day,1,Toronto Raptors,36,9,0.25,1610612761,0.0,2026-03-10T00:00:00Z,0022500940,HOU,107.80645161290323,114.61290322580645,True,0.4,0.0,118.4,113.4,6.806451612903217,-5.0,0,0,113,1_day,1,Houston Rockets,24,10,0.4167,1610612745,175,-200,2026-03-10,,home_away_nba_game_day_local,2026-03-10T05:24:56.357141+00:00,0,2025,4.5,-4.5,218.0,False
PHX,113.96774193548387,113.38709677419355,True,0.4,106.6,111.8,-0.5806451612903203,5.200000000000003,129,1_day,1,Phoenix Suns,51,24,0.4706,1610612756,0.0,2026-03-10T00:00:00Z,0022500941,MIL,117.3529411764706,113.5,True,0.4,0.0,117.6,99.0,-3.852941176470594,-18.599999999999994,0,0,114,1_day,1,Milwaukee Bucks,38,16,0.4211,1610612749,-128,112,2026-03-10,,home_away_nba_game_day_local,2026-03-10T05:24:56.357141+00:00,0,2025,-2.0,2.0,217.0,False
BOS,106.17142857142858,114.25714285714285,True,0.4,99.0,108.0,8.085714285714275,9.0,116,1_day,1,Boston Celtics,51,19,0.3725,1610612738,0.0,2026-03-10T00:00:00Z,0022500942,SAS,111.625,120.90625,True,0.4,0.0,108.6,120.4,9.28125,11.800000000000011,0,0,125,1_day,1,San Antonio Spurs,47,20,0.4255,1610612759,127,-144,2026-03-10,,home_away_nba_game_day_local,2026-03-10T05:24:56.357141+00:00,0,2025,3.5,-3.5,222.0,False
CHI,122.65625,116.6875,True,0.75,112.6,111.0,-5.96875,-1.5999999999999943,130,1_day,1,Chicago Bulls,47,15,0.3191,1610612741,1.2,2026-03-10T00:00:00Z,0022500943,GSW,114.45714285714286,117.48571428571428,True,1.95,0.0,115.8,106.0,3.028571428571425,-9.799999999999997,0,0,124,b2b,0,Golden State Warriors,54,20,0.3704,1610612744,198,-232,2026-03-10,,home_away_nba_game_day_local,2026-03-10T05:24:56.357141+00:00,5,2025,6.5,-6.5,227.5,True
CHA,113.05405405405405,118.02702702702703,True,0.4,102.2,112.6,4.972972972972983,10.399999999999991,103,1_day,1,Charlotte Hornets,38,14,0.3684,1610612766,0.0,2026-03-10T00:00:00Z,0022500944,POR,118.55882352941177,118.32352941176471,True,0.4,0.0,115.0,109.2,-0.235294117647058,-5.799999999999997,0,0,101,1_day,1,Portland Trail Blazers,42,16,0.381,1610612757,-147,130,2026-03-10,,home_away_nba_game_day_local,2026-03-10T05:24:56.357141+00:00,0,2025,-3.0,3.0,227.0,False
IND,121.88235294117646,109.38235294117646,True,0.4,129.4,110.0,-12.5,-19.400000000000006,109,1_day,1,Indiana Pacers,43,13,0.3023,1610612754,0.0,2026-03-10T00:00:00Z,0022500945,SAC,119.11764705882354,111.55882352941177,True,0.4,0.0,121.2,117.2,-7.558823529411768,-4.0,0,0,114,1_day,1,Sacramento Kings,20,7,0.35,1610612758,150,-170,2026-03-10,,home_away_nba_game_day_local,2026-03-10T05:24:56.357141+00:00,0,2025,4.0,-4.0,236.0,False
MIN,118.41176470588235,121.76470588235294,True,0.15,106.4,107.0,3.352941176470594,0.5999999999999943,106,2_days,2,Minnesota Timberwolves,40,10,0.25,1610612750,0.25,2026-03-10T00:00:00Z,0022500946,LAL,115.33333333333333,116.19444444444444,True,0.4,0.0,107.8,117.8,0.8611111111111143,10.0,0,0,120,1_day,1,Los Angeles Lakers,38,11,0.2895,1610612747,-131,115,2026-03-10,,home_away_nba_game_day_local,2026-03-10T05:24:56.357141+00:00,0,2025,-2.0,2.0,234.0,False
CLE,116.81818181818181,119.03030303030303,True,0.4,108.6,110.2,2.212121212121218,1.6000000000000085,122,1_day,1,Cleveland Cavaliers,44,17,0.3864,1610612739,-0.25,2026-03-11T00:00:00Z,0022500947,ORL,113.41176470588235,115.76470588235294,True,0.15,1.9328,102.4,116.4,2.352941176470594,14.0,3,0,128,2_days,2,Orlando Magic,35,12,0.3429,1610612753,-155,136,2026-03-11,2b7e07f92609e7a5ad0edcfe650d99e8,home_away_nba_game_day_local,2026-03-11T22:55:03.813661+00:00,0,2025,-3.5,3.5,226.0,False
TOR,111.76470588235294,114.20588235294117,True,1.6,111.2,111.4,2.441176470588232,0.20000000000000284,111,b2b,0,Toronto Raptors,44,14,0.3182,1610612761,-1.45,2026-03-11T00:00:00Z,0022500948,NOP,120.79411764705883,118.26470588235294,True,0.15,0.7356,121.2,121.0,-2.529411764705884,-0.20000000000000284,1,0,122,2_days,2,New Orleans Pelicans,29,14,0.4828,1610612740,-138,122,2026-03-11,f017158f6d19c234ca36c9f4158a2dd7,home_away_nba_game_day_local,2026-03-11T22:55:03.813661+00:00,0,2025,-2.5,2.5,235.0,False
NYK,111.82857142857142,115.4,True,0.4,107.4,113.6,3.5714285714285836,6.199999999999989,134,1_day,1,New York Knicks,40,17,0.425,1610612752,0.0,2026-03-11T00:00:00Z,0022500949,UTA,126.91428571428571,120.8,True,0.4,2.2452,115.0,113.4,-6.114285714285714,-1.5999999999999943,4,0,117,1_day,1,Utah Jazz,36,18,0.5,1610612762,-979,683,2026-03-11,6df2d79d5f33a116e65cebdf6b58df62,home_away_nba_game_day_local,2026-03-11T22:55:03.813661+00:00,0,2025,-14.0,14.0,230.5,False
HOU,112.83333333333333,116.44444444444444,True,1.6,115.2,115.0,3.6111111111111143,-0.20000000000000284,93,b2b,0,Houston Rockets,33,4,0.1212,1610612745,-1.2,2026-03-11T00:00:00Z,0022500950,DEN,115.6875,117.5625,True,0.4,0.0,125.2,117.0,1.875,-8.200000000000003,1,0,129,1_day,1,Denver Nuggets,32,17,0.5312,1610612743,214,-253,2026-03-11,dc635f9b3f854e9881597341b126a1ff,home_away_nba_game_day_local,2026-03-12T01:18:08.107975+00:00,0,2025,7.0,-7.0,231.0,False
CHA,112.73684210526316,117.63157894736842,True,1.6,103.8,111.4,4.89473684210526,7.6000000000000085,117,b2b,0,Charlotte Hornets,40,19,0.475,1610612766,0.0,2026-03-11T00:00:00Z,0022500951,SAC,118.82857142857142,111.62857142857143,True,1.6,3.3065,118.8,114.0,-7.199999999999989,-4.799999999999997,5,0,109,b2b,0,Sacramento Kings,25,8,0.32,1610612758,-834,603,2026-03-11,9456ca1700b88516e897b6814de3681c,home_away_nba_game_day_local,2026-03-12T01:18:08.107975+00:00,0,2025,-14.0,14.0,224.5,False
MIN,118.45714285714286,121.31428571428572,True,1.6,112.8,109.4,2.857142857142861,-3.3999999999999915,128,b2b,0,Minnesota Timberwolves,25,11,0.44,1610612750,-1.2,2026-03-11T00:00:00Z,0022500952,LAC,110.6774193548387,113.64516129032258,True,0.4,0.699,112.4,121.0,2.967741935483872,8.599999999999994,3,0,153,1_day,1,LA Clippers,37,19,0.5135,1610612746,,,2026-03-11,,,,0,2025,,,,False
PHI,114.5,115.5,True,0.4,120.4,110.6,1.0,-9.800000000000011,109,1_day,1,Philadelphia 76ers,35,8,0.2286,1610612755,0.0,2026-03-12T00:00:00Z,0022500953,DET,107.03030303030303,117.15151515151516,True,0.4,0.9433,112.4,113.6,10.121212121212125,1.1999999999999886,1,0,131,1_day,1,Detroit Pistons,35,14,0.4,1610612765,781,-1174,2026-03-12,05abd26b6e3a0a9e4317e3948c06a097,home_away_nba_game_day_local,2026-03-12T19:41:19.512156+00:00,0,2025,15.5,-15.5,222.0,False
PHX,113.96875,113.875,True,0.4,107.4,115.0,-0.09375,7.599999999999994,123,1_day,1,Phoenix Suns,32,13,0.4062,1610612756,0.0,2026-03-12T00:00:00Z,0022500954,IND,118.52941176470588,113.94117647058823,True,0.4,1.3804,125.6,110.0,-4.588235294117652,-15.599999999999994,3,0,108,1_day,1,Indiana Pacers,40,12,0.3,1610612754,-405,329,2026-03-12,934acadeb7fcd3d3c1d79fd8b324040c,home_away_nba_game_day_local,2026-03-12T19:41:19.512156+00:00,0,2025,-8.5,8.5,223.5,False
WAS,123.54545454545455,110.78787878787878,True,0.4,131.8,117.2,-12.757575757575765,-14.600000000000009,131,1_day,1,Washington Wizards,46,14,0.3043,1610612764,1.2,2026-03-12T00:00:00Z,0022500955,ORL,113.65714285714286,116.11428571428571,True,1.6,1.9328,105.6,123.6,2.4571428571428555,18.0,2,0,136,b2b,0,Orlando Magic,34,15,0.4412,1610612753,665,-946,2026-03-12,cd2e1d8b7576bcfeb478f6e35d9b3981,home_away_nba_game_day_local,2026-03-12T19:41:19.512156+00:00,0,2025,14.0,-14.0,234.0,False
BKN,115.94285714285714,103.94285714285714,True,0.4,121.6,108.2,-12.0,-13.399999999999991,97,1_day,1,Brooklyn Nets,35,12,0.3429,1610612751,0.0,2026-03-12T00:00:00Z,0022500956,ATL,116.91176470588235,116.8529411764706,True,0.4,0.8589,107.6,128.2,-0.05882352941175384,20.599999999999994,1,0,108,1_day,1,Atlanta Hawks,40,12,0.3,1610612737,708,-1028,2026-03-12,262c75be6af3afb9a3e942e061ca61b4,home_away_nba_game_day_local,2026-03-12T19:41:19.512156+00:00,0,2025,15.5,-15.5,226.0,False
MIL,113.45454545454545,109.0,True,0.4,119.4,102.4,-4.454545454545453,-17.0,105,1_day,1,Milwaukee Bucks,26,9,0.3462,1610612749,0.0,2026-03-12T00:00:00Z,0022500957,MIA,116.91891891891892,121.51351351351352,True,0.4,1.9741,113.4,129.8,4.5945945945945965,16.400000000000006,4,0,112,1_day,1,Miami Heat,41,14,0.3415,1610612748,210,-248,2026-03-12,4c710b46284886c35732575897017b19,home_away_nba_game_day_local,2026-03-12T19:41:19.512156+00:00,0,2025,6.5,-6.5,234.5,False
DEN,116.28947368421052,121.05263157894737,True,1.6,120.4,121.2,4.76315789473685,0.7999999999999972,136,b2b,0,Denver Nuggets,36,12,0.3333,1610612743,-1.2,2026-03-12T00:00:00Z,0022500958,SAS,111.75757575757575,121.03030303030303,True,0.4,0.4719,109.0,127.6,9.27272727272728,18.599999999999994,2,0,131,1_day,1,San Antonio Spurs,47,19,0.4043,1610612759,166,-190,2026-03-12,bb77f1e69f95b7403a2ab81b5bcc7a2d,home_away_nba_game_day_local,2026-03-12T19:41:19.512156+00:00,0,2025,4.5,-4.5,240.5,False
BOS,106.69444444444444,114.30555555555556,True,0.4,104.4,108.4,7.611111111111114,4.0,102,1_day,1,Boston Celtics,42,13,0.3095,1610612738,-0.25,2026-03-12T00:00:00Z,0022500959,OKC,106.91666666666667,117.94444444444444,True,0.15,2.0661,103.6,110.4,11.027777777777771,6.800000000000011,4,0,104,2_days,2,Oklahoma City Thunder,44,11,0.25,1610612760,237,-282,2026-03-12,54729c42f16b535d7db5602607b652cb,home_away_nba_game_day_local,2026-03-12T19:41:19.512156+00:00,0,2025,7.5,-7.5,216.0,False
CHI,122.6969696969697,117.0909090909091,True,0.4,113.2,114.6,-5.606060606060609,1.3999999999999915,130,1_day,1,Chicago Bulls,36,15,0.4167,1610612741,0.0,2026-03-12T00:00:00Z,0022500960,LAL,115.08108108108108,116.29729729729729,True,0.4,1.2566,108.2,116.2,1.2162162162162105,8.0,1,0,142,1_day,1,Los Angeles Lakers,36,17,0.4722,1610612747,456,-591,2026-03-12,4aee4f2701274412ad8157cdfea22caf,home_away_nba_game_day_local,2026-03-13T01:53:02.368955+00:00,0,2025,11.5,-11.5,239.5,False
DAL,117.79411764705883,111.70588235294117,True,0.4,119.6,101.6,-6.088235294117652,-18.0,120,1_day,1,Dallas Mavericks,32,11,0.3438,1610612742,0.0,2026-03-12T00:00:00Z,0022501111,MEM,118.29411764705883,116.52941176470588,True,0.4,2.9928,125.4,117.6,-1.764705882352942,-7.800000000000011,7,0,112,1_day,1,Memphis Grizzlies,48,14,0.2917,1610612763,-195,171,2026-03-12,8139b5bfd0d6cb35977cd039afbbbc06,home_away_nba_game_day_local,2026-03-12T19:41:19.512156+00:00,0,2025,-5.0,5.0,238.0,False
MEM,119.68571428571428,115.45714285714286,True,1.6,126.0,118.0,-4.228571428571428,-8.0,110,b2b,0,Memphis Grizzlies,41,15,0.3659,1610612763,0.0,2026-03-13T00:00:00Z,0022500961,DET,107.08823529411765,117.55882352941177,True,1.6,1.7286,111.6,118.0,10.470588235294116,6.400000000000006,3,0,126,b2b,0,Detroit Pistons,35,12,0.3429,1610612765,872,-1365,2026-03-13,9f90f0cfcf3b921f77ede1f83724a96f,home_away_nba_game_day_local,2026-03-13T22:32:00.169112+00:00,0,2025,15.5,-15.5,234.0,False
NYK,111.97222222222223,115.91666666666667,True,0.4,111.8,118.2,3.944444444444443,6.400000000000006,101,1_day,1,New York Knicks,28,8,0.2857,1610612752,1.2,2026-03-13T00:00:00Z,0022500962,IND,118.65714285714286,113.77142857142857,True,1.6,3.2186,125.2,110.4,-4.885714285714286,-14.799999999999997,7,0,92,b2b,0,Indiana Pacers,38,10,0.2632,1610612754,-650,493,2026-03-13,aef5ba1e4c95ece8672f8bb0672fe17d,home_away_nba_game_day_local,2026-03-13T22:32:00.169112+00:00,0,2025,-12.5,12.5,227.5,False
PHX,113.78787878787878,114.15151515151516,True,1.6,108.4,116.8,0.36363636363637397,8.399999999999991,115,b2b,0,Phoenix Suns,42,18,0.4286,1610612756,-1.2,2026-03-13T00:00:00Z,0022500963,TOR,111.83333333333333,112.86111111111111,True,0.4,1.2425,110.6,106.8,1.0277777777777857,-3.799999999999997,2,0,122,1_day,1,Toronto Raptors,27,14,0.5185,1610612761,173,-197,2026-03-13,9d9b5899c3a11e2fb35194811631cd40,home_away_nba_game_day_local,2026-03-13T22:32:00.169112+00:00,0,2025,5.5,-5.5,219.0,False
NOP,120.17647058823529,113.38235294117646,True,0.4,116.0,122.0,-6.794117647058826,6.0,105,1_day,1,New Orleans Pelicans,32,13,0.4062,1610612740,0.0,2026-03-13T00:00:00Z,0022500964,HOU,107.53125,114.5625,True,0.4,0.1746,117.4,109.0,7.03125,-8.400000000000006,3,0,107,1_day,1,Houston Rockets,41,14,0.3415,1610612745,191,-223,2026-03-13,8d4b91d706b4ca4f3b81cc33346b3d14,home_away_nba_game_day_local,2026-03-13T22:32:00.169112+00:00,0,2025,6.0,-6.0,230.0,False
CLE,117.1470588235294,119.11764705882354,True,0.4,109.8,110.8,1.9705882352941302,1.0,138,1_day,1,Cleveland Cavaliers,38,18,0.4737,1610612739,1.2,2026-03-13T00:00:00Z,0022500965,DAL,115.91428571428571,114.31428571428572,True,1.6,0.5722,118.6,107.6,-1.5999999999999943,-11.0,3,0,105,b2b,0,Dallas Mavericks,33,9,0.2727,1610612742,-713,533,2026-03-13,fff92660471a227787e69030342c161a,home_away_nba_game_day_local,2026-03-13T22:32:00.169112+00:00,0,2025,-13.5,13.5,237.5,False
MIN,119.41666666666667,121.5,True,0.4,121.8,111.6,2.0833333333333286,-10.200000000000003,127,1_day,1,Minnesota Timberwolves,30,12,0.4,1610612750,-0.25,2026-03-13T00:00:00Z,0022500966,GSW,114.88888888888889,117.66666666666667,True,0.15,3.0852,116.0,110.6,2.7777777777777857,-5.400000000000006,3,0,117,2_days,2,Golden State Warriors,48,15,0.3125,1610612744,-204,179,2026-03-13,8f70af8b76f27c4f0a7a6957464edf9d,home_away_nba_game_day_local,2026-03-14T00:44:31.314354+00:00,0,2025,-5.5,5.5,223.5,False
UTA,123.3529411764706,114.52941176470588,True,0.4,116.2,111.8,-8.82352941176471,-4.400000000000006,114,1_day,1,Utah Jazz,30,13,0.4333,1610612762,-0.25,2026-03-13T00:00:00Z,0022500967,POR,118.11428571428571,117.82857142857142,True,0.15,0.4432,113.8,110.8,-0.2857142857142918,-3.0,2,0,124,2_days,2,Portland Trail Blazers,46,17,0.3696,1610612757,781,-1174,2026-03-13,d935250226e658edb6e7a0f1eaf4edea,home_away_nba_game_day_local,2026-03-14T00:44:31.314354+00:00,0,2025,15.5,-15.5,234.5,False
CHI,123.26470588235294,117.47058823529412,True,1.6,122.2,116.6,-5.794117647058826,-5.6000000000000085,108,b2b,0,Chicago Bulls,41,12,0.2927,1610612741,-1.2,2026-03-13T00:00:00Z,0022500968,LAC,111.21875,114.875,True,0.4,1.8525,117.8,128.8,3.65625,11.000000000000014,4,0,119,1_day,1,LA Clippers,32,9,0.2812,1610612746,,,2026-03-13,,,,0,2025,,,,False
BKN,115.72222222222223,103.75,True,0.4,118.4,108.0,-11.972222222222229,-10.400000000000006,97,1_day,1,Brooklyn Nets,43,15,0.3488,1610612751,0.0,2026-03-14T00:00:00Z,0022500969,PHI,117.37837837837837,114.91891891891892,True,0.4,3.5054,120.4,114.2,-2.4594594594594525,-6.200000000000003,4,0,104,1_day,1,Philadelphia 76ers,25,3,0.12,1610612755,900,-2500,2026-03-14,12c0f198cfa33b284457ae31066ace94,home_away_nba_game_day_local,2026-03-14T17:45:05.861675+00:00,0,2025,16.5,-16.5,202.5,False
MIL,113.41176470588235,108.88235294117646,True,0.4,120.2,107.2,-4.529411764705884,-13.0,99,1_day,1,Milwaukee Bucks,37,12,0.3243,1610612749,0.0,2026-03-14T00:00:00Z,0022500970,ATL,116.34285714285714,116.6,True,0.4,0.8589,107.8,124.6,0.2571428571428527,16.799999999999997,1,0,122,1_day,1,Atlanta Hawks,38,14,0.3684,1610612737,390,-493,2026-03-14,67fd3c76881fc3018d06f51684b04db5,home_away_nba_game_day_local,2026-03-14T17:45:05.861675+00:00,0,2025,11.0,-11.0,226.5,False
WAS,123.91176470588235,111.38235294117646,True,0.4,134.4,119.8,-12.529411764705884,-14.600000000000009,100,1_day,1,Washington Wizards,39,15,0.3846,1610612764,0.0,2026-03-14T00:00:00Z,0022500971,BOS,107.54545454545455,115.15151515151516,True,0.4,0.0,109.0,107.2,7.606060606060609,-1.7999999999999972,1,0,111,1_day,1,Boston Celtics,46,12,0.2609,1610612738,1223,-2553,2026-03-14,99121dd3b759ee039a7172119402defe,home_away_nba_game_day_local,2026-03-14T17:45:05.861675+00:00,0,2025,20.0,-20.0,232.5,False
ORL,113.54545454545455,115.75757575757575,True,0.4,110.0,125.6,2.212121212121204,15.599999999999994,121,1_day,1,Orlando Magic,32,10,0.3125,1610612753,0.0,2026-03-14T00:00:00Z,0022500972,MIA,116.60526315789474,121.26315789473684,True,0.4,1.9741,114.8,127.4,4.6578947368420955,12.600000000000009,4,0,117,1_day,1,Miami Heat,38,12,0.3158,1610612748,162,-185,2026-03-14,b356eed95fac84c751e3a07a9b013bdb,home_away_nba_game_day_local,2026-03-14T17:45:05.861675+00:00,0,2025,4.5,-4.5,237.0,False
CHA,112.64102564102564,117.61538461538461,True,0.15,107.6,111.4,4.974358974358978,3.8000000000000114,102,2_days,2,Charlotte Hornets,54,18,0.3333,1610612766,0.25,2026-03-14T00:00:00Z,0022500973,SAS,112.47058823529412,121.32352941176471,True,0.4,0.0,118.0,127.6,8.852941176470594,9.599999999999994,1,0,115,1_day,1,San Antonio Spurs,33,11,0.3333,1610612759,158,-180,2026-03-14,385c8f2c3153a39f3b1864e324132599,home_away_nba_game_day_local,2026-03-14T17:45:05.861675+00:00,0,2025,4.5,-4.5,230.5,False
DEN,116.66666666666667,121.43589743589743,True,0.4,121.6,122.8,4.769230769230759,1.2000000000000028,125,1_day,1,Denver Nuggets,49,19,0.3878,1610612743,0.0,2026-03-14T00:00:00Z,0022500974,LAL,115.47368421052632,116.97368421052632,True,0.4,0.1266,114.0,122.6,1.5,8.599999999999994,1,0,127,1_day,1,Los Angeles Lakers,42,14,0.3333,1610612747,-136,120,2026-03-14,5b7467a257447a40f885525e863992a5,home_away_nba_game_day_local,2026-03-14T05:17:50.962596+00:00,0,2025,-2.5,2.5,244.5,False
SAC,122.91428571428571,110.0,True,0.15,116.6,115.0,-12.914285714285711,-1.5999999999999943,118,2_days,2,Sacramento Kings,27,12,0.4444,1610612758,1.45,2026-03-14T00:00:00Z,0022500975,LAC,111.12121212121212,115.0,True,1.6,1.8525,118.0,126.6,3.8787878787878753,8.599999999999994,4,0,109,b2b,0,LA Clippers,27,9,0.3333,1610612746,,,2026-03-14,,,,0,2025,,,,False
MIN,119.35135135135135,121.64864864864865,True,0.4,123.2,113.6,2.297297297297291,-9.600000000000009,103,1_day,1,Minnesota Timberwolves,33,15,0.4545,1610612750,-0.25,2026-03-15T00:00:00Z,0022500976,OKC,106.78378378378379,117.56756756756756,True,0.15,1.3563,106.6,111.2,10.783783783783775,4.6000000000000085,3,0,116,2_days,2,Oklahoma City Thunder,40,15,0.375,1610612760,1200,-4500,2026-03-15,689cb75979724773a16b617332228d55,home_away_nba_game_day_local,2026-03-15T19:05:05.530849+00:00,0,2025,10.5,-10.5,214.5,False
DAL,117.62857142857143,111.94285714285714,True,0.4,123.2,105.8,-5.6857142857142975,-17.400000000000006,130,1_day,1,Dallas Mavericks,30,15,0.5,1610612742,0.0,2026-03-15T00:00:00Z,0022500977,CLE,113.0,117.88888888888889,True,0.4,2.9833,110.4,117.2,4.888888888888886,6.799999999999997,5,0,120,1_day,1,Cleveland Cavaliers,41,16,0.3902,1610612739,733,-1077,2026-03-15,45f9fc1bf871b54d2392e9ec6506097f,home_away_nba_game_day_local,2026-03-15T19:34:37.035357+00:00,0,2025,15.0,-15.0,234.0,False
DET,112.25714285714285,116.6,True,0.4,109.4,122.0,4.342857142857142,12.599999999999994,108,1_day,1,Detroit Pistons,26,10,0.3846,1610612765,0.0,2026-03-15T00:00:00Z,0022500978,TOR,111.91891891891892,113.10810810810811,True,0.4,1.2425,111.4,112.2,1.189189189189193,0.7999999999999972,2,0,119,1_day,1,Toronto Raptors,28,8,0.2857,1610612761,-149,132,2026-03-15,ee20dd8148c700589a380b7f5b5c1010,home_away_nba_game_day_local,2026-03-15T19:34:37.035357+00:00,0,2025,-3.0,3.0,224.5,False
IND,121.65714285714286,109.37142857142857,True,0.4,119.4,107.4,-12.285714285714292,-12.0,123,1_day,1,Indiana Pacers,42,21,0.5,1610612754,1.2,2026-03-15T00:00:00Z,0022500979,MIL,117.68571428571428,113.51428571428572,True,1.6,2.0934,118.4,104.4,-4.171428571428564,-14.0,2,0,134,b2b,0,Milwaukee Bucks,44,23,0.5227,1610612749,241,-287,2026-03-15,4d87f60750a28b81c5a82803e3b412a7,home_away_nba_game_day_local,2026-03-15T19:34:37.035357+00:00,0,2025,7.5,-7.5,228.0,False
POR,118.28571428571429,113.17142857142858,True,0.4,109.6,115.4,-5.114285714285714,5.800000000000011,103,1_day,1,Portland Trail Blazers,53,17,0.3208,1610612757,1.2,2026-03-15T00:00:00Z,0022500980,PHI,116.84210526315789,114.63157894736842,True,1.6,3.5054,119.4,113.8,-2.2105263157894655,-5.6000000000000085,4,0,109,b2b,0,Philadelphia 76ers,25,7,0.28,1610612755,-331,274,2026-03-15,6420f72c1e96bb40f11548af8dbb2950,home_away_nba_game_day_local,2026-03-15T22:02:06.573990+00:00,0,2025,-8.5,8.5,229.5,False
GSW,113.47058823529412,112.61764705882354,True,0.4,118.6,113.8,-0.8529411764705799,-4.799999999999997,107,1_day,1,Golden State Warriors,38,14,0.3684,1610612744,0.0,2026-03-15T00:00:00Z,0022500981,NYK,108.8108108108108,117.05405405405405,True,0.4,0.3919,109.6,118.4,8.243243243243242,8.800000000000011,1,0,110,1_day,1,New York Knicks,32,10,0.3125,1610612752,657,-931,2026-03-15,f9869f17c6d1080f1c2d99d55725ce16,home_away_nba_game_day_local,2026-03-15T22:02:06.573990+00:00,0,2025,14.5,-14.5,219.5,False
UTA,123.37142857142857,114.51428571428572,True,0.4,119.8,114.2,-8.857142857142847,-5.599999999999994,111,1_day,1,Utah Jazz,36,12,0.3333,1610612762,1.2,2026-03-15T00:00:00Z,0022500982,SAC,118.77777777777777,111.55555555555556,True,1.6,3.1679,115.6,118.0,-7.222222222222214,2.4000000000000057,6,0,116,b2b,0,Sacramento Kings,36,11,0.3056,1610612758,1060,-3500,2026-03-15,ae243acf61e3bbc8a0fef18df12adf30,home_away_nba_game_day_local,2026-03-16T04:04:16.934433+00:00,0,2025,8.5,-8.5,231.5,False
ORL,113.6470588235294,115.91176470588235,True,0.4,110.6,126.8,2.264705882352942,16.200000000000003,112,1_day,1,Orlando Magic,43,14,0.3256,1610612753,0.0,2026-03-16T00:00:00Z,0022500983,ATL,115.86111111111111,116.75,True,0.4,0.0,107.4,122.0,0.8888888888888857,14.599999999999994,0,0,124,1_day,1,Atlanta Hawks,40,16,0.4,1610612737,135,-153,2026-03-16,ffe5b43309eff2a1e0131998ff33abd6,home_away_nba_game_day_local,2026-03-16T22:19:39.389743+00:00,0,2025,3.5,-3.5,231.5,False
GSW,113.37142857142857,112.45714285714286,True,1.6,118.0,112.2,-0.914285714285711,-5.799999999999997,125,b2b,0,Golden State Warriors,32,9,0.2812,1610612744,-1.2,2026-03-16T00:00:00Z,0022500984,WAS,122.76470588235294,114.05882352941177,True,0.4,3.1136,131.4,118.0,-8.705882352941174,-13.400000000000006,6,0,117,1_day,1,Washington Wizards,34,13,0.3824,1610612764,-292,245,2026-03-16,16a4c04f493443107656ff044ca9f8c0,home_away_nba_game_day_local,2026-03-16T22:19:39.389743+00:00,0,2025,-7.5,7.5,234.0,False
POR,118.02777777777777,112.88888888888889,True,1.6,108.6,111.6,-5.138888888888886,3.0,114,b2b,0,Portland Trail Blazers,26,11,0.4231,1610612757,-1.2,2026-03-16T00:00:00Z,0022500985,BKN,116.24242424242425,111.27272727272727,True,0.4,3.229,114.0,105.4,-4.969696969696983,-8.599999999999994,5,0,95,1_day,1,Brooklyn Nets,34,9,0.2647,1610612751,-508,401,2026-03-16,b2cf48e20e7ea3f4ee141bf67f8229d1,home_away_nba_game_day_local,2026-03-16T22:19:39.389743+00:00,0,2025,-11.0,11.0,221.5,False
PHX,114.02941176470588,114.17647058823529,True,0.15,111.8,119.2,0.1470588235294059,7.400000000000006,112,2_days,2,Phoenix Suns,40,13,0.325,1610612756,0.25,2026-03-16T00:00:00Z,0022500986,BOS,107.32352941176471,115.02941176470588,True,0.4,0.0,105.4,111.6,7.705882352941174,6.199999999999989,1,0,120,1_day,1,Boston Celtics,40,17,0.425,1610612738,315,-386,2026-03-16,b0397850f18d2c86059f0f78aefdc405,home_away_nba_game_day_local,2026-03-16T22:19:39.389743+00:00,0,2025,9.0,-9.0,215.0,False
MEM,119.86111111111111,115.30555555555556,True,0.15,126.8,117.2,-4.555555555555557,-9.599999999999994,107,2_days,2,Memphis Grizzlies,39,14,0.359,1610612763,0.0,2026-03-16T00:00:00Z,0022500987,CHI,117.4054054054054,114.97297297297297,True,0.15,3.8655,122.8,116.6,-2.432432432432435,-6.200000000000003,6,0,132,2_days,2,Chicago Bulls,48,18,0.375,1610612741,229,-272,2026-03-16,3e7ba7718b4959c6c644a0dfdda73dcd,home_away_nba_game_day_local,2026-03-17T00:03:57.998941+00:00,0,2025,7.0,-7.0,243.5,False
DAL,117.69444444444444,112.44444444444444,True,1.6,123.2,111.8,-5.25,-11.400000000000006,111,b2b,0,Dallas Mavericks,39,14,0.359,1610612742,-1.45,2026-03-16T00:00:00Z,0022500988,NOP,120.51428571428572,118.37142857142857,True,0.15,0.7356,115.4,122.8,-2.142857142857153,7.3999999999999915,1,0,129,2_days,2,New Orleans Pelicans,35,11,0.3143,1610612740,271,-327,2026-03-16,ed74764cb6bf8e55c87066ca2f7592fc,home_away_nba_game_day_local,2026-03-17T00:03:57.998941+00:00,0,2025,9.0,-9.0,240.5,False
LAL,114.44117647058823,113.44117647058823,True,0.4,115.0,125.4,-1.0,10.400000000000006,100,1_day,1,Los Angeles Lakers,34,8,0.2353,1610612747,-0.25,2026-03-16T00:00:00Z,0022500989,HOU,107.45454545454545,114.33333333333333,True,0.15,0.1746,115.4,107.8,6.878787878787875,-7.6000000000000085,3,0,92,2_days,2,Houston Rockets,26,5,0.1923,1610612745,-110,-106,2026-03-16,e18bb0c990005d46d98ab6ec89f2cfff,home_away_nba_game_day_local,2026-03-17T01:05:05.224582+00:00,0,2025,-1.0,1.0,223.0,False
SAS,111.8108108108108,117.24324324324324,True,0.4,117.2,126.4,5.432432432432435,9.200000000000003,119,1_day,1,San Antonio Spurs,36,10,0.2778,1610612759,0.0,2026-03-16T00:00:00Z,0022500990,LAC,111.32352941176471,114.82352941176471,True,0.4,0.0,118.4,126.0,3.5,7.599999999999994,2,0,115,1_day,1,LA Clippers,29,11,0.3793,1610612746,,,2026-03-16,,,,0,2025,,,,False
MIA,117.08571428571429,117.94285714285714,True,0.15,117.0,125.6,0.857142857142847,8.599999999999994,106,2_days,2,Miami Heat,36,7,0.1944,1610612748,0.0,2026-03-17T00:00:00Z,0022500991,CHA,113.0909090909091,114.21212121212122,True,0.15,0.1669,112.8,108.2,1.1212121212121247,-4.599999999999994,2,0,136,2_days,2,Charlotte Hornets,42,17,0.4048,1610612766,171,-195,2026-03-17,97559ed79c99e86d90fc2f9d2059e761,home_away_nba_game_day_local,2026-03-17T22:02:05.810220+00:00,0,2025,5.0,-5.0,236.5,False
OKC,109.02777777777777,118.08333333333333,True,0.4,105.6,111.2,9.055555555555557,5.6000000000000085,113,1_day,1,Oklahoma City Thunder,29,9,0.3103,1610612760,1.2,2026-03-17T00:00:00Z,0022500992,ORL,114.13888888888889,116.66666666666667,True,1.6,1.9328,117.0,125.4,2.5277777777777857,8.400000000000006,3,0,108,b2b,0,Orlando Magic,50,17,0.34,1610612753,-420,340,2026-03-17,1071bc9088322a8c42c7cd80db4c8c6f,home_away_nba_game_day_local,2026-03-17T22:02:05.810220+00:00,0,2025,-10.0,10.0,224.0,False
DET,112.44444444444444,116.36111111111111,True,0.4,111.8,122.6,3.9166666666666714,10.799999999999997,130,1_day,1,Detroit Pistons,27,11,0.4074,1610612765,1.2,2026-03-17T00:00:00Z,0022500993,WAS,122.82857142857142,114.14285714285714,True,1.6,3.1136,132.0,119.0,-8.685714285714283,-13.0,6,0,117,b2b,0,Washington Wizards,37,16,0.4324,1610612764,-10000,3300,2026-03-17,ef96df74a063b75de7971612d1c1b18a,home_away_nba_game_day_local,2026-03-18T01:05:06.320785+00:00,0,2025,-23.5,23.5,235.5,False
IND,122.0,109.75,True,0.4,120.6,108.6,-12.25,-12.0,110,1_day,1,Indiana Pacers,38,17,0.4474,1610612754,0.0,2026-03-17T00:00:00Z,0022500994,NYK,108.76315789473684,116.86842105263158,True,0.4,0.3919,110.4,112.0,8.10526315789474,1.5999999999999943,1,0,136,1_day,1,New York Knicks,41,18,0.439,1610612752,631,-883,2026-03-17,9eba01d4cfa06caacc9d62a166b5a632,home_away_nba_game_day_local,2026-03-17T22:02:05.810220+00:00,0,2025,14.5,-14.5,221.5,False
CLE,116.8,119.65714285714286,True,0.4,114.6,118.6,2.857142857142861,4.0,123,1_day,1,Cleveland Cavaliers,36,12,0.3333,1610612739,0.0,2026-03-17T00:00:00Z,0022500995,MIL,117.83333333333333,114.08333333333333,True,0.4,2.0377,123.2,108.6,-3.75,-14.600000000000009,2,0,116,1_day,1,Milwaukee Bucks,45,20,0.4444,1610612749,-567,440,2026-03-17,8951b3300ad3588888cb2397ea770d5e,home_away_nba_game_day_local,2026-03-17T22:02:05.810220+00:00,0,2025,-12.0,12.0,226.5,False
PHX,114.2,114.11428571428571,True,1.6,112.6,118.0,-0.08571428571428896,5.400000000000006,104,b2b,0,Phoenix Suns,37,13,0.3514,1610612756,-1.2,2026-03-17T00:00:00Z,0022500996,MIN,111.48571428571428,115.31428571428572,True,0.4,1.1988,125.0,111.2,3.8285714285714363,-13.799999999999997,1,0,116,1_day,1,Minnesota Timberwolves,28,9,0.3214,1610612750,3300,-10000,2026-03-17,79806ec6c1db4dc28fa93612d8269dc0,home_away_nba_game_day_local,2026-03-18T02:23:52.873298+00:00,0,2025,13.5,-13.5,227.5,False
PHI,115.0,115.3030303030303,True,0.4,115.0,112.4,0.30303030303029743,-2.5999999999999943,96,1_day,1,Philadelphia 76ers,41,9,0.2195,1610612755,-0.25,2026-03-17T00:00:00Z,0022500997,DEN,115.0,117.9090909090909,True,0.15,0.0,124.4,123.8,2.9090909090909065,-0.6000000000000085,1,0,124,2_days,2,Denver Nuggets,33,16,0.4848,1610612743,781,-1174,2026-03-17,259082f7f5b98968cfaa3245ddc3da0b,home_away_nba_game_day_local,2026-03-17T19:05:05.664032+00:00,0,2025,15.5,-15.5,236.5,False
SAS,111.89473684210526,117.28947368421052,True,1.6,117.8,127.0,5.39473684210526,9.200000000000003,132,b2b,0,San Antonio Spurs,49,25,0.5102,1610612759,-1.2,2026-03-17T00:00:00Z,0022500998,SAC,118.56756756756756,111.67567567567568,True,0.4,4.2187,111.2,116.6,-6.891891891891888,5.3999999999999915,7,0,104,1_day,1,Sacramento Kings,36,14,0.3889,1610612758,-760,561,2026-03-17,352d39711b11d736c88876aa668df022,home_away_nba_game_day_local,2026-03-18T02:23:52.873298+00:00,0,2025,-13.5,13.5,233.5,False
DEN,116.925,121.525,True,1.6,115.2,128.0,4.6000000000000085,12.799999999999997,118,b2b,0,Denver Nuggets,36,13,0.3611,1610612743,-1.2,2026-03-18T00:00:00Z,0022500651,MEM,118.34285714285714,116.4,True,0.4,2.6436,128.6,114.6,-1.942857142857136,-14.0,6,0,125,1_day,1,Memphis Grizzlies,49,16,0.3265,1610612763,-460,320,2026-03-18,88b9327dddb11904d24fb9f317b5db4f,home_away_nba_game_day_local,2026-03-19T01:05:05.669025+00:00,0,2025,-8.5,8.5,244.5,False
GSW,113.47222222222223,112.80555555555556,True,0.4,120.6,117.8,-0.6666666666666714,-2.799999999999997,99,1_day,1,Golden State Warriors,43,10,0.2326,1610612744,0.0,2026-03-18T00:00:00Z,0022500999,BOS,107.45714285714286,115.17142857142858,True,0.4,0.0,107.8,111.6,7.714285714285722,3.799999999999997,1,0,120,1_day,1,Boston Celtics,39,14,0.359,1610612738,456,-591,2026-03-18,559e3b7523e4be26e5788e58c1e6067b,home_away_nba_game_day_local,2026-03-18T22:02:05.463592+00:00,0,2025,12.0,-12.0,216.0,False
OKC,109.0,117.94594594594595,True,1.6,107.2,113.2,8.945945945945951,6.0,121,b2b,0,Oklahoma City Thunder,35,14,0.4,1610612760,-1.2,2026-03-18T00:00:00Z,0022501000,BKN,116.17647058823529,110.79411764705883,True,0.4,1.5197,115.8,103.0,-5.382352941176464,-12.799999999999997,3,0,92,1_day,1,Brooklyn Nets,35,11,0.3143,1610612751,-2050,1120,2026-03-18,b8069101e24852c60cabdc606432eee7,home_away_nba_game_day_local,2026-03-19T01:05:05.669025+00:00,0,2025,-39.5,39.5,198.5,False
POR,117.4054054054054,112.91891891891892,True,0.4,106.4,114.6,-4.486486486486484,8.199999999999989,127,1_day,1,Portland Trail Blazers,46,16,0.3478,1610612757,1.2,2026-03-18T00:00:00Z,0022501001,IND,118.16666666666667,113.16666666666667,True,1.6,3.273,121.6,108.4,-5.0,-13.199999999999989,5,0,119,b2b,0,Indiana Pacers,27,12,0.4444,1610612754,-689,517,2026-03-18,ad16cbe50231fbc2c6e23cc24db31365,home_away_nba_game_day_local,2026-03-18T22:02:05.463592+00:00,0,2025,-13.0,13.0,231.0,False
TOR,112.05714285714286,114.11428571428571,True,0.15,110.0,114.6,2.05714285714285,4.599999999999994,139,2_days,2,Toronto Raptors,33,14,0.4242,1610612761,0.25,2026-03-18T00:00:00Z,0022501002,CHI,117.13157894736842,115.42105263157895,True,0.4,3.8655,123.6,122.0,-1.7105263157894797,-1.5999999999999943,6,0,109,1_day,1,Chicago Bulls,31,9,0.2903,1610612741,-287,241,2026-03-18,a9e7cf9b2e8337be24987faf71d38562,home_away_nba_game_day_local,2026-03-18T22:02:05.463592+00:00,0,2025,-7.0,7.0,235.5,False
UTA,123.16666666666667,114.41666666666667,True,0.15,120.6,112.0,-8.75,-8.599999999999994,111,2_days,2,Utah Jazz,39,13,0.3333,1610612762,1.45,2026-03-18T00:00:00Z,0022501004,MIN,111.27777777777777,115.33333333333333,True,1.6,1.1988,122.0,116.0,4.055555555555557,-6.0,1,0,147,b2b,0,Minnesota Timberwolves,39,18,0.4615,1610612750,547,-737,2026-03-18,c159c8836e9475f580cc678470d80c1b,home_away_nba_game_day_local,2026-03-18T22:02:05.463592+00:00,0,2025,13.0,-13.0,230.0,False
LAC,112.61111111111111,111.25,True,0.4,118.2,124.4,-1.3611111111111143,6.200000000000003,109,1_day,1,LA Clippers,31,9,0.2903,1610612746,0.0,2026-03-18T00:00:00Z,0022501005,NOP,120.25,118.66666666666667,True,0.4,0.7356,113.0,122.0,-1.5833333333333286,9.0,1,0,124,1_day,1,New Orleans Pelicans,37,16,0.4324,1610612740,,,2026-03-18,,,,0,2025,,,,False
ATL,118.05714285714286,118.68571428571428,True,0.4,107.2,120.6,0.6285714285714192,13.399999999999991,135,1_day,1,Atlanta Hawks,35,14,0.4,1610612737,0.0,2026-03-18T00:00:00Z,0022501006,DAL,116.52777777777777,114.05555555555556,True,0.4,0.4292,124.6,115.6,-2.4722222222222143,-9.0,3,0,120,1_day,1,Dallas Mavericks,28,11,0.3929,1610612742,-331,274,2026-03-18,d1b7a6b86d3200f31d702d039df933e1,home_away_nba_game_day_local,2026-03-18T22:02:05.463592+00:00,0,2025,-8.5,8.5,238.5,False
LAL,113.8,113.05714285714286,True,0.4,110.0,119.8,-0.7428571428571331,9.799999999999997,124,1_day,1,Los Angeles Lakers,32,15,0.4688,1610612747,0.0,2026-03-18T00:00:00Z,0022501007,HOU,107.23529411764706,113.67647058823529,True,0.4,0.1746,115.6,105.0,6.441176470588232,-10.599999999999994,3,0,116,1_day,1,Houston Rockets,32,11,0.3438,1610612745,-10000,3300,2026-03-18,e18bb0c990005d46d98ab6ec89f2cfff,home_away_nba_game_day_local,2026-03-17T04:09:59.339534+00:00,0,2025,-7.5,7.5,196.5,False
ORL,113.94285714285714,115.8,True,0.4,121.4,121.0,1.8571428571428612,-0.4000000000000057,111,1_day,1,Orlando Magic,42,14,0.3333,1610612753,0.0,2026-03-19T00:00:00Z,0022501008,CHA,112.88235294117646,114.8529411764706,True,0.4,0.0,108.4,111.4,1.9705882352941302,3.0,1,0,130,1_day,1,Charlotte Hornets,46,22,0.4783,1610612766,3300,-10000,2026-03-19,ec3ff082cb50037d2f7bb5258b1e2d41,home_away_nba_game_day_local,2026-03-20T01:05:05.245980+00:00,0,2025,22.5,-22.5,246.5,False
DET,112.56756756756756,116.72972972972973,True,0.4,111.0,126.6,4.162162162162161,15.599999999999994,117,1_day,1,Detroit Pistons,30,9,0.3,1610612765,0.0,2026-03-19T00:00:00Z,0022501009,WAS,123.02777777777777,114.22222222222223,True,0.4,3.1136,130.4,118.8,-8.805555555555543,-11.600000000000009,6,0,95,1_day,1,Washington Wizards,38,15,0.3947,1610612764,-1174,781,2026-03-19,570e79a6a678168c3cb3e69098069448,home_away_nba_game_day_local,2026-03-19T22:02:05.622221+00:00,0,2025,-14.0,14.0,232.5,False
LAL,113.86111111111111,113.36111111111111,True,1.6,113.8,122.6,-0.5,8.799999999999997,134,b2b,0,Los Angeles Lakers,32,14,0.4375,1610612747,-1.2,2026-03-19T00:00:00Z,0022501010,MIA,116.71794871794872,121.15384615384616,True,0.4,1.0551,120.2,121.2,4.435897435897445,1.0,2,0,126,1_day,1,Miami Heat,38,12,0.3158,1610612748,185,-214,2026-03-19,b438071ab82326fa2fa702112ad04536,home_away_nba_game_day_local,2026-03-19T22:02:05.622221+00:00,0,2025,5.5,-5.5,240.5,False
CLE,116.77777777777777,119.75,True,0.4,116.0,123.6,2.9722222222222285,7.599999999999994,115,1_day,1,Cleveland Cavaliers,41,14,0.3415,1610612739,1.2,2026-03-19T00:00:00Z,0022501011,CHI,117.6923076923077,115.25641025641026,True,1.6,2.8721,126.2,121.8,-2.435897435897431,-4.400000000000006,5,0,110,b2b,0,Chicago Bulls,44,15,0.3409,1610612741,-518,408,2026-03-19,53d402557ce913ced0dbf5fe564b0ebb,home_away_nba_game_day_local,2026-03-19T22:02:05.622221+00:00,0,2025,-10.5,10.5,238.0,False
LAC,112.91891891891892,111.1891891891892,True,1.6,119.4,121.0,-1.7297297297297263,1.5999999999999943,99,b2b,0,LA Clippers,32,10,0.3125,1610612746,0.0,2026-03-19T00:00:00Z,0022501012,NOP,119.94594594594595,118.8108108108108,True,1.6,0.7356,111.2,123.6,-1.135135135135144,12.399999999999991,1,0,105,b2b,0,New Orleans Pelicans,34,13,0.3824,1610612740,,,2026-03-19,,,,0,2025,,,,False
PHX,114.25,113.83333333333333,True,0.4,116.0,116.6,-0.4166666666666714,0.5999999999999943,100,1_day,1,Phoenix Suns,36,11,0.3056,1610612756,0.0,2026-03-19T00:00:00Z,0022501013,SAS,112.17142857142858,121.14285714285714,True,0.4,0.0,114.6,124.4,8.97142857142856,9.800000000000011,1,0,101,1_day,1,San Antonio Spurs,34,10,0.2941,1610612759,134,-172,2026-03-19,08972bedbb384ff5c67374d76d71c61b,home_away_nba_game_day_local,2026-03-20T01:05:05.245980+00:00,0,2025,2.5,-2.5,221.5,False
MIL,113.65714285714286,108.6,True,0.4,121.8,113.6,-5.057142857142864,-8.200000000000003,96,1_day,1,Milwaukee Bucks,44,15,0.3409,1610612749,1.2,2026-03-19T00:00:00Z,0022501014,UTA,127.11111111111111,120.69444444444444,True,1.6,3.4893,127.4,114.4,-6.416666666666671,-13.0,5,0,128,b2b,0,Utah Jazz,48,18,0.375,1610612762,-243,206,2026-03-19,c9330059cfdf19891d9b4ecfa62d54c5,home_away_nba_game_day_local,2026-03-20T01:05:05.245980+00:00,0,2025,-6.0,6.0,228.0,False
PHI,115.26470588235294,114.73529411764706,True,0.4,116.8,111.4,-0.529411764705884,-5.3999999999999915,139,1_day,1,Philadelphia 76ers,36,17,0.4722,1610612755,0.0,2026-03-19T00:00:00Z,0022501015,SAC,118.92105263157895,111.47368421052632,True,0.4,4.2187,115.6,112.2,-7.44736842105263,-3.3999999999999915,7,0,118,1_day,1,Sacramento Kings,32,12,0.375,1610612758,-10000,3300,2026-03-19,34058ad6afd721c206c16f9d0eb7c77d,home_away_nba_game_day_local,2026-03-20T04:08:59.231904+00:00,0,2025,-23.5,23.5,253.5,False
NYK,111.43243243243244,115.51351351351352,True,0.15,110.4,119.8,4.081081081081081,9.399999999999991,93,2_days,2,New York Knicks,29,8,0.2759,1610612752,0.25,2026-03-20T00:00:00Z,0022501016,BKN,116.31428571428572,110.25714285714285,True,0.4,2.4326,117.0,96.2,-6.057142857142864,-20.799999999999997,4,0,92,1_day,1,Brooklyn Nets,38,14,0.3684,1610612751,-2453,1203,2026-03-20,9dec9fb17fd32b89e42c5060a469312a,home_away_nba_game_day_local,2026-03-20T23:35:05.207519+00:00,0,2025,-19.0,19.0,215.0,False
GSW,113.64864864864865,112.43243243243244,True,0.4,120.8,114.4,-1.2162162162162105,-6.3999999999999915,101,1_day,1,Golden State Warriors,33,12,0.3636,1610612744,1.2,2026-03-20T00:00:00Z,0022501017,DET,107.17142857142858,117.8,True,1.6,1.7874,110.0,122.4,10.62857142857142,12.400000000000006,3,0,115,b2b,0,Detroit Pistons,21,5,0.2381,1610612765,198,-232,2026-03-20,f381a9f3443b5155e9e74cbdb8c0c849,home_away_nba_game_day_local,2026-03-20T23:35:05.207519+00:00,0,2025,6.0,-6.0,219.0,False
ATL,118.11111111111111,119.13888888888889,True,0.4,108.0,122.6,1.0277777777777715,14.599999999999994,95,1_day,1,Atlanta Hawks,35,9,0.2571,1610612737,0.0,2026-03-20T00:00:00Z,0022501018,HOU,107.71428571428571,113.74285714285715,True,0.4,0.1746,111.4,104.2,6.028571428571439,-7.200000000000003,3,0,117,1_day,1,Houston Rockets,30,14,0.4667,1610612745,127,-144,2026-03-20,bf9a522d732a5622666e8bae89203de1,home_away_nba_game_day_local,2026-03-21T00:05:04.956077+00:00,0,2025,2.5,-2.5,227.0,False
BOS,106.62162162162163,113.97297297297297,True,0.4,108.0,113.8,7.35135135135134,5.799999999999997,117,1_day,1,Boston Celtics,42,11,0.2619,1610612738,0.0,2026-03-20T00:00:00Z,0022501019,MEM,118.33333333333333,116.63888888888889,True,0.4,3.6509,127.0,116.6,-1.6944444444444429,-10.400000000000006,7,0,112,1_day,1,Memphis Grizzlies,43,14,0.3256,1610612763,-1365,872,2026-03-20,62da7cf8935f70ca97e56996eda2dd1a,home_away_nba_game_day_local,2026-03-21T00:05:04.956077+00:00,0,2025,-15.5,15.5,230.0,False
POR,117.44736842105263,113.28947368421052,True,0.4,108.0,113.8,-4.15789473684211,5.799999999999997,108,1_day,1,Portland Trail Blazers,37,9,0.2432,1610612757,0.0,2026-03-20T00:00:00Z,0022501020,MIN,111.27027027027027,116.1891891891892,True,0.4,1.1988,120.2,124.2,4.918918918918919,4.0,1,0,104,1_day,1,Minnesota Timberwolves,28,9,0.3214,1610612750,-103,-113,2026-03-20,ad2565936a516016f0e5cde775d11ad0,home_away_nba_game_day_local,2026-03-21T00:05:04.956077+00:00,0,2025,1.0,-1.0,231.5,False
TOR,111.97222222222223,114.80555555555556,True,0.4,113.4,118.0,2.8333333333333286,4.599999999999994,115,1_day,1,Toronto Raptors,31,10,0.3226,1610612761,0.0,2026-03-20T00:00:00Z,0022501021,DEN,114.44117647058823,118.08823529411765,True,0.4,0.0,114.4,126.4,3.64705882352942,12.0,1,0,121,1_day,1,Denver Nuggets,30,14,0.4667,1610612743,222,-263,2026-03-20,1bcdb9dabad4bb99e11958b30508dc78,home_away_nba_game_day_local,2026-03-21T01:05:05.008406+00:00,0,2025,7.0,-7.0,239.0,False
OKC,108.55263157894737,118.02631578947368,True,0.15,106.2,116.6,9.473684210526315,10.399999999999991,132,2_days,2,Oklahoma City Thunder,30,11,0.3667,1610612760,0.25,2026-03-21T00:00:00Z,0022501022,WAS,122.86486486486487,113.70270270270271,True,0.4,3.1136,123.8,112.0,-9.162162162162161,-11.799999999999997,6,0,111,1_day,1,Washington Wizards,39,16,0.4103,1610612764,-7000,1500,2026-03-21,a1158df1a3a21def58491807df167c6a,home_away_nba_game_day_local,2026-03-21T23:35:05.560724+00:00,0,2025,-23.5,23.5,241.5,False
MEM,120.1891891891892,115.08108108108108,True,1.6,122.6,113.2,-5.108108108108112,-9.399999999999991,101,b2b,0,Memphis Grizzlies,46,16,0.3478,1610612763,-1.2,2026-03-21T00:00:00Z,0022501023,CHA,112.82857142857142,115.28571428571429,True,0.4,0.0,108.4,117.6,2.4571428571428697,9.199999999999989,1,0,124,1_day,1,Charlotte Hornets,43,18,0.4186,1610612766,989,-1657,2026-03-21,caa8acf3be841cea790d25a4082d4817,home_away_nba_game_day_local,2026-03-21T23:05:05.688001+00:00,0,2025,19.0,-19.0,233.0,False
LAL,114.1891891891892,113.91891891891892,True,0.4,117.8,125.4,-0.2702702702702737,7.6000000000000085,105,1_day,1,Los Angeles Lakers,32,8,0.25,1610612747,0.0,2026-03-21T00:00:00Z,0022501024,ORL,114.10810810810811,116.43243243243244,True,0.4,1.9328,123.0,117.6,2.324324324324323,-5.400000000000006,3,0,104,1_day,1,Orlando Magic,37,11,0.2973,1610612753,1400,-6000,2026-03-21,041a208c3a53186e8bc0983045ab66f7,home_away_nba_game_day_local,2026-03-22T01:35:05.559429+00:00,0,2025,1.5,-1.5,210.5,False
CLE,116.5945945945946,119.62162162162163,True,0.4,117.8,123.6,3.0270270270270316,5.799999999999997,111,1_day,1,Cleveland Cavaliers,39,12,0.3077,1610612739,0.0,2026-03-21T00:00:00Z,0022501025,NOP,119.39473684210526,118.44736842105263,True,0.4,0.7356,107.4,117.0,-0.9473684210526301,9.599999999999994,1,0,106,1_day,1,New Orleans Pelicans,40,12,0.3,1610612740,-200,175,2026-03-21,87e5b0e532472d1e7a6815746302dd10,home_away_nba_game_day_local,2026-03-21T23:05:05.688001+00:00,0,2025,-5.0,5.0,237.5,False
GSW,113.6842105263158,112.13157894736842,True,1.6,117.8,109.8,-1.55263157894737,-8.0,110,b2b,0,Golden State Warriors,42,15,0.3571,1610612744,0.0,2026-03-21T00:00:00Z,0022501026,ATL,115.75675675675676,116.94594594594595,True,1.6,0.8589,109.0,116.8,1.189189189189193,7.799999999999997,1,0,126,b2b,0,Atlanta Hawks,40,13,0.325,1610612737,241,-287,2026-03-21,3523e11ab67a699ba097925fb4981746,home_away_nba_game_day_local,2026-03-22T00:05:07.640811+00:00,0,2025,7.5,-7.5,228.0,False
MIA,117.61111111111111,117.61111111111111,True,0.4,125.0,122.2,0.0,-2.799999999999997,122,1_day,1,Miami Heat,41,16,0.3902,1610612748,1.2,2026-03-21T00:00:00Z,0022501027,HOU,107.36111111111111,113.83333333333333,True,1.6,0.1746,110.6,105.0,6.472222222222214,-5.599999999999994,3,0,123,b2b,0,Houston Rockets,35,16,0.4571,1610612745,-188,146,2026-03-21,3b6c1dd86ba56eddae458728b80c3320,home_away_nba_game_day_local,2026-03-22T02:30:57.310442+00:00,0,2025,-1.5,1.5,227.5,False
IND,122.37837837837837,109.75675675675676,True,0.15,124.2,110.4,-12.621621621621614,-13.799999999999997,119,2_days,2,Indiana Pacers,35,16,0.4571,1610612754,0.25,2026-03-21T00:00:00Z,0022501028,SAS,111.83333333333333,120.58333333333333,True,0.4,0.0,111.4,119.6,8.75,8.199999999999989,1,0,134,1_day,1,San Antonio Spurs,34,13,0.3824,1610612759,910,-1464,2026-03-21,1a580864294677520ddb2a2a0fe31268,home_away_nba_game_day_local,2026-03-22T00:05:07.640811+00:00,0,2025,16.0,-16.0,235.5,False
LAC,112.71052631578948,110.86842105263158,True,0.4,114.8,110.2,-1.8421052631579045,-4.599999999999994,138,1_day,1,LA Clippers,42,21,0.5,1610612746,-0.25,2026-03-21T00:00:00Z,0022501029,DAL,117.02702702702703,114.21621621621621,True,0.15,0.8821,126.8,117.2,-2.810810810810821,-9.599999999999994,3,0,131,2_days,2,Dallas Mavericks,34,13,0.3824,1610612742,,,2026-03-21,,,,0,2025,,,,False
PHI,115.34285714285714,115.42857142857143,True,0.4,114.6,111.4,0.08571428571428896,-3.1999999999999886,126,1_day,1,Philadelphia 76ers,27,6,0.2222,1610612755,0.0,2026-03-21T00:00:00Z,0022501030,UTA,126.27027027027027,120.89189189189189,True,0.4,5.0644,123.4,116.2,-5.378378378378386,-7.200000000000003,7,0,116,1_day,1,Utah Jazz,40,9,0.225,1610612762,-223,191,2026-03-21,b9b4d5f3dfbad29e6a0e3e08fff25a95,home_away_nba_game_day_local,2026-03-22T01:35:05.559429+00:00,0,2025,-5.5,5.5,228.5,False
MIL,114.05555555555556,108.25,True,0.4,121.6,110.0,-5.805555555555557,-11.599999999999994,108,1_day,1,Milwaukee Bucks,39,16,0.4103,1610612749,0.0,2026-03-21T00:00:00Z,0022501031,PHX,107.94594594594595,111.21621621621621,True,0.4,1.9633,113.4,110.8,3.2702702702702595,-2.6000000000000085,2,0,105,1_day,1,Phoenix Suns,39,15,0.3846,1610612756,310,-440,2026-03-21,d6b73b8b266617c9d9eeba4a6c9bf5f9,home_away_nba_game_day_local,2026-03-22T04:09:15.381570+00:00,0,2025,4.5,-4.5,209.5,False
POR,117.1025641025641,113.15384615384616,True,0.4,108.2,115.2,-3.948717948717942,7.0,112,1_day,1,Portland Trail Blazers,50,16,0.32,1610612757,0.0,2026-03-22T00:00:00Z,0022501032,DEN,114.45714285714286,118.17142857142858,True,0.4,0.0,118.8,124.8,3.7142857142857224,6.0,1,0,128,1_day,1,Denver Nuggets,46,18,0.3913,1610612743,3300,-10000,2026-03-22,2a8d0098f2f9618a48da74e1db566ffd,home_away_nba_game_day_local,2026-03-22T23:02:50.827233+00:00,0,2025,19.5,-19.5,255.5,False
BKN,115.4054054054054,103.56756756756756,True,0.4,108.0,94.6,-11.837837837837839,-13.400000000000006,122,1_day,1,Brooklyn Nets,33,14,0.4242,1610612751,-0.25,2026-03-22T00:00:00Z,0022501033,SAC,119.43589743589743,111.64102564102564,True,0.15,3.5753,121.6,113.0,-7.794871794871796,-8.599999999999994,6,0,126,2_days,2,Sacramento Kings,27,14,0.5185,1610612758,195,-228,2026-03-22,d59068d1012b6bf912e2b6824b39bf51,home_away_nba_game_day_local,2026-03-22T21:16:09.330820+00:00,0,2025,6.5,-6.5,219.0,False
WAS,123.54285714285714,111.05714285714286,True,1.6,123.0,108.0,-12.48571428571428,-15.0,113,b2b,0,Washington Wizards,47,18,0.383,1610612764,-1.2,2026-03-22T00:00:00Z,0022501034,NYK,108.7948717948718,117.35897435897436,True,0.4,1.1191,103.6,114.8,8.56410256410257,11.200000000000003,2,0,145,1_day,1,New York Knicks,32,17,0.5312,1610612752,1403,-3453,2026-03-22,4dd372ed75728dd87afb1727ae355dc3,home_away_nba_game_day_local,2026-03-22T23:24:33.313031+00:00,0,2025,22.0,-22.0,229.0,False
MIN,119.26315789473684,121.15789473684211,True,0.4,111.2,119.4,1.8947368421052744,8.200000000000003,102,1_day,1,Minnesota Timberwolves,33,12,0.3636,1610612750,0.0,2026-03-22T00:00:00Z,0022501035,BOS,107.22222222222223,115.30555555555556,True,0.4,0.0,105.4,114.0,8.083333333333329,8.599999999999994,1,0,92,1_day,1,Boston Celtics,33,9,0.2727,1610612738,336,-415,2026-03-22,1a05c77c819835b566aa84234d87308b,home_away_nba_game_day_local,2026-03-22T23:51:22.471066+00:00,0,2025,10.0,-10.0,222.0,False
TOR,112.21621621621621,114.8108108108108,True,0.4,115.0,121.2,2.5945945945945965,6.200000000000003,98,1_day,1,Toronto Raptors,27,9,0.3333,1610612761,1.2,2026-03-22T00:00:00Z,0022501036,PHX,107.94736842105263,111.05263157894737,True,1.6,3.6819,113.4,107.2,3.10526315789474,-6.200000000000003,6,0,120,b2b,0,Phoenix Suns,40,18,0.45,1610612756,-167,148,2026-03-22,cc54e4aec84694c34dba42b139467839,home_away_nba_game_day_local,2026-03-23T00:15:53.654016+00:00,0,2025,-4.0,4.0,219.5,False
MEM,120.28947368421052,114.71052631578948,True,0.4,123.4,111.0,-5.578947368421041,-12.400000000000006,107,1_day,1,Memphis Grizzlies,43,14,0.3256,1610612763,0.0,2026-03-23T00:00:00Z,0022501037,ATL,115.60526315789474,117.1842105263158,True,0.4,0.0,111.6,120.4,1.5789473684210549,8.800000000000011,0,0,146,1_day,1,Atlanta Hawks,54,25,0.463,1610612737,603,-834,2026-03-23,9693d8c4274c9eabbcb9ab22fcf44936,home_away_nba_game_day_local,2026-03-23T23:05:05.647036+00:00,0,2025,13.5,-13.5,240.0,False
LAL,113.92105263157895,113.6842105263158,True,0.4,112.6,118.0,-0.23684210526315042,5.400000000000006,110,1_day,1,Los Angeles Lakers,29,8,0.2759,1610612747,-0.25,2026-03-23T00:00:00Z,0022501038,DET,107.0,117.72222222222223,True,0.15,2.112,108.4,119.2,10.722222222222229,10.799999999999997,3,0,113,2_days,2,Detroit Pistons,26,11,0.4231,1610612765,-120,104,2026-03-23,b542245530e737dbd0703796ab0c1257,home_away_nba_game_day_local,2026-03-23T23:05:05.647036+00:00,0,2025,-1.5,1.5,224.5,False
IND,122.6842105263158,110.0,True,0.4,126.4,112.6,-12.684210526315795,-13.800000000000011,128,1_day,1,Indiana Pacers,35,16,0.4571,1610612754,0.0,2026-03-23T00:00:00Z,0022501039,ORL,113.86842105263158,116.10526315789474,True,0.4,1.9328,117.8,111.2,2.2368421052631646,-6.599999999999994,3,0,126,1_day,1,Orlando Magic,34,12,0.3529,1610612753,-1100,600,2026-03-23,ee838160ed85754aa11218f7ec3708b0,home_away_nba_game_day_local,2026-03-24T01:35:06.605723+00:00,0,2025,-1.5,1.5,255.5,False
OKC,108.61538461538461,118.38461538461539,True,0.4,103.2,117.2,9.769230769230774,14.0,123,1_day,1,Oklahoma City Thunder,41,18,0.439,1610612760,0.0,2026-03-23T00:00:00Z,0022501040,PHI,116.48717948717949,114.48717948717949,True,0.4,3.5054,111.6,114.8,-2.0,3.200000000000003,4,0,103,1_day,1,Philadelphia 76ers,46,17,0.3696,1610612755,-1174,781,2026-03-23,49b50074de17e9d2082babc6b09b0d97,home_away_nba_game_day_local,2026-03-23T23:05:05.647036+00:00,0,2025,-16.0,16.0,227.0,False
SAS,111.6923076923077,117.66666666666667,True,0.4,108.0,120.2,5.974358974358978,12.200000000000003,136,1_day,1,San Antonio Spurs,43,15,0.3488,1610612759,0.0,2026-03-23T00:00:00Z,0022501041,MIA,117.15,121.275,True,0.4,1.0551,123.8,116.6,4.125,-7.200000000000003,2,0,111,1_day,1,Miami Heat,52,16,0.3077,1610612748,-155,136,2026-03-23,c61d2594de00eb4d12ba96127dc437e5,home_away_nba_game_day_local,2026-03-23T23:05:05.647036+00:00,0,2025,-3.5,3.5,244.5,False
HOU,113.27027027027027,115.8108108108108,True,0.4,109.2,111.0,2.5405405405405332,1.7999999999999972,124,1_day,1,Houston Rockets,41,11,0.2683,1610612745,-0.4,2026-03-23T00:00:00Z,0022501042,CHI,117.625,115.125,False,0.0,2.8721,124.4,117.8,-2.5,-6.6000000000000085,5,0,132,3_plus_days,3,Chicago Bulls,38,19,0.5,1610612741,-395,321,2026-03-23,20907151ed2de3c55309ff635a0b4f53,home_away_nba_game_day_local,2026-03-24T00:05:05.618291+00:00,0,2025,-9.0,9.0,233.0,False
TOR,112.42105263157895,114.36842105263158,True,1.6,114.6,118.6,1.94736842105263,4.0,143,b2b,0,Toronto Raptors,37,20,0.5405,1610612761,-1.2,2026-03-23T00:00:00Z,0022501043,UTA,126.26315789473684,120.76315789473684,True,0.4,4.4097,121.8,116.0,-5.5,-5.799999999999997,6,0,127,1_day,1,Utah Jazz,36,13,0.3611,1610612762,-469,374,2026-03-23,3791f62ad672c74a9eaaf206188b1696,home_away_nba_game_day_local,2026-03-24T01:05:05.894184+00:00,0,2025,-9.5,9.5,231.5,False
GSW,114.0,112.07692307692308,True,0.4,117.6,108.4,-1.9230769230769198,-9.199999999999989,137,1_day,1,Golden State Warriors,47,17,0.3617,1610612744,0.0,2026-03-23T00:00:00Z,0022501044,DAL,117.57894736842105,114.65789473684211,True,0.4,0.8821,132.0,119.4,-2.921052631578945,-12.599999999999994,4,0,131,1_day,1,Dallas Mavericks,36,16,0.4444,1610612742,-138,122,2026-03-23,d6018addbf422198251c0674270b87f3,home_away_nba_game_day_local,2026-03-24T01:35:06.605723+00:00,0,2025,-3.0,3.0,230.5,False
BKN,115.6842105263158,104.05263157894737,True,1.6,111.6,99.6,-11.631578947368425,-12.0,99,b2b,0,Brooklyn Nets,29,8,0.2759,1610612751,0.0,2026-03-23T00:00:00Z,0022501045,POR,118.0,118.0,True,1.6,1.1866,111.0,112.8,0.0,1.7999999999999972,4,0,134,b2b,0,Portland Trail Blazers,38,18,0.4737,1610612757,683,-979,2026-03-23,3cd97096b11e331414ff5b0b6c515f5c,home_away_nba_game_day_local,2026-03-24T01:35:06.605723+00:00,0,2025,15.5,-15.5,218.0,False
MIL,113.8108108108108,108.24324324324324,True,0.4,120.2,110.6,-5.567567567567565,-9.600000000000009,96,1_day,1,Milwaukee Bucks,41,16,0.3902,1610612749,0.0,2026-03-23T00:00:00Z,0022501046,LAC,111.54285714285714,114.82857142857142,True,0.4,0.8566,119.4,114.0,3.2857142857142776,-5.400000000000006,3,0,129,1_day,1,LA Clippers,38,17,0.4474,1610612746,,,2026-03-23,,,,0,2025,,,,False
SAC,122.52777777777777,110.22222222222223,True,0.4,122.6,116.4,-12.305555555555543,-6.199999999999989,90,1_day,1,Sacramento Kings,28,9,0.3214,1610612758,-0.25,2026-03-24T00:00:00Z,0022501047,CHA,112.5,115.52777777777777,True,0.15,0.0,108.4,121.8,3.0277777777777715,13.399999999999991,1,0,134,2_days,2,Charlotte Hornets,55,26,0.4727,1610612766,1025,-1755,2026-03-24,c4901bf9c9ebf81236d22ca4626b5a31,home_away_nba_game_day_local,2026-03-24T23:05:05.071326+00:00,0,2025,18.0,-18.0,232.0,False
NOP,119.8,113.14285714285714,True,0.15,107.4,113.8,-6.657142857142858,6.3999999999999915,116,2_days,2,New Orleans Pelicans,34,15,0.4412,1610612740,0.25,2026-03-24T00:00:00Z,0022501048,NYK,108.9,118.05,True,0.4,1.1191,102.8,117.0,9.149999999999991,14.200000000000003,2,0,121,1_day,1,New York Knicks,33,13,0.3939,1610612752,289,-351,2026-03-24,3ffbb865981907829bb58d7f86351ba0,home_away_nba_game_day_local,2026-03-24T23:05:05.071326+00:00,0,2025,8.5,-8.5,229.0,False
ORL,114.38888888888889,115.66666666666667,True,1.6,120.0,112.2,1.2777777777777857,-7.799999999999997,131,b2b,0,Orlando Magic,39,14,0.359,1610612753,-1.45,2026-03-24T00:00:00Z,0022501049,CLE,113.45945945945945,117.94594594594595,True,0.15,1.6477,113.4,121.4,4.486486486486498,8.0,4,0,136,2_days,2,Cleveland Cavaliers,30,12,0.4,1610612739,356,-444,2026-03-24,6b03ae1305a70007dbaebefa0c8af0b7,home_away_nba_game_day_local,2026-03-25T00:05:05.319867+00:00,0,2025,10.5,-10.5,230.0,False
DEN,117.1219512195122,121.4390243902439,True,0.4,115.0,123.2,4.317073170731703,8.200000000000003,125,1_day,1,Denver Nuggets,32,13,0.4062,1610612743,0.0,2026-03-24T00:00:00Z,0022501050,PHX,107.6923076923077,111.28205128205128,True,0.4,3.6819,108.6,108.2,3.589743589743591,-0.3999999999999915,6,0,123,1_day,1,Phoenix Suns,47,17,0.3617,1610612756,-238,202,2026-03-24,5cc255e5f9f9fefa4cc7e5316e16a519,home_away_nba_game_day_local,2026-03-25T02:35:04.930245+00:00,0,2025,-6.0,6.0,233.0,False
ATL,118.08108108108108,118.48648648648648,True,0.4,113.2,125.2,0.4054054054054035,12.0,130,1_day,1,Atlanta Hawks,52,18,0.3462,1610612737,0.0,2026-03-25T00:00:00Z,0022501051,DET,107.08108108108108,117.5945945945946,True,0.4,1.7874,108.4,116.6,10.513513513513516,8.199999999999989,3,0,129,1_day,1,Detroit Pistons,33,9,0.2727,1610612765,127,-144,2026-03-25,8aaad66627fe854cc273103047d880e6,home_away_nba_game_day_local,2026-03-25T23:05:05.544523+00:00,0,2025,2.5,-2.5,229.0,False
LAL,113.8974358974359,113.58974358974359,True,0.4,110.2,114.6,-0.3076923076923066,4.3999999999999915,137,1_day,1,Los Angeles Lakers,23,9,0.3913,1610612747,0.0,2026-03-25T00:00:00Z,0022501052,IND,118.4054054054054,113.32432432432432,True,0.4,1.3804,131.4,119.8,-5.081081081081081,-11.600000000000009,3,0,130,1_day,1,Indiana Pacers,39,16,0.4103,1610612754,-425,343,2026-03-25,3d71d6b6b1bc85b5ec831ae9dba2c93c,home_away_nba_game_day_local,2026-03-25T23:05:05.544523+00:00,0,2025,-8.5,8.5,241.0,False
CHI,123.14285714285714,117.2,True,0.4,120.8,118.2,-5.942857142857136,-2.5999999999999943,137,1_day,1,Chicago Bulls,47,15,0.3191,1610612741,0.0,2026-03-25T00:00:00Z,0022501053,PHI,116.65,114.2,True,0.4,3.5054,116.8,114.6,-2.450000000000003,-2.200000000000003,4,0,157,1_day,1,Philadelphia 76ers,47,22,0.4681,1610612755,1800,-10000,2026-03-25,eaf07668d23364ac54cbcf69f4808ba9,home_away_nba_game_day_local,2026-03-26T01:05:05.526505+00:00,0,2025,45.5,-45.5,270.5,False
OKC,108.475,118.5,True,0.4,103.4,121.0,10.025000000000006,17.599999999999994,109,1_day,1,Oklahoma City Thunder,37,12,0.3243,1610612760,-0.25,2026-03-25T00:00:00Z,0022501054,BOS,107.08108108108108,114.67567567567568,True,0.15,0.0,105.0,112.0,7.5945945945945965,7.0,1,0,119,2_days,2,Boston Celtics,41,18,0.439,1610612738,-133,117,2026-03-25,277fee894c9dc5c623ed6a131bf513c7,home_away_nba_game_day_local,2026-03-25T23:05:05.544523+00:00,0,2025,-2.0,2.0,222.5,False
MIA,117.75675675675676,117.72972972972973,True,0.4,130.0,116.4,-0.027027027027031636,-13.599999999999994,120,1_day,1,Miami Heat,45,18,0.4,1610612748,1.2,2026-03-25T00:00:00Z,0022501055,CLE,113.92105263157895,118.42105263157895,True,1.6,1.874,118.6,121.0,4.5,2.4000000000000057,5,0,103,b2b,0,Cleveland Cavaliers,37,12,0.3243,1610612739,127,-144,2026-03-25,bb33d3e33ac233af2a20161310f567f2,home_away_nba_game_day_local,2026-03-25T23:35:06.140377+00:00,0,2025,2.5,-2.5,243.0,False
SAS,111.675,118.125,True,0.4,109.8,124.4,6.450000000000003,14.600000000000009,123,1_day,1,San Antonio Spurs,46,16,0.3478,1610612759,0.0,2026-03-25T00:00:00Z,0022501056,MEM,118.29729729729729,116.51351351351352,True,0.4,4.6875,127.4,110.4,-1.7837837837837753,-17.0,9,0,98,1_day,1,Memphis Grizzlies,50,16,0.32,1610612763,-10000,3300,2026-03-25,bcbad64f54906ae96b4be0ef54b453b4,home_away_nba_game_day_local,2026-03-26T02:05:08.950941+00:00,0,2025,-30.5,30.5,220.5,False
WAS,124.13888888888889,111.11111111111111,True,0.15,129.8,110.6,-13.027777777777771,-19.200000000000017,133,2_days,2,Washington Wizards,32,13,0.4062,1610612764,0.25,2026-03-25T00:00:00Z,0022501057,UTA,126.6923076923077,120.92307692307692,True,0.4,5.0644,125.6,118.6,-5.769230769230774,-7.0,7,0,110,1_day,1,Utah Jazz,29,7,0.2414,1610612762,132,-149,2026-03-25,dcd42c163a10db20aa31d9ee311c07bd,home_away_nba_game_day_local,2026-03-26T01:05:05.526505+00:00,0,2025,3.0,-3.0,239.5,False
HOU,113.76315789473684,116.02631578947368,True,0.4,114.6,114.4,2.2631578947368496,-0.19999999999998863,108,1_day,1,Houston Rockets,29,9,0.3103,1610612745,-0.25,2026-03-25T00:00:00Z,0022501058,MIN,111.1842105263158,115.86842105263158,True,0.15,1.1988,106.2,114.4,4.6842105263157805,8.200000000000003,1,0,110,2_days,2,Minnesota Timberwolves,37,13,0.3514,1610612750,-128,112,2026-03-25,cf2665074fd82e7b5f2b4393f20afd32,home_away_nba_game_day_local,2026-03-26T01:35:07.390572+00:00,0,2025,-2.0,2.0,223.0,False
DAL,118.0,112.4054054054054,True,0.4,131.8,124.6,-5.5945945945945965,-7.200000000000017,135,1_day,1,Dallas Mavericks,35,12,0.3429,1610612742,1.2,2026-03-25T00:00:00Z,0022501059,DEN,114.38888888888889,118.44444444444444,True,1.6,0.0,114.2,123.2,4.055555555555557,9.0,1,0,142,b2b,0,Denver Nuggets,38,19,0.5,1610612743,471,-615,2026-03-25,63b3c408cf1e55eb8d34aec686038a87,home_away_nba_game_day_local,2026-03-26T02:05:08.950941+00:00,0,2025,10.5,-10.5,246.5,False
BKN,116.15384615384616,103.92307692307692,True,0.4,117.6,100.0,-12.23076923076924,-17.599999999999994,106,1_day,1,Brooklyn Nets,33,12,0.3636,1610612751,0.0,2026-03-25T00:00:00Z,0022501060,GSW,115.21621621621621,117.64864864864865,True,0.4,4.933,121.8,114.4,2.432432432432435,-7.3999999999999915,6,0,109,1_day,1,Golden State Warriors,27,9,0.3333,1610612744,576,-786,2026-03-25,f0853d396988ee8ea615897e136d22cb,home_away_nba_game_day_local,2026-03-26T02:05:08.950941+00:00,0,2025,12.5,-12.5,218.5,False
MIL,114.21052631578948,107.92105263157895,True,0.4,121.6,110.0,-6.2894736842105345,-11.599999999999994,99,1_day,1,Milwaukee Bucks,45,14,0.3111,1610612749,0.0,2026-03-25T00:00:00Z,0022501061,POR,117.48648648648648,118.43243243243244,True,0.4,0.4432,109.0,119.0,0.9459459459459509,10.0,3,0,130,1_day,1,Portland Trail Blazers,41,19,0.4634,1610612757,683,-979,2026-03-25,d17b632d984be98852b4bc409ae1d056,home_away_nba_game_day_local,2026-03-26T02:05:08.950941+00:00,0,2025,15.5,-15.5,226.5,False
TOR,112.7948717948718,115.1025641025641,True,0.4,117.0,122.8,2.3076923076923066,5.799999999999997,94,1_day,1,Toronto Raptors,29,10,0.3448,1610612761,0.0,2026-03-25T00:00:00Z,0022501062,LAC,111.11111111111111,115.22222222222223,True,0.4,0.8566,115.0,118.0,4.111111111111114,3.0,3,0,119,1_day,1,LA Clippers,35,16,0.4571,1610612746,,,2026-03-25,,,,0,2025,,,,False
NYK,110.92105263157895,114.92105263157895,True,0.4,107.6,121.0,4.0,13.400000000000006,103,1_day,1,New York Knicks,29,11,0.3793,1610612752,0.0,2026-03-26T00:00:00Z,0022501063,CHA,111.89189189189189,116.02702702702703,True,0.4,0.0,104.6,125.2,4.135135135135144,20.60000000000001,1,0,114,1_day,1,Charlotte Hornets,41,16,0.3902,1610612766,112,-128,2026-03-26,b5dcac663f902f16c62d91c7552bd07a,home_away_nba_game_day_local,2026-03-26T23:05:05.668392+00:00,0,2025,2.0,-2.0,223.5,False
NOP,119.83333333333333,113.22222222222223,True,0.4,110.2,116.0,-6.6111111111111,5.799999999999997,108,1_day,1,New Orleans Pelicans,25,9,0.36,1610612740,1.2,2026-03-26T00:00:00Z,0022501064,DET,107.6842105263158,117.89473684210526,True,1.6,2.2815,110.6,120.8,10.210526315789465,10.200000000000003,4,0,129,b2b,0,Detroit Pistons,28,15,0.5357,1610612765,185,-214,2026-03-26,63f535c5a95e35b7644f7b6655c82b98,home_away_nba_game_day_local,2026-03-26T23:05:05.668392+00:00,0,2025,5.0,-5.0,226.0,False
SAC,122.83783783783784,109.67567567567568,True,0.4,127.6,110.8,-13.162162162162161,-16.799999999999997,117,1_day,1,Sacramento Kings,33,14,0.4242,1610612758,0.0,2026-03-26T00:00:00Z,0022501065,ORL,114.23076923076923,116.35897435897436,True,0.4,1.9328,122.4,116.0,2.1282051282051384,-6.400000000000006,3,0,121,1_day,1,Orlando Magic,27,13,0.4815,1610612753,826,-1270,2026-03-26,6c518123941e3d6b5ca85502a16136f5,home_away_nba_game_day_local,2026-03-26T23:05:05.668392+00:00,0,2025,15.5,-15.5,231.0,False
LAC,113.17948717948718,111.56410256410257,True,0.4,110.0,118.8,-1.6153846153846132,8.799999999999997,114,1_day,1,LA Clippers,34,13,0.3824,1610612746,0.0,2026-03-27T00:00:00Z,0022501066,IND,118.89473684210526,113.76315789473684,True,0.4,1.3804,132.0,121.2,-5.131578947368425,-10.799999999999997,3,0,113,1_day,1,Indiana Pacers,36,16,0.4444,1610612754,,,2026-03-27,,,,0,2025,,,,False
ATL,118.36842105263158,118.78947368421052,True,0.4,116.6,126.4,0.4210526315789451,9.800000000000011,102,1_day,1,Atlanta Hawks,42,15,0.3571,1610612737,0.0,2026-03-27T00:00:00Z,0022501067,BOS,107.13157894736842,114.78947368421052,True,0.4,0.0,106.8,113.6,7.6578947368420955,6.799999999999997,1,0,109,1_day,1,Boston Celtics,35,14,0.4,1610612738,185,-214,2026-03-27,9443e4a245659d7362366345b5a91b39,home_away_nba_game_day_local,2026-03-27T23:35:06.135698+00:00,0,2025,5.0,-5.0,223.5,False
MIA,117.36842105263158,117.78947368421052,True,0.4,126.4,117.0,0.4210526315789451,-9.400000000000006,128,1_day,1,Miami Heat,46,15,0.3261,1610612748,0.0,2026-03-27T00:00:00Z,0022501068,CLE,114.07692307692308,118.02564102564102,True,0.4,2.151,116.6,117.6,3.948717948717942,1.0,4,0,149,1_day,1,Cleveland Cavaliers,41,19,0.4634,1610612739,185,-214,2026-03-27,5ce07242b2ab7c9c82700854c237a77a,home_away_nba_game_day_local,2026-03-27T23:35:06.135698+00:00,0,2025,5.5,-5.5,240.5,False
HOU,113.66666666666667,115.82051282051282,True,0.4,116.6,117.6,2.153846153846146,1.0,119,1_day,1,Houston Rockets,33,12,0.3636,1610612745,0.0,2026-03-27T00:00:00Z,0022501069,MEM,118.42105263157895,116.02631578947368,True,0.4,4.6875,125.6,108.6,-2.39473684210526,-17.0,9,0,109,1_day,1,Memphis Grizzlies,37,13,0.3514,1610612763,-883,631,2026-03-27,874b67c6be5c213484fdecdf0e37faf6,home_away_nba_game_day_local,2026-03-28T00:05:05.370784+00:00,0,2025,-14.0,14.0,227.0,False
CHI,124.08333333333333,117.75,True,0.4,128.4,124.0,-6.333333333333329,-4.400000000000006,113,1_day,1,Chicago Bulls,47,15,0.3191,1610612741,0.0,2026-03-27T00:00:00Z,0022501070,OKC,106.6842105263158,117.52631578947368,True,0.4,0.0,106.6,119.6,10.84210526315789,13.0,1,0,131,1_day,1,Oklahoma City Thunder,45,14,0.3111,1610612760,1163,-2253,2026-03-27,e1036e62b7cea2b7bade60f85bc0c1b1,home_away_nba_game_day_local,2026-03-28T00:05:05.370784+00:00,0,2025,19.0,-19.0,242.0,False
NOP,120.08108108108108,113.08108108108108,True,1.6,113.8,111.8,-7.0,-2.0,106,b2b,0,New Orleans Pelicans,28,7,0.25,1610612740,-1.2,2026-03-27T00:00:00Z,0022501071,TOR,111.8157894736842,113.26315789473684,True,0.4,0.2794,119.2,117.8,1.44736842105263,-1.4000000000000057,2,0,119,1_day,1,Toronto Raptors,28,10,0.3571,1610612761,271,-327,2026-03-27,f2ffa80a1e0d1a911096e80676b07a99,home_away_nba_game_day_local,2026-03-28T00:05:05.370784+00:00,0,2025,8.5,-8.5,229.0,False
UTA,123.8108108108108,114.32432432432432,True,0.4,129.0,118.4,-9.486486486486484,-10.599999999999994,129,1_day,1,Utah Jazz,33,9,0.2727,1610612762,0.0,2026-03-27T00:00:00Z,0022501072,DEN,114.94594594594595,119.08108108108108,True,0.4,0.0,122.0,126.8,4.13513513513513,4.799999999999997,0,0,135,1_day,1,Denver Nuggets,48,19,0.3958,1610612743,1163,-2253,2026-03-27,a2b709618069c3dd7c15f6192c11e93c,home_away_nba_game_day_local,2026-03-28T00:05:05.370784+00:00,0,2025,19.5,-19.5,246.5,False
WAS,123.75675675675676,111.70270270270271,True,0.4,126.8,113.8,-12.054054054054049,-13.0,126,1_day,1,Washington Wizards,42,18,0.4286,1610612764,0.0,2026-03-27T00:00:00Z,0022501073,GSW,114.97368421052632,117.42105263157895,True,0.4,4.0559,119.6,111.2,2.44736842105263,-8.399999999999991,5,0,131,1_day,1,Golden State Warriors,44,19,0.4318,1610612744,558,-755,2026-03-27,79aaaf1d88e3174addc5d58bd07e024d,home_away_nba_game_day_local,2026-03-28T00:05:05.370784+00:00,0,2025,12.0,-12.0,230.5,False
DAL,118.63157894736842,113.0,True,0.4,136.2,125.6,-5.631578947368425,-10.599999999999994,100,1_day,1,Dallas Mavericks,24,7,0.2917,1610612742,0.0,2026-03-27T00:00:00Z,0022501074,POR,117.0,118.73684210526316,True,0.4,0.4432,109.8,122.2,1.7368421052631646,12.400000000000006,3,0,93,1_day,1,Portland Trail Blazers,30,8,0.2667,1610612757,370,-464,2026-03-27,d4d54362306cefaac74ff35c3b020b78,home_away_nba_game_day_local,2026-03-28T00:05:05.370784+00:00,0,2025,10.5,-10.5,241.0,False
BKN,115.975,103.975,True,0.4,116.6,102.2,-12.0,-14.399999999999991,99,1_day,1,Brooklyn Nets,39,10,0.2564,1610612751,0.0,2026-03-27T00:00:00Z,0022501075,LAL,115.71794871794872,117.23076923076923,True,0.4,1.1278,117.8,122.0,1.512820512820511,4.200000000000003,1,0,116,1_day,1,Los Angeles Lakers,25,11,0.44,1610612747,1092,-1950,2026-03-27,b552edb9183af4efd9e7b1b203525ac0,home_away_nba_game_day_local,2026-03-28T00:05:05.370784+00:00,0,2025,19.0,-19.0,225.5,False
SAS,111.34146341463415,118.2439024390244,True,0.15,106.4,125.2,6.902439024390247,18.799999999999997,127,2_days,2,San Antonio Spurs,35,14,0.4,1610612759,0.0,2026-03-28T00:00:00Z,0022501076,MIL,117.97297297297297,114.13513513513513,True,0.15,2.4301,123.0,103.0,-3.8378378378378386,-20.0,4,0,95,2_days,2,Milwaukee Bucks,46,14,0.3043,1610612749,-1950,1092,2026-03-28,61b1ef0450e08478d708e8ab8a384647,home_away_nba_game_day_local,2026-03-28T18:05:05.259663+00:00,0,2025,-17.5,17.5,227.0,False
PHI,115.36111111111111,115.72222222222223,True,0.15,123.6,124.2,0.36111111111111427,0.6000000000000085,118,2_days,2,Philadelphia 76ers,34,16,0.4706,1610612755,0.25,2026-03-28T00:00:00Z,0022501077,CHA,111.65789473684211,115.97368421052632,True,0.4,0.0,102.2,127.6,4.315789473684205,25.39999999999999,1,0,114,1_day,1,Charlotte Hornets,55,17,0.3091,1610612766,206,-243,2026-03-28,def835f85134dff31d0e29a14591d960,home_away_nba_game_day_local,2026-03-28T22:05:06.479328+00:00,0,2025,6.5,-6.5,233.0,False
SAC,122.78947368421052,109.86842105263158,True,0.4,129.6,111.0,-12.921052631578945,-18.599999999999994,113,1_day,1,Sacramento Kings,32,12,0.375,1610612758,1.2,2026-03-28T00:00:00Z,0022501078,ATL,115.38461538461539,117.92307692307692,True,1.6,0.0,114.4,119.8,2.538461538461533,5.3999999999999915,1,0,123,b2b,0,Atlanta Hawks,41,16,0.3902,1610612737,533,-713,2026-03-28,d7a3bd092d17e72cfe007b92fc74dd1f,home_away_nba_game_day_local,2026-03-28T23:35:06.018981+00:00,0,2025,13.0,-13.0,234.5,False
CHI,124.27027027027027,117.62162162162163,True,1.6,133.2,120.2,-6.648648648648646,-12.999999999999986,124,b2b,0,Chicago Bulls,33,10,0.303,1610612741,0.0,2026-03-28T00:00:00Z,0022501079,MEM,118.43589743589743,115.84615384615384,True,1.6,4.6875,125.8,105.4,-2.589743589743591,-20.39999999999999,9,0,125,b2b,0,Memphis Grizzlies,38,12,0.3158,1610612763,560,-1000,2026-03-28,df362c645ce96c954aeec281f1951a22,home_away_nba_game_day_local,2026-03-29T02:35:05.529186+00:00,0,2025,3.5,-3.5,249.5,False
DET,112.10526315789474,116.73684210526316,True,0.4,108.8,120.6,4.631578947368425,11.799999999999997,109,1_day,1,Detroit Pistons,26,10,0.3846,1610612765,-0.25,2026-03-28T00:00:00Z,0022501080,MIN,111.1025641025641,115.71794871794872,True,0.15,2.2232,104.6,115.8,4.615384615384613,11.200000000000003,2,0,87,2_days,2,Minnesota Timberwolves,43,9,0.2093,1610612750,-10000,3300,2026-03-28,2f64bcd6f06f9cb1132a6be530d6848c,home_away_nba_game_day_local,2026-03-28T23:35:06.018981+00:00,0,2025,-15.5,15.5,191.5,False
UTA,124.10526315789474,114.71052631578948,True,1.6,126.6,122.0,-9.39473684210526,-4.599999999999994,109,b2b,0,Utah Jazz,23,10,0.4348,1610612762,-1.6,2026-03-28T00:00:00Z,0022501081,PHX,108.125,111.575,False,0.0,2.2252,109.6,110.4,3.450000000000003,0.8000000000000114,4,0,134,3_plus_days,3,Phoenix Suns,53,17,0.3208,1610612756,2200,-20000,2026-03-28,6ddf73112fefbe7dcb275c09ebdae6a6,home_away_nba_game_day_local,2026-03-29T02:35:05.529186+00:00,0,2025,24.5,-24.5,237.5,False
LAC,113.175,111.625,True,0.4,107.8,119.8,-1.5499999999999972,12.0,127,1_day,1,LA Clippers,30,13,0.4333,1610612746,1.2,2026-03-29T00:00:00Z,0022501082,MIL,118.21052631578948,113.63157894736842,True,1.6,2.4301,123.8,98.8,-4.578947368421055,-25.0,4,0,113,b2b,0,Milwaukee Bucks,44,20,0.4545,1610612749,,,2026-03-29,,,,0,2025,,,,False
MIA,118.17948717948718,118.05128205128206,True,0.4,129.0,121.4,-0.1282051282051242,-7.599999999999994,118,1_day,1,Miami Heat,37,13,0.3514,1610612748,0.0,2026-03-29T00:00:00Z,0022501083,IND,118.76923076923077,113.74358974358974,True,0.4,1.3804,127.6,121.8,-5.025641025641036,-5.799999999999997,3,0,135,1_day,1,Indiana Pacers,39,18,0.4615,1610612754,-345,285,2026-03-29,4a5c2769cf86051e5ed8bdd8a6633ab4,home_away_nba_game_day_local,2026-03-29T21:05:08.200215+00:00,0,2025,-8.5,8.5,245.5,False
SAC,122.7948717948718,109.94871794871794,True,1.6,127.8,112.8,-12.846153846153854,-15.0,99,b2b,0,Sacramento Kings,32,10,0.3125,1610612758,-1.2,2026-03-29T00:00:00Z,0022501084,BKN,115.66666666666667,109.75,True,0.4,2.3611,115.6,103.6,-5.916666666666671,-12.0,4,0,116,1_day,1,Brooklyn Nets,41,17,0.4146,1610612751,3500,-50000,2026-03-29,ba9f78305e7187a27e22f030883c2c19,home_away_nba_game_day_local,2026-03-30T00:05:05.968171+00:00,0,2025,13.5,-13.5,215.5,False
BOS,106.76315789473684,114.05263157894737,True,0.4,104.8,111.4,7.2894736842105345,6.6000000000000085,114,1_day,1,Boston Celtics,34,14,0.4118,1610612738,1.2,2026-03-29T00:00:00Z,0022501085,CHA,111.82051282051282,115.92307692307692,True,1.6,0.0,104.6,123.2,4.102564102564102,18.60000000000001,1,0,99,b2b,0,Charlotte Hornets,43,12,0.2791,1610612766,122,-138,2026-03-29,8d6b8b25d9790bf08a65761a3d63b611,home_away_nba_game_day_local,2026-03-29T22:05:07.465844+00:00,0,2025,2.5,-2.5,217.0,False
ORL,114.97297297297297,116.08108108108108,True,0.15,123.2,118.6,1.1081081081081123,-4.6000000000000085,87,2_days,2,Orlando Magic,38,9,0.2368,1610612753,0.25,2026-03-29T00:00:00Z,0022501086,TOR,111.66666666666667,113.41025641025641,True,0.4,0.2794,118.6,113.8,1.7435897435897374,-4.799999999999997,2,0,139,1_day,1,Toronto Raptors,29,13,0.4483,1610612761,117,-133,2026-03-29,4d3b276afc5789fb4a6564eee411bfa9,home_away_nba_game_day_local,2026-03-29T21:05:08.200215+00:00,0,2025,2.5,-2.5,226.0,False
WAS,123.94736842105263,112.07894736842105,True,0.4,127.0,115.6,-11.868421052631575,-11.400000000000006,88,1_day,1,Washington Wizards,22,5,0.2273,1610612764,0.0,2026-03-29T00:00:00Z,0022501087,POR,116.56410256410257,118.07692307692308,True,0.4,0.4432,106.0,115.4,1.512820512820511,9.400000000000006,3,0,123,1_day,1,Portland Trail Blazers,36,12,0.3333,1610612757,1025,-1755,2026-03-29,4ec80843b404f3215ab2cad16ced7f41,home_away_nba_game_day_local,2026-03-29T22:05:07.465844+00:00,0,2025,16.5,-16.5,236.5,False
HOU,113.55,115.9,True,0.4,113.6,118.2,2.3500000000000085,4.6000000000000085,134,1_day,1,Houston Rockets,44,18,0.4091,1610612745,0.0,2026-03-29T00:00:00Z,0022501088,NOP,119.17948717948718,118.12820512820512,True,0.4,0.7356,115.8,108.2,-1.0512820512820582,-7.599999999999994,1,0,102,1_day,1,New Orleans Pelicans,29,9,0.3103,1610612740,-238,202,2026-03-29,c05251e56d0bd871f5523e30058c7735,home_away_nba_game_day_local,2026-03-29T23:05:05.629251+00:00,0,2025,-6.0,6.0,226.5,False
NYK,111.0,114.61538461538461,True,0.15,109.0,119.6,3.615384615384613,10.599999999999994,100,2_days,2,New York Knicks,35,15,0.4286,1610612752,0.25,2026-03-29T00:00:00Z,0022501089,OKC,106.84615384615384,117.87179487179488,True,0.4,0.0,107.6,123.2,11.025641025641036,15.600000000000009,1,0,111,1_day,1,Oklahoma City Thunder,28,10,0.3571,1610612760,301,-366,2026-03-29,f1fe04fb5d59dc4d3b310d56b74a9f2a,home_away_nba_game_day_local,2026-03-29T23:05:05.629251+00:00,0,2025,8.5,-8.5,223.5,False
GSW,114.425,112.7,True,0.4,120.8,117.6,-1.7249999999999943,-3.200000000000003,93,1_day,1,Golden State Warriors,42,14,0.3333,1610612744,0.0,2026-03-29T00:00:00Z,0022501090,DEN,115.3157894736842,119.5,True,0.4,0.0,122.8,130.2,4.184210526315795,7.3999999999999915,0,0,116,1_day,1,Denver Nuggets,40,19,0.475,1610612743,471,-615,2026-03-29,976eb35602aca3acd738ec2621478695,home_away_nba_game_day_local,2026-03-30T02:05:04.939367+00:00,0,2025,11.5,-11.5,238.0,False
PHI,115.32432432432432,115.78378378378379,True,0.4,121.6,128.6,0.45945945945946676,7.0,109,1_day,1,Philadelphia 76ers,38,12,0.3158,1610612755,1.2,2026-03-30T00:00:00Z,0022501091,MIA,117.60975609756098,121.02439024390245,True,1.6,0.919,129.2,119.8,3.41463414634147,-9.399999999999991,2,0,119,b2b,0,Miami Heat,40,11,0.275,1610612748,-134,118,2026-03-30,2ba4ff0cef51aafdf9c5509533b14091,home_away_nba_game_day_local,2026-03-30T23:05:07.057817+00:00,0,2025,-2.0,2.0,243.0,False
BOS,106.56410256410257,114.05128205128206,True,1.6,104.8,110.2,7.487179487179489,5.400000000000006,102,b2b,0,Boston Celtics,37,14,0.3784,1610612738,-1.2,2026-03-30T00:00:00Z,0022501092,ATL,115.325,118.05,True,0.4,0.0,113.6,125.4,2.7249999999999943,11.800000000000011,0,0,112,1_day,1,Atlanta Hawks,38,15,0.3947,1610612737,3300,-10000,2026-03-30,6faf1f26b1e369d008c889f78e15732b,home_away_nba_game_day_local,2026-03-31T01:35:05.186043+00:00,0,2025,14.5,-14.5,211.5,False
PHX,113.89189189189189,113.45945945945945,True,0.4,108.2,116.4,-0.4324324324324351,8.200000000000003,131,1_day,1,Phoenix Suns,45,17,0.3778,1610612756,0.0,2026-03-30T00:00:00Z,0022501093,MEM,118.575,116.075,True,0.4,3.6802,127.2,108.0,-2.5,-19.200000000000003,8,0,105,1_day,1,Memphis Grizzlies,30,11,0.3667,1610612763,-664,502,2026-03-30,7d18651bc9124e2b06c6ffbc3af06ee6,home_away_nba_game_day_local,2026-03-31T00:05:06.009334+00:00,0,2025,-12.0,12.0,229.0,False
CHI,124.28947368421052,117.78947368421052,True,0.4,130.4,123.2,-6.5,-7.200000000000003,114,1_day,1,Chicago Bulls,44,13,0.2955,1610612741,0.0,2026-03-30T00:00:00Z,0022501094,SAS,112.02702702702703,120.94594594594595,True,0.4,0.0,104.6,124.2,8.91891891891892,19.60000000000001,1,0,129,1_day,1,San Antonio Spurs,34,14,0.4118,1610612759,1092,-1950,2026-03-30,99052db19c4b4026e439fcc94cd4f6e8,home_away_nba_game_day_local,2026-03-31T00:05:06.009334+00:00,0,2025,18.0,-18.0,246.5,False
MIN,118.56410256410257,120.66666666666667,True,0.4,105.6,110.0,2.102564102564102,4.400000000000006,124,1_day,1,Minnesota Timberwolves,31,14,0.4516,1610612750,-0.25,2026-03-30T00:00:00Z,0022501095,DAL,118.07692307692308,115.07692307692308,True,0.15,0.4292,129.0,123.4,-3.0,-5.599999999999994,4,0,94,2_days,2,Dallas Mavericks,29,7,0.2414,1610612742,-336,278,2026-03-30,529b588f29593d9353dc633d814bc188,home_away_nba_game_day_local,2026-03-31T00:35:05.768385+00:00,0,2025,-8.5,8.5,236.5,False
CLE,116.3157894736842,119.39473684210526,True,0.15,119.0,122.8,3.078947368421055,3.799999999999997,122,2_days,2,Cleveland Cavaliers,32,6,0.1875,1610612739,0.25,2026-03-30T00:00:00Z,0022501096,UTA,126.85,120.65,True,0.4,4.4097,134.2,118.2,-6.199999999999989,-15.999999999999986,6,0,113,1_day,1,Utah Jazz,29,15,0.5172,1610612762,-1561,950,2026-03-30,2d048fe85c2360eaad38501d77dd41e4,home_away_nba_game_day_local,2026-03-31T01:05:06.333645+00:00,0,2025,-16.5,16.5,242.5,False
DET,111.46153846153847,116.53846153846153,True,0.4,107.2,119.0,5.076923076923066,11.799999999999997,110,1_day,1,Detroit Pistons,43,16,0.3721,1610612765,1.2,2026-03-30T00:00:00Z,0022501097,OKC,106.675,117.7,True,1.6,0.0,109.2,121.2,11.025000000000006,12.0,1,0,114,b2b,0,Oklahoma City Thunder,34,10,0.2941,1610612760,477,-624,2026-03-30,e3266348b9f8e04ffa8ca5bbe8e55265,home_away_nba_game_day_local,2026-03-31T01:35:05.186043+00:00,0,2025,12.0,-12.0,217.5,False
WAS,123.92307692307692,111.46153846153847,True,1.6,128.2,114.2,-12.461538461538453,-13.999999999999986,101,b2b,0,Washington Wizards,35,7,0.2,1610612764,-1.45,2026-03-30T00:00:00Z,0022501098,LAL,115.3,117.2,True,0.15,1.1278,114.4,120.4,1.9000000000000057,6.0,1,0,120,2_days,2,Los Angeles Lakers,24,7,0.2917,1610612747,872,-1365,2026-03-30,7bab999d0c94806e44c5de1d60333079,home_away_nba_game_day_local,2026-03-31T02:05:07.379233+00:00,0,2025,16.0,-16.0,236.5,False
DAL,117.97435897435898,112.66666666666667,True,1.6,126.8,118.2,-5.307692307692307,-8.599999999999994,99,b2b,0,Dallas Mavericks,36,10,0.2778,1610612742,-1.2,2026-03-31T00:00:00Z,0022500652,MIL,118.43589743589743,113.61538461538461,True,0.4,3.5118,123.6,102.2,-4.820512820512818,-21.39999999999999,6,0,123,1_day,1,Milwaukee Bucks,54,20,0.3704,1610612749,3300,-10000,2026-03-31,ce4beaf577105bae5d26c3205ccce3b4,home_away_nba_game_day_local,2026-04-01T02:05:08.609740+00:00,0,2025,24.5,-24.5,226.5,False
PHX,113.65789473684211,113.92105263157895,True,1.6,109.0,122.6,0.2631578947368354,13.599999999999994,111,b2b,0,Phoenix Suns,46,14,0.3043,1610612756,-1.2,2026-03-31T00:00:00Z,0022501099,ORL,114.3,116.475,True,0.4,1.9328,125.0,113.8,2.174999999999997,-11.200000000000003,3,0,115,1_day,1,Orlando Magic,29,10,0.3448,1610612753,117,-133,2026-03-31,8c95b58e16520c12308e0196b0c19198,home_away_nba_game_day_local,2026-03-31T23:05:05.850505+00:00,0,2025,2.0,-2.0,225.5,False
CHA,112.7,117.225,True,0.4,105.2,117.0,4.5249999999999915,11.799999999999997,117,1_day,1,Charlotte Hornets,39,12,0.3077,1610612766,0.0,2026-03-31T00:00:00Z,0022501100,BKN,115.21621621621621,109.91891891891892,True,0.4,3.1575,116.8,108.4,-5.297297297297291,-8.399999999999991,5,0,86,1_day,1,Brooklyn Nets,35,7,0.2,1610612751,-1852,1059,2026-03-31,5821188b8c12a7b49e0f069e3974e502,home_away_nba_game_day_local,2026-03-31T23:35:07.079845+00:00,0,2025,-18.0,18.0,219.0,False
TOR,112.95,114.575,True,0.4,111.8,118.6,1.625,6.799999999999997,116,1_day,1,Toronto Raptors,29,10,0.3448,1610612761,1.2,2026-03-31T00:00:00Z,0022501101,DET,107.6923076923077,118.17948717948718,True,1.6,4.4755,109.8,118.0,10.487179487179489,8.200000000000003,5,0,127,b2b,0,Detroit Pistons,23,13,0.5652,1610612765,132,-149,2026-03-31,b6b9e83d82f672bcffebdad2ba67d51d,home_away_nba_game_day_local,2026-03-31T23:35:07.079845+00:00,0,2025,3.0,-3.0,220.5,False
NYK,111.0,114.25,True,0.4,109.2,112.4,3.25,3.200000000000003,94,1_day,1,New York Knicks,34,10,0.2941,1610612752,0.0,2026-03-31T00:00:00Z,0022501102,HOU,107.75675675675676,114.08108108108108,True,0.4,0.0,115.0,121.6,6.324324324324323,6.599999999999994,2,0,111,1_day,1,Houston Rockets,35,15,0.4286,1610612745,-112,-104,2026-03-31,0fee871b4f5cc68f4c933d5eb56d25c8,home_away_nba_game_day_local,2026-03-31T23:35:07.079845+00:00,0,2025,-1.0,1.0,218.0,False
CLE,116.23076923076923,119.46153846153847,True,1.6,119.6,124.2,3.2307692307692406,4.6000000000000085,113,b2b,0,Cleveland Cavaliers,39,13,0.3333,1610612739,0.0,2026-03-31T00:00:00Z,0022501103,LAL,114.95121951219512,117.26829268292683,True,1.6,1.3083,109.4,117.6,2.317073170731703,8.199999999999989,2,0,127,b2b,0,Los Angeles Lakers,31,13,0.4194,1610612747,122,-138,2026-03-31,87dab37c8c29cf1586f973f3fe0ca38a,home_away_nba_game_day_local,2026-04-01T02:05:08.609740+00:00,0,2025,2.0,-2.0,235.5,False
POR,117.375,113.125,True,0.4,102.8,118.4,-4.25,15.600000000000009,114,1_day,1,Portland Trail Blazers,45,15,0.3333,1610612757,0.0,2026-03-31T00:00:00Z,0022501104,LAC,110.64864864864865,115.32432432432432,True,0.4,0.0,109.4,125.4,4.675675675675677,16.0,2,0,104,1_day,1,LA Clippers,30,10,0.3333,1610612746,,,2026-03-31,,,,0,2025,,,,False
NYK,111.0,113.7560975609756,True,1.6,113.0,112.6,2.756097560975604,-0.4000000000000057,130,b2b,0,New York Knicks,32,13,0.4062,1610612752,-1.2,2026-04-01T00:00:00Z,0022501003,MEM,118.8780487804878,115.8048780487805,True,0.4,3.6802,128.6,108.8,-3.0731707317073074,-19.799999999999997,8,0,119,1_day,1,Memphis Grizzlies,36,16,0.4444,1610612763,-786,576,2026-04-01,d1686c3ffba608b202d00ecc3756d422,home_away_nba_game_day_local,2026-04-01T23:35:06.317750+00:00,0,2025,-14.0,14.0,225.0,False
PHI,115.42105263157895,115.60526315789474,True,0.4,121.8,122.6,0.1842105263157947,0.7999999999999972,153,1_day,1,Philadelphia 76ers,35,17,0.4857,1610612755,0.0,2026-04-01T00:00:00Z,0022501105,WAS,123.10526315789474,113.63157894736842,True,0.4,2.1266,125.8,112.2,-9.473684210526315,-13.599999999999994,5,0,131,1_day,1,Washington Wizards,40,16,0.4,1610612764,-1077,733,2026-04-01,ccecac4a3706f43f36fd63ae97cbfc88,home_away_nba_game_day_local,2026-04-01T22:35:06.004276+00:00,0,2025,-14.0,14.0,237.5,False
BOS,106.7,113.75,True,0.4,104.8,107.2,7.049999999999997,2.4000000000000057,147,1_day,1,Boston Celtics,44,21,0.4773,1610612738,0.0,2026-04-01T00:00:00Z,0022501106,MIA,117.4047619047619,120.97619047619048,True,0.4,0.919,126.4,119.2,3.5714285714285836,-7.200000000000003,2,0,129,1_day,1,Miami Heat,47,24,0.5106,1610612748,-200,175,2026-04-01,5f035331e20684a116344413531bab36,home_away_nba_game_day_local,2026-04-01T23:05:06.074413+00:00,0,2025,-4.5,4.5,229.5,False
ATL,118.12820512820512,118.35897435897436,True,0.4,112.0,122.6,0.2307692307692406,10.599999999999994,130,1_day,1,Atlanta Hawks,37,15,0.4054,1610612737,1.2,2026-04-01T00:00:00Z,0022501107,ORL,114.21951219512195,116.4390243902439,True,1.6,1.9328,126.2,116.0,2.2195121951219505,-10.200000000000003,3,0,101,b2b,0,Orlando Magic,32,6,0.1875,1610612753,-138,122,2026-04-01,4f3f3b8a05f65c9938f8dff1229df5e3,home_away_nba_game_day_local,2026-04-01T22:35:06.004276+00:00,0,2025,-2.5,2.5,234.5,False
SAC,122.625,109.675,True,0.15,123.2,109.0,-12.950000000000003,-14.200000000000003,123,2_days,2,Sacramento Kings,33,12,0.3636,1610612758,1.45,2026-04-01T00:00:00Z,0022501108,TOR,111.05,114.05,True,1.6,0.7342,113.2,122.2,3.0,9.0,3,0,115,b2b,0,Toronto Raptors,23,9,0.3913,1610612761,517,-689,2026-04-01,333a6fd05a4f8492b95e9d9426450430,home_away_nba_game_day_local,2026-04-01T23:35:06.317750+00:00,0,2025,12.5,-12.5,228.0,False
IND,122.76923076923077,110.46153846153847,True,0.15,125.8,125.0,-12.307692307692307,-0.7999999999999972,145,2_days,2,Indiana Pacers,48,20,0.4167,1610612754,0.25,2026-04-01T00:00:00Z,0022501109,CHI,117.78048780487805,115.53658536585365,True,0.4,2.0307,133.2,124.0,-2.243902439024396,-9.199999999999989,5,0,126,1_day,1,Chicago Bulls,39,13,0.3333,1610612741,146,-165,2026-04-01,1e9f8048801efb165d39e008270e4942,home_away_nba_game_day_local,2026-04-02T00:05:06.601153+00:00,0,2025,4.0,-4.0,247.0,False
MIL,114.61538461538461,107.6923076923077,True,1.6,122.4,105.2,-6.92307692307692,-17.200000000000003,113,b2b,0,Milwaukee Bucks,40,17,0.425,1610612749,0.0,2026-04-01T00:00:00Z,0022501110,HOU,107.39473684210526,114.0,True,1.6,0.0,109.4,119.2,6.60526315789474,9.799999999999997,2,0,119,b2b,0,Houston Rockets,42,18,0.4286,1610612745,1183,-2353,2026-04-01,6f4627df908d38c70424ce6896309b37,home_away_nba_game_day_local,2026-04-01T23:35:06.317750+00:00,0,2025,19.0,-19.0,215.5,False
DEN,117.26190476190476,121.52380952380952,True,0.15,118.4,129.2,4.261904761904759,10.799999999999983,130,2_days,2,Denver Nuggets,39,16,0.4103,1610612743,0.25,2026-04-01T00:00:00Z,0022501112,UTA,126.73170731707317,120.46341463414635,True,0.4,4.4097,133.4,117.6,-6.268292682926827,-15.800000000000011,6,0,117,1_day,1,Utah Jazz,37,12,0.3243,1610612762,-1950,1092,2026-04-01,8b86324be55670d1f3c59008ae771dac,home_away_nba_game_day_local,2026-04-02T00:05:06.601153+00:00,0,2025,-17.0,17.0,249.5,False
SAS,110.95238095238095,118.45238095238095,True,0.4,107.4,129.8,7.5,22.400000000000006,127,1_day,1,San Antonio Spurs,47,15,0.3191,1610612759,-0.25,2026-04-01T00:00:00Z,0022501113,GSW,115.25641025641026,117.76923076923077,True,0.15,3.8353,121.0,116.0,2.512820512820511,-5.0,4,0,113,2_days,2,Golden State Warriors,35,14,0.4,1610612744,-979,683,2026-04-01,54540a1bafcd2e0cff9b5cd8a09e0bfa,home_away_nba_game_day_local,2026-04-02T00:05:06.601153+00:00,0,2025,-14.0,14.0,227.5,False
PHX,113.6923076923077,113.84615384615384,True,0.4,110.4,123.8,0.1538461538461462,13.399999999999991,107,1_day,1,Phoenix Suns,39,16,0.4103,1610612756,0.0,2026-04-02T00:00:00Z,0022501114,CHA,111.875,115.5,True,0.4,0.0,102.2,115.6,3.625,13.399999999999991,0,0,127,1_day,1,Charlotte Hornets,49,18,0.3673,1610612766,188,-219,2026-04-02,289fb44a6171fe5e7365b05dca97889e,home_away_nba_game_day_local,2026-04-02T23:05:06.662196+00:00,0,2025,5.5,-5.5,227.5,False
MIN,117.95,120.75,True,0.15,102.2,105.4,2.799999999999997,3.200000000000003,108,2_days,2,Minnesota Timberwolves,42,13,0.3095,1610612750,0.25,2026-04-02T00:00:00Z,0022501115,DET,107.9,118.4,True,0.4,1.6179,111.0,120.8,10.5,9.799999999999997,2,0,113,1_day,1,Detroit Pistons,23,10,0.4348,1610612765,179,-204,2026-04-02,b70520c84d1db67fb83d5d3666ef1d46,home_away_nba_game_day_local,2026-04-02T23:05:06.662196+00:00,0,2025,5.5,-5.5,220.5,False
LAL,114.3,114.175,True,0.4,111.2,122.0,-0.125,10.799999999999997,96,1_day,1,Los Angeles Lakers,30,7,0.2333,1610612747,-0.25,2026-04-02T00:00:00Z,0022501116,OKC,106.7560975609756,117.60975609756098,True,0.15,0.0,109.0,117.6,10.853658536585371,8.599999999999994,1,0,139,2_days,2,Oklahoma City Thunder,42,19,0.4524,1610612760,304,-371,2026-04-02,97f990a7956a23f16f9298270f5b556e,home_away_nba_game_day_local,2026-04-03T01:35:07.302933+00:00,0,2025,9.5,-9.5,233.5,False
CLE,116.5,119.3,True,0.4,123.8,124.6,2.799999999999997,0.7999999999999972,118,1_day,1,Cleveland Cavaliers,36,16,0.4444,1610612739,1.2,2026-04-02T00:00:00Z,0022501117,GSW,115.55,117.65,True,1.6,3.8353,121.2,116.6,2.1000000000000085,-4.6000000000000085,4,0,111,b2b,0,Golden State Warriors,44,12,0.2727,1610612744,-455,364,2026-04-02,67a88265216bd48208f38288dba434ba,home_away_nba_game_day_local,2026-04-03T02:05:07.548992+00:00,0,2025,-10.5,10.5,230.0,False
NOP,120.05263157894737,112.89473684210526,False,0.0,122.8,107.6,-7.15789473684211,-15.200000000000003,106,3_plus_days,3,New Orleans Pelicans,23,9,0.3913,1610612740,0.4,2026-04-02T00:00:00Z,0022501118,POR,115.85,118.2,True,0.4,1.1866,98.0,118.8,2.3500000000000085,20.799999999999997,4,0,118,1_day,1,Portland Trail Blazers,51,20,0.3922,1610612757,206,-243,2026-04-02,52a9bdfa0493e80275ae71f49de1146f,home_away_nba_game_day_local,2026-04-03T02:05:07.548992+00:00,0,2025,6.0,-6.0,235.5,False
SAS,111.0,118.65116279069767,True,1.6,106.2,128.4,7.6511627906976685,22.200000000000003,118,b2b,0,San Antonio Spurs,31,12,0.3871,1610612759,-1.2,2026-04-02T00:00:00Z,0022501119,LAC,110.73684210526316,115.02631578947368,True,0.4,0.5822,106.0,118.6,4.28947368421052,12.599999999999994,3,0,99,1_day,1,LA Clippers,27,5,0.1852,1610612746,,,2026-04-02,,,,0,2025,,,,False
IND,122.85,111.325,True,0.4,124.2,130.2,-11.524999999999991,5.999999999999986,108,1_day,1,Indiana Pacers,36,15,0.4167,1610612754,1.2,2026-04-03T00:00:00Z,0022501120,CHA,111.7560975609756,115.78048780487805,True,1.6,0.0,105.6,114.2,4.024390243902445,8.600000000000009,1,0,129,b2b,0,Charlotte Hornets,49,24,0.4898,1610612766,950,-1561,2026-04-03,033717528554996f232e2517ea1ad281,home_away_nba_game_day_local,2026-04-03T23:05:06.560358+00:00,0,2025,15.5,-15.5,234.5,False
MIN,117.82926829268293,120.4390243902439,True,1.6,103.2,106.2,2.6097560975609753,3.0,103,b2b,0,Minnesota Timberwolves,43,14,0.3256,1610612750,-1.2,2026-04-03T00:00:00Z,0022501121,PHI,117.14634146341463,115.2439024390244,True,0.4,0.1289,124.8,128.0,-1.9024390243902332,3.200000000000003,1,0,115,1_day,1,Philadelphia 76ers,26,9,0.3462,1610612755,143,-162,2026-04-03,21031d5ee035e890ee79d1afeef2f40c,home_away_nba_game_day_local,2026-04-03T23:05:06.560358+00:00,0,2025,3.5,-3.5,234.0,False
ATL,117.7,118.65,True,0.4,110.8,119.4,0.9500000000000028,8.600000000000009,141,1_day,1,Atlanta Hawks,39,20,0.5128,1610612737,-0.25,2026-04-03T00:00:00Z,0022501122,BKN,115.26315789473684,109.28947368421052,True,0.15,2.3611,115.0,101.2,-5.973684210526315,-13.799999999999997,4,0,107,2_days,2,Brooklyn Nets,28,12,0.4286,1610612751,-1804,1042,2026-04-03,cb55f248d8dbb539ca55edf31d762f6a,home_away_nba_game_day_local,2026-04-03T23:35:05.869095+00:00,0,2025,-17.0,17.0,226.0,False
CHI,124.41025641025641,117.6923076923077,True,0.4,137.4,122.8,-6.717948717948715,-14.600000000000009,96,1_day,1,Chicago Bulls,35,11,0.3143,1610612741,0.0,2026-04-03T00:00:00Z,0022501123,NYK,109.07317073170732,118.1219512195122,True,0.4,0.0,114.2,109.6,9.048780487804876,-4.6000000000000085,0,0,136,1_day,1,New York Knicks,39,15,0.3846,1610612752,826,-1270,2026-04-03,d2565f4ec40ef0701e442d56c8d44ff2,home_away_nba_game_day_local,2026-04-03T23:35:05.869095+00:00,0,2025,13.5,-13.5,237.0,False
UTA,124.35897435897436,114.56410256410257,True,0.4,130.8,115.6,-9.794871794871796,-15.200000000000017,106,1_day,1,Utah Jazz,27,5,0.1852,1610612762,0.0,2026-04-03T00:00:00Z,0022501124,HOU,107.53846153846153,114.12820512820512,True,0.4,0.0,105.6,118.2,6.589743589743591,12.600000000000009,2,0,140,1_day,1,Houston Rockets,32,15,0.4688,1610612745,1163,-2253,2026-04-03,e9a2348d7311c62fe296a00ed8c03e29,home_away_nba_game_day_local,2026-04-04T00:05:07.009113+00:00,0,2025,18.5,-18.5,233.5,False
TOR,113.29268292682927,114.60975609756098,True,0.4,112.4,116.6,1.3170731707317032,4.199999999999989,128,1_day,1,Toronto Raptors,24,9,0.375,1610612761,0.0,2026-04-03T00:00:00Z,0022501125,MEM,119.14285714285714,115.88095238095238,True,0.4,4.9514,125.4,111.2,-3.261904761904759,-14.200000000000003,10,0,96,1_day,1,Memphis Grizzlies,42,11,0.2619,1610612763,-1028,708,2026-04-03,3880a34134efe663dcdc776fff7cde38,home_away_nba_game_day_local,2026-04-03T23:35:05.869095+00:00,0,2025,-14.0,14.0,233.5,False
BOS,107.2439024390244,114.5609756097561,True,0.4,110.2,118.2,7.317073170731703,8.0,133,1_day,1,Boston Celtics,37,17,0.4595,1610612738,0.0,2026-04-03T00:00:00Z,0022501126,MIL,117.95,113.85,True,0.4,2.1092,120.4,108.6,-4.1000000000000085,-11.800000000000011,4,0,101,1_day,1,Milwaukee Bucks,47,21,0.4468,1610612749,-2453,1203,2026-04-03,d33be5a00d538b7bd7dee98ed5166593,home_away_nba_game_day_local,2026-04-04T00:05:07.009113+00:00,0,2025,-18.0,18.0,218.0,False
ORL,115.60526315789474,115.3157894736842,True,0.4,126.6,111.0,-0.28947368421053454,-15.599999999999994,138,1_day,1,Orlando Magic,26,14,0.5385,1610612753,-0.25,2026-04-03T00:00:00Z,0022501127,DAL,118.225,114.55,True,0.15,0.0,123.8,111.8,-3.674999999999997,-12.0,3,0,127,2_days,2,Dallas Mavericks,42,14,0.3333,1610612742,-272,229,2026-04-03,905392b9896b3f0d42e43bc4af97d72e,home_away_nba_game_day_local,2026-04-04T00:35:06.663756+00:00,0,2025,-7.0,7.0,239.0,False
NOP,120.0,112.71794871794872,True,1.6,124.2,107.6,-7.282051282051285,-16.60000000000001,113,b2b,0,New Orleans Pelicans,34,14,0.4118,1610612740,-1.2,2026-04-03T00:00:00Z,0022501128,SAC,119.5,112.0,True,0.4,3.5665,121.8,108.4,-7.5,-13.399999999999991,7,0,117,1_day,1,Sacramento Kings,33,10,0.303,1610612758,-248,210,2026-04-03,2c0009c3a722545d107730244928ad22,home_away_nba_game_day_local,2026-04-04T02:05:07.963880+00:00,0,2025,-7.0,7.0,232.0,False
WAS,123.825,111.2,True,0.15,127.4,115.8,-12.625,-11.600000000000009,136,2_days,2,Washington Wizards,40,17,0.425,1610612764,0.0,2026-04-04T00:00:00Z,0022501129,MIA,118.09302325581395,121.16279069767442,True,0.15,0.919,128.6,122.8,3.0697674418604777,-5.799999999999997,2,0,152,2_days,2,Miami Heat,39,17,0.4359,1610612748,1203,-2453,2026-04-04,b146607a8fe26fe467294dfdbaa0ff2b,home_away_nba_game_day_local,2026-04-04T19:05:06.759518+00:00,0,2025,18.0,-18.0,246.0,False
SAS,110.72727272727273,118.63636363636364,True,0.4,103.8,124.8,7.9090909090909065,21.0,134,1_day,1,San Antonio Spurs,45,15,0.3333,1610612759,-0.25,2026-04-04T00:00:00Z,0022501130,DEN,114.74358974358974,119.41025641025641,True,0.15,1.2248,119.4,129.6,4.666666666666671,10.199999999999989,3,0,136,2_days,2,Denver Nuggets,46,19,0.413,1610612743,-123,107,2026-04-04,53273367f28e360f2e7814dd06e29a24,home_away_nba_game_day_local,2026-04-04T19:05:06.759518+00:00,0,2025,-1.5,1.5,244.0,False
DET,111.525,116.375,True,0.4,106.6,117.6,4.849999999999994,11.0,116,1_day,1,Detroit Pistons,28,11,0.3929,1610612765,1.2,2026-04-04T00:00:00Z,0022501131,PHI,116.80952380952381,115.23809523809524,True,1.6,0.1289,120.8,130.4,-1.5714285714285694,9.600000000000009,1,0,93,b2b,0,Philadelphia 76ers,29,8,0.2759,1610612755,-144,127,2026-04-04,dc7b446ad8c325394b7d604d3e17ad7b,home_away_nba_game_day_local,2026-04-04T21:05:06.949428+00:00,0,2025,-3.0,3.0,226.0,False
TOR,112.88095238095238,114.92857142857143,True,0.4,107.8,123.4,2.047619047619051,15.600000000000009,101,1_day,1,Toronto Raptors,20,8,0.4,1610612761,0.0,2026-04-05T00:00:00Z,0022501132,BOS,107.0,114.64102564102564,True,0.4,0.0,108.6,121.0,7.641025641025635,12.400000000000006,0,0,115,1_day,1,Boston Celtics,28,8,0.2857,1610612738,360,-460,2026-04-05,6f1339b3519de542ab74c59857bfeff1,home_away_nba_game_day_local,2026-04-04T21:05:06.949428+00:00,0,2025,9.5,-9.5,221.5,False
WAS,124.51219512195122,111.8048780487805,True,1.6,135.8,116.4,-12.707317073170728,-19.400000000000006,115,b2b,0,Washington Wizards,25,9,0.36,1610612764,-1.2,2026-04-05T00:00:00Z,0022501133,BKN,115.92307692307692,109.23076923076923,True,0.4,0.0,116.4,102.8,-6.692307692307693,-13.600000000000009,0,0,121,1_day,1,Brooklyn Nets,40,15,0.375,1610612751,156,-186,2026-04-05,c1b3d187f022b0870bfa7128e1d02ae5,home_away_nba_game_day_local,2026-04-04T21:05:06.949428+00:00,0,2025,4.5,-4.5,230.5,False
PHX,114.025,113.675,True,0.15,116.2,121.2,-0.3500000000000085,5.0,120,2_days,2,Phoenix Suns,32,13,0.4062,1610612756,0.25,2026-04-05T00:00:00Z,0022501134,CHI,118.42857142857143,115.78571428571429,True,0.4,0.0,133.2,114.6,-2.642857142857139,-18.599999999999994,0,0,110,1_day,1,Chicago Bulls,39,10,0.2564,1610612741,-520,400,2026-04-05,8071f80d106d512c88016b240e766d84,home_away_nba_game_day_local,2026-04-04T21:05:06.949428+00:00,0,2025,-9.5,9.5,237.0,False
MEM,120.94871794871794,114.51282051282051,True,0.4,126.4,110.8,-6.435897435897431,-15.600000000000009,115,1_day,1,Memphis Grizzlies,46,17,0.3696,1610612763,0.0,2026-04-05T00:00:00Z,0022501135,MIL,118.3170731707317,113.53658536585365,True,0.4,0.0,121.0,109.0,-4.7804878048780495,-12.0,0,0,131,1_day,1,Milwaukee Bucks,32,16,0.5,1610612749,,,2026-04-05,,,,0,2025,,,,False
IND,123.0,111.2439024390244,True,0.4,124.8,126.2,-11.756097560975604,1.4000000000000057,108,1_day,1,Indiana Pacers,44,17,0.3864,1610612754,-0.25,2026-04-05T00:00:00Z,0022501136,CLE,114.425,118.8,True,0.15,0.0,119.8,121.0,4.375,1.2000000000000028,0,0,117,2_days,2,Cleveland Cavaliers,47,16,0.3404,1610612739,980,-1800,2026-04-05,4f3d29a0317850ac56b0c6db31223705,home_away_nba_game_day_local,2026-04-04T21:05:06.949428+00:00,0,2025,16.0,-16.0,239.5,False
CHA,112.04878048780488,117.21951219512195,True,0.4,106.6,117.2,5.170731707317074,10.600000000000009,122,1_day,1,Charlotte Hornets,45,19,0.4222,1610612766,0.0,2026-04-05T00:00:00Z,0022501137,MIN,111.05,115.0,True,0.4,0.0,107.8,106.4,3.950000000000003,-1.3999999999999915,0,0,108,1_day,1,Minnesota Timberwolves,38,14,0.3684,1610612750,106,-124,2026-04-05,8bce3373da945128589ce3cabae25443,home_away_nba_game_day_local,2026-04-04T21:05:06.949428+00:00,0,2025,1.5,-1.5,226.0,False
ORL,115.8974358974359,115.8974358974359,True,0.4,124.8,112.4,0.0,-12.399999999999991,112,1_day,1,Orlando Magic,33,7,0.2121,1610612753,0.0,2026-04-05T00:00:00Z,0022501138,NOP,119.55,117.725,True,0.4,0.0,123.4,107.0,-1.8250000000000028,-16.400000000000006,0,0,108,1_day,1,New Orleans Pelicans,31,10,0.3226,1610612740,-184,154,2026-04-05,9f54cd277a7d7a9fe0de35d568dfa4af,home_away_nba_game_day_local,2026-04-04T21:05:06.949428+00:00,0,2025,-4.0,4.0,236.0,False
UTA,124.75,114.35,True,0.4,132.2,114.8,-10.400000000000006,-17.39999999999999,111,1_day,1,Utah Jazz,39,14,0.359,1610612762,-0.25,2026-04-05T00:00:00Z,0022501139,OKC,106.5,118.11904761904762,True,0.15,0.0,107.6,120.8,11.61904761904762,13.200000000000003,0,0,146,2_days,2,Oklahoma City Thunder,45,24,0.5333,1610612760,1300,-3000,2026-04-05,5441d9423f924c9a489ca00a7e321466,home_away_nba_game_day_local,2026-04-04T21:05:06.949428+00:00,0,2025,20.5,-20.5,239.0,False
LAL,114.90243902439025,113.73170731707317,True,0.15,116.4,119.2,-1.1707317073170742,2.799999999999997,128,2_days,2,Los Angeles Lakers,27,8,0.2963,1610612747,0.25,2026-04-05T00:00:00Z,0022501140,DAL,118.70731707317073,114.85365853658537,True,0.4,0.0,124.0,111.0,-3.853658536585357,-13.0,0,0,134,1_day,1,Dallas Mavericks,32,14,0.4375,1610612742,-235,194,2026-04-05,c6dfafffbada89cc908addd3a1f7748b,home_away_nba_game_day_local,2026-04-04T21:05:06.949428+00:00,0,2025,-5.5,5.5,233.5,False
LAC,113.17073170731707,112.0,True,0.15,110.4,112.6,-1.1707317073170742,2.1999999999999886,138,2_days,2,LA Clippers,41,20,0.4878,1610612746,0.25,2026-04-05T00:00:00Z,0022501141,SAC,119.34146341463415,112.1219512195122,True,0.4,0.0,117.6,113.8,-7.2195121951219505,-3.799999999999997,0,0,109,1_day,1,Sacramento Kings,32,9,0.2812,1610612758,,,2026-04-05,,,,0,2025,,,,False
HOU,113.26829268292683,116.34146341463415,True,0.4,104.8,124.6,3.0731707317073216,19.799999999999997,117,1_day,1,Houston Rockets,29,13,0.4483,1610612745,-0.25,2026-04-05T00:00:00Z,0022501142,GSW,115.60975609756098,117.48780487804878,True,0.15,0.0,118.6,111.4,1.878048780487802,-7.199999999999989,0,0,116,2_days,2,Golden State Warriors,40,14,0.35,1610612744,-156,132,2026-04-05,8516988340b00d09278e04abd65885ad,home_away_nba_game_day_local,2026-04-04T21:05:06.949428+00:00,0,2025,-4.0,4.0,225.0,False
NYK,111.19047619047619,114.14285714285714,True,0.15,110.2,112.6,2.952380952380949,2.3999999999999915,108,2_days,2,New York Knicks,33,11,0.3333,1610612752,0.0,2026-04-06T00:00:00Z,0022501143,ATL,115.0,117.90243902439025,True,0.15,0.0,106.4,121.6,2.9024390243902474,15.199999999999989,1,0,105,2_days,2,Atlanta Hawks,42,16,0.381,1610612737,102,-118,2026-04-06,dce0f3f389617fa7daa990c209ee8acc,home_away_nba_game_day_local,2026-04-06T23:05:07.247915+00:00,0,2025,1.5,-1.5,226.0,False
DET,111.07317073170732,116.36585365853658,True,0.4,103.6,115.0,5.292682926829258,11.400000000000006,107,1_day,1,Detroit Pistons,30,10,0.3333,1610612765,1.2,2026-04-06T00:00:00Z,0022501144,ORL,114.5952380952381,116.07142857142857,True,1.6,2.1233,123.0,110.6,1.4761904761904674,-12.400000000000006,4,0,123,b2b,0,Orlando Magic,26,11,0.4231,1610612753,-118,102,2026-04-06,ec27c42246b5e40c34f4c2d93930ed20,home_away_nba_game_day_local,2026-04-06T23:05:07.247915+00:00,0,2025,-1.0,1.0,222.5,False
CLE,116.36585365853658,119.26829268292683,True,1.6,117.4,123.8,2.9024390243902474,6.3999999999999915,142,b2b,0,Cleveland Cavaliers,32,12,0.375,1610612739,0.0,2026-04-06T00:00:00Z,0022501145,MEM,119.34883720930233,115.4186046511628,True,1.6,3.6802,128.8,112.0,-3.9302325581395365,-16.80000000000001,8,0,126,b2b,0,Memphis Grizzlies,59,29,0.4915,1610612763,-1077,733,2026-04-06,c2ff7eb921314ca5ebc2ad18db189374,home_away_nba_game_day_local,2026-04-07T00:05:07.073919+00:00,0,2025,-13.5,13.5,231.5,False
PHI,115.82051282051282,116.56410256410257,True,0.4,116.6,117.6,0.7435897435897516,1.0,102,1_day,1,Philadelphia 76ers,32,10,0.3125,1610612755,0.0,2026-04-06T00:00:00Z,0022501146,SAS,112.07894736842105,121.15789473684211,True,0.4,0.0,111.4,127.0,9.078947368421055,15.599999999999994,1,0,115,1_day,1,San Antonio Spurs,32,11,0.3438,1610612759,301,-366,2026-04-06,14dede373d304abbddc590d2bcc81e4e,home_away_nba_game_day_local,2026-04-07T00:05:07.073919+00:00,0,2025,9.0,-9.0,237.0,False
POR,117.04878048780488,113.14634146341463,False,0.0,99.4,115.6,-3.9024390243902474,16.19999999999999,132,3_plus_days,3,Portland Trail Blazers,52,25,0.4808,1610612757,0.4,2026-04-06T00:00:00Z,0022501147,DEN,115.225,119.825,True,0.4,1.2248,121.6,131.8,4.6000000000000085,10.200000000000017,3,0,137,1_day,1,Denver Nuggets,38,12,0.3158,1610612743,-130,102,2026-04-06,76e52ccb4140e4936de62dbadae0808d,home_away_nba_game_day_local,2026-04-07T02:35:10.631818+00:00,0,2025,-3.5,3.5,242.5,False
CHI,124.7,117.15,True,0.4,131.0,114.0,-7.549999999999997,-17.0,129,1_day,1,Chicago Bulls,45,15,0.3333,1610612741,0.0,2026-04-07T00:00:00Z,0022501148,WAS,123.87179487179488,114.07692307692308,True,0.4,2.1266,133.8,114.2,-9.794871794871796,-19.60000000000001,6,0,98,1_day,1,Washington Wizards,38,11,0.2895,1610612764,-223,191,2026-04-07,9f4ac4d421b28dcb2764f555eb8a8f0c,home_away_nba_game_day_local,2026-04-07T23:05:06.450168+00:00,0,2025,-6.0,6.0,249.5,False
CHA,111.95238095238095,117.33333333333333,True,0.4,104.6,118.8,5.38095238095238,14.200000000000003,102,1_day,1,Charlotte Hornets,49,16,0.3265,1610612766,0.0,2026-04-07T00:00:00Z,0022501149,BOS,106.85,114.65,True,0.4,0.0,108.4,122.2,7.800000000000011,13.799999999999997,0,0,113,1_day,1,Boston Celtics,42,17,0.4048,1610612738,175,-200,2026-04-07,96d26f7a098eba89636e1a99c7c79d8d,home_away_nba_game_day_local,2026-04-08T00:05:06.939878+00:00,0,2025,4.0,-4.0,221.0,False
MIL,114.725,107.825,True,0.4,118.6,116.2,-6.8999999999999915,-2.3999999999999915,90,1_day,1,Milwaukee Bucks,45,15,0.3333,1610612749,0.0,2026-04-07T00:00:00Z,0022501150,BKN,115.9,109.525,True,0.4,5.8539,117.6,105.8,-6.375,-11.799999999999997,8,0,96,1_day,1,Brooklyn Nets,26,9,0.3462,1610612751,-133,117,2026-04-07,d669fae8ce6b2ba2ca97fb61dc09e2ce,home_away_nba_game_day_local,2026-04-07T23:05:06.450168+00:00,0,2025,-2.0,2.0,220.0,False
MIA,118.6,118.05,True,0.15,135.2,129.2,-0.5499999999999972,-6.0,95,2_days,2,Miami Heat,44,12,0.2727,1610612748,0.25,2026-04-07T00:00:00Z,0022501151,TOR,111.34146341463415,114.07317073170732,True,0.4,0.2794,109.6,119.8,2.731707317073173,10.200000000000003,2,0,121,1_day,1,Toronto Raptors,28,12,0.4286,1610612761,122,-138,2026-04-07,9aaa887e3f4a853902d6613072b2f35b,home_away_nba_game_day_local,2026-04-07T23:35:06.544051+00:00,0,2025,2.5,-2.5,241.0,False
MIN,117.76190476190476,120.02380952380952,True,0.4,110.6,106.0,2.261904761904759,-4.599999999999994,124,1_day,1,Minnesota Timberwolves,41,17,0.4146,1610612750,0.0,2026-04-07T00:00:00Z,0022501152,IND,118.75,114.275,True,0.4,4.8799,120.8,121.8,-4.474999999999994,1.0,8,0,104,1_day,1,Indiana Pacers,26,9,0.3462,1610612754,-20000,2000,2026-04-07,be5171067867c61067c779345515c72d,home_away_nba_game_day_local,2026-04-08T01:05:07.269219+00:00,0,2025,-28.5,28.5,236.5,False
UTA,125.26829268292683,114.26829268292683,True,0.4,134.4,111.2,-11.0,-23.200000000000003,137,1_day,1,Utah Jazz,32,10,0.3125,1610612762,0.0,2026-04-07T00:00:00Z,0022501153,NOP,119.36585365853658,117.48780487804878,True,0.4,1.8155,120.0,107.0,-1.878048780487802,-13.0,3,0,156,1_day,1,New Orleans Pelicans,34,14,0.4118,1610612740,206,-243,2026-04-07,24016853f9722af6d4829341d7ae4d81,home_away_nba_game_day_local,2026-04-08T00:05:06.939878+00:00,0,2025,6.0,-6.0,243.0,False
SAC,122.4390243902439,110.0,True,0.4,121.0,112.2,-12.439024390243901,-8.799999999999997,105,1_day,1,Sacramento Kings,31,11,0.3548,1610612758,0.0,2026-04-07T00:00:00Z,0022501154,GSW,115.64285714285714,117.45238095238095,True,0.4,4.1992,120.8,112.8,1.8095238095238102,-8.0,5,0,110,1_day,1,Golden State Warriors,38,17,0.4474,1610612744,708,-1028,2026-04-07,74efed6fa8060207aa1784a960c6141c,home_away_nba_game_day_local,2026-04-08T02:05:08.693503+00:00,0,2025,14.5,-14.5,232.0,False
OKC,108.73170731707317,118.26829268292683,True,0.4,106.0,128.2,9.536585365853654,22.19999999999999,123,1_day,1,Oklahoma City Thunder,41,21,0.5122,1610612760,0.0,2026-04-07T00:00:00Z,0022501155,LAL,114.9047619047619,117.5,True,0.4,2.3742,117.2,117.4,2.595238095238102,0.20000000000000284,3,0,87,1_day,1,Los Angeles Lakers,26,9,0.3462,1610612747,-1852,1059,2026-04-07,01f002eb30dfd24045740d4fbf68207e,home_away_nba_game_day_local,2026-04-08T02:35:09.135036+00:00,0,2025,-18.0,18.0,221.0,False
DAL,118.1,112.325,True,0.4,121.2,110.8,-5.7749999999999915,-10.400000000000006,103,1_day,1,Dallas Mavericks,33,6,0.1818,1610612742,0.0,2026-04-07T00:00:00Z,0022501156,LAC,110.92307692307692,114.61538461538461,True,0.4,0.5822,113.4,116.4,3.6923076923076934,3.0,3,0,116,1_day,1,LA Clippers,37,14,0.3784,1610612746,,,2026-04-07,,,,0,2025,,,,False
HOU,113.33333333333333,116.35714285714286,True,0.4,106.2,124.2,3.0238095238095326,18.0,119,1_day,1,Houston Rockets,38,14,0.3684,1610612745,0.0,2026-04-07T00:00:00Z,0022501157,PHX,108.14634146341463,112.1219512195122,True,0.4,0.2368,113.2,120.6,3.975609756097569,7.3999999999999915,1,0,105,1_day,1,Phoenix Suns,31,7,0.2258,1610612756,-118,102,2026-04-07,6ec00d2267f0fe20067d4e2363a17162,home_away_nba_game_day_local,2026-04-08T02:35:09.135036+00:00,0,2025,-1.0,1.0,222.0,False
ATL,117.4390243902439,119.1951219512195,True,0.4,106.2,122.2,1.7560975609756042,16.0,116,1_day,1,Atlanta Hawks,34,12,0.3529,1610612737,0.0,2026-04-08T00:00:00Z,0022501158,CLE,114.26829268292683,118.7560975609756,True,0.4,1.1475,117.0,122.4,4.487804878048777,5.400000000000006,3,0,122,1_day,1,Cleveland Cavaliers,33,12,0.3636,1610612739,139,-158,2026-04-08,3fe42fd427985fed1fee7c2e58935a67,home_away_nba_game_day_local,2026-04-08T22:35:06.893814+00:00,0,2025,3.5,-3.5,236.5,False
MIN,117.44186046511628,120.11627906976744,True,1.6,109.6,113.4,2.6744186046511658,3.8000000000000114,120,b2b,0,Minnesota Timberwolves,44,18,0.4091,1610612750,-1.2,2026-04-08T00:00:00Z,0022501159,ORL,114.4186046511628,116.23255813953489,True,0.4,0.1906,116.6,117.8,1.8139534883720927,1.2000000000000028,2,0,132,1_day,1,Orlando Magic,29,12,0.4138,1610612753,370,-464,2026-04-08,cc5e682d9f44baa1c9d41eb3fd1c89b0,home_away_nba_game_day_local,2026-04-08T22:35:06.893814+00:00,0,2025,11.5,-11.5,233.0,False
MIL,114.26829268292683,107.39024390243902,True,1.6,112.4,111.6,-6.878048780487802,-0.8000000000000114,111,b2b,0,Milwaukee Bucks,50,17,0.34,1610612749,-1.2,2026-04-08T00:00:00Z,0022501160,DET,107.90243902439025,118.26829268292683,True,0.4,1.6179,110.8,114.6,10.36585365853658,3.799999999999997,2,0,137,1_day,1,Detroit Pistons,30,14,0.4667,1610612765,1363,-3253,2026-04-08,c14b4c18b6b1e91a53302fdcc32910f2,home_away_nba_game_day_local,2026-04-08T23:05:06.597042+00:00,0,2025,22.0,-22.0,223.0,False
POR,117.52380952380952,113.5952380952381,True,0.4,107.0,116.0,-3.9285714285714164,9.0,101,1_day,1,Portland Trail Blazers,37,12,0.3243,1610612757,0.0,2026-04-08T00:00:00Z,0022501161,SAS,111.82051282051282,121.0,True,0.4,0.0,112.8,124.6,9.179487179487182,11.799999999999997,2,0,112,1_day,1,San Antonio Spurs,29,11,0.3793,1610612759,136,-155,2026-04-08,08c9fd2b6b80f1f763e2c2eb3e935208,home_away_nba_game_day_local,2026-04-08T23:05:06.597042+00:00,0,2025,3.5,-3.5,229.5,False
MEM,121.2,114.525,True,0.4,132.4,112.2,-6.674999999999997,-20.200000000000003,119,1_day,1,Memphis Grizzlies,50,19,0.38,1610612763,0.0,2026-04-08T00:00:00Z,0022501162,DEN,115.63414634146342,120.2439024390244,True,0.4,0.9071,121.0,130.8,4.609756097560975,9.800000000000011,2,0,136,1_day,1,Denver Nuggets,36,14,0.3889,1610612743,1711,-5041,2026-04-08,41c07b1937b8a59703253dc470ca4ddb,home_away_nba_game_day_local,2026-04-09T01:05:05.998684+00:00,0,2025,23.5,-23.5,247.0,False
OKC,108.21428571428571,118.38095238095238,True,1.6,100.8,126.6,10.166666666666671,25.799999999999997,128,b2b,0,Oklahoma City Thunder,34,13,0.3824,1610612760,0.0,2026-04-08T00:00:00Z,0022501163,LAC,110.725,114.65,True,1.6,0.5822,111.4,116.8,3.9250000000000114,5.3999999999999915,3,0,110,b2b,0,LA Clippers,32,14,0.4375,1610612746,,,2026-04-08,,,,0,2025,,,,False
DAL,118.04878048780488,112.09756097560975,True,1.6,125.8,111.4,-5.951219512195124,-14.399999999999991,107,b2b,0,Dallas Mavericks,36,13,0.3611,1610612742,0.0,2026-04-08T00:00:00Z,0022501164,PHX,108.4047619047619,111.95238095238095,True,1.6,0.2368,115.2,114.8,3.547619047619051,-0.4000000000000057,1,0,112,b2b,0,Phoenix Suns,35,14,0.4,1610612756,487,-640,2026-04-08,3e95057b94b2d930c8cc201db634eaf8,home_away_nba_game_day_local,2026-04-09T02:05:07.896375+00:00,0,2025,12.5,-12.5,234.0,False
MIA,118.65853658536585,117.48780487804878,True,0.4,129.6,122.6,-1.1707317073170742,-7.0,114,1_day,1,Miami Heat,35,14,0.4,1610612748,0.0,2026-04-09T00:00:00Z,0022501165,TOR,110.95238095238095,114.23809523809524,True,0.4,0.2794,111.2,116.2,3.285714285714292,5.0,1,0,128,1_day,1,Toronto Raptors,30,13,0.4333,1610612761,146,-165,2026-04-09,53b49bbe56f8581f353bbbb5c6179ac5,home_away_nba_game_day_local,2026-04-09T23:05:06.915379+00:00,0,2025,4.0,-4.0,236.5,False
CHI,124.04878048780488,117.4390243902439,True,0.4,125.6,115.0,-6.609756097560975,-10.599999999999994,119,1_day,1,Chicago Bulls,30,9,0.3,1610612741,0.0,2026-04-09T00:00:00Z,0022501166,WAS,124.0,113.675,True,0.4,2.6393,135.0,116.2,-10.325000000000003,-18.799999999999997,7,0,108,1_day,1,Washington Wizards,38,10,0.2632,1610612764,-277,233,2026-04-09,0852cffec341701f6a0dde8619ae9f56,home_away_nba_game_day_local,2026-04-09T23:05:06.915379+00:00,0,2025,-7.0,7.0,249.5,False
IND,122.85714285714286,111.16666666666667,True,0.4,122.8,120.0,-11.69047619047619,-2.799999999999997,123,1_day,1,Indiana Pacers,31,8,0.2581,1610612754,0.0,2026-04-09T00:00:00Z,0022501167,BKN,115.26829268292683,109.1951219512195,True,0.4,6.8266,112.4,105.2,-6.073170731707322,-7.200000000000003,10,0,94,1_day,1,Brooklyn Nets,38,8,0.2105,1610612751,-158,139,2026-04-09,625bbdf7bc0bdf1d57b3f97742908221,home_away_nba_game_day_local,2026-04-09T23:05:06.915379+00:00,0,2025,-3.0,3.0,224.5,False
BOS,107.0952380952381,115.0,True,0.4,109.0,122.0,7.904761904761898,13.0,106,1_day,1,Boston Celtics,43,16,0.3721,1610612738,-0.25,2026-04-09T00:00:00Z,0022501168,NYK,108.76190476190476,118.54761904761905,True,0.15,0.0,108.4,113.6,9.785714285714292,5.199999999999989,0,0,112,2_days,2,New York Knicks,35,15,0.4286,1610612752,146,-165,2026-04-09,bf30a732402325cab54ab666ee0f5c11,home_away_nba_game_day_local,2026-04-09T23:05:06.915379+00:00,0,2025,4.0,-4.0,212.0,False
PHI,115.8,116.2,True,0.15,116.8,114.4,0.4000000000000057,-2.3999999999999915,102,2_days,2,Philadelphia 76ers,32,11,0.3438,1610612755,0.25,2026-04-09T00:00:00Z,0022501169,HOU,107.5,114.775,True,0.4,0.0,106.8,121.2,7.275000000000006,14.400000000000006,2,0,113,1_day,1,Houston Rockets,32,11,0.3438,1610612745,210,-248,2026-04-09,30b372ff1973370201b644c207be2dd3,home_away_nba_game_day_local,2026-04-10T00:05:06.122059+00:00,0,2025,6.0,-6.0,226.0,False
LAL,115.35714285714286,114.07142857142857,True,0.4,122.0,111.6,-1.2857142857142918,-10.400000000000006,119,1_day,1,Los Angeles Lakers,29,16,0.5517,1610612747,0.0,2026-04-09T00:00:00Z,0022501170,GSW,115.3953488372093,117.27906976744185,True,0.4,3.5916,116.6,108.6,1.8837209302325562,-8.0,5,0,103,1_day,1,Golden State Warriors,30,9,0.3,1610612744,-103,-113,2026-04-09,29fe17f5b19da82ce2957c3683a10aa7,home_away_nba_game_day_local,2026-04-10T02:05:09.213408+00:00,0,2025,1.5,-1.5,222.0,False
DET,111.35714285714286,116.14285714285714,True,0.4,110.2,120.0,4.785714285714278,9.799999999999997,118,1_day,1,Detroit Pistons,27,9,0.3333,1610612765,-0.25,2026-04-10T00:00:00Z,0022501171,CHA,111.66666666666667,116.0952380952381,True,0.15,0.0,104.4,119.4,4.428571428571431,15.0,1,0,100,2_days,2,Charlotte Hornets,47,13,0.2766,1610612766,176,-201,2026-04-10,1126b937945abff19e12dc1ac60f2ecb,home_away_nba_game_day_local,2026-04-10T23:05:07.555704+00:00,0,2025,5.5,-5.5,225.0,False
MIA,118.88095238095238,117.4047619047619,True,1.6,128.2,121.8,-1.4761904761904816,-6.3999999999999915,140,b2b,0,Miami Heat,37,20,0.5405,1610612748,0.0,2026-04-10T00:00:00Z,0022501172,WAS,123.8780487804878,113.53658536585365,True,1.6,4.3665,134.8,117.6,-10.341463414634148,-17.200000000000017,10,0,117,b2b,0,Washington Wizards,31,14,0.4516,1610612764,-1464,910,2026-04-10,f47d78a747510d6ef00500f74872372d,home_away_nba_game_day_local,2026-04-10T23:05:07.555704+00:00,0,2025,-15.5,15.5,244.0,False
CLE,116.5952380952381,119.80952380952381,True,0.4,117.6,122.4,3.214285714285708,4.800000000000011,102,1_day,1,Cleveland Cavaliers,27,7,0.2593,1610612739,0.0,2026-04-10T00:00:00Z,0022501173,ATL,114.83333333333333,117.5952380952381,True,0.4,0.0,108.0,120.8,2.7619047619047734,12.799999999999997,1,0,124,1_day,1,Atlanta Hawks,44,16,0.3636,1610612737,289,-351,2026-04-10,70a2274c4f82c7a3f37879b7edf0cfa4,home_away_nba_game_day_local,2026-04-10T23:05:07.555704+00:00,0,2025,8.0,-8.0,233.0,False
NOP,119.925,112.725,True,0.15,123.6,117.0,-7.200000000000003,-6.599999999999994,118,2_days,2,New Orleans Pelicans,32,9,0.2812,1610612740,1.45,2026-04-10T00:00:00Z,0022501174,BOS,106.73170731707317,114.60975609756098,True,1.6,1.204,109.0,122.8,7.878048780487802,13.799999999999997,1,0,144,b2b,0,Boston Celtics,59,29,0.4915,1610612738,1092,-1950,2026-04-10,80adae4b4459f5602f7500d94892f2a5,home_away_nba_game_day_local,2026-04-10T23:35:06.902909+00:00,0,2025,18.0,-18.0,227.5,False
PHI,115.73170731707317,115.85365853658537,True,1.6,115.6,113.0,0.1219512195121979,-2.5999999999999943,105,b2b,0,Philadelphia 76ers,29,5,0.1724,1610612755,0.0,2026-04-10T00:00:00Z,0022501175,IND,118.8780487804878,114.02439024390245,True,1.6,5.0164,118.0,117.6,-4.853658536585357,-0.4000000000000057,9,0,94,b2b,0,Indiana Pacers,50,14,0.28,1610612754,-1077,733,2026-04-10,4398234154ac742bd22d689c8d4bf956,home_away_nba_game_day_local,2026-04-10T23:35:06.902909+00:00,0,2025,-14.5,14.5,235.0,False
TOR,112.93023255813954,114.6046511627907,True,1.6,108.6,118.6,1.6744186046511658,10.0,95,b2b,0,Toronto Raptors,25,10,0.4,1610612761,0.0,2026-04-10T00:00:00Z,0022501176,NYK,108.69767441860465,118.3953488372093,True,1.6,0.6817,107.4,116.0,9.697674418604649,8.599999999999994,1,0,112,b2b,0,New York Knicks,31,8,0.2581,1610612752,222,-263,2026-04-10,39083e08e7959b0ec516933d574379cd,home_away_nba_game_day_local,2026-04-10T23:35:06.902909+00:00,0,2025,6.5,-6.5,218.0,False
ORL,115.7,115.8,True,0.4,118.4,121.2,0.09999999999999432,2.799999999999997,127,1_day,1,Orlando Magic,37,13,0.3514,1610612753,1.2,2026-04-10T00:00:00Z,0022501177,CHI,118.46511627906976,115.65116279069767,True,1.6,4.6524,121.4,116.0,-2.8139534883720927,-5.400000000000006,8,0,103,b2b,0,Chicago Bulls,39,10,0.2564,1610612741,-1174,781,2026-04-10,ebbf0d3885094991ff36055e753635a3,home_away_nba_game_day_local,2026-04-11T00:05:06.756645+00:00,0,2025,-15.5,15.5,247.0,False
MIN,117.77272727272727,120.11363636363636,True,0.4,117.2,112.6,2.3409090909090935,-4.6000000000000085,136,1_day,1,Minnesota Timberwolves,30,15,0.5,1610612750,1.2,2026-04-10T00:00:00Z,0022501178,HOU,107.36585365853658,114.73170731707317,True,1.6,0.0,108.4,121.6,7.365853658536594,13.199999999999989,2,0,132,b2b,0,Houston Rockets,19,4,0.2105,1610612745,364,-455,2026-04-10,1fbdc557471472d90b606f5e50853915,home_away_nba_game_day_local,2026-04-11T01:35:07.471385+00:00,0,2025,9.5,-9.5,228.0,False
BKN,115.97560975609755,103.85365853658537,True,1.6,117.2,100.8,-12.121951219512184,-16.400000000000006,108,b2b,0,Brooklyn Nets,45,18,0.4,1610612751,-1.2,2026-04-10T00:00:00Z,0022501179,MIL,118.23809523809524,113.95238095238095,True,0.4,2.5825,120.0,109.2,-4.285714285714292,-10.799999999999997,4,0,125,1_day,1,Milwaukee Bucks,48,24,0.5,1610612749,381,-479,2026-04-10,d463e0aa51436ff32f8ee83d6d3893a8,home_away_nba_game_day_local,2026-04-11T00:05:06.756645+00:00,0,2025,10.5,-10.5,218.0,False
DAL,117.9047619047619,111.97619047619048,True,0.4,123.4,114.0,-5.928571428571416,-9.400000000000006,120,1_day,1,Dallas Mavericks,40,15,0.375,1610612742,0.0,2026-04-10T00:00:00Z,0022501180,SAS,111.55,120.775,True,0.4,0.0,110.2,121.2,9.225000000000009,11.0,1,0,139,1_day,1,San Antonio Spurs,32,13,0.4062,1610612759,1092,-1950,2026-04-10,51aa38f3acd638a314975c61ab16a862,home_away_nba_game_day_local,2026-04-10T23:35:06.902909+00:00,0,2025,18.5,-18.5,238.0,False
MEM,121.5609756097561,114.63414634146342,True,0.4,133.4,115.0,-6.926829268292678,-18.400000000000006,101,1_day,1,Memphis Grizzlies,52,11,0.2115,1610612763,-0.25,2026-04-10T00:00:00Z,0022501181,UTA,126.80952380952381,120.38095238095238,True,0.15,5.8916,138.8,116.8,-6.428571428571431,-22.000000000000014,9,0,147,2_days,2,Utah Jazz,35,15,0.4286,1610612762,162,-185,2026-04-10,88bf78be502ce70dd7e5e669cd9f95df,home_away_nba_game_day_local,2026-04-11T01:35:07.471385+00:00,0,2025,5.0,-5.0,248.0,False
OKC,108.25581395348837,118.6046511627907,True,0.4,102.8,130.0,10.348837209302332,27.200000000000003,107,1_day,1,Oklahoma City Thunder,44,14,0.3182,1610612760,0.0,2026-04-10T00:00:00Z,0022501182,DEN,115.71428571428571,120.61904761904762,True,0.4,0.9071,119.0,131.0,4.904761904761912,12.0,2,0,127,1_day,1,Denver Nuggets,43,21,0.4884,1610612743,250,-340,2026-04-10,11fa8c6f7710a287909a9765aa925cce,home_away_nba_game_day_local,2026-04-11T02:05:10.660876+00:00,0,2025,6.5,-6.5,224.5,False
LAC,113.07142857142857,112.61904761904762,True,0.4,114.4,113.4,-0.452380952380949,-1.0,97,1_day,1,LA Clippers,40,13,0.325,1610612746,0.0,2026-04-10T00:00:00Z,0022501183,POR,115.60975609756098,118.1951219512195,True,0.4,1.1866,109.4,117.6,2.58536585365853,8.199999999999989,4,0,116,1_day,1,Portland Trail Blazers,39,12,0.3077,1610612757,,,2026-04-10,,,,0,2025,,,,False
GSW,114.46341463414635,112.21951219512195,True,1.6,117.2,110.6,-2.243902439024396,-6.6000000000000085,118,b2b,0,Golden State Warriors,36,14,0.3889,1610612744,-1.45,2026-04-10T00:00:00Z,0022501184,SAC,119.78571428571429,112.04761904761905,True,0.15,4.5715,118.4,110.6,-7.738095238095241,-7.800000000000011,8,0,124,2_days,2,Sacramento Kings,44,17,0.3864,1610612758,-493,390,2026-04-10,d6099dffbcac5bbcdf69fd35c6229ff7,home_away_nba_game_day_local,2026-04-11T02:05:10.660876+00:00,0,2025,-11.0,11.0,228.5,False
PHX,113.92682926829268,113.82926829268293,True,0.4,115.6,111.0,-0.09756097560975263,-4.599999999999994,73,1_day,1,Phoenix Suns,40,7,0.175,1610612756,1.2,2026-04-10T00:00:00Z,0022501185,LAL,115.09302325581395,116.79069767441861,True,1.6,2.9323,122.4,111.4,1.697674418604663,-11.0,4,0,101,b2b,0,Los Angeles Lakers,20,8,0.4,1610612747,-133,117,2026-04-10,1935906088ec1cf3d2f989ace06a8acb,home_away_nba_game_day_local,2026-04-11T02:05:10.660876+00:00,0,2025,-2.5,2.5,217.0,False
ORL,115.39024390243902,116.07317073170732,True,0.4,113.0,126.4,0.6829268292682968,13.400000000000006,108,1_day,1,Orlando Magic,43,12,0.2791,1610612753,0.0,2026-04-12T00:00:00Z,0022501186,BOS,107.0,115.30952380952381,True,0.4,4.3496,106.8,122.2,8.30952380952381,15.400000000000006,4,0,113,1_day,1,Boston Celtics,50,19,0.38,1610612738,-737,547,2026-04-12,f78d40af453b24c39e18559579894d14,home_away_nba_game_day_local,2026-04-12T22:05:06.449482+00:00,0,2025,-13.5,13.5,222.5,False
WAS,124.42857142857143,111.88095238095238,True,0.4,132.2,114.8,-12.547619047619051,-17.39999999999999,117,1_day,1,Washington Wizards,41,18,0.439,1610612764,0.0,2026-04-12T00:00:00Z,0022501187,CLE,114.30952380952381,118.83333333333333,True,0.4,6.4711,117.0,120.2,4.523809523809518,3.200000000000003,9,0,130,1_day,1,Cleveland Cavaliers,43,18,0.4186,1610612739,401,-508,2026-04-12,ad75b36adad0af42dea87b9bcdfa91f8,home_away_nba_game_day_local,2026-04-12T22:05:06.449482+00:00,0,2025,10.5,-10.5,234.0,False
DET,111.09302325581395,116.18604651162791,True,0.4,107.0,118.2,5.093023255813961,11.200000000000003,133,1_day,1,Detroit Pistons,33,15,0.4545,1610612765,0.0,2026-04-12T00:00:00Z,0022501188,IND,118.54761904761905,113.54761904761905,True,0.4,4.0525,113.8,107.4,-5.0,-6.3999999999999915,8,0,121,1_day,1,Indiana Pacers,54,23,0.4259,1610612754,-7000,1500,2026-04-12,4675acfb68965858aa571a0493a222da,home_away_nba_game_day_local,2026-04-13T00:05:06.042542+00:00,0,2025,-20.5,20.5,250.5,False
ATL,117.54761904761905,119.11904761904762,True,0.4,108.0,123.2,1.5714285714285694,15.200000000000003,117,1_day,1,Atlanta Hawks,44,17,0.3864,1610612737,0.0,2026-04-12T00:00:00Z,0022501189,MIA,118.5,121.86363636363636,True,0.4,0.4699,129.8,126.0,3.3636363636363598,-3.8000000000000114,2,0,143,1_day,1,Miami Heat,37,15,0.4054,1610612748,800,-1800,2026-04-12,22dcb3e32847c7eab5774e8927016216,home_away_nba_game_day_local,2026-04-13T00:05:06.042542+00:00,0,2025,17.5,-17.5,251.5,False
CHA,111.97674418604652,116.97674418604652,True,0.4,110.8,116.0,5.0,5.200000000000003,110,1_day,1,Charlotte Hornets,52,19,0.3654,1610612766,0.0,2026-04-12T00:00:00Z,0022501190,NYK,108.38636363636364,118.25,True,0.4,6.5133,104.2,119.6,9.86363636363636,15.399999999999991,7,0,96,1_day,1,New York Knicks,40,13,0.325,1610612752,-834,603,2026-04-12,38b10a0526d5b246097a502269bcdf71,home_away_nba_game_day_local,2026-04-12T22:05:06.449482+00:00,0,2025,-14.5,14.5,217.0,False
MIL,114.80952380952381,107.47619047619048,True,0.4,117.8,111.6,-7.333333333333329,-6.200000000000003,106,1_day,1,Milwaukee Bucks,47,13,0.2766,1610612749,0.0,2026-04-12T00:00:00Z,0022501191,PHI,116.79069767441861,114.72093023255815,True,0.4,1.0948,108.2,103.4,-2.0697674418604635,-4.799999999999997,2,0,126,1_day,1,Philadelphia 76ers,41,16,0.3902,1610612755,230,-295,2026-04-12,23c66e71d25675800d939e532e38bcd2,home_away_nba_game_day_local,2026-04-10T19:35:06.808112+00:00,0,2025,9.5,-9.5,,False
BKN,116.19047619047619,103.95238095238095,True,0.4,118.8,105.2,-12.23809523809524,-13.599999999999994,101,1_day,1,Brooklyn Nets,34,9,0.2647,1610612751,0.0,2026-04-12T00:00:00Z,0022501192,TOR,111.02325581395348,114.55813953488372,True,0.4,0.2794,106.4,114.6,3.534883720930239,8.199999999999989,1,0,136,1_day,1,Toronto Raptors,27,12,0.4444,1610612761,1915,-6727,2026-04-12,d55bfef33abc5dc6dba0717236d0ee80,home_away_nba_game_day_local,2026-04-12T22:05:06.449482+00:00,0,2025,24.0,-24.0,219.0,False
CHI,123.66666666666667,117.47619047619048,True,0.4,117.8,111.4,-6.19047619047619,-6.3999999999999915,128,1_day,1,Chicago Bulls,38,10,0.2632,1610612741,0.0,2026-04-12T00:00:00Z,0022501193,DAL,118.92857142857143,115.30952380952381,True,0.4,3.5141,126.6,118.2,-3.6190476190476204,-8.399999999999991,7,0,149,1_day,1,Dallas Mavericks,49,22,0.449,1610612742,175,-200,2026-04-12,c8cde1aa908581185caf0bb87659055a,home_away_nba_game_day_local,2026-04-13T00:35:12.142631+00:00,0,2025,5.0,-5.0,250.0,False
MEM,122.16666666666667,114.30952380952381,True,0.4,136.8,111.4,-7.857142857142861,-25.400000000000006,101,1_day,1,Memphis Grizzlies,49,13,0.2653,1610612763,0.0,2026-04-12T00:00:00Z,0022501194,HOU,108.04761904761905,115.14285714285714,True,0.4,5.5384,113.0,124.2,7.095238095238088,11.200000000000003,6,0,132,1_day,1,Houston Rockets,49,14,0.2857,1610612745,733,-1077,2026-04-12,fdd561cce076bab5eb0f0651d1d0f8e4,home_away_nba_game_day_local,2026-04-13T00:35:12.142631+00:00,0,2025,15.0,-15.0,231.0,False
NOP,120.51219512195122,112.85365853658537,True,0.4,125.6,120.2,-7.658536585365852,-5.3999999999999915,126,1_day,1,New Orleans Pelicans,21,5,0.2381,1610612740,0.0,2026-04-12T00:00:00Z,0022501195,MIN,111.3170731707317,114.82926829268293,True,0.4,6.9498,121.0,118.2,3.5121951219512226,-2.799999999999997,9,0,132,1_day,1,Minnesota Timberwolves,37,10,0.2703,1610612750,146,-165,2026-04-12,47ede7b5685ae38218b5c2ea1ffd1699,home_away_nba_game_day_local,2026-04-13T00:35:12.142631+00:00,0,2025,3.5,-3.5,239.0,False
PHX,113.61904761904762,112.85714285714286,True,0.4,112.8,103.4,-0.7619047619047592,-9.399999999999991,135,1_day,1,Phoenix Suns,41,20,0.4878,1610612756,0.0,2026-04-12T00:00:00Z,0022501196,OKC,106.6046511627907,118.76744186046511,True,0.4,6.6002,106.2,128.6,12.16279069767441,22.39999999999999,10,0,103,1_day,1,Oklahoma City Thunder,46,18,0.3913,1610612760,-10000,1700,2026-04-12,8c4fafe262a5424f243a130d7ab60e82,home_away_nba_game_day_local,2026-04-13T02:35:05.480869+00:00,0,2025,-27.5,27.5,238.5,False
DEN,117.25581395348837,121.72093023255815,True,0.4,121.8,133.2,4.465116279069775,11.399999999999991,128,1_day,1,Denver Nuggets,30,11,0.3667,1610612743,0.0,2026-04-12T00:00:00Z,0022501197,SAS,111.7560975609756,121.21951219512195,True,0.4,0.3613,111.6,123.6,9.463414634146346,12.0,2,0,118,1_day,1,San Antonio Spurs,47,15,0.3191,1610612759,340,-420,2026-04-12,09604d4c311c1eb2215317d12154f42a,home_away_nba_game_day_local,2026-04-13T00:35:12.142631+00:00,0,2025,9.5,-9.5,235.0,False
UTA,126.0,114.80952380952381,True,0.4,134.6,123.6,-11.19047619047619,-11.0,107,1_day,1,Utah Jazz,34,7,0.2059,1610612762,0.0,2026-04-12T00:00:00Z,0022501198,LAL,114.13636363636364,116.43181818181819,True,0.4,1.8046,114.4,106.2,2.2954545454545467,-8.200000000000003,3,0,131,1_day,1,Los Angeles Lakers,34,15,0.4412,1610612747,781,-1174,2026-04-12,3f3bec3a69985062b105b5fe8bf06fe9,home_away_nba_game_day_local,2026-04-13T00:35:12.142631+00:00,0,2025,14.5,-14.5,239.0,False
GSW,114.69047619047619,112.35714285714286,True,0.4,116.6,111.6,-2.3333333333333286,-5.0,110,1_day,1,Golden State Warriors,39,11,0.2821,1610612744,0.0,2026-04-12T00:00:00Z,0022501199,LAC,111.14634146341463,114.53658536585365,True,0.4,0.5822,114.8,112.0,3.3902439024390247,-2.799999999999997,3,0,115,1_day,1,LA Clippers,39,14,0.359,1610612746,,,2026-04-12,,,,0,2025,,,,False
SAC,122.14285714285714,109.88095238095238,True,0.4,118.8,115.6,-12.26190476190476,-3.200000000000003,110,1_day,1,Sacramento Kings,21,7,0.3333,1610612758,0.0,2026-04-12T00:00:00Z,0022501200,POR,115.16666666666667,118.14285714285714,True,0.4,0.7434,111.2,116.2,2.9761904761904674,5.0,3,0,122,1_day,1,Portland Trail Blazers,46,16,0.3478,1610612757,1183,-2353,2026-04-12,3f5adb3e93b0c63eb14ed1d0e8b90a43,home_away_nba_game_day_local,2026-04-13T00:35:12.142631+00:00,0,2025,19.0,-19.0,226.5,False
MIA,118.83720930232558,117.93023255813954,True,0.4,123.8,128.8,-0.9069767441860392,5.000000000000014,126,1_day,1,Miami Heat,41,16,0.3902,1610612748,0.0,2026-04-14T00:00:00Z,0052500111,CHA,111.81395348837209,115.72093023255815,True,0.4,0.0,108.6,112.6,3.9069767441860535,4.0,1,0,127,1_day,1,Charlotte Hornets,56,18,0.3214,1610612766,191,-223,2026-04-14,25f53495c4044a1d8fb682e3715eb7b3,home_away_nba_game_day_local,2026-04-14T02:35:06.124471+00:00,0,2025,5.5,-5.5,229.0,False
POR,117.3953488372093,113.30232558139535,True,0.4,112.4,117.8,-4.0930232558139465,5.3999999999999915,114,1_day,1,Portland Trail Blazers,47,17,0.3617,1610612757,0.0,2026-04-14T00:00:00Z,0052500121,PHX,108.37209302325581,111.95348837209302,True,0.4,1.0495,108.0,109.0,3.581395348837205,1.0,1,0,110,1_day,1,Phoenix Suns,25,9,0.36,1610612756,135,-153,2026-04-14,0999cb23cd03811476b378dd4045ea16,home_away_nba_game_day_local,2026-04-15T01:35:06.613795+00:00,0,2025,3.0,-3.0,215.5,False
ORL,115.33333333333333,115.88095238095238,True,0.15,110.2,120.4,0.547619047619051,10.200000000000003,97,2_days,2,Orlando Magic,27,7,0.2593,1610612753,0.0,2026-04-15T00:00:00Z,0052500101,PHI,116.54545454545455,114.97727272727273,True,0.15,1.0948,108.8,105.6,-1.568181818181813,-3.200000000000003,2,0,109,2_days,2,Philadelphia 76ers,35,12,0.3429,1610612755,102,-118,2026-04-15,77fc0797ec86af0045233c0b4b1d2976,home_away_nba_game_day_local,2026-04-13T01:35:05.582802+00:00,0,2025,1.0,-1.0,220.0,False
GSW,114.69767441860465,112.30232558139535,True,0.15,116.0,111.4,-2.3953488372092977,-4.599999999999994,126,2_days,2,Golden State Warriors,41,19,0.4634,1610612744,0.0,2026-04-15T00:00:00Z,0052500131,LAC,111.11904761904762,114.54761904761905,True,0.15,0.5822,113.2,115.2,3.4285714285714306,2.0,3,0,121,2_days,2,LA Clippers,35,14,0.4,1610612746,,,2026-04-15,,,,0,2025,,,,False
CHA,111.61363636363636,116.81818181818181,True,0.15,112.2,112.2,5.204545454545453,0.0,90,2_days,2,Charlotte Hornets,45,12,0.2667,1610612766,0.25,2026-04-17T00:00:00Z,0052500201,ORL,114.54545454545455,116.5909090909091,True,0.4,0.0,110.4,117.4,2.0454545454545467,7.0,1,0,121,1_day,1,Orlando Magic,27,8,0.2963,1610612753,-143,126,2026-04-17,fc16dfbe5b438857b93902fa811dd8f6,home_away_nba_game_day_local,2026-04-17T23:05:06.419489+00:00,0,2025,-3.0,3.0,217.5,False
GSW,114.8409090909091,112.61363636363636,True,0.4,116.8,113.4,-2.2272727272727337,-3.3999999999999915,96,1_day,1,Golden State Warriors,33,11,0.3333,1610612744,-0.25,2026-04-17T00:00:00Z,0052500211,PHX,108.5,111.9090909090909,True,0.15,0.0,108.8,107.0,3.4090909090909065,-1.7999999999999972,0,0,111,2_days,2,Phoenix Suns,49,18,0.3673,1610612756,129,-146,2026-04-17,c8d1b7fd06c21e259b9416daf596f023,home_away_nba_game_day_local,2026-04-18T01:35:06.659452+00:00,0,2025,3.0,-3.0,220.0,False
ATL,118.13953488372093,119.06976744186046,False,0.0,116.4,120.6,0.9302325581395365,4.199999999999989,102,3_plus_days,5,Atlanta Hawks,37,14,0.3784,1610612737,0.0,2026-04-18T00:00:00Z,0042500121,NYK,108.42222222222222,117.75555555555556,False,0.0,0.0,102.4,112.8,9.333333333333343,10.399999999999991,0,0,113,3_plus_days,5,New York Knicks,25,12,0.48,1610612752,166,-198,2026-04-18,bee2c9ea4bf8df373aa45af7005b583d,home_away_nba_game_day_local,2026-04-13T02:35:05.480869+00:00,0,2025,5.0,-5.0,215.5,False
TOR,112.9090909090909,114.1590909090909,False,0.0,107.4,116.2,1.25,8.799999999999997,113,3_plus_days,5,Toronto Raptors,27,13,0.4815,1610612761,0.0,2026-04-18T00:00:00Z,0042500131,CLE,114.37209302325581,119.09302325581395,False,0.0,0.1543,118.2,122.6,4.720930232558132,4.3999999999999915,1,0,126,3_plus_days,5,Cleveland Cavaliers,32,16,0.5,1610612739,267,-322,2026-04-18,2a8e5a45f1bcb477a6f9cbd7739d005e,home_away_nba_game_day_local,2026-04-14T02:35:06.124471+00:00,0,2025,8.0,-8.0,218.0,False
MIN,118.08888888888889,120.46666666666667,False,0.0,123.2,124.0,2.37777777777778,0.7999999999999972,105,3_plus_days,5,Minnesota Timberwolves,34,11,0.3235,1610612750,0.0,2026-04-18T00:00:00Z,0042500161,DEN,115.51162790697674,120.76744186046511,False,0.0,0.9071,122.0,132.8,5.255813953488371,10.800000000000011,2,0,116,3_plus_days,5,Denver Nuggets,36,10,0.2778,1610612743,237,-282,2026-04-18,526f783434e5dabca25ee032d8fee612,home_away_nba_game_day_local,2026-04-18T19:05:06.106374+00:00,0,2025,7.0,-7.0,232.5,False
HOU,113.13953488372093,116.4186046511628,False,0.0,112.0,122.6,3.279069767441868,10.599999999999994,98,3_plus_days,5,Houston Rockets,33,11,0.3333,1610612745,0.0,2026-04-18T00:00:00Z,0042500171,LAL,113.97777777777777,116.75555555555556,False,0.0,1.8046,108.0,113.2,2.7777777777777857,5.200000000000003,3,0,107,3_plus_days,5,Los Angeles Lakers,19,10,0.5263,1610612747,-138,122,2026-04-18,1a9383105929a09e5662227ad45554b8,home_away_nba_game_day_local,2026-04-19T00:35:06.279668+00:00,0,2025,-2.5,2.5,208.5,False
ORL,115.18604651162791,115.44186046511628,True,0.4,107.0,117.0,0.25581395348837077,10.0,112,1_day,1,Orlando Magic,34,10,0.2941,1610612753,-0.4,2026-04-19T00:00:00Z,0042500101,DET,107.97619047619048,118.71428571428571,False,0.0,0.0,109.6,122.2,10.738095238095227,12.600000000000009,0,0,101,3_plus_days,6,Detroit Pistons,32,10,0.3125,1610612765,-10000,3300,2026-04-19,e777e2f049a5c85aed96a220a2cfe924,home_away_nba_game_day_local,2026-04-20T01:05:05.978782+00:00,0,2025,-8.5,8.5,214.5,False
PHI,115.21428571428571,115.5952380952381,False,0.0,105.0,108.8,0.3809523809523938,3.799999999999997,91,3_plus_days,3,Philadelphia 76ers,23,4,0.1739,1610612755,0.0,2026-04-19T00:00:00Z,0042500111,BOS,107.02325581395348,115.25581395348837,False,0.0,0.0,108.2,118.2,8.232558139534888,10.0,0,0,123,3_plus_days,6,Boston Celtics,44,16,0.3636,1610612738,590,-810,2026-04-19,00d1efd43d0790297fb68684a9171191,home_away_nba_game_day_local,2026-04-19T17:05:06.038426+00:00,0,2025,13.0,-13.0,217.0,False
PHX,113.37209302325581,113.37209302325581,True,0.4,104.2,108.2,0.0,4.0,84,1_day,1,Phoenix Suns,39,13,0.3333,1610612756,-0.4,2026-04-19T00:00:00Z,0042500141,OKC,107.25,118.4090909090909,False,0.0,0.0,114.0,121.4,11.159090909090907,7.400000000000006,1,0,119,3_plus_days,6,Oklahoma City Thunder,46,14,0.3043,1610612760,910,-1464,2026-04-19,ef6021edff80a85fe2dae5cf3530d9d4,home_away_nba_game_day_local,2026-04-19T19:35:05.864192+00:00,0,2025,17.0,-17.0,216.0,False
POR,117.22727272727273,113.31818181818181,False,0.0,113.2,117.0,-3.9090909090909207,3.799999999999997,98,3_plus_days,4,Portland Trail Blazers,38,10,0.2632,1610612757,0.0,2026-04-19T00:00:00Z,0042500151,SAS,112.14285714285714,121.14285714285714,False,0.0,0.0,117.4,123.6,9.0,6.199999999999989,2,0,111,3_plus_days,6,San Antonio Spurs,33,15,0.4545,1610612759,417,-532,2026-04-19,04e3ad1ccbad6419ac711ff120fd5cbe,home_away_nba_game_day_local,2026-04-15T23:05:05.719437+00:00,0,2025,11.0,-11.0,222.0,False
ATL,118.02272727272727,118.68181818181819,True,0.4,117.6,112.8,0.6590909090909207,-4.799999999999997,107,1_day,1,Atlanta Hawks,30,9,0.3,1610612737,0.0,2026-04-20T00:00:00Z,0042500122,NYK,108.28260869565217,117.65217391304348,True,0.4,0.0,103.6,108.2,9.369565217391312,4.6000000000000085,0,0,106,1_day,1,New York Knicks,34,11,0.3235,1610612752,196,-260,2026-04-20,a1b444bd00a27cbae3cf7ca3bf75a3f0,home_away_nba_game_day_local,2026-04-21T02:35:05.793363+00:00,0,2025,2.5,-2.5,213.5,False
TOR,113.2,114.13333333333334,True,0.4,109.6,118.6,0.9333333333333371,9.0,105,1_day,1,Toronto Raptors,26,7,0.2692,1610612761,0.0,2026-04-20T00:00:00Z,0042500132,CLE,114.3409090909091,119.25,True,0.4,0.1543,119.2,124.4,4.9090909090909065,5.200000000000003,1,0,115,1_day,1,Cleveland Cavaliers,40,13,0.325,1610612739,336,-415,2026-04-20,273905d6a4ae9217ec0734b66a0eb28b,home_away_nba_game_day_local,2026-04-20T23:05:05.887684+00:00,0,2025,9.5,-9.5,221.5,False
MIN,118.04347826086956,120.1304347826087,True,0.4,122.0,123.4,2.0869565217391397,1.4000000000000057,119,1_day,1,Minnesota Timberwolves,34,14,0.4118,1610612750,0.0,2026-04-20T00:00:00Z,0042500162,DEN,115.27272727272727,120.6590909090909,True,0.4,0.0,116.2,128.8,5.38636363636364,12.600000000000009,1,0,114,1_day,1,Denver Nuggets,41,15,0.3659,1610612743,260,-312,2026-04-20,a52365fe7f7123df1c4220d9591a6da2,home_away_nba_game_day_local,2026-04-21T02:35:05.793363+00:00,0,2025,7.5,-7.5,233.0,False
PHI,115.3953488372093,115.02325581395348,True,0.4,106.6,106.6,-0.3720930232558146,0.0,111,1_day,1,Philadelphia 76ers,39,19,0.4872,1610612755,0.0,2026-04-21T00:00:00Z,0042500112,BOS,106.6590909090909,115.43181818181819,True,0.4,0.0,106.2,119.8,8.77272727272728,13.599999999999994,0,0,97,1_day,1,Boston Celtics,50,13,0.26,1610612738,576,-786,2026-04-21,d1a7a6e7b024f888e922a62b14fcf466,home_away_nba_game_day_local,2026-04-21T23:05:06.811882+00:00,0,2025,13.5,-13.5,218.0,False
POR,117.08888888888889,112.97777777777777,True,0.4,108.0,110.2,-4.111111111111114,2.200000000000003,106,1_day,1,Portland Trail Blazers,38,13,0.3421,1610612757,0.0,2026-04-21T00:00:00Z,0042500152,SAS,111.81395348837209,120.90697674418605,True,0.4,0.0,109.8,119.0,9.09302325581396,9.200000000000003,2,0,103,1_day,1,San Antonio Spurs,24,7,0.2917,1610612759,900,-2500,2026-04-21,04e3ad1ccbad6419ac711ff120fd5cbe,home_away_nba_game_day_local,2026-04-20T02:35:06.868146+00:00,0,2025,13.5,-13.5,215.5,False
HOU,113.0,116.0,True,0.15,110.2,118.8,3.0,8.599999999999994,94,2_days,2,Houston Rockets,29,7,0.2414,1610612745,0.0,2026-04-21T00:00:00Z,0042500172,LAL,113.6304347826087,116.54347826086956,True,0.15,1.2465,100.8,109.0,2.9130434782608603,8.200000000000003,2,0,101,2_days,2,Los Angeles Lakers,28,13,0.4643,1610612747,-223,191,2026-04-21,d3d28b764e5099920880de59a45e82cf,home_away_nba_game_day_local,2026-04-22T02:35:05.978729+00:00,0,2025,-6.0,6.0,209.0,False
ORL,114.86363636363636,115.36363636363636,True,0.15,103.2,113.0,0.5,9.799999999999997,83,2_days,2,Orlando Magic,32,8,0.25,1610612753,0.0,2026-04-22T00:00:00Z,0042500102,DET,108.06976744186046,118.30232558139535,True,0.15,0.0,113.4,119.2,10.232558139534888,5.799999999999997,0,0,98,2_days,2,Detroit Pistons,26,6,0.2308,1610612765,315,-386,2026-04-22,c9bc6bcae048283407d1cb53995eee8e,home_away_nba_game_day_local,2026-04-22T01:35:06.179635+00:00,0,2025,8.5,-8.5,218.5,False
PHX,113.5,112.70454545454545,True,0.15,106.6,102.6,-0.7954545454545467,-4.0,107,2_days,2,Phoenix Suns,31,11,0.3548,1610612756,0.0,2026-04-22T00:00:00Z,0042500142,OKC,106.73333333333333,118.42222222222222,True,0.15,0.0,108.6,116.0,11.688888888888883,7.400000000000006,1,0,120,2_days,2,Oklahoma City Thunder,40,14,0.35,1610612760,989,-1657,2026-04-22,0ce48ecb61f40bc3bd784adfe7f8e811,home_away_nba_game_day_local,2026-04-23T01:05:08.003409+00:00,0,2025,17.0,-17.0,216.0,False
NYK,111.04651162790698,114.0,True,0.15,104.0,107.8,2.9534883720930196,3.799999999999997,108,2_days,2,New York Knicks,35,10,0.2857,1610612752,0.0,2026-04-23T00:00:00Z,0042500123,ATL,114.53488372093024,117.74418604651163,True,0.15,0.8511,117.2,113.2,3.2093023255813904,-4.0,2,0,109,2_days,2,Atlanta Hawks,33,13,0.3939,1610612737,-110,-106,2026-04-23,b2b129565e14b8782b318b699b05ab3b,home_away_nba_game_day_local,2026-04-22T01:35:06.179635+00:00,0,2025,0.0,0.0,215.5,False
CLE,116.76744186046511,119.3953488372093,True,0.15,115.0,119.0,2.6279069767441854,4.0,104,2_days,2,Cleveland Cavaliers,45,14,0.3111,1610612739,0.0,2026-04-23T00:00:00Z,0042500133,TOR,110.79545454545455,115.04545454545455,True,0.15,0.2794,113.6,115.4,4.25,1.8000000000000114,2,0,126,2_days,2,Toronto Raptors,23,14,0.6087,1610612761,-166,130,2026-04-23,b754568efb2036d7f3b661cc8093e66f,home_away_nba_game_day_local,2026-04-24T02:35:06.488108+00:00,0,2025,23.5,-23.5,230.5,False
DEN,117.27272727272727,121.86363636363636,True,0.15,113.6,124.2,4.5909090909090935,10.600000000000009,96,2_days,2,Denver Nuggets,32,8,0.25,1610612743,0.0,2026-04-23T00:00:00Z,0042500163,MIN,111.66666666666667,115.23809523809524,True,0.15,0.0,124.0,122.4,3.5714285714285694,-1.5999999999999943,0,0,113,2_days,2,Minnesota Timberwolves,34,9,0.2647,1610612750,-116,-102,2026-04-23,c548073cbcde990c77986a123bd2d5bd,home_away_nba_game_day_local,2026-04-23T23:35:06.151126+00:00,0,2025,0.0,0.0,232.0,False
BOS,107.20930232558139,114.79069767441861,True,0.15,108.0,116.6,7.581395348837219,8.599999999999994,108,2_days,2,Boston Celtics,47,20,0.4255,1610612738,0.0,2026-04-24T00:00:00Z,0042500113,PHI,116.11111111111111,114.84444444444445,True,0.15,0.9659,103.4,108.4,-1.2666666666666657,5.0,1,0,100,2_days,2,Philadelphia 76ers,35,12,0.3429,1610612755,-331,274,2026-04-24,8d8ab21ae69d529ee4bd01fb8ace8276,home_away_nba_game_day_local,2026-04-24T20:05:06.294347+00:00,0,2025,-8.5,8.5,215.5,False
SAS,111.28888888888889,118.97777777777777,True,0.15,110.6,116.6,7.688888888888883,6.0,120,2_days,2,San Antonio Spurs,33,16,0.4848,1610612759,0.0,2026-04-24T00:00:00Z,0042500153,POR,115.04651162790698,118.23255813953489,True,0.15,0.0,106.2,111.2,3.1860465116279073,5.0,1,0,108,2_days,2,Portland Trail Blazers,38,14,0.3684,1610612757,-135,119,2026-04-24,af4847d63733e67ddd02f2bafac8ea6f,home_away_nba_game_day_local,2026-04-24T20:05:06.294347+00:00,0,2025,-2.0,2.0,218.5,False
LAL,115.06976744186046,114.18604651162791,True,0.15,95.0,111.8,-0.8837209302325562,16.799999999999997,112,2_days,2,Los Angeles Lakers,29,12,0.4138,1610612747,0.0,2026-04-24T00:00:00Z,0042500173,HOU,107.88372093023256,115.53488372093024,True,0.15,0.0,109.4,113.8,7.651162790697683,4.3999999999999915,2,0,108,2_days,2,Houston Rockets,39,11,0.2821,1610612745,267,-322,2026-04-24,5000a9f1dd7ba71de7ae6ceef836aa48,home_away_nba_game_day_local,2026-04-24T20:05:06.294347+00:00,0,2025,9.0,-9.0,207.0,False
DET,111.31818181818181,116.56818181818181,True,0.15,105.4,117.4,5.25,12.0,105,2_days,2,Detroit Pistons,32,11,0.3438,1610612765,0.0,2026-04-25T00:00:00Z,0042500103,ORL,114.0,116.68888888888888,True,0.15,0.0,102.2,104.2,2.688888888888883,2.0,0,0,113,2_days,2,Orlando Magic,33,15,0.4545,1610612753,-144,127,2026-04-25,e480da9a1b9dacbed9120388db4f133f,home_away_nba_game_day_local,2026-04-24T20:05:06.294347+00:00,0,2025,-2.5,2.5,214.0,False
NYK,111.0,113.86363636363636,True,0.4,104.6,107.0,2.8636363636363598,2.4000000000000057,114,1_day,1,New York Knicks,31,14,0.4516,1610612752,0.0,2026-04-25T00:00:00Z,0042500124,ATL,114.38636363636364,117.54545454545455,True,0.4,0.0,114.4,111.8,3.1590909090909065,-2.6000000000000085,0,0,98,1_day,1,Atlanta Hawks,41,10,0.2439,1610612737,-123,107,2026-04-25,184d31a9a32dffc9c91eac3766d6f12d,home_away_nba_game_day_local,2026-04-24T20:05:06.294347+00:00,0,2025,-1.5,1.5,214.5,False
OKC,108.68181818181819,118.3409090909091,True,0.15,112.6,115.4,9.659090909090907,2.8000000000000114,121,2_days,2,Oklahoma City Thunder,37,12,0.3243,1610612760,0.0,2026-04-25T00:00:00Z,0042500143,PHX,108.22222222222223,111.88888888888889,True,0.15,0.0,110.4,109.4,3.666666666666657,-1.0,0,0,109,2_days,2,Phoenix Suns,41,13,0.3171,1610612756,-410,332,2026-04-25,9f41c322eb6aa09683dc241cacc31d7c,home_away_nba_game_day_local,2026-04-24T02:35:06.488108+00:00,0,2025,-9.0,9.0,214.5,False
DEN,117.17777777777778,121.28888888888889,True,0.4,112.4,116.2,4.111111111111114,3.799999999999997,96,1_day,1,Denver Nuggets,28,6,0.2143,1610612743,0.0,2026-04-25T00:00:00Z,0042500164,MIN,111.30232558139535,115.18604651162791,True,0.4,0.0,116.8,121.0,3.883720930232556,4.200000000000003,0,0,112,1_day,1,Minnesota Timberwolves,25,9,0.36,1610612750,430,-670,2026-04-25,c548073cbcde990c77986a123bd2d5bd,home_away_nba_game_day_local,2026-04-24T02:35:06.488108+00:00,0,2025,10.5,-10.5,216.5,False
BOS,107.04545454545455,114.63636363636364,True,0.4,105.6,117.0,7.5909090909090935,11.400000000000006,128,1_day,1,Boston Celtics,53,24,0.4528,1610612738,0.0,2026-04-26T00:00:00Z,0042500114,PHI,115.93478260869566,114.52173913043478,True,0.4,0.9659,106.2,107.4,-1.4130434782608745,1.2000000000000028,1,0,96,1_day,1,Philadelphia 76ers,30,9,0.3,1610612755,-10000,3300,2026-04-26,62dc6619019d4366984883a71b283077,home_away_nba_game_day_local,2026-04-27T01:35:05.522751+00:00,0,2025,-30.5,30.5,224.5,False
CLE,116.97727272727273,119.04545454545455,True,0.15,117.0,115.4,2.068181818181813,-1.5999999999999943,89,2_days,2,Cleveland Cavaliers,40,10,0.25,1610612739,0.0,2026-04-26T00:00:00Z,0042500134,TOR,110.64444444444445,115.28888888888889,True,0.15,0.2794,111.6,115.0,4.644444444444446,3.4000000000000057,2,0,93,2_days,2,Toronto Raptors,30,4,0.1333,1610612761,-165,146,2026-04-26,d94d967f8600a3fb8b869f32c31a7357,home_away_nba_game_day_local,2026-04-24T20:05:06.294347+00:00,0,2025,-3.5,3.5,221.0,False
SAS,111.21739130434783,119.0,True,0.4,112.0,118.2,7.782608695652172,6.200000000000003,114,1_day,1,San Antonio Spurs,33,14,0.4242,1610612759,0.0,2026-04-26T00:00:00Z,0042500154,POR,115.1590909090909,118.0,True,0.4,0.0,110.8,109.6,2.8409090909090935,-1.2000000000000028,1,0,93,1_day,1,Portland Trail Blazers,31,10,0.3226,1610612757,-10000,3300,2026-04-26,0cab123e90bdf5d1d144a7e26ebc339c,home_away_nba_game_day_local,2026-04-26T22:05:14.120540+00:00,0,2025,-14.5,14.5,205.5,False
LAL,114.9090909090909,114.13636363636364,True,0.4,96.0,110.4,-0.7727272727272663,14.400000000000006,96,1_day,1,Los Angeles Lakers,22,5,0.2273,1610612747,0.0,2026-04-26T00:00:00Z,0042500174,HOU,107.97727272727273,115.36363636363636,True,0.4,1.3663,111.4,112.8,7.386363636363626,1.3999999999999915,3,0,115,1_day,1,Houston Rockets,30,12,0.4,1610612745,267,-322,2026-04-26,5000a9f1dd7ba71de7ae6ceef836aa48,home_away_nba_game_day_local,2026-04-24T20:05:06.294347+00:00,0,2025,9.0,-9.0,207.0,False
DET,111.35555555555555,116.31111111111112,True,0.4,105.8,111.0,4.955555555555563,5.200000000000003,88,1_day,1,Detroit Pistons,30,6,0.2,1610612765,0.0,2026-04-27T00:00:00Z,0042500104,ORL,113.80434782608695,116.6086956521739,True,0.4,0.0,100.6,105.2,2.8043478260869534,4.6000000000000085,1,0,94,1_day,1,Orlando Magic,35,9,0.2571,1610612753,-120,-104,2026-04-27,846b0e9b691b5a291619fa22f96c7dfa,home_away_nba_game_day_local,2026-04-28T01:35:05.560529+00:00,0,2025,-0.5,0.5,212.5,False
OKC,108.68888888888888,118.4,True,0.4,112.4,114.0,9.711111111111123,1.5999999999999943,131,1_day,1,Oklahoma City Thunder,34,17,0.5,1610612760,0.0,2026-04-27T00:00:00Z,0042500144,PHX,108.5,111.82608695652173,True,0.4,0.7411,114.0,104.2,3.326086956521735,-9.799999999999997,1,0,122,1_day,1,Phoenix Suns,39,14,0.359,1610612756,-508,401,2026-04-27,b3eb8f644d05290981f8805f5410f24a,home_away_nba_game_day_local,2026-04-28T01:35:05.560529+00:00,0,2025,-11.0,11.0,216.0,False
MIN,117.95744680851064,120.1063829787234,True,0.4,109.6,116.2,2.148936170212764,6.6000000000000085,113,1_day,1,Minnesota Timberwolves,28,12,0.4286,1610612750,0.0,2026-04-27T00:00:00Z,0042500165,DEN,115.35555555555555,120.5111111111111,True,0.4,0.0,113.4,110.0,5.1555555555555515,-3.4000000000000057,1,0,125,1_day,1,Denver Nuggets,29,11,0.3793,1610612743,398,-503,2026-04-27,e4d639b6c49e5fd0accc6e80636e88fe,home_away_nba_game_day_local,2026-04-28T01:35:05.560529+00:00,0,2025,11.5,-11.5,224.5,False
PHI,114.97727272727273,114.93181818181819,True,0.4,110.6,101.4,-0.045454545454546746,-9.199999999999989,113,1_day,1,Philadelphia 76ers,42,15,0.3571,1610612755,0.0,2026-04-28T00:00:00Z,0042500115,BOS,106.75555555555556,115.02222222222223,True,0.4,0.0,101.2,113.8,8.266666666666666,12.599999999999994,0,0,97,1_day,1,Boston Celtics,39,11,0.2821,1610612738,343,-425,2026-04-28,d749c50ad2a2660df91f9dc1b8e20d78,home_away_nba_game_day_local,2026-04-28T23:05:05.885131+00:00,0,2025,10.0,-10.0,214.5,False
ATL,117.75555555555556,118.42222222222222,True,0.15,116.8,106.6,0.6666666666666572,-10.200000000000003,97,2_days,2,Atlanta Hawks,42,13,0.3095,1610612737,0.0,2026-04-28T00:00:00Z,0042500125,NYK,108.25531914893617,117.40425531914893,True,0.15,0.0,105.2,107.4,9.148936170212764,2.200000000000003,0,0,126,2_days,2,New York Knicks,26,11,0.4231,1610612752,214,-253,2026-04-28,595b24bea54d0917338e4a51372398b3,home_away_nba_game_day_local,2026-04-29T00:05:06.707969+00:00,0,2025,6.5,-6.5,215.0,False
POR,116.78260869565217,112.82608695652173,True,0.4,111.6,103.8,-3.9565217391304373,-7.799999999999997,95,1_day,1,Portland Trail Blazers,47,11,0.234,1610612757,0.0,2026-04-28T00:00:00Z,0042500155,SAS,111.68181818181819,120.5,True,0.4,0.0,106.6,113.2,8.818181818181813,6.6000000000000085,1,0,114,1_day,1,San Antonio Spurs,30,12,0.4,1610612759,440,-567,2026-04-28,f61ea629819d5176316c94a379c02ad2,home_away_nba_game_day_local,2026-04-29T01:05:06.197748+00:00,0,2025,11.0,-11.0,219.0,False
ORL,114.4888888888889,114.64444444444445,True,0.4,96.4,104.6,0.15555555555555145,8.199999999999989,109,1_day,1,Orlando Magic,38,17,0.4474,1610612753,0.0,2026-04-29T00:00:00Z,0042500105,DET,107.5,117.8409090909091,True,0.4,0.0,104.6,105.0,10.340909090909093,0.4000000000000057,0,0,116,1_day,1,Detroit Pistons,28,10,0.3571,1610612765,1000,-3000,2026-04-29,912bee9cc9d36b6017819f012c0c56f1,home_away_nba_game_day_local,2026-04-30T01:35:05.723499+00:00,0,2025,6.5,-6.5,228.5,False
TOR,113.23913043478261,113.93478260869566,True,0.15,107.0,114.6,0.6956521739130466,7.599999999999994,120,2_days,2,Toronto Raptors,38,15,0.3947,1610612761,0.0,2026-04-29T00:00:00Z,0042500135,CLE,114.13333333333334,119.15555555555555,True,0.15,0.0,110.8,112.8,5.0222222222222115,2.0,0,0,125,2_days,2,Cleveland Cavaliers,36,18,0.5,1610612739,304,-371,2026-04-29,6fa2ebdc614d327bc9a4558541adcd30,home_away_nba_game_day_local,2026-04-28T10:05:12.552791+00:00,0,2025,9.0,-9.0,216.0,False
HOU,112.73333333333333,115.5111111111111,True,0.15,103.4,109.4,2.7777777777777715,6.0,99,2_days,2,Houston Rockets,40,14,0.35,1610612745,0.0,2026-04-29T00:00:00Z,0042500175,LAL,113.2127659574468,116.2127659574468,True,0.15,1.2465,104.4,109.4,3.0,5.0,2,0,93,2_days,2,Los Angeles Lakers,27,7,0.2593,1610612747,129,-146,2026-04-29,0d0aa62d4305ee094389473b308ce0bd,home_away_nba_game_day_local,2026-04-28T10:05:12.552791+00:00,0,2025,2.5,-2.5,208.0,False
BOS,106.8,114.93333333333334,True,0.4,102.2,110.6,8.13333333333334,8.399999999999991,93,1_day,1,Boston Celtics,41,12,0.2927,1610612738,0.0,2026-04-30T00:00:00Z,0042500116,PHI,116.19148936170212,114.12765957446808,True,0.4,0.0,110.6,102.2,-2.0638297872340416,-8.399999999999991,0,0,106,1_day,1,Philadelphia 76ers,33,11,0.3333,1610612755,-214,185,2026-04-30,b2f1e46d7adfcf49fa68a52df4938626,home_away_nba_game_day_local,2026-04-29T02:05:08.145375+00:00,0,2025,-5.5,5.5,212.5,False
NYK,110.71111111111111,113.86666666666666,True,0.4,102.6,113.4,3.1555555555555515,10.800000000000011,140,1_day,1,New York Knicks,36,13,0.3611,1610612752,0.0,2026-04-30T00:00:00Z,0042500126,ATL,114.37777777777778,117.11111111111111,True,0.4,0.8511,113.4,102.6,2.7333333333333343,-10.800000000000011,2,0,89,1_day,1,Atlanta Hawks,35,9,0.2571,1610612737,-141,124,2026-04-30,24992ea72a9115eaa601ff602cc60468,home_away_nba_game_day_local,2026-04-30T23:05:06.217987+00:00,0,2025,-3.0,3.0,215.0,False
DEN,117.06521739130434,120.73913043478261,True,0.15,112.4,109.4,3.673913043478265,-3.0,98,2_days,2,Denver Nuggets,27,10,0.3704,1610612743,0.0,2026-04-30T00:00:00Z,0042500166,MIN,110.95454545454545,115.11363636363636,True,0.15,1.1988,109.4,112.4,4.1590909090909065,3.0,2,0,110,2_days,2,Minnesota Timberwolves,29,7,0.2414,1610612750,-307,256,2026-04-30,b981ac0f551b6f109cd18fa31de439b4,home_away_nba_game_day_local,2026-05-01T01:35:05.935925+00:00,0,2025,-7.0,7.0,224.0,False
DET,110.97826086956522,115.69565217391305,True,0.4,102.2,101.6,4.717391304347828,-0.6000000000000085,93,1_day,1,Detroit Pistons,27,9,0.3333,1610612765,0.0,2026-05-01T00:00:00Z,0042500106,ORL,113.25531914893617,116.12765957446808,True,0.4,0.9004,101.6,102.2,2.8723404255319167,0.6000000000000085,2,0,79,1_day,1,Orlando Magic,36,9,0.25,1610612753,-144,127,2026-05-01,88e10294c54deffd6e9e6efcba249d2c,home_away_nba_game_day_local,2026-04-30T02:35:07.266006+00:00,0,2025,-2.5,2.5,210.5,False
CLE,116.44444444444444,118.37777777777778,True,0.4,111.4,111.8,1.9333333333333371,0.3999999999999915,110,1_day,1,Cleveland Cavaliers,41,11,0.2683,1610612739,0.0,2026-05-01T00:00:00Z,0042500136,TOR,110.17391304347827,114.80434782608695,True,0.4,0.2794,111.8,111.4,4.630434782608688,-0.3999999999999915,2,0,112,1_day,1,Toronto Raptors,36,13,0.3611,1610612761,-191,167,2026-05-01,d1938a9c13602a661e894f996f2680e8,home_away_nba_game_day_local,2026-05-01T23:35:06.802868+00:00,0,2025,-4.5,4.5,218.5,False
LAL,114.91111111111111,113.73333333333333,True,0.4,102.8,101.8,-1.1777777777777771,-1.0,98,1_day,1,Los Angeles Lakers,28,12,0.4286,1610612747,0.0,2026-05-01T00:00:00Z,0042500176,HOU,107.71111111111111,115.35555555555555,True,0.4,1.3663,101.8,102.8,7.644444444444446,1.0,3,0,78,1_day,1,Houston Rockets,28,5,0.1786,1610612745,162,-185,2026-05-01,c361a0b8c035a055bd9497b52674e3fb,home_away_nba_game_day_local,2026-05-02T01:35:06.873050+00:00,0,2025,5.0,-5.0,204.0,False
PHI,114.57777777777778,114.88888888888889,True,0.4,104.6,105.2,0.3111111111111029,0.6000000000000085,109,1_day,1,Philadelphia 76ers,28,11,0.3929,1610612755,0.0,2026-05-02T00:00:00Z,0042500117,BOS,106.8913043478261,114.6304347826087,True,0.4,0.0,105.2,104.6,7.739130434782609,-0.6000000000000085,0,0,100,1_day,1,Boston Celtics,49,13,0.2653,1610612738,240,-295,2026-05-02,a37e80a2e3cf3aaa3ae84a9124987058,home_away_nba_game_day_local,2026-05-01T02:35:06.649955+00:00,0,2025,7.5,-7.5,206.5,False
ORL,114.52173913043478,114.52173913043478,True,0.4,100.0,95.6,0.0,-4.400000000000006,94,1_day,1,Orlando Magic,30,10,0.3333,1610612753,0.0,2026-05-03T00:00:00Z,0042500107,DET,107.53333333333333,117.8,True,0.4,0.0,95.6,100.0,10.266666666666666,4.400000000000006,0,0,116,1_day,1,Detroit Pistons,33,16,0.4848,1610612765,304,-371,2026-05-03,be60e6f50fc77fc3a3cf6925472bad91,home_away_nba_game_day_local,2026-05-02T02:35:07.792545+00:00,0,2025,9.0,-9.0,203.5,False
TOR,113.48936170212765,114.06382978723404,True,0.4,108.6,111.2,0.574468085106389,2.6000000000000085,102,1_day,1,Toronto Raptors,28,8,0.2857,1610612761,0.0,2026-05-03T00:00:00Z,0042500137,CLE,114.26086956521739,119.28260869565217,True,0.4,0.0,111.2,108.6,5.021739130434781,-2.6000000000000085,0,0,114,1_day,1,Cleveland Cavaliers,39,11,0.2821,1610612739,240,-295,2026-05-03,a463f640631f8b0580966b909965de14,home_away_nba_game_day_local,2026-05-02T02:35:07.792545+00:00,0,2025,7.5,-7.5,212.5,False
PHI,114.26086956521739,114.76086956521739,True,0.4,105.2,104.8,0.5,-0.4000000000000057,98,1_day,1,Philadelphia 76ers,30,11,0.3667,1610612755,0.0,2026-05-04T00:00:00Z,0042500211,NYK,108.02083333333333,117.58333333333333,True,0.4,0.0,100.0,118.8,9.5625,18.799999999999997,0,0,137,1_day,1,New York Knicks,37,19,0.5135,1610612752,233,-277,2026-05-04,b11391b35b7a0cf79deeef3bb3eb9009,home_away_nba_game_day_local,2026-05-05T00:05:06.438040+00:00,0,2025,7.5,-7.5,212.5,False
MIN,118.10416666666667,119.95833333333333,True,0.4,105.8,113.4,1.8541666666666572,7.6000000000000085,104,1_day,1,Minnesota Timberwolves,26,10,0.3846,1610612750,0.0,2026-05-04T00:00:00Z,0042500231,SAS,111.31111111111112,120.35555555555555,True,0.4,0.0,100.0,112.4,9.044444444444437,12.400000000000006,1,0,102,1_day,1,San Antonio Spurs,36,10,0.2778,1610612759,631,-883,2026-05-04,219920e3a715ceb3dc69f3638f7571d5,home_away_nba_game_day_local,2026-05-02T02:35:07.792545+00:00,0,2025,14.0,-14.0,216.0,False
CLE,116.34782608695652,118.19565217391305,True,0.4,110.6,108.4,1.8478260869565304,-2.1999999999999886,101,1_day,1,Cleveland Cavaliers,38,14,0.3684,1610612739,0.0,2026-05-05T00:00:00Z,0042500201,DET,107.23913043478261,117.76086956521739,True,0.4,0.1122,97.8,103.6,10.521739130434781,5.799999999999997,1,0,111,1_day,1,Detroit Pistons,26,10,0.3846,1610612765,3300,-10000,2026-05-05,0d7933fbc3dd3e384f9b709cff4e882c,home_away_nba_game_day_local,2026-05-06T01:35:07.202364+00:00,0,2025,7.5,-7.5,212.5,False
LAL,114.1086956521739,113.3913043478261,True,0.4,98.8,100.0,-0.7173913043478137,1.2000000000000028,90,1_day,1,Los Angeles Lakers,30,10,0.3333,1610612747,0.0,2026-05-05T00:00:00Z,0042500221,OKC,106.73913043478261,118.45652173913044,True,0.4,0.3383,111.4,118.8,11.717391304347828,7.3999999999999915,2,0,108,1_day,1,Oklahoma City Thunder,30,13,0.4333,1610612760,631,-883,2026-05-05,689b4554b0b10e67f46872eb2e74b98d,home_away_nba_game_day_local,2026-05-06T00:35:06.960086+00:00,0,2025,16.0,-16.0,212.5,False
PHI,114.74468085106383,114.40425531914893,True,0.4,111.0,104.4,-0.340425531914903,-6.599999999999994,102,1_day,1,Philadelphia 76ers,34,13,0.3824,1610612755,0.0,2026-05-06T00:00:00Z,0042500212,NYK,107.81632653061224,117.9795918367347,True,0.4,0.0,98.2,125.0,10.163265306122454,26.799999999999997,0,0,108,1_day,1,New York Knicks,26,7,0.2692,1610612752,356,-444,2026-05-06,d146e10295545e18ac8915a1f5860317,home_away_nba_game_day_local,2026-05-06T22:35:05.589831+00:00,0,2025,10.5,-10.5,214.0,False
MIN,117.77551020408163,119.63265306122449,True,0.4,103.4,110.4,1.8571428571428612,7.0,95,1_day,1,Minnesota Timberwolves,30,9,0.3,1610612750,0.0,2026-05-06T00:00:00Z,0042500232,SAS,111.15217391304348,119.95652173913044,True,0.4,0.0,101.2,110.6,8.804347826086953,9.399999999999991,1,0,133,1_day,1,San Antonio Spurs,39,16,0.4103,1610612759,255,-350,2026-05-06,219920e3a715ceb3dc69f3638f7571d5,home_away_nba_game_day_local,2026-05-05T02:35:06.679104+00:00,0,2025,6.5,-6.5,204.5,False
CLE,116.23404255319149,117.82978723404256,True,0.4,107.6,107.8,1.5957446808510696,0.20000000000000284,97,1_day,1,Cleveland Cavaliers,32,7,0.2188,1610612739,0.0,2026-05-07T00:00:00Z,0042500202,DET,107.1063829787234,117.61702127659575,True,0.4,0.1122,95.4,104.8,10.510638297872347,9.399999999999991,1,0,107,1_day,1,Detroit Pistons,28,14,0.5,1610612765,143,-162,2026-05-07,862af0717b53a01b5e93a188a655d663,home_away_nba_game_day_local,2026-05-07T23:05:06.130040+00:00,0,2025,4.0,-4.0,215.0,False
LAL,113.97872340425532,112.8936170212766,True,0.4,101.6,97.8,-1.0851063829787222,-3.799999999999997,107,1_day,1,Los Angeles Lakers,29,11,0.3793,1610612747,0.0,2026-05-07T00:00:00Z,0042500222,OKC,106.38297872340425,118.23404255319149,True,0.4,0.3383,102.4,119.8,11.851063829787236,17.39999999999999,2,0,125,1_day,1,Oklahoma City Thunder,36,14,0.3889,1610612760,757,-1126,2026-05-07,689b4554b0b10e67f46872eb2e74b98d,home_away_nba_game_day_local,2026-05-04T18:05:21.304672+00:00,0,2025,16.0,-16.0,213.5,False
NYK,110.23913043478261,114.43478260869566,True,0.4,96.8,125.0,4.195652173913047,28.200000000000003,108,1_day,1,New York Knicks,27,9,0.3333,1610612752,0.0,2026-05-08T00:00:00Z,0042500213,PHI,115.70833333333333,113.95833333333333,True,0.4,0.0,107.0,105.6,-1.75,-1.4000000000000057,0,0,94,1_day,1,Philadelphia 76ers,32,9,0.2812,1610612755,158,-180,2026-05-08,30d614c5d781b768faf9cf885e890851,home_away_nba_game_day_local,2026-05-08T22:35:06.303922+00:00,0,2025,4.0,-4.0,214.5,False
SAS,110.82978723404256,118.8936170212766,True,0.4,99.0,116.6,8.063829787234042,17.599999999999994,115,1_day,1,San Antonio Spurs,33,12,0.3636,1610612759,0.0,2026-05-08T00:00:00Z,0042500233,MIN,110.66666666666667,115.0,True,0.4,0.0,110.8,106.8,4.333333333333329,-4.0,1,0,108,1_day,1,Minnesota Timberwolves,40,14,0.35,1610612750,-215,185,2026-05-08,1b5c084f510006e8f30cd6cac40e231d,home_away_nba_game_day_local,2026-05-09T01:35:07.322437+00:00,0,2025,-5.5,5.5,216.5,False
DET,110.29787234042553,115.2127659574468,True,0.4,96.0,108.6,4.914893617021278,12.599999999999994,109,1_day,1,Detroit Pistons,25,9,0.36,1610612765,0.0,2026-05-09T00:00:00Z,0042500203,CLE,114.0,119.17021276595744,True,0.4,0.0,110.4,109.4,5.170212765957444,-1.0,0,0,116,1_day,1,Cleveland Cavaliers,32,12,0.375,1610612739,158,-180,2026-05-09,2734c350b90f332dbece882dd10b204e,home_away_nba_game_day_local,2026-05-09T19:05:06.321747+00:00,0,2025,5.0,-5.0,212.0,False
OKC,108.97826086956522,118.67391304347827,True,0.4,107.0,121.0,9.695652173913047,14.0,131,1_day,1,Oklahoma City Thunder,38,17,0.4474,1610612760,0.0,2026-05-09T00:00:00Z,0042500223,LAL,112.91666666666667,115.72916666666667,True,0.4,0.0,105.0,96.8,2.8125,-8.200000000000003,1,0,108,1_day,1,Los Angeles Lakers,30,14,0.4667,1610612747,-371,304,2026-05-09,40c8a29efb894c4dd6bf6acc5025c9cb,home_away_nba_game_day_local,2026-05-10T00:35:05.659864+00:00,0,2025,-9.5,9.5,210.5,False
NYK,109.8936170212766,114.29787234042553,True,0.4,96.0,123.8,4.40425531914893,27.799999999999997,144,1_day,1,New York Knicks,44,25,0.5682,1610612752,0.0,2026-05-10T00:00:00Z,0042500214,PHI,115.55102040816327,113.55102040816327,True,0.4,0.0,109.2,101.8,-2.0,-7.400000000000006,0,0,114,1_day,1,Philadelphia 76ers,35,8,0.2286,1610612755,-20000,2500,2026-05-10,878243c543236baba132ad43ae333aae,home_away_nba_game_day_local,2026-05-10T22:05:06.567578+00:00,0,2025,-31.5,31.5,253.5,False
SAS,110.77083333333333,118.8125,True,0.4,99.0,115.6,8.041666666666671,16.599999999999994,109,1_day,1,San Antonio Spurs,26,6,0.2308,1610612759,0.0,2026-05-10T00:00:00Z,0042500234,MIN,110.76086956521739,114.84782608695652,True,0.4,0.0,114.6,106.0,4.0869565217391255,-8.599999999999994,1,0,114,1_day,1,Minnesota Timberwolves,27,10,0.3704,1610612750,-290,215,2026-05-10,1b5c084f510006e8f30cd6cac40e231d,home_away_nba_game_day_local,2026-05-09T02:35:07.111477+00:00,0,2025,-5.5,5.5,205.5,False
DET,110.41666666666667,115.08333333333333,True,0.4,97.4,107.2,4.666666666666657,9.799999999999997,103,1_day,1,Detroit Pistons,23,10,0.4348,1610612765,0.0,2026-05-11T00:00:00Z,0042500204,CLE,113.89583333333333,119.10416666666667,True,0.4,0.0,108.2,107.6,5.208333333333343,-0.6000000000000085,0,0,112,1_day,1,Cleveland Cavaliers,41,14,0.3415,1610612739,146,-165,2026-05-11,b537062ee0483d20ae932052628b663d,home_away_nba_game_day_local,2026-05-11T10:05:06.618057+00:00,0,2025,3.5,-3.5,213.0,False
OKC,108.95744680851064,118.93617021276596,True,0.4,107.2,123.2,9.97872340425532,16.0,115,1_day,1,Oklahoma City Thunder,31,11,0.3548,1610612760,0.0,2026-05-11T00:00:00Z,0042500224,LAL,113.28571428571429,115.57142857142857,True,0.4,0.0,108.2,99.2,2.2857142857142776,-9.0,1,0,110,1_day,1,Los Angeles Lakers,28,10,0.3571,1610612747,-3500,1060,2026-05-11,40c8a29efb894c4dd6bf6acc5025c9cb,home_away_nba_game_day_local,2026-05-10T02:35:06.158440+00:00,0,2025,-11.5,11.5,226.5,False
MIN,118.08,119.14,True,0.4,111.4,106.2,1.0600000000000023,-5.200000000000003,97,1_day,1,Minnesota Timberwolves,33,9,0.2727,1610612750,0.0,2026-05-12T00:00:00Z,0042500235,SAS,110.80851063829788,120.23404255319149,True,0.4,0.0,103.2,114.6,9.425531914893611,11.399999999999991,1,0,126,1_day,1,San Antonio Spurs,32,11,0.3438,1610612759,360,-500,2026-05-12,2dc93da2025b065a6e16162476dce452,home_away_nba_game_day_local,2026-05-11T02:35:07.333152+00:00,0,2025,10.5,-10.5,216.5,False
CLE,116.04166666666667,117.39583333333333,True,0.4,106.4,108.0,1.3541666666666572,1.5999999999999943,117,1_day,1,Cleveland Cavaliers,35,14,0.4,1610612739,0.0,2026-05-13T00:00:00Z,0042500205,DET,106.89583333333333,117.39583333333333,True,0.4,0.1122,104.0,109.2,10.5,5.200000000000003,1,0,113,1_day,1,Detroit Pistons,33,11,0.3333,1610612765,138,-164,2026-05-13,c3531530e77a4ada542bdbff23de5409,home_away_nba_game_day_local,2026-05-12T02:35:06.791373+00:00,0,2025,3.5,-3.5,211.5,False
DET,110.44897959183673,114.83673469387755,True,0.4,108.6,108.6,4.387755102040813,0.0,115,1_day,1,Detroit Pistons,36,16,0.4444,1610612765,0.0,2026-05-15T00:00:00Z,0042500206,CLE,113.6734693877551,118.95918367346938,True,0.4,0.0,108.6,108.6,5.285714285714278,0.0,0,0,94,1_day,1,Cleveland Cavaliers,35,12,0.3429,1610612739,149,-168,2026-05-15,745d265e0d83dac45060b44665d8cbe5,home_away_nba_game_day_local,2026-05-15T23:05:07.794536+00:00,0,2025,4.0,-4.0,209.5,False
SAS,110.83673469387755,118.61224489795919,True,0.15,103.6,117.0,7.775510204081641,13.400000000000006,139,2_days,2,San Antonio Spurs,38,18,0.4737,1610612759,0.0,2026-05-15T00:00:00Z,0042500236,MIN,110.72340425531915,114.82978723404256,True,0.15,0.0,117.0,103.6,4.106382978723403,-13.400000000000006,1,0,109,2_days,2,Minnesota Timberwolves,34,12,0.3529,1610612750,-223,191,2026-05-15,1bd4432ce20bc61756180bf2d1c59c91,home_away_nba_game_day_local,2026-05-16T01:35:06.618440+00:00,0,2025,-6.0,6.0,219.0,False
CLE,115.9795918367347,117.38775510204081,True,0.4,109.4,107.2,1.408163265306115,-2.200000000000003,125,1_day,1,Cleveland Cavaliers,34,11,0.3235,1610612739,0.0,2026-05-17T00:00:00Z,0042500207,DET,107.10204081632654,117.3061224489796,True,0.4,0.0,107.2,109.4,10.204081632653057,2.200000000000003,0,0,94,1_day,1,Detroit Pistons,39,12,0.3077,1610612765,158,-180,2026-05-17,465746f51ad349641512f36c52306968,home_away_nba_game_day_local,2026-05-16T02:35:06.486629+00:00,0,2025,4.0,-4.0,205.5,False
SAS,110.8,119.02,True,1.6,104.6,124.4,8.219999999999999,19.80000000000001,122,b2b,0,San Antonio Spurs,43,13,0.3023,1610612759,0.0,2026-05-18T00:00:00Z,0042500311,OKC,106.39583333333333,118.375,True,1.6,0.0,107.4,122.0,11.979166666666671,14.599999999999994,1,0,115,b2b,0,Oklahoma City Thunder,45,17,0.3778,1610612760,-530,360,2026-05-18,924fe1c270c7ccb9e7a9cfa3002bdf05,home_away_nba_game_day_local,2026-05-19T02:35:06.213008+00:00,0,2025,-5.5,5.5,203.5,False
CLE,115.54,117.54,True,0.4,106.8,112.8,2.0,6.0,104,1_day,1,Cleveland Cavaliers,50,16,0.32,1610612739,0.0,2026-05-19T00:00:00Z,0042500301,NYK,107.7,117.78,True,0.4,1.2601,99.4,127.4,10.079999999999998,28.0,1,0,115,1_day,1,New York Knicks,32,10,0.3125,1610612752,196,-230,2026-05-19,7e2d40a6d3b163e318b7abbe026c40c1,home_away_nba_game_day_local,2026-05-20T00:05:06.768641+00:00,0,2025,6.0,-6.0,218.5,False
SAS,110.88235294117646,119.07843137254902,True,0.4,108.6,122.2,8.196078431372555,13.600000000000009,113,1_day,1,San Antonio Spurs,40,16,0.4,1610612759,0.0,2026-05-20T00:00:00Z,0042500312,OKC,106.71428571428571,118.3061224489796,True,0.4,0.0,107.4,118.8,11.591836734693885,11.399999999999991,1,0,122,1_day,1,Oklahoma City Thunder,36,13,0.3611,1610612760,218,-258,2026-05-20,924fe1c270c7ccb9e7a9cfa3002bdf05,home_away_nba_game_day_local,2026-05-19T00:35:06.461710+00:00,0,2025,7.0,-7.0,219.5,False
CLE,115.52941176470588,117.27450980392157,True,0.4,108.0,110.4,1.7450980392156907,2.4000000000000057,93,1_day,1,Cleveland Cavaliers,35,9,0.2571,1610612739,0.0,2026-05-21T00:00:00Z,0042500302,NYK,107.62745098039215,117.72549019607843,True,0.4,0.0,102.4,122.4,10.09803921568627,20.0,0,0,109,1_day,1,New York Knicks,36,13,0.3611,1610612752,-440,310,2026-05-21,7e2d40a6d3b163e318b7abbe026c40c1,home_away_nba_game_day_local,2026-05-20T02:35:06.585694+00:00,0,2025,-4.5,4.5,201.5,False
OKC,108.97916666666667,118.85416666666667,True,0.4,112.0,121.6,9.875,9.599999999999994,123,1_day,1,Oklahoma City Thunder,38,17,0.4474,1610612760,0.0,2026-05-22T00:00:00Z,0042500313,SAS,110.52083333333333,120.35416666666667,True,0.4,0.0,111.4,121.8,9.833333333333343,10.399999999999991,1,0,108,1_day,1,San Antonio Spurs,41,13,0.3171,1610612759,-320,235,2026-05-22,7b814a0bc57622abcbc708d9e9a27fca,home_away_nba_game_day_local,2026-05-23T02:35:06.681993+00:00,0,2025,-5.5,5.5,228.5,False
NYK,109.97916666666667,114.91666666666667,True,0.4,101.4,116.8,4.9375,15.399999999999991,121,1_day,1,New York Knicks,28,11,0.3929,1610612752,0.0,2026-05-23T00:00:00Z,0042500303,CLE,113.7,118.46,True,0.4,0.0,109.2,106.6,4.759999999999991,-2.6000000000000085,0,0,108,1_day,1,Cleveland Cavaliers,41,12,0.2927,1610612739,127,-144,2026-05-23,4247d31ac7706ebe455b8f221c9e4184,home_away_nba_game_day_local,2026-05-24T00:05:07.791107+00:00,0,2025,3.0,-3.0,216.0,False
OKC,108.95918367346938,118.93877551020408,True,0.4,112.2,121.2,9.979591836734699,9.0,82,1_day,1,Oklahoma City Thunder,33,6,0.1818,1610612760,0.0,2026-05-24T00:00:00Z,0042500314,SAS,110.77551020408163,120.10204081632654,True,0.4,0.0,113.2,121.6,9.326530612244909,8.399999999999991,1,0,103,1_day,1,San Antonio Spurs,33,9,0.2727,1610612759,122,-138,2026-05-24,7b814a0bc57622abcbc708d9e9a27fca,home_away_nba_game_day_local,2026-05-23T00:05:06.463858+00:00,0,2025,2.5,-2.5,219.0,False
NYK,109.93877551020408,115.04081632653062,True,0.4,102.6,119.4,5.102040816326536,16.80000000000001,130,1_day,1,New York Knicks,43,19,0.4419,1610612752,0.0,2026-05-25T00:00:00Z,0042500304,CLE,113.84313725490196,118.25490196078431,True,0.4,0.0,110.8,104.8,4.411764705882348,-6.0,0,0,93,1_day,1,Cleveland Cavaliers,40,11,0.275,1610612739,-100000,8000,2026-05-25,4247d31ac7706ebe455b8f221c9e4184,home_away_nba_game_day_local,2026-05-24T02:35:06.295299+00:00,0,2025,-12.5,12.5,228.5,False
SAS,111.09615384615384,118.96153846153847,True,0.4,110.2,117.0,7.865384615384627,6.799999999999997,114,1_day,1,San Antonio Spurs,41,12,0.2927,1610612759,0.0,2026-05-26T00:00:00Z,0042500315,OKC,106.84,118.38,True,0.4,0.9012,111.2,111.4,11.539999999999992,0.20000000000000284,3,0,127,1_day,1,Oklahoma City Thunder,32,14,0.4375,1610612760,630,-1200,2026-05-26,197dd95ba7880a2cd6a00df88014610b,home_away_nba_game_day_local,2026-05-27T02:35:07.157903+00:00,0,2025,9.5,-9.5,244.5,False
OKC,108.84,118.2,True,0.4,112.0,113.8,9.36,1.7999999999999972,91,1_day,1,Oklahoma City Thunder,40,10,0.25,1610612760,0.0,2026-05-28T00:00:00Z,0042500316,SAS,110.2,119.76,True,0.4,0.0,113.8,112.0,9.560000000000002,-1.7999999999999972,1,0,118,1_day,1,San Antonio Spurs,41,15,0.3659,1610612759,3300,-10000,2026-05-28,78fd894a8789f5fd7f2318cc85b2fc44,home_away_nba_game_day_local,2026-05-29T02:35:05.812499+00:00,0,2025,22.5,-22.5,215.5,False
SAS,111.39622641509433,118.86792452830188,True,0.4,109.0,111.2,7.471698113207552,2.200000000000003,111,1_day,1,San Antonio Spurs,40,17,0.425,1610612759,0.0,2026-05-30T00:00:00Z,0042500317,OKC,106.98039215686275,118.54901960784314,True,0.4,0.9012,111.2,109.0,11.568627450980387,-2.200000000000003,3,0,103,1_day,1,Oklahoma City Thunder,35,12,0.3429,1610612760,125,-142,2026-05-30,c2c2561efd4d4f69367aa83be60995a0,home_away_nba_game_day_local,2026-05-31T00:05:06.759436+00:00,0,2025,3.5,-3.5,211.5,False
NYK,109.6,115.34,True,0.15,102.4,123.8,5.740000000000009,21.39999999999999,105,2_days,2,New York Knicks,36,11,0.3056,1610612752,-0.15,2026-06-03T00:00:00Z,0042500401,SAS,109.82352941176471,119.72549019607843,False,0.0,0.0,105.2,110.8,9.901960784313715,5.599999999999994,1,0,95,3_plus_days,3,San Antonio Spurs,43,11,0.2558,1610612759,162,-185,2026-06-03,1aae688472781f1a1aaf3efdb38e884b,home_away_nba_game_day_local,2026-06-03T23:35:06.961489+00:00,0,2025,5.0,-5.0,217.0,False
NYK,109.31372549019608,115.13725490196079,True,0.4,98.6,116.0,5.82352941176471,17.400000000000006,105,1_day,1,New York Knicks,38,15,0.3947,1610612752,0.0,2026-06-05T00:00:00Z,0042500402,SAS,109.73076923076923,119.25,True,0.4,0.0,101.6,108.2,9.519230769230774,6.6000000000000085,1,0,104,1_day,1,San Antonio Spurs,29,11,0.3793,1610612759,130,-166,2026-06-05,1aae688472781f1a1aaf3efdb38e884b,home_away_nba_game_day_local,2026-06-04T02:35:06.673901+00:00,0,2025,2.5,-2.5,206.5,False
SAS,111.24074074074075,118.72222222222223,True,0.15,106.2,108.4,7.481481481481481,2.200000000000003,115,2_days,2,San Antonio Spurs,34,12,0.3529,1610612759,0.0,2026-06-08T00:00:00Z,0042500403,NYK,107.34615384615384,117.5576923076923,True,0.15,0.0,98.6,114.0,10.211538461538467,15.400000000000006,0,0,111,2_days,2,New York Knicks,37,13,0.3514,1610612752,-105,-111,2026-06-08,0707c5b20ff523e730c85090c7faffdf,home_away_nba_game_day_local,2026-06-09T00:35:08.045960+00:00,0,2025,1.0,-1.0,215.5,False
SAS,111.23636363636363,118.65454545454546,True,0.4,103.0,108.6,7.4181818181818215,5.599999999999994,106,1_day,1,San Antonio Spurs,43,17,0.3953,1610612759,0.0,2026-06-10T00:00:00Z,0042500404,NYK,107.49056603773585,117.43396226415095,True,0.4,0.0,103.0,114.4,9.943396226415103,11.400000000000006,0,0,107,1_day,1,New York Knicks,32,15,0.4688,1610612752,-170,132,2026-06-10,0707c5b20ff523e730c85090c7faffdf,home_away_nba_game_day_local,2026-06-09T02:35:07.113297+00:00,0,2025,-3.5,3.5,228.5,False
NYK,109.21153846153847,114.9423076923077,True,0.15,102.6,111.6,5.730769230769226,9.0,94,2_days,2,New York Knicks,37,12,0.3243,1610612752,0.0,2026-06-13T00:00:00Z,0042500405,SAS,109.64150943396227,118.9622641509434,True,0.15,0.0,106.2,106.2,9.320754716981128,0.0,1,0,90,2_days,2,San Antonio Spurs,37,12,0.3243,1610612759,166,-190,2026-06-13,6cc5c3b9cfcb1d94bed9f3ca972b3114,home_away_nba_game_day_local,2026-06-13T21:05:18.734066+00:00,0,2025,5.5,-5.5,216.0,False
