game_id,commence_time,away_team,home_team,has_schedule_match
20740de7481ec1f20c2efbc30852f6c6,2025-08-23T16:07:00Z,Iowa State Cyclones,Kansas State Wildcats,false
aebbca630f1fa214f2a7ede77b7cbe00,2025-08-23T20:00:00Z,Idaho State Bengals,UNLV Rebels,false
bc9ca531af3bbd6fcb8271267655450e,2025-08-23T22:30:00Z,Fresno State Bulldogs,Kansas Jayhawks,false
69b92f6edcf58ce33ac39d43bc1f21a5,2025-08-23T23:00:00Z,Sam Houston State Bearkats,Western Kentucky Hilltoppers,false
f88be3eb99624912fed9f8dfc9c3b017,2025-08-23T23:30:00Z,Stanford Cardinal,Hawaii Rainbow Warriors,false
ba3ec216f7117a8f9acbef2fe092c87b,2025-08-28T21:30:00Z,Boise State Broncos,South Florida Bulls,false
0340d587efabc6bbf7114392cb51dfd5,2025-08-28T22:00:00Z,Ohio Bobcats,Rutgers Scarlet Knights,false
d7ab1b23eca061461501011f6d913b89,2025-08-28T22:05:00Z,Lafayette Leopards,Bowling Green Falcons,false
03799e82b32ca4fb9dd248a037685d38,2025-08-28T23:00:00Z,Wyoming Cowboys,Akron Zips,false
05a8d6ea14b00a0173aef3a7114468ae,2025-08-28T23:00:00Z,St. Francis (PA) Red Flash,UL Monroe Warhawks,false
6e308b5e56e38cfe79a4f6b4783e1bfc,2025-08-28T23:00:00Z,East Carolina Pirates,NC State Wolfpack,false
5b752439ba344f0fbe7c47649e41f2ad,2025-08-28T23:05:00Z,Jacksonville State Gamecocks,UCF Knights,false
93a0241d6b1478ab0f1b1df756c086d1,2025-08-28T23:05:00Z,Delaware State Hornets,Delaware Blue Hens,false
02a146113c8e455ffb3234d2966b9539,2025-08-28T23:30:00Z,Elon Phoenix,Duke Blue Devils,false
325e1f14e3a41628ed0319f2ecedf2de,2025-08-28T23:30:00Z,UT Martin Skyhawks,Oklahoma State Cowboys,false
487db659f61cd6b639930789ea3e3a7b,2025-08-28T23:30:00Z,Central Arkansas Bears,Missouri Tigers,false
5287f56aa50eff29efc0d8c19c41ec01,2025-08-29T00:00:00Z,Buffalo Bulls,Minnesota Golden Gophers,false
8c32f78dfb4ad3a5ab23114d92194124,2025-08-29T00:00:00Z,Stephen F. Austin Lumberjacks,Houston Cougars,false
cde48c374106f42368e37698bf654103,2025-08-29T00:30:00Z,Alabama State Hornets,UAB Blazers,false
5258088fbe3a7c3b887cc597a1f0d59d,2025-08-29T01:00:00Z,Miami (OH) RedHawks,Wisconsin Badgers,false
f2cf826d5734af1bedd0fb1510a7605c,2025-08-29T01:00:00Z,Nebraska Cornhuskers,Cincinnati Bearcats,false
d2f9e75253f8fcaaa78de1ceadc4b349,2025-08-29T02:00:00Z,Stony Brook Seawolves,San Diego State Aztecs,false
fe3b3339307b2e4fbf016b666b09255d,2025-08-29T22:00:00Z,Tarleton State Texans,Army Black Knights,false
3a175beb7105d6a842ae58311a15f4d1,2025-08-29T23:00:00Z,Appalachian State Mountaineers,Charlotte 49ers,false
6b720706eed963bd287b802d86a85024,2025-08-29T23:00:00Z,Kennesaw State Owls,Wake Forest Demon Deacons,false
7658b924afd85474454c6b96f1fde759,2025-08-29T23:00:00Z,Bethune-Cookman Wildcats,Florida International Panthers,false
cc964607d7c521019e0c91768bb2c024,2025-08-29T23:00:00Z,Western Michigan Broncos,Michigan State Spartans,false
5a3128645784cad46eb5bde204e7d618,2025-08-29T23:30:00Z,Western Illinois Leathernecks,Illinois Fighting Illini,false
a3ec71fa36e9de13e2f1306b1ae4e8b6,2025-08-29T23:30:00Z,Wagner Seahawks,Kansas Jayhawks,false
09043eb30bb7d92001afc88201788f05,2025-08-30T00:00:00Z,Georgia Tech Yellow Jackets,Colorado Buffaloes,false
091114ab96129401a22aa7b2ba683ec1,2025-08-30T00:00:00Z,Auburn Tigers,Baylor Bears,false
6805d37180d92fd870ab5fac57eebee5,2025-08-30T01:30:00Z,UNLV Rebels,Sam Houston State Bearkats,false
559c446a5e9976d63eb7f67a3e189be4,2025-08-30T02:30:00Z,Central Michigan Chippewas,San Jose State Spartans,false
eb08e0869675a469f223fefa2b7c1aac,2025-08-30T15:58:00Z,Syracuse Orange,Tennessee Volunteers,false
0ee5bcc393d7591e62d85d0090796cdc,2025-08-30T16:00:00Z,Mississippi State Bulldogs,Southern Mississippi Golden Eagles,false
108112065d320b9bc531736b51f1053f,2025-08-30T16:00:00Z,Northwestern Wildcats,Tulane Green Wave,false
478ec5b3fbf88e66161f1c6b60122955,2025-08-30T16:00:00Z,Duquesne Dukes,Pittsburgh Panthers,false
50308f92d57c1fdb7b19c12ce8ef1159,2025-08-30T16:00:00Z,VMI Keydets,Navy Midshipmen,false
a21e71cf77c563760aa9ca01826c2583,2025-08-30T16:00:00Z,Ball State Cardinals,Purdue Boilermakers,false
c046e0640625fe9ab9661a89eea14e88,2025-08-30T16:00:00Z,Merrimack Warriors,Kent State Golden Flashes,false
f412c431e3f6d5b0645351971479df7b,2025-08-30T16:00:00Z,Florida Atlantic Owls,Maryland Terrapins,false
243c8fc42fd9e0d035d2f904384185e4,2025-08-30T16:02:00Z,Texas Longhorns,Ohio State Buckeyes,false
c3d1a98456d7bcfc2273efc4c64a6cd6,2025-08-30T16:45:00Z,Toledo Rockets,Kentucky Wildcats,false
33d9786fcff3fcf5e281d2e750883421,2025-08-30T18:00:00Z,Fordham Rams,Boston College Eagles,false
9bdaf2860fd82da8bc0fcc5c38d66323,2025-08-30T18:00:00Z,Robert Morris Colonials,West Virginia Mountaineers,false
e06ac6b6ae06cd0ab15d16967d2bbed6,2025-08-30T18:00:00Z,Central Connecticut Blue Devils,UConn Huskies,false
a7e9ac25c43abf7a563c1c978d805b4b,2025-08-30T18:30:00Z,Old Dominion Monarchs,Indiana Hoosiers,false
fcdc35425f50cb7bda3057b6a43b7fab,2025-08-30T19:00:00Z,Eastern Kentucky Colonels,Louisville Cardinals,false
5c32c6337881a5345e232f266665e6dd,2025-08-30T19:28:00Z,Alabama Crimson Tide,Florida State Seminoles,false
663302976d25e5e68e83f286db1418f6,2025-08-30T19:30:00Z,Marshall Thundering Herd,Georgia Bulldogs,false
901815b907870c08f831bcec682fcd7c,2025-08-30T19:30:00Z,Bucknell Bison,Air Force Falcons,false
922b6299efbf42689d115cb571231c4e,2025-08-30T19:30:00Z,Holy Cross Crusaders,Northern Illinois Huskies,false
a6df0cb69b95b8eb8c8bb7520471d978,2025-08-30T19:30:00Z,Temple Owls,UMass Minutemen,false
aeb1e8186d2e362190477db433dab5f7,2025-08-30T19:30:00Z,South Dakota Coyotes,Iowa State Cyclones,false
e2a51da70ed1084d9bce9f024d0a69a0,2025-08-30T19:30:00Z,Nevada Wolf Pack,Penn State Nittany Lions,false
9ec692ed45038a7318dd884505ec19c0,2025-08-30T20:00:00Z,Maine Black Bears,Liberty Flames,false
ec583779fa6cdf81885b9c785cf4da5a,2025-08-30T20:00:00Z,Montana State Bobcats,Oregon Ducks,false
9ca7b95362e9caa4742659555a1765f4,2025-08-30T20:15:00Z,Alabama A&M Bulldogs,Arkansas Razorbacks,false
0f885b0193a77ef9cf18cde250f58c17,2025-08-30T20:30:00Z,Chattanooga Mocs,Memphis Tigers,false
24dfea2363dac7a2a0f4f460d175580d,2025-08-30T22:00:00Z,Albany,Iowa Hawkeyes,false
411a22839a0415e8122bf6655d692dcb,2025-08-30T22:00:00Z,Illinois State Redbirds,Oklahoma Sooners,false
6af1e17d7174b1cba28f644a02600e3b,2025-08-30T22:00:00Z,Coastal Carolina Chanticleers,Virginia Cavaliers,false
8d1ce3fa873b4adc946c19ef1778e235,2025-08-30T22:00:00Z,Weber State Wildcats,James Madison Dukes,false
5518ec42aea2d53d95ae0525da16dcce,2025-08-30T23:00:00Z,Morgan State Bears,South Alabama Jaguars,false
5af5d9416c9a7a1c9aeee7272f64782d,2025-08-30T23:00:00Z,North Dakota Fighting Hawks,Kansas State Wildcats,false
5e25531fbb1876c4c48cd017d5b5671c,2025-08-30T23:00:00Z,LIU Sharks,Florida Gators,false
7aed5f886c986b97e83d23faa060e65d,2025-08-30T23:00:00Z,Nicholls State Colonels,Troy Trojans,false
80f3010fb9711b746dc8ebab53fe7c47,2025-08-30T23:00:00Z,Charleston Southern Buccaneers,Vanderbilt Commodores,false
b16c8fc4179692cae0332f7b65e14b39,2025-08-30T23:00:00Z,North Alabama Lions,Western Kentucky Hilltoppers,false
b9b7362cde9dff460a263d4b19c8e462,2025-08-30T23:00:00Z,Austin Peay Governors,Middle Tennessee Blue Raiders,false
d368359056ae756db52495aec9e68aca,2025-08-30T23:00:00Z,Southeast Missouri State Redhawks,Arkansas State Red Wolves,false
60004aaab0613df8d1081256ed66e212,2025-08-30T23:30:00Z,Arkansas Pine Bluff Golden Lions,Texas Tech Red Raiders,false
9315c835a22a931d29e34ef0f15c9429,2025-08-30T23:30:00Z,LSU Tigers,Clemson Tigers,false
9d06a9977b4d0299fa17257634f2123d,2025-08-30T23:30:00Z,Missouri State Bears,USC Trojans,false
b9644727bdb769f76dccd79898ddd02f,2025-08-30T23:30:00Z,Southeastern Louisiana Lions,Louisiana Tech Bulldogs,false
ce5e306794394e11f8e703c89ac39dcb,2025-08-30T23:30:00Z,UTEP Miners,Utah State Aggies,false
f146d157f41678d4d8d9ffc7bade8af6,2025-08-30T23:30:00Z,New Mexico Lobos,Michigan Wolverines,false
095df3e0d5e42c81f2ba3918568d6051,2025-08-30T23:45:00Z,Georgia State Panthers,Ole Miss Rebels,false
309c300c69b10173f523cb8a47a24f27,2025-08-31T00:00:00Z,Lamar Cardinals,North Texas Mean Green,false
d66929ae5687924dabdd2c8b06593a44,2025-08-31T00:00:00Z,Eastern Michigan Eagles,Texas State Bobcats,false
d818fb3e1ad167a0802887763f7699e8,2025-08-31T00:00:00Z,Rice Owls,Louisiana Ragin Cajuns,false
ebc2af05ee84f4ad5485349875442fa4,2025-08-31T00:00:00Z,Abilene Christian Wildcats,Tulsa Golden Hurricane,false
fb72179c63f6d05558016847bcf47a8d,2025-08-31T00:00:00Z,Portland State Vikings,BYU Cougars,false
73835ae319d1f5533c2322dc70375c77,2025-08-31T01:00:00Z,Bryant Bulldogs,New Mexico State Aggies,false
99aa25f6c7299ea1a9b444ef813a9770,2025-08-31T01:00:00Z,UTSA Roadrunners,Texas A&M Aggies,false
e621163d95de7f9f309e5c46fe4e8457,2025-08-31T01:00:00Z,East Texas A&M Lions,SMU Mustangs,false
d25adc138f4395cd1cd3a31270362764,2025-08-31T01:30:00Z,Georgia Southern Eagles,Fresno State Bulldogs,false
55bbfffac34b3738268dbdcc78b58dc8,2025-08-31T02:00:00Z,Idaho Vandals,Washington State Cougars,false
793c5f3c22499efa9d6968b2bccfad4c,2025-08-31T02:00:00Z,Northern Arizona Lumberjacks,Arizona State Sun Devils,false
5d864fb9feccc540dfedf3f1141bc4cb,2025-08-31T02:30:00Z,California Golden Bears,Oregon State Beavers,false
b9668bd42d810933d0a2d1de428fc5fd,2025-08-31T02:30:00Z,Hawaii Rainbow Warriors,Arizona Wildcats,false
57de482f01e31e5f31e1010a072d8369,2025-08-31T03:00:00Z,Utah Utes,UCLA Bruins,false
d52b301586f5ce0e1e8b6f3dad18af47,2025-08-31T03:00:00Z,Colorado State Rams,Washington Huskies,false
1803d7f4d655fb3f6d5f39fcfd893b96,2025-08-31T19:00:00Z,Virginia Tech Hokies,South Carolina Gamecocks,false
8c138af84cb5ff1e6c4e11b591ff041f,2025-08-31T23:30:00Z,Notre Dame Fighting Irish,Miami Hurricanes,false
9418aabb5edf415f4296c694fa210c3b,2025-09-02T00:00:00Z,TCU Horned Frogs,North Carolina Tar Heels,false
3e06ec27bf0f5024ab751815479d9c4e,2025-09-05T23:00:00Z,James Madison Dukes,Louisville Cardinals,false
319bff020a1a38e8a0b8123c6d9f06c5,2025-09-05T23:30:00Z,Northern Illinois Huskies,Maryland Terrapins,false
d4edaa264115d6aa5601ac5094c3fcbf,2025-09-05T23:30:00Z,Western Illinois Leathernecks,Northwestern Wildcats,false
5d261118034763fb8926590e23054879,2025-09-06T01:00:00Z,Eastern Washington Eagles,Boise State Broncos,false
1d337b460d2d48e8cd152c4cfc0feb65,2025-09-06T16:00:00Z,Kent State Golden Flashes,Texas Tech Red Raiders,false
601f11a56ce690549ff1275c569cddab,2025-09-06T16:00:00Z,Iowa Hawkeyes,Iowa State Cyclones,false
6a92f4972c35c421f08a5bf601d60cdf,2025-09-06T16:00:00Z,Liberty Flames,Jacksonville State Gamecocks,false
6f47dd0ec1e77d03b09f973a889a9888,2025-09-06T16:00:00Z,Florida International Panthers,Penn State Nittany Lions,false
851e2c80e37b4bc2a49538ea658fce35,2025-09-06T16:00:00Z,Central Michigan Chippewas,Pittsburgh Panthers,false
9c8c520f16b3fec7180880aa3a8305f6,2025-09-06T16:00:00Z,San Jose State Spartans,Texas Longhorns,false
aa0b998acde7ec673cd145a43ec0d42a,2025-09-06T16:00:00Z,Virginia Cavaliers,NC State Wolfpack,false
aa65a4823f86a4a55119734ee9bf936d,2025-09-06T16:00:00Z,UConn Huskies,Syracuse Orange,false
d617ea38af0130201ac40d901bf13d0f,2025-09-06T16:00:00Z,Baylor Bears,SMU Mustangs,false
22ef820a384ce82c9d0d9c530451b8ae,2025-09-06T16:05:00Z,Illinois Fighting Illini,Duke Blue Devils,false
23bf555b2956fe362e113bae8a0a5317,2025-09-06T16:05:00Z,East Texas A&M Lions,Florida State Seminoles,false
31d94acd80bcf0d456a020d0ca96fd0e,2025-09-06T16:05:00Z,Kennesaw State Owls,Indiana Hoosiers,false
aec36a89b807af38a872836d8f21c340,2025-09-06T16:05:00Z,Northwestern State Demons,Minnesota Golden Gophers,false
6a4da08f393ad5e4ee1e32e24ff0e280,2025-09-06T16:45:00Z,Utah State Aggies,Texas A&M Aggies,false
4be8ee33ee54d89bf2bca677f33972fe,2025-09-06T18:05:00Z,Western Carolina Catamounts,Wake Forest Demon Deacons,false
768fd5137a06619d87538d884eddbcc8,2025-09-06T18:05:00Z,Howard Bison,Temple Owls,false
3975575c3ff9da1842f4019db37825e7,2025-09-06T18:35:00Z,Austin Peay Governors,Georgia Bulldogs,false
ea67a3db1f2b5827009f6d8e63c5c721,2025-09-06T19:05:00Z,Idaho State Bengals,New Mexico Lobos,false
10651a24aaafce3c973435290bb5cc58,2025-09-06T19:30:00Z,North Texas Mean Green,Western Michigan Broncos,false
1637d24e5e78c310cc3a006e53d93d24,2025-09-06T19:30:00Z,Miami (OH) RedHawks,Rutgers Scarlet Knights,false
2147ecdbd826245e414d585251ef87e1,2025-09-06T19:30:00Z,Delaware Blue Hens,Colorado Buffaloes,false
4dfcb17f8f10fd2ee8f5794cdabebf94,2025-09-06T19:30:00Z,Fresno State Bulldogs,Oregon State Beavers,false
52db5ee0ae390264d46abf260d58d239,2025-09-06T19:30:00Z,Troy Trojans,Clemson Tigers,false
60385595d3e501feeba3a45fafead46f,2025-09-06T19:30:00Z,Kansas Jayhawks,Missouri Tigers,false
7e7fec9c9790702ee91c2bb9ab777e76,2025-09-06T19:30:00Z,Bowling Green Falcons,Cincinnati Bearcats,false
7fd2b35cdf431bfdacae0b428f1b8550,2025-09-06T19:30:00Z,Texas State Bobcats,UTSA Roadrunners,false
82a0730f5bc12bc2bd0b3e77b2e6d343,2025-09-06T19:30:00Z,UAB Blazers,Navy Midshipmen,false
aae11c793bc039b1fe617662aa7a30ac,2025-09-06T19:30:00Z,Oklahoma State Cowboys,Oregon Ducks,false
d531b8e12cb18d265d2a68e50008904c,2025-09-06T19:30:00Z,Ole Miss Rebels,Kentucky Wildcats,false
26dc6f197e66104d32d01209b8ad80f2,2025-09-06T19:35:00Z,East Tennessee State Buccaneers,Tennessee Volunteers,false
2b9526d89cef299d27d40df2c7d089cc,2025-09-06T19:35:00Z,St. Francis (PA) Red Flash,Buffalo Bulls,false
5ec37f47324f863bca4140bf9742c2b3,2025-09-06T19:35:00Z,Bryant Bulldogs,UMass Minutemen,false
6c45601f8d031fc1d9051354e7341c88,2025-09-06T19:35:00Z,Gardner-Webb Runnin Bulldogs,Georgia Tech Yellow Jackets,false
71a02bb7a06ec61fbcc90614e1709887,2025-09-06T19:35:00Z,Grambling State Tigers,Ohio State Buckeyes,false
cc6d57b7668726c93fde64f6de4a7c68,2025-09-06T19:35:00Z,Lindenwood Lions,Appalachian State Mountaineers,false
116fcf63d006815e16ad77e27a1b7ec6,2025-09-06T20:00:00Z,West Virginia Mountaineers,Ohio Bobcats,false
ef5e4d5fdd91ba13abea3c1b880bf6cb,2025-09-06T20:00:00Z,Middle Tennessee Blue Raiders,Wisconsin Badgers,false
d27640d7a7262d1212283491984a25e3,2025-09-06T20:05:00Z,Northern Iowa Panthers,Wyoming Cowboys,false
adfb4c2e2052c3e066089e9b30c0e496,2025-09-06T20:15:00Z,South Florida Bulls,Florida Gators,false
b3afa7e549f06046d220f15be8f57bdd,2025-09-06T21:00:00Z,Arkansas State Red Wolves,Arkansas Razorbacks,false
189f13a5956430a8b8bc19a071dbe396,2025-09-06T21:05:00Z,Sacramento State Hornets,Nevada Wolf Pack,false
9a9297190f7b672f20a8c2169e4e0dda,2025-09-06T21:05:00Z,Jackson State Tigers,Southern Mississippi Golden Eagles,false
fee631583a9845afb9bf9d8b3b0b8251,2025-09-06T22:00:00Z,Missouri State Bears,Marshall Thundering Herd,false
3f8386d941941a0dfabcc52c2d49a779,2025-09-06T22:05:00Z,Florida A&M Rattlers,Florida Atlantic Owls,false
56cf14d9ec460e3d925d15a74ff96480,2025-09-06T22:05:00Z,Campbell Fighting Camels,East Carolina Pirates,false
ab853cd1e0b0c0ec52ed1281c0f4430b,2025-09-06T22:05:00Z,North Carolina Central Eagles,Old Dominion Monarchs,false
e4921c9abbbc6fad654953b98a917c85,2025-09-06T22:05:00Z,Cal Poly Mustangs,Utah Utes,false
2364417c745994c23e50a4b9539d9dcf,2025-09-06T23:00:00Z,Army Black Knights,Kansas State Wildcats,false
5a5d9bfe189d87fab86e00ae8e5f5ea1,2025-09-06T23:00:00Z,Tulane Green Wave,South Alabama Jaguars,false
7812e5178fa6fc42110523dcc932684b,2025-09-06T23:00:00Z,Houston Cougars,Rice Owls,false
8933c7632f6f0163dd8c1746835726cf,2025-09-06T23:00:00Z,North Carolina Tar Heels,Charlotte 49ers,false
babcab8106759c4005c0d44f7b372d40,2025-09-06T23:00:00Z,Memphis Tigers,Georgia State Panthers,false
fde61dca2f5d5d96267fb00ce6a3d1b9,2025-09-06T23:00:00Z,Western Kentucky Hilltoppers,Toledo Rockets,false
5405aa2c12cc8d8da76ee7abc8c53a91,2025-09-06T23:05:00Z,Northern Colorado Bears,Colorado State Rams,false
a936ece803772890be537dfaff8a10b2,2025-09-06T23:05:00Z,LIU Sharks,Eastern Michigan Eagles,false
ba99311bb57bf1aefb82f82ac0b3fb88,2025-09-06T23:05:00Z,Bethune-Cookman Wildcats,Miami Hurricanes,false
c90ceed1e5d6fa2b9b18f41698e72ae3,2025-09-06T23:05:00Z,North Carolina A&T Aggies,UCF Knights,false
d1a993205667b96cd89e55d185d24593,2025-09-06T23:05:00Z,South Carolina State Bulldogs,South Carolina Gamecocks,false
1a3f2c51d3af5b356c44b737195a5b46,2025-09-06T23:30:00Z,Vanderbilt Commodores,Virginia Tech Hokies,false
4e799f80f1960a286b99111d18d13597,2025-09-06T23:30:00Z,Akron Zips,Nebraska Cornhuskers,false
5efdee187e4f412e747582a3c18f725b,2025-09-06T23:30:00Z,Michigan Wolverines,Oklahoma Sooners,false
846163dd682584dccfd473a3e19ab98a,2025-09-06T23:30:00Z,Boston College Eagles,Michigan State Spartans,false
98c92ca46c07070ed67047af259e07a9,2025-09-06T23:30:00Z,Arizona State Sun Devils,Mississippi State Bulldogs,false
9f0b65a8f99dd25660e14da120f3f49b,2025-09-06T23:30:00Z,Louisiana Tech Bulldogs,LSU Tigers,false
bc35dafac8197c8b37cf45f2845e46c5,2025-09-06T23:30:00Z,Ball State Cardinals,Auburn Tigers,false
c3fba6444cf81b6e2d5214d40362bff9,2025-09-06T23:30:00Z,Georgia Southern Eagles,USC Trojans,false
28baf07528786ceba750f04765da80f2,2025-09-06T23:35:00Z,Charleston Southern Buccaneers,Coastal Carolina Chanticleers,false
f3fa678cb608349c6a01b82ea311cc98,2025-09-06T23:35:00Z,Southern Illinois Salukis,Purdue Boilermakers,false
0f7ab013d577d4ce6596cddb496a4e2e,2025-09-06T23:45:00Z,UL Monroe Warhawks,Alabama Crimson Tide,false
d445a4ea45f024ba386b422a8f293177,2025-09-07T00:00:00Z,UCLA Bruins,UNLV Rebels,false
c730d999aec044ecdb025b4b0aadca95,2025-09-07T00:05:00Z,McNeese State Cowboys,Louisiana Ragin Cajuns,false
b2d958e3de35cf037c3879cd2357ba2a,2025-09-07T01:00:00Z,Tulsa Golden Hurricane,New Mexico State Aggies,false
643822150f0bf436abb517c7fc1c71f0,2025-09-07T01:05:00Z,UT Martin Skyhawks,UTEP Miners,false
fe157539436ac33506849b9a37a657f5,2025-09-07T01:05:00Z,Texas Southern Tigers,California Golden Bears,false
164279d656466280a5aae94c4a56855c,2025-09-07T02:05:00Z,Weber State Wildcats,Arizona Wildcats,false
c412e71c1e290c935cce3c2579a9606a,2025-09-07T02:15:00Z,San Diego State Aztecs,Washington State Cougars,false
d4d307f058aeaa574cfa993534dc6329,2025-09-07T02:15:00Z,Stanford Cardinal,BYU Cougars,false
dd516b114a67242fa7d18b57158981a6,2025-09-07T03:00:00Z,UC Davis Aggies,Washington Huskies,false
8cb9bffac37420e5cd3f489d4d8eb9fa,2025-09-07T04:00:00Z,Sam Houston State Bearkats,Hawaii Rainbow Warriors,false
542ba39fc8c6d30999a48dd24a805716,2025-09-11T23:30:00Z,NC State Wolfpack,Wake Forest Demon Deacons,false
27b116b4ae0add4a567ac13e648a969c,2025-09-12T22:30:00Z,Indiana State Sycamores,Indiana Hoosiers,false
c0cb57ad4cf6559c9e66a282af20a70f,2025-09-12T23:00:00Z,Colgate Raiders,Syracuse Orange,false
3364cb1ca333090467399c9202106e85,2025-09-12T23:30:00Z,Colorado Buffaloes,Houston Cougars,false
15fc1863106a88d0c4fbbab5fb4104d8,2025-09-13T01:00:00Z,Kansas State Wildcats,Arizona Wildcats,false
fc14fc6cc614c501289dce87abdaa041,2025-09-13T02:00:00Z,New Mexico Lobos,UCLA Bruins,false
1e8f948c71b57bb3ab85019401680e55,2025-09-13T15:58:00Z,Clemson Tigers,Georgia Tech Yellow Jackets,false
4448884985daf34694092893ff17f308,2025-09-13T15:59:00Z,Wisconsin Badgers,Alabama Crimson Tide,false
3f24d5cd198b8d71346ee485024d92e4,2025-09-13T16:00:00Z,William and Mary Tribe,Virginia Cavaliers,false
7055717ca227bcf67daddfde8ce538d7,2025-09-13T16:00:00Z,Memphis Tigers,Troy Trojans,false
890ecf657e6554cb83401877d8a2d4af,2025-09-13T16:00:00Z,Houston Baptist Huskies,Nebraska Cornhuskers,false
b8524329bb15afd228c75ffbf68f4cc0,2025-09-13T16:00:00Z,Oklahoma Sooners,Temple Owls,false
bb7a8c32ea520cdc25a01fe1826ca550,2025-09-13T16:00:00Z,Towson Tigers,Maryland Terrapins,false
cf8be0afa61692fc5367a63efe3acb04,2025-09-13T16:00:00Z,Buffalo Bulls,Kent State Golden Flashes,false
e56fc1fd0535fb4df5965ec3b167affc,2025-09-13T16:00:00Z,Central Michigan Chippewas,Michigan Wolverines,false
e578eee84f74b91f768a10409dad34e2,2025-09-13T16:00:00Z,Oregon Ducks,Northwestern Wildcats,false
5aa5556ffd91ab02dd10e760119389c9,2025-09-13T16:05:00Z,Samford Bulldogs,Baylor Bears,false
769239155fdcf442b46fd841cc830644,2025-09-13T16:45:00Z,South Alabama Jaguars,Auburn Tigers,false
6e02ca12a913adc7a3e54664fab9ec5f,2025-09-13T17:00:00Z,Louisiana Ragin Cajuns,Missouri Tigers,false
06d8d06bf18254cb7da10f3df605b694,2025-09-13T18:00:00Z,New Hampshire Wildcats,Ball State Cardinals,false
a8f7d11f07a3638d7cbf6db26063a7d6,2025-09-13T19:00:00Z,UConn Huskies,Delaware Blue Hens,false
08d8516f4e80463c999592cabffaab09,2025-09-13T19:30:00Z,Oregon State Beavers,Texas Tech Red Raiders,false
2f5eb17fc3460a510e64c0da17592c23,2025-09-13T19:30:00Z,Georgia Bulldogs,Tennessee Volunteers,false
32dedd329ad7a2cf2ef10ea7ce94ac2f,2025-09-13T19:30:00Z,SMU Mustangs,Missouri State Bears,false
3ad5a91e618cb376c6a36ce3661ddeaa,2025-09-13T19:30:00Z,Norfolk State Spartans,Rutgers Scarlet Knights,false
4814e0006160018eb4640a5954482c73,2025-09-13T19:30:00Z,Incarnate Word Cardinals,UTSA Roadrunners,false
4d626c9b7d06d80a9f435e9d370d7552,2025-09-13T19:30:00Z,Washington State Cougars,North Texas Mean Green,false
77658b71d1a453dde664a6dac3e3aee5,2025-09-13T19:30:00Z,USC Trojans,Purdue Boilermakers,false
bd0a69e509effeb418dc2c02e2812904,2025-09-13T19:30:00Z,Pittsburgh Panthers,West Virginia Mountaineers,false
e1a21478d0bb7a47dd4ed8d77f7aebfd,2025-09-13T19:30:00Z,Villanova Wildcats,Penn State Nittany Lions,false
e35cf990260dfc344edcde78f6f259a7,2025-09-13T19:30:00Z,Northwestern State Demons,Cincinnati Bearcats,false
e8b76d9da9d28dd941d01df1ee8456d2,2025-09-13T19:30:00Z,Youngstown St Penguins,Michigan State Spartans,false
f1fa192df7e4f63e08254cc59d41daab,2025-09-13T19:30:00Z,Richmond Spiders,North Carolina Tar Heels,false
f77f31a47eb33d465d89794897312559,2025-09-13T19:30:00Z,Morgan State Bears,Toledo Rockets,false
139289c50a551da95bd2eabf6369f603,2025-09-13T20:00:00Z,Iowa State Cyclones,Arkansas State Red Wolves,false
9f28051e129f9d7c9b1592843975f35e,2025-09-13T20:15:00Z,UTEP Miners,Texas Longhorns,false
abd9abc5f6d6a3cc918ef6796b35613a,2025-09-13T20:30:00Z,South Florida Bulls,Miami Hurricanes,false
875846e5665b70d5469951f3fcb7882c,2025-09-13T21:00:00Z,Middle Tennessee Blue Raiders,Nevada Wolf Pack,false
d0dd41e1d1fbdb7fb28108d71cef7191,2025-09-13T21:00:00Z,Liberty Flames,Bowling Green Falcons,false
24639a99272a5b62097223d827ee87d8,2025-09-13T22:00:00Z,Merrimack Warriors,Kennesaw State Owls,false
4bd781526f99dcec03fbfa22ac331354,2025-09-13T22:00:00Z,Eastern Kentucky Colonels,Marshall Thundering Herd,false
5ae8e6f0b5efe437b1443149ae0ec642,2025-09-13T22:00:00Z,Monmouth Hawks,Charlotte 49ers,false
7013b142407fdb3a33b73bb74b9f9955,2025-09-13T22:00:00Z,Alcorn State Braves,Mississippi State Bulldogs,false
f725f3f6b4997b4743eab27059a76b9a,2025-09-13T22:00:00Z,Florida Atlantic Owls,Florida International Panthers,false
019f0593640b99c42289e23d88f54fe2,2025-09-13T23:00:00Z,Murray State Racers,Georgia State Panthers,false
208a16b828d2456abbb1f12037625758,2025-09-13T23:00:00Z,Old Dominion Monarchs,Virginia Tech Hokies,false
2f3b6a7a4a7b55d909fa1d7673b7c452,2025-09-13T23:00:00Z,Vanderbilt Commodores,South Carolina Gamecocks,false
550c9e1c0682a94c17ec7df68381a94b,2025-09-13T23:00:00Z,Western Michigan Broncos,Illinois Fighting Illini,false
84b736e35a7f73afa8b8c938c65169af,2025-09-13T23:00:00Z,Jacksonville State Gamecocks,Georgia Southern Eagles,false
8b7338452f03e6d1f390ba7683da7a46,2025-09-13T23:00:00Z,Appalachian State Mountaineers,Southern Mississippi Golden Eagles,false
c08b8bf01131025509bb852aa41e2f91,2025-09-13T23:00:00Z,Ohio Bobcats,Ohio State Buckeyes,false
d7240ebe1bb46d3db3bb15d267cae7de,2025-09-13T23:00:00Z,Prairie View A&M Panthers,Rice Owls,false
ed60227b309e7c8b24a7fd098d830bca,2025-09-13T23:00:00Z,Arkansas Razorbacks,Ole Miss Rebels,false
1fa46226598488bf1844c212919bccc0,2025-09-13T23:30:00Z,East Carolina Pirates,Coastal Carolina Chanticleers,false
b83c7f30440d9f80736b1b7cc5b2fa7f,2025-09-13T23:30:00Z,Florida Gators,LSU Tigers,false
bbf986aa26a838709271939437a8c9c5,2025-09-13T23:30:00Z,Eastern Michigan Eagles,Kentucky Wildcats,false
d20307e8474bbfe4a52934a6af6fe2d9,2025-09-13T23:30:00Z,Texas A&M Aggies,Notre Dame Fighting Irish,false
d3f2f26060c42cb5ae2b941b73a794d8,2025-09-13T23:30:00Z,New Mexico State Aggies,Louisiana Tech Bulldogs,false
df7f1ccceef734c9353bcd44a4236601,2025-09-13T23:30:00Z,UMass Minutemen,Iowa Hawkeyes,false
674f125e76bbaa23c17ed7bfc92a7e2f,2025-09-14T00:00:00Z,Navy Midshipmen,Tulsa Golden Hurricane,false
835d0fbb20287ee86ac00d5f3fa3b3b6,2025-09-14T00:00:00Z,Duke Blue Devils,Tulane Green Wave,false
ad2a98c2fe26866d3fe7664110c1b5f7,2025-09-14T00:00:00Z,Utah Utes,Wyoming Cowboys,false
fd20bb3cdf2afbfeaa3daa9b665a5767,2025-09-14T00:00:00Z,Abilene Christian Wildcats,TCU Horned Frogs,false
410236d82315e057f9465b5c12df7bf2,2025-09-14T00:30:00Z,Akron Zips,UAB Blazers,false
36ac69de72f616b39cbcc1f2e89a9430,2025-09-14T01:45:00Z,Air Force Falcons,Utah State Aggies,false
76fa944a050adddb7c2cb6e4c4d38d6b,2025-09-14T02:00:00Z,Southern University Jaguars,Fresno State Bulldogs,false
4ac5fec6b02d255aa548dfd6cc1edbb9,2025-09-14T02:30:00Z,Boston College Eagles,Stanford Cardinal,false
5d85387fe9b718ea0c754c1e1b51a434,2025-09-14T02:30:00Z,Minnesota Golden Gophers,California Golden Bears,false
f52fd1eb78ff6a44662e772a4950263b,2025-09-14T02:30:00Z,Texas State Bobcats,Arizona State Sun Devils,false
bbe327e5d8f123a57f4279e3597d40ae,2025-09-14T03:59:00Z,Portland State Vikings,Hawaii Rainbow Warriors,false
88a5a0bbf82083c43c806d40071b340e,2025-09-18T23:30:00Z,Rice Owls,Charlotte 49ers,false
f7f75940634e8ec62dac353f09be0677,2025-09-19T23:30:00Z,Tulsa Golden Hurricane,Oklahoma State Cowboys,false
4bab9cbac51f27b9f12617b760247074,2025-09-20T00:00:00Z,Iowa Hawkeyes,Rutgers Scarlet Knights,false
13e04598f89948bf768f8f5456c9bc66,2025-09-20T15:59:00Z,Maryland Terrapins,Wisconsin Badgers,false
3f96037e0014fee643fc8b7a5efaa2d0,2025-09-20T15:59:00Z,Syracuse Orange,Clemson Tigers,false
c0b1ac9a610885d8e56a1891adf68d57,2025-09-20T15:59:00Z,Arkansas Razorbacks,Memphis Tigers,false
3aa7e2c30d9051691c378e202279c6fc,2025-09-20T16:00:00Z,Texas Tech Red Raiders,Utah Utes,false
84ae085a96a7a0b18f00587c6136884f,2025-09-20T16:00:00Z,SMU Mustangs,TCU Horned Frogs,false
a007e86de8d7082641da38233ddeb1b7,2025-09-20T16:00:00Z,Bowling Green Falcons,Louisville Cardinals,false
a85c3e810f12d0a8bf904fa1a2795aa6,2025-09-20T16:00:00Z,North Texas Mean Green,Army Black Knights,false
340927bb8c4eb3f1d8a13c5480646b51,2025-09-20T16:05:00Z,Wofford Terriers,Virginia Tech Hokies,false
3fdda89f6826aab0083880182b962b27,2025-09-20T16:05:00Z,UNLV Rebels,Miami (OH) RedHawks,false
9449961a57cdf571e7248d18613ec131,2025-09-20T16:05:00Z,South Carolina State Bulldogs,South Florida Bulls,false
6c5b117f5091e161561240ae95fe99a4,2025-09-20T16:45:00Z,UAB Blazers,Tennessee Volunteers,false
cbf53f44970801ab245ec4d71276519e,2025-09-20T17:00:00Z,Wagner Seahawks,Central Michigan Chippewas,false
ee813cd96576a01199eedf7066cc54d1,2025-09-20T19:00:00Z,Oregon State Beavers,Oregon Ducks,false
038cd404ffe4a5be92eb7c38c93ffd68,2025-09-20T19:30:00Z,North Carolina Tar Heels,UCF Knights,false
103dcd715ce54d763f5d49157b11b2a2,2025-09-20T19:30:00Z,Auburn Tigers,Oklahoma Sooners,false
12046fc0c213511df41b0eac4fc599ca,2025-09-20T19:30:00Z,Toledo Rockets,Western Michigan Broncos,false
2c779264544468120afddc92b13c62e3,2025-09-20T19:30:00Z,Gardner-Webb Runnin Bulldogs,Ohio Bobcats,false
3624fd697b751f6852328275de12fd1c,2025-09-20T19:30:00Z,Louisiana Ragin Cajuns,Eastern Michigan Eagles,false
3a348b84db164ba3eddf330ec773c06d,2025-09-20T19:30:00Z,Troy Trojans,Buffalo Bulls,false
857f26585f6083c7cfc300026e647ee6,2025-09-20T19:30:00Z,Kent State Golden Flashes,Florida State Seminoles,false
93682b6473bd43d01f8b37a24132ef75,2025-09-20T19:30:00Z,Ball State Cardinals,UConn Huskies,false
af17a22d1102bd35d73a24c0332f762f,2025-09-20T19:30:00Z,Purdue Boilermakers,Notre Dame Fighting Irish,false
c2b9d588bf5c96622fea7d89d5f0c115,2025-09-20T19:30:00Z,Tulane Green Wave,Ole Miss Rebels,false
e7873a03eb97c9a032544e448cc2d55c,2025-09-20T19:30:00Z,Michigan Wolverines,Nebraska Cornhuskers,false
f652e81624955a035c53f10089a56e2e,2025-09-20T19:30:00Z,James Madison Dukes,Liberty Flames,false
19c25ee727d70638bb04d4e1bce612ea,2025-09-20T20:00:00Z,NC State Wolfpack,Duke Blue Devils,false
03977e2fadb000a89f6b3da8a5b174cd,2025-09-20T20:15:00Z,Northern Illinois Huskies,Mississippi State Bulldogs,false
e42cbc33af5d7a0d0045f0858e3cdf96,2025-09-20T20:30:00Z,Temple Owls,Georgia Tech Yellow Jackets,false
9d1789382895a78e49e86838a9f8c44d,2025-09-20T21:00:00Z,Idaho Vandals,San Jose State Spartans,false
40e0ef27cf4ecc8195310d798dee3be9,2025-09-20T22:00:00Z,Delaware Blue Hens,Florida International Panthers,false
6be90d4768b93c43b3b3e55de45a3925,2025-09-20T22:00:00Z,West Virginia Mountaineers,Kansas Jayhawks,false
8a6aaf025db38602e739a75bd9cd79a2,2025-09-20T22:00:00Z,Arkansas State Red Wolves,Kennesaw State Owls,false
79e3a2057511c8c7faff696a65ad00a5,2025-09-20T22:07:00Z,Duquesne Dukes,Akron Zips,false
0a99c4c19ec716237226adf6f20506ce,2025-09-20T23:00:00Z,South Carolina Gamecocks,Missouri Tigers,false
95902da68b0cef406dd2413e4399a320,2025-09-20T23:00:00Z,Boise State Broncos,Air Force Falcons,false
c6c93f60d8369525b707f1f11c2cd0a1,2025-09-20T23:00:00Z,Nevada Wolf Pack,Western Kentucky Hilltoppers,false
eba637423f4dc14f6c7039c4b25fa523,2025-09-20T23:00:00Z,Marshall Thundering Herd,Middle Tennessee Blue Raiders,false
f65d280c50613dc0089571280476bc4a,2025-09-20T23:00:00Z,Coastal Carolina Chanticleers,South Alabama Jaguars,false
512e428ad08bc3ef6efb803bc679d933,2025-09-20T23:07:00Z,UT Martin Skyhawks,Missouri State Bears,false
5631867903a80876d292ca9634f4749f,2025-09-20T23:07:00Z,Maine Black Bears,Georgia Southern Eagles,false
fe8803c09e7627bae0109bc98e3ac310,2025-09-20T23:07:00Z,Murray State Racers,Jacksonville State Gamecocks,false
2347ab8f55c1890bd4340b29032381fe,2025-09-20T23:30:00Z,BYU Cougars,East Carolina Pirates,false
23ce9d15b3cbcee45fd1d13550ee2a1a,2025-09-20T23:30:00Z,Arizona State Sun Devils,Baylor Bears,false
8f3febddcf1504cb91454ac61d25caa8,2025-09-20T23:30:00Z,Washington Huskies,Washington State Cougars,false
a4df26224ac6173274f8facd32942ca4,2025-09-20T23:30:00Z,Stanford Cardinal,Virginia Cavaliers,false
b953fbd602d01288f5e295c636d69dc9,2025-09-20T23:30:00Z,Georgia State Panthers,Vanderbilt Commodores,false
c5fd71cee9ea79e7c966ec74aad118ce,2025-09-20T23:30:00Z,Southern Mississippi Golden Eagles,Louisiana Tech Bulldogs,false
e12a027ef3182426888607f1aa77a6bc,2025-09-20T23:30:00Z,Florida Gators,Miami Hurricanes,false
efb65d1caa41db87771cf8d31fda1c03,2025-09-20T23:30:00Z,Illinois Fighting Illini,Indiana Hoosiers,false
be4553c118c2689f5cf14fd9dd580c96,2025-09-20T23:52:00Z,Southeastern Louisiana Lions,LSU Tigers,false
d098d8c6ee0dc177926284d2b55548e1,2025-09-21T00:00:00Z,Sam Houston State Bearkats,Texas Longhorns,false
81975f3dd4ec47b2bbd4e39edbe91815,2025-09-21T00:07:00Z,Nicholls State Colonels,Texas State Bobcats,false
a675cd586e97d568bbe7bed7d2a7170c,2025-09-21T00:07:00Z,McNeese State Cowboys,Utah State Aggies,false
cd4b42ea2180255f5116e232c2b2b819,2025-09-21T01:00:00Z,UL Monroe Warhawks,UTEP Miners,false
9cbec31b71841a2e3c176c793476259c,2025-09-21T01:30:00Z,UTSA Roadrunners,Colorado State Rams,false
0428899902640b8db4774cf8c53379d2,2025-09-21T02:15:00Z,Wyoming Cowboys,Colorado Buffaloes,false
8162cc38b88546a32110dee7af01cb60,2025-09-21T02:30:00Z,California Golden Bears,San Diego State Aztecs,false
3494518f6430d858bb0c13fe8b29b108,2025-09-21T03:00:00Z,Michigan State Spartans,USC Trojans,false
4306843c52f1847f42d57fdc5e59652a,2025-09-21T03:59:00Z,Fresno State Bulldogs,Hawaii Rainbow Warriors,false
9f0c39a454dbb72e6d5d3d8175d63f24,2025-09-25T23:30:00Z,Army Black Knights,East Carolina Pirates,false
0aa30bdb9295af4b13475b7aabb2cfea,2025-09-26T23:00:00Z,Florida State Seminoles,Virginia Cavaliers,false
f921de41ef2918f15fc38af1091d6206,2025-09-27T01:00:00Z,TCU Horned Frogs,Arizona State Sun Devils,false
8d2d9d2d52be2c1b040572a949cbeb8d,2025-09-27T02:30:00Z,Houston Cougars,Oregon State Beavers,false
00e4a622dd9d352a89042411d98011c2,2025-09-27T16:00:00Z,Bowling Green Falcons,Ohio Bobcats,false
0fddb3073ac2e4cf64b1fbab530bd46a,2025-09-27T16:00:00Z,South Alabama Jaguars,North Texas Mean Green,false
1c9f81f98890e8287c3a203f1b95a78b,2025-09-27T16:00:00Z,UCF Knights,Kansas State Wildcats,false
276535da04befff08724bafd3838f086,2025-09-27T16:00:00Z,Georgia Tech Yellow Jackets,Wake Forest Demon Deacons,false
9211d988a7a37c1171c0402c46bd3ed5,2025-09-27T16:00:00Z,USC Trojans,Illinois Fighting Illini,false
b4e694771eec00d29e8b0e767fd89844,2025-09-27T16:00:00Z,Cincinnati Bearcats,Kansas Jayhawks,false
c7e9d66aaf9eb361d2c3b2077d637ef6,2025-09-27T16:00:00Z,Louisville Cardinals,Pittsburgh Panthers,false
d7402904994b361eb19c9e7d1c46c221,2025-09-27T16:00:00Z,Rutgers Scarlet Knights,Minnesota Golden Gophers,false
e29f3c5ebdb03de4f11f032cd29fdc30,2025-09-27T16:00:00Z,Duke Blue Devils,Syracuse Orange,false
9c00e60e6d66a511cce53c0a0f5bde43,2025-09-27T16:03:00Z,Notre Dame Fighting Irish,Arkansas Razorbacks,false
f0e1630f32dc039064b2536422a040ce,2025-09-27T16:45:00Z,Utah State Aggies,Vanderbilt Commodores,false
7a898acd2cc5f139754fd615d5d03b5b,2025-09-27T17:00:00Z,Eastern Michigan Eagles,Central Michigan Chippewas,false
4079ac405679c86d2ef11dde29e5713a,2025-09-27T17:30:00Z,Georgia Southern Eagles,James Madison Dukes,false
f1cf62076107958a8c8076e6ce1c5672,2025-09-27T19:00:00Z,Arkansas State Red Wolves,UL Monroe Warhawks,false
09386790d17406b6cf395cc3f5eb7a10,2025-09-27T19:30:00Z,San Diego State Aztecs,Northern Illinois Huskies,false
1b22149e990bdff226742aa529b1147c,2025-09-27T19:30:00Z,UCLA Bruins,Northwestern Wildcats,false
2af41e5b7328a096d3f710fa3601cf7a,2025-09-27T19:30:00Z,Akron Zips,Toledo Rockets,false
38ec707066a2e19151e10f088803554b,2025-09-27T19:30:00Z,Ohio State Buckeyes,Washington Huskies,false
5c42d56cd31ee19b3d7baba7a220b103,2025-09-27T19:30:00Z,Auburn Tigers,Texas A&M Aggies,false
95a5fa32d92ea8e02948487d72448740,2025-09-27T19:30:00Z,Baylor Bears,Oklahoma State Cowboys,false
abb1fda962de8e077ef60b6371be4655,2025-09-27T19:30:00Z,Lindenwood Lions,Miami (OH) RedHawks,false
af7edb090e4bdcac144f29453cc9b416,2025-09-27T19:30:00Z,Indiana Hoosiers,Iowa Hawkeyes,false
b084a084e383c1025454bfcf8fed4dfe,2025-09-27T19:30:00Z,Rice Owls,Navy Midshipmen,false
b9ca3daaa52f5e5e91ac5def4b9b0789,2025-09-27T19:30:00Z,Utah Utes,West Virginia Mountaineers,false
d0d5d76137834bd53f2f2d9b89185b45,2025-09-27T19:30:00Z,UConn Huskies,Buffalo Bulls,false
e88139ad8e275ed8101bbcb08dc7425b,2025-09-27T19:30:00Z,California Golden Bears,Boston College Eagles,false
f0daa9672398345c140434330134b8e2,2025-09-27T19:30:00Z,LSU Tigers,Ole Miss Rebels,false
58c785bf8f43b721c53ca155b8dff5f8,2025-09-27T20:00:00Z,New Mexico State Aggies,New Mexico Lobos,false
f48274120104b3dd6de484cecdbc7e02,2025-09-27T20:00:00Z,Hawaii Rainbow Warriors,Air Force Falcons,false
fdbf98c8da4412e69fc190ad9d6b8278,2025-09-27T20:00:00Z,Tulane Green Wave,Tulsa Golden Hurricane,false
ad226dc6bd485c9b53acebd5ceae531f,2025-09-27T20:15:00Z,Tennessee Volunteers,Mississippi State Bulldogs,false
22a1dc3f8ead3ed004f12a805b5f0bba,2025-09-27T22:00:00Z,Middle Tennessee Blue Raiders,Kennesaw State Owls,false
eebdc0d5bb5bf588dc76ef79c2d2f205,2025-09-27T22:00:00Z,Liberty Flames,Old Dominion Monarchs,false
65642a972639b4294a3dfb32e1025df6,2025-09-27T22:30:00Z,Rhode Island Rams,Western Michigan Broncos,false
63b6a142067e7f67ea91cc67e534ca6f,2025-09-27T23:00:00Z,Memphis Tigers,Florida Atlantic Owls,false
89ed3d21b7cc87bb80ba621f040d538e,2025-09-27T23:00:00Z,Virginia Tech Hokies,NC State Wolfpack,false
90f6536a4ea2981769343cbd80baf1cc,2025-09-27T23:00:00Z,Western Kentucky Hilltoppers,Missouri State Bears,false
c0f4af0d027dc651e1eb60ede8415ec1,2025-09-27T23:00:00Z,Arizona Wildcats,Iowa State Cyclones,false
fb1b5add87c95152d9887785fdfaff81,2025-09-27T23:00:00Z,Jacksonville State Gamecocks,Southern Mississippi Golden Eagles,false
0aed7c08799beb9a4ed133518b11194a,2025-09-27T23:30:00Z,Oregon Ducks,Penn State Nittany Lions,false
5e919b1126a9cf2a7de96993f9c9b43a,2025-09-27T23:30:00Z,Appalachian State Mountaineers,Boise State Broncos,false
b41939807dad226f718eeb8fa56d7342,2025-09-27T23:30:00Z,Alabama Crimson Tide,Georgia Bulldogs,false
b50c9a0239712b72d97978f4adcd4dae,2025-09-27T23:30:00Z,UMass Minutemen,Missouri Tigers,false
d69912e6f6817c68ca7871d0c47722a8,2025-09-27T23:30:00Z,San Jose State Spartans,Stanford Cardinal,false
e645c7214a8be1033aacb0416c72d314,2025-09-27T23:30:00Z,Washington State Cougars,Colorado State Rams,false
e436c32bc827c2699f7254c2ca5409b0,2025-09-27T23:45:00Z,Kentucky Wildcats,South Carolina Gamecocks,false
8288a19f634bebb4d5d03b9ead0a77fd,2025-09-28T00:00:00Z,Marshall Thundering Herd,Louisiana Ragin Cajuns,false
aaab0ac9ec64cffb7d2921481eab8670,2025-09-28T01:00:00Z,Louisiana Tech Bulldogs,UTEP Miners,false
c3b917feed8e8d174995ae62cfd8942c,2025-09-28T02:15:00Z,BYU Cougars,Colorado Buffaloes,false
d6d5e5483a3441fbe03027ae75861a88,2025-10-03T01:00:00Z,Sam Houston State Bearkats,New Mexico State Aggies,false
60be30c76c784a4f4c7e3f4c4a0fbea2,2025-10-03T23:00:00Z,Western Kentucky Hilltoppers,Delaware Blue Hens,false
ed6e2166a1b10224914b27016e04ee80,2025-10-03T23:00:00Z,Charlotte 49ers,South Florida Bulls,false
4ce2d16a7941f87821553c4d18504581,2025-10-04T02:00:00Z,New Mexico Lobos,San Jose State Spartans,false
6dd65fe376b5947e6b3e12f53e4f2f85,2025-10-04T02:30:00Z,Colorado State Rams,San Diego State Aztecs,false
f92b0c2e0458d4b67a708cf2cc086479,2025-10-04T02:30:00Z,West Virginia Mountaineers,BYU Cougars,false
03d3f28e904cf8e05320709c03cbf06e,2025-10-04T16:00:00Z,Ohio Bobcats,Ball State Cardinals,false
04cd118858c9a4749333439b29cdc548,2025-10-04T16:00:00Z,Illinois Fighting Illini,Purdue Boilermakers,false
22b680e3b474d2c7da3c0f3d223374c4,2025-10-04T16:00:00Z,Kansas State Wildcats,Baylor Bears,false
2e59cc43133dd809fffed4c843d7afcc,2025-10-04T16:00:00Z,Clemson Tigers,North Carolina Tar Heels,false
3cdecb280dab6308f21d5b4bf89806f6,2025-10-04T16:00:00Z,Wisconsin Badgers,Michigan Wolverines,false
4c9bd2ce4bac0213c310def6bf4fb8be,2025-10-04T16:00:00Z,Boston College Eagles,Pittsburgh Panthers,false
7bf7e3851e7ac12cd6fe2f8ec3b795da,2025-10-04T16:00:00Z,Air Force Falcons,Navy Midshipmen,false
e4f37b5c4c242407568e3e36b4f9612c,2025-10-04T16:00:00Z,Army Black Knights,UAB Blazers,false
2d276512e01be0ee84a7d0bb9fc4d604,2025-10-04T16:03:00Z,Kentucky Wildcats,Georgia Bulldogs,false
81a0b8c7652008629139781d76b75ef8,2025-10-04T16:03:00Z,Iowa State Cyclones,Cincinnati Bearcats,false
4579a2cd837e62498e3b3831d4475c96,2025-10-04T17:00:00Z,Wake Forest Demon Deacons,Virginia Tech Hokies,false
863c5961ee2ec9ffac32398c75e5dcbe,2025-10-04T17:00:00Z,UTSA Roadrunners,Temple Owls,false
175e98e745271259421b397d967614a9,2025-10-04T18:00:00Z,Campbell Fighting Camels,NC State Wolfpack,false
3c1a2eb27aec91630f0cda00f959ee61,2025-10-04T18:30:00Z,Western Michigan Broncos,UMass Minutemen,false
32aab37746e32d72605120ee63924aea,2025-10-04T19:00:00Z,Oklahoma State Cowboys,Arizona Wildcats,false
0169b39d461abff544e93d0287c1fab1,2025-10-04T19:30:00Z,Vanderbilt Commodores,Alabama Crimson Tide,false
01952fae15b67aadeb32d7a34d063ee6,2025-10-04T19:30:00Z,Eastern Michigan Eagles,Buffalo Bulls,false
0626d930549333f431b6e7700ffd7291,2025-10-04T19:30:00Z,Washington Huskies,Maryland Terrapins,false
2452392bdaa989acacde27de93db32ca,2025-10-04T19:30:00Z,Miami (OH) RedHawks,Northern Illinois Huskies,false
48dea4f4b99b6976d2c519dc48b52ed4,2025-10-04T19:30:00Z,Central Michigan Chippewas,Akron Zips,false
6713f27b1f4032c4ebc0f91d0fc86306,2025-10-04T19:30:00Z,Virginia Cavaliers,Louisville Cardinals,false
677f3f81a852b917bb6fac083e68f60b,2025-10-04T19:30:00Z,UL Monroe Warhawks,Northwestern Wildcats,false
6d9c7edbf2884eb46707ebd76ff969d7,2025-10-04T19:30:00Z,James Madison Dukes,Georgia State Panthers,false
7648558d15898b0c5a9006655091fc11,2025-10-04T19:30:00Z,Syracuse Orange,SMU Mustangs,false
8fe4d3c56069de55c950af75be1ef8d2,2025-10-04T19:30:00Z,Boise State Broncos,Notre Dame Fighting Irish,false
ab12d90680e822942845aa98dba1933b,2025-10-04T19:30:00Z,Oregon State Beavers,Appalachian State Mountaineers,false
b23708a801d86a636d823d2678d169ed,2025-10-04T19:30:00Z,Florida International Panthers,UConn Huskies,false
cb392d95625a9a1bc0c9d38b48e01e04,2025-10-04T19:30:00Z,Penn State Nittany Lions,UCLA Bruins,false
fbde7d91385363d991f47b06e939428c,2025-10-04T19:30:00Z,Texas Longhorns,Florida Gators,false
5f923887c7b45059d84dcd5972b25a16,2025-10-04T20:00:00Z,Kent State Golden Flashes,Oklahoma Sooners,false
600cefc5681276f67a98d1b895388901,2025-10-04T20:00:00Z,Michigan State Spartans,Nebraska Cornhuskers,false
a62fc08c67b4e292879a17791a727e4a,2025-10-04T20:00:00Z,Texas State Bobcats,Arkansas State Red Wolves,false
9af91cb4d445ab55fec6eb8d60e079f8,2025-10-04T22:00:00Z,Coastal Carolina Chanticleers,Old Dominion Monarchs,false
08fe7e0a9a16b45419f955cb3ac4f443,2025-10-04T23:00:00Z,UNLV Rebels,Wyoming Cowboys,false
16d1658b495dc746aed5d921ffbae9a9,2025-10-04T23:00:00Z,Texas Tech Red Raiders,Houston Cougars,false
9b3e942a28f2b0df98e0c79c83864a15,2025-10-04T23:00:00Z,South Alabama Jaguars,Troy Trojans,false
ba6b6f78dac14dd7cab6745b0b6c8cd6,2025-10-04T23:00:00Z,Florida Atlantic Owls,Rice Owls,false
1c2bc1c8623e7527c13a515529541b89,2025-10-04T23:30:00Z,Minnesota Golden Gophers,Ohio State Buckeyes,false
70e137c2073f1c524e66e3d5c2cb3f1b,2025-10-04T23:30:00Z,Kansas Jayhawks,UCF Knights,false
c1614464ceef18bdc3108d0fb3899343,2025-10-04T23:30:00Z,Colorado Buffaloes,TCU Horned Frogs,false
cb7d85df1a2186ede6f66305485ddc22,2025-10-04T23:30:00Z,Mississippi State Bulldogs,Texas A&M Aggies,false
e3f1c7a8b94a532b18987dfd0c13998e,2025-10-04T23:30:00Z,Miami Hurricanes,Florida State Seminoles,false
c9a9afb46bbfe7047e145ad5dfd95593,2025-10-05T00:00:00Z,Tulsa Golden Hurricane,Memphis Tigers,false
98032c76517a301d3547a0224bb802f1,2025-10-05T01:30:00Z,Duke Blue Devils,California Golden Bears,false
e90085ebaf4a599c531e3e0bd5a6c1b1,2025-10-05T02:30:00Z,Nevada Wolf Pack,Fresno State Bulldogs,false
f35e80c2c336d6a9769b1b9a5ea34ebb,2025-10-08T23:30:00Z,Missouri State Bears,Middle Tennessee Blue Raiders,false
1ee44e88d618c903c43292b3aa6443b4,2025-10-09T00:00:00Z,Liberty Flames,UTEP Miners,false
80be7099edd5c7bdd8543513a959d509,2025-10-09T23:00:00Z,Louisiana Tech Bulldogs,Kennesaw State Owls,false
7d21808c0d39ffee98aaef9aaf4fc226,2025-10-09T23:30:00Z,East Carolina Pirates,Tulane Green Wave,false
57283eb69be8d23bc114313e20af0fc0,2025-10-10T00:00:00Z,Jacksonville State Gamecocks,Sam Houston State Bearkats,false
dbc3a87d503d63341ab1d1229c196ce6,2025-10-10T00:00:00Z,Southern Mississippi Golden Eagles,Georgia Southern Eagles,false
ebc400e419d11f88b555c4c425a101aa,2025-10-10T23:30:00Z,South Florida Bulls,North Texas Mean Green,false
17add79d604adf8b590ad1dc8f5cab4e,2025-10-11T01:00:00Z,Fresno State Bulldogs,Colorado State Rams,false
6e0da65d6200a6d993ec698ac7b1cd57,2025-10-11T01:00:00Z,Rutgers Scarlet Knights,Washington Huskies,false
4e5471d34b6f44691d945144edd9e96c,2025-10-11T15:59:00Z,Alabama Crimson Tide,Missouri Tigers,false
1bd680d6e204dc9bea4500e1932e0545,2025-10-11T16:00:00Z,Miami (OH) RedHawks,Akron Zips,false
9821bdaca6409c7e1dfb70a4ec2ad3e2,2025-10-11T16:00:00Z,UCLA Bruins,Michigan State Spartans,false
b65090ae8762083bc31e6546f50bd38e,2025-10-11T16:00:00Z,Houston Cougars,Oklahoma State Cowboys,false
babde2a716ec01f56e9a027cd748e6b0,2025-10-11T16:00:00Z,UCF Knights,Cincinnati Bearcats,false
cbfdd173a396ca6a65a08405a56e99cd,2025-10-11T16:00:00Z,Louisiana Ragin Cajuns,James Madison Dukes,false
d2da5b6ac5caea4b17580cb517e7606b,2025-10-11T16:00:00Z,Stanford Cardinal,SMU Mustangs,false
d65896e25870aebe734b5c277d80b725,2025-10-11T16:00:00Z,Charlotte 49ers,Army Black Knights,false
d9d7e0d0a40be472b39e0d0c54e13633,2025-10-11T16:00:00Z,Toledo Rockets,Bowling Green Falcons,false
e10dad3c927f07d7129982a4a4563de8,2025-10-11T16:07:00Z,Pittsburgh Panthers,Florida State Seminoles,false
6850ce38681c03906af201d68cdd70e7,2025-10-11T16:09:00Z,Ohio State Buckeyes,Illinois Fighting Illini,false
e3bcfd275ce0b20d919ac20c49997962,2025-10-11T16:45:00Z,Washington State Cougars,Ole Miss Rebels,false
a0726b9498032688269d61facad7a939,2025-10-11T17:00:00Z,Northern Illinois Huskies,Eastern Michigan Eagles,false
9fd9a11eec7dbd74c2164ed2415336c2,2025-10-11T18:30:00Z,UMass Minutemen,Kent State Golden Flashes,false
001094ad5e8edd36b0f407a392085d77,2025-10-11T19:30:00Z,Old Dominion Monarchs,Marshall Thundering Herd,false
2158ab9881202465881edfe230af0bf6,2025-10-11T19:30:00Z,Iowa State Cyclones,Colorado Buffaloes,false
2bba5df15d3c9222962c8bb8fc24ae80,2025-10-11T19:30:00Z,Indiana Hoosiers,Oregon Ducks,false
3d0bb9b5fd3ea8d38a3c67c60cd814f4,2025-10-11T19:30:00Z,Ball State Cardinals,Western Michigan Broncos,false
53d43629918c049046ee009bff70b49f,2025-10-11T19:30:00Z,Nebraska Cornhuskers,Maryland Terrapins,false
64bc4fba5d35860770b37c2866775e78,2025-10-11T19:30:00Z,Air Force Falcons,UNLV Rebels,false
66153d8e67a550f1f9ee3afbee0bb357,2025-10-11T19:30:00Z,TCU Horned Frogs,Kansas State Wildcats,false
9a98b243fbc72d5438eb3445e054b915,2025-10-11T19:30:00Z,NC State Wolfpack,Notre Dame Fighting Irish,false
b558ad432d602df7b43579becf16eece,2025-10-11T19:30:00Z,Virginia Tech Hokies,Georgia Tech Yellow Jackets,false
c72db8267333fdc3c1e924d377d5531f,2025-10-11T19:30:00Z,Northwestern Wildcats,Penn State Nittany Lions,false
ec5a3648e7b879155389f31cc523f840,2025-10-11T19:30:00Z,Oklahoma Sooners,Texas Longhorns,false
f8af8764a2800e0546e0d630375c5155,2025-10-11T19:30:00Z,Appalachian State Mountaineers,Georgia State Panthers,false
fc6dab7a706de775417de1c94b3dd419,2025-10-11T19:30:00Z,Wake Forest Demon Deacons,Oregon State Beavers,false
4a8cd81e8dfa8d72f9d05b1a086fb418,2025-10-11T20:00:00Z,Navy Midshipmen,Temple Owls,false
a0ce391a3e1dcc42703e273e7cd43308,2025-10-11T20:15:00Z,Arkansas Razorbacks,Tennessee Volunteers,false
eecb202a746e0d50cc69d21b73860e13,2025-10-11T22:00:00Z,UAB Blazers,Florida Atlantic Owls,false
2f94142f11ca602b35004f81f0fb6bb4,2025-10-11T23:00:00Z,Florida Gators,Texas A&M Aggies,false
afe2544f878a71b70d8c52006bd78482,2025-10-11T23:00:00Z,San Jose State Spartans,Wyoming Cowboys,false
d1b49901efafa2e7efbd64e5dcb29c0d,2025-10-11T23:00:00Z,UL Monroe Warhawks,Coastal Carolina Chanticleers,false
e1e0f5c2cc82d1255fc57a8637ddc18c,2025-10-11T23:00:00Z,Iowa Hawkeyes,Wisconsin Badgers,false
5a1127219ae128003dc5154af7f3561e,2025-10-11T23:30:00Z,Georgia Bulldogs,Auburn Tigers,false
80fb909a58417752399944b7c3ad9a90,2025-10-11T23:30:00Z,Kansas Jayhawks,Texas Tech Red Raiders,false
b1b3789cd2775eb8f60d82704df02f59,2025-10-11T23:30:00Z,Clemson Tigers,Boston College Eagles,false
c5b4bf26258afaed3cca9b67ef3783f8,2025-10-11T23:30:00Z,Purdue Boilermakers,Minnesota Golden Gophers,false
d87fbc40deede78fd9497d87a0e2e225,2025-10-11T23:30:00Z,Rice Owls,UTSA Roadrunners,false
e06151a147cb4d93456e732ad2013a3e,2025-10-11T23:30:00Z,Michigan Wolverines,USC Trojans,false
4a191067aa0558b3ee24343551fbd8d1,2025-10-11T23:45:00Z,South Carolina Gamecocks,LSU Tigers,false
1814879e45bd0008dd1182de86f8c3ae,2025-10-12T00:00:00Z,Troy Trojans,Texas State Bobcats,false
bab9f41c47521171fd5a7452bf778f5a,2025-10-12T00:00:00Z,BYU Cougars,Arizona Wildcats,false
4a72e67b0c10cd94ec4f994e0b9692ab,2025-10-12T01:45:00Z,New Mexico Lobos,Boise State Broncos,false
a109b71f4beba173453582bb0043e075,2025-10-12T02:15:00Z,Arizona State Sun Devils,Utah Utes,false
42e2757eda4ea3c97d054d008c5cc7d6,2025-10-12T02:30:00Z,San Diego State Aztecs,Nevada Wolf Pack,false
455af8d3dabc721a5899d78834243422,2025-10-12T03:59:00Z,Utah State Aggies,Hawaii Rainbow Warriors,false
f63b3ba5fb0084b3b5d735394f10ce43,2025-10-14T23:00:00Z,New Mexico State Aggies,Liberty Flames,false
c2d428cbf0b787ee8c1fe0402266ea6c,2025-10-14T23:30:00Z,Arkansas State Red Wolves,South Alabama Jaguars,false
195edecefe4d9e28b6370f4cca6696c9,2025-10-15T00:00:00Z,Florida International Panthers,Western Kentucky Hilltoppers,false
0d244c0f45b386c4306834705afb971f,2025-10-15T23:00:00Z,Delaware Blue Hens,Jacksonville State Gamecocks,false
36ef3598137923f8a1f12dc61fabddf5,2025-10-15T23:00:00Z,UTEP Miners,Sam Houston State Bearkats,false
9d110dc5627ec6c7593c880dcb906fa9,2025-10-16T23:30:00Z,Tulsa Golden Hurricane,East Carolina Pirates,false
10a111c1fd81ba0536dae762d6f9f933,2025-10-17T23:00:00Z,Louisville Cardinals,Miami Hurricanes,false
92964692e49d56868cc78cea5254c061,2025-10-18T00:00:00Z,Nebraska Cornhuskers,Minnesota Golden Gophers,false
fabf700114de9a665c40478e8dceccc9,2025-10-18T01:00:00Z,San Jose State Spartans,Utah State Aggies,false
078a33fd428923f0d673fd35a79edc42,2025-10-18T02:30:00Z,North Carolina Tar Heels,California Golden Bears,false
00a6974f28c6bc5a62c7dddffe277772,2025-10-18T16:00:00Z,UConn Huskies,Boston College Eagles,false
09dc8e89288cf0e0a7b356ecba1368bf,2025-10-18T16:00:00Z,Central Michigan Chippewas,Bowling Green Falcons,false
9ae9257ec6ad7304073eab4e09b08569,2025-10-18T16:00:00Z,Eastern Michigan Eagles,Miami (OH) RedHawks,false
aecb861cfa6664f9cbb94adfd16b16f8,2025-10-18T16:00:00Z,Army Black Knights,Tulane Green Wave,false
bb18900848211296ea7c10692c3c4f01,2025-10-18T16:00:00Z,LSU Tigers,Vanderbilt Commodores,false
f087da86c9f333ede5023b3c5da3e683,2025-10-18T16:00:00Z,Baylor Bears,TCU Horned Frogs,false
1719a33bcb26ce3c5119d8dbbe883d08,2025-10-18T16:03:00Z,Arizona Wildcats,Houston Cougars,false
04ec553198d4be4f4c61412514fa3ed6,2025-10-18T16:10:00Z,Georgia Tech Yellow Jackets,Duke Blue Devils,false
e79f6c92e621c517179918e7e1ef4a26,2025-10-18T16:10:00Z,Washington Huskies,Michigan Wolverines,false
d44075b0d3f4aac36f4761cf1bc2e5ea,2025-10-18T16:45:00Z,Oklahoma Sooners,South Carolina Gamecocks,false
b4f42c88b4d5eb45150b23ab3b186d0a,2025-10-18T17:00:00Z,West Virginia Mountaineers,UCF Knights,false
e4aa139820c2dd11f83027e8cf90077a,2025-10-18T18:00:00Z,Kent State Golden Flashes,Toledo Rockets,false
803607925bbb470049b655d113c0ad5d,2025-10-18T18:30:00Z,Buffalo Bulls,UMass Minutemen,false
4fcd227a8f65146f3f05ef6bf5dbbdee,2025-10-18T19:00:00Z,Troy Trojans,UL Monroe Warhawks,false
b90c1e699a3f75f21ca7e436584b6add,2025-10-18T19:00:00Z,Purdue Boilermakers,Northwestern Wildcats,false
140129cd7d0dc8e98b52a47a682134ec,2025-10-18T19:30:00Z,Coastal Carolina Chanticleers,Appalachian State Mountaineers,false
2073cfebcfc3368e22b436a6edf10cef,2025-10-18T19:30:00Z,Northern Illinois Huskies,Ohio Bobcats,false
2648046a739ad39505d834b82d62e13b,2025-10-18T19:30:00Z,UTSA Roadrunners,North Texas Mean Green,false
27691e5354e5380e613d02c9437e963d,2025-10-18T19:30:00Z,Wyoming Cowboys,Air Force Falcons,false
521d005c0199e69e1af5faf379b6bfc7,2025-10-18T19:30:00Z,Texas A&M Aggies,Arkansas Razorbacks,false
55f5ab2c82d0f2993231587e63a6b782,2025-10-18T19:30:00Z,Ole Miss Rebels,Georgia Bulldogs,false
79f01f984b254490779e3ed91fae3ab7,2025-10-18T19:30:00Z,Akron Zips,Ball State Cardinals,false
7be66ff7eb8a7b2aaeb7f3d4d2e8806a,2025-10-18T19:30:00Z,SMU Mustangs,Clemson Tigers,false
82b43016aa3e0c0a524320b9e9830678,2025-10-18T19:30:00Z,Temple Owls,Charlotte 49ers,false
8d5ca9cb62b5ab0a5427f363f56d814b,2025-10-18T19:30:00Z,Old Dominion Monarchs,James Madison Dukes,false
b40fd4e70194bfdabd7e68dfc269f268,2025-10-18T19:30:00Z,Ohio State Buckeyes,Wisconsin Badgers,false
d15fdb8ae860183a48c201265d28b77a,2025-10-18T19:30:00Z,Texas State Bobcats,Marshall Thundering Herd,false
d205e781f229cb68ddac1fc2ad3e24ec,2025-10-18T19:30:00Z,Michigan State Spartans,Indiana Hoosiers,false
fa2d5dbab5d79c98893ce5b7a23c1d3e,2025-10-18T19:30:00Z,UNLV Rebels,Boise State Broncos,false
970b5191ee6e19666dfdec2eb19954ce,2025-10-18T20:00:00Z,Texas Tech Red Raiders,Arizona State Sun Devils,false
9f7eb2d2b2e7b68f14a18a521765e53b,2025-10-18T20:00:00Z,Memphis Tigers,UAB Blazers,false
2c7763e732f47af87d2034549c69f82d,2025-10-18T20:15:00Z,Mississippi State Bulldogs,Florida Gators,false
5da9ef579c5fd86b10be56e99d1d1c10,2025-10-18T21:00:00Z,Southern Mississippi Golden Eagles,Louisiana Ragin Cajuns,false
27566d5b43cf09db1545d28a013b2bc9,2025-10-18T22:30:00Z,Washington State Cougars,Virginia Cavaliers,false
cd5818a61eb4ec516c371a55c24a240a,2025-10-18T22:30:00Z,Oregon Ducks,Rutgers Scarlet Knights,false
3ca674b081dddf7f8ac3d9862186b8e8,2025-10-18T23:00:00Z,Georgia State Panthers,Georgia Southern Eagles,false
5866b06f9fe4c1e8ae23a581602b0fe9,2025-10-18T23:00:00Z,Texas Longhorns,Kentucky Wildcats,false
7d42c9f08d93cc592f5540348561ddb3,2025-10-18T23:00:00Z,Penn State Nittany Lions,Iowa Hawkeyes,false
b0b386c767a0ce6a0a239fb9f79c3e7a,2025-10-18T23:00:00Z,Maryland Terrapins,UCLA Bruins,false
c4df5ac5f03e73a930f280f72caaae43,2025-10-18T23:00:00Z,Hawaii Rainbow Warriors,Colorado State Rams,false
3cde3895b46bdd55cfc55a6fb9a69418,2025-10-18T23:30:00Z,Florida Atlantic Owls,South Florida Bulls,false
432e5ee9d4c8297a2460d82e89ec5161,2025-10-18T23:30:00Z,USC Trojans,Notre Dame Fighting Irish,false
5a12bbdbc2d087e0ed12ba3aa360f9fd,2025-10-18T23:30:00Z,Pittsburgh Panthers,Syracuse Orange,false
7634f8df416fbdbf3f700c4fcaa4b03a,2025-10-18T23:30:00Z,Tennessee Volunteers,Alabama Crimson Tide,false
6a478f550fac197ca8dd95162c8f7980,2025-10-18T23:45:00Z,Missouri Tigers,Auburn Tigers,false
4db5e24ddb0d1e1e5aa7d9e508670e0f,2025-10-19T00:00:00Z,Utah Utes,BYU Cougars,false
ee56fe628302db3edce970e4bf7cc970,2025-10-19T00:00:00Z,Cincinnati Bearcats,Oklahoma State Cowboys,false
065fb6a48a35eda8e711f8b37b9f8562,2025-10-19T01:45:00Z,Nevada Wolf Pack,New Mexico Lobos,false
47b7021076d4be57f72b90c608c1b2c9,2025-10-19T02:00:00Z,Lafayette Leopards,Oregon State Beavers,false
75cd206b980e4155e21e3785bb9503f8,2025-10-19T02:30:00Z,Florida State Seminoles,Stanford Cardinal,false
cd7b0b1d0350c1e6809e2d393237ce7f,2025-10-21T23:00:00Z,Kennesaw State Owls,Florida International Panthers,false
d14cac73f8519bbd6ba794bbdd4e6571,2025-10-21T23:30:00Z,Western Kentucky Hilltoppers,Louisiana Tech Bulldogs,false
e7a634e96e359fdb00cb9da904f4ff0c,2025-10-22T23:30:00Z,Middle Tennessee Blue Raiders,Delaware Blue Hens,false
a54e8d52ec4fb8c7d3f9ebd2b8a38c64,2025-10-23T01:00:00Z,Missouri State Bears,New Mexico State Aggies,false
481b881b9ede3ab69cbdefbd5876c6b4,2025-10-23T23:30:00Z,South Alabama Jaguars,Georgia State Panthers,false
6b01b4b140795584d285e8f0195e07dd,2025-10-24T23:00:00Z,North Texas Mean Green,Charlotte 49ers,false
ab8eb9a18a61f86e888d6d066728fd98,2025-10-24T23:30:00Z,California Golden Bears,Virginia Tech Hokies,false
bcd14745ebe1e1409d1a682fc3af8fb2,2025-10-25T02:00:00Z,Boise State Broncos,Nevada Wolf Pack,false
0427477ee198451d3b343adbb969dc75,2025-10-25T16:00:00Z,Virginia Cavaliers,North Carolina Tar Heels,false
1ce6db5fcde5d7eb3e970bc9489c52fd,2025-10-25T16:00:00Z,Bowling Green Falcons,Kent State Golden Flashes,false
2dbca87cd64d7ed47c15502789993291,2025-10-25T16:00:00Z,Rutgers Scarlet Knights,Purdue Boilermakers,false
3548718cee61146dc3968e06c15ef1a8,2025-10-25T16:00:00Z,South Florida Bulls,Memphis Tigers,false
43bc24c6358317da3648cedea890e3b3,2025-10-25T16:00:00Z,UCLA Bruins,Indiana Hoosiers,false
567f88999397ec54c373f5384f76510e,2025-10-25T16:00:00Z,Northwestern Wildcats,Nebraska Cornhuskers,false
7e95ef7ef16d33001afdc50fb9afab63,2025-10-25T16:00:00Z,Ohio Bobcats,Eastern Michigan Eagles,false
86e379d366206903056d0d15997dd756,2025-10-25T16:00:00Z,SMU Mustangs,Wake Forest Demon Deacons,false
a68793984cb3bab7bdae68b8dbe5b36a,2025-10-25T16:00:00Z,Syracuse Orange,Georgia Tech Yellow Jackets,false
b1541b2d3b6372bc40e356fac18bfcbf,2025-10-25T16:00:00Z,Appalachian State Mountaineers,Old Dominion Monarchs,false
b58f9041beb02f4a0dba118904a62c57,2025-10-25T16:00:00Z,Ole Miss Rebels,Oklahoma Sooners,false
ecdc07baec885297b19dd029dd0004dc,2025-10-25T16:00:00Z,Kansas State Wildcats,Kansas Jayhawks,false
37c6546256bb2bb144539c81dc931806,2025-10-25T16:45:00Z,Auburn Tigers,Arkansas Razorbacks,false
6541b290fae8de6d5a2710e00f827b1a,2025-10-25T17:00:00Z,Akron Zips,Buffalo Bulls,false
ca0bb13499fcb91539c0cf821a0576d7,2025-10-25T19:00:00Z,UConn Huskies,Rice Owls,false
e183901d24e9b1d3e750fb8f3c5f2676,2025-10-25T19:00:00Z,Utah State Aggies,New Mexico Lobos,false
3758bd67c5316c1bbfb1233631178e37,2025-10-25T19:30:00Z,Minnesota Golden Gophers,Iowa Hawkeyes,false
3e97b6f70731e23aa7124b444cfc22aa,2025-10-25T19:30:00Z,Alabama Crimson Tide,South Carolina Gamecocks,false
4fa1c6e86e5b4257bc7b9bbae3ed4e0d,2025-10-25T19:30:00Z,BYU Cougars,Iowa State Cyclones,false
56e00fae472e97f1016a9c0abefb4c2e,2025-10-25T19:30:00Z,Temple Owls,Tulsa Golden Hurricane,false
59fce1a707c83b093c630c371326c855,2025-10-25T19:30:00Z,Ball State Cardinals,Northern Illinois Huskies,false
5a0f3b1bd4b3bdec4e47aa8e95a6e7e2,2025-10-25T19:30:00Z,Toledo Rockets,Washington State Cougars,false
5eff3381bc29273c041cc3bba7127145,2025-10-25T19:30:00Z,Florida Atlantic Owls,Navy Midshipmen,false
6ba41f5aec285de1cc47eebd40516dde,2025-10-25T19:30:00Z,Illinois Fighting Illini,Washington Huskies,false
aae15c183f1acfa42f5fbb342d177a73,2025-10-25T19:30:00Z,UMass Minutemen,Central Michigan Chippewas,false
b1b41fb67ca67b471802ad3cd778810d,2025-10-25T19:30:00Z,San Diego State Aztecs,Fresno State Bulldogs,false
cc91d8692c5fd56b32deabaf55bbfa47,2025-10-25T19:30:00Z,Missouri Tigers,Vanderbilt Commodores,false
e0c04bf1060f22e45123ad9ab379ab2d,2025-10-25T19:30:00Z,NC State Wolfpack,Pittsburgh Panthers,false
e8214d5efd726f045d7fb54be5c1d984,2025-10-25T19:30:00Z,Western Michigan Broncos,Miami (OH) RedHawks,false
ed8f13ecfcb204caae8d2ab790dbf2a1,2025-10-25T19:30:00Z,UL Monroe Warhawks,Southern Mississippi Golden Eagles,false
2d138dd1213df66409b2439ed0119dde,2025-10-25T20:00:00Z,Oklahoma State Cowboys,Texas Tech Red Raiders,false
99a767848857d6a003492e414c23cfd2,2025-10-25T20:00:00Z,Baylor Bears,Cincinnati Bearcats,false
98b94390f0f573839b1e38252f37918b,2025-10-25T20:15:00Z,Texas Longhorns,Mississippi State Bulldogs,false
7f074836c751b9fe50b994520f000181,2025-10-25T22:00:00Z,TCU Horned Frogs,West Virginia Mountaineers,false
4bc05ea1a05cad391b367e493e2efac1,2025-10-25T23:00:00Z,Wisconsin Badgers,Oregon Ducks,false
ab90efbe36ace5f60feeb6f1bc5c8a63,2025-10-25T23:00:00Z,Louisiana Ragin Cajuns,Troy Trojans,false
ea34e43ecca5cdceabb78a1e669f61c0,2025-10-25T23:00:00Z,Stanford Cardinal,Miami Hurricanes,false
ec37466f088394b44c2221a0e2ad8818,2025-10-25T23:00:00Z,Georgia Southern Eagles,Arkansas State Red Wolves,false
07c10f14cd8f63779c9c32a0b015a62e,2025-10-25T23:30:00Z,Michigan Wolverines,Michigan State Spartans,false
32d34a26fb17b033fb1d33a6a8103cfb,2025-10-25T23:30:00Z,Texas A&M Aggies,LSU Tigers,false
3768a025a13a62b8c2e3538dd92c4747,2025-10-25T23:30:00Z,Boston College Eagles,Louisville Cardinals,false
99b1cbd48d6128850573b38308b57711,2025-10-25T23:30:00Z,Colorado State Rams,Wyoming Cowboys,false
997d540a1f3e018bb3fc40d4d6789463,2025-10-25T23:45:00Z,Tennessee Volunteers,Kentucky Wildcats,false
8bedec4696dc9f4587b85a2322c49d7b,2025-10-26T00:00:00Z,Houston Cougars,Arizona State Sun Devils,false
e18c1f37c95bf989baf40bc9692ad742,2025-10-26T02:15:00Z,Colorado Buffaloes,Utah Utes,false
392073cad7207da5ea1097f3cac57ddd,2025-10-29T00:00:00Z,UTEP Miners,Kennesaw State Owls,false
b972aaf6a19883fa0fbf06d89f86acf7,2025-10-29T00:00:00Z,James Madison Dukes,Texas State Bobcats,false
ef481710788d18502f9de2f9906fd74c,2025-10-29T23:30:00Z,Jacksonville State Gamecocks,Middle Tennessee Blue Raiders,false
9cfd27bf66c6a8328d7ac615cbee50fc,2025-10-30T00:00:00Z,Florida International Panthers,Missouri State Bears,false
1248fc45fafc31ef759edb57607c1c0a,2025-10-30T23:30:00Z,Marshall Thundering Herd,Coastal Carolina Chanticleers,false
812bace34e4d06fa48911a30e8b6acf8,2025-10-30T23:30:00Z,Tulane Green Wave,UTSA Roadrunners,false
56c958d4f7fedaf6a6dd660d39791acc,2025-10-31T23:00:00Z,Memphis Tigers,Rice Owls,false
a39d31e5d3f010d7b4f68453167a174e,2025-10-31T23:30:00Z,North Carolina Tar Heels,Syracuse Orange,false
c2470d79a7b0a887cd057f8149f289c2,2025-11-01T00:00:00Z,Sam Houston State Bearkats,Louisiana Tech Bulldogs,false
30cf3214dc9b486eaffd416cf0728735,2025-11-01T16:00:00Z,UCF Knights,Baylor Bears,false
6496fb908a00a0d0df24b47b120e87c8,2025-11-01T16:00:00Z,Penn State Nittany Lions,Ohio State Buckeyes,false
6e207b3d856ec783cd789253121c4c47,2025-11-01T16:00:00Z,Buffalo Bulls,Bowling Green Falcons,false
752adb4a9d7012c1c0838961bffb7eec,2025-11-01T16:00:00Z,UAB Blazers,UConn Huskies,false
a4f262424af98c3bfad4a9ee78dd4308,2025-11-01T16:00:00Z,West Virginia Mountaineers,Houston Cougars,false
dacf20288266d28c38b2f5d2a59a4a4d,2025-11-01T16:00:00Z,Army Black Knights,Air Force Falcons,false
f7e3b232e4a570cc7d5d4484f83f3a5c,2025-11-01T16:00:00Z,Vanderbilt Commodores,Texas Longhorns,false
fafc61915d3429e8949bfa512a15505c,2025-11-01T16:00:00Z,Duke Blue Devils,Clemson Tigers,false
020028a27dd3acc26e8dc35eb9f65a86,2025-11-01T16:03:00Z,Rutgers Scarlet Knights,Illinois Fighting Illini,false
d3e107e5a95bc8bdbd31b4de403f0e80,2025-11-01T16:05:00Z,Miami Hurricanes,SMU Mustangs,false
e007d238425b17b08d195dd9c64deb80,2025-11-01T16:05:00Z,Navy Midshipmen,North Texas Mean Green,false
0de6ce3fb8d1eddd40362f63a1c9a089,2025-11-01T17:00:00Z,Arizona State Sun Devils,Iowa State Cyclones,false
c12e5ca692c0ace90c4614bd0efd665b,2025-11-01T18:00:00Z,East Carolina Pirates,Temple Owls,false
6231165e3a20b2247cfb4dc4d4f14d50,2025-11-01T19:00:00Z,New Mexico Lobos,UNLV Rebels,false
af2ced7d37b1b9c35b81d69ce26dd870,2025-11-01T19:00:00Z,Louisville Cardinals,Virginia Tech Hokies,false
0a13bda89bf79d35ae4e7f26d142cbd3,2025-11-01T19:30:00Z,Georgia Bulldogs,Florida Gators,false
35d3e354ceb275c759e3d2381e24ba87,2025-11-01T19:30:00Z,Indiana Hoosiers,Maryland Terrapins,false
44c4dad3152fde5571154dc29bf30020,2025-11-01T19:30:00Z,Fresno State Bulldogs,Boise State Broncos,false
5f0f820ae84368851f7e601c02282f77,2025-11-01T19:30:00Z,Pittsburgh Panthers,Stanford Cardinal,false
661cc693646282b81a3ff474863155b1,2025-11-01T19:30:00Z,Notre Dame Fighting Irish,Boston College Eagles,false
c355c82023259a8a8948de47caa0be6a,2025-11-01T19:30:00Z,Old Dominion Monarchs,UL Monroe Warhawks,false
d666a11a38728da38c8404862f2ca14e,2025-11-01T19:30:00Z,Texas Tech Red Raiders,Kansas State Wildcats,false
e7ae87b2889092ea8b3df2c3eafc6585,2025-11-01T19:30:00Z,Michigan State Spartans,Minnesota Golden Gophers,false
ea97ced3fcccbb59d54a3b1a05f1729e,2025-11-01T19:30:00Z,New Mexico State Aggies,Western Kentucky Hilltoppers,false
f27f05325cb971e8a0169da77094ac09,2025-11-01T19:30:00Z,Delaware Blue Hens,Liberty Flames,false
f47ceaaef63b9125717a578648bdaab7,2025-11-01T19:30:00Z,Louisiana Ragin Cajuns,South Alabama Jaguars,false
c0bc52db8d2e691a93a72e79728f957c,2025-11-01T19:45:00Z,Virginia Cavaliers,California Golden Bears,false
0c6d8e4de8cd331a55b0c998f5630bee,2025-11-01T20:00:00Z,Oklahoma State Cowboys,Kansas Jayhawks,false
759604e0d7cc42d57d5742459a0ff266,2025-11-01T20:00:00Z,Mississippi State Bulldogs,Arkansas Razorbacks,false
e9cc9630246eff99b50f3e471b481d70,2025-11-01T20:00:00Z,Central Michigan Chippewas,Western Michigan Broncos,false
3f5427025f543bc0aaee3f1a090a0e7b,2025-11-01T23:00:00Z,Arizona Wildcats,Colorado Buffaloes,false
67c2f115dc5ae1183a8f0d3812bdbaea,2025-11-01T23:00:00Z,South Carolina Gamecocks,Ole Miss Rebels,false
8c6529f0e44f9c2ec4dfb637d49a6215,2025-11-01T23:00:00Z,Purdue Boilermakers,Michigan Wolverines,false
debf2f1ee7f3bd2c48255b4f1c06a4db,2025-11-01T23:00:00Z,Wyoming Cowboys,San Diego State Aztecs,false
0c23a288344d38514845804a03b43fd3,2025-11-01T23:30:00Z,Kentucky Wildcats,Auburn Tigers,false
483bce381dd0c25d1eaf721c28c486bc,2025-11-01T23:30:00Z,Washington State Cougars,Oregon State Beavers,false
c1b53247fa3559f99f93d9bd8fdb810b,2025-11-01T23:30:00Z,Wake Forest Demon Deacons,Florida State Seminoles,false
f53cf7187de74814bd8b0651a729b94b,2025-11-01T23:30:00Z,Oklahoma Sooners,Tennessee Volunteers,false
fa877e625753f69bd36947d9b697faae,2025-11-01T23:30:00Z,USC Trojans,Nebraska Cornhuskers,false
ff33b4ccd0e554b0184b5e313a738c95,2025-11-01T23:30:00Z,Georgia Tech Yellow Jackets,NC State Wolfpack,false
0a43c1170a988e95d770ea59eff92696,2025-11-02T00:00:00Z,Arkansas State Red Wolves,Troy Trojans,false
3a295f4683347d18fea2de7ee64aa079,2025-11-02T02:15:00Z,Cincinnati Bearcats,Utah Utes,false
d00a52f83db97af88e3675f61fe97985,2025-11-02T02:30:00Z,Hawaii Rainbow Warriors,San Jose State Spartans,false
7f01fac9e7dd5dc973c84b4af0b12b16,2025-11-05T00:00:00Z,UMass Minutemen,Akron Zips,false
d28f0497fa7a5eac34da18d9ceccac3c,2025-11-05T00:00:00Z,Miami (OH) RedHawks,Ohio Bobcats,false
002b7d85d301b778efcd83e8bd8cfbd7,2025-11-06T00:00:00Z,Northern Illinois Huskies,Toledo Rockets,false
e0208223bb8f700332d996c99c787f92,2025-11-06T00:00:00Z,Kent State Golden Flashes,Ball State Cardinals,false
602be51cf8f06f98f7cd893d7f223a42,2025-11-07T00:30:00Z,Georgia Southern Eagles,Appalachian State Mountaineers,false
9372006930638e099fc61bbfa7e94e7b,2025-11-07T00:30:00Z,UTSA Roadrunners,South Florida Bulls,false
a8096293bcac3a6df5e395942f73e3ce,2025-11-08T01:00:00Z,Houston Cougars,UCF Knights,false
01d86623adf868d561f8674498fb9eca,2025-11-08T02:00:00Z,Tulane Green Wave,Memphis Tigers,false
9073c528b41f8e63e3d7e072d81fbb20,2025-11-08T02:00:00Z,Northwestern Wildcats,USC Trojans,false
524a2e816a5a5ddc923714f0a7bf78e7,2025-11-08T17:00:00Z,Southern Mississippi Golden Eagles,Arkansas State Red Wolves,false
53806a8547cd26b21d866aec355f1285,2025-11-08T17:00:00Z,SMU Mustangs,Boston College Eagles,false
5ab48663d7528b3705a647d83aadaf19,2025-11-08T17:00:00Z,James Madison Dukes,Marshall Thundering Herd,false
7492442a7d4ea720e20334407be28836,2025-11-08T17:00:00Z,BYU Cougars,Texas Tech Red Raiders,false
7f8f24a59d3218a96bb68c20dbc593de,2025-11-08T17:00:00Z,Indiana Hoosiers,Penn State Nittany Lions,false
b41044c11856a02c999522fe8f4977e4,2025-11-08T17:00:00Z,Georgia Bulldogs,Mississippi State Bulldogs,false
d1ac1162aa4955bcb20a428c2b662152,2025-11-08T17:00:00Z,Temple Owls,Army Black Knights,false
eba18280b341d7cbd8e9ed1dcd18bf05,2025-11-08T17:00:00Z,Colorado Buffaloes,West Virginia Mountaineers,false
14a129638d680c27d25390e3783d7ea2,2025-11-08T18:00:00Z,Missouri State Bears,Liberty Flames,false
221e7ddb221193456934c87f32d38956,2025-11-08T18:00:00Z,Citadel Bulldogs,Ole Miss Rebels,false
2307b8527e5d6be27f3190e5243b8c7f,2025-11-08T18:00:00Z,Ohio State Buckeyes,Purdue Boilermakers,false
552a14f5a8b493a2b807777b77f77f55,2025-11-08T18:00:00Z,Bowling Green Falcons,Eastern Michigan Eagles,false
f007c65cee3245c0f25a8121fb8d2126,2025-11-08T19:00:00Z,UAB Blazers,Rice Owls,false
5447f4e28c65233177a96786054ec7a9,2025-11-08T19:30:00Z,Maryland Terrapins,Rutgers Scarlet Knights,false
1400414373023c7d699f70c811b981c0,2025-11-08T20:00:00Z,Louisiana Tech Bulldogs,Delaware Blue Hens,false
79503d71656345e764cb595a53aeb4f8,2025-11-08T20:00:00Z,Jacksonville State Gamecocks,UTEP Miners,false
8573ff0ded9e7d3ed63b1179a615e847,2025-11-08T20:00:00Z,Charlotte 49ers,East Carolina Pirates,false
afdaf6b3f429f827b1f864dc0597ba02,2025-11-08T20:00:00Z,Tulsa Golden Hurricane,Florida Atlantic Owls,false
df5bb6e14637f00bfb4cdcf30c97eef7,2025-11-08T20:00:00Z,Florida International Panthers,Middle Tennessee Blue Raiders,false
398c47249f361616ea373b30dc8acbf1,2025-11-08T20:30:00Z,Oregon Ducks,Iowa Hawkeyes,false
4bf0ba6b4a8a5231ae6fd7ea67a97bc8,2025-11-08T20:30:00Z,Texas A&M Aggies,Missouri Tigers,false
60f69546f72b1cb5dc22aa0096258e19,2025-11-08T20:30:00Z,Kansas Jayhawks,Arizona Wildcats,false
a5c302e7a8e94cf154a833afdb676594,2025-11-08T20:30:00Z,Duke Blue Devils,UConn Huskies,false
c205a1246ae9fe0764f768737f975def,2025-11-08T20:30:00Z,Iowa State Cyclones,TCU Horned Frogs,false
ed3ba19ab5726f4f03c2b8bdeebfc142,2025-11-08T20:30:00Z,Syracuse Orange,Miami Hurricanes,false
29f2b8725ab86e10209d0e64a3128330,2025-11-08T21:00:00Z,Georgia State Panthers,Coastal Carolina Chanticleers,false
5589a6fb0147c472aa8d1222bad27271,2025-11-08T21:00:00Z,Kennesaw State Owls,New Mexico State Aggies,false
23e16c37a89c4381943ed6dda736199b,2025-11-08T21:01:00Z,Auburn Tigers,Vanderbilt Commodores,false
27541ef6d74cf828a2d977a93d5dffd4,2025-11-08T21:30:00Z,Stanford Cardinal,North Carolina Tar Heels,false
ed52f478980429ecf4e19140ba17b1cd,2025-11-08T21:30:00Z,Washington Huskies,Wisconsin Badgers,false
a69f6a6be64a31d8e22809160b63b969,2025-11-08T22:00:00Z,Texas State Bobcats,Louisiana Ragin Cajuns,false
1305956eb98f14b25577b43c51660d82,2025-11-08T23:00:00Z,Air Force Falcons,San Jose State Spartans,false
10199f7e5c5b453746cded34d0b34e6f,2025-11-09T00:00:00Z,Florida State Seminoles,Clemson Tigers,false
3dec9604577d82e2589fe2319f14dbdc,2025-11-09T00:00:00Z,Wake Forest Demon Deacons,Virginia Cavaliers,false
a99979f2428b8243c82e4a02562a947a,2025-11-09T00:00:00Z,California Golden Bears,Louisville Cardinals,false
3c44dd1ba67c8192815306b5bb894fcd,2025-11-09T00:30:00Z,Florida Gators,Kentucky Wildcats,false
786dd84b9d3aa51537d4ed4bf0ebb6a1,2025-11-09T00:30:00Z,Nevada Wolf Pack,Utah State Aggies,false
a4fd5ab6f224d271ca76719ac8277176,2025-11-09T00:30:00Z,LSU Tigers,Alabama Crimson Tide,false
b0065a8740c11ddd389e3c3b2e169bca,2025-11-09T00:30:00Z,Navy Midshipmen,Notre Dame Fighting Irish,false
9c020bd7d3fb34116f63a1e56ef90b74,2025-11-09T02:00:00Z,Nebraska Cornhuskers,UCLA Bruins,false
cd38558312e1cb427ace0dd9bac1b4c2,2025-11-09T02:30:00Z,UNLV Rebels,Colorado State Rams,false
31abe905b4b9ec98ab5d77869ca46d6c,2025-11-09T03:00:00Z,Sam Houston State Bearkats,Oregon State Beavers,false
c5771e4204e8803e7ed806a0a72f14a2,2025-11-09T04:00:00Z,San Diego State Aztecs,Hawaii Rainbow Warriors,false
a262301eedaacdcf2d2f66b6e774d284,2025-11-12T00:30:00Z,Kent State Golden Flashes,Akron Zips,false
3e0b12f621379f7492aabe9f44a74477,2025-11-12T01:00:00Z,Ohio Bobcats,Western Michigan Broncos,false
400e78d747b851ab6b491404d939c700,2025-11-13T00:00:00Z,Northern Illinois Huskies,UMass Minutemen,false
9ab397bd666c0c0bfe6f8ad0305a0120,2025-11-13T00:00:00Z,Buffalo Bulls,Central Michigan Chippewas,false
abb21e9ff3fecf0e831ca3109c84bb92,2025-11-13T00:00:00Z,Toledo Rockets,Miami (OH) RedHawks,false
5222230f425c1618238b84e01d1f63f0,2025-11-14T00:30:00Z,Troy Trojans,Old Dominion Monarchs,false
42cca8d28245b1fbf784f639a81f2542,2025-11-15T00:30:00Z,Clemson Tigers,Louisville Cardinals,false
e6f69472213fa5c127d39a0c4db53a3e,2025-11-15T02:00:00Z,Minnesota Golden Gophers,Oregon Ducks,false
014f34fb67363402c0c5d90db5115c55,2025-11-15T17:00:00Z,Air Force Falcons,UConn Huskies,false
221109619a512745557119257181ec71,2025-11-15T17:00:00Z,Michigan Wolverines,Northwestern Wildcats,false
228355203b7cb130a9276d7b3f01c1e7,2025-11-15T17:00:00Z,UTSA Roadrunners,Charlotte 49ers,false
3e96265c0539c2de97577de90c2b992a,2025-11-15T17:00:00Z,South Florida Bulls,Navy Midshipmen,false
4097313a7b920350f695d5ebf4441e25,2025-11-15T17:00:00Z,Arizona Wildcats,Cincinnati Bearcats,false
88aa7ebc4cd199227641753c6f027e5c,2025-11-15T17:00:00Z,Eastern Michigan Eagles,Ball State Cardinals,false
8f72253f75cd68254f847d6d33c464d8,2025-11-15T17:00:00Z,Notre Dame Fighting Irish,Pittsburgh Panthers,false
b417c55071b8eb7aa75b4073707d90c7,2025-11-15T17:00:00Z,South Carolina Gamecocks,Texas A&M Aggies,false
c3f4a939fa4e8748810ff0e16a85c224,2025-11-15T17:00:00Z,Wisconsin Badgers,Indiana Hoosiers,false
d86064b6f9a69da0f1fe77f95eafcfd8,2025-11-15T17:00:00Z,Kansas State Wildcats,Oklahoma State Cowboys,false
a374973b9d0e1c2134328868cc80aabf,2025-11-15T17:45:00Z,Arkansas Razorbacks,LSU Tigers,false
922d91bba05ae227e389cc67bee9aa3d,2025-11-15T18:00:00Z,Oregon State Beavers,Tulsa Golden Hurricane,false
ea4c70f2e05bf3e57e0aef9b8f22543b,2025-11-15T18:00:00Z,West Virginia Mountaineers,Arizona State Sun Devils,false
a19ab727d5ca38676b64d4d2b8b168cc,2025-11-15T18:30:00Z,Tennessee Tech Golden Eagles,Kentucky Wildcats,false
450441ce20015b77a67d789a077704c9,2025-11-15T19:00:00Z,Marshall Thundering Herd,Georgia State Panthers,false
bfd46197c4ead0562ab9914ef48e8b11,2025-11-15T19:00:00Z,North Texas Mean Green,UAB Blazers,false
36d31c0bf72754e41d62e02ff964f34d,2025-11-15T20:00:00Z,UTEP Miners,Missouri State Bears,false
942ff726f7d68269186e344b41a000f7,2025-11-15T20:00:00Z,Colorado State Rams,New Mexico Lobos,false
51cc3e112085325c2e5a4d7bb211d3c8,2025-11-15T20:30:00Z,San Jose State Spartans,Nevada Wolf Pack,false
746eede942625764b9f241da1ad51d66,2025-11-15T20:30:00Z,South Alabama Jaguars,UL Monroe Warhawks,false
7d83d246bcce48aa3d7f9d047999af1e,2025-11-15T20:30:00Z,UCF Knights,Texas Tech Red Raiders,false
a3bc2f29faa5c8d6f92b0d3909f1bae3,2025-11-15T20:30:00Z,NC State Wolfpack,Miami Hurricanes,false
a40ff33f45e8c4ecf2bc9b4f921cbca1,2025-11-15T20:30:00Z,Maryland Terrapins,Illinois Fighting Illini,false
acd0ed7c958d706d5f4eda180654eea0,2025-11-15T20:30:00Z,Georgia Tech Yellow Jackets,Boston College Eagles,false
adb79482ac6a03cfb466361a0acc0ad8,2025-11-15T20:30:00Z,Penn State Nittany Lions,Michigan State Spartans,false
b258e8aed63bc16b5d5cf7e3d0cea208,2025-11-15T20:30:00Z,Middle Tennessee Blue Raiders,Western Kentucky Hilltoppers,false
b5fabc4bda15869a027bae77baf8f936,2025-11-15T20:30:00Z,Virginia Cavaliers,Duke Blue Devils,false
cea967651cf4258888de42948d1e99fa,2025-11-15T20:30:00Z,Iowa Hawkeyes,USC Trojans,false
dcc22d82135f6b6d80b76b7af4b89b5f,2025-11-15T20:30:00Z,Appalachian State Mountaineers,James Madison Dukes,false
e3d2cf0a6786b052ff011884e70e1a8d,2025-11-15T20:30:00Z,Texas State Bobcats,Southern Mississippi Golden Eagles,false
e434a92689a2c3329dbac8efa816cc89,2025-11-15T20:30:00Z,Oklahoma Sooners,Alabama Crimson Tide,false
6ecff78e16c9ff8b6ce3f165615a61cf,2025-11-15T21:00:00Z,Florida Atlantic Owls,Tulane Green Wave,false
7f636a75f0da1a1241c63faefda1b2bc,2025-11-15T21:00:00Z,Memphis Tigers,East Carolina Pirates,false
6542b8b48c9b9cff8cc4dd12c44301b3,2025-11-15T21:15:00Z,New Mexico State Aggies,Tennessee Volunteers,false
c659e27887d8657d921c7d1251b1f827,2025-11-15T21:30:00Z,North Carolina Tar Heels,Wake Forest Demon Deacons,false
57c1c1686850ce008f55f69fdf062a8b,2025-11-15T22:00:00Z,Liberty Flames,Florida International Panthers,false
0a3c900a4145e5d1e5cd73de1eb34ba7,2025-11-15T23:00:00Z,Coastal Carolina Chanticleers,Georgia Southern Eagles,false
0993581f0f1861095ef3ee3b9b84ddbc,2025-11-16T00:00:00Z,Utah State Aggies,UNLV Rebels,false
542f9c5f191a245fb9a0d0b73b7838b7,2025-11-16T00:00:00Z,Florida Gators,Ole Miss Rebels,false
5ba0b8e2033aceb0a3ea2e24491242a4,2025-11-16T00:00:00Z,Delaware Blue Hens,Sam Houston State Bearkats,false
75dcf3454fcec490600dd3a21ee0b1aa,2025-11-16T00:00:00Z,Utah Utes,Baylor Bears,false
c29526decee9dfa73fa86c4b594acb76,2025-11-16T00:00:00Z,Purdue Boilermakers,Washington Huskies,false
115a258be837f0ab18a9e2c4482f49db,2025-11-16T00:30:00Z,Virginia Tech Hokies,Florida State Seminoles,false
98cb354e78a2e035f0e5c36736d65f7e,2025-11-16T00:30:00Z,Texas Longhorns,Georgia Bulldogs,false
d4c6b7b779184709320894b0023e17e5,2025-11-16T00:30:00Z,UCLA Bruins,Ohio State Buckeyes,false
36766ef9e4777301de083b914263ee45,2025-11-16T00:45:00Z,Mississippi State Bulldogs,Missouri Tigers,false
5a69d6f97264110b3e44ca131dff9f59,2025-11-16T01:00:00Z,Kennesaw State Owls,Jacksonville State Gamecocks,false
d5d10c3a94ad4b0229842951f8a32115,2025-11-16T03:00:00Z,Louisiana Tech Bulldogs,Washington State Cougars,false
24d287473010335df59c46edbc012292,2025-11-16T03:15:00Z,TCU Horned Frogs,BYU Cougars,false
181186b4a0b636da7b07c536fafebdfa,2025-11-16T03:30:00Z,Boise State Broncos,San Diego State Aztecs,false
5ad9e266182c9aa66d0763532db6b37b,2025-11-16T03:30:00Z,Wyoming Cowboys,Fresno State Bulldogs,false
267b970018dfc120df1233bc42b4bcc4,2025-11-19T00:00:00Z,Akron Zips,Bowling Green Falcons,false
84461d5f585c397b4fd2214191faa0df,2025-11-19T00:00:00Z,Western Michigan Broncos,Northern Illinois Huskies,false
f9b664cce99aad69a23c81635e4fac0f,2025-11-19T00:00:00Z,UMass Minutemen,Ohio Bobcats,false
21c67118f480a739b3961a7d3bb128d1,2025-11-20T00:00:00Z,Central Michigan Chippewas,Kent State Golden Flashes,false
e5a53fa5f42755ccc9077aeffecd8d67,2025-11-20T00:00:00Z,Miami (OH) RedHawks,Buffalo Bulls,false
425bbfaa3561f07998f8e4c4ae3159be,2025-11-21T00:30:00Z,Louisiana Ragin Cajuns,Arkansas State Red Wolves,false
da5a19b5f8e8746e71279c368fddfec8,2025-11-22T01:00:00Z,Florida State Seminoles,NC State Wolfpack,false
be5363918c8ce65bae1baa2259bbcea5,2025-11-22T03:30:00Z,Hawaii Rainbow Warriors,UNLV Rebels,false
1017c0ad63c09ffae97740888d8b1f78,2025-11-22T17:00:00Z,Miami Hurricanes,Virginia Tech Hokies,false
231cf66816550b9ed37afec3760f8ef5,2025-11-22T17:00:00Z,Kansas Jayhawks,Iowa State Cyclones,false
2883481b61fdd600db0e709c87428332,2025-11-22T17:00:00Z,Rutgers Scarlet Knights,Ohio State Buckeyes,false
3ff98544de6910e3e7332504955f64df,2025-11-22T17:00:00Z,Missouri Tigers,Oklahoma Sooners,false
4e2541ac75b5c82ae76739edaa451117,2025-11-22T17:00:00Z,Delaware Blue Hens,Wake Forest Demon Deacons,false
50f8cf307af5c9631f2cd029314ef90f,2025-11-22T17:00:00Z,Tulsa Golden Hurricane,Army Black Knights,false
7db3948dca2ce84a47459a94c61db2ce,2025-11-22T17:00:00Z,Samford Bulldogs,Texas A&M Aggies,false
b06413bd5f2f786ebdbe891492d67f71,2025-11-22T17:00:00Z,Minnesota Golden Gophers,Northwestern Wildcats,false
f22a5eb25fe6c98b41dc3457a0317fe5,2025-11-22T17:00:00Z,Louisville Cardinals,SMU Mustangs,false
e94477e5dd3cf352113919093803aa2a,2025-11-22T17:45:00Z,Charlotte 49ers,Georgia Bulldogs,false
31667911777e27d23d74adaf5109d04e,2025-11-22T18:00:00Z,Old Dominion Monarchs,Georgia Southern Eagles,false
bbc412b8dbbd31afc909896f8a277d3f,2025-11-22T18:00:00Z,Washington State Cougars,James Madison Dukes,false
f3f7c2b0939ba9e800a45fc7cb870914,2025-11-22T18:00:00Z,Baylor Bears,Arizona Wildcats,false
4488b598e3c442fca385311902ea6300,2025-11-22T19:00:00Z,Mercer Bears,Auburn Tigers,false
5fb8d908f2befbbfe9b70586eeb1a633,2025-11-22T19:00:00Z,Ball State Cardinals,Toledo Rockets,false
ee7227545587b7c4b3f692822855279b,2025-11-22T19:00:00Z,Nevada Wolf Pack,Wyoming Cowboys,false
fde1da5b11f312009f2b0a445728ef08,2025-11-22T19:00:00Z,Missouri State Bears,Kennesaw State Owls,false
096152d72e2b70bde57ad5d547decab0,2025-11-22T19:02:00Z,Eastern Illinois Panthers,Alabama Crimson Tide,false
49a93417406ae5adb273a66f6afb7865,2025-11-22T19:30:00Z,Marshall Thundering Herd,Appalachian State Mountaineers,false
3e9dfc4d7f79fb996ffad0f138799cd7,2025-11-22T20:00:00Z,UConn Huskies,Florida Atlantic Owls,false
6e03051c0aaf44c045e6aeee9a75cc6c,2025-11-22T20:00:00Z,South Florida Bulls,UAB Blazers,false
866521b3fc18961377dedbd68ae46b50,2025-11-22T20:00:00Z,Liberty Flames,Louisiana Tech Bulldogs,false
b12494a0b58befa6a9488323449a9f84,2025-11-22T20:00:00Z,Sam Houston State Bearkats,Middle Tennessee Blue Raiders,false
e44ec327bba08498d83ec6f165b3b571,2025-11-22T20:00:00Z,New Mexico State Aggies,UTEP Miners,false
125e9c0f6043227f58577c41cbd0e85b,2025-11-22T20:30:00Z,USC Trojans,Oregon Ducks,false
1b1aee18fb11ab2ee4a85cd6c3f53ed3,2025-11-22T20:30:00Z,Jacksonville State Gamecocks,Florida International Panthers,false
370e6b93a4490c8e6c3b6c1d9e123128,2025-11-22T20:30:00Z,Kentucky Wildcats,Vanderbilt Commodores,false
55fdf66a9ec5e21e439f8b66071457f2,2025-11-22T20:30:00Z,Syracuse Orange,Notre Dame Fighting Irish,false
6d8fbe63a65f1c1032a6c1c65863ca23,2025-11-22T20:30:00Z,Michigan State Spartans,Iowa Hawkeyes,false
87560b54fbd2c136a9a342f90fc8c447,2025-11-22T20:30:00Z,East Carolina Pirates,UTSA Roadrunners,false
946ab16f8cfe9004a0d3fc67ac8411d7,2025-11-22T20:30:00Z,Arkansas Razorbacks,Texas Longhorns,false
9ecbb88fcab392aaa87a855d9b592269,2025-11-22T20:30:00Z,Southern Mississippi Golden Eagles,South Alabama Jaguars,false
c2ca3efd4fc3f87659b7366cde3a2e94,2025-11-22T20:30:00Z,Duke Blue Devils,North Carolina Tar Heels,false
de7677c8d3b8855223812d92b7933bb0,2025-11-22T20:45:00Z,Tulane Green Wave,Temple Owls,false
1218850e6d356283ca4fdbb33a2b4d33,2025-11-22T21:00:00Z,Kansas State Wildcats,Utah Utes,false
1ea8d1554ca20a37c4891648c8b8707b,2025-11-22T21:00:00Z,Georgia State Panthers,Troy Trojans,false
6fa4662e90c67a085d8cceec802890f1,2025-11-22T21:00:00Z,Oklahoma State Cowboys,UCF Knights,false
a99fad4a0da088809c8269a52bc4ad86,2025-11-22T21:00:00Z,Michigan Wolverines,Maryland Terrapins,false
dcd183de7cecb414ad6e23d5de9c57cc,2025-11-22T21:00:00Z,TCU Horned Frogs,Houston Cougars,false
b4eec250102bbb8f8e572d3fe056258e,2025-11-22T21:15:00Z,Coastal Carolina Chanticleers,South Carolina Gamecocks,false
3f3198d8ec7bd7e458a37b922f1b8c48,2025-11-22T21:30:00Z,Furman Paladins,Clemson Tigers,false
e07a0fd751788ee54312e351723fba5f,2025-11-22T22:00:00Z,UL Monroe Warhawks,Texas State Bobcats,false
1bfbad5173d703fa96481a8221e544f7,2025-11-23T00:00:00Z,Colorado State Rams,Boise State Broncos,false
44a2361269f83f940cea7de9319ffe61,2025-11-23T00:00:00Z,Nebraska Cornhuskers,Penn State Nittany Lions,false
53287adc308e4bef3ab38d3652713c14,2025-11-23T00:00:00Z,New Mexico Lobos,Air Force Falcons,false
8bec841379ab4efeec22c0a571a95b0e,2025-11-23T00:00:00Z,Pittsburgh Panthers,Georgia Tech Yellow Jackets,false
13ced0e9ea8ed17742771c1f5aef349e,2025-11-23T00:30:00Z,North Texas Mean Green,Rice Owls,false
887fdd527230bece5974b0cface30528,2025-11-23T00:30:00Z,Tennessee Volunteers,Florida Gators,false
be7c95542aaf1d15193678f771745992,2025-11-23T00:30:00Z,California Golden Bears,Stanford Cardinal,false
d2fd5b19d4a2ff572beaa0b3c67e8861,2025-11-23T00:30:00Z,Illinois Fighting Illini,Wisconsin Badgers,false
5bb0b0bdd9a7370f7f8f35db2374a4e2,2025-11-23T00:45:00Z,Western Kentucky Hilltoppers,LSU Tigers,false
8c8fb93b29e1f780db6a427d7274ed91,2025-11-23T01:00:00Z,BYU Cougars,Cincinnati Bearcats,false
968d201306e35699b83b5bb24289914c,2025-11-23T01:00:00Z,Arizona State Sun Devils,Colorado Buffaloes,false
435c548cea0f26f2df00d9c9df0a7924,2025-11-23T03:30:00Z,San Jose State Spartans,San Diego State Aztecs,false
da9a26d1e98cd30b4be15e216bb95291,2025-11-23T03:30:00Z,Utah State Aggies,Fresno State Bulldogs,false
f0ad800d071b9335db5bd1c5634a28ca,2025-11-23T03:30:00Z,Washington Huskies,UCLA Bruins,false
7058d3392573bc5d3b2802b1c3cb8c34,2025-11-25T21:30:00Z,Bowling Green Falcons,UMass Minutemen,false
36f13df92e5c272f20ed7d541c8cf2d4,2025-11-26T00:30:00Z,Western Michigan Broncos,Eastern Michigan Eagles,false
643198f60ea064a8030db080f2540513,2025-11-28T00:30:00Z,Navy Midshipmen,Memphis Tigers,false
f959699d770536ccda4fc4df72a954ea,2025-11-28T16:58:00Z,Ole Miss Rebels,Mississippi State Bulldogs,false
0f1ce102c69b3c21a363d3997879f16a,2025-11-28T17:00:00Z,Utah Utes,Kansas Jayhawks,false
3d51dc9f725e59fd6750915622f55394,2025-11-28T17:00:00Z,Ohio Bobcats,Buffalo Bulls,false
76916d758d1a2bc57d840d9d1c63aaa3,2025-11-28T17:00:00Z,Iowa Hawkeyes,Nebraska Cornhuskers,false
5b4e38825c71d19c51ebcd39665d9694,2025-11-28T17:01:00Z,Kent State Golden Flashes,Northern Illinois Huskies,false
ecdb13413222992d666fb1be5f3f15c4,2025-11-28T20:00:00Z,Air Force Falcons,Colorado State Rams,false
4ed54dc6116ec6373f9a1cf015ca6070,2025-11-28T20:30:00Z,Temple Owls,North Texas Mean Green,false
ee12d0d5e2a05a709506af59bd525728,2025-11-28T20:30:00Z,Georgia Bulldogs,Georgia Tech Yellow Jackets,false
5522e41053ad21182dcb8e88569c3239,2025-11-28T20:31:00Z,San Diego State Aztecs,New Mexico Lobos,false
baf849e79f0978d22d19b6c5e9df6622,2025-11-28T21:00:00Z,Boise State Broncos,Utah State Aggies,false
031eaf298fe62f9cc1ee593ebf867ad2,2025-11-29T00:30:00Z,Texas A&M Aggies,Texas Longhorns,false
0f077fbc1706837ce351b4841cf850c9,2025-11-29T00:30:00Z,Indiana Hoosiers,Purdue Boilermakers,false
eef629c46747c4f201a425717b019fde,2025-11-29T02:00:00Z,Arizona Wildcats,Arizona State Sun Devils,false
a17c0bb6637ad2192754d6d1059f7e92,2025-11-29T16:59:00Z,Ohio State Buckeyes,Michigan Wolverines,false
8f08d4462c8cbc09b866893ca21ae406,2025-11-29T17:00:00Z,Miami Hurricanes,Pittsburgh Panthers,false
c739b05669e6035797b50a66f2c23ce0,2025-11-29T17:00:00Z,Clemson Tigers,South Carolina Gamecocks,false
f64071bbf06bf34a684c347ad45f82a9,2025-11-29T17:00:00Z,Kentucky Wildcats,Louisville Cardinals,false
09d90f3370c02dea5e1eac347ffe476f,2025-11-29T17:01:00Z,Houston Cougars,Baylor Bears,false
9328f7960f57736e8da4b90cb2bdd826,2025-11-29T17:01:00Z,Texas Tech Red Raiders,West Virginia Mountaineers,false
98355c397c652869253cd333094fd6a8,2025-11-29T17:01:00Z,Colorado Buffaloes,Kansas State Wildcats,false
6f1fb568ca7f6fa5adc55fb37e6cbf3b,2025-11-29T17:02:00Z,Iowa State Cyclones,Oklahoma State Cowboys,false
254de28063691b5c8d711686691d3c90,2025-11-29T17:03:00Z,East Carolina Pirates,Florida Atlantic Owls,false
19367e63058bb517983e08c2502c9c4c,2025-11-29T17:05:00Z,Toledo Rockets,Central Michigan Chippewas,false
56a84e83bd6d308bd7e7639bcb7b5879,2025-11-29T17:05:00Z,Ball State Cardinals,Miami (OH) RedHawks,false
2b6eb9e9331db7145e356d6a101aa182,2025-11-29T18:00:00Z,UTEP Miners,Delaware Blue Hens,false
8e9db25305896f6a8ee5bf0e94c260f5,2025-11-29T18:00:00Z,UCF Knights,BYU Cougars,false
c66eb20cac802e1eec89aeda0d77ffd6,2025-11-29T18:00:00Z,Florida International Panthers,Sam Houston State Bearkats,false
6888a4fdeae90f5ab2eb0051e9b20ed4,2025-11-29T18:30:00Z,Georgia Southern Eagles,Marshall Thundering Herd,false
0bf97e02f7764b89a22261ca0e26867a,2025-11-29T19:00:00Z,Western Kentucky Hilltoppers,Jacksonville State Gamecocks,false
40957cd6146dab4aa2d4b8431e1fb6df,2025-11-29T19:00:00Z,Louisiana Tech Bulldogs,Missouri State Bears,false
b1296a643a8d9b6bb75acc3d224e1394,2025-11-29T19:00:00Z,Georgia State Panthers,Old Dominion Monarchs,false
adba965eb4a76372f31e42f5a02f4157,2025-11-29T19:30:00Z,Arkansas State Red Wolves,Appalachian State Mountaineers,false
12bd1537fbeb1dc2a7c5bffa180a01bc,2025-11-29T20:00:00Z,UL Monroe Warhawks,Louisiana Ragin Cajuns,false
3b8f7932b91ca36668646fcf4eca8509,2025-11-29T20:00:00Z,South Alabama Jaguars,Texas State Bobcats,false
71922a98a9b3e7e072bf9676e0470921,2025-11-29T20:00:00Z,UAB Blazers,Tulsa Golden Hurricane,false
e050c8ec35a8408df75a681edd27d65c,2025-11-29T20:00:00Z,Middle Tennessee Blue Raiders,New Mexico State Aggies,false
f227f0ba147cb8471b7fa0200e02b853,2025-11-29T20:00:00Z,Boston College Eagles,Syracuse Orange,false
011ef17b2d5d53a4f74992fa28c703ce,2025-11-29T20:30:00Z,Troy Trojans,Southern Mississippi Golden Eagles,false
01a5a9e3a1d3ecea3295256c33dfef3e,2025-11-29T20:30:00Z,Wisconsin Badgers,Minnesota Golden Gophers,false
0deeb2c4386d575a59e7437fe01d1f6f,2025-11-29T20:30:00Z,Oregon Ducks,Washington Huskies,false
13dee23ac75967bb3de963098e51b050,2025-11-29T20:30:00Z,Army Black Knights,UTSA Roadrunners,false
73c36d76de852e49c6d45b557ce30928,2025-11-29T20:30:00Z,Penn State Nittany Lions,Rutgers Scarlet Knights,false
884dea46381785292d51d8864de287c7,2025-11-29T20:30:00Z,Kennesaw State Owls,Liberty Flames,false
8e6c3c00b853707c6c0ced7e96ff80eb,2025-11-29T20:30:00Z,Cincinnati Bearcats,TCU Horned Frogs,false
8ff0041fc39ed3aaabd78295aaa44ccc,2025-11-29T20:30:00Z,Vanderbilt Commodores,Tennessee Volunteers,false
bf37e86fb31ad838e265fe2d48f4ebee,2025-11-29T20:30:00Z,Wake Forest Demon Deacons,Duke Blue Devils,false
c90e85208735f83419bdd9fafea09515,2025-11-29T20:30:00Z,Missouri Tigers,Arkansas Razorbacks,false
fca43c84b575e6d2a974da994e1ca32f,2025-11-29T20:30:00Z,LSU Tigers,Oklahoma Sooners,false
e715dd3730c3991c2b6a7630adbcb862,2025-11-29T20:45:00Z,James Madison Dukes,Coastal Carolina Chanticleers,false
48712c446fe47c5fa3e18038bdd703e8,2025-11-29T21:30:00Z,Florida State Seminoles,Florida Gators,false
db441b5da7cf49c5de57f49bff11d8ec,2025-11-29T23:30:00Z,Oregon State Beavers,Washington State Cougars,false
79975b63437cb1b2a9d06d3b63150977,2025-11-30T00:00:00Z,Maryland Terrapins,Michigan State Spartans,false
9d54a50182205f4d1c75bb7616993cf0,2025-11-30T00:00:00Z,Rice Owls,South Florida Bulls,false
62c8f91b581d1bcca5fb6496ec65aae7,2025-11-30T00:01:00Z,Virginia Tech Hokies,Virginia Cavaliers,false
181afdc9ce2683ff7c1debad66022351,2025-11-30T00:30:00Z,Alabama Crimson Tide,Auburn Tigers,false
48a0d56354caf6da69d210132615c809,2025-11-30T00:30:00Z,North Carolina Tar Heels,NC State Wolfpack,false
5459063e0c574b3e0a15501fe3797968,2025-11-30T00:30:00Z,Charlotte 49ers,Tulane Green Wave,false
7f71f4ba886e8f1f4855dad0152ca08e,2025-11-30T00:30:00Z,UCLA Bruins,USC Trojans,false
ed1f7d744112bf4d7184c2a3bbb2648c,2025-11-30T00:30:00Z,Northwestern Wildcats,Illinois Fighting Illini,false
53c3b0253fe365f12e298b8b31b8f24a,2025-11-30T01:02:00Z,SMU Mustangs,California Golden Bears,false
a8661dd205a3e868ac61c3f1c994dc7e,2025-11-30T02:00:00Z,UNLV Rebels,Nevada Wolf Pack,false
1dbdbcf9d57952730a65559b09cc2b36,2025-11-30T03:30:00Z,Fresno State Bulldogs,San Jose State Spartans,false
4e2c6842ce33619ecb4c77938e3093bc,2025-11-30T03:30:00Z,Notre Dame Fighting Irish,Stanford Cardinal,false
6a888c041e81b35c741eb91824fd02c6,2025-11-30T04:00:00Z,Wyoming Cowboys,Hawaii Rainbow Warriors,false
34fe27e86b995ea9e3cdc015d1ff5a46,2025-12-06T00:00:00Z,Troy Trojans,James Madison Dukes,false
855b4b7959efc4b7309d16b8b17dd708,2025-12-06T00:00:00Z,Kennesaw State Owls,Jacksonville State Gamecocks,false
bcda84050f6f1fe4756756124d40f116,2025-12-06T01:00:00Z,North Texas Mean Green,Tulane Green Wave,false
05574125db5d3bc8c0a9f0ce97971957,2025-12-06T01:01:00Z,UNLV Rebels,Boise State Broncos,false
825ab37366030db2e15565370bfc0104,2025-12-06T17:00:00Z,Miami (OH) RedHawks,Western Michigan Broncos,false
87fe86f5fa1edd149d6cc5f8bcb82be2,2025-12-06T17:00:00Z,BYU Cougars,Texas Tech Red Raiders,false
78936f1a11027877e00987e31cdb240a,2025-12-06T21:00:00Z,Alabama Crimson Tide,Texas A&M Aggies,false
aa6121f597f3dd0a363e477797cd13f0,2025-12-06T21:00:00Z,Georgia Bulldogs,Alabama Crimson Tide,false
f30a3e55526764fd63fbade5b994faf6,2025-12-06T21:00:00Z,Georgia Bulldogs,Texas A&M Aggies,false
1315865c1c958e97430d9dfcd7e9fb66,2025-12-07T01:00:00Z,SMU Mustangs,Virginia Cavaliers,false
cb3db4cd7e1781ff0fa5e3caaf2d74e4,2025-12-07T01:00:00Z,Duke Blue Devils,Virginia Cavaliers,false
ed821485171f0486828ac8bfae9537a3,2025-12-07T01:00:00Z,Indiana Hoosiers,Ohio State Buckeyes,false
86b2f11373631509f973bd3e72f5732d,2025-12-13T20:00:00Z,Army Black Knights,Navy Midshipmen,false
a12597fe519a345d8bfdb3f8bd37fc2d,2025-12-14T01:00:00Z,Boise State Broncos,Washington Huskies,false
7d7ebd0ca1068c66f895b2c1d9c346e9,2025-12-17T02:00:00Z,Troy Trojans,Jacksonville State Gamecocks,false
ed11cbf3b02850670bf213622cf4517b,2025-12-17T22:00:00Z,Old Dominion Monarchs,South Florida Bulls,false
91a751096545f6c70dca0595cd243ac9,2025-12-18T01:30:00Z,Louisiana Ragin Cajuns,Delaware Blue Hens,false
5628d5990478df5a36dabdf0a89bb699,2025-12-19T02:00:00Z,Missouri State Bears,Arkansas State Red Wolves,false
42aba02bd1d0ca3572d8df5ebbbbc4af,2025-12-19T16:00:00Z,Kennesaw State Owls,Western Michigan Broncos,false
9fbbf6305606ac80e7d6e50d06e0fe00,2025-12-19T19:30:00Z,Memphis Tigers,NC State Wolfpack,false
5c1822bd971e75bf8eb736f083cfbd20,2025-12-20T01:00:00Z,Alabama Crimson Tide,Oklahoma Sooners,false
02c39958a2623fd4e5bd08c15188bf63,2025-12-20T17:00:00Z,Miami Hurricanes,Texas A&M Aggies,false
bff2e72a8de0bbebc55483ca8bf1b5c6,2025-12-20T17:00:00Z,Alabama Crimson Tide,Texas A&M Aggies,false
d7806b87557fe332494d34ef1ad1cdc2,2025-12-20T17:00:00Z,Notre Dame Fighting Irish,Oklahoma Sooners,false
29dd5ea0c414ab7916d011fe1bd96892,2025-12-20T20:30:00Z,Tulane Green Wave,Ole Miss Rebels,false
cce1589adabc23fc7a9f036e143d61fd,2025-12-21T00:30:00Z,James Madison Dukes,Oregon Ducks,false
c036889f6e4e2955d4e6fabe895af2bc,2025-12-22T19:00:00Z,Washington State Cougars,Utah State Aggies,false
c49986aa8731de6e3c1723d9f8e91e02,2025-12-23T19:00:00Z,Toledo Rockets,Louisville Cardinals,false
cb6e1250fee631fee65cd81bba1a2a0a,2025-12-23T22:30:00Z,Western Kentucky Hilltoppers,Southern Mississippi Golden Eagles,false
f518da1ee37719512dc3a4de4631332c,2025-12-24T02:00:00Z,UNLV Rebels,Ohio Bobcats,false
a1dd323522b56837490d61ace49a97e0,2025-12-25T01:00:00Z,California Golden Bears,Hawaii Rainbow Warriors,false
d9708069a1f10ee1e65510b3ddcf2a21,2025-12-26T18:00:00Z,Central Michigan Chippewas,Northwestern Wildcats,false
3be9156167b64ba9f0510a1a47caf12c,2025-12-26T21:30:00Z,New Mexico Lobos,Minnesota Golden Gophers,false
11fe13524675e4250d66d78223cf7671,2025-12-27T01:00:00Z,Florida International Panthers,UTSA Roadrunners,false
ba41a4804a7569be6b43e49e1c4e29d9,2025-12-27T16:05:00Z,Pittsburgh Panthers,East Carolina Pirates,false
2c37fe48857bfd4f7e8fa4a4c066ca2f,2025-12-27T17:00:00Z,Penn State Nittany Lions,Clemson Tigers,false
f673c68e1b8e73ab2a4b07b8194cb030,2025-12-27T19:15:00Z,UConn Huskies,Army Black Knights,false
9c639867b2791002bb123f03e36d3ea5,2025-12-27T20:30:00Z,Georgia Tech Yellow Jackets,BYU Cougars,false
93bf74b692cc8ddf5be89a25df954d5a,2025-12-27T21:30:00Z,Miami (OH) RedHawks,Fresno State Bulldogs,false
a08a377ac132421947dc9f8d802f82f9,2025-12-27T22:45:00Z,North Texas Mean Green,San Diego State Aztecs,false
8449c7b1e25714e79347f84dd4676d29,2025-12-28T00:30:00Z,Virginia Cavaliers,Missouri Tigers,false
d3b56634b3334a6221df4899b81bf412,2025-12-28T02:15:00Z,LSU Tigers,Houston Cougars,false
5469259159946d4f739f1d867365e199,2025-12-29T19:00:00Z,Georgia Southern Eagles,Appalachian State Mountaineers,false
0e89e6be81e49b2e05f41ab688b362db,2025-12-30T19:00:00Z,Coastal Carolina Chanticleers,Louisiana Tech Bulldogs,false
9c026fa3f51d3e506190c9512e71960a,2025-12-30T22:30:00Z,Tennessee Volunteers,Illinois Fighting Illini,false
c04b192335eb8afec1cbffcd72b658cf,2025-12-31T02:00:00Z,USC Trojans,TCU Horned Frogs,false
e4eae563eb44ef3d6809bf83c6f022ed,2025-12-31T17:00:00Z,Iowa Hawkeyes,Vanderbilt Commodores,false
be58b6906c480e3440f3c4b65a068f3e,2025-12-31T19:00:00Z,Arizona State Sun Devils,Duke Blue Devils,false
19a577346818332b03e9737e6aadf808,2025-12-31T20:00:00Z,Michigan Wolverines,Texas Longhorns,false
6f364b2f9038410b7cfedad799afddfb,2025-12-31T20:30:00Z,Nebraska Cornhuskers,Utah Utes,false
d05ae1f8060582994d6d724ccbb5e21a,2026-01-01T00:30:00Z,Miami Hurricanes,Ohio State Buckeyes,false
edbc3683488f9366d907f83f61852079,2026-01-01T00:30:00Z,Texas A&M Aggies,Ohio State Buckeyes,false
0e7c354355b8ba08cb3a05c2b209e097,2026-01-01T17:00:00Z,James Madison Dukes,Texas Tech Red Raiders,false
22c2cdc4f691ac3a9138cdf71231bb81,2026-01-01T17:00:00Z,Oregon Ducks,Texas Tech Red Raiders,false
7678978564e7c8a1d1913f8c1d4463e5,2026-01-01T21:00:00Z,Alabama Crimson Tide,Indiana Hoosiers,false
8bb656391ae0565f943ffd0bd2cfc5b7,2026-01-01T21:00:00Z,Oklahoma Sooners,Indiana Hoosiers,false
7203b3b2119a74b5e3506cbba10db3ef,2026-01-02T01:00:00Z,Ole Miss Rebels,Georgia Bulldogs,false
9b6d6f80e0ec371b59331e46a21700b3,2026-01-02T01:00:00Z,Tulane Green Wave,Georgia Bulldogs,false
930671ccd2f2eb35afc046e27c999b03,2026-01-02T18:00:00Z,Rice Owls,Texas State Bobcats,false
5bb624eddcdb91f1604d15e869b67fe6,2026-01-02T21:30:00Z,Navy Midshipmen,Cincinnati Bearcats,false
485c875626910603ddd6d457d9f97e43,2026-01-03T01:00:00Z,Arizona Wildcats,SMU Mustangs,false
bd6818aa5f43e7496cc108c90adf335d,2026-01-03T01:00:00Z,Wake Forest Demon Deacons,Mississippi State Bulldogs,false
56504eac7bbc625f7316c6bad4354b93,2026-01-06T00:30:00Z,Illinois State Redbirds,Montana State Bobcats,false
0983eaf1f34d2820503b25a9bc5ced6f,2026-01-09T00:30:00Z,Miami Hurricanes,Georgia Bulldogs,false
169eeab0821162439c0ecf53db53f018,2026-01-09T00:30:00Z,Miami Hurricanes,Ole Miss Rebels,false
176037d5736e9239feb4521785de46ff,2026-01-09T00:30:00Z,Ole Miss Rebels,Ohio State Buckeyes,false
202c450d9ff6398e9ad98e7d9d6e9e35,2026-01-09T00:30:00Z,Georgia Bulldogs,Ohio State Buckeyes,false
684cd6a0054de1920ea49fdb358b195b,2026-01-10T00:30:00Z,Alabama Crimson Tide,Oregon Ducks,false
8be641ff606273aed9428222113ef65f,2026-01-10T00:30:00Z,Alabama Crimson Tide,Texas Tech Red Raiders,false
bdd39d25f75126c0190b31313764980e,2026-01-10T00:30:00Z,Texas Tech Red Raiders,Indiana Hoosiers,false
cb32b2b0ea14036d2aa37918891ded69,2026-01-10T00:30:00Z,Oregon Ducks,Indiana Hoosiers,false
23a8a77339e637f439bd73791b4e22af,2026-01-20T00:30:00Z,Ole Miss Rebels,Indiana Hoosiers,false
6af6623a038f6add7f026fc913e24356,2026-01-20T00:30:00Z,Ole Miss Rebels,Oregon Ducks,false
ecf29901db3fe15c0e5eae32f0390c51,2026-01-20T00:30:00Z,Miami Hurricanes,Oregon Ducks,false
b9d4c49ff5254d29e970cbb40bb6b2ea,2026-01-20T00:54:00Z,Miami Hurricanes,Indiana Hoosiers,false
ncaaf_401856766,2026-08-29T16:00:00Z,North Carolina Tar Heels,TCU Horned Frogs,true
3313dcc5e91f9a2dda995a5e36e55f52,2026-08-29T19:00:00Z,San Jose State Spartans,USC Trojans,false
ncaaf_401858202,2026-08-29T19:30:00Z,NC State Wolfpack,Virginia Cavaliers,true
ncaaf_401864577,2026-08-29T21:30:00Z,Jacksonville State Gamecocks,North Dakota State Bison,true
ncaaf_401866408,2026-08-29T22:30:00Z,Sacramento State Hornets,Eastern Michigan Eagles,true
24941bb5e2e6f79d944530b0b8ea4be5,2026-08-29T23:00:00Z,Hawaii Rainbow Warriors,Stanford Cardinal,false
ncaaf_401864570,2026-08-29T23:00:00Z,New Mexico State Aggies,Florida State Seminoles,true
ncaaf_401862693,2026-08-30T02:00:00Z,Memphis Tigers,UNLV Rebels,true
e564afb0a5ab84ab43befa56bdb90522,2026-09-03T22:00:00Z,UMass Minutemen,Rutgers Scarlet Knights,false
ncaaf_401864425,2026-09-03T23:00:00Z,West Georgia Wolves,Kennesaw State Owls,true
2f02052c3228ed6d9dc2e8ff8cdf5cdd,2026-09-03T23:00:00Z,Albany,Buffalo Bulls,false
ncaaf_401864424,2026-09-03T23:00:00Z,Merrimack Warriors,Delaware Blue Hens,true
ncaaf_401856767,2026-09-03T23:00:00Z,Bethune-Cookman Wildcats,UCF Knights,true
ncaaf_401858204,2026-09-03T23:00:00Z,Akron Zips,Wake Forest Demon Deacons,true
ncaaf_401856776,2026-09-04T00:00:00Z,Colorado Buffaloes,Georgia Tech Yellow Jackets,true
ncaaf_401856663,2026-09-04T00:00:00Z,Arkansas Pine Bluff Golden Lions,Missouri Tigers,true
ncaaf_401858422,2026-09-04T00:00:00Z,Eastern Illinois Panthers,Minnesota Golden Gophers,true
ncaaf_401858424,2026-09-04T01:00:00Z,UAB Blazers,Illinois Fighting Illini,true
ncaaf_401856768,2026-09-04T01:00:00Z,Idaho Vandals,Utah Utes,true
171952045c3039d592807265d36b60d0,2026-09-04T22:30:00Z,San Jose State Spartans,Eastern Michigan Eagles,false
ncaaf_401858435,2026-09-04T23:00:00Z,Indiana State Sycamores,Purdue Boilermakers,true
ncaaf_401866623,2026-09-04T23:00:00Z,North Carolina A&T Aggies,Georgia State Panthers,true
ncaaf_401858429,2026-09-05T00:00:00Z,Toledo Rockets,Michigan State Spartans,true
604ae01f960f7be32aeb554f733be590,2026-09-05T00:00:00Z,LIU Sharks,Kansas Jayhawks,false
ncaaf_401856664,2026-09-05T00:00:00Z,UTEP Miners,Oklahoma Sooners,true
ncaaf_401858206,2026-09-05T01:00:00Z,Miami Hurricanes,Stanford Cardinal,true
ncaaf_401858436,2026-09-05T01:00:00Z,Fresno State Bulldogs,USC Trojans,true
ncaaf_401858430,2026-09-05T16:00:00Z,Ohio Bobcats,Nebraska Cornhuskers,true
ncaaf_401856780,2026-09-05T16:00:00Z,Coastal Carolina Chanticleers,West Virginia Mountaineers,true
ncaaf_401856778,2026-09-05T16:00:00Z,Oregon State Beavers,Houston Cougars,true
ncaaf_401862701,2026-09-05T16:00:00Z,Bryant Bulldogs,Army Black Knights,true
ncaaf_401861962,2026-09-05T16:00:00Z,Lafayette Leopards,UConn Huskies,true
ncaaf_401858207,2026-09-05T16:00:00Z,Miami (OH) RedHawks,Pittsburgh Panthers,true
ncaaf_401869960,2026-09-05T16:00:00Z,Liberty Flames,James Madison Dukes,true
ncaaf_401856634,2026-09-05T16:00:00Z,East Carolina Pirates,Alabama Crimson Tide,true
ncaaf_401866410,2026-09-05T16:00:00Z,Tarleton State Texans,Bowling Green Falcons,true
ncaaf_401858425,2026-09-05T16:00:00Z,North Texas Mean Green,Indiana Hoosiers,true
ncaaf_401858208,2026-09-05T16:00:00Z,New Hampshire Wildcats,Syracuse Orange,true
ncaaf_401858432,2026-09-05T16:30:00Z,Ball State Cardinals,Ohio State Buckeyes,true
ncaaf_401856665,2026-09-05T16:45:00Z,Kent State Golden Flashes,South Carolina Gamecocks,true
ncaaf_401856779,2026-09-05T17:00:00Z,Southeast Missouri State Redhawks,Iowa State Cyclones,true
6ba4c2cb4e23d19069d00b47716c95c9,2026-09-05T17:00:00Z,Youngstown St Penguins,Kentucky Wildcats,false
ncaaf_401864496,2026-09-05T17:00:00Z,Duquesne Dukes,Air Force Falcons,true
ncaaf_401862698,2026-09-05T18:00:00Z,Rhode Island Rams,Temple Owls,true
ncaaf_401856658,2026-09-05T19:02:33Z,Tennessee State Tigers,Georgia Bulldogs,true
ncaaf_401856667,2026-09-05T19:30:00Z,Texas State Bobcats,Texas Longhorns,true
ncaaf_401856777,2026-09-05T19:30:00Z,Boston College Eagles,Cincinnati Bearcats,true
ncaaf_401856666,2026-09-05T19:30:00Z,Furman Paladins,Tennessee Volunteers,true
9d83b5d81e825f63cd4bbb1f75f1a508,2026-09-05T19:32:09Z,Maine Black Bears,Appalachian State Mountaineers,false
ncaaf_401862700,2026-09-05T19:32:22Z,UT Rio Grande Valley Vaqueros,UTSA Roadrunners,true
ncaaf_401862696,2026-09-05T19:34:00Z,Towson Tigers,Navy Midshipmen,true
ncaaf_401858434,2026-09-05T19:35:00Z,Marshall Thundering Herd,Penn State Nittany Lions,true
ncaaf_401864499,2026-09-05T19:36:08Z,Fordham Rams,North Dakota State Bison,true
ncaaf_401858433,2026-09-05T19:40:00Z,Boise State Broncos,Oregon Ducks,true
ncaaf_401856772,2026-09-05T19:45:00Z,Oklahoma State Cowboys,Tulsa Golden Hurricane,true
ncaaf_401856636,2026-09-05T19:45:00Z,Baylor Bears,Auburn Tigers,true
ncaaf_401858426,2026-09-05T20:15:00Z,Northern Illinois Huskies,Iowa Hawkeyes,true
ncaaf_401856635,2026-09-05T20:21:03Z,North Alabama Lions,Arkansas Razorbacks,true
897638282df1d5781867ee8fb9b494f2,2026-09-05T20:45:00Z,Citadel Bulldogs,Charlotte 49ers,false
ncaaf_401858209,2026-09-05T21:00:00Z,Tulane Green Wave,Duke Blue Devils,true
3da928fcc2533b3638a7a05f8cce5d12,2026-09-05T21:02:18Z,Alcorn State Braves,Southern Mississippi Golden Eagles,false
ncaaf_401867973,2026-09-05T22:00:00Z,Norfolk State Spartans,Old Dominion Monarchs,true
ncaaf_401860878,2026-09-05T22:00:00Z,Wyoming Cowboys,Colorado State Rams,true
ncaaf_401856770,2026-09-05T23:00:00Z,Abilene Christian Wildcats,Texas Tech Red Raiders,true
ncaaf_401868170,2026-09-05T23:00:00Z,Charleston Southern Buccaneers,Georgia Southern Eagles,true
ncaaf_401856668,2026-09-05T23:00:00Z,Missouri State Bears,Texas A&M Aggies,true
34c23c88d29703e3b8a3b0b9d29a7c31,2026-09-05T23:00:00Z,Houston Baptist Huskies,Rice Owls,false
ncaaf_401862695,2026-09-05T23:00:00Z,Arkansas State Red Wolves,Memphis Tigers,true
ncaaf_401862699,2026-09-05T23:00:00Z,Florida International Panthers,South Florida Bulls,true
92e9ba19aef9e422898288605879f16a,2026-09-05T23:00:00Z,Southeastern Louisiana Lions,South Alabama Jaguars,false
ncaaf_401858428,2026-09-05T23:00:00Z,Western Michigan Broncos,Michigan Wolverines,true
ncaaf_401867866,2026-09-05T23:00:00Z,Murray State Racers,Middle Tennessee Blue Raiders,true
b4077e17d5393758cd18778ca067bd0a,2026-09-05T23:00:00Z,Nicholls State Colonels,Kansas State Wildcats,false
ncaaf_401856669,2026-09-05T23:00:00Z,Austin Peay Governors,Vanderbilt Commodores,true
ncaaf_401860880,2026-09-05T23:00:00Z,Idaho State Bengals,Utah State Aggies,true
ncaaf_401868140,2026-09-05T23:00:00Z,Eastern Kentucky Colonels,Jacksonville State Gamecocks,true
fb6839df368dc6724c22bd58cbe64a5d,2026-09-05T23:00:00Z,Sam Houston State Bearkats,Troy Trojans,false
ncaaf_401856660,2026-09-05T23:30:00Z,Clemson Tigers,LSU Tigers,true
ncaaf_401858211,2026-09-05T23:30:00Z,VMI Keydets,Virginia Tech Hokies,true
ncaaf_401856662,2026-09-05T23:30:00Z,UL Monroe Warhawks,Mississippi State Bulldogs,true
ncaaf_401869129,2026-09-05T23:30:00Z,Northwestern State Demons,Louisiana Tech Bulldogs,true
ncaaf_401856637,2026-09-05T23:45:00Z,Florida Atlantic Owls,Florida Gators,true
ncaaf_401856775,2026-09-06T00:00:00Z,Utah Tech Trailblazers,BYU Cougars,true
ncaaf_401858431,2026-09-06T00:00:00Z,South Dakota State Jackrabbits,Northwestern Wildcats,true
ncaaf_401869142,2026-09-06T00:00:00Z,Lamar Cardinals,Louisiana Ragin Cajuns,true
ncaaf_401858427,2026-09-06T00:00:00Z,Hampton Pirates,Maryland Terrapins,true
ncaaf_401870790,2026-09-06T01:00:00Z,Mercyhurst Lakers,New Mexico State Aggies,true
ncaaf_401856773,2026-09-06T01:30:00Z,Northern Arizona Lumberjacks,Arizona Wildcats,true
ncaaf_401860879,2026-09-06T01:30:00Z,Portland State Vikings,San Diego State Aztecs,true
ncaaf_401864498,2026-09-06T02:00:00Z,Central Michigan Chippewas,New Mexico Lobos,true
ncaaf_401866411,2026-09-06T02:00:00Z,Mississippi Valley State Delta Devils,Sacramento State Hornets,true
ncaaf_401856774,2026-09-06T02:00:00Z,Morgan State Bears,Arizona State Sun Devils,true
df569f05eeee15a5fdf95bd5ce086d6d,2026-09-06T02:00:00Z,UNLV Rebels,Hawaii Rainbow Warriors,false
ncaaf_401858210,2026-09-06T02:30:00Z,UCLA Bruins,California Golden Bears,true
ncaaf_401864432,2026-09-06T02:30:00Z,Western Kentucky Hilltoppers,Nevada Wolf Pack,true
36c2a063d7a55e85488fbe0e89015686,2026-09-06T20:00:00Z,Washington State Cougars,Washington Huskies,false
4f0e1900bdc8d12bf0cc91ae291c104e,2026-09-06T23:30:00Z,Louisville Cardinals,Ole Miss Rebels,false
b460f3aa4235ec2485f25182755304d6,2026-09-06T23:30:00Z,Wisconsin Badgers,Notre Dame Fighting Irish,false
a570687d47661da4982cfd885cdb4a44,2026-09-07T23:30:00Z,SMU Mustangs,Florida State Seminoles,false
18dec56516beb8daed598bc5c7a6872d,2026-09-11T00:00:00Z,Florida A&M Rattlers,Miami Hurricanes,false
912c15dcb8dd09eacabdcb80673d9d72,2026-09-12T00:00:00Z,Missouri Tigers,Kansas Jayhawks,false
5a8d98c3147d18b683d90a536e76eb64,2026-09-12T16:00:00Z,Wake Forest Demon Deacons,Purdue Boilermakers,false
6ab72601a536ccfdbc30904c90644d1a,2026-09-12T16:00:00Z,Gardner-Webb Runnin Bulldogs,Liberty Flames,false
6dbd3546b178b91878131862fd719e1e,2026-09-12T16:00:00Z,Appalachian State Mountaineers,East Carolina Pirates,false
e2280b63997737273801521da2ded119,2026-09-12T16:00:00Z,Wagner Seahawks,James Madison Dukes,false
287a959c0717526161988214cb4e01ce,2026-09-12T16:03:23Z,East Tennessee State Buccaneers,North Carolina Tar Heels,false
3b3054849b678fcfa0b6a5a9994557bf,2026-09-12T16:05:00Z,Washington State Cougars,Kansas State Wildcats,false
cad3845e3f9f9e746c4bbf45487eed02,2026-09-12T16:07:35Z,Arizona State Sun Devils,Texas A&M Aggies,false
cdbde17fe5ba072172683681026c6312,2026-09-12T16:10:50Z,Old Dominion Monarchs,Virginia Tech Hokies,false
b38f4f63351c15767e64a76a73589574,2026-09-12T16:14:37Z,Oklahoma Sooners,Michigan Wolverines,false
43ee6255542faa05e9b9853cb1c6289e,2026-09-12T16:47:21Z,Western Kentucky Hilltoppers,Georgia Bulldogs,false
2a658c30f1df6cbb619b57193bb781a2,2026-09-12T17:05:00Z,Holy Cross Crusaders,Miami (OH) RedHawks,false
6e373e2da501d8104f2162d0e2ca6e2d,2026-09-12T17:05:00Z,Colgate Raiders,Central Michigan Chippewas,false
c3281cee9975bf6d8ed8106826279caf,2026-09-12T17:05:00Z,UT Martin Skyhawks,West Virginia Mountaineers,false
d652c7bc0594f13ef0a2a04e31ef5666,2026-09-12T17:30:00Z,Oregon Ducks,Oklahoma State Cowboys,false
50ca382289647d24354223aa3512c02f,2026-09-12T18:01:00Z,Stony Brook Seawolves,Ball State Cardinals,false
08c5bac0240cbc3ba996fb55a75504f2,2026-09-12T19:30:00Z,UTSA Roadrunners,Texas State Bobcats,false
0c68f1ebc9e9f2bc6a8fb51e072e35b9,2026-09-12T19:30:00Z,Robert Morris Colonials,Akron Zips,false
1427645d6020f742eece986c58bdb29d,2026-09-12T19:30:00Z,California Golden Bears,Syracuse Orange,false
2186fba5726dbd7fee2ce72477bdaa2b,2026-09-12T19:30:00Z,Utah State Aggies,Washington Huskies,false
61700ad2942d0c633b9c6cd402964356,2026-09-12T19:30:00Z,UL Monroe Warhawks,UAB Blazers,false
70a4d83a64789d57f114b077a570ea27,2026-09-12T19:30:00Z,Maryland Terrapins,UConn Huskies,false
db05b8a09b0efd8546a13a2cb5e457fc,2026-09-12T19:30:00Z,Eastern Michigan Eagles,Michigan State Spartans,false
f33d69b70bdc14e4182a474c2cc29419,2026-09-12T19:30:00Z,Weber State Wildcats,Colorado Buffaloes,false
f85969d656d1cafcfc4e60290a25bb09,2026-09-12T19:30:00Z,Sacred Heart Pioneers,UMass Minutemen,false
28bb2aa99c25784abd9be51bba32c472,2026-09-12T19:32:00Z,Central Connecticut Blue Devils,Toledo Rockets,false
25c198f097870d531920ba524262737d,2026-09-12T19:35:00Z,Mississippi State Bulldogs,Minnesota Golden Gophers,false
52e9b0f6515766724ee70457912bdc18,2026-09-12T19:35:00Z,Duke Blue Devils,Illinois Fighting Illini,false
6e781bfdb712f185fb1be983bc10af15,2026-09-12T19:35:00Z,Arizona Wildcats,BYU Cougars,false
dd880570288831c4fc55cb68f19f9667,2026-09-12T19:35:00Z,UCF Knights,Pittsburgh Panthers,false
2be7c621008f4d4147868ababc385a6c,2026-09-12T19:40:00Z,Rice Owls,Notre Dame Fighting Irish,false
2cb6f8436ba0f1fbcdcd7871a03466d5,2026-09-12T19:40:00Z,Alabama Crimson Tide,Kentucky Wildcats,false
50b6e6aec0bd3f2fcb9dc18c113ddd12,2026-09-12T19:45:00Z,UNLV Rebels,North Texas Mean Green,false
aaed4df3af7a4c8e62da2bda808e49da,2026-09-12T20:00:00Z,Alabama State Hornets,Troy Trojans,false
b5a47219e2e4b7efe0908d3441469559,2026-09-12T20:00:00Z,Northern Colorado Bears,Wyoming Cowboys,false
d71b8c6e0faec78e166823b1b3fa22b0,2026-09-12T20:00:00Z,Mercyhurst Lakers,New Mexico Lobos,false
e00feee7bbead345df02792e1dc79972,2026-09-12T20:00:00Z,UC Davis Aggies,SMU Mustangs,false
04d0c72553f17ebc22509fb1b5926600,2026-09-12T20:15:00Z,Delaware Blue Hens,Vanderbilt Commodores,false
7365ef8b298cbbef18e7d367fc33d0da,2026-09-12T21:30:00Z,Campbell Fighting Camels,Florida Gators,false
3cff947fac86cab5c41d4f7c0e9393ce,2026-09-12T22:00:00Z,Jacksonville State Gamecocks,Ohio Bobcats,false
a2b7711390532d0014249f295a6d02b8,2026-09-12T22:00:00Z,Buffalo Bulls,Florida International Panthers,false
c46b118e570bf1fa1b2724f1fd7e4b24,2026-09-12T22:00:00Z,Memphis Tigers,Boise State Broncos,false
604e4daf4bc676f524753f47cad8c6e7,2026-09-12T22:30:00Z,Monmouth Hawks,Western Michigan Broncos,false
14bc81696f296c5d32ac03e798aa6293,2026-09-12T23:00:00Z,Southern Utah Thunderbirds,Colorado State Rams,false
18c682b142ecfadb8d6d801f5fb9aac7,2026-09-12T23:00:00Z,South Alabama Jaguars,Tulane Green Wave,false
2fef91bee444782036d23f91abe0a5da,2026-09-12T23:00:00Z,Tennessee Volunteers,Georgia Tech Yellow Jackets,false
3f05bfa200e747e1c2702776c675b7f9,2026-09-12T23:00:00Z,Western Carolina Catamounts,Cincinnati Bearcats,false
5cc49501cef64287d2f6b5afe9526a16,2026-09-12T23:00:00Z,Bowling Green Falcons,Nebraska Cornhuskers,false
703674067da3f80611ece581818f3863,2026-09-12T23:00:00Z,Middle Tennessee Blue Raiders,Marshall Thundering Herd,false
a0f7a9ba7824f73795a26ad4429c2b62,2026-09-12T23:00:00Z,Southern University Jaguars,Houston Cougars,false
a7402ec89d227ff9b9bf936a8679d313,2026-09-12T23:00:00Z,Tulsa Golden Hurricane,Sam Houston State Bearkats,false
bb92c7cb2dc05cd3f9a68f5b5d468549,2026-09-12T23:00:00Z,Towson Tigers,South Carolina Gamecocks,false
c9c138c45cb4d0e8a39f962795671ffb,2026-09-12T23:00:00Z,Georgia State Panthers,Kennesaw State Owls,false
dd26f75c6a8efab5ecb852bbfa85ef6c,2026-09-12T23:00:00Z,Lindenwood Lions,Missouri State Bears,false
e3a48977017a29c2cb502a1137854747,2026-09-12T23:00:00Z,Illinois State Redbirds,Northern Illinois Huskies,false
e65c9341bd5b03632dccdd856859b009,2026-09-12T23:00:00Z,West Georgia Wolves,Arkansas State Red Wolves,false
14620ae05bec8eaa19ca94156c71dff2,2026-09-12T23:15:00Z,San Diego State Aztecs,UCLA Bruins,false
4b5c8f26ca8a1537fb412ee845b8ea99,2026-09-12T23:15:00Z,Western Illinois Leathernecks,Wisconsin Badgers,false
0633819fa9e60ac71609cd40e1596b1b,2026-09-12T23:30:00Z,Iowa State Cyclones,Iowa Hawkeyes,false
08c34029ecc85b4a6d519f90f9082e56,2026-09-12T23:30:00Z,Ohio State Buckeyes,Texas Longhorns,false
a8283159aa27932e7a640f6158b2ca98,2026-09-12T23:30:00Z,Georgia Southern Eagles,Clemson Tigers,false
cea07bdd5d8942d1055a1de8ba1fef33,2026-09-12T23:30:00Z,Fordham Rams,Coastal Carolina Chanticleers,false
f0d4ea035d6edfabda0c2b298c7d42d2,2026-09-12T23:30:00Z,Texas Tech Red Raiders,Oregon State Beavers,false
f5de73eb9ed5553f7de28a2730b2e700,2026-09-12T23:30:00Z,Navy Midshipmen,Florida Atlantic Owls,false
f64dfff0ca497539e1d013801cca92af,2026-09-12T23:30:00Z,Louisiana Tech Bulldogs,LSU Tigers,false
0a6b6423d89be9817a0c8cd830e8cc0d,2026-09-12T23:45:00Z,Southern Mississippi Golden Eagles,Auburn Tigers,false
964916986927738c0d73842de1dd51bd,2026-09-12T23:45:00Z,Charlotte 49ers,Ole Miss Rebels,false
9b246ebb525b38decbb86a8e6f23c76f,2026-09-13T00:00:00Z,Grambling State Tigers,TCU Horned Frogs,false
e504ddd061f2cf04d44baab9917e6a89,2026-09-13T00:00:00Z,Prairie View A&M Panthers,Baylor Bears,false
a323953025cbf4302d4aa87270f9505a,2026-09-13T01:00:00Z,Cal Poly Mustangs,San Jose State Spartans,false
e61b38634c2ba45e99bdba191ef5dea1,2026-09-13T01:00:00Z,Texas Southern Tigers,UTEP Miners,false
7a78c246bb38d32c3238724e57051b15,2026-09-13T02:00:00Z,North Dakota State Bison,Air Force Falcons,false
c12cd73c4077a0265acec205a572c2ec,2026-09-13T02:15:00Z,Arkansas Razorbacks,Utah Utes,false
6dd5d1c466d25617a69c046beb258b00,2026-09-13T02:30:00Z,Montana State Bobcats,Nevada Wolf Pack,false
b1298d12169731a56fba3b484f27c005,2026-09-13T02:30:00Z,Sacramento State Hornets,Fresno State Bulldogs,false
91ba0aefe833f0543aa43843374916f4,2026-09-13T03:00:00Z,Louisiana Ragin Cajuns,USC Trojans,false
baa1d54d3e3162e5a550681144369eee,2026-09-13T04:00:00Z,New Mexico State Aggies,Hawaii Rainbow Warriors,false
01e9c4d460a55375a75d025e2b1ddbf5,2026-09-19T16:00:00Z,Georgia Bulldogs,Arkansas Razorbacks,false
dbcfc3184e20d1ea45e910b89585071f,2026-09-19T19:30:00Z,SMU Mustangs,Louisville Cardinals,false
65571f1cab1a260aae4a220e38dbbc1d,2026-09-19T23:30:00Z,LSU Tigers,Ole Miss Rebels,false
0c71c3230f930f30ac34160b38dbbaf0,2026-09-26T16:00:00Z,Texas A&M Aggies,LSU Tigers,false
82b83ec87fc2be5faa2e9f26ac50edef,2026-10-10T16:00:00Z,Texas Longhorns,Oklahoma Sooners,false
59f8c98dee8ce77cc17c5b4958e4f325,2026-10-11T00:00:00Z,Georgia Bulldogs,Alabama Crimson Tide,false
685a8722f297502fa85e4cd8c7e54b1c,2026-10-17T16:00:00Z,Ohio State Buckeyes,Indiana Hoosiers,false
bd2d52fadefed8a6174e73c84cca9ce3,2026-10-17T16:00:00Z,Notre Dame Fighting Irish,BYU Cougars,false
4aac00e6cc06b8905659f911419540d2,2026-11-08T00:30:00Z,Miami Hurricanes,Notre Dame Fighting Irish,false
38f9a9237c998cf91210a3d8f7d59a7a,2026-11-21T17:00:00Z,LSU Tigers,Ole Miss Rebels,false
fa98066b4b400fb6af0672e170cc584a,2026-11-22T00:30:00Z,SMU Mustangs,Notre Dame Fighting Irish,false
5b00e6b226dce4274d819d5d1818e703,2026-11-27T17:00:00Z,Mississippi State Bulldogs,Ole Miss Rebels,false
f825e4c4d512e1c0a6db6ac7d8bc0326,2026-11-28T16:00:00Z,Arizona State Sun Devils,Arizona Wildcats,false
426658869d8f93e891cad97029725975,2026-11-28T17:00:00Z,Michigan Wolverines,Ohio State Buckeyes,false
