game_id,game_date,model_name,total_projection,home_line_proj,spread_pick,total_pick,spread_edge,total_edge,parlay_edge_score
000fc688beb4fc004ecdad115d9adb1c,2026-12-20,Football_KeyNumberGuard_v1,47.5,2.5,,,0.0,0.0,0
000fc688beb4fc004ecdad115d9adb1c,2026-12-20,Football_LineMovement_v1,47.5,2.5,,,0.0,0.0,0
000fc688beb4fc004ecdad115d9adb1c,2026-12-20,Football_MarketBlend_v1,47.0,2.25,,UNDER,0.25,-0.5,0.75
000fc688beb4fc004ecdad115d9adb1c,2026-12-20,Football_MarketConsensus_v1,47.5,2.5,,,0.0,0.0,0
000fc688beb4fc004ecdad115d9adb1c,2026-12-20,Football_SpreadValue_v1,47.5,1.75,HOME,,0.75,0.0,0.75
000fc688beb4fc004ecdad115d9adb1c,2026-12-20,Football_TotalValue_v1,46.5,2.5,,UNDER,0.0,-1.0,1.0
014282b888c741b7d70c857c09f40aa7,2026-11-08,Football_KeyNumberGuard_v1,42.5,3.0,,,0.0,0.0,0
014282b888c741b7d70c857c09f40aa7,2026-11-08,Football_LineMovement_v1,42.5,3.0,,,0.0,0.0,0
014282b888c741b7d70c857c09f40aa7,2026-11-08,Football_MarketBlend_v1,43.0,2.75,,OVER,0.25,0.5,0.75
014282b888c741b7d70c857c09f40aa7,2026-11-08,Football_MarketConsensus_v1,42.5,3.0,,,0.0,0.0,0
014282b888c741b7d70c857c09f40aa7,2026-11-08,Football_SpreadValue_v1,42.5,2.25,HOME,,0.75,0.0,0.75
014282b888c741b7d70c857c09f40aa7,2026-11-08,Football_TotalValue_v1,43.5,3.0,,OVER,0.0,1.0,1.0
01548e41e7ba5318bb25c9bc2a32f73d,2026-12-11,Football_KeyNumberGuard_v1,43.5,-4.5,,,0.0,0.0,0
01548e41e7ba5318bb25c9bc2a32f73d,2026-12-11,Football_LineMovement_v1,43.5,-4.5,,,0.0,0.0,0
01548e41e7ba5318bb25c9bc2a32f73d,2026-12-11,Football_MarketBlend_v1,44.0,-4.25,AWAY,OVER,-0.25,0.5,0.75
01548e41e7ba5318bb25c9bc2a32f73d,2026-12-11,Football_MarketConsensus_v1,43.5,-4.5,,,0.0,0.0,0
01548e41e7ba5318bb25c9bc2a32f73d,2026-12-11,Football_SpreadValue_v1,43.5,-3.75,AWAY,,-0.75,0.0,0.75
01548e41e7ba5318bb25c9bc2a32f73d,2026-12-11,Football_TotalValue_v1,44.5,-4.5,,OVER,0.0,1.0,1.0
016f76d8237e8d4eb62b9c2ef68381bb,2025-11-02,Football_KeyNumberGuard_v1,51.5,2.5,,,0.0,0.0,0
016f76d8237e8d4eb62b9c2ef68381bb,2025-11-02,Football_LineMovement_v1,51.5,2.5,,,0.0,0.0,0
016f76d8237e8d4eb62b9c2ef68381bb,2025-11-02,Football_MarketBlend_v1,51.0,2.25,,UNDER,0.25,-0.5,0.75
016f76d8237e8d4eb62b9c2ef68381bb,2025-11-02,Football_MarketConsensus_v1,51.5,2.5,,,0.0,0.0,0
016f76d8237e8d4eb62b9c2ef68381bb,2025-11-02,Football_SpreadValue_v1,51.5,1.75,HOME,,0.75,0.0,0.75
016f76d8237e8d4eb62b9c2ef68381bb,2025-11-02,Football_TotalValue_v1,50.5,2.5,,UNDER,0.0,-1.0,1.0
01baed6f9d6482c5d89d37379c7c63c7,2027-01-10,Football_KeyNumberGuard_v1,41.5,3.0,,,0.0,0.0,0
01baed6f9d6482c5d89d37379c7c63c7,2027-01-10,Football_LineMovement_v1,41.5,3.0,,,0.0,0.0,0
01baed6f9d6482c5d89d37379c7c63c7,2027-01-10,Football_MarketBlend_v1,41.5,3.0,,,0.0,0.0,0
01baed6f9d6482c5d89d37379c7c63c7,2027-01-10,Football_MarketConsensus_v1,41.5,3.0,,,0.0,0.0,0
01baed6f9d6482c5d89d37379c7c63c7,2027-01-10,Football_SpreadValue_v1,41.5,3.0,,,0.0,0.0,0
01baed6f9d6482c5d89d37379c7c63c7,2027-01-10,Football_TotalValue_v1,41.5,3.0,,,0.0,0.0,0
0236f9aa68d65ea03bd1ca025b749c20,2026-12-06,Football_KeyNumberGuard_v1,48.0,-3.0,,,0.0,0.0,0
0236f9aa68d65ea03bd1ca025b749c20,2026-12-06,Football_LineMovement_v1,48.0,-3.0,,,0.0,0.0,0
0236f9aa68d65ea03bd1ca025b749c20,2026-12-06,Football_MarketBlend_v1,48.0,-3.0,,,0.0,0.0,0
0236f9aa68d65ea03bd1ca025b749c20,2026-12-06,Football_MarketConsensus_v1,48.0,-3.0,,,0.0,0.0,0
0236f9aa68d65ea03bd1ca025b749c20,2026-12-06,Football_SpreadValue_v1,48.0,-3.0,,,0.0,0.0,0
0236f9aa68d65ea03bd1ca025b749c20,2026-12-06,Football_TotalValue_v1,48.0,-3.0,,,0.0,0.0,0
02522f48a7b7e7524881c1b1638cd94d,2025-09-21,Football_KeyNumberGuard_v1,43.0,-6.5,,,0.0,0.0,0
02522f48a7b7e7524881c1b1638cd94d,2025-09-21,Football_LineMovement_v1,43.0,-6.5,,,0.0,0.0,0
02522f48a7b7e7524881c1b1638cd94d,2025-09-21,Football_MarketBlend_v1,43.5,-6.25,,OVER,-0.25,0.5,0.75
02522f48a7b7e7524881c1b1638cd94d,2025-09-21,Football_MarketConsensus_v1,43.0,-6.5,,,0.0,0.0,0
02522f48a7b7e7524881c1b1638cd94d,2025-09-21,Football_SpreadValue_v1,43.0,-5.75,AWAY,,-0.75,0.0,0.75
02522f48a7b7e7524881c1b1638cd94d,2025-09-21,Football_TotalValue_v1,44.0,-6.5,,OVER,0.0,1.0,1.0
0283a29e1b38ef78b29b904fd56a16dd,2026-09-20,Football_KeyNumberGuard_v1,45.5,-3.0,,,0.0,0.0,0
0283a29e1b38ef78b29b904fd56a16dd,2026-09-20,Football_LineMovement_v1,45.5,-3.0,,,0.0,0.0,0
0283a29e1b38ef78b29b904fd56a16dd,2026-09-20,Football_MarketBlend_v1,45.0,-2.75,,UNDER,-0.25,-0.5,0.75
0283a29e1b38ef78b29b904fd56a16dd,2026-09-20,Football_MarketConsensus_v1,45.5,-3.0,,,0.0,0.0,0
0283a29e1b38ef78b29b904fd56a16dd,2026-09-20,Football_SpreadValue_v1,45.5,-2.25,AWAY,,-0.75,0.0,0.75
0283a29e1b38ef78b29b904fd56a16dd,2026-09-20,Football_TotalValue_v1,44.5,-3.0,,UNDER,0.0,-1.0,1.0
0339a0e41bcee12820eb3e64bb5fadb4,2026-09-27,Football_KeyNumberGuard_v1,44.5,7.5,,,0.0,0.0,0
0339a0e41bcee12820eb3e64bb5fadb4,2026-09-27,Football_LineMovement_v1,44.5,7.5,,,0.0,0.0,0
0339a0e41bcee12820eb3e64bb5fadb4,2026-09-27,Football_MarketBlend_v1,45.0,7.25,,OVER,0.25,0.5,0.75
0339a0e41bcee12820eb3e64bb5fadb4,2026-09-27,Football_MarketConsensus_v1,44.5,7.5,,,0.0,0.0,0
0339a0e41bcee12820eb3e64bb5fadb4,2026-09-27,Football_SpreadValue_v1,44.5,6.75,HOME,,0.75,0.0,0.75
0339a0e41bcee12820eb3e64bb5fadb4,2026-09-27,Football_TotalValue_v1,45.5,7.5,,OVER,0.0,1.0,1.0
03a5eed2c8ef5d1c8a48866ea4b0d63a,2025-09-21,Football_KeyNumberGuard_v1,43.5,-3.0,,,0.0,0.0,0
03a5eed2c8ef5d1c8a48866ea4b0d63a,2025-09-21,Football_LineMovement_v1,43.5,-3.0,,,0.0,0.0,0
03a5eed2c8ef5d1c8a48866ea4b0d63a,2025-09-21,Football_MarketBlend_v1,44.0,-2.75,,OVER,-0.25,0.5,0.75
03a5eed2c8ef5d1c8a48866ea4b0d63a,2025-09-21,Football_MarketConsensus_v1,43.5,-3.0,,,0.0,0.0,0
03a5eed2c8ef5d1c8a48866ea4b0d63a,2025-09-21,Football_SpreadValue_v1,43.5,-2.25,AWAY,,-0.75,0.0,0.75
03a5eed2c8ef5d1c8a48866ea4b0d63a,2025-09-21,Football_TotalValue_v1,44.5,-3.0,,OVER,0.0,1.0,1.0
051233db287b02fd3e7574955879ece2,2025-09-28,Football_KeyNumberGuard_v1,48.5,2.5,,,0.0,0.0,0
051233db287b02fd3e7574955879ece2,2025-09-28,Football_LineMovement_v1,48.5,2.5,,,0.0,0.0,0
051233db287b02fd3e7574955879ece2,2025-09-28,Football_MarketBlend_v1,48.0,2.25,,UNDER,0.25,-0.5,0.75
051233db287b02fd3e7574955879ece2,2025-09-28,Football_MarketConsensus_v1,48.5,2.5,,,0.0,0.0,0
051233db287b02fd3e7574955879ece2,2025-09-28,Football_SpreadValue_v1,48.5,1.75,HOME,,0.75,0.0,0.75
051233db287b02fd3e7574955879ece2,2025-09-28,Football_TotalValue_v1,47.5,2.5,,UNDER,0.0,-1.0,1.0
05405af79752f5e742cdf50b61f6745e,2026-11-01,Football_KeyNumberGuard_v1,45.5,7.0,,,0.0,0.0,0
05405af79752f5e742cdf50b61f6745e,2026-11-01,Football_LineMovement_v1,45.5,7.0,,,0.0,0.0,0
05405af79752f5e742cdf50b61f6745e,2026-11-01,Football_MarketBlend_v1,45.0,6.75,,UNDER,0.25,-0.5,0.75
05405af79752f5e742cdf50b61f6745e,2026-11-01,Football_MarketConsensus_v1,45.5,7.0,,,0.0,0.0,0
05405af79752f5e742cdf50b61f6745e,2026-11-01,Football_SpreadValue_v1,45.5,6.25,HOME,,0.75,0.0,0.75
05405af79752f5e742cdf50b61f6745e,2026-11-01,Football_TotalValue_v1,44.5,7.0,,UNDER,0.0,-1.0,1.0
05a5b084f4e19535b2d3f91ef5c00169,2025-09-14,Football_KeyNumberGuard_v1,44.5,-5.0,,,0.0,0.0,0
05a5b084f4e19535b2d3f91ef5c00169,2025-09-14,Football_LineMovement_v1,44.5,-5.0,,,0.0,0.0,0
05a5b084f4e19535b2d3f91ef5c00169,2025-09-14,Football_MarketBlend_v1,45.0,-4.75,AWAY,OVER,-0.25,0.5,0.75
05a5b084f4e19535b2d3f91ef5c00169,2025-09-14,Football_MarketConsensus_v1,44.5,-5.0,,,0.0,0.0,0
05a5b084f4e19535b2d3f91ef5c00169,2025-09-14,Football_SpreadValue_v1,44.5,-4.25,AWAY,,-0.75,0.0,0.75
05a5b084f4e19535b2d3f91ef5c00169,2025-09-14,Football_TotalValue_v1,45.5,-5.0,,OVER,0.0,1.0,1.0
0636ebff776d43f8c829a36713c80b22,2026-09-20,Football_KeyNumberGuard_v1,40.5,-6.5,,,0.0,0.0,0
0636ebff776d43f8c829a36713c80b22,2026-09-20,Football_LineMovement_v1,40.5,-6.5,,,0.0,0.0,0
0636ebff776d43f8c829a36713c80b22,2026-09-20,Football_MarketBlend_v1,41.0,-6.25,,OVER,-0.25,0.5,0.75
0636ebff776d43f8c829a36713c80b22,2026-09-20,Football_MarketConsensus_v1,40.5,-6.5,,,0.0,0.0,0
0636ebff776d43f8c829a36713c80b22,2026-09-20,Football_SpreadValue_v1,40.5,-5.75,AWAY,,-0.75,0.0,0.75
0636ebff776d43f8c829a36713c80b22,2026-09-20,Football_TotalValue_v1,41.5,-6.5,,OVER,0.0,1.0,1.0
06e52a676b516186989e3b181a37c8a7,2026-12-04,Football_KeyNumberGuard_v1,47.5,-4.75,,,0.0,0.0,0
06e52a676b516186989e3b181a37c8a7,2026-12-04,Football_LineMovement_v1,47.5,-4.75,,,0.0,0.0,0
06e52a676b516186989e3b181a37c8a7,2026-12-04,Football_MarketBlend_v1,47.5,-4.75,,,0.0,0.0,0
06e52a676b516186989e3b181a37c8a7,2026-12-04,Football_MarketConsensus_v1,47.5,-4.75,,,0.0,0.0,0
06e52a676b516186989e3b181a37c8a7,2026-12-04,Football_SpreadValue_v1,47.5,-4.75,,,0.0,0.0,0
06e52a676b516186989e3b181a37c8a7,2026-12-04,Football_TotalValue_v1,47.5,-4.75,,,0.0,0.0,0
07f552badfa8a565d1be22123713e4da,2026-09-27,Football_KeyNumberGuard_v1,46.0,-9.75,,,0.0,0.0,0
07f552badfa8a565d1be22123713e4da,2026-09-27,Football_LineMovement_v1,46.0,-9.75,,,0.0,0.0,0
07f552badfa8a565d1be22123713e4da,2026-09-27,Football_MarketBlend_v1,46.0,-9.75,,,0.0,0.0,0
07f552badfa8a565d1be22123713e4da,2026-09-27,Football_MarketConsensus_v1,46.0,-9.75,,,0.0,0.0,0
07f552badfa8a565d1be22123713e4da,2026-09-27,Football_SpreadValue_v1,46.0,-9.75,,,0.0,0.0,0
07f552badfa8a565d1be22123713e4da,2026-09-27,Football_TotalValue_v1,46.0,-9.75,,,0.0,0.0,0
08abdb683fcb6d77f66baed136f47283,2027-01-03,Football_KeyNumberGuard_v1,42.5,1.5,,,0.0,0.0,0
08abdb683fcb6d77f66baed136f47283,2027-01-03,Football_LineMovement_v1,42.5,1.5,,,0.0,0.0,0
08abdb683fcb6d77f66baed136f47283,2027-01-03,Football_MarketBlend_v1,43.0,1.25,HOME,OVER,0.25,0.5,0.75
08abdb683fcb6d77f66baed136f47283,2027-01-03,Football_MarketConsensus_v1,42.5,1.5,,,0.0,0.0,0
08abdb683fcb6d77f66baed136f47283,2027-01-03,Football_SpreadValue_v1,42.5,0.75,HOME,,0.75,0.0,0.75
08abdb683fcb6d77f66baed136f47283,2027-01-03,Football_TotalValue_v1,43.5,1.5,,OVER,0.0,1.0,1.0
08bfd9cd8115339250817cc66a8b3cba,2025-12-12,Football_KeyNumberGuard_v1,44.0,-5.0,,,0.0,0.0,0
08bfd9cd8115339250817cc66a8b3cba,2025-12-12,Football_LineMovement_v1,44.0,-5.0,,,0.0,0.0,0
08bfd9cd8115339250817cc66a8b3cba,2025-12-12,Football_MarketBlend_v1,44.5,-4.75,AWAY,OVER,-0.25,0.5,0.75
08bfd9cd8115339250817cc66a8b3cba,2025-12-12,Football_MarketConsensus_v1,44.0,-5.0,,,0.0,0.0,0
08bfd9cd8115339250817cc66a8b3cba,2025-12-12,Football_SpreadValue_v1,44.0,-4.25,AWAY,,-0.75,0.0,0.75
08bfd9cd8115339250817cc66a8b3cba,2025-12-12,Football_TotalValue_v1,45.0,-5.0,,OVER,0.0,1.0,1.0
09f55b4a19a83eb951a9400a11123477,2025-09-28,Football_KeyNumberGuard_v1,45.5,-3.0,,,0.0,0.0,0
09f55b4a19a83eb951a9400a11123477,2025-09-28,Football_LineMovement_v1,45.5,-3.0,,,0.0,0.0,0
09f55b4a19a83eb951a9400a11123477,2025-09-28,Football_MarketBlend_v1,45.0,-2.75,,UNDER,-0.25,-0.5,0.75
09f55b4a19a83eb951a9400a11123477,2025-09-28,Football_MarketConsensus_v1,45.5,-3.0,,,0.0,0.0,0
09f55b4a19a83eb951a9400a11123477,2025-09-28,Football_SpreadValue_v1,45.5,-2.25,AWAY,,-0.75,0.0,0.75
09f55b4a19a83eb951a9400a11123477,2025-09-28,Football_TotalValue_v1,44.5,-3.0,,UNDER,0.0,-1.0,1.0
0ae85bbc3711ad0cb94475a40e2364f0,2025-11-16,Football_KeyNumberGuard_v1,41.5,-4.0,,,0.0,0.0,0
0ae85bbc3711ad0cb94475a40e2364f0,2025-11-16,Football_LineMovement_v1,41.5,-4.0,,,0.0,0.0,0
0ae85bbc3711ad0cb94475a40e2364f0,2025-11-16,Football_MarketBlend_v1,42.0,-3.75,AWAY,OVER,-0.25,0.5,0.75
0ae85bbc3711ad0cb94475a40e2364f0,2025-11-16,Football_MarketConsensus_v1,41.5,-4.0,,,0.0,0.0,0
0ae85bbc3711ad0cb94475a40e2364f0,2025-11-16,Football_SpreadValue_v1,41.5,-3.25,AWAY,,-0.75,0.0,0.75
0ae85bbc3711ad0cb94475a40e2364f0,2025-11-16,Football_TotalValue_v1,42.5,-4.0,,OVER,0.0,1.0,1.0
0b0b582b32b09ab6ff6664ffae0c9653,2026-10-18,Football_KeyNumberGuard_v1,42.5,-9.75,,,0.0,0.0,0
0b0b582b32b09ab6ff6664ffae0c9653,2026-10-18,Football_LineMovement_v1,42.5,-9.75,,,0.0,0.0,0
0b0b582b32b09ab6ff6664ffae0c9653,2026-10-18,Football_MarketBlend_v1,42.5,-9.75,,,0.0,0.0,0
0b0b582b32b09ab6ff6664ffae0c9653,2026-10-18,Football_MarketConsensus_v1,42.5,-9.75,,,0.0,0.0,0
0b0b582b32b09ab6ff6664ffae0c9653,2026-10-18,Football_SpreadValue_v1,42.5,-9.75,,,0.0,0.0,0
0b0b582b32b09ab6ff6664ffae0c9653,2026-10-18,Football_TotalValue_v1,42.5,-9.75,,,0.0,0.0,0
0b2455795dfcd692dd607503e4f20d04,2025-09-07,Football_KeyNumberGuard_v1,44.0,-2.5,,,0.0,0.0,0
0b2455795dfcd692dd607503e4f20d04,2025-09-07,Football_LineMovement_v1,44.0,-2.5,,,0.0,0.0,0
0b2455795dfcd692dd607503e4f20d04,2025-09-07,Football_MarketBlend_v1,44.5,-2.25,,OVER,-0.25,0.5,0.75
0b2455795dfcd692dd607503e4f20d04,2025-09-07,Football_MarketConsensus_v1,44.0,-2.5,,,0.0,0.0,0
0b2455795dfcd692dd607503e4f20d04,2025-09-07,Football_SpreadValue_v1,44.0,-1.75,AWAY,,-0.75,0.0,0.75
0b2455795dfcd692dd607503e4f20d04,2025-09-07,Football_TotalValue_v1,45.0,-2.5,,OVER,0.0,1.0,1.0
0c6e5d9821ce0d3e82f3e792879776a6,2025-09-12,Football_KeyNumberGuard_v1,49.0,-3.0,,,0.0,0.0,0
0c6e5d9821ce0d3e82f3e792879776a6,2025-09-12,Football_LineMovement_v1,49.0,-3.0,,,0.0,0.0,0
0c6e5d9821ce0d3e82f3e792879776a6,2025-09-12,Football_MarketBlend_v1,48.5,-2.75,,UNDER,-0.25,-0.5,0.75
0c6e5d9821ce0d3e82f3e792879776a6,2025-09-12,Football_MarketConsensus_v1,49.0,-3.0,,,0.0,0.0,0
0c6e5d9821ce0d3e82f3e792879776a6,2025-09-12,Football_SpreadValue_v1,49.0,-2.25,AWAY,,-0.75,0.0,0.75
0c6e5d9821ce0d3e82f3e792879776a6,2025-09-12,Football_TotalValue_v1,48.0,-3.0,,UNDER,0.0,-1.0,1.0
0c85b0939650e29689bb2651b33522eb,2025-10-12,Football_KeyNumberGuard_v1,44.5,-14.0,,,0.0,0.0,0
0c85b0939650e29689bb2651b33522eb,2025-10-12,Football_LineMovement_v1,44.5,-14.0,,,0.0,0.0,0
0c85b0939650e29689bb2651b33522eb,2025-10-12,Football_MarketBlend_v1,45.0,-13.75,AWAY,OVER,-0.25,0.5,0.75
0c85b0939650e29689bb2651b33522eb,2025-10-12,Football_MarketConsensus_v1,44.5,-14.0,,,0.0,0.0,0
0c85b0939650e29689bb2651b33522eb,2025-10-12,Football_SpreadValue_v1,44.5,-13.25,AWAY,,-0.75,0.0,0.75
0c85b0939650e29689bb2651b33522eb,2025-10-12,Football_TotalValue_v1,45.5,-14.0,,OVER,0.0,1.0,1.0
0cce34b9a49c4c6bdc1e65449e37a0f9,2025-12-21,Football_KeyNumberGuard_v1,37.5,3.0,,,0.0,0.0,0
0cce34b9a49c4c6bdc1e65449e37a0f9,2025-12-21,Football_LineMovement_v1,37.5,3.0,,,0.0,0.0,0
0cce34b9a49c4c6bdc1e65449e37a0f9,2025-12-21,Football_MarketBlend_v1,38.0,2.75,,OVER,0.25,0.5,0.75
0cce34b9a49c4c6bdc1e65449e37a0f9,2025-12-21,Football_MarketConsensus_v1,37.5,3.0,,,0.0,0.0,0
0cce34b9a49c4c6bdc1e65449e37a0f9,2025-12-21,Football_SpreadValue_v1,37.5,2.25,HOME,,0.75,0.0,0.75
0cce34b9a49c4c6bdc1e65449e37a0f9,2025-12-21,Football_TotalValue_v1,38.5,3.0,,OVER,0.0,1.0,1.0
0db4646c964ecdff19957373fe707546,2026-12-08,Football_KeyNumberGuard_v1,48.5,-4.5,,,0.0,0.0,0
0db4646c964ecdff19957373fe707546,2026-12-08,Football_LineMovement_v1,48.5,-4.5,,,0.0,0.0,0
0db4646c964ecdff19957373fe707546,2026-12-08,Football_MarketBlend_v1,48.5,-4.5,,,0.0,0.0,0
0db4646c964ecdff19957373fe707546,2026-12-08,Football_MarketConsensus_v1,48.5,-4.5,,,0.0,0.0,0
0db4646c964ecdff19957373fe707546,2026-12-08,Football_SpreadValue_v1,48.5,-4.5,,,0.0,0.0,0
0db4646c964ecdff19957373fe707546,2026-12-08,Football_TotalValue_v1,48.5,-4.5,,,0.0,0.0,0
0e6f68b30237afc04d1517a193213a65,2025-09-14,Football_KeyNumberGuard_v1,41.5,5.5,,,0.0,0.0,0
0e6f68b30237afc04d1517a193213a65,2025-09-14,Football_LineMovement_v1,41.5,5.5,,,0.0,0.0,0
0e6f68b30237afc04d1517a193213a65,2025-09-14,Football_MarketBlend_v1,42.0,5.25,HOME,OVER,0.25,0.5,0.75
0e6f68b30237afc04d1517a193213a65,2025-09-14,Football_MarketConsensus_v1,41.5,5.5,,,0.0,0.0,0
0e6f68b30237afc04d1517a193213a65,2025-09-14,Football_SpreadValue_v1,41.5,4.75,HOME,,0.75,0.0,0.75
0e6f68b30237afc04d1517a193213a65,2025-09-14,Football_TotalValue_v1,42.5,5.5,,OVER,0.0,1.0,1.0
0ee3f5a0078c21cfdffd1b97002e7da5,2025-09-21,Football_KeyNumberGuard_v1,45.5,-2.5,,,0.0,0.0,0
0ee3f5a0078c21cfdffd1b97002e7da5,2025-09-21,Football_LineMovement_v1,45.5,-2.5,,,0.0,0.0,0
0ee3f5a0078c21cfdffd1b97002e7da5,2025-09-21,Football_MarketBlend_v1,45.0,-2.25,,UNDER,-0.25,-0.5,0.75
0ee3f5a0078c21cfdffd1b97002e7da5,2025-09-21,Football_MarketConsensus_v1,45.5,-2.5,,,0.0,0.0,0
0ee3f5a0078c21cfdffd1b97002e7da5,2025-09-21,Football_SpreadValue_v1,45.5,-1.75,AWAY,,-0.75,0.0,0.75
0ee3f5a0078c21cfdffd1b97002e7da5,2025-09-21,Football_TotalValue_v1,44.5,-2.5,,UNDER,0.0,-1.0,1.0
0f0601c020a478f5d9f81f06a141c2c8,2025-12-14,Football_KeyNumberGuard_v1,40.5,-14.0,,,0.0,0.0,0
0f0601c020a478f5d9f81f06a141c2c8,2025-12-14,Football_LineMovement_v1,40.5,-14.0,,,0.0,0.0,0
0f0601c020a478f5d9f81f06a141c2c8,2025-12-14,Football_MarketBlend_v1,41.0,-13.75,AWAY,OVER,-0.25,0.5,0.75
0f0601c020a478f5d9f81f06a141c2c8,2025-12-14,Football_MarketConsensus_v1,40.5,-14.0,,,0.0,0.0,0
0f0601c020a478f5d9f81f06a141c2c8,2025-12-14,Football_SpreadValue_v1,40.5,-13.25,AWAY,,-0.75,0.0,0.75
0f0601c020a478f5d9f81f06a141c2c8,2025-12-14,Football_TotalValue_v1,41.5,-14.0,,OVER,0.0,1.0,1.0
0f23afce92c2f0af28973c0a7533763e,2026-12-27,Football_KeyNumberGuard_v1,43.5,-10.0,,,0.0,0.0,0
0f23afce92c2f0af28973c0a7533763e,2026-12-27,Football_LineMovement_v1,43.5,-10.0,,,0.0,0.0,0
0f23afce92c2f0af28973c0a7533763e,2026-12-27,Football_MarketBlend_v1,44.0,-9.75,,OVER,-0.25,0.5,0.75
0f23afce92c2f0af28973c0a7533763e,2026-12-27,Football_MarketConsensus_v1,43.5,-10.0,,,0.0,0.0,0
0f23afce92c2f0af28973c0a7533763e,2026-12-27,Football_SpreadValue_v1,43.5,-9.25,AWAY,,-0.75,0.0,0.75
0f23afce92c2f0af28973c0a7533763e,2026-12-27,Football_TotalValue_v1,44.5,-10.0,,OVER,0.0,1.0,1.0
0ff4e68cf39cc57ca7cf1276e4a44d2f,2025-11-23,Football_KeyNumberGuard_v1,41.5,12.5,,,0.0,0.0,0
0ff4e68cf39cc57ca7cf1276e4a44d2f,2025-11-23,Football_LineMovement_v1,41.5,12.5,,,0.0,0.0,0
0ff4e68cf39cc57ca7cf1276e4a44d2f,2025-11-23,Football_MarketBlend_v1,42.0,12.25,HOME,OVER,0.25,0.5,0.75
0ff4e68cf39cc57ca7cf1276e4a44d2f,2025-11-23,Football_MarketConsensus_v1,41.5,12.5,,,0.0,0.0,0
0ff4e68cf39cc57ca7cf1276e4a44d2f,2025-11-23,Football_SpreadValue_v1,41.5,11.75,HOME,,0.75,0.0,0.75
0ff4e68cf39cc57ca7cf1276e4a44d2f,2025-11-23,Football_TotalValue_v1,42.5,12.5,,OVER,0.0,1.0,1.0
1036171316ac51350b388c99e000cfc1,2025-10-19,Football_KeyNumberGuard_v1,44.5,7.0,,,0.0,0.0,0
1036171316ac51350b388c99e000cfc1,2025-10-19,Football_LineMovement_v1,44.5,7.0,,,0.0,0.0,0
1036171316ac51350b388c99e000cfc1,2025-10-19,Football_MarketBlend_v1,45.0,6.75,,OVER,0.25,0.5,0.75
1036171316ac51350b388c99e000cfc1,2025-10-19,Football_MarketConsensus_v1,44.5,7.0,,,0.0,0.0,0
1036171316ac51350b388c99e000cfc1,2025-10-19,Football_SpreadValue_v1,44.5,6.25,HOME,,0.75,0.0,0.75
1036171316ac51350b388c99e000cfc1,2025-10-19,Football_TotalValue_v1,45.5,7.0,,OVER,0.0,1.0,1.0
1057d50949844ddf483da9c8c20354be,2026-11-15,Football_KeyNumberGuard_v1,46.0,6.75,,,0.0,0.0,0
1057d50949844ddf483da9c8c20354be,2026-11-15,Football_LineMovement_v1,46.0,6.75,,,0.0,0.0,0
1057d50949844ddf483da9c8c20354be,2026-11-15,Football_MarketBlend_v1,46.0,6.75,,,0.0,0.0,0
1057d50949844ddf483da9c8c20354be,2026-11-15,Football_MarketConsensus_v1,46.0,6.75,,,0.0,0.0,0
1057d50949844ddf483da9c8c20354be,2026-11-15,Football_SpreadValue_v1,46.0,6.75,,,0.0,0.0,0
1057d50949844ddf483da9c8c20354be,2026-11-15,Football_TotalValue_v1,46.0,6.75,,,0.0,0.0,0
12089441cea51add4694cdde98b4a5b7,2027-01-03,Football_KeyNumberGuard_v1,49.0,-1.5,,,0.0,0.0,0
12089441cea51add4694cdde98b4a5b7,2027-01-03,Football_LineMovement_v1,49.0,-1.5,,,0.0,0.0,0
12089441cea51add4694cdde98b4a5b7,2027-01-03,Football_MarketBlend_v1,49.0,-1.5,,,0.0,0.0,0
12089441cea51add4694cdde98b4a5b7,2027-01-03,Football_MarketConsensus_v1,49.0,-1.5,,,0.0,0.0,0
12089441cea51add4694cdde98b4a5b7,2027-01-03,Football_SpreadValue_v1,49.0,-1.5,,,0.0,0.0,0
12089441cea51add4694cdde98b4a5b7,2027-01-03,Football_TotalValue_v1,49.0,-1.5,,,0.0,0.0,0
126f27c71e8130ef87de0d137e833d9b,2026-12-25,Football_KeyNumberGuard_v1,46.5,1.5,,,0.0,0.0,0
126f27c71e8130ef87de0d137e833d9b,2026-12-25,Football_LineMovement_v1,46.5,1.5,,,0.0,0.0,0
126f27c71e8130ef87de0d137e833d9b,2026-12-25,Football_MarketBlend_v1,46.0,1.25,HOME,UNDER,0.25,-0.5,0.75
126f27c71e8130ef87de0d137e833d9b,2026-12-25,Football_MarketConsensus_v1,46.5,1.5,,,0.0,0.0,0
126f27c71e8130ef87de0d137e833d9b,2026-12-25,Football_SpreadValue_v1,46.5,0.75,HOME,,0.75,0.0,0.75
126f27c71e8130ef87de0d137e833d9b,2026-12-25,Football_TotalValue_v1,45.5,1.5,,UNDER,0.0,-1.0,1.0
12bbffdcd65d53436b56c68a811ca610,2025-12-07,Football_KeyNumberGuard_v1,48.5,9.5,,,0.0,0.0,0
12bbffdcd65d53436b56c68a811ca610,2025-12-07,Football_LineMovement_v1,48.5,9.5,,,0.0,0.0,0
12bbffdcd65d53436b56c68a811ca610,2025-12-07,Football_MarketBlend_v1,48.0,9.25,,UNDER,0.25,-0.5,0.75
12bbffdcd65d53436b56c68a811ca610,2025-12-07,Football_MarketConsensus_v1,48.5,9.5,,,0.0,0.0,0
12bbffdcd65d53436b56c68a811ca610,2025-12-07,Football_SpreadValue_v1,48.5,8.75,HOME,,0.75,0.0,0.75
12bbffdcd65d53436b56c68a811ca610,2025-12-07,Football_TotalValue_v1,47.5,9.5,,UNDER,0.0,-1.0,1.0
13bdffda97e8fb13179fe3f2f69d66f8,2025-11-07,Football_KeyNumberGuard_v1,43.0,-9.0,,,0.0,0.0,0
13bdffda97e8fb13179fe3f2f69d66f8,2025-11-07,Football_LineMovement_v1,43.0,-9.0,,,0.0,0.0,0
13bdffda97e8fb13179fe3f2f69d66f8,2025-11-07,Football_MarketBlend_v1,43.5,-8.75,AWAY,OVER,-0.25,0.5,0.75
13bdffda97e8fb13179fe3f2f69d66f8,2025-11-07,Football_MarketConsensus_v1,43.0,-9.0,,,0.0,0.0,0
13bdffda97e8fb13179fe3f2f69d66f8,2025-11-07,Football_SpreadValue_v1,43.0,-8.25,AWAY,,-0.75,0.0,0.75
13bdffda97e8fb13179fe3f2f69d66f8,2025-11-07,Football_TotalValue_v1,44.0,-9.0,,OVER,0.0,1.0,1.0
15555b4c7283dc6553e011dd6c8aea8d,2025-12-07,Football_KeyNumberGuard_v1,41.5,-8.0,,,0.0,0.0,0
15555b4c7283dc6553e011dd6c8aea8d,2025-12-07,Football_LineMovement_v1,41.5,-8.0,,,0.0,0.0,0
15555b4c7283dc6553e011dd6c8aea8d,2025-12-07,Football_MarketBlend_v1,42.0,-7.75,AWAY,OVER,-0.25,0.5,0.75
15555b4c7283dc6553e011dd6c8aea8d,2025-12-07,Football_MarketConsensus_v1,41.5,-8.0,,,0.0,0.0,0
15555b4c7283dc6553e011dd6c8aea8d,2025-12-07,Football_SpreadValue_v1,41.5,-7.25,AWAY,,-0.75,0.0,0.75
15555b4c7283dc6553e011dd6c8aea8d,2025-12-07,Football_TotalValue_v1,42.5,-8.0,,OVER,0.0,1.0,1.0
159dbf0253dd2038eda2212f84387f0c,2026-11-01,Football_KeyNumberGuard_v1,49.5,-4.5,,,0.0,0.0,0
159dbf0253dd2038eda2212f84387f0c,2026-11-01,Football_LineMovement_v1,49.5,-4.5,,,0.0,0.0,0
159dbf0253dd2038eda2212f84387f0c,2026-11-01,Football_MarketBlend_v1,49.0,-4.25,AWAY,UNDER,-0.25,-0.5,0.75
159dbf0253dd2038eda2212f84387f0c,2026-11-01,Football_MarketConsensus_v1,49.5,-4.5,,,0.0,0.0,0
159dbf0253dd2038eda2212f84387f0c,2026-11-01,Football_SpreadValue_v1,49.5,-3.75,AWAY,,-0.75,0.0,0.75
159dbf0253dd2038eda2212f84387f0c,2026-11-01,Football_TotalValue_v1,48.5,-4.5,,UNDER,0.0,-1.0,1.0
164e6eb68f31bac190381903c3cccd31,2026-10-04,Football_KeyNumberGuard_v1,45.0,-8.75,,,0.0,0.0,0
164e6eb68f31bac190381903c3cccd31,2026-10-04,Football_LineMovement_v1,45.0,-8.75,,,0.0,0.0,0
164e6eb68f31bac190381903c3cccd31,2026-10-04,Football_MarketBlend_v1,45.0,-8.75,,,0.0,0.0,0
164e6eb68f31bac190381903c3cccd31,2026-10-04,Football_MarketConsensus_v1,45.0,-8.75,,,0.0,0.0,0
164e6eb68f31bac190381903c3cccd31,2026-10-04,Football_SpreadValue_v1,45.0,-8.75,,,0.0,0.0,0
164e6eb68f31bac190381903c3cccd31,2026-10-04,Football_TotalValue_v1,45.0,-8.75,,,0.0,0.0,0
171aba127aaad3dcbe32a02fc194eb32,2026-12-19,Football_KeyNumberGuard_v1,43.5,-1.5,,,0.0,0.0,0
171aba127aaad3dcbe32a02fc194eb32,2026-12-19,Football_LineMovement_v1,43.5,-1.5,,,0.0,0.0,0
171aba127aaad3dcbe32a02fc194eb32,2026-12-19,Football_MarketBlend_v1,44.0,-1.25,AWAY,OVER,-0.25,0.5,0.75
171aba127aaad3dcbe32a02fc194eb32,2026-12-19,Football_MarketConsensus_v1,43.5,-1.5,,,0.0,0.0,0
171aba127aaad3dcbe32a02fc194eb32,2026-12-19,Football_SpreadValue_v1,43.5,-0.75,AWAY,,-0.75,0.0,0.75
171aba127aaad3dcbe32a02fc194eb32,2026-12-19,Football_TotalValue_v1,44.5,-1.5,,OVER,0.0,1.0,1.0
176d474ed8b2bbf1eb4d7e9c56b4bf22,2026-10-26,Football_KeyNumberGuard_v1,45.5,-3.0,,,0.0,0.0,0
176d474ed8b2bbf1eb4d7e9c56b4bf22,2026-10-26,Football_LineMovement_v1,45.5,-3.0,,,0.0,0.0,0
176d474ed8b2bbf1eb4d7e9c56b4bf22,2026-10-26,Football_MarketBlend_v1,45.0,-2.75,,UNDER,-0.25,-0.5,0.75
176d474ed8b2bbf1eb4d7e9c56b4bf22,2026-10-26,Football_MarketConsensus_v1,45.5,-3.0,,,0.0,0.0,0
176d474ed8b2bbf1eb4d7e9c56b4bf22,2026-10-26,Football_SpreadValue_v1,45.5,-2.25,AWAY,,-0.75,0.0,0.75
176d474ed8b2bbf1eb4d7e9c56b4bf22,2026-10-26,Football_TotalValue_v1,44.5,-3.0,,UNDER,0.0,-1.0,1.0
17885cb8dcade8f6c3bce14b2de805e8,2026-09-13,Football_KeyNumberGuard_v1,44.0,-5.5,,,0.0,0.0,0
17885cb8dcade8f6c3bce14b2de805e8,2026-09-13,Football_LineMovement_v1,44.0,-5.5,,,0.0,0.0,0
17885cb8dcade8f6c3bce14b2de805e8,2026-09-13,Football_MarketBlend_v1,44.5,-5.25,AWAY,OVER,-0.25,0.5,0.75
17885cb8dcade8f6c3bce14b2de805e8,2026-09-13,Football_MarketConsensus_v1,44.0,-5.5,,,0.0,0.0,0
17885cb8dcade8f6c3bce14b2de805e8,2026-09-13,Football_SpreadValue_v1,44.0,-4.75,AWAY,,-0.75,0.0,0.75
17885cb8dcade8f6c3bce14b2de805e8,2026-09-13,Football_TotalValue_v1,45.0,-5.5,,OVER,0.0,1.0,1.0
17a730b7d399feeab6a78c30767c29d2,2026-09-27,Football_KeyNumberGuard_v1,45.5,1.5,,,0.0,0.0,0
17a730b7d399feeab6a78c30767c29d2,2026-09-27,Football_LineMovement_v1,45.5,1.5,,,0.0,0.0,0
17a730b7d399feeab6a78c30767c29d2,2026-09-27,Football_MarketBlend_v1,45.0,1.25,HOME,UNDER,0.25,-0.5,0.75
17a730b7d399feeab6a78c30767c29d2,2026-09-27,Football_MarketConsensus_v1,45.5,1.5,,,0.0,0.0,0
17a730b7d399feeab6a78c30767c29d2,2026-09-27,Football_SpreadValue_v1,45.5,0.75,HOME,,0.75,0.0,0.75
17a730b7d399feeab6a78c30767c29d2,2026-09-27,Football_TotalValue_v1,44.5,1.5,,UNDER,0.0,-1.0,1.0
17ad7eff2f7875e20a8109abe40470e3,2026-11-10,Football_KeyNumberGuard_v1,49.0,3.25,,,0.0,0.0,0
17ad7eff2f7875e20a8109abe40470e3,2026-11-10,Football_LineMovement_v1,49.0,3.25,,,0.0,0.0,0
17ad7eff2f7875e20a8109abe40470e3,2026-11-10,Football_MarketBlend_v1,49.0,3.25,,,0.0,0.0,0
17ad7eff2f7875e20a8109abe40470e3,2026-11-10,Football_MarketConsensus_v1,49.0,3.25,,,0.0,0.0,0
17ad7eff2f7875e20a8109abe40470e3,2026-11-10,Football_SpreadValue_v1,49.0,3.25,,,0.0,0.0,0
17ad7eff2f7875e20a8109abe40470e3,2026-11-10,Football_TotalValue_v1,49.0,3.25,,,0.0,0.0,0
180b5fa7ea6bd0d2d9ddb9ba5ee38cc0,2026-12-13,Football_KeyNumberGuard_v1,48.5,-1.5,,,0.0,0.0,0
180b5fa7ea6bd0d2d9ddb9ba5ee38cc0,2026-12-13,Football_LineMovement_v1,48.5,-1.5,,,0.0,0.0,0
180b5fa7ea6bd0d2d9ddb9ba5ee38cc0,2026-12-13,Football_MarketBlend_v1,48.0,-1.25,AWAY,UNDER,-0.25,-0.5,0.75
180b5fa7ea6bd0d2d9ddb9ba5ee38cc0,2026-12-13,Football_MarketConsensus_v1,48.5,-1.5,,,0.0,0.0,0
180b5fa7ea6bd0d2d9ddb9ba5ee38cc0,2026-12-13,Football_SpreadValue_v1,48.5,-0.75,AWAY,,-0.75,0.0,0.75
180b5fa7ea6bd0d2d9ddb9ba5ee38cc0,2026-12-13,Football_TotalValue_v1,47.5,-1.5,,UNDER,0.0,-1.0,1.0
186868cc79ce1f5d22075b67ebbc7b64,2025-09-21,Football_KeyNumberGuard_v1,50.0,1.0,,,0.0,0.0,0
186868cc79ce1f5d22075b67ebbc7b64,2025-09-21,Football_LineMovement_v1,50.0,1.0,,,0.0,0.0,0
186868cc79ce1f5d22075b67ebbc7b64,2025-09-21,Football_MarketBlend_v1,49.5,0.75,HOME,UNDER,0.25,-0.5,0.75
186868cc79ce1f5d22075b67ebbc7b64,2025-09-21,Football_MarketConsensus_v1,50.0,1.0,,,0.0,0.0,0
186868cc79ce1f5d22075b67ebbc7b64,2025-09-21,Football_SpreadValue_v1,50.0,0.25,HOME,,0.75,0.0,0.75
186868cc79ce1f5d22075b67ebbc7b64,2025-09-21,Football_TotalValue_v1,49.0,1.0,,UNDER,0.0,-1.0,1.0
18fe4528a0bc43d9cd64bd09c0d5019f,2025-12-20,Football_KeyNumberGuard_v1,44.5,7.0,,,0.0,0.0,0
18fe4528a0bc43d9cd64bd09c0d5019f,2025-12-20,Football_LineMovement_v1,44.5,7.0,,,0.0,0.0,0
18fe4528a0bc43d9cd64bd09c0d5019f,2025-12-20,Football_MarketBlend_v1,45.0,6.75,,OVER,0.25,0.5,0.75
18fe4528a0bc43d9cd64bd09c0d5019f,2025-12-20,Football_MarketConsensus_v1,44.5,7.0,,,0.0,0.0,0
18fe4528a0bc43d9cd64bd09c0d5019f,2025-12-20,Football_SpreadValue_v1,44.5,6.25,HOME,,0.75,0.0,0.75
18fe4528a0bc43d9cd64bd09c0d5019f,2025-12-20,Football_TotalValue_v1,45.5,7.0,,OVER,0.0,1.0,1.0
1910db6879dddf37e4f86f0bcf1c9547,2025-10-07,Football_KeyNumberGuard_v1,45.5,3.5,,,0.0,0.0,0
1910db6879dddf37e4f86f0bcf1c9547,2025-10-07,Football_LineMovement_v1,45.5,3.5,,,0.0,0.0,0
1910db6879dddf37e4f86f0bcf1c9547,2025-10-07,Football_MarketBlend_v1,45.0,3.25,,UNDER,0.25,-0.5,0.75
1910db6879dddf37e4f86f0bcf1c9547,2025-10-07,Football_MarketConsensus_v1,45.5,3.5,,,0.0,0.0,0
1910db6879dddf37e4f86f0bcf1c9547,2025-10-07,Football_SpreadValue_v1,45.5,2.75,HOME,,0.75,0.0,0.75
1910db6879dddf37e4f86f0bcf1c9547,2025-10-07,Football_TotalValue_v1,44.5,3.5,,UNDER,0.0,-1.0,1.0
1940706a79cbcbafacdcbf231069716b,2026-11-22,Football_KeyNumberGuard_v1,41.0,-8.0,,,0.0,0.0,0
1940706a79cbcbafacdcbf231069716b,2026-11-22,Football_LineMovement_v1,41.0,-8.0,,,0.0,0.0,0
1940706a79cbcbafacdcbf231069716b,2026-11-22,Football_MarketBlend_v1,41.0,-8.0,,,0.0,0.0,0
1940706a79cbcbafacdcbf231069716b,2026-11-22,Football_MarketConsensus_v1,41.0,-8.0,,,0.0,0.0,0
1940706a79cbcbafacdcbf231069716b,2026-11-22,Football_SpreadValue_v1,41.0,-8.0,,,0.0,0.0,0
1940706a79cbcbafacdcbf231069716b,2026-11-22,Football_TotalValue_v1,41.0,-8.0,,,0.0,0.0,0
1a5451b8f0d74f90937c52bec447dc40,2026-01-04,Football_KeyNumberGuard_v1,50.5,-4.0,,,0.0,0.0,0
1a5451b8f0d74f90937c52bec447dc40,2026-01-04,Football_LineMovement_v1,50.5,-4.0,,,0.0,0.0,0
1a5451b8f0d74f90937c52bec447dc40,2026-01-04,Football_MarketBlend_v1,50.0,-3.75,AWAY,UNDER,-0.25,-0.5,0.75
1a5451b8f0d74f90937c52bec447dc40,2026-01-04,Football_MarketConsensus_v1,50.5,-4.0,,,0.0,0.0,0
1a5451b8f0d74f90937c52bec447dc40,2026-01-04,Football_SpreadValue_v1,50.5,-3.25,AWAY,,-0.75,0.0,0.75
1a5451b8f0d74f90937c52bec447dc40,2026-01-04,Football_TotalValue_v1,49.5,-4.0,,UNDER,0.0,-1.0,1.0
1a8f3d70399a5cad83c95196795ed77b,2025-11-23,Football_KeyNumberGuard_v1,50.5,7.5,,,0.0,0.0,0
1a8f3d70399a5cad83c95196795ed77b,2025-11-23,Football_LineMovement_v1,50.5,7.5,,,0.0,0.0,0
1a8f3d70399a5cad83c95196795ed77b,2025-11-23,Football_MarketBlend_v1,50.0,7.25,,UNDER,0.25,-0.5,0.75
1a8f3d70399a5cad83c95196795ed77b,2025-11-23,Football_MarketConsensus_v1,50.5,7.5,,,0.0,0.0,0
1a8f3d70399a5cad83c95196795ed77b,2025-11-23,Football_SpreadValue_v1,50.5,6.75,HOME,,0.75,0.0,0.75
1a8f3d70399a5cad83c95196795ed77b,2025-11-23,Football_TotalValue_v1,49.5,7.5,,UNDER,0.0,-1.0,1.0
1aa1fb046f11dadb32dad77d5baf552e,2025-12-14,Football_KeyNumberGuard_v1,51.5,3.0,,,0.0,0.0,0
1aa1fb046f11dadb32dad77d5baf552e,2025-12-14,Football_LineMovement_v1,51.5,3.0,,,0.0,0.0,0
1aa1fb046f11dadb32dad77d5baf552e,2025-12-14,Football_MarketBlend_v1,51.0,2.75,,UNDER,0.25,-0.5,0.75
1aa1fb046f11dadb32dad77d5baf552e,2025-12-14,Football_MarketConsensus_v1,51.5,3.0,,,0.0,0.0,0
1aa1fb046f11dadb32dad77d5baf552e,2025-12-14,Football_SpreadValue_v1,51.5,2.25,HOME,,0.75,0.0,0.75
1aa1fb046f11dadb32dad77d5baf552e,2025-12-14,Football_TotalValue_v1,50.5,3.0,,UNDER,0.0,-1.0,1.0
1b4f2e60ce83fa1d63a5dff83769d27c,2026-10-04,Football_KeyNumberGuard_v1,47.0,2.25,,,0.0,0.0,0
1b4f2e60ce83fa1d63a5dff83769d27c,2026-10-04,Football_LineMovement_v1,47.0,2.25,,,0.0,0.0,0
1b4f2e60ce83fa1d63a5dff83769d27c,2026-10-04,Football_MarketBlend_v1,47.0,2.25,,,0.0,0.0,0
1b4f2e60ce83fa1d63a5dff83769d27c,2026-10-04,Football_MarketConsensus_v1,47.0,2.25,,,0.0,0.0,0
1b4f2e60ce83fa1d63a5dff83769d27c,2026-10-04,Football_SpreadValue_v1,47.0,2.25,,,0.0,0.0,0
1b4f2e60ce83fa1d63a5dff83769d27c,2026-10-04,Football_TotalValue_v1,47.0,2.25,,,0.0,0.0,0
1cb23c83ae4af84cffcdae6b31d06e83,2026-12-20,Football_KeyNumberGuard_v1,40.0,-4.5,,,0.0,0.0,0
1cb23c83ae4af84cffcdae6b31d06e83,2026-12-20,Football_LineMovement_v1,40.0,-4.5,,,0.0,0.0,0
1cb23c83ae4af84cffcdae6b31d06e83,2026-12-20,Football_MarketBlend_v1,40.0,-4.5,,,0.0,0.0,0
1cb23c83ae4af84cffcdae6b31d06e83,2026-12-20,Football_MarketConsensus_v1,40.0,-4.5,,,0.0,0.0,0
1cb23c83ae4af84cffcdae6b31d06e83,2026-12-20,Football_SpreadValue_v1,40.0,-4.5,,,0.0,0.0,0
1cb23c83ae4af84cffcdae6b31d06e83,2026-12-20,Football_TotalValue_v1,40.0,-4.5,,,0.0,0.0,0
1ccb61b811b7aae4270df22a67e6459f,2026-12-06,Football_KeyNumberGuard_v1,45.5,4.5,,,0.0,0.0,0
1ccb61b811b7aae4270df22a67e6459f,2026-12-06,Football_LineMovement_v1,45.5,4.5,,,0.0,0.0,0
1ccb61b811b7aae4270df22a67e6459f,2026-12-06,Football_MarketBlend_v1,45.0,4.25,HOME,UNDER,0.25,-0.5,0.75
1ccb61b811b7aae4270df22a67e6459f,2026-12-06,Football_MarketConsensus_v1,45.5,4.5,,,0.0,0.0,0
1ccb61b811b7aae4270df22a67e6459f,2026-12-06,Football_SpreadValue_v1,45.5,3.75,HOME,,0.75,0.0,0.75
1ccb61b811b7aae4270df22a67e6459f,2026-12-06,Football_TotalValue_v1,44.5,4.5,,UNDER,0.0,-1.0,1.0
1cf74afd313e9fd300e1462012b174cb,2026-10-18,Football_KeyNumberGuard_v1,44.5,-2.5,,,0.0,0.0,0
1cf74afd313e9fd300e1462012b174cb,2026-10-18,Football_LineMovement_v1,44.5,-2.5,,,0.0,0.0,0
1cf74afd313e9fd300e1462012b174cb,2026-10-18,Football_MarketBlend_v1,45.0,-2.25,,OVER,-0.25,0.5,0.75
1cf74afd313e9fd300e1462012b174cb,2026-10-18,Football_MarketConsensus_v1,44.5,-2.5,,,0.0,0.0,0
1cf74afd313e9fd300e1462012b174cb,2026-10-18,Football_SpreadValue_v1,44.5,-1.75,AWAY,,-0.75,0.0,0.75
1cf74afd313e9fd300e1462012b174cb,2026-10-18,Football_TotalValue_v1,45.5,-2.5,,OVER,0.0,1.0,1.0
1e09eb3fe1385796c1a32000de48ac64,2025-09-07,Football_KeyNumberGuard_v1,47.5,0.0,,,0.0,0.0,0
1e09eb3fe1385796c1a32000de48ac64,2025-09-07,Football_LineMovement_v1,47.5,0.0,,,0.0,0.0,0
1e09eb3fe1385796c1a32000de48ac64,2025-09-07,Football_MarketBlend_v1,47.0,0.25,AWAY,UNDER,-0.25,-0.5,0.75
1e09eb3fe1385796c1a32000de48ac64,2025-09-07,Football_MarketConsensus_v1,47.5,0.0,,,0.0,0.0,0
1e09eb3fe1385796c1a32000de48ac64,2025-09-07,Football_SpreadValue_v1,47.5,0.75,AWAY,,-0.75,0.0,0.75
1e09eb3fe1385796c1a32000de48ac64,2025-09-07,Football_TotalValue_v1,46.5,0.0,,UNDER,0.0,-1.0,1.0
1e3d3526039030b96471845ade5992cf,2025-10-05,Football_KeyNumberGuard_v1,47.5,-7.0,,,0.0,0.0,0
1e3d3526039030b96471845ade5992cf,2025-10-05,Football_LineMovement_v1,47.5,-7.0,,,0.0,0.0,0
1e3d3526039030b96471845ade5992cf,2025-10-05,Football_MarketBlend_v1,47.0,-6.75,,UNDER,-0.25,-0.5,0.75
1e3d3526039030b96471845ade5992cf,2025-10-05,Football_MarketConsensus_v1,47.5,-7.0,,,0.0,0.0,0
1e3d3526039030b96471845ade5992cf,2025-10-05,Football_SpreadValue_v1,47.5,-6.25,AWAY,,-0.75,0.0,0.75
1e3d3526039030b96471845ade5992cf,2025-10-05,Football_TotalValue_v1,46.5,-7.0,,UNDER,0.0,-1.0,1.0
1e7cc7c3ef7d9f4e473cb43f39652897,2026-01-18,Football_KeyNumberGuard_v1,40.5,-3.0,,,0.0,0.0,0
1e7cc7c3ef7d9f4e473cb43f39652897,2026-01-18,Football_LineMovement_v1,40.5,-3.0,,,0.0,0.0,0
1e7cc7c3ef7d9f4e473cb43f39652897,2026-01-18,Football_MarketBlend_v1,41.0,-2.75,,OVER,-0.25,0.5,0.75
1e7cc7c3ef7d9f4e473cb43f39652897,2026-01-18,Football_MarketConsensus_v1,40.5,-3.0,,,0.0,0.0,0
1e7cc7c3ef7d9f4e473cb43f39652897,2026-01-18,Football_SpreadValue_v1,40.5,-2.25,AWAY,,-0.75,0.0,0.75
1e7cc7c3ef7d9f4e473cb43f39652897,2026-01-18,Football_TotalValue_v1,41.5,-3.0,,OVER,0.0,1.0,1.0
1edfa5ceaa1ad2cb57df1c1b908731f6,2026-09-13,Football_KeyNumberGuard_v1,47.5,-9.5,,,0.0,0.0,0
1edfa5ceaa1ad2cb57df1c1b908731f6,2026-09-13,Football_LineMovement_v1,47.5,-9.5,,,0.0,0.0,0
1edfa5ceaa1ad2cb57df1c1b908731f6,2026-09-13,Football_MarketBlend_v1,47.0,-9.25,,UNDER,-0.25,-0.5,0.75
1edfa5ceaa1ad2cb57df1c1b908731f6,2026-09-13,Football_MarketConsensus_v1,47.5,-9.5,,,0.0,0.0,0
1edfa5ceaa1ad2cb57df1c1b908731f6,2026-09-13,Football_SpreadValue_v1,47.5,-8.75,AWAY,,-0.75,0.0,0.75
1edfa5ceaa1ad2cb57df1c1b908731f6,2026-09-13,Football_TotalValue_v1,46.5,-9.5,,UNDER,0.0,-1.0,1.0
1ee9ea2c8256bc6be5dd92e60f6c17de,2025-09-14,Football_KeyNumberGuard_v1,46.0,-6.5,,,0.0,0.0,0
1ee9ea2c8256bc6be5dd92e60f6c17de,2025-09-14,Football_LineMovement_v1,46.0,-6.5,,,0.0,0.0,0
1ee9ea2c8256bc6be5dd92e60f6c17de,2025-09-14,Football_MarketBlend_v1,45.5,-6.25,,UNDER,-0.25,-0.5,0.75
1ee9ea2c8256bc6be5dd92e60f6c17de,2025-09-14,Football_MarketConsensus_v1,46.0,-6.5,,,0.0,0.0,0
1ee9ea2c8256bc6be5dd92e60f6c17de,2025-09-14,Football_SpreadValue_v1,46.0,-5.75,AWAY,,-0.75,0.0,0.75
1ee9ea2c8256bc6be5dd92e60f6c17de,2025-09-14,Football_TotalValue_v1,45.0,-6.5,,UNDER,0.0,-1.0,1.0
1f3cfd315a24d1a7dd5859a8e6b88e18,2026-09-27,Football_KeyNumberGuard_v1,45.5,-1.5,,,0.0,0.0,0
1f3cfd315a24d1a7dd5859a8e6b88e18,2026-09-27,Football_LineMovement_v1,45.5,-1.5,,,0.0,0.0,0
1f3cfd315a24d1a7dd5859a8e6b88e18,2026-09-27,Football_MarketBlend_v1,45.0,-1.25,AWAY,UNDER,-0.25,-0.5,0.75
1f3cfd315a24d1a7dd5859a8e6b88e18,2026-09-27,Football_MarketConsensus_v1,45.5,-1.5,,,0.0,0.0,0
1f3cfd315a24d1a7dd5859a8e6b88e18,2026-09-27,Football_SpreadValue_v1,45.5,-0.75,AWAY,,-0.75,0.0,0.75
1f3cfd315a24d1a7dd5859a8e6b88e18,2026-09-27,Football_TotalValue_v1,44.5,-1.5,,UNDER,0.0,-1.0,1.0
1fd6628c781f556a7a19638e97d7107f,2026-09-20,Football_KeyNumberGuard_v1,44.5,-3.0,,,0.0,0.0,0
1fd6628c781f556a7a19638e97d7107f,2026-09-20,Football_LineMovement_v1,44.5,-3.0,,,0.0,0.0,0
1fd6628c781f556a7a19638e97d7107f,2026-09-20,Football_MarketBlend_v1,45.0,-2.75,,OVER,-0.25,0.5,0.75
1fd6628c781f556a7a19638e97d7107f,2026-09-20,Football_MarketConsensus_v1,44.5,-3.0,,,0.0,0.0,0
1fd6628c781f556a7a19638e97d7107f,2026-09-20,Football_SpreadValue_v1,44.5,-2.25,AWAY,,-0.75,0.0,0.75
1fd6628c781f556a7a19638e97d7107f,2026-09-20,Football_TotalValue_v1,45.5,-3.0,,OVER,0.0,1.0,1.0
1fe136913ef0e77717c0f0668163637f,2025-10-05,Football_KeyNumberGuard_v1,42.0,-2.0,,,0.0,0.0,0
1fe136913ef0e77717c0f0668163637f,2025-10-05,Football_LineMovement_v1,42.0,-2.0,,,0.0,0.0,0
1fe136913ef0e77717c0f0668163637f,2025-10-05,Football_MarketBlend_v1,42.5,-1.75,AWAY,OVER,-0.25,0.5,0.75
1fe136913ef0e77717c0f0668163637f,2025-10-05,Football_MarketConsensus_v1,42.0,-2.0,,,0.0,0.0,0
1fe136913ef0e77717c0f0668163637f,2025-10-05,Football_SpreadValue_v1,42.0,-1.25,AWAY,,-0.75,0.0,0.75
1fe136913ef0e77717c0f0668163637f,2025-10-05,Football_TotalValue_v1,43.0,-2.0,,OVER,0.0,1.0,1.0
20b50dac292089c063b21e1410f172ef,2025-09-21,Football_KeyNumberGuard_v1,44.5,-1.5,,,0.0,0.0,0
20b50dac292089c063b21e1410f172ef,2025-09-21,Football_LineMovement_v1,44.5,-1.5,,,0.0,0.0,0
20b50dac292089c063b21e1410f172ef,2025-09-21,Football_MarketBlend_v1,45.0,-1.25,AWAY,OVER,-0.25,0.5,0.75
20b50dac292089c063b21e1410f172ef,2025-09-21,Football_MarketConsensus_v1,44.5,-1.5,,,0.0,0.0,0
20b50dac292089c063b21e1410f172ef,2025-09-21,Football_SpreadValue_v1,44.5,-0.75,AWAY,,-0.75,0.0,0.75
20b50dac292089c063b21e1410f172ef,2025-09-21,Football_TotalValue_v1,45.5,-1.5,,OVER,0.0,1.0,1.0
20fefae8c296247460ba5773caa42218,2026-10-18,Football_KeyNumberGuard_v1,46.5,-2.5,,,0.0,0.0,0
20fefae8c296247460ba5773caa42218,2026-10-18,Football_LineMovement_v1,46.5,-2.5,,,0.0,0.0,0
20fefae8c296247460ba5773caa42218,2026-10-18,Football_MarketBlend_v1,46.0,-2.25,,UNDER,-0.25,-0.5,0.75
20fefae8c296247460ba5773caa42218,2026-10-18,Football_MarketConsensus_v1,46.5,-2.5,,,0.0,0.0,0
20fefae8c296247460ba5773caa42218,2026-10-18,Football_SpreadValue_v1,46.5,-1.75,AWAY,,-0.75,0.0,0.75
20fefae8c296247460ba5773caa42218,2026-10-18,Football_TotalValue_v1,45.5,-2.5,,UNDER,0.0,-1.0,1.0
2143ade9684fd876b68a4e8cbf451f05,2026-09-20,Football_KeyNumberGuard_v1,46.5,-7.5,,,0.0,0.0,0
2143ade9684fd876b68a4e8cbf451f05,2026-09-20,Football_LineMovement_v1,46.5,-7.5,,,0.0,0.0,0
2143ade9684fd876b68a4e8cbf451f05,2026-09-20,Football_MarketBlend_v1,46.0,-7.25,,UNDER,-0.25,-0.5,0.75
2143ade9684fd876b68a4e8cbf451f05,2026-09-20,Football_MarketConsensus_v1,46.5,-7.5,,,0.0,0.0,0
2143ade9684fd876b68a4e8cbf451f05,2026-09-20,Football_SpreadValue_v1,46.5,-6.75,AWAY,,-0.75,0.0,0.75
2143ade9684fd876b68a4e8cbf451f05,2026-09-20,Football_TotalValue_v1,45.5,-7.5,,UNDER,0.0,-1.0,1.0
21b26266f3d78af02eb672e606275d95,2026-10-11,Football_KeyNumberGuard_v1,44.5,1.5,,,0.0,0.0,0
21b26266f3d78af02eb672e606275d95,2026-10-11,Football_LineMovement_v1,44.5,1.5,,,0.0,0.0,0
21b26266f3d78af02eb672e606275d95,2026-10-11,Football_MarketBlend_v1,45.0,1.25,HOME,OVER,0.25,0.5,0.75
21b26266f3d78af02eb672e606275d95,2026-10-11,Football_MarketConsensus_v1,44.5,1.5,,,0.0,0.0,0
21b26266f3d78af02eb672e606275d95,2026-10-11,Football_SpreadValue_v1,44.5,0.75,HOME,,0.75,0.0,0.75
21b26266f3d78af02eb672e606275d95,2026-10-11,Football_TotalValue_v1,45.5,1.5,,OVER,0.0,1.0,1.0
21f47a328fb2ab65c01360a7a2bd9571,2025-11-09,Football_KeyNumberGuard_v1,38.5,-5.5,,,0.0,0.0,0
21f47a328fb2ab65c01360a7a2bd9571,2025-11-09,Football_LineMovement_v1,38.5,-5.5,,,0.0,0.0,0
21f47a328fb2ab65c01360a7a2bd9571,2025-11-09,Football_MarketBlend_v1,39.0,-5.25,AWAY,OVER,-0.25,0.5,0.75
21f47a328fb2ab65c01360a7a2bd9571,2025-11-09,Football_MarketConsensus_v1,38.5,-5.5,,,0.0,0.0,0
21f47a328fb2ab65c01360a7a2bd9571,2025-11-09,Football_SpreadValue_v1,38.5,-4.75,AWAY,,-0.75,0.0,0.75
21f47a328fb2ab65c01360a7a2bd9571,2025-11-09,Football_TotalValue_v1,39.5,-5.5,,OVER,0.0,1.0,1.0
229a5e9ce60dcb344a8cc3c97121154e,2025-11-16,Football_KeyNumberGuard_v1,48.0,-2.5,,,0.0,0.0,0
229a5e9ce60dcb344a8cc3c97121154e,2025-11-16,Football_LineMovement_v1,48.0,-2.5,,,0.0,0.0,0
229a5e9ce60dcb344a8cc3c97121154e,2025-11-16,Football_MarketBlend_v1,47.5,-2.25,,UNDER,-0.25,-0.5,0.75
229a5e9ce60dcb344a8cc3c97121154e,2025-11-16,Football_MarketConsensus_v1,48.0,-2.5,,,0.0,0.0,0
229a5e9ce60dcb344a8cc3c97121154e,2025-11-16,Football_SpreadValue_v1,48.0,-1.75,AWAY,,-0.75,0.0,0.75
229a5e9ce60dcb344a8cc3c97121154e,2025-11-16,Football_TotalValue_v1,47.0,-2.5,,UNDER,0.0,-1.0,1.0
2340a6e0794d5688996dcf8aaf634742,2025-11-02,Football_KeyNumberGuard_v1,51.5,3.0,,,0.0,0.0,0
2340a6e0794d5688996dcf8aaf634742,2025-11-02,Football_LineMovement_v1,51.5,3.0,,,0.0,0.0,0
2340a6e0794d5688996dcf8aaf634742,2025-11-02,Football_MarketBlend_v1,51.0,2.75,,UNDER,0.25,-0.5,0.75
2340a6e0794d5688996dcf8aaf634742,2025-11-02,Football_MarketConsensus_v1,51.5,3.0,,,0.0,0.0,0
2340a6e0794d5688996dcf8aaf634742,2025-11-02,Football_SpreadValue_v1,51.5,2.25,HOME,,0.75,0.0,0.75
2340a6e0794d5688996dcf8aaf634742,2025-11-02,Football_TotalValue_v1,50.5,3.0,,UNDER,0.0,-1.0,1.0
240e23b02b1e3fef655d04a286b5a623,2026-11-08,Football_KeyNumberGuard_v1,45.5,-13.5,,,0.0,0.0,0
240e23b02b1e3fef655d04a286b5a623,2026-11-08,Football_LineMovement_v1,45.5,-13.5,,,0.0,0.0,0
240e23b02b1e3fef655d04a286b5a623,2026-11-08,Football_MarketBlend_v1,45.0,-13.25,AWAY,UNDER,-0.25,-0.5,0.75
240e23b02b1e3fef655d04a286b5a623,2026-11-08,Football_MarketConsensus_v1,45.5,-13.5,,,0.0,0.0,0
240e23b02b1e3fef655d04a286b5a623,2026-11-08,Football_SpreadValue_v1,45.5,-12.75,AWAY,,-0.75,0.0,0.75
240e23b02b1e3fef655d04a286b5a623,2026-11-08,Football_TotalValue_v1,44.5,-13.5,,UNDER,0.0,-1.0,1.0
2557976e0e66ab698539b543de125469,2025-12-21,Football_KeyNumberGuard_v1,40.5,10.5,,,0.0,0.0,0
2557976e0e66ab698539b543de125469,2025-12-21,Football_LineMovement_v1,40.5,10.5,,,0.0,0.0,0
2557976e0e66ab698539b543de125469,2025-12-21,Football_MarketBlend_v1,41.0,10.25,,OVER,0.25,0.5,0.75
2557976e0e66ab698539b543de125469,2025-12-21,Football_MarketConsensus_v1,40.5,10.5,,,0.0,0.0,0
2557976e0e66ab698539b543de125469,2025-12-21,Football_SpreadValue_v1,40.5,9.75,HOME,,0.75,0.0,0.75
2557976e0e66ab698539b543de125469,2025-12-21,Football_TotalValue_v1,41.5,10.5,,OVER,0.0,1.0,1.0
259b5df9aa0d10257f56de78523495e0,2026-10-09,Football_KeyNumberGuard_v1,52.5,-3.5,,,0.0,0.0,0
259b5df9aa0d10257f56de78523495e0,2026-10-09,Football_LineMovement_v1,52.5,-3.5,,,0.0,0.0,0
259b5df9aa0d10257f56de78523495e0,2026-10-09,Football_MarketBlend_v1,52.0,-3.25,,UNDER,-0.25,-0.5,0.75
259b5df9aa0d10257f56de78523495e0,2026-10-09,Football_MarketConsensus_v1,52.5,-3.5,,,0.0,0.0,0
259b5df9aa0d10257f56de78523495e0,2026-10-09,Football_SpreadValue_v1,52.5,-2.75,AWAY,,-0.75,0.0,0.75
259b5df9aa0d10257f56de78523495e0,2026-10-09,Football_TotalValue_v1,51.5,-3.5,,UNDER,0.0,-1.0,1.0
265f0188945bb81ec64751571eb724cb,2025-11-16,Football_KeyNumberGuard_v1,35.5,-1.5,,,0.0,0.0,0
265f0188945bb81ec64751571eb724cb,2025-11-16,Football_LineMovement_v1,35.5,-1.5,,,0.0,0.0,0
265f0188945bb81ec64751571eb724cb,2025-11-16,Football_MarketBlend_v1,36.0,-1.25,AWAY,OVER,-0.25,0.5,0.75
265f0188945bb81ec64751571eb724cb,2025-11-16,Football_MarketConsensus_v1,35.5,-1.5,,,0.0,0.0,0
265f0188945bb81ec64751571eb724cb,2025-11-16,Football_SpreadValue_v1,35.5,-0.75,AWAY,,-0.75,0.0,0.75
265f0188945bb81ec64751571eb724cb,2025-11-16,Football_TotalValue_v1,36.5,-1.5,,OVER,0.0,1.0,1.0
26b8cf55eeac1bb05b585132f7dcc0e3,2026-01-04,Football_KeyNumberGuard_v1,37.5,-10.0,,,0.0,0.0,0
26b8cf55eeac1bb05b585132f7dcc0e3,2026-01-04,Football_LineMovement_v1,37.5,-10.0,,,0.0,0.0,0
26b8cf55eeac1bb05b585132f7dcc0e3,2026-01-04,Football_MarketBlend_v1,38.0,-9.75,,OVER,-0.25,0.5,0.75
26b8cf55eeac1bb05b585132f7dcc0e3,2026-01-04,Football_MarketConsensus_v1,37.5,-10.0,,,0.0,0.0,0
26b8cf55eeac1bb05b585132f7dcc0e3,2026-01-04,Football_SpreadValue_v1,37.5,-9.25,AWAY,,-0.75,0.0,0.75
26b8cf55eeac1bb05b585132f7dcc0e3,2026-01-04,Football_TotalValue_v1,38.5,-10.0,,OVER,0.0,1.0,1.0
26bf8e165d2d273ed0772a355f07ab16,2026-12-07,Football_KeyNumberGuard_v1,40.5,1.25,,,0.0,0.0,0
26bf8e165d2d273ed0772a355f07ab16,2026-12-07,Football_LineMovement_v1,40.5,1.25,,,0.0,0.0,0
26bf8e165d2d273ed0772a355f07ab16,2026-12-07,Football_MarketBlend_v1,40.5,1.25,,,0.0,0.0,0
26bf8e165d2d273ed0772a355f07ab16,2026-12-07,Football_MarketConsensus_v1,40.5,1.25,,,0.0,0.0,0
26bf8e165d2d273ed0772a355f07ab16,2026-12-07,Football_SpreadValue_v1,40.5,1.25,,,0.0,0.0,0
26bf8e165d2d273ed0772a355f07ab16,2026-12-07,Football_TotalValue_v1,40.5,1.25,,,0.0,0.0,0
2710103fe4fb0170ae03b4e34bde8132,2025-11-09,Football_KeyNumberGuard_v1,49.5,6.0,,,0.0,0.0,0
2710103fe4fb0170ae03b4e34bde8132,2025-11-09,Football_LineMovement_v1,49.5,6.0,,,0.0,0.0,0
2710103fe4fb0170ae03b4e34bde8132,2025-11-09,Football_MarketBlend_v1,49.0,5.75,HOME,UNDER,0.25,-0.5,0.75
2710103fe4fb0170ae03b4e34bde8132,2025-11-09,Football_MarketConsensus_v1,49.5,6.0,,,0.0,0.0,0
2710103fe4fb0170ae03b4e34bde8132,2025-11-09,Football_SpreadValue_v1,49.5,5.25,HOME,,0.75,0.0,0.75
2710103fe4fb0170ae03b4e34bde8132,2025-11-09,Football_TotalValue_v1,48.5,6.0,,UNDER,0.0,-1.0,1.0
271335072b85daf0ceabb360ef75220e,2026-01-11,Football_KeyNumberGuard_v1,44.5,1.5,,,0.0,0.0,0
271335072b85daf0ceabb360ef75220e,2026-01-11,Football_LineMovement_v1,44.5,1.5,,,0.0,0.0,0
271335072b85daf0ceabb360ef75220e,2026-01-11,Football_MarketBlend_v1,45.0,1.25,HOME,OVER,0.25,0.5,0.75
271335072b85daf0ceabb360ef75220e,2026-01-11,Football_MarketConsensus_v1,44.5,1.5,,,0.0,0.0,0
271335072b85daf0ceabb360ef75220e,2026-01-11,Football_SpreadValue_v1,44.5,0.75,HOME,,0.75,0.0,0.75
271335072b85daf0ceabb360ef75220e,2026-01-11,Football_TotalValue_v1,45.5,1.5,,OVER,0.0,1.0,1.0
27f3994841ce8081c0b7349cf3d1e3d7,2026-10-18,Football_KeyNumberGuard_v1,45.5,-1.5,,,0.0,0.0,0
27f3994841ce8081c0b7349cf3d1e3d7,2026-10-18,Football_LineMovement_v1,45.5,-1.5,,,0.0,0.0,0
27f3994841ce8081c0b7349cf3d1e3d7,2026-10-18,Football_MarketBlend_v1,45.0,-1.25,AWAY,UNDER,-0.25,-0.5,0.75
27f3994841ce8081c0b7349cf3d1e3d7,2026-10-18,Football_MarketConsensus_v1,45.5,-1.5,,,0.0,0.0,0
27f3994841ce8081c0b7349cf3d1e3d7,2026-10-18,Football_SpreadValue_v1,45.5,-0.75,AWAY,,-0.75,0.0,0.75
27f3994841ce8081c0b7349cf3d1e3d7,2026-10-18,Football_TotalValue_v1,44.5,-1.5,,UNDER,0.0,-1.0,1.0
27f50ddbc4c3fbad10398c5187a28dc7,2025-11-23,Football_KeyNumberGuard_v1,36.0,-3.5,,,0.0,0.0,0
27f50ddbc4c3fbad10398c5187a28dc7,2025-11-23,Football_LineMovement_v1,36.0,-3.5,,,0.0,0.0,0
27f50ddbc4c3fbad10398c5187a28dc7,2025-11-23,Football_MarketBlend_v1,36.5,-3.25,,OVER,-0.25,0.5,0.75
27f50ddbc4c3fbad10398c5187a28dc7,2025-11-23,Football_MarketConsensus_v1,36.0,-3.5,,,0.0,0.0,0
27f50ddbc4c3fbad10398c5187a28dc7,2025-11-23,Football_SpreadValue_v1,36.0,-2.75,AWAY,,-0.75,0.0,0.75
27f50ddbc4c3fbad10398c5187a28dc7,2025-11-23,Football_TotalValue_v1,37.0,-3.5,,OVER,0.0,1.0,1.0
2823e986597c449ab94126cd5ed3fae9,2026-10-25,Football_KeyNumberGuard_v1,45.5,1.5,,,0.0,0.0,0
2823e986597c449ab94126cd5ed3fae9,2026-10-25,Football_LineMovement_v1,45.5,1.5,,,0.0,0.0,0
2823e986597c449ab94126cd5ed3fae9,2026-10-25,Football_MarketBlend_v1,45.0,1.25,HOME,UNDER,0.25,-0.5,0.75
2823e986597c449ab94126cd5ed3fae9,2026-10-25,Football_MarketConsensus_v1,45.5,1.5,,,0.0,0.0,0
2823e986597c449ab94126cd5ed3fae9,2026-10-25,Football_SpreadValue_v1,45.5,0.75,HOME,,0.75,0.0,0.75
2823e986597c449ab94126cd5ed3fae9,2026-10-25,Football_TotalValue_v1,44.5,1.5,,UNDER,0.0,-1.0,1.0
2828c07018dfafbe96aba205809cc7ac,2026-12-25,Football_KeyNumberGuard_v1,47.5,-1.5,,,0.0,0.0,0
2828c07018dfafbe96aba205809cc7ac,2026-12-25,Football_LineMovement_v1,47.5,-1.5,,,0.0,0.0,0
2828c07018dfafbe96aba205809cc7ac,2026-12-25,Football_MarketBlend_v1,47.0,-1.25,AWAY,UNDER,-0.25,-0.5,0.75
2828c07018dfafbe96aba205809cc7ac,2026-12-25,Football_MarketConsensus_v1,47.5,-1.5,,,0.0,0.0,0
2828c07018dfafbe96aba205809cc7ac,2026-12-25,Football_SpreadValue_v1,47.5,-0.75,AWAY,,-0.75,0.0,0.75
2828c07018dfafbe96aba205809cc7ac,2026-12-25,Football_TotalValue_v1,46.5,-1.5,,UNDER,0.0,-1.0,1.0
28800df7e768ecec14f116454d560f9b,2026-11-15,Football_KeyNumberGuard_v1,45.5,2.5,,,0.0,0.0,0
28800df7e768ecec14f116454d560f9b,2026-11-15,Football_LineMovement_v1,45.5,2.5,,,0.0,0.0,0
28800df7e768ecec14f116454d560f9b,2026-11-15,Football_MarketBlend_v1,45.0,2.25,,UNDER,0.25,-0.5,0.75
28800df7e768ecec14f116454d560f9b,2026-11-15,Football_MarketConsensus_v1,45.5,2.5,,,0.0,0.0,0
28800df7e768ecec14f116454d560f9b,2026-11-15,Football_SpreadValue_v1,45.5,1.75,HOME,,0.75,0.0,0.75
28800df7e768ecec14f116454d560f9b,2026-11-15,Football_TotalValue_v1,44.5,2.5,,UNDER,0.0,-1.0,1.0
29164a99a917051c6e1778270033d362,2025-12-26,Football_KeyNumberGuard_v1,36.5,13.5,,,0.0,0.0,0
29164a99a917051c6e1778270033d362,2025-12-26,Football_LineMovement_v1,36.5,13.5,,,0.0,0.0,0
29164a99a917051c6e1778270033d362,2025-12-26,Football_MarketBlend_v1,37.0,13.25,HOME,OVER,0.25,0.5,0.75
29164a99a917051c6e1778270033d362,2025-12-26,Football_MarketConsensus_v1,36.5,13.5,,,0.0,0.0,0
29164a99a917051c6e1778270033d362,2025-12-26,Football_SpreadValue_v1,36.5,12.75,HOME,,0.75,0.0,0.75
29164a99a917051c6e1778270033d362,2025-12-26,Football_TotalValue_v1,37.5,13.5,,OVER,0.0,1.0,1.0
29211b6e78461220a2833184233f70e5,2026-12-20,Football_KeyNumberGuard_v1,43.0,-3.0,,,0.0,0.0,0
29211b6e78461220a2833184233f70e5,2026-12-20,Football_LineMovement_v1,43.0,-3.0,,,0.0,0.0,0
29211b6e78461220a2833184233f70e5,2026-12-20,Football_MarketBlend_v1,43.0,-3.0,,,0.0,0.0,0
29211b6e78461220a2833184233f70e5,2026-12-20,Football_MarketConsensus_v1,43.0,-3.0,,,0.0,0.0,0
29211b6e78461220a2833184233f70e5,2026-12-20,Football_SpreadValue_v1,43.0,-3.0,,,0.0,0.0,0
29211b6e78461220a2833184233f70e5,2026-12-20,Football_TotalValue_v1,43.0,-3.0,,,0.0,0.0,0
2922c573ec3df8466c4a34975e446898,2026-11-08,Football_KeyNumberGuard_v1,46.5,-1.5,,,0.0,0.0,0
2922c573ec3df8466c4a34975e446898,2026-11-08,Football_LineMovement_v1,46.5,-1.5,,,0.0,0.0,0
2922c573ec3df8466c4a34975e446898,2026-11-08,Football_MarketBlend_v1,46.0,-1.25,AWAY,UNDER,-0.25,-0.5,0.75
2922c573ec3df8466c4a34975e446898,2026-11-08,Football_MarketConsensus_v1,46.5,-1.5,,,0.0,0.0,0
2922c573ec3df8466c4a34975e446898,2026-11-08,Football_SpreadValue_v1,46.5,-0.75,AWAY,,-0.75,0.0,0.75
2922c573ec3df8466c4a34975e446898,2026-11-08,Football_TotalValue_v1,45.5,-1.5,,UNDER,0.0,-1.0,1.0
29425f5c68826d615277cf9be2b82e00,2026-12-27,Football_KeyNumberGuard_v1,42.5,-1.5,,,0.0,0.0,0
29425f5c68826d615277cf9be2b82e00,2026-12-27,Football_LineMovement_v1,42.5,-1.5,,,0.0,0.0,0
29425f5c68826d615277cf9be2b82e00,2026-12-27,Football_MarketBlend_v1,43.0,-1.25,AWAY,OVER,-0.25,0.5,0.75
29425f5c68826d615277cf9be2b82e00,2026-12-27,Football_MarketConsensus_v1,42.5,-1.5,,,0.0,0.0,0
29425f5c68826d615277cf9be2b82e00,2026-12-27,Football_SpreadValue_v1,42.5,-0.75,AWAY,,-0.75,0.0,0.75
29425f5c68826d615277cf9be2b82e00,2026-12-27,Football_TotalValue_v1,43.5,-1.5,,OVER,0.0,1.0,1.0
29da148b927afea00a7774b2a8ee68e7,2025-12-25,Football_KeyNumberGuard_v1,43.5,7.5,,,0.0,0.0,0
29da148b927afea00a7774b2a8ee68e7,2025-12-25,Football_LineMovement_v1,43.5,7.5,,,0.0,0.0,0
29da148b927afea00a7774b2a8ee68e7,2025-12-25,Football_MarketBlend_v1,44.0,7.25,,OVER,0.25,0.5,0.75
29da148b927afea00a7774b2a8ee68e7,2025-12-25,Football_MarketConsensus_v1,43.5,7.5,,,0.0,0.0,0
29da148b927afea00a7774b2a8ee68e7,2025-12-25,Football_SpreadValue_v1,43.5,6.75,HOME,,0.75,0.0,0.75
29da148b927afea00a7774b2a8ee68e7,2025-12-25,Football_TotalValue_v1,44.5,7.5,,OVER,0.0,1.0,1.0
2a529c108305ffa049d8b6cfdbaa4d36,2026-09-27,Football_KeyNumberGuard_v1,46.5,3.5,,,0.0,0.0,0
2a529c108305ffa049d8b6cfdbaa4d36,2026-09-27,Football_LineMovement_v1,46.5,3.5,,,0.0,0.0,0
2a529c108305ffa049d8b6cfdbaa4d36,2026-09-27,Football_MarketBlend_v1,46.0,3.25,,UNDER,0.25,-0.5,0.75
2a529c108305ffa049d8b6cfdbaa4d36,2026-09-27,Football_MarketConsensus_v1,46.5,3.5,,,0.0,0.0,0
2a529c108305ffa049d8b6cfdbaa4d36,2026-09-27,Football_SpreadValue_v1,46.5,2.75,HOME,,0.75,0.0,0.75
2a529c108305ffa049d8b6cfdbaa4d36,2026-09-27,Football_TotalValue_v1,45.5,3.5,,UNDER,0.0,-1.0,1.0
2bba7fde6f97d0e54403d53676e4ab63,2026-10-25,Football_KeyNumberGuard_v1,43.5,-5.5,,,0.0,0.0,0
2bba7fde6f97d0e54403d53676e4ab63,2026-10-25,Football_LineMovement_v1,43.5,-5.5,,,0.0,0.0,0
2bba7fde6f97d0e54403d53676e4ab63,2026-10-25,Football_MarketBlend_v1,44.0,-5.25,AWAY,OVER,-0.25,0.5,0.75
2bba7fde6f97d0e54403d53676e4ab63,2026-10-25,Football_MarketConsensus_v1,43.5,-5.5,,,0.0,0.0,0
2bba7fde6f97d0e54403d53676e4ab63,2026-10-25,Football_SpreadValue_v1,43.5,-4.75,AWAY,,-0.75,0.0,0.75
2bba7fde6f97d0e54403d53676e4ab63,2026-10-25,Football_TotalValue_v1,44.5,-5.5,,OVER,0.0,1.0,1.0
2c6added7199a59f1e9dae8492c29da4,2026-12-13,Football_KeyNumberGuard_v1,46.0,5.0,,,0.0,0.0,0
2c6added7199a59f1e9dae8492c29da4,2026-12-13,Football_LineMovement_v1,46.0,5.0,,,0.0,0.0,0
2c6added7199a59f1e9dae8492c29da4,2026-12-13,Football_MarketBlend_v1,46.0,5.0,,,0.0,0.0,0
2c6added7199a59f1e9dae8492c29da4,2026-12-13,Football_MarketConsensus_v1,46.0,5.0,,,0.0,0.0,0
2c6added7199a59f1e9dae8492c29da4,2026-12-13,Football_SpreadValue_v1,46.0,5.0,,,0.0,0.0,0
2c6added7199a59f1e9dae8492c29da4,2026-12-13,Football_TotalValue_v1,46.0,5.0,,,0.0,0.0,0
2caea57b1e5cfbba1334cfbfd46f6771,2026-10-11,Football_KeyNumberGuard_v1,49.0,-3.25,,,0.0,0.0,0
2caea57b1e5cfbba1334cfbfd46f6771,2026-10-11,Football_LineMovement_v1,49.0,-3.25,,,0.0,0.0,0
2caea57b1e5cfbba1334cfbfd46f6771,2026-10-11,Football_MarketBlend_v1,49.0,-3.25,,,0.0,0.0,0
2caea57b1e5cfbba1334cfbfd46f6771,2026-10-11,Football_MarketConsensus_v1,49.0,-3.25,,,0.0,0.0,0
2caea57b1e5cfbba1334cfbfd46f6771,2026-10-11,Football_SpreadValue_v1,49.0,-3.25,,,0.0,0.0,0
2caea57b1e5cfbba1334cfbfd46f6771,2026-10-11,Football_TotalValue_v1,49.0,-3.25,,,0.0,0.0,0
2cda9bf0fbe35a2735f0dd8aaafe9eff,2026-10-11,Football_KeyNumberGuard_v1,44.5,1.5,,,0.0,0.0,0
2cda9bf0fbe35a2735f0dd8aaafe9eff,2026-10-11,Football_LineMovement_v1,44.5,1.5,,,0.0,0.0,0
2cda9bf0fbe35a2735f0dd8aaafe9eff,2026-10-11,Football_MarketBlend_v1,45.0,1.25,HOME,OVER,0.25,0.5,0.75
2cda9bf0fbe35a2735f0dd8aaafe9eff,2026-10-11,Football_MarketConsensus_v1,44.5,1.5,,,0.0,0.0,0
2cda9bf0fbe35a2735f0dd8aaafe9eff,2026-10-11,Football_SpreadValue_v1,44.5,0.75,HOME,,0.75,0.0,0.75
2cda9bf0fbe35a2735f0dd8aaafe9eff,2026-10-11,Football_TotalValue_v1,45.5,1.5,,OVER,0.0,1.0,1.0
2cdaecba7c0bff9b58a48a82e6ee17a7,2026-12-01,Football_KeyNumberGuard_v1,44.5,-3.5,,,0.0,0.0,0
2cdaecba7c0bff9b58a48a82e6ee17a7,2026-12-01,Football_LineMovement_v1,44.5,-3.5,,,0.0,0.0,0
2cdaecba7c0bff9b58a48a82e6ee17a7,2026-12-01,Football_MarketBlend_v1,45.0,-3.25,,OVER,-0.25,0.5,0.75
2cdaecba7c0bff9b58a48a82e6ee17a7,2026-12-01,Football_MarketConsensus_v1,44.5,-3.5,,,0.0,0.0,0
2cdaecba7c0bff9b58a48a82e6ee17a7,2026-12-01,Football_SpreadValue_v1,44.5,-2.75,AWAY,,-0.75,0.0,0.75
2cdaecba7c0bff9b58a48a82e6ee17a7,2026-12-01,Football_TotalValue_v1,45.5,-3.5,,OVER,0.0,1.0,1.0
2dd4521ee298fa2c6f0ab009c182aae9,2025-12-23,Football_KeyNumberGuard_v1,46.0,5.5,,,0.0,0.0,0
2dd4521ee298fa2c6f0ab009c182aae9,2025-12-23,Football_LineMovement_v1,46.0,5.5,,,0.0,0.0,0
2dd4521ee298fa2c6f0ab009c182aae9,2025-12-23,Football_MarketBlend_v1,45.5,5.25,HOME,UNDER,0.25,-0.5,0.75
2dd4521ee298fa2c6f0ab009c182aae9,2025-12-23,Football_MarketConsensus_v1,46.0,5.5,,,0.0,0.0,0
2dd4521ee298fa2c6f0ab009c182aae9,2025-12-23,Football_SpreadValue_v1,46.0,4.75,HOME,,0.75,0.0,0.75
2dd4521ee298fa2c6f0ab009c182aae9,2025-12-23,Football_TotalValue_v1,45.0,5.5,,UNDER,0.0,-1.0,1.0
2e523fcb0497aa689473e290eb2b97de,2026-09-27,Football_KeyNumberGuard_v1,42.5,-3.5,,,0.0,0.0,0
2e523fcb0497aa689473e290eb2b97de,2026-09-27,Football_LineMovement_v1,42.5,-3.5,,,0.0,0.0,0
2e523fcb0497aa689473e290eb2b97de,2026-09-27,Football_MarketBlend_v1,43.0,-3.25,,OVER,-0.25,0.5,0.75
2e523fcb0497aa689473e290eb2b97de,2026-09-27,Football_MarketConsensus_v1,42.5,-3.5,,,0.0,0.0,0
2e523fcb0497aa689473e290eb2b97de,2026-09-27,Football_SpreadValue_v1,42.5,-2.75,AWAY,,-0.75,0.0,0.75
2e523fcb0497aa689473e290eb2b97de,2026-09-27,Football_TotalValue_v1,43.5,-3.5,,OVER,0.0,1.0,1.0
2e710ea5a306b614f0f966e3d78732f8,2026-10-25,Football_KeyNumberGuard_v1,42.0,2.0,,,0.0,0.0,0
2e710ea5a306b614f0f966e3d78732f8,2026-10-25,Football_LineMovement_v1,42.0,2.0,,,0.0,0.0,0
2e710ea5a306b614f0f966e3d78732f8,2026-10-25,Football_MarketBlend_v1,42.5,1.75,HOME,OVER,0.25,0.5,0.75
2e710ea5a306b614f0f966e3d78732f8,2026-10-25,Football_MarketConsensus_v1,42.0,2.0,,,0.0,0.0,0
2e710ea5a306b614f0f966e3d78732f8,2026-10-25,Football_SpreadValue_v1,42.0,1.25,HOME,,0.75,0.0,0.75
2e710ea5a306b614f0f966e3d78732f8,2026-10-25,Football_TotalValue_v1,43.0,2.0,,OVER,0.0,1.0,1.0
2ea94ddf20f66432b9024fe2e2eaba5f,2026-10-04,Football_KeyNumberGuard_v1,51.5,-2.5,,,0.0,0.0,0
2ea94ddf20f66432b9024fe2e2eaba5f,2026-10-04,Football_LineMovement_v1,51.5,-2.5,,,0.0,0.0,0
2ea94ddf20f66432b9024fe2e2eaba5f,2026-10-04,Football_MarketBlend_v1,51.0,-2.25,,UNDER,-0.25,-0.5,0.75
2ea94ddf20f66432b9024fe2e2eaba5f,2026-10-04,Football_MarketConsensus_v1,51.5,-2.5,,,0.0,0.0,0
2ea94ddf20f66432b9024fe2e2eaba5f,2026-10-04,Football_SpreadValue_v1,51.5,-1.75,AWAY,,-0.75,0.0,0.75
2ea94ddf20f66432b9024fe2e2eaba5f,2026-10-04,Football_TotalValue_v1,50.5,-2.5,,UNDER,0.0,-1.0,1.0
2ec8a387d0c337aeffac3f956c292e87,2025-12-14,Football_KeyNumberGuard_v1,42.5,1.0,,,0.0,0.0,0
2ec8a387d0c337aeffac3f956c292e87,2025-12-14,Football_LineMovement_v1,42.5,1.0,,,0.0,0.0,0
2ec8a387d0c337aeffac3f956c292e87,2025-12-14,Football_MarketBlend_v1,43.0,0.75,HOME,OVER,0.25,0.5,0.75
2ec8a387d0c337aeffac3f956c292e87,2025-12-14,Football_MarketConsensus_v1,42.5,1.0,,,0.0,0.0,0
2ec8a387d0c337aeffac3f956c292e87,2025-12-14,Football_SpreadValue_v1,42.5,0.25,HOME,,0.75,0.0,0.75
2ec8a387d0c337aeffac3f956c292e87,2025-12-14,Football_TotalValue_v1,43.5,1.0,,OVER,0.0,1.0,1.0
2f4b1899c1c278947920e0254b682d90,2026-12-20,Football_KeyNumberGuard_v1,45.5,2.5,,,0.0,0.0,0
2f4b1899c1c278947920e0254b682d90,2026-12-20,Football_LineMovement_v1,45.5,2.5,,,0.0,0.0,0
2f4b1899c1c278947920e0254b682d90,2026-12-20,Football_MarketBlend_v1,45.0,2.25,,UNDER,0.25,-0.5,0.75
2f4b1899c1c278947920e0254b682d90,2026-12-20,Football_MarketConsensus_v1,45.5,2.5,,,0.0,0.0,0
2f4b1899c1c278947920e0254b682d90,2026-12-20,Football_SpreadValue_v1,45.5,1.75,HOME,,0.75,0.0,0.75
2f4b1899c1c278947920e0254b682d90,2026-12-20,Football_TotalValue_v1,44.5,2.5,,UNDER,0.0,-1.0,1.0
2f4cf01e2db22ed928eb8f0357a74007,2026-01-04,Football_KeyNumberGuard_v1,47.5,-14.0,,,0.0,0.0,0
2f4cf01e2db22ed928eb8f0357a74007,2026-01-04,Football_LineMovement_v1,47.5,-14.0,,,0.0,0.0,0
2f4cf01e2db22ed928eb8f0357a74007,2026-01-04,Football_MarketBlend_v1,47.0,-13.75,AWAY,UNDER,-0.25,-0.5,0.75
2f4cf01e2db22ed928eb8f0357a74007,2026-01-04,Football_MarketConsensus_v1,47.5,-14.0,,,0.0,0.0,0
2f4cf01e2db22ed928eb8f0357a74007,2026-01-04,Football_SpreadValue_v1,47.5,-13.25,AWAY,,-0.75,0.0,0.75
2f4cf01e2db22ed928eb8f0357a74007,2026-01-04,Football_TotalValue_v1,46.5,-14.0,,UNDER,0.0,-1.0,1.0
2ff84d3f6053d083c8c0a5bebf7cdd4c,2026-11-01,Football_KeyNumberGuard_v1,48.25,-4.0,,,0.0,0.0,0
2ff84d3f6053d083c8c0a5bebf7cdd4c,2026-11-01,Football_LineMovement_v1,48.25,-4.0,,,0.0,0.0,0
2ff84d3f6053d083c8c0a5bebf7cdd4c,2026-11-01,Football_MarketBlend_v1,48.25,-4.0,,,0.0,0.0,0
2ff84d3f6053d083c8c0a5bebf7cdd4c,2026-11-01,Football_MarketConsensus_v1,48.25,-4.0,,,0.0,0.0,0
2ff84d3f6053d083c8c0a5bebf7cdd4c,2026-11-01,Football_SpreadValue_v1,48.25,-4.0,,,0.0,0.0,0
2ff84d3f6053d083c8c0a5bebf7cdd4c,2026-11-01,Football_TotalValue_v1,48.25,-4.0,,,0.0,0.0,0
30621f6a1072712bee795c15eafe9768,2026-01-04,Football_KeyNumberGuard_v1,37.5,-14.0,,,0.0,0.0,0
30621f6a1072712bee795c15eafe9768,2026-01-04,Football_LineMovement_v1,37.5,-14.0,,,0.0,0.0,0
30621f6a1072712bee795c15eafe9768,2026-01-04,Football_MarketBlend_v1,38.0,-13.75,AWAY,OVER,-0.25,0.5,0.75
30621f6a1072712bee795c15eafe9768,2026-01-04,Football_MarketConsensus_v1,37.5,-14.0,,,0.0,0.0,0
30621f6a1072712bee795c15eafe9768,2026-01-04,Football_SpreadValue_v1,37.5,-13.25,AWAY,,-0.75,0.0,0.75
30621f6a1072712bee795c15eafe9768,2026-01-04,Football_TotalValue_v1,38.5,-14.0,,OVER,0.0,1.0,1.0
311c411c2d53e36a902763dc7a2ef678,2025-09-21,Football_KeyNumberGuard_v1,41.5,-7.0,,,0.0,0.0,0
311c411c2d53e36a902763dc7a2ef678,2025-09-21,Football_LineMovement_v1,41.5,-7.0,,,0.0,0.0,0
311c411c2d53e36a902763dc7a2ef678,2025-09-21,Football_MarketBlend_v1,42.0,-6.75,,OVER,-0.25,0.5,0.75
311c411c2d53e36a902763dc7a2ef678,2025-09-21,Football_MarketConsensus_v1,41.5,-7.0,,,0.0,0.0,0
311c411c2d53e36a902763dc7a2ef678,2025-09-21,Football_SpreadValue_v1,41.5,-6.25,AWAY,,-0.75,0.0,0.75
311c411c2d53e36a902763dc7a2ef678,2025-09-21,Football_TotalValue_v1,42.5,-7.0,,OVER,0.0,1.0,1.0
3127c0dd6ed51a44354af51791bc3e5a,2025-10-19,Football_KeyNumberGuard_v1,44.5,-13.0,,,0.0,0.0,0
3127c0dd6ed51a44354af51791bc3e5a,2025-10-19,Football_LineMovement_v1,44.5,-13.0,,,0.0,0.0,0
3127c0dd6ed51a44354af51791bc3e5a,2025-10-19,Football_MarketBlend_v1,45.0,-12.75,AWAY,OVER,-0.25,0.5,0.75
3127c0dd6ed51a44354af51791bc3e5a,2025-10-19,Football_MarketConsensus_v1,44.5,-13.0,,,0.0,0.0,0
3127c0dd6ed51a44354af51791bc3e5a,2025-10-19,Football_SpreadValue_v1,44.5,-12.25,AWAY,,-0.75,0.0,0.75
3127c0dd6ed51a44354af51791bc3e5a,2025-10-19,Football_TotalValue_v1,45.5,-13.0,,OVER,0.0,1.0,1.0
32367f882fac1a0c20a6335619922025,2026-09-22,Football_KeyNumberGuard_v1,48.5,-8.5,,,0.0,0.0,0
32367f882fac1a0c20a6335619922025,2026-09-22,Football_LineMovement_v1,48.5,-8.5,,,0.0,0.0,0
32367f882fac1a0c20a6335619922025,2026-09-22,Football_MarketBlend_v1,48.0,-8.25,AWAY,UNDER,-0.25,-0.5,0.75
32367f882fac1a0c20a6335619922025,2026-09-22,Football_MarketConsensus_v1,48.5,-8.5,,,0.0,0.0,0
32367f882fac1a0c20a6335619922025,2026-09-22,Football_SpreadValue_v1,48.5,-7.75,AWAY,,-0.75,0.0,0.75
32367f882fac1a0c20a6335619922025,2026-09-22,Football_TotalValue_v1,47.5,-8.5,,UNDER,0.0,-1.0,1.0
32ec2bd4ac9e4c40f9f5cbed7e67f837,2025-11-14,Football_KeyNumberGuard_v1,43.0,-13.0,,,0.0,0.0,0
32ec2bd4ac9e4c40f9f5cbed7e67f837,2025-11-14,Football_LineMovement_v1,43.0,-13.0,,,0.0,0.0,0
32ec2bd4ac9e4c40f9f5cbed7e67f837,2025-11-14,Football_MarketBlend_v1,43.5,-12.75,AWAY,OVER,-0.25,0.5,0.75
32ec2bd4ac9e4c40f9f5cbed7e67f837,2025-11-14,Football_MarketConsensus_v1,43.0,-13.0,,,0.0,0.0,0
32ec2bd4ac9e4c40f9f5cbed7e67f837,2025-11-14,Football_SpreadValue_v1,43.0,-12.25,AWAY,,-0.75,0.0,0.75
32ec2bd4ac9e4c40f9f5cbed7e67f837,2025-11-14,Football_TotalValue_v1,44.0,-13.0,,OVER,0.0,1.0,1.0
33e0adf378d2856ffe5f8452e7d5512d,2025-10-13,Football_KeyNumberGuard_v1,50.0,3.5,,,0.0,0.0,0
33e0adf378d2856ffe5f8452e7d5512d,2025-10-13,Football_LineMovement_v1,50.0,3.5,,,0.0,0.0,0
33e0adf378d2856ffe5f8452e7d5512d,2025-10-13,Football_MarketBlend_v1,49.5,3.25,,UNDER,0.25,-0.5,0.75
33e0adf378d2856ffe5f8452e7d5512d,2025-10-13,Football_MarketConsensus_v1,50.0,3.5,,,0.0,0.0,0
33e0adf378d2856ffe5f8452e7d5512d,2025-10-13,Football_SpreadValue_v1,50.0,2.75,HOME,,0.75,0.0,0.75
33e0adf378d2856ffe5f8452e7d5512d,2025-10-13,Football_TotalValue_v1,49.0,3.5,,UNDER,0.0,-1.0,1.0
349d53a4f89591312ea528e81b786474,2025-11-10,Football_KeyNumberGuard_v1,44.5,-2.5,,,0.0,0.0,0
349d53a4f89591312ea528e81b786474,2025-11-10,Football_LineMovement_v1,44.5,-2.5,,,0.0,0.0,0
349d53a4f89591312ea528e81b786474,2025-11-10,Football_MarketBlend_v1,45.0,-2.25,,OVER,-0.25,0.5,0.75
349d53a4f89591312ea528e81b786474,2025-11-10,Football_MarketConsensus_v1,44.5,-2.5,,,0.0,0.0,0
349d53a4f89591312ea528e81b786474,2025-11-10,Football_SpreadValue_v1,44.5,-1.75,AWAY,,-0.75,0.0,0.75
349d53a4f89591312ea528e81b786474,2025-11-10,Football_TotalValue_v1,45.5,-2.5,,OVER,0.0,1.0,1.0
3536a3e857050d2dd6e2019ceb668f67,2025-10-26,Football_KeyNumberGuard_v1,40.5,-7.0,,,0.0,0.0,0
3536a3e857050d2dd6e2019ceb668f67,2025-10-26,Football_LineMovement_v1,40.5,-7.0,,,0.0,0.0,0
3536a3e857050d2dd6e2019ceb668f67,2025-10-26,Football_MarketBlend_v1,41.0,-6.75,,OVER,-0.25,0.5,0.75
3536a3e857050d2dd6e2019ceb668f67,2025-10-26,Football_MarketConsensus_v1,40.5,-7.0,,,0.0,0.0,0
3536a3e857050d2dd6e2019ceb668f67,2025-10-26,Football_SpreadValue_v1,40.5,-6.25,AWAY,,-0.75,0.0,0.75
3536a3e857050d2dd6e2019ceb668f67,2025-10-26,Football_TotalValue_v1,41.5,-7.0,,OVER,0.0,1.0,1.0
35e3bdff558b5d1506251e814986f164,2026-11-17,Football_KeyNumberGuard_v1,47.5,-3.0,,,0.0,0.0,0
35e3bdff558b5d1506251e814986f164,2026-11-17,Football_LineMovement_v1,47.5,-3.0,,,0.0,0.0,0
35e3bdff558b5d1506251e814986f164,2026-11-17,Football_MarketBlend_v1,47.0,-2.75,,UNDER,-0.25,-0.5,0.75
35e3bdff558b5d1506251e814986f164,2026-11-17,Football_MarketConsensus_v1,47.5,-3.0,,,0.0,0.0,0
35e3bdff558b5d1506251e814986f164,2026-11-17,Football_SpreadValue_v1,47.5,-2.25,AWAY,,-0.75,0.0,0.75
35e3bdff558b5d1506251e814986f164,2026-11-17,Football_TotalValue_v1,46.5,-3.0,,UNDER,0.0,-1.0,1.0
365a766a3862bc47a5455dc3b097421e,2025-11-30,Football_KeyNumberGuard_v1,45.5,3.0,,,0.0,0.0,0
365a766a3862bc47a5455dc3b097421e,2025-11-30,Football_LineMovement_v1,45.5,3.0,,,0.0,0.0,0
365a766a3862bc47a5455dc3b097421e,2025-11-30,Football_MarketBlend_v1,45.0,2.75,,UNDER,0.25,-0.5,0.75
365a766a3862bc47a5455dc3b097421e,2025-11-30,Football_MarketConsensus_v1,45.5,3.0,,,0.0,0.0,0
365a766a3862bc47a5455dc3b097421e,2025-11-30,Football_SpreadValue_v1,45.5,2.25,HOME,,0.75,0.0,0.75
365a766a3862bc47a5455dc3b097421e,2025-11-30,Football_TotalValue_v1,44.5,3.0,,UNDER,0.0,-1.0,1.0
36ad2fa722f4915ef23d2c81351261de,2026-09-20,Football_KeyNumberGuard_v1,45.5,-2.5,,,0.0,0.0,0
36ad2fa722f4915ef23d2c81351261de,2026-09-20,Football_LineMovement_v1,45.5,-2.5,,,0.0,0.0,0
36ad2fa722f4915ef23d2c81351261de,2026-09-20,Football_MarketBlend_v1,45.0,-2.25,,UNDER,-0.25,-0.5,0.75
36ad2fa722f4915ef23d2c81351261de,2026-09-20,Football_MarketConsensus_v1,45.5,-2.5,,,0.0,0.0,0
36ad2fa722f4915ef23d2c81351261de,2026-09-20,Football_SpreadValue_v1,45.5,-1.75,AWAY,,-0.75,0.0,0.75
36ad2fa722f4915ef23d2c81351261de,2026-09-20,Football_TotalValue_v1,44.5,-2.5,,UNDER,0.0,-1.0,1.0
36fcf5ca155a5dcd2f7a87fd2a985b02,2025-11-30,Football_KeyNumberGuard_v1,35.0,5.5,,,0.0,0.0,0
36fcf5ca155a5dcd2f7a87fd2a985b02,2025-11-30,Football_LineMovement_v1,35.0,5.5,,,0.0,0.0,0
36fcf5ca155a5dcd2f7a87fd2a985b02,2025-11-30,Football_MarketBlend_v1,35.5,5.25,HOME,OVER,0.25,0.5,0.75
36fcf5ca155a5dcd2f7a87fd2a985b02,2025-11-30,Football_MarketConsensus_v1,35.0,5.5,,,0.0,0.0,0
36fcf5ca155a5dcd2f7a87fd2a985b02,2025-11-30,Football_SpreadValue_v1,35.0,4.75,HOME,,0.75,0.0,0.75
36fcf5ca155a5dcd2f7a87fd2a985b02,2025-11-30,Football_TotalValue_v1,36.0,5.5,,OVER,0.0,1.0,1.0
3729ac6d2a66b642850caf2044cdc658,2026-10-18,Football_KeyNumberGuard_v1,47.5,-14.0,,,0.0,0.0,0
3729ac6d2a66b642850caf2044cdc658,2026-10-18,Football_LineMovement_v1,47.5,-14.0,,,0.0,0.0,0
3729ac6d2a66b642850caf2044cdc658,2026-10-18,Football_MarketBlend_v1,47.5,-14.0,,,0.0,0.0,0
3729ac6d2a66b642850caf2044cdc658,2026-10-18,Football_MarketConsensus_v1,47.5,-14.0,,,0.0,0.0,0
3729ac6d2a66b642850caf2044cdc658,2026-10-18,Football_SpreadValue_v1,47.5,-14.0,,,0.0,0.0,0
3729ac6d2a66b642850caf2044cdc658,2026-10-18,Football_TotalValue_v1,47.5,-14.0,,,0.0,0.0,0
374166780155b8c14e867face95885ee,2025-12-28,Football_KeyNumberGuard_v1,43.75,5.0,,,0.0,0.0,0
374166780155b8c14e867face95885ee,2025-12-28,Football_LineMovement_v1,43.75,5.0,,,0.0,0.0,0
374166780155b8c14e867face95885ee,2025-12-28,Football_MarketBlend_v1,44.25,4.75,HOME,OVER,0.25,0.5,0.75
374166780155b8c14e867face95885ee,2025-12-28,Football_MarketConsensus_v1,43.75,5.0,,,0.0,0.0,0
374166780155b8c14e867face95885ee,2025-12-28,Football_SpreadValue_v1,43.75,4.25,HOME,,0.75,0.0,0.75
374166780155b8c14e867face95885ee,2025-12-28,Football_TotalValue_v1,44.75,5.0,,OVER,0.0,1.0,1.0
37bc346543da471e067b695b862ccfe9,2027-01-05,Football_KeyNumberGuard_v1,42.0,-2.75,,,0.0,0.0,0
37bc346543da471e067b695b862ccfe9,2027-01-05,Football_LineMovement_v1,42.0,-2.75,,,0.0,0.0,0
37bc346543da471e067b695b862ccfe9,2027-01-05,Football_MarketBlend_v1,42.0,-2.75,,,0.0,0.0,0
37bc346543da471e067b695b862ccfe9,2027-01-05,Football_MarketConsensus_v1,42.0,-2.75,,,0.0,0.0,0
37bc346543da471e067b695b862ccfe9,2027-01-05,Football_SpreadValue_v1,42.0,-2.75,,,0.0,0.0,0
37bc346543da471e067b695b862ccfe9,2027-01-05,Football_TotalValue_v1,42.0,-2.75,,,0.0,0.0,0
37d09ce5d357536d0e58dd4ba0ab4106,2025-09-15,Football_KeyNumberGuard_v1,44.5,-3.0,,,0.0,0.0,0
37d09ce5d357536d0e58dd4ba0ab4106,2025-09-15,Football_LineMovement_v1,44.5,-3.0,,,0.0,0.0,0
37d09ce5d357536d0e58dd4ba0ab4106,2025-09-15,Football_MarketBlend_v1,45.0,-2.75,,OVER,-0.25,0.5,0.75
37d09ce5d357536d0e58dd4ba0ab4106,2025-09-15,Football_MarketConsensus_v1,44.5,-3.0,,,0.0,0.0,0
37d09ce5d357536d0e58dd4ba0ab4106,2025-09-15,Football_SpreadValue_v1,44.5,-2.25,AWAY,,-0.75,0.0,0.75
37d09ce5d357536d0e58dd4ba0ab4106,2025-09-15,Football_TotalValue_v1,45.5,-3.0,,OVER,0.0,1.0,1.0
38366aa83a3eb6cef71a1134c4fceb2c,2025-10-14,Football_KeyNumberGuard_v1,49.5,-5.5,,,0.0,0.0,0
38366aa83a3eb6cef71a1134c4fceb2c,2025-10-14,Football_LineMovement_v1,49.5,-5.5,,,0.0,0.0,0
38366aa83a3eb6cef71a1134c4fceb2c,2025-10-14,Football_MarketBlend_v1,49.0,-5.25,AWAY,UNDER,-0.25,-0.5,0.75
38366aa83a3eb6cef71a1134c4fceb2c,2025-10-14,Football_MarketConsensus_v1,49.5,-5.5,,,0.0,0.0,0
38366aa83a3eb6cef71a1134c4fceb2c,2025-10-14,Football_SpreadValue_v1,49.5,-4.75,AWAY,,-0.75,0.0,0.75
38366aa83a3eb6cef71a1134c4fceb2c,2025-10-14,Football_TotalValue_v1,48.5,-5.5,,UNDER,0.0,-1.0,1.0
394256a6c3d0f5ecd1208fffaae6a72f,2025-09-07,Football_KeyNumberGuard_v1,46.0,-4.5,,,0.0,0.0,0
394256a6c3d0f5ecd1208fffaae6a72f,2025-09-07,Football_LineMovement_v1,46.0,-4.5,,,0.0,0.0,0
394256a6c3d0f5ecd1208fffaae6a72f,2025-09-07,Football_MarketBlend_v1,45.5,-4.25,AWAY,UNDER,-0.25,-0.5,0.75
394256a6c3d0f5ecd1208fffaae6a72f,2025-09-07,Football_MarketConsensus_v1,46.0,-4.5,,,0.0,0.0,0
394256a6c3d0f5ecd1208fffaae6a72f,2025-09-07,Football_SpreadValue_v1,46.0,-3.75,AWAY,,-0.75,0.0,0.75
394256a6c3d0f5ecd1208fffaae6a72f,2025-09-07,Football_TotalValue_v1,45.0,-4.5,,UNDER,0.0,-1.0,1.0
39aeac43cea7b12558b91cdab1255a10,2026-11-08,Football_KeyNumberGuard_v1,43.5,-2.5,,,0.0,0.0,0
39aeac43cea7b12558b91cdab1255a10,2026-11-08,Football_LineMovement_v1,43.5,-2.5,,,0.0,0.0,0
39aeac43cea7b12558b91cdab1255a10,2026-11-08,Football_MarketBlend_v1,44.0,-2.25,,OVER,-0.25,0.5,0.75
39aeac43cea7b12558b91cdab1255a10,2026-11-08,Football_MarketConsensus_v1,43.5,-2.5,,,0.0,0.0,0
39aeac43cea7b12558b91cdab1255a10,2026-11-08,Football_SpreadValue_v1,43.5,-1.75,AWAY,,-0.75,0.0,0.75
39aeac43cea7b12558b91cdab1255a10,2026-11-08,Football_TotalValue_v1,44.5,-2.5,,OVER,0.0,1.0,1.0
39e7c1f6e36d5bc4d2613ebf7bb83c10,2025-11-09,Football_KeyNumberGuard_v1,48.0,-2.5,,,0.0,0.0,0
39e7c1f6e36d5bc4d2613ebf7bb83c10,2025-11-09,Football_LineMovement_v1,48.0,-2.5,,,0.0,0.0,0
39e7c1f6e36d5bc4d2613ebf7bb83c10,2025-11-09,Football_MarketBlend_v1,47.5,-2.25,,UNDER,-0.25,-0.5,0.75
39e7c1f6e36d5bc4d2613ebf7bb83c10,2025-11-09,Football_MarketConsensus_v1,48.0,-2.5,,,0.0,0.0,0
39e7c1f6e36d5bc4d2613ebf7bb83c10,2025-11-09,Football_SpreadValue_v1,48.0,-1.75,AWAY,,-0.75,0.0,0.75
39e7c1f6e36d5bc4d2613ebf7bb83c10,2025-11-09,Football_TotalValue_v1,47.0,-2.5,,UNDER,0.0,-1.0,1.0
3a60ed1d20004aa4d4772b2c1a2272e7,2026-11-24,Football_KeyNumberGuard_v1,52.5,1.5,,,0.0,0.0,0
3a60ed1d20004aa4d4772b2c1a2272e7,2026-11-24,Football_LineMovement_v1,52.5,1.5,,,0.0,0.0,0
3a60ed1d20004aa4d4772b2c1a2272e7,2026-11-24,Football_MarketBlend_v1,52.0,1.25,HOME,UNDER,0.25,-0.5,0.75
3a60ed1d20004aa4d4772b2c1a2272e7,2026-11-24,Football_MarketConsensus_v1,52.5,1.5,,,0.0,0.0,0
3a60ed1d20004aa4d4772b2c1a2272e7,2026-11-24,Football_SpreadValue_v1,52.5,0.75,HOME,,0.75,0.0,0.75
3a60ed1d20004aa4d4772b2c1a2272e7,2026-11-24,Football_TotalValue_v1,51.5,1.5,,UNDER,0.0,-1.0,1.0
3aba4bb1fe41ecd45f934116fcc90c3f,2025-12-14,Football_KeyNumberGuard_v1,46.0,-2.5,,,0.0,0.0,0
3aba4bb1fe41ecd45f934116fcc90c3f,2025-12-14,Football_LineMovement_v1,46.0,-2.5,,,0.0,0.0,0
3aba4bb1fe41ecd45f934116fcc90c3f,2025-12-14,Football_MarketBlend_v1,45.5,-2.25,,UNDER,-0.25,-0.5,0.75
3aba4bb1fe41ecd45f934116fcc90c3f,2025-12-14,Football_MarketConsensus_v1,46.0,-2.5,,,0.0,0.0,0
3aba4bb1fe41ecd45f934116fcc90c3f,2025-12-14,Football_SpreadValue_v1,46.0,-1.75,AWAY,,-0.75,0.0,0.75
3aba4bb1fe41ecd45f934116fcc90c3f,2025-12-14,Football_TotalValue_v1,45.0,-2.5,,UNDER,0.0,-1.0,1.0
3b1a97366685a96e6e1940ae56cc4d31,2025-11-09,Football_KeyNumberGuard_v1,45.5,-4.5,,,0.0,0.0,0
3b1a97366685a96e6e1940ae56cc4d31,2025-11-09,Football_LineMovement_v1,45.5,-4.5,,,0.0,0.0,0
3b1a97366685a96e6e1940ae56cc4d31,2025-11-09,Football_MarketBlend_v1,45.0,-4.25,AWAY,UNDER,-0.25,-0.5,0.75
3b1a97366685a96e6e1940ae56cc4d31,2025-11-09,Football_MarketConsensus_v1,45.5,-4.5,,,0.0,0.0,0
3b1a97366685a96e6e1940ae56cc4d31,2025-11-09,Football_SpreadValue_v1,45.5,-3.75,AWAY,,-0.75,0.0,0.75
3b1a97366685a96e6e1940ae56cc4d31,2025-11-09,Football_TotalValue_v1,44.5,-4.5,,UNDER,0.0,-1.0,1.0
3b696c07ff6a1ef461d023a73db17584,2026-12-20,Football_KeyNumberGuard_v1,47.5,1.5,,,0.0,0.0,0
3b696c07ff6a1ef461d023a73db17584,2026-12-20,Football_LineMovement_v1,47.5,1.5,,,0.0,0.0,0
3b696c07ff6a1ef461d023a73db17584,2026-12-20,Football_MarketBlend_v1,47.0,1.25,HOME,UNDER,0.25,-0.5,0.75
3b696c07ff6a1ef461d023a73db17584,2026-12-20,Football_MarketConsensus_v1,47.5,1.5,,,0.0,0.0,0
3b696c07ff6a1ef461d023a73db17584,2026-12-20,Football_SpreadValue_v1,47.5,0.75,HOME,,0.75,0.0,0.75
3b696c07ff6a1ef461d023a73db17584,2026-12-20,Football_TotalValue_v1,46.5,1.5,,UNDER,0.0,-1.0,1.0
3be866344dfa050e602a6e69170b3cbe,2025-10-19,Football_KeyNumberGuard_v1,40.5,-8.0,,,0.0,0.0,0
3be866344dfa050e602a6e69170b3cbe,2025-10-19,Football_LineMovement_v1,40.5,-8.0,,,0.0,0.0,0
3be866344dfa050e602a6e69170b3cbe,2025-10-19,Football_MarketBlend_v1,41.0,-7.75,AWAY,OVER,-0.25,0.5,0.75
3be866344dfa050e602a6e69170b3cbe,2025-10-19,Football_MarketConsensus_v1,40.5,-8.0,,,0.0,0.0,0
3be866344dfa050e602a6e69170b3cbe,2025-10-19,Football_SpreadValue_v1,40.5,-7.25,AWAY,,-0.75,0.0,0.75
3be866344dfa050e602a6e69170b3cbe,2025-10-19,Football_TotalValue_v1,41.5,-8.0,,OVER,0.0,1.0,1.0
3bfd8bfb4b8e9a365a0877879b73b16b,2026-09-28,Football_KeyNumberGuard_v1,46.0,3.0,,,0.0,0.0,0
3bfd8bfb4b8e9a365a0877879b73b16b,2026-09-28,Football_LineMovement_v1,46.0,3.0,,,0.0,0.0,0
3bfd8bfb4b8e9a365a0877879b73b16b,2026-09-28,Football_MarketBlend_v1,46.0,3.0,,,0.0,0.0,0
3bfd8bfb4b8e9a365a0877879b73b16b,2026-09-28,Football_MarketConsensus_v1,46.0,3.0,,,0.0,0.0,0
3bfd8bfb4b8e9a365a0877879b73b16b,2026-09-28,Football_SpreadValue_v1,46.0,3.0,,,0.0,0.0,0
3bfd8bfb4b8e9a365a0877879b73b16b,2026-09-28,Football_TotalValue_v1,46.0,3.0,,,0.0,0.0,0
3c10bc18680995136017c3bfd3152334,2025-11-09,Football_KeyNumberGuard_v1,50.0,8.5,,,0.0,0.0,0
3c10bc18680995136017c3bfd3152334,2025-11-09,Football_LineMovement_v1,50.0,8.5,,,0.0,0.0,0
3c10bc18680995136017c3bfd3152334,2025-11-09,Football_MarketBlend_v1,49.5,8.25,HOME,UNDER,0.25,-0.5,0.75
3c10bc18680995136017c3bfd3152334,2025-11-09,Football_MarketConsensus_v1,50.0,8.5,,,0.0,0.0,0
3c10bc18680995136017c3bfd3152334,2025-11-09,Football_SpreadValue_v1,50.0,7.75,HOME,,0.75,0.0,0.75
3c10bc18680995136017c3bfd3152334,2025-11-09,Football_TotalValue_v1,49.0,8.5,,UNDER,0.0,-1.0,1.0
3c71d515b726f1096aabb435badb83fd,2026-11-15,Football_KeyNumberGuard_v1,45.0,4.0,,,0.0,0.0,0
3c71d515b726f1096aabb435badb83fd,2026-11-15,Football_LineMovement_v1,45.0,4.0,,,0.0,0.0,0
3c71d515b726f1096aabb435badb83fd,2026-11-15,Football_MarketBlend_v1,45.0,4.0,,,0.0,0.0,0
3c71d515b726f1096aabb435badb83fd,2026-11-15,Football_MarketConsensus_v1,45.0,4.0,,,0.0,0.0,0
3c71d515b726f1096aabb435badb83fd,2026-11-15,Football_SpreadValue_v1,45.0,4.0,,,0.0,0.0,0
3c71d515b726f1096aabb435badb83fd,2026-11-15,Football_TotalValue_v1,45.0,4.0,,,0.0,0.0,0
3c74ebd1d005a7346c182daf6f7279dd,2025-12-15,Football_KeyNumberGuard_v1,47.5,-5.5,,,0.0,0.0,0
3c74ebd1d005a7346c182daf6f7279dd,2025-12-15,Football_LineMovement_v1,47.5,-5.5,,,0.0,0.0,0
3c74ebd1d005a7346c182daf6f7279dd,2025-12-15,Football_MarketBlend_v1,47.0,-5.25,AWAY,UNDER,-0.25,-0.5,0.75
3c74ebd1d005a7346c182daf6f7279dd,2025-12-15,Football_MarketConsensus_v1,47.5,-5.5,,,0.0,0.0,0
3c74ebd1d005a7346c182daf6f7279dd,2025-12-15,Football_SpreadValue_v1,47.5,-4.75,AWAY,,-0.75,0.0,0.75
3c74ebd1d005a7346c182daf6f7279dd,2025-12-15,Football_TotalValue_v1,46.5,-5.5,,UNDER,0.0,-1.0,1.0
3cb03f5ff8d371b94e8b55c7e58b7a34,2026-01-18,Football_KeyNumberGuard_v1,48.5,3.5,,,0.0,0.0,0
3cb03f5ff8d371b94e8b55c7e58b7a34,2026-01-18,Football_LineMovement_v1,48.5,3.5,,,0.0,0.0,0
3cb03f5ff8d371b94e8b55c7e58b7a34,2026-01-18,Football_MarketBlend_v1,48.0,3.25,,UNDER,0.25,-0.5,0.75
3cb03f5ff8d371b94e8b55c7e58b7a34,2026-01-18,Football_MarketConsensus_v1,48.5,3.5,,,0.0,0.0,0
3cb03f5ff8d371b94e8b55c7e58b7a34,2026-01-18,Football_SpreadValue_v1,48.5,2.75,HOME,,0.75,0.0,0.75
3cb03f5ff8d371b94e8b55c7e58b7a34,2026-01-18,Football_TotalValue_v1,47.5,3.5,,UNDER,0.0,-1.0,1.0
3db6ba91d2a72ada8843d5a0517bff27,2025-12-21,Football_KeyNumberGuard_v1,42.0,2.5,,,0.0,0.0,0
3db6ba91d2a72ada8843d5a0517bff27,2025-12-21,Football_LineMovement_v1,42.0,2.5,,,0.0,0.0,0
3db6ba91d2a72ada8843d5a0517bff27,2025-12-21,Football_MarketBlend_v1,42.5,2.25,,OVER,0.25,0.5,0.75
3db6ba91d2a72ada8843d5a0517bff27,2025-12-21,Football_MarketConsensus_v1,42.0,2.5,,,0.0,0.0,0
3db6ba91d2a72ada8843d5a0517bff27,2025-12-21,Football_SpreadValue_v1,42.0,1.75,HOME,,0.75,0.0,0.75
3db6ba91d2a72ada8843d5a0517bff27,2025-12-21,Football_TotalValue_v1,43.0,2.5,,OVER,0.0,1.0,1.0
3e646c7479c57f5d9752d8c7dfe7059b,2026-09-14,Football_KeyNumberGuard_v1,48.0,3.0,,,0.0,0.0,0
3e646c7479c57f5d9752d8c7dfe7059b,2026-09-14,Football_LineMovement_v1,48.0,3.0,,,0.0,0.0,0
3e646c7479c57f5d9752d8c7dfe7059b,2026-09-14,Football_MarketBlend_v1,47.5,2.75,,UNDER,0.25,-0.5,0.75
3e646c7479c57f5d9752d8c7dfe7059b,2026-09-14,Football_MarketConsensus_v1,48.0,3.0,,,0.0,0.0,0
3e646c7479c57f5d9752d8c7dfe7059b,2026-09-14,Football_SpreadValue_v1,48.0,2.25,HOME,,0.75,0.0,0.75
3e646c7479c57f5d9752d8c7dfe7059b,2026-09-14,Football_TotalValue_v1,47.0,3.0,,UNDER,0.0,-1.0,1.0
3e65786eddd4c7aee9e7f2504f6fdedc,2025-12-02,Football_KeyNumberGuard_v1,46.5,-7.0,,,0.0,0.0,0
3e65786eddd4c7aee9e7f2504f6fdedc,2025-12-02,Football_LineMovement_v1,46.5,-7.0,,,0.0,0.0,0
3e65786eddd4c7aee9e7f2504f6fdedc,2025-12-02,Football_MarketBlend_v1,46.0,-6.75,,UNDER,-0.25,-0.5,0.75
3e65786eddd4c7aee9e7f2504f6fdedc,2025-12-02,Football_MarketConsensus_v1,46.5,-7.0,,,0.0,0.0,0
3e65786eddd4c7aee9e7f2504f6fdedc,2025-12-02,Football_SpreadValue_v1,46.5,-6.25,AWAY,,-0.75,0.0,0.75
3e65786eddd4c7aee9e7f2504f6fdedc,2025-12-02,Football_TotalValue_v1,45.5,-7.0,,UNDER,0.0,-1.0,1.0
3ea90704fb576633bd1e2fa5aafd9ea3,2026-11-22,Football_KeyNumberGuard_v1,46.25,-6.5,,,0.0,0.0,0
3ea90704fb576633bd1e2fa5aafd9ea3,2026-11-22,Football_LineMovement_v1,46.25,-6.5,,,0.0,0.0,0
3ea90704fb576633bd1e2fa5aafd9ea3,2026-11-22,Football_MarketBlend_v1,46.25,-6.5,,,0.0,0.0,0
3ea90704fb576633bd1e2fa5aafd9ea3,2026-11-22,Football_MarketConsensus_v1,46.25,-6.5,,,0.0,0.0,0
3ea90704fb576633bd1e2fa5aafd9ea3,2026-11-22,Football_SpreadValue_v1,46.25,-6.5,,,0.0,0.0,0
3ea90704fb576633bd1e2fa5aafd9ea3,2026-11-22,Football_TotalValue_v1,46.25,-6.5,,,0.0,0.0,0
3f226ec5402c6ec4d84a59be80c2fa67,2026-12-25,Football_KeyNumberGuard_v1,38.5,-2.5,,,0.0,0.0,0
3f226ec5402c6ec4d84a59be80c2fa67,2026-12-25,Football_LineMovement_v1,38.5,-2.5,,,0.0,0.0,0
3f226ec5402c6ec4d84a59be80c2fa67,2026-12-25,Football_MarketBlend_v1,39.0,-2.25,,OVER,-0.25,0.5,0.75
3f226ec5402c6ec4d84a59be80c2fa67,2026-12-25,Football_MarketConsensus_v1,38.5,-2.5,,,0.0,0.0,0
3f226ec5402c6ec4d84a59be80c2fa67,2026-12-25,Football_SpreadValue_v1,38.5,-1.75,AWAY,,-0.75,0.0,0.75
3f226ec5402c6ec4d84a59be80c2fa67,2026-12-25,Football_TotalValue_v1,39.5,-2.5,,OVER,0.0,1.0,1.0
3f460f14b810d7bf642bdf7b658530c0,2027-01-10,Football_KeyNumberGuard_v1,49.5,1.5,,,0.0,0.0,0
3f460f14b810d7bf642bdf7b658530c0,2027-01-10,Football_LineMovement_v1,49.5,1.5,,,0.0,0.0,0
3f460f14b810d7bf642bdf7b658530c0,2027-01-10,Football_MarketBlend_v1,49.5,1.5,,,0.0,0.0,0
3f460f14b810d7bf642bdf7b658530c0,2027-01-10,Football_MarketConsensus_v1,49.5,1.5,,,0.0,0.0,0
3f460f14b810d7bf642bdf7b658530c0,2027-01-10,Football_SpreadValue_v1,49.5,1.5,,,0.0,0.0,0
3f460f14b810d7bf642bdf7b658530c0,2027-01-10,Football_TotalValue_v1,49.5,1.5,,,0.0,0.0,0
403a88701352da05b0710a9e883b803e,2026-11-22,Football_KeyNumberGuard_v1,44.5,-11.5,,,0.0,0.0,0
403a88701352da05b0710a9e883b803e,2026-11-22,Football_LineMovement_v1,44.5,-11.5,,,0.0,0.0,0
403a88701352da05b0710a9e883b803e,2026-11-22,Football_MarketBlend_v1,45.0,-11.25,AWAY,OVER,-0.25,0.5,0.75
403a88701352da05b0710a9e883b803e,2026-11-22,Football_MarketConsensus_v1,44.5,-11.5,,,0.0,0.0,0
403a88701352da05b0710a9e883b803e,2026-11-22,Football_SpreadValue_v1,44.5,-10.75,AWAY,,-0.75,0.0,0.75
403a88701352da05b0710a9e883b803e,2026-11-22,Football_TotalValue_v1,45.5,-11.5,,OVER,0.0,1.0,1.0
40c2ebd9ddd5ce8ff5b1ada730bb1785,2025-10-26,Football_KeyNumberGuard_v1,51.5,-3.5,,,0.0,0.0,0
40c2ebd9ddd5ce8ff5b1ada730bb1785,2025-10-26,Football_LineMovement_v1,51.5,-3.5,,,0.0,0.0,0
40c2ebd9ddd5ce8ff5b1ada730bb1785,2025-10-26,Football_MarketBlend_v1,51.0,-3.25,,UNDER,-0.25,-0.5,0.75
40c2ebd9ddd5ce8ff5b1ada730bb1785,2025-10-26,Football_MarketConsensus_v1,51.5,-3.5,,,0.0,0.0,0
40c2ebd9ddd5ce8ff5b1ada730bb1785,2025-10-26,Football_SpreadValue_v1,51.5,-2.75,AWAY,,-0.75,0.0,0.75
40c2ebd9ddd5ce8ff5b1ada730bb1785,2025-10-26,Football_TotalValue_v1,50.5,-3.5,,UNDER,0.0,-1.0,1.0
4116dbff75ab7957b69c2152f204b74d,2026-12-06,Football_KeyNumberGuard_v1,49.0,-0.25,,,0.0,0.0,0
4116dbff75ab7957b69c2152f204b74d,2026-12-06,Football_LineMovement_v1,49.0,-0.25,,,0.0,0.0,0
4116dbff75ab7957b69c2152f204b74d,2026-12-06,Football_MarketBlend_v1,49.0,-0.25,,,0.0,0.0,0
4116dbff75ab7957b69c2152f204b74d,2026-12-06,Football_MarketConsensus_v1,49.0,-0.25,,,0.0,0.0,0
4116dbff75ab7957b69c2152f204b74d,2026-12-06,Football_SpreadValue_v1,49.0,-0.25,,,0.0,0.0,0
4116dbff75ab7957b69c2152f204b74d,2026-12-06,Football_TotalValue_v1,49.0,-0.25,,,0.0,0.0,0
415fc42e72888c63e82f7bce24c65391,2026-11-08,Football_KeyNumberGuard_v1,52.5,1.5,,,0.0,0.0,0
415fc42e72888c63e82f7bce24c65391,2026-11-08,Football_LineMovement_v1,52.5,1.5,,,0.0,0.0,0
415fc42e72888c63e82f7bce24c65391,2026-11-08,Football_MarketBlend_v1,52.0,1.25,HOME,UNDER,0.25,-0.5,0.75
415fc42e72888c63e82f7bce24c65391,2026-11-08,Football_MarketConsensus_v1,52.5,1.5,,,0.0,0.0,0
415fc42e72888c63e82f7bce24c65391,2026-11-08,Football_SpreadValue_v1,52.5,0.75,HOME,,0.75,0.0,0.75
415fc42e72888c63e82f7bce24c65391,2026-11-08,Football_TotalValue_v1,51.5,1.5,,UNDER,0.0,-1.0,1.0
419106b9bcc9f7ef39cfc2d1ee9a3f87,2027-01-03,Football_KeyNumberGuard_v1,48.0,4.0,,,0.0,0.0,0
419106b9bcc9f7ef39cfc2d1ee9a3f87,2027-01-03,Football_LineMovement_v1,48.0,4.0,,,0.0,0.0,0
419106b9bcc9f7ef39cfc2d1ee9a3f87,2027-01-03,Football_MarketBlend_v1,48.0,4.0,,,0.0,0.0,0
419106b9bcc9f7ef39cfc2d1ee9a3f87,2027-01-03,Football_MarketConsensus_v1,48.0,4.0,,,0.0,0.0,0
419106b9bcc9f7ef39cfc2d1ee9a3f87,2027-01-03,Football_SpreadValue_v1,48.0,4.0,,,0.0,0.0,0
419106b9bcc9f7ef39cfc2d1ee9a3f87,2027-01-03,Football_TotalValue_v1,48.0,4.0,,,0.0,0.0,0
41e2dd69bddd65d7e823d9ed61cc2afc,2026-11-22,Football_KeyNumberGuard_v1,48.5,-4.5,,,0.0,0.0,0
41e2dd69bddd65d7e823d9ed61cc2afc,2026-11-22,Football_LineMovement_v1,48.5,-4.5,,,0.0,0.0,0
41e2dd69bddd65d7e823d9ed61cc2afc,2026-11-22,Football_MarketBlend_v1,48.5,-4.5,,,0.0,0.0,0
41e2dd69bddd65d7e823d9ed61cc2afc,2026-11-22,Football_MarketConsensus_v1,48.5,-4.5,,,0.0,0.0,0
41e2dd69bddd65d7e823d9ed61cc2afc,2026-11-22,Football_SpreadValue_v1,48.5,-4.5,,,0.0,0.0,0
41e2dd69bddd65d7e823d9ed61cc2afc,2026-11-22,Football_TotalValue_v1,48.5,-4.5,,,0.0,0.0,0
41fc7f3165cc9dfdb47c25a9decd7c9b,2026-01-04,Football_KeyNumberGuard_v1,37.0,-12.5,,,0.0,0.0,0
41fc7f3165cc9dfdb47c25a9decd7c9b,2026-01-04,Football_LineMovement_v1,37.0,-12.5,,,0.0,0.0,0
41fc7f3165cc9dfdb47c25a9decd7c9b,2026-01-04,Football_MarketBlend_v1,37.5,-12.25,AWAY,OVER,-0.25,0.5,0.75
41fc7f3165cc9dfdb47c25a9decd7c9b,2026-01-04,Football_MarketConsensus_v1,37.0,-12.5,,,0.0,0.0,0
41fc7f3165cc9dfdb47c25a9decd7c9b,2026-01-04,Football_SpreadValue_v1,37.0,-11.75,AWAY,,-0.75,0.0,0.75
41fc7f3165cc9dfdb47c25a9decd7c9b,2026-01-04,Football_TotalValue_v1,38.0,-12.5,,OVER,0.0,1.0,1.0
42473c1ddf8f424069ff3f264dd8dca4,2025-11-09,Football_KeyNumberGuard_v1,50.5,-2.5,,,0.0,0.0,0
42473c1ddf8f424069ff3f264dd8dca4,2025-11-09,Football_LineMovement_v1,50.5,-2.5,,,0.0,0.0,0
42473c1ddf8f424069ff3f264dd8dca4,2025-11-09,Football_MarketBlend_v1,50.0,-2.25,,UNDER,-0.25,-0.5,0.75
42473c1ddf8f424069ff3f264dd8dca4,2025-11-09,Football_MarketConsensus_v1,50.5,-2.5,,,0.0,0.0,0
42473c1ddf8f424069ff3f264dd8dca4,2025-11-09,Football_SpreadValue_v1,50.5,-1.75,AWAY,,-0.75,0.0,0.75
42473c1ddf8f424069ff3f264dd8dca4,2025-11-09,Football_TotalValue_v1,49.5,-2.5,,UNDER,0.0,-1.0,1.0
436119bb3ccdaa6ed7808aa3ebd82b76,2026-10-25,Football_KeyNumberGuard_v1,43.5,7.5,,,0.0,0.0,0
436119bb3ccdaa6ed7808aa3ebd82b76,2026-10-25,Football_LineMovement_v1,43.5,7.5,,,0.0,0.0,0
436119bb3ccdaa6ed7808aa3ebd82b76,2026-10-25,Football_MarketBlend_v1,44.0,7.25,,OVER,0.25,0.5,0.75
436119bb3ccdaa6ed7808aa3ebd82b76,2026-10-25,Football_MarketConsensus_v1,43.5,7.5,,,0.0,0.0,0
436119bb3ccdaa6ed7808aa3ebd82b76,2026-10-25,Football_SpreadValue_v1,43.5,6.75,HOME,,0.75,0.0,0.75
436119bb3ccdaa6ed7808aa3ebd82b76,2026-10-25,Football_TotalValue_v1,44.5,7.5,,OVER,0.0,1.0,1.0
438868ff90501a1fe9a0fbecbee9dc12,2025-11-11,Football_KeyNumberGuard_v1,45.5,-1.0,,,0.0,0.0,0
438868ff90501a1fe9a0fbecbee9dc12,2025-11-11,Football_LineMovement_v1,45.5,-1.0,,,0.0,0.0,0
438868ff90501a1fe9a0fbecbee9dc12,2025-11-11,Football_MarketBlend_v1,45.0,-0.75,AWAY,UNDER,-0.25,-0.5,0.75
438868ff90501a1fe9a0fbecbee9dc12,2025-11-11,Football_MarketConsensus_v1,45.5,-1.0,,,0.0,0.0,0
438868ff90501a1fe9a0fbecbee9dc12,2025-11-11,Football_SpreadValue_v1,45.5,-0.25,AWAY,,-0.75,0.0,0.75
438868ff90501a1fe9a0fbecbee9dc12,2025-11-11,Football_TotalValue_v1,44.5,-1.0,,UNDER,0.0,-1.0,1.0
448d7cf18c6db4c811ed82ded1b72867,2026-10-11,Football_KeyNumberGuard_v1,47.5,-2.5,,,0.0,0.0,0
448d7cf18c6db4c811ed82ded1b72867,2026-10-11,Football_LineMovement_v1,47.5,-2.5,,,0.0,0.0,0
448d7cf18c6db4c811ed82ded1b72867,2026-10-11,Football_MarketBlend_v1,47.0,-2.25,,UNDER,-0.25,-0.5,0.75
448d7cf18c6db4c811ed82ded1b72867,2026-10-11,Football_MarketConsensus_v1,47.5,-2.5,,,0.0,0.0,0
448d7cf18c6db4c811ed82ded1b72867,2026-10-11,Football_SpreadValue_v1,47.5,-1.75,AWAY,,-0.75,0.0,0.75
448d7cf18c6db4c811ed82ded1b72867,2026-10-11,Football_TotalValue_v1,46.5,-2.5,,UNDER,0.0,-1.0,1.0
44a3bcf5bd002583ddef2207a92dd977,2026-11-27,Football_KeyNumberGuard_v1,39.5,1.5,,,0.0,0.0,0
44a3bcf5bd002583ddef2207a92dd977,2026-11-27,Football_LineMovement_v1,39.5,1.5,,,0.0,0.0,0
44a3bcf5bd002583ddef2207a92dd977,2026-11-27,Football_MarketBlend_v1,40.0,1.25,HOME,OVER,0.25,0.5,0.75
44a3bcf5bd002583ddef2207a92dd977,2026-11-27,Football_MarketConsensus_v1,39.5,1.5,,,0.0,0.0,0
44a3bcf5bd002583ddef2207a92dd977,2026-11-27,Football_SpreadValue_v1,39.5,0.75,HOME,,0.75,0.0,0.75
44a3bcf5bd002583ddef2207a92dd977,2026-11-27,Football_TotalValue_v1,40.5,1.5,,OVER,0.0,1.0,1.0
44d8c37868b700e90f816db7c5df5cdd,2026-11-08,Football_KeyNumberGuard_v1,47.0,6.5,,,0.0,0.0,0
44d8c37868b700e90f816db7c5df5cdd,2026-11-08,Football_LineMovement_v1,47.0,6.5,,,0.0,0.0,0
44d8c37868b700e90f816db7c5df5cdd,2026-11-08,Football_MarketBlend_v1,47.0,6.5,,,0.0,0.0,0
44d8c37868b700e90f816db7c5df5cdd,2026-11-08,Football_MarketConsensus_v1,47.0,6.5,,,0.0,0.0,0
44d8c37868b700e90f816db7c5df5cdd,2026-11-08,Football_SpreadValue_v1,47.0,6.5,,,0.0,0.0,0
44d8c37868b700e90f816db7c5df5cdd,2026-11-08,Football_TotalValue_v1,47.0,6.5,,,0.0,0.0,0
45203f985f8d1567ad19b0617dd267f8,2026-12-13,Football_KeyNumberGuard_v1,46.5,-5.5,,,0.0,0.0,0
45203f985f8d1567ad19b0617dd267f8,2026-12-13,Football_LineMovement_v1,46.5,-5.5,,,0.0,0.0,0
45203f985f8d1567ad19b0617dd267f8,2026-12-13,Football_MarketBlend_v1,46.0,-5.25,AWAY,UNDER,-0.25,-0.5,0.75
45203f985f8d1567ad19b0617dd267f8,2026-12-13,Football_MarketConsensus_v1,46.5,-5.5,,,0.0,0.0,0
45203f985f8d1567ad19b0617dd267f8,2026-12-13,Football_SpreadValue_v1,46.5,-4.75,AWAY,,-0.75,0.0,0.75
45203f985f8d1567ad19b0617dd267f8,2026-12-13,Football_TotalValue_v1,45.5,-5.5,,UNDER,0.0,-1.0,1.0
4527f57f5bc32742d8194af1ccf7da7e,2026-11-22,Football_KeyNumberGuard_v1,46.5,4.5,,,0.0,0.0,0
4527f57f5bc32742d8194af1ccf7da7e,2026-11-22,Football_LineMovement_v1,46.5,4.5,,,0.0,0.0,0
4527f57f5bc32742d8194af1ccf7da7e,2026-11-22,Football_MarketBlend_v1,46.0,4.25,HOME,UNDER,0.25,-0.5,0.75
4527f57f5bc32742d8194af1ccf7da7e,2026-11-22,Football_MarketConsensus_v1,46.5,4.5,,,0.0,0.0,0
4527f57f5bc32742d8194af1ccf7da7e,2026-11-22,Football_SpreadValue_v1,46.5,3.75,HOME,,0.75,0.0,0.75
4527f57f5bc32742d8194af1ccf7da7e,2026-11-22,Football_TotalValue_v1,45.5,4.5,,UNDER,0.0,-1.0,1.0
4553ba763cb3cfcfc33fd62672a2057f,2025-11-23,Football_KeyNumberGuard_v1,47.5,3.0,,,0.0,0.0,0
4553ba763cb3cfcfc33fd62672a2057f,2025-11-23,Football_LineMovement_v1,47.5,3.0,,,0.0,0.0,0
4553ba763cb3cfcfc33fd62672a2057f,2025-11-23,Football_MarketBlend_v1,47.0,2.75,,UNDER,0.25,-0.5,0.75
4553ba763cb3cfcfc33fd62672a2057f,2025-11-23,Football_MarketConsensus_v1,47.5,3.0,,,0.0,0.0,0
4553ba763cb3cfcfc33fd62672a2057f,2025-11-23,Football_SpreadValue_v1,47.5,2.25,HOME,,0.75,0.0,0.75
4553ba763cb3cfcfc33fd62672a2057f,2025-11-23,Football_TotalValue_v1,46.5,3.0,,UNDER,0.0,-1.0,1.0
45b2690b350ed45145c7a716b18e8e66,2026-10-18,Football_KeyNumberGuard_v1,48.0,6.75,,,0.0,0.0,0
45b2690b350ed45145c7a716b18e8e66,2026-10-18,Football_LineMovement_v1,48.0,6.75,,,0.0,0.0,0
45b2690b350ed45145c7a716b18e8e66,2026-10-18,Football_MarketBlend_v1,48.0,6.75,,,0.0,0.0,0
45b2690b350ed45145c7a716b18e8e66,2026-10-18,Football_MarketConsensus_v1,48.0,6.75,,,0.0,0.0,0
45b2690b350ed45145c7a716b18e8e66,2026-10-18,Football_SpreadValue_v1,48.0,6.75,,,0.0,0.0,0
45b2690b350ed45145c7a716b18e8e66,2026-10-18,Football_TotalValue_v1,48.0,6.75,,,0.0,0.0,0
467cba5a1b3809e6b990033dff600f48,2026-01-11,Football_KeyNumberGuard_v1,44.5,-6.0,,,0.0,0.0,0
467cba5a1b3809e6b990033dff600f48,2026-01-11,Football_LineMovement_v1,44.5,-6.0,,,0.0,0.0,0
467cba5a1b3809e6b990033dff600f48,2026-01-11,Football_MarketBlend_v1,45.0,-5.75,AWAY,OVER,-0.25,0.5,0.75
467cba5a1b3809e6b990033dff600f48,2026-01-11,Football_MarketConsensus_v1,44.5,-6.0,,,0.0,0.0,0
467cba5a1b3809e6b990033dff600f48,2026-01-11,Football_SpreadValue_v1,44.5,-5.25,AWAY,,-0.75,0.0,0.75
467cba5a1b3809e6b990033dff600f48,2026-01-11,Football_TotalValue_v1,45.5,-6.0,,OVER,0.0,1.0,1.0
4727a6cfcd3d604dbfcb898c5a4d40a6,2025-12-08,Football_KeyNumberGuard_v1,41.5,-4.0,,,0.0,0.0,0
4727a6cfcd3d604dbfcb898c5a4d40a6,2025-12-08,Football_LineMovement_v1,41.5,-4.0,,,0.0,0.0,0
4727a6cfcd3d604dbfcb898c5a4d40a6,2025-12-08,Football_MarketBlend_v1,42.0,-3.75,AWAY,OVER,-0.25,0.5,0.75
4727a6cfcd3d604dbfcb898c5a4d40a6,2025-12-08,Football_MarketConsensus_v1,41.5,-4.0,,,0.0,0.0,0
4727a6cfcd3d604dbfcb898c5a4d40a6,2025-12-08,Football_SpreadValue_v1,41.5,-3.25,AWAY,,-0.75,0.0,0.75
4727a6cfcd3d604dbfcb898c5a4d40a6,2025-12-08,Football_TotalValue_v1,42.5,-4.0,,OVER,0.0,1.0,1.0
47a54fb60f7b79179bc80e18a7c5de81,2025-12-21,Football_KeyNumberGuard_v1,39.0,-14.0,,,0.0,0.0,0
47a54fb60f7b79179bc80e18a7c5de81,2025-12-21,Football_LineMovement_v1,39.0,-14.0,,,0.0,0.0,0
47a54fb60f7b79179bc80e18a7c5de81,2025-12-21,Football_MarketBlend_v1,39.5,-13.75,AWAY,OVER,-0.25,0.5,0.75
47a54fb60f7b79179bc80e18a7c5de81,2025-12-21,Football_MarketConsensus_v1,39.0,-14.0,,,0.0,0.0,0
47a54fb60f7b79179bc80e18a7c5de81,2025-12-21,Football_SpreadValue_v1,39.0,-13.25,AWAY,,-0.75,0.0,0.75
47a54fb60f7b79179bc80e18a7c5de81,2025-12-21,Football_TotalValue_v1,40.0,-14.0,,OVER,0.0,1.0,1.0
47dc7baa254659f3beb2ed2b38c207b6,2026-09-29,Football_KeyNumberGuard_v1,46.5,-1.5,,,0.0,0.0,0
47dc7baa254659f3beb2ed2b38c207b6,2026-09-29,Football_LineMovement_v1,46.5,-1.5,,,0.0,0.0,0
47dc7baa254659f3beb2ed2b38c207b6,2026-09-29,Football_MarketBlend_v1,46.5,-1.5,,,0.0,0.0,0
47dc7baa254659f3beb2ed2b38c207b6,2026-09-29,Football_MarketConsensus_v1,46.5,-1.5,,,0.0,0.0,0
47dc7baa254659f3beb2ed2b38c207b6,2026-09-29,Football_SpreadValue_v1,46.5,-1.5,,,0.0,0.0,0
47dc7baa254659f3beb2ed2b38c207b6,2026-09-29,Football_TotalValue_v1,46.5,-1.5,,,0.0,0.0,0
484c491dc1dee090d740ba077b7d9709,2026-12-13,Football_KeyNumberGuard_v1,43.5,5.5,,,0.0,0.0,0
484c491dc1dee090d740ba077b7d9709,2026-12-13,Football_LineMovement_v1,43.5,5.5,,,0.0,0.0,0
484c491dc1dee090d740ba077b7d9709,2026-12-13,Football_MarketBlend_v1,44.0,5.25,HOME,OVER,0.25,0.5,0.75
484c491dc1dee090d740ba077b7d9709,2026-12-13,Football_MarketConsensus_v1,43.5,5.5,,,0.0,0.0,0
484c491dc1dee090d740ba077b7d9709,2026-12-13,Football_SpreadValue_v1,43.5,4.75,HOME,,0.75,0.0,0.75
484c491dc1dee090d740ba077b7d9709,2026-12-13,Football_TotalValue_v1,44.5,5.5,,OVER,0.0,1.0,1.0
4853610e63c246f2027a6a248e642c9a,2026-10-27,Football_KeyNumberGuard_v1,48.5,-3.0,,,0.0,0.0,0
4853610e63c246f2027a6a248e642c9a,2026-10-27,Football_LineMovement_v1,48.5,-3.0,,,0.0,0.0,0
4853610e63c246f2027a6a248e642c9a,2026-10-27,Football_MarketBlend_v1,48.0,-2.75,,UNDER,-0.25,-0.5,0.75
4853610e63c246f2027a6a248e642c9a,2026-10-27,Football_MarketConsensus_v1,48.5,-3.0,,,0.0,0.0,0
4853610e63c246f2027a6a248e642c9a,2026-10-27,Football_SpreadValue_v1,48.5,-2.25,AWAY,,-0.75,0.0,0.75
4853610e63c246f2027a6a248e642c9a,2026-10-27,Football_TotalValue_v1,47.5,-3.0,,UNDER,0.0,-1.0,1.0
48e497c230e6c9afcb3b600091d28e17,2026-11-16,Football_KeyNumberGuard_v1,47.5,-3.5,,,0.0,0.0,0
48e497c230e6c9afcb3b600091d28e17,2026-11-16,Football_LineMovement_v1,47.5,-3.5,,,0.0,0.0,0
48e497c230e6c9afcb3b600091d28e17,2026-11-16,Football_MarketBlend_v1,47.0,-3.25,,UNDER,-0.25,-0.5,0.75
48e497c230e6c9afcb3b600091d28e17,2026-11-16,Football_MarketConsensus_v1,47.5,-3.5,,,0.0,0.0,0
48e497c230e6c9afcb3b600091d28e17,2026-11-16,Football_SpreadValue_v1,47.5,-2.75,AWAY,,-0.75,0.0,0.75
48e497c230e6c9afcb3b600091d28e17,2026-11-16,Football_TotalValue_v1,46.5,-3.5,,UNDER,0.0,-1.0,1.0
4963bff460a5f26cab46a8e5ea6db148,2025-10-12,Football_KeyNumberGuard_v1,41.5,-3.5,,,0.0,0.0,0
4963bff460a5f26cab46a8e5ea6db148,2025-10-12,Football_LineMovement_v1,41.5,-3.5,,,0.0,0.0,0
4963bff460a5f26cab46a8e5ea6db148,2025-10-12,Football_MarketBlend_v1,42.0,-3.25,,OVER,-0.25,0.5,0.75
4963bff460a5f26cab46a8e5ea6db148,2025-10-12,Football_MarketConsensus_v1,41.5,-3.5,,,0.0,0.0,0
4963bff460a5f26cab46a8e5ea6db148,2025-10-12,Football_SpreadValue_v1,41.5,-2.75,AWAY,,-0.75,0.0,0.75
4963bff460a5f26cab46a8e5ea6db148,2025-10-12,Football_TotalValue_v1,42.5,-3.5,,OVER,0.0,1.0,1.0
4a08b89f07a4a395620f6df5c1d239f4,2025-09-26,Football_KeyNumberGuard_v1,43.5,1.5,,,0.0,0.0,0
4a08b89f07a4a395620f6df5c1d239f4,2025-09-26,Football_LineMovement_v1,43.5,1.5,,,0.0,0.0,0
4a08b89f07a4a395620f6df5c1d239f4,2025-09-26,Football_MarketBlend_v1,44.0,1.25,HOME,OVER,0.25,0.5,0.75
4a08b89f07a4a395620f6df5c1d239f4,2025-09-26,Football_MarketConsensus_v1,43.5,1.5,,,0.0,0.0,0
4a08b89f07a4a395620f6df5c1d239f4,2025-09-26,Football_SpreadValue_v1,43.5,0.75,HOME,,0.75,0.0,0.75
4a08b89f07a4a395620f6df5c1d239f4,2025-09-26,Football_TotalValue_v1,44.5,1.5,,OVER,0.0,1.0,1.0
4aeee070bb6ec60bdfae4dede61b9014,2026-09-20,Football_KeyNumberGuard_v1,42.5,5.5,,,0.0,0.0,0
4aeee070bb6ec60bdfae4dede61b9014,2026-09-20,Football_LineMovement_v1,42.5,5.5,,,0.0,0.0,0
4aeee070bb6ec60bdfae4dede61b9014,2026-09-20,Football_MarketBlend_v1,43.0,5.25,HOME,OVER,0.25,0.5,0.75
4aeee070bb6ec60bdfae4dede61b9014,2026-09-20,Football_MarketConsensus_v1,42.5,5.5,,,0.0,0.0,0
4aeee070bb6ec60bdfae4dede61b9014,2026-09-20,Football_SpreadValue_v1,42.5,4.75,HOME,,0.75,0.0,0.75
4aeee070bb6ec60bdfae4dede61b9014,2026-09-20,Football_TotalValue_v1,43.5,5.5,,OVER,0.0,1.0,1.0
4b20b742b6168aaca4f25d87f11b1526,2026-11-22,Football_KeyNumberGuard_v1,42.0,-10.0,,,0.0,0.0,0
4b20b742b6168aaca4f25d87f11b1526,2026-11-22,Football_LineMovement_v1,42.0,-10.0,,,0.0,0.0,0
4b20b742b6168aaca4f25d87f11b1526,2026-11-22,Football_MarketBlend_v1,42.0,-10.0,,,0.0,0.0,0
4b20b742b6168aaca4f25d87f11b1526,2026-11-22,Football_MarketConsensus_v1,42.0,-10.0,,,0.0,0.0,0
4b20b742b6168aaca4f25d87f11b1526,2026-11-22,Football_SpreadValue_v1,42.0,-10.0,,,0.0,0.0,0
4b20b742b6168aaca4f25d87f11b1526,2026-11-22,Football_TotalValue_v1,42.0,-10.0,,,0.0,0.0,0
4bc6eb576f5079baecce8c56689c259a,2026-01-25,Football_KeyNumberGuard_v1,46.0,-2.5,,,0.0,0.0,0
4bc6eb576f5079baecce8c56689c259a,2026-01-25,Football_LineMovement_v1,46.0,-2.5,,,0.0,0.0,0
4bc6eb576f5079baecce8c56689c259a,2026-01-25,Football_MarketBlend_v1,45.5,-2.25,,UNDER,-0.25,-0.5,0.75
4bc6eb576f5079baecce8c56689c259a,2026-01-25,Football_MarketConsensus_v1,46.0,-2.5,,,0.0,0.0,0
4bc6eb576f5079baecce8c56689c259a,2026-01-25,Football_SpreadValue_v1,46.0,-1.75,AWAY,,-0.75,0.0,0.75
4bc6eb576f5079baecce8c56689c259a,2026-01-25,Football_TotalValue_v1,45.0,-2.5,,UNDER,0.0,-1.0,1.0
4c4ae4a2d54fc3f71c450187e9391ddc,2025-09-21,Football_KeyNumberGuard_v1,45.5,-3.5,,,0.0,0.0,0
4c4ae4a2d54fc3f71c450187e9391ddc,2025-09-21,Football_LineMovement_v1,45.5,-3.5,,,0.0,0.0,0
4c4ae4a2d54fc3f71c450187e9391ddc,2025-09-21,Football_MarketBlend_v1,45.0,-3.25,,UNDER,-0.25,-0.5,0.75
4c4ae4a2d54fc3f71c450187e9391ddc,2025-09-21,Football_MarketConsensus_v1,45.5,-3.5,,,0.0,0.0,0
4c4ae4a2d54fc3f71c450187e9391ddc,2025-09-21,Football_SpreadValue_v1,45.5,-2.75,AWAY,,-0.75,0.0,0.75
4c4ae4a2d54fc3f71c450187e9391ddc,2025-09-21,Football_TotalValue_v1,44.5,-3.5,,UNDER,0.0,-1.0,1.0
4c5b1c0843a260278e95eb93e7787576,2026-11-22,Football_KeyNumberGuard_v1,48.0,-12.0,,,0.0,0.0,0
4c5b1c0843a260278e95eb93e7787576,2026-11-22,Football_LineMovement_v1,48.0,-12.0,,,0.0,0.0,0
4c5b1c0843a260278e95eb93e7787576,2026-11-22,Football_MarketBlend_v1,48.0,-12.0,,,0.0,0.0,0
4c5b1c0843a260278e95eb93e7787576,2026-11-22,Football_MarketConsensus_v1,48.0,-12.0,,,0.0,0.0,0
4c5b1c0843a260278e95eb93e7787576,2026-11-22,Football_SpreadValue_v1,48.0,-12.0,,,0.0,0.0,0
4c5b1c0843a260278e95eb93e7787576,2026-11-22,Football_TotalValue_v1,48.0,-12.0,,,0.0,0.0,0
4cce00ca468c67eca17a9a061f778fb2,2025-09-07,Football_KeyNumberGuard_v1,45.5,-6.0,,,0.0,0.0,0
4cce00ca468c67eca17a9a061f778fb2,2025-09-07,Football_LineMovement_v1,45.5,-6.0,,,0.0,0.0,0
4cce00ca468c67eca17a9a061f778fb2,2025-09-07,Football_MarketBlend_v1,45.0,-5.75,AWAY,UNDER,-0.25,-0.5,0.75
4cce00ca468c67eca17a9a061f778fb2,2025-09-07,Football_MarketConsensus_v1,45.5,-6.0,,,0.0,0.0,0
4cce00ca468c67eca17a9a061f778fb2,2025-09-07,Football_SpreadValue_v1,45.5,-5.25,AWAY,,-0.75,0.0,0.75
4cce00ca468c67eca17a9a061f778fb2,2025-09-07,Football_TotalValue_v1,44.5,-6.0,,UNDER,0.0,-1.0,1.0
4dd631102a977fd398f7ea594ed208f2,2025-09-28,Football_KeyNumberGuard_v1,38.5,-17.5,,,0.0,0.0,0
4dd631102a977fd398f7ea594ed208f2,2025-09-28,Football_LineMovement_v1,38.5,-17.5,,,0.0,0.0,0
4dd631102a977fd398f7ea594ed208f2,2025-09-28,Football_MarketBlend_v1,39.0,-17.25,AWAY,OVER,-0.25,0.5,0.75
4dd631102a977fd398f7ea594ed208f2,2025-09-28,Football_MarketConsensus_v1,38.5,-17.5,,,0.0,0.0,0
4dd631102a977fd398f7ea594ed208f2,2025-09-28,Football_SpreadValue_v1,38.5,-16.75,AWAY,,-0.75,0.0,0.75
4dd631102a977fd398f7ea594ed208f2,2025-09-28,Football_TotalValue_v1,39.5,-17.5,,OVER,0.0,1.0,1.0
4dd8020192a544385db42374e5555303,2026-09-20,Football_KeyNumberGuard_v1,44.5,10.0,,,0.0,0.0,0
4dd8020192a544385db42374e5555303,2026-09-20,Football_LineMovement_v1,44.5,10.0,,,0.0,0.0,0
4dd8020192a544385db42374e5555303,2026-09-20,Football_MarketBlend_v1,45.0,9.75,,OVER,0.25,0.5,0.75
4dd8020192a544385db42374e5555303,2026-09-20,Football_MarketConsensus_v1,44.5,10.0,,,0.0,0.0,0
4dd8020192a544385db42374e5555303,2026-09-20,Football_SpreadValue_v1,44.5,9.25,HOME,,0.75,0.0,0.75
4dd8020192a544385db42374e5555303,2026-09-20,Football_TotalValue_v1,45.5,10.0,,OVER,0.0,1.0,1.0
4e289ac7d9b5663fd5a06881f2b1424d,2025-12-07,Football_KeyNumberGuard_v1,45.0,1.5,,,0.0,0.0,0
4e289ac7d9b5663fd5a06881f2b1424d,2025-12-07,Football_LineMovement_v1,45.0,1.5,,,0.0,0.0,0
4e289ac7d9b5663fd5a06881f2b1424d,2025-12-07,Football_MarketBlend_v1,44.5,1.25,HOME,UNDER,0.25,-0.5,0.75
4e289ac7d9b5663fd5a06881f2b1424d,2025-12-07,Football_MarketConsensus_v1,45.0,1.5,,,0.0,0.0,0
4e289ac7d9b5663fd5a06881f2b1424d,2025-12-07,Football_SpreadValue_v1,45.0,0.75,HOME,,0.75,0.0,0.75
4e289ac7d9b5663fd5a06881f2b1424d,2025-12-07,Football_TotalValue_v1,44.0,1.5,,UNDER,0.0,-1.0,1.0
4fd1173e2f647cbbebf6713d39693089,2026-01-03,Football_KeyNumberGuard_v1,43.5,-3.0,,,0.0,0.0,0
4fd1173e2f647cbbebf6713d39693089,2026-01-03,Football_LineMovement_v1,43.5,-3.0,,,0.0,0.0,0
4fd1173e2f647cbbebf6713d39693089,2026-01-03,Football_MarketBlend_v1,44.0,-2.75,,OVER,-0.25,0.5,0.75
4fd1173e2f647cbbebf6713d39693089,2026-01-03,Football_MarketConsensus_v1,43.5,-3.0,,,0.0,0.0,0
4fd1173e2f647cbbebf6713d39693089,2026-01-03,Football_SpreadValue_v1,43.5,-2.25,AWAY,,-0.75,0.0,0.75
4fd1173e2f647cbbebf6713d39693089,2026-01-03,Football_TotalValue_v1,44.5,-3.0,,OVER,0.0,1.0,1.0
4fead7bd0592ec121cc3baf72e3e21e0,2025-12-07,Football_KeyNumberGuard_v1,43.0,-5.5,,,0.0,0.0,0
4fead7bd0592ec121cc3baf72e3e21e0,2025-12-07,Football_LineMovement_v1,43.0,-5.5,,,0.0,0.0,0
4fead7bd0592ec121cc3baf72e3e21e0,2025-12-07,Football_MarketBlend_v1,43.5,-5.25,AWAY,OVER,-0.25,0.5,0.75
4fead7bd0592ec121cc3baf72e3e21e0,2025-12-07,Football_MarketConsensus_v1,43.0,-5.5,,,0.0,0.0,0
4fead7bd0592ec121cc3baf72e3e21e0,2025-12-07,Football_SpreadValue_v1,43.0,-4.75,AWAY,,-0.75,0.0,0.75
4fead7bd0592ec121cc3baf72e3e21e0,2025-12-07,Football_TotalValue_v1,44.0,-5.5,,OVER,0.0,1.0,1.0
50bc247030707d823b9c3581d7eb5760,2026-09-21,Football_KeyNumberGuard_v1,47.5,-6.5,,,0.0,0.0,0
50bc247030707d823b9c3581d7eb5760,2026-09-21,Football_LineMovement_v1,47.5,-6.5,,,0.0,0.0,0
50bc247030707d823b9c3581d7eb5760,2026-09-21,Football_MarketBlend_v1,47.0,-6.25,,UNDER,-0.25,-0.5,0.75
50bc247030707d823b9c3581d7eb5760,2026-09-21,Football_MarketConsensus_v1,47.5,-6.5,,,0.0,0.0,0
50bc247030707d823b9c3581d7eb5760,2026-09-21,Football_SpreadValue_v1,47.5,-5.75,AWAY,,-0.75,0.0,0.75
50bc247030707d823b9c3581d7eb5760,2026-09-21,Football_TotalValue_v1,46.5,-6.5,,UNDER,0.0,-1.0,1.0
5185ace33aebc87d39074147940f2fa5,2026-12-13,Football_KeyNumberGuard_v1,39.5,5.0,,,0.0,0.0,0
5185ace33aebc87d39074147940f2fa5,2026-12-13,Football_LineMovement_v1,39.5,5.0,,,0.0,0.0,0
5185ace33aebc87d39074147940f2fa5,2026-12-13,Football_MarketBlend_v1,39.5,5.0,,,0.0,0.0,0
5185ace33aebc87d39074147940f2fa5,2026-12-13,Football_MarketConsensus_v1,39.5,5.0,,,0.0,0.0,0
5185ace33aebc87d39074147940f2fa5,2026-12-13,Football_SpreadValue_v1,39.5,5.0,,,0.0,0.0,0
5185ace33aebc87d39074147940f2fa5,2026-12-13,Football_TotalValue_v1,39.5,5.0,,,0.0,0.0,0
52e7ee9c42525e6deec02da32dc2fad8,2026-11-01,Football_KeyNumberGuard_v1,47.25,-5.0,,,0.0,0.0,0
52e7ee9c42525e6deec02da32dc2fad8,2026-11-01,Football_LineMovement_v1,47.25,-5.0,,,0.0,0.0,0
52e7ee9c42525e6deec02da32dc2fad8,2026-11-01,Football_MarketBlend_v1,47.25,-5.0,,,0.0,0.0,0
52e7ee9c42525e6deec02da32dc2fad8,2026-11-01,Football_MarketConsensus_v1,47.25,-5.0,,,0.0,0.0,0
52e7ee9c42525e6deec02da32dc2fad8,2026-11-01,Football_SpreadValue_v1,47.25,-5.0,,,0.0,0.0,0
52e7ee9c42525e6deec02da32dc2fad8,2026-11-01,Football_TotalValue_v1,47.25,-5.0,,,0.0,0.0,0
52f539d9d080618aa8830a0b03846a80,2025-11-28,Football_KeyNumberGuard_v1,43.5,-7.0,,,0.0,0.0,0
52f539d9d080618aa8830a0b03846a80,2025-11-28,Football_LineMovement_v1,43.5,-7.0,,,0.0,0.0,0
52f539d9d080618aa8830a0b03846a80,2025-11-28,Football_MarketBlend_v1,44.0,-6.75,,OVER,-0.25,0.5,0.75
52f539d9d080618aa8830a0b03846a80,2025-11-28,Football_MarketConsensus_v1,43.5,-7.0,,,0.0,0.0,0
52f539d9d080618aa8830a0b03846a80,2025-11-28,Football_SpreadValue_v1,43.5,-6.25,AWAY,,-0.75,0.0,0.75
52f539d9d080618aa8830a0b03846a80,2025-11-28,Football_TotalValue_v1,44.5,-7.0,,OVER,0.0,1.0,1.0
535bbe97d4e56494b039ade88459c338,2025-11-23,Football_KeyNumberGuard_v1,50.5,-13.5,,,0.0,0.0,0
535bbe97d4e56494b039ade88459c338,2025-11-23,Football_LineMovement_v1,50.5,-13.5,,,0.0,0.0,0
535bbe97d4e56494b039ade88459c338,2025-11-23,Football_MarketBlend_v1,50.0,-13.25,AWAY,UNDER,-0.25,-0.5,0.75
535bbe97d4e56494b039ade88459c338,2025-11-23,Football_MarketConsensus_v1,50.5,-13.5,,,0.0,0.0,0
535bbe97d4e56494b039ade88459c338,2025-11-23,Football_SpreadValue_v1,50.5,-12.75,AWAY,,-0.75,0.0,0.75
535bbe97d4e56494b039ade88459c338,2025-11-23,Football_TotalValue_v1,49.5,-13.5,,UNDER,0.0,-1.0,1.0
53d4369464c66630f03a5d128cd39b08,2025-10-26,Football_KeyNumberGuard_v1,47.5,7.0,,,0.0,0.0,0
53d4369464c66630f03a5d128cd39b08,2025-10-26,Football_LineMovement_v1,47.5,7.0,,,0.0,0.0,0
53d4369464c66630f03a5d128cd39b08,2025-10-26,Football_MarketBlend_v1,47.0,6.75,,UNDER,0.25,-0.5,0.75
53d4369464c66630f03a5d128cd39b08,2025-10-26,Football_MarketConsensus_v1,47.5,7.0,,,0.0,0.0,0
53d4369464c66630f03a5d128cd39b08,2025-10-26,Football_SpreadValue_v1,47.5,6.25,HOME,,0.75,0.0,0.75
53d4369464c66630f03a5d128cd39b08,2025-10-26,Football_TotalValue_v1,46.5,7.0,,UNDER,0.0,-1.0,1.0
550ec5290f935d311995affbcb0b5c79,2026-10-25,Football_KeyNumberGuard_v1,51.5,-3.5,,,0.0,0.0,0
550ec5290f935d311995affbcb0b5c79,2026-10-25,Football_LineMovement_v1,51.5,-3.5,,,0.0,0.0,0
550ec5290f935d311995affbcb0b5c79,2026-10-25,Football_MarketBlend_v1,51.0,-3.25,,UNDER,-0.25,-0.5,0.75
550ec5290f935d311995affbcb0b5c79,2026-10-25,Football_MarketConsensus_v1,51.5,-3.5,,,0.0,0.0,0
550ec5290f935d311995affbcb0b5c79,2026-10-25,Football_SpreadValue_v1,51.5,-2.75,AWAY,,-0.75,0.0,0.75
550ec5290f935d311995affbcb0b5c79,2026-10-25,Football_TotalValue_v1,50.5,-3.5,,UNDER,0.0,-1.0,1.0
553edb8bf2452482b37dde58e832a6fb,2025-09-14,Football_KeyNumberGuard_v1,45.5,-12.5,,,0.0,0.0,0
553edb8bf2452482b37dde58e832a6fb,2025-09-14,Football_LineMovement_v1,45.5,-12.5,,,0.0,0.0,0
553edb8bf2452482b37dde58e832a6fb,2025-09-14,Football_MarketBlend_v1,45.0,-12.25,AWAY,UNDER,-0.25,-0.5,0.75
553edb8bf2452482b37dde58e832a6fb,2025-09-14,Football_MarketConsensus_v1,45.5,-12.5,,,0.0,0.0,0
553edb8bf2452482b37dde58e832a6fb,2025-09-14,Football_SpreadValue_v1,45.5,-11.75,AWAY,,-0.75,0.0,0.75
553edb8bf2452482b37dde58e832a6fb,2025-09-14,Football_TotalValue_v1,44.5,-12.5,,UNDER,0.0,-1.0,1.0
555afd4a27aaa392662881cffa8f2eef,2026-09-27,Football_KeyNumberGuard_v1,44.5,-3.0,,,0.0,0.0,0
555afd4a27aaa392662881cffa8f2eef,2026-09-27,Football_LineMovement_v1,44.5,-3.0,,,0.0,0.0,0
555afd4a27aaa392662881cffa8f2eef,2026-09-27,Football_MarketBlend_v1,45.0,-2.75,,OVER,-0.25,0.5,0.75
555afd4a27aaa392662881cffa8f2eef,2026-09-27,Football_MarketConsensus_v1,44.5,-3.0,,,0.0,0.0,0
555afd4a27aaa392662881cffa8f2eef,2026-09-27,Football_SpreadValue_v1,44.5,-2.25,AWAY,,-0.75,0.0,0.75
555afd4a27aaa392662881cffa8f2eef,2026-09-27,Football_TotalValue_v1,45.5,-3.0,,OVER,0.0,1.0,1.0
557d13ef8f4c1d21044f3a478cda6d0b,2025-09-07,Football_KeyNumberGuard_v1,44.5,6.0,,,0.0,0.0,0
557d13ef8f4c1d21044f3a478cda6d0b,2025-09-07,Football_LineMovement_v1,44.5,6.0,,,0.0,0.0,0
557d13ef8f4c1d21044f3a478cda6d0b,2025-09-07,Football_MarketBlend_v1,45.0,5.75,HOME,OVER,0.25,0.5,0.75
557d13ef8f4c1d21044f3a478cda6d0b,2025-09-07,Football_MarketConsensus_v1,44.5,6.0,,,0.0,0.0,0
557d13ef8f4c1d21044f3a478cda6d0b,2025-09-07,Football_SpreadValue_v1,44.5,5.25,HOME,,0.75,0.0,0.75
557d13ef8f4c1d21044f3a478cda6d0b,2025-09-07,Football_TotalValue_v1,45.5,6.0,,OVER,0.0,1.0,1.0
56e8897681915f7ec92baeee952bb1ae,2026-09-18,Football_KeyNumberGuard_v1,51.5,-3.0,,,0.0,0.0,0
56e8897681915f7ec92baeee952bb1ae,2026-09-18,Football_LineMovement_v1,51.5,-3.0,,,0.0,0.0,0
56e8897681915f7ec92baeee952bb1ae,2026-09-18,Football_MarketBlend_v1,51.0,-2.75,,UNDER,-0.25,-0.5,0.75
56e8897681915f7ec92baeee952bb1ae,2026-09-18,Football_MarketConsensus_v1,51.5,-3.0,,,0.0,0.0,0
56e8897681915f7ec92baeee952bb1ae,2026-09-18,Football_SpreadValue_v1,51.5,-2.25,AWAY,,-0.75,0.0,0.75
56e8897681915f7ec92baeee952bb1ae,2026-09-18,Football_TotalValue_v1,50.5,-3.0,,UNDER,0.0,-1.0,1.0
5737e4dbf6879c5061bb23033a4d8a55,2025-09-21,Football_KeyNumberGuard_v1,44.0,4.5,,,0.0,0.0,0
5737e4dbf6879c5061bb23033a4d8a55,2025-09-21,Football_LineMovement_v1,44.0,4.5,,,0.0,0.0,0
5737e4dbf6879c5061bb23033a4d8a55,2025-09-21,Football_MarketBlend_v1,44.5,4.25,HOME,OVER,0.25,0.5,0.75
5737e4dbf6879c5061bb23033a4d8a55,2025-09-21,Football_MarketConsensus_v1,44.0,4.5,,,0.0,0.0,0
5737e4dbf6879c5061bb23033a4d8a55,2025-09-21,Football_SpreadValue_v1,44.0,3.75,HOME,,0.75,0.0,0.75
5737e4dbf6879c5061bb23033a4d8a55,2025-09-21,Football_TotalValue_v1,45.0,4.5,,OVER,0.0,1.0,1.0
573cc0ef39631a4f6673ec843a8bedd4,2026-10-04,Football_KeyNumberGuard_v1,50.0,-3.5,,,0.0,0.0,0
573cc0ef39631a4f6673ec843a8bedd4,2026-10-04,Football_LineMovement_v1,50.0,-3.5,,,0.0,0.0,0
573cc0ef39631a4f6673ec843a8bedd4,2026-10-04,Football_MarketBlend_v1,50.0,-3.5,,,0.0,0.0,0
573cc0ef39631a4f6673ec843a8bedd4,2026-10-04,Football_MarketConsensus_v1,50.0,-3.5,,,0.0,0.0,0
573cc0ef39631a4f6673ec843a8bedd4,2026-10-04,Football_SpreadValue_v1,50.0,-3.5,,,0.0,0.0,0
573cc0ef39631a4f6673ec843a8bedd4,2026-10-04,Football_TotalValue_v1,50.0,-3.5,,,0.0,0.0,0
57418b2cf5aca558b3c98eafac1e264a,2026-10-18,Football_KeyNumberGuard_v1,41.5,1.5,,,0.0,0.0,0
57418b2cf5aca558b3c98eafac1e264a,2026-10-18,Football_LineMovement_v1,41.5,1.5,,,0.0,0.0,0
57418b2cf5aca558b3c98eafac1e264a,2026-10-18,Football_MarketBlend_v1,42.0,1.25,HOME,OVER,0.25,0.5,0.75
57418b2cf5aca558b3c98eafac1e264a,2026-10-18,Football_MarketConsensus_v1,41.5,1.5,,,0.0,0.0,0
57418b2cf5aca558b3c98eafac1e264a,2026-10-18,Football_SpreadValue_v1,41.5,0.75,HOME,,0.75,0.0,0.75
57418b2cf5aca558b3c98eafac1e264a,2026-10-18,Football_TotalValue_v1,42.5,1.5,,OVER,0.0,1.0,1.0
575c1b169aab675ec72372ccb0f4c55f,2025-09-14,Football_KeyNumberGuard_v1,43.5,-2.5,,,0.0,0.0,0
575c1b169aab675ec72372ccb0f4c55f,2025-09-14,Football_LineMovement_v1,43.5,-2.5,,,0.0,0.0,0
575c1b169aab675ec72372ccb0f4c55f,2025-09-14,Football_MarketBlend_v1,44.0,-2.25,,OVER,-0.25,0.5,0.75
575c1b169aab675ec72372ccb0f4c55f,2025-09-14,Football_MarketConsensus_v1,43.5,-2.5,,,0.0,0.0,0
575c1b169aab675ec72372ccb0f4c55f,2025-09-14,Football_SpreadValue_v1,43.5,-1.75,AWAY,,-0.75,0.0,0.75
575c1b169aab675ec72372ccb0f4c55f,2025-09-14,Football_TotalValue_v1,44.5,-2.5,,OVER,0.0,1.0,1.0
581955d1b79fe87a3a61a4885cd7ea67,2025-09-21,Football_KeyNumberGuard_v1,41.5,7.5,,,0.0,0.0,0
581955d1b79fe87a3a61a4885cd7ea67,2025-09-21,Football_LineMovement_v1,41.5,7.5,,,0.0,0.0,0
581955d1b79fe87a3a61a4885cd7ea67,2025-09-21,Football_MarketBlend_v1,42.0,7.25,,OVER,0.25,0.5,0.75
581955d1b79fe87a3a61a4885cd7ea67,2025-09-21,Football_MarketConsensus_v1,41.5,7.5,,,0.0,0.0,0
581955d1b79fe87a3a61a4885cd7ea67,2025-09-21,Football_SpreadValue_v1,41.5,6.75,HOME,,0.75,0.0,0.75
581955d1b79fe87a3a61a4885cd7ea67,2025-09-21,Football_TotalValue_v1,42.5,7.5,,OVER,0.0,1.0,1.0
58b16c4033587f5662ff365bce2dbb92,2025-12-07,Football_KeyNumberGuard_v1,43.5,1.0,,,0.0,0.0,0
58b16c4033587f5662ff365bce2dbb92,2025-12-07,Football_LineMovement_v1,43.5,1.0,,,0.0,0.0,0
58b16c4033587f5662ff365bce2dbb92,2025-12-07,Football_MarketBlend_v1,44.0,0.75,HOME,OVER,0.25,0.5,0.75
58b16c4033587f5662ff365bce2dbb92,2025-12-07,Football_MarketConsensus_v1,43.5,1.0,,,0.0,0.0,0
58b16c4033587f5662ff365bce2dbb92,2025-12-07,Football_SpreadValue_v1,43.5,0.25,HOME,,0.75,0.0,0.75
58b16c4033587f5662ff365bce2dbb92,2025-12-07,Football_TotalValue_v1,44.5,1.0,,OVER,0.0,1.0,1.0
591fd7cff37201a14cbdfbd457592445,2025-11-16,Football_KeyNumberGuard_v1,43.5,3.0,,,0.0,0.0,0
591fd7cff37201a14cbdfbd457592445,2025-11-16,Football_LineMovement_v1,43.5,3.0,,,0.0,0.0,0
591fd7cff37201a14cbdfbd457592445,2025-11-16,Football_MarketBlend_v1,44.0,2.75,,OVER,0.25,0.5,0.75
591fd7cff37201a14cbdfbd457592445,2025-11-16,Football_MarketConsensus_v1,43.5,3.0,,,0.0,0.0,0
591fd7cff37201a14cbdfbd457592445,2025-11-16,Football_SpreadValue_v1,43.5,2.25,HOME,,0.75,0.0,0.75
591fd7cff37201a14cbdfbd457592445,2025-11-16,Football_TotalValue_v1,44.5,3.0,,OVER,0.0,1.0,1.0
5931eee49f5f2656a5344e1388a68816,2026-12-20,Football_KeyNumberGuard_v1,47.0,-3.75,,,0.0,0.0,0
5931eee49f5f2656a5344e1388a68816,2026-12-20,Football_LineMovement_v1,47.0,-3.75,,,0.0,0.0,0
5931eee49f5f2656a5344e1388a68816,2026-12-20,Football_MarketBlend_v1,47.0,-3.75,,,0.0,0.0,0
5931eee49f5f2656a5344e1388a68816,2026-12-20,Football_MarketConsensus_v1,47.0,-3.75,,,0.0,0.0,0
5931eee49f5f2656a5344e1388a68816,2026-12-20,Football_SpreadValue_v1,47.0,-3.75,,,0.0,0.0,0
5931eee49f5f2656a5344e1388a68816,2026-12-20,Football_TotalValue_v1,47.0,-3.75,,,0.0,0.0,0
596df6f5735277fee0cd78e61cd71060,2025-12-28,Football_KeyNumberGuard_v1,44.5,-2.5,,,0.0,0.0,0
596df6f5735277fee0cd78e61cd71060,2025-12-28,Football_LineMovement_v1,44.5,-2.5,,,0.0,0.0,0
596df6f5735277fee0cd78e61cd71060,2025-12-28,Football_MarketBlend_v1,45.0,-2.25,,OVER,-0.25,0.5,0.75
596df6f5735277fee0cd78e61cd71060,2025-12-28,Football_MarketConsensus_v1,44.5,-2.5,,,0.0,0.0,0
596df6f5735277fee0cd78e61cd71060,2025-12-28,Football_SpreadValue_v1,44.5,-1.75,AWAY,,-0.75,0.0,0.75
596df6f5735277fee0cd78e61cd71060,2025-12-28,Football_TotalValue_v1,45.5,-2.5,,OVER,0.0,1.0,1.0
5ad8135dc2b5f27de0b777acd317855a,2026-09-15,Football_KeyNumberGuard_v1,43.5,-2.5,,,0.0,0.0,0
5ad8135dc2b5f27de0b777acd317855a,2026-09-15,Football_LineMovement_v1,43.5,-2.5,,,0.0,0.0,0
5ad8135dc2b5f27de0b777acd317855a,2026-09-15,Football_MarketBlend_v1,44.0,-2.25,,OVER,-0.25,0.5,0.75
5ad8135dc2b5f27de0b777acd317855a,2026-09-15,Football_MarketConsensus_v1,43.5,-2.5,,,0.0,0.0,0
5ad8135dc2b5f27de0b777acd317855a,2026-09-15,Football_SpreadValue_v1,43.5,-1.75,AWAY,,-0.75,0.0,0.75
5ad8135dc2b5f27de0b777acd317855a,2026-09-15,Football_TotalValue_v1,44.5,-2.5,,OVER,0.0,1.0,1.0
5b1211b476d0afa2b57133c9603583b6,2025-12-07,Football_KeyNumberGuard_v1,44.0,-6.5,,,0.0,0.0,0
5b1211b476d0afa2b57133c9603583b6,2025-12-07,Football_LineMovement_v1,44.0,-6.5,,,0.0,0.0,0
5b1211b476d0afa2b57133c9603583b6,2025-12-07,Football_MarketBlend_v1,44.5,-6.25,,OVER,-0.25,0.5,0.75
5b1211b476d0afa2b57133c9603583b6,2025-12-07,Football_MarketConsensus_v1,44.0,-6.5,,,0.0,0.0,0
5b1211b476d0afa2b57133c9603583b6,2025-12-07,Football_SpreadValue_v1,44.0,-5.75,AWAY,,-0.75,0.0,0.75
5b1211b476d0afa2b57133c9603583b6,2025-12-07,Football_TotalValue_v1,45.0,-6.5,,OVER,0.0,1.0,1.0
5b612899d6dcdf998107f2c6c6e49a58,2026-11-26,Football_KeyNumberGuard_v1,48.5,-5.5,,,0.0,0.0,0
5b612899d6dcdf998107f2c6c6e49a58,2026-11-26,Football_LineMovement_v1,48.5,-5.5,,,0.0,0.0,0
5b612899d6dcdf998107f2c6c6e49a58,2026-11-26,Football_MarketBlend_v1,48.0,-5.25,AWAY,UNDER,-0.25,-0.5,0.75
5b612899d6dcdf998107f2c6c6e49a58,2026-11-26,Football_MarketConsensus_v1,48.5,-5.5,,,0.0,0.0,0
5b612899d6dcdf998107f2c6c6e49a58,2026-11-26,Football_SpreadValue_v1,48.5,-4.75,AWAY,,-0.75,0.0,0.75
5b612899d6dcdf998107f2c6c6e49a58,2026-11-26,Football_TotalValue_v1,47.5,-5.5,,UNDER,0.0,-1.0,1.0
5c06e82838fcfade9adf1e89b8bd3081,2025-11-16,Football_KeyNumberGuard_v1,41.5,7.0,,,0.0,0.0,0
5c06e82838fcfade9adf1e89b8bd3081,2025-11-16,Football_LineMovement_v1,41.5,7.0,,,0.0,0.0,0
5c06e82838fcfade9adf1e89b8bd3081,2025-11-16,Football_MarketBlend_v1,42.0,6.75,,OVER,0.25,0.5,0.75
5c06e82838fcfade9adf1e89b8bd3081,2025-11-16,Football_MarketConsensus_v1,41.5,7.0,,,0.0,0.0,0
5c06e82838fcfade9adf1e89b8bd3081,2025-11-16,Football_SpreadValue_v1,41.5,6.25,HOME,,0.75,0.0,0.75
5c06e82838fcfade9adf1e89b8bd3081,2025-11-16,Football_TotalValue_v1,42.5,7.0,,OVER,0.0,1.0,1.0
5d7b12c34454df4ff2c59a15ca58e63f,2025-12-09,Football_KeyNumberGuard_v1,41.5,2.0,,,0.0,0.0,0
5d7b12c34454df4ff2c59a15ca58e63f,2025-12-09,Football_LineMovement_v1,41.5,2.0,,,0.0,0.0,0
5d7b12c34454df4ff2c59a15ca58e63f,2025-12-09,Football_MarketBlend_v1,42.0,1.75,HOME,OVER,0.25,0.5,0.75
5d7b12c34454df4ff2c59a15ca58e63f,2025-12-09,Football_MarketConsensus_v1,41.5,2.0,,,0.0,0.0,0
5d7b12c34454df4ff2c59a15ca58e63f,2025-12-09,Football_SpreadValue_v1,41.5,1.25,HOME,,0.75,0.0,0.75
5d7b12c34454df4ff2c59a15ca58e63f,2025-12-09,Football_TotalValue_v1,42.5,2.0,,OVER,0.0,1.0,1.0
5d8d85473b87f772a979ecf294acab94,2026-11-15,Football_KeyNumberGuard_v1,45.5,-4.5,,,0.0,0.0,0
5d8d85473b87f772a979ecf294acab94,2026-11-15,Football_LineMovement_v1,45.5,-4.5,,,0.0,0.0,0
5d8d85473b87f772a979ecf294acab94,2026-11-15,Football_MarketBlend_v1,45.0,-4.25,AWAY,UNDER,-0.25,-0.5,0.75
5d8d85473b87f772a979ecf294acab94,2026-11-15,Football_MarketConsensus_v1,45.5,-4.5,,,0.0,0.0,0
5d8d85473b87f772a979ecf294acab94,2026-11-15,Football_SpreadValue_v1,45.5,-3.75,AWAY,,-0.75,0.0,0.75
5d8d85473b87f772a979ecf294acab94,2026-11-15,Football_TotalValue_v1,44.5,-4.5,,UNDER,0.0,-1.0,1.0
5dc9cb8fba610d682dc670ae4e7d59f3,2026-12-13,Football_KeyNumberGuard_v1,44.0,1.5,,,0.0,0.0,0
5dc9cb8fba610d682dc670ae4e7d59f3,2026-12-13,Football_LineMovement_v1,44.0,1.5,,,0.0,0.0,0
5dc9cb8fba610d682dc670ae4e7d59f3,2026-12-13,Football_MarketBlend_v1,44.0,1.5,,,0.0,0.0,0
5dc9cb8fba610d682dc670ae4e7d59f3,2026-12-13,Football_MarketConsensus_v1,44.0,1.5,,,0.0,0.0,0
5dc9cb8fba610d682dc670ae4e7d59f3,2026-12-13,Football_SpreadValue_v1,44.0,1.5,,,0.0,0.0,0
5dc9cb8fba610d682dc670ae4e7d59f3,2026-12-13,Football_TotalValue_v1,44.0,1.5,,,0.0,0.0,0
5dce18baccec5d3ad5fb3a3ce52f7619,2026-10-25,Football_KeyNumberGuard_v1,39.5,-2.75,,,0.0,0.0,0
5dce18baccec5d3ad5fb3a3ce52f7619,2026-10-25,Football_LineMovement_v1,39.5,-2.75,,,0.0,0.0,0
5dce18baccec5d3ad5fb3a3ce52f7619,2026-10-25,Football_MarketBlend_v1,39.5,-2.75,,,0.0,0.0,0
5dce18baccec5d3ad5fb3a3ce52f7619,2026-10-25,Football_MarketConsensus_v1,39.5,-2.75,,,0.0,0.0,0
5dce18baccec5d3ad5fb3a3ce52f7619,2026-10-25,Football_SpreadValue_v1,39.5,-2.75,,,0.0,0.0,0
5dce18baccec5d3ad5fb3a3ce52f7619,2026-10-25,Football_TotalValue_v1,39.5,-2.75,,,0.0,0.0,0
5e63079b678f8c13419adc169fff02d3,2026-11-22,Football_KeyNumberGuard_v1,48.0,-6.75,,,0.0,0.0,0
5e63079b678f8c13419adc169fff02d3,2026-11-22,Football_LineMovement_v1,48.0,-6.75,,,0.0,0.0,0
5e63079b678f8c13419adc169fff02d3,2026-11-22,Football_MarketBlend_v1,48.0,-6.75,,,0.0,0.0,0
5e63079b678f8c13419adc169fff02d3,2026-11-22,Football_MarketConsensus_v1,48.0,-6.75,,,0.0,0.0,0
5e63079b678f8c13419adc169fff02d3,2026-11-22,Football_SpreadValue_v1,48.0,-6.75,,,0.0,0.0,0
5e63079b678f8c13419adc169fff02d3,2026-11-22,Football_TotalValue_v1,48.0,-6.75,,,0.0,0.0,0
5ea0e3ea5944b0ad5169f21c0787b331,2026-11-29,Football_KeyNumberGuard_v1,40.0,-1.5,,,0.0,0.0,0
5ea0e3ea5944b0ad5169f21c0787b331,2026-11-29,Football_LineMovement_v1,40.0,-1.5,,,0.0,0.0,0
5ea0e3ea5944b0ad5169f21c0787b331,2026-11-29,Football_MarketBlend_v1,40.0,-1.5,,,0.0,0.0,0
5ea0e3ea5944b0ad5169f21c0787b331,2026-11-29,Football_MarketConsensus_v1,40.0,-1.5,,,0.0,0.0,0
5ea0e3ea5944b0ad5169f21c0787b331,2026-11-29,Football_SpreadValue_v1,40.0,-1.5,,,0.0,0.0,0
5ea0e3ea5944b0ad5169f21c0787b331,2026-11-29,Football_TotalValue_v1,40.0,-1.5,,,0.0,0.0,0
5ed483bb614b18955f8b43f177746371,2025-09-07,Football_KeyNumberGuard_v1,38.0,3.0,,,0.0,0.0,0
5ed483bb614b18955f8b43f177746371,2025-09-07,Football_LineMovement_v1,38.0,3.0,,,0.0,0.0,0
5ed483bb614b18955f8b43f177746371,2025-09-07,Football_MarketBlend_v1,38.5,2.75,,OVER,0.25,0.5,0.75
5ed483bb614b18955f8b43f177746371,2025-09-07,Football_MarketConsensus_v1,38.0,3.0,,,0.0,0.0,0
5ed483bb614b18955f8b43f177746371,2025-09-07,Football_SpreadValue_v1,38.0,2.25,HOME,,0.75,0.0,0.75
5ed483bb614b18955f8b43f177746371,2025-09-07,Football_TotalValue_v1,39.0,3.0,,OVER,0.0,1.0,1.0
6031b513e188fc19a2311499566c9258,2025-11-02,Football_KeyNumberGuard_v1,43.5,-13.0,,,0.0,0.0,0
6031b513e188fc19a2311499566c9258,2025-11-02,Football_LineMovement_v1,43.5,-13.0,,,0.0,0.0,0
6031b513e188fc19a2311499566c9258,2025-11-02,Football_MarketBlend_v1,44.0,-12.75,AWAY,OVER,-0.25,0.5,0.75
6031b513e188fc19a2311499566c9258,2025-11-02,Football_MarketConsensus_v1,43.5,-13.0,,,0.0,0.0,0
6031b513e188fc19a2311499566c9258,2025-11-02,Football_SpreadValue_v1,43.5,-12.25,AWAY,,-0.75,0.0,0.75
6031b513e188fc19a2311499566c9258,2025-11-02,Football_TotalValue_v1,44.5,-13.0,,OVER,0.0,1.0,1.0
6076f9eab496770efc0ab7095b27c122,2025-10-17,Football_KeyNumberGuard_v1,44.5,5.5,,,0.0,0.0,0
6076f9eab496770efc0ab7095b27c122,2025-10-17,Football_LineMovement_v1,44.5,5.5,,,0.0,0.0,0
6076f9eab496770efc0ab7095b27c122,2025-10-17,Football_MarketBlend_v1,45.0,5.25,HOME,OVER,0.25,0.5,0.75
6076f9eab496770efc0ab7095b27c122,2025-10-17,Football_MarketConsensus_v1,44.5,5.5,,,0.0,0.0,0
6076f9eab496770efc0ab7095b27c122,2025-10-17,Football_SpreadValue_v1,44.5,4.75,HOME,,0.75,0.0,0.75
6076f9eab496770efc0ab7095b27c122,2025-10-17,Football_TotalValue_v1,45.5,5.5,,OVER,0.0,1.0,1.0
6079a5cbabf99b265a17edfc92a1da60,2026-11-15,Football_KeyNumberGuard_v1,43.5,7.0,,,0.0,0.0,0
6079a5cbabf99b265a17edfc92a1da60,2026-11-15,Football_LineMovement_v1,43.5,7.0,,,0.0,0.0,0
6079a5cbabf99b265a17edfc92a1da60,2026-11-15,Football_MarketBlend_v1,44.0,6.75,,OVER,0.25,0.5,0.75
6079a5cbabf99b265a17edfc92a1da60,2026-11-15,Football_MarketConsensus_v1,43.5,7.0,,,0.0,0.0,0
6079a5cbabf99b265a17edfc92a1da60,2026-11-15,Football_SpreadValue_v1,43.5,6.25,HOME,,0.75,0.0,0.75
6079a5cbabf99b265a17edfc92a1da60,2026-11-15,Football_TotalValue_v1,44.5,7.0,,OVER,0.0,1.0,1.0
60d0c074801985c1062795362a24200e,2026-11-29,Football_KeyNumberGuard_v1,45.0,-1.25,,,0.0,0.0,0
60d0c074801985c1062795362a24200e,2026-11-29,Football_LineMovement_v1,45.0,-1.25,,,0.0,0.0,0
60d0c074801985c1062795362a24200e,2026-11-29,Football_MarketBlend_v1,45.0,-1.25,,,0.0,0.0,0
60d0c074801985c1062795362a24200e,2026-11-29,Football_MarketConsensus_v1,45.0,-1.25,,,0.0,0.0,0
60d0c074801985c1062795362a24200e,2026-11-29,Football_SpreadValue_v1,45.0,-1.25,,,0.0,0.0,0
60d0c074801985c1062795362a24200e,2026-11-29,Football_TotalValue_v1,45.0,-1.25,,,0.0,0.0,0
60e1d27b083a335b722c2c852ea85612,2026-11-23,Football_KeyNumberGuard_v1,46.5,-3.75,,,0.0,0.0,0
60e1d27b083a335b722c2c852ea85612,2026-11-23,Football_LineMovement_v1,46.5,-3.75,,,0.0,0.0,0
60e1d27b083a335b722c2c852ea85612,2026-11-23,Football_MarketBlend_v1,46.0,-3.5,AWAY,UNDER,-0.25,-0.5,0.75
60e1d27b083a335b722c2c852ea85612,2026-11-23,Football_MarketConsensus_v1,46.5,-3.75,,,0.0,0.0,0
60e1d27b083a335b722c2c852ea85612,2026-11-23,Football_SpreadValue_v1,46.5,-3.0,AWAY,,-0.75,0.0,0.75
60e1d27b083a335b722c2c852ea85612,2026-11-23,Football_TotalValue_v1,45.5,-3.75,,UNDER,0.0,-1.0,1.0
613b8cd3a5fab58f7be4e3fd6f76223e,2026-09-27,Football_KeyNumberGuard_v1,38.75,2.0,,,0.0,0.0,0
613b8cd3a5fab58f7be4e3fd6f76223e,2026-09-27,Football_LineMovement_v1,38.75,2.0,,,0.0,0.0,0
613b8cd3a5fab58f7be4e3fd6f76223e,2026-09-27,Football_MarketBlend_v1,38.75,2.0,,,0.0,0.0,0
613b8cd3a5fab58f7be4e3fd6f76223e,2026-09-27,Football_MarketConsensus_v1,38.75,2.0,,,0.0,0.0,0
613b8cd3a5fab58f7be4e3fd6f76223e,2026-09-27,Football_SpreadValue_v1,38.75,2.0,,,0.0,0.0,0
613b8cd3a5fab58f7be4e3fd6f76223e,2026-09-27,Football_TotalValue_v1,38.75,2.0,,,0.0,0.0,0
61531628516decd1ee8116da5f6f9056,2025-11-02,Football_KeyNumberGuard_v1,52.5,2.0,,,0.0,0.0,0
61531628516decd1ee8116da5f6f9056,2025-11-02,Football_LineMovement_v1,52.5,2.0,,,0.0,0.0,0
61531628516decd1ee8116da5f6f9056,2025-11-02,Football_MarketBlend_v1,52.0,1.75,HOME,UNDER,0.25,-0.5,0.75
61531628516decd1ee8116da5f6f9056,2025-11-02,Football_MarketConsensus_v1,52.5,2.0,,,0.0,0.0,0
61531628516decd1ee8116da5f6f9056,2025-11-02,Football_SpreadValue_v1,52.5,1.25,HOME,,0.75,0.0,0.75
61531628516decd1ee8116da5f6f9056,2025-11-02,Football_TotalValue_v1,51.5,2.0,,UNDER,0.0,-1.0,1.0
6174916c7e2df8d1b80a88cfbd259d44,2026-12-13,Football_KeyNumberGuard_v1,50.0,2.5,,,0.0,0.0,0
6174916c7e2df8d1b80a88cfbd259d44,2026-12-13,Football_LineMovement_v1,50.0,2.5,,,0.0,0.0,0
6174916c7e2df8d1b80a88cfbd259d44,2026-12-13,Football_MarketBlend_v1,50.0,2.5,,,0.0,0.0,0
6174916c7e2df8d1b80a88cfbd259d44,2026-12-13,Football_MarketConsensus_v1,50.0,2.5,,,0.0,0.0,0
6174916c7e2df8d1b80a88cfbd259d44,2026-12-13,Football_SpreadValue_v1,50.0,2.5,,,0.0,0.0,0
6174916c7e2df8d1b80a88cfbd259d44,2026-12-13,Football_TotalValue_v1,50.0,2.5,,,0.0,0.0,0
61e1e459b2ddafd43e8808d4f40c01d9,2025-11-30,Football_KeyNumberGuard_v1,42.0,5.5,,,0.0,0.0,0
61e1e459b2ddafd43e8808d4f40c01d9,2025-11-30,Football_LineMovement_v1,42.0,5.5,,,0.0,0.0,0
61e1e459b2ddafd43e8808d4f40c01d9,2025-11-30,Football_MarketBlend_v1,42.5,5.25,HOME,OVER,0.25,0.5,0.75
61e1e459b2ddafd43e8808d4f40c01d9,2025-11-30,Football_MarketConsensus_v1,42.0,5.5,,,0.0,0.0,0
61e1e459b2ddafd43e8808d4f40c01d9,2025-11-30,Football_SpreadValue_v1,42.0,4.75,HOME,,0.75,0.0,0.75
61e1e459b2ddafd43e8808d4f40c01d9,2025-11-30,Football_TotalValue_v1,43.0,5.5,,OVER,0.0,1.0,1.0
623e9172767ca231241e2313bbee095e,2026-01-04,Football_KeyNumberGuard_v1,46.5,-13.5,,,0.0,0.0,0
623e9172767ca231241e2313bbee095e,2026-01-04,Football_LineMovement_v1,46.5,-13.5,,,0.0,0.0,0
623e9172767ca231241e2313bbee095e,2026-01-04,Football_MarketBlend_v1,46.0,-13.25,AWAY,UNDER,-0.25,-0.5,0.75
623e9172767ca231241e2313bbee095e,2026-01-04,Football_MarketConsensus_v1,46.5,-13.5,,,0.0,0.0,0
623e9172767ca231241e2313bbee095e,2026-01-04,Football_SpreadValue_v1,46.5,-12.75,AWAY,,-0.75,0.0,0.75
623e9172767ca231241e2313bbee095e,2026-01-04,Football_TotalValue_v1,45.5,-13.5,,UNDER,0.0,-1.0,1.0
6439b16f4a038f1c351dc3f1aef27471,2025-10-24,Football_KeyNumberGuard_v1,44.5,-3.5,,,0.0,0.0,0
6439b16f4a038f1c351dc3f1aef27471,2025-10-24,Football_LineMovement_v1,44.5,-3.5,,,0.0,0.0,0
6439b16f4a038f1c351dc3f1aef27471,2025-10-24,Football_MarketBlend_v1,45.0,-3.25,,OVER,-0.25,0.5,0.75
6439b16f4a038f1c351dc3f1aef27471,2025-10-24,Football_MarketConsensus_v1,44.5,-3.5,,,0.0,0.0,0
6439b16f4a038f1c351dc3f1aef27471,2025-10-24,Football_SpreadValue_v1,44.5,-2.75,AWAY,,-0.75,0.0,0.75
6439b16f4a038f1c351dc3f1aef27471,2025-10-24,Football_TotalValue_v1,45.5,-3.5,,OVER,0.0,1.0,1.0
664e6bda5721dc63be16bcf7d962a436,2026-10-04,Football_KeyNumberGuard_v1,45.5,-7.0,,,0.0,0.0,0
664e6bda5721dc63be16bcf7d962a436,2026-10-04,Football_LineMovement_v1,45.5,-7.0,,,0.0,0.0,0
664e6bda5721dc63be16bcf7d962a436,2026-10-04,Football_MarketBlend_v1,45.0,-6.75,,UNDER,-0.25,-0.5,0.75
664e6bda5721dc63be16bcf7d962a436,2026-10-04,Football_MarketConsensus_v1,45.5,-7.0,,,0.0,0.0,0
664e6bda5721dc63be16bcf7d962a436,2026-10-04,Football_SpreadValue_v1,45.5,-6.25,AWAY,,-0.75,0.0,0.75
664e6bda5721dc63be16bcf7d962a436,2026-10-04,Football_TotalValue_v1,44.5,-7.0,,UNDER,0.0,-1.0,1.0
669a7b568c2a64f9a136dadb0eda1da8,2026-12-27,Football_KeyNumberGuard_v1,41.5,6.25,,,0.0,0.0,0
669a7b568c2a64f9a136dadb0eda1da8,2026-12-27,Football_LineMovement_v1,41.5,6.25,,,0.0,0.0,0
669a7b568c2a64f9a136dadb0eda1da8,2026-12-27,Football_MarketBlend_v1,41.5,6.25,,,0.0,0.0,0
669a7b568c2a64f9a136dadb0eda1da8,2026-12-27,Football_MarketConsensus_v1,41.5,6.25,,,0.0,0.0,0
669a7b568c2a64f9a136dadb0eda1da8,2026-12-27,Football_SpreadValue_v1,41.5,6.25,,,0.0,0.0,0
669a7b568c2a64f9a136dadb0eda1da8,2026-12-27,Football_TotalValue_v1,41.5,6.25,,,0.0,0.0,0
66f9e83cf025d58acee12bce18661fb3,2026-11-20,Football_KeyNumberGuard_v1,44.5,-5.0,,,0.0,0.0,0
66f9e83cf025d58acee12bce18661fb3,2026-11-20,Football_LineMovement_v1,44.5,-5.0,,,0.0,0.0,0
66f9e83cf025d58acee12bce18661fb3,2026-11-20,Football_MarketBlend_v1,44.5,-5.0,,,0.0,0.0,0
66f9e83cf025d58acee12bce18661fb3,2026-11-20,Football_MarketConsensus_v1,44.5,-5.0,,,0.0,0.0,0
66f9e83cf025d58acee12bce18661fb3,2026-11-20,Football_SpreadValue_v1,44.5,-5.0,,,0.0,0.0,0
66f9e83cf025d58acee12bce18661fb3,2026-11-20,Football_TotalValue_v1,44.5,-5.0,,,0.0,0.0,0
677dbbb6ad96fc5f5b36bb20b43139dd,2025-10-31,Football_KeyNumberGuard_v1,51.0,7.5,,,0.0,0.0,0
677dbbb6ad96fc5f5b36bb20b43139dd,2025-10-31,Football_LineMovement_v1,51.0,7.5,,,0.0,0.0,0
677dbbb6ad96fc5f5b36bb20b43139dd,2025-10-31,Football_MarketBlend_v1,50.5,7.25,,UNDER,0.25,-0.5,0.75
677dbbb6ad96fc5f5b36bb20b43139dd,2025-10-31,Football_MarketConsensus_v1,51.0,7.5,,,0.0,0.0,0
677dbbb6ad96fc5f5b36bb20b43139dd,2025-10-31,Football_SpreadValue_v1,51.0,6.75,HOME,,0.75,0.0,0.75
677dbbb6ad96fc5f5b36bb20b43139dd,2025-10-31,Football_TotalValue_v1,50.0,7.5,,UNDER,0.0,-1.0,1.0
67d842cb73300ef923959105698b63bb,2027-01-03,Football_KeyNumberGuard_v1,45.5,-1.5,,,0.0,0.0,0
67d842cb73300ef923959105698b63bb,2027-01-03,Football_LineMovement_v1,45.5,-1.5,,,0.0,0.0,0
67d842cb73300ef923959105698b63bb,2027-01-03,Football_MarketBlend_v1,45.0,-1.25,AWAY,UNDER,-0.25,-0.5,0.75
67d842cb73300ef923959105698b63bb,2027-01-03,Football_MarketConsensus_v1,45.5,-1.5,,,0.0,0.0,0
67d842cb73300ef923959105698b63bb,2027-01-03,Football_SpreadValue_v1,45.5,-0.75,AWAY,,-0.75,0.0,0.75
67d842cb73300ef923959105698b63bb,2027-01-03,Football_TotalValue_v1,44.5,-1.5,,UNDER,0.0,-1.0,1.0
67e51d17848485bed8737bd7043a275a,2025-11-30,Football_KeyNumberGuard_v1,45.0,10.5,,,0.0,0.0,0
67e51d17848485bed8737bd7043a275a,2025-11-30,Football_LineMovement_v1,45.0,10.5,,,0.0,0.0,0
67e51d17848485bed8737bd7043a275a,2025-11-30,Football_MarketBlend_v1,44.5,10.25,,UNDER,0.25,-0.5,0.75
67e51d17848485bed8737bd7043a275a,2025-11-30,Football_MarketConsensus_v1,45.0,10.5,,,0.0,0.0,0
67e51d17848485bed8737bd7043a275a,2025-11-30,Football_SpreadValue_v1,45.0,9.75,HOME,,0.75,0.0,0.75
67e51d17848485bed8737bd7043a275a,2025-11-30,Football_TotalValue_v1,44.0,10.5,,UNDER,0.0,-1.0,1.0
68397f3aa9eb847a421a49f990a11928,2025-09-07,Football_KeyNumberGuard_v1,42.5,-9.0,,,0.0,0.0,0
68397f3aa9eb847a421a49f990a11928,2025-09-07,Football_LineMovement_v1,42.5,-9.0,,,0.0,0.0,0
68397f3aa9eb847a421a49f990a11928,2025-09-07,Football_MarketBlend_v1,43.0,-8.75,AWAY,OVER,-0.25,0.5,0.75
68397f3aa9eb847a421a49f990a11928,2025-09-07,Football_MarketConsensus_v1,42.5,-9.0,,,0.0,0.0,0
68397f3aa9eb847a421a49f990a11928,2025-09-07,Football_SpreadValue_v1,42.5,-8.25,AWAY,,-0.75,0.0,0.75
68397f3aa9eb847a421a49f990a11928,2025-09-07,Football_TotalValue_v1,43.5,-9.0,,OVER,0.0,1.0,1.0
68bc55903f50af4af4766adcc89fcc61,2026-09-20,Football_KeyNumberGuard_v1,46.5,-10.5,,,0.0,0.0,0
68bc55903f50af4af4766adcc89fcc61,2026-09-20,Football_LineMovement_v1,46.5,-10.5,,,0.0,0.0,0
68bc55903f50af4af4766adcc89fcc61,2026-09-20,Football_MarketBlend_v1,46.0,-10.25,,UNDER,-0.25,-0.5,0.75
68bc55903f50af4af4766adcc89fcc61,2026-09-20,Football_MarketConsensus_v1,46.5,-10.5,,,0.0,0.0,0
68bc55903f50af4af4766adcc89fcc61,2026-09-20,Football_SpreadValue_v1,46.5,-9.75,AWAY,,-0.75,0.0,0.75
68bc55903f50af4af4766adcc89fcc61,2026-09-20,Football_TotalValue_v1,45.5,-10.5,,UNDER,0.0,-1.0,1.0
690e2ee2ed5f0875f7cbaecdc51373f5,2026-12-15,Football_KeyNumberGuard_v1,44.5,-3.0,,,0.0,0.0,0
690e2ee2ed5f0875f7cbaecdc51373f5,2026-12-15,Football_LineMovement_v1,44.5,-3.0,,,0.0,0.0,0
690e2ee2ed5f0875f7cbaecdc51373f5,2026-12-15,Football_MarketBlend_v1,45.0,-2.75,,OVER,-0.25,0.5,0.75
690e2ee2ed5f0875f7cbaecdc51373f5,2026-12-15,Football_MarketConsensus_v1,44.5,-3.0,,,0.0,0.0,0
690e2ee2ed5f0875f7cbaecdc51373f5,2026-12-15,Football_SpreadValue_v1,44.5,-2.25,AWAY,,-0.75,0.0,0.75
690e2ee2ed5f0875f7cbaecdc51373f5,2026-12-15,Football_TotalValue_v1,45.5,-3.0,,OVER,0.0,1.0,1.0
69a1dbe9de3d3212c3a7a55be5d204ab,2026-11-29,Football_KeyNumberGuard_v1,47.5,4.5,,,0.0,0.0,0
69a1dbe9de3d3212c3a7a55be5d204ab,2026-11-29,Football_LineMovement_v1,47.5,4.5,,,0.0,0.0,0
69a1dbe9de3d3212c3a7a55be5d204ab,2026-11-29,Football_MarketBlend_v1,47.0,4.25,HOME,UNDER,0.25,-0.5,0.75
69a1dbe9de3d3212c3a7a55be5d204ab,2026-11-29,Football_MarketConsensus_v1,47.5,4.5,,,0.0,0.0,0
69a1dbe9de3d3212c3a7a55be5d204ab,2026-11-29,Football_SpreadValue_v1,47.5,3.75,HOME,,0.75,0.0,0.75
69a1dbe9de3d3212c3a7a55be5d204ab,2026-11-29,Football_TotalValue_v1,46.5,4.5,,UNDER,0.0,-1.0,1.0
6a05021bdb6bab24b9bb381ffff10f0c,2026-11-29,Football_KeyNumberGuard_v1,43.5,-4.0,,,0.0,0.0,0
6a05021bdb6bab24b9bb381ffff10f0c,2026-11-29,Football_LineMovement_v1,43.5,-4.0,,,0.0,0.0,0
6a05021bdb6bab24b9bb381ffff10f0c,2026-11-29,Football_MarketBlend_v1,43.5,-4.0,,,0.0,0.0,0
6a05021bdb6bab24b9bb381ffff10f0c,2026-11-29,Football_MarketConsensus_v1,43.5,-4.0,,,0.0,0.0,0
6a05021bdb6bab24b9bb381ffff10f0c,2026-11-29,Football_SpreadValue_v1,43.5,-4.0,,,0.0,0.0,0
6a05021bdb6bab24b9bb381ffff10f0c,2026-11-29,Football_TotalValue_v1,43.5,-4.0,,,0.0,0.0,0
6a8d2daf7f75100d02656bc0217737e8,2025-10-19,Football_KeyNumberGuard_v1,44.0,2.0,,,0.0,0.0,0
6a8d2daf7f75100d02656bc0217737e8,2025-10-19,Football_LineMovement_v1,44.0,2.0,,,0.0,0.0,0
6a8d2daf7f75100d02656bc0217737e8,2025-10-19,Football_MarketBlend_v1,44.5,1.75,HOME,OVER,0.25,0.5,0.75
6a8d2daf7f75100d02656bc0217737e8,2025-10-19,Football_MarketConsensus_v1,44.0,2.0,,,0.0,0.0,0
6a8d2daf7f75100d02656bc0217737e8,2025-10-19,Football_SpreadValue_v1,44.0,1.25,HOME,,0.75,0.0,0.75
6a8d2daf7f75100d02656bc0217737e8,2025-10-19,Football_TotalValue_v1,45.0,2.0,,OVER,0.0,1.0,1.0
6b024bad1abb54f597225e4ab9b39d89,2026-10-11,Football_KeyNumberGuard_v1,44.5,-8.5,,,0.0,0.0,0
6b024bad1abb54f597225e4ab9b39d89,2026-10-11,Football_LineMovement_v1,44.5,-8.5,,,0.0,0.0,0
6b024bad1abb54f597225e4ab9b39d89,2026-10-11,Football_MarketBlend_v1,45.0,-8.25,AWAY,OVER,-0.25,0.5,0.75
6b024bad1abb54f597225e4ab9b39d89,2026-10-11,Football_MarketConsensus_v1,44.5,-8.5,,,0.0,0.0,0
6b024bad1abb54f597225e4ab9b39d89,2026-10-11,Football_SpreadValue_v1,44.5,-7.75,AWAY,,-0.75,0.0,0.75
6b024bad1abb54f597225e4ab9b39d89,2026-10-11,Football_TotalValue_v1,45.5,-8.5,,OVER,0.0,1.0,1.0
6c932a965110f3f89ec4a5f1a6ac256e,2026-11-15,Football_KeyNumberGuard_v1,47.5,10.5,,,0.0,0.0,0
6c932a965110f3f89ec4a5f1a6ac256e,2026-11-15,Football_LineMovement_v1,47.5,10.5,,,0.0,0.0,0
6c932a965110f3f89ec4a5f1a6ac256e,2026-11-15,Football_MarketBlend_v1,47.5,10.5,,,0.0,0.0,0
6c932a965110f3f89ec4a5f1a6ac256e,2026-11-15,Football_MarketConsensus_v1,47.5,10.5,,,0.0,0.0,0
6c932a965110f3f89ec4a5f1a6ac256e,2026-11-15,Football_SpreadValue_v1,47.5,10.5,,,0.0,0.0,0
6c932a965110f3f89ec4a5f1a6ac256e,2026-11-15,Football_TotalValue_v1,47.5,10.5,,,0.0,0.0,0
6d209e0e637f3b116ec958e0634f2a02,2025-11-17,Football_KeyNumberGuard_v1,46.5,-2.5,,,0.0,0.0,0
6d209e0e637f3b116ec958e0634f2a02,2025-11-17,Football_LineMovement_v1,46.5,-2.5,,,0.0,0.0,0
6d209e0e637f3b116ec958e0634f2a02,2025-11-17,Football_MarketBlend_v1,46.0,-2.25,,UNDER,-0.25,-0.5,0.75
6d209e0e637f3b116ec958e0634f2a02,2025-11-17,Football_MarketConsensus_v1,46.5,-2.5,,,0.0,0.0,0
6d209e0e637f3b116ec958e0634f2a02,2025-11-17,Football_SpreadValue_v1,46.5,-1.75,AWAY,,-0.75,0.0,0.75
6d209e0e637f3b116ec958e0634f2a02,2025-11-17,Football_TotalValue_v1,45.5,-2.5,,UNDER,0.0,-1.0,1.0
6dd3b8a705ed0db85d59fa19b9062cc8,2025-11-02,Football_KeyNumberGuard_v1,45.5,-5.0,,,0.0,0.0,0
6dd3b8a705ed0db85d59fa19b9062cc8,2025-11-02,Football_LineMovement_v1,45.5,-5.0,,,0.0,0.0,0
6dd3b8a705ed0db85d59fa19b9062cc8,2025-11-02,Football_MarketBlend_v1,45.0,-4.75,AWAY,UNDER,-0.25,-0.5,0.75
6dd3b8a705ed0db85d59fa19b9062cc8,2025-11-02,Football_MarketConsensus_v1,45.5,-5.0,,,0.0,0.0,0
6dd3b8a705ed0db85d59fa19b9062cc8,2025-11-02,Football_SpreadValue_v1,45.5,-4.25,AWAY,,-0.75,0.0,0.75
6dd3b8a705ed0db85d59fa19b9062cc8,2025-11-02,Football_TotalValue_v1,44.5,-5.0,,UNDER,0.0,-1.0,1.0
6e206c7bc9379b07d27298a393305384,2025-10-05,Football_KeyNumberGuard_v1,38.5,-2.5,,,0.0,0.0,0
6e206c7bc9379b07d27298a393305384,2025-10-05,Football_LineMovement_v1,38.5,-2.5,,,0.0,0.0,0
6e206c7bc9379b07d27298a393305384,2025-10-05,Football_MarketBlend_v1,39.0,-2.25,,OVER,-0.25,0.5,0.75
6e206c7bc9379b07d27298a393305384,2025-10-05,Football_MarketConsensus_v1,38.5,-2.5,,,0.0,0.0,0
6e206c7bc9379b07d27298a393305384,2025-10-05,Football_SpreadValue_v1,38.5,-1.75,AWAY,,-0.75,0.0,0.75
6e206c7bc9379b07d27298a393305384,2025-10-05,Football_TotalValue_v1,39.5,-2.5,,OVER,0.0,1.0,1.0
6e67ddae4bb01d1c2d3f461ee62d2666,2025-09-23,Football_KeyNumberGuard_v1,53.5,-4.5,,,0.0,0.0,0
6e67ddae4bb01d1c2d3f461ee62d2666,2025-09-23,Football_LineMovement_v1,53.5,-4.5,,,0.0,0.0,0
6e67ddae4bb01d1c2d3f461ee62d2666,2025-09-23,Football_MarketBlend_v1,53.0,-4.25,AWAY,UNDER,-0.25,-0.5,0.75
6e67ddae4bb01d1c2d3f461ee62d2666,2025-09-23,Football_MarketConsensus_v1,53.5,-4.5,,,0.0,0.0,0
6e67ddae4bb01d1c2d3f461ee62d2666,2025-09-23,Football_SpreadValue_v1,53.5,-3.75,AWAY,,-0.75,0.0,0.75
6e67ddae4bb01d1c2d3f461ee62d2666,2025-09-23,Football_TotalValue_v1,52.5,-4.5,,UNDER,0.0,-1.0,1.0
6eb8eeff6a052455649ddd2a50e0a188,2025-10-05,Football_KeyNumberGuard_v1,40.5,2.5,,,0.0,0.0,0
6eb8eeff6a052455649ddd2a50e0a188,2025-10-05,Football_LineMovement_v1,40.5,2.5,,,0.0,0.0,0
6eb8eeff6a052455649ddd2a50e0a188,2025-10-05,Football_MarketBlend_v1,41.0,2.25,,OVER,0.25,0.5,0.75
6eb8eeff6a052455649ddd2a50e0a188,2025-10-05,Football_MarketConsensus_v1,40.5,2.5,,,0.0,0.0,0
6eb8eeff6a052455649ddd2a50e0a188,2025-10-05,Football_SpreadValue_v1,40.5,1.75,HOME,,0.75,0.0,0.75
6eb8eeff6a052455649ddd2a50e0a188,2025-10-05,Football_TotalValue_v1,41.5,2.5,,OVER,0.0,1.0,1.0
6f5a22a3ca33478094cef1e9212ba0fc,2025-10-05,Football_KeyNumberGuard_v1,44.5,-3.5,,,0.0,0.0,0
6f5a22a3ca33478094cef1e9212ba0fc,2025-10-05,Football_LineMovement_v1,44.5,-3.5,,,0.0,0.0,0
6f5a22a3ca33478094cef1e9212ba0fc,2025-10-05,Football_MarketBlend_v1,45.0,-3.25,,OVER,-0.25,0.5,0.75
6f5a22a3ca33478094cef1e9212ba0fc,2025-10-05,Football_MarketConsensus_v1,44.5,-3.5,,,0.0,0.0,0
6f5a22a3ca33478094cef1e9212ba0fc,2025-10-05,Football_SpreadValue_v1,44.5,-2.75,AWAY,,-0.75,0.0,0.75
6f5a22a3ca33478094cef1e9212ba0fc,2025-10-05,Football_TotalValue_v1,45.5,-3.5,,OVER,0.0,1.0,1.0
6f956074c4df48e7b07a3286a6c6ed2a,2025-11-30,Football_KeyNumberGuard_v1,41.5,-12.0,,,0.0,0.0,0
6f956074c4df48e7b07a3286a6c6ed2a,2025-11-30,Football_LineMovement_v1,41.5,-12.0,,,0.0,0.0,0
6f956074c4df48e7b07a3286a6c6ed2a,2025-11-30,Football_MarketBlend_v1,42.0,-11.75,AWAY,OVER,-0.25,0.5,0.75
6f956074c4df48e7b07a3286a6c6ed2a,2025-11-30,Football_MarketConsensus_v1,41.5,-12.0,,,0.0,0.0,0
6f956074c4df48e7b07a3286a6c6ed2a,2025-11-30,Football_SpreadValue_v1,41.5,-11.25,AWAY,,-0.75,0.0,0.75
6f956074c4df48e7b07a3286a6c6ed2a,2025-11-30,Football_TotalValue_v1,42.5,-12.0,,OVER,0.0,1.0,1.0
71123be049587b6facce3a20c53e5d09,2026-09-27,Football_KeyNumberGuard_v1,46.5,1.5,,,0.0,0.0,0
71123be049587b6facce3a20c53e5d09,2026-09-27,Football_LineMovement_v1,46.5,1.5,,,0.0,0.0,0
71123be049587b6facce3a20c53e5d09,2026-09-27,Football_MarketBlend_v1,46.0,1.25,HOME,UNDER,0.25,-0.5,0.75
71123be049587b6facce3a20c53e5d09,2026-09-27,Football_MarketConsensus_v1,46.5,1.5,,,0.0,0.0,0
71123be049587b6facce3a20c53e5d09,2026-09-27,Football_SpreadValue_v1,46.5,0.75,HOME,,0.75,0.0,0.75
71123be049587b6facce3a20c53e5d09,2026-09-27,Football_TotalValue_v1,45.5,1.5,,UNDER,0.0,-1.0,1.0
7147476b5d96c0ee874b838de3910ee3,2025-11-16,Football_KeyNumberGuard_v1,48.5,-5.5,,,0.0,0.0,0
7147476b5d96c0ee874b838de3910ee3,2025-11-16,Football_LineMovement_v1,48.5,-5.5,,,0.0,0.0,0
7147476b5d96c0ee874b838de3910ee3,2025-11-16,Football_MarketBlend_v1,48.0,-5.25,AWAY,UNDER,-0.25,-0.5,0.75
7147476b5d96c0ee874b838de3910ee3,2025-11-16,Football_MarketConsensus_v1,48.5,-5.5,,,0.0,0.0,0
7147476b5d96c0ee874b838de3910ee3,2025-11-16,Football_SpreadValue_v1,48.5,-4.75,AWAY,,-0.75,0.0,0.75
7147476b5d96c0ee874b838de3910ee3,2025-11-16,Football_TotalValue_v1,47.5,-5.5,,UNDER,0.0,-1.0,1.0
7159d60c7a31c7d593167637723d7663,2025-11-23,Football_KeyNumberGuard_v1,45.0,-14.0,,,0.0,0.0,0
7159d60c7a31c7d593167637723d7663,2025-11-23,Football_LineMovement_v1,45.0,-14.0,,,0.0,0.0,0
7159d60c7a31c7d593167637723d7663,2025-11-23,Football_MarketBlend_v1,44.5,-13.75,AWAY,UNDER,-0.25,-0.5,0.75
7159d60c7a31c7d593167637723d7663,2025-11-23,Football_MarketConsensus_v1,45.0,-14.0,,,0.0,0.0,0
7159d60c7a31c7d593167637723d7663,2025-11-23,Football_SpreadValue_v1,45.0,-13.25,AWAY,,-0.75,0.0,0.75
7159d60c7a31c7d593167637723d7663,2025-11-23,Football_TotalValue_v1,44.0,-14.0,,UNDER,0.0,-1.0,1.0
71b3b83747589efdc5baef2c5cf811bf,2026-09-20,Football_KeyNumberGuard_v1,42.5,-9.5,,,0.0,0.0,0
71b3b83747589efdc5baef2c5cf811bf,2026-09-20,Football_LineMovement_v1,42.5,-9.5,,,0.0,0.0,0
71b3b83747589efdc5baef2c5cf811bf,2026-09-20,Football_MarketBlend_v1,43.0,-9.25,,OVER,-0.25,0.5,0.75
71b3b83747589efdc5baef2c5cf811bf,2026-09-20,Football_MarketConsensus_v1,42.5,-9.5,,,0.0,0.0,0
71b3b83747589efdc5baef2c5cf811bf,2026-09-20,Football_SpreadValue_v1,42.5,-8.75,AWAY,,-0.75,0.0,0.75
71b3b83747589efdc5baef2c5cf811bf,2026-09-20,Football_TotalValue_v1,43.5,-9.5,,OVER,0.0,1.0,1.0
71d0d10e384393c1e071c39dd3931c19,2027-01-10,Football_KeyNumberGuard_v1,41.5,-1.5,,,0.0,0.0,0
71d0d10e384393c1e071c39dd3931c19,2027-01-10,Football_LineMovement_v1,41.5,-1.5,,,0.0,0.0,0
71d0d10e384393c1e071c39dd3931c19,2027-01-10,Football_MarketBlend_v1,41.5,-1.5,,,0.0,0.0,0
71d0d10e384393c1e071c39dd3931c19,2027-01-10,Football_MarketConsensus_v1,41.5,-1.5,,,0.0,0.0,0
71d0d10e384393c1e071c39dd3931c19,2027-01-10,Football_SpreadValue_v1,41.5,-1.5,,,0.0,0.0,0
71d0d10e384393c1e071c39dd3931c19,2027-01-10,Football_TotalValue_v1,41.5,-1.5,,,0.0,0.0,0
72e2ce6652bbb3901f60b38bec05bf5f,2025-11-02,Football_KeyNumberGuard_v1,41.0,-2.0,,,0.0,0.0,0
72e2ce6652bbb3901f60b38bec05bf5f,2025-11-02,Football_LineMovement_v1,41.0,-2.0,,,0.0,0.0,0
72e2ce6652bbb3901f60b38bec05bf5f,2025-11-02,Football_MarketBlend_v1,41.5,-1.75,AWAY,OVER,-0.25,0.5,0.75
72e2ce6652bbb3901f60b38bec05bf5f,2025-11-02,Football_MarketConsensus_v1,41.0,-2.0,,,0.0,0.0,0
72e2ce6652bbb3901f60b38bec05bf5f,2025-11-02,Football_SpreadValue_v1,41.0,-1.25,AWAY,,-0.75,0.0,0.75
72e2ce6652bbb3901f60b38bec05bf5f,2025-11-02,Football_TotalValue_v1,42.0,-2.0,,OVER,0.0,1.0,1.0
740b843794cc89176c4ffe38b66d30d9,2025-11-09,Football_KeyNumberGuard_v1,45.5,-7.0,,,0.0,0.0,0
740b843794cc89176c4ffe38b66d30d9,2025-11-09,Football_LineMovement_v1,45.5,-7.0,,,0.0,0.0,0
740b843794cc89176c4ffe38b66d30d9,2025-11-09,Football_MarketBlend_v1,45.0,-6.75,,UNDER,-0.25,-0.5,0.75
740b843794cc89176c4ffe38b66d30d9,2025-11-09,Football_MarketConsensus_v1,45.5,-7.0,,,0.0,0.0,0
740b843794cc89176c4ffe38b66d30d9,2025-11-09,Football_SpreadValue_v1,45.5,-6.25,AWAY,,-0.75,0.0,0.75
740b843794cc89176c4ffe38b66d30d9,2025-11-09,Football_TotalValue_v1,44.5,-7.0,,UNDER,0.0,-1.0,1.0
74cb0e112d069cdbda1671ae85531f43,2026-12-27,Football_KeyNumberGuard_v1,41.5,-3.5,,,0.0,0.0,0
74cb0e112d069cdbda1671ae85531f43,2026-12-27,Football_LineMovement_v1,41.5,-3.5,,,0.0,0.0,0
74cb0e112d069cdbda1671ae85531f43,2026-12-27,Football_MarketBlend_v1,42.0,-3.25,,OVER,-0.25,0.5,0.75
74cb0e112d069cdbda1671ae85531f43,2026-12-27,Football_MarketConsensus_v1,41.5,-3.5,,,0.0,0.0,0
74cb0e112d069cdbda1671ae85531f43,2026-12-27,Football_SpreadValue_v1,41.5,-2.75,AWAY,,-0.75,0.0,0.75
74cb0e112d069cdbda1671ae85531f43,2026-12-27,Football_TotalValue_v1,42.5,-3.5,,OVER,0.0,1.0,1.0
74d39e19225caf211ad2c8eb4110179f,2026-11-13,Football_KeyNumberGuard_v1,47.0,-1.5,,,0.0,0.0,0
74d39e19225caf211ad2c8eb4110179f,2026-11-13,Football_LineMovement_v1,47.0,-1.5,,,0.0,0.0,0
74d39e19225caf211ad2c8eb4110179f,2026-11-13,Football_MarketBlend_v1,47.0,-1.5,,,0.0,0.0,0
74d39e19225caf211ad2c8eb4110179f,2026-11-13,Football_MarketConsensus_v1,47.0,-1.5,,,0.0,0.0,0
74d39e19225caf211ad2c8eb4110179f,2026-11-13,Football_SpreadValue_v1,47.0,-1.5,,,0.0,0.0,0
74d39e19225caf211ad2c8eb4110179f,2026-11-13,Football_TotalValue_v1,47.0,-1.5,,,0.0,0.0,0
7627192fd89b05120ab6c712aa23fd81,2026-11-15,Football_KeyNumberGuard_v1,53.0,-1.25,,,0.0,0.0,0
7627192fd89b05120ab6c712aa23fd81,2026-11-15,Football_LineMovement_v1,53.0,-1.25,,,0.0,0.0,0
7627192fd89b05120ab6c712aa23fd81,2026-11-15,Football_MarketBlend_v1,53.0,-1.25,,,0.0,0.0,0
7627192fd89b05120ab6c712aa23fd81,2026-11-15,Football_MarketConsensus_v1,53.0,-1.25,,,0.0,0.0,0
7627192fd89b05120ab6c712aa23fd81,2026-11-15,Football_SpreadValue_v1,53.0,-1.25,,,0.0,0.0,0
7627192fd89b05120ab6c712aa23fd81,2026-11-15,Football_TotalValue_v1,53.0,-1.25,,,0.0,0.0,0
76ac5a8d2c8679ae6ea8861114791bd8,2025-11-30,Football_KeyNumberGuard_v1,40.5,-10.0,,,0.0,0.0,0
76ac5a8d2c8679ae6ea8861114791bd8,2025-11-30,Football_LineMovement_v1,40.5,-10.0,,,0.0,0.0,0
76ac5a8d2c8679ae6ea8861114791bd8,2025-11-30,Football_MarketBlend_v1,41.0,-9.75,,OVER,-0.25,0.5,0.75
76ac5a8d2c8679ae6ea8861114791bd8,2025-11-30,Football_MarketConsensus_v1,40.5,-10.0,,,0.0,0.0,0
76ac5a8d2c8679ae6ea8861114791bd8,2025-11-30,Football_SpreadValue_v1,40.5,-9.25,AWAY,,-0.75,0.0,0.75
76ac5a8d2c8679ae6ea8861114791bd8,2025-11-30,Football_TotalValue_v1,41.5,-10.0,,OVER,0.0,1.0,1.0
77396e9d565860fbfd05779028223a8a,2026-12-20,Football_KeyNumberGuard_v1,53.0,-6.75,,,0.0,0.0,0
77396e9d565860fbfd05779028223a8a,2026-12-20,Football_LineMovement_v1,53.0,-6.75,,,0.0,0.0,0
77396e9d565860fbfd05779028223a8a,2026-12-20,Football_MarketBlend_v1,53.0,-6.75,,,0.0,0.0,0
77396e9d565860fbfd05779028223a8a,2026-12-20,Football_MarketConsensus_v1,53.0,-6.75,,,0.0,0.0,0
77396e9d565860fbfd05779028223a8a,2026-12-20,Football_SpreadValue_v1,53.0,-6.75,,,0.0,0.0,0
77396e9d565860fbfd05779028223a8a,2026-12-20,Football_TotalValue_v1,53.0,-6.75,,,0.0,0.0,0
784568b1df055bf7eb8780c110d5e910,2026-12-20,Football_KeyNumberGuard_v1,51.5,-3.75,,,0.0,0.0,0
784568b1df055bf7eb8780c110d5e910,2026-12-20,Football_LineMovement_v1,51.5,-3.75,,,0.0,0.0,0
784568b1df055bf7eb8780c110d5e910,2026-12-20,Football_MarketBlend_v1,51.5,-3.75,,,0.0,0.0,0
784568b1df055bf7eb8780c110d5e910,2026-12-20,Football_MarketConsensus_v1,51.5,-3.75,,,0.0,0.0,0
784568b1df055bf7eb8780c110d5e910,2026-12-20,Football_SpreadValue_v1,51.5,-3.75,,,0.0,0.0,0
784568b1df055bf7eb8780c110d5e910,2026-12-20,Football_TotalValue_v1,51.5,-3.75,,,0.0,0.0,0
7906052ca20e6daddf755c7fe3932887,2026-01-04,Football_KeyNumberGuard_v1,43.5,-3.5,,,0.0,0.0,0
7906052ca20e6daddf755c7fe3932887,2026-01-04,Football_LineMovement_v1,43.5,-3.5,,,0.0,0.0,0
7906052ca20e6daddf755c7fe3932887,2026-01-04,Football_MarketBlend_v1,44.0,-3.25,,OVER,-0.25,0.5,0.75
7906052ca20e6daddf755c7fe3932887,2026-01-04,Football_MarketConsensus_v1,43.5,-3.5,,,0.0,0.0,0
7906052ca20e6daddf755c7fe3932887,2026-01-04,Football_SpreadValue_v1,43.5,-2.75,AWAY,,-0.75,0.0,0.75
7906052ca20e6daddf755c7fe3932887,2026-01-04,Football_TotalValue_v1,44.5,-3.5,,OVER,0.0,1.0,1.0
790af233087803c297861901ffa271d7,2026-12-18,Football_KeyNumberGuard_v1,47.5,-2.5,,,0.0,0.0,0
790af233087803c297861901ffa271d7,2026-12-18,Football_LineMovement_v1,47.5,-2.5,,,0.0,0.0,0
790af233087803c297861901ffa271d7,2026-12-18,Football_MarketBlend_v1,47.0,-2.25,,UNDER,-0.25,-0.5,0.75
790af233087803c297861901ffa271d7,2026-12-18,Football_MarketConsensus_v1,47.5,-2.5,,,0.0,0.0,0
790af233087803c297861901ffa271d7,2026-12-18,Football_SpreadValue_v1,47.5,-1.75,AWAY,,-0.75,0.0,0.75
790af233087803c297861901ffa271d7,2026-12-18,Football_TotalValue_v1,46.5,-2.5,,UNDER,0.0,-1.0,1.0
79c4e9f40e2647dc2a7b377cf61c48cd,2025-10-05,Football_KeyNumberGuard_v1,47.5,-3.0,,,0.0,0.0,0
79c4e9f40e2647dc2a7b377cf61c48cd,2025-10-05,Football_LineMovement_v1,47.5,-3.0,,,0.0,0.0,0
79c4e9f40e2647dc2a7b377cf61c48cd,2025-10-05,Football_MarketBlend_v1,47.0,-2.75,,UNDER,-0.25,-0.5,0.75
79c4e9f40e2647dc2a7b377cf61c48cd,2025-10-05,Football_MarketConsensus_v1,47.5,-3.0,,,0.0,0.0,0
79c4e9f40e2647dc2a7b377cf61c48cd,2025-10-05,Football_SpreadValue_v1,47.5,-2.25,AWAY,,-0.75,0.0,0.75
79c4e9f40e2647dc2a7b377cf61c48cd,2025-10-05,Football_TotalValue_v1,46.5,-3.0,,UNDER,0.0,-1.0,1.0
79de65f1b97c9145ebdcb019eb486500,2025-10-19,Football_KeyNumberGuard_v1,31.5,19.5,,,0.0,0.0,0
79de65f1b97c9145ebdcb019eb486500,2025-10-19,Football_LineMovement_v1,31.5,19.5,,,0.0,0.0,0
79de65f1b97c9145ebdcb019eb486500,2025-10-19,Football_MarketBlend_v1,32.0,19.25,HOME,OVER,0.25,0.5,0.75
79de65f1b97c9145ebdcb019eb486500,2025-10-19,Football_MarketConsensus_v1,31.5,19.5,,,0.0,0.0,0
79de65f1b97c9145ebdcb019eb486500,2025-10-19,Football_SpreadValue_v1,31.5,18.75,HOME,,0.75,0.0,0.75
79de65f1b97c9145ebdcb019eb486500,2025-10-19,Football_TotalValue_v1,32.5,19.5,,OVER,0.0,1.0,1.0
7aeff5d5bb88b218c7d72f267a90eb7f,2025-12-28,Football_KeyNumberGuard_v1,53.5,-7.0,,,0.0,0.0,0
7aeff5d5bb88b218c7d72f267a90eb7f,2025-12-28,Football_LineMovement_v1,53.5,-7.0,,,0.0,0.0,0
7aeff5d5bb88b218c7d72f267a90eb7f,2025-12-28,Football_MarketBlend_v1,53.0,-6.75,,UNDER,-0.25,-0.5,0.75
7aeff5d5bb88b218c7d72f267a90eb7f,2025-12-28,Football_MarketConsensus_v1,53.5,-7.0,,,0.0,0.0,0
7aeff5d5bb88b218c7d72f267a90eb7f,2025-12-28,Football_SpreadValue_v1,53.5,-6.25,AWAY,,-0.75,0.0,0.75
7aeff5d5bb88b218c7d72f267a90eb7f,2025-12-28,Football_TotalValue_v1,52.5,-7.0,,UNDER,0.0,-1.0,1.0
7b2ded52498efcf97a08ef10ee99b0f3,2025-10-20,Football_KeyNumberGuard_v1,47.0,-1.0,,,0.0,0.0,0
7b2ded52498efcf97a08ef10ee99b0f3,2025-10-20,Football_LineMovement_v1,47.0,-1.0,,,0.0,0.0,0
7b2ded52498efcf97a08ef10ee99b0f3,2025-10-20,Football_MarketBlend_v1,46.5,-0.75,AWAY,UNDER,-0.25,-0.5,0.75
7b2ded52498efcf97a08ef10ee99b0f3,2025-10-20,Football_MarketConsensus_v1,47.0,-1.0,,,0.0,0.0,0
7b2ded52498efcf97a08ef10ee99b0f3,2025-10-20,Football_SpreadValue_v1,47.0,-0.25,AWAY,,-0.75,0.0,0.75
7b2ded52498efcf97a08ef10ee99b0f3,2025-10-20,Football_TotalValue_v1,46.0,-1.0,,UNDER,0.0,-1.0,1.0
7b8ce34c0e173e4ff6ccf8e8caa09113,2027-01-10,Football_KeyNumberGuard_v1,43.5,1.5,,,0.0,0.0,0
7b8ce34c0e173e4ff6ccf8e8caa09113,2027-01-10,Football_LineMovement_v1,43.5,1.5,,,0.0,0.0,0
7b8ce34c0e173e4ff6ccf8e8caa09113,2027-01-10,Football_MarketBlend_v1,43.5,1.5,,,0.0,0.0,0
7b8ce34c0e173e4ff6ccf8e8caa09113,2027-01-10,Football_MarketConsensus_v1,43.5,1.5,,,0.0,0.0,0
7b8ce34c0e173e4ff6ccf8e8caa09113,2027-01-10,Football_SpreadValue_v1,43.5,1.5,,,0.0,0.0,0
7b8ce34c0e173e4ff6ccf8e8caa09113,2027-01-10,Football_TotalValue_v1,43.5,1.5,,,0.0,0.0,0
7ba03312d1012d9872de9999e496558f,2025-12-14,Football_KeyNumberGuard_v1,44.5,-12.5,,,0.0,0.0,0
7ba03312d1012d9872de9999e496558f,2025-12-14,Football_LineMovement_v1,44.5,-12.5,,,0.0,0.0,0
7ba03312d1012d9872de9999e496558f,2025-12-14,Football_MarketBlend_v1,45.0,-12.25,AWAY,OVER,-0.25,0.5,0.75
7ba03312d1012d9872de9999e496558f,2025-12-14,Football_MarketConsensus_v1,44.5,-12.5,,,0.0,0.0,0
7ba03312d1012d9872de9999e496558f,2025-12-14,Football_SpreadValue_v1,44.5,-11.75,AWAY,,-0.75,0.0,0.75
7ba03312d1012d9872de9999e496558f,2025-12-14,Football_TotalValue_v1,45.5,-12.5,,OVER,0.0,1.0,1.0
7c312fdf24fb35f58b0e07c2932cc997,2026-10-18,Football_KeyNumberGuard_v1,47.25,3.0,,,0.0,0.0,0
7c312fdf24fb35f58b0e07c2932cc997,2026-10-18,Football_LineMovement_v1,47.25,3.0,,,0.0,0.0,0
7c312fdf24fb35f58b0e07c2932cc997,2026-10-18,Football_MarketBlend_v1,47.25,3.0,,,0.0,0.0,0
7c312fdf24fb35f58b0e07c2932cc997,2026-10-18,Football_MarketConsensus_v1,47.25,3.0,,,0.0,0.0,0
7c312fdf24fb35f58b0e07c2932cc997,2026-10-18,Football_SpreadValue_v1,47.25,3.0,,,0.0,0.0,0
7c312fdf24fb35f58b0e07c2932cc997,2026-10-18,Football_TotalValue_v1,47.25,3.0,,,0.0,0.0,0
7ca953ab786f70b22cabbe4946d330fa,2025-10-21,Football_KeyNumberGuard_v1,41.0,-3.0,,,0.0,0.0,0
7ca953ab786f70b22cabbe4946d330fa,2025-10-21,Football_LineMovement_v1,41.0,-3.0,,,0.0,0.0,0
7ca953ab786f70b22cabbe4946d330fa,2025-10-21,Football_MarketBlend_v1,41.5,-2.75,,OVER,-0.25,0.5,0.75
7ca953ab786f70b22cabbe4946d330fa,2025-10-21,Football_MarketConsensus_v1,41.0,-3.0,,,0.0,0.0,0
7ca953ab786f70b22cabbe4946d330fa,2025-10-21,Football_SpreadValue_v1,41.0,-2.25,AWAY,,-0.75,0.0,0.75
7ca953ab786f70b22cabbe4946d330fa,2025-10-21,Football_TotalValue_v1,42.0,-3.0,,OVER,0.0,1.0,1.0
7d664fbcd39350e559d83c0068ba7169,2026-11-03,Football_KeyNumberGuard_v1,47.5,-4.75,,,0.0,0.0,0
7d664fbcd39350e559d83c0068ba7169,2026-11-03,Football_LineMovement_v1,47.5,-4.75,,,0.0,0.0,0
7d664fbcd39350e559d83c0068ba7169,2026-11-03,Football_MarketBlend_v1,47.5,-4.75,,,0.0,0.0,0
7d664fbcd39350e559d83c0068ba7169,2026-11-03,Football_MarketConsensus_v1,47.5,-4.75,,,0.0,0.0,0
7d664fbcd39350e559d83c0068ba7169,2026-11-03,Football_SpreadValue_v1,47.5,-4.75,,,0.0,0.0,0
7d664fbcd39350e559d83c0068ba7169,2026-11-03,Football_TotalValue_v1,47.5,-4.75,,,0.0,0.0,0
7d71a0d3cc2a04eb35f1a725104217b5,2025-12-21,Football_KeyNumberGuard_v1,48.5,3.0,,,0.0,0.0,0
7d71a0d3cc2a04eb35f1a725104217b5,2025-12-21,Football_LineMovement_v1,48.5,3.0,,,0.0,0.0,0
7d71a0d3cc2a04eb35f1a725104217b5,2025-12-21,Football_MarketBlend_v1,48.0,2.75,,UNDER,0.25,-0.5,0.75
7d71a0d3cc2a04eb35f1a725104217b5,2025-12-21,Football_MarketConsensus_v1,48.5,3.0,,,0.0,0.0,0
7d71a0d3cc2a04eb35f1a725104217b5,2025-12-21,Football_SpreadValue_v1,48.5,2.25,HOME,,0.75,0.0,0.75
7d71a0d3cc2a04eb35f1a725104217b5,2025-12-21,Football_TotalValue_v1,47.5,3.0,,UNDER,0.0,-1.0,1.0
7d9a04f411031528d9c1d2df7b9a0453,2025-09-15,Football_KeyNumberGuard_v1,42.5,-2.5,,,0.0,0.0,0
7d9a04f411031528d9c1d2df7b9a0453,2025-09-15,Football_LineMovement_v1,42.5,-2.5,,,0.0,0.0,0
7d9a04f411031528d9c1d2df7b9a0453,2025-09-15,Football_MarketBlend_v1,43.0,-2.25,,OVER,-0.25,0.5,0.75
7d9a04f411031528d9c1d2df7b9a0453,2025-09-15,Football_MarketConsensus_v1,42.5,-2.5,,,0.0,0.0,0
7d9a04f411031528d9c1d2df7b9a0453,2025-09-15,Football_SpreadValue_v1,42.5,-1.75,AWAY,,-0.75,0.0,0.75
7d9a04f411031528d9c1d2df7b9a0453,2025-09-15,Football_TotalValue_v1,43.5,-2.5,,OVER,0.0,1.0,1.0
7dddb296a42e7a41a774b24bd1709ce1,2026-09-13,Football_KeyNumberGuard_v1,38.5,-1.0,,,0.0,0.0,0
7dddb296a42e7a41a774b24bd1709ce1,2026-09-13,Football_LineMovement_v1,38.5,-1.0,,,0.0,0.0,0
7dddb296a42e7a41a774b24bd1709ce1,2026-09-13,Football_MarketBlend_v1,39.0,-0.75,AWAY,OVER,-0.25,0.5,0.75
7dddb296a42e7a41a774b24bd1709ce1,2026-09-13,Football_MarketConsensus_v1,38.5,-1.0,,,0.0,0.0,0
7dddb296a42e7a41a774b24bd1709ce1,2026-09-13,Football_SpreadValue_v1,38.5,-0.25,AWAY,,-0.75,0.0,0.75
7dddb296a42e7a41a774b24bd1709ce1,2026-09-13,Football_TotalValue_v1,39.5,-1.0,,OVER,0.0,1.0,1.0
7e09efed7e12c659b82740b67ce2f9a1,2026-09-13,Football_KeyNumberGuard_v1,44.5,1.5,,,0.0,0.0,0
7e09efed7e12c659b82740b67ce2f9a1,2026-09-13,Football_LineMovement_v1,44.5,1.5,,,0.0,0.0,0
7e09efed7e12c659b82740b67ce2f9a1,2026-09-13,Football_MarketBlend_v1,45.0,1.25,HOME,OVER,0.25,0.5,0.75
7e09efed7e12c659b82740b67ce2f9a1,2026-09-13,Football_MarketConsensus_v1,44.5,1.5,,,0.0,0.0,0
7e09efed7e12c659b82740b67ce2f9a1,2026-09-13,Football_SpreadValue_v1,44.5,0.75,HOME,,0.75,0.0,0.75
7e09efed7e12c659b82740b67ce2f9a1,2026-09-13,Football_TotalValue_v1,45.5,1.5,,OVER,0.0,1.0,1.0
7e2ad5ef04493526707e0868f7b70c47,2025-09-14,Football_KeyNumberGuard_v1,44.5,-7.0,,,0.0,0.0,0
7e2ad5ef04493526707e0868f7b70c47,2025-09-14,Football_LineMovement_v1,44.5,-7.0,,,0.0,0.0,0
7e2ad5ef04493526707e0868f7b70c47,2025-09-14,Football_MarketBlend_v1,45.0,-6.75,,OVER,-0.25,0.5,0.75
7e2ad5ef04493526707e0868f7b70c47,2025-09-14,Football_MarketConsensus_v1,44.5,-7.0,,,0.0,0.0,0
7e2ad5ef04493526707e0868f7b70c47,2025-09-14,Football_SpreadValue_v1,44.5,-6.25,AWAY,,-0.75,0.0,0.75
7e2ad5ef04493526707e0868f7b70c47,2025-09-14,Football_TotalValue_v1,45.5,-7.0,,OVER,0.0,1.0,1.0
7e3361e84d5223a8d210a887b249f247,2025-10-28,Football_KeyNumberGuard_v1,48.0,-11.0,,,0.0,0.0,0
7e3361e84d5223a8d210a887b249f247,2025-10-28,Football_LineMovement_v1,48.0,-11.0,,,0.0,0.0,0
7e3361e84d5223a8d210a887b249f247,2025-10-28,Football_MarketBlend_v1,47.5,-10.75,AWAY,UNDER,-0.25,-0.5,0.75
7e3361e84d5223a8d210a887b249f247,2025-10-28,Football_MarketConsensus_v1,48.0,-11.0,,,0.0,0.0,0
7e3361e84d5223a8d210a887b249f247,2025-10-28,Football_SpreadValue_v1,48.0,-10.25,AWAY,,-0.75,0.0,0.75
7e3361e84d5223a8d210a887b249f247,2025-10-28,Football_TotalValue_v1,47.0,-11.0,,UNDER,0.0,-1.0,1.0
7f809a45bc8baedf0cb0259e7da7cd29,2027-01-10,Football_KeyNumberGuard_v1,41.5,-2.5,,,0.0,0.0,0
7f809a45bc8baedf0cb0259e7da7cd29,2027-01-10,Football_LineMovement_v1,41.5,-2.5,,,0.0,0.0,0
7f809a45bc8baedf0cb0259e7da7cd29,2027-01-10,Football_MarketBlend_v1,41.5,-2.5,,,0.0,0.0,0
7f809a45bc8baedf0cb0259e7da7cd29,2027-01-10,Football_MarketConsensus_v1,41.5,-2.5,,,0.0,0.0,0
7f809a45bc8baedf0cb0259e7da7cd29,2027-01-10,Football_SpreadValue_v1,41.5,-2.5,,,0.0,0.0,0
7f809a45bc8baedf0cb0259e7da7cd29,2027-01-10,Football_TotalValue_v1,41.5,-2.5,,,0.0,0.0,0
80d04ba917883a6438580ebae9fb0f22,2025-11-18,Football_KeyNumberGuard_v1,50.0,3.5,,,0.0,0.0,0
80d04ba917883a6438580ebae9fb0f22,2025-11-18,Football_LineMovement_v1,50.0,3.5,,,0.0,0.0,0
80d04ba917883a6438580ebae9fb0f22,2025-11-18,Football_MarketBlend_v1,49.5,3.25,,UNDER,0.25,-0.5,0.75
80d04ba917883a6438580ebae9fb0f22,2025-11-18,Football_MarketConsensus_v1,50.0,3.5,,,0.0,0.0,0
80d04ba917883a6438580ebae9fb0f22,2025-11-18,Football_SpreadValue_v1,50.0,2.75,HOME,,0.75,0.0,0.75
80d04ba917883a6438580ebae9fb0f22,2025-11-18,Football_TotalValue_v1,49.0,3.5,,UNDER,0.0,-1.0,1.0
813dab51d999b87c7968ac4890965f73,2025-12-14,Football_KeyNumberGuard_v1,37.5,-12.5,,,0.0,0.0,0
813dab51d999b87c7968ac4890965f73,2025-12-14,Football_LineMovement_v1,37.5,-12.5,,,0.0,0.0,0
813dab51d999b87c7968ac4890965f73,2025-12-14,Football_MarketBlend_v1,38.0,-12.25,AWAY,OVER,-0.25,0.5,0.75
813dab51d999b87c7968ac4890965f73,2025-12-14,Football_MarketConsensus_v1,37.5,-12.5,,,0.0,0.0,0
813dab51d999b87c7968ac4890965f73,2025-12-14,Football_SpreadValue_v1,37.5,-11.75,AWAY,,-0.75,0.0,0.75
813dab51d999b87c7968ac4890965f73,2025-12-14,Football_TotalValue_v1,38.5,-12.5,,OVER,0.0,1.0,1.0
81a8fee5b649a3ad5ad59e9528f2f376,2026-11-29,Football_KeyNumberGuard_v1,45.5,-5.5,,,0.0,0.0,0
81a8fee5b649a3ad5ad59e9528f2f376,2026-11-29,Football_LineMovement_v1,45.5,-5.5,,,0.0,0.0,0
81a8fee5b649a3ad5ad59e9528f2f376,2026-11-29,Football_MarketBlend_v1,45.0,-5.25,AWAY,UNDER,-0.25,-0.5,0.75
81a8fee5b649a3ad5ad59e9528f2f376,2026-11-29,Football_MarketConsensus_v1,45.5,-5.5,,,0.0,0.0,0
81a8fee5b649a3ad5ad59e9528f2f376,2026-11-29,Football_SpreadValue_v1,45.5,-4.75,AWAY,,-0.75,0.0,0.75
81a8fee5b649a3ad5ad59e9528f2f376,2026-11-29,Football_TotalValue_v1,44.5,-5.5,,UNDER,0.0,-1.0,1.0
81db991c5b34169eeeff8d734d8836d9,2025-12-05,Football_KeyNumberGuard_v1,54.5,-3.0,,,0.0,0.0,0
81db991c5b34169eeeff8d734d8836d9,2025-12-05,Football_LineMovement_v1,54.5,-3.0,,,0.0,0.0,0
81db991c5b34169eeeff8d734d8836d9,2025-12-05,Football_MarketBlend_v1,54.0,-2.75,,UNDER,-0.25,-0.5,0.75
81db991c5b34169eeeff8d734d8836d9,2025-12-05,Football_MarketConsensus_v1,54.5,-3.0,,,0.0,0.0,0
81db991c5b34169eeeff8d734d8836d9,2025-12-05,Football_SpreadValue_v1,54.5,-2.25,AWAY,,-0.75,0.0,0.75
81db991c5b34169eeeff8d734d8836d9,2025-12-05,Football_TotalValue_v1,53.5,-3.0,,UNDER,0.0,-1.0,1.0
8261541e6b9b32537bd0821ef2c0a05d,2025-12-14,Football_KeyNumberGuard_v1,38.0,-7.5,,,0.0,0.0,0
8261541e6b9b32537bd0821ef2c0a05d,2025-12-14,Football_LineMovement_v1,38.0,-7.5,,,0.0,0.0,0
8261541e6b9b32537bd0821ef2c0a05d,2025-12-14,Football_MarketBlend_v1,38.5,-7.25,,OVER,-0.25,0.5,0.75
8261541e6b9b32537bd0821ef2c0a05d,2025-12-14,Football_MarketConsensus_v1,38.0,-7.5,,,0.0,0.0,0
8261541e6b9b32537bd0821ef2c0a05d,2025-12-14,Football_SpreadValue_v1,38.0,-6.75,AWAY,,-0.75,0.0,0.75
8261541e6b9b32537bd0821ef2c0a05d,2025-12-14,Football_TotalValue_v1,39.0,-7.5,,OVER,0.0,1.0,1.0
82e432d5d8bc0b5a6cbe0c324de90de3,2025-10-13,Football_KeyNumberGuard_v1,52.0,-2.5,,,0.0,0.0,0
82e432d5d8bc0b5a6cbe0c324de90de3,2025-10-13,Football_LineMovement_v1,52.0,-2.5,,,0.0,0.0,0
82e432d5d8bc0b5a6cbe0c324de90de3,2025-10-13,Football_MarketBlend_v1,51.5,-2.25,,UNDER,-0.25,-0.5,0.75
82e432d5d8bc0b5a6cbe0c324de90de3,2025-10-13,Football_MarketConsensus_v1,52.0,-2.5,,,0.0,0.0,0
82e432d5d8bc0b5a6cbe0c324de90de3,2025-10-13,Football_SpreadValue_v1,52.0,-1.75,AWAY,,-0.75,0.0,0.75
82e432d5d8bc0b5a6cbe0c324de90de3,2025-10-13,Football_TotalValue_v1,51.0,-2.5,,UNDER,0.0,-1.0,1.0
82f9fd7001598d5cf9c1bdd57c66cae4,2025-09-14,Football_KeyNumberGuard_v1,40.5,-3.5,,,0.0,0.0,0
82f9fd7001598d5cf9c1bdd57c66cae4,2025-09-14,Football_LineMovement_v1,40.5,-3.5,,,0.0,0.0,0
82f9fd7001598d5cf9c1bdd57c66cae4,2025-09-14,Football_MarketBlend_v1,41.0,-3.25,,OVER,-0.25,0.5,0.75
82f9fd7001598d5cf9c1bdd57c66cae4,2025-09-14,Football_MarketConsensus_v1,40.5,-3.5,,,0.0,0.0,0
82f9fd7001598d5cf9c1bdd57c66cae4,2025-09-14,Football_SpreadValue_v1,40.5,-2.75,AWAY,,-0.75,0.0,0.75
82f9fd7001598d5cf9c1bdd57c66cae4,2025-09-14,Football_TotalValue_v1,41.5,-3.5,,OVER,0.0,1.0,1.0
82fd5a159fa130e67abab93a9537f70b,2026-10-19,Football_KeyNumberGuard_v1,51.5,-3.0,,,0.0,0.0,0
82fd5a159fa130e67abab93a9537f70b,2026-10-19,Football_LineMovement_v1,51.5,-3.0,,,0.0,0.0,0
82fd5a159fa130e67abab93a9537f70b,2026-10-19,Football_MarketBlend_v1,51.0,-2.75,,UNDER,-0.25,-0.5,0.75
82fd5a159fa130e67abab93a9537f70b,2026-10-19,Football_MarketConsensus_v1,51.5,-3.0,,,0.0,0.0,0
82fd5a159fa130e67abab93a9537f70b,2026-10-19,Football_SpreadValue_v1,51.5,-2.25,AWAY,,-0.75,0.0,0.75
82fd5a159fa130e67abab93a9537f70b,2026-10-19,Football_TotalValue_v1,50.5,-3.0,,UNDER,0.0,-1.0,1.0
832c36c4b6d5132e88cf11391797c194,2025-12-27,Football_KeyNumberGuard_v1,39.5,-1.5,,,0.0,0.0,0
832c36c4b6d5132e88cf11391797c194,2025-12-27,Football_LineMovement_v1,39.5,-1.5,,,0.0,0.0,0
832c36c4b6d5132e88cf11391797c194,2025-12-27,Football_MarketBlend_v1,40.0,-1.25,AWAY,OVER,-0.25,0.5,0.75
832c36c4b6d5132e88cf11391797c194,2025-12-27,Football_MarketConsensus_v1,39.5,-1.5,,,0.0,0.0,0
832c36c4b6d5132e88cf11391797c194,2025-12-27,Football_SpreadValue_v1,39.5,-0.75,AWAY,,-0.75,0.0,0.75
832c36c4b6d5132e88cf11391797c194,2025-12-27,Football_TotalValue_v1,40.5,-1.5,,OVER,0.0,1.0,1.0
844b89333f293f055f8e0c147fb9fec5,2025-11-09,Football_KeyNumberGuard_v1,37.5,2.0,,,0.0,0.0,0
844b89333f293f055f8e0c147fb9fec5,2025-11-09,Football_LineMovement_v1,37.5,2.0,,,0.0,0.0,0
844b89333f293f055f8e0c147fb9fec5,2025-11-09,Football_MarketBlend_v1,38.0,1.75,HOME,OVER,0.25,0.5,0.75
844b89333f293f055f8e0c147fb9fec5,2025-11-09,Football_MarketConsensus_v1,37.5,2.0,,,0.0,0.0,0
844b89333f293f055f8e0c147fb9fec5,2025-11-09,Football_SpreadValue_v1,37.5,1.25,HOME,,0.75,0.0,0.75
844b89333f293f055f8e0c147fb9fec5,2025-11-09,Football_TotalValue_v1,38.5,2.0,,OVER,0.0,1.0,1.0
84aa9e190e625d7e9cd67e1f157a45b4,2026-10-18,Football_KeyNumberGuard_v1,47.5,-3.5,,,0.0,0.0,0
84aa9e190e625d7e9cd67e1f157a45b4,2026-10-18,Football_LineMovement_v1,47.5,-3.5,,,0.0,0.0,0
84aa9e190e625d7e9cd67e1f157a45b4,2026-10-18,Football_MarketBlend_v1,47.0,-3.25,,UNDER,-0.25,-0.5,0.75
84aa9e190e625d7e9cd67e1f157a45b4,2026-10-18,Football_MarketConsensus_v1,47.5,-3.5,,,0.0,0.0,0
84aa9e190e625d7e9cd67e1f157a45b4,2026-10-18,Football_SpreadValue_v1,47.5,-2.75,AWAY,,-0.75,0.0,0.75
84aa9e190e625d7e9cd67e1f157a45b4,2026-10-18,Football_TotalValue_v1,46.5,-3.5,,UNDER,0.0,-1.0,1.0
84cfca14efc21363fd605508404cf1ff,2026-09-27,Football_KeyNumberGuard_v1,51.5,2.5,,,0.0,0.0,0
84cfca14efc21363fd605508404cf1ff,2026-09-27,Football_LineMovement_v1,51.5,2.5,,,0.0,0.0,0
84cfca14efc21363fd605508404cf1ff,2026-09-27,Football_MarketBlend_v1,51.0,2.25,,UNDER,0.25,-0.5,0.75
84cfca14efc21363fd605508404cf1ff,2026-09-27,Football_MarketConsensus_v1,51.5,2.5,,,0.0,0.0,0
84cfca14efc21363fd605508404cf1ff,2026-09-27,Football_SpreadValue_v1,51.5,1.75,HOME,,0.75,0.0,0.75
84cfca14efc21363fd605508404cf1ff,2026-09-27,Football_TotalValue_v1,50.5,2.5,,UNDER,0.0,-1.0,1.0
855f58fad5f0f14b239f4f63df27998b,2026-10-16,Football_KeyNumberGuard_v1,43.5,2.5,,,0.0,0.0,0
855f58fad5f0f14b239f4f63df27998b,2026-10-16,Football_LineMovement_v1,43.5,2.5,,,0.0,0.0,0
855f58fad5f0f14b239f4f63df27998b,2026-10-16,Football_MarketBlend_v1,44.0,2.25,,OVER,0.25,0.5,0.75
855f58fad5f0f14b239f4f63df27998b,2026-10-16,Football_MarketConsensus_v1,43.5,2.5,,,0.0,0.0,0
855f58fad5f0f14b239f4f63df27998b,2026-10-16,Football_SpreadValue_v1,43.5,1.75,HOME,,0.75,0.0,0.75
855f58fad5f0f14b239f4f63df27998b,2026-10-16,Football_TotalValue_v1,44.5,2.5,,OVER,0.0,1.0,1.0
85bead6a72a1952cdd737dcecb55446b,2025-12-28,Football_KeyNumberGuard_v1,38.5,-3.0,,,0.0,0.0,0
85bead6a72a1952cdd737dcecb55446b,2025-12-28,Football_LineMovement_v1,38.5,-3.0,,,0.0,0.0,0
85bead6a72a1952cdd737dcecb55446b,2025-12-28,Football_MarketBlend_v1,39.0,-2.75,,OVER,-0.25,0.5,0.75
85bead6a72a1952cdd737dcecb55446b,2025-12-28,Football_MarketConsensus_v1,38.5,-3.0,,,0.0,0.0,0
85bead6a72a1952cdd737dcecb55446b,2025-12-28,Football_SpreadValue_v1,38.5,-2.25,AWAY,,-0.75,0.0,0.75
85bead6a72a1952cdd737dcecb55446b,2025-12-28,Football_TotalValue_v1,39.5,-3.0,,OVER,0.0,1.0,1.0
85c9b76cd6bd575b611cb4e8feb7a0b0,2025-09-28,Football_KeyNumberGuard_v1,40.0,-7.0,,,0.0,0.0,0
85c9b76cd6bd575b611cb4e8feb7a0b0,2025-09-28,Football_LineMovement_v1,40.0,-7.0,,,0.0,0.0,0
85c9b76cd6bd575b611cb4e8feb7a0b0,2025-09-28,Football_MarketBlend_v1,40.5,-6.75,,OVER,-0.25,0.5,0.75
85c9b76cd6bd575b611cb4e8feb7a0b0,2025-09-28,Football_MarketConsensus_v1,40.0,-7.0,,,0.0,0.0,0
85c9b76cd6bd575b611cb4e8feb7a0b0,2025-09-28,Football_SpreadValue_v1,40.0,-6.25,AWAY,,-0.75,0.0,0.75
85c9b76cd6bd575b611cb4e8feb7a0b0,2025-09-28,Football_TotalValue_v1,41.0,-7.0,,OVER,0.0,1.0,1.0
85ef85098ddd22fe4ecf45e7e3c0a9c0,2026-09-20,Football_KeyNumberGuard_v1,51.5,-4.5,,,0.0,0.0,0
85ef85098ddd22fe4ecf45e7e3c0a9c0,2026-09-20,Football_LineMovement_v1,51.5,-4.5,,,0.0,0.0,0
85ef85098ddd22fe4ecf45e7e3c0a9c0,2026-09-20,Football_MarketBlend_v1,51.0,-4.25,AWAY,UNDER,-0.25,-0.5,0.75
85ef85098ddd22fe4ecf45e7e3c0a9c0,2026-09-20,Football_MarketConsensus_v1,51.5,-4.5,,,0.0,0.0,0
85ef85098ddd22fe4ecf45e7e3c0a9c0,2026-09-20,Football_SpreadValue_v1,51.5,-3.75,AWAY,,-0.75,0.0,0.75
85ef85098ddd22fe4ecf45e7e3c0a9c0,2026-09-20,Football_TotalValue_v1,50.5,-4.5,,UNDER,0.0,-1.0,1.0
86457f91112732f21ad4bb7d37bd291c,2026-10-12,Football_KeyNumberGuard_v1,48.5,4.5,,,0.0,0.0,0
86457f91112732f21ad4bb7d37bd291c,2026-10-12,Football_LineMovement_v1,48.5,4.5,,,0.0,0.0,0
86457f91112732f21ad4bb7d37bd291c,2026-10-12,Football_MarketBlend_v1,48.0,4.25,HOME,UNDER,0.25,-0.5,0.75
86457f91112732f21ad4bb7d37bd291c,2026-10-12,Football_MarketConsensus_v1,48.5,4.5,,,0.0,0.0,0
86457f91112732f21ad4bb7d37bd291c,2026-10-12,Football_SpreadValue_v1,48.5,3.75,HOME,,0.75,0.0,0.75
86457f91112732f21ad4bb7d37bd291c,2026-10-12,Football_TotalValue_v1,47.5,4.5,,UNDER,0.0,-1.0,1.0
866d7405986fb4d14897cdb6c0aa5926,2025-09-14,Football_KeyNumberGuard_v1,40.5,3.0,,,0.0,0.0,0
866d7405986fb4d14897cdb6c0aa5926,2025-09-14,Football_LineMovement_v1,40.5,3.0,,,0.0,0.0,0
866d7405986fb4d14897cdb6c0aa5926,2025-09-14,Football_MarketBlend_v1,41.0,2.75,,OVER,0.25,0.5,0.75
866d7405986fb4d14897cdb6c0aa5926,2025-09-14,Football_MarketConsensus_v1,40.5,3.0,,,0.0,0.0,0
866d7405986fb4d14897cdb6c0aa5926,2025-09-14,Football_SpreadValue_v1,40.5,2.25,HOME,,0.75,0.0,0.75
866d7405986fb4d14897cdb6c0aa5926,2025-09-14,Football_TotalValue_v1,41.5,3.0,,OVER,0.0,1.0,1.0
88187a33b007c088d75c6cd14c83086c,2025-10-26,Football_KeyNumberGuard_v1,47.5,-14.5,,,0.0,0.0,0
88187a33b007c088d75c6cd14c83086c,2025-10-26,Football_LineMovement_v1,47.5,-14.5,,,0.0,0.0,0
88187a33b007c088d75c6cd14c83086c,2025-10-26,Football_MarketBlend_v1,47.0,-14.25,AWAY,UNDER,-0.25,-0.5,0.75
88187a33b007c088d75c6cd14c83086c,2025-10-26,Football_MarketConsensus_v1,47.5,-14.5,,,0.0,0.0,0
88187a33b007c088d75c6cd14c83086c,2025-10-26,Football_SpreadValue_v1,47.5,-13.75,AWAY,,-0.75,0.0,0.75
88187a33b007c088d75c6cd14c83086c,2025-10-26,Football_TotalValue_v1,46.5,-14.5,,UNDER,0.0,-1.0,1.0
883a79a306b312fad75ebf04b441b4da,2025-11-28,Football_KeyNumberGuard_v1,51.5,-7.5,,,0.0,0.0,0
883a79a306b312fad75ebf04b441b4da,2025-11-28,Football_LineMovement_v1,51.5,-7.5,,,0.0,0.0,0
883a79a306b312fad75ebf04b441b4da,2025-11-28,Football_MarketBlend_v1,51.0,-7.25,,UNDER,-0.25,-0.5,0.75
883a79a306b312fad75ebf04b441b4da,2025-11-28,Football_MarketConsensus_v1,51.5,-7.5,,,0.0,0.0,0
883a79a306b312fad75ebf04b441b4da,2025-11-28,Football_SpreadValue_v1,51.5,-6.75,AWAY,,-0.75,0.0,0.75
883a79a306b312fad75ebf04b441b4da,2025-11-28,Football_TotalValue_v1,50.5,-7.5,,UNDER,0.0,-1.0,1.0
894976986c24d52cf1d45f0e6bb0e90c,2025-09-28,Football_KeyNumberGuard_v1,44.0,3.5,,,0.0,0.0,0
894976986c24d52cf1d45f0e6bb0e90c,2025-09-28,Football_LineMovement_v1,44.0,3.5,,,0.0,0.0,0
894976986c24d52cf1d45f0e6bb0e90c,2025-09-28,Football_MarketBlend_v1,44.5,3.25,,OVER,0.25,0.5,0.75
894976986c24d52cf1d45f0e6bb0e90c,2025-09-28,Football_MarketConsensus_v1,44.0,3.5,,,0.0,0.0,0
894976986c24d52cf1d45f0e6bb0e90c,2025-09-28,Football_SpreadValue_v1,44.0,2.75,HOME,,0.75,0.0,0.75
894976986c24d52cf1d45f0e6bb0e90c,2025-09-28,Football_TotalValue_v1,45.0,3.5,,OVER,0.0,1.0,1.0
89de07377e0aa8ffaa2ae6a7dc0855cc,2026-11-08,Football_KeyNumberGuard_v1,51.0,5.0,,,0.0,0.0,0
89de07377e0aa8ffaa2ae6a7dc0855cc,2026-11-08,Football_LineMovement_v1,51.0,5.0,,,0.0,0.0,0
89de07377e0aa8ffaa2ae6a7dc0855cc,2026-11-08,Football_MarketBlend_v1,51.0,5.0,,,0.0,0.0,0
89de07377e0aa8ffaa2ae6a7dc0855cc,2026-11-08,Football_MarketConsensus_v1,51.0,5.0,,,0.0,0.0,0
89de07377e0aa8ffaa2ae6a7dc0855cc,2026-11-08,Football_SpreadValue_v1,51.0,5.0,,,0.0,0.0,0
89de07377e0aa8ffaa2ae6a7dc0855cc,2026-11-08,Football_TotalValue_v1,51.0,5.0,,,0.0,0.0,0
8b39d8dc550ced94f9faa91878ebf6b6,2025-11-23,Football_KeyNumberGuard_v1,49.5,-3.5,,,0.0,0.0,0
8b39d8dc550ced94f9faa91878ebf6b6,2025-11-23,Football_LineMovement_v1,49.5,-3.5,,,0.0,0.0,0
8b39d8dc550ced94f9faa91878ebf6b6,2025-11-23,Football_MarketBlend_v1,49.0,-3.25,,UNDER,-0.25,-0.5,0.75
8b39d8dc550ced94f9faa91878ebf6b6,2025-11-23,Football_MarketConsensus_v1,49.5,-3.5,,,0.0,0.0,0
8b39d8dc550ced94f9faa91878ebf6b6,2025-11-23,Football_SpreadValue_v1,49.5,-2.75,AWAY,,-0.75,0.0,0.75
8b39d8dc550ced94f9faa91878ebf6b6,2025-11-23,Football_TotalValue_v1,48.5,-3.5,,UNDER,0.0,-1.0,1.0
8ba112fabf4e87639338a5f437c5abfe,2026-11-22,Football_KeyNumberGuard_v1,47.0,1.25,,,0.0,0.0,0
8ba112fabf4e87639338a5f437c5abfe,2026-11-22,Football_LineMovement_v1,47.0,1.25,,,0.0,0.0,0
8ba112fabf4e87639338a5f437c5abfe,2026-11-22,Football_MarketBlend_v1,47.0,1.25,,,0.0,0.0,0
8ba112fabf4e87639338a5f437c5abfe,2026-11-22,Football_MarketConsensus_v1,47.0,1.25,,,0.0,0.0,0
8ba112fabf4e87639338a5f437c5abfe,2026-11-22,Football_SpreadValue_v1,47.0,1.25,,,0.0,0.0,0
8ba112fabf4e87639338a5f437c5abfe,2026-11-22,Football_TotalValue_v1,47.0,1.25,,,0.0,0.0,0
8bd90781e17e6d97df3941063cedae1e,2026-10-06,Football_KeyNumberGuard_v1,45.5,-2.5,,,0.0,0.0,0
8bd90781e17e6d97df3941063cedae1e,2026-10-06,Football_LineMovement_v1,45.5,-2.5,,,0.0,0.0,0
8bd90781e17e6d97df3941063cedae1e,2026-10-06,Football_MarketBlend_v1,45.0,-2.25,,UNDER,-0.25,-0.5,0.75
8bd90781e17e6d97df3941063cedae1e,2026-10-06,Football_MarketConsensus_v1,45.5,-2.5,,,0.0,0.0,0
8bd90781e17e6d97df3941063cedae1e,2026-10-06,Football_SpreadValue_v1,45.5,-1.75,AWAY,,-0.75,0.0,0.75
8bd90781e17e6d97df3941063cedae1e,2026-10-06,Football_TotalValue_v1,44.5,-2.5,,UNDER,0.0,-1.0,1.0
8c16104c8afc72b583531508b2aa1c33,2027-01-10,Football_KeyNumberGuard_v1,43.5,-7.5,,,0.0,0.0,0
8c16104c8afc72b583531508b2aa1c33,2027-01-10,Football_LineMovement_v1,43.5,-7.5,,,0.0,0.0,0
8c16104c8afc72b583531508b2aa1c33,2027-01-10,Football_MarketBlend_v1,43.5,-7.5,,,0.0,0.0,0
8c16104c8afc72b583531508b2aa1c33,2027-01-10,Football_MarketConsensus_v1,43.5,-7.5,,,0.0,0.0,0
8c16104c8afc72b583531508b2aa1c33,2027-01-10,Football_SpreadValue_v1,43.5,-7.5,,,0.0,0.0,0
8c16104c8afc72b583531508b2aa1c33,2027-01-10,Football_TotalValue_v1,43.5,-7.5,,,0.0,0.0,0
8c2d6a56aa63f42227f18a18fc3d2146,2025-11-23,Football_KeyNumberGuard_v1,41.0,-1.5,,,0.0,0.0,0
8c2d6a56aa63f42227f18a18fc3d2146,2025-11-23,Football_LineMovement_v1,41.0,-1.5,,,0.0,0.0,0
8c2d6a56aa63f42227f18a18fc3d2146,2025-11-23,Football_MarketBlend_v1,41.5,-1.25,AWAY,OVER,-0.25,0.5,0.75
8c2d6a56aa63f42227f18a18fc3d2146,2025-11-23,Football_MarketConsensus_v1,41.0,-1.5,,,0.0,0.0,0
8c2d6a56aa63f42227f18a18fc3d2146,2025-11-23,Football_SpreadValue_v1,41.0,-0.75,AWAY,,-0.75,0.0,0.75
8c2d6a56aa63f42227f18a18fc3d2146,2025-11-23,Football_TotalValue_v1,42.0,-1.5,,OVER,0.0,1.0,1.0
8dcb2a6bf542ccb7e6bc58f83c8fc2ac,2025-09-30,Football_KeyNumberGuard_v1,44.5,-7.5,,,0.0,0.0,0
8dcb2a6bf542ccb7e6bc58f83c8fc2ac,2025-09-30,Football_LineMovement_v1,44.5,-7.5,,,0.0,0.0,0
8dcb2a6bf542ccb7e6bc58f83c8fc2ac,2025-09-30,Football_MarketBlend_v1,45.0,-7.25,,OVER,-0.25,0.5,0.75
8dcb2a6bf542ccb7e6bc58f83c8fc2ac,2025-09-30,Football_MarketConsensus_v1,44.5,-7.5,,,0.0,0.0,0
8dcb2a6bf542ccb7e6bc58f83c8fc2ac,2025-09-30,Football_SpreadValue_v1,44.5,-6.75,AWAY,,-0.75,0.0,0.75
8dcb2a6bf542ccb7e6bc58f83c8fc2ac,2025-09-30,Football_TotalValue_v1,45.5,-7.5,,OVER,0.0,1.0,1.0
8e0e2d9237098222f9ca7554b11b12bb,2025-09-07,Football_KeyNumberGuard_v1,47.5,-1.5,,,0.0,0.0,0
8e0e2d9237098222f9ca7554b11b12bb,2025-09-07,Football_LineMovement_v1,47.5,-1.5,,,0.0,0.0,0
8e0e2d9237098222f9ca7554b11b12bb,2025-09-07,Football_MarketBlend_v1,47.0,-1.25,AWAY,UNDER,-0.25,-0.5,0.75
8e0e2d9237098222f9ca7554b11b12bb,2025-09-07,Football_MarketConsensus_v1,47.5,-1.5,,,0.0,0.0,0
8e0e2d9237098222f9ca7554b11b12bb,2025-09-07,Football_SpreadValue_v1,47.5,-0.75,AWAY,,-0.75,0.0,0.75
8e0e2d9237098222f9ca7554b11b12bb,2025-09-07,Football_TotalValue_v1,46.5,-1.5,,UNDER,0.0,-1.0,1.0
8e5d515b10d8a5ffb324640ed60bcc55,2026-10-11,Football_KeyNumberGuard_v1,48.5,-3.5,,,0.0,0.0,0
8e5d515b10d8a5ffb324640ed60bcc55,2026-10-11,Football_LineMovement_v1,48.5,-3.5,,,0.0,0.0,0
8e5d515b10d8a5ffb324640ed60bcc55,2026-10-11,Football_MarketBlend_v1,48.0,-3.25,,UNDER,-0.25,-0.5,0.75
8e5d515b10d8a5ffb324640ed60bcc55,2026-10-11,Football_MarketConsensus_v1,48.5,-3.5,,,0.0,0.0,0
8e5d515b10d8a5ffb324640ed60bcc55,2026-10-11,Football_SpreadValue_v1,48.5,-2.75,AWAY,,-0.75,0.0,0.75
8e5d515b10d8a5ffb324640ed60bcc55,2026-10-11,Football_TotalValue_v1,47.5,-3.5,,UNDER,0.0,-1.0,1.0
8e7a26b4026e4eca7394cc523fa10a64,2025-12-28,Football_KeyNumberGuard_v1,42.5,7.0,,,0.0,0.0,0
8e7a26b4026e4eca7394cc523fa10a64,2025-12-28,Football_LineMovement_v1,42.5,7.0,,,0.0,0.0,0
8e7a26b4026e4eca7394cc523fa10a64,2025-12-28,Football_MarketBlend_v1,43.0,6.75,,OVER,0.25,0.5,0.75
8e7a26b4026e4eca7394cc523fa10a64,2025-12-28,Football_MarketConsensus_v1,42.5,7.0,,,0.0,0.0,0
8e7a26b4026e4eca7394cc523fa10a64,2025-12-28,Football_SpreadValue_v1,42.5,6.25,HOME,,0.75,0.0,0.75
8e7a26b4026e4eca7394cc523fa10a64,2025-12-28,Football_TotalValue_v1,43.5,7.0,,OVER,0.0,1.0,1.0
8f06a4b503cc7309cb0df4a8b67f9930,2025-10-19,Football_KeyNumberGuard_v1,44.5,-4.5,,,0.0,0.0,0
8f06a4b503cc7309cb0df4a8b67f9930,2025-10-19,Football_LineMovement_v1,44.5,-4.5,,,0.0,0.0,0
8f06a4b503cc7309cb0df4a8b67f9930,2025-10-19,Football_MarketBlend_v1,45.0,-4.25,AWAY,OVER,-0.25,0.5,0.75
8f06a4b503cc7309cb0df4a8b67f9930,2025-10-19,Football_MarketConsensus_v1,44.5,-4.5,,,0.0,0.0,0
8f06a4b503cc7309cb0df4a8b67f9930,2025-10-19,Football_SpreadValue_v1,44.5,-3.75,AWAY,,-0.75,0.0,0.75
8f06a4b503cc7309cb0df4a8b67f9930,2025-10-19,Football_TotalValue_v1,45.5,-4.5,,OVER,0.0,1.0,1.0
8f81778bbdb984be44e24a3d55a49b4d,2027-01-10,Football_KeyNumberGuard_v1,47.5,-2.5,,,0.0,0.0,0
8f81778bbdb984be44e24a3d55a49b4d,2027-01-10,Football_LineMovement_v1,47.5,-2.5,,,0.0,0.0,0
8f81778bbdb984be44e24a3d55a49b4d,2027-01-10,Football_MarketBlend_v1,47.5,-2.5,,,0.0,0.0,0
8f81778bbdb984be44e24a3d55a49b4d,2027-01-10,Football_MarketConsensus_v1,47.5,-2.5,,,0.0,0.0,0
8f81778bbdb984be44e24a3d55a49b4d,2027-01-10,Football_SpreadValue_v1,47.5,-2.5,,,0.0,0.0,0
8f81778bbdb984be44e24a3d55a49b4d,2027-01-10,Football_TotalValue_v1,47.5,-2.5,,,0.0,0.0,0
8fa3fd86eaa7b432469d43b84904e1dc,2025-10-05,Football_KeyNumberGuard_v1,41.0,-7.5,,,0.0,0.0,0
8fa3fd86eaa7b432469d43b84904e1dc,2025-10-05,Football_LineMovement_v1,41.0,-7.5,,,0.0,0.0,0
8fa3fd86eaa7b432469d43b84904e1dc,2025-10-05,Football_MarketBlend_v1,41.5,-7.25,,OVER,-0.25,0.5,0.75
8fa3fd86eaa7b432469d43b84904e1dc,2025-10-05,Football_MarketConsensus_v1,41.0,-7.5,,,0.0,0.0,0
8fa3fd86eaa7b432469d43b84904e1dc,2025-10-05,Football_SpreadValue_v1,41.0,-6.75,AWAY,,-0.75,0.0,0.75
8fa3fd86eaa7b432469d43b84904e1dc,2025-10-05,Football_TotalValue_v1,42.0,-7.5,,OVER,0.0,1.0,1.0
8fd00347b6d77ce384d83cba814430d7,2026-12-27,Football_KeyNumberGuard_v1,44.5,-5.5,,,0.0,0.0,0
8fd00347b6d77ce384d83cba814430d7,2026-12-27,Football_LineMovement_v1,44.5,-5.5,,,0.0,0.0,0
8fd00347b6d77ce384d83cba814430d7,2026-12-27,Football_MarketBlend_v1,45.0,-5.25,AWAY,OVER,-0.25,0.5,0.75
8fd00347b6d77ce384d83cba814430d7,2026-12-27,Football_MarketConsensus_v1,44.5,-5.5,,,0.0,0.0,0
8fd00347b6d77ce384d83cba814430d7,2026-12-27,Football_SpreadValue_v1,44.5,-4.75,AWAY,,-0.75,0.0,0.75
8fd00347b6d77ce384d83cba814430d7,2026-12-27,Football_TotalValue_v1,45.5,-5.5,,OVER,0.0,1.0,1.0
90391be251d876bb41d36978a43c7ac2,2025-11-25,Football_KeyNumberGuard_v1,49.5,-7.5,,,0.0,0.0,0
90391be251d876bb41d36978a43c7ac2,2025-11-25,Football_LineMovement_v1,49.5,-7.5,,,0.0,0.0,0
90391be251d876bb41d36978a43c7ac2,2025-11-25,Football_MarketBlend_v1,49.0,-7.25,,UNDER,-0.25,-0.5,0.75
90391be251d876bb41d36978a43c7ac2,2025-11-25,Football_MarketConsensus_v1,49.5,-7.5,,,0.0,0.0,0
90391be251d876bb41d36978a43c7ac2,2025-11-25,Football_SpreadValue_v1,49.5,-6.75,AWAY,,-0.75,0.0,0.75
90391be251d876bb41d36978a43c7ac2,2025-11-25,Football_TotalValue_v1,48.5,-7.5,,UNDER,0.0,-1.0,1.0
91019a528f43cd28965fdc68a3f3ef85,2025-11-23,Football_KeyNumberGuard_v1,41.5,-6.5,,,0.0,0.0,0
91019a528f43cd28965fdc68a3f3ef85,2025-11-23,Football_LineMovement_v1,41.5,-6.5,,,0.0,0.0,0
91019a528f43cd28965fdc68a3f3ef85,2025-11-23,Football_MarketBlend_v1,42.0,-6.25,,OVER,-0.25,0.5,0.75
91019a528f43cd28965fdc68a3f3ef85,2025-11-23,Football_MarketConsensus_v1,41.5,-6.5,,,0.0,0.0,0
91019a528f43cd28965fdc68a3f3ef85,2025-11-23,Football_SpreadValue_v1,41.5,-5.75,AWAY,,-0.75,0.0,0.75
91019a528f43cd28965fdc68a3f3ef85,2025-11-23,Football_TotalValue_v1,42.5,-6.5,,OVER,0.0,1.0,1.0
9161553abe07f4eadf12b071f4f6e3ac,2026-01-18,Football_KeyNumberGuard_v1,44.0,-7.0,,,0.0,0.0,0
9161553abe07f4eadf12b071f4f6e3ac,2026-01-18,Football_LineMovement_v1,44.0,-7.0,,,0.0,0.0,0
9161553abe07f4eadf12b071f4f6e3ac,2026-01-18,Football_MarketBlend_v1,44.5,-6.75,,OVER,-0.25,0.5,0.75
9161553abe07f4eadf12b071f4f6e3ac,2026-01-18,Football_MarketConsensus_v1,44.0,-7.0,,,0.0,0.0,0
9161553abe07f4eadf12b071f4f6e3ac,2026-01-18,Football_SpreadValue_v1,44.0,-6.25,AWAY,,-0.75,0.0,0.75
9161553abe07f4eadf12b071f4f6e3ac,2026-01-18,Football_TotalValue_v1,45.0,-7.0,,OVER,0.0,1.0,1.0
91630b9c62640117918fa30d2a62d2db,2025-11-16,Football_KeyNumberGuard_v1,48.5,3.5,,,0.0,0.0,0
91630b9c62640117918fa30d2a62d2db,2025-11-16,Football_LineMovement_v1,48.5,3.5,,,0.0,0.0,0
91630b9c62640117918fa30d2a62d2db,2025-11-16,Football_MarketBlend_v1,48.0,3.25,,UNDER,0.25,-0.5,0.75
91630b9c62640117918fa30d2a62d2db,2025-11-16,Football_MarketConsensus_v1,48.5,3.5,,,0.0,0.0,0
91630b9c62640117918fa30d2a62d2db,2025-11-16,Football_SpreadValue_v1,48.5,2.75,HOME,,0.75,0.0,0.75
91630b9c62640117918fa30d2a62d2db,2025-11-16,Football_TotalValue_v1,47.5,3.5,,UNDER,0.0,-1.0,1.0
921859689f5f8b3b8b1caf4248bdb1ec,2026-11-01,Football_KeyNumberGuard_v1,46.5,-4.5,,,0.0,0.0,0
921859689f5f8b3b8b1caf4248bdb1ec,2026-11-01,Football_LineMovement_v1,46.5,-4.5,,,0.0,0.0,0
921859689f5f8b3b8b1caf4248bdb1ec,2026-11-01,Football_MarketBlend_v1,46.0,-4.25,AWAY,UNDER,-0.25,-0.5,0.75
921859689f5f8b3b8b1caf4248bdb1ec,2026-11-01,Football_MarketConsensus_v1,46.5,-4.5,,,0.0,0.0,0
921859689f5f8b3b8b1caf4248bdb1ec,2026-11-01,Football_SpreadValue_v1,46.5,-3.75,AWAY,,-0.75,0.0,0.75
921859689f5f8b3b8b1caf4248bdb1ec,2026-11-01,Football_TotalValue_v1,45.5,-4.5,,UNDER,0.0,-1.0,1.0
9255ca8f32aea590d00aa57de79f6bb6,2026-11-01,Football_KeyNumberGuard_v1,49.5,-10.5,,,0.0,0.0,0
9255ca8f32aea590d00aa57de79f6bb6,2026-11-01,Football_LineMovement_v1,49.5,-10.5,,,0.0,0.0,0
9255ca8f32aea590d00aa57de79f6bb6,2026-11-01,Football_MarketBlend_v1,49.0,-10.25,,UNDER,-0.25,-0.5,0.75
9255ca8f32aea590d00aa57de79f6bb6,2026-11-01,Football_MarketConsensus_v1,49.5,-10.5,,,0.0,0.0,0
9255ca8f32aea590d00aa57de79f6bb6,2026-11-01,Football_SpreadValue_v1,49.5,-9.75,AWAY,,-0.75,0.0,0.75
9255ca8f32aea590d00aa57de79f6bb6,2026-11-01,Football_TotalValue_v1,48.5,-10.5,,UNDER,0.0,-1.0,1.0
932813a3782921beb4f7fecdf247865e,2026-01-13,Football_KeyNumberGuard_v1,38.0,3.0,,,0.0,0.0,0
932813a3782921beb4f7fecdf247865e,2026-01-13,Football_LineMovement_v1,38.0,3.0,,,0.0,0.0,0
932813a3782921beb4f7fecdf247865e,2026-01-13,Football_MarketBlend_v1,38.5,2.75,,OVER,0.25,0.5,0.75
932813a3782921beb4f7fecdf247865e,2026-01-13,Football_MarketConsensus_v1,38.0,3.0,,,0.0,0.0,0
932813a3782921beb4f7fecdf247865e,2026-01-13,Football_SpreadValue_v1,38.0,2.25,HOME,,0.75,0.0,0.75
932813a3782921beb4f7fecdf247865e,2026-01-13,Football_TotalValue_v1,39.0,3.0,,OVER,0.0,1.0,1.0
93365f943b3aa23705bc9e1c7b47d7f8,2025-11-09,Football_KeyNumberGuard_v1,49.0,8.0,,,0.0,0.0,0
93365f943b3aa23705bc9e1c7b47d7f8,2025-11-09,Football_LineMovement_v1,49.0,8.0,,,0.0,0.0,0
93365f943b3aa23705bc9e1c7b47d7f8,2025-11-09,Football_MarketBlend_v1,48.5,7.75,HOME,UNDER,0.25,-0.5,0.75
93365f943b3aa23705bc9e1c7b47d7f8,2025-11-09,Football_MarketConsensus_v1,49.0,8.0,,,0.0,0.0,0
93365f943b3aa23705bc9e1c7b47d7f8,2025-11-09,Football_SpreadValue_v1,49.0,7.25,HOME,,0.75,0.0,0.75
93365f943b3aa23705bc9e1c7b47d7f8,2025-11-09,Football_TotalValue_v1,48.0,8.0,,UNDER,0.0,-1.0,1.0
93c002f0a42d1b57f3bbabdcfe24ab97,2025-12-21,Football_KeyNumberGuard_v1,47.0,-3.5,,,0.0,0.0,0
93c002f0a42d1b57f3bbabdcfe24ab97,2025-12-21,Football_LineMovement_v1,47.0,-3.5,,,0.0,0.0,0
93c002f0a42d1b57f3bbabdcfe24ab97,2025-12-21,Football_MarketBlend_v1,46.5,-3.25,,UNDER,-0.25,-0.5,0.75
93c002f0a42d1b57f3bbabdcfe24ab97,2025-12-21,Football_MarketConsensus_v1,47.0,-3.5,,,0.0,0.0,0
93c002f0a42d1b57f3bbabdcfe24ab97,2025-12-21,Football_SpreadValue_v1,47.0,-2.75,AWAY,,-0.75,0.0,0.75
93c002f0a42d1b57f3bbabdcfe24ab97,2025-12-21,Football_TotalValue_v1,46.0,-3.5,,UNDER,0.0,-1.0,1.0
945286798abb5081432aef109df29778,2025-12-21,Football_KeyNumberGuard_v1,48.5,3.5,,,0.0,0.0,0
945286798abb5081432aef109df29778,2025-12-21,Football_LineMovement_v1,48.5,3.5,,,0.0,0.0,0
945286798abb5081432aef109df29778,2025-12-21,Football_MarketBlend_v1,48.0,3.25,,UNDER,0.25,-0.5,0.75
945286798abb5081432aef109df29778,2025-12-21,Football_MarketConsensus_v1,48.5,3.5,,,0.0,0.0,0
945286798abb5081432aef109df29778,2025-12-21,Football_SpreadValue_v1,48.5,2.75,HOME,,0.75,0.0,0.75
945286798abb5081432aef109df29778,2025-12-21,Football_TotalValue_v1,47.5,3.5,,UNDER,0.0,-1.0,1.0
9535d3e3ee9d9fc83ea2b500ad0b587c,2025-09-06,Football_KeyNumberGuard_v1,47.0,3.0,,,0.0,0.0,0
9535d3e3ee9d9fc83ea2b500ad0b587c,2025-09-06,Football_LineMovement_v1,47.0,3.0,,,0.0,0.0,0
9535d3e3ee9d9fc83ea2b500ad0b587c,2025-09-06,Football_MarketBlend_v1,46.5,2.75,,UNDER,0.25,-0.5,0.75
9535d3e3ee9d9fc83ea2b500ad0b587c,2025-09-06,Football_MarketConsensus_v1,47.0,3.0,,,0.0,0.0,0
9535d3e3ee9d9fc83ea2b500ad0b587c,2025-09-06,Football_SpreadValue_v1,47.0,2.25,HOME,,0.75,0.0,0.75
9535d3e3ee9d9fc83ea2b500ad0b587c,2025-09-06,Football_TotalValue_v1,46.0,3.0,,UNDER,0.0,-1.0,1.0
95bdb9f5b22f0491bfba1381637c5009,2025-12-28,Football_KeyNumberGuard_v1,42.0,13.5,,,0.0,0.0,0
95bdb9f5b22f0491bfba1381637c5009,2025-12-28,Football_LineMovement_v1,42.0,13.5,,,0.0,0.0,0
95bdb9f5b22f0491bfba1381637c5009,2025-12-28,Football_MarketBlend_v1,42.5,13.25,HOME,OVER,0.25,0.5,0.75
95bdb9f5b22f0491bfba1381637c5009,2025-12-28,Football_MarketConsensus_v1,42.0,13.5,,,0.0,0.0,0
95bdb9f5b22f0491bfba1381637c5009,2025-12-28,Football_SpreadValue_v1,42.0,12.75,HOME,,0.75,0.0,0.75
95bdb9f5b22f0491bfba1381637c5009,2025-12-28,Football_TotalValue_v1,43.0,13.5,,OVER,0.0,1.0,1.0
95c01d1bb797d6df14824b106c5a9130,2026-09-13,Football_KeyNumberGuard_v1,41.0,-6.0,,,0.0,0.0,0
95c01d1bb797d6df14824b106c5a9130,2026-09-13,Football_LineMovement_v1,41.0,-6.0,,,0.0,0.0,0
95c01d1bb797d6df14824b106c5a9130,2026-09-13,Football_MarketBlend_v1,41.5,-5.75,AWAY,OVER,-0.25,0.5,0.75
95c01d1bb797d6df14824b106c5a9130,2026-09-13,Football_MarketConsensus_v1,41.0,-6.0,,,0.0,0.0,0
95c01d1bb797d6df14824b106c5a9130,2026-09-13,Football_SpreadValue_v1,41.0,-5.25,AWAY,,-0.75,0.0,0.75
95c01d1bb797d6df14824b106c5a9130,2026-09-13,Football_TotalValue_v1,42.0,-6.0,,OVER,0.0,1.0,1.0
96377d2fb55e3cef733cecccdecaed5f,2025-11-16,Football_KeyNumberGuard_v1,46.5,-6.0,,,0.0,0.0,0
96377d2fb55e3cef733cecccdecaed5f,2025-11-16,Football_LineMovement_v1,46.5,-6.0,,,0.0,0.0,0
96377d2fb55e3cef733cecccdecaed5f,2025-11-16,Football_MarketBlend_v1,46.0,-5.75,AWAY,UNDER,-0.25,-0.5,0.75
96377d2fb55e3cef733cecccdecaed5f,2025-11-16,Football_MarketConsensus_v1,46.5,-6.0,,,0.0,0.0,0
96377d2fb55e3cef733cecccdecaed5f,2025-11-16,Football_SpreadValue_v1,46.5,-5.25,AWAY,,-0.75,0.0,0.75
96377d2fb55e3cef733cecccdecaed5f,2025-11-16,Football_TotalValue_v1,45.5,-6.0,,UNDER,0.0,-1.0,1.0
96ce7785b0980b03282c7e10d4c58d4a,2025-11-16,Football_KeyNumberGuard_v1,45.0,4.5,,,0.0,0.0,0
96ce7785b0980b03282c7e10d4c58d4a,2025-11-16,Football_LineMovement_v1,45.0,4.5,,,0.0,0.0,0
96ce7785b0980b03282c7e10d4c58d4a,2025-11-16,Football_MarketBlend_v1,44.5,4.25,HOME,UNDER,0.25,-0.5,0.75
96ce7785b0980b03282c7e10d4c58d4a,2025-11-16,Football_MarketConsensus_v1,45.0,4.5,,,0.0,0.0,0
96ce7785b0980b03282c7e10d4c58d4a,2025-11-16,Football_SpreadValue_v1,45.0,3.75,HOME,,0.75,0.0,0.75
96ce7785b0980b03282c7e10d4c58d4a,2025-11-16,Football_TotalValue_v1,44.0,4.5,,UNDER,0.0,-1.0,1.0
96d2373cda647873b971f268482bced0,2026-10-04,Football_KeyNumberGuard_v1,45.5,-3.0,,,0.0,0.0,0
96d2373cda647873b971f268482bced0,2026-10-04,Football_LineMovement_v1,45.5,-3.0,,,0.0,0.0,0
96d2373cda647873b971f268482bced0,2026-10-04,Football_MarketBlend_v1,45.0,-2.75,,UNDER,-0.25,-0.5,0.75
96d2373cda647873b971f268482bced0,2026-10-04,Football_MarketConsensus_v1,45.5,-3.0,,,0.0,0.0,0
96d2373cda647873b971f268482bced0,2026-10-04,Football_SpreadValue_v1,45.5,-2.25,AWAY,,-0.75,0.0,0.75
96d2373cda647873b971f268482bced0,2026-10-04,Football_TotalValue_v1,44.5,-3.0,,UNDER,0.0,-1.0,1.0
9760d8f19f84bfee300a74ceb656c95d,2026-11-09,Football_KeyNumberGuard_v1,48.0,-3.5,,,0.0,0.0,0
9760d8f19f84bfee300a74ceb656c95d,2026-11-09,Football_LineMovement_v1,48.0,-3.5,,,0.0,0.0,0
9760d8f19f84bfee300a74ceb656c95d,2026-11-09,Football_MarketBlend_v1,48.0,-3.5,,,0.0,0.0,0
9760d8f19f84bfee300a74ceb656c95d,2026-11-09,Football_MarketConsensus_v1,48.0,-3.5,,,0.0,0.0,0
9760d8f19f84bfee300a74ceb656c95d,2026-11-09,Football_SpreadValue_v1,48.0,-3.5,,,0.0,0.0,0
9760d8f19f84bfee300a74ceb656c95d,2026-11-09,Football_TotalValue_v1,48.0,-3.5,,,0.0,0.0,0
97cbd9ad26dff1af47192120defe112d,2027-01-10,Football_KeyNumberGuard_v1,43.5,-10.0,,,0.0,0.0,0
97cbd9ad26dff1af47192120defe112d,2027-01-10,Football_LineMovement_v1,43.5,-10.0,,,0.0,0.0,0
97cbd9ad26dff1af47192120defe112d,2027-01-10,Football_MarketBlend_v1,43.5,-10.0,,,0.0,0.0,0
97cbd9ad26dff1af47192120defe112d,2027-01-10,Football_MarketConsensus_v1,43.5,-10.0,,,0.0,0.0,0
97cbd9ad26dff1af47192120defe112d,2027-01-10,Football_SpreadValue_v1,43.5,-10.0,,,0.0,0.0,0
97cbd9ad26dff1af47192120defe112d,2027-01-10,Football_TotalValue_v1,43.5,-10.0,,,0.0,0.0,0
97de7672b61dbddbce982711c121e76d,2025-09-21,Football_KeyNumberGuard_v1,43.5,-1.5,,,0.0,0.0,0
97de7672b61dbddbce982711c121e76d,2025-09-21,Football_LineMovement_v1,43.5,-1.5,,,0.0,0.0,0
97de7672b61dbddbce982711c121e76d,2025-09-21,Football_MarketBlend_v1,44.0,-1.25,AWAY,OVER,-0.25,0.5,0.75
97de7672b61dbddbce982711c121e76d,2025-09-21,Football_MarketConsensus_v1,43.5,-1.5,,,0.0,0.0,0
97de7672b61dbddbce982711c121e76d,2025-09-21,Football_SpreadValue_v1,43.5,-0.75,AWAY,,-0.75,0.0,0.75
97de7672b61dbddbce982711c121e76d,2025-09-21,Football_TotalValue_v1,44.5,-1.5,,OVER,0.0,1.0,1.0
98f1b121b793977434c046e76c707145,2026-11-01,Football_KeyNumberGuard_v1,41.0,-1.5,,,0.0,0.0,0
98f1b121b793977434c046e76c707145,2026-11-01,Football_LineMovement_v1,41.0,-1.5,,,0.0,0.0,0
98f1b121b793977434c046e76c707145,2026-11-01,Football_MarketBlend_v1,41.0,-1.5,,,0.0,0.0,0
98f1b121b793977434c046e76c707145,2026-11-01,Football_MarketConsensus_v1,41.0,-1.5,,,0.0,0.0,0
98f1b121b793977434c046e76c707145,2026-11-01,Football_SpreadValue_v1,41.0,-1.5,,,0.0,0.0,0
98f1b121b793977434c046e76c707145,2026-11-01,Football_TotalValue_v1,41.0,-1.5,,,0.0,0.0,0
9900b89c4776c5b47dd26ca4c755edf9,2025-11-09,Football_KeyNumberGuard_v1,49.0,4.5,,,0.0,0.0,0
9900b89c4776c5b47dd26ca4c755edf9,2025-11-09,Football_LineMovement_v1,49.0,4.5,,,0.0,0.0,0
9900b89c4776c5b47dd26ca4c755edf9,2025-11-09,Football_MarketBlend_v1,48.5,4.25,HOME,UNDER,0.25,-0.5,0.75
9900b89c4776c5b47dd26ca4c755edf9,2025-11-09,Football_MarketConsensus_v1,49.0,4.5,,,0.0,0.0,0
9900b89c4776c5b47dd26ca4c755edf9,2025-11-09,Football_SpreadValue_v1,49.0,3.75,HOME,,0.75,0.0,0.75
9900b89c4776c5b47dd26ca4c755edf9,2025-11-09,Football_TotalValue_v1,48.0,4.5,,UNDER,0.0,-1.0,1.0
99719df35bc2efdcc72096f865ed8841,2026-12-20,Football_KeyNumberGuard_v1,45.0,-10.5,,,0.0,0.0,0
99719df35bc2efdcc72096f865ed8841,2026-12-20,Football_LineMovement_v1,45.0,-10.5,,,0.0,0.0,0
99719df35bc2efdcc72096f865ed8841,2026-12-20,Football_MarketBlend_v1,45.0,-10.5,,,0.0,0.0,0
99719df35bc2efdcc72096f865ed8841,2026-12-20,Football_MarketConsensus_v1,45.0,-10.5,,,0.0,0.0,0
99719df35bc2efdcc72096f865ed8841,2026-12-20,Football_SpreadValue_v1,45.0,-10.5,,,0.0,0.0,0
99719df35bc2efdcc72096f865ed8841,2026-12-20,Football_TotalValue_v1,45.0,-10.5,,,0.0,0.0,0
99a9bae4dc0dc2590496bd3102b211f2,2026-10-04,Football_KeyNumberGuard_v1,47.5,1.5,,,0.0,0.0,0
99a9bae4dc0dc2590496bd3102b211f2,2026-10-04,Football_LineMovement_v1,47.5,1.5,,,0.0,0.0,0
99a9bae4dc0dc2590496bd3102b211f2,2026-10-04,Football_MarketBlend_v1,47.0,1.25,HOME,UNDER,0.25,-0.5,0.75
99a9bae4dc0dc2590496bd3102b211f2,2026-10-04,Football_MarketConsensus_v1,47.5,1.5,,,0.0,0.0,0
99a9bae4dc0dc2590496bd3102b211f2,2026-10-04,Football_SpreadValue_v1,47.5,0.75,HOME,,0.75,0.0,0.75
99a9bae4dc0dc2590496bd3102b211f2,2026-10-04,Football_TotalValue_v1,46.5,1.5,,UNDER,0.0,-1.0,1.0
9a55467e1cd6310ae2af20d8154612e1,2026-12-06,Football_KeyNumberGuard_v1,42.0,-9.5,,,0.0,0.0,0
9a55467e1cd6310ae2af20d8154612e1,2026-12-06,Football_LineMovement_v1,42.0,-9.5,,,0.0,0.0,0
9a55467e1cd6310ae2af20d8154612e1,2026-12-06,Football_MarketBlend_v1,42.0,-9.5,,,0.0,0.0,0
9a55467e1cd6310ae2af20d8154612e1,2026-12-06,Football_MarketConsensus_v1,42.0,-9.5,,,0.0,0.0,0
9a55467e1cd6310ae2af20d8154612e1,2026-12-06,Football_SpreadValue_v1,42.0,-9.5,,,0.0,0.0,0
9a55467e1cd6310ae2af20d8154612e1,2026-12-06,Football_TotalValue_v1,42.0,-9.5,,,0.0,0.0,0
9b825e6518156008da499be041975fdd,2026-11-26,Football_KeyNumberGuard_v1,52.5,-2.5,,,0.0,0.0,0
9b825e6518156008da499be041975fdd,2026-11-26,Football_LineMovement_v1,52.5,-2.5,,,0.0,0.0,0
9b825e6518156008da499be041975fdd,2026-11-26,Football_MarketBlend_v1,52.0,-2.25,,UNDER,-0.25,-0.5,0.75
9b825e6518156008da499be041975fdd,2026-11-26,Football_MarketConsensus_v1,52.5,-2.5,,,0.0,0.0,0
9b825e6518156008da499be041975fdd,2026-11-26,Football_SpreadValue_v1,52.5,-1.75,AWAY,,-0.75,0.0,0.75
9b825e6518156008da499be041975fdd,2026-11-26,Football_TotalValue_v1,51.5,-2.5,,UNDER,0.0,-1.0,1.0
9bb63096709ba607443c454d2a813b14,2027-01-10,Football_KeyNumberGuard_v1,39.5,-7.0,,,0.0,0.0,0
9bb63096709ba607443c454d2a813b14,2027-01-10,Football_LineMovement_v1,39.5,-7.0,,,0.0,0.0,0
9bb63096709ba607443c454d2a813b14,2027-01-10,Football_MarketBlend_v1,39.5,-7.0,,,0.0,0.0,0
9bb63096709ba607443c454d2a813b14,2027-01-10,Football_MarketConsensus_v1,39.5,-7.0,,,0.0,0.0,0
9bb63096709ba607443c454d2a813b14,2027-01-10,Football_SpreadValue_v1,39.5,-7.0,,,0.0,0.0,0
9bb63096709ba607443c454d2a813b14,2027-01-10,Football_TotalValue_v1,39.5,-7.0,,,0.0,0.0,0
9c040de8f1dfc3ddee20e0d65c9402de,2025-12-01,Football_KeyNumberGuard_v1,43.5,6.5,,,0.0,0.0,0
9c040de8f1dfc3ddee20e0d65c9402de,2025-12-01,Football_LineMovement_v1,43.5,6.5,,,0.0,0.0,0
9c040de8f1dfc3ddee20e0d65c9402de,2025-12-01,Football_MarketBlend_v1,44.0,6.25,,OVER,0.25,0.5,0.75
9c040de8f1dfc3ddee20e0d65c9402de,2025-12-01,Football_MarketConsensus_v1,43.5,6.5,,,0.0,0.0,0
9c040de8f1dfc3ddee20e0d65c9402de,2025-12-01,Football_SpreadValue_v1,43.5,5.75,HOME,,0.75,0.0,0.75
9c040de8f1dfc3ddee20e0d65c9402de,2025-12-01,Football_TotalValue_v1,44.5,6.5,,OVER,0.0,1.0,1.0
9c1f73e48ca9750f6e7d5d64874057c2,2025-10-26,Football_KeyNumberGuard_v1,44.0,-5.5,,,0.0,0.0,0
9c1f73e48ca9750f6e7d5d64874057c2,2025-10-26,Football_LineMovement_v1,44.0,-5.5,,,0.0,0.0,0
9c1f73e48ca9750f6e7d5d64874057c2,2025-10-26,Football_MarketBlend_v1,44.5,-5.25,AWAY,OVER,-0.25,0.5,0.75
9c1f73e48ca9750f6e7d5d64874057c2,2025-10-26,Football_MarketConsensus_v1,44.0,-5.5,,,0.0,0.0,0
9c1f73e48ca9750f6e7d5d64874057c2,2025-10-26,Football_SpreadValue_v1,44.0,-4.75,AWAY,,-0.75,0.0,0.75
9c1f73e48ca9750f6e7d5d64874057c2,2025-10-26,Football_TotalValue_v1,45.0,-5.5,,OVER,0.0,1.0,1.0
9c5d8f57e0ba0fbd9ef436c1f0898f99,2026-11-01,Football_KeyNumberGuard_v1,49.5,-6.5,,,0.0,0.0,0
9c5d8f57e0ba0fbd9ef436c1f0898f99,2026-11-01,Football_LineMovement_v1,49.5,-6.5,,,0.0,0.0,0
9c5d8f57e0ba0fbd9ef436c1f0898f99,2026-11-01,Football_MarketBlend_v1,49.0,-6.25,,UNDER,-0.25,-0.5,0.75
9c5d8f57e0ba0fbd9ef436c1f0898f99,2026-11-01,Football_MarketConsensus_v1,49.5,-6.5,,,0.0,0.0,0
9c5d8f57e0ba0fbd9ef436c1f0898f99,2026-11-01,Football_SpreadValue_v1,49.5,-5.75,AWAY,,-0.75,0.0,0.75
9c5d8f57e0ba0fbd9ef436c1f0898f99,2026-11-01,Football_TotalValue_v1,48.5,-6.5,,UNDER,0.0,-1.0,1.0
9d14f87600f6edc74dbcb5c74edf6246,2026-09-20,Football_KeyNumberGuard_v1,43.5,-4.5,,,0.0,0.0,0
9d14f87600f6edc74dbcb5c74edf6246,2026-09-20,Football_LineMovement_v1,43.5,-4.5,,,0.0,0.0,0
9d14f87600f6edc74dbcb5c74edf6246,2026-09-20,Football_MarketBlend_v1,44.0,-4.25,AWAY,OVER,-0.25,0.5,0.75
9d14f87600f6edc74dbcb5c74edf6246,2026-09-20,Football_MarketConsensus_v1,43.5,-4.5,,,0.0,0.0,0
9d14f87600f6edc74dbcb5c74edf6246,2026-09-20,Football_SpreadValue_v1,43.5,-3.75,AWAY,,-0.75,0.0,0.75
9d14f87600f6edc74dbcb5c74edf6246,2026-09-20,Football_TotalValue_v1,44.5,-4.5,,OVER,0.0,1.0,1.0
9d2b09e0f9b6dd5ce0d985894f4f98fa,2026-09-27,Football_KeyNumberGuard_v1,46.5,-11.5,,,0.0,0.0,0
9d2b09e0f9b6dd5ce0d985894f4f98fa,2026-09-27,Football_LineMovement_v1,46.5,-11.5,,,0.0,0.0,0
9d2b09e0f9b6dd5ce0d985894f4f98fa,2026-09-27,Football_MarketBlend_v1,46.0,-11.25,AWAY,UNDER,-0.25,-0.5,0.75
9d2b09e0f9b6dd5ce0d985894f4f98fa,2026-09-27,Football_MarketConsensus_v1,46.5,-11.5,,,0.0,0.0,0
9d2b09e0f9b6dd5ce0d985894f4f98fa,2026-09-27,Football_SpreadValue_v1,46.5,-10.75,AWAY,,-0.75,0.0,0.75
9d2b09e0f9b6dd5ce0d985894f4f98fa,2026-09-27,Football_TotalValue_v1,45.5,-11.5,,UNDER,0.0,-1.0,1.0
9da608f5bdae527b280abd61e47a110b,2025-11-30,Football_KeyNumberGuard_v1,38.5,3.0,,,0.0,0.0,0
9da608f5bdae527b280abd61e47a110b,2025-11-30,Football_LineMovement_v1,38.5,3.0,,,0.0,0.0,0
9da608f5bdae527b280abd61e47a110b,2025-11-30,Football_MarketBlend_v1,39.0,2.75,,OVER,0.25,0.5,0.75
9da608f5bdae527b280abd61e47a110b,2025-11-30,Football_MarketConsensus_v1,38.5,3.0,,,0.0,0.0,0
9da608f5bdae527b280abd61e47a110b,2025-11-30,Football_SpreadValue_v1,38.5,2.25,HOME,,0.75,0.0,0.75
9da608f5bdae527b280abd61e47a110b,2025-11-30,Football_TotalValue_v1,39.5,3.0,,OVER,0.0,1.0,1.0
9db4ed15fe34fca1fb62f040cd244591,2026-10-11,Football_KeyNumberGuard_v1,39.0,-2.5,,,0.0,0.0,0
9db4ed15fe34fca1fb62f040cd244591,2026-10-11,Football_LineMovement_v1,39.0,-2.5,,,0.0,0.0,0
9db4ed15fe34fca1fb62f040cd244591,2026-10-11,Football_MarketBlend_v1,39.0,-2.5,,,0.0,0.0,0
9db4ed15fe34fca1fb62f040cd244591,2026-10-11,Football_MarketConsensus_v1,39.0,-2.5,,,0.0,0.0,0
9db4ed15fe34fca1fb62f040cd244591,2026-10-11,Football_SpreadValue_v1,39.0,-2.5,,,0.0,0.0,0
9db4ed15fe34fca1fb62f040cd244591,2026-10-11,Football_TotalValue_v1,39.0,-2.5,,,0.0,0.0,0
9dbf94f23521c7cae7fd89b2d33fc3bd,2025-11-09,Football_KeyNumberGuard_v1,37.5,-0.5,,,0.0,0.0,0
9dbf94f23521c7cae7fd89b2d33fc3bd,2025-11-09,Football_LineMovement_v1,37.5,-0.5,,,0.0,0.0,0
9dbf94f23521c7cae7fd89b2d33fc3bd,2025-11-09,Football_MarketBlend_v1,38.0,-0.25,AWAY,OVER,-0.25,0.5,0.75
9dbf94f23521c7cae7fd89b2d33fc3bd,2025-11-09,Football_MarketConsensus_v1,37.5,-0.5,,,0.0,0.0,0
9dbf94f23521c7cae7fd89b2d33fc3bd,2025-11-09,Football_SpreadValue_v1,37.5,0.25,AWAY,,-0.75,0.0,0.75
9dbf94f23521c7cae7fd89b2d33fc3bd,2025-11-09,Football_TotalValue_v1,38.5,-0.5,,OVER,0.0,1.0,1.0
9e705d669039f2ca8364f408b7792a8a,2025-10-12,Football_KeyNumberGuard_v1,47.0,-3.5,,,0.0,0.0,0
9e705d669039f2ca8364f408b7792a8a,2025-10-12,Football_LineMovement_v1,47.0,-3.5,,,0.0,0.0,0
9e705d669039f2ca8364f408b7792a8a,2025-10-12,Football_MarketBlend_v1,46.5,-3.25,,UNDER,-0.25,-0.5,0.75
9e705d669039f2ca8364f408b7792a8a,2025-10-12,Football_MarketConsensus_v1,47.0,-3.5,,,0.0,0.0,0
9e705d669039f2ca8364f408b7792a8a,2025-10-12,Football_SpreadValue_v1,47.0,-2.75,AWAY,,-0.75,0.0,0.75
9e705d669039f2ca8364f408b7792a8a,2025-10-12,Football_TotalValue_v1,46.0,-3.5,,UNDER,0.0,-1.0,1.0
9e7119f5a24471c39145663b84f100b2,2025-11-24,Football_KeyNumberGuard_v1,49.5,-7.0,,,0.0,0.0,0
9e7119f5a24471c39145663b84f100b2,2025-11-24,Football_LineMovement_v1,49.5,-7.0,,,0.0,0.0,0
9e7119f5a24471c39145663b84f100b2,2025-11-24,Football_MarketBlend_v1,49.0,-6.75,,UNDER,-0.25,-0.5,0.75
9e7119f5a24471c39145663b84f100b2,2025-11-24,Football_MarketConsensus_v1,49.5,-7.0,,,0.0,0.0,0
9e7119f5a24471c39145663b84f100b2,2025-11-24,Football_SpreadValue_v1,49.5,-6.25,AWAY,,-0.75,0.0,0.75
9e7119f5a24471c39145663b84f100b2,2025-11-24,Football_TotalValue_v1,48.5,-7.0,,UNDER,0.0,-1.0,1.0
9f1ad249959aacae89e5e74e43429a4a,2025-09-07,Football_KeyNumberGuard_v1,43.5,1.5,,,0.0,0.0,0
9f1ad249959aacae89e5e74e43429a4a,2025-09-07,Football_LineMovement_v1,43.5,1.5,,,0.0,0.0,0
9f1ad249959aacae89e5e74e43429a4a,2025-09-07,Football_MarketBlend_v1,44.0,1.25,HOME,OVER,0.25,0.5,0.75
9f1ad249959aacae89e5e74e43429a4a,2025-09-07,Football_MarketConsensus_v1,43.5,1.5,,,0.0,0.0,0
9f1ad249959aacae89e5e74e43429a4a,2025-09-07,Football_SpreadValue_v1,43.5,0.75,HOME,,0.75,0.0,0.75
9f1ad249959aacae89e5e74e43429a4a,2025-09-07,Football_TotalValue_v1,44.5,1.5,,OVER,0.0,1.0,1.0
9f507007b9c0a7082c1471a5fa841336,2026-12-20,Football_KeyNumberGuard_v1,41.0,4.25,,,0.0,0.0,0
9f507007b9c0a7082c1471a5fa841336,2026-12-20,Football_LineMovement_v1,41.0,4.25,,,0.0,0.0,0
9f507007b9c0a7082c1471a5fa841336,2026-12-20,Football_MarketBlend_v1,41.0,4.25,,,0.0,0.0,0
9f507007b9c0a7082c1471a5fa841336,2026-12-20,Football_MarketConsensus_v1,41.0,4.25,,,0.0,0.0,0
9f507007b9c0a7082c1471a5fa841336,2026-12-20,Football_SpreadValue_v1,41.0,4.25,,,0.0,0.0,0
9f507007b9c0a7082c1471a5fa841336,2026-12-20,Football_TotalValue_v1,41.0,4.25,,,0.0,0.0,0
9f70d98bc6918dc8e21f329405b649fe,2025-12-21,Football_KeyNumberGuard_v1,45.5,-1.0,,,0.0,0.0,0
9f70d98bc6918dc8e21f329405b649fe,2025-12-21,Football_LineMovement_v1,45.5,-1.0,,,0.0,0.0,0
9f70d98bc6918dc8e21f329405b649fe,2025-12-21,Football_MarketBlend_v1,45.0,-0.75,AWAY,UNDER,-0.25,-0.5,0.75
9f70d98bc6918dc8e21f329405b649fe,2025-12-21,Football_MarketConsensus_v1,45.5,-1.0,,,0.0,0.0,0
9f70d98bc6918dc8e21f329405b649fe,2025-12-21,Football_SpreadValue_v1,45.5,-0.25,AWAY,,-0.75,0.0,0.75
9f70d98bc6918dc8e21f329405b649fe,2025-12-21,Football_TotalValue_v1,44.5,-1.0,,UNDER,0.0,-1.0,1.0
a03f89d3aaadf737deb09be24986d5bf,2025-12-21,Football_KeyNumberGuard_v1,52.0,-7.5,,,0.0,0.0,0
a03f89d3aaadf737deb09be24986d5bf,2025-12-21,Football_LineMovement_v1,52.0,-7.5,,,0.0,0.0,0
a03f89d3aaadf737deb09be24986d5bf,2025-12-21,Football_MarketBlend_v1,51.5,-7.25,,UNDER,-0.25,-0.5,0.75
a03f89d3aaadf737deb09be24986d5bf,2025-12-21,Football_MarketConsensus_v1,52.0,-7.5,,,0.0,0.0,0
a03f89d3aaadf737deb09be24986d5bf,2025-12-21,Football_SpreadValue_v1,52.0,-6.75,AWAY,,-0.75,0.0,0.75
a03f89d3aaadf737deb09be24986d5bf,2025-12-21,Football_TotalValue_v1,51.0,-7.5,,UNDER,0.0,-1.0,1.0
a0476b027679a1670f21e8b75a860ab9,2025-12-22,Football_KeyNumberGuard_v1,48.75,-3.5,,,0.0,0.0,0
a0476b027679a1670f21e8b75a860ab9,2025-12-22,Football_LineMovement_v1,48.75,-3.5,,,0.0,0.0,0
a0476b027679a1670f21e8b75a860ab9,2025-12-22,Football_MarketBlend_v1,48.25,-3.25,,UNDER,-0.25,-0.5,0.75
a0476b027679a1670f21e8b75a860ab9,2025-12-22,Football_MarketConsensus_v1,48.75,-3.5,,,0.0,0.0,0
a0476b027679a1670f21e8b75a860ab9,2025-12-22,Football_SpreadValue_v1,48.75,-2.75,AWAY,,-0.75,0.0,0.75
a0476b027679a1670f21e8b75a860ab9,2025-12-22,Football_TotalValue_v1,47.75,-3.5,,UNDER,0.0,-1.0,1.0
a061e80d1f50eab193b34d19f8e59f62,2025-10-26,Football_KeyNumberGuard_v1,45.0,-2.5,,,0.0,0.0,0
a061e80d1f50eab193b34d19f8e59f62,2025-10-26,Football_LineMovement_v1,45.0,-2.5,,,0.0,0.0,0
a061e80d1f50eab193b34d19f8e59f62,2025-10-26,Football_MarketBlend_v1,44.5,-2.25,,UNDER,-0.25,-0.5,0.75
a061e80d1f50eab193b34d19f8e59f62,2025-10-26,Football_MarketConsensus_v1,45.0,-2.5,,,0.0,0.0,0
a061e80d1f50eab193b34d19f8e59f62,2025-10-26,Football_SpreadValue_v1,45.0,-1.75,AWAY,,-0.75,0.0,0.75
a061e80d1f50eab193b34d19f8e59f62,2025-10-26,Football_TotalValue_v1,44.0,-2.5,,UNDER,0.0,-1.0,1.0
a0ad5501e9d1d2ee9f61d9f293374f17,2025-10-19,Football_KeyNumberGuard_v1,48.5,-2.0,,,0.0,0.0,0
a0ad5501e9d1d2ee9f61d9f293374f17,2025-10-19,Football_LineMovement_v1,48.5,-2.0,,,0.0,0.0,0
a0ad5501e9d1d2ee9f61d9f293374f17,2025-10-19,Football_MarketBlend_v1,48.0,-1.75,AWAY,UNDER,-0.25,-0.5,0.75
a0ad5501e9d1d2ee9f61d9f293374f17,2025-10-19,Football_MarketConsensus_v1,48.5,-2.0,,,0.0,0.0,0
a0ad5501e9d1d2ee9f61d9f293374f17,2025-10-19,Football_SpreadValue_v1,48.5,-1.25,AWAY,,-0.75,0.0,0.75
a0ad5501e9d1d2ee9f61d9f293374f17,2025-10-19,Football_TotalValue_v1,47.5,-2.0,,UNDER,0.0,-1.0,1.0
a11bbccb332241029ebaeb519b93b776,2025-10-12,Football_KeyNumberGuard_v1,38.0,-6.0,,,0.0,0.0,0
a11bbccb332241029ebaeb519b93b776,2025-10-12,Football_LineMovement_v1,38.0,-6.0,,,0.0,0.0,0
a11bbccb332241029ebaeb519b93b776,2025-10-12,Football_MarketBlend_v1,38.5,-5.75,AWAY,OVER,-0.25,0.5,0.75
a11bbccb332241029ebaeb519b93b776,2025-10-12,Football_MarketConsensus_v1,38.0,-6.0,,,0.0,0.0,0
a11bbccb332241029ebaeb519b93b776,2025-10-12,Football_SpreadValue_v1,38.0,-5.25,AWAY,,-0.75,0.0,0.75
a11bbccb332241029ebaeb519b93b776,2025-10-12,Football_TotalValue_v1,39.0,-6.0,,OVER,0.0,1.0,1.0
a31f461ccd92e1072f23ccfae281ae9a,2026-12-13,Football_KeyNumberGuard_v1,47.0,-7.5,,,0.0,0.0,0
a31f461ccd92e1072f23ccfae281ae9a,2026-12-13,Football_LineMovement_v1,47.0,-7.5,,,0.0,0.0,0
a31f461ccd92e1072f23ccfae281ae9a,2026-12-13,Football_MarketBlend_v1,47.0,-7.5,,,0.0,0.0,0
a31f461ccd92e1072f23ccfae281ae9a,2026-12-13,Football_MarketConsensus_v1,47.0,-7.5,,,0.0,0.0,0
a31f461ccd92e1072f23ccfae281ae9a,2026-12-13,Football_SpreadValue_v1,47.0,-7.5,,,0.0,0.0,0
a31f461ccd92e1072f23ccfae281ae9a,2026-12-13,Football_TotalValue_v1,47.0,-7.5,,,0.0,0.0,0
a360e4c43576d22057ff90d818928066,2025-12-14,Football_KeyNumberGuard_v1,42.5,-10.5,,,0.0,0.0,0
a360e4c43576d22057ff90d818928066,2025-12-14,Football_LineMovement_v1,42.5,-10.5,,,0.0,0.0,0
a360e4c43576d22057ff90d818928066,2025-12-14,Football_MarketBlend_v1,43.0,-10.25,,OVER,-0.25,0.5,0.75
a360e4c43576d22057ff90d818928066,2025-12-14,Football_MarketConsensus_v1,42.5,-10.5,,,0.0,0.0,0
a360e4c43576d22057ff90d818928066,2025-12-14,Football_SpreadValue_v1,42.5,-9.75,AWAY,,-0.75,0.0,0.75
a360e4c43576d22057ff90d818928066,2025-12-14,Football_TotalValue_v1,43.5,-10.5,,OVER,0.0,1.0,1.0
a5495c3360b3bb13da76ba23a675c9ef,2026-12-06,Football_KeyNumberGuard_v1,47.75,3.0,,,0.0,0.0,0
a5495c3360b3bb13da76ba23a675c9ef,2026-12-06,Football_LineMovement_v1,47.75,3.0,,,0.0,0.0,0
a5495c3360b3bb13da76ba23a675c9ef,2026-12-06,Football_MarketBlend_v1,47.75,3.0,,,0.0,0.0,0
a5495c3360b3bb13da76ba23a675c9ef,2026-12-06,Football_MarketConsensus_v1,47.75,3.0,,,0.0,0.0,0
a5495c3360b3bb13da76ba23a675c9ef,2026-12-06,Football_SpreadValue_v1,47.75,3.0,,,0.0,0.0,0
a5495c3360b3bb13da76ba23a675c9ef,2026-12-06,Football_TotalValue_v1,47.75,3.0,,,0.0,0.0,0
a7211a87bbd5fb2ee473eb9c93ee2e68,2025-10-12,Football_KeyNumberGuard_v1,44.5,3.5,,,0.0,0.0,0
a7211a87bbd5fb2ee473eb9c93ee2e68,2025-10-12,Football_LineMovement_v1,44.5,3.5,,,0.0,0.0,0
a7211a87bbd5fb2ee473eb9c93ee2e68,2025-10-12,Football_MarketBlend_v1,45.0,3.25,,OVER,0.25,0.5,0.75
a7211a87bbd5fb2ee473eb9c93ee2e68,2025-10-12,Football_MarketConsensus_v1,44.5,3.5,,,0.0,0.0,0
a7211a87bbd5fb2ee473eb9c93ee2e68,2025-10-12,Football_SpreadValue_v1,44.5,2.75,HOME,,0.75,0.0,0.75
a7211a87bbd5fb2ee473eb9c93ee2e68,2025-10-12,Football_TotalValue_v1,45.5,3.5,,OVER,0.0,1.0,1.0
a73a76599a4f3422803e57bd8f61b626,2026-10-05,Football_KeyNumberGuard_v1,47.0,3.0,,,0.0,0.0,0
a73a76599a4f3422803e57bd8f61b626,2026-10-05,Football_LineMovement_v1,47.0,3.0,,,0.0,0.0,0
a73a76599a4f3422803e57bd8f61b626,2026-10-05,Football_MarketBlend_v1,47.0,3.0,,,0.0,0.0,0
a73a76599a4f3422803e57bd8f61b626,2026-10-05,Football_MarketConsensus_v1,47.0,3.0,,,0.0,0.0,0
a73a76599a4f3422803e57bd8f61b626,2026-10-05,Football_SpreadValue_v1,47.0,3.0,,,0.0,0.0,0
a73a76599a4f3422803e57bd8f61b626,2026-10-05,Football_TotalValue_v1,47.0,3.0,,,0.0,0.0,0
a788e7cebff4b5fe10034710090e4529,2025-11-02,Football_KeyNumberGuard_v1,48.5,2.5,,,0.0,0.0,0
a788e7cebff4b5fe10034710090e4529,2025-11-02,Football_LineMovement_v1,48.5,2.5,,,0.0,0.0,0
a788e7cebff4b5fe10034710090e4529,2025-11-02,Football_MarketBlend_v1,48.0,2.25,,UNDER,0.25,-0.5,0.75
a788e7cebff4b5fe10034710090e4529,2025-11-02,Football_MarketConsensus_v1,48.5,2.5,,,0.0,0.0,0
a788e7cebff4b5fe10034710090e4529,2025-11-02,Football_SpreadValue_v1,48.5,1.75,HOME,,0.75,0.0,0.75
a788e7cebff4b5fe10034710090e4529,2025-11-02,Football_TotalValue_v1,47.5,2.5,,UNDER,0.0,-1.0,1.0
a7e7efb75a9792ac63480ae6328dca18,2026-10-04,Football_KeyNumberGuard_v1,46.5,-2.5,,,0.0,0.0,0
a7e7efb75a9792ac63480ae6328dca18,2026-10-04,Football_LineMovement_v1,46.5,-2.5,,,0.0,0.0,0
a7e7efb75a9792ac63480ae6328dca18,2026-10-04,Football_MarketBlend_v1,46.0,-2.25,,UNDER,-0.25,-0.5,0.75
a7e7efb75a9792ac63480ae6328dca18,2026-10-04,Football_MarketConsensus_v1,46.5,-2.5,,,0.0,0.0,0
a7e7efb75a9792ac63480ae6328dca18,2026-10-04,Football_SpreadValue_v1,46.5,-1.75,AWAY,,-0.75,0.0,0.75
a7e7efb75a9792ac63480ae6328dca18,2026-10-04,Football_TotalValue_v1,45.5,-2.5,,UNDER,0.0,-1.0,1.0
a8dd9bb0681692540d067bd0e9e66989,2025-10-26,Football_KeyNumberGuard_v1,46.0,3.5,,,0.0,0.0,0
a8dd9bb0681692540d067bd0e9e66989,2025-10-26,Football_LineMovement_v1,46.0,3.5,,,0.0,0.0,0
a8dd9bb0681692540d067bd0e9e66989,2025-10-26,Football_MarketBlend_v1,45.5,3.25,,UNDER,0.25,-0.5,0.75
a8dd9bb0681692540d067bd0e9e66989,2025-10-26,Football_MarketConsensus_v1,46.0,3.5,,,0.0,0.0,0
a8dd9bb0681692540d067bd0e9e66989,2025-10-26,Football_SpreadValue_v1,46.0,2.75,HOME,,0.75,0.0,0.75
a8dd9bb0681692540d067bd0e9e66989,2025-10-26,Football_TotalValue_v1,45.0,3.5,,UNDER,0.0,-1.0,1.0
a8ebe01e05675c109b53a97f653f8653,2025-10-26,Football_KeyNumberGuard_v1,44.0,-7.5,,,0.0,0.0,0
a8ebe01e05675c109b53a97f653f8653,2025-10-26,Football_LineMovement_v1,44.0,-7.5,,,0.0,0.0,0
a8ebe01e05675c109b53a97f653f8653,2025-10-26,Football_MarketBlend_v1,44.5,-7.25,,OVER,-0.25,0.5,0.75
a8ebe01e05675c109b53a97f653f8653,2025-10-26,Football_MarketConsensus_v1,44.0,-7.5,,,0.0,0.0,0
a8ebe01e05675c109b53a97f653f8653,2025-10-26,Football_SpreadValue_v1,44.0,-6.75,AWAY,,-0.75,0.0,0.75
a8ebe01e05675c109b53a97f653f8653,2025-10-26,Football_TotalValue_v1,45.0,-7.5,,OVER,0.0,1.0,1.0
aa5b25e85d1ad6540d7a5ae04b73ddfd,2025-12-21,Football_KeyNumberGuard_v1,40.5,-6.5,,,0.0,0.0,0
aa5b25e85d1ad6540d7a5ae04b73ddfd,2025-12-21,Football_LineMovement_v1,40.5,-6.5,,,0.0,0.0,0
aa5b25e85d1ad6540d7a5ae04b73ddfd,2025-12-21,Football_MarketBlend_v1,41.0,-6.25,,OVER,-0.25,0.5,0.75
aa5b25e85d1ad6540d7a5ae04b73ddfd,2025-12-21,Football_MarketConsensus_v1,40.5,-6.5,,,0.0,0.0,0
aa5b25e85d1ad6540d7a5ae04b73ddfd,2025-12-21,Football_SpreadValue_v1,40.5,-5.75,AWAY,,-0.75,0.0,0.75
aa5b25e85d1ad6540d7a5ae04b73ddfd,2025-12-21,Football_TotalValue_v1,41.5,-6.5,,OVER,0.0,1.0,1.0
aa9d0cf732b6adde4ad3ec04ca79825c,2025-12-21,Football_KeyNumberGuard_v1,50.5,-1.5,,,0.0,0.0,0
aa9d0cf732b6adde4ad3ec04ca79825c,2025-12-21,Football_LineMovement_v1,50.5,-1.5,,,0.0,0.0,0
aa9d0cf732b6adde4ad3ec04ca79825c,2025-12-21,Football_MarketBlend_v1,50.0,-1.25,AWAY,UNDER,-0.25,-0.5,0.75
aa9d0cf732b6adde4ad3ec04ca79825c,2025-12-21,Football_MarketConsensus_v1,50.5,-1.5,,,0.0,0.0,0
aa9d0cf732b6adde4ad3ec04ca79825c,2025-12-21,Football_SpreadValue_v1,50.5,-0.75,AWAY,,-0.75,0.0,0.75
aa9d0cf732b6adde4ad3ec04ca79825c,2025-12-21,Football_TotalValue_v1,49.5,-1.5,,UNDER,0.0,-1.0,1.0
ab2865e9f2d4b012de8bc6fb6de11a7c,2026-10-30,Football_KeyNumberGuard_v1,45.5,-7.0,,,0.0,0.0,0
ab2865e9f2d4b012de8bc6fb6de11a7c,2026-10-30,Football_LineMovement_v1,45.5,-7.0,,,0.0,0.0,0
ab2865e9f2d4b012de8bc6fb6de11a7c,2026-10-30,Football_MarketBlend_v1,45.0,-6.75,,UNDER,-0.25,-0.5,0.75
ab2865e9f2d4b012de8bc6fb6de11a7c,2026-10-30,Football_MarketConsensus_v1,45.5,-7.0,,,0.0,0.0,0
ab2865e9f2d4b012de8bc6fb6de11a7c,2026-10-30,Football_SpreadValue_v1,45.5,-6.25,AWAY,,-0.75,0.0,0.75
ab2865e9f2d4b012de8bc6fb6de11a7c,2026-10-30,Football_TotalValue_v1,44.5,-7.0,,UNDER,0.0,-1.0,1.0
ab5ab731ab655bd6308bc7a922275518,2026-11-01,Football_KeyNumberGuard_v1,39.5,-5.75,,,0.0,0.0,0
ab5ab731ab655bd6308bc7a922275518,2026-11-01,Football_LineMovement_v1,39.5,-5.75,,,0.0,0.0,0
ab5ab731ab655bd6308bc7a922275518,2026-11-01,Football_MarketBlend_v1,39.5,-5.75,,,0.0,0.0,0
ab5ab731ab655bd6308bc7a922275518,2026-11-01,Football_MarketConsensus_v1,39.5,-5.75,,,0.0,0.0,0
ab5ab731ab655bd6308bc7a922275518,2026-11-01,Football_SpreadValue_v1,39.5,-5.75,,,0.0,0.0,0
ab5ab731ab655bd6308bc7a922275518,2026-11-01,Football_TotalValue_v1,39.5,-5.75,,,0.0,0.0,0
abc4104a9ac597ce37d703613256fd6c,2025-10-26,Football_KeyNumberGuard_v1,42.0,-2.5,,,0.0,0.0,0
abc4104a9ac597ce37d703613256fd6c,2025-10-26,Football_LineMovement_v1,42.0,-2.5,,,0.0,0.0,0
abc4104a9ac597ce37d703613256fd6c,2025-10-26,Football_MarketBlend_v1,42.5,-2.25,,OVER,-0.25,0.5,0.75
abc4104a9ac597ce37d703613256fd6c,2025-10-26,Football_MarketConsensus_v1,42.0,-2.5,,,0.0,0.0,0
abc4104a9ac597ce37d703613256fd6c,2025-10-26,Football_SpreadValue_v1,42.0,-1.75,AWAY,,-0.75,0.0,0.75
abc4104a9ac597ce37d703613256fd6c,2025-10-26,Football_TotalValue_v1,43.0,-2.5,,OVER,0.0,1.0,1.0
ac02b1b59aa0623845378a02bc530c68,2025-10-26,Football_KeyNumberGuard_v1,44.5,-7.0,,,0.0,0.0,0
ac02b1b59aa0623845378a02bc530c68,2025-10-26,Football_LineMovement_v1,44.5,-7.0,,,0.0,0.0,0
ac02b1b59aa0623845378a02bc530c68,2025-10-26,Football_MarketBlend_v1,45.0,-6.75,,OVER,-0.25,0.5,0.75
ac02b1b59aa0623845378a02bc530c68,2025-10-26,Football_MarketConsensus_v1,44.5,-7.0,,,0.0,0.0,0
ac02b1b59aa0623845378a02bc530c68,2025-10-26,Football_SpreadValue_v1,44.5,-6.25,AWAY,,-0.75,0.0,0.75
ac02b1b59aa0623845378a02bc530c68,2025-10-26,Football_TotalValue_v1,45.5,-7.0,,OVER,0.0,1.0,1.0
ac7881cc5a498c5b72680498d3fa8f6e,2025-12-19,Football_KeyNumberGuard_v1,42.5,-1.5,,,0.0,0.0,0
ac7881cc5a498c5b72680498d3fa8f6e,2025-12-19,Football_LineMovement_v1,42.5,-1.5,,,0.0,0.0,0
ac7881cc5a498c5b72680498d3fa8f6e,2025-12-19,Football_MarketBlend_v1,43.0,-1.25,AWAY,OVER,-0.25,0.5,0.75
ac7881cc5a498c5b72680498d3fa8f6e,2025-12-19,Football_MarketConsensus_v1,42.5,-1.5,,,0.0,0.0,0
ac7881cc5a498c5b72680498d3fa8f6e,2025-12-19,Football_SpreadValue_v1,42.5,-0.75,AWAY,,-0.75,0.0,0.75
ac7881cc5a498c5b72680498d3fa8f6e,2025-12-19,Football_TotalValue_v1,43.5,-1.5,,OVER,0.0,1.0,1.0
ac9d38a18d5c92814233a31aa9a48d78,2026-11-08,Football_KeyNumberGuard_v1,46.5,-8.5,,,0.0,0.0,0
ac9d38a18d5c92814233a31aa9a48d78,2026-11-08,Football_LineMovement_v1,46.5,-8.5,,,0.0,0.0,0
ac9d38a18d5c92814233a31aa9a48d78,2026-11-08,Football_MarketBlend_v1,46.0,-8.25,AWAY,UNDER,-0.25,-0.5,0.75
ac9d38a18d5c92814233a31aa9a48d78,2026-11-08,Football_MarketConsensus_v1,46.5,-8.5,,,0.0,0.0,0
ac9d38a18d5c92814233a31aa9a48d78,2026-11-08,Football_SpreadValue_v1,46.5,-7.75,AWAY,,-0.75,0.0,0.75
ac9d38a18d5c92814233a31aa9a48d78,2026-11-08,Football_TotalValue_v1,45.5,-8.5,,UNDER,0.0,-1.0,1.0
aca5234c57e31b1931e51d2d0d6046f5,2025-09-19,Football_KeyNumberGuard_v1,50.5,-11.5,,,0.0,0.0,0
aca5234c57e31b1931e51d2d0d6046f5,2025-09-19,Football_LineMovement_v1,50.5,-11.5,,,0.0,0.0,0
aca5234c57e31b1931e51d2d0d6046f5,2025-09-19,Football_MarketBlend_v1,50.0,-11.25,AWAY,UNDER,-0.25,-0.5,0.75
aca5234c57e31b1931e51d2d0d6046f5,2025-09-19,Football_MarketConsensus_v1,50.5,-11.5,,,0.0,0.0,0
aca5234c57e31b1931e51d2d0d6046f5,2025-09-19,Football_SpreadValue_v1,50.5,-10.75,AWAY,,-0.75,0.0,0.75
aca5234c57e31b1931e51d2d0d6046f5,2025-09-19,Football_TotalValue_v1,49.5,-11.5,,UNDER,0.0,-1.0,1.0
ae3429e95ee704c7fd001cade20072d0,2026-12-06,Football_KeyNumberGuard_v1,46.5,1.5,,,0.0,0.0,0
ae3429e95ee704c7fd001cade20072d0,2026-12-06,Football_LineMovement_v1,46.5,1.5,,,0.0,0.0,0
ae3429e95ee704c7fd001cade20072d0,2026-12-06,Football_MarketBlend_v1,46.0,1.25,HOME,UNDER,0.25,-0.5,0.75
ae3429e95ee704c7fd001cade20072d0,2026-12-06,Football_MarketConsensus_v1,46.5,1.5,,,0.0,0.0,0
ae3429e95ee704c7fd001cade20072d0,2026-12-06,Football_SpreadValue_v1,46.5,0.75,HOME,,0.75,0.0,0.75
ae3429e95ee704c7fd001cade20072d0,2026-12-06,Football_TotalValue_v1,45.5,1.5,,UNDER,0.0,-1.0,1.0
aee7eae1849ebb103b9bf233e9741392,2026-09-20,Football_KeyNumberGuard_v1,42.5,-1.5,,,0.0,0.0,0
aee7eae1849ebb103b9bf233e9741392,2026-09-20,Football_LineMovement_v1,42.5,-1.5,,,0.0,0.0,0
aee7eae1849ebb103b9bf233e9741392,2026-09-20,Football_MarketBlend_v1,43.0,-1.25,AWAY,OVER,-0.25,0.5,0.75
aee7eae1849ebb103b9bf233e9741392,2026-09-20,Football_MarketConsensus_v1,42.5,-1.5,,,0.0,0.0,0
aee7eae1849ebb103b9bf233e9741392,2026-09-20,Football_SpreadValue_v1,42.5,-0.75,AWAY,,-0.75,0.0,0.75
aee7eae1849ebb103b9bf233e9741392,2026-09-20,Football_TotalValue_v1,43.5,-1.5,,OVER,0.0,1.0,1.0
af6fbb0a2e996613bc393115276c60e2,2025-09-28,Football_KeyNumberGuard_v1,48.0,-1.5,,,0.0,0.0,0
af6fbb0a2e996613bc393115276c60e2,2025-09-28,Football_LineMovement_v1,48.0,-1.5,,,0.0,0.0,0
af6fbb0a2e996613bc393115276c60e2,2025-09-28,Football_MarketBlend_v1,47.5,-1.25,AWAY,UNDER,-0.25,-0.5,0.75
af6fbb0a2e996613bc393115276c60e2,2025-09-28,Football_MarketConsensus_v1,48.0,-1.5,,,0.0,0.0,0
af6fbb0a2e996613bc393115276c60e2,2025-09-28,Football_SpreadValue_v1,48.0,-0.75,AWAY,,-0.75,0.0,0.75
af6fbb0a2e996613bc393115276c60e2,2025-09-28,Football_TotalValue_v1,47.0,-1.5,,UNDER,0.0,-1.0,1.0
b009f04b4f61b264a5163157c3439dc1,2027-01-03,Football_KeyNumberGuard_v1,42.5,5.5,,,0.0,0.0,0
b009f04b4f61b264a5163157c3439dc1,2027-01-03,Football_LineMovement_v1,42.5,5.5,,,0.0,0.0,0
b009f04b4f61b264a5163157c3439dc1,2027-01-03,Football_MarketBlend_v1,43.0,5.25,HOME,OVER,0.25,0.5,0.75
b009f04b4f61b264a5163157c3439dc1,2027-01-03,Football_MarketConsensus_v1,42.5,5.5,,,0.0,0.0,0
b009f04b4f61b264a5163157c3439dc1,2027-01-03,Football_SpreadValue_v1,42.5,4.75,HOME,,0.75,0.0,0.75
b009f04b4f61b264a5163157c3439dc1,2027-01-03,Football_TotalValue_v1,43.5,5.5,,OVER,0.0,1.0,1.0
b02a72c768a6c6dee87aa74f78e84176,2025-09-07,Football_KeyNumberGuard_v1,46.5,-1.0,,,0.0,0.0,0
b02a72c768a6c6dee87aa74f78e84176,2025-09-07,Football_LineMovement_v1,46.5,-1.0,,,0.0,0.0,0
b02a72c768a6c6dee87aa74f78e84176,2025-09-07,Football_MarketBlend_v1,46.0,-0.75,AWAY,UNDER,-0.25,-0.5,0.75
b02a72c768a6c6dee87aa74f78e84176,2025-09-07,Football_MarketConsensus_v1,46.5,-1.0,,,0.0,0.0,0
b02a72c768a6c6dee87aa74f78e84176,2025-09-07,Football_SpreadValue_v1,46.5,-0.25,AWAY,,-0.75,0.0,0.75
b02a72c768a6c6dee87aa74f78e84176,2025-09-07,Football_TotalValue_v1,45.5,-1.0,,UNDER,0.0,-1.0,1.0
b08df670a95f1809707b335dc75081c6,2025-11-02,Football_KeyNumberGuard_v1,44.0,-14.0,,,0.0,0.0,0
b08df670a95f1809707b335dc75081c6,2025-11-02,Football_LineMovement_v1,44.0,-14.0,,,0.0,0.0,0
b08df670a95f1809707b335dc75081c6,2025-11-02,Football_MarketBlend_v1,44.5,-13.75,AWAY,OVER,-0.25,0.5,0.75
b08df670a95f1809707b335dc75081c6,2025-11-02,Football_MarketConsensus_v1,44.0,-14.0,,,0.0,0.0,0
b08df670a95f1809707b335dc75081c6,2025-11-02,Football_SpreadValue_v1,44.0,-13.25,AWAY,,-0.75,0.0,0.75
b08df670a95f1809707b335dc75081c6,2025-11-02,Football_TotalValue_v1,45.0,-14.0,,OVER,0.0,1.0,1.0
b0dedebd28a82f8f38398033356e9015,2025-12-29,Football_KeyNumberGuard_v1,51.5,-3.5,,,0.0,0.0,0
b0dedebd28a82f8f38398033356e9015,2025-12-29,Football_LineMovement_v1,51.5,-3.5,,,0.0,0.0,0
b0dedebd28a82f8f38398033356e9015,2025-12-29,Football_MarketBlend_v1,51.0,-3.25,,UNDER,-0.25,-0.5,0.75
b0dedebd28a82f8f38398033356e9015,2025-12-29,Football_MarketConsensus_v1,51.5,-3.5,,,0.0,0.0,0
b0dedebd28a82f8f38398033356e9015,2025-12-29,Football_SpreadValue_v1,51.5,-2.75,AWAY,,-0.75,0.0,0.75
b0dedebd28a82f8f38398033356e9015,2025-12-29,Football_TotalValue_v1,50.5,-3.5,,UNDER,0.0,-1.0,1.0
b1be064fb52a198a62109c279e7ab24c,2026-10-25,Football_KeyNumberGuard_v1,47.5,4.5,,,0.0,0.0,0
b1be064fb52a198a62109c279e7ab24c,2026-10-25,Football_LineMovement_v1,47.5,4.5,,,0.0,0.0,0
b1be064fb52a198a62109c279e7ab24c,2026-10-25,Football_MarketBlend_v1,47.0,4.25,HOME,UNDER,0.25,-0.5,0.75
b1be064fb52a198a62109c279e7ab24c,2026-10-25,Football_MarketConsensus_v1,47.5,4.5,,,0.0,0.0,0
b1be064fb52a198a62109c279e7ab24c,2026-10-25,Football_SpreadValue_v1,47.5,3.75,HOME,,0.75,0.0,0.75
b1be064fb52a198a62109c279e7ab24c,2026-10-25,Football_TotalValue_v1,46.5,4.5,,UNDER,0.0,-1.0,1.0
b1c4ec04c3398a9efa25492000858384,2026-12-28,Football_KeyNumberGuard_v1,52.0,-3.0,,,0.0,0.0,0
b1c4ec04c3398a9efa25492000858384,2026-12-28,Football_LineMovement_v1,52.0,-3.0,,,0.0,0.0,0
b1c4ec04c3398a9efa25492000858384,2026-12-28,Football_MarketBlend_v1,52.0,-3.0,,,0.0,0.0,0
b1c4ec04c3398a9efa25492000858384,2026-12-28,Football_MarketConsensus_v1,52.0,-3.0,,,0.0,0.0,0
b1c4ec04c3398a9efa25492000858384,2026-12-28,Football_SpreadValue_v1,52.0,-3.0,,,0.0,0.0,0
b1c4ec04c3398a9efa25492000858384,2026-12-28,Football_TotalValue_v1,52.0,-3.0,,,0.0,0.0,0
b225458a282e140c44c45651255f2f6c,2026-09-27,Football_KeyNumberGuard_v1,49.25,-3.0,,,0.0,0.0,0
b225458a282e140c44c45651255f2f6c,2026-09-27,Football_LineMovement_v1,49.25,-3.0,,,0.0,0.0,0
b225458a282e140c44c45651255f2f6c,2026-09-27,Football_MarketBlend_v1,49.25,-3.0,,,0.0,0.0,0
b225458a282e140c44c45651255f2f6c,2026-09-27,Football_MarketConsensus_v1,49.25,-3.0,,,0.0,0.0,0
b225458a282e140c44c45651255f2f6c,2026-09-27,Football_SpreadValue_v1,49.25,-3.0,,,0.0,0.0,0
b225458a282e140c44c45651255f2f6c,2026-09-27,Football_TotalValue_v1,49.25,-3.0,,,0.0,0.0,0
b235bc78609644cb28492cc1d6ad69fd,2025-10-12,Football_KeyNumberGuard_v1,44.0,7.0,,,0.0,0.0,0
b235bc78609644cb28492cc1d6ad69fd,2025-10-12,Football_LineMovement_v1,44.0,7.0,,,0.0,0.0,0
b235bc78609644cb28492cc1d6ad69fd,2025-10-12,Football_MarketBlend_v1,44.5,6.75,,OVER,0.25,0.5,0.75
b235bc78609644cb28492cc1d6ad69fd,2025-10-12,Football_MarketConsensus_v1,44.0,7.0,,,0.0,0.0,0
b235bc78609644cb28492cc1d6ad69fd,2025-10-12,Football_SpreadValue_v1,44.0,6.25,HOME,,0.75,0.0,0.75
b235bc78609644cb28492cc1d6ad69fd,2025-10-12,Football_TotalValue_v1,45.0,7.0,,OVER,0.0,1.0,1.0
b2759105c27a25289ea1938f290c50fd,2026-12-22,Football_KeyNumberGuard_v1,45.5,-2.5,,,0.0,0.0,0
b2759105c27a25289ea1938f290c50fd,2026-12-22,Football_LineMovement_v1,45.5,-2.5,,,0.0,0.0,0
b2759105c27a25289ea1938f290c50fd,2026-12-22,Football_MarketBlend_v1,45.0,-2.25,,UNDER,-0.25,-0.5,0.75
b2759105c27a25289ea1938f290c50fd,2026-12-22,Football_MarketConsensus_v1,45.5,-2.5,,,0.0,0.0,0
b2759105c27a25289ea1938f290c50fd,2026-12-22,Football_SpreadValue_v1,45.5,-1.75,AWAY,,-0.75,0.0,0.75
b2759105c27a25289ea1938f290c50fd,2026-12-22,Football_TotalValue_v1,44.5,-2.5,,UNDER,0.0,-1.0,1.0
b34897a0368d570291d44e176c0c2331,2026-12-21,Football_KeyNumberGuard_v1,46.0,2.0,,,0.0,0.0,0
b34897a0368d570291d44e176c0c2331,2026-12-21,Football_LineMovement_v1,46.0,2.0,,,0.0,0.0,0
b34897a0368d570291d44e176c0c2331,2026-12-21,Football_MarketBlend_v1,46.0,2.0,,,0.0,0.0,0
b34897a0368d570291d44e176c0c2331,2026-12-21,Football_MarketConsensus_v1,46.0,2.0,,,0.0,0.0,0
b34897a0368d570291d44e176c0c2331,2026-12-21,Football_SpreadValue_v1,46.0,2.0,,,0.0,0.0,0
b34897a0368d570291d44e176c0c2331,2026-12-21,Football_TotalValue_v1,46.0,2.0,,,0.0,0.0,0
b447fab53534af892f98a74eae26c1c6,2026-12-06,Football_KeyNumberGuard_v1,44.5,4.25,,,0.0,0.0,0
b447fab53534af892f98a74eae26c1c6,2026-12-06,Football_LineMovement_v1,44.5,4.25,,,0.0,0.0,0
b447fab53534af892f98a74eae26c1c6,2026-12-06,Football_MarketBlend_v1,44.5,4.25,,,0.0,0.0,0
b447fab53534af892f98a74eae26c1c6,2026-12-06,Football_MarketConsensus_v1,44.5,4.25,,,0.0,0.0,0
b447fab53534af892f98a74eae26c1c6,2026-12-06,Football_SpreadValue_v1,44.5,4.25,,,0.0,0.0,0
b447fab53534af892f98a74eae26c1c6,2026-12-06,Football_TotalValue_v1,44.5,4.25,,,0.0,0.0,0
b5700b4d938fd94429f60d4622cc9c0a,2026-11-15,Football_KeyNumberGuard_v1,46.5,-6.75,,,0.0,0.0,0
b5700b4d938fd94429f60d4622cc9c0a,2026-11-15,Football_LineMovement_v1,46.5,-6.75,,,0.0,0.0,0
b5700b4d938fd94429f60d4622cc9c0a,2026-11-15,Football_MarketBlend_v1,46.5,-6.75,,,0.0,0.0,0
b5700b4d938fd94429f60d4622cc9c0a,2026-11-15,Football_MarketConsensus_v1,46.5,-6.75,,,0.0,0.0,0
b5700b4d938fd94429f60d4622cc9c0a,2026-11-15,Football_SpreadValue_v1,46.5,-6.75,,,0.0,0.0,0
b5700b4d938fd94429f60d4622cc9c0a,2026-11-15,Football_TotalValue_v1,46.5,-6.75,,,0.0,0.0,0
b60025aea576e2e89ef7bc7303f847ec,2025-11-02,Football_KeyNumberGuard_v1,43.5,10.0,,,0.0,0.0,0
b60025aea576e2e89ef7bc7303f847ec,2025-11-02,Football_LineMovement_v1,43.5,10.0,,,0.0,0.0,0
b60025aea576e2e89ef7bc7303f847ec,2025-11-02,Football_MarketBlend_v1,44.0,9.75,,OVER,0.25,0.5,0.75
b60025aea576e2e89ef7bc7303f847ec,2025-11-02,Football_MarketConsensus_v1,43.5,10.0,,,0.0,0.0,0
b60025aea576e2e89ef7bc7303f847ec,2025-11-02,Football_SpreadValue_v1,43.5,9.25,HOME,,0.75,0.0,0.75
b60025aea576e2e89ef7bc7303f847ec,2025-11-02,Football_TotalValue_v1,44.5,10.0,,OVER,0.0,1.0,1.0
b64e3587d7a4cf01a568e7150a2a1aec,2026-02-08,Football_KeyNumberGuard_v1,45.5,4.5,,,0.0,0.0,0
b64e3587d7a4cf01a568e7150a2a1aec,2026-02-08,Football_LineMovement_v1,45.5,4.5,,,0.0,0.0,0
b64e3587d7a4cf01a568e7150a2a1aec,2026-02-08,Football_MarketBlend_v1,45.0,4.25,HOME,UNDER,0.25,-0.5,0.75
b64e3587d7a4cf01a568e7150a2a1aec,2026-02-08,Football_MarketConsensus_v1,45.5,4.5,,,0.0,0.0,0
b64e3587d7a4cf01a568e7150a2a1aec,2026-02-08,Football_SpreadValue_v1,45.5,3.75,HOME,,0.75,0.0,0.75
b64e3587d7a4cf01a568e7150a2a1aec,2026-02-08,Football_TotalValue_v1,44.5,4.5,,UNDER,0.0,-1.0,1.0
b6cfdcbafa61ce220ba87dc2d9b80c77,2026-09-13,Football_KeyNumberGuard_v1,48.0,3.0,,,0.0,0.0,0
b6cfdcbafa61ce220ba87dc2d9b80c77,2026-09-13,Football_LineMovement_v1,48.0,3.0,,,0.0,0.0,0
b6cfdcbafa61ce220ba87dc2d9b80c77,2026-09-13,Football_MarketBlend_v1,47.5,2.75,,UNDER,0.25,-0.5,0.75
b6cfdcbafa61ce220ba87dc2d9b80c77,2026-09-13,Football_MarketConsensus_v1,48.0,3.0,,,0.0,0.0,0
b6cfdcbafa61ce220ba87dc2d9b80c77,2026-09-13,Football_SpreadValue_v1,48.0,2.25,HOME,,0.75,0.0,0.75
b6cfdcbafa61ce220ba87dc2d9b80c77,2026-09-13,Football_TotalValue_v1,47.0,3.0,,UNDER,0.0,-1.0,1.0
b6eb23d78a4e1b3bf9946be7cfac0e6b,2026-01-04,Football_KeyNumberGuard_v1,38.5,-3.5,,,0.0,0.0,0
b6eb23d78a4e1b3bf9946be7cfac0e6b,2026-01-04,Football_LineMovement_v1,38.5,-3.5,,,0.0,0.0,0
b6eb23d78a4e1b3bf9946be7cfac0e6b,2026-01-04,Football_MarketBlend_v1,39.0,-3.25,,OVER,-0.25,0.5,0.75
b6eb23d78a4e1b3bf9946be7cfac0e6b,2026-01-04,Football_MarketConsensus_v1,38.5,-3.5,,,0.0,0.0,0
b6eb23d78a4e1b3bf9946be7cfac0e6b,2026-01-04,Football_SpreadValue_v1,38.5,-2.75,AWAY,,-0.75,0.0,0.75
b6eb23d78a4e1b3bf9946be7cfac0e6b,2026-01-04,Football_TotalValue_v1,39.5,-3.5,,OVER,0.0,1.0,1.0
b7934d72587b62de0f563ac9acbaa770,2025-09-28,Football_KeyNumberGuard_v1,43.5,-2.5,,,0.0,0.0,0
b7934d72587b62de0f563ac9acbaa770,2025-09-28,Football_LineMovement_v1,43.5,-2.5,,,0.0,0.0,0
b7934d72587b62de0f563ac9acbaa770,2025-09-28,Football_MarketBlend_v1,44.0,-2.25,,OVER,-0.25,0.5,0.75
b7934d72587b62de0f563ac9acbaa770,2025-09-28,Football_MarketConsensus_v1,43.5,-2.5,,,0.0,0.0,0
b7934d72587b62de0f563ac9acbaa770,2025-09-28,Football_SpreadValue_v1,43.5,-1.75,AWAY,,-0.75,0.0,0.75
b7934d72587b62de0f563ac9acbaa770,2025-09-28,Football_TotalValue_v1,44.5,-2.5,,OVER,0.0,1.0,1.0
b808059d3ccc754ace4a3d23b58e47e8,2025-10-20,Football_KeyNumberGuard_v1,53.0,-6.0,,,0.0,0.0,0
b808059d3ccc754ace4a3d23b58e47e8,2025-10-20,Football_LineMovement_v1,53.0,-6.0,,,0.0,0.0,0
b808059d3ccc754ace4a3d23b58e47e8,2025-10-20,Football_MarketBlend_v1,52.5,-5.75,AWAY,UNDER,-0.25,-0.5,0.75
b808059d3ccc754ace4a3d23b58e47e8,2025-10-20,Football_MarketConsensus_v1,53.0,-6.0,,,0.0,0.0,0
b808059d3ccc754ace4a3d23b58e47e8,2025-10-20,Football_SpreadValue_v1,53.0,-5.25,AWAY,,-0.75,0.0,0.75
b808059d3ccc754ace4a3d23b58e47e8,2025-10-20,Football_TotalValue_v1,52.0,-6.0,,UNDER,0.0,-1.0,1.0
b8c10fdf1e0ac4e13deee7f7c0af0b0b,2026-11-15,Football_KeyNumberGuard_v1,48.5,0.0,,,0.0,0.0,0
b8c10fdf1e0ac4e13deee7f7c0af0b0b,2026-11-15,Football_LineMovement_v1,48.5,0.0,,,0.0,0.0,0
b8c10fdf1e0ac4e13deee7f7c0af0b0b,2026-11-15,Football_MarketBlend_v1,48.0,0.25,AWAY,UNDER,-0.25,-0.5,0.75
b8c10fdf1e0ac4e13deee7f7c0af0b0b,2026-11-15,Football_MarketConsensus_v1,48.5,0.0,,,0.0,0.0,0
b8c10fdf1e0ac4e13deee7f7c0af0b0b,2026-11-15,Football_SpreadValue_v1,48.5,0.75,AWAY,,-0.75,0.0,0.75
b8c10fdf1e0ac4e13deee7f7c0af0b0b,2026-11-15,Football_TotalValue_v1,47.5,0.0,,UNDER,0.0,-1.0,1.0
b9c60db63b1a19ad319f24b33c0defe8,2026-11-02,Football_KeyNumberGuard_v1,46.5,2.5,,,0.0,0.0,0
b9c60db63b1a19ad319f24b33c0defe8,2026-11-02,Football_LineMovement_v1,46.5,2.5,,,0.0,0.0,0
b9c60db63b1a19ad319f24b33c0defe8,2026-11-02,Football_MarketBlend_v1,46.0,2.25,,UNDER,0.25,-0.5,0.75
b9c60db63b1a19ad319f24b33c0defe8,2026-11-02,Football_MarketConsensus_v1,46.5,2.5,,,0.0,0.0,0
b9c60db63b1a19ad319f24b33c0defe8,2026-11-02,Football_SpreadValue_v1,46.5,1.75,HOME,,0.75,0.0,0.75
b9c60db63b1a19ad319f24b33c0defe8,2026-11-02,Football_TotalValue_v1,45.5,2.5,,UNDER,0.0,-1.0,1.0
ba4e8bfa1f4eeaa74c7b09f409361c0d,2025-10-19,Football_KeyNumberGuard_v1,41.0,1.0,,,0.0,0.0,0
ba4e8bfa1f4eeaa74c7b09f409361c0d,2025-10-19,Football_LineMovement_v1,41.0,1.0,,,0.0,0.0,0
ba4e8bfa1f4eeaa74c7b09f409361c0d,2025-10-19,Football_MarketBlend_v1,41.5,0.75,HOME,OVER,0.25,0.5,0.75
ba4e8bfa1f4eeaa74c7b09f409361c0d,2025-10-19,Football_MarketConsensus_v1,41.0,1.0,,,0.0,0.0,0
ba4e8bfa1f4eeaa74c7b09f409361c0d,2025-10-19,Football_SpreadValue_v1,41.0,0.25,HOME,,0.75,0.0,0.75
ba4e8bfa1f4eeaa74c7b09f409361c0d,2025-10-19,Football_TotalValue_v1,42.0,1.0,,OVER,0.0,1.0,1.0
ba5d065a7e9ea9afe54642036f2ec83a,2025-12-16,Football_KeyNumberGuard_v1,42.5,-3.0,,,0.0,0.0,0
ba5d065a7e9ea9afe54642036f2ec83a,2025-12-16,Football_LineMovement_v1,42.5,-3.0,,,0.0,0.0,0
ba5d065a7e9ea9afe54642036f2ec83a,2025-12-16,Football_MarketBlend_v1,43.0,-2.75,,OVER,-0.25,0.5,0.75
ba5d065a7e9ea9afe54642036f2ec83a,2025-12-16,Football_MarketConsensus_v1,42.5,-3.0,,,0.0,0.0,0
ba5d065a7e9ea9afe54642036f2ec83a,2025-12-16,Football_SpreadValue_v1,42.5,-2.25,AWAY,,-0.75,0.0,0.75
ba5d065a7e9ea9afe54642036f2ec83a,2025-12-16,Football_TotalValue_v1,43.5,-3.0,,OVER,0.0,1.0,1.0
ba826e757d625a676452b8d3d6971bb0,2025-10-06,Football_KeyNumberGuard_v1,49.0,-8.0,,,0.0,0.0,0
ba826e757d625a676452b8d3d6971bb0,2025-10-06,Football_LineMovement_v1,49.0,-8.0,,,0.0,0.0,0
ba826e757d625a676452b8d3d6971bb0,2025-10-06,Football_MarketBlend_v1,48.5,-7.75,AWAY,UNDER,-0.25,-0.5,0.75
ba826e757d625a676452b8d3d6971bb0,2025-10-06,Football_MarketConsensus_v1,49.0,-8.0,,,0.0,0.0,0
ba826e757d625a676452b8d3d6971bb0,2025-10-06,Football_SpreadValue_v1,49.0,-7.25,AWAY,,-0.75,0.0,0.75
ba826e757d625a676452b8d3d6971bb0,2025-10-06,Football_TotalValue_v1,48.0,-8.0,,UNDER,0.0,-1.0,1.0
bb506016737825f4d0b1f9862f95c246,2025-09-21,Football_KeyNumberGuard_v1,43.5,5.5,,,0.0,0.0,0
bb506016737825f4d0b1f9862f95c246,2025-09-21,Football_LineMovement_v1,43.5,5.5,,,0.0,0.0,0
bb506016737825f4d0b1f9862f95c246,2025-09-21,Football_MarketBlend_v1,44.0,5.25,HOME,OVER,0.25,0.5,0.75
bb506016737825f4d0b1f9862f95c246,2025-09-21,Football_MarketConsensus_v1,43.5,5.5,,,0.0,0.0,0
bb506016737825f4d0b1f9862f95c246,2025-09-21,Football_SpreadValue_v1,43.5,4.75,HOME,,0.75,0.0,0.75
bb506016737825f4d0b1f9862f95c246,2025-09-21,Football_TotalValue_v1,44.5,5.5,,OVER,0.0,1.0,1.0
bb66a6f02c535c0cd8b9c689a5513687,2027-01-10,Football_KeyNumberGuard_v1,40.5,-8.5,,,0.0,0.0,0
bb66a6f02c535c0cd8b9c689a5513687,2027-01-10,Football_LineMovement_v1,40.5,-8.5,,,0.0,0.0,0
bb66a6f02c535c0cd8b9c689a5513687,2027-01-10,Football_MarketBlend_v1,40.5,-8.5,,,0.0,0.0,0
bb66a6f02c535c0cd8b9c689a5513687,2027-01-10,Football_MarketConsensus_v1,40.5,-8.5,,,0.0,0.0,0
bb66a6f02c535c0cd8b9c689a5513687,2027-01-10,Football_SpreadValue_v1,40.5,-8.5,,,0.0,0.0,0
bb66a6f02c535c0cd8b9c689a5513687,2027-01-10,Football_TotalValue_v1,40.5,-8.5,,,0.0,0.0,0
bbec8d71145954cff67915c9b006bb6e,2025-09-14,Football_KeyNumberGuard_v1,47.0,1.0,,,0.0,0.0,0
bbec8d71145954cff67915c9b006bb6e,2025-09-14,Football_LineMovement_v1,47.0,1.0,,,0.0,0.0,0
bbec8d71145954cff67915c9b006bb6e,2025-09-14,Football_MarketBlend_v1,46.5,0.75,HOME,UNDER,0.25,-0.5,0.75
bbec8d71145954cff67915c9b006bb6e,2025-09-14,Football_MarketConsensus_v1,47.0,1.0,,,0.0,0.0,0
bbec8d71145954cff67915c9b006bb6e,2025-09-14,Football_SpreadValue_v1,47.0,0.25,HOME,,0.75,0.0,0.75
bbec8d71145954cff67915c9b006bb6e,2025-09-14,Football_TotalValue_v1,46.0,1.0,,UNDER,0.0,-1.0,1.0
bc4f9a719baf61261befad75f4bdb539,2025-10-05,Football_KeyNumberGuard_v1,44.0,-4.0,,,0.0,0.0,0
bc4f9a719baf61261befad75f4bdb539,2025-10-05,Football_LineMovement_v1,44.0,-4.0,,,0.0,0.0,0
bc4f9a719baf61261befad75f4bdb539,2025-10-05,Football_MarketBlend_v1,44.5,-3.75,AWAY,OVER,-0.25,0.5,0.75
bc4f9a719baf61261befad75f4bdb539,2025-10-05,Football_MarketConsensus_v1,44.0,-4.0,,,0.0,0.0,0
bc4f9a719baf61261befad75f4bdb539,2025-10-05,Football_SpreadValue_v1,44.0,-3.25,AWAY,,-0.75,0.0,0.75
bc4f9a719baf61261befad75f4bdb539,2025-10-05,Football_TotalValue_v1,45.0,-4.0,,OVER,0.0,1.0,1.0
bc76fb8d846588ed46297aaab4e83de9,2025-09-29,Football_KeyNumberGuard_v1,44.5,-2.5,,,0.0,0.0,0
bc76fb8d846588ed46297aaab4e83de9,2025-09-29,Football_LineMovement_v1,44.5,-2.5,,,0.0,0.0,0
bc76fb8d846588ed46297aaab4e83de9,2025-09-29,Football_MarketBlend_v1,45.0,-2.25,,OVER,-0.25,0.5,0.75
bc76fb8d846588ed46297aaab4e83de9,2025-09-29,Football_MarketConsensus_v1,44.5,-2.5,,,0.0,0.0,0
bc76fb8d846588ed46297aaab4e83de9,2025-09-29,Football_SpreadValue_v1,44.5,-1.75,AWAY,,-0.75,0.0,0.75
bc76fb8d846588ed46297aaab4e83de9,2025-09-29,Football_TotalValue_v1,45.5,-2.5,,OVER,0.0,1.0,1.0
bcb1f89cf378a586097c50585e53acce,2025-09-28,Football_KeyNumberGuard_v1,44.5,-10.0,,,0.0,0.0,0
bcb1f89cf378a586097c50585e53acce,2025-09-28,Football_LineMovement_v1,44.5,-10.0,,,0.0,0.0,0
bcb1f89cf378a586097c50585e53acce,2025-09-28,Football_MarketBlend_v1,45.0,-9.75,,OVER,-0.25,0.5,0.75
bcb1f89cf378a586097c50585e53acce,2025-09-28,Football_MarketConsensus_v1,44.5,-10.0,,,0.0,0.0,0
bcb1f89cf378a586097c50585e53acce,2025-09-28,Football_SpreadValue_v1,44.5,-9.25,AWAY,,-0.75,0.0,0.75
bcb1f89cf378a586097c50585e53acce,2025-09-28,Football_TotalValue_v1,45.5,-10.0,,OVER,0.0,1.0,1.0
bd13d00f06ad222b0a1b6ea4d0add763,2026-12-27,Football_KeyNumberGuard_v1,45.25,1.25,,,0.0,0.0,0
bd13d00f06ad222b0a1b6ea4d0add763,2026-12-27,Football_LineMovement_v1,45.25,1.25,,,0.0,0.0,0
bd13d00f06ad222b0a1b6ea4d0add763,2026-12-27,Football_MarketBlend_v1,45.25,1.25,,,0.0,0.0,0
bd13d00f06ad222b0a1b6ea4d0add763,2026-12-27,Football_MarketConsensus_v1,45.25,1.25,,,0.0,0.0,0
bd13d00f06ad222b0a1b6ea4d0add763,2026-12-27,Football_SpreadValue_v1,45.25,1.25,,,0.0,0.0,0
bd13d00f06ad222b0a1b6ea4d0add763,2026-12-27,Football_TotalValue_v1,45.25,1.25,,,0.0,0.0,0
bd299b70476643cff05f2be58e12301a,2025-12-14,Football_KeyNumberGuard_v1,55.0,-6.0,,,0.0,0.0,0
bd299b70476643cff05f2be58e12301a,2025-12-14,Football_LineMovement_v1,55.0,-6.0,,,0.0,0.0,0
bd299b70476643cff05f2be58e12301a,2025-12-14,Football_MarketBlend_v1,54.5,-5.75,AWAY,UNDER,-0.25,-0.5,0.75
bd299b70476643cff05f2be58e12301a,2025-12-14,Football_MarketConsensus_v1,55.0,-6.0,,,0.0,0.0,0
bd299b70476643cff05f2be58e12301a,2025-12-14,Football_SpreadValue_v1,55.0,-5.25,AWAY,,-0.75,0.0,0.75
bd299b70476643cff05f2be58e12301a,2025-12-14,Football_TotalValue_v1,54.0,-6.0,,UNDER,0.0,-1.0,1.0
bd5134e8440a2b12cc8ac98ab4f18093,2026-01-04,Football_KeyNumberGuard_v1,37.5,-10.0,,,0.0,0.0,0
bd5134e8440a2b12cc8ac98ab4f18093,2026-01-04,Football_LineMovement_v1,37.5,-10.0,,,0.0,0.0,0
bd5134e8440a2b12cc8ac98ab4f18093,2026-01-04,Football_MarketBlend_v1,38.0,-9.75,,OVER,-0.25,0.5,0.75
bd5134e8440a2b12cc8ac98ab4f18093,2026-01-04,Football_MarketConsensus_v1,37.5,-10.0,,,0.0,0.0,0
bd5134e8440a2b12cc8ac98ab4f18093,2026-01-04,Football_SpreadValue_v1,37.5,-9.25,AWAY,,-0.75,0.0,0.75
bd5134e8440a2b12cc8ac98ab4f18093,2026-01-04,Football_TotalValue_v1,38.5,-10.0,,OVER,0.0,1.0,1.0
be0e03cc42fbc9b6962467b22c7bf9dd,2026-11-15,Football_KeyNumberGuard_v1,37.5,4.5,,,0.0,0.0,0
be0e03cc42fbc9b6962467b22c7bf9dd,2026-11-15,Football_LineMovement_v1,37.5,4.5,,,0.0,0.0,0
be0e03cc42fbc9b6962467b22c7bf9dd,2026-11-15,Football_MarketBlend_v1,37.5,4.5,,,0.0,0.0,0
be0e03cc42fbc9b6962467b22c7bf9dd,2026-11-15,Football_MarketConsensus_v1,37.5,4.5,,,0.0,0.0,0
be0e03cc42fbc9b6962467b22c7bf9dd,2026-11-15,Football_SpreadValue_v1,37.5,4.5,,,0.0,0.0,0
be0e03cc42fbc9b6962467b22c7bf9dd,2026-11-15,Football_TotalValue_v1,37.5,4.5,,,0.0,0.0,0
be268ce293cf4fad1c0c867a3ca4c257,2027-01-01,Football_KeyNumberGuard_v1,51.5,-2.5,,,0.0,0.0,0
be268ce293cf4fad1c0c867a3ca4c257,2027-01-01,Football_LineMovement_v1,51.5,-2.5,,,0.0,0.0,0
be268ce293cf4fad1c0c867a3ca4c257,2027-01-01,Football_MarketBlend_v1,51.0,-2.25,,UNDER,-0.25,-0.5,0.75
be268ce293cf4fad1c0c867a3ca4c257,2027-01-01,Football_MarketConsensus_v1,51.5,-2.5,,,0.0,0.0,0
be268ce293cf4fad1c0c867a3ca4c257,2027-01-01,Football_SpreadValue_v1,51.5,-1.75,AWAY,,-0.75,0.0,0.75
be268ce293cf4fad1c0c867a3ca4c257,2027-01-01,Football_TotalValue_v1,50.5,-2.5,,UNDER,0.0,-1.0,1.0
be5dd120ca08b43d647b6caa8953500a,2026-10-25,Football_KeyNumberGuard_v1,41.0,-2.5,,,0.0,0.0,0
be5dd120ca08b43d647b6caa8953500a,2026-10-25,Football_LineMovement_v1,41.0,-2.5,,,0.0,0.0,0
be5dd120ca08b43d647b6caa8953500a,2026-10-25,Football_MarketBlend_v1,41.0,-2.5,,,0.0,0.0,0
be5dd120ca08b43d647b6caa8953500a,2026-10-25,Football_MarketConsensus_v1,41.0,-2.5,,,0.0,0.0,0
be5dd120ca08b43d647b6caa8953500a,2026-10-25,Football_SpreadValue_v1,41.0,-2.5,,,0.0,0.0,0
be5dd120ca08b43d647b6caa8953500a,2026-10-25,Football_TotalValue_v1,41.0,-2.5,,,0.0,0.0,0
bea47af467e217653bba8d69888e4d95,2027-01-10,Football_KeyNumberGuard_v1,46.5,-1.5,,,0.0,0.0,0
bea47af467e217653bba8d69888e4d95,2027-01-10,Football_LineMovement_v1,46.5,-1.5,,,0.0,0.0,0
bea47af467e217653bba8d69888e4d95,2027-01-10,Football_MarketBlend_v1,46.5,-1.5,,,0.0,0.0,0
bea47af467e217653bba8d69888e4d95,2027-01-10,Football_MarketConsensus_v1,46.5,-1.5,,,0.0,0.0,0
bea47af467e217653bba8d69888e4d95,2027-01-10,Football_SpreadValue_v1,46.5,-1.5,,,0.0,0.0,0
bea47af467e217653bba8d69888e4d95,2027-01-10,Football_TotalValue_v1,46.5,-1.5,,,0.0,0.0,0
bebae12f59f19bd877df7ac3cab05263,2025-09-16,Football_KeyNumberGuard_v1,46.5,3.5,,,0.0,0.0,0
bebae12f59f19bd877df7ac3cab05263,2025-09-16,Football_LineMovement_v1,46.5,3.5,,,0.0,0.0,0
bebae12f59f19bd877df7ac3cab05263,2025-09-16,Football_MarketBlend_v1,46.0,3.25,,UNDER,0.25,-0.5,0.75
bebae12f59f19bd877df7ac3cab05263,2025-09-16,Football_MarketConsensus_v1,46.5,3.5,,,0.0,0.0,0
bebae12f59f19bd877df7ac3cab05263,2025-09-16,Football_SpreadValue_v1,46.5,2.75,HOME,,0.75,0.0,0.75
bebae12f59f19bd877df7ac3cab05263,2025-09-16,Football_TotalValue_v1,45.5,3.5,,UNDER,0.0,-1.0,1.0
bec99e2f2b4c80e345731d69ee38d831,2026-12-13,Football_KeyNumberGuard_v1,48.5,-6.0,,,0.0,0.0,0
bec99e2f2b4c80e345731d69ee38d831,2026-12-13,Football_LineMovement_v1,48.5,-6.0,,,0.0,0.0,0
bec99e2f2b4c80e345731d69ee38d831,2026-12-13,Football_MarketBlend_v1,48.0,-5.75,AWAY,UNDER,-0.25,-0.5,0.75
bec99e2f2b4c80e345731d69ee38d831,2026-12-13,Football_MarketConsensus_v1,48.5,-6.0,,,0.0,0.0,0
bec99e2f2b4c80e345731d69ee38d831,2026-12-13,Football_SpreadValue_v1,48.5,-5.25,AWAY,,-0.75,0.0,0.75
bec99e2f2b4c80e345731d69ee38d831,2026-12-13,Football_TotalValue_v1,47.5,-6.0,,UNDER,0.0,-1.0,1.0
bfe51fa0034c9d22a69ffd80e2d717f5,2027-01-03,Football_KeyNumberGuard_v1,40.0,3.0,,,0.0,0.0,0
bfe51fa0034c9d22a69ffd80e2d717f5,2027-01-03,Football_LineMovement_v1,40.0,3.0,,,0.0,0.0,0
bfe51fa0034c9d22a69ffd80e2d717f5,2027-01-03,Football_MarketBlend_v1,40.0,3.0,,,0.0,0.0,0
bfe51fa0034c9d22a69ffd80e2d717f5,2027-01-03,Football_MarketConsensus_v1,40.0,3.0,,,0.0,0.0,0
bfe51fa0034c9d22a69ffd80e2d717f5,2027-01-03,Football_SpreadValue_v1,40.0,3.0,,,0.0,0.0,0
bfe51fa0034c9d22a69ffd80e2d717f5,2027-01-03,Football_TotalValue_v1,40.0,3.0,,,0.0,0.0,0
c0d324e29ce58b36bdc77564f7aae56f,2025-11-30,Football_KeyNumberGuard_v1,44.5,-3.5,,,0.0,0.0,0
c0d324e29ce58b36bdc77564f7aae56f,2025-11-30,Football_LineMovement_v1,44.5,-3.5,,,0.0,0.0,0
c0d324e29ce58b36bdc77564f7aae56f,2025-11-30,Football_MarketBlend_v1,45.0,-3.25,,OVER,-0.25,0.5,0.75
c0d324e29ce58b36bdc77564f7aae56f,2025-11-30,Football_MarketConsensus_v1,44.5,-3.5,,,0.0,0.0,0
c0d324e29ce58b36bdc77564f7aae56f,2025-11-30,Football_SpreadValue_v1,44.5,-2.75,AWAY,,-0.75,0.0,0.75
c0d324e29ce58b36bdc77564f7aae56f,2025-11-30,Football_TotalValue_v1,45.5,-3.5,,OVER,0.0,1.0,1.0
c127c7a2426ec655e18ca9c394068f6c,2025-12-14,Football_KeyNumberGuard_v1,49.5,2.0,,,0.0,0.0,0
c127c7a2426ec655e18ca9c394068f6c,2025-12-14,Football_LineMovement_v1,49.5,2.0,,,0.0,0.0,0
c127c7a2426ec655e18ca9c394068f6c,2025-12-14,Football_MarketBlend_v1,49.0,1.75,HOME,UNDER,0.25,-0.5,0.75
c127c7a2426ec655e18ca9c394068f6c,2025-12-14,Football_MarketConsensus_v1,49.5,2.0,,,0.0,0.0,0
c127c7a2426ec655e18ca9c394068f6c,2025-12-14,Football_SpreadValue_v1,49.5,1.25,HOME,,0.75,0.0,0.75
c127c7a2426ec655e18ca9c394068f6c,2025-12-14,Football_TotalValue_v1,48.5,2.0,,UNDER,0.0,-1.0,1.0
c186c605febd6370b292469c9151cfb3,2026-12-06,Football_KeyNumberGuard_v1,42.5,-3.5,,,0.0,0.0,0
c186c605febd6370b292469c9151cfb3,2026-12-06,Football_LineMovement_v1,42.5,-3.5,,,0.0,0.0,0
c186c605febd6370b292469c9151cfb3,2026-12-06,Football_MarketBlend_v1,43.0,-3.25,,OVER,-0.25,0.5,0.75
c186c605febd6370b292469c9151cfb3,2026-12-06,Football_MarketConsensus_v1,42.5,-3.5,,,0.0,0.0,0
c186c605febd6370b292469c9151cfb3,2026-12-06,Football_SpreadValue_v1,42.5,-2.75,AWAY,,-0.75,0.0,0.75
c186c605febd6370b292469c9151cfb3,2026-12-06,Football_TotalValue_v1,43.5,-3.5,,OVER,0.0,1.0,1.0
c1d3fcec25aaeb06ebd2244d33d338e0,2026-09-13,Football_KeyNumberGuard_v1,50.0,-7.0,,,0.0,0.0,0
c1d3fcec25aaeb06ebd2244d33d338e0,2026-09-13,Football_LineMovement_v1,50.0,-7.0,,,0.0,0.0,0
c1d3fcec25aaeb06ebd2244d33d338e0,2026-09-13,Football_MarketBlend_v1,49.5,-6.75,,UNDER,-0.25,-0.5,0.75
c1d3fcec25aaeb06ebd2244d33d338e0,2026-09-13,Football_MarketConsensus_v1,50.0,-7.0,,,0.0,0.0,0
c1d3fcec25aaeb06ebd2244d33d338e0,2026-09-13,Football_SpreadValue_v1,50.0,-6.25,AWAY,,-0.75,0.0,0.75
c1d3fcec25aaeb06ebd2244d33d338e0,2026-09-13,Football_TotalValue_v1,49.0,-7.0,,UNDER,0.0,-1.0,1.0
c2fd8a23091a954fb21ff6d3537db826,2025-11-03,Football_KeyNumberGuard_v1,48.5,3.0,,,0.0,0.0,0
c2fd8a23091a954fb21ff6d3537db826,2025-11-03,Football_LineMovement_v1,48.5,3.0,,,0.0,0.0,0
c2fd8a23091a954fb21ff6d3537db826,2025-11-03,Football_MarketBlend_v1,48.0,2.75,,UNDER,0.25,-0.5,0.75
c2fd8a23091a954fb21ff6d3537db826,2025-11-03,Football_MarketConsensus_v1,48.5,3.0,,,0.0,0.0,0
c2fd8a23091a954fb21ff6d3537db826,2025-11-03,Football_SpreadValue_v1,48.5,2.25,HOME,,0.75,0.0,0.75
c2fd8a23091a954fb21ff6d3537db826,2025-11-03,Football_TotalValue_v1,47.5,3.0,,UNDER,0.0,-1.0,1.0
c327223d76a3b7b0db8c6c104442f44b,2026-10-04,Football_KeyNumberGuard_v1,43.5,-7.5,,,0.0,0.0,0
c327223d76a3b7b0db8c6c104442f44b,2026-10-04,Football_LineMovement_v1,43.5,-7.5,,,0.0,0.0,0
c327223d76a3b7b0db8c6c104442f44b,2026-10-04,Football_MarketBlend_v1,44.0,-7.25,,OVER,-0.25,0.5,0.75
c327223d76a3b7b0db8c6c104442f44b,2026-10-04,Football_MarketConsensus_v1,43.5,-7.5,,,0.0,0.0,0
c327223d76a3b7b0db8c6c104442f44b,2026-10-04,Football_SpreadValue_v1,43.5,-6.75,AWAY,,-0.75,0.0,0.75
c327223d76a3b7b0db8c6c104442f44b,2026-10-04,Football_TotalValue_v1,44.5,-7.5,,OVER,0.0,1.0,1.0
c37a03009947c0191ab4e2de9664705a,2026-01-10,Football_KeyNumberGuard_v1,45.5,10.5,,,0.0,0.0,0
c37a03009947c0191ab4e2de9664705a,2026-01-10,Football_LineMovement_v1,45.5,10.5,,,0.0,0.0,0
c37a03009947c0191ab4e2de9664705a,2026-01-10,Football_MarketBlend_v1,45.0,10.25,,UNDER,0.25,-0.5,0.75
c37a03009947c0191ab4e2de9664705a,2026-01-10,Football_MarketConsensus_v1,45.5,10.5,,,0.0,0.0,0
c37a03009947c0191ab4e2de9664705a,2026-01-10,Football_SpreadValue_v1,45.5,9.75,HOME,,0.75,0.0,0.75
c37a03009947c0191ab4e2de9664705a,2026-01-10,Football_TotalValue_v1,44.5,10.5,,UNDER,0.0,-1.0,1.0
c4647ca1201e6768501877267ca8251b,2026-10-11,Football_KeyNumberGuard_v1,49.5,6.0,,,0.0,0.0,0
c4647ca1201e6768501877267ca8251b,2026-10-11,Football_LineMovement_v1,49.5,6.0,,,0.0,0.0,0
c4647ca1201e6768501877267ca8251b,2026-10-11,Football_MarketBlend_v1,49.0,5.75,HOME,UNDER,0.25,-0.5,0.75
c4647ca1201e6768501877267ca8251b,2026-10-11,Football_MarketConsensus_v1,49.5,6.0,,,0.0,0.0,0
c4647ca1201e6768501877267ca8251b,2026-10-11,Football_SpreadValue_v1,49.5,5.25,HOME,,0.75,0.0,0.75
c4647ca1201e6768501877267ca8251b,2026-10-11,Football_TotalValue_v1,48.5,6.0,,UNDER,0.0,-1.0,1.0
c4877c048defcb80e0ab37c0688f37f6,2026-12-14,Football_KeyNumberGuard_v1,50.0,-1.5,,,0.0,0.0,0
c4877c048defcb80e0ab37c0688f37f6,2026-12-14,Football_LineMovement_v1,50.0,-1.5,,,0.0,0.0,0
c4877c048defcb80e0ab37c0688f37f6,2026-12-14,Football_MarketBlend_v1,50.0,-1.5,,,0.0,0.0,0
c4877c048defcb80e0ab37c0688f37f6,2026-12-14,Football_MarketConsensus_v1,50.0,-1.5,,,0.0,0.0,0
c4877c048defcb80e0ab37c0688f37f6,2026-12-14,Football_SpreadValue_v1,50.0,-1.5,,,0.0,0.0,0
c4877c048defcb80e0ab37c0688f37f6,2026-12-14,Football_TotalValue_v1,50.0,-1.5,,,0.0,0.0,0
c4b72eabb3d557e73022ec730d8e3944,2025-10-03,Football_KeyNumberGuard_v1,44.0,-8.5,,,0.0,0.0,0
c4b72eabb3d557e73022ec730d8e3944,2025-10-03,Football_LineMovement_v1,44.0,-8.5,,,0.0,0.0,0
c4b72eabb3d557e73022ec730d8e3944,2025-10-03,Football_MarketBlend_v1,44.5,-8.25,AWAY,OVER,-0.25,0.5,0.75
c4b72eabb3d557e73022ec730d8e3944,2025-10-03,Football_MarketConsensus_v1,44.0,-8.5,,,0.0,0.0,0
c4b72eabb3d557e73022ec730d8e3944,2025-10-03,Football_SpreadValue_v1,44.0,-7.75,AWAY,,-0.75,0.0,0.75
c4b72eabb3d557e73022ec730d8e3944,2025-10-03,Football_TotalValue_v1,45.0,-8.5,,OVER,0.0,1.0,1.0
c4c42918a645b1a4773f47d7eaa5cfcf,2025-09-21,Football_KeyNumberGuard_v1,44.5,1.0,,,0.0,0.0,0
c4c42918a645b1a4773f47d7eaa5cfcf,2025-09-21,Football_LineMovement_v1,44.5,1.0,,,0.0,0.0,0
c4c42918a645b1a4773f47d7eaa5cfcf,2025-09-21,Football_MarketBlend_v1,45.0,0.75,HOME,OVER,0.25,0.5,0.75
c4c42918a645b1a4773f47d7eaa5cfcf,2025-09-21,Football_MarketConsensus_v1,44.5,1.0,,,0.0,0.0,0
c4c42918a645b1a4773f47d7eaa5cfcf,2025-09-21,Football_SpreadValue_v1,44.5,0.25,HOME,,0.75,0.0,0.75
c4c42918a645b1a4773f47d7eaa5cfcf,2025-09-21,Football_TotalValue_v1,45.5,1.0,,OVER,0.0,1.0,1.0
c5d95f48a16849ab6bebc68fbbfcb74a,2026-09-13,Football_KeyNumberGuard_v1,40.5,-3.0,,,0.0,0.0,0
c5d95f48a16849ab6bebc68fbbfcb74a,2026-09-13,Football_LineMovement_v1,40.5,-3.0,,,0.0,0.0,0
c5d95f48a16849ab6bebc68fbbfcb74a,2026-09-13,Football_MarketBlend_v1,41.0,-2.75,,OVER,-0.25,0.5,0.75
c5d95f48a16849ab6bebc68fbbfcb74a,2026-09-13,Football_MarketConsensus_v1,40.5,-3.0,,,0.0,0.0,0
c5d95f48a16849ab6bebc68fbbfcb74a,2026-09-13,Football_SpreadValue_v1,40.5,-2.25,AWAY,,-0.75,0.0,0.75
c5d95f48a16849ab6bebc68fbbfcb74a,2026-09-13,Football_TotalValue_v1,41.5,-3.0,,OVER,0.0,1.0,1.0
c624c615075899bb7be6a39e5eea3b2b,2026-01-04,Football_KeyNumberGuard_v1,47.5,2.5,,,0.0,0.0,0
c624c615075899bb7be6a39e5eea3b2b,2026-01-04,Football_LineMovement_v1,47.5,2.5,,,0.0,0.0,0
c624c615075899bb7be6a39e5eea3b2b,2026-01-04,Football_MarketBlend_v1,47.0,2.25,,UNDER,0.25,-0.5,0.75
c624c615075899bb7be6a39e5eea3b2b,2026-01-04,Football_MarketConsensus_v1,47.5,2.5,,,0.0,0.0,0
c624c615075899bb7be6a39e5eea3b2b,2026-01-04,Football_SpreadValue_v1,47.5,1.75,HOME,,0.75,0.0,0.75
c624c615075899bb7be6a39e5eea3b2b,2026-01-04,Football_TotalValue_v1,46.5,2.5,,UNDER,0.0,-1.0,1.0
c64ceba13ede564e8658693e3171e7f9,2026-11-30,Football_KeyNumberGuard_v1,45.5,-2.5,,,0.0,0.0,0
c64ceba13ede564e8658693e3171e7f9,2026-11-30,Football_LineMovement_v1,45.5,-2.5,,,0.0,0.0,0
c64ceba13ede564e8658693e3171e7f9,2026-11-30,Football_MarketBlend_v1,45.0,-2.25,,UNDER,-0.25,-0.5,0.75
c64ceba13ede564e8658693e3171e7f9,2026-11-30,Football_MarketConsensus_v1,45.5,-2.5,,,0.0,0.0,0
c64ceba13ede564e8658693e3171e7f9,2026-11-30,Football_SpreadValue_v1,45.5,-1.75,AWAY,,-0.75,0.0,0.75
c64ceba13ede564e8658693e3171e7f9,2026-11-30,Football_TotalValue_v1,44.5,-2.5,,UNDER,0.0,-1.0,1.0
c67c327076a98a3a1c4a5eb32e5a80c2,2025-12-07,Football_KeyNumberGuard_v1,54.5,-6.0,,,0.0,0.0,0
c67c327076a98a3a1c4a5eb32e5a80c2,2025-12-07,Football_LineMovement_v1,54.5,-6.0,,,0.0,0.0,0
c67c327076a98a3a1c4a5eb32e5a80c2,2025-12-07,Football_MarketBlend_v1,54.0,-5.75,AWAY,UNDER,-0.25,-0.5,0.75
c67c327076a98a3a1c4a5eb32e5a80c2,2025-12-07,Football_MarketConsensus_v1,54.5,-6.0,,,0.0,0.0,0
c67c327076a98a3a1c4a5eb32e5a80c2,2025-12-07,Football_SpreadValue_v1,54.5,-5.25,AWAY,,-0.75,0.0,0.75
c67c327076a98a3a1c4a5eb32e5a80c2,2025-12-07,Football_TotalValue_v1,53.5,-6.0,,UNDER,0.0,-1.0,1.0
c6d7807cee33d5e81c671527b9c8b3f1,2025-09-09,Football_KeyNumberGuard_v1,43.5,1.5,,,0.0,0.0,0
c6d7807cee33d5e81c671527b9c8b3f1,2025-09-09,Football_LineMovement_v1,43.5,1.5,,,0.0,0.0,0
c6d7807cee33d5e81c671527b9c8b3f1,2025-09-09,Football_MarketBlend_v1,44.0,1.25,HOME,OVER,0.25,0.5,0.75
c6d7807cee33d5e81c671527b9c8b3f1,2025-09-09,Football_MarketConsensus_v1,43.5,1.5,,,0.0,0.0,0
c6d7807cee33d5e81c671527b9c8b3f1,2025-09-09,Football_SpreadValue_v1,43.5,0.75,HOME,,0.75,0.0,0.75
c6d7807cee33d5e81c671527b9c8b3f1,2025-09-09,Football_TotalValue_v1,44.5,1.5,,OVER,0.0,1.0,1.0
c75744790b7acf6260c78ba5e739c0e5,2026-11-06,Football_KeyNumberGuard_v1,49.5,-4.5,,,0.0,0.0,0
c75744790b7acf6260c78ba5e739c0e5,2026-11-06,Football_LineMovement_v1,49.5,-4.5,,,0.0,0.0,0
c75744790b7acf6260c78ba5e739c0e5,2026-11-06,Football_MarketBlend_v1,49.0,-4.25,AWAY,UNDER,-0.25,-0.5,0.75
c75744790b7acf6260c78ba5e739c0e5,2026-11-06,Football_MarketConsensus_v1,49.5,-4.5,,,0.0,0.0,0
c75744790b7acf6260c78ba5e739c0e5,2026-11-06,Football_SpreadValue_v1,49.5,-3.75,AWAY,,-0.75,0.0,0.75
c75744790b7acf6260c78ba5e739c0e5,2026-11-06,Football_TotalValue_v1,48.5,-4.5,,UNDER,0.0,-1.0,1.0
c86a0783216d21040c87fce3aadd3336,2025-12-07,Football_KeyNumberGuard_v1,41.0,2.5,,,0.0,0.0,0
c86a0783216d21040c87fce3aadd3336,2025-12-07,Football_LineMovement_v1,41.0,2.5,,,0.0,0.0,0
c86a0783216d21040c87fce3aadd3336,2025-12-07,Football_MarketBlend_v1,41.5,2.25,,OVER,0.25,0.5,0.75
c86a0783216d21040c87fce3aadd3336,2025-12-07,Football_MarketConsensus_v1,41.0,2.5,,,0.0,0.0,0
c86a0783216d21040c87fce3aadd3336,2025-12-07,Football_SpreadValue_v1,41.0,1.75,HOME,,0.75,0.0,0.75
c86a0783216d21040c87fce3aadd3336,2025-12-07,Football_TotalValue_v1,42.0,2.5,,OVER,0.0,1.0,1.0
c8913b70b63ae247f23a4e1dec08c668,2025-11-23,Football_KeyNumberGuard_v1,46.5,-3.0,,,0.0,0.0,0
c8913b70b63ae247f23a4e1dec08c668,2025-11-23,Football_LineMovement_v1,46.5,-3.0,,,0.0,0.0,0
c8913b70b63ae247f23a4e1dec08c668,2025-11-23,Football_MarketBlend_v1,46.0,-2.75,,UNDER,-0.25,-0.5,0.75
c8913b70b63ae247f23a4e1dec08c668,2025-11-23,Football_MarketConsensus_v1,46.5,-3.0,,,0.0,0.0,0
c8913b70b63ae247f23a4e1dec08c668,2025-11-23,Football_SpreadValue_v1,46.5,-2.25,AWAY,,-0.75,0.0,0.75
c8913b70b63ae247f23a4e1dec08c668,2025-11-23,Football_TotalValue_v1,45.5,-3.0,,UNDER,0.0,-1.0,1.0
c8945d476449633912cf51a346ac98ca,2027-01-03,Football_KeyNumberGuard_v1,50.5,-5.0,,,0.0,0.0,0
c8945d476449633912cf51a346ac98ca,2027-01-03,Football_LineMovement_v1,50.5,-5.0,,,0.0,0.0,0
c8945d476449633912cf51a346ac98ca,2027-01-03,Football_MarketBlend_v1,50.5,-5.0,,,0.0,0.0,0
c8945d476449633912cf51a346ac98ca,2027-01-03,Football_MarketConsensus_v1,50.5,-5.0,,,0.0,0.0,0
c8945d476449633912cf51a346ac98ca,2027-01-03,Football_SpreadValue_v1,50.5,-5.0,,,0.0,0.0,0
c8945d476449633912cf51a346ac98ca,2027-01-03,Football_TotalValue_v1,50.5,-5.0,,,0.0,0.0,0
c93c421e5fa46031a43162d111d981d0,2026-11-01,Football_KeyNumberGuard_v1,51.5,-2.5,,,0.0,0.0,0
c93c421e5fa46031a43162d111d981d0,2026-11-01,Football_LineMovement_v1,51.5,-2.5,,,0.0,0.0,0
c93c421e5fa46031a43162d111d981d0,2026-11-01,Football_MarketBlend_v1,51.5,-2.5,,,0.0,0.0,0
c93c421e5fa46031a43162d111d981d0,2026-11-01,Football_MarketConsensus_v1,51.5,-2.5,,,0.0,0.0,0
c93c421e5fa46031a43162d111d981d0,2026-11-01,Football_SpreadValue_v1,51.5,-2.5,,,0.0,0.0,0
c93c421e5fa46031a43162d111d981d0,2026-11-01,Football_TotalValue_v1,51.5,-2.5,,,0.0,0.0,0
c94419ba8fb818fc36a5b21b526aab75,2026-12-06,Football_KeyNumberGuard_v1,47.5,3.25,,,0.0,0.0,0
c94419ba8fb818fc36a5b21b526aab75,2026-12-06,Football_LineMovement_v1,47.5,3.25,,,0.0,0.0,0
c94419ba8fb818fc36a5b21b526aab75,2026-12-06,Football_MarketBlend_v1,47.5,3.25,,,0.0,0.0,0
c94419ba8fb818fc36a5b21b526aab75,2026-12-06,Football_MarketConsensus_v1,47.5,3.25,,,0.0,0.0,0
c94419ba8fb818fc36a5b21b526aab75,2026-12-06,Football_SpreadValue_v1,47.5,3.25,,,0.0,0.0,0
c94419ba8fb818fc36a5b21b526aab75,2026-12-06,Football_TotalValue_v1,47.5,3.25,,,0.0,0.0,0
c96a3e9e40569b4ed5a546dff131c61d,2027-01-03,Football_KeyNumberGuard_v1,48.5,-3.5,,,0.0,0.0,0
c96a3e9e40569b4ed5a546dff131c61d,2027-01-03,Football_LineMovement_v1,48.5,-3.5,,,0.0,0.0,0
c96a3e9e40569b4ed5a546dff131c61d,2027-01-03,Football_MarketBlend_v1,48.0,-3.25,,UNDER,-0.25,-0.5,0.75
c96a3e9e40569b4ed5a546dff131c61d,2027-01-03,Football_MarketConsensus_v1,48.5,-3.5,,,0.0,0.0,0
c96a3e9e40569b4ed5a546dff131c61d,2027-01-03,Football_SpreadValue_v1,48.5,-2.75,AWAY,,-0.75,0.0,0.75
c96a3e9e40569b4ed5a546dff131c61d,2027-01-03,Football_TotalValue_v1,47.5,-3.5,,UNDER,0.0,-1.0,1.0
c9d8ed8aa4889486eaf10a630138ede0,2026-10-04,Football_KeyNumberGuard_v1,50.0,-1.5,,,0.0,0.0,0
c9d8ed8aa4889486eaf10a630138ede0,2026-10-04,Football_LineMovement_v1,50.0,-1.5,,,0.0,0.0,0
c9d8ed8aa4889486eaf10a630138ede0,2026-10-04,Football_MarketBlend_v1,49.5,-1.25,AWAY,UNDER,-0.25,-0.5,0.75
c9d8ed8aa4889486eaf10a630138ede0,2026-10-04,Football_MarketConsensus_v1,50.0,-1.5,,,0.0,0.0,0
c9d8ed8aa4889486eaf10a630138ede0,2026-10-04,Football_SpreadValue_v1,50.0,-0.75,AWAY,,-0.75,0.0,0.75
c9d8ed8aa4889486eaf10a630138ede0,2026-10-04,Football_TotalValue_v1,49.0,-1.5,,UNDER,0.0,-1.0,1.0
ca8982dccb6c3ae01525800317287f02,2026-12-27,Football_KeyNumberGuard_v1,52.5,1.5,,,0.0,0.0,0
ca8982dccb6c3ae01525800317287f02,2026-12-27,Football_LineMovement_v1,52.5,1.5,,,0.0,0.0,0
ca8982dccb6c3ae01525800317287f02,2026-12-27,Football_MarketBlend_v1,52.0,1.25,HOME,UNDER,0.25,-0.5,0.75
ca8982dccb6c3ae01525800317287f02,2026-12-27,Football_MarketConsensus_v1,52.5,1.5,,,0.0,0.0,0
ca8982dccb6c3ae01525800317287f02,2026-12-27,Football_SpreadValue_v1,52.5,0.75,HOME,,0.75,0.0,0.75
ca8982dccb6c3ae01525800317287f02,2026-12-27,Football_TotalValue_v1,51.5,1.5,,UNDER,0.0,-1.0,1.0
ca92c191ebf7361ea56f9bbc09a5f51b,2026-12-29,Football_KeyNumberGuard_v1,49.5,-5.5,,,0.0,0.0,0
ca92c191ebf7361ea56f9bbc09a5f51b,2026-12-29,Football_LineMovement_v1,49.5,-5.5,,,0.0,0.0,0
ca92c191ebf7361ea56f9bbc09a5f51b,2026-12-29,Football_MarketBlend_v1,49.5,-5.5,,,0.0,0.0,0
ca92c191ebf7361ea56f9bbc09a5f51b,2026-12-29,Football_MarketConsensus_v1,49.5,-5.5,,,0.0,0.0,0
ca92c191ebf7361ea56f9bbc09a5f51b,2026-12-29,Football_SpreadValue_v1,49.5,-5.5,,,0.0,0.0,0
ca92c191ebf7361ea56f9bbc09a5f51b,2026-12-29,Football_TotalValue_v1,49.5,-5.5,,,0.0,0.0,0
caca2d752fe1a1779029082e95332fcc,2026-10-18,Football_KeyNumberGuard_v1,43.5,-6.5,,,0.0,0.0,0
caca2d752fe1a1779029082e95332fcc,2026-10-18,Football_LineMovement_v1,43.5,-6.5,,,0.0,0.0,0
caca2d752fe1a1779029082e95332fcc,2026-10-18,Football_MarketBlend_v1,44.0,-6.25,,OVER,-0.25,0.5,0.75
caca2d752fe1a1779029082e95332fcc,2026-10-18,Football_MarketConsensus_v1,43.5,-6.5,,,0.0,0.0,0
caca2d752fe1a1779029082e95332fcc,2026-10-18,Football_SpreadValue_v1,43.5,-5.75,AWAY,,-0.75,0.0,0.75
caca2d752fe1a1779029082e95332fcc,2026-10-18,Football_TotalValue_v1,44.5,-6.5,,OVER,0.0,1.0,1.0
cb77efed7e711d25a72c1a2a0a1af119,2026-09-13,Football_KeyNumberGuard_v1,46.5,-1.5,,,0.0,0.0,0
cb77efed7e711d25a72c1a2a0a1af119,2026-09-13,Football_LineMovement_v1,46.5,-1.5,,,0.0,0.0,0
cb77efed7e711d25a72c1a2a0a1af119,2026-09-13,Football_MarketBlend_v1,46.0,-1.25,AWAY,UNDER,-0.25,-0.5,0.75
cb77efed7e711d25a72c1a2a0a1af119,2026-09-13,Football_MarketConsensus_v1,46.5,-1.5,,,0.0,0.0,0
cb77efed7e711d25a72c1a2a0a1af119,2026-09-13,Football_SpreadValue_v1,46.5,-0.75,AWAY,,-0.75,0.0,0.75
cb77efed7e711d25a72c1a2a0a1af119,2026-09-13,Football_TotalValue_v1,45.5,-1.5,,UNDER,0.0,-1.0,1.0
cbe45bafcc2615fc1d96cbc12840377a,2026-11-22,Football_KeyNumberGuard_v1,42.5,-5.5,,,0.0,0.0,0
cbe45bafcc2615fc1d96cbc12840377a,2026-11-22,Football_LineMovement_v1,42.5,-5.5,,,0.0,0.0,0
cbe45bafcc2615fc1d96cbc12840377a,2026-11-22,Football_MarketBlend_v1,43.0,-5.25,AWAY,OVER,-0.25,0.5,0.75
cbe45bafcc2615fc1d96cbc12840377a,2026-11-22,Football_MarketConsensus_v1,42.5,-5.5,,,0.0,0.0,0
cbe45bafcc2615fc1d96cbc12840377a,2026-11-22,Football_SpreadValue_v1,42.5,-4.75,AWAY,,-0.75,0.0,0.75
cbe45bafcc2615fc1d96cbc12840377a,2026-11-22,Football_TotalValue_v1,43.5,-5.5,,OVER,0.0,1.0,1.0
cc52bba56e74f5cddbe9011046181c3d,2026-10-11,Football_KeyNumberGuard_v1,43.5,3.5,,,0.0,0.0,0
cc52bba56e74f5cddbe9011046181c3d,2026-10-11,Football_LineMovement_v1,43.5,3.5,,,0.0,0.0,0
cc52bba56e74f5cddbe9011046181c3d,2026-10-11,Football_MarketBlend_v1,44.0,3.25,,OVER,0.25,0.5,0.75
cc52bba56e74f5cddbe9011046181c3d,2026-10-11,Football_MarketConsensus_v1,43.5,3.5,,,0.0,0.0,0
cc52bba56e74f5cddbe9011046181c3d,2026-10-11,Football_SpreadValue_v1,43.5,2.75,HOME,,0.75,0.0,0.75
cc52bba56e74f5cddbe9011046181c3d,2026-10-11,Football_TotalValue_v1,44.5,3.5,,OVER,0.0,1.0,1.0
cc60225b5a907bd9ba7c27c23131fc5c,2025-11-16,Football_KeyNumberGuard_v1,38.0,7.5,,,0.0,0.0,0
cc60225b5a907bd9ba7c27c23131fc5c,2025-11-16,Football_LineMovement_v1,38.0,7.5,,,0.0,0.0,0
cc60225b5a907bd9ba7c27c23131fc5c,2025-11-16,Football_MarketBlend_v1,38.5,7.25,,OVER,0.25,0.5,0.75
cc60225b5a907bd9ba7c27c23131fc5c,2025-11-16,Football_MarketConsensus_v1,38.0,7.5,,,0.0,0.0,0
cc60225b5a907bd9ba7c27c23131fc5c,2025-11-16,Football_SpreadValue_v1,38.0,6.75,HOME,,0.75,0.0,0.75
cc60225b5a907bd9ba7c27c23131fc5c,2025-11-16,Football_TotalValue_v1,39.0,7.5,,OVER,0.0,1.0,1.0
cd0fd9335b5182d3bfed35ab8d5ab6fb,2025-09-14,Football_KeyNumberGuard_v1,47.5,5.5,,,0.0,0.0,0
cd0fd9335b5182d3bfed35ab8d5ab6fb,2025-09-14,Football_LineMovement_v1,47.5,5.5,,,0.0,0.0,0
cd0fd9335b5182d3bfed35ab8d5ab6fb,2025-09-14,Football_MarketBlend_v1,47.0,5.25,HOME,UNDER,0.25,-0.5,0.75
cd0fd9335b5182d3bfed35ab8d5ab6fb,2025-09-14,Football_MarketConsensus_v1,47.5,5.5,,,0.0,0.0,0
cd0fd9335b5182d3bfed35ab8d5ab6fb,2025-09-14,Football_SpreadValue_v1,47.5,4.75,HOME,,0.75,0.0,0.75
cd0fd9335b5182d3bfed35ab8d5ab6fb,2025-09-14,Football_TotalValue_v1,46.5,5.5,,UNDER,0.0,-1.0,1.0
cd2e0964817c30ad3f5144ea49b55f2b,2025-11-21,Football_KeyNumberGuard_v1,43.5,5.5,,,0.0,0.0,0
cd2e0964817c30ad3f5144ea49b55f2b,2025-11-21,Football_LineMovement_v1,43.5,5.5,,,0.0,0.0,0
cd2e0964817c30ad3f5144ea49b55f2b,2025-11-21,Football_MarketBlend_v1,44.0,5.25,HOME,OVER,0.25,0.5,0.75
cd2e0964817c30ad3f5144ea49b55f2b,2025-11-21,Football_MarketConsensus_v1,43.5,5.5,,,0.0,0.0,0
cd2e0964817c30ad3f5144ea49b55f2b,2025-11-21,Football_SpreadValue_v1,43.5,4.75,HOME,,0.75,0.0,0.75
cd2e0964817c30ad3f5144ea49b55f2b,2025-11-21,Football_TotalValue_v1,44.5,5.5,,OVER,0.0,1.0,1.0
cd5151f8a1e7fcba4901929e77b94acd,2025-12-14,Football_KeyNumberGuard_v1,41.5,-6.0,,,0.0,0.0,0
cd5151f8a1e7fcba4901929e77b94acd,2025-12-14,Football_LineMovement_v1,41.5,-6.0,,,0.0,0.0,0
cd5151f8a1e7fcba4901929e77b94acd,2025-12-14,Football_MarketBlend_v1,42.0,-5.75,AWAY,OVER,-0.25,0.5,0.75
cd5151f8a1e7fcba4901929e77b94acd,2025-12-14,Football_MarketConsensus_v1,41.5,-6.0,,,0.0,0.0,0
cd5151f8a1e7fcba4901929e77b94acd,2025-12-14,Football_SpreadValue_v1,41.5,-5.25,AWAY,,-0.75,0.0,0.75
cd5151f8a1e7fcba4901929e77b94acd,2025-12-14,Football_TotalValue_v1,42.5,-6.0,,OVER,0.0,1.0,1.0
cf5cefa5556bcd0156bd394171ef6c8e,2026-12-27,Football_KeyNumberGuard_v1,46.5,-2.5,,,0.0,0.0,0
cf5cefa5556bcd0156bd394171ef6c8e,2026-12-27,Football_LineMovement_v1,46.5,-2.5,,,0.0,0.0,0
cf5cefa5556bcd0156bd394171ef6c8e,2026-12-27,Football_MarketBlend_v1,46.0,-2.25,,UNDER,-0.25,-0.5,0.75
cf5cefa5556bcd0156bd394171ef6c8e,2026-12-27,Football_MarketConsensus_v1,46.5,-2.5,,,0.0,0.0,0
cf5cefa5556bcd0156bd394171ef6c8e,2026-12-27,Football_SpreadValue_v1,46.5,-1.75,AWAY,,-0.75,0.0,0.75
cf5cefa5556bcd0156bd394171ef6c8e,2026-12-27,Football_TotalValue_v1,45.5,-2.5,,UNDER,0.0,-1.0,1.0
cf95657d78ab3e515203df1d19c3b0c2,2025-11-02,Football_KeyNumberGuard_v1,48.0,-9.5,,,0.0,0.0,0
cf95657d78ab3e515203df1d19c3b0c2,2025-11-02,Football_LineMovement_v1,48.0,-9.5,,,0.0,0.0,0
cf95657d78ab3e515203df1d19c3b0c2,2025-11-02,Football_MarketBlend_v1,47.5,-9.25,,UNDER,-0.25,-0.5,0.75
cf95657d78ab3e515203df1d19c3b0c2,2025-11-02,Football_MarketConsensus_v1,48.0,-9.5,,,0.0,0.0,0
cf95657d78ab3e515203df1d19c3b0c2,2025-11-02,Football_SpreadValue_v1,48.0,-8.75,AWAY,,-0.75,0.0,0.75
cf95657d78ab3e515203df1d19c3b0c2,2025-11-02,Football_TotalValue_v1,47.0,-9.5,,UNDER,0.0,-1.0,1.0
d056f31082bdea4d018a26ba274b8430,2025-12-21,Football_KeyNumberGuard_v1,45.5,3.0,,,0.0,0.0,0
d056f31082bdea4d018a26ba274b8430,2025-12-21,Football_LineMovement_v1,45.5,3.0,,,0.0,0.0,0
d056f31082bdea4d018a26ba274b8430,2025-12-21,Football_MarketBlend_v1,45.0,2.75,,UNDER,0.25,-0.5,0.75
d056f31082bdea4d018a26ba274b8430,2025-12-21,Football_MarketConsensus_v1,45.5,3.0,,,0.0,0.0,0
d056f31082bdea4d018a26ba274b8430,2025-12-21,Football_SpreadValue_v1,45.5,2.25,HOME,,0.75,0.0,0.75
d056f31082bdea4d018a26ba274b8430,2025-12-21,Football_TotalValue_v1,44.5,3.0,,UNDER,0.0,-1.0,1.0
d0bf341e7959d69b55f1a8ff09065234,2025-11-02,Football_KeyNumberGuard_v1,44.0,2.5,,,0.0,0.0,0
d0bf341e7959d69b55f1a8ff09065234,2025-11-02,Football_LineMovement_v1,44.0,2.5,,,0.0,0.0,0
d0bf341e7959d69b55f1a8ff09065234,2025-11-02,Football_MarketBlend_v1,44.5,2.25,,OVER,0.25,0.5,0.75
d0bf341e7959d69b55f1a8ff09065234,2025-11-02,Football_MarketConsensus_v1,44.0,2.5,,,0.0,0.0,0
d0bf341e7959d69b55f1a8ff09065234,2025-11-02,Football_SpreadValue_v1,44.0,1.75,HOME,,0.75,0.0,0.75
d0bf341e7959d69b55f1a8ff09065234,2025-11-02,Football_TotalValue_v1,45.0,2.5,,OVER,0.0,1.0,1.0
d0ffa5ed13cbd7610f9176041464404a,2027-01-03,Football_KeyNumberGuard_v1,42.5,1.5,,,0.0,0.0,0
d0ffa5ed13cbd7610f9176041464404a,2027-01-03,Football_LineMovement_v1,42.5,1.5,,,0.0,0.0,0
d0ffa5ed13cbd7610f9176041464404a,2027-01-03,Football_MarketBlend_v1,43.0,1.25,HOME,OVER,0.25,0.5,0.75
d0ffa5ed13cbd7610f9176041464404a,2027-01-03,Football_MarketConsensus_v1,42.5,1.5,,,0.0,0.0,0
d0ffa5ed13cbd7610f9176041464404a,2027-01-03,Football_SpreadValue_v1,42.5,0.75,HOME,,0.75,0.0,0.75
d0ffa5ed13cbd7610f9176041464404a,2027-01-03,Football_TotalValue_v1,43.5,1.5,,OVER,0.0,1.0,1.0
d16a43752aaac66e9ff8768d8590b662,2025-09-28,Football_KeyNumberGuard_v1,48.5,-14.5,,,0.0,0.0,0
d16a43752aaac66e9ff8768d8590b662,2025-09-28,Football_LineMovement_v1,48.5,-14.5,,,0.0,0.0,0
d16a43752aaac66e9ff8768d8590b662,2025-09-28,Football_MarketBlend_v1,48.0,-14.25,AWAY,UNDER,-0.25,-0.5,0.75
d16a43752aaac66e9ff8768d8590b662,2025-09-28,Football_MarketConsensus_v1,48.5,-14.5,,,0.0,0.0,0
d16a43752aaac66e9ff8768d8590b662,2025-09-28,Football_SpreadValue_v1,48.5,-13.75,AWAY,,-0.75,0.0,0.75
d16a43752aaac66e9ff8768d8590b662,2025-09-28,Football_TotalValue_v1,47.5,-14.5,,UNDER,0.0,-1.0,1.0
d190fb7ea85c33b96a495041dad22142,2027-01-10,Football_KeyNumberGuard_v1,43.5,-1.5,,,0.0,0.0,0
d190fb7ea85c33b96a495041dad22142,2027-01-10,Football_LineMovement_v1,43.5,-1.5,,,0.0,0.0,0
d190fb7ea85c33b96a495041dad22142,2027-01-10,Football_MarketBlend_v1,43.5,-1.5,,,0.0,0.0,0
d190fb7ea85c33b96a495041dad22142,2027-01-10,Football_MarketConsensus_v1,43.5,-1.5,,,0.0,0.0,0
d190fb7ea85c33b96a495041dad22142,2027-01-10,Football_SpreadValue_v1,43.5,-1.5,,,0.0,0.0,0
d190fb7ea85c33b96a495041dad22142,2027-01-10,Football_TotalValue_v1,43.5,-1.5,,,0.0,0.0,0
d1d408fdfd272046fb517fe992a1c5a0,2026-10-11,Football_KeyNumberGuard_v1,44.5,-2.5,,,0.0,0.0,0
d1d408fdfd272046fb517fe992a1c5a0,2026-10-11,Football_LineMovement_v1,44.5,-2.5,,,0.0,0.0,0
d1d408fdfd272046fb517fe992a1c5a0,2026-10-11,Football_MarketBlend_v1,45.0,-2.25,,OVER,-0.25,0.5,0.75
d1d408fdfd272046fb517fe992a1c5a0,2026-10-11,Football_MarketConsensus_v1,44.5,-2.5,,,0.0,0.0,0
d1d408fdfd272046fb517fe992a1c5a0,2026-10-11,Football_SpreadValue_v1,44.5,-1.75,AWAY,,-0.75,0.0,0.75
d1d408fdfd272046fb517fe992a1c5a0,2026-10-11,Football_TotalValue_v1,45.5,-2.5,,OVER,0.0,1.0,1.0
d242576b25f56b3f598044c9abfb4df0,2026-01-04,Football_KeyNumberGuard_v1,45.5,-13.5,,,0.0,0.0,0
d242576b25f56b3f598044c9abfb4df0,2026-01-04,Football_LineMovement_v1,45.5,-13.5,,,0.0,0.0,0
d242576b25f56b3f598044c9abfb4df0,2026-01-04,Football_MarketBlend_v1,45.0,-13.25,AWAY,UNDER,-0.25,-0.5,0.75
d242576b25f56b3f598044c9abfb4df0,2026-01-04,Football_MarketConsensus_v1,45.5,-13.5,,,0.0,0.0,0
d242576b25f56b3f598044c9abfb4df0,2026-01-04,Football_SpreadValue_v1,45.5,-12.75,AWAY,,-0.75,0.0,0.75
d242576b25f56b3f598044c9abfb4df0,2026-01-04,Football_TotalValue_v1,44.5,-13.5,,UNDER,0.0,-1.0,1.0
d48193fef08ca62ade864612a40e2a4e,2026-01-12,Football_KeyNumberGuard_v1,45.5,-3.5,,,0.0,0.0,0
d48193fef08ca62ade864612a40e2a4e,2026-01-12,Football_LineMovement_v1,45.5,-3.5,,,0.0,0.0,0
d48193fef08ca62ade864612a40e2a4e,2026-01-12,Football_MarketBlend_v1,45.0,-3.25,,UNDER,-0.25,-0.5,0.75
d48193fef08ca62ade864612a40e2a4e,2026-01-12,Football_MarketConsensus_v1,45.5,-3.5,,,0.0,0.0,0
d48193fef08ca62ade864612a40e2a4e,2026-01-12,Football_SpreadValue_v1,45.5,-2.75,AWAY,,-0.75,0.0,0.75
d48193fef08ca62ade864612a40e2a4e,2026-01-12,Football_TotalValue_v1,44.5,-3.5,,UNDER,0.0,-1.0,1.0
d48a44e7b45f563282fd042c2104da9b,2026-01-04,Football_KeyNumberGuard_v1,49.5,3.0,,,0.0,0.0,0
d48a44e7b45f563282fd042c2104da9b,2026-01-04,Football_LineMovement_v1,49.5,3.0,,,0.0,0.0,0
d48a44e7b45f563282fd042c2104da9b,2026-01-04,Football_MarketBlend_v1,49.0,2.75,,UNDER,0.25,-0.5,0.75
d48a44e7b45f563282fd042c2104da9b,2026-01-04,Football_MarketConsensus_v1,49.5,3.0,,,0.0,0.0,0
d48a44e7b45f563282fd042c2104da9b,2026-01-04,Football_SpreadValue_v1,49.5,2.25,HOME,,0.75,0.0,0.75
d48a44e7b45f563282fd042c2104da9b,2026-01-04,Football_TotalValue_v1,48.5,3.0,,UNDER,0.0,-1.0,1.0
d55cb69fed50a09170560b5b75d8de86,2026-10-02,Football_KeyNumberGuard_v1,39.5,2.75,,,0.0,0.0,0
d55cb69fed50a09170560b5b75d8de86,2026-10-02,Football_LineMovement_v1,39.5,2.75,,,0.0,0.0,0
d55cb69fed50a09170560b5b75d8de86,2026-10-02,Football_MarketBlend_v1,39.5,2.75,,,0.0,0.0,0
d55cb69fed50a09170560b5b75d8de86,2026-10-02,Football_MarketConsensus_v1,39.5,2.75,,,0.0,0.0,0
d55cb69fed50a09170560b5b75d8de86,2026-10-02,Football_SpreadValue_v1,39.5,2.75,,,0.0,0.0,0
d55cb69fed50a09170560b5b75d8de86,2026-10-02,Football_TotalValue_v1,39.5,2.75,,,0.0,0.0,0
d5fd126cbfea2ccd79962a17f0ef4463,2025-12-07,Football_KeyNumberGuard_v1,40.5,8.0,,,0.0,0.0,0
d5fd126cbfea2ccd79962a17f0ef4463,2025-12-07,Football_LineMovement_v1,40.5,8.0,,,0.0,0.0,0
d5fd126cbfea2ccd79962a17f0ef4463,2025-12-07,Football_MarketBlend_v1,41.0,7.75,HOME,OVER,0.25,0.5,0.75
d5fd126cbfea2ccd79962a17f0ef4463,2025-12-07,Football_MarketConsensus_v1,40.5,8.0,,,0.0,0.0,0
d5fd126cbfea2ccd79962a17f0ef4463,2025-12-07,Football_SpreadValue_v1,40.5,7.25,HOME,,0.75,0.0,0.75
d5fd126cbfea2ccd79962a17f0ef4463,2025-12-07,Football_TotalValue_v1,41.5,8.0,,OVER,0.0,1.0,1.0
d68dced0b26726890b9c79bd19a5ffe5,2026-11-29,Football_KeyNumberGuard_v1,46.5,-1.5,,,0.0,0.0,0
d68dced0b26726890b9c79bd19a5ffe5,2026-11-29,Football_LineMovement_v1,46.5,-1.5,,,0.0,0.0,0
d68dced0b26726890b9c79bd19a5ffe5,2026-11-29,Football_MarketBlend_v1,46.0,-1.25,AWAY,UNDER,-0.25,-0.5,0.75
d68dced0b26726890b9c79bd19a5ffe5,2026-11-29,Football_MarketConsensus_v1,46.5,-1.5,,,0.0,0.0,0
d68dced0b26726890b9c79bd19a5ffe5,2026-11-29,Football_SpreadValue_v1,46.5,-0.75,AWAY,,-0.75,0.0,0.75
d68dced0b26726890b9c79bd19a5ffe5,2026-11-29,Football_TotalValue_v1,45.5,-1.5,,UNDER,0.0,-1.0,1.0
d75c88e4fb7650ab0577264980bdf98f,2025-12-28,Football_KeyNumberGuard_v1,39.5,1.5,,,0.0,0.0,0
d75c88e4fb7650ab0577264980bdf98f,2025-12-28,Football_LineMovement_v1,39.5,1.5,,,0.0,0.0,0
d75c88e4fb7650ab0577264980bdf98f,2025-12-28,Football_MarketBlend_v1,40.0,1.25,HOME,OVER,0.25,0.5,0.75
d75c88e4fb7650ab0577264980bdf98f,2025-12-28,Football_MarketConsensus_v1,39.5,1.5,,,0.0,0.0,0
d75c88e4fb7650ab0577264980bdf98f,2025-12-28,Football_SpreadValue_v1,39.5,0.75,HOME,,0.75,0.0,0.75
d75c88e4fb7650ab0577264980bdf98f,2025-12-28,Football_TotalValue_v1,40.5,1.5,,OVER,0.0,1.0,1.0
d7da5587a88a7fc35c36b453d3264d5a,2027-01-10,Football_KeyNumberGuard_v1,43.5,-5.5,,,0.0,0.0,0
d7da5587a88a7fc35c36b453d3264d5a,2027-01-10,Football_LineMovement_v1,43.5,-5.5,,,0.0,0.0,0
d7da5587a88a7fc35c36b453d3264d5a,2027-01-10,Football_MarketBlend_v1,43.5,-5.5,,,0.0,0.0,0
d7da5587a88a7fc35c36b453d3264d5a,2027-01-10,Football_MarketConsensus_v1,43.5,-5.5,,,0.0,0.0,0
d7da5587a88a7fc35c36b453d3264d5a,2027-01-10,Football_SpreadValue_v1,43.5,-5.5,,,0.0,0.0,0
d7da5587a88a7fc35c36b453d3264d5a,2027-01-10,Football_TotalValue_v1,43.5,-5.5,,,0.0,0.0,0
d8cd12e7684fa2aa39f5b188ef6e62e0,2026-12-20,Football_KeyNumberGuard_v1,41.0,-1.5,,,0.0,0.0,0
d8cd12e7684fa2aa39f5b188ef6e62e0,2026-12-20,Football_LineMovement_v1,41.0,-1.5,,,0.0,0.0,0
d8cd12e7684fa2aa39f5b188ef6e62e0,2026-12-20,Football_MarketBlend_v1,41.0,-1.5,,,0.0,0.0,0
d8cd12e7684fa2aa39f5b188ef6e62e0,2026-12-20,Football_MarketConsensus_v1,41.0,-1.5,,,0.0,0.0,0
d8cd12e7684fa2aa39f5b188ef6e62e0,2026-12-20,Football_SpreadValue_v1,41.0,-1.5,,,0.0,0.0,0
d8cd12e7684fa2aa39f5b188ef6e62e0,2026-12-20,Football_TotalValue_v1,41.0,-1.5,,,0.0,0.0,0
d90e0de2d5fa2d57e8812f31775ad0ba,2025-09-28,Football_KeyNumberGuard_v1,49.5,-3.5,,,0.0,0.0,0
d90e0de2d5fa2d57e8812f31775ad0ba,2025-09-28,Football_LineMovement_v1,49.5,-3.5,,,0.0,0.0,0
d90e0de2d5fa2d57e8812f31775ad0ba,2025-09-28,Football_MarketBlend_v1,49.0,-3.25,,UNDER,-0.25,-0.5,0.75
d90e0de2d5fa2d57e8812f31775ad0ba,2025-09-28,Football_MarketConsensus_v1,49.5,-3.5,,,0.0,0.0,0
d90e0de2d5fa2d57e8812f31775ad0ba,2025-09-28,Football_SpreadValue_v1,49.5,-2.75,AWAY,,-0.75,0.0,0.75
d90e0de2d5fa2d57e8812f31775ad0ba,2025-09-28,Football_TotalValue_v1,48.5,-3.5,,UNDER,0.0,-1.0,1.0
d921b1e86b0a30ad91000ffc360d302d,2025-09-28,Football_KeyNumberGuard_v1,43.5,6.0,,,0.0,0.0,0
d921b1e86b0a30ad91000ffc360d302d,2025-09-28,Football_LineMovement_v1,43.5,6.0,,,0.0,0.0,0
d921b1e86b0a30ad91000ffc360d302d,2025-09-28,Football_MarketBlend_v1,44.0,5.75,HOME,OVER,0.25,0.5,0.75
d921b1e86b0a30ad91000ffc360d302d,2025-09-28,Football_MarketConsensus_v1,43.5,6.0,,,0.0,0.0,0
d921b1e86b0a30ad91000ffc360d302d,2025-09-28,Football_SpreadValue_v1,43.5,5.25,HOME,,0.75,0.0,0.75
d921b1e86b0a30ad91000ffc360d302d,2025-09-28,Football_TotalValue_v1,44.5,6.0,,OVER,0.0,1.0,1.0
d9a186d988a3ede2a33e504f4890fe52,2027-01-03,Football_KeyNumberGuard_v1,48.0,7.5,,,0.0,0.0,0
d9a186d988a3ede2a33e504f4890fe52,2027-01-03,Football_LineMovement_v1,48.0,7.5,,,0.0,0.0,0
d9a186d988a3ede2a33e504f4890fe52,2027-01-03,Football_MarketBlend_v1,48.0,7.5,,,0.0,0.0,0
d9a186d988a3ede2a33e504f4890fe52,2027-01-03,Football_MarketConsensus_v1,48.0,7.5,,,0.0,0.0,0
d9a186d988a3ede2a33e504f4890fe52,2027-01-03,Football_SpreadValue_v1,48.0,7.5,,,0.0,0.0,0
d9a186d988a3ede2a33e504f4890fe52,2027-01-03,Football_TotalValue_v1,48.0,7.5,,,0.0,0.0,0
dad5ec44b4df2b91138872aeb4454e1e,2026-01-04,Football_KeyNumberGuard_v1,45.5,-8.5,,,0.0,0.0,0
dad5ec44b4df2b91138872aeb4454e1e,2026-01-04,Football_LineMovement_v1,45.5,-8.5,,,0.0,0.0,0
dad5ec44b4df2b91138872aeb4454e1e,2026-01-04,Football_MarketBlend_v1,45.0,-8.25,AWAY,UNDER,-0.25,-0.5,0.75
dad5ec44b4df2b91138872aeb4454e1e,2026-01-04,Football_MarketConsensus_v1,45.5,-8.5,,,0.0,0.0,0
dad5ec44b4df2b91138872aeb4454e1e,2026-01-04,Football_SpreadValue_v1,45.5,-7.75,AWAY,,-0.75,0.0,0.75
dad5ec44b4df2b91138872aeb4454e1e,2026-01-04,Football_TotalValue_v1,44.5,-8.5,,UNDER,0.0,-1.0,1.0
daf55e2df5341c007fee5a0fc5bbc2d4,2026-10-04,Football_KeyNumberGuard_v1,47.5,-2.5,,,0.0,0.0,0
daf55e2df5341c007fee5a0fc5bbc2d4,2026-10-04,Football_LineMovement_v1,47.5,-2.5,,,0.0,0.0,0
daf55e2df5341c007fee5a0fc5bbc2d4,2026-10-04,Football_MarketBlend_v1,47.0,-2.25,,UNDER,-0.25,-0.5,0.75
daf55e2df5341c007fee5a0fc5bbc2d4,2026-10-04,Football_MarketConsensus_v1,47.5,-2.5,,,0.0,0.0,0
daf55e2df5341c007fee5a0fc5bbc2d4,2026-10-04,Football_SpreadValue_v1,47.5,-1.75,AWAY,,-0.75,0.0,0.75
daf55e2df5341c007fee5a0fc5bbc2d4,2026-10-04,Football_TotalValue_v1,46.5,-2.5,,UNDER,0.0,-1.0,1.0
dc0e3db61983a138098f28226788d2d3,2025-09-07,Football_KeyNumberGuard_v1,43.5,-3.0,,,0.0,0.0,0
dc0e3db61983a138098f28226788d2d3,2025-09-07,Football_LineMovement_v1,43.5,-3.0,,,0.0,0.0,0
dc0e3db61983a138098f28226788d2d3,2025-09-07,Football_MarketBlend_v1,44.0,-2.75,,OVER,-0.25,0.5,0.75
dc0e3db61983a138098f28226788d2d3,2025-09-07,Football_MarketConsensus_v1,43.5,-3.0,,,0.0,0.0,0
dc0e3db61983a138098f28226788d2d3,2025-09-07,Football_SpreadValue_v1,43.5,-2.25,AWAY,,-0.75,0.0,0.75
dc0e3db61983a138098f28226788d2d3,2025-09-07,Football_TotalValue_v1,44.5,-3.0,,OVER,0.0,1.0,1.0
dc2d9177b48e6f3962dabb1407aba7d3,2027-01-10,Football_KeyNumberGuard_v1,44.5,-3.0,,,0.0,0.0,0
dc2d9177b48e6f3962dabb1407aba7d3,2027-01-10,Football_LineMovement_v1,44.5,-3.0,,,0.0,0.0,0
dc2d9177b48e6f3962dabb1407aba7d3,2027-01-10,Football_MarketBlend_v1,44.5,-3.0,,,0.0,0.0,0
dc2d9177b48e6f3962dabb1407aba7d3,2027-01-10,Football_MarketConsensus_v1,44.5,-3.0,,,0.0,0.0,0
dc2d9177b48e6f3962dabb1407aba7d3,2027-01-10,Football_SpreadValue_v1,44.5,-3.0,,,0.0,0.0,0
dc2d9177b48e6f3962dabb1407aba7d3,2027-01-10,Football_TotalValue_v1,44.5,-3.0,,,0.0,0.0,0
dc56d980f527ffeef89940133b211b13,2026-11-08,Football_KeyNumberGuard_v1,49.25,4.5,,,0.0,0.0,0
dc56d980f527ffeef89940133b211b13,2026-11-08,Football_LineMovement_v1,49.25,4.5,,,0.0,0.0,0
dc56d980f527ffeef89940133b211b13,2026-11-08,Football_MarketBlend_v1,48.75,4.25,HOME,UNDER,0.25,-0.5,0.75
dc56d980f527ffeef89940133b211b13,2026-11-08,Football_MarketConsensus_v1,49.25,4.5,,,0.0,0.0,0
dc56d980f527ffeef89940133b211b13,2026-11-08,Football_SpreadValue_v1,49.25,3.75,HOME,,0.75,0.0,0.75
dc56d980f527ffeef89940133b211b13,2026-11-08,Football_TotalValue_v1,48.25,4.5,,UNDER,0.0,-1.0,1.0
dcc7b377d3b3ec990304612bbef47d3d,2026-12-13,Football_KeyNumberGuard_v1,43.5,-2.5,,,0.0,0.0,0
dcc7b377d3b3ec990304612bbef47d3d,2026-12-13,Football_LineMovement_v1,43.5,-2.5,,,0.0,0.0,0
dcc7b377d3b3ec990304612bbef47d3d,2026-12-13,Football_MarketBlend_v1,44.0,-2.25,,OVER,-0.25,0.5,0.75
dcc7b377d3b3ec990304612bbef47d3d,2026-12-13,Football_MarketConsensus_v1,43.5,-2.5,,,0.0,0.0,0
dcc7b377d3b3ec990304612bbef47d3d,2026-12-13,Football_SpreadValue_v1,43.5,-1.75,AWAY,,-0.75,0.0,0.75
dcc7b377d3b3ec990304612bbef47d3d,2026-12-13,Football_TotalValue_v1,44.5,-2.5,,OVER,0.0,1.0,1.0
dd3a14fa1529e79bd338a7bfd71d5b3a,2025-10-12,Football_KeyNumberGuard_v1,47.5,3.0,,,0.0,0.0,0
dd3a14fa1529e79bd338a7bfd71d5b3a,2025-10-12,Football_LineMovement_v1,47.5,3.0,,,0.0,0.0,0
dd3a14fa1529e79bd338a7bfd71d5b3a,2025-10-12,Football_MarketBlend_v1,47.0,2.75,,UNDER,0.25,-0.5,0.75
dd3a14fa1529e79bd338a7bfd71d5b3a,2025-10-12,Football_MarketConsensus_v1,47.5,3.0,,,0.0,0.0,0
dd3a14fa1529e79bd338a7bfd71d5b3a,2025-10-12,Football_SpreadValue_v1,47.5,2.25,HOME,,0.75,0.0,0.75
dd3a14fa1529e79bd338a7bfd71d5b3a,2025-10-12,Football_TotalValue_v1,46.5,3.0,,UNDER,0.0,-1.0,1.0
dd4aec72c5175cb8cea67d5edc7b1990,2025-12-28,Football_KeyNumberGuard_v1,41.0,2.5,,,0.0,0.0,0
dd4aec72c5175cb8cea67d5edc7b1990,2025-12-28,Football_LineMovement_v1,41.0,2.5,,,0.0,0.0,0
dd4aec72c5175cb8cea67d5edc7b1990,2025-12-28,Football_MarketBlend_v1,41.5,2.25,,OVER,0.25,0.5,0.75
dd4aec72c5175cb8cea67d5edc7b1990,2025-12-28,Football_MarketConsensus_v1,41.0,2.5,,,0.0,0.0,0
dd4aec72c5175cb8cea67d5edc7b1990,2025-12-28,Football_SpreadValue_v1,41.0,1.75,HOME,,0.75,0.0,0.75
dd4aec72c5175cb8cea67d5edc7b1990,2025-12-28,Football_TotalValue_v1,42.0,2.5,,OVER,0.0,1.0,1.0
de07002921b9b2b2e1ee2928e4270a3c,2025-12-25,Football_KeyNumberGuard_v1,50.5,9.0,,,0.0,0.0,0
de07002921b9b2b2e1ee2928e4270a3c,2025-12-25,Football_LineMovement_v1,50.5,9.0,,,0.0,0.0,0
de07002921b9b2b2e1ee2928e4270a3c,2025-12-25,Football_MarketBlend_v1,50.0,8.75,HOME,UNDER,0.25,-0.5,0.75
de07002921b9b2b2e1ee2928e4270a3c,2025-12-25,Football_MarketConsensus_v1,50.5,9.0,,,0.0,0.0,0
de07002921b9b2b2e1ee2928e4270a3c,2025-12-25,Football_SpreadValue_v1,50.5,8.25,HOME,,0.75,0.0,0.75
de07002921b9b2b2e1ee2928e4270a3c,2025-12-25,Football_TotalValue_v1,49.5,9.0,,UNDER,0.0,-1.0,1.0
de432abcc3bd8d42a582ae9f71388dcd,2025-09-29,Football_KeyNumberGuard_v1,46.5,6.5,,,0.0,0.0,0
de432abcc3bd8d42a582ae9f71388dcd,2025-09-29,Football_LineMovement_v1,46.5,6.5,,,0.0,0.0,0
de432abcc3bd8d42a582ae9f71388dcd,2025-09-29,Football_MarketBlend_v1,46.0,6.25,,UNDER,0.25,-0.5,0.75
de432abcc3bd8d42a582ae9f71388dcd,2025-09-29,Football_MarketConsensus_v1,46.5,6.5,,,0.0,0.0,0
de432abcc3bd8d42a582ae9f71388dcd,2025-09-29,Football_SpreadValue_v1,46.5,5.75,HOME,,0.75,0.0,0.75
de432abcc3bd8d42a582ae9f71388dcd,2025-09-29,Football_TotalValue_v1,45.5,6.5,,UNDER,0.0,-1.0,1.0
de4ae000f7f94eecf9d827eabff2991b,2026-01-04,Football_KeyNumberGuard_v1,36.5,4.5,,,0.0,0.0,0
de4ae000f7f94eecf9d827eabff2991b,2026-01-04,Football_LineMovement_v1,36.5,4.5,,,0.0,0.0,0
de4ae000f7f94eecf9d827eabff2991b,2026-01-04,Football_MarketBlend_v1,37.0,4.25,HOME,OVER,0.25,0.5,0.75
de4ae000f7f94eecf9d827eabff2991b,2026-01-04,Football_MarketConsensus_v1,36.5,4.5,,,0.0,0.0,0
de4ae000f7f94eecf9d827eabff2991b,2026-01-04,Football_SpreadValue_v1,36.5,3.75,HOME,,0.75,0.0,0.75
de4ae000f7f94eecf9d827eabff2991b,2026-01-04,Football_TotalValue_v1,37.5,4.5,,OVER,0.0,1.0,1.0
de53b8a594fe830c5fd56484705cd756,2025-11-27,Football_KeyNumberGuard_v1,52.5,3.5,,,0.0,0.0,0
de53b8a594fe830c5fd56484705cd756,2025-11-27,Football_LineMovement_v1,52.5,3.5,,,0.0,0.0,0
de53b8a594fe830c5fd56484705cd756,2025-11-27,Football_MarketBlend_v1,52.0,3.25,,UNDER,0.25,-0.5,0.75
de53b8a594fe830c5fd56484705cd756,2025-11-27,Football_MarketConsensus_v1,52.5,3.5,,,0.0,0.0,0
de53b8a594fe830c5fd56484705cd756,2025-11-27,Football_SpreadValue_v1,52.5,2.75,HOME,,0.75,0.0,0.75
de53b8a594fe830c5fd56484705cd756,2025-11-27,Football_TotalValue_v1,51.5,3.5,,UNDER,0.0,-1.0,1.0
dee0a41ed5e8201a96d457899adbe918,2025-09-08,Football_KeyNumberGuard_v1,50.5,1.0,,,0.0,0.0,0
dee0a41ed5e8201a96d457899adbe918,2025-09-08,Football_LineMovement_v1,50.5,1.0,,,0.0,0.0,0
dee0a41ed5e8201a96d457899adbe918,2025-09-08,Football_MarketBlend_v1,50.0,0.75,HOME,UNDER,0.25,-0.5,0.75
dee0a41ed5e8201a96d457899adbe918,2025-09-08,Football_MarketConsensus_v1,50.5,1.0,,,0.0,0.0,0
dee0a41ed5e8201a96d457899adbe918,2025-09-08,Football_SpreadValue_v1,50.5,0.25,HOME,,0.75,0.0,0.75
dee0a41ed5e8201a96d457899adbe918,2025-09-08,Football_TotalValue_v1,49.5,1.0,,UNDER,0.0,-1.0,1.0
df7e32f3c6cfaaa66de560906faabe32,2025-10-05,Football_KeyNumberGuard_v1,47.5,0.0,,,0.0,0.0,0
df7e32f3c6cfaaa66de560906faabe32,2025-10-05,Football_LineMovement_v1,47.5,0.0,,,0.0,0.0,0
df7e32f3c6cfaaa66de560906faabe32,2025-10-05,Football_MarketBlend_v1,47.0,0.25,AWAY,UNDER,-0.25,-0.5,0.75
df7e32f3c6cfaaa66de560906faabe32,2025-10-05,Football_MarketConsensus_v1,47.5,0.0,,,0.0,0.0,0
df7e32f3c6cfaaa66de560906faabe32,2025-10-05,Football_SpreadValue_v1,47.5,0.75,AWAY,,-0.75,0.0,0.75
df7e32f3c6cfaaa66de560906faabe32,2025-10-05,Football_TotalValue_v1,46.5,0.0,,UNDER,0.0,-1.0,1.0
dfa87b0532de1389297103c2e3195347,2025-10-12,Football_KeyNumberGuard_v1,46.5,-9.0,,,0.0,0.0,0
dfa87b0532de1389297103c2e3195347,2025-10-12,Football_LineMovement_v1,46.5,-9.0,,,0.0,0.0,0
dfa87b0532de1389297103c2e3195347,2025-10-12,Football_MarketBlend_v1,46.0,-8.75,AWAY,UNDER,-0.25,-0.5,0.75
dfa87b0532de1389297103c2e3195347,2025-10-12,Football_MarketConsensus_v1,46.5,-9.0,,,0.0,0.0,0
dfa87b0532de1389297103c2e3195347,2025-10-12,Football_SpreadValue_v1,46.5,-8.25,AWAY,,-0.75,0.0,0.75
dfa87b0532de1389297103c2e3195347,2025-10-12,Football_TotalValue_v1,45.5,-9.0,,UNDER,0.0,-1.0,1.0
e0cbd266dcf997089203a1b33ba0333d,2026-10-04,Football_KeyNumberGuard_v1,43.5,5.5,,,0.0,0.0,0
e0cbd266dcf997089203a1b33ba0333d,2026-10-04,Football_LineMovement_v1,43.5,5.5,,,0.0,0.0,0
e0cbd266dcf997089203a1b33ba0333d,2026-10-04,Football_MarketBlend_v1,44.0,5.25,HOME,OVER,0.25,0.5,0.75
e0cbd266dcf997089203a1b33ba0333d,2026-10-04,Football_MarketConsensus_v1,43.5,5.5,,,0.0,0.0,0
e0cbd266dcf997089203a1b33ba0333d,2026-10-04,Football_SpreadValue_v1,43.5,4.75,HOME,,0.75,0.0,0.75
e0cbd266dcf997089203a1b33ba0333d,2026-10-04,Football_TotalValue_v1,44.5,5.5,,OVER,0.0,1.0,1.0
e10fe83ee6178a598e7fa84ea0913366,2025-10-10,Football_KeyNumberGuard_v1,40.5,7.5,,,0.0,0.0,0
e10fe83ee6178a598e7fa84ea0913366,2025-10-10,Football_LineMovement_v1,40.5,7.5,,,0.0,0.0,0
e10fe83ee6178a598e7fa84ea0913366,2025-10-10,Football_MarketBlend_v1,41.0,7.25,,OVER,0.25,0.5,0.75
e10fe83ee6178a598e7fa84ea0913366,2025-10-10,Football_MarketConsensus_v1,40.5,7.5,,,0.0,0.0,0
e10fe83ee6178a598e7fa84ea0913366,2025-10-10,Football_SpreadValue_v1,40.5,6.75,HOME,,0.75,0.0,0.75
e10fe83ee6178a598e7fa84ea0913366,2025-10-10,Football_TotalValue_v1,41.5,7.5,,OVER,0.0,1.0,1.0
e15a91cebf3480ff0b93b4fbacb09797,2026-12-20,Football_KeyNumberGuard_v1,45.5,-3.5,,,0.0,0.0,0
e15a91cebf3480ff0b93b4fbacb09797,2026-12-20,Football_LineMovement_v1,45.5,-3.5,,,0.0,0.0,0
e15a91cebf3480ff0b93b4fbacb09797,2026-12-20,Football_MarketBlend_v1,45.0,-3.25,,UNDER,-0.25,-0.5,0.75
e15a91cebf3480ff0b93b4fbacb09797,2026-12-20,Football_MarketConsensus_v1,45.5,-3.5,,,0.0,0.0,0
e15a91cebf3480ff0b93b4fbacb09797,2026-12-20,Football_SpreadValue_v1,45.5,-2.75,AWAY,,-0.75,0.0,0.75
e15a91cebf3480ff0b93b4fbacb09797,2026-12-20,Football_TotalValue_v1,44.5,-3.5,,UNDER,0.0,-1.0,1.0
e217b38ef8bc6e98d3512cb42b90782e,2025-09-14,Football_KeyNumberGuard_v1,43.5,1.0,,,0.0,0.0,0
e217b38ef8bc6e98d3512cb42b90782e,2025-09-14,Football_LineMovement_v1,43.5,1.0,,,0.0,0.0,0
e217b38ef8bc6e98d3512cb42b90782e,2025-09-14,Football_MarketBlend_v1,44.0,0.75,HOME,OVER,0.25,0.5,0.75
e217b38ef8bc6e98d3512cb42b90782e,2025-09-14,Football_MarketConsensus_v1,43.5,1.0,,,0.0,0.0,0
e217b38ef8bc6e98d3512cb42b90782e,2025-09-14,Football_SpreadValue_v1,43.5,0.25,HOME,,0.75,0.0,0.75
e217b38ef8bc6e98d3512cb42b90782e,2025-09-14,Football_TotalValue_v1,44.5,1.0,,OVER,0.0,1.0,1.0
e2d3b0596efcebc1c19dab92009f5e26,2025-09-07,Football_KeyNumberGuard_v1,48.0,4.5,,,0.0,0.0,0
e2d3b0596efcebc1c19dab92009f5e26,2025-09-07,Football_LineMovement_v1,48.0,4.5,,,0.0,0.0,0
e2d3b0596efcebc1c19dab92009f5e26,2025-09-07,Football_MarketBlend_v1,47.5,4.25,HOME,UNDER,0.25,-0.5,0.75
e2d3b0596efcebc1c19dab92009f5e26,2025-09-07,Football_MarketConsensus_v1,48.0,4.5,,,0.0,0.0,0
e2d3b0596efcebc1c19dab92009f5e26,2025-09-07,Football_SpreadValue_v1,48.0,3.75,HOME,,0.75,0.0,0.75
e2d3b0596efcebc1c19dab92009f5e26,2025-09-07,Football_TotalValue_v1,47.0,4.5,,UNDER,0.0,-1.0,1.0
e32e0030899c06fdf2c74745ca27d85a,2025-11-23,Football_KeyNumberGuard_v1,47.0,2.5,,,0.0,0.0,0
e32e0030899c06fdf2c74745ca27d85a,2025-11-23,Football_LineMovement_v1,47.0,2.5,,,0.0,0.0,0
e32e0030899c06fdf2c74745ca27d85a,2025-11-23,Football_MarketBlend_v1,46.5,2.25,,UNDER,0.25,-0.5,0.75
e32e0030899c06fdf2c74745ca27d85a,2025-11-23,Football_MarketConsensus_v1,47.0,2.5,,,0.0,0.0,0
e32e0030899c06fdf2c74745ca27d85a,2025-11-23,Football_SpreadValue_v1,47.0,1.75,HOME,,0.75,0.0,0.75
e32e0030899c06fdf2c74745ca27d85a,2025-11-23,Football_TotalValue_v1,46.0,2.5,,UNDER,0.0,-1.0,1.0
e34812ee7fbf13bd75e4298bccfbdd10,2025-10-12,Football_KeyNumberGuard_v1,31.5,2.5,,,0.0,0.0,0
e34812ee7fbf13bd75e4298bccfbdd10,2025-10-12,Football_LineMovement_v1,31.5,2.5,,,0.0,0.0,0
e34812ee7fbf13bd75e4298bccfbdd10,2025-10-12,Football_MarketBlend_v1,32.0,2.25,,OVER,0.25,0.5,0.75
e34812ee7fbf13bd75e4298bccfbdd10,2025-10-12,Football_MarketConsensus_v1,31.5,2.5,,,0.0,0.0,0
e34812ee7fbf13bd75e4298bccfbdd10,2025-10-12,Football_SpreadValue_v1,31.5,1.75,HOME,,0.75,0.0,0.75
e34812ee7fbf13bd75e4298bccfbdd10,2025-10-12,Football_TotalValue_v1,32.5,2.5,,OVER,0.0,1.0,1.0
e354e6a04b1cb9c96e549b863debb92e,2026-11-08,Football_KeyNumberGuard_v1,42.0,-9.75,,,0.0,0.0,0
e354e6a04b1cb9c96e549b863debb92e,2026-11-08,Football_LineMovement_v1,42.0,-9.75,,,0.0,0.0,0
e354e6a04b1cb9c96e549b863debb92e,2026-11-08,Football_MarketBlend_v1,42.0,-9.75,,,0.0,0.0,0
e354e6a04b1cb9c96e549b863debb92e,2026-11-08,Football_MarketConsensus_v1,42.0,-9.75,,,0.0,0.0,0
e354e6a04b1cb9c96e549b863debb92e,2026-11-08,Football_SpreadValue_v1,42.0,-9.75,,,0.0,0.0,0
e354e6a04b1cb9c96e549b863debb92e,2026-11-08,Football_TotalValue_v1,42.0,-9.75,,,0.0,0.0,0
e3c9bfba57bbe784481d881ea3b4519d,2025-11-30,Football_KeyNumberGuard_v1,42.0,-5.5,,,0.0,0.0,0
e3c9bfba57bbe784481d881ea3b4519d,2025-11-30,Football_LineMovement_v1,42.0,-5.5,,,0.0,0.0,0
e3c9bfba57bbe784481d881ea3b4519d,2025-11-30,Football_MarketBlend_v1,42.5,-5.25,AWAY,OVER,-0.25,0.5,0.75
e3c9bfba57bbe784481d881ea3b4519d,2025-11-30,Football_MarketConsensus_v1,42.0,-5.5,,,0.0,0.0,0
e3c9bfba57bbe784481d881ea3b4519d,2025-11-30,Football_SpreadValue_v1,42.0,-4.75,AWAY,,-0.75,0.0,0.75
e3c9bfba57bbe784481d881ea3b4519d,2025-11-30,Football_TotalValue_v1,43.0,-5.5,,OVER,0.0,1.0,1.0
e55c6fe19fce094ce214c8b0e5b504e9,2026-09-13,Football_KeyNumberGuard_v1,40.0,-9.0,,,0.0,0.0,0
e55c6fe19fce094ce214c8b0e5b504e9,2026-09-13,Football_LineMovement_v1,40.0,-9.0,,,0.0,0.0,0
e55c6fe19fce094ce214c8b0e5b504e9,2026-09-13,Football_MarketBlend_v1,40.5,-8.75,AWAY,OVER,-0.25,0.5,0.75
e55c6fe19fce094ce214c8b0e5b504e9,2026-09-13,Football_MarketConsensus_v1,40.0,-9.0,,,0.0,0.0,0
e55c6fe19fce094ce214c8b0e5b504e9,2026-09-13,Football_SpreadValue_v1,40.0,-8.25,AWAY,,-0.75,0.0,0.75
e55c6fe19fce094ce214c8b0e5b504e9,2026-09-13,Football_TotalValue_v1,41.0,-9.0,,OVER,0.0,1.0,1.0
e571bab6736f9338130a78a4f75c3231,2026-11-08,Football_KeyNumberGuard_v1,40.5,-3.75,,,0.0,0.0,0
e571bab6736f9338130a78a4f75c3231,2026-11-08,Football_LineMovement_v1,40.5,-3.75,,,0.0,0.0,0
e571bab6736f9338130a78a4f75c3231,2026-11-08,Football_MarketBlend_v1,40.5,-3.75,,,0.0,0.0,0
e571bab6736f9338130a78a4f75c3231,2026-11-08,Football_MarketConsensus_v1,40.5,-3.75,,,0.0,0.0,0
e571bab6736f9338130a78a4f75c3231,2026-11-08,Football_SpreadValue_v1,40.5,-3.75,,,0.0,0.0,0
e571bab6736f9338130a78a4f75c3231,2026-11-08,Football_TotalValue_v1,40.5,-3.75,,,0.0,0.0,0
e5aa20e1364dd639f042af1c2281bbe2,2026-11-15,Football_KeyNumberGuard_v1,43.5,-1.5,,,0.0,0.0,0
e5aa20e1364dd639f042af1c2281bbe2,2026-11-15,Football_LineMovement_v1,43.5,-1.5,,,0.0,0.0,0
e5aa20e1364dd639f042af1c2281bbe2,2026-11-15,Football_MarketBlend_v1,44.0,-1.25,AWAY,OVER,-0.25,0.5,0.75
e5aa20e1364dd639f042af1c2281bbe2,2026-11-15,Football_MarketConsensus_v1,43.5,-1.5,,,0.0,0.0,0
e5aa20e1364dd639f042af1c2281bbe2,2026-11-15,Football_SpreadValue_v1,43.5,-0.75,AWAY,,-0.75,0.0,0.75
e5aa20e1364dd639f042af1c2281bbe2,2026-11-15,Football_TotalValue_v1,44.5,-1.5,,OVER,0.0,1.0,1.0
e5dd1fed586cfc0ec2d7c06f2a02c37a,2025-10-12,Football_KeyNumberGuard_v1,47.0,1.0,,,0.0,0.0,0
e5dd1fed586cfc0ec2d7c06f2a02c37a,2025-10-12,Football_LineMovement_v1,47.0,1.0,,,0.0,0.0,0
e5dd1fed586cfc0ec2d7c06f2a02c37a,2025-10-12,Football_MarketBlend_v1,46.5,0.75,HOME,UNDER,0.25,-0.5,0.75
e5dd1fed586cfc0ec2d7c06f2a02c37a,2025-10-12,Football_MarketConsensus_v1,47.0,1.0,,,0.0,0.0,0
e5dd1fed586cfc0ec2d7c06f2a02c37a,2025-10-12,Football_SpreadValue_v1,47.0,0.25,HOME,,0.75,0.0,0.75
e5dd1fed586cfc0ec2d7c06f2a02c37a,2025-10-12,Football_TotalValue_v1,46.0,1.0,,UNDER,0.0,-1.0,1.0
e5dd9cc3fd5452d55c250949e946743d,2027-01-03,Football_KeyNumberGuard_v1,44.0,-2.0,,,0.0,0.0,0
e5dd9cc3fd5452d55c250949e946743d,2027-01-03,Football_LineMovement_v1,44.0,-2.0,,,0.0,0.0,0
e5dd9cc3fd5452d55c250949e946743d,2027-01-03,Football_MarketBlend_v1,44.0,-2.0,,,0.0,0.0,0
e5dd9cc3fd5452d55c250949e946743d,2027-01-03,Football_MarketConsensus_v1,44.0,-2.0,,,0.0,0.0,0
e5dd9cc3fd5452d55c250949e946743d,2027-01-03,Football_SpreadValue_v1,44.0,-2.0,,,0.0,0.0,0
e5dd9cc3fd5452d55c250949e946743d,2027-01-03,Football_TotalValue_v1,44.0,-2.0,,,0.0,0.0,0
e5fbd3b3953b896b1bf897ddadb3cc4b,2026-09-25,Football_KeyNumberGuard_v1,46.5,-7.5,,,0.0,0.0,0
e5fbd3b3953b896b1bf897ddadb3cc4b,2026-09-25,Football_LineMovement_v1,46.5,-7.5,,,0.0,0.0,0
e5fbd3b3953b896b1bf897ddadb3cc4b,2026-09-25,Football_MarketBlend_v1,46.0,-7.25,,UNDER,-0.25,-0.5,0.75
e5fbd3b3953b896b1bf897ddadb3cc4b,2026-09-25,Football_MarketConsensus_v1,46.5,-7.5,,,0.0,0.0,0
e5fbd3b3953b896b1bf897ddadb3cc4b,2026-09-25,Football_SpreadValue_v1,46.5,-6.75,AWAY,,-0.75,0.0,0.75
e5fbd3b3953b896b1bf897ddadb3cc4b,2026-09-25,Football_TotalValue_v1,45.5,-7.5,,UNDER,0.0,-1.0,1.0
e6721ef0adb705a8abcbedc2ef6dfb3a,2025-12-28,Football_KeyNumberGuard_v1,35.5,4.5,,,0.0,0.0,0
e6721ef0adb705a8abcbedc2ef6dfb3a,2025-12-28,Football_LineMovement_v1,35.5,4.5,,,0.0,0.0,0
e6721ef0adb705a8abcbedc2ef6dfb3a,2025-12-28,Football_MarketBlend_v1,36.0,4.25,HOME,OVER,0.25,0.5,0.75
e6721ef0adb705a8abcbedc2ef6dfb3a,2025-12-28,Football_MarketConsensus_v1,35.5,4.5,,,0.0,0.0,0
e6721ef0adb705a8abcbedc2ef6dfb3a,2025-12-28,Football_SpreadValue_v1,35.5,3.75,HOME,,0.75,0.0,0.75
e6721ef0adb705a8abcbedc2ef6dfb3a,2025-12-28,Football_TotalValue_v1,36.5,4.5,,OVER,0.0,1.0,1.0
e6d00eedd87d367e510314bd8cab8f6f,2026-10-13,Football_KeyNumberGuard_v1,54.0,-3.75,,,0.0,0.0,0
e6d00eedd87d367e510314bd8cab8f6f,2026-10-13,Football_LineMovement_v1,54.0,-3.75,,,0.0,0.0,0
e6d00eedd87d367e510314bd8cab8f6f,2026-10-13,Football_MarketBlend_v1,54.0,-3.75,,,0.0,0.0,0
e6d00eedd87d367e510314bd8cab8f6f,2026-10-13,Football_MarketConsensus_v1,54.0,-3.75,,,0.0,0.0,0
e6d00eedd87d367e510314bd8cab8f6f,2026-10-13,Football_SpreadValue_v1,54.0,-3.75,,,0.0,0.0,0
e6d00eedd87d367e510314bd8cab8f6f,2026-10-13,Football_TotalValue_v1,54.0,-3.75,,,0.0,0.0,0
e7820b1226edbb1ef1fddce6b20f963d,2027-01-04,Football_KeyNumberGuard_v1,45.5,-1.5,,,0.0,0.0,0
e7820b1226edbb1ef1fddce6b20f963d,2027-01-04,Football_LineMovement_v1,45.5,-1.5,,,0.0,0.0,0
e7820b1226edbb1ef1fddce6b20f963d,2027-01-04,Football_MarketBlend_v1,45.0,-1.25,AWAY,UNDER,-0.25,-0.5,0.75
e7820b1226edbb1ef1fddce6b20f963d,2027-01-04,Football_MarketConsensus_v1,45.5,-1.5,,,0.0,0.0,0
e7820b1226edbb1ef1fddce6b20f963d,2027-01-04,Football_SpreadValue_v1,45.5,-0.75,AWAY,,-0.75,0.0,0.75
e7820b1226edbb1ef1fddce6b20f963d,2027-01-04,Football_TotalValue_v1,44.5,-1.5,,UNDER,0.0,-1.0,1.0
e86227938fd3cf008fc5648fb5128344,2026-10-18,Football_KeyNumberGuard_v1,43.5,6.75,,,0.0,0.0,0
e86227938fd3cf008fc5648fb5128344,2026-10-18,Football_LineMovement_v1,43.5,6.75,,,0.0,0.0,0
e86227938fd3cf008fc5648fb5128344,2026-10-18,Football_MarketBlend_v1,43.5,6.75,,,0.0,0.0,0
e86227938fd3cf008fc5648fb5128344,2026-10-18,Football_MarketConsensus_v1,43.5,6.75,,,0.0,0.0,0
e86227938fd3cf008fc5648fb5128344,2026-10-18,Football_SpreadValue_v1,43.5,6.75,,,0.0,0.0,0
e86227938fd3cf008fc5648fb5128344,2026-10-18,Football_TotalValue_v1,43.5,6.75,,,0.0,0.0,0
e8e5715eefb6a9ce64765e9ddf49c0cc,2026-10-25,Football_KeyNumberGuard_v1,50.0,-2.5,,,0.0,0.0,0
e8e5715eefb6a9ce64765e9ddf49c0cc,2026-10-25,Football_LineMovement_v1,50.0,-2.5,,,0.0,0.0,0
e8e5715eefb6a9ce64765e9ddf49c0cc,2026-10-25,Football_MarketBlend_v1,50.0,-2.5,,,0.0,0.0,0
e8e5715eefb6a9ce64765e9ddf49c0cc,2026-10-25,Football_MarketConsensus_v1,50.0,-2.5,,,0.0,0.0,0
e8e5715eefb6a9ce64765e9ddf49c0cc,2026-10-25,Football_SpreadValue_v1,50.0,-2.5,,,0.0,0.0,0
e8e5715eefb6a9ce64765e9ddf49c0cc,2026-10-25,Football_TotalValue_v1,50.0,-2.5,,,0.0,0.0,0
e926e654cedeb65fcfcc389a5158ef4e,2025-11-16,Football_KeyNumberGuard_v1,48.5,-3.0,,,0.0,0.0,0
e926e654cedeb65fcfcc389a5158ef4e,2025-11-16,Football_LineMovement_v1,48.5,-3.0,,,0.0,0.0,0
e926e654cedeb65fcfcc389a5158ef4e,2025-11-16,Football_MarketBlend_v1,48.0,-2.75,,UNDER,-0.25,-0.5,0.75
e926e654cedeb65fcfcc389a5158ef4e,2025-11-16,Football_MarketConsensus_v1,48.5,-3.0,,,0.0,0.0,0
e926e654cedeb65fcfcc389a5158ef4e,2025-11-16,Football_SpreadValue_v1,48.5,-2.25,AWAY,,-0.75,0.0,0.75
e926e654cedeb65fcfcc389a5158ef4e,2025-11-16,Football_TotalValue_v1,47.5,-3.0,,UNDER,0.0,-1.0,1.0
e9da808e36e1b7475698a57465ad4519,2026-11-29,Football_KeyNumberGuard_v1,47.0,-2.75,,,0.0,0.0,0
e9da808e36e1b7475698a57465ad4519,2026-11-29,Football_LineMovement_v1,47.0,-2.75,,,0.0,0.0,0
e9da808e36e1b7475698a57465ad4519,2026-11-29,Football_MarketBlend_v1,47.0,-2.75,,,0.0,0.0,0
e9da808e36e1b7475698a57465ad4519,2026-11-29,Football_MarketConsensus_v1,47.0,-2.75,,,0.0,0.0,0
e9da808e36e1b7475698a57465ad4519,2026-11-29,Football_SpreadValue_v1,47.0,-2.75,,,0.0,0.0,0
e9da808e36e1b7475698a57465ad4519,2026-11-29,Football_TotalValue_v1,47.0,-2.75,,,0.0,0.0,0
e9de9c4390a28a90f437760050b23531,2025-10-05,Football_KeyNumberGuard_v1,49.5,10.0,,,0.0,0.0,0
e9de9c4390a28a90f437760050b23531,2025-10-05,Football_LineMovement_v1,49.5,10.0,,,0.0,0.0,0
e9de9c4390a28a90f437760050b23531,2025-10-05,Football_MarketBlend_v1,49.0,9.75,,UNDER,0.25,-0.5,0.75
e9de9c4390a28a90f437760050b23531,2025-10-05,Football_MarketConsensus_v1,49.5,10.0,,,0.0,0.0,0
e9de9c4390a28a90f437760050b23531,2025-10-05,Football_SpreadValue_v1,49.5,9.25,HOME,,0.75,0.0,0.75
e9de9c4390a28a90f437760050b23531,2025-10-05,Football_TotalValue_v1,48.5,10.0,,UNDER,0.0,-1.0,1.0
ea5fe5f603483c8d46f83081cf780397,2025-12-30,Football_KeyNumberGuard_v1,49.5,7.5,,,0.0,0.0,0
ea5fe5f603483c8d46f83081cf780397,2025-12-30,Football_LineMovement_v1,49.5,7.5,,,0.0,0.0,0
ea5fe5f603483c8d46f83081cf780397,2025-12-30,Football_MarketBlend_v1,49.0,7.25,,UNDER,0.25,-0.5,0.75
ea5fe5f603483c8d46f83081cf780397,2025-12-30,Football_MarketConsensus_v1,49.5,7.5,,,0.0,0.0,0
ea5fe5f603483c8d46f83081cf780397,2025-12-30,Football_SpreadValue_v1,49.5,6.75,HOME,,0.75,0.0,0.75
ea5fe5f603483c8d46f83081cf780397,2025-12-30,Football_TotalValue_v1,48.5,7.5,,UNDER,0.0,-1.0,1.0
ea794ebbcb7cbcaf7753c65d0f1a15c8,2026-01-17,Football_KeyNumberGuard_v1,46.0,-1.0,,,0.0,0.0,0
ea794ebbcb7cbcaf7753c65d0f1a15c8,2026-01-17,Football_LineMovement_v1,46.0,-1.0,,,0.0,0.0,0
ea794ebbcb7cbcaf7753c65d0f1a15c8,2026-01-17,Football_MarketBlend_v1,45.5,-0.75,AWAY,UNDER,-0.25,-0.5,0.75
ea794ebbcb7cbcaf7753c65d0f1a15c8,2026-01-17,Football_MarketConsensus_v1,46.0,-1.0,,,0.0,0.0,0
ea794ebbcb7cbcaf7753c65d0f1a15c8,2026-01-17,Football_SpreadValue_v1,46.0,-0.25,AWAY,,-0.75,0.0,0.75
ea794ebbcb7cbcaf7753c65d0f1a15c8,2026-01-17,Football_TotalValue_v1,45.0,-1.0,,UNDER,0.0,-1.0,1.0
eaa993c3d62d6b5aeb6142cdd7862fd5,2026-11-29,Football_KeyNumberGuard_v1,38.5,-2.0,,,0.0,0.0,0
eaa993c3d62d6b5aeb6142cdd7862fd5,2026-11-29,Football_LineMovement_v1,38.5,-2.0,,,0.0,0.0,0
eaa993c3d62d6b5aeb6142cdd7862fd5,2026-11-29,Football_MarketBlend_v1,38.5,-2.0,,,0.0,0.0,0
eaa993c3d62d6b5aeb6142cdd7862fd5,2026-11-29,Football_MarketConsensus_v1,38.5,-2.0,,,0.0,0.0,0
eaa993c3d62d6b5aeb6142cdd7862fd5,2026-11-29,Football_SpreadValue_v1,38.5,-2.0,,,0.0,0.0,0
eaa993c3d62d6b5aeb6142cdd7862fd5,2026-11-29,Football_TotalValue_v1,38.5,-2.0,,,0.0,0.0,0
ec75e45d75691f810f347e0c5ff25d6e,2025-09-14,Football_KeyNumberGuard_v1,49.0,-3.5,,,0.0,0.0,0
ec75e45d75691f810f347e0c5ff25d6e,2025-09-14,Football_LineMovement_v1,49.0,-3.5,,,0.0,0.0,0
ec75e45d75691f810f347e0c5ff25d6e,2025-09-14,Football_MarketBlend_v1,48.5,-3.25,,UNDER,-0.25,-0.5,0.75
ec75e45d75691f810f347e0c5ff25d6e,2025-09-14,Football_MarketConsensus_v1,49.0,-3.5,,,0.0,0.0,0
ec75e45d75691f810f347e0c5ff25d6e,2025-09-14,Football_SpreadValue_v1,49.0,-2.75,AWAY,,-0.75,0.0,0.75
ec75e45d75691f810f347e0c5ff25d6e,2025-09-14,Football_TotalValue_v1,48.0,-3.5,,UNDER,0.0,-1.0,1.0
ed6d24ff979f9c71979fead577b0b3f7,2026-09-13,Football_KeyNumberGuard_v1,50.5,-3.5,,,0.0,0.0,0
ed6d24ff979f9c71979fead577b0b3f7,2026-09-13,Football_LineMovement_v1,50.5,-3.5,,,0.0,0.0,0
ed6d24ff979f9c71979fead577b0b3f7,2026-09-13,Football_MarketBlend_v1,50.0,-3.25,,UNDER,-0.25,-0.5,0.75
ed6d24ff979f9c71979fead577b0b3f7,2026-09-13,Football_MarketConsensus_v1,50.5,-3.5,,,0.0,0.0,0
ed6d24ff979f9c71979fead577b0b3f7,2026-09-13,Football_SpreadValue_v1,50.5,-2.75,AWAY,,-0.75,0.0,0.75
ed6d24ff979f9c71979fead577b0b3f7,2026-09-13,Football_TotalValue_v1,49.5,-3.5,,UNDER,0.0,-1.0,1.0
ee840f13db8bd150fcdd8f6670fa7041,2025-09-22,Football_KeyNumberGuard_v1,44.5,6.0,,,0.0,0.0,0
ee840f13db8bd150fcdd8f6670fa7041,2025-09-22,Football_LineMovement_v1,44.5,6.0,,,0.0,0.0,0
ee840f13db8bd150fcdd8f6670fa7041,2025-09-22,Football_MarketBlend_v1,45.0,5.75,HOME,OVER,0.25,0.5,0.75
ee840f13db8bd150fcdd8f6670fa7041,2025-09-22,Football_MarketConsensus_v1,44.5,6.0,,,0.0,0.0,0
ee840f13db8bd150fcdd8f6670fa7041,2025-09-22,Football_SpreadValue_v1,44.5,5.25,HOME,,0.75,0.0,0.75
ee840f13db8bd150fcdd8f6670fa7041,2025-09-22,Football_TotalValue_v1,45.5,6.0,,OVER,0.0,1.0,1.0
eefb7f130c8fc2c129e296fe5c6ba3e3,2025-09-21,Football_KeyNumberGuard_v1,42.5,-3.0,,,0.0,0.0,0
eefb7f130c8fc2c129e296fe5c6ba3e3,2025-09-21,Football_LineMovement_v1,42.5,-3.0,,,0.0,0.0,0
eefb7f130c8fc2c129e296fe5c6ba3e3,2025-09-21,Football_MarketBlend_v1,43.0,-2.75,,OVER,-0.25,0.5,0.75
eefb7f130c8fc2c129e296fe5c6ba3e3,2025-09-21,Football_MarketConsensus_v1,42.5,-3.0,,,0.0,0.0,0
eefb7f130c8fc2c129e296fe5c6ba3e3,2025-09-21,Football_SpreadValue_v1,42.5,-2.25,AWAY,,-0.75,0.0,0.75
eefb7f130c8fc2c129e296fe5c6ba3e3,2025-09-21,Football_TotalValue_v1,43.5,-3.0,,OVER,0.0,1.0,1.0
f01589b0e7e6dd4f4ac1220a1db81f53,2026-10-04,Football_KeyNumberGuard_v1,47.5,-8.5,,,0.0,0.0,0
f01589b0e7e6dd4f4ac1220a1db81f53,2026-10-04,Football_LineMovement_v1,47.5,-8.5,,,0.0,0.0,0
f01589b0e7e6dd4f4ac1220a1db81f53,2026-10-04,Football_MarketBlend_v1,47.0,-8.25,AWAY,UNDER,-0.25,-0.5,0.75
f01589b0e7e6dd4f4ac1220a1db81f53,2026-10-04,Football_MarketConsensus_v1,47.5,-8.5,,,0.0,0.0,0
f01589b0e7e6dd4f4ac1220a1db81f53,2026-10-04,Football_SpreadValue_v1,47.5,-7.75,AWAY,,-0.75,0.0,0.75
f01589b0e7e6dd4f4ac1220a1db81f53,2026-10-04,Football_TotalValue_v1,46.5,-8.5,,UNDER,0.0,-1.0,1.0
f0336c9a3749716250afba387d157377,2025-10-19,Football_KeyNumberGuard_v1,34.5,-2.5,,,0.0,0.0,0
f0336c9a3749716250afba387d157377,2025-10-19,Football_LineMovement_v1,34.5,-2.5,,,0.0,0.0,0
f0336c9a3749716250afba387d157377,2025-10-19,Football_MarketBlend_v1,35.0,-2.25,,OVER,-0.25,0.5,0.75
f0336c9a3749716250afba387d157377,2025-10-19,Football_MarketConsensus_v1,34.5,-2.5,,,0.0,0.0,0
f0336c9a3749716250afba387d157377,2025-10-19,Football_SpreadValue_v1,34.5,-1.75,AWAY,,-0.75,0.0,0.75
f0336c9a3749716250afba387d157377,2025-10-19,Football_TotalValue_v1,35.5,-2.5,,OVER,0.0,1.0,1.0
f0bdd27bbed46dfc3d0657500c95a96c,2025-12-07,Football_KeyNumberGuard_v1,44.5,6.5,,,0.0,0.0,0
f0bdd27bbed46dfc3d0657500c95a96c,2025-12-07,Football_LineMovement_v1,44.5,6.5,,,0.0,0.0,0
f0bdd27bbed46dfc3d0657500c95a96c,2025-12-07,Football_MarketBlend_v1,45.0,6.25,,OVER,0.25,0.5,0.75
f0bdd27bbed46dfc3d0657500c95a96c,2025-12-07,Football_MarketConsensus_v1,44.5,6.5,,,0.0,0.0,0
f0bdd27bbed46dfc3d0657500c95a96c,2025-12-07,Football_SpreadValue_v1,44.5,5.75,HOME,,0.75,0.0,0.75
f0bdd27bbed46dfc3d0657500c95a96c,2025-12-07,Football_TotalValue_v1,45.5,6.5,,OVER,0.0,1.0,1.0
f122527f003276d3bca19efa48c902c1,2026-10-20,Football_KeyNumberGuard_v1,50.5,-5.5,,,0.0,0.0,0
f122527f003276d3bca19efa48c902c1,2026-10-20,Football_LineMovement_v1,50.5,-5.5,,,0.0,0.0,0
f122527f003276d3bca19efa48c902c1,2026-10-20,Football_MarketBlend_v1,50.0,-5.25,AWAY,UNDER,-0.25,-0.5,0.75
f122527f003276d3bca19efa48c902c1,2026-10-20,Football_MarketConsensus_v1,50.5,-5.5,,,0.0,0.0,0
f122527f003276d3bca19efa48c902c1,2026-10-20,Football_SpreadValue_v1,50.5,-4.75,AWAY,,-0.75,0.0,0.75
f122527f003276d3bca19efa48c902c1,2026-10-20,Football_TotalValue_v1,49.5,-5.5,,UNDER,0.0,-1.0,1.0
f1480276ab67dcf60686556ba9336695,2027-01-10,Football_KeyNumberGuard_v1,44.5,8.5,,,0.0,0.0,0
f1480276ab67dcf60686556ba9336695,2027-01-10,Football_LineMovement_v1,44.5,8.5,,,0.0,0.0,0
f1480276ab67dcf60686556ba9336695,2027-01-10,Football_MarketBlend_v1,44.5,8.5,,,0.0,0.0,0
f1480276ab67dcf60686556ba9336695,2027-01-10,Football_MarketConsensus_v1,44.5,8.5,,,0.0,0.0,0
f1480276ab67dcf60686556ba9336695,2027-01-10,Football_SpreadValue_v1,44.5,8.5,,,0.0,0.0,0
f1480276ab67dcf60686556ba9336695,2027-01-10,Football_TotalValue_v1,44.5,8.5,,,0.0,0.0,0
f1724dead3eab61546033032fc782375,2026-09-27,Football_KeyNumberGuard_v1,44.5,-1.5,,,0.0,0.0,0
f1724dead3eab61546033032fc782375,2026-09-27,Football_LineMovement_v1,44.5,-1.5,,,0.0,0.0,0
f1724dead3eab61546033032fc782375,2026-09-27,Football_MarketBlend_v1,45.0,-1.25,AWAY,OVER,-0.25,0.5,0.75
f1724dead3eab61546033032fc782375,2026-09-27,Football_MarketConsensus_v1,44.5,-1.5,,,0.0,0.0,0
f1724dead3eab61546033032fc782375,2026-09-27,Football_SpreadValue_v1,44.5,-0.75,AWAY,,-0.75,0.0,0.75
f1724dead3eab61546033032fc782375,2026-09-27,Football_TotalValue_v1,45.5,-1.5,,OVER,0.0,1.0,1.0
f1af9705dbd2bbe4f1555f080ad06ba2,2026-12-26,Football_KeyNumberGuard_v1,46.5,0.0,,,0.0,0.0,0
f1af9705dbd2bbe4f1555f080ad06ba2,2026-12-26,Football_LineMovement_v1,46.5,0.0,,,0.0,0.0,0
f1af9705dbd2bbe4f1555f080ad06ba2,2026-12-26,Football_MarketBlend_v1,46.0,0.25,AWAY,UNDER,-0.25,-0.5,0.75
f1af9705dbd2bbe4f1555f080ad06ba2,2026-12-26,Football_MarketConsensus_v1,46.5,0.0,,,0.0,0.0,0
f1af9705dbd2bbe4f1555f080ad06ba2,2026-12-26,Football_SpreadValue_v1,46.5,0.75,AWAY,,-0.75,0.0,0.75
f1af9705dbd2bbe4f1555f080ad06ba2,2026-12-26,Football_TotalValue_v1,45.5,0.0,,UNDER,0.0,-1.0,1.0
f1bc532dff946d15cb85654b5c4b246e,2025-09-05,Football_KeyNumberGuard_v1,47.5,-8.5,,,0.0,0.0,0
f1bc532dff946d15cb85654b5c4b246e,2025-09-05,Football_LineMovement_v1,47.5,-8.5,,,0.0,0.0,0
f1bc532dff946d15cb85654b5c4b246e,2025-09-05,Football_MarketBlend_v1,47.0,-8.25,AWAY,UNDER,-0.25,-0.5,0.75
f1bc532dff946d15cb85654b5c4b246e,2025-09-05,Football_MarketConsensus_v1,47.5,-8.5,,,0.0,0.0,0
f1bc532dff946d15cb85654b5c4b246e,2025-09-05,Football_SpreadValue_v1,47.5,-7.75,AWAY,,-0.75,0.0,0.75
f1bc532dff946d15cb85654b5c4b246e,2025-09-05,Football_TotalValue_v1,46.5,-8.5,,UNDER,0.0,-1.0,1.0
f1d11f109fd93364e11f97623bddf652,2026-01-25,Football_KeyNumberGuard_v1,43.0,4.0,,,0.0,0.0,0
f1d11f109fd93364e11f97623bddf652,2026-01-25,Football_LineMovement_v1,43.0,4.0,,,0.0,0.0,0
f1d11f109fd93364e11f97623bddf652,2026-01-25,Football_MarketBlend_v1,43.5,3.75,HOME,OVER,0.25,0.5,0.75
f1d11f109fd93364e11f97623bddf652,2026-01-25,Football_MarketConsensus_v1,43.0,4.0,,,0.0,0.0,0
f1d11f109fd93364e11f97623bddf652,2026-01-25,Football_SpreadValue_v1,43.0,3.25,HOME,,0.75,0.0,0.75
f1d11f109fd93364e11f97623bddf652,2026-01-25,Football_TotalValue_v1,44.0,4.0,,OVER,0.0,1.0,1.0
f2a036d5edf483a277880014861e78ad,2026-11-01,Football_KeyNumberGuard_v1,43.5,-1.5,,,0.0,0.0,0
f2a036d5edf483a277880014861e78ad,2026-11-01,Football_LineMovement_v1,43.5,-1.5,,,0.0,0.0,0
f2a036d5edf483a277880014861e78ad,2026-11-01,Football_MarketBlend_v1,44.0,-1.25,AWAY,OVER,-0.25,0.5,0.75
f2a036d5edf483a277880014861e78ad,2026-11-01,Football_MarketConsensus_v1,43.5,-1.5,,,0.0,0.0,0
f2a036d5edf483a277880014861e78ad,2026-11-01,Football_SpreadValue_v1,43.5,-0.75,AWAY,,-0.75,0.0,0.75
f2a036d5edf483a277880014861e78ad,2026-11-01,Football_TotalValue_v1,44.5,-1.5,,OVER,0.0,1.0,1.0
f2c642e1f95555424b9a9a4f03733b42,2025-10-12,Football_KeyNumberGuard_v1,46.0,3.5,,,0.0,0.0,0
f2c642e1f95555424b9a9a4f03733b42,2025-10-12,Football_LineMovement_v1,46.0,3.5,,,0.0,0.0,0
f2c642e1f95555424b9a9a4f03733b42,2025-10-12,Football_MarketBlend_v1,45.5,3.25,,UNDER,0.25,-0.5,0.75
f2c642e1f95555424b9a9a4f03733b42,2025-10-12,Football_MarketConsensus_v1,46.0,3.5,,,0.0,0.0,0
f2c642e1f95555424b9a9a4f03733b42,2025-10-12,Football_SpreadValue_v1,46.0,2.75,HOME,,0.75,0.0,0.75
f2c642e1f95555424b9a9a4f03733b42,2025-10-12,Football_TotalValue_v1,45.0,3.5,,UNDER,0.0,-1.0,1.0
f2e03f9b857485bb13211ee0f5eb5935,2027-01-03,Football_KeyNumberGuard_v1,42.5,2.5,,,0.0,0.0,0
f2e03f9b857485bb13211ee0f5eb5935,2027-01-03,Football_LineMovement_v1,42.5,2.5,,,0.0,0.0,0
f2e03f9b857485bb13211ee0f5eb5935,2027-01-03,Football_MarketBlend_v1,42.5,2.5,,,0.0,0.0,0
f2e03f9b857485bb13211ee0f5eb5935,2027-01-03,Football_MarketConsensus_v1,42.5,2.5,,,0.0,0.0,0
f2e03f9b857485bb13211ee0f5eb5935,2027-01-03,Football_SpreadValue_v1,42.5,2.5,,,0.0,0.0,0
f2e03f9b857485bb13211ee0f5eb5935,2027-01-03,Football_TotalValue_v1,42.5,2.5,,,0.0,0.0,0
f36f518585aec40e8cb40e071c0844aa,2026-11-27,Football_KeyNumberGuard_v1,50.5,-2.5,,,0.0,0.0,0
f36f518585aec40e8cb40e071c0844aa,2026-11-27,Football_LineMovement_v1,50.5,-2.5,,,0.0,0.0,0
f36f518585aec40e8cb40e071c0844aa,2026-11-27,Football_MarketBlend_v1,50.0,-2.25,,UNDER,-0.25,-0.5,0.75
f36f518585aec40e8cb40e071c0844aa,2026-11-27,Football_MarketConsensus_v1,50.5,-2.5,,,0.0,0.0,0
f36f518585aec40e8cb40e071c0844aa,2026-11-27,Football_SpreadValue_v1,50.5,-1.75,AWAY,,-0.75,0.0,0.75
f36f518585aec40e8cb40e071c0844aa,2026-11-27,Football_TotalValue_v1,49.5,-2.5,,UNDER,0.0,-1.0,1.0
f370f9410ef82b37bd15d1719434370b,2027-01-10,Football_KeyNumberGuard_v1,42.5,-10.5,,,0.0,0.0,0
f370f9410ef82b37bd15d1719434370b,2027-01-10,Football_LineMovement_v1,42.5,-10.5,,,0.0,0.0,0
f370f9410ef82b37bd15d1719434370b,2027-01-10,Football_MarketBlend_v1,42.5,-10.5,,,0.0,0.0,0
f370f9410ef82b37bd15d1719434370b,2027-01-10,Football_MarketConsensus_v1,42.5,-10.5,,,0.0,0.0,0
f370f9410ef82b37bd15d1719434370b,2027-01-10,Football_SpreadValue_v1,42.5,-10.5,,,0.0,0.0,0
f370f9410ef82b37bd15d1719434370b,2027-01-10,Football_TotalValue_v1,42.5,-10.5,,,0.0,0.0,0
f3992ad4496724baf7dcd1ef58245d6b,2026-10-25,Football_KeyNumberGuard_v1,46.5,-2.5,,,0.0,0.0,0
f3992ad4496724baf7dcd1ef58245d6b,2026-10-25,Football_LineMovement_v1,46.5,-2.5,,,0.0,0.0,0
f3992ad4496724baf7dcd1ef58245d6b,2026-10-25,Football_MarketBlend_v1,46.0,-2.25,,UNDER,-0.25,-0.5,0.75
f3992ad4496724baf7dcd1ef58245d6b,2026-10-25,Football_MarketConsensus_v1,46.5,-2.5,,,0.0,0.0,0
f3992ad4496724baf7dcd1ef58245d6b,2026-10-25,Football_SpreadValue_v1,46.5,-1.75,AWAY,,-0.75,0.0,0.75
f3992ad4496724baf7dcd1ef58245d6b,2026-10-25,Football_TotalValue_v1,45.5,-2.5,,UNDER,0.0,-1.0,1.0
f3dfb574e0a542375a480534525ee6cf,2025-11-04,Football_KeyNumberGuard_v1,53.5,-3.0,,,0.0,0.0,0
f3dfb574e0a542375a480534525ee6cf,2025-11-04,Football_LineMovement_v1,53.5,-3.0,,,0.0,0.0,0
f3dfb574e0a542375a480534525ee6cf,2025-11-04,Football_MarketBlend_v1,53.0,-2.75,,UNDER,-0.25,-0.5,0.75
f3dfb574e0a542375a480534525ee6cf,2025-11-04,Football_MarketConsensus_v1,53.5,-3.0,,,0.0,0.0,0
f3dfb574e0a542375a480534525ee6cf,2025-11-04,Football_SpreadValue_v1,53.5,-2.25,AWAY,,-0.75,0.0,0.75
f3dfb574e0a542375a480534525ee6cf,2025-11-04,Football_TotalValue_v1,52.5,-3.0,,UNDER,0.0,-1.0,1.0
f3fd2782d4d03bd12a177fbbad17005b,2025-12-14,Football_KeyNumberGuard_v1,41.5,2.5,,,0.0,0.0,0
f3fd2782d4d03bd12a177fbbad17005b,2025-12-14,Football_LineMovement_v1,41.5,2.5,,,0.0,0.0,0
f3fd2782d4d03bd12a177fbbad17005b,2025-12-14,Football_MarketBlend_v1,42.0,2.25,,OVER,0.25,0.5,0.75
f3fd2782d4d03bd12a177fbbad17005b,2025-12-14,Football_MarketConsensus_v1,41.5,2.5,,,0.0,0.0,0
f3fd2782d4d03bd12a177fbbad17005b,2025-12-14,Football_SpreadValue_v1,41.5,1.75,HOME,,0.75,0.0,0.75
f3fd2782d4d03bd12a177fbbad17005b,2025-12-14,Football_TotalValue_v1,42.5,2.5,,OVER,0.0,1.0,1.0
f4897f48a5351881280f7598bd826408,2026-12-06,Football_KeyNumberGuard_v1,43.5,8.5,,,0.0,0.0,0
f4897f48a5351881280f7598bd826408,2026-12-06,Football_LineMovement_v1,43.5,8.5,,,0.0,0.0,0
f4897f48a5351881280f7598bd826408,2026-12-06,Football_MarketBlend_v1,44.0,8.25,HOME,OVER,0.25,0.5,0.75
f4897f48a5351881280f7598bd826408,2026-12-06,Football_MarketConsensus_v1,43.5,8.5,,,0.0,0.0,0
f4897f48a5351881280f7598bd826408,2026-12-06,Football_SpreadValue_v1,43.5,7.75,HOME,,0.75,0.0,0.75
f4897f48a5351881280f7598bd826408,2026-12-06,Football_TotalValue_v1,44.5,8.5,,OVER,0.0,1.0,1.0
f5701bd3d1340565779bc9ccf6d0b73b,2026-01-11,Football_KeyNumberGuard_v1,51.25,-1.5,,,0.0,0.0,0
f5701bd3d1340565779bc9ccf6d0b73b,2026-01-11,Football_LineMovement_v1,51.25,-1.5,,,0.0,0.0,0
f5701bd3d1340565779bc9ccf6d0b73b,2026-01-11,Football_MarketBlend_v1,50.75,-1.25,AWAY,UNDER,-0.25,-0.5,0.75
f5701bd3d1340565779bc9ccf6d0b73b,2026-01-11,Football_MarketConsensus_v1,51.25,-1.5,,,0.0,0.0,0
f5701bd3d1340565779bc9ccf6d0b73b,2026-01-11,Football_SpreadValue_v1,51.25,-0.75,AWAY,,-0.75,0.0,0.75
f5701bd3d1340565779bc9ccf6d0b73b,2026-01-11,Football_TotalValue_v1,50.25,-1.5,,UNDER,0.0,-1.0,1.0
f5ab9d8455daf9e2a6c4c443fe0cd19f,2026-12-13,Football_KeyNumberGuard_v1,45.5,-7.5,,,0.0,0.0,0
f5ab9d8455daf9e2a6c4c443fe0cd19f,2026-12-13,Football_LineMovement_v1,45.5,-7.5,,,0.0,0.0,0
f5ab9d8455daf9e2a6c4c443fe0cd19f,2026-12-13,Football_MarketBlend_v1,45.5,-7.5,,,0.0,0.0,0
f5ab9d8455daf9e2a6c4c443fe0cd19f,2026-12-13,Football_MarketConsensus_v1,45.5,-7.5,,,0.0,0.0,0
f5ab9d8455daf9e2a6c4c443fe0cd19f,2026-12-13,Football_SpreadValue_v1,45.5,-7.5,,,0.0,0.0,0
f5ab9d8455daf9e2a6c4c443fe0cd19f,2026-12-13,Football_TotalValue_v1,45.5,-7.5,,,0.0,0.0,0
f609b38fe2bf0687644ad8603e28220b,2026-01-05,Football_KeyNumberGuard_v1,41.5,3.5,,,0.0,0.0,0
f609b38fe2bf0687644ad8603e28220b,2026-01-05,Football_LineMovement_v1,41.5,3.5,,,0.0,0.0,0
f609b38fe2bf0687644ad8603e28220b,2026-01-05,Football_MarketBlend_v1,42.0,3.25,,OVER,0.25,0.5,0.75
f609b38fe2bf0687644ad8603e28220b,2026-01-05,Football_MarketConsensus_v1,41.5,3.5,,,0.0,0.0,0
f609b38fe2bf0687644ad8603e28220b,2026-01-05,Football_SpreadValue_v1,41.5,2.75,HOME,,0.75,0.0,0.75
f609b38fe2bf0687644ad8603e28220b,2026-01-05,Football_TotalValue_v1,42.5,3.5,,OVER,0.0,1.0,1.0
f62dba1e231083f489c391271a1f171c,2027-01-03,Football_KeyNumberGuard_v1,42.5,-2.75,,,0.0,0.0,0
f62dba1e231083f489c391271a1f171c,2027-01-03,Football_LineMovement_v1,42.5,-2.75,,,0.0,0.0,0
f62dba1e231083f489c391271a1f171c,2027-01-03,Football_MarketBlend_v1,42.5,-2.75,,,0.0,0.0,0
f62dba1e231083f489c391271a1f171c,2027-01-03,Football_MarketConsensus_v1,42.5,-2.75,,,0.0,0.0,0
f62dba1e231083f489c391271a1f171c,2027-01-03,Football_SpreadValue_v1,42.5,-2.75,,,0.0,0.0,0
f62dba1e231083f489c391271a1f171c,2027-01-03,Football_TotalValue_v1,42.5,-2.75,,,0.0,0.0,0
f7343baf47dcf23e672799d00788173d,2025-12-14,Football_KeyNumberGuard_v1,41.5,-14.0,,,0.0,0.0,0
f7343baf47dcf23e672799d00788173d,2025-12-14,Football_LineMovement_v1,41.5,-14.0,,,0.0,0.0,0
f7343baf47dcf23e672799d00788173d,2025-12-14,Football_MarketBlend_v1,42.0,-13.75,AWAY,OVER,-0.25,0.5,0.75
f7343baf47dcf23e672799d00788173d,2025-12-14,Football_MarketConsensus_v1,41.5,-14.0,,,0.0,0.0,0
f7343baf47dcf23e672799d00788173d,2025-12-14,Football_SpreadValue_v1,41.5,-13.25,AWAY,,-0.75,0.0,0.75
f7343baf47dcf23e672799d00788173d,2025-12-14,Football_TotalValue_v1,42.5,-14.0,,OVER,0.0,1.0,1.0
f7679cf18454e4d88a8f2b990c3f08ac,2026-10-25,Football_KeyNumberGuard_v1,46.5,8.0,,,0.0,0.0,0
f7679cf18454e4d88a8f2b990c3f08ac,2026-10-25,Football_LineMovement_v1,46.5,8.0,,,0.0,0.0,0
f7679cf18454e4d88a8f2b990c3f08ac,2026-10-25,Football_MarketBlend_v1,46.5,8.0,,,0.0,0.0,0
f7679cf18454e4d88a8f2b990c3f08ac,2026-10-25,Football_MarketConsensus_v1,46.5,8.0,,,0.0,0.0,0
f7679cf18454e4d88a8f2b990c3f08ac,2026-10-25,Football_SpreadValue_v1,46.5,8.0,,,0.0,0.0,0
f7679cf18454e4d88a8f2b990c3f08ac,2026-10-25,Football_TotalValue_v1,46.5,8.0,,,0.0,0.0,0
f7d3ae7a8fe2438cef7d7d7bc67e31db,2026-11-29,Football_KeyNumberGuard_v1,48.5,-6.5,,,0.0,0.0,0
f7d3ae7a8fe2438cef7d7d7bc67e31db,2026-11-29,Football_LineMovement_v1,48.5,-6.5,,,0.0,0.0,0
f7d3ae7a8fe2438cef7d7d7bc67e31db,2026-11-29,Football_MarketBlend_v1,48.0,-6.25,,UNDER,-0.25,-0.5,0.75
f7d3ae7a8fe2438cef7d7d7bc67e31db,2026-11-29,Football_MarketConsensus_v1,48.5,-6.5,,,0.0,0.0,0
f7d3ae7a8fe2438cef7d7d7bc67e31db,2026-11-29,Football_SpreadValue_v1,48.5,-5.75,AWAY,,-0.75,0.0,0.75
f7d3ae7a8fe2438cef7d7d7bc67e31db,2026-11-29,Football_TotalValue_v1,47.5,-6.5,,UNDER,0.0,-1.0,1.0
f7fa9341eeffb08f7e6e769398cd32e2,2025-10-19,Football_KeyNumberGuard_v1,41.5,6.5,,,0.0,0.0,0
f7fa9341eeffb08f7e6e769398cd32e2,2025-10-19,Football_LineMovement_v1,41.5,6.5,,,0.0,0.0,0
f7fa9341eeffb08f7e6e769398cd32e2,2025-10-19,Football_MarketBlend_v1,42.0,6.25,,OVER,0.25,0.5,0.75
f7fa9341eeffb08f7e6e769398cd32e2,2025-10-19,Football_MarketConsensus_v1,41.5,6.5,,,0.0,0.0,0
f7fa9341eeffb08f7e6e769398cd32e2,2025-10-19,Football_SpreadValue_v1,41.5,5.75,HOME,,0.75,0.0,0.75
f7fa9341eeffb08f7e6e769398cd32e2,2025-10-19,Football_TotalValue_v1,42.5,6.5,,OVER,0.0,1.0,1.0
f7fba6b1804e02292ee0ce4738484258,2026-12-13,Football_KeyNumberGuard_v1,40.0,0.0,,,0.0,0.0,0
f7fba6b1804e02292ee0ce4738484258,2026-12-13,Football_LineMovement_v1,40.0,0.0,,,0.0,0.0,0
f7fba6b1804e02292ee0ce4738484258,2026-12-13,Football_MarketBlend_v1,40.0,0.0,,,0.0,0.0,0
f7fba6b1804e02292ee0ce4738484258,2026-12-13,Football_MarketConsensus_v1,40.0,0.0,,,0.0,0.0,0
f7fba6b1804e02292ee0ce4738484258,2026-12-13,Football_SpreadValue_v1,40.0,0.0,,,0.0,0.0,0
f7fba6b1804e02292ee0ce4738484258,2026-12-13,Football_TotalValue_v1,40.0,0.0,,,0.0,0.0,0
f8a92363386bd337975650879086cca6,2026-12-06,Football_KeyNumberGuard_v1,46.5,1.5,,,0.0,0.0,0
f8a92363386bd337975650879086cca6,2026-12-06,Football_LineMovement_v1,46.5,1.5,,,0.0,0.0,0
f8a92363386bd337975650879086cca6,2026-12-06,Football_MarketBlend_v1,46.0,1.25,HOME,UNDER,0.25,-0.5,0.75
f8a92363386bd337975650879086cca6,2026-12-06,Football_MarketConsensus_v1,46.5,1.5,,,0.0,0.0,0
f8a92363386bd337975650879086cca6,2026-12-06,Football_SpreadValue_v1,46.5,0.75,HOME,,0.75,0.0,0.75
f8a92363386bd337975650879086cca6,2026-12-06,Football_TotalValue_v1,45.5,1.5,,UNDER,0.0,-1.0,1.0
f8e7f43f73aa983c5c99c189587f0118,2026-10-11,Football_KeyNumberGuard_v1,48.5,8.25,,,0.0,0.0,0
f8e7f43f73aa983c5c99c189587f0118,2026-10-11,Football_LineMovement_v1,48.5,8.25,,,0.0,0.0,0
f8e7f43f73aa983c5c99c189587f0118,2026-10-11,Football_MarketBlend_v1,48.5,8.25,,,0.0,0.0,0
f8e7f43f73aa983c5c99c189587f0118,2026-10-11,Football_MarketConsensus_v1,48.5,8.25,,,0.0,0.0,0
f8e7f43f73aa983c5c99c189587f0118,2026-10-11,Football_SpreadValue_v1,48.5,8.25,,,0.0,0.0,0
f8e7f43f73aa983c5c99c189587f0118,2026-10-11,Football_TotalValue_v1,48.5,8.25,,,0.0,0.0,0
f8fe40924827231233dc10f6999d8ff7,2025-09-28,Football_KeyNumberGuard_v1,43.0,-5.5,,,0.0,0.0,0
f8fe40924827231233dc10f6999d8ff7,2025-09-28,Football_LineMovement_v1,43.0,-5.5,,,0.0,0.0,0
f8fe40924827231233dc10f6999d8ff7,2025-09-28,Football_MarketBlend_v1,43.5,-5.25,AWAY,OVER,-0.25,0.5,0.75
f8fe40924827231233dc10f6999d8ff7,2025-09-28,Football_MarketConsensus_v1,43.0,-5.5,,,0.0,0.0,0
f8fe40924827231233dc10f6999d8ff7,2025-09-28,Football_SpreadValue_v1,43.0,-4.75,AWAY,,-0.75,0.0,0.75
f8fe40924827231233dc10f6999d8ff7,2025-09-28,Football_TotalValue_v1,44.0,-5.5,,OVER,0.0,1.0,1.0
f95be6b9bd8ce1208f766cbaae8a4822,2025-12-07,Football_KeyNumberGuard_v1,33.5,-3.5,,,0.0,0.0,0
f95be6b9bd8ce1208f766cbaae8a4822,2025-12-07,Football_LineMovement_v1,33.5,-3.5,,,0.0,0.0,0
f95be6b9bd8ce1208f766cbaae8a4822,2025-12-07,Football_MarketBlend_v1,34.0,-3.25,,OVER,-0.25,0.5,0.75
f95be6b9bd8ce1208f766cbaae8a4822,2025-12-07,Football_MarketConsensus_v1,33.5,-3.5,,,0.0,0.0,0
f95be6b9bd8ce1208f766cbaae8a4822,2025-12-07,Football_SpreadValue_v1,33.5,-2.75,AWAY,,-0.75,0.0,0.75
f95be6b9bd8ce1208f766cbaae8a4822,2025-12-07,Football_TotalValue_v1,34.5,-3.5,,OVER,0.0,1.0,1.0
f960b282ac197513c9d80bd28baa7e38,2025-12-28,Football_KeyNumberGuard_v1,48.5,5.0,,,0.0,0.0,0
f960b282ac197513c9d80bd28baa7e38,2025-12-28,Football_LineMovement_v1,48.5,5.0,,,0.0,0.0,0
f960b282ac197513c9d80bd28baa7e38,2025-12-28,Football_MarketBlend_v1,48.0,4.75,HOME,UNDER,0.25,-0.5,0.75
f960b282ac197513c9d80bd28baa7e38,2025-12-28,Football_MarketConsensus_v1,48.5,5.0,,,0.0,0.0,0
f960b282ac197513c9d80bd28baa7e38,2025-12-28,Football_SpreadValue_v1,48.5,4.25,HOME,,0.75,0.0,0.75
f960b282ac197513c9d80bd28baa7e38,2025-12-28,Football_TotalValue_v1,47.5,5.0,,UNDER,0.0,-1.0,1.0
fa46c661007f5f0cbbf6abf939ac9d51,2025-11-30,Football_KeyNumberGuard_v1,44.5,-3.0,,,0.0,0.0,0
fa46c661007f5f0cbbf6abf939ac9d51,2025-11-30,Football_LineMovement_v1,44.5,-3.0,,,0.0,0.0,0
fa46c661007f5f0cbbf6abf939ac9d51,2025-11-30,Football_MarketBlend_v1,45.0,-2.75,,OVER,-0.25,0.5,0.75
fa46c661007f5f0cbbf6abf939ac9d51,2025-11-30,Football_MarketConsensus_v1,44.5,-3.0,,,0.0,0.0,0
fa46c661007f5f0cbbf6abf939ac9d51,2025-11-30,Football_SpreadValue_v1,44.5,-2.25,AWAY,,-0.75,0.0,0.75
fa46c661007f5f0cbbf6abf939ac9d51,2025-11-30,Football_TotalValue_v1,45.5,-3.0,,OVER,0.0,1.0,1.0
fafc649c455e32a0f2ba1bd06e2039bc,2026-09-20,Football_KeyNumberGuard_v1,42.5,5.5,,,0.0,0.0,0
fafc649c455e32a0f2ba1bd06e2039bc,2026-09-20,Football_LineMovement_v1,42.5,5.5,,,0.0,0.0,0
fafc649c455e32a0f2ba1bd06e2039bc,2026-09-20,Football_MarketBlend_v1,43.0,5.25,HOME,OVER,0.25,0.5,0.75
fafc649c455e32a0f2ba1bd06e2039bc,2026-09-20,Football_MarketConsensus_v1,42.5,5.5,,,0.0,0.0,0
fafc649c455e32a0f2ba1bd06e2039bc,2026-09-20,Football_SpreadValue_v1,42.5,4.75,HOME,,0.75,0.0,0.75
fafc649c455e32a0f2ba1bd06e2039bc,2026-09-20,Football_TotalValue_v1,43.5,5.5,,OVER,0.0,1.0,1.0
fb900eef07307ebf5c1930341ecd852a,2025-10-27,Football_KeyNumberGuard_v1,45.5,3.0,,,0.0,0.0,0
fb900eef07307ebf5c1930341ecd852a,2025-10-27,Football_LineMovement_v1,45.5,3.0,,,0.0,0.0,0
fb900eef07307ebf5c1930341ecd852a,2025-10-27,Football_MarketBlend_v1,45.0,2.75,,UNDER,0.25,-0.5,0.75
fb900eef07307ebf5c1930341ecd852a,2025-10-27,Football_MarketConsensus_v1,45.5,3.0,,,0.0,0.0,0
fb900eef07307ebf5c1930341ecd852a,2025-10-27,Football_SpreadValue_v1,45.5,2.25,HOME,,0.75,0.0,0.75
fb900eef07307ebf5c1930341ecd852a,2025-10-27,Football_TotalValue_v1,44.5,3.0,,UNDER,0.0,-1.0,1.0
fbffd0b7722fd81d68d5d62472dc80e8,2026-10-11,Football_KeyNumberGuard_v1,48.5,-2.5,,,0.0,0.0,0
fbffd0b7722fd81d68d5d62472dc80e8,2026-10-11,Football_LineMovement_v1,48.5,-2.5,,,0.0,0.0,0
fbffd0b7722fd81d68d5d62472dc80e8,2026-10-11,Football_MarketBlend_v1,48.0,-2.25,,UNDER,-0.25,-0.5,0.75
fbffd0b7722fd81d68d5d62472dc80e8,2026-10-11,Football_MarketConsensus_v1,48.5,-2.5,,,0.0,0.0,0
fbffd0b7722fd81d68d5d62472dc80e8,2026-10-11,Football_SpreadValue_v1,48.5,-1.75,AWAY,,-0.75,0.0,0.75
fbffd0b7722fd81d68d5d62472dc80e8,2026-10-11,Football_TotalValue_v1,47.5,-2.5,,UNDER,0.0,-1.0,1.0
fc362aff0d889ec52d358307a70c32ed,2026-09-13,Football_KeyNumberGuard_v1,47.0,3.0,,,0.0,0.0,0
fc362aff0d889ec52d358307a70c32ed,2026-09-13,Football_LineMovement_v1,47.0,3.0,,,0.0,0.0,0
fc362aff0d889ec52d358307a70c32ed,2026-09-13,Football_MarketBlend_v1,46.5,2.75,,UNDER,0.25,-0.5,0.75
fc362aff0d889ec52d358307a70c32ed,2026-09-13,Football_MarketConsensus_v1,47.0,3.0,,,0.0,0.0,0
fc362aff0d889ec52d358307a70c32ed,2026-09-13,Football_SpreadValue_v1,47.0,2.25,HOME,,0.75,0.0,0.75
fc362aff0d889ec52d358307a70c32ed,2026-09-13,Football_TotalValue_v1,46.0,3.0,,UNDER,0.0,-1.0,1.0
fc7cce3ae7c73cc7151357829e11b6d5,2026-12-27,Football_KeyNumberGuard_v1,46.5,-3.0,,,0.0,0.0,0
fc7cce3ae7c73cc7151357829e11b6d5,2026-12-27,Football_LineMovement_v1,46.5,-3.0,,,0.0,0.0,0
fc7cce3ae7c73cc7151357829e11b6d5,2026-12-27,Football_MarketBlend_v1,46.0,-2.75,,UNDER,-0.25,-0.5,0.75
fc7cce3ae7c73cc7151357829e11b6d5,2026-12-27,Football_MarketConsensus_v1,46.5,-3.0,,,0.0,0.0,0
fc7cce3ae7c73cc7151357829e11b6d5,2026-12-27,Football_SpreadValue_v1,46.5,-2.25,AWAY,,-0.75,0.0,0.75
fc7cce3ae7c73cc7151357829e11b6d5,2026-12-27,Football_TotalValue_v1,45.5,-3.0,,UNDER,0.0,-1.0,1.0
fd2f29289d6437a7c07d4780c5f04936,2025-11-16,Football_KeyNumberGuard_v1,37.5,5.5,,,0.0,0.0,0
fd2f29289d6437a7c07d4780c5f04936,2025-11-16,Football_LineMovement_v1,37.5,5.5,,,0.0,0.0,0
fd2f29289d6437a7c07d4780c5f04936,2025-11-16,Football_MarketBlend_v1,38.0,5.25,HOME,OVER,0.25,0.5,0.75
fd2f29289d6437a7c07d4780c5f04936,2025-11-16,Football_MarketConsensus_v1,37.5,5.5,,,0.0,0.0,0
fd2f29289d6437a7c07d4780c5f04936,2025-11-16,Football_SpreadValue_v1,37.5,4.75,HOME,,0.75,0.0,0.75
fd2f29289d6437a7c07d4780c5f04936,2025-11-16,Football_TotalValue_v1,38.5,5.5,,OVER,0.0,1.0,1.0
fe2eb07797580740af78037ab498198e,2025-11-27,Football_KeyNumberGuard_v1,48.0,-3.0,,,0.0,0.0,0
fe2eb07797580740af78037ab498198e,2025-11-27,Football_LineMovement_v1,48.0,-3.0,,,0.0,0.0,0
fe2eb07797580740af78037ab498198e,2025-11-27,Football_MarketBlend_v1,47.5,-2.75,,UNDER,-0.25,-0.5,0.75
fe2eb07797580740af78037ab498198e,2025-11-27,Football_MarketConsensus_v1,48.0,-3.0,,,0.0,0.0,0
fe2eb07797580740af78037ab498198e,2025-11-27,Football_SpreadValue_v1,48.0,-2.25,AWAY,,-0.75,0.0,0.75
fe2eb07797580740af78037ab498198e,2025-11-27,Football_TotalValue_v1,47.0,-3.0,,UNDER,0.0,-1.0,1.0
fe2eb511d4c2da3a8e88b85b4f4e9f7e,2026-12-27,Football_KeyNumberGuard_v1,44.5,7.0,,,0.0,0.0,0
fe2eb511d4c2da3a8e88b85b4f4e9f7e,2026-12-27,Football_LineMovement_v1,44.5,7.0,,,0.0,0.0,0
fe2eb511d4c2da3a8e88b85b4f4e9f7e,2026-12-27,Football_MarketBlend_v1,44.5,7.0,,,0.0,0.0,0
fe2eb511d4c2da3a8e88b85b4f4e9f7e,2026-12-27,Football_MarketConsensus_v1,44.5,7.0,,,0.0,0.0,0
fe2eb511d4c2da3a8e88b85b4f4e9f7e,2026-12-27,Football_SpreadValue_v1,44.5,7.0,,,0.0,0.0,0
fe2eb511d4c2da3a8e88b85b4f4e9f7e,2026-12-27,Football_TotalValue_v1,44.5,7.0,,,0.0,0.0,0
fe93e6ab1e553c0169936a0a983c324f,2026-11-08,Football_KeyNumberGuard_v1,44.5,-5.5,,,0.0,0.0,0
fe93e6ab1e553c0169936a0a983c324f,2026-11-08,Football_LineMovement_v1,44.5,-5.5,,,0.0,0.0,0
fe93e6ab1e553c0169936a0a983c324f,2026-11-08,Football_MarketBlend_v1,45.0,-5.25,AWAY,OVER,-0.25,0.5,0.75
fe93e6ab1e553c0169936a0a983c324f,2026-11-08,Football_MarketConsensus_v1,44.5,-5.5,,,0.0,0.0,0
fe93e6ab1e553c0169936a0a983c324f,2026-11-08,Football_SpreadValue_v1,44.5,-4.75,AWAY,,-0.75,0.0,0.75
fe93e6ab1e553c0169936a0a983c324f,2026-11-08,Football_TotalValue_v1,45.5,-5.5,,OVER,0.0,1.0,1.0
ff0c1ce30d562926ce40fc9bbaa2b7b1,2025-10-19,Football_KeyNumberGuard_v1,54.5,-1.5,,,0.0,0.0,0
ff0c1ce30d562926ce40fc9bbaa2b7b1,2025-10-19,Football_LineMovement_v1,54.5,-1.5,,,0.0,0.0,0
ff0c1ce30d562926ce40fc9bbaa2b7b1,2025-10-19,Football_MarketBlend_v1,54.0,-1.25,AWAY,UNDER,-0.25,-0.5,0.75
ff0c1ce30d562926ce40fc9bbaa2b7b1,2025-10-19,Football_MarketConsensus_v1,54.5,-1.5,,,0.0,0.0,0
ff0c1ce30d562926ce40fc9bbaa2b7b1,2025-10-19,Football_SpreadValue_v1,54.5,-0.75,AWAY,,-0.75,0.0,0.75
ff0c1ce30d562926ce40fc9bbaa2b7b1,2025-10-19,Football_TotalValue_v1,53.5,-1.5,,UNDER,0.0,-1.0,1.0
ff8222149317a63ffe50fcda777d14c0,2025-10-05,Football_KeyNumberGuard_v1,44.0,1.0,,,0.0,0.0,0
ff8222149317a63ffe50fcda777d14c0,2025-10-05,Football_LineMovement_v1,44.0,1.0,,,0.0,0.0,0
ff8222149317a63ffe50fcda777d14c0,2025-10-05,Football_MarketBlend_v1,44.5,0.75,HOME,OVER,0.25,0.5,0.75
ff8222149317a63ffe50fcda777d14c0,2025-10-05,Football_MarketConsensus_v1,44.0,1.0,,,0.0,0.0,0
ff8222149317a63ffe50fcda777d14c0,2025-10-05,Football_SpreadValue_v1,44.0,0.25,HOME,,0.75,0.0,0.75
ff8222149317a63ffe50fcda777d14c0,2025-10-05,Football_TotalValue_v1,45.0,1.0,,OVER,0.0,1.0,1.0
ffaa06af56a7137d4b078c5c46c0b730,2026-11-26,Football_KeyNumberGuard_v1,49.5,-1.5,,,0.0,0.0,0
ffaa06af56a7137d4b078c5c46c0b730,2026-11-26,Football_LineMovement_v1,49.5,-1.5,,,0.0,0.0,0
ffaa06af56a7137d4b078c5c46c0b730,2026-11-26,Football_MarketBlend_v1,49.0,-1.25,AWAY,UNDER,-0.25,-0.5,0.75
ffaa06af56a7137d4b078c5c46c0b730,2026-11-26,Football_MarketConsensus_v1,49.5,-1.5,,,0.0,0.0,0
ffaa06af56a7137d4b078c5c46c0b730,2026-11-26,Football_SpreadValue_v1,49.5,-0.75,AWAY,,-0.75,0.0,0.75
ffaa06af56a7137d4b078c5c46c0b730,2026-11-26,Football_TotalValue_v1,48.5,-1.5,,UNDER,0.0,-1.0,1.0
ffebea881c1d7b2dfb85b3e590c35985,2026-10-23,Football_KeyNumberGuard_v1,47.0,-1.5,,,0.0,0.0,0
ffebea881c1d7b2dfb85b3e590c35985,2026-10-23,Football_LineMovement_v1,47.0,-1.5,,,0.0,0.0,0
ffebea881c1d7b2dfb85b3e590c35985,2026-10-23,Football_MarketBlend_v1,47.0,-1.5,,,0.0,0.0,0
ffebea881c1d7b2dfb85b3e590c35985,2026-10-23,Football_MarketConsensus_v1,47.0,-1.5,,,0.0,0.0,0
ffebea881c1d7b2dfb85b3e590c35985,2026-10-23,Football_SpreadValue_v1,47.0,-1.5,,,0.0,0.0,0
ffebea881c1d7b2dfb85b3e590c35985,2026-10-23,Football_TotalValue_v1,47.0,-1.5,,,0.0,0.0,0
nfl_401872656,2026-09-10,Football_KeyNumberGuard_v1,44.5,-3.5,,,0.0,0.0,0
nfl_401872656,2026-09-10,Football_LineMovement_v1,44.5,-3.5,,,0.0,0.0,0
nfl_401872656,2026-09-10,Football_MarketBlend_v1,45.0,-3.25,,OVER,-0.25,0.5,0.75
nfl_401872656,2026-09-10,Football_MarketConsensus_v1,44.5,-3.5,,,0.0,0.0,0
nfl_401872656,2026-09-10,Football_SpreadValue_v1,44.5,-2.75,AWAY,,-0.75,0.0,0.75
nfl_401872656,2026-09-10,Football_TotalValue_v1,45.5,-3.5,,OVER,0.0,1.0,1.0
nfl_401872657,2026-09-11,Football_KeyNumberGuard_v1,48.0,-3.5,,,0.0,0.0,0
nfl_401872657,2026-09-11,Football_LineMovement_v1,48.0,-3.5,,,0.0,0.0,0
nfl_401872657,2026-09-11,Football_MarketBlend_v1,47.5,-3.25,,UNDER,-0.25,-0.5,0.75
nfl_401872657,2026-09-11,Football_MarketConsensus_v1,48.0,-3.5,,,0.0,0.0,0
nfl_401872657,2026-09-11,Football_SpreadValue_v1,48.0,-2.75,AWAY,,-0.75,0.0,0.75
nfl_401872657,2026-09-11,Football_TotalValue_v1,47.0,-3.5,,UNDER,0.0,-1.0,1.0
