game_id,game_date,home_team,away_team,bookmaker,bookmaker_key,market,outcome_name,price,point,source,captured_at_utc
26b036ff107f3c658258eaf4a6f26228,2026-10-20T19:00:00Z,Detroit Pistons,Boston Celtics,FanDuel,fanduel,h2h,Boston Celtics,102,,the_odds_api,2026-09-12T19:35:41.209151+00:00
26b036ff107f3c658258eaf4a6f26228,2026-10-20T19:00:00Z,Detroit Pistons,Boston Celtics,FanDuel,fanduel,h2h,Detroit Pistons,-120,,the_odds_api,2026-09-12T19:35:41.209151+00:00
26b036ff107f3c658258eaf4a6f26228,2026-10-20T19:00:00Z,Detroit Pistons,Boston Celtics,FanDuel,fanduel,spreads,Boston Celtics,-110,1.5,the_odds_api,2026-09-12T19:35:41.209151+00:00
26b036ff107f3c658258eaf4a6f26228,2026-10-20T19:00:00Z,Detroit Pistons,Boston Celtics,FanDuel,fanduel,spreads,Detroit Pistons,-110,-1.5,the_odds_api,2026-09-12T19:35:41.209151+00:00
26b036ff107f3c658258eaf4a6f26228,2026-10-20T19:00:00Z,Detroit Pistons,Boston Celtics,FanDuel,fanduel,totals,Over,-115,221.5,the_odds_api,2026-09-12T19:35:41.209151+00:00
26b036ff107f3c658258eaf4a6f26228,2026-10-20T19:00:00Z,Detroit Pistons,Boston Celtics,FanDuel,fanduel,totals,Under,-105,221.5,the_odds_api,2026-09-12T19:35:41.209151+00:00
26b036ff107f3c658258eaf4a6f26228,2026-10-20T19:00:00Z,Detroit Pistons,Boston Celtics,BetRivers,betrivers,h2h,Boston Celtics,100,,the_odds_api,2026-09-12T19:35:41.209151+00:00
26b036ff107f3c658258eaf4a6f26228,2026-10-20T19:00:00Z,Detroit Pistons,Boston Celtics,BetRivers,betrivers,h2h,Detroit Pistons,-124,,the_odds_api,2026-09-12T19:35:41.209151+00:00
26b036ff107f3c658258eaf4a6f26228,2026-10-20T19:00:00Z,Detroit Pistons,Boston Celtics,BetRivers,betrivers,spreads,Boston Celtics,-112,1.5,the_odds_api,2026-09-12T19:35:41.209151+00:00
26b036ff107f3c658258eaf4a6f26228,2026-10-20T19:00:00Z,Detroit Pistons,Boston Celtics,BetRivers,betrivers,spreads,Detroit Pistons,-112,-1.5,the_odds_api,2026-09-12T19:35:41.209151+00:00
26b036ff107f3c658258eaf4a6f26228,2026-10-20T19:00:00Z,Detroit Pistons,Boston Celtics,BetRivers,betrivers,totals,Over,-113,221.5,the_odds_api,2026-09-12T19:35:41.209151+00:00
26b036ff107f3c658258eaf4a6f26228,2026-10-20T19:00:00Z,Detroit Pistons,Boston Celtics,BetRivers,betrivers,totals,Under,-110,221.5,the_odds_api,2026-09-12T19:35:41.209151+00:00
26b036ff107f3c658258eaf4a6f26228,2026-10-20T19:00:00Z,Detroit Pistons,Boston Celtics,BetMGM,betmgm,h2h,Boston Celtics,105,,the_odds_api,2026-09-12T19:35:41.209151+00:00
26b036ff107f3c658258eaf4a6f26228,2026-10-20T19:00:00Z,Detroit Pistons,Boston Celtics,BetMGM,betmgm,h2h,Detroit Pistons,-125,,the_odds_api,2026-09-12T19:35:41.209151+00:00
26b036ff107f3c658258eaf4a6f26228,2026-10-20T19:00:00Z,Detroit Pistons,Boston Celtics,BetMGM,betmgm,spreads,Boston Celtics,-110,1.5,the_odds_api,2026-09-12T19:35:41.209151+00:00
26b036ff107f3c658258eaf4a6f26228,2026-10-20T19:00:00Z,Detroit Pistons,Boston Celtics,BetMGM,betmgm,spreads,Detroit Pistons,-110,-1.5,the_odds_api,2026-09-12T19:35:41.209151+00:00
26b036ff107f3c658258eaf4a6f26228,2026-10-20T19:00:00Z,Detroit Pistons,Boston Celtics,BetMGM,betmgm,totals,Over,-110,222.5,the_odds_api,2026-09-12T19:35:41.209151+00:00
26b036ff107f3c658258eaf4a6f26228,2026-10-20T19:00:00Z,Detroit Pistons,Boston Celtics,BetMGM,betmgm,totals,Under,-110,222.5,the_odds_api,2026-09-12T19:35:41.209151+00:00
26b036ff107f3c658258eaf4a6f26228,2026-10-20T19:00:00Z,Detroit Pistons,Boston Celtics,DraftKings,draftkings,h2h,Boston Celtics,105,,the_odds_api,2026-09-12T19:35:41.209151+00:00
26b036ff107f3c658258eaf4a6f26228,2026-10-20T19:00:00Z,Detroit Pistons,Boston Celtics,DraftKings,draftkings,h2h,Detroit Pistons,-125,,the_odds_api,2026-09-12T19:35:41.209151+00:00
26b036ff107f3c658258eaf4a6f26228,2026-10-20T19:00:00Z,Detroit Pistons,Boston Celtics,DraftKings,draftkings,spreads,Boston Celtics,-105,1.5,the_odds_api,2026-09-12T19:35:41.209151+00:00
26b036ff107f3c658258eaf4a6f26228,2026-10-20T19:00:00Z,Detroit Pistons,Boston Celtics,DraftKings,draftkings,spreads,Detroit Pistons,-115,-1.5,the_odds_api,2026-09-12T19:35:41.209151+00:00
26b036ff107f3c658258eaf4a6f26228,2026-10-20T19:00:00Z,Detroit Pistons,Boston Celtics,DraftKings,draftkings,totals,Over,-110,221.5,the_odds_api,2026-09-12T19:35:41.209151+00:00
26b036ff107f3c658258eaf4a6f26228,2026-10-20T19:00:00Z,Detroit Pistons,Boston Celtics,DraftKings,draftkings,totals,Under,-110,221.5,the_odds_api,2026-09-12T19:35:41.209151+00:00
26b036ff107f3c658258eaf4a6f26228,2026-10-20T19:00:00Z,Detroit Pistons,Boston Celtics,Caesars,williamhill_us,h2h,Boston Celtics,105,,the_odds_api,2026-09-12T19:35:41.209151+00:00
26b036ff107f3c658258eaf4a6f26228,2026-10-20T19:00:00Z,Detroit Pistons,Boston Celtics,Caesars,williamhill_us,h2h,Detroit Pistons,-125,,the_odds_api,2026-09-12T19:35:41.209151+00:00
26b036ff107f3c658258eaf4a6f26228,2026-10-20T19:00:00Z,Detroit Pistons,Boston Celtics,Caesars,williamhill_us,spreads,Boston Celtics,-105,1.5,the_odds_api,2026-09-12T19:35:41.209151+00:00
26b036ff107f3c658258eaf4a6f26228,2026-10-20T19:00:00Z,Detroit Pistons,Boston Celtics,Caesars,williamhill_us,spreads,Detroit Pistons,-115,-1.5,the_odds_api,2026-09-12T19:35:41.209151+00:00
26b036ff107f3c658258eaf4a6f26228,2026-10-20T19:00:00Z,Detroit Pistons,Boston Celtics,Caesars,williamhill_us,totals,Over,-110,221.5,the_odds_api,2026-09-12T19:35:41.209151+00:00
26b036ff107f3c658258eaf4a6f26228,2026-10-20T19:00:00Z,Detroit Pistons,Boston Celtics,Caesars,williamhill_us,totals,Under,-110,221.5,the_odds_api,2026-09-12T19:35:41.209151+00:00
26b036ff107f3c658258eaf4a6f26228,2026-10-20T19:00:00Z,Detroit Pistons,Boston Celtics,BetOnline.ag,betonlineag,spreads,Boston Celtics,-110,2.0,the_odds_api,2026-09-12T19:35:41.209151+00:00
26b036ff107f3c658258eaf4a6f26228,2026-10-20T19:00:00Z,Detroit Pistons,Boston Celtics,BetOnline.ag,betonlineag,spreads,Detroit Pistons,-110,-2.0,the_odds_api,2026-09-12T19:35:41.209151+00:00
26b036ff107f3c658258eaf4a6f26228,2026-10-20T19:00:00Z,Detroit Pistons,Boston Celtics,BetOnline.ag,betonlineag,totals,Over,-110,220.5,the_odds_api,2026-09-12T19:35:41.209151+00:00
26b036ff107f3c658258eaf4a6f26228,2026-10-20T19:00:00Z,Detroit Pistons,Boston Celtics,BetOnline.ag,betonlineag,totals,Under,-110,220.5,the_odds_api,2026-09-12T19:35:41.209151+00:00
26b036ff107f3c658258eaf4a6f26228,2026-10-20T19:00:00Z,Detroit Pistons,Boston Celtics,LowVig.ag,lowvig,spreads,Boston Celtics,-106,2.0,the_odds_api,2026-09-12T19:35:41.209151+00:00
26b036ff107f3c658258eaf4a6f26228,2026-10-20T19:00:00Z,Detroit Pistons,Boston Celtics,LowVig.ag,lowvig,spreads,Detroit Pistons,-106,-2.0,the_odds_api,2026-09-12T19:35:41.209151+00:00
26b036ff107f3c658258eaf4a6f26228,2026-10-20T19:00:00Z,Detroit Pistons,Boston Celtics,LowVig.ag,lowvig,totals,Over,-107,220.5,the_odds_api,2026-09-12T19:35:41.209151+00:00
26b036ff107f3c658258eaf4a6f26228,2026-10-20T19:00:00Z,Detroit Pistons,Boston Celtics,LowVig.ag,lowvig,totals,Under,-107,220.5,the_odds_api,2026-09-12T19:35:41.209151+00:00
26b036ff107f3c658258eaf4a6f26228,2026-10-20T19:00:00Z,Detroit Pistons,Boston Celtics,Bovada,bovada,h2h,Boston Celtics,105,,the_odds_api,2026-09-12T19:35:41.209151+00:00
26b036ff107f3c658258eaf4a6f26228,2026-10-20T19:00:00Z,Detroit Pistons,Boston Celtics,Bovada,bovada,h2h,Detroit Pistons,-125,,the_odds_api,2026-09-12T19:35:41.209151+00:00
26b036ff107f3c658258eaf4a6f26228,2026-10-20T19:00:00Z,Detroit Pistons,Boston Celtics,Bovada,bovada,spreads,Boston Celtics,-105,1.5,the_odds_api,2026-09-12T19:35:41.209151+00:00
26b036ff107f3c658258eaf4a6f26228,2026-10-20T19:00:00Z,Detroit Pistons,Boston Celtics,Bovada,bovada,spreads,Detroit Pistons,-115,-1.5,the_odds_api,2026-09-12T19:35:41.209151+00:00
26b036ff107f3c658258eaf4a6f26228,2026-10-20T19:00:00Z,Detroit Pistons,Boston Celtics,Bovada,bovada,totals,Over,-110,221.5,the_odds_api,2026-09-12T19:35:41.209151+00:00
26b036ff107f3c658258eaf4a6f26228,2026-10-20T19:00:00Z,Detroit Pistons,Boston Celtics,Bovada,bovada,totals,Under,-110,221.5,the_odds_api,2026-09-12T19:35:41.209151+00:00
26b036ff107f3c658258eaf4a6f26228,2026-10-20T19:00:00Z,Detroit Pistons,Boston Celtics,Fanatics,fanatics,h2h,Boston Celtics,100,,the_odds_api,2026-09-12T19:35:41.209151+00:00
26b036ff107f3c658258eaf4a6f26228,2026-10-20T19:00:00Z,Detroit Pistons,Boston Celtics,Fanatics,fanatics,h2h,Detroit Pistons,-120,,the_odds_api,2026-09-12T19:35:41.209151+00:00
26b036ff107f3c658258eaf4a6f26228,2026-10-20T19:00:00Z,Detroit Pistons,Boston Celtics,Fanatics,fanatics,spreads,Boston Celtics,-110,1.5,the_odds_api,2026-09-12T19:35:41.209151+00:00
26b036ff107f3c658258eaf4a6f26228,2026-10-20T19:00:00Z,Detroit Pistons,Boston Celtics,Fanatics,fanatics,spreads,Detroit Pistons,-110,-1.5,the_odds_api,2026-09-12T19:35:41.209151+00:00
26b036ff107f3c658258eaf4a6f26228,2026-10-20T19:00:00Z,Detroit Pistons,Boston Celtics,Fanatics,fanatics,totals,Over,-110,222.0,the_odds_api,2026-09-12T19:35:41.209151+00:00
26b036ff107f3c658258eaf4a6f26228,2026-10-20T19:00:00Z,Detroit Pistons,Boston Celtics,Fanatics,fanatics,totals,Under,-110,222.0,the_odds_api,2026-09-12T19:35:41.209151+00:00
2b042ddad3d3c6c6fe5b7005dc26c775,2026-10-20T23:00:00Z,New York Knicks,Philadelphia 76ers,FanDuel,fanduel,h2h,New York Knicks,-198,,the_odds_api,2026-09-12T19:35:41.209151+00:00
2b042ddad3d3c6c6fe5b7005dc26c775,2026-10-20T23:00:00Z,New York Knicks,Philadelphia 76ers,FanDuel,fanduel,h2h,Philadelphia 76ers,166,,the_odds_api,2026-09-12T19:35:41.209151+00:00
2b042ddad3d3c6c6fe5b7005dc26c775,2026-10-20T23:00:00Z,New York Knicks,Philadelphia 76ers,FanDuel,fanduel,spreads,New York Knicks,-115,-5.5,the_odds_api,2026-09-12T19:35:41.209151+00:00
2b042ddad3d3c6c6fe5b7005dc26c775,2026-10-20T23:00:00Z,New York Knicks,Philadelphia 76ers,FanDuel,fanduel,spreads,Philadelphia 76ers,-105,5.5,the_odds_api,2026-09-12T19:35:41.209151+00:00
2b042ddad3d3c6c6fe5b7005dc26c775,2026-10-20T23:00:00Z,New York Knicks,Philadelphia 76ers,FanDuel,fanduel,totals,Over,-110,233.5,the_odds_api,2026-09-12T19:35:41.209151+00:00
2b042ddad3d3c6c6fe5b7005dc26c775,2026-10-20T23:00:00Z,New York Knicks,Philadelphia 76ers,FanDuel,fanduel,totals,Under,-110,233.5,the_odds_api,2026-09-12T19:35:41.209151+00:00
2b042ddad3d3c6c6fe5b7005dc26c775,2026-10-20T23:00:00Z,New York Knicks,Philadelphia 76ers,BetRivers,betrivers,h2h,New York Knicks,-195,,the_odds_api,2026-09-12T19:35:41.209151+00:00
2b042ddad3d3c6c6fe5b7005dc26c775,2026-10-20T23:00:00Z,New York Knicks,Philadelphia 76ers,BetRivers,betrivers,h2h,Philadelphia 76ers,150,,the_odds_api,2026-09-12T19:35:41.209151+00:00
2b042ddad3d3c6c6fe5b7005dc26c775,2026-10-20T23:00:00Z,New York Knicks,Philadelphia 76ers,BetRivers,betrivers,spreads,New York Knicks,-112,-5.0,the_odds_api,2026-09-12T19:35:41.209151+00:00
2b042ddad3d3c6c6fe5b7005dc26c775,2026-10-20T23:00:00Z,New York Knicks,Philadelphia 76ers,BetRivers,betrivers,spreads,Philadelphia 76ers,-110,5.0,the_odds_api,2026-09-12T19:35:41.209151+00:00
2b042ddad3d3c6c6fe5b7005dc26c775,2026-10-20T23:00:00Z,New York Knicks,Philadelphia 76ers,BetRivers,betrivers,totals,Over,-110,232.5,the_odds_api,2026-09-12T19:35:41.209151+00:00
2b042ddad3d3c6c6fe5b7005dc26c775,2026-10-20T23:00:00Z,New York Knicks,Philadelphia 76ers,BetRivers,betrivers,totals,Under,-113,232.5,the_odds_api,2026-09-12T19:35:41.209151+00:00
2b042ddad3d3c6c6fe5b7005dc26c775,2026-10-20T23:00:00Z,New York Knicks,Philadelphia 76ers,BetMGM,betmgm,h2h,New York Knicks,-185,,the_odds_api,2026-09-12T19:35:41.209151+00:00
2b042ddad3d3c6c6fe5b7005dc26c775,2026-10-20T23:00:00Z,New York Knicks,Philadelphia 76ers,BetMGM,betmgm,h2h,Philadelphia 76ers,150,,the_odds_api,2026-09-12T19:35:41.209151+00:00
2b042ddad3d3c6c6fe5b7005dc26c775,2026-10-20T23:00:00Z,New York Knicks,Philadelphia 76ers,BetMGM,betmgm,spreads,New York Knicks,-110,-5.5,the_odds_api,2026-09-12T19:35:41.209151+00:00
2b042ddad3d3c6c6fe5b7005dc26c775,2026-10-20T23:00:00Z,New York Knicks,Philadelphia 76ers,BetMGM,betmgm,spreads,Philadelphia 76ers,-110,5.5,the_odds_api,2026-09-12T19:35:41.209151+00:00
2b042ddad3d3c6c6fe5b7005dc26c775,2026-10-20T23:00:00Z,New York Knicks,Philadelphia 76ers,BetMGM,betmgm,totals,Over,-110,231.5,the_odds_api,2026-09-12T19:35:41.209151+00:00
2b042ddad3d3c6c6fe5b7005dc26c775,2026-10-20T23:00:00Z,New York Knicks,Philadelphia 76ers,BetMGM,betmgm,totals,Under,-110,231.5,the_odds_api,2026-09-12T19:35:41.209151+00:00
2b042ddad3d3c6c6fe5b7005dc26c775,2026-10-20T23:00:00Z,New York Knicks,Philadelphia 76ers,DraftKings,draftkings,h2h,New York Knicks,-198,,the_odds_api,2026-09-12T19:35:41.209151+00:00
2b042ddad3d3c6c6fe5b7005dc26c775,2026-10-20T23:00:00Z,New York Knicks,Philadelphia 76ers,DraftKings,draftkings,h2h,Philadelphia 76ers,164,,the_odds_api,2026-09-12T19:35:41.209151+00:00
2b042ddad3d3c6c6fe5b7005dc26c775,2026-10-20T23:00:00Z,New York Knicks,Philadelphia 76ers,DraftKings,draftkings,spreads,New York Knicks,-110,-5.5,the_odds_api,2026-09-12T19:35:41.209151+00:00
2b042ddad3d3c6c6fe5b7005dc26c775,2026-10-20T23:00:00Z,New York Knicks,Philadelphia 76ers,DraftKings,draftkings,spreads,Philadelphia 76ers,-110,5.5,the_odds_api,2026-09-12T19:35:41.209151+00:00
2b042ddad3d3c6c6fe5b7005dc26c775,2026-10-20T23:00:00Z,New York Knicks,Philadelphia 76ers,DraftKings,draftkings,totals,Over,-110,231.5,the_odds_api,2026-09-12T19:35:41.209151+00:00
2b042ddad3d3c6c6fe5b7005dc26c775,2026-10-20T23:00:00Z,New York Knicks,Philadelphia 76ers,DraftKings,draftkings,totals,Under,-110,231.5,the_odds_api,2026-09-12T19:35:41.209151+00:00
2b042ddad3d3c6c6fe5b7005dc26c775,2026-10-20T23:00:00Z,New York Knicks,Philadelphia 76ers,Caesars,williamhill_us,h2h,New York Knicks,-195,,the_odds_api,2026-09-12T19:35:41.209151+00:00
2b042ddad3d3c6c6fe5b7005dc26c775,2026-10-20T23:00:00Z,New York Knicks,Philadelphia 76ers,Caesars,williamhill_us,h2h,Philadelphia 76ers,162,,the_odds_api,2026-09-12T19:35:41.209151+00:00
2b042ddad3d3c6c6fe5b7005dc26c775,2026-10-20T23:00:00Z,New York Knicks,Philadelphia 76ers,Caesars,williamhill_us,spreads,New York Knicks,-115,-5.5,the_odds_api,2026-09-12T19:35:41.209151+00:00
2b042ddad3d3c6c6fe5b7005dc26c775,2026-10-20T23:00:00Z,New York Knicks,Philadelphia 76ers,Caesars,williamhill_us,spreads,Philadelphia 76ers,-105,5.5,the_odds_api,2026-09-12T19:35:41.209151+00:00
2b042ddad3d3c6c6fe5b7005dc26c775,2026-10-20T23:00:00Z,New York Knicks,Philadelphia 76ers,Caesars,williamhill_us,totals,Over,-115,231.5,the_odds_api,2026-09-12T19:35:41.209151+00:00
2b042ddad3d3c6c6fe5b7005dc26c775,2026-10-20T23:00:00Z,New York Knicks,Philadelphia 76ers,Caesars,williamhill_us,totals,Under,-105,231.5,the_odds_api,2026-09-12T19:35:41.209151+00:00
2b042ddad3d3c6c6fe5b7005dc26c775,2026-10-20T23:00:00Z,New York Knicks,Philadelphia 76ers,BetOnline.ag,betonlineag,spreads,New York Knicks,-115,-5.0,the_odds_api,2026-09-12T19:35:41.209151+00:00
2b042ddad3d3c6c6fe5b7005dc26c775,2026-10-20T23:00:00Z,New York Knicks,Philadelphia 76ers,BetOnline.ag,betonlineag,spreads,Philadelphia 76ers,-105,5.0,the_odds_api,2026-09-12T19:35:41.209151+00:00
2b042ddad3d3c6c6fe5b7005dc26c775,2026-10-20T23:00:00Z,New York Knicks,Philadelphia 76ers,BetOnline.ag,betonlineag,totals,Over,-110,230.5,the_odds_api,2026-09-12T19:35:41.209151+00:00
2b042ddad3d3c6c6fe5b7005dc26c775,2026-10-20T23:00:00Z,New York Knicks,Philadelphia 76ers,BetOnline.ag,betonlineag,totals,Under,-110,230.5,the_odds_api,2026-09-12T19:35:41.209151+00:00
2b042ddad3d3c6c6fe5b7005dc26c775,2026-10-20T23:00:00Z,New York Knicks,Philadelphia 76ers,LowVig.ag,lowvig,spreads,New York Knicks,-111,-5.0,the_odds_api,2026-09-12T19:35:41.209151+00:00
2b042ddad3d3c6c6fe5b7005dc26c775,2026-10-20T23:00:00Z,New York Knicks,Philadelphia 76ers,LowVig.ag,lowvig,spreads,Philadelphia 76ers,-101,5.0,the_odds_api,2026-09-12T19:35:41.209151+00:00
2b042ddad3d3c6c6fe5b7005dc26c775,2026-10-20T23:00:00Z,New York Knicks,Philadelphia 76ers,LowVig.ag,lowvig,totals,Over,-107,230.5,the_odds_api,2026-09-12T19:35:41.209151+00:00
2b042ddad3d3c6c6fe5b7005dc26c775,2026-10-20T23:00:00Z,New York Knicks,Philadelphia 76ers,LowVig.ag,lowvig,totals,Under,-107,230.5,the_odds_api,2026-09-12T19:35:41.209151+00:00
2b042ddad3d3c6c6fe5b7005dc26c775,2026-10-20T23:00:00Z,New York Knicks,Philadelphia 76ers,Bovada,bovada,h2h,New York Knicks,-195,,the_odds_api,2026-09-12T19:35:41.209151+00:00
2b042ddad3d3c6c6fe5b7005dc26c775,2026-10-20T23:00:00Z,New York Knicks,Philadelphia 76ers,Bovada,bovada,h2h,Philadelphia 76ers,165,,the_odds_api,2026-09-12T19:35:41.209151+00:00
2b042ddad3d3c6c6fe5b7005dc26c775,2026-10-20T23:00:00Z,New York Knicks,Philadelphia 76ers,Bovada,bovada,spreads,New York Knicks,-110,-5.5,the_odds_api,2026-09-12T19:35:41.209151+00:00
2b042ddad3d3c6c6fe5b7005dc26c775,2026-10-20T23:00:00Z,New York Knicks,Philadelphia 76ers,Bovada,bovada,spreads,Philadelphia 76ers,-110,5.5,the_odds_api,2026-09-12T19:35:41.209151+00:00
2b042ddad3d3c6c6fe5b7005dc26c775,2026-10-20T23:00:00Z,New York Knicks,Philadelphia 76ers,Bovada,bovada,totals,Over,-110,231.5,the_odds_api,2026-09-12T19:35:41.209151+00:00
2b042ddad3d3c6c6fe5b7005dc26c775,2026-10-20T23:00:00Z,New York Knicks,Philadelphia 76ers,Bovada,bovada,totals,Under,-110,231.5,the_odds_api,2026-09-12T19:35:41.209151+00:00
2b042ddad3d3c6c6fe5b7005dc26c775,2026-10-20T23:00:00Z,New York Knicks,Philadelphia 76ers,Fanatics,fanatics,h2h,New York Knicks,-200,,the_odds_api,2026-09-12T19:35:41.209151+00:00
2b042ddad3d3c6c6fe5b7005dc26c775,2026-10-20T23:00:00Z,New York Knicks,Philadelphia 76ers,Fanatics,fanatics,h2h,Philadelphia 76ers,165,,the_odds_api,2026-09-12T19:35:41.209151+00:00
2b042ddad3d3c6c6fe5b7005dc26c775,2026-10-20T23:00:00Z,New York Knicks,Philadelphia 76ers,Fanatics,fanatics,spreads,New York Knicks,-110,-6.0,the_odds_api,2026-09-12T19:35:41.209151+00:00
2b042ddad3d3c6c6fe5b7005dc26c775,2026-10-20T23:00:00Z,New York Knicks,Philadelphia 76ers,Fanatics,fanatics,spreads,Philadelphia 76ers,-110,6.0,the_odds_api,2026-09-12T19:35:41.209151+00:00
2b042ddad3d3c6c6fe5b7005dc26c775,2026-10-20T23:00:00Z,New York Knicks,Philadelphia 76ers,Fanatics,fanatics,totals,Over,-110,233.5,the_odds_api,2026-09-12T19:35:41.209151+00:00
2b042ddad3d3c6c6fe5b7005dc26c775,2026-10-20T23:00:00Z,New York Knicks,Philadelphia 76ers,Fanatics,fanatics,totals,Under,-110,233.5,the_odds_api,2026-09-12T19:35:41.209151+00:00
bccd283de56915e29af1788beb0abfc9,2026-10-21T01:30:00Z,San Antonio Spurs,Oklahoma City Thunder,FanDuel,fanduel,h2h,Oklahoma City Thunder,102,,the_odds_api,2026-09-12T19:35:41.209151+00:00
bccd283de56915e29af1788beb0abfc9,2026-10-21T01:30:00Z,San Antonio Spurs,Oklahoma City Thunder,FanDuel,fanduel,h2h,San Antonio Spurs,-120,,the_odds_api,2026-09-12T19:35:41.209151+00:00
bccd283de56915e29af1788beb0abfc9,2026-10-21T01:30:00Z,San Antonio Spurs,Oklahoma City Thunder,FanDuel,fanduel,spreads,Oklahoma City Thunder,-108,1.5,the_odds_api,2026-09-12T19:35:41.209151+00:00
bccd283de56915e29af1788beb0abfc9,2026-10-21T01:30:00Z,San Antonio Spurs,Oklahoma City Thunder,FanDuel,fanduel,spreads,San Antonio Spurs,-112,-1.5,the_odds_api,2026-09-12T19:35:41.209151+00:00
bccd283de56915e29af1788beb0abfc9,2026-10-21T01:30:00Z,San Antonio Spurs,Oklahoma City Thunder,FanDuel,fanduel,totals,Over,-110,231.5,the_odds_api,2026-09-12T19:35:41.209151+00:00
bccd283de56915e29af1788beb0abfc9,2026-10-21T01:30:00Z,San Antonio Spurs,Oklahoma City Thunder,FanDuel,fanduel,totals,Under,-110,231.5,the_odds_api,2026-09-12T19:35:41.209151+00:00
bccd283de56915e29af1788beb0abfc9,2026-10-21T01:30:00Z,San Antonio Spurs,Oklahoma City Thunder,BetRivers,betrivers,h2h,Oklahoma City Thunder,107,,the_odds_api,2026-09-12T19:35:41.209151+00:00
bccd283de56915e29af1788beb0abfc9,2026-10-21T01:30:00Z,San Antonio Spurs,Oklahoma City Thunder,BetRivers,betrivers,h2h,San Antonio Spurs,-132,,the_odds_api,2026-09-12T19:35:41.209151+00:00
bccd283de56915e29af1788beb0abfc9,2026-10-21T01:30:00Z,San Antonio Spurs,Oklahoma City Thunder,BetRivers,betrivers,spreads,Oklahoma City Thunder,-110,2.0,the_odds_api,2026-09-12T19:35:41.209151+00:00
bccd283de56915e29af1788beb0abfc9,2026-10-21T01:30:00Z,San Antonio Spurs,Oklahoma City Thunder,BetRivers,betrivers,spreads,San Antonio Spurs,-113,-2.0,the_odds_api,2026-09-12T19:35:41.209151+00:00
bccd283de56915e29af1788beb0abfc9,2026-10-21T01:30:00Z,San Antonio Spurs,Oklahoma City Thunder,BetRivers,betrivers,totals,Over,-112,228.5,the_odds_api,2026-09-12T19:35:41.209151+00:00
bccd283de56915e29af1788beb0abfc9,2026-10-21T01:30:00Z,San Antonio Spurs,Oklahoma City Thunder,BetRivers,betrivers,totals,Under,-112,228.5,the_odds_api,2026-09-12T19:35:41.209151+00:00
bccd283de56915e29af1788beb0abfc9,2026-10-21T01:30:00Z,San Antonio Spurs,Oklahoma City Thunder,BetMGM,betmgm,h2h,Oklahoma City Thunder,105,,the_odds_api,2026-09-12T19:35:41.209151+00:00
bccd283de56915e29af1788beb0abfc9,2026-10-21T01:30:00Z,San Antonio Spurs,Oklahoma City Thunder,BetMGM,betmgm,h2h,San Antonio Spurs,-125,,the_odds_api,2026-09-12T19:35:41.209151+00:00
bccd283de56915e29af1788beb0abfc9,2026-10-21T01:30:00Z,San Antonio Spurs,Oklahoma City Thunder,BetMGM,betmgm,spreads,Oklahoma City Thunder,-115,2.5,the_odds_api,2026-09-12T19:35:41.209151+00:00
bccd283de56915e29af1788beb0abfc9,2026-10-21T01:30:00Z,San Antonio Spurs,Oklahoma City Thunder,BetMGM,betmgm,spreads,San Antonio Spurs,-105,-2.5,the_odds_api,2026-09-12T19:35:41.209151+00:00
bccd283de56915e29af1788beb0abfc9,2026-10-21T01:30:00Z,San Antonio Spurs,Oklahoma City Thunder,BetMGM,betmgm,totals,Over,-110,230.5,the_odds_api,2026-09-12T19:35:41.209151+00:00
bccd283de56915e29af1788beb0abfc9,2026-10-21T01:30:00Z,San Antonio Spurs,Oklahoma City Thunder,BetMGM,betmgm,totals,Under,-110,230.5,the_odds_api,2026-09-12T19:35:41.209151+00:00
bccd283de56915e29af1788beb0abfc9,2026-10-21T01:30:00Z,San Antonio Spurs,Oklahoma City Thunder,DraftKings,draftkings,h2h,Oklahoma City Thunder,100,,the_odds_api,2026-09-12T19:35:41.209151+00:00
bccd283de56915e29af1788beb0abfc9,2026-10-21T01:30:00Z,San Antonio Spurs,Oklahoma City Thunder,DraftKings,draftkings,h2h,San Antonio Spurs,-120,,the_odds_api,2026-09-12T19:35:41.209151+00:00
bccd283de56915e29af1788beb0abfc9,2026-10-21T01:30:00Z,San Antonio Spurs,Oklahoma City Thunder,DraftKings,draftkings,spreads,Oklahoma City Thunder,-110,1.5,the_odds_api,2026-09-12T19:35:41.209151+00:00
bccd283de56915e29af1788beb0abfc9,2026-10-21T01:30:00Z,San Antonio Spurs,Oklahoma City Thunder,DraftKings,draftkings,spreads,San Antonio Spurs,-110,-1.5,the_odds_api,2026-09-12T19:35:41.209151+00:00
bccd283de56915e29af1788beb0abfc9,2026-10-21T01:30:00Z,San Antonio Spurs,Oklahoma City Thunder,DraftKings,draftkings,totals,Over,-110,230.5,the_odds_api,2026-09-12T19:35:41.209151+00:00
bccd283de56915e29af1788beb0abfc9,2026-10-21T01:30:00Z,San Antonio Spurs,Oklahoma City Thunder,DraftKings,draftkings,totals,Under,-110,230.5,the_odds_api,2026-09-12T19:35:41.209151+00:00
bccd283de56915e29af1788beb0abfc9,2026-10-21T01:30:00Z,San Antonio Spurs,Oklahoma City Thunder,Caesars,williamhill_us,h2h,Oklahoma City Thunder,110,,the_odds_api,2026-09-12T19:35:41.209151+00:00
bccd283de56915e29af1788beb0abfc9,2026-10-21T01:30:00Z,San Antonio Spurs,Oklahoma City Thunder,Caesars,williamhill_us,h2h,San Antonio Spurs,-130,,the_odds_api,2026-09-12T19:35:41.209151+00:00
bccd283de56915e29af1788beb0abfc9,2026-10-21T01:30:00Z,San Antonio Spurs,Oklahoma City Thunder,Caesars,williamhill_us,spreads,Oklahoma City Thunder,-105,1.5,the_odds_api,2026-09-12T19:35:41.209151+00:00
bccd283de56915e29af1788beb0abfc9,2026-10-21T01:30:00Z,San Antonio Spurs,Oklahoma City Thunder,Caesars,williamhill_us,spreads,San Antonio Spurs,-115,-1.5,the_odds_api,2026-09-12T19:35:41.209151+00:00
bccd283de56915e29af1788beb0abfc9,2026-10-21T01:30:00Z,San Antonio Spurs,Oklahoma City Thunder,Caesars,williamhill_us,totals,Over,-115,230.0,the_odds_api,2026-09-12T19:35:41.209151+00:00
bccd283de56915e29af1788beb0abfc9,2026-10-21T01:30:00Z,San Antonio Spurs,Oklahoma City Thunder,Caesars,williamhill_us,totals,Under,-105,230.0,the_odds_api,2026-09-12T19:35:41.209151+00:00
bccd283de56915e29af1788beb0abfc9,2026-10-21T01:30:00Z,San Antonio Spurs,Oklahoma City Thunder,BetOnline.ag,betonlineag,spreads,Oklahoma City Thunder,-110,2.5,the_odds_api,2026-09-12T19:35:41.209151+00:00
bccd283de56915e29af1788beb0abfc9,2026-10-21T01:30:00Z,San Antonio Spurs,Oklahoma City Thunder,BetOnline.ag,betonlineag,spreads,San Antonio Spurs,-110,-2.5,the_odds_api,2026-09-12T19:35:41.209151+00:00
bccd283de56915e29af1788beb0abfc9,2026-10-21T01:30:00Z,San Antonio Spurs,Oklahoma City Thunder,BetOnline.ag,betonlineag,totals,Over,-110,230.0,the_odds_api,2026-09-12T19:35:41.209151+00:00
bccd283de56915e29af1788beb0abfc9,2026-10-21T01:30:00Z,San Antonio Spurs,Oklahoma City Thunder,BetOnline.ag,betonlineag,totals,Under,-110,230.0,the_odds_api,2026-09-12T19:35:41.209151+00:00
bccd283de56915e29af1788beb0abfc9,2026-10-21T01:30:00Z,San Antonio Spurs,Oklahoma City Thunder,LowVig.ag,lowvig,spreads,Oklahoma City Thunder,-106,2.5,the_odds_api,2026-09-12T19:35:41.209151+00:00
bccd283de56915e29af1788beb0abfc9,2026-10-21T01:30:00Z,San Antonio Spurs,Oklahoma City Thunder,LowVig.ag,lowvig,spreads,San Antonio Spurs,-106,-2.5,the_odds_api,2026-09-12T19:35:41.209151+00:00
bccd283de56915e29af1788beb0abfc9,2026-10-21T01:30:00Z,San Antonio Spurs,Oklahoma City Thunder,LowVig.ag,lowvig,totals,Over,-107,230.0,the_odds_api,2026-09-12T19:35:41.209151+00:00
bccd283de56915e29af1788beb0abfc9,2026-10-21T01:30:00Z,San Antonio Spurs,Oklahoma City Thunder,LowVig.ag,lowvig,totals,Under,-107,230.0,the_odds_api,2026-09-12T19:35:41.209151+00:00
bccd283de56915e29af1788beb0abfc9,2026-10-21T01:30:00Z,San Antonio Spurs,Oklahoma City Thunder,Bovada,bovada,h2h,Oklahoma City Thunder,100,,the_odds_api,2026-09-12T19:35:41.209151+00:00
bccd283de56915e29af1788beb0abfc9,2026-10-21T01:30:00Z,San Antonio Spurs,Oklahoma City Thunder,Bovada,bovada,h2h,San Antonio Spurs,-120,,the_odds_api,2026-09-12T19:35:41.209151+00:00
bccd283de56915e29af1788beb0abfc9,2026-10-21T01:30:00Z,San Antonio Spurs,Oklahoma City Thunder,Bovada,bovada,spreads,Oklahoma City Thunder,-110,1.5,the_odds_api,2026-09-12T19:35:41.209151+00:00
bccd283de56915e29af1788beb0abfc9,2026-10-21T01:30:00Z,San Antonio Spurs,Oklahoma City Thunder,Bovada,bovada,spreads,San Antonio Spurs,-110,-1.5,the_odds_api,2026-09-12T19:35:41.209151+00:00
bccd283de56915e29af1788beb0abfc9,2026-10-21T01:30:00Z,San Antonio Spurs,Oklahoma City Thunder,Bovada,bovada,totals,Over,-110,230.5,the_odds_api,2026-09-12T19:35:41.209151+00:00
bccd283de56915e29af1788beb0abfc9,2026-10-21T01:30:00Z,San Antonio Spurs,Oklahoma City Thunder,Bovada,bovada,totals,Under,-110,230.5,the_odds_api,2026-09-12T19:35:41.209151+00:00
bccd283de56915e29af1788beb0abfc9,2026-10-21T01:30:00Z,San Antonio Spurs,Oklahoma City Thunder,Fanatics,fanatics,h2h,Oklahoma City Thunder,100,,the_odds_api,2026-09-12T19:35:41.209151+00:00
bccd283de56915e29af1788beb0abfc9,2026-10-21T01:30:00Z,San Antonio Spurs,Oklahoma City Thunder,Fanatics,fanatics,h2h,San Antonio Spurs,-120,,the_odds_api,2026-09-12T19:35:41.209151+00:00
bccd283de56915e29af1788beb0abfc9,2026-10-21T01:30:00Z,San Antonio Spurs,Oklahoma City Thunder,Fanatics,fanatics,spreads,Oklahoma City Thunder,-115,1.5,the_odds_api,2026-09-12T19:35:41.209151+00:00
bccd283de56915e29af1788beb0abfc9,2026-10-21T01:30:00Z,San Antonio Spurs,Oklahoma City Thunder,Fanatics,fanatics,spreads,San Antonio Spurs,-105,-1.5,the_odds_api,2026-09-12T19:35:41.209151+00:00
bccd283de56915e29af1788beb0abfc9,2026-10-21T01:30:00Z,San Antonio Spurs,Oklahoma City Thunder,Fanatics,fanatics,totals,Over,-110,231.5,the_odds_api,2026-09-12T19:35:41.209151+00:00
bccd283de56915e29af1788beb0abfc9,2026-10-21T01:30:00Z,San Antonio Spurs,Oklahoma City Thunder,Fanatics,fanatics,totals,Under,-110,231.5,the_odds_api,2026-09-12T19:35:41.209151+00:00
85e6e4e2404ef7268659739997758da1,2026-10-21T23:10:00Z,Orlando Magic,Atlanta Hawks,DraftKings,draftkings,h2h,Atlanta Hawks,114,,the_odds_api,2026-09-12T19:35:41.209151+00:00
85e6e4e2404ef7268659739997758da1,2026-10-21T23:10:00Z,Orlando Magic,Atlanta Hawks,DraftKings,draftkings,h2h,Orlando Magic,-135,,the_odds_api,2026-09-12T19:35:41.209151+00:00
85e6e4e2404ef7268659739997758da1,2026-10-21T23:10:00Z,Orlando Magic,Atlanta Hawks,DraftKings,draftkings,spreads,Atlanta Hawks,-110,2.5,the_odds_api,2026-09-12T19:35:41.209151+00:00
85e6e4e2404ef7268659739997758da1,2026-10-21T23:10:00Z,Orlando Magic,Atlanta Hawks,DraftKings,draftkings,spreads,Orlando Magic,-110,-2.5,the_odds_api,2026-09-12T19:35:41.209151+00:00
85e6e4e2404ef7268659739997758da1,2026-10-21T23:10:00Z,Orlando Magic,Atlanta Hawks,DraftKings,draftkings,totals,Over,-110,233.5,the_odds_api,2026-09-12T19:35:41.209151+00:00
85e6e4e2404ef7268659739997758da1,2026-10-21T23:10:00Z,Orlando Magic,Atlanta Hawks,DraftKings,draftkings,totals,Under,-110,233.5,the_odds_api,2026-09-12T19:35:41.209151+00:00
85e6e4e2404ef7268659739997758da1,2026-10-21T23:10:00Z,Orlando Magic,Atlanta Hawks,Bovada,bovada,h2h,Atlanta Hawks,115,,the_odds_api,2026-09-12T19:35:41.209151+00:00
85e6e4e2404ef7268659739997758da1,2026-10-21T23:10:00Z,Orlando Magic,Atlanta Hawks,Bovada,bovada,h2h,Orlando Magic,-135,,the_odds_api,2026-09-12T19:35:41.209151+00:00
85e6e4e2404ef7268659739997758da1,2026-10-21T23:10:00Z,Orlando Magic,Atlanta Hawks,Bovada,bovada,spreads,Atlanta Hawks,-110,2.5,the_odds_api,2026-09-12T19:35:41.209151+00:00
85e6e4e2404ef7268659739997758da1,2026-10-21T23:10:00Z,Orlando Magic,Atlanta Hawks,Bovada,bovada,spreads,Orlando Magic,-110,-2.5,the_odds_api,2026-09-12T19:35:41.209151+00:00
85e6e4e2404ef7268659739997758da1,2026-10-21T23:10:00Z,Orlando Magic,Atlanta Hawks,Bovada,bovada,totals,Over,-110,233.5,the_odds_api,2026-09-12T19:35:41.209151+00:00
85e6e4e2404ef7268659739997758da1,2026-10-21T23:10:00Z,Orlando Magic,Atlanta Hawks,Bovada,bovada,totals,Under,-110,233.5,the_odds_api,2026-09-12T19:35:41.209151+00:00
85e6e4e2404ef7268659739997758da1,2026-10-21T23:10:00Z,Orlando Magic,Atlanta Hawks,BetMGM,betmgm,h2h,Atlanta Hawks,115,,the_odds_api,2026-09-12T19:35:41.209151+00:00
85e6e4e2404ef7268659739997758da1,2026-10-21T23:10:00Z,Orlando Magic,Atlanta Hawks,BetMGM,betmgm,h2h,Orlando Magic,-135,,the_odds_api,2026-09-12T19:35:41.209151+00:00
85e6e4e2404ef7268659739997758da1,2026-10-21T23:10:00Z,Orlando Magic,Atlanta Hawks,BetMGM,betmgm,spreads,Atlanta Hawks,-110,2.5,the_odds_api,2026-09-12T19:35:41.209151+00:00
85e6e4e2404ef7268659739997758da1,2026-10-21T23:10:00Z,Orlando Magic,Atlanta Hawks,BetMGM,betmgm,spreads,Orlando Magic,-110,-2.5,the_odds_api,2026-09-12T19:35:41.209151+00:00
85e6e4e2404ef7268659739997758da1,2026-10-21T23:10:00Z,Orlando Magic,Atlanta Hawks,BetMGM,betmgm,totals,Over,-110,233.5,the_odds_api,2026-09-12T19:35:41.209151+00:00
85e6e4e2404ef7268659739997758da1,2026-10-21T23:10:00Z,Orlando Magic,Atlanta Hawks,BetMGM,betmgm,totals,Under,-110,233.5,the_odds_api,2026-09-12T19:35:41.209151+00:00
85e6e4e2404ef7268659739997758da1,2026-10-21T23:10:00Z,Orlando Magic,Atlanta Hawks,Caesars,williamhill_us,h2h,Atlanta Hawks,115,,the_odds_api,2026-09-12T19:35:41.209151+00:00
85e6e4e2404ef7268659739997758da1,2026-10-21T23:10:00Z,Orlando Magic,Atlanta Hawks,Caesars,williamhill_us,h2h,Orlando Magic,-135,,the_odds_api,2026-09-12T19:35:41.209151+00:00
85e6e4e2404ef7268659739997758da1,2026-10-21T23:10:00Z,Orlando Magic,Atlanta Hawks,Caesars,williamhill_us,spreads,Atlanta Hawks,-110,2.5,the_odds_api,2026-09-12T19:35:41.209151+00:00
85e6e4e2404ef7268659739997758da1,2026-10-21T23:10:00Z,Orlando Magic,Atlanta Hawks,Caesars,williamhill_us,spreads,Orlando Magic,-110,-2.5,the_odds_api,2026-09-12T19:35:41.209151+00:00
85e6e4e2404ef7268659739997758da1,2026-10-21T23:10:00Z,Orlando Magic,Atlanta Hawks,Caesars,williamhill_us,totals,Over,-110,233.5,the_odds_api,2026-09-12T19:35:41.209151+00:00
85e6e4e2404ef7268659739997758da1,2026-10-21T23:10:00Z,Orlando Magic,Atlanta Hawks,Caesars,williamhill_us,totals,Under,-110,233.5,the_odds_api,2026-09-12T19:35:41.209151+00:00
85e6e4e2404ef7268659739997758da1,2026-10-21T23:10:00Z,Orlando Magic,Atlanta Hawks,BetOnline.ag,betonlineag,spreads,Atlanta Hawks,-110,2.5,the_odds_api,2026-09-12T19:35:41.209151+00:00
85e6e4e2404ef7268659739997758da1,2026-10-21T23:10:00Z,Orlando Magic,Atlanta Hawks,BetOnline.ag,betonlineag,spreads,Orlando Magic,-110,-2.5,the_odds_api,2026-09-12T19:35:41.209151+00:00
85e6e4e2404ef7268659739997758da1,2026-10-21T23:10:00Z,Orlando Magic,Atlanta Hawks,BetOnline.ag,betonlineag,totals,Over,-110,233.5,the_odds_api,2026-09-12T19:35:41.209151+00:00
85e6e4e2404ef7268659739997758da1,2026-10-21T23:10:00Z,Orlando Magic,Atlanta Hawks,BetOnline.ag,betonlineag,totals,Under,-110,233.5,the_odds_api,2026-09-12T19:35:41.209151+00:00
85e6e4e2404ef7268659739997758da1,2026-10-21T23:10:00Z,Orlando Magic,Atlanta Hawks,LowVig.ag,lowvig,spreads,Atlanta Hawks,-106,2.5,the_odds_api,2026-09-12T19:35:41.209151+00:00
85e6e4e2404ef7268659739997758da1,2026-10-21T23:10:00Z,Orlando Magic,Atlanta Hawks,LowVig.ag,lowvig,spreads,Orlando Magic,-106,-2.5,the_odds_api,2026-09-12T19:35:41.209151+00:00
85e6e4e2404ef7268659739997758da1,2026-10-21T23:10:00Z,Orlando Magic,Atlanta Hawks,LowVig.ag,lowvig,totals,Over,-107,233.5,the_odds_api,2026-09-12T19:35:41.209151+00:00
85e6e4e2404ef7268659739997758da1,2026-10-21T23:10:00Z,Orlando Magic,Atlanta Hawks,LowVig.ag,lowvig,totals,Under,-107,233.5,the_odds_api,2026-09-12T19:35:41.209151+00:00
164cc0396837d5ff433215ffd3279283,2026-10-21T23:10:00Z,Washington Wizards,Milwaukee Bucks,DraftKings,draftkings,h2h,Milwaukee Bucks,190,,the_odds_api,2026-09-12T19:35:41.209151+00:00
164cc0396837d5ff433215ffd3279283,2026-10-21T23:10:00Z,Washington Wizards,Milwaukee Bucks,DraftKings,draftkings,h2h,Washington Wizards,-230,,the_odds_api,2026-09-12T19:35:41.209151+00:00
164cc0396837d5ff433215ffd3279283,2026-10-21T23:10:00Z,Washington Wizards,Milwaukee Bucks,DraftKings,draftkings,spreads,Milwaukee Bucks,-110,6.5,the_odds_api,2026-09-12T19:35:41.209151+00:00
164cc0396837d5ff433215ffd3279283,2026-10-21T23:10:00Z,Washington Wizards,Milwaukee Bucks,DraftKings,draftkings,spreads,Washington Wizards,-110,-6.5,the_odds_api,2026-09-12T19:35:41.209151+00:00
164cc0396837d5ff433215ffd3279283,2026-10-21T23:10:00Z,Washington Wizards,Milwaukee Bucks,DraftKings,draftkings,totals,Over,-105,238.5,the_odds_api,2026-09-12T19:35:41.209151+00:00
164cc0396837d5ff433215ffd3279283,2026-10-21T23:10:00Z,Washington Wizards,Milwaukee Bucks,DraftKings,draftkings,totals,Under,-115,238.5,the_odds_api,2026-09-12T19:35:41.209151+00:00
164cc0396837d5ff433215ffd3279283,2026-10-21T23:10:00Z,Washington Wizards,Milwaukee Bucks,Bovada,bovada,h2h,Milwaukee Bucks,190,,the_odds_api,2026-09-12T19:35:41.209151+00:00
164cc0396837d5ff433215ffd3279283,2026-10-21T23:10:00Z,Washington Wizards,Milwaukee Bucks,Bovada,bovada,h2h,Washington Wizards,-230,,the_odds_api,2026-09-12T19:35:41.209151+00:00
164cc0396837d5ff433215ffd3279283,2026-10-21T23:10:00Z,Washington Wizards,Milwaukee Bucks,Bovada,bovada,spreads,Milwaukee Bucks,-110,6.5,the_odds_api,2026-09-12T19:35:41.209151+00:00
164cc0396837d5ff433215ffd3279283,2026-10-21T23:10:00Z,Washington Wizards,Milwaukee Bucks,Bovada,bovada,spreads,Washington Wizards,-110,-6.5,the_odds_api,2026-09-12T19:35:41.209151+00:00
164cc0396837d5ff433215ffd3279283,2026-10-21T23:10:00Z,Washington Wizards,Milwaukee Bucks,Bovada,bovada,totals,Over,-105,238.5,the_odds_api,2026-09-12T19:35:41.209151+00:00
164cc0396837d5ff433215ffd3279283,2026-10-21T23:10:00Z,Washington Wizards,Milwaukee Bucks,Bovada,bovada,totals,Under,-115,238.5,the_odds_api,2026-09-12T19:35:41.209151+00:00
164cc0396837d5ff433215ffd3279283,2026-10-21T23:10:00Z,Washington Wizards,Milwaukee Bucks,BetMGM,betmgm,h2h,Milwaukee Bucks,180,,the_odds_api,2026-09-12T19:35:41.209151+00:00
164cc0396837d5ff433215ffd3279283,2026-10-21T23:10:00Z,Washington Wizards,Milwaukee Bucks,BetMGM,betmgm,h2h,Washington Wizards,-220,,the_odds_api,2026-09-12T19:35:41.209151+00:00
164cc0396837d5ff433215ffd3279283,2026-10-21T23:10:00Z,Washington Wizards,Milwaukee Bucks,BetMGM,betmgm,spreads,Milwaukee Bucks,-110,6.5,the_odds_api,2026-09-12T19:35:41.209151+00:00
164cc0396837d5ff433215ffd3279283,2026-10-21T23:10:00Z,Washington Wizards,Milwaukee Bucks,BetMGM,betmgm,spreads,Washington Wizards,-110,-6.5,the_odds_api,2026-09-12T19:35:41.209151+00:00
164cc0396837d5ff433215ffd3279283,2026-10-21T23:10:00Z,Washington Wizards,Milwaukee Bucks,BetMGM,betmgm,totals,Over,-110,238.5,the_odds_api,2026-09-12T19:35:41.209151+00:00
164cc0396837d5ff433215ffd3279283,2026-10-21T23:10:00Z,Washington Wizards,Milwaukee Bucks,BetMGM,betmgm,totals,Under,-110,238.5,the_odds_api,2026-09-12T19:35:41.209151+00:00
164cc0396837d5ff433215ffd3279283,2026-10-21T23:10:00Z,Washington Wizards,Milwaukee Bucks,Caesars,williamhill_us,h2h,Milwaukee Bucks,192,,the_odds_api,2026-09-12T19:35:41.209151+00:00
164cc0396837d5ff433215ffd3279283,2026-10-21T23:10:00Z,Washington Wizards,Milwaukee Bucks,Caesars,williamhill_us,h2h,Washington Wizards,-235,,the_odds_api,2026-09-12T19:35:41.209151+00:00
164cc0396837d5ff433215ffd3279283,2026-10-21T23:10:00Z,Washington Wizards,Milwaukee Bucks,Caesars,williamhill_us,spreads,Milwaukee Bucks,-115,6.0,the_odds_api,2026-09-12T19:35:41.209151+00:00
164cc0396837d5ff433215ffd3279283,2026-10-21T23:10:00Z,Washington Wizards,Milwaukee Bucks,Caesars,williamhill_us,spreads,Washington Wizards,-105,-6.0,the_odds_api,2026-09-12T19:35:41.209151+00:00
164cc0396837d5ff433215ffd3279283,2026-10-21T23:10:00Z,Washington Wizards,Milwaukee Bucks,Caesars,williamhill_us,totals,Over,-115,239.5,the_odds_api,2026-09-12T19:35:41.209151+00:00
164cc0396837d5ff433215ffd3279283,2026-10-21T23:10:00Z,Washington Wizards,Milwaukee Bucks,Caesars,williamhill_us,totals,Under,-105,239.5,the_odds_api,2026-09-12T19:35:41.209151+00:00
164cc0396837d5ff433215ffd3279283,2026-10-21T23:10:00Z,Washington Wizards,Milwaukee Bucks,BetOnline.ag,betonlineag,spreads,Milwaukee Bucks,-110,6.5,the_odds_api,2026-09-12T19:35:41.209151+00:00
164cc0396837d5ff433215ffd3279283,2026-10-21T23:10:00Z,Washington Wizards,Milwaukee Bucks,BetOnline.ag,betonlineag,spreads,Washington Wizards,-110,-6.5,the_odds_api,2026-09-12T19:35:41.209151+00:00
164cc0396837d5ff433215ffd3279283,2026-10-21T23:10:00Z,Washington Wizards,Milwaukee Bucks,BetOnline.ag,betonlineag,totals,Over,-115,238.5,the_odds_api,2026-09-12T19:35:41.209151+00:00
164cc0396837d5ff433215ffd3279283,2026-10-21T23:10:00Z,Washington Wizards,Milwaukee Bucks,BetOnline.ag,betonlineag,totals,Under,-105,238.5,the_odds_api,2026-09-12T19:35:41.209151+00:00
164cc0396837d5ff433215ffd3279283,2026-10-21T23:10:00Z,Washington Wizards,Milwaukee Bucks,LowVig.ag,lowvig,spreads,Milwaukee Bucks,-106,6.5,the_odds_api,2026-09-12T19:35:41.209151+00:00
164cc0396837d5ff433215ffd3279283,2026-10-21T23:10:00Z,Washington Wizards,Milwaukee Bucks,LowVig.ag,lowvig,spreads,Washington Wizards,-106,-6.5,the_odds_api,2026-09-12T19:35:41.209151+00:00
164cc0396837d5ff433215ffd3279283,2026-10-21T23:10:00Z,Washington Wizards,Milwaukee Bucks,LowVig.ag,lowvig,totals,Over,-113,238.5,the_odds_api,2026-09-12T19:35:41.209151+00:00
164cc0396837d5ff433215ffd3279283,2026-10-21T23:10:00Z,Washington Wizards,Milwaukee Bucks,LowVig.ag,lowvig,totals,Under,-102,238.5,the_odds_api,2026-09-12T19:35:41.209151+00:00
47cc511bb5ce50f715e3625ce5ef77ee,2026-10-21T23:40:00Z,Brooklyn Nets,Charlotte Hornets,DraftKings,draftkings,h2h,Brooklyn Nets,142,,the_odds_api,2026-09-12T19:35:41.209151+00:00
47cc511bb5ce50f715e3625ce5ef77ee,2026-10-21T23:40:00Z,Brooklyn Nets,Charlotte Hornets,DraftKings,draftkings,h2h,Charlotte Hornets,-170,,the_odds_api,2026-09-12T19:35:41.209151+00:00
47cc511bb5ce50f715e3625ce5ef77ee,2026-10-21T23:40:00Z,Brooklyn Nets,Charlotte Hornets,DraftKings,draftkings,spreads,Brooklyn Nets,-110,4.5,the_odds_api,2026-09-12T19:35:41.209151+00:00
47cc511bb5ce50f715e3625ce5ef77ee,2026-10-21T23:40:00Z,Brooklyn Nets,Charlotte Hornets,DraftKings,draftkings,spreads,Charlotte Hornets,-110,-4.5,the_odds_api,2026-09-12T19:35:41.209151+00:00
47cc511bb5ce50f715e3625ce5ef77ee,2026-10-21T23:40:00Z,Brooklyn Nets,Charlotte Hornets,DraftKings,draftkings,totals,Over,-105,226.5,the_odds_api,2026-09-12T19:35:41.209151+00:00
47cc511bb5ce50f715e3625ce5ef77ee,2026-10-21T23:40:00Z,Brooklyn Nets,Charlotte Hornets,DraftKings,draftkings,totals,Under,-115,226.5,the_odds_api,2026-09-12T19:35:41.209151+00:00
47cc511bb5ce50f715e3625ce5ef77ee,2026-10-21T23:40:00Z,Brooklyn Nets,Charlotte Hornets,Bovada,bovada,h2h,Brooklyn Nets,145,,the_odds_api,2026-09-12T19:35:41.209151+00:00
47cc511bb5ce50f715e3625ce5ef77ee,2026-10-21T23:40:00Z,Brooklyn Nets,Charlotte Hornets,Bovada,bovada,h2h,Charlotte Hornets,-170,,the_odds_api,2026-09-12T19:35:41.209151+00:00
47cc511bb5ce50f715e3625ce5ef77ee,2026-10-21T23:40:00Z,Brooklyn Nets,Charlotte Hornets,Bovada,bovada,spreads,Brooklyn Nets,-110,4.5,the_odds_api,2026-09-12T19:35:41.209151+00:00
47cc511bb5ce50f715e3625ce5ef77ee,2026-10-21T23:40:00Z,Brooklyn Nets,Charlotte Hornets,Bovada,bovada,spreads,Charlotte Hornets,-110,-4.5,the_odds_api,2026-09-12T19:35:41.209151+00:00
47cc511bb5ce50f715e3625ce5ef77ee,2026-10-21T23:40:00Z,Brooklyn Nets,Charlotte Hornets,Bovada,bovada,totals,Over,-105,226.5,the_odds_api,2026-09-12T19:35:41.209151+00:00
47cc511bb5ce50f715e3625ce5ef77ee,2026-10-21T23:40:00Z,Brooklyn Nets,Charlotte Hornets,Bovada,bovada,totals,Under,-115,226.5,the_odds_api,2026-09-12T19:35:41.209151+00:00
47cc511bb5ce50f715e3625ce5ef77ee,2026-10-21T23:40:00Z,Brooklyn Nets,Charlotte Hornets,BetMGM,betmgm,h2h,Brooklyn Nets,140,,the_odds_api,2026-09-12T19:35:41.209151+00:00
47cc511bb5ce50f715e3625ce5ef77ee,2026-10-21T23:40:00Z,Brooklyn Nets,Charlotte Hornets,BetMGM,betmgm,h2h,Charlotte Hornets,-165,,the_odds_api,2026-09-12T19:35:41.209151+00:00
47cc511bb5ce50f715e3625ce5ef77ee,2026-10-21T23:40:00Z,Brooklyn Nets,Charlotte Hornets,BetMGM,betmgm,spreads,Brooklyn Nets,-110,4.5,the_odds_api,2026-09-12T19:35:41.209151+00:00
47cc511bb5ce50f715e3625ce5ef77ee,2026-10-21T23:40:00Z,Brooklyn Nets,Charlotte Hornets,BetMGM,betmgm,spreads,Charlotte Hornets,-110,-4.5,the_odds_api,2026-09-12T19:35:41.209151+00:00
47cc511bb5ce50f715e3625ce5ef77ee,2026-10-21T23:40:00Z,Brooklyn Nets,Charlotte Hornets,BetMGM,betmgm,totals,Over,-105,226.5,the_odds_api,2026-09-12T19:35:41.209151+00:00
47cc511bb5ce50f715e3625ce5ef77ee,2026-10-21T23:40:00Z,Brooklyn Nets,Charlotte Hornets,BetMGM,betmgm,totals,Under,-115,226.5,the_odds_api,2026-09-12T19:35:41.209151+00:00
47cc511bb5ce50f715e3625ce5ef77ee,2026-10-21T23:40:00Z,Brooklyn Nets,Charlotte Hornets,Caesars,williamhill_us,h2h,Brooklyn Nets,152,,the_odds_api,2026-09-12T19:35:41.209151+00:00
47cc511bb5ce50f715e3625ce5ef77ee,2026-10-21T23:40:00Z,Brooklyn Nets,Charlotte Hornets,Caesars,williamhill_us,h2h,Charlotte Hornets,-180,,the_odds_api,2026-09-12T19:35:41.209151+00:00
47cc511bb5ce50f715e3625ce5ef77ee,2026-10-21T23:40:00Z,Brooklyn Nets,Charlotte Hornets,Caesars,williamhill_us,spreads,Brooklyn Nets,-110,4.5,the_odds_api,2026-09-12T19:35:41.209151+00:00
47cc511bb5ce50f715e3625ce5ef77ee,2026-10-21T23:40:00Z,Brooklyn Nets,Charlotte Hornets,Caesars,williamhill_us,spreads,Charlotte Hornets,-110,-4.5,the_odds_api,2026-09-12T19:35:41.209151+00:00
47cc511bb5ce50f715e3625ce5ef77ee,2026-10-21T23:40:00Z,Brooklyn Nets,Charlotte Hornets,Caesars,williamhill_us,totals,Over,-110,225.5,the_odds_api,2026-09-12T19:35:41.209151+00:00
47cc511bb5ce50f715e3625ce5ef77ee,2026-10-21T23:40:00Z,Brooklyn Nets,Charlotte Hornets,Caesars,williamhill_us,totals,Under,-110,225.5,the_odds_api,2026-09-12T19:35:41.209151+00:00
47cc511bb5ce50f715e3625ce5ef77ee,2026-10-21T23:40:00Z,Brooklyn Nets,Charlotte Hornets,BetOnline.ag,betonlineag,spreads,Brooklyn Nets,-110,4.5,the_odds_api,2026-09-12T19:35:41.209151+00:00
47cc511bb5ce50f715e3625ce5ef77ee,2026-10-21T23:40:00Z,Brooklyn Nets,Charlotte Hornets,BetOnline.ag,betonlineag,spreads,Charlotte Hornets,-110,-4.5,the_odds_api,2026-09-12T19:35:41.209151+00:00
47cc511bb5ce50f715e3625ce5ef77ee,2026-10-21T23:40:00Z,Brooklyn Nets,Charlotte Hornets,BetOnline.ag,betonlineag,totals,Over,-110,224.5,the_odds_api,2026-09-12T19:35:41.209151+00:00
47cc511bb5ce50f715e3625ce5ef77ee,2026-10-21T23:40:00Z,Brooklyn Nets,Charlotte Hornets,BetOnline.ag,betonlineag,totals,Under,-110,224.5,the_odds_api,2026-09-12T19:35:41.209151+00:00
47cc511bb5ce50f715e3625ce5ef77ee,2026-10-21T23:40:00Z,Brooklyn Nets,Charlotte Hornets,LowVig.ag,lowvig,spreads,Brooklyn Nets,-106,4.5,the_odds_api,2026-09-12T19:35:41.209151+00:00
47cc511bb5ce50f715e3625ce5ef77ee,2026-10-21T23:40:00Z,Brooklyn Nets,Charlotte Hornets,LowVig.ag,lowvig,spreads,Charlotte Hornets,-106,-4.5,the_odds_api,2026-09-12T19:35:41.209151+00:00
47cc511bb5ce50f715e3625ce5ef77ee,2026-10-21T23:40:00Z,Brooklyn Nets,Charlotte Hornets,LowVig.ag,lowvig,totals,Over,-107,224.5,the_odds_api,2026-09-12T19:35:41.209151+00:00
47cc511bb5ce50f715e3625ce5ef77ee,2026-10-21T23:40:00Z,Brooklyn Nets,Charlotte Hornets,LowVig.ag,lowvig,totals,Under,-107,224.5,the_odds_api,2026-09-12T19:35:41.209151+00:00
93cdd8e4ade5697cfccf42ee42c4d207,2026-10-21T23:40:00Z,Miami Heat,Minnesota Timberwolves,DraftKings,draftkings,h2h,Miami Heat,-125,,the_odds_api,2026-09-12T19:35:41.209151+00:00
93cdd8e4ade5697cfccf42ee42c4d207,2026-10-21T23:40:00Z,Miami Heat,Minnesota Timberwolves,DraftKings,draftkings,h2h,Minnesota Timberwolves,105,,the_odds_api,2026-09-12T19:35:41.209151+00:00
93cdd8e4ade5697cfccf42ee42c4d207,2026-10-21T23:40:00Z,Miami Heat,Minnesota Timberwolves,DraftKings,draftkings,spreads,Miami Heat,-115,-1.5,the_odds_api,2026-09-12T19:35:41.209151+00:00
93cdd8e4ade5697cfccf42ee42c4d207,2026-10-21T23:40:00Z,Miami Heat,Minnesota Timberwolves,DraftKings,draftkings,spreads,Minnesota Timberwolves,-105,1.5,the_odds_api,2026-09-12T19:35:41.209151+00:00
93cdd8e4ade5697cfccf42ee42c4d207,2026-10-21T23:40:00Z,Miami Heat,Minnesota Timberwolves,DraftKings,draftkings,totals,Over,-115,242.5,the_odds_api,2026-09-12T19:35:41.209151+00:00
93cdd8e4ade5697cfccf42ee42c4d207,2026-10-21T23:40:00Z,Miami Heat,Minnesota Timberwolves,DraftKings,draftkings,totals,Under,-105,242.5,the_odds_api,2026-09-12T19:35:41.209151+00:00
93cdd8e4ade5697cfccf42ee42c4d207,2026-10-21T23:40:00Z,Miami Heat,Minnesota Timberwolves,FanDuel,fanduel,h2h,Miami Heat,-116,,the_odds_api,2026-09-12T19:35:41.209151+00:00
93cdd8e4ade5697cfccf42ee42c4d207,2026-10-21T23:40:00Z,Miami Heat,Minnesota Timberwolves,FanDuel,fanduel,h2h,Minnesota Timberwolves,-102,,the_odds_api,2026-09-12T19:35:41.209151+00:00
93cdd8e4ade5697cfccf42ee42c4d207,2026-10-21T23:40:00Z,Miami Heat,Minnesota Timberwolves,FanDuel,fanduel,spreads,Miami Heat,-106,-1.5,the_odds_api,2026-09-12T19:35:41.209151+00:00
93cdd8e4ade5697cfccf42ee42c4d207,2026-10-21T23:40:00Z,Miami Heat,Minnesota Timberwolves,FanDuel,fanduel,spreads,Minnesota Timberwolves,-114,1.5,the_odds_api,2026-09-12T19:35:41.209151+00:00
93cdd8e4ade5697cfccf42ee42c4d207,2026-10-21T23:40:00Z,Miami Heat,Minnesota Timberwolves,FanDuel,fanduel,totals,Over,-110,243.5,the_odds_api,2026-09-12T19:35:41.209151+00:00
93cdd8e4ade5697cfccf42ee42c4d207,2026-10-21T23:40:00Z,Miami Heat,Minnesota Timberwolves,FanDuel,fanduel,totals,Under,-110,243.5,the_odds_api,2026-09-12T19:35:41.209151+00:00
93cdd8e4ade5697cfccf42ee42c4d207,2026-10-21T23:40:00Z,Miami Heat,Minnesota Timberwolves,Caesars,williamhill_us,h2h,Miami Heat,-120,,the_odds_api,2026-09-12T19:35:41.209151+00:00
93cdd8e4ade5697cfccf42ee42c4d207,2026-10-21T23:40:00Z,Miami Heat,Minnesota Timberwolves,Caesars,williamhill_us,h2h,Minnesota Timberwolves,100,,the_odds_api,2026-09-12T19:35:41.209151+00:00
93cdd8e4ade5697cfccf42ee42c4d207,2026-10-21T23:40:00Z,Miami Heat,Minnesota Timberwolves,Caesars,williamhill_us,spreads,Miami Heat,-110,-1.5,the_odds_api,2026-09-12T19:35:41.209151+00:00
93cdd8e4ade5697cfccf42ee42c4d207,2026-10-21T23:40:00Z,Miami Heat,Minnesota Timberwolves,Caesars,williamhill_us,spreads,Minnesota Timberwolves,-110,1.5,the_odds_api,2026-09-12T19:35:41.209151+00:00
93cdd8e4ade5697cfccf42ee42c4d207,2026-10-21T23:40:00Z,Miami Heat,Minnesota Timberwolves,Caesars,williamhill_us,totals,Over,-110,242.5,the_odds_api,2026-09-12T19:35:41.209151+00:00
93cdd8e4ade5697cfccf42ee42c4d207,2026-10-21T23:40:00Z,Miami Heat,Minnesota Timberwolves,Caesars,williamhill_us,totals,Under,-110,242.5,the_odds_api,2026-09-12T19:35:41.209151+00:00
93cdd8e4ade5697cfccf42ee42c4d207,2026-10-21T23:40:00Z,Miami Heat,Minnesota Timberwolves,Bovada,bovada,h2h,Miami Heat,-125,,the_odds_api,2026-09-12T19:35:41.209151+00:00
93cdd8e4ade5697cfccf42ee42c4d207,2026-10-21T23:40:00Z,Miami Heat,Minnesota Timberwolves,Bovada,bovada,h2h,Minnesota Timberwolves,105,,the_odds_api,2026-09-12T19:35:41.209151+00:00
93cdd8e4ade5697cfccf42ee42c4d207,2026-10-21T23:40:00Z,Miami Heat,Minnesota Timberwolves,Bovada,bovada,spreads,Miami Heat,-115,-1.5,the_odds_api,2026-09-12T19:35:41.209151+00:00
93cdd8e4ade5697cfccf42ee42c4d207,2026-10-21T23:40:00Z,Miami Heat,Minnesota Timberwolves,Bovada,bovada,spreads,Minnesota Timberwolves,-105,1.5,the_odds_api,2026-09-12T19:35:41.209151+00:00
93cdd8e4ade5697cfccf42ee42c4d207,2026-10-21T23:40:00Z,Miami Heat,Minnesota Timberwolves,Bovada,bovada,totals,Over,-115,242.5,the_odds_api,2026-09-12T19:35:41.209151+00:00
93cdd8e4ade5697cfccf42ee42c4d207,2026-10-21T23:40:00Z,Miami Heat,Minnesota Timberwolves,Bovada,bovada,totals,Under,-105,242.5,the_odds_api,2026-09-12T19:35:41.209151+00:00
93cdd8e4ade5697cfccf42ee42c4d207,2026-10-21T23:40:00Z,Miami Heat,Minnesota Timberwolves,BetMGM,betmgm,h2h,Miami Heat,-120,,the_odds_api,2026-09-12T19:35:41.209151+00:00
93cdd8e4ade5697cfccf42ee42c4d207,2026-10-21T23:40:00Z,Miami Heat,Minnesota Timberwolves,BetMGM,betmgm,h2h,Minnesota Timberwolves,105,,the_odds_api,2026-09-12T19:35:41.209151+00:00
93cdd8e4ade5697cfccf42ee42c4d207,2026-10-21T23:40:00Z,Miami Heat,Minnesota Timberwolves,BetMGM,betmgm,spreads,Miami Heat,-110,-1.5,the_odds_api,2026-09-12T19:35:41.209151+00:00
93cdd8e4ade5697cfccf42ee42c4d207,2026-10-21T23:40:00Z,Miami Heat,Minnesota Timberwolves,BetMGM,betmgm,spreads,Minnesota Timberwolves,-110,1.5,the_odds_api,2026-09-12T19:35:41.209151+00:00
93cdd8e4ade5697cfccf42ee42c4d207,2026-10-21T23:40:00Z,Miami Heat,Minnesota Timberwolves,BetMGM,betmgm,totals,Over,-110,243.5,the_odds_api,2026-09-12T19:35:41.209151+00:00
93cdd8e4ade5697cfccf42ee42c4d207,2026-10-21T23:40:00Z,Miami Heat,Minnesota Timberwolves,BetMGM,betmgm,totals,Under,-110,243.5,the_odds_api,2026-09-12T19:35:41.209151+00:00
93cdd8e4ade5697cfccf42ee42c4d207,2026-10-21T23:40:00Z,Miami Heat,Minnesota Timberwolves,LowVig.ag,lowvig,spreads,Miami Heat,-106,-1.5,the_odds_api,2026-09-12T19:35:41.209151+00:00
93cdd8e4ade5697cfccf42ee42c4d207,2026-10-21T23:40:00Z,Miami Heat,Minnesota Timberwolves,LowVig.ag,lowvig,spreads,Minnesota Timberwolves,-106,1.5,the_odds_api,2026-09-12T19:35:41.209151+00:00
93cdd8e4ade5697cfccf42ee42c4d207,2026-10-21T23:40:00Z,Miami Heat,Minnesota Timberwolves,LowVig.ag,lowvig,totals,Over,-107,242.5,the_odds_api,2026-09-12T19:35:41.209151+00:00
93cdd8e4ade5697cfccf42ee42c4d207,2026-10-21T23:40:00Z,Miami Heat,Minnesota Timberwolves,LowVig.ag,lowvig,totals,Under,-107,242.5,the_odds_api,2026-09-12T19:35:41.209151+00:00
93cdd8e4ade5697cfccf42ee42c4d207,2026-10-21T23:40:00Z,Miami Heat,Minnesota Timberwolves,BetOnline.ag,betonlineag,spreads,Miami Heat,-110,-1.5,the_odds_api,2026-09-12T19:35:41.209151+00:00
93cdd8e4ade5697cfccf42ee42c4d207,2026-10-21T23:40:00Z,Miami Heat,Minnesota Timberwolves,BetOnline.ag,betonlineag,spreads,Minnesota Timberwolves,-110,1.5,the_odds_api,2026-09-12T19:35:41.209151+00:00
93cdd8e4ade5697cfccf42ee42c4d207,2026-10-21T23:40:00Z,Miami Heat,Minnesota Timberwolves,BetOnline.ag,betonlineag,totals,Over,-110,242.5,the_odds_api,2026-09-12T19:35:41.209151+00:00
93cdd8e4ade5697cfccf42ee42c4d207,2026-10-21T23:40:00Z,Miami Heat,Minnesota Timberwolves,BetOnline.ag,betonlineag,totals,Under,-110,242.5,the_odds_api,2026-09-12T19:35:41.209151+00:00
fd33c09c84ab4c2fe6955d59f8dc5dd2,2026-10-22T00:10:00Z,New Orleans Pelicans,Indiana Pacers,DraftKings,draftkings,h2h,Indiana Pacers,-162,,the_odds_api,2026-09-12T19:35:41.209151+00:00
fd33c09c84ab4c2fe6955d59f8dc5dd2,2026-10-22T00:10:00Z,New Orleans Pelicans,Indiana Pacers,DraftKings,draftkings,h2h,New Orleans Pelicans,136,,the_odds_api,2026-09-12T19:35:41.209151+00:00
fd33c09c84ab4c2fe6955d59f8dc5dd2,2026-10-22T00:10:00Z,New Orleans Pelicans,Indiana Pacers,DraftKings,draftkings,spreads,Indiana Pacers,-105,-4.5,the_odds_api,2026-09-12T19:35:41.209151+00:00
fd33c09c84ab4c2fe6955d59f8dc5dd2,2026-10-22T00:10:00Z,New Orleans Pelicans,Indiana Pacers,DraftKings,draftkings,spreads,New Orleans Pelicans,-115,4.5,the_odds_api,2026-09-12T19:35:41.209151+00:00
fd33c09c84ab4c2fe6955d59f8dc5dd2,2026-10-22T00:10:00Z,New Orleans Pelicans,Indiana Pacers,DraftKings,draftkings,totals,Over,-115,242.5,the_odds_api,2026-09-12T19:35:41.209151+00:00
fd33c09c84ab4c2fe6955d59f8dc5dd2,2026-10-22T00:10:00Z,New Orleans Pelicans,Indiana Pacers,DraftKings,draftkings,totals,Under,-105,242.5,the_odds_api,2026-09-12T19:35:41.209151+00:00
fd33c09c84ab4c2fe6955d59f8dc5dd2,2026-10-22T00:10:00Z,New Orleans Pelicans,Indiana Pacers,Bovada,bovada,h2h,Indiana Pacers,-160,,the_odds_api,2026-09-12T19:35:41.209151+00:00
fd33c09c84ab4c2fe6955d59f8dc5dd2,2026-10-22T00:10:00Z,New Orleans Pelicans,Indiana Pacers,Bovada,bovada,h2h,New Orleans Pelicans,135,,the_odds_api,2026-09-12T19:35:41.209151+00:00
fd33c09c84ab4c2fe6955d59f8dc5dd2,2026-10-22T00:10:00Z,New Orleans Pelicans,Indiana Pacers,Bovada,bovada,spreads,Indiana Pacers,-105,-4.5,the_odds_api,2026-09-12T19:35:41.209151+00:00
fd33c09c84ab4c2fe6955d59f8dc5dd2,2026-10-22T00:10:00Z,New Orleans Pelicans,Indiana Pacers,Bovada,bovada,spreads,New Orleans Pelicans,-115,4.5,the_odds_api,2026-09-12T19:35:41.209151+00:00
fd33c09c84ab4c2fe6955d59f8dc5dd2,2026-10-22T00:10:00Z,New Orleans Pelicans,Indiana Pacers,Bovada,bovada,totals,Over,-115,242.5,the_odds_api,2026-09-12T19:35:41.209151+00:00
fd33c09c84ab4c2fe6955d59f8dc5dd2,2026-10-22T00:10:00Z,New Orleans Pelicans,Indiana Pacers,Bovada,bovada,totals,Under,-105,242.5,the_odds_api,2026-09-12T19:35:41.209151+00:00
fd33c09c84ab4c2fe6955d59f8dc5dd2,2026-10-22T00:10:00Z,New Orleans Pelicans,Indiana Pacers,BetMGM,betmgm,h2h,Indiana Pacers,-165,,the_odds_api,2026-09-12T19:35:41.209151+00:00
fd33c09c84ab4c2fe6955d59f8dc5dd2,2026-10-22T00:10:00Z,New Orleans Pelicans,Indiana Pacers,BetMGM,betmgm,h2h,New Orleans Pelicans,140,,the_odds_api,2026-09-12T19:35:41.209151+00:00
fd33c09c84ab4c2fe6955d59f8dc5dd2,2026-10-22T00:10:00Z,New Orleans Pelicans,Indiana Pacers,BetMGM,betmgm,spreads,Indiana Pacers,-115,-3.5,the_odds_api,2026-09-12T19:35:41.209151+00:00
fd33c09c84ab4c2fe6955d59f8dc5dd2,2026-10-22T00:10:00Z,New Orleans Pelicans,Indiana Pacers,BetMGM,betmgm,spreads,New Orleans Pelicans,-105,3.5,the_odds_api,2026-09-12T19:35:41.209151+00:00
fd33c09c84ab4c2fe6955d59f8dc5dd2,2026-10-22T00:10:00Z,New Orleans Pelicans,Indiana Pacers,BetMGM,betmgm,totals,Over,-110,243.5,the_odds_api,2026-09-12T19:35:41.209151+00:00
fd33c09c84ab4c2fe6955d59f8dc5dd2,2026-10-22T00:10:00Z,New Orleans Pelicans,Indiana Pacers,BetMGM,betmgm,totals,Under,-110,243.5,the_odds_api,2026-09-12T19:35:41.209151+00:00
fd33c09c84ab4c2fe6955d59f8dc5dd2,2026-10-22T00:10:00Z,New Orleans Pelicans,Indiana Pacers,Caesars,williamhill_us,h2h,Indiana Pacers,-165,,the_odds_api,2026-09-12T19:35:41.209151+00:00
fd33c09c84ab4c2fe6955d59f8dc5dd2,2026-10-22T00:10:00Z,New Orleans Pelicans,Indiana Pacers,Caesars,williamhill_us,h2h,New Orleans Pelicans,140,,the_odds_api,2026-09-12T19:35:41.209151+00:00
fd33c09c84ab4c2fe6955d59f8dc5dd2,2026-10-22T00:10:00Z,New Orleans Pelicans,Indiana Pacers,Caesars,williamhill_us,spreads,Indiana Pacers,-110,-3.5,the_odds_api,2026-09-12T19:35:41.209151+00:00
fd33c09c84ab4c2fe6955d59f8dc5dd2,2026-10-22T00:10:00Z,New Orleans Pelicans,Indiana Pacers,Caesars,williamhill_us,spreads,New Orleans Pelicans,-110,3.5,the_odds_api,2026-09-12T19:35:41.209151+00:00
fd33c09c84ab4c2fe6955d59f8dc5dd2,2026-10-22T00:10:00Z,New Orleans Pelicans,Indiana Pacers,Caesars,williamhill_us,totals,Over,-110,242.5,the_odds_api,2026-09-12T19:35:41.209151+00:00
fd33c09c84ab4c2fe6955d59f8dc5dd2,2026-10-22T00:10:00Z,New Orleans Pelicans,Indiana Pacers,Caesars,williamhill_us,totals,Under,-110,242.5,the_odds_api,2026-09-12T19:35:41.209151+00:00
fd33c09c84ab4c2fe6955d59f8dc5dd2,2026-10-22T00:10:00Z,New Orleans Pelicans,Indiana Pacers,LowVig.ag,lowvig,spreads,Indiana Pacers,-111,-3.5,the_odds_api,2026-09-12T19:35:41.209151+00:00
fd33c09c84ab4c2fe6955d59f8dc5dd2,2026-10-22T00:10:00Z,New Orleans Pelicans,Indiana Pacers,LowVig.ag,lowvig,spreads,New Orleans Pelicans,-101,3.5,the_odds_api,2026-09-12T19:35:41.209151+00:00
fd33c09c84ab4c2fe6955d59f8dc5dd2,2026-10-22T00:10:00Z,New Orleans Pelicans,Indiana Pacers,LowVig.ag,lowvig,totals,Over,-107,242.5,the_odds_api,2026-09-12T19:35:41.209151+00:00
fd33c09c84ab4c2fe6955d59f8dc5dd2,2026-10-22T00:10:00Z,New Orleans Pelicans,Indiana Pacers,LowVig.ag,lowvig,totals,Under,-107,242.5,the_odds_api,2026-09-12T19:35:41.209151+00:00
fd33c09c84ab4c2fe6955d59f8dc5dd2,2026-10-22T00:10:00Z,New Orleans Pelicans,Indiana Pacers,BetOnline.ag,betonlineag,spreads,Indiana Pacers,-115,-3.5,the_odds_api,2026-09-12T19:35:41.209151+00:00
fd33c09c84ab4c2fe6955d59f8dc5dd2,2026-10-22T00:10:00Z,New Orleans Pelicans,Indiana Pacers,BetOnline.ag,betonlineag,spreads,New Orleans Pelicans,-105,3.5,the_odds_api,2026-09-12T19:35:41.209151+00:00
fd33c09c84ab4c2fe6955d59f8dc5dd2,2026-10-22T00:10:00Z,New Orleans Pelicans,Indiana Pacers,BetOnline.ag,betonlineag,totals,Over,-110,242.5,the_odds_api,2026-09-12T19:35:41.209151+00:00
fd33c09c84ab4c2fe6955d59f8dc5dd2,2026-10-22T00:10:00Z,New Orleans Pelicans,Indiana Pacers,BetOnline.ag,betonlineag,totals,Under,-110,242.5,the_odds_api,2026-09-12T19:35:41.209151+00:00
e6769c813dd625b622df94c14a562ce2,2026-10-22T00:10:00Z,Memphis Grizzlies,Utah Jazz,DraftKings,draftkings,h2h,Memphis Grizzlies,124,,the_odds_api,2026-09-12T19:35:41.209151+00:00
e6769c813dd625b622df94c14a562ce2,2026-10-22T00:10:00Z,Memphis Grizzlies,Utah Jazz,DraftKings,draftkings,h2h,Utah Jazz,-148,,the_odds_api,2026-09-12T19:35:41.209151+00:00
e6769c813dd625b622df94c14a562ce2,2026-10-22T00:10:00Z,Memphis Grizzlies,Utah Jazz,DraftKings,draftkings,spreads,Memphis Grizzlies,-102,2.5,the_odds_api,2026-09-12T19:35:41.209151+00:00
e6769c813dd625b622df94c14a562ce2,2026-10-22T00:10:00Z,Memphis Grizzlies,Utah Jazz,DraftKings,draftkings,spreads,Utah Jazz,-118,-2.5,the_odds_api,2026-09-12T19:35:41.209151+00:00
e6769c813dd625b622df94c14a562ce2,2026-10-22T00:10:00Z,Memphis Grizzlies,Utah Jazz,DraftKings,draftkings,totals,Over,-110,241.5,the_odds_api,2026-09-12T19:35:41.209151+00:00
e6769c813dd625b622df94c14a562ce2,2026-10-22T00:10:00Z,Memphis Grizzlies,Utah Jazz,DraftKings,draftkings,totals,Under,-110,241.5,the_odds_api,2026-09-12T19:35:41.209151+00:00
e6769c813dd625b622df94c14a562ce2,2026-10-22T00:10:00Z,Memphis Grizzlies,Utah Jazz,Bovada,bovada,h2h,Memphis Grizzlies,125,,the_odds_api,2026-09-12T19:35:41.209151+00:00
e6769c813dd625b622df94c14a562ce2,2026-10-22T00:10:00Z,Memphis Grizzlies,Utah Jazz,Bovada,bovada,h2h,Utah Jazz,-145,,the_odds_api,2026-09-12T19:35:41.209151+00:00
e6769c813dd625b622df94c14a562ce2,2026-10-22T00:10:00Z,Memphis Grizzlies,Utah Jazz,Bovada,bovada,spreads,Memphis Grizzlies,100,2.5,the_odds_api,2026-09-12T19:35:41.209151+00:00
e6769c813dd625b622df94c14a562ce2,2026-10-22T00:10:00Z,Memphis Grizzlies,Utah Jazz,Bovada,bovada,spreads,Utah Jazz,-120,-2.5,the_odds_api,2026-09-12T19:35:41.209151+00:00
e6769c813dd625b622df94c14a562ce2,2026-10-22T00:10:00Z,Memphis Grizzlies,Utah Jazz,Bovada,bovada,totals,Over,-110,241.5,the_odds_api,2026-09-12T19:35:41.209151+00:00
e6769c813dd625b622df94c14a562ce2,2026-10-22T00:10:00Z,Memphis Grizzlies,Utah Jazz,Bovada,bovada,totals,Under,-110,241.5,the_odds_api,2026-09-12T19:35:41.209151+00:00
e6769c813dd625b622df94c14a562ce2,2026-10-22T00:10:00Z,Memphis Grizzlies,Utah Jazz,BetMGM,betmgm,h2h,Memphis Grizzlies,120,,the_odds_api,2026-09-12T19:35:41.209151+00:00
e6769c813dd625b622df94c14a562ce2,2026-10-22T00:10:00Z,Memphis Grizzlies,Utah Jazz,BetMGM,betmgm,h2h,Utah Jazz,-145,,the_odds_api,2026-09-12T19:35:41.209151+00:00
e6769c813dd625b622df94c14a562ce2,2026-10-22T00:10:00Z,Memphis Grizzlies,Utah Jazz,BetMGM,betmgm,spreads,Memphis Grizzlies,-105,2.5,the_odds_api,2026-09-12T19:35:41.209151+00:00
e6769c813dd625b622df94c14a562ce2,2026-10-22T00:10:00Z,Memphis Grizzlies,Utah Jazz,BetMGM,betmgm,spreads,Utah Jazz,-115,-2.5,the_odds_api,2026-09-12T19:35:41.209151+00:00
e6769c813dd625b622df94c14a562ce2,2026-10-22T00:10:00Z,Memphis Grizzlies,Utah Jazz,BetMGM,betmgm,totals,Over,-110,241.5,the_odds_api,2026-09-12T19:35:41.209151+00:00
e6769c813dd625b622df94c14a562ce2,2026-10-22T00:10:00Z,Memphis Grizzlies,Utah Jazz,BetMGM,betmgm,totals,Under,-110,241.5,the_odds_api,2026-09-12T19:35:41.209151+00:00
e6769c813dd625b622df94c14a562ce2,2026-10-22T00:10:00Z,Memphis Grizzlies,Utah Jazz,Caesars,williamhill_us,h2h,Memphis Grizzlies,122,,the_odds_api,2026-09-12T19:35:41.209151+00:00
e6769c813dd625b622df94c14a562ce2,2026-10-22T00:10:00Z,Memphis Grizzlies,Utah Jazz,Caesars,williamhill_us,h2h,Utah Jazz,-145,,the_odds_api,2026-09-12T19:35:41.209151+00:00
e6769c813dd625b622df94c14a562ce2,2026-10-22T00:10:00Z,Memphis Grizzlies,Utah Jazz,Caesars,williamhill_us,spreads,Memphis Grizzlies,-105,2.5,the_odds_api,2026-09-12T19:35:41.209151+00:00
e6769c813dd625b622df94c14a562ce2,2026-10-22T00:10:00Z,Memphis Grizzlies,Utah Jazz,Caesars,williamhill_us,spreads,Utah Jazz,-115,-2.5,the_odds_api,2026-09-12T19:35:41.209151+00:00
e6769c813dd625b622df94c14a562ce2,2026-10-22T00:10:00Z,Memphis Grizzlies,Utah Jazz,Caesars,williamhill_us,totals,Over,-110,241.5,the_odds_api,2026-09-12T19:35:41.209151+00:00
e6769c813dd625b622df94c14a562ce2,2026-10-22T00:10:00Z,Memphis Grizzlies,Utah Jazz,Caesars,williamhill_us,totals,Under,-110,241.5,the_odds_api,2026-09-12T19:35:41.209151+00:00
e6769c813dd625b622df94c14a562ce2,2026-10-22T00:10:00Z,Memphis Grizzlies,Utah Jazz,LowVig.ag,lowvig,spreads,Memphis Grizzlies,-106,3.5,the_odds_api,2026-09-12T19:35:41.209151+00:00
e6769c813dd625b622df94c14a562ce2,2026-10-22T00:10:00Z,Memphis Grizzlies,Utah Jazz,LowVig.ag,lowvig,spreads,Utah Jazz,-106,-3.5,the_odds_api,2026-09-12T19:35:41.209151+00:00
e6769c813dd625b622df94c14a562ce2,2026-10-22T00:10:00Z,Memphis Grizzlies,Utah Jazz,LowVig.ag,lowvig,totals,Over,-113,242.5,the_odds_api,2026-09-12T19:35:41.209151+00:00
e6769c813dd625b622df94c14a562ce2,2026-10-22T00:10:00Z,Memphis Grizzlies,Utah Jazz,LowVig.ag,lowvig,totals,Under,-102,242.5,the_odds_api,2026-09-12T19:35:41.209151+00:00
e6769c813dd625b622df94c14a562ce2,2026-10-22T00:10:00Z,Memphis Grizzlies,Utah Jazz,BetOnline.ag,betonlineag,spreads,Memphis Grizzlies,-110,3.5,the_odds_api,2026-09-12T19:35:41.209151+00:00
e6769c813dd625b622df94c14a562ce2,2026-10-22T00:10:00Z,Memphis Grizzlies,Utah Jazz,BetOnline.ag,betonlineag,spreads,Utah Jazz,-110,-3.5,the_odds_api,2026-09-12T19:35:41.209151+00:00
e6769c813dd625b622df94c14a562ce2,2026-10-22T00:10:00Z,Memphis Grizzlies,Utah Jazz,BetOnline.ag,betonlineag,totals,Over,-115,242.5,the_odds_api,2026-09-12T19:35:41.209151+00:00
e6769c813dd625b622df94c14a562ce2,2026-10-22T00:10:00Z,Memphis Grizzlies,Utah Jazz,BetOnline.ag,betonlineag,totals,Under,-105,242.5,the_odds_api,2026-09-12T19:35:41.209151+00:00
af2f084075391e55ba2a596e7846bb40,2026-10-22T00:40:00Z,Houston Rockets,Dallas Mavericks,DraftKings,draftkings,h2h,Dallas Mavericks,250,,the_odds_api,2026-09-12T19:35:41.209151+00:00
af2f084075391e55ba2a596e7846bb40,2026-10-22T00:40:00Z,Houston Rockets,Dallas Mavericks,DraftKings,draftkings,h2h,Houston Rockets,-310,,the_odds_api,2026-09-12T19:35:41.209151+00:00
af2f084075391e55ba2a596e7846bb40,2026-10-22T00:40:00Z,Houston Rockets,Dallas Mavericks,DraftKings,draftkings,spreads,Dallas Mavericks,-118,8.5,the_odds_api,2026-09-12T19:35:41.209151+00:00
af2f084075391e55ba2a596e7846bb40,2026-10-22T00:40:00Z,Houston Rockets,Dallas Mavericks,DraftKings,draftkings,spreads,Houston Rockets,-102,-8.5,the_odds_api,2026-09-12T19:35:41.209151+00:00
af2f084075391e55ba2a596e7846bb40,2026-10-22T00:40:00Z,Houston Rockets,Dallas Mavericks,DraftKings,draftkings,totals,Over,-105,227.5,the_odds_api,2026-09-12T19:35:41.209151+00:00
af2f084075391e55ba2a596e7846bb40,2026-10-22T00:40:00Z,Houston Rockets,Dallas Mavericks,DraftKings,draftkings,totals,Under,-115,227.5,the_odds_api,2026-09-12T19:35:41.209151+00:00
af2f084075391e55ba2a596e7846bb40,2026-10-22T00:40:00Z,Houston Rockets,Dallas Mavericks,Bovada,bovada,h2h,Dallas Mavericks,255,,the_odds_api,2026-09-12T19:35:41.209151+00:00
af2f084075391e55ba2a596e7846bb40,2026-10-22T00:40:00Z,Houston Rockets,Dallas Mavericks,Bovada,bovada,h2h,Houston Rockets,-310,,the_odds_api,2026-09-12T19:35:41.209151+00:00
af2f084075391e55ba2a596e7846bb40,2026-10-22T00:40:00Z,Houston Rockets,Dallas Mavericks,Bovada,bovada,spreads,Dallas Mavericks,-120,8.5,the_odds_api,2026-09-12T19:35:41.209151+00:00
af2f084075391e55ba2a596e7846bb40,2026-10-22T00:40:00Z,Houston Rockets,Dallas Mavericks,Bovada,bovada,spreads,Houston Rockets,100,-8.5,the_odds_api,2026-09-12T19:35:41.209151+00:00
af2f084075391e55ba2a596e7846bb40,2026-10-22T00:40:00Z,Houston Rockets,Dallas Mavericks,Bovada,bovada,totals,Over,-105,227.5,the_odds_api,2026-09-12T19:35:41.209151+00:00
af2f084075391e55ba2a596e7846bb40,2026-10-22T00:40:00Z,Houston Rockets,Dallas Mavericks,Bovada,bovada,totals,Under,-115,227.5,the_odds_api,2026-09-12T19:35:41.209151+00:00
af2f084075391e55ba2a596e7846bb40,2026-10-22T00:40:00Z,Houston Rockets,Dallas Mavericks,BetMGM,betmgm,h2h,Dallas Mavericks,240,,the_odds_api,2026-09-12T19:35:41.209151+00:00
af2f084075391e55ba2a596e7846bb40,2026-10-22T00:40:00Z,Houston Rockets,Dallas Mavericks,BetMGM,betmgm,h2h,Houston Rockets,-300,,the_odds_api,2026-09-12T19:35:41.209151+00:00
af2f084075391e55ba2a596e7846bb40,2026-10-22T00:40:00Z,Houston Rockets,Dallas Mavericks,BetMGM,betmgm,spreads,Dallas Mavericks,-115,8.5,the_odds_api,2026-09-12T19:35:41.209151+00:00
af2f084075391e55ba2a596e7846bb40,2026-10-22T00:40:00Z,Houston Rockets,Dallas Mavericks,BetMGM,betmgm,spreads,Houston Rockets,-105,-8.5,the_odds_api,2026-09-12T19:35:41.209151+00:00
af2f084075391e55ba2a596e7846bb40,2026-10-22T00:40:00Z,Houston Rockets,Dallas Mavericks,BetMGM,betmgm,totals,Over,-110,227.5,the_odds_api,2026-09-12T19:35:41.209151+00:00
af2f084075391e55ba2a596e7846bb40,2026-10-22T00:40:00Z,Houston Rockets,Dallas Mavericks,BetMGM,betmgm,totals,Under,-110,227.5,the_odds_api,2026-09-12T19:35:41.209151+00:00
af2f084075391e55ba2a596e7846bb40,2026-10-22T00:40:00Z,Houston Rockets,Dallas Mavericks,Caesars,williamhill_us,h2h,Dallas Mavericks,270,,the_odds_api,2026-09-12T19:35:41.209151+00:00
af2f084075391e55ba2a596e7846bb40,2026-10-22T00:40:00Z,Houston Rockets,Dallas Mavericks,Caesars,williamhill_us,h2h,Houston Rockets,-345,,the_odds_api,2026-09-12T19:35:41.209151+00:00
af2f084075391e55ba2a596e7846bb40,2026-10-22T00:40:00Z,Houston Rockets,Dallas Mavericks,Caesars,williamhill_us,spreads,Dallas Mavericks,-115,8.5,the_odds_api,2026-09-12T19:35:41.209151+00:00
af2f084075391e55ba2a596e7846bb40,2026-10-22T00:40:00Z,Houston Rockets,Dallas Mavericks,Caesars,williamhill_us,spreads,Houston Rockets,-105,-8.5,the_odds_api,2026-09-12T19:35:41.209151+00:00
af2f084075391e55ba2a596e7846bb40,2026-10-22T00:40:00Z,Houston Rockets,Dallas Mavericks,Caesars,williamhill_us,totals,Over,-110,227.5,the_odds_api,2026-09-12T19:35:41.209151+00:00
af2f084075391e55ba2a596e7846bb40,2026-10-22T00:40:00Z,Houston Rockets,Dallas Mavericks,Caesars,williamhill_us,totals,Under,-110,227.5,the_odds_api,2026-09-12T19:35:41.209151+00:00
af2f084075391e55ba2a596e7846bb40,2026-10-22T00:40:00Z,Houston Rockets,Dallas Mavericks,LowVig.ag,lowvig,spreads,Dallas Mavericks,-106,8.0,the_odds_api,2026-09-12T19:35:41.209151+00:00
af2f084075391e55ba2a596e7846bb40,2026-10-22T00:40:00Z,Houston Rockets,Dallas Mavericks,LowVig.ag,lowvig,spreads,Houston Rockets,-106,-8.0,the_odds_api,2026-09-12T19:35:41.209151+00:00
af2f084075391e55ba2a596e7846bb40,2026-10-22T00:40:00Z,Houston Rockets,Dallas Mavericks,LowVig.ag,lowvig,totals,Over,-107,227.5,the_odds_api,2026-09-12T19:35:41.209151+00:00
af2f084075391e55ba2a596e7846bb40,2026-10-22T00:40:00Z,Houston Rockets,Dallas Mavericks,LowVig.ag,lowvig,totals,Under,-107,227.5,the_odds_api,2026-09-12T19:35:41.209151+00:00
af2f084075391e55ba2a596e7846bb40,2026-10-22T00:40:00Z,Houston Rockets,Dallas Mavericks,BetOnline.ag,betonlineag,spreads,Dallas Mavericks,-110,8.0,the_odds_api,2026-09-12T19:35:41.209151+00:00
af2f084075391e55ba2a596e7846bb40,2026-10-22T00:40:00Z,Houston Rockets,Dallas Mavericks,BetOnline.ag,betonlineag,spreads,Houston Rockets,-110,-8.0,the_odds_api,2026-09-12T19:35:41.209151+00:00
af2f084075391e55ba2a596e7846bb40,2026-10-22T00:40:00Z,Houston Rockets,Dallas Mavericks,BetOnline.ag,betonlineag,totals,Over,-110,227.5,the_odds_api,2026-09-12T19:35:41.209151+00:00
af2f084075391e55ba2a596e7846bb40,2026-10-22T00:40:00Z,Houston Rockets,Dallas Mavericks,BetOnline.ag,betonlineag,totals,Under,-110,227.5,the_odds_api,2026-09-12T19:35:41.209151+00:00
6fff70f4bf196dba25060a5775a03b54,2026-10-22T02:10:00Z,Los Angeles Lakers,Golden State Warriors,DraftKings,draftkings,h2h,Golden State Warriors,154,,the_odds_api,2026-09-12T19:35:41.209151+00:00
6fff70f4bf196dba25060a5775a03b54,2026-10-22T02:10:00Z,Los Angeles Lakers,Golden State Warriors,DraftKings,draftkings,h2h,Los Angeles Lakers,-185,,the_odds_api,2026-09-12T19:35:41.209151+00:00
6fff70f4bf196dba25060a5775a03b54,2026-10-22T02:10:00Z,Los Angeles Lakers,Golden State Warriors,DraftKings,draftkings,spreads,Golden State Warriors,-102,4.5,the_odds_api,2026-09-12T19:35:41.209151+00:00
6fff70f4bf196dba25060a5775a03b54,2026-10-22T02:10:00Z,Los Angeles Lakers,Golden State Warriors,DraftKings,draftkings,spreads,Los Angeles Lakers,-118,-4.5,the_odds_api,2026-09-12T19:35:41.209151+00:00
6fff70f4bf196dba25060a5775a03b54,2026-10-22T02:10:00Z,Los Angeles Lakers,Golden State Warriors,DraftKings,draftkings,totals,Over,-110,235.5,the_odds_api,2026-09-12T19:35:41.209151+00:00
6fff70f4bf196dba25060a5775a03b54,2026-10-22T02:10:00Z,Los Angeles Lakers,Golden State Warriors,DraftKings,draftkings,totals,Under,-110,235.5,the_odds_api,2026-09-12T19:35:41.209151+00:00
6fff70f4bf196dba25060a5775a03b54,2026-10-22T02:10:00Z,Los Angeles Lakers,Golden State Warriors,FanDuel,fanduel,h2h,Golden State Warriors,140,,the_odds_api,2026-09-12T19:35:41.209151+00:00
6fff70f4bf196dba25060a5775a03b54,2026-10-22T02:10:00Z,Los Angeles Lakers,Golden State Warriors,FanDuel,fanduel,h2h,Los Angeles Lakers,-166,,the_odds_api,2026-09-12T19:35:41.209151+00:00
6fff70f4bf196dba25060a5775a03b54,2026-10-22T02:10:00Z,Los Angeles Lakers,Golden State Warriors,FanDuel,fanduel,spreads,Golden State Warriors,-112,4.5,the_odds_api,2026-09-12T19:35:41.209151+00:00
6fff70f4bf196dba25060a5775a03b54,2026-10-22T02:10:00Z,Los Angeles Lakers,Golden State Warriors,FanDuel,fanduel,spreads,Los Angeles Lakers,-108,-4.5,the_odds_api,2026-09-12T19:35:41.209151+00:00
6fff70f4bf196dba25060a5775a03b54,2026-10-22T02:10:00Z,Los Angeles Lakers,Golden State Warriors,FanDuel,fanduel,totals,Over,-112,235.5,the_odds_api,2026-09-12T19:35:41.209151+00:00
6fff70f4bf196dba25060a5775a03b54,2026-10-22T02:10:00Z,Los Angeles Lakers,Golden State Warriors,FanDuel,fanduel,totals,Under,-108,235.5,the_odds_api,2026-09-12T19:35:41.209151+00:00
6fff70f4bf196dba25060a5775a03b54,2026-10-22T02:10:00Z,Los Angeles Lakers,Golden State Warriors,Bovada,bovada,h2h,Golden State Warriors,155,,the_odds_api,2026-09-12T19:35:41.209151+00:00
6fff70f4bf196dba25060a5775a03b54,2026-10-22T02:10:00Z,Los Angeles Lakers,Golden State Warriors,Bovada,bovada,h2h,Los Angeles Lakers,-180,,the_odds_api,2026-09-12T19:35:41.209151+00:00
6fff70f4bf196dba25060a5775a03b54,2026-10-22T02:10:00Z,Los Angeles Lakers,Golden State Warriors,Bovada,bovada,spreads,Golden State Warriors,100,4.5,the_odds_api,2026-09-12T19:35:41.209151+00:00
6fff70f4bf196dba25060a5775a03b54,2026-10-22T02:10:00Z,Los Angeles Lakers,Golden State Warriors,Bovada,bovada,spreads,Los Angeles Lakers,-120,-4.5,the_odds_api,2026-09-12T19:35:41.209151+00:00
6fff70f4bf196dba25060a5775a03b54,2026-10-22T02:10:00Z,Los Angeles Lakers,Golden State Warriors,Bovada,bovada,totals,Over,-110,235.5,the_odds_api,2026-09-12T19:35:41.209151+00:00
6fff70f4bf196dba25060a5775a03b54,2026-10-22T02:10:00Z,Los Angeles Lakers,Golden State Warriors,Bovada,bovada,totals,Under,-110,235.5,the_odds_api,2026-09-12T19:35:41.209151+00:00
6fff70f4bf196dba25060a5775a03b54,2026-10-22T02:10:00Z,Los Angeles Lakers,Golden State Warriors,Caesars,williamhill_us,h2h,Golden State Warriors,158,,the_odds_api,2026-09-12T19:35:41.209151+00:00
6fff70f4bf196dba25060a5775a03b54,2026-10-22T02:10:00Z,Los Angeles Lakers,Golden State Warriors,Caesars,williamhill_us,h2h,Los Angeles Lakers,-190,,the_odds_api,2026-09-12T19:35:41.209151+00:00
6fff70f4bf196dba25060a5775a03b54,2026-10-22T02:10:00Z,Los Angeles Lakers,Golden State Warriors,Caesars,williamhill_us,spreads,Golden State Warriors,-115,5.5,the_odds_api,2026-09-12T19:35:41.209151+00:00
6fff70f4bf196dba25060a5775a03b54,2026-10-22T02:10:00Z,Los Angeles Lakers,Golden State Warriors,Caesars,williamhill_us,spreads,Los Angeles Lakers,-105,-5.5,the_odds_api,2026-09-12T19:35:41.209151+00:00
6fff70f4bf196dba25060a5775a03b54,2026-10-22T02:10:00Z,Los Angeles Lakers,Golden State Warriors,Caesars,williamhill_us,totals,Over,-115,235.5,the_odds_api,2026-09-12T19:35:41.209151+00:00
6fff70f4bf196dba25060a5775a03b54,2026-10-22T02:10:00Z,Los Angeles Lakers,Golden State Warriors,Caesars,williamhill_us,totals,Under,-105,235.5,the_odds_api,2026-09-12T19:35:41.209151+00:00
6fff70f4bf196dba25060a5775a03b54,2026-10-22T02:10:00Z,Los Angeles Lakers,Golden State Warriors,BetMGM,betmgm,h2h,Golden State Warriors,155,,the_odds_api,2026-09-12T19:35:41.209151+00:00
6fff70f4bf196dba25060a5775a03b54,2026-10-22T02:10:00Z,Los Angeles Lakers,Golden State Warriors,BetMGM,betmgm,h2h,Los Angeles Lakers,-190,,the_odds_api,2026-09-12T19:35:41.209151+00:00
6fff70f4bf196dba25060a5775a03b54,2026-10-22T02:10:00Z,Los Angeles Lakers,Golden State Warriors,BetMGM,betmgm,spreads,Golden State Warriors,-115,5.5,the_odds_api,2026-09-12T19:35:41.209151+00:00
6fff70f4bf196dba25060a5775a03b54,2026-10-22T02:10:00Z,Los Angeles Lakers,Golden State Warriors,BetMGM,betmgm,spreads,Los Angeles Lakers,-105,-5.5,the_odds_api,2026-09-12T19:35:41.209151+00:00
6fff70f4bf196dba25060a5775a03b54,2026-10-22T02:10:00Z,Los Angeles Lakers,Golden State Warriors,BetMGM,betmgm,totals,Over,-110,235.5,the_odds_api,2026-09-12T19:35:41.209151+00:00
6fff70f4bf196dba25060a5775a03b54,2026-10-22T02:10:00Z,Los Angeles Lakers,Golden State Warriors,BetMGM,betmgm,totals,Under,-110,235.5,the_odds_api,2026-09-12T19:35:41.209151+00:00
6fff70f4bf196dba25060a5775a03b54,2026-10-22T02:10:00Z,Los Angeles Lakers,Golden State Warriors,LowVig.ag,lowvig,spreads,Golden State Warriors,-106,5.5,the_odds_api,2026-09-12T19:35:41.209151+00:00
6fff70f4bf196dba25060a5775a03b54,2026-10-22T02:10:00Z,Los Angeles Lakers,Golden State Warriors,LowVig.ag,lowvig,spreads,Los Angeles Lakers,-106,-5.5,the_odds_api,2026-09-12T19:35:41.209151+00:00
6fff70f4bf196dba25060a5775a03b54,2026-10-22T02:10:00Z,Los Angeles Lakers,Golden State Warriors,LowVig.ag,lowvig,totals,Over,-107,235.5,the_odds_api,2026-09-12T19:35:41.209151+00:00
6fff70f4bf196dba25060a5775a03b54,2026-10-22T02:10:00Z,Los Angeles Lakers,Golden State Warriors,LowVig.ag,lowvig,totals,Under,-107,235.5,the_odds_api,2026-09-12T19:35:41.209151+00:00
6fff70f4bf196dba25060a5775a03b54,2026-10-22T02:10:00Z,Los Angeles Lakers,Golden State Warriors,BetOnline.ag,betonlineag,spreads,Golden State Warriors,-110,5.5,the_odds_api,2026-09-12T19:35:41.209151+00:00
6fff70f4bf196dba25060a5775a03b54,2026-10-22T02:10:00Z,Los Angeles Lakers,Golden State Warriors,BetOnline.ag,betonlineag,spreads,Los Angeles Lakers,-110,-5.5,the_odds_api,2026-09-12T19:35:41.209151+00:00
6fff70f4bf196dba25060a5775a03b54,2026-10-22T02:10:00Z,Los Angeles Lakers,Golden State Warriors,BetOnline.ag,betonlineag,totals,Over,-110,235.5,the_odds_api,2026-09-12T19:35:41.209151+00:00
6fff70f4bf196dba25060a5775a03b54,2026-10-22T02:10:00Z,Los Angeles Lakers,Golden State Warriors,BetOnline.ag,betonlineag,totals,Under,-110,235.5,the_odds_api,2026-09-12T19:35:41.209151+00:00
71e24359951927c356bd8c852fb867dd,2026-10-22T02:10:00Z,Portland Trail Blazers,Phoenix Suns,DraftKings,draftkings,h2h,Phoenix Suns,142,,the_odds_api,2026-09-12T19:35:41.209151+00:00
71e24359951927c356bd8c852fb867dd,2026-10-22T02:10:00Z,Portland Trail Blazers,Phoenix Suns,DraftKings,draftkings,h2h,Portland Trail Blazers,-170,,the_odds_api,2026-09-12T19:35:41.209151+00:00
71e24359951927c356bd8c852fb867dd,2026-10-22T02:10:00Z,Portland Trail Blazers,Phoenix Suns,DraftKings,draftkings,spreads,Phoenix Suns,-110,4.5,the_odds_api,2026-09-12T19:35:41.209151+00:00
71e24359951927c356bd8c852fb867dd,2026-10-22T02:10:00Z,Portland Trail Blazers,Phoenix Suns,DraftKings,draftkings,spreads,Portland Trail Blazers,-110,-4.5,the_odds_api,2026-09-12T19:35:41.209151+00:00
71e24359951927c356bd8c852fb867dd,2026-10-22T02:10:00Z,Portland Trail Blazers,Phoenix Suns,DraftKings,draftkings,totals,Over,-110,235.5,the_odds_api,2026-09-12T19:35:41.209151+00:00
71e24359951927c356bd8c852fb867dd,2026-10-22T02:10:00Z,Portland Trail Blazers,Phoenix Suns,DraftKings,draftkings,totals,Under,-110,235.5,the_odds_api,2026-09-12T19:35:41.209151+00:00
71e24359951927c356bd8c852fb867dd,2026-10-22T02:10:00Z,Portland Trail Blazers,Phoenix Suns,Bovada,bovada,h2h,Phoenix Suns,145,,the_odds_api,2026-09-12T19:35:41.209151+00:00
71e24359951927c356bd8c852fb867dd,2026-10-22T02:10:00Z,Portland Trail Blazers,Phoenix Suns,Bovada,bovada,h2h,Portland Trail Blazers,-170,,the_odds_api,2026-09-12T19:35:41.209151+00:00
71e24359951927c356bd8c852fb867dd,2026-10-22T02:10:00Z,Portland Trail Blazers,Phoenix Suns,Bovada,bovada,spreads,Phoenix Suns,-110,4.5,the_odds_api,2026-09-12T19:35:41.209151+00:00
71e24359951927c356bd8c852fb867dd,2026-10-22T02:10:00Z,Portland Trail Blazers,Phoenix Suns,Bovada,bovada,spreads,Portland Trail Blazers,-110,-4.5,the_odds_api,2026-09-12T19:35:41.209151+00:00
71e24359951927c356bd8c852fb867dd,2026-10-22T02:10:00Z,Portland Trail Blazers,Phoenix Suns,Bovada,bovada,totals,Over,-110,235.5,the_odds_api,2026-09-12T19:35:41.209151+00:00
71e24359951927c356bd8c852fb867dd,2026-10-22T02:10:00Z,Portland Trail Blazers,Phoenix Suns,Bovada,bovada,totals,Under,-110,235.5,the_odds_api,2026-09-12T19:35:41.209151+00:00
71e24359951927c356bd8c852fb867dd,2026-10-22T02:10:00Z,Portland Trail Blazers,Phoenix Suns,BetMGM,betmgm,h2h,Phoenix Suns,145,,the_odds_api,2026-09-12T19:35:41.209151+00:00
71e24359951927c356bd8c852fb867dd,2026-10-22T02:10:00Z,Portland Trail Blazers,Phoenix Suns,BetMGM,betmgm,h2h,Portland Trail Blazers,-175,,the_odds_api,2026-09-12T19:35:41.209151+00:00
71e24359951927c356bd8c852fb867dd,2026-10-22T02:10:00Z,Portland Trail Blazers,Phoenix Suns,BetMGM,betmgm,spreads,Phoenix Suns,-110,4.5,the_odds_api,2026-09-12T19:35:41.209151+00:00
71e24359951927c356bd8c852fb867dd,2026-10-22T02:10:00Z,Portland Trail Blazers,Phoenix Suns,BetMGM,betmgm,spreads,Portland Trail Blazers,-110,-4.5,the_odds_api,2026-09-12T19:35:41.209151+00:00
71e24359951927c356bd8c852fb867dd,2026-10-22T02:10:00Z,Portland Trail Blazers,Phoenix Suns,BetMGM,betmgm,totals,Over,-110,235.5,the_odds_api,2026-09-12T19:35:41.209151+00:00
71e24359951927c356bd8c852fb867dd,2026-10-22T02:10:00Z,Portland Trail Blazers,Phoenix Suns,BetMGM,betmgm,totals,Under,-110,235.5,the_odds_api,2026-09-12T19:35:41.209151+00:00
71e24359951927c356bd8c852fb867dd,2026-10-22T02:10:00Z,Portland Trail Blazers,Phoenix Suns,Caesars,williamhill_us,h2h,Phoenix Suns,148,,the_odds_api,2026-09-12T19:35:41.209151+00:00
71e24359951927c356bd8c852fb867dd,2026-10-22T02:10:00Z,Portland Trail Blazers,Phoenix Suns,Caesars,williamhill_us,h2h,Portland Trail Blazers,-175,,the_odds_api,2026-09-12T19:35:41.209151+00:00
71e24359951927c356bd8c852fb867dd,2026-10-22T02:10:00Z,Portland Trail Blazers,Phoenix Suns,Caesars,williamhill_us,spreads,Phoenix Suns,-110,4.5,the_odds_api,2026-09-12T19:35:41.209151+00:00
71e24359951927c356bd8c852fb867dd,2026-10-22T02:10:00Z,Portland Trail Blazers,Phoenix Suns,Caesars,williamhill_us,spreads,Portland Trail Blazers,-110,-4.5,the_odds_api,2026-09-12T19:35:41.209151+00:00
71e24359951927c356bd8c852fb867dd,2026-10-22T02:10:00Z,Portland Trail Blazers,Phoenix Suns,Caesars,williamhill_us,totals,Over,-110,234.5,the_odds_api,2026-09-12T19:35:41.209151+00:00
71e24359951927c356bd8c852fb867dd,2026-10-22T02:10:00Z,Portland Trail Blazers,Phoenix Suns,Caesars,williamhill_us,totals,Under,-110,234.5,the_odds_api,2026-09-12T19:35:41.209151+00:00
71e24359951927c356bd8c852fb867dd,2026-10-22T02:10:00Z,Portland Trail Blazers,Phoenix Suns,LowVig.ag,lowvig,spreads,Phoenix Suns,-106,3.5,the_odds_api,2026-09-12T19:35:41.209151+00:00
71e24359951927c356bd8c852fb867dd,2026-10-22T02:10:00Z,Portland Trail Blazers,Phoenix Suns,LowVig.ag,lowvig,spreads,Portland Trail Blazers,-106,-3.5,the_odds_api,2026-09-12T19:35:41.209151+00:00
71e24359951927c356bd8c852fb867dd,2026-10-22T02:10:00Z,Portland Trail Blazers,Phoenix Suns,LowVig.ag,lowvig,totals,Over,-107,235.5,the_odds_api,2026-09-12T19:35:41.209151+00:00
71e24359951927c356bd8c852fb867dd,2026-10-22T02:10:00Z,Portland Trail Blazers,Phoenix Suns,LowVig.ag,lowvig,totals,Under,-107,235.5,the_odds_api,2026-09-12T19:35:41.209151+00:00
71e24359951927c356bd8c852fb867dd,2026-10-22T02:10:00Z,Portland Trail Blazers,Phoenix Suns,BetOnline.ag,betonlineag,spreads,Phoenix Suns,-110,3.5,the_odds_api,2026-09-12T19:35:41.209151+00:00
71e24359951927c356bd8c852fb867dd,2026-10-22T02:10:00Z,Portland Trail Blazers,Phoenix Suns,BetOnline.ag,betonlineag,spreads,Portland Trail Blazers,-110,-3.5,the_odds_api,2026-09-12T19:35:41.209151+00:00
71e24359951927c356bd8c852fb867dd,2026-10-22T02:10:00Z,Portland Trail Blazers,Phoenix Suns,BetOnline.ag,betonlineag,totals,Over,-110,235.5,the_odds_api,2026-09-12T19:35:41.209151+00:00
71e24359951927c356bd8c852fb867dd,2026-10-22T02:10:00Z,Portland Trail Blazers,Phoenix Suns,BetOnline.ag,betonlineag,totals,Under,-110,235.5,the_odds_api,2026-09-12T19:35:41.209151+00:00
110e33c79c5ec8c0377702aff685f83b,2026-10-22T23:10:00Z,Philadelphia 76ers,Cleveland Cavaliers,DraftKings,draftkings,h2h,Cleveland Cavaliers,145,,the_odds_api,2026-09-12T19:35:41.209151+00:00
110e33c79c5ec8c0377702aff685f83b,2026-10-22T23:10:00Z,Philadelphia 76ers,Cleveland Cavaliers,DraftKings,draftkings,h2h,Philadelphia 76ers,-175,,the_odds_api,2026-09-12T19:35:41.209151+00:00
110e33c79c5ec8c0377702aff685f83b,2026-10-22T23:10:00Z,Philadelphia 76ers,Cleveland Cavaliers,DraftKings,draftkings,spreads,Cleveland Cavaliers,-110,4.5,the_odds_api,2026-09-12T19:35:41.209151+00:00
110e33c79c5ec8c0377702aff685f83b,2026-10-22T23:10:00Z,Philadelphia 76ers,Cleveland Cavaliers,DraftKings,draftkings,spreads,Philadelphia 76ers,-110,-4.5,the_odds_api,2026-09-12T19:35:41.209151+00:00
110e33c79c5ec8c0377702aff685f83b,2026-10-22T23:10:00Z,Philadelphia 76ers,Cleveland Cavaliers,DraftKings,draftkings,totals,Over,-115,233.5,the_odds_api,2026-09-12T19:35:41.209151+00:00
110e33c79c5ec8c0377702aff685f83b,2026-10-22T23:10:00Z,Philadelphia 76ers,Cleveland Cavaliers,DraftKings,draftkings,totals,Under,-105,233.5,the_odds_api,2026-09-12T19:35:41.209151+00:00
110e33c79c5ec8c0377702aff685f83b,2026-10-22T23:10:00Z,Philadelphia 76ers,Cleveland Cavaliers,Caesars,williamhill_us,h2h,Cleveland Cavaliers,140,,the_odds_api,2026-09-12T19:35:41.209151+00:00
110e33c79c5ec8c0377702aff685f83b,2026-10-22T23:10:00Z,Philadelphia 76ers,Cleveland Cavaliers,Caesars,williamhill_us,h2h,Philadelphia 76ers,-165,,the_odds_api,2026-09-12T19:35:41.209151+00:00
110e33c79c5ec8c0377702aff685f83b,2026-10-22T23:10:00Z,Philadelphia 76ers,Cleveland Cavaliers,Caesars,williamhill_us,spreads,Cleveland Cavaliers,-115,4.0,the_odds_api,2026-09-12T19:35:41.209151+00:00
110e33c79c5ec8c0377702aff685f83b,2026-10-22T23:10:00Z,Philadelphia 76ers,Cleveland Cavaliers,Caesars,williamhill_us,spreads,Philadelphia 76ers,-105,-4.0,the_odds_api,2026-09-12T19:35:41.209151+00:00
110e33c79c5ec8c0377702aff685f83b,2026-10-22T23:10:00Z,Philadelphia 76ers,Cleveland Cavaliers,Caesars,williamhill_us,totals,Over,-115,234.5,the_odds_api,2026-09-12T19:35:41.209151+00:00
110e33c79c5ec8c0377702aff685f83b,2026-10-22T23:10:00Z,Philadelphia 76ers,Cleveland Cavaliers,Caesars,williamhill_us,totals,Under,-105,234.5,the_odds_api,2026-09-12T19:35:41.209151+00:00
110e33c79c5ec8c0377702aff685f83b,2026-10-22T23:10:00Z,Philadelphia 76ers,Cleveland Cavaliers,BetMGM,betmgm,h2h,Cleveland Cavaliers,145,,the_odds_api,2026-09-12T19:35:41.209151+00:00
110e33c79c5ec8c0377702aff685f83b,2026-10-22T23:10:00Z,Philadelphia 76ers,Cleveland Cavaliers,BetMGM,betmgm,h2h,Philadelphia 76ers,-175,,the_odds_api,2026-09-12T19:35:41.209151+00:00
110e33c79c5ec8c0377702aff685f83b,2026-10-22T23:10:00Z,Philadelphia 76ers,Cleveland Cavaliers,BetMGM,betmgm,spreads,Cleveland Cavaliers,-110,4.5,the_odds_api,2026-09-12T19:35:41.209151+00:00
110e33c79c5ec8c0377702aff685f83b,2026-10-22T23:10:00Z,Philadelphia 76ers,Cleveland Cavaliers,BetMGM,betmgm,spreads,Philadelphia 76ers,-110,-4.5,the_odds_api,2026-09-12T19:35:41.209151+00:00
110e33c79c5ec8c0377702aff685f83b,2026-10-22T23:10:00Z,Philadelphia 76ers,Cleveland Cavaliers,BetMGM,betmgm,totals,Over,-110,233.5,the_odds_api,2026-09-12T19:35:41.209151+00:00
110e33c79c5ec8c0377702aff685f83b,2026-10-22T23:10:00Z,Philadelphia 76ers,Cleveland Cavaliers,BetMGM,betmgm,totals,Under,-110,233.5,the_odds_api,2026-09-12T19:35:41.209151+00:00
223b2883b9b05a67329ef246384b85f1,2026-10-23T01:40:00Z,Oklahoma City Thunder,Denver Nuggets,DraftKings,draftkings,h2h,Denver Nuggets,225,,the_odds_api,2026-09-12T19:35:41.209151+00:00
223b2883b9b05a67329ef246384b85f1,2026-10-23T01:40:00Z,Oklahoma City Thunder,Denver Nuggets,DraftKings,draftkings,h2h,Oklahoma City Thunder,-278,,the_odds_api,2026-09-12T19:35:41.209151+00:00
223b2883b9b05a67329ef246384b85f1,2026-10-23T01:40:00Z,Oklahoma City Thunder,Denver Nuggets,DraftKings,draftkings,spreads,Denver Nuggets,-110,7.5,the_odds_api,2026-09-12T19:35:41.209151+00:00
223b2883b9b05a67329ef246384b85f1,2026-10-23T01:40:00Z,Oklahoma City Thunder,Denver Nuggets,DraftKings,draftkings,spreads,Oklahoma City Thunder,-110,-7.5,the_odds_api,2026-09-12T19:35:41.209151+00:00
223b2883b9b05a67329ef246384b85f1,2026-10-23T01:40:00Z,Oklahoma City Thunder,Denver Nuggets,DraftKings,draftkings,totals,Over,-105,232.5,the_odds_api,2026-09-12T19:35:41.209151+00:00
223b2883b9b05a67329ef246384b85f1,2026-10-23T01:40:00Z,Oklahoma City Thunder,Denver Nuggets,DraftKings,draftkings,totals,Under,-115,232.5,the_odds_api,2026-09-12T19:35:41.209151+00:00
223b2883b9b05a67329ef246384b85f1,2026-10-23T01:40:00Z,Oklahoma City Thunder,Denver Nuggets,Caesars,williamhill_us,h2h,Denver Nuggets,228,,the_odds_api,2026-09-12T19:35:41.209151+00:00
223b2883b9b05a67329ef246384b85f1,2026-10-23T01:40:00Z,Oklahoma City Thunder,Denver Nuggets,Caesars,williamhill_us,h2h,Oklahoma City Thunder,-285,,the_odds_api,2026-09-12T19:35:41.209151+00:00
223b2883b9b05a67329ef246384b85f1,2026-10-23T01:40:00Z,Oklahoma City Thunder,Denver Nuggets,Caesars,williamhill_us,spreads,Denver Nuggets,-110,8.0,the_odds_api,2026-09-12T19:35:41.209151+00:00
223b2883b9b05a67329ef246384b85f1,2026-10-23T01:40:00Z,Oklahoma City Thunder,Denver Nuggets,Caesars,williamhill_us,spreads,Oklahoma City Thunder,-110,-8.0,the_odds_api,2026-09-12T19:35:41.209151+00:00
223b2883b9b05a67329ef246384b85f1,2026-10-23T01:40:00Z,Oklahoma City Thunder,Denver Nuggets,Caesars,williamhill_us,totals,Over,-110,232.5,the_odds_api,2026-09-12T19:35:41.209151+00:00
223b2883b9b05a67329ef246384b85f1,2026-10-23T01:40:00Z,Oklahoma City Thunder,Denver Nuggets,Caesars,williamhill_us,totals,Under,-110,232.5,the_odds_api,2026-09-12T19:35:41.209151+00:00
223b2883b9b05a67329ef246384b85f1,2026-10-23T01:40:00Z,Oklahoma City Thunder,Denver Nuggets,BetMGM,betmgm,h2h,Denver Nuggets,220,,the_odds_api,2026-09-12T19:35:41.209151+00:00
223b2883b9b05a67329ef246384b85f1,2026-10-23T01:40:00Z,Oklahoma City Thunder,Denver Nuggets,BetMGM,betmgm,h2h,Oklahoma City Thunder,-275,,the_odds_api,2026-09-12T19:35:41.209151+00:00
223b2883b9b05a67329ef246384b85f1,2026-10-23T01:40:00Z,Oklahoma City Thunder,Denver Nuggets,BetMGM,betmgm,spreads,Denver Nuggets,-110,7.5,the_odds_api,2026-09-12T19:35:41.209151+00:00
223b2883b9b05a67329ef246384b85f1,2026-10-23T01:40:00Z,Oklahoma City Thunder,Denver Nuggets,BetMGM,betmgm,spreads,Oklahoma City Thunder,-110,-7.5,the_odds_api,2026-09-12T19:35:41.209151+00:00
223b2883b9b05a67329ef246384b85f1,2026-10-23T01:40:00Z,Oklahoma City Thunder,Denver Nuggets,BetMGM,betmgm,totals,Over,-110,231.5,the_odds_api,2026-09-12T19:35:41.209151+00:00
223b2883b9b05a67329ef246384b85f1,2026-10-23T01:40:00Z,Oklahoma City Thunder,Denver Nuggets,BetMGM,betmgm,totals,Under,-110,231.5,the_odds_api,2026-09-12T19:35:41.209151+00:00
0d34c898f6cbb990077ae9f0a2773513,2026-10-23T23:10:00Z,Boston Celtics,New York Knicks,DraftKings,draftkings,h2h,Boston Celtics,-130,,the_odds_api,2026-09-12T19:35:41.209151+00:00
0d34c898f6cbb990077ae9f0a2773513,2026-10-23T23:10:00Z,Boston Celtics,New York Knicks,DraftKings,draftkings,h2h,New York Knicks,110,,the_odds_api,2026-09-12T19:35:41.209151+00:00
0d34c898f6cbb990077ae9f0a2773513,2026-10-23T23:10:00Z,Boston Celtics,New York Knicks,DraftKings,draftkings,spreads,Boston Celtics,-110,-2.5,the_odds_api,2026-09-12T19:35:41.209151+00:00
0d34c898f6cbb990077ae9f0a2773513,2026-10-23T23:10:00Z,Boston Celtics,New York Knicks,DraftKings,draftkings,spreads,New York Knicks,-110,2.5,the_odds_api,2026-09-12T19:35:41.209151+00:00
0d34c898f6cbb990077ae9f0a2773513,2026-10-23T23:10:00Z,Boston Celtics,New York Knicks,DraftKings,draftkings,totals,Over,-110,223.5,the_odds_api,2026-09-12T19:35:41.209151+00:00
0d34c898f6cbb990077ae9f0a2773513,2026-10-23T23:10:00Z,Boston Celtics,New York Knicks,DraftKings,draftkings,totals,Under,-110,223.5,the_odds_api,2026-09-12T19:35:41.209151+00:00
0d34c898f6cbb990077ae9f0a2773513,2026-10-23T23:10:00Z,Boston Celtics,New York Knicks,Caesars,williamhill_us,h2h,Boston Celtics,-125,,the_odds_api,2026-09-12T19:35:41.209151+00:00
0d34c898f6cbb990077ae9f0a2773513,2026-10-23T23:10:00Z,Boston Celtics,New York Knicks,Caesars,williamhill_us,h2h,New York Knicks,105,,the_odds_api,2026-09-12T19:35:41.209151+00:00
0d34c898f6cbb990077ae9f0a2773513,2026-10-23T23:10:00Z,Boston Celtics,New York Knicks,Caesars,williamhill_us,spreads,Boston Celtics,-115,-1.5,the_odds_api,2026-09-12T19:35:41.209151+00:00
0d34c898f6cbb990077ae9f0a2773513,2026-10-23T23:10:00Z,Boston Celtics,New York Knicks,Caesars,williamhill_us,spreads,New York Knicks,-105,1.5,the_odds_api,2026-09-12T19:35:41.209151+00:00
0d34c898f6cbb990077ae9f0a2773513,2026-10-23T23:10:00Z,Boston Celtics,New York Knicks,Caesars,williamhill_us,totals,Over,-110,223.5,the_odds_api,2026-09-12T19:35:41.209151+00:00
0d34c898f6cbb990077ae9f0a2773513,2026-10-23T23:10:00Z,Boston Celtics,New York Knicks,Caesars,williamhill_us,totals,Under,-110,223.5,the_odds_api,2026-09-12T19:35:41.209151+00:00
49fc89a9696a9a20b658732b34ce61c4,2026-10-24T01:40:00Z,San Antonio Spurs,Houston Rockets,DraftKings,draftkings,h2h,Houston Rockets,185,,the_odds_api,2026-09-12T19:35:41.209151+00:00
49fc89a9696a9a20b658732b34ce61c4,2026-10-24T01:40:00Z,San Antonio Spurs,Houston Rockets,DraftKings,draftkings,h2h,San Antonio Spurs,-225,,the_odds_api,2026-09-12T19:35:41.209151+00:00
49fc89a9696a9a20b658732b34ce61c4,2026-10-24T01:40:00Z,San Antonio Spurs,Houston Rockets,DraftKings,draftkings,spreads,Houston Rockets,-118,6.5,the_odds_api,2026-09-12T19:35:41.209151+00:00
49fc89a9696a9a20b658732b34ce61c4,2026-10-24T01:40:00Z,San Antonio Spurs,Houston Rockets,DraftKings,draftkings,spreads,San Antonio Spurs,-102,-6.5,the_odds_api,2026-09-12T19:35:41.209151+00:00
49fc89a9696a9a20b658732b34ce61c4,2026-10-24T01:40:00Z,San Antonio Spurs,Houston Rockets,DraftKings,draftkings,totals,Over,-110,225.5,the_odds_api,2026-09-12T19:35:41.209151+00:00
49fc89a9696a9a20b658732b34ce61c4,2026-10-24T01:40:00Z,San Antonio Spurs,Houston Rockets,DraftKings,draftkings,totals,Under,-110,225.5,the_odds_api,2026-09-12T19:35:41.209151+00:00
49fc89a9696a9a20b658732b34ce61c4,2026-10-24T01:40:00Z,San Antonio Spurs,Houston Rockets,Caesars,williamhill_us,h2h,Houston Rockets,185,,the_odds_api,2026-09-12T19:35:41.209151+00:00
49fc89a9696a9a20b658732b34ce61c4,2026-10-24T01:40:00Z,San Antonio Spurs,Houston Rockets,Caesars,williamhill_us,h2h,San Antonio Spurs,-225,,the_odds_api,2026-09-12T19:35:41.209151+00:00
49fc89a9696a9a20b658732b34ce61c4,2026-10-24T01:40:00Z,San Antonio Spurs,Houston Rockets,Caesars,williamhill_us,spreads,Houston Rockets,-110,6.5,the_odds_api,2026-09-12T19:35:41.209151+00:00
49fc89a9696a9a20b658732b34ce61c4,2026-10-24T01:40:00Z,San Antonio Spurs,Houston Rockets,Caesars,williamhill_us,spreads,San Antonio Spurs,-110,-6.5,the_odds_api,2026-09-12T19:35:41.209151+00:00
49fc89a9696a9a20b658732b34ce61c4,2026-10-24T01:40:00Z,San Antonio Spurs,Houston Rockets,Caesars,williamhill_us,totals,Over,-110,226.5,the_odds_api,2026-09-12T19:35:41.209151+00:00
49fc89a9696a9a20b658732b34ce61c4,2026-10-24T01:40:00Z,San Antonio Spurs,Houston Rockets,Caesars,williamhill_us,totals,Under,-110,226.5,the_odds_api,2026-09-12T19:35:41.209151+00:00
45ebc54751ef3e435192eaeb0470acfb,2026-10-30T23:10:00Z,Washington Wizards,Charlotte Hornets,DraftKings,draftkings,h2h,Charlotte Hornets,-115,,the_odds_api,2026-09-12T19:35:41.209151+00:00
45ebc54751ef3e435192eaeb0470acfb,2026-10-30T23:10:00Z,Washington Wizards,Charlotte Hornets,DraftKings,draftkings,h2h,Washington Wizards,-105,,the_odds_api,2026-09-12T19:35:41.209151+00:00
45ebc54751ef3e435192eaeb0470acfb,2026-10-30T23:10:00Z,Washington Wizards,Charlotte Hornets,DraftKings,draftkings,spreads,Charlotte Hornets,-105,-1.5,the_odds_api,2026-09-12T19:35:41.209151+00:00
45ebc54751ef3e435192eaeb0470acfb,2026-10-30T23:10:00Z,Washington Wizards,Charlotte Hornets,DraftKings,draftkings,spreads,Washington Wizards,-115,1.5,the_odds_api,2026-09-12T19:35:41.209151+00:00
45ebc54751ef3e435192eaeb0470acfb,2026-10-30T23:10:00Z,Washington Wizards,Charlotte Hornets,DraftKings,draftkings,totals,Over,-110,235.5,the_odds_api,2026-09-12T19:35:41.209151+00:00
45ebc54751ef3e435192eaeb0470acfb,2026-10-30T23:10:00Z,Washington Wizards,Charlotte Hornets,DraftKings,draftkings,totals,Under,-110,235.5,the_odds_api,2026-09-12T19:35:41.209151+00:00
036a93ca33d6261c21d4bfa6e0d02568,2026-10-30T23:40:00Z,Boston Celtics,Chicago Bulls,DraftKings,draftkings,h2h,Boston Celtics,-575,,the_odds_api,2026-09-12T19:35:41.209151+00:00
036a93ca33d6261c21d4bfa6e0d02568,2026-10-30T23:40:00Z,Boston Celtics,Chicago Bulls,DraftKings,draftkings,h2h,Chicago Bulls,425,,the_odds_api,2026-09-12T19:35:41.209151+00:00
036a93ca33d6261c21d4bfa6e0d02568,2026-10-30T23:40:00Z,Boston Celtics,Chicago Bulls,DraftKings,draftkings,spreads,Boston Celtics,-110,-11.5,the_odds_api,2026-09-12T19:35:41.209151+00:00
036a93ca33d6261c21d4bfa6e0d02568,2026-10-30T23:40:00Z,Boston Celtics,Chicago Bulls,DraftKings,draftkings,spreads,Chicago Bulls,-110,11.5,the_odds_api,2026-09-12T19:35:41.209151+00:00
036a93ca33d6261c21d4bfa6e0d02568,2026-10-30T23:40:00Z,Boston Celtics,Chicago Bulls,DraftKings,draftkings,totals,Over,-110,232.5,the_odds_api,2026-09-12T19:35:41.209151+00:00
036a93ca33d6261c21d4bfa6e0d02568,2026-10-30T23:40:00Z,Boston Celtics,Chicago Bulls,DraftKings,draftkings,totals,Under,-110,232.5,the_odds_api,2026-09-12T19:35:41.209151+00:00
64df299b882ea19ad5f8cb0ed5516a6f,2026-10-30T23:40:00Z,Brooklyn Nets,Detroit Pistons,DraftKings,draftkings,h2h,Brooklyn Nets,250,,the_odds_api,2026-09-12T19:35:41.209151+00:00
64df299b882ea19ad5f8cb0ed5516a6f,2026-10-30T23:40:00Z,Brooklyn Nets,Detroit Pistons,DraftKings,draftkings,h2h,Detroit Pistons,-310,,the_odds_api,2026-09-12T19:35:41.209151+00:00
64df299b882ea19ad5f8cb0ed5516a6f,2026-10-30T23:40:00Z,Brooklyn Nets,Detroit Pistons,DraftKings,draftkings,spreads,Brooklyn Nets,-102,7.5,the_odds_api,2026-09-12T19:35:41.209151+00:00
64df299b882ea19ad5f8cb0ed5516a6f,2026-10-30T23:40:00Z,Brooklyn Nets,Detroit Pistons,DraftKings,draftkings,spreads,Detroit Pistons,-118,-7.5,the_odds_api,2026-09-12T19:35:41.209151+00:00
64df299b882ea19ad5f8cb0ed5516a6f,2026-10-30T23:40:00Z,Brooklyn Nets,Detroit Pistons,DraftKings,draftkings,totals,Over,-110,225.5,the_odds_api,2026-09-12T19:35:41.209151+00:00
64df299b882ea19ad5f8cb0ed5516a6f,2026-10-30T23:40:00Z,Brooklyn Nets,Detroit Pistons,DraftKings,draftkings,totals,Under,-110,225.5,the_odds_api,2026-09-12T19:35:41.209151+00:00
96a166bbd49782dbd9a61c2fb9069787,2026-10-30T23:40:00Z,Philadelphia 76ers,New York Knicks,DraftKings,draftkings,h2h,New York Knicks,105,,the_odds_api,2026-09-12T19:35:41.209151+00:00
96a166bbd49782dbd9a61c2fb9069787,2026-10-30T23:40:00Z,Philadelphia 76ers,New York Knicks,DraftKings,draftkings,h2h,Philadelphia 76ers,-125,,the_odds_api,2026-09-12T19:35:41.209151+00:00
96a166bbd49782dbd9a61c2fb9069787,2026-10-30T23:40:00Z,Philadelphia 76ers,New York Knicks,DraftKings,draftkings,spreads,New York Knicks,-115,2.5,the_odds_api,2026-09-12T19:35:41.209151+00:00
96a166bbd49782dbd9a61c2fb9069787,2026-10-30T23:40:00Z,Philadelphia 76ers,New York Knicks,DraftKings,draftkings,spreads,Philadelphia 76ers,-105,-2.5,the_odds_api,2026-09-12T19:35:41.209151+00:00
96a166bbd49782dbd9a61c2fb9069787,2026-10-30T23:40:00Z,Philadelphia 76ers,New York Knicks,DraftKings,draftkings,totals,Over,-110,231.5,the_odds_api,2026-09-12T19:35:41.209151+00:00
96a166bbd49782dbd9a61c2fb9069787,2026-10-30T23:40:00Z,Philadelphia 76ers,New York Knicks,DraftKings,draftkings,totals,Under,-110,231.5,the_odds_api,2026-09-12T19:35:41.209151+00:00
b9778d0e3a26167eb49901dcae7eeb98,2026-10-31T00:10:00Z,Dallas Mavericks,Houston Rockets,DraftKings,draftkings,h2h,Dallas Mavericks,145,,the_odds_api,2026-09-12T19:35:41.209151+00:00
b9778d0e3a26167eb49901dcae7eeb98,2026-10-31T00:10:00Z,Dallas Mavericks,Houston Rockets,DraftKings,draftkings,h2h,Houston Rockets,-175,,the_odds_api,2026-09-12T19:35:41.209151+00:00
b9778d0e3a26167eb49901dcae7eeb98,2026-10-31T00:10:00Z,Dallas Mavericks,Houston Rockets,DraftKings,draftkings,spreads,Dallas Mavericks,-110,4.5,the_odds_api,2026-09-12T19:35:41.209151+00:00
b9778d0e3a26167eb49901dcae7eeb98,2026-10-31T00:10:00Z,Dallas Mavericks,Houston Rockets,DraftKings,draftkings,spreads,Houston Rockets,-110,-4.5,the_odds_api,2026-09-12T19:35:41.209151+00:00
b9778d0e3a26167eb49901dcae7eeb98,2026-10-31T00:10:00Z,Dallas Mavericks,Houston Rockets,DraftKings,draftkings,totals,Over,-105,227.5,the_odds_api,2026-09-12T19:35:41.209151+00:00
b9778d0e3a26167eb49901dcae7eeb98,2026-10-31T00:10:00Z,Dallas Mavericks,Houston Rockets,DraftKings,draftkings,totals,Under,-115,227.5,the_odds_api,2026-09-12T19:35:41.209151+00:00
c3a424e24d426af94a693e06a33e3037,2026-10-31T00:10:00Z,Miami Heat,Indiana Pacers,DraftKings,draftkings,h2h,Indiana Pacers,130,,the_odds_api,2026-09-12T19:35:41.209151+00:00
c3a424e24d426af94a693e06a33e3037,2026-10-31T00:10:00Z,Miami Heat,Indiana Pacers,DraftKings,draftkings,h2h,Miami Heat,-155,,the_odds_api,2026-09-12T19:35:41.209151+00:00
c3a424e24d426af94a693e06a33e3037,2026-10-31T00:10:00Z,Miami Heat,Indiana Pacers,DraftKings,draftkings,spreads,Indiana Pacers,-110,3.5,the_odds_api,2026-09-12T19:35:41.209151+00:00
c3a424e24d426af94a693e06a33e3037,2026-10-31T00:10:00Z,Miami Heat,Indiana Pacers,DraftKings,draftkings,spreads,Miami Heat,-110,-3.5,the_odds_api,2026-09-12T19:35:41.209151+00:00
c3a424e24d426af94a693e06a33e3037,2026-10-31T00:10:00Z,Miami Heat,Indiana Pacers,DraftKings,draftkings,totals,Over,-115,241.5,the_odds_api,2026-09-12T19:35:41.209151+00:00
c3a424e24d426af94a693e06a33e3037,2026-10-31T00:10:00Z,Miami Heat,Indiana Pacers,DraftKings,draftkings,totals,Under,-105,241.5,the_odds_api,2026-09-12T19:35:41.209151+00:00
9ae108f7a23e86e8102237053dd9e58d,2026-10-31T02:10:00Z,Phoenix Suns,Denver Nuggets,DraftKings,draftkings,h2h,Denver Nuggets,-135,,the_odds_api,2026-09-12T19:35:41.209151+00:00
9ae108f7a23e86e8102237053dd9e58d,2026-10-31T02:10:00Z,Phoenix Suns,Denver Nuggets,DraftKings,draftkings,h2h,Phoenix Suns,114,,the_odds_api,2026-09-12T19:35:41.209151+00:00
9ae108f7a23e86e8102237053dd9e58d,2026-10-31T02:10:00Z,Phoenix Suns,Denver Nuggets,DraftKings,draftkings,spreads,Denver Nuggets,-110,-2.5,the_odds_api,2026-09-12T19:35:41.209151+00:00
9ae108f7a23e86e8102237053dd9e58d,2026-10-31T02:10:00Z,Phoenix Suns,Denver Nuggets,DraftKings,draftkings,spreads,Phoenix Suns,-110,2.5,the_odds_api,2026-09-12T19:35:41.209151+00:00
9ae108f7a23e86e8102237053dd9e58d,2026-10-31T02:10:00Z,Phoenix Suns,Denver Nuggets,DraftKings,draftkings,totals,Over,-115,233.5,the_odds_api,2026-09-12T19:35:41.209151+00:00
9ae108f7a23e86e8102237053dd9e58d,2026-10-31T02:10:00Z,Phoenix Suns,Denver Nuggets,DraftKings,draftkings,totals,Under,-105,233.5,the_odds_api,2026-09-12T19:35:41.209151+00:00
761c15cdefb5a94e34f234e11d6e57ad,2026-10-31T02:10:00Z,Golden State Warriors,Los Angeles Lakers,DraftKings,draftkings,h2h,Golden State Warriors,-110,,the_odds_api,2026-09-12T19:35:41.209151+00:00
761c15cdefb5a94e34f234e11d6e57ad,2026-10-31T02:10:00Z,Golden State Warriors,Los Angeles Lakers,DraftKings,draftkings,h2h,Los Angeles Lakers,-110,,the_odds_api,2026-09-12T19:35:41.209151+00:00
761c15cdefb5a94e34f234e11d6e57ad,2026-10-31T02:10:00Z,Golden State Warriors,Los Angeles Lakers,DraftKings,draftkings,spreads,Golden State Warriors,-122,1.5,the_odds_api,2026-09-12T19:35:41.209151+00:00
761c15cdefb5a94e34f234e11d6e57ad,2026-10-31T02:10:00Z,Golden State Warriors,Los Angeles Lakers,DraftKings,draftkings,spreads,Los Angeles Lakers,102,-1.5,the_odds_api,2026-09-12T19:35:41.209151+00:00
761c15cdefb5a94e34f234e11d6e57ad,2026-10-31T02:10:00Z,Golden State Warriors,Los Angeles Lakers,DraftKings,draftkings,totals,Over,-110,235.5,the_odds_api,2026-09-12T19:35:41.209151+00:00
761c15cdefb5a94e34f234e11d6e57ad,2026-10-31T02:10:00Z,Golden State Warriors,Los Angeles Lakers,DraftKings,draftkings,totals,Under,-110,235.5,the_odds_api,2026-09-12T19:35:41.209151+00:00
85869b2fdc16ef10d3e2582bf05ead95,2026-11-07T00:40:00Z,Cleveland Cavaliers,Philadelphia 76ers,DraftKings,draftkings,h2h,Cleveland Cavaliers,-122,,the_odds_api,2026-09-12T19:35:41.209151+00:00
85869b2fdc16ef10d3e2582bf05ead95,2026-11-07T00:40:00Z,Cleveland Cavaliers,Philadelphia 76ers,DraftKings,draftkings,h2h,Philadelphia 76ers,102,,the_odds_api,2026-09-12T19:35:41.209151+00:00
85869b2fdc16ef10d3e2582bf05ead95,2026-11-07T00:40:00Z,Cleveland Cavaliers,Philadelphia 76ers,DraftKings,draftkings,spreads,Cleveland Cavaliers,-110,-1.5,the_odds_api,2026-09-12T19:35:41.209151+00:00
85869b2fdc16ef10d3e2582bf05ead95,2026-11-07T00:40:00Z,Cleveland Cavaliers,Philadelphia 76ers,DraftKings,draftkings,spreads,Philadelphia 76ers,-110,1.5,the_odds_api,2026-09-12T19:35:41.209151+00:00
85869b2fdc16ef10d3e2582bf05ead95,2026-11-07T00:40:00Z,Cleveland Cavaliers,Philadelphia 76ers,DraftKings,draftkings,totals,Over,-115,233.5,the_odds_api,2026-09-12T19:35:41.209151+00:00
85869b2fdc16ef10d3e2582bf05ead95,2026-11-07T00:40:00Z,Cleveland Cavaliers,Philadelphia 76ers,DraftKings,draftkings,totals,Under,-105,233.5,the_odds_api,2026-09-12T19:35:41.209151+00:00
83d77fe350d56a036fd7a3404e78249a,2026-11-07T03:10:00Z,Los Angeles Lakers,Portland Trail Blazers,DraftKings,draftkings,h2h,Los Angeles Lakers,-162,,the_odds_api,2026-09-12T19:35:41.209151+00:00
83d77fe350d56a036fd7a3404e78249a,2026-11-07T03:10:00Z,Los Angeles Lakers,Portland Trail Blazers,DraftKings,draftkings,h2h,Portland Trail Blazers,136,,the_odds_api,2026-09-12T19:35:41.209151+00:00
83d77fe350d56a036fd7a3404e78249a,2026-11-07T03:10:00Z,Los Angeles Lakers,Portland Trail Blazers,DraftKings,draftkings,spreads,Los Angeles Lakers,-115,-3.5,the_odds_api,2026-09-12T19:35:41.209151+00:00
83d77fe350d56a036fd7a3404e78249a,2026-11-07T03:10:00Z,Los Angeles Lakers,Portland Trail Blazers,DraftKings,draftkings,spreads,Portland Trail Blazers,-105,3.5,the_odds_api,2026-09-12T19:35:41.209151+00:00
83d77fe350d56a036fd7a3404e78249a,2026-11-07T03:10:00Z,Los Angeles Lakers,Portland Trail Blazers,DraftKings,draftkings,totals,Over,-110,238.5,the_odds_api,2026-09-12T19:35:41.209151+00:00
83d77fe350d56a036fd7a3404e78249a,2026-11-07T03:10:00Z,Los Angeles Lakers,Portland Trail Blazers,DraftKings,draftkings,totals,Under,-110,238.5,the_odds_api,2026-09-12T19:35:41.209151+00:00
6669b911691463c669a5c10574742e8e,2026-11-14T00:10:00Z,Indiana Pacers,New York Knicks,DraftKings,draftkings,h2h,Indiana Pacers,110,,the_odds_api,2026-09-12T19:35:41.209151+00:00
6669b911691463c669a5c10574742e8e,2026-11-14T00:10:00Z,Indiana Pacers,New York Knicks,DraftKings,draftkings,h2h,New York Knicks,-130,,the_odds_api,2026-09-12T19:35:41.209151+00:00
6669b911691463c669a5c10574742e8e,2026-11-14T00:10:00Z,Indiana Pacers,New York Knicks,DraftKings,draftkings,spreads,Indiana Pacers,-118,2.5,the_odds_api,2026-09-12T19:35:41.209151+00:00
6669b911691463c669a5c10574742e8e,2026-11-14T00:10:00Z,Indiana Pacers,New York Knicks,DraftKings,draftkings,spreads,New York Knicks,-102,-2.5,the_odds_api,2026-09-12T19:35:41.209151+00:00
6669b911691463c669a5c10574742e8e,2026-11-14T00:10:00Z,Indiana Pacers,New York Knicks,DraftKings,draftkings,totals,Over,-110,233.5,the_odds_api,2026-09-12T19:35:41.209151+00:00
6669b911691463c669a5c10574742e8e,2026-11-14T00:10:00Z,Indiana Pacers,New York Knicks,DraftKings,draftkings,totals,Under,-110,233.5,the_odds_api,2026-09-12T19:35:41.209151+00:00
1fae7f34ec6035dffa74feb148ee26c7,2026-11-14T02:40:00Z,San Antonio Spurs,Golden State Warriors,DraftKings,draftkings,h2h,Golden State Warriors,390,,the_odds_api,2026-09-12T19:35:41.209151+00:00
1fae7f34ec6035dffa74feb148ee26c7,2026-11-14T02:40:00Z,San Antonio Spurs,Golden State Warriors,DraftKings,draftkings,h2h,San Antonio Spurs,-520,,the_odds_api,2026-09-12T19:35:41.209151+00:00
1fae7f34ec6035dffa74feb148ee26c7,2026-11-14T02:40:00Z,San Antonio Spurs,Golden State Warriors,DraftKings,draftkings,spreads,Golden State Warriors,-102,10.5,the_odds_api,2026-09-12T19:35:41.209151+00:00
1fae7f34ec6035dffa74feb148ee26c7,2026-11-14T02:40:00Z,San Antonio Spurs,Golden State Warriors,DraftKings,draftkings,spreads,San Antonio Spurs,-118,-10.5,the_odds_api,2026-09-12T19:35:41.209151+00:00
1fae7f34ec6035dffa74feb148ee26c7,2026-11-14T02:40:00Z,San Antonio Spurs,Golden State Warriors,DraftKings,draftkings,totals,Over,-115,234.5,the_odds_api,2026-09-12T19:35:41.209151+00:00
1fae7f34ec6035dffa74feb148ee26c7,2026-11-14T02:40:00Z,San Antonio Spurs,Golden State Warriors,DraftKings,draftkings,totals,Under,-105,234.5,the_odds_api,2026-09-12T19:35:41.209151+00:00
086d2fe80483ffcc280994fe2e12d4f4,2026-11-21T03:10:00Z,Denver Nuggets,Houston Rockets,DraftKings,draftkings,h2h,Denver Nuggets,-155,,the_odds_api,2026-09-12T19:35:41.209151+00:00
086d2fe80483ffcc280994fe2e12d4f4,2026-11-21T03:10:00Z,Denver Nuggets,Houston Rockets,DraftKings,draftkings,h2h,Houston Rockets,130,,the_odds_api,2026-09-12T19:35:41.209151+00:00
086d2fe80483ffcc280994fe2e12d4f4,2026-11-21T03:10:00Z,Denver Nuggets,Houston Rockets,DraftKings,draftkings,spreads,Denver Nuggets,-110,-3.5,the_odds_api,2026-09-12T19:35:41.209151+00:00
086d2fe80483ffcc280994fe2e12d4f4,2026-11-21T03:10:00Z,Denver Nuggets,Houston Rockets,DraftKings,draftkings,spreads,Houston Rockets,-110,3.5,the_odds_api,2026-09-12T19:35:41.209151+00:00
086d2fe80483ffcc280994fe2e12d4f4,2026-11-21T03:10:00Z,Denver Nuggets,Houston Rockets,DraftKings,draftkings,totals,Over,-115,227.5,the_odds_api,2026-09-12T19:35:41.209151+00:00
086d2fe80483ffcc280994fe2e12d4f4,2026-11-21T03:10:00Z,Denver Nuggets,Houston Rockets,DraftKings,draftkings,totals,Under,-105,227.5,the_odds_api,2026-09-12T19:35:41.209151+00:00
3167a4072c65c9314c71d0fe49be8e28,2026-11-25T01:10:00Z,Washington Wizards,Boston Celtics,DraftKings,draftkings,h2h,Boston Celtics,-192,,the_odds_api,2026-09-12T19:35:41.209151+00:00
3167a4072c65c9314c71d0fe49be8e28,2026-11-25T01:10:00Z,Washington Wizards,Boston Celtics,DraftKings,draftkings,h2h,Washington Wizards,160,,the_odds_api,2026-09-12T19:35:41.209151+00:00
3167a4072c65c9314c71d0fe49be8e28,2026-11-25T01:10:00Z,Washington Wizards,Boston Celtics,DraftKings,draftkings,spreads,Boston Celtics,-110,-5.5,the_odds_api,2026-09-12T19:35:41.209151+00:00
3167a4072c65c9314c71d0fe49be8e28,2026-11-25T01:10:00Z,Washington Wizards,Boston Celtics,DraftKings,draftkings,spreads,Washington Wizards,-110,5.5,the_odds_api,2026-09-12T19:35:41.209151+00:00
3167a4072c65c9314c71d0fe49be8e28,2026-11-25T01:10:00Z,Washington Wizards,Boston Celtics,DraftKings,draftkings,totals,Over,-110,230.5,the_odds_api,2026-09-12T19:35:41.209151+00:00
3167a4072c65c9314c71d0fe49be8e28,2026-11-25T01:10:00Z,Washington Wizards,Boston Celtics,DraftKings,draftkings,totals,Under,-110,230.5,the_odds_api,2026-09-12T19:35:41.209151+00:00
6bfadbd22ed8a054cf82ec1b12b78243,2026-11-25T03:10:00Z,Denver Nuggets,Dallas Mavericks,DraftKings,draftkings,h2h,Dallas Mavericks,275,,the_odds_api,2026-09-12T19:35:41.209151+00:00
6bfadbd22ed8a054cf82ec1b12b78243,2026-11-25T03:10:00Z,Denver Nuggets,Dallas Mavericks,DraftKings,draftkings,h2h,Denver Nuggets,-345,,the_odds_api,2026-09-12T19:35:41.209151+00:00
6bfadbd22ed8a054cf82ec1b12b78243,2026-11-25T03:10:00Z,Denver Nuggets,Dallas Mavericks,DraftKings,draftkings,spreads,Dallas Mavericks,-110,8.5,the_odds_api,2026-09-12T19:35:41.209151+00:00
6bfadbd22ed8a054cf82ec1b12b78243,2026-11-25T03:10:00Z,Denver Nuggets,Dallas Mavericks,DraftKings,draftkings,spreads,Denver Nuggets,-110,-8.5,the_odds_api,2026-09-12T19:35:41.209151+00:00
6bfadbd22ed8a054cf82ec1b12b78243,2026-11-25T03:10:00Z,Denver Nuggets,Dallas Mavericks,DraftKings,draftkings,totals,Over,-115,237.5,the_odds_api,2026-09-12T19:35:41.209151+00:00
6bfadbd22ed8a054cf82ec1b12b78243,2026-11-25T03:10:00Z,Denver Nuggets,Dallas Mavericks,DraftKings,draftkings,totals,Under,-105,237.5,the_odds_api,2026-09-12T19:35:41.209151+00:00
4f6d199bb67cf3a517a3880fd2f00b26,2026-11-25T22:10:00Z,Philadelphia 76ers,Miami Heat,DraftKings,draftkings,h2h,Miami Heat,136,,the_odds_api,2026-09-12T19:35:41.209151+00:00
4f6d199bb67cf3a517a3880fd2f00b26,2026-11-25T22:10:00Z,Philadelphia 76ers,Miami Heat,DraftKings,draftkings,h2h,Philadelphia 76ers,-162,,the_odds_api,2026-09-12T19:35:41.209151+00:00
4f6d199bb67cf3a517a3880fd2f00b26,2026-11-25T22:10:00Z,Philadelphia 76ers,Miami Heat,DraftKings,draftkings,spreads,Miami Heat,-105,3.5,the_odds_api,2026-09-12T19:35:41.209151+00:00
4f6d199bb67cf3a517a3880fd2f00b26,2026-11-25T22:10:00Z,Philadelphia 76ers,Miami Heat,DraftKings,draftkings,spreads,Philadelphia 76ers,-115,-3.5,the_odds_api,2026-09-12T19:35:41.209151+00:00
4f6d199bb67cf3a517a3880fd2f00b26,2026-11-25T22:10:00Z,Philadelphia 76ers,Miami Heat,DraftKings,draftkings,totals,Over,-110,239.5,the_odds_api,2026-09-12T19:35:41.209151+00:00
4f6d199bb67cf3a517a3880fd2f00b26,2026-11-25T22:10:00Z,Philadelphia 76ers,Miami Heat,DraftKings,draftkings,totals,Under,-110,239.5,the_odds_api,2026-09-12T19:35:41.209151+00:00
07421d1675d6bc51bb5fa91f84a09eb3,2026-11-26T00:40:00Z,Oklahoma City Thunder,Minnesota Timberwolves,DraftKings,draftkings,h2h,Minnesota Timberwolves,295,,the_odds_api,2026-09-12T19:35:41.209151+00:00
07421d1675d6bc51bb5fa91f84a09eb3,2026-11-26T00:40:00Z,Oklahoma City Thunder,Minnesota Timberwolves,DraftKings,draftkings,h2h,Oklahoma City Thunder,-375,,the_odds_api,2026-09-12T19:35:41.209151+00:00
07421d1675d6bc51bb5fa91f84a09eb3,2026-11-26T00:40:00Z,Oklahoma City Thunder,Minnesota Timberwolves,DraftKings,draftkings,spreads,Minnesota Timberwolves,-102,8.5,the_odds_api,2026-09-12T19:35:41.209151+00:00
07421d1675d6bc51bb5fa91f84a09eb3,2026-11-26T00:40:00Z,Oklahoma City Thunder,Minnesota Timberwolves,DraftKings,draftkings,spreads,Oklahoma City Thunder,-118,-8.5,the_odds_api,2026-09-12T19:35:41.209151+00:00
07421d1675d6bc51bb5fa91f84a09eb3,2026-11-26T00:40:00Z,Oklahoma City Thunder,Minnesota Timberwolves,DraftKings,draftkings,totals,Over,-105,235.5,the_odds_api,2026-09-12T19:35:41.209151+00:00
07421d1675d6bc51bb5fa91f84a09eb3,2026-11-26T00:40:00Z,Oklahoma City Thunder,Minnesota Timberwolves,DraftKings,draftkings,totals,Under,-115,235.5,the_odds_api,2026-09-12T19:35:41.209151+00:00
9aa9f220709533d70d11f85fae886771,2026-11-26T03:10:00Z,Portland Trail Blazers,San Antonio Spurs,DraftKings,draftkings,h2h,Portland Trail Blazers,142,,the_odds_api,2026-09-12T19:35:41.209151+00:00
9aa9f220709533d70d11f85fae886771,2026-11-26T03:10:00Z,Portland Trail Blazers,San Antonio Spurs,DraftKings,draftkings,h2h,San Antonio Spurs,-170,,the_odds_api,2026-09-12T19:35:41.209151+00:00
9aa9f220709533d70d11f85fae886771,2026-11-26T03:10:00Z,Portland Trail Blazers,San Antonio Spurs,DraftKings,draftkings,spreads,Portland Trail Blazers,-110,4.5,the_odds_api,2026-09-12T19:35:41.209151+00:00
9aa9f220709533d70d11f85fae886771,2026-11-26T03:10:00Z,Portland Trail Blazers,San Antonio Spurs,DraftKings,draftkings,spreads,San Antonio Spurs,-110,-4.5,the_odds_api,2026-09-12T19:35:41.209151+00:00
9aa9f220709533d70d11f85fae886771,2026-11-26T03:10:00Z,Portland Trail Blazers,San Antonio Spurs,DraftKings,draftkings,totals,Over,-115,237.5,the_odds_api,2026-09-12T19:35:41.209151+00:00
9aa9f220709533d70d11f85fae886771,2026-11-26T03:10:00Z,Portland Trail Blazers,San Antonio Spurs,DraftKings,draftkings,totals,Under,-105,237.5,the_odds_api,2026-09-12T19:35:41.209151+00:00
3c522e32c3035d7dc3e1734903b84654,2026-11-28T00:10:00Z,New York Knicks,Miami Heat,DraftKings,draftkings,h2h,Miami Heat,164,,the_odds_api,2026-09-12T19:35:41.209151+00:00
3c522e32c3035d7dc3e1734903b84654,2026-11-28T00:10:00Z,New York Knicks,Miami Heat,DraftKings,draftkings,h2h,New York Knicks,-198,,the_odds_api,2026-09-12T19:35:41.209151+00:00
3c522e32c3035d7dc3e1734903b84654,2026-11-28T00:10:00Z,New York Knicks,Miami Heat,DraftKings,draftkings,spreads,Miami Heat,-110,5.5,the_odds_api,2026-09-12T19:35:41.209151+00:00
3c522e32c3035d7dc3e1734903b84654,2026-11-28T00:10:00Z,New York Knicks,Miami Heat,DraftKings,draftkings,spreads,New York Knicks,-110,-5.5,the_odds_api,2026-09-12T19:35:41.209151+00:00
3c522e32c3035d7dc3e1734903b84654,2026-11-28T00:10:00Z,New York Knicks,Miami Heat,DraftKings,draftkings,totals,Over,-115,232.5,the_odds_api,2026-09-12T19:35:41.209151+00:00
3c522e32c3035d7dc3e1734903b84654,2026-11-28T00:10:00Z,New York Knicks,Miami Heat,DraftKings,draftkings,totals,Under,-105,232.5,the_odds_api,2026-09-12T19:35:41.209151+00:00
13d9ca3bcb664829c603755d31401002,2026-11-28T02:40:00Z,San Antonio Spurs,Los Angeles Lakers,DraftKings,draftkings,h2h,Los Angeles Lakers,230,,the_odds_api,2026-09-12T19:35:41.209151+00:00
13d9ca3bcb664829c603755d31401002,2026-11-28T02:40:00Z,San Antonio Spurs,Los Angeles Lakers,DraftKings,draftkings,h2h,San Antonio Spurs,-285,,the_odds_api,2026-09-12T19:35:41.209151+00:00
13d9ca3bcb664829c603755d31401002,2026-11-28T02:40:00Z,San Antonio Spurs,Los Angeles Lakers,DraftKings,draftkings,spreads,Los Angeles Lakers,-118,8.5,the_odds_api,2026-09-12T19:35:41.209151+00:00
13d9ca3bcb664829c603755d31401002,2026-11-28T02:40:00Z,San Antonio Spurs,Los Angeles Lakers,DraftKings,draftkings,spreads,San Antonio Spurs,-102,-8.5,the_odds_api,2026-09-12T19:35:41.209151+00:00
13d9ca3bcb664829c603755d31401002,2026-11-28T02:40:00Z,San Antonio Spurs,Los Angeles Lakers,DraftKings,draftkings,totals,Over,-110,232.5,the_odds_api,2026-09-12T19:35:41.209151+00:00
13d9ca3bcb664829c603755d31401002,2026-11-28T02:40:00Z,San Antonio Spurs,Los Angeles Lakers,DraftKings,draftkings,totals,Under,-110,232.5,the_odds_api,2026-09-12T19:35:41.209151+00:00
a6555e8b7252dfb32f1817fc8c59ad83,2026-12-25T17:00:00Z,New York Knicks,San Antonio Spurs,FanDuel,fanduel,h2h,New York Knicks,-104,,the_odds_api,2026-09-12T19:35:41.209151+00:00
a6555e8b7252dfb32f1817fc8c59ad83,2026-12-25T17:00:00Z,New York Knicks,San Antonio Spurs,FanDuel,fanduel,h2h,San Antonio Spurs,-112,,the_odds_api,2026-09-12T19:35:41.209151+00:00
a6555e8b7252dfb32f1817fc8c59ad83,2026-12-25T17:00:00Z,New York Knicks,San Antonio Spurs,FanDuel,fanduel,spreads,New York Knicks,-114,1.5,the_odds_api,2026-09-12T19:35:41.209151+00:00
a6555e8b7252dfb32f1817fc8c59ad83,2026-12-25T17:00:00Z,New York Knicks,San Antonio Spurs,FanDuel,fanduel,spreads,San Antonio Spurs,-106,-1.5,the_odds_api,2026-09-12T19:35:41.209151+00:00
a6555e8b7252dfb32f1817fc8c59ad83,2026-12-25T17:00:00Z,New York Knicks,San Antonio Spurs,FanDuel,fanduel,totals,Over,-110,227.5,the_odds_api,2026-09-12T19:35:41.209151+00:00
a6555e8b7252dfb32f1817fc8c59ad83,2026-12-25T17:00:00Z,New York Knicks,San Antonio Spurs,FanDuel,fanduel,totals,Under,-110,227.5,the_odds_api,2026-09-12T19:35:41.209151+00:00
a6555e8b7252dfb32f1817fc8c59ad83,2026-12-25T17:00:00Z,New York Knicks,San Antonio Spurs,BetRivers,betrivers,h2h,New York Knicks,-112,,the_odds_api,2026-09-12T19:35:41.209151+00:00
a6555e8b7252dfb32f1817fc8c59ad83,2026-12-25T17:00:00Z,New York Knicks,San Antonio Spurs,BetRivers,betrivers,h2h,San Antonio Spurs,-112,,the_odds_api,2026-09-12T19:35:41.209151+00:00
a6555e8b7252dfb32f1817fc8c59ad83,2026-12-25T17:00:00Z,New York Knicks,San Antonio Spurs,BetRivers,betrivers,spreads,New York Knicks,-107,-1.0,the_odds_api,2026-09-12T19:35:41.209151+00:00
a6555e8b7252dfb32f1817fc8c59ad83,2026-12-25T17:00:00Z,New York Knicks,San Antonio Spurs,BetRivers,betrivers,spreads,San Antonio Spurs,-117,1.0,the_odds_api,2026-09-12T19:35:41.209151+00:00
a6555e8b7252dfb32f1817fc8c59ad83,2026-12-25T17:00:00Z,New York Knicks,San Antonio Spurs,BetRivers,betrivers,totals,Over,-110,230.0,the_odds_api,2026-09-12T19:35:41.209151+00:00
a6555e8b7252dfb32f1817fc8c59ad83,2026-12-25T17:00:00Z,New York Knicks,San Antonio Spurs,BetRivers,betrivers,totals,Under,-113,230.0,the_odds_api,2026-09-12T19:35:41.209151+00:00
a6555e8b7252dfb32f1817fc8c59ad83,2026-12-25T17:00:00Z,New York Knicks,San Antonio Spurs,DraftKings,draftkings,h2h,New York Knicks,-115,,the_odds_api,2026-09-12T19:35:41.209151+00:00
a6555e8b7252dfb32f1817fc8c59ad83,2026-12-25T17:00:00Z,New York Knicks,San Antonio Spurs,DraftKings,draftkings,h2h,San Antonio Spurs,-105,,the_odds_api,2026-09-12T19:35:41.209151+00:00
a6555e8b7252dfb32f1817fc8c59ad83,2026-12-25T17:00:00Z,New York Knicks,San Antonio Spurs,DraftKings,draftkings,spreads,New York Knicks,-105,-1.5,the_odds_api,2026-09-12T19:35:41.209151+00:00
a6555e8b7252dfb32f1817fc8c59ad83,2026-12-25T17:00:00Z,New York Knicks,San Antonio Spurs,DraftKings,draftkings,spreads,San Antonio Spurs,-115,1.5,the_odds_api,2026-09-12T19:35:41.209151+00:00
a6555e8b7252dfb32f1817fc8c59ad83,2026-12-25T17:00:00Z,New York Knicks,San Antonio Spurs,DraftKings,draftkings,totals,Over,-115,228.5,the_odds_api,2026-09-12T19:35:41.209151+00:00
a6555e8b7252dfb32f1817fc8c59ad83,2026-12-25T17:00:00Z,New York Knicks,San Antonio Spurs,DraftKings,draftkings,totals,Under,-105,228.5,the_odds_api,2026-09-12T19:35:41.209151+00:00
a6555e8b7252dfb32f1817fc8c59ad83,2026-12-25T17:00:00Z,New York Knicks,San Antonio Spurs,BetMGM,betmgm,h2h,New York Knicks,-115,,the_odds_api,2026-09-12T19:35:41.209151+00:00
a6555e8b7252dfb32f1817fc8c59ad83,2026-12-25T17:00:00Z,New York Knicks,San Antonio Spurs,BetMGM,betmgm,h2h,San Antonio Spurs,-105,,the_odds_api,2026-09-12T19:35:41.209151+00:00
a6555e8b7252dfb32f1817fc8c59ad83,2026-12-25T17:00:00Z,New York Knicks,San Antonio Spurs,BetMGM,betmgm,spreads,New York Knicks,-110,-1.5,the_odds_api,2026-09-12T19:35:41.209151+00:00
a6555e8b7252dfb32f1817fc8c59ad83,2026-12-25T17:00:00Z,New York Knicks,San Antonio Spurs,BetMGM,betmgm,spreads,San Antonio Spurs,-110,1.5,the_odds_api,2026-09-12T19:35:41.209151+00:00
a6555e8b7252dfb32f1817fc8c59ad83,2026-12-25T17:00:00Z,New York Knicks,San Antonio Spurs,BetMGM,betmgm,totals,Over,-110,228.5,the_odds_api,2026-09-12T19:35:41.209151+00:00
a6555e8b7252dfb32f1817fc8c59ad83,2026-12-25T17:00:00Z,New York Knicks,San Antonio Spurs,BetMGM,betmgm,totals,Under,-110,228.5,the_odds_api,2026-09-12T19:35:41.209151+00:00
a6555e8b7252dfb32f1817fc8c59ad83,2026-12-25T17:00:00Z,New York Knicks,San Antonio Spurs,Caesars,williamhill_us,h2h,New York Knicks,-115,,the_odds_api,2026-09-12T19:35:41.209151+00:00
a6555e8b7252dfb32f1817fc8c59ad83,2026-12-25T17:00:00Z,New York Knicks,San Antonio Spurs,Caesars,williamhill_us,h2h,San Antonio Spurs,-105,,the_odds_api,2026-09-12T19:35:41.209151+00:00
a6555e8b7252dfb32f1817fc8c59ad83,2026-12-25T17:00:00Z,New York Knicks,San Antonio Spurs,Caesars,williamhill_us,spreads,New York Knicks,-105,-1.5,the_odds_api,2026-09-12T19:35:41.209151+00:00
a6555e8b7252dfb32f1817fc8c59ad83,2026-12-25T17:00:00Z,New York Knicks,San Antonio Spurs,Caesars,williamhill_us,spreads,San Antonio Spurs,-115,1.5,the_odds_api,2026-09-12T19:35:41.209151+00:00
a6555e8b7252dfb32f1817fc8c59ad83,2026-12-25T17:00:00Z,New York Knicks,San Antonio Spurs,Caesars,williamhill_us,totals,Over,-110,228.5,the_odds_api,2026-09-12T19:35:41.209151+00:00
a6555e8b7252dfb32f1817fc8c59ad83,2026-12-25T17:00:00Z,New York Knicks,San Antonio Spurs,Caesars,williamhill_us,totals,Under,-110,228.5,the_odds_api,2026-09-12T19:35:41.209151+00:00
a6555e8b7252dfb32f1817fc8c59ad83,2026-12-25T17:00:00Z,New York Knicks,San Antonio Spurs,Bovada,bovada,h2h,New York Knicks,100,,the_odds_api,2026-09-12T19:35:41.209151+00:00
a6555e8b7252dfb32f1817fc8c59ad83,2026-12-25T17:00:00Z,New York Knicks,San Antonio Spurs,Bovada,bovada,h2h,San Antonio Spurs,-120,,the_odds_api,2026-09-12T19:35:41.209151+00:00
a6555e8b7252dfb32f1817fc8c59ad83,2026-12-25T17:00:00Z,New York Knicks,San Antonio Spurs,Bovada,bovada,spreads,New York Knicks,-110,1.5,the_odds_api,2026-09-12T19:35:41.209151+00:00
a6555e8b7252dfb32f1817fc8c59ad83,2026-12-25T17:00:00Z,New York Knicks,San Antonio Spurs,Bovada,bovada,spreads,San Antonio Spurs,-110,-1.5,the_odds_api,2026-09-12T19:35:41.209151+00:00
a6555e8b7252dfb32f1817fc8c59ad83,2026-12-25T17:00:00Z,New York Knicks,San Antonio Spurs,Bovada,bovada,totals,Over,-110,228.5,the_odds_api,2026-09-12T19:35:41.209151+00:00
a6555e8b7252dfb32f1817fc8c59ad83,2026-12-25T17:00:00Z,New York Knicks,San Antonio Spurs,Bovada,bovada,totals,Under,-110,228.5,the_odds_api,2026-09-12T19:35:41.209151+00:00
d60e7fc0690e4dff121a086395e24de4,2026-12-25T19:30:00Z,Boston Celtics,Miami Heat,FanDuel,fanduel,h2h,Boston Celtics,-194,,the_odds_api,2026-09-12T19:35:41.209151+00:00
d60e7fc0690e4dff121a086395e24de4,2026-12-25T19:30:00Z,Boston Celtics,Miami Heat,FanDuel,fanduel,h2h,Miami Heat,162,,the_odds_api,2026-09-12T19:35:41.209151+00:00
d60e7fc0690e4dff121a086395e24de4,2026-12-25T19:30:00Z,Boston Celtics,Miami Heat,FanDuel,fanduel,spreads,Boston Celtics,-105,-6.5,the_odds_api,2026-09-12T19:35:41.209151+00:00
d60e7fc0690e4dff121a086395e24de4,2026-12-25T19:30:00Z,Boston Celtics,Miami Heat,FanDuel,fanduel,spreads,Miami Heat,-115,6.5,the_odds_api,2026-09-12T19:35:41.209151+00:00
d60e7fc0690e4dff121a086395e24de4,2026-12-25T19:30:00Z,Boston Celtics,Miami Heat,FanDuel,fanduel,totals,Over,-110,231.5,the_odds_api,2026-09-12T19:35:41.209151+00:00
d60e7fc0690e4dff121a086395e24de4,2026-12-25T19:30:00Z,Boston Celtics,Miami Heat,FanDuel,fanduel,totals,Under,-110,231.5,the_odds_api,2026-09-12T19:35:41.209151+00:00
d60e7fc0690e4dff121a086395e24de4,2026-12-25T19:30:00Z,Boston Celtics,Miami Heat,BetRivers,betrivers,h2h,Boston Celtics,-195,,the_odds_api,2026-09-12T19:35:41.209151+00:00
d60e7fc0690e4dff121a086395e24de4,2026-12-25T19:30:00Z,Boston Celtics,Miami Heat,BetRivers,betrivers,h2h,Miami Heat,150,,the_odds_api,2026-09-12T19:35:41.209151+00:00
d60e7fc0690e4dff121a086395e24de4,2026-12-25T19:30:00Z,Boston Celtics,Miami Heat,BetRivers,betrivers,spreads,Boston Celtics,-115,-5.0,the_odds_api,2026-09-12T19:35:41.209151+00:00
d60e7fc0690e4dff121a086395e24de4,2026-12-25T19:30:00Z,Boston Celtics,Miami Heat,BetRivers,betrivers,spreads,Miami Heat,-108,5.0,the_odds_api,2026-09-12T19:35:41.209151+00:00
d60e7fc0690e4dff121a086395e24de4,2026-12-25T19:30:00Z,Boston Celtics,Miami Heat,BetRivers,betrivers,totals,Over,-113,230.5,the_odds_api,2026-09-12T19:35:41.209151+00:00
d60e7fc0690e4dff121a086395e24de4,2026-12-25T19:30:00Z,Boston Celtics,Miami Heat,BetRivers,betrivers,totals,Under,-110,230.5,the_odds_api,2026-09-12T19:35:41.209151+00:00
d60e7fc0690e4dff121a086395e24de4,2026-12-25T19:30:00Z,Boston Celtics,Miami Heat,DraftKings,draftkings,h2h,Boston Celtics,-192,,the_odds_api,2026-09-12T19:35:41.209151+00:00
d60e7fc0690e4dff121a086395e24de4,2026-12-25T19:30:00Z,Boston Celtics,Miami Heat,DraftKings,draftkings,h2h,Miami Heat,160,,the_odds_api,2026-09-12T19:35:41.209151+00:00
d60e7fc0690e4dff121a086395e24de4,2026-12-25T19:30:00Z,Boston Celtics,Miami Heat,DraftKings,draftkings,spreads,Boston Celtics,-110,-5.5,the_odds_api,2026-09-12T19:35:41.209151+00:00
d60e7fc0690e4dff121a086395e24de4,2026-12-25T19:30:00Z,Boston Celtics,Miami Heat,DraftKings,draftkings,spreads,Miami Heat,-110,5.5,the_odds_api,2026-09-12T19:35:41.209151+00:00
d60e7fc0690e4dff121a086395e24de4,2026-12-25T19:30:00Z,Boston Celtics,Miami Heat,DraftKings,draftkings,totals,Over,-110,230.5,the_odds_api,2026-09-12T19:35:41.209151+00:00
d60e7fc0690e4dff121a086395e24de4,2026-12-25T19:30:00Z,Boston Celtics,Miami Heat,DraftKings,draftkings,totals,Under,-110,230.5,the_odds_api,2026-09-12T19:35:41.209151+00:00
d60e7fc0690e4dff121a086395e24de4,2026-12-25T19:30:00Z,Boston Celtics,Miami Heat,BetMGM,betmgm,h2h,Boston Celtics,-175,,the_odds_api,2026-09-12T19:35:41.209151+00:00
d60e7fc0690e4dff121a086395e24de4,2026-12-25T19:30:00Z,Boston Celtics,Miami Heat,BetMGM,betmgm,h2h,Miami Heat,145,,the_odds_api,2026-09-12T19:35:41.209151+00:00
d60e7fc0690e4dff121a086395e24de4,2026-12-25T19:30:00Z,Boston Celtics,Miami Heat,BetMGM,betmgm,spreads,Boston Celtics,-105,-5.5,the_odds_api,2026-09-12T19:35:41.209151+00:00
d60e7fc0690e4dff121a086395e24de4,2026-12-25T19:30:00Z,Boston Celtics,Miami Heat,BetMGM,betmgm,spreads,Miami Heat,-115,5.5,the_odds_api,2026-09-12T19:35:41.209151+00:00
d60e7fc0690e4dff121a086395e24de4,2026-12-25T19:30:00Z,Boston Celtics,Miami Heat,BetMGM,betmgm,totals,Over,-110,230.5,the_odds_api,2026-09-12T19:35:41.209151+00:00
d60e7fc0690e4dff121a086395e24de4,2026-12-25T19:30:00Z,Boston Celtics,Miami Heat,BetMGM,betmgm,totals,Under,-110,230.5,the_odds_api,2026-09-12T19:35:41.209151+00:00
d60e7fc0690e4dff121a086395e24de4,2026-12-25T19:30:00Z,Boston Celtics,Miami Heat,Caesars,williamhill_us,h2h,Boston Celtics,-195,,the_odds_api,2026-09-12T19:35:41.209151+00:00
d60e7fc0690e4dff121a086395e24de4,2026-12-25T19:30:00Z,Boston Celtics,Miami Heat,Caesars,williamhill_us,h2h,Miami Heat,162,,the_odds_api,2026-09-12T19:35:41.209151+00:00
d60e7fc0690e4dff121a086395e24de4,2026-12-25T19:30:00Z,Boston Celtics,Miami Heat,Caesars,williamhill_us,spreads,Boston Celtics,-105,-5.5,the_odds_api,2026-09-12T19:35:41.209151+00:00
d60e7fc0690e4dff121a086395e24de4,2026-12-25T19:30:00Z,Boston Celtics,Miami Heat,Caesars,williamhill_us,spreads,Miami Heat,-115,5.5,the_odds_api,2026-09-12T19:35:41.209151+00:00
d60e7fc0690e4dff121a086395e24de4,2026-12-25T19:30:00Z,Boston Celtics,Miami Heat,Caesars,williamhill_us,totals,Over,-110,230.5,the_odds_api,2026-09-12T19:35:41.209151+00:00
d60e7fc0690e4dff121a086395e24de4,2026-12-25T19:30:00Z,Boston Celtics,Miami Heat,Caesars,williamhill_us,totals,Under,-110,230.5,the_odds_api,2026-09-12T19:35:41.209151+00:00
d60e7fc0690e4dff121a086395e24de4,2026-12-25T19:30:00Z,Boston Celtics,Miami Heat,Bovada,bovada,h2h,Boston Celtics,-175,,the_odds_api,2026-09-12T19:35:41.209151+00:00
d60e7fc0690e4dff121a086395e24de4,2026-12-25T19:30:00Z,Boston Celtics,Miami Heat,Bovada,bovada,h2h,Miami Heat,150,,the_odds_api,2026-09-12T19:35:41.209151+00:00
d60e7fc0690e4dff121a086395e24de4,2026-12-25T19:30:00Z,Boston Celtics,Miami Heat,Bovada,bovada,spreads,Boston Celtics,-110,-5.5,the_odds_api,2026-09-12T19:35:41.209151+00:00
d60e7fc0690e4dff121a086395e24de4,2026-12-25T19:30:00Z,Boston Celtics,Miami Heat,Bovada,bovada,spreads,Miami Heat,-110,5.5,the_odds_api,2026-09-12T19:35:41.209151+00:00
d60e7fc0690e4dff121a086395e24de4,2026-12-25T19:30:00Z,Boston Celtics,Miami Heat,Bovada,bovada,totals,Over,-110,231.5,the_odds_api,2026-09-12T19:35:41.209151+00:00
d60e7fc0690e4dff121a086395e24de4,2026-12-25T19:30:00Z,Boston Celtics,Miami Heat,Bovada,bovada,totals,Under,-110,231.5,the_odds_api,2026-09-12T19:35:41.209151+00:00
dfd908bad3a3bfcae9e08bf128273b18,2026-12-25T22:00:00Z,Los Angeles Lakers,Philadelphia 76ers,FanDuel,fanduel,h2h,Los Angeles Lakers,-108,,the_odds_api,2026-09-12T19:35:41.209151+00:00
dfd908bad3a3bfcae9e08bf128273b18,2026-12-25T22:00:00Z,Los Angeles Lakers,Philadelphia 76ers,FanDuel,fanduel,h2h,Philadelphia 76ers,-108,,the_odds_api,2026-09-12T19:35:41.209151+00:00
dfd908bad3a3bfcae9e08bf128273b18,2026-12-25T22:00:00Z,Los Angeles Lakers,Philadelphia 76ers,FanDuel,fanduel,spreads,Los Angeles Lakers,-102,-1.5,the_odds_api,2026-09-12T19:35:41.209151+00:00
dfd908bad3a3bfcae9e08bf128273b18,2026-12-25T22:00:00Z,Los Angeles Lakers,Philadelphia 76ers,FanDuel,fanduel,spreads,Philadelphia 76ers,-120,1.5,the_odds_api,2026-09-12T19:35:41.209151+00:00
dfd908bad3a3bfcae9e08bf128273b18,2026-12-25T22:00:00Z,Los Angeles Lakers,Philadelphia 76ers,FanDuel,fanduel,totals,Over,-110,237.5,the_odds_api,2026-09-12T19:35:41.209151+00:00
dfd908bad3a3bfcae9e08bf128273b18,2026-12-25T22:00:00Z,Los Angeles Lakers,Philadelphia 76ers,FanDuel,fanduel,totals,Under,-110,237.5,the_odds_api,2026-09-12T19:35:41.209151+00:00
dfd908bad3a3bfcae9e08bf128273b18,2026-12-25T22:00:00Z,Los Angeles Lakers,Philadelphia 76ers,BetRivers,betrivers,h2h,Los Angeles Lakers,-117,,the_odds_api,2026-09-12T19:35:41.209151+00:00
dfd908bad3a3bfcae9e08bf128273b18,2026-12-25T22:00:00Z,Los Angeles Lakers,Philadelphia 76ers,BetRivers,betrivers,h2h,Philadelphia 76ers,-106,,the_odds_api,2026-09-12T19:35:41.209151+00:00
dfd908bad3a3bfcae9e08bf128273b18,2026-12-25T22:00:00Z,Los Angeles Lakers,Philadelphia 76ers,BetRivers,betrivers,spreads,Los Angeles Lakers,-112,-1.0,the_odds_api,2026-09-12T19:35:41.209151+00:00
dfd908bad3a3bfcae9e08bf128273b18,2026-12-25T22:00:00Z,Los Angeles Lakers,Philadelphia 76ers,BetRivers,betrivers,spreads,Philadelphia 76ers,-112,1.0,the_odds_api,2026-09-12T19:35:41.209151+00:00
dfd908bad3a3bfcae9e08bf128273b18,2026-12-25T22:00:00Z,Los Angeles Lakers,Philadelphia 76ers,BetRivers,betrivers,totals,Over,-113,234.0,the_odds_api,2026-09-12T19:35:41.209151+00:00
dfd908bad3a3bfcae9e08bf128273b18,2026-12-25T22:00:00Z,Los Angeles Lakers,Philadelphia 76ers,BetRivers,betrivers,totals,Under,-110,234.0,the_odds_api,2026-09-12T19:35:41.209151+00:00
dfd908bad3a3bfcae9e08bf128273b18,2026-12-25T22:00:00Z,Los Angeles Lakers,Philadelphia 76ers,DraftKings,draftkings,h2h,Los Angeles Lakers,-115,,the_odds_api,2026-09-12T19:35:41.209151+00:00
dfd908bad3a3bfcae9e08bf128273b18,2026-12-25T22:00:00Z,Los Angeles Lakers,Philadelphia 76ers,DraftKings,draftkings,h2h,Philadelphia 76ers,-105,,the_odds_api,2026-09-12T19:35:41.209151+00:00
dfd908bad3a3bfcae9e08bf128273b18,2026-12-25T22:00:00Z,Los Angeles Lakers,Philadelphia 76ers,DraftKings,draftkings,spreads,Los Angeles Lakers,-105,-1.5,the_odds_api,2026-09-12T19:35:41.209151+00:00
dfd908bad3a3bfcae9e08bf128273b18,2026-12-25T22:00:00Z,Los Angeles Lakers,Philadelphia 76ers,DraftKings,draftkings,spreads,Philadelphia 76ers,-115,1.5,the_odds_api,2026-09-12T19:35:41.209151+00:00
dfd908bad3a3bfcae9e08bf128273b18,2026-12-25T22:00:00Z,Los Angeles Lakers,Philadelphia 76ers,DraftKings,draftkings,totals,Over,-110,237.5,the_odds_api,2026-09-12T19:35:41.209151+00:00
dfd908bad3a3bfcae9e08bf128273b18,2026-12-25T22:00:00Z,Los Angeles Lakers,Philadelphia 76ers,DraftKings,draftkings,totals,Under,-110,237.5,the_odds_api,2026-09-12T19:35:41.209151+00:00
dfd908bad3a3bfcae9e08bf128273b18,2026-12-25T22:00:00Z,Los Angeles Lakers,Philadelphia 76ers,BetMGM,betmgm,h2h,Los Angeles Lakers,-115,,the_odds_api,2026-09-12T19:35:41.209151+00:00
dfd908bad3a3bfcae9e08bf128273b18,2026-12-25T22:00:00Z,Los Angeles Lakers,Philadelphia 76ers,BetMGM,betmgm,h2h,Philadelphia 76ers,-105,,the_odds_api,2026-09-12T19:35:41.209151+00:00
dfd908bad3a3bfcae9e08bf128273b18,2026-12-25T22:00:00Z,Los Angeles Lakers,Philadelphia 76ers,BetMGM,betmgm,spreads,Los Angeles Lakers,-110,-1.5,the_odds_api,2026-09-12T19:35:41.209151+00:00
dfd908bad3a3bfcae9e08bf128273b18,2026-12-25T22:00:00Z,Los Angeles Lakers,Philadelphia 76ers,BetMGM,betmgm,spreads,Philadelphia 76ers,-110,1.5,the_odds_api,2026-09-12T19:35:41.209151+00:00
dfd908bad3a3bfcae9e08bf128273b18,2026-12-25T22:00:00Z,Los Angeles Lakers,Philadelphia 76ers,BetMGM,betmgm,totals,Over,-110,236.5,the_odds_api,2026-09-12T19:35:41.209151+00:00
dfd908bad3a3bfcae9e08bf128273b18,2026-12-25T22:00:00Z,Los Angeles Lakers,Philadelphia 76ers,BetMGM,betmgm,totals,Under,-110,236.5,the_odds_api,2026-09-12T19:35:41.209151+00:00
dfd908bad3a3bfcae9e08bf128273b18,2026-12-25T22:00:00Z,Los Angeles Lakers,Philadelphia 76ers,Caesars,williamhill_us,h2h,Los Angeles Lakers,-110,,the_odds_api,2026-09-12T19:35:41.209151+00:00
dfd908bad3a3bfcae9e08bf128273b18,2026-12-25T22:00:00Z,Los Angeles Lakers,Philadelphia 76ers,Caesars,williamhill_us,h2h,Philadelphia 76ers,-110,,the_odds_api,2026-09-12T19:35:41.209151+00:00
dfd908bad3a3bfcae9e08bf128273b18,2026-12-25T22:00:00Z,Los Angeles Lakers,Philadelphia 76ers,Caesars,williamhill_us,spreads,Los Angeles Lakers,-105,-1.5,the_odds_api,2026-09-12T19:35:41.209151+00:00
dfd908bad3a3bfcae9e08bf128273b18,2026-12-25T22:00:00Z,Los Angeles Lakers,Philadelphia 76ers,Caesars,williamhill_us,spreads,Philadelphia 76ers,-115,1.5,the_odds_api,2026-09-12T19:35:41.209151+00:00
dfd908bad3a3bfcae9e08bf128273b18,2026-12-25T22:00:00Z,Los Angeles Lakers,Philadelphia 76ers,Caesars,williamhill_us,totals,Over,-110,236.5,the_odds_api,2026-09-12T19:35:41.209151+00:00
dfd908bad3a3bfcae9e08bf128273b18,2026-12-25T22:00:00Z,Los Angeles Lakers,Philadelphia 76ers,Caesars,williamhill_us,totals,Under,-110,236.5,the_odds_api,2026-09-12T19:35:41.209151+00:00
dfd908bad3a3bfcae9e08bf128273b18,2026-12-25T22:00:00Z,Los Angeles Lakers,Philadelphia 76ers,Bovada,bovada,h2h,Los Angeles Lakers,-120,,the_odds_api,2026-09-12T19:35:41.209151+00:00
dfd908bad3a3bfcae9e08bf128273b18,2026-12-25T22:00:00Z,Los Angeles Lakers,Philadelphia 76ers,Bovada,bovada,h2h,Philadelphia 76ers,100,,the_odds_api,2026-09-12T19:35:41.209151+00:00
dfd908bad3a3bfcae9e08bf128273b18,2026-12-25T22:00:00Z,Los Angeles Lakers,Philadelphia 76ers,Bovada,bovada,spreads,Los Angeles Lakers,-110,-1.5,the_odds_api,2026-09-12T19:35:41.209151+00:00
dfd908bad3a3bfcae9e08bf128273b18,2026-12-25T22:00:00Z,Los Angeles Lakers,Philadelphia 76ers,Bovada,bovada,spreads,Philadelphia 76ers,-110,1.5,the_odds_api,2026-09-12T19:35:41.209151+00:00
dfd908bad3a3bfcae9e08bf128273b18,2026-12-25T22:00:00Z,Los Angeles Lakers,Philadelphia 76ers,Bovada,bovada,totals,Over,-110,237.5,the_odds_api,2026-09-12T19:35:41.209151+00:00
dfd908bad3a3bfcae9e08bf128273b18,2026-12-25T22:00:00Z,Los Angeles Lakers,Philadelphia 76ers,Bovada,bovada,totals,Under,-110,237.5,the_odds_api,2026-09-12T19:35:41.209151+00:00
2b7218aa25cf98318a40e6f2469a5c5d,2026-12-26T01:00:00Z,Minnesota Timberwolves,Oklahoma City Thunder,FanDuel,fanduel,h2h,Minnesota Timberwolves,134,,the_odds_api,2026-09-12T19:35:41.209151+00:00
2b7218aa25cf98318a40e6f2469a5c5d,2026-12-26T01:00:00Z,Minnesota Timberwolves,Oklahoma City Thunder,FanDuel,fanduel,h2h,Oklahoma City Thunder,-158,,the_odds_api,2026-09-12T19:35:41.209151+00:00
2b7218aa25cf98318a40e6f2469a5c5d,2026-12-26T01:00:00Z,Minnesota Timberwolves,Oklahoma City Thunder,FanDuel,fanduel,spreads,Minnesota Timberwolves,-115,4.5,the_odds_api,2026-09-12T19:35:41.209151+00:00
2b7218aa25cf98318a40e6f2469a5c5d,2026-12-26T01:00:00Z,Minnesota Timberwolves,Oklahoma City Thunder,FanDuel,fanduel,spreads,Oklahoma City Thunder,-105,-4.5,the_odds_api,2026-09-12T19:35:41.209151+00:00
2b7218aa25cf98318a40e6f2469a5c5d,2026-12-26T01:00:00Z,Minnesota Timberwolves,Oklahoma City Thunder,FanDuel,fanduel,totals,Over,-110,233.5,the_odds_api,2026-09-12T19:35:41.209151+00:00
2b7218aa25cf98318a40e6f2469a5c5d,2026-12-26T01:00:00Z,Minnesota Timberwolves,Oklahoma City Thunder,FanDuel,fanduel,totals,Under,-110,233.5,the_odds_api,2026-09-12T19:35:41.209151+00:00
2b7218aa25cf98318a40e6f2469a5c5d,2026-12-26T01:00:00Z,Minnesota Timberwolves,Oklahoma City Thunder,BetRivers,betrivers,h2h,Minnesota Timberwolves,132,,the_odds_api,2026-09-12T19:35:41.209151+00:00
2b7218aa25cf98318a40e6f2469a5c5d,2026-12-26T01:00:00Z,Minnesota Timberwolves,Oklahoma City Thunder,BetRivers,betrivers,h2h,Oklahoma City Thunder,-165,,the_odds_api,2026-09-12T19:35:41.209151+00:00
2b7218aa25cf98318a40e6f2469a5c5d,2026-12-26T01:00:00Z,Minnesota Timberwolves,Oklahoma City Thunder,BetRivers,betrivers,spreads,Minnesota Timberwolves,-114,4.0,the_odds_api,2026-09-12T19:35:41.209151+00:00
2b7218aa25cf98318a40e6f2469a5c5d,2026-12-26T01:00:00Z,Minnesota Timberwolves,Oklahoma City Thunder,BetRivers,betrivers,spreads,Oklahoma City Thunder,-109,-4.0,the_odds_api,2026-09-12T19:35:41.209151+00:00
2b7218aa25cf98318a40e6f2469a5c5d,2026-12-26T01:00:00Z,Minnesota Timberwolves,Oklahoma City Thunder,BetRivers,betrivers,totals,Over,-110,233.0,the_odds_api,2026-09-12T19:35:41.209151+00:00
2b7218aa25cf98318a40e6f2469a5c5d,2026-12-26T01:00:00Z,Minnesota Timberwolves,Oklahoma City Thunder,BetRivers,betrivers,totals,Under,-113,233.0,the_odds_api,2026-09-12T19:35:41.209151+00:00
2b7218aa25cf98318a40e6f2469a5c5d,2026-12-26T01:00:00Z,Minnesota Timberwolves,Oklahoma City Thunder,DraftKings,draftkings,h2h,Minnesota Timberwolves,136,,the_odds_api,2026-09-12T19:35:41.209151+00:00
2b7218aa25cf98318a40e6f2469a5c5d,2026-12-26T01:00:00Z,Minnesota Timberwolves,Oklahoma City Thunder,DraftKings,draftkings,h2h,Oklahoma City Thunder,-162,,the_odds_api,2026-09-12T19:35:41.209151+00:00
2b7218aa25cf98318a40e6f2469a5c5d,2026-12-26T01:00:00Z,Minnesota Timberwolves,Oklahoma City Thunder,DraftKings,draftkings,spreads,Minnesota Timberwolves,-115,4.5,the_odds_api,2026-09-12T19:35:41.209151+00:00
2b7218aa25cf98318a40e6f2469a5c5d,2026-12-26T01:00:00Z,Minnesota Timberwolves,Oklahoma City Thunder,DraftKings,draftkings,spreads,Oklahoma City Thunder,-105,-4.5,the_odds_api,2026-09-12T19:35:41.209151+00:00
2b7218aa25cf98318a40e6f2469a5c5d,2026-12-26T01:00:00Z,Minnesota Timberwolves,Oklahoma City Thunder,DraftKings,draftkings,totals,Over,-110,233.5,the_odds_api,2026-09-12T19:35:41.209151+00:00
2b7218aa25cf98318a40e6f2469a5c5d,2026-12-26T01:00:00Z,Minnesota Timberwolves,Oklahoma City Thunder,DraftKings,draftkings,totals,Under,-110,233.5,the_odds_api,2026-09-12T19:35:41.209151+00:00
2b7218aa25cf98318a40e6f2469a5c5d,2026-12-26T01:00:00Z,Minnesota Timberwolves,Oklahoma City Thunder,BetMGM,betmgm,h2h,Minnesota Timberwolves,135,,the_odds_api,2026-09-12T19:35:41.209151+00:00
2b7218aa25cf98318a40e6f2469a5c5d,2026-12-26T01:00:00Z,Minnesota Timberwolves,Oklahoma City Thunder,BetMGM,betmgm,h2h,Oklahoma City Thunder,-160,,the_odds_api,2026-09-12T19:35:41.209151+00:00
2b7218aa25cf98318a40e6f2469a5c5d,2026-12-26T01:00:00Z,Minnesota Timberwolves,Oklahoma City Thunder,BetMGM,betmgm,spreads,Minnesota Timberwolves,-110,4.5,the_odds_api,2026-09-12T19:35:41.209151+00:00
2b7218aa25cf98318a40e6f2469a5c5d,2026-12-26T01:00:00Z,Minnesota Timberwolves,Oklahoma City Thunder,BetMGM,betmgm,spreads,Oklahoma City Thunder,-110,-4.5,the_odds_api,2026-09-12T19:35:41.209151+00:00
2b7218aa25cf98318a40e6f2469a5c5d,2026-12-26T01:00:00Z,Minnesota Timberwolves,Oklahoma City Thunder,BetMGM,betmgm,totals,Over,-110,233.5,the_odds_api,2026-09-12T19:35:41.209151+00:00
2b7218aa25cf98318a40e6f2469a5c5d,2026-12-26T01:00:00Z,Minnesota Timberwolves,Oklahoma City Thunder,BetMGM,betmgm,totals,Under,-110,233.5,the_odds_api,2026-09-12T19:35:41.209151+00:00
2b7218aa25cf98318a40e6f2469a5c5d,2026-12-26T01:00:00Z,Minnesota Timberwolves,Oklahoma City Thunder,Caesars,williamhill_us,h2h,Minnesota Timberwolves,152,,the_odds_api,2026-09-12T19:35:41.209151+00:00
2b7218aa25cf98318a40e6f2469a5c5d,2026-12-26T01:00:00Z,Minnesota Timberwolves,Oklahoma City Thunder,Caesars,williamhill_us,h2h,Oklahoma City Thunder,-180,,the_odds_api,2026-09-12T19:35:41.209151+00:00
2b7218aa25cf98318a40e6f2469a5c5d,2026-12-26T01:00:00Z,Minnesota Timberwolves,Oklahoma City Thunder,Caesars,williamhill_us,spreads,Minnesota Timberwolves,-115,4.5,the_odds_api,2026-09-12T19:35:41.209151+00:00
2b7218aa25cf98318a40e6f2469a5c5d,2026-12-26T01:00:00Z,Minnesota Timberwolves,Oklahoma City Thunder,Caesars,williamhill_us,spreads,Oklahoma City Thunder,-105,-4.5,the_odds_api,2026-09-12T19:35:41.209151+00:00
2b7218aa25cf98318a40e6f2469a5c5d,2026-12-26T01:00:00Z,Minnesota Timberwolves,Oklahoma City Thunder,Caesars,williamhill_us,totals,Over,-110,233.5,the_odds_api,2026-09-12T19:35:41.209151+00:00
2b7218aa25cf98318a40e6f2469a5c5d,2026-12-26T01:00:00Z,Minnesota Timberwolves,Oklahoma City Thunder,Caesars,williamhill_us,totals,Under,-110,233.5,the_odds_api,2026-09-12T19:35:41.209151+00:00
2b7218aa25cf98318a40e6f2469a5c5d,2026-12-26T01:00:00Z,Minnesota Timberwolves,Oklahoma City Thunder,Bovada,bovada,h2h,Minnesota Timberwolves,145,,the_odds_api,2026-09-12T19:35:41.209151+00:00
2b7218aa25cf98318a40e6f2469a5c5d,2026-12-26T01:00:00Z,Minnesota Timberwolves,Oklahoma City Thunder,Bovada,bovada,h2h,Oklahoma City Thunder,-170,,the_odds_api,2026-09-12T19:35:41.209151+00:00
2b7218aa25cf98318a40e6f2469a5c5d,2026-12-26T01:00:00Z,Minnesota Timberwolves,Oklahoma City Thunder,Bovada,bovada,spreads,Minnesota Timberwolves,-105,4.5,the_odds_api,2026-09-12T19:35:41.209151+00:00
2b7218aa25cf98318a40e6f2469a5c5d,2026-12-26T01:00:00Z,Minnesota Timberwolves,Oklahoma City Thunder,Bovada,bovada,spreads,Oklahoma City Thunder,-115,-4.5,the_odds_api,2026-09-12T19:35:41.209151+00:00
2b7218aa25cf98318a40e6f2469a5c5d,2026-12-26T01:00:00Z,Minnesota Timberwolves,Oklahoma City Thunder,Bovada,bovada,totals,Over,-110,233.5,the_odds_api,2026-09-12T19:35:41.209151+00:00
2b7218aa25cf98318a40e6f2469a5c5d,2026-12-26T01:00:00Z,Minnesota Timberwolves,Oklahoma City Thunder,Bovada,bovada,totals,Under,-110,233.5,the_odds_api,2026-09-12T19:35:41.209151+00:00
85a2379bc49135f2759709e55af0c4c6,2026-12-26T03:30:00Z,Golden State Warriors,Denver Nuggets,FanDuel,fanduel,h2h,Denver Nuggets,-132,,the_odds_api,2026-09-12T19:35:41.209151+00:00
85a2379bc49135f2759709e55af0c4c6,2026-12-26T03:30:00Z,Golden State Warriors,Denver Nuggets,FanDuel,fanduel,h2h,Golden State Warriors,112,,the_odds_api,2026-09-12T19:35:41.209151+00:00
85a2379bc49135f2759709e55af0c4c6,2026-12-26T03:30:00Z,Golden State Warriors,Denver Nuggets,FanDuel,fanduel,spreads,Denver Nuggets,-110,-2.5,the_odds_api,2026-09-12T19:35:41.209151+00:00
85a2379bc49135f2759709e55af0c4c6,2026-12-26T03:30:00Z,Golden State Warriors,Denver Nuggets,FanDuel,fanduel,spreads,Golden State Warriors,-110,2.5,the_odds_api,2026-09-12T19:35:41.209151+00:00
85a2379bc49135f2759709e55af0c4c6,2026-12-26T03:30:00Z,Golden State Warriors,Denver Nuggets,FanDuel,fanduel,totals,Over,-110,239.5,the_odds_api,2026-09-12T19:35:41.209151+00:00
85a2379bc49135f2759709e55af0c4c6,2026-12-26T03:30:00Z,Golden State Warriors,Denver Nuggets,FanDuel,fanduel,totals,Under,-110,239.5,the_odds_api,2026-09-12T19:35:41.209151+00:00
85a2379bc49135f2759709e55af0c4c6,2026-12-26T03:30:00Z,Golden State Warriors,Denver Nuggets,BetRivers,betrivers,h2h,Denver Nuggets,-129,,the_odds_api,2026-09-12T19:35:41.209151+00:00
85a2379bc49135f2759709e55af0c4c6,2026-12-26T03:30:00Z,Golden State Warriors,Denver Nuggets,BetRivers,betrivers,h2h,Golden State Warriors,104,,the_odds_api,2026-09-12T19:35:41.209151+00:00
85a2379bc49135f2759709e55af0c4c6,2026-12-26T03:30:00Z,Golden State Warriors,Denver Nuggets,BetRivers,betrivers,spreads,Denver Nuggets,-110,-2.0,the_odds_api,2026-09-12T19:35:41.209151+00:00
85a2379bc49135f2759709e55af0c4c6,2026-12-26T03:30:00Z,Golden State Warriors,Denver Nuggets,BetRivers,betrivers,spreads,Golden State Warriors,-113,2.0,the_odds_api,2026-09-12T19:35:41.209151+00:00
85a2379bc49135f2759709e55af0c4c6,2026-12-26T03:30:00Z,Golden State Warriors,Denver Nuggets,BetRivers,betrivers,totals,Over,-113,234.5,the_odds_api,2026-09-12T19:35:41.209151+00:00
85a2379bc49135f2759709e55af0c4c6,2026-12-26T03:30:00Z,Golden State Warriors,Denver Nuggets,BetRivers,betrivers,totals,Under,-110,234.5,the_odds_api,2026-09-12T19:35:41.209151+00:00
85a2379bc49135f2759709e55af0c4c6,2026-12-26T03:30:00Z,Golden State Warriors,Denver Nuggets,DraftKings,draftkings,h2h,Denver Nuggets,-135,,the_odds_api,2026-09-12T19:35:41.209151+00:00
85a2379bc49135f2759709e55af0c4c6,2026-12-26T03:30:00Z,Golden State Warriors,Denver Nuggets,DraftKings,draftkings,h2h,Golden State Warriors,114,,the_odds_api,2026-09-12T19:35:41.209151+00:00
85a2379bc49135f2759709e55af0c4c6,2026-12-26T03:30:00Z,Golden State Warriors,Denver Nuggets,DraftKings,draftkings,spreads,Denver Nuggets,-110,-2.5,the_odds_api,2026-09-12T19:35:41.209151+00:00
85a2379bc49135f2759709e55af0c4c6,2026-12-26T03:30:00Z,Golden State Warriors,Denver Nuggets,DraftKings,draftkings,spreads,Golden State Warriors,-110,2.5,the_odds_api,2026-09-12T19:35:41.209151+00:00
85a2379bc49135f2759709e55af0c4c6,2026-12-26T03:30:00Z,Golden State Warriors,Denver Nuggets,DraftKings,draftkings,totals,Over,-110,238.5,the_odds_api,2026-09-12T19:35:41.209151+00:00
85a2379bc49135f2759709e55af0c4c6,2026-12-26T03:30:00Z,Golden State Warriors,Denver Nuggets,DraftKings,draftkings,totals,Under,-110,238.5,the_odds_api,2026-09-12T19:35:41.209151+00:00
85a2379bc49135f2759709e55af0c4c6,2026-12-26T03:30:00Z,Golden State Warriors,Denver Nuggets,BetMGM,betmgm,h2h,Denver Nuggets,-130,,the_odds_api,2026-09-12T19:35:41.209151+00:00
85a2379bc49135f2759709e55af0c4c6,2026-12-26T03:30:00Z,Golden State Warriors,Denver Nuggets,BetMGM,betmgm,h2h,Golden State Warriors,110,,the_odds_api,2026-09-12T19:35:41.209151+00:00
85a2379bc49135f2759709e55af0c4c6,2026-12-26T03:30:00Z,Golden State Warriors,Denver Nuggets,BetMGM,betmgm,spreads,Denver Nuggets,-110,-2.5,the_odds_api,2026-09-12T19:35:41.209151+00:00
85a2379bc49135f2759709e55af0c4c6,2026-12-26T03:30:00Z,Golden State Warriors,Denver Nuggets,BetMGM,betmgm,spreads,Golden State Warriors,-110,2.5,the_odds_api,2026-09-12T19:35:41.209151+00:00
85a2379bc49135f2759709e55af0c4c6,2026-12-26T03:30:00Z,Golden State Warriors,Denver Nuggets,BetMGM,betmgm,totals,Over,-110,238.5,the_odds_api,2026-09-12T19:35:41.209151+00:00
85a2379bc49135f2759709e55af0c4c6,2026-12-26T03:30:00Z,Golden State Warriors,Denver Nuggets,BetMGM,betmgm,totals,Under,-110,238.5,the_odds_api,2026-09-12T19:35:41.209151+00:00
85a2379bc49135f2759709e55af0c4c6,2026-12-26T03:30:00Z,Golden State Warriors,Denver Nuggets,Caesars,williamhill_us,h2h,Denver Nuggets,-135,,the_odds_api,2026-09-12T19:35:41.209151+00:00
85a2379bc49135f2759709e55af0c4c6,2026-12-26T03:30:00Z,Golden State Warriors,Denver Nuggets,Caesars,williamhill_us,h2h,Golden State Warriors,115,,the_odds_api,2026-09-12T19:35:41.209151+00:00
85a2379bc49135f2759709e55af0c4c6,2026-12-26T03:30:00Z,Golden State Warriors,Denver Nuggets,Caesars,williamhill_us,spreads,Denver Nuggets,-110,-2.5,the_odds_api,2026-09-12T19:35:41.209151+00:00
85a2379bc49135f2759709e55af0c4c6,2026-12-26T03:30:00Z,Golden State Warriors,Denver Nuggets,Caesars,williamhill_us,spreads,Golden State Warriors,-110,2.5,the_odds_api,2026-09-12T19:35:41.209151+00:00
85a2379bc49135f2759709e55af0c4c6,2026-12-26T03:30:00Z,Golden State Warriors,Denver Nuggets,Caesars,williamhill_us,totals,Over,-110,238.5,the_odds_api,2026-09-12T19:35:41.209151+00:00
85a2379bc49135f2759709e55af0c4c6,2026-12-26T03:30:00Z,Golden State Warriors,Denver Nuggets,Caesars,williamhill_us,totals,Under,-110,238.5,the_odds_api,2026-09-12T19:35:41.209151+00:00
85a2379bc49135f2759709e55af0c4c6,2026-12-26T03:30:00Z,Golden State Warriors,Denver Nuggets,Bovada,bovada,h2h,Denver Nuggets,-135,,the_odds_api,2026-09-12T19:35:41.209151+00:00
85a2379bc49135f2759709e55af0c4c6,2026-12-26T03:30:00Z,Golden State Warriors,Denver Nuggets,Bovada,bovada,h2h,Golden State Warriors,115,,the_odds_api,2026-09-12T19:35:41.209151+00:00
85a2379bc49135f2759709e55af0c4c6,2026-12-26T03:30:00Z,Golden State Warriors,Denver Nuggets,Bovada,bovada,spreads,Denver Nuggets,-110,-2.5,the_odds_api,2026-09-12T19:35:41.209151+00:00
85a2379bc49135f2759709e55af0c4c6,2026-12-26T03:30:00Z,Golden State Warriors,Denver Nuggets,Bovada,bovada,spreads,Golden State Warriors,-110,2.5,the_odds_api,2026-09-12T19:35:41.209151+00:00
85a2379bc49135f2759709e55af0c4c6,2026-12-26T03:30:00Z,Golden State Warriors,Denver Nuggets,Bovada,bovada,totals,Over,-110,238.5,the_odds_api,2026-09-12T19:35:41.209151+00:00
85a2379bc49135f2759709e55af0c4c6,2026-12-26T03:30:00Z,Golden State Warriors,Denver Nuggets,Bovada,bovada,totals,Under,-110,238.5,the_odds_api,2026-09-12T19:35:41.209151+00:00
