league,game_id,odds_event_id,game_date,commence_time,home_team,away_team,home_team_key,away_team_key,status,status_state,completed,home_score,away_score,espn_game_id,venue,source_system,has_schedule_match,odds_event_count,bookmaker_count,market_count,has_h2h,has_spreads,has_totals
nfl,f1bc532dff946d15cb85654b5c4b246e,f1bc532dff946d15cb85654b5c4b246e,2025-09-05,2025-09-05T00:20:00Z,Philadelphia Eagles,Dallas Cowboys,PHI,DAL,,,0,,,,,odds_api_flattened,false,66,11,3,true,true,true
nfl,9535d3e3ee9d9fc83ea2b500ad0b587c,9535d3e3ee9d9fc83ea2b500ad0b587c,2025-09-06,2025-09-06T00:00:00Z,Los Angeles Chargers,Kansas City Chiefs,LAC,KC,,,0,,,,,odds_api_flattened,false,66,11,3,true,true,true
nfl,0b2455795dfcd692dd607503e4f20d04,0b2455795dfcd692dd607503e4f20d04,2025-09-07,2025-09-07T17:00:00Z,New England Patriots,Las Vegas Raiders,NE,LV,,,0,,,,,odds_api_flattened,false,66,11,3,true,true,true
nfl,1e09eb3fe1385796c1a32000de48ac64,1e09eb3fe1385796c1a32000de48ac64,2025-09-07,2025-09-07T17:00:00Z,Atlanta Falcons,Tampa Bay Buccaneers,ATL,TB,,,0,,,,,odds_api_flattened,false,64,11,3,true,true,true
nfl,394256a6c3d0f5ecd1208fffaae6a72f,394256a6c3d0f5ecd1208fffaae6a72f,2025-09-07,2025-09-07T17:00:00Z,Jacksonville Jaguars,Carolina Panthers,JAX,CAR,,,0,,,,,odds_api_flattened,false,66,11,3,true,true,true
nfl,4cce00ca468c67eca17a9a061f778fb2,4cce00ca468c67eca17a9a061f778fb2,2025-09-07,2025-09-07T17:00:00Z,Washington Commanders,New York Giants,WAS,NYG,,,0,,,,,odds_api_flattened,false,66,11,3,true,true,true
nfl,557d13ef8f4c1d21044f3a478cda6d0b,557d13ef8f4c1d21044f3a478cda6d0b,2025-09-07,2025-09-07T17:00:00Z,New Orleans Saints,Arizona Cardinals,NO,ARI,,,0,,,,,odds_api_flattened,false,66,11,3,true,true,true
nfl,5ed483bb614b18955f8b43f177746371,5ed483bb614b18955f8b43f177746371,2025-09-07,2025-09-07T17:00:00Z,New York Jets,Pittsburgh Steelers,NYJ,PIT,,,0,,,,,odds_api_flattened,false,66,11,3,true,true,true
nfl,b02a72c768a6c6dee87aa74f78e84176,b02a72c768a6c6dee87aa74f78e84176,2025-09-07,2025-09-07T17:00:00Z,Indianapolis Colts,Miami Dolphins,IND,MIA,,,0,,,,,odds_api_flattened,false,64,11,3,true,true,true
nfl,e2d3b0596efcebc1c19dab92009f5e26,e2d3b0596efcebc1c19dab92009f5e26,2025-09-07,2025-09-07T17:00:00Z,Cleveland Browns,Cincinnati Bengals,CLE,CIN,,,0,,,,,odds_api_flattened,false,66,11,3,true,true,true
nfl,68397f3aa9eb847a421a49f990a11928,68397f3aa9eb847a421a49f990a11928,2025-09-07,2025-09-07T20:05:00Z,Denver Broncos,Tennessee Titans,DEN,TEN,,,0,,,,,odds_api_flattened,false,66,11,3,true,true,true
nfl,9f1ad249959aacae89e5e74e43429a4a,9f1ad249959aacae89e5e74e43429a4a,2025-09-07,2025-09-07T20:05:00Z,Seattle Seahawks,San Francisco 49ers,SEA,SF,,,0,,,,,odds_api_flattened,false,66,11,3,true,true,true
nfl,8e0e2d9237098222f9ca7554b11b12bb,8e0e2d9237098222f9ca7554b11b12bb,2025-09-07,2025-09-07T20:25:00Z,Green Bay Packers,Detroit Lions,GB,DET,,,0,,,,,odds_api_flattened,false,66,11,3,true,true,true
nfl,dc0e3db61983a138098f28226788d2d3,dc0e3db61983a138098f28226788d2d3,2025-09-07,2025-09-07T20:25:00Z,Los Angeles Rams,Houston Texans,LAR,HOU,,,0,,,,,odds_api_flattened,false,66,11,3,true,true,true
nfl,dee0a41ed5e8201a96d457899adbe918,dee0a41ed5e8201a96d457899adbe918,2025-09-08,2025-09-08T00:20:00Z,Buffalo Bills,Baltimore Ravens,BUF,BAL,,,0,,,,,odds_api_flattened,false,66,11,3,true,true,true
nfl,c6d7807cee33d5e81c671527b9c8b3f1,c6d7807cee33d5e81c671527b9c8b3f1,2025-09-09,2025-09-09T00:15:00Z,Chicago Bears,Minnesota Vikings,CHI,MIN,,,0,,,,,odds_api_flattened,false,66,11,3,true,true,true
nfl,0c6e5d9821ce0d3e82f3e792879776a6,0c6e5d9821ce0d3e82f3e792879776a6,2025-09-12,2025-09-12T00:16:00Z,Green Bay Packers,Washington Commanders,GB,WAS,,,0,,,,,odds_api_flattened,false,66,11,3,true,true,true
nfl,05a5b084f4e19535b2d3f91ef5c00169,05a5b084f4e19535b2d3f91ef5c00169,2025-09-14,2025-09-14T17:00:00Z,Dallas Cowboys,New York Giants,DAL,NYG,,,0,,,,,odds_api_flattened,false,66,11,3,true,true,true
nfl,1ee9ea2c8256bc6be5dd92e60f6c17de,1ee9ea2c8256bc6be5dd92e60f6c17de,2025-09-14,2025-09-14T17:00:00Z,Detroit Lions,Chicago Bears,DET,CHI,,,0,,,,,odds_api_flattened,false,66,11,3,true,true,true
nfl,575c1b169aab675ec72372ccb0f4c55f,575c1b169aab675ec72372ccb0f4c55f,2025-09-14,2025-09-14T17:00:00Z,Miami Dolphins,New England Patriots,MIA,NE,,,0,,,,,odds_api_flattened,false,66,11,3,true,true,true
nfl,ec75e45d75691f810f347e0c5ff25d6e,ec75e45d75691f810f347e0c5ff25d6e,2025-09-14,2025-09-14T17:00:00Z,Cincinnati Bengals,Jacksonville Jaguars,CIN,JAX,,,0,,,,,odds_api_flattened,false,66,11,3,true,true,true
nfl,0e6f68b30237afc04d1517a193213a65,0e6f68b30237afc04d1517a193213a65,2025-09-14,2025-09-14T17:01:00Z,Tennessee Titans,Los Angeles Rams,TEN,LAR,,,0,,,,,odds_api_flattened,false,66,11,3,true,true,true
nfl,553edb8bf2452482b37dde58e832a6fb,553edb8bf2452482b37dde58e832a6fb,2025-09-14,2025-09-14T17:01:00Z,Baltimore Ravens,Cleveland Browns,BAL,CLE,,,0,,,,,odds_api_flattened,false,66,11,3,true,true,true
nfl,82f9fd7001598d5cf9c1bdd57c66cae4,82f9fd7001598d5cf9c1bdd57c66cae4,2025-09-14,2025-09-14T17:01:00Z,Pittsburgh Steelers,Seattle Seahawks,PIT,SEA,,,0,,,,,odds_api_flattened,false,66,11,3,true,true,true
nfl,866d7405986fb4d14897cdb6c0aa5926,866d7405986fb4d14897cdb6c0aa5926,2025-09-14,2025-09-14T17:01:00Z,New Orleans Saints,San Francisco 49ers,NO,SF,,,0,,,,,odds_api_flattened,false,66,11,3,true,true,true
nfl,cd0fd9335b5182d3bfed35ab8d5ab6fb,cd0fd9335b5182d3bfed35ab8d5ab6fb,2025-09-14,2025-09-14T17:01:00Z,New York Jets,Buffalo Bills,NYJ,BUF,,,0,,,,,odds_api_flattened,false,66,11,3,true,true,true
nfl,7e2ad5ef04493526707e0868f7b70c47,7e2ad5ef04493526707e0868f7b70c47,2025-09-14,2025-09-14T20:05:00Z,Arizona Cardinals,Carolina Panthers,ARI,CAR,,,0,,,,,odds_api_flattened,false,66,11,3,true,true,true
nfl,e217b38ef8bc6e98d3512cb42b90782e,e217b38ef8bc6e98d3512cb42b90782e,2025-09-14,2025-09-14T20:06:00Z,Indianapolis Colts,Denver Broncos,IND,DEN,,,0,,,,,odds_api_flattened,false,64,11,3,true,true,true
nfl,bbec8d71145954cff67915c9b006bb6e,bbec8d71145954cff67915c9b006bb6e,2025-09-14,2025-09-14T20:25:00Z,Kansas City Chiefs,Philadelphia Eagles,KC,PHI,,,0,,,,,odds_api_flattened,false,64,11,3,true,true,true
nfl,37d09ce5d357536d0e58dd4ba0ab4106,37d09ce5d357536d0e58dd4ba0ab4106,2025-09-15,2025-09-15T00:20:00Z,Minnesota Vikings,Atlanta Falcons,MIN,ATL,,,0,,,,,odds_api_flattened,false,66,11,3,true,true,true
nfl,7d9a04f411031528d9c1d2df7b9a0453,7d9a04f411031528d9c1d2df7b9a0453,2025-09-15,2025-09-15T23:01:00Z,Houston Texans,Tampa Bay Buccaneers,HOU,TB,,,0,,,,,odds_api_flattened,false,66,11,3,true,true,true
nfl,bebae12f59f19bd877df7ac3cab05263,bebae12f59f19bd877df7ac3cab05263,2025-09-16,2025-09-16T02:00:00Z,Las Vegas Raiders,Los Angeles Chargers,LV,LAC,,,0,,,,,odds_api_flattened,false,66,11,3,true,true,true
nfl,aca5234c57e31b1931e51d2d0d6046f5,aca5234c57e31b1931e51d2d0d6046f5,2025-09-19,2025-09-19T00:15:00Z,Buffalo Bills,Miami Dolphins,BUF,MIA,,,0,,,,,odds_api_flattened,false,66,11,3,true,true,true
nfl,02522f48a7b7e7524881c1b1638cd94d,02522f48a7b7e7524881c1b1638cd94d,2025-09-21,2025-09-21T17:00:00Z,Tampa Bay Buccaneers,New York Jets,TB,NYJ,,,0,,,,,odds_api_flattened,false,66,11,3,true,true,true
nfl,03a5eed2c8ef5d1c8a48866ea4b0d63a,03a5eed2c8ef5d1c8a48866ea4b0d63a,2025-09-21,2025-09-21T17:00:00Z,Washington Commanders,Las Vegas Raiders,WAS,LV,,,0,,,,,odds_api_flattened,false,66,11,3,true,true,true
nfl,5737e4dbf6879c5061bb23033a4d8a55,5737e4dbf6879c5061bb23033a4d8a55,2025-09-21,2025-09-21T17:00:00Z,Carolina Panthers,Atlanta Falcons,CAR,ATL,,,0,,,,,odds_api_flattened,false,62,11,3,true,true,true
nfl,581955d1b79fe87a3a61a4885cd7ea67,581955d1b79fe87a3a61a4885cd7ea67,2025-09-21,2025-09-21T17:00:00Z,Cleveland Browns,Green Bay Packers,CLE,GB,,,0,,,,,odds_api_flattened,false,66,11,3,true,true,true
nfl,97de7672b61dbddbce982711c121e76d,97de7672b61dbddbce982711c121e76d,2025-09-21,2025-09-21T17:00:00Z,Jacksonville Jaguars,Houston Texans,JAX,HOU,,,0,,,,,odds_api_flattened,false,62,11,3,true,true,true
nfl,c4c42918a645b1a4773f47d7eaa5cfcf,c4c42918a645b1a4773f47d7eaa5cfcf,2025-09-21,2025-09-21T17:00:00Z,New England Patriots,Pittsburgh Steelers,NE,PIT,,,0,,,,,odds_api_flattened,false,66,11,3,true,true,true
nfl,eefb7f130c8fc2c129e296fe5c6ba3e3,eefb7f130c8fc2c129e296fe5c6ba3e3,2025-09-21,2025-09-21T17:00:00Z,Minnesota Vikings,Cincinnati Bengals,MIN,CIN,,,0,,,,,odds_api_flattened,false,66,11,3,true,true,true
nfl,4c4ae4a2d54fc3f71c450187e9391ddc,4c4ae4a2d54fc3f71c450187e9391ddc,2025-09-21,2025-09-21T17:01:00Z,Philadelphia Eagles,Los Angeles Rams,PHI,LAR,,,0,,,,,odds_api_flattened,false,66,11,3,true,true,true
nfl,bb506016737825f4d0b1f9862f95c246,bb506016737825f4d0b1f9862f95c246,2025-09-21,2025-09-21T17:01:00Z,Tennessee Titans,Indianapolis Colts,TEN,IND,,,0,,,,,odds_api_flattened,false,66,11,3,true,true,true
nfl,0ee3f5a0078c21cfdffd1b97002e7da5,0ee3f5a0078c21cfdffd1b97002e7da5,2025-09-21,2025-09-21T20:05:00Z,Los Angeles Chargers,Denver Broncos,LAC,DEN,,,0,,,,,odds_api_flattened,false,66,11,3,true,true,true
nfl,311c411c2d53e36a902763dc7a2ef678,311c411c2d53e36a902763dc7a2ef678,2025-09-21,2025-09-21T20:05:00Z,Seattle Seahawks,New Orleans Saints,SEA,NO,,,0,,,,,odds_api_flattened,false,64,11,3,true,true,true
nfl,186868cc79ce1f5d22075b67ebbc7b64,186868cc79ce1f5d22075b67ebbc7b64,2025-09-21,2025-09-21T20:25:00Z,Chicago Bears,Dallas Cowboys,CHI,DAL,,,0,,,,,odds_api_flattened,false,64,11,3,true,true,true
nfl,20b50dac292089c063b21e1410f172ef,20b50dac292089c063b21e1410f172ef,2025-09-21,2025-09-21T20:26:00Z,San Francisco 49ers,Arizona Cardinals,SF,ARI,,,0,,,,,odds_api_flattened,false,66,11,3,true,true,true
nfl,ee840f13db8bd150fcdd8f6670fa7041,ee840f13db8bd150fcdd8f6670fa7041,2025-09-22,2025-09-22T00:21:00Z,New York Giants,Kansas City Chiefs,NYG,KC,,,0,,,,,odds_api_flattened,false,66,11,3,true,true,true
nfl,6e67ddae4bb01d1c2d3f461ee62d2666,6e67ddae4bb01d1c2d3f461ee62d2666,2025-09-23,2025-09-23T00:15:00Z,Baltimore Ravens,Detroit Lions,BAL,DET,,,0,,,,,odds_api_flattened,false,66,11,3,true,true,true
nfl,4a08b89f07a4a395620f6df5c1d239f4,4a08b89f07a4a395620f6df5c1d239f4,2025-09-26,2025-09-26T00:16:00Z,Arizona Cardinals,Seattle Seahawks,ARI,SEA,,,0,,,,,odds_api_flattened,false,66,11,3,true,true,true
nfl,4dd631102a977fd398f7ea594ed208f2,4dd631102a977fd398f7ea594ed208f2,2025-09-28,2025-09-28T13:33:00Z,Pittsburgh Steelers,Minnesota Vikings,PIT,MIN,,,0,,,,,odds_api_flattened,false,54,11,3,true,true,true
nfl,bcb1f89cf378a586097c50585e53acce,bcb1f89cf378a586097c50585e53acce,2025-09-28,2025-09-28T17:00:00Z,Detroit Lions,Cleveland Browns,DET,CLE,,,0,,,,,odds_api_flattened,false,66,11,3,true,true,true
nfl,d921b1e86b0a30ad91000ffc360d302d,d921b1e86b0a30ad91000ffc360d302d,2025-09-28,2025-09-28T17:00:00Z,New York Giants,Los Angeles Chargers,NYG,LAC,,,0,,,,,odds_api_flattened,false,66,11,3,true,true,true
nfl,85c9b76cd6bd575b611cb4e8feb7a0b0,85c9b76cd6bd575b611cb4e8feb7a0b0,2025-09-28,2025-09-28T17:01:00Z,Houston Texans,Tennessee Titans,HOU,TEN,,,0,,,,,odds_api_flattened,false,66,11,3,true,true,true
nfl,894976986c24d52cf1d45f0e6bb0e90c,894976986c24d52cf1d45f0e6bb0e90c,2025-09-28,2025-09-28T17:01:00Z,Tampa Bay Buccaneers,Philadelphia Eagles,TB,PHI,,,0,,,,,odds_api_flattened,false,66,11,3,true,true,true
nfl,b7934d72587b62de0f563ac9acbaa770,b7934d72587b62de0f563ac9acbaa770,2025-09-28,2025-09-28T17:01:00Z,Atlanta Falcons,Washington Commanders,ATL,WAS,,,0,,,,,odds_api_flattened,false,66,11,3,true,true,true
nfl,d16a43752aaac66e9ff8768d8590b662,d16a43752aaac66e9ff8768d8590b662,2025-09-28,2025-09-28T17:01:00Z,Buffalo Bills,New Orleans Saints,BUF,NO,,,0,,,,,odds_api_flattened,false,66,11,3,true,true,true
nfl,f8fe40924827231233dc10f6999d8ff7,f8fe40924827231233dc10f6999d8ff7,2025-09-28,2025-09-28T17:01:00Z,New England Patriots,Carolina Panthers,NE,CAR,,,0,,,,,odds_api_flattened,false,66,11,3,true,true,true
nfl,09f55b4a19a83eb951a9400a11123477,09f55b4a19a83eb951a9400a11123477,2025-09-28,2025-09-28T20:06:00Z,San Francisco 49ers,Jacksonville Jaguars,SF,JAX,,,0,,,,,odds_api_flattened,false,66,11,3,true,true,true
nfl,d90e0de2d5fa2d57e8812f31775ad0ba,d90e0de2d5fa2d57e8812f31775ad0ba,2025-09-28,2025-09-28T20:06:00Z,Los Angeles Rams,Indianapolis Colts,LAR,IND,,,0,,,,,odds_api_flattened,false,66,11,3,true,true,true
nfl,051233db287b02fd3e7574955879ece2,051233db287b02fd3e7574955879ece2,2025-09-28,2025-09-28T20:25:00Z,Kansas City Chiefs,Baltimore Ravens,KC,BAL,,,0,,,,,odds_api_flattened,false,66,11,3,true,true,true
nfl,af6fbb0a2e996613bc393115276c60e2,af6fbb0a2e996613bc393115276c60e2,2025-09-28,2025-09-28T20:26:00Z,Las Vegas Raiders,Chicago Bears,LV,CHI,,,0,,,,,odds_api_flattened,false,66,11,3,true,true,true
nfl,de432abcc3bd8d42a582ae9f71388dcd,de432abcc3bd8d42a582ae9f71388dcd,2025-09-29,2025-09-29T00:21:00Z,Dallas Cowboys,Green Bay Packers,DAL,GB,,,0,,,,,odds_api_flattened,false,66,11,3,true,true,true
nfl,bc76fb8d846588ed46297aaab4e83de9,bc76fb8d846588ed46297aaab4e83de9,2025-09-29,2025-09-29T23:16:00Z,Miami Dolphins,New York Jets,MIA,NYJ,,,0,,,,,odds_api_flattened,false,66,11,3,true,true,true
nfl,8dcb2a6bf542ccb7e6bc58f83c8fc2ac,8dcb2a6bf542ccb7e6bc58f83c8fc2ac,2025-09-30,2025-09-30T00:16:00Z,Denver Broncos,Cincinnati Bengals,DEN,CIN,,,0,,,,,odds_api_flattened,false,66,11,3,true,true,true
nfl,c4b72eabb3d557e73022ec730d8e3944,c4b72eabb3d557e73022ec730d8e3944,2025-10-03,2025-10-03T00:16:00Z,Los Angeles Rams,San Francisco 49ers,LAR,SF,,,0,,,,,odds_api_flattened,false,66,11,3,true,true,true
nfl,6e206c7bc9379b07d27298a393305384,6e206c7bc9379b07d27298a393305384,2025-10-05,2025-10-05T13:32:00Z,Cleveland Browns,Minnesota Vikings,CLE,MIN,,,0,,,,,odds_api_flattened,false,66,11,3,true,true,true
nfl,1e3d3526039030b96471845ade5992cf,1e3d3526039030b96471845ade5992cf,2025-10-05,2025-10-05T17:01:00Z,Indianapolis Colts,Las Vegas Raiders,IND,LV,,,0,,,,,odds_api_flattened,false,66,11,3,true,true,true
nfl,1fe136913ef0e77717c0f0668163637f,1fe136913ef0e77717c0f0668163637f,2025-10-05,2025-10-05T17:01:00Z,New Orleans Saints,New York Giants,NO,NYG,,,0,,,,,odds_api_flattened,false,66,11,3,true,true,true
nfl,6eb8eeff6a052455649ddd2a50e0a188,6eb8eeff6a052455649ddd2a50e0a188,2025-10-05,2025-10-05T17:01:00Z,Baltimore Ravens,Houston Texans,BAL,HOU,,,0,,,,,odds_api_flattened,false,66,11,3,true,true,true
nfl,bc4f9a719baf61261befad75f4bdb539,bc4f9a719baf61261befad75f4bdb539,2025-10-05,2025-10-05T17:01:00Z,Philadelphia Eagles,Denver Broncos,PHI,DEN,,,0,,,,,odds_api_flattened,false,66,11,3,true,true,true
nfl,df7e32f3c6cfaaa66de560906faabe32,df7e32f3c6cfaaa66de560906faabe32,2025-10-05,2025-10-05T17:01:00Z,New York Jets,Dallas Cowboys,NYJ,DAL,,,0,,,,,odds_api_flattened,false,60,11,3,true,true,true
nfl,ff8222149317a63ffe50fcda777d14c0,ff8222149317a63ffe50fcda777d14c0,2025-10-05,2025-10-05T17:01:00Z,Carolina Panthers,Miami Dolphins,CAR,MIA,,,0,,,,,odds_api_flattened,false,66,11,3,true,true,true
nfl,6f5a22a3ca33478094cef1e9212ba0fc,6f5a22a3ca33478094cef1e9212ba0fc,2025-10-05,2025-10-05T20:06:00Z,Seattle Seahawks,Tampa Bay Buccaneers,SEA,TB,,,0,,,,,odds_api_flattened,false,66,11,3,true,true,true
nfl,8fa3fd86eaa7b432469d43b84904e1dc,8fa3fd86eaa7b432469d43b84904e1dc,2025-10-05,2025-10-05T20:06:00Z,Arizona Cardinals,Tennessee Titans,ARI,TEN,,,0,,,,,odds_api_flattened,false,66,11,3,true,true,true
nfl,79c4e9f40e2647dc2a7b377cf61c48cd,79c4e9f40e2647dc2a7b377cf61c48cd,2025-10-05,2025-10-05T20:26:00Z,Los Angeles Chargers,Washington Commanders,LAC,WAS,,,0,,,,,odds_api_flattened,false,66,11,3,true,true,true
nfl,e9de9c4390a28a90f437760050b23531,e9de9c4390a28a90f437760050b23531,2025-10-05,2025-10-05T20:26:00Z,Cincinnati Bengals,Detroit Lions,CIN,DET,,,0,,,,,odds_api_flattened,false,66,11,3,true,true,true
nfl,ba826e757d625a676452b8d3d6971bb0,ba826e757d625a676452b8d3d6971bb0,2025-10-06,2025-10-06T00:21:00Z,Buffalo Bills,New England Patriots,BUF,NE,,,0,,,,,odds_api_flattened,false,66,11,3,true,true,true
nfl,1910db6879dddf37e4f86f0bcf1c9547,1910db6879dddf37e4f86f0bcf1c9547,2025-10-07,2025-10-07T00:16:00Z,Jacksonville Jaguars,Kansas City Chiefs,JAX,KC,,,0,,,,,odds_api_flattened,false,66,11,3,true,true,true
nfl,e10fe83ee6178a598e7fa84ea0913366,e10fe83ee6178a598e7fa84ea0913366,2025-10-10,2025-10-10T00:15:00Z,New York Giants,Philadelphia Eagles,NYG,PHI,,,0,,,,,odds_api_flattened,false,64,11,3,true,true,true
nfl,e34812ee7fbf13bd75e4298bccfbdd10,e34812ee7fbf13bd75e4298bccfbdd10,2025-10-12,2025-10-12T13:32:26Z,New York Jets,Denver Broncos,NYJ,DEN,,,0,,,,,odds_api_flattened,false,66,11,3,true,true,true
nfl,e5dd1fed586cfc0ec2d7c06f2a02c37a,e5dd1fed586cfc0ec2d7c06f2a02c37a,2025-10-12,2025-10-12T17:00:00Z,Jacksonville Jaguars,Seattle Seahawks,JAX,SEA,,,0,,,,,odds_api_flattened,false,64,11,3,true,true,true
nfl,f2c642e1f95555424b9a9a4f03733b42,f2c642e1f95555424b9a9a4f03733b42,2025-10-12,2025-10-12T17:00:00Z,New Orleans Saints,New England Patriots,NO,NE,,,0,,,,,odds_api_flattened,false,66,11,3,true,true,true
nfl,a11bbccb332241029ebaeb519b93b776,a11bbccb332241029ebaeb519b93b776,2025-10-12,2025-10-12T17:01:00Z,Pittsburgh Steelers,Cleveland Browns,PIT,CLE,,,0,,,,,odds_api_flattened,false,66,11,3,true,true,true
nfl,a7211a87bbd5fb2ee473eb9c93ee2e68,a7211a87bbd5fb2ee473eb9c93ee2e68,2025-10-12,2025-10-12T17:01:00Z,Miami Dolphins,Los Angeles Chargers,MIA,LAC,,,0,,,,,odds_api_flattened,false,66,11,3,true,true,true
nfl,b235bc78609644cb28492cc1d6ad69fd,b235bc78609644cb28492cc1d6ad69fd,2025-10-12,2025-10-12T17:01:00Z,Baltimore Ravens,Los Angeles Rams,BAL,LAR,,,0,,,,,odds_api_flattened,false,66,11,3,true,true,true
nfl,dd3a14fa1529e79bd338a7bfd71d5b3a,dd3a14fa1529e79bd338a7bfd71d5b3a,2025-10-12,2025-10-12T17:01:00Z,Carolina Panthers,Dallas Cowboys,CAR,DAL,,,0,,,,,odds_api_flattened,false,66,11,3,true,true,true
nfl,dfa87b0532de1389297103c2e3195347,dfa87b0532de1389297103c2e3195347,2025-10-12,2025-10-12T17:01:00Z,Indianapolis Colts,Arizona Cardinals,IND,ARI,,,0,,,,,odds_api_flattened,false,66,11,3,true,true,true
nfl,4963bff460a5f26cab46a8e5ea6db148,4963bff460a5f26cab46a8e5ea6db148,2025-10-12,2025-10-12T20:06:00Z,Las Vegas Raiders,Tennessee Titans,LV,TEN,,,0,,,,,odds_api_flattened,false,66,11,3,true,true,true
nfl,0c85b0939650e29689bb2651b33522eb,0c85b0939650e29689bb2651b33522eb,2025-10-12,2025-10-12T20:26:00Z,Green Bay Packers,Cincinnati Bengals,GB,CIN,,,0,,,,,odds_api_flattened,false,66,11,3,true,true,true
nfl,9e705d669039f2ca8364f408b7792a8a,9e705d669039f2ca8364f408b7792a8a,2025-10-12,2025-10-12T20:26:00Z,Tampa Bay Buccaneers,San Francisco 49ers,TB,SF,,,0,,,,,odds_api_flattened,false,66,11,3,true,true,true
nfl,82e432d5d8bc0b5a6cbe0c324de90de3,82e432d5d8bc0b5a6cbe0c324de90de3,2025-10-13,2025-10-13T00:20:00Z,Kansas City Chiefs,Detroit Lions,KC,DET,,,0,,,,,odds_api_flattened,false,66,11,3,true,true,true
nfl,33e0adf378d2856ffe5f8452e7d5512d,33e0adf378d2856ffe5f8452e7d5512d,2025-10-13,2025-10-13T23:15:00Z,Atlanta Falcons,Buffalo Bills,ATL,BUF,,,0,,,,,odds_api_flattened,false,66,11,3,true,true,true
nfl,38366aa83a3eb6cef71a1134c4fceb2c,38366aa83a3eb6cef71a1134c4fceb2c,2025-10-14,2025-10-14T00:16:00Z,Washington Commanders,Chicago Bears,WAS,CHI,,,0,,,,,odds_api_flattened,false,66,11,3,true,true,true
nfl,6076f9eab496770efc0ab7095b27c122,6076f9eab496770efc0ab7095b27c122,2025-10-17,2025-10-17T00:15:00Z,Cincinnati Bengals,Pittsburgh Steelers,CIN,PIT,,,0,,,,,odds_api_flattened,false,66,11,3,true,true,true
nfl,79de65f1b97c9145ebdcb019eb486500,79de65f1b97c9145ebdcb019eb486500,2025-10-19,2025-10-19T13:32:42Z,Jacksonville Jaguars,Los Angeles Rams,JAX,LAR,,,0,,,,,odds_api_flattened,false,58,11,3,true,true,true
nfl,3127c0dd6ed51a44354af51791bc3e5a,3127c0dd6ed51a44354af51791bc3e5a,2025-10-19,2025-10-19T17:00:00Z,Kansas City Chiefs,Las Vegas Raiders,KC,LV,,,0,,,,,odds_api_flattened,false,66,11,3,true,true,true
nfl,6a8d2daf7f75100d02656bc0217737e8,6a8d2daf7f75100d02656bc0217737e8,2025-10-19,2025-10-19T17:00:00Z,Minnesota Vikings,Philadelphia Eagles,MIN,PHI,,,0,,,,,odds_api_flattened,false,66,11,3,true,true,true
nfl,8f06a4b503cc7309cb0df4a8b67f9930,8f06a4b503cc7309cb0df4a8b67f9930,2025-10-19,2025-10-19T17:00:00Z,Chicago Bears,New Orleans Saints,CHI,NO,,,0,,,,,odds_api_flattened,false,66,11,3,true,true,true
nfl,ba4e8bfa1f4eeaa74c7b09f409361c0d,ba4e8bfa1f4eeaa74c7b09f409361c0d,2025-10-19,2025-10-19T17:00:00Z,New York Jets,Carolina Panthers,NYJ,CAR,,,0,,,,,odds_api_flattened,false,64,11,3,true,true,true
nfl,f0336c9a3749716250afba387d157377,f0336c9a3749716250afba387d157377,2025-10-19,2025-10-19T17:00:00Z,Cleveland Browns,Miami Dolphins,CLE,MIA,,,0,,,,,odds_api_flattened,false,66,11,3,true,true,true
nfl,f7fa9341eeffb08f7e6e769398cd32e2,f7fa9341eeffb08f7e6e769398cd32e2,2025-10-19,2025-10-19T17:00:00Z,Tennessee Titans,New England Patriots,TEN,NE,,,0,,,,,odds_api_flattened,false,64,11,3,true,true,true
nfl,3be866344dfa050e602a6e69170b3cbe,3be866344dfa050e602a6e69170b3cbe,2025-10-19,2025-10-19T20:05:00Z,Denver Broncos,New York Giants,DEN,NYG,,,0,,,,,odds_api_flattened,false,66,11,3,true,true,true
nfl,a0ad5501e9d1d2ee9f61d9f293374f17,a0ad5501e9d1d2ee9f61d9f293374f17,2025-10-19,2025-10-19T20:05:00Z,Los Angeles Chargers,Indianapolis Colts,LAC,IND,,,0,,,,,odds_api_flattened,false,66,11,3,true,true,true
nfl,1036171316ac51350b388c99e000cfc1,1036171316ac51350b388c99e000cfc1,2025-10-19,2025-10-19T20:25:00Z,Arizona Cardinals,Green Bay Packers,ARI,GB,,,0,,,,,odds_api_flattened,false,66,11,3,true,true,true
nfl,ff0c1ce30d562926ce40fc9bbaa2b7b1,ff0c1ce30d562926ce40fc9bbaa2b7b1,2025-10-19,2025-10-19T20:25:00Z,Dallas Cowboys,Washington Commanders,DAL,WAS,,,0,,,,,odds_api_flattened,false,66,11,3,true,true,true
nfl,7b2ded52498efcf97a08ef10ee99b0f3,7b2ded52498efcf97a08ef10ee99b0f3,2025-10-20,2025-10-20T00:20:00Z,San Francisco 49ers,Atlanta Falcons,SF,ATL,,,0,,,,,odds_api_flattened,false,60,11,3,true,true,true
nfl,b808059d3ccc754ace4a3d23b58e47e8,b808059d3ccc754ace4a3d23b58e47e8,2025-10-20,2025-10-20T23:00:00Z,Detroit Lions,Tampa Bay Buccaneers,DET,TB,,,0,,,,,odds_api_flattened,false,66,11,3,true,true,true
nfl,7ca953ab786f70b22cabbe4946d330fa,7ca953ab786f70b22cabbe4946d330fa,2025-10-21,2025-10-21T02:00:00Z,Seattle Seahawks,Houston Texans,SEA,HOU,,,0,,,,,odds_api_flattened,false,66,11,3,true,true,true
nfl,6439b16f4a038f1c351dc3f1aef27471,6439b16f4a038f1c351dc3f1aef27471,2025-10-24,2025-10-24T00:15:00Z,Los Angeles Chargers,Minnesota Vikings,LAC,MIN,,,0,,,,,odds_api_flattened,false,66,11,3,true,true,true
nfl,3536a3e857050d2dd6e2019ceb668f67,3536a3e857050d2dd6e2019ceb668f67,2025-10-26,2025-10-26T17:00:00Z,New England Patriots,Cleveland Browns,NE,CLE,,,0,,,,,odds_api_flattened,false,66,11,3,true,true,true
nfl,53d4369464c66630f03a5d128cd39b08,53d4369464c66630f03a5d128cd39b08,2025-10-26,2025-10-26T17:00:00Z,Carolina Panthers,Buffalo Bills,CAR,BUF,,,0,,,,,odds_api_flattened,false,66,11,3,true,true,true
nfl,9c1f73e48ca9750f6e7d5d64874057c2,9c1f73e48ca9750f6e7d5d64874057c2,2025-10-26,2025-10-26T17:00:00Z,Cincinnati Bengals,New York Jets,CIN,NYJ,,,0,,,,,odds_api_flattened,false,66,11,3,true,true,true
nfl,a061e80d1f50eab193b34d19f8e59f62,a061e80d1f50eab193b34d19f8e59f62,2025-10-26,2025-10-26T17:00:00Z,Baltimore Ravens,Chicago Bears,BAL,CHI,,,0,,,,,odds_api_flattened,false,66,11,3,true,true,true
nfl,a8ebe01e05675c109b53a97f653f8653,a8ebe01e05675c109b53a97f653f8653,2025-10-26,2025-10-26T17:00:00Z,Philadelphia Eagles,New York Giants,PHI,NYG,,,0,,,,,odds_api_flattened,false,66,11,3,true,true,true
nfl,abc4104a9ac597ce37d703613256fd6c,abc4104a9ac597ce37d703613256fd6c,2025-10-26,2025-10-26T17:00:00Z,Houston Texans,San Francisco 49ers,HOU,SF,,,0,,,,,odds_api_flattened,false,66,11,3,true,true,true
nfl,ac02b1b59aa0623845378a02bc530c68,ac02b1b59aa0623845378a02bc530c68,2025-10-26,2025-10-26T17:00:00Z,Atlanta Falcons,Miami Dolphins,ATL,MIA,,,0,,,,,odds_api_flattened,false,66,11,3,true,true,true
nfl,a8dd9bb0681692540d067bd0e9e66989,a8dd9bb0681692540d067bd0e9e66989,2025-10-26,2025-10-26T20:05:00Z,New Orleans Saints,Tampa Bay Buccaneers,NO,TB,,,0,,,,,odds_api_flattened,false,66,11,3,true,true,true
nfl,40c2ebd9ddd5ce8ff5b1ada730bb1785,40c2ebd9ddd5ce8ff5b1ada730bb1785,2025-10-26,2025-10-26T20:25:00Z,Denver Broncos,Dallas Cowboys,DEN,DAL,,,0,,,,,odds_api_flattened,false,66,11,3,true,true,true
nfl,88187a33b007c088d75c6cd14c83086c,88187a33b007c088d75c6cd14c83086c,2025-10-26,2025-10-26T20:25:00Z,Indianapolis Colts,Tennessee Titans,IND,TEN,,,0,,,,,odds_api_flattened,false,66,11,3,true,true,true
nfl,fb900eef07307ebf5c1930341ecd852a,fb900eef07307ebf5c1930341ecd852a,2025-10-27,2025-10-27T00:20:00Z,Pittsburgh Steelers,Green Bay Packers,PIT,GB,,,0,,,,,odds_api_flattened,false,66,11,3,true,true,true
nfl,7e3361e84d5223a8d210a887b249f247,7e3361e84d5223a8d210a887b249f247,2025-10-28,2025-10-28T00:15:00Z,Kansas City Chiefs,Washington Commanders,KC,WAS,,,0,,,,,odds_api_flattened,false,66,11,3,true,true,true
nfl,677dbbb6ad96fc5f5b36bb20b43139dd,677dbbb6ad96fc5f5b36bb20b43139dd,2025-10-31,2025-10-31T00:15:00Z,Miami Dolphins,Baltimore Ravens,MIA,BAL,,,0,,,,,odds_api_flattened,false,66,11,3,true,true,true
nfl,016f76d8237e8d4eb62b9c2ef68381bb,016f76d8237e8d4eb62b9c2ef68381bb,2025-11-02,2025-11-02T18:00:00Z,Cincinnati Bengals,Chicago Bears,CIN,CHI,,,0,,,,,odds_api_flattened,false,66,11,3,true,true,true
nfl,2340a6e0794d5688996dcf8aaf634742,2340a6e0794d5688996dcf8aaf634742,2025-11-02,2025-11-02T18:00:00Z,Pittsburgh Steelers,Indianapolis Colts,PIT,IND,,,0,,,,,odds_api_flattened,false,66,11,3,true,true,true
nfl,6031b513e188fc19a2311499566c9258,6031b513e188fc19a2311499566c9258,2025-11-02,2025-11-02T18:00:00Z,Green Bay Packers,Carolina Panthers,GB,CAR,,,0,,,,,odds_api_flattened,false,66,11,3,true,true,true
nfl,6dd3b8a705ed0db85d59fa19b9062cc8,6dd3b8a705ed0db85d59fa19b9062cc8,2025-11-02,2025-11-02T18:00:00Z,New England Patriots,Atlanta Falcons,NE,ATL,,,0,,,,,odds_api_flattened,false,66,11,3,true,true,true
nfl,72e2ce6652bbb3901f60b38bec05bf5f,72e2ce6652bbb3901f60b38bec05bf5f,2025-11-02,2025-11-02T18:00:00Z,Houston Texans,Denver Broncos,HOU,DEN,,,0,,,,,odds_api_flattened,false,66,11,3,true,true,true
nfl,a788e7cebff4b5fe10034710090e4529,a788e7cebff4b5fe10034710090e4529,2025-11-02,2025-11-02T18:00:00Z,New York Giants,San Francisco 49ers,NYG,SF,,,0,,,,,odds_api_flattened,false,66,11,3,true,true,true
nfl,b60025aea576e2e89ef7bc7303f847ec,b60025aea576e2e89ef7bc7303f847ec,2025-11-02,2025-11-02T18:00:00Z,Tennessee Titans,Los Angeles Chargers,TEN,LAC,,,0,,,,,odds_api_flattened,false,66,11,3,true,true,true
nfl,cf95657d78ab3e515203df1d19c3b0c2,cf95657d78ab3e515203df1d19c3b0c2,2025-11-02,2025-11-02T18:00:00Z,Detroit Lions,Minnesota Vikings,DET,MIN,,,0,,,,,odds_api_flattened,false,66,11,3,true,true,true
nfl,b08df670a95f1809707b335dc75081c6,b08df670a95f1809707b335dc75081c6,2025-11-02,2025-11-02T21:05:00Z,Los Angeles Rams,New Orleans Saints,LAR,NO,,,0,,,,,odds_api_flattened,false,66,11,3,true,true,true
nfl,d0bf341e7959d69b55f1a8ff09065234,d0bf341e7959d69b55f1a8ff09065234,2025-11-02,2025-11-02T21:05:00Z,Las Vegas Raiders,Jacksonville Jaguars,LV,JAX,,,0,,,,,odds_api_flattened,false,66,11,3,true,true,true
nfl,61531628516decd1ee8116da5f6f9056,61531628516decd1ee8116da5f6f9056,2025-11-02,2025-11-02T21:25:00Z,Buffalo Bills,Kansas City Chiefs,BUF,KC,,,0,,,,,odds_api_flattened,false,66,11,3,true,true,true
nfl,c2fd8a23091a954fb21ff6d3537db826,c2fd8a23091a954fb21ff6d3537db826,2025-11-03,2025-11-03T01:20:00Z,Washington Commanders,Seattle Seahawks,WAS,SEA,,,0,,,,,odds_api_flattened,false,66,11,3,true,true,true
nfl,f3dfb574e0a542375a480534525ee6cf,f3dfb574e0a542375a480534525ee6cf,2025-11-04,2025-11-04T01:15:00Z,Dallas Cowboys,Arizona Cardinals,DAL,ARI,,,0,,,,,odds_api_flattened,false,66,11,3,true,true,true
nfl,13bdffda97e8fb13179fe3f2f69d66f8,13bdffda97e8fb13179fe3f2f69d66f8,2025-11-07,2025-11-07T01:15:00Z,Denver Broncos,Las Vegas Raiders,DEN,LV,,,0,,,,,odds_api_flattened,false,66,11,3,true,true,true
nfl,42473c1ddf8f424069ff3f264dd8dca4,42473c1ddf8f424069ff3f264dd8dca4,2025-11-09,2025-11-09T14:35:08Z,Indianapolis Colts,Atlanta Falcons,IND,ATL,,,0,,,,,odds_api_flattened,false,66,11,3,true,true,true
nfl,21f47a328fb2ab65c01360a7a2bd9571,21f47a328fb2ab65c01360a7a2bd9571,2025-11-09,2025-11-09T18:00:00Z,Carolina Panthers,New Orleans Saints,CAR,NO,,,0,,,,,odds_api_flattened,false,66,11,3,true,true,true
nfl,39e7c1f6e36d5bc4d2613ebf7bb83c10,39e7c1f6e36d5bc4d2613ebf7bb83c10,2025-11-09,2025-11-09T18:00:00Z,Tampa Bay Buccaneers,New England Patriots,TB,NE,,,0,,,,,odds_api_flattened,false,66,11,3,true,true,true
nfl,3b1a97366685a96e6e1940ae56cc4d31,3b1a97366685a96e6e1940ae56cc4d31,2025-11-09,2025-11-09T18:00:00Z,Chicago Bears,New York Giants,CHI,NYG,,,0,,,,,odds_api_flattened,false,66,11,3,true,true,true
nfl,3c10bc18680995136017c3bfd3152334,3c10bc18680995136017c3bfd3152334,2025-11-09,2025-11-09T18:00:00Z,Miami Dolphins,Buffalo Bills,MIA,BUF,,,0,,,,,odds_api_flattened,false,66,11,3,true,true,true
nfl,844b89333f293f055f8e0c147fb9fec5,844b89333f293f055f8e0c147fb9fec5,2025-11-09,2025-11-09T18:00:00Z,New York Jets,Cleveland Browns,NYJ,CLE,,,0,,,,,odds_api_flattened,false,66,11,3,true,true,true
nfl,9900b89c4776c5b47dd26ca4c755edf9,9900b89c4776c5b47dd26ca4c755edf9,2025-11-09,2025-11-09T18:00:00Z,Minnesota Vikings,Baltimore Ravens,MIN,BAL,,,0,,,,,odds_api_flattened,false,66,11,3,true,true,true
nfl,9dbf94f23521c7cae7fd89b2d33fc3bd,9dbf94f23521c7cae7fd89b2d33fc3bd,2025-11-09,2025-11-09T18:00:00Z,Houston Texans,Jacksonville Jaguars,HOU,JAX,,,0,,,,,odds_api_flattened,false,60,11,3,true,true,true
nfl,740b843794cc89176c4ffe38b66d30d9,740b843794cc89176c4ffe38b66d30d9,2025-11-09,2025-11-09T21:05:00Z,Seattle Seahawks,Arizona Cardinals,SEA,ARI,,,0,,,,,odds_api_flattened,false,66,11,3,true,true,true
nfl,2710103fe4fb0170ae03b4e34bde8132,2710103fe4fb0170ae03b4e34bde8132,2025-11-09,2025-11-09T21:25:00Z,San Francisco 49ers,Los Angeles Rams,SF,LAR,,,0,,,,,odds_api_flattened,false,66,11,3,true,true,true
nfl,93365f943b3aa23705bc9e1c7b47d7f8,93365f943b3aa23705bc9e1c7b47d7f8,2025-11-09,2025-11-09T21:25:00Z,Washington Commanders,Detroit Lions,WAS,DET,,,0,,,,,odds_api_flattened,false,66,11,3,true,true,true
nfl,349d53a4f89591312ea528e81b786474,349d53a4f89591312ea528e81b786474,2025-11-10,2025-11-10T01:20:00Z,Los Angeles Chargers,Pittsburgh Steelers,LAC,PIT,,,0,,,,,odds_api_flattened,false,66,11,3,true,true,true
nfl,438868ff90501a1fe9a0fbecbee9dc12,438868ff90501a1fe9a0fbecbee9dc12,2025-11-11,2025-11-11T01:15:00Z,Green Bay Packers,Philadelphia Eagles,GB,PHI,,,0,,,,,odds_api_flattened,false,62,11,3,true,true,true
nfl,32ec2bd4ac9e4c40f9f5cbed7e67f837,32ec2bd4ac9e4c40f9f5cbed7e67f837,2025-11-14,2025-11-14T01:15:00Z,New England Patriots,New York Jets,NE,NYJ,,,0,,,,,odds_api_flattened,false,66,11,3,true,true,true
nfl,265f0188945bb81ec64751571eb724cb,265f0188945bb81ec64751571eb724cb,2025-11-16,2025-11-16T14:34:50Z,Miami Dolphins,Washington Commanders,MIA,WAS,,,0,,,,,odds_api_flattened,false,66,11,3,true,true,true
nfl,0ae85bbc3711ad0cb94475a40e2364f0,0ae85bbc3711ad0cb94475a40e2364f0,2025-11-16,2025-11-16T18:00:00Z,Atlanta Falcons,Carolina Panthers,ATL,CAR,,,0,,,,,odds_api_flattened,false,66,11,3,true,true,true
nfl,229a5e9ce60dcb344a8cc3c97121154e,229a5e9ce60dcb344a8cc3c97121154e,2025-11-16,2025-11-16T18:00:00Z,Minnesota Vikings,Chicago Bears,MIN,CHI,,,0,,,,,odds_api_flattened,false,66,11,3,true,true,true
nfl,591fd7cff37201a14cbdfbd457592445,591fd7cff37201a14cbdfbd457592445,2025-11-16,2025-11-16T18:00:00Z,Jacksonville Jaguars,Los Angeles Chargers,JAX,LAC,,,0,,,,,odds_api_flattened,false,66,11,3,true,true,true
nfl,5c06e82838fcfade9adf1e89b8bd3081,5c06e82838fcfade9adf1e89b8bd3081,2025-11-16,2025-11-16T18:00:00Z,New York Giants,Green Bay Packers,NYG,GB,,,0,,,,,odds_api_flattened,false,66,11,3,true,true,true
nfl,7147476b5d96c0ee874b838de3910ee3,7147476b5d96c0ee874b838de3910ee3,2025-11-16,2025-11-16T18:00:00Z,Pittsburgh Steelers,Cincinnati Bengals,PIT,CIN,,,0,,,,,odds_api_flattened,false,66,11,3,true,true,true
nfl,96377d2fb55e3cef733cecccdecaed5f,96377d2fb55e3cef733cecccdecaed5f,2025-11-16,2025-11-16T18:00:00Z,Buffalo Bills,Tampa Bay Buccaneers,BUF,TB,,,0,,,,,odds_api_flattened,false,66,11,3,true,true,true
nfl,fd2f29289d6437a7c07d4780c5f04936,fd2f29289d6437a7c07d4780c5f04936,2025-11-16,2025-11-16T18:00:00Z,Tennessee Titans,Houston Texans,TEN,HOU,,,0,,,,,odds_api_flattened,false,66,11,3,true,true,true
nfl,91630b9c62640117918fa30d2a62d2db,91630b9c62640117918fa30d2a62d2db,2025-11-16,2025-11-16T21:05:00Z,Arizona Cardinals,San Francisco 49ers,ARI,SF,,,0,,,,,odds_api_flattened,false,66,11,3,true,true,true
nfl,e926e654cedeb65fcfcc389a5158ef4e,e926e654cedeb65fcfcc389a5158ef4e,2025-11-16,2025-11-16T21:05:00Z,Los Angeles Rams,Seattle Seahawks,LAR,SEA,,,0,,,,,odds_api_flattened,false,66,11,3,true,true,true
nfl,96ce7785b0980b03282c7e10d4c58d4a,96ce7785b0980b03282c7e10d4c58d4a,2025-11-16,2025-11-16T21:25:00Z,Denver Broncos,Kansas City Chiefs,DEN,KC,,,0,,,,,odds_api_flattened,false,66,11,3,true,true,true
nfl,cc60225b5a907bd9ba7c27c23131fc5c,cc60225b5a907bd9ba7c27c23131fc5c,2025-11-16,2025-11-16T21:25:00Z,Cleveland Browns,Baltimore Ravens,CLE,BAL,,,0,,,,,odds_api_flattened,false,66,11,3,true,true,true
nfl,6d209e0e637f3b116ec958e0634f2a02,6d209e0e637f3b116ec958e0634f2a02,2025-11-17,2025-11-17T01:20:00Z,Philadelphia Eagles,Detroit Lions,PHI,DET,,,0,,,,,odds_api_flattened,false,66,11,3,true,true,true
nfl,80d04ba917883a6438580ebae9fb0f22,80d04ba917883a6438580ebae9fb0f22,2025-11-18,2025-11-18T01:15:00Z,Las Vegas Raiders,Dallas Cowboys,LV,DAL,,,0,,,,,odds_api_flattened,false,66,11,3,true,true,true
nfl,cd2e0964817c30ad3f5144ea49b55f2b,cd2e0964817c30ad3f5144ea49b55f2b,2025-11-21,2025-11-21T01:15:00Z,Houston Texans,Buffalo Bills,HOU,BUF,,,0,,,,,odds_api_flattened,false,66,11,3,true,true,true
nfl,0ff4e68cf39cc57ca7cf1276e4a44d2f,0ff4e68cf39cc57ca7cf1276e4a44d2f,2025-11-23,2025-11-23T18:00:00Z,Tennessee Titans,Seattle Seahawks,TEN,SEA,,,0,,,,,odds_api_flattened,false,66,11,3,true,true,true
nfl,1a8f3d70399a5cad83c95196795ed77b,1a8f3d70399a5cad83c95196795ed77b,2025-11-23,2025-11-23T18:00:00Z,Cincinnati Bengals,New England Patriots,CIN,NE,,,0,,,,,odds_api_flattened,false,66,11,3,true,true,true
nfl,535bbe97d4e56494b039ade88459c338,535bbe97d4e56494b039ade88459c338,2025-11-23,2025-11-23T18:00:00Z,Detroit Lions,New York Giants,DET,NYG,,,0,,,,,odds_api_flattened,false,66,11,3,true,true,true
nfl,7159d60c7a31c7d593167637723d7663,7159d60c7a31c7d593167637723d7663,2025-11-23,2025-11-23T18:00:00Z,Baltimore Ravens,New York Jets,BAL,NYJ,,,0,,,,,odds_api_flattened,false,66,11,3,true,true,true
nfl,8b39d8dc550ced94f9faa91878ebf6b6,8b39d8dc550ced94f9faa91878ebf6b6,2025-11-23,2025-11-23T18:00:00Z,Kansas City Chiefs,Indianapolis Colts,KC,IND,,,0,,,,,odds_api_flattened,false,66,11,3,true,true,true
nfl,91019a528f43cd28965fdc68a3f3ef85,91019a528f43cd28965fdc68a3f3ef85,2025-11-23,2025-11-23T18:00:00Z,Green Bay Packers,Minnesota Vikings,GB,MIN,,,0,,,,,odds_api_flattened,false,66,11,3,true,true,true
nfl,c8913b70b63ae247f23a4e1dec08c668,c8913b70b63ae247f23a4e1dec08c668,2025-11-23,2025-11-23T18:00:00Z,Chicago Bears,Pittsburgh Steelers,CHI,PIT,,,0,,,,,odds_api_flattened,false,66,11,3,true,true,true
nfl,27f50ddbc4c3fbad10398c5187a28dc7,27f50ddbc4c3fbad10398c5187a28dc7,2025-11-23,2025-11-23T21:05:00Z,Las Vegas Raiders,Cleveland Browns,LV,CLE,,,0,,,,,odds_api_flattened,false,66,11,3,true,true,true
nfl,e32e0030899c06fdf2c74745ca27d85a,e32e0030899c06fdf2c74745ca27d85a,2025-11-23,2025-11-23T21:05:00Z,Arizona Cardinals,Jacksonville Jaguars,ARI,JAX,,,0,,,,,odds_api_flattened,false,66,11,3,true,true,true
nfl,4553ba763cb3cfcfc33fd62672a2057f,4553ba763cb3cfcfc33fd62672a2057f,2025-11-23,2025-11-23T21:25:00Z,Dallas Cowboys,Philadelphia Eagles,DAL,PHI,,,0,,,,,odds_api_flattened,false,66,11,3,true,true,true
nfl,8c2d6a56aa63f42227f18a18fc3d2146,8c2d6a56aa63f42227f18a18fc3d2146,2025-11-23,2025-11-23T21:25:00Z,New Orleans Saints,Atlanta Falcons,NO,ATL,,,0,,,,,odds_api_flattened,false,66,11,3,true,true,true
nfl,9e7119f5a24471c39145663b84f100b2,9e7119f5a24471c39145663b84f100b2,2025-11-24,2025-11-24T01:20:00Z,Los Angeles Rams,Tampa Bay Buccaneers,LAR,TB,,,0,,,,,odds_api_flattened,false,66,11,3,true,true,true
nfl,90391be251d876bb41d36978a43c7ac2,90391be251d876bb41d36978a43c7ac2,2025-11-25,2025-11-25T01:15:00Z,San Francisco 49ers,Carolina Panthers,SF,CAR,,,0,,,,,odds_api_flattened,false,66,11,3,true,true,true
nfl,fe2eb07797580740af78037ab498198e,fe2eb07797580740af78037ab498198e,2025-11-27,2025-11-27T18:00:00Z,Detroit Lions,Green Bay Packers,DET,GB,,,0,,,,,odds_api_flattened,false,66,11,3,true,true,true
nfl,de53b8a594fe830c5fd56484705cd756,de53b8a594fe830c5fd56484705cd756,2025-11-27,2025-11-27T21:30:00Z,Dallas Cowboys,Kansas City Chiefs,DAL,KC,,,0,,,,,odds_api_flattened,false,66,11,3,true,true,true
nfl,883a79a306b312fad75ebf04b441b4da,883a79a306b312fad75ebf04b441b4da,2025-11-28,2025-11-28T01:20:00Z,Baltimore Ravens,Cincinnati Bengals,BAL,CIN,,,0,,,,,odds_api_flattened,false,66,11,3,true,true,true
nfl,52f539d9d080618aa8830a0b03846a80,52f539d9d080618aa8830a0b03846a80,2025-11-28,2025-11-28T20:00:00Z,Philadelphia Eagles,Chicago Bears,PHI,CHI,,,0,,,,,odds_api_flattened,false,66,11,3,true,true,true
nfl,36fcf5ca155a5dcd2f7a87fd2a985b02,36fcf5ca155a5dcd2f7a87fd2a985b02,2025-11-30,2025-11-30T18:00:00Z,Cleveland Browns,San Francisco 49ers,CLE,SF,,,0,,,,,odds_api_flattened,false,66,11,3,true,true,true
nfl,61e1e459b2ddafd43e8808d4f40c01d9,61e1e459b2ddafd43e8808d4f40c01d9,2025-11-30,2025-11-30T18:00:00Z,Tennessee Titans,Jacksonville Jaguars,TEN,JAX,,,0,,,,,odds_api_flattened,false,66,11,3,true,true,true
nfl,67e51d17848485bed8737bd7043a275a,67e51d17848485bed8737bd7043a275a,2025-11-30,2025-11-30T18:00:00Z,Carolina Panthers,Los Angeles Rams,CAR,LAR,,,0,,,,,odds_api_flattened,false,66,11,3,true,true,true
nfl,9da608f5bdae527b280abd61e47a110b,9da608f5bdae527b280abd61e47a110b,2025-11-30,2025-11-30T18:00:00Z,New York Jets,Atlanta Falcons,NYJ,ATL,,,0,,,,,odds_api_flattened,false,66,11,3,true,true,true
nfl,c0d324e29ce58b36bdc77564f7aae56f,c0d324e29ce58b36bdc77564f7aae56f,2025-11-30,2025-11-30T18:00:00Z,Tampa Bay Buccaneers,Arizona Cardinals,TB,ARI,,,0,,,,,odds_api_flattened,false,66,11,3,true,true,true
nfl,e3c9bfba57bbe784481d881ea3b4519d,e3c9bfba57bbe784481d881ea3b4519d,2025-11-30,2025-11-30T18:00:00Z,Miami Dolphins,New Orleans Saints,MIA,NO,,,0,,,,,odds_api_flattened,false,66,11,3,true,true,true
nfl,fa46c661007f5f0cbbf6abf939ac9d51,fa46c661007f5f0cbbf6abf939ac9d51,2025-11-30,2025-11-30T18:00:00Z,Indianapolis Colts,Houston Texans,IND,HOU,,,0,,,,,odds_api_flattened,false,66,11,3,true,true,true
nfl,6f956074c4df48e7b07a3286a6c6ed2a,6f956074c4df48e7b07a3286a6c6ed2a,2025-11-30,2025-11-30T21:05:00Z,Seattle Seahawks,Minnesota Vikings,SEA,MIN,,,0,,,,,odds_api_flattened,false,66,11,3,true,true,true
nfl,365a766a3862bc47a5455dc3b097421e,365a766a3862bc47a5455dc3b097421e,2025-11-30,2025-11-30T21:25:00Z,Pittsburgh Steelers,Buffalo Bills,PIT,BUF,,,0,,,,,odds_api_flattened,false,66,11,3,true,true,true
nfl,76ac5a8d2c8679ae6ea8861114791bd8,76ac5a8d2c8679ae6ea8861114791bd8,2025-11-30,2025-11-30T21:25:00Z,Los Angeles Chargers,Las Vegas Raiders,LAC,LV,,,0,,,,,odds_api_flattened,false,66,11,3,true,true,true
nfl,9c040de8f1dfc3ddee20e0d65c9402de,9c040de8f1dfc3ddee20e0d65c9402de,2025-12-01,2025-12-01T01:20:00Z,Washington Commanders,Denver Broncos,WAS,DEN,,,0,,,,,odds_api_flattened,false,66,11,3,true,true,true
nfl,3e65786eddd4c7aee9e7f2504f6fdedc,3e65786eddd4c7aee9e7f2504f6fdedc,2025-12-02,2025-12-02T01:15:00Z,New England Patriots,New York Giants,NE,NYG,,,0,,,,,odds_api_flattened,false,66,11,3,true,true,true
nfl,81db991c5b34169eeeff8d734d8836d9,81db991c5b34169eeeff8d734d8836d9,2025-12-05,2025-12-05T01:15:00Z,Detroit Lions,Dallas Cowboys,DET,DAL,,,0,,,,,odds_api_flattened,false,66,11,3,true,true,true
nfl,15555b4c7283dc6553e011dd6c8aea8d,15555b4c7283dc6553e011dd6c8aea8d,2025-12-07,2025-12-07T18:00:00Z,Tampa Bay Buccaneers,New Orleans Saints,TB,NO,,,0,,,,,odds_api_flattened,false,66,11,3,true,true,true
nfl,4e289ac7d9b5663fd5a06881f2b1424d,4e289ac7d9b5663fd5a06881f2b1424d,2025-12-07,2025-12-07T18:00:00Z,Jacksonville Jaguars,Indianapolis Colts,JAX,IND,,,0,,,,,odds_api_flattened,false,66,11,3,true,true,true
nfl,4fead7bd0592ec121cc3baf72e3e21e0,4fead7bd0592ec121cc3baf72e3e21e0,2025-12-07,2025-12-07T18:00:00Z,Baltimore Ravens,Pittsburgh Steelers,BAL,PIT,,,0,,,,,odds_api_flattened,false,66,11,3,true,true,true
nfl,58b16c4033587f5662ff365bce2dbb92,58b16c4033587f5662ff365bce2dbb92,2025-12-07,2025-12-07T18:00:00Z,Minnesota Vikings,Washington Commanders,MIN,WAS,,,0,,,,,odds_api_flattened,false,66,11,3,true,true,true
nfl,c67c327076a98a3a1c4a5eb32e5a80c2,c67c327076a98a3a1c4a5eb32e5a80c2,2025-12-07,2025-12-07T18:00:00Z,Buffalo Bills,Cincinnati Bengals,BUF,CIN,,,0,,,,,odds_api_flattened,false,66,11,3,true,true,true
nfl,c86a0783216d21040c87fce3aadd3336,c86a0783216d21040c87fce3aadd3336,2025-12-07,2025-12-07T18:00:00Z,New York Jets,Miami Dolphins,NYJ,MIA,,,0,,,,,odds_api_flattened,false,66,11,3,true,true,true
nfl,f0bdd27bbed46dfc3d0657500c95a96c,f0bdd27bbed46dfc3d0657500c95a96c,2025-12-07,2025-12-07T18:00:00Z,Atlanta Falcons,Seattle Seahawks,ATL,SEA,,,0,,,,,odds_api_flattened,false,66,11,3,true,true,true
nfl,f95be6b9bd8ce1208f766cbaae8a4822,f95be6b9bd8ce1208f766cbaae8a4822,2025-12-07,2025-12-07T18:00:00Z,Cleveland Browns,Tennessee Titans,CLE,TEN,,,0,,,,,odds_api_flattened,false,66,11,3,true,true,true
nfl,d5fd126cbfea2ccd79962a17f0ef4463,d5fd126cbfea2ccd79962a17f0ef4463,2025-12-07,2025-12-07T21:05:00Z,Las Vegas Raiders,Denver Broncos,LV,DEN,,,0,,,,,odds_api_flattened,false,66,11,3,true,true,true
nfl,12bbffdcd65d53436b56c68a811ca610,12bbffdcd65d53436b56c68a811ca610,2025-12-07,2025-12-07T21:25:00Z,Arizona Cardinals,Los Angeles Rams,ARI,LAR,,,0,,,,,odds_api_flattened,false,66,11,3,true,true,true
nfl,5b1211b476d0afa2b57133c9603583b6,5b1211b476d0afa2b57133c9603583b6,2025-12-07,2025-12-07T21:25:00Z,Green Bay Packers,Chicago Bears,GB,CHI,,,0,,,,,odds_api_flattened,false,66,11,3,true,true,true
nfl,4727a6cfcd3d604dbfcb898c5a4d40a6,4727a6cfcd3d604dbfcb898c5a4d40a6,2025-12-08,2025-12-08T01:20:00Z,Kansas City Chiefs,Houston Texans,KC,HOU,,,0,,,,,odds_api_flattened,false,66,11,3,true,true,true
nfl,5d7b12c34454df4ff2c59a15ca58e63f,5d7b12c34454df4ff2c59a15ca58e63f,2025-12-09,2025-12-09T01:15:00Z,Los Angeles Chargers,Philadelphia Eagles,LAC,PHI,,,0,,,,,odds_api_flattened,false,66,11,3,true,true,true
nfl,08bfd9cd8115339250817cc66a8b3cba,08bfd9cd8115339250817cc66a8b3cba,2025-12-12,2025-12-12T01:15:00Z,Tampa Bay Buccaneers,Atlanta Falcons,TB,ATL,,,0,,,,,odds_api_flattened,false,66,11,3,true,true,true
nfl,0f0601c020a478f5d9f81f06a141c2c8,0f0601c020a478f5d9f81f06a141c2c8,2025-12-14,2025-12-14T18:00:00Z,Jacksonville Jaguars,New York Jets,JAX,NYJ,,,0,,,,,odds_api_flattened,false,66,11,3,true,true,true
nfl,1aa1fb046f11dadb32dad77d5baf552e,1aa1fb046f11dadb32dad77d5baf552e,2025-12-14,2025-12-14T18:00:00Z,Cincinnati Bengals,Baltimore Ravens,CIN,BAL,,,0,,,,,odds_api_flattened,false,66,11,3,true,true,true
nfl,3aba4bb1fe41ecd45f934116fcc90c3f,3aba4bb1fe41ecd45f934116fcc90c3f,2025-12-14,2025-12-14T18:00:00Z,New York Giants,Washington Commanders,NYG,WAS,,,0,,,,,odds_api_flattened,false,66,11,3,true,true,true
nfl,813dab51d999b87c7968ac4890965f73,813dab51d999b87c7968ac4890965f73,2025-12-14,2025-12-14T18:00:00Z,Philadelphia Eagles,Las Vegas Raiders,PHI,LV,,,0,,,,,odds_api_flattened,false,66,11,3,true,true,true
nfl,8261541e6b9b32537bd0821ef2c0a05d,8261541e6b9b32537bd0821ef2c0a05d,2025-12-14,2025-12-14T18:00:00Z,Chicago Bears,Cleveland Browns,CHI,CLE,,,0,,,,,odds_api_flattened,false,66,11,3,true,true,true
nfl,a360e4c43576d22057ff90d818928066,a360e4c43576d22057ff90d818928066,2025-12-14,2025-12-14T18:00:00Z,Houston Texans,Arizona Cardinals,HOU,ARI,,,0,,,,,odds_api_flattened,false,66,11,3,true,true,true
nfl,c127c7a2426ec655e18ca9c394068f6c,c127c7a2426ec655e18ca9c394068f6c,2025-12-14,2025-12-14T18:00:00Z,New England Patriots,Buffalo Bills,NE,BUF,,,0,,,,,odds_api_flattened,false,66,11,3,true,true,true
nfl,cd5151f8a1e7fcba4901929e77b94acd,cd5151f8a1e7fcba4901929e77b94acd,2025-12-14,2025-12-14T18:00:00Z,Kansas City Chiefs,Los Angeles Chargers,KC,LAC,,,0,,,,,odds_api_flattened,false,66,11,3,true,true,true
nfl,2ec8a387d0c337aeffac3f956c292e87,2ec8a387d0c337aeffac3f956c292e87,2025-12-14,2025-12-14T21:25:00Z,Denver Broncos,Green Bay Packers,DEN,GB,,,0,,,,,odds_api_flattened,false,66,11,3,true,true,true
nfl,7ba03312d1012d9872de9999e496558f,7ba03312d1012d9872de9999e496558f,2025-12-14,2025-12-14T21:25:00Z,San Francisco 49ers,Tennessee Titans,SF,TEN,,,0,,,,,odds_api_flattened,false,66,11,3,true,true,true
nfl,bd299b70476643cff05f2be58e12301a,bd299b70476643cff05f2be58e12301a,2025-12-14,2025-12-14T21:25:00Z,Los Angeles Rams,Detroit Lions,LAR,DET,,,0,,,,,odds_api_flattened,false,66,11,3,true,true,true
nfl,f3fd2782d4d03bd12a177fbbad17005b,f3fd2782d4d03bd12a177fbbad17005b,2025-12-14,2025-12-14T21:25:00Z,New Orleans Saints,Carolina Panthers,NO,CAR,,,0,,,,,odds_api_flattened,false,66,11,3,true,true,true
nfl,f7343baf47dcf23e672799d00788173d,f7343baf47dcf23e672799d00788173d,2025-12-14,2025-12-14T21:25:00Z,Seattle Seahawks,Indianapolis Colts,SEA,IND,,,0,,,,,odds_api_flattened,false,66,11,3,true,true,true
nfl,3c74ebd1d005a7346c182daf6f7279dd,3c74ebd1d005a7346c182daf6f7279dd,2025-12-15,2025-12-15T01:20:00Z,Dallas Cowboys,Minnesota Vikings,DAL,MIN,,,0,,,,,odds_api_flattened,false,66,11,3,true,true,true
nfl,ba5d065a7e9ea9afe54642036f2ec83a,ba5d065a7e9ea9afe54642036f2ec83a,2025-12-16,2025-12-16T01:15:00Z,Pittsburgh Steelers,Miami Dolphins,PIT,MIA,,,0,,,,,odds_api_flattened,false,66,11,3,true,true,true
nfl,ac7881cc5a498c5b72680498d3fa8f6e,ac7881cc5a498c5b72680498d3fa8f6e,2025-12-19,2025-12-19T01:15:00Z,Seattle Seahawks,Los Angeles Rams,SEA,LAR,,,0,,,,,odds_api_flattened,false,64,11,3,true,true,true
nfl,18fe4528a0bc43d9cd64bd09c0d5019f,18fe4528a0bc43d9cd64bd09c0d5019f,2025-12-20,2025-12-20T22:00:00Z,Washington Commanders,Philadelphia Eagles,WAS,PHI,,,0,,,,,odds_api_flattened,false,64,11,3,true,true,true
nfl,9f70d98bc6918dc8e21f329405b649fe,9f70d98bc6918dc8e21f329405b649fe,2025-12-21,2025-12-21T01:20:00Z,Chicago Bears,Green Bay Packers,CHI,GB,,,0,,,,,odds_api_flattened,false,64,11,3,true,true,true
nfl,0cce34b9a49c4c6bdc1e65449e37a0f9,0cce34b9a49c4c6bdc1e65449e37a0f9,2025-12-21,2025-12-21T18:00:00Z,Tennessee Titans,Kansas City Chiefs,TEN,KC,,,0,,,,,odds_api_flattened,false,64,11,3,true,true,true
nfl,2557976e0e66ab698539b543de125469,2557976e0e66ab698539b543de125469,2025-12-21,2025-12-21T18:00:00Z,Cleveland Browns,Buffalo Bills,CLE,BUF,,,0,,,,,odds_api_flattened,false,64,11,3,true,true,true
nfl,3db6ba91d2a72ada8843d5a0517bff27,3db6ba91d2a72ada8843d5a0517bff27,2025-12-21,2025-12-21T18:00:00Z,New York Giants,Minnesota Vikings,NYG,MIN,,,0,,,,,odds_api_flattened,false,64,11,3,true,true,true
nfl,945286798abb5081432aef109df29778,945286798abb5081432aef109df29778,2025-12-21,2025-12-21T18:00:00Z,Miami Dolphins,Cincinnati Bengals,MIA,CIN,,,0,,,,,odds_api_flattened,false,64,11,3,true,true,true
nfl,aa5b25e85d1ad6540d7a5ae04b73ddfd,aa5b25e85d1ad6540d7a5ae04b73ddfd,2025-12-21,2025-12-21T18:00:00Z,New Orleans Saints,New York Jets,NO,NYJ,,,0,,,,,odds_api_flattened,false,64,11,3,true,true,true
nfl,aa9d0cf732b6adde4ad3ec04ca79825c,aa9d0cf732b6adde4ad3ec04ca79825c,2025-12-21,2025-12-21T18:00:00Z,Dallas Cowboys,Los Angeles Chargers,DAL,LAC,,,0,,,,,odds_api_flattened,false,60,11,3,true,true,true
nfl,d056f31082bdea4d018a26ba274b8430,d056f31082bdea4d018a26ba274b8430,2025-12-21,2025-12-21T18:00:00Z,Carolina Panthers,Tampa Bay Buccaneers,CAR,TB,,,0,,,,,odds_api_flattened,false,64,11,3,true,true,true
nfl,7d71a0d3cc2a04eb35f1a725104217b5,7d71a0d3cc2a04eb35f1a725104217b5,2025-12-21,2025-12-21T21:05:00Z,Arizona Cardinals,Atlanta Falcons,ARI,ATL,,,0,,,,,odds_api_flattened,false,64,11,3,true,true,true
nfl,93c002f0a42d1b57f3bbabdcfe24ab97,93c002f0a42d1b57f3bbabdcfe24ab97,2025-12-21,2025-12-21T21:05:00Z,Denver Broncos,Jacksonville Jaguars,DEN,JAX,,,0,,,,,odds_api_flattened,false,64,11,3,true,true,true
nfl,47a54fb60f7b79179bc80e18a7c5de81,47a54fb60f7b79179bc80e18a7c5de81,2025-12-21,2025-12-21T21:25:00Z,Houston Texans,Las Vegas Raiders,HOU,LV,,,0,,,,,odds_api_flattened,false,64,11,3,true,true,true
nfl,a03f89d3aaadf737deb09be24986d5bf,a03f89d3aaadf737deb09be24986d5bf,2025-12-21,2025-12-21T21:25:00Z,Detroit Lions,Pittsburgh Steelers,DET,PIT,,,0,,,,,odds_api_flattened,false,64,11,3,true,true,true
nfl,a0476b027679a1670f21e8b75a860ab9,a0476b027679a1670f21e8b75a860ab9,2025-12-22,2025-12-22T01:20:00Z,Baltimore Ravens,New England Patriots,BAL,NE,,,0,,,,,odds_api_flattened,false,64,11,3,true,true,true
nfl,2dd4521ee298fa2c6f0ab009c182aae9,2dd4521ee298fa2c6f0ab009c182aae9,2025-12-23,2025-12-23T01:15:00Z,Indianapolis Colts,San Francisco 49ers,IND,SF,,,0,,,,,odds_api_flattened,false,64,11,3,true,true,true
nfl,de07002921b9b2b2e1ee2928e4270a3c,de07002921b9b2b2e1ee2928e4270a3c,2025-12-25,2025-12-25T18:00:00Z,Washington Commanders,Dallas Cowboys,WAS,DAL,,,0,,,,,odds_api_flattened,false,64,11,3,true,true,true
nfl,29da148b927afea00a7774b2a8ee68e7,29da148b927afea00a7774b2a8ee68e7,2025-12-25,2025-12-25T21:30:00Z,Minnesota Vikings,Detroit Lions,MIN,DET,,,0,,,,,odds_api_flattened,false,64,11,3,true,true,true
nfl,29164a99a917051c6e1778270033d362,29164a99a917051c6e1778270033d362,2025-12-26,2025-12-26T01:15:00Z,Kansas City Chiefs,Denver Broncos,KC,DEN,,,0,,,,,odds_api_flattened,false,64,11,3,true,true,true
nfl,832c36c4b6d5132e88cf11391797c194,832c36c4b6d5132e88cf11391797c194,2025-12-27,2025-12-27T21:30:00Z,Los Angeles Chargers,Houston Texans,LAC,HOU,,,0,,,,,odds_api_flattened,false,64,11,3,true,true,true
nfl,85bead6a72a1952cdd737dcecb55446b,85bead6a72a1952cdd737dcecb55446b,2025-12-28,2025-12-28T01:01:00Z,Green Bay Packers,Baltimore Ravens,GB,BAL,,,0,,,,,odds_api_flattened,false,64,11,3,true,true,true
nfl,374166780155b8c14e867face95885ee,374166780155b8c14e867face95885ee,2025-12-28,2025-12-28T18:00:00Z,Miami Dolphins,Tampa Bay Buccaneers,MIA,TB,,,0,,,,,odds_api_flattened,false,64,11,3,true,true,true
nfl,7aeff5d5bb88b218c7d72f267a90eb7f,7aeff5d5bb88b218c7d72f267a90eb7f,2025-12-28,2025-12-28T18:00:00Z,Cincinnati Bengals,Arizona Cardinals,CIN,ARI,,,0,,,,,odds_api_flattened,false,64,11,3,true,true,true
nfl,8e7a26b4026e4eca7394cc523fa10a64,8e7a26b4026e4eca7394cc523fa10a64,2025-12-28,2025-12-28T18:00:00Z,Carolina Panthers,Seattle Seahawks,CAR,SEA,,,0,,,,,odds_api_flattened,false,64,11,3,true,true,true
nfl,95bdb9f5b22f0491bfba1381637c5009,95bdb9f5b22f0491bfba1381637c5009,2025-12-28,2025-12-28T18:00:00Z,New York Jets,New England Patriots,NYJ,NE,,,0,,,,,odds_api_flattened,false,64,11,3,true,true,true
nfl,d75c88e4fb7650ab0577264980bdf98f,d75c88e4fb7650ab0577264980bdf98f,2025-12-28,2025-12-28T18:00:00Z,Tennessee Titans,New Orleans Saints,TEN,NO,,,0,,,,,odds_api_flattened,false,64,11,3,true,true,true
nfl,e6721ef0adb705a8abcbedc2ef6dfb3a,e6721ef0adb705a8abcbedc2ef6dfb3a,2025-12-28,2025-12-28T18:00:00Z,Cleveland Browns,Pittsburgh Steelers,CLE,PIT,,,0,,,,,odds_api_flattened,false,64,11,3,true,true,true
nfl,f960b282ac197513c9d80bd28baa7e38,f960b282ac197513c9d80bd28baa7e38,2025-12-28,2025-12-28T18:00:00Z,Indianapolis Colts,Jacksonville Jaguars,IND,JAX,,,0,,,,,odds_api_flattened,false,64,11,3,true,true,true
nfl,dd4aec72c5175cb8cea67d5edc7b1990,dd4aec72c5175cb8cea67d5edc7b1990,2025-12-28,2025-12-28T21:05:00Z,Las Vegas Raiders,New York Giants,LV,NYG,,,0,,,,,odds_api_flattened,false,64,11,3,true,true,true
nfl,596df6f5735277fee0cd78e61cd71060,596df6f5735277fee0cd78e61cd71060,2025-12-28,2025-12-28T21:25:00Z,Buffalo Bills,Philadelphia Eagles,BUF,PHI,,,0,,,,,odds_api_flattened,false,64,11,3,true,true,true
nfl,b0dedebd28a82f8f38398033356e9015,b0dedebd28a82f8f38398033356e9015,2025-12-29,2025-12-29T01:20:00Z,San Francisco 49ers,Chicago Bears,SF,CHI,,,0,,,,,odds_api_flattened,false,64,11,3,true,true,true
nfl,ea5fe5f603483c8d46f83081cf780397,ea5fe5f603483c8d46f83081cf780397,2025-12-30,2025-12-30T01:15:00Z,Atlanta Falcons,Los Angeles Rams,ATL,LAR,,,0,,,,,odds_api_flattened,false,64,11,3,true,true,true
nfl,4fd1173e2f647cbbebf6713d39693089,4fd1173e2f647cbbebf6713d39693089,2026-01-03,2026-01-03T21:30:00Z,Tampa Bay Buccaneers,Carolina Panthers,TB,CAR,,,0,,,,,odds_api_flattened,false,64,11,3,true,true,true
nfl,c624c615075899bb7be6a39e5eea3b2b,c624c615075899bb7be6a39e5eea3b2b,2026-01-04,2026-01-04T01:00:00Z,San Francisco 49ers,Seattle Seahawks,SF,SEA,,,0,,,,,odds_api_flattened,false,64,11,3,true,true,true
nfl,26b8cf55eeac1bb05b585132f7dcc0e3,26b8cf55eeac1bb05b585132f7dcc0e3,2026-01-04,2026-01-04T18:00:00Z,Houston Texans,Indianapolis Colts,HOU,IND,,,0,,,,,odds_api_flattened,false,64,11,3,true,true,true
nfl,41fc7f3165cc9dfdb47c25a9decd7c9b,41fc7f3165cc9dfdb47c25a9decd7c9b,2026-01-04,2026-01-04T18:00:00Z,Minnesota Vikings,Green Bay Packers,MIN,GB,,,0,,,,,odds_api_flattened,false,64,11,3,true,true,true
nfl,623e9172767ca231241e2313bbee095e,623e9172767ca231241e2313bbee095e,2026-01-04,2026-01-04T18:00:00Z,Jacksonville Jaguars,Tennessee Titans,JAX,TEN,,,0,,,,,odds_api_flattened,false,64,11,3,true,true,true
nfl,7906052ca20e6daddf755c7fe3932887,7906052ca20e6daddf755c7fe3932887,2026-01-04,2026-01-04T18:00:00Z,Atlanta Falcons,New Orleans Saints,ATL,NO,,,0,,,,,odds_api_flattened,false,64,11,3,true,true,true
nfl,d48a44e7b45f563282fd042c2104da9b,d48a44e7b45f563282fd042c2104da9b,2026-01-04,2026-01-04T18:00:00Z,New York Giants,Dallas Cowboys,NYG,DAL,,,0,,,,,odds_api_flattened,false,64,11,3,true,true,true
nfl,dad5ec44b4df2b91138872aeb4454e1e,dad5ec44b4df2b91138872aeb4454e1e,2026-01-04,2026-01-04T18:00:00Z,Cincinnati Bengals,Cleveland Browns,CIN,CLE,,,0,,,,,odds_api_flattened,false,64,11,3,true,true,true
nfl,1a5451b8f0d74f90937c52bec447dc40,1a5451b8f0d74f90937c52bec447dc40,2026-01-04,2026-01-04T21:25:00Z,Chicago Bears,Detroit Lions,CHI,DET,,,0,,,,,odds_api_flattened,false,64,11,3,true,true,true
nfl,2f4cf01e2db22ed928eb8f0357a74007,2f4cf01e2db22ed928eb8f0357a74007,2026-01-04,2026-01-04T21:25:00Z,Los Angeles Rams,Arizona Cardinals,LAR,ARI,,,0,,,,,odds_api_flattened,false,64,11,3,true,true,true
nfl,30621f6a1072712bee795c15eafe9768,30621f6a1072712bee795c15eafe9768,2026-01-04,2026-01-04T21:25:00Z,Denver Broncos,Los Angeles Chargers,DEN,LAC,,,0,,,,,odds_api_flattened,false,64,11,3,true,true,true
nfl,b6eb23d78a4e1b3bf9946be7cfac0e6b,b6eb23d78a4e1b3bf9946be7cfac0e6b,2026-01-04,2026-01-04T21:25:00Z,Philadelphia Eagles,Washington Commanders,PHI,WAS,,,0,,,,,odds_api_flattened,false,64,11,3,true,true,true
nfl,bd5134e8440a2b12cc8ac98ab4f18093,bd5134e8440a2b12cc8ac98ab4f18093,2026-01-04,2026-01-04T21:25:00Z,Buffalo Bills,New York Jets,BUF,NYJ,,,0,,,,,odds_api_flattened,false,64,11,3,true,true,true
nfl,d242576b25f56b3f598044c9abfb4df0,d242576b25f56b3f598044c9abfb4df0,2026-01-04,2026-01-04T21:25:00Z,New England Patriots,Miami Dolphins,NE,MIA,,,0,,,,,odds_api_flattened,false,64,11,3,true,true,true
nfl,de4ae000f7f94eecf9d827eabff2991b,de4ae000f7f94eecf9d827eabff2991b,2026-01-04,2026-01-04T21:25:00Z,Las Vegas Raiders,Kansas City Chiefs,LV,KC,,,0,,,,,odds_api_flattened,false,64,11,3,true,true,true
nfl,f609b38fe2bf0687644ad8603e28220b,f609b38fe2bf0687644ad8603e28220b,2026-01-05,2026-01-05T01:20:00Z,Pittsburgh Steelers,Baltimore Ravens,PIT,BAL,,,0,,,,,odds_api_flattened,false,64,11,3,true,true,true
nfl,c37a03009947c0191ab4e2de9664705a,c37a03009947c0191ab4e2de9664705a,2026-01-10,2026-01-10T21:30:00Z,Carolina Panthers,Los Angeles Rams,CAR,LAR,,,0,,,,,odds_api_flattened,false,64,11,3,true,true,true
nfl,271335072b85daf0ceabb360ef75220e,271335072b85daf0ceabb360ef75220e,2026-01-11,2026-01-11T01:00:00Z,Chicago Bears,Green Bay Packers,CHI,GB,,,0,,,,,odds_api_flattened,false,64,11,3,true,true,true
nfl,f5701bd3d1340565779bc9ccf6d0b73b,f5701bd3d1340565779bc9ccf6d0b73b,2026-01-11,2026-01-11T18:00:00Z,Jacksonville Jaguars,Buffalo Bills,JAX,BUF,,,0,,,,,odds_api_flattened,false,64,11,3,true,true,true
nfl,467cba5a1b3809e6b990033dff600f48,467cba5a1b3809e6b990033dff600f48,2026-01-11,2026-01-11T21:30:00Z,Philadelphia Eagles,San Francisco 49ers,PHI,SF,,,0,,,,,odds_api_flattened,false,64,11,3,true,true,true
nfl,d48193fef08ca62ade864612a40e2a4e,d48193fef08ca62ade864612a40e2a4e,2026-01-12,2026-01-12T01:00:00Z,New England Patriots,Los Angeles Chargers,NE,LAC,,,0,,,,,odds_api_flattened,false,64,11,3,true,true,true
nfl,932813a3782921beb4f7fecdf247865e,932813a3782921beb4f7fecdf247865e,2026-01-13,2026-01-13T01:00:00Z,Pittsburgh Steelers,Houston Texans,PIT,HOU,,,0,,,,,odds_api_flattened,false,64,11,3,true,true,true
nfl,ea794ebbcb7cbcaf7753c65d0f1a15c8,ea794ebbcb7cbcaf7753c65d0f1a15c8,2026-01-17,2026-01-17T21:30:00Z,Denver Broncos,Buffalo Bills,DEN,BUF,,,0,,,,,odds_api_flattened,false,64,11,3,true,true,true
nfl,9161553abe07f4eadf12b071f4f6e3ac,9161553abe07f4eadf12b071f4f6e3ac,2026-01-18,2026-01-18T01:00:00Z,Seattle Seahawks,San Francisco 49ers,SEA,SF,,,0,,,,,odds_api_flattened,false,64,11,3,true,true,true
nfl,1e7cc7c3ef7d9f4e473cb43f39652897,1e7cc7c3ef7d9f4e473cb43f39652897,2026-01-18,2026-01-18T20:00:00Z,New England Patriots,Houston Texans,NE,HOU,,,0,,,,,odds_api_flattened,false,64,11,3,true,true,true
nfl,3cb03f5ff8d371b94e8b55c7e58b7a34,3cb03f5ff8d371b94e8b55c7e58b7a34,2026-01-18,2026-01-18T23:30:00Z,Chicago Bears,Los Angeles Rams,CHI,LAR,,,0,,,,,odds_api_flattened,false,64,11,3,true,true,true
nfl,f1d11f109fd93364e11f97623bddf652,f1d11f109fd93364e11f97623bddf652,2026-01-25,2026-01-25T20:00:00Z,Denver Broncos,New England Patriots,DEN,NE,,,0,,,,,odds_api_flattened,false,64,11,3,true,true,true
nfl,4bc6eb576f5079baecce8c56689c259a,4bc6eb576f5079baecce8c56689c259a,2026-01-25,2026-01-25T23:30:00Z,Seattle Seahawks,Los Angeles Rams,SEA,LAR,,,0,,,,,odds_api_flattened,false,64,11,3,true,true,true
nfl,b64e3587d7a4cf01a568e7150a2a1aec,b64e3587d7a4cf01a568e7150a2a1aec,2026-02-08,2026-02-08T23:30:00Z,New England Patriots,Seattle Seahawks,NE,SEA,,,0,,,,,odds_api_flattened,false,66,11,3,true,true,true
nfl,nfl_401872656,8c94552d022acec4a0458d70c19d3da9,2026-09-10,2026-09-10T00:20:00Z,Seattle Seahawks,New England Patriots,SEA,NE,STATUS_SCHEDULED,pre,0,0,0,401872656,Lumen Field,odds_api_flattened,true,66,11,3,true,true,true
nfl,nfl_401872657,acc580d74344ea3b31bbcdd057fe6a9c,2026-09-11,2026-09-11T00:35:00Z,Los Angeles Rams,San Francisco 49ers,LAR,SF,STATUS_SCHEDULED,pre,0,0,0,401872657,Melbourne Cricket Ground,odds_api_flattened,true,66,11,3,true,true,true
nfl,7dddb296a42e7a41a774b24bd1709ce1,7dddb296a42e7a41a774b24bd1709ce1,2026-09-13,2026-09-13T17:00:00Z,Tennessee Titans,New York Jets,TEN,NYJ,,,0,,,,,odds_api_flattened,false,60,11,3,true,true,true
nfl,7e09efed7e12c659b82740b67ce2f9a1,7e09efed7e12c659b82740b67ce2f9a1,2026-09-13,2026-09-13T17:00:00Z,Houston Texans,Buffalo Bills,HOU,BUF,,,0,,,,,odds_api_flattened,false,66,11,3,true,true,true
nfl,95c01d1bb797d6df14824b106c5a9130,95c01d1bb797d6df14824b106c5a9130,2026-09-13,2026-09-13T17:00:00Z,Pittsburgh Steelers,Atlanta Falcons,PIT,ATL,,,0,,,,,odds_api_flattened,false,66,11,3,true,true,true
nfl,b6cfdcbafa61ce220ba87dc2d9b80c77,b6cfdcbafa61ce220ba87dc2d9b80c77,2026-09-13,2026-09-13T17:00:00Z,Indianapolis Colts,Baltimore Ravens,IND,BAL,,,0,,,,,odds_api_flattened,false,66,11,3,true,true,true
nfl,c1d3fcec25aaeb06ebd2244d33d338e0,c1d3fcec25aaeb06ebd2244d33d338e0,2026-09-13,2026-09-13T17:00:00Z,Detroit Lions,New Orleans Saints,DET,NO,,,0,,,,,odds_api_flattened,false,66,11,3,true,true,true
nfl,e55c6fe19fce094ce214c8b0e5b504e9,e55c6fe19fce094ce214c8b0e5b504e9,2026-09-13,2026-09-13T17:00:00Z,Jacksonville Jaguars,Cleveland Browns,JAX,CLE,,,0,,,,,odds_api_flattened,false,66,11,3,true,true,true
nfl,ed6d24ff979f9c71979fead577b0b3f7,ed6d24ff979f9c71979fead577b0b3f7,2026-09-13,2026-09-13T17:00:00Z,Cincinnati Bengals,Tampa Bay Buccaneers,CIN,TB,,,0,,,,,odds_api_flattened,false,66,11,3,true,true,true
nfl,fc362aff0d889ec52d358307a70c32ed,fc362aff0d889ec52d358307a70c32ed,2026-09-13,2026-09-13T17:00:00Z,Carolina Panthers,Chicago Bears,CAR,CHI,,,0,,,,,odds_api_flattened,false,66,11,3,true,true,true
nfl,17885cb8dcade8f6c3bce14b2de805e8,17885cb8dcade8f6c3bce14b2de805e8,2026-09-13,2026-09-13T20:25:00Z,Philadelphia Eagles,Washington Commanders,PHI,WAS,,,0,,,,,odds_api_flattened,false,66,11,3,true,true,true
nfl,1edfa5ceaa1ad2cb57df1c1b908731f6,1edfa5ceaa1ad2cb57df1c1b908731f6,2026-09-13,2026-09-13T20:25:00Z,Los Angeles Chargers,Arizona Cardinals,LAC,ARI,,,0,,,,,odds_api_flattened,false,66,11,3,true,true,true
nfl,c5d95f48a16849ab6bebc68fbbfcb74a,c5d95f48a16849ab6bebc68fbbfcb74a,2026-09-13,2026-09-13T20:25:00Z,Las Vegas Raiders,Miami Dolphins,LV,MIA,,,0,,,,,odds_api_flattened,false,66,11,3,true,true,true
nfl,cb77efed7e711d25a72c1a2a0a1af119,cb77efed7e711d25a72c1a2a0a1af119,2026-09-13,2026-09-13T20:25:00Z,Minnesota Vikings,Green Bay Packers,MIN,GB,,,0,,,,,odds_api_flattened,false,66,11,3,true,true,true
nfl,3e646c7479c57f5d9752d8c7dfe7059b,3e646c7479c57f5d9752d8c7dfe7059b,2026-09-14,2026-09-14T00:20:00Z,New York Giants,Dallas Cowboys,NYG,DAL,,,0,,,,,odds_api_flattened,false,66,11,3,true,true,true
nfl,5ad8135dc2b5f27de0b777acd317855a,5ad8135dc2b5f27de0b777acd317855a,2026-09-15,2026-09-15T00:15:00Z,Kansas City Chiefs,Denver Broncos,KC,DEN,,,0,,,,,odds_api_flattened,false,66,11,3,true,true,true
nfl,56e8897681915f7ec92baeee952bb1ae,56e8897681915f7ec92baeee952bb1ae,2026-09-18,2026-09-18T00:15:00Z,Buffalo Bills,Detroit Lions,BUF,DET,,,0,,,,,odds_api_flattened,false,42,8,3,true,true,true
nfl,0283a29e1b38ef78b29b904fd56a16dd,0283a29e1b38ef78b29b904fd56a16dd,2026-09-20,2026-09-20T17:00:00Z,Chicago Bears,Minnesota Vikings,CHI,MIN,,,0,,,,,odds_api_flattened,false,40,8,3,true,true,true
nfl,0636ebff776d43f8c829a36713c80b22,0636ebff776d43f8c829a36713c80b22,2026-09-20,2026-09-20T17:00:00Z,Tampa Bay Buccaneers,Cleveland Browns,TB,CLE,,,0,,,,,odds_api_flattened,false,40,8,3,true,true,true
nfl,2143ade9684fd876b68a4e8cbf451f05,2143ade9684fd876b68a4e8cbf451f05,2026-09-20,2026-09-20T17:00:00Z,Baltimore Ravens,New Orleans Saints,BAL,NO,,,0,,,,,odds_api_flattened,false,40,8,3,true,true,true
nfl,36ad2fa722f4915ef23d2c81351261de,36ad2fa722f4915ef23d2c81351261de,2026-09-20,2026-09-20T17:00:00Z,Houston Texans,Cincinnati Bengals,HOU,CIN,,,0,,,,,odds_api_flattened,false,42,8,3,true,true,true
nfl,4aeee070bb6ec60bdfae4dede61b9014,4aeee070bb6ec60bdfae4dede61b9014,2026-09-20,2026-09-20T17:00:00Z,New York Jets,Green Bay Packers,NYJ,GB,,,0,,,,,odds_api_flattened,false,42,8,3,true,true,true
nfl,9d14f87600f6edc74dbcb5c74edf6246,9d14f87600f6edc74dbcb5c74edf6246,2026-09-20,2026-09-20T17:00:00Z,New England Patriots,Pittsburgh Steelers,NE,PIT,,,0,,,,,odds_api_flattened,false,28,5,3,true,true,true
nfl,aee7eae1849ebb103b9bf233e9741392,aee7eae1849ebb103b9bf233e9741392,2026-09-20,2026-09-20T17:00:00Z,Atlanta Falcons,Carolina Panthers,ATL,CAR,,,0,,,,,odds_api_flattened,false,32,6,3,true,true,true
nfl,fafc649c455e32a0f2ba1bd06e2039bc,fafc649c455e32a0f2ba1bd06e2039bc,2026-09-20,2026-09-20T17:00:00Z,Tennessee Titans,Philadelphia Eagles,TEN,PHI,,,0,,,,,odds_api_flattened,false,42,8,3,true,true,true
nfl,1fd6628c781f556a7a19638e97d7107f,1fd6628c781f556a7a19638e97d7107f,2026-09-20,2026-09-20T20:05:00Z,Denver Broncos,Jacksonville Jaguars,DEN,JAX,,,0,,,,,odds_api_flattened,false,40,8,3,true,true,true
nfl,71b3b83747589efdc5baef2c5cf811bf,71b3b83747589efdc5baef2c5cf811bf,2026-09-20,2026-09-20T20:05:00Z,Los Angeles Chargers,Las Vegas Raiders,LAC,LV,,,0,,,,,odds_api_flattened,false,36,8,3,true,true,true
nfl,4dd8020192a544385db42374e5555303,4dd8020192a544385db42374e5555303,2026-09-20,2026-09-20T20:25:00Z,Arizona Cardinals,Seattle Seahawks,ARI,SEA,,,0,,,,,odds_api_flattened,false,16,3,3,true,true,true
nfl,68bc55903f50af4af4766adcc89fcc61,68bc55903f50af4af4766adcc89fcc61,2026-09-20,2026-09-20T20:25:00Z,San Francisco 49ers,Miami Dolphins,SF,MIA,,,0,,,,,odds_api_flattened,false,16,3,3,true,true,true
nfl,85ef85098ddd22fe4ecf45e7e3c0a9c0,85ef85098ddd22fe4ecf45e7e3c0a9c0,2026-09-20,2026-09-20T20:25:00Z,Dallas Cowboys,Washington Commanders,DAL,WAS,,,0,,,,,odds_api_flattened,false,38,8,3,true,true,true
nfl,50bc247030707d823b9c3581d7eb5760,50bc247030707d823b9c3581d7eb5760,2026-09-21,2026-09-21T00:20:00Z,Kansas City Chiefs,Indianapolis Colts,KC,IND,,,0,,,,,odds_api_flattened,false,36,7,3,true,true,true
nfl,32367f882fac1a0c20a6335619922025,32367f882fac1a0c20a6335619922025,2026-09-22,2026-09-22T00:15:00Z,Los Angeles Rams,New York Giants,LAR,NYG,,,0,,,,,odds_api_flattened,false,16,3,3,true,true,true
nfl,e5fbd3b3953b896b1bf897ddadb3cc4b,e5fbd3b3953b896b1bf897ddadb3cc4b,2026-09-25,2026-09-25T00:15:00Z,Green Bay Packers,Atlanta Falcons,GB,ATL,,,0,,,,,odds_api_flattened,false,16,3,3,true,true,true
nfl,0339a0e41bcee12820eb3e64bb5fadb4,0339a0e41bcee12820eb3e64bb5fadb4,2026-09-27,2026-09-27T17:00:00Z,Miami Dolphins,Kansas City Chiefs,MIA,KC,,,0,,,,,odds_api_flattened,false,66,11,3,true,true,true
nfl,07f552badfa8a565d1be22123713e4da,07f552badfa8a565d1be22123713e4da,2026-09-27,2026-09-27T17:00:00Z,Detroit Lions,New York Jets,DET,NYJ,,,0,,,,,odds_api_flattened,false,66,11,3,true,true,true
nfl,17a730b7d399feeab6a78c30767c29d2,17a730b7d399feeab6a78c30767c29d2,2026-09-27,2026-09-27T17:00:00Z,Indianapolis Colts,Houston Texans,IND,HOU,,,0,,,,,odds_api_flattened,false,66,11,3,true,true,true
nfl,1f3cfd315a24d1a7dd5859a8e6b88e18,1f3cfd315a24d1a7dd5859a8e6b88e18,2026-09-27,2026-09-27T17:00:00Z,Jacksonville Jaguars,New England Patriots,JAX,NE,,,0,,,,,odds_api_flattened,false,66,11,3,true,true,true
nfl,2a529c108305ffa049d8b6cfdbaa4d36,2a529c108305ffa049d8b6cfdbaa4d36,2026-09-27,2026-09-27T17:00:00Z,Washington Commanders,Seattle Seahawks,WAS,SEA,,,0,,,,,odds_api_flattened,false,66,11,3,true,true,true
nfl,555afd4a27aaa392662881cffa8f2eef,555afd4a27aaa392662881cffa8f2eef,2026-09-27,2026-09-27T17:00:00Z,New York Giants,Tennessee Titans,NYG,TEN,,,0,,,,,odds_api_flattened,false,66,11,3,true,true,true
nfl,613b8cd3a5fab58f7be4e3fd6f76223e,613b8cd3a5fab58f7be4e3fd6f76223e,2026-09-27,2026-09-27T17:00:00Z,Cleveland Browns,Carolina Panthers,CLE,CAR,,,0,,,,,odds_api_flattened,false,66,11,3,true,true,true
nfl,71123be049587b6facce3a20c53e5d09,71123be049587b6facce3a20c53e5d09,2026-09-27,2026-09-27T17:00:00Z,Pittsburgh Steelers,Cincinnati Bengals,PIT,CIN,,,0,,,,,odds_api_flattened,false,66,11,3,true,true,true
nfl,b225458a282e140c44c45651255f2f6c,b225458a282e140c44c45651255f2f6c,2026-09-27,2026-09-27T17:00:00Z,Buffalo Bills,Los Angeles Chargers,BUF,LAC,,,0,,,,,odds_api_flattened,false,66,11,3,true,true,true
nfl,9d2b09e0f9b6dd5ce0d985894f4f98fa,9d2b09e0f9b6dd5ce0d985894f4f98fa,2026-09-27,2026-09-27T20:05:00Z,San Francisco 49ers,Arizona Cardinals,SF,ARI,,,0,,,,,odds_api_flattened,false,66,11,3,true,true,true
nfl,f1724dead3eab61546033032fc782375,f1724dead3eab61546033032fc782375,2026-09-27,2026-09-27T20:05:00Z,Tampa Bay Buccaneers,Minnesota Vikings,TB,MIN,,,0,,,,,odds_api_flattened,false,64,11,3,true,true,true
nfl,2e523fcb0497aa689473e290eb2b97de,2e523fcb0497aa689473e290eb2b97de,2026-09-27,2026-09-27T20:25:00Z,New Orleans Saints,Las Vegas Raiders,NO,LV,,,0,,,,,odds_api_flattened,false,66,11,3,true,true,true
nfl,84cfca14efc21363fd605508404cf1ff,84cfca14efc21363fd605508404cf1ff,2026-09-27,2026-09-27T20:25:00Z,Dallas Cowboys,Baltimore Ravens,DAL,BAL,,,0,,,,,odds_api_flattened,false,66,11,3,true,true,true
nfl,3bfd8bfb4b8e9a365a0877879b73b16b,3bfd8bfb4b8e9a365a0877879b73b16b,2026-09-28,2026-09-28T00:20:00Z,Denver Broncos,Los Angeles Rams,DEN,LAR,,,0,,,,,odds_api_flattened,false,66,11,3,true,true,true
nfl,47dc7baa254659f3beb2ed2b38c207b6,47dc7baa254659f3beb2ed2b38c207b6,2026-09-29,2026-09-29T00:15:00Z,Chicago Bears,Philadelphia Eagles,CHI,PHI,,,0,,,,,odds_api_flattened,false,58,10,3,true,true,true
nfl,d55cb69fed50a09170560b5b75d8de86,d55cb69fed50a09170560b5b75d8de86,2026-10-02,2026-10-02T00:15:00Z,Cleveland Browns,Pittsburgh Steelers,CLE,PIT,,,0,,,,,odds_api_flattened,false,42,8,3,true,true,true
nfl,c9d8ed8aa4889486eaf10a630138ede0,c9d8ed8aa4889486eaf10a630138ede0,2026-10-04,2026-10-04T13:30:00Z,Washington Commanders,Indianapolis Colts,WAS,IND,,,0,,,,,odds_api_flattened,false,40,8,3,true,true,true
nfl,164e6eb68f31bac190381903c3cccd31,164e6eb68f31bac190381903c3cccd31,2026-10-04,2026-10-04T17:00:00Z,Chicago Bears,New York Jets,CHI,NYJ,,,0,,,,,odds_api_flattened,false,40,8,3,true,true,true
nfl,1b4f2e60ce83fa1d63a5dff83769d27c,1b4f2e60ce83fa1d63a5dff83769d27c,2026-10-04,2026-10-04T17:00:00Z,Philadelphia Eagles,Los Angeles Rams,PHI,LAR,,,0,,,,,odds_api_flattened,false,40,8,3,true,true,true
nfl,2ea94ddf20f66432b9024fe2e2eaba5f,2ea94ddf20f66432b9024fe2e2eaba5f,2026-10-04,2026-10-04T17:00:00Z,Cincinnati Bengals,Jacksonville Jaguars,CIN,JAX,,,0,,,,,odds_api_flattened,false,38,8,3,true,true,true
nfl,573cc0ef39631a4f6673ec843a8bedd4,573cc0ef39631a4f6673ec843a8bedd4,2026-10-04,2026-10-04T17:00:00Z,Buffalo Bills,New England Patriots,BUF,NE,,,0,,,,,odds_api_flattened,false,42,8,3,true,true,true
nfl,664e6bda5721dc63be16bcf7d962a436,664e6bda5721dc63be16bcf7d962a436,2026-10-04,2026-10-04T17:00:00Z,New York Giants,Arizona Cardinals,NYG,ARI,,,0,,,,,odds_api_flattened,false,34,6,3,true,true,true
nfl,99a9bae4dc0dc2590496bd3102b211f2,99a9bae4dc0dc2590496bd3102b211f2,2026-10-04,2026-10-04T17:00:00Z,Tampa Bay Buccaneers,Green Bay Packers,TB,GB,,,0,,,,,odds_api_flattened,false,16,3,3,true,true,true
nfl,daf55e2df5341c007fee5a0fc5bbc2d4,daf55e2df5341c007fee5a0fc5bbc2d4,2026-10-04,2026-10-04T17:00:00Z,Houston Texans,Dallas Cowboys,HOU,DAL,,,0,,,,,odds_api_flattened,false,40,8,3,true,true,true
nfl,f01589b0e7e6dd4f4ac1220a1db81f53,f01589b0e7e6dd4f4ac1220a1db81f53,2026-10-04,2026-10-04T17:00:00Z,Baltimore Ravens,Tennessee Titans,BAL,TEN,,,0,,,,,odds_api_flattened,false,42,8,3,true,true,true
nfl,c327223d76a3b7b0db8c6c104442f44b,c327223d76a3b7b0db8c6c104442f44b,2026-10-04,2026-10-04T20:05:00Z,Minnesota Vikings,Miami Dolphins,MIN,MIA,,,0,,,,,odds_api_flattened,false,38,8,3,true,true,true
nfl,96d2373cda647873b971f268482bced0,96d2373cda647873b971f268482bced0,2026-10-04,2026-10-04T20:25:00Z,Seattle Seahawks,Los Angeles Chargers,SEA,LAC,,,0,,,,,odds_api_flattened,false,42,8,3,true,true,true
nfl,a7e7efb75a9792ac63480ae6328dca18,a7e7efb75a9792ac63480ae6328dca18,2026-10-04,2026-10-04T20:25:00Z,San Francisco 49ers,Denver Broncos,SF,DEN,,,0,,,,,odds_api_flattened,false,42,8,3,true,true,true
nfl,e0cbd266dcf997089203a1b33ba0333d,e0cbd266dcf997089203a1b33ba0333d,2026-10-04,2026-10-04T20:25:00Z,Las Vegas Raiders,Kansas City Chiefs,LV,KC,,,0,,,,,odds_api_flattened,false,40,8,3,true,true,true
nfl,a73a76599a4f3422803e57bd8f61b626,a73a76599a4f3422803e57bd8f61b626,2026-10-05,2026-10-05T00:20:00Z,Carolina Panthers,Detroit Lions,CAR,DET,,,0,,,,,odds_api_flattened,false,46,9,3,true,true,true
nfl,8bd90781e17e6d97df3941063cedae1e,8bd90781e17e6d97df3941063cedae1e,2026-10-06,2026-10-06T00:15:00Z,New Orleans Saints,Atlanta Falcons,NO,ATL,,,0,,,,,odds_api_flattened,false,16,3,3,true,true,true
nfl,259b5df9aa0d10257f56de78523495e0,259b5df9aa0d10257f56de78523495e0,2026-10-09,2026-10-09T00:15:00Z,Dallas Cowboys,Tampa Bay Buccaneers,DAL,TB,,,0,,,,,odds_api_flattened,false,16,3,3,true,true,true
nfl,21b26266f3d78af02eb672e606275d95,21b26266f3d78af02eb672e606275d95,2026-10-11,2026-10-11T13:30:00Z,Jacksonville Jaguars,Philadelphia Eagles,JAX,PHI,,,0,,,,,odds_api_flattened,false,22,4,3,true,true,true
nfl,2cda9bf0fbe35a2735f0dd8aaafe9eff,2cda9bf0fbe35a2735f0dd8aaafe9eff,2026-10-11,2026-10-11T17:00:00Z,New Orleans Saints,Minnesota Vikings,NO,MIN,,,0,,,,,odds_api_flattened,false,16,3,3,true,true,true
nfl,448d7cf18c6db4c811ed82ded1b72867,448d7cf18c6db4c811ed82ded1b72867,2026-10-11,2026-10-11T17:00:00Z,Pittsburgh Steelers,Indianapolis Colts,PIT,IND,,,0,,,,,odds_api_flattened,false,16,3,3,true,true,true
nfl,6b024bad1abb54f597225e4ab9b39d89,6b024bad1abb54f597225e4ab9b39d89,2026-10-11,2026-10-11T17:00:00Z,New England Patriots,Las Vegas Raiders,NE,LV,,,0,,,,,odds_api_flattened,false,16,3,3,true,true,true
nfl,9db4ed15fe34fca1fb62f040cd244591,9db4ed15fe34fca1fb62f040cd244591,2026-10-11,2026-10-11T17:00:00Z,New York Jets,Cleveland Browns,NYJ,CLE,,,0,,,,,odds_api_flattened,false,12,2,3,true,true,true
nfl,c4647ca1201e6768501877267ca8251b,c4647ca1201e6768501877267ca8251b,2026-10-11,2026-10-11T17:00:00Z,Miami Dolphins,Cincinnati Bengals,MIA,CIN,,,0,,,,,odds_api_flattened,false,16,3,3,true,true,true
nfl,cc52bba56e74f5cddbe9011046181c3d,cc52bba56e74f5cddbe9011046181c3d,2026-10-11,2026-10-11T17:00:00Z,Tennessee Titans,Houston Texans,TEN,HOU,,,0,,,,,odds_api_flattened,false,16,3,3,true,true,true
nfl,fbffd0b7722fd81d68d5d62472dc80e8,fbffd0b7722fd81d68d5d62472dc80e8,2026-10-11,2026-10-11T17:00:00Z,Washington Commanders,New York Giants,WAS,NYG,,,0,,,,,odds_api_flattened,false,16,3,3,true,true,true
nfl,d1d408fdfd272046fb517fe992a1c5a0,d1d408fdfd272046fb517fe992a1c5a0,2026-10-11,2026-10-11T20:05:00Z,Los Angeles Chargers,Denver Broncos,LAC,DEN,,,0,,,,,odds_api_flattened,false,16,3,3,true,true,true
nfl,2caea57b1e5cfbba1334cfbfd46f6771,2caea57b1e5cfbba1334cfbfd46f6771,2026-10-11,2026-10-11T20:25:00Z,Green Bay Packers,Chicago Bears,GB,CHI,,,0,,,,,odds_api_flattened,false,12,2,3,true,true,true
nfl,8e5d515b10d8a5ffb324640ed60bcc55,8e5d515b10d8a5ffb324640ed60bcc55,2026-10-11,2026-10-11T20:25:00Z,Seattle Seahawks,San Francisco 49ers,SEA,SF,,,0,,,,,odds_api_flattened,false,16,3,3,true,true,true
nfl,f8e7f43f73aa983c5c99c189587f0118,f8e7f43f73aa983c5c99c189587f0118,2026-10-11,2026-10-11T20:25:00Z,Arizona Cardinals,Detroit Lions,ARI,DET,,,0,,,,,odds_api_flattened,false,12,2,3,true,true,true
nfl,86457f91112732f21ad4bb7d37bd291c,86457f91112732f21ad4bb7d37bd291c,2026-10-12,2026-10-12T00:20:00Z,Atlanta Falcons,Baltimore Ravens,ATL,BAL,,,0,,,,,odds_api_flattened,false,16,3,3,true,true,true
nfl,e6d00eedd87d367e510314bd8cab8f6f,e6d00eedd87d367e510314bd8cab8f6f,2026-10-13,2026-10-13T00:15:00Z,Los Angeles Rams,Buffalo Bills,LAR,BUF,,,0,,,,,odds_api_flattened,false,12,2,3,true,true,true
nfl,855f58fad5f0f14b239f4f63df27998b,855f58fad5f0f14b239f4f63df27998b,2026-10-16,2026-10-16T00:15:00Z,Denver Broncos,Seattle Seahawks,DEN,SEA,,,0,,,,,odds_api_flattened,false,16,3,3,true,true,true
nfl,57418b2cf5aca558b3c98eafac1e264a,57418b2cf5aca558b3c98eafac1e264a,2026-10-18,2026-10-18T13:30:00Z,Jacksonville Jaguars,Houston Texans,JAX,HOU,,,0,,,,,odds_api_flattened,false,22,4,3,true,true,true
nfl,0b0b582b32b09ab6ff6664ffae0c9653,0b0b582b32b09ab6ff6664ffae0c9653,2026-10-18,2026-10-18T17:00:00Z,New England Patriots,New York Jets,NE,NYJ,,,0,,,,,odds_api_flattened,false,12,2,3,true,true,true
nfl,1cf74afd313e9fd300e1462012b174cb,1cf74afd313e9fd300e1462012b174cb,2026-10-18,2026-10-18T17:00:00Z,New York Giants,New Orleans Saints,NYG,NO,,,0,,,,,odds_api_flattened,false,16,3,3,true,true,true
nfl,27f3994841ce8081c0b7349cf3d1e3d7,27f3994841ce8081c0b7349cf3d1e3d7,2026-10-18,2026-10-18T17:00:00Z,Tampa Bay Buccaneers,Pittsburgh Steelers,TB,PIT,,,0,,,,,odds_api_flattened,false,16,3,3,true,true,true
nfl,7c312fdf24fb35f58b0e07c2932cc997,7c312fdf24fb35f58b0e07c2932cc997,2026-10-18,2026-10-18T17:00:00Z,Atlanta Falcons,Chicago Bears,ATL,CHI,,,0,,,,,odds_api_flattened,false,12,2,3,true,true,true
nfl,84aa9e190e625d7e9cd67e1f157a45b4,84aa9e190e625d7e9cd67e1f157a45b4,2026-10-18,2026-10-18T17:00:00Z,Indianapolis Colts,Tennessee Titans,IND,TEN,,,0,,,,,odds_api_flattened,false,16,3,3,true,true,true
nfl,caca2d752fe1a1779029082e95332fcc,caca2d752fe1a1779029082e95332fcc,2026-10-18,2026-10-18T17:00:00Z,Philadelphia Eagles,Carolina Panthers,PHI,CAR,,,0,,,,,odds_api_flattened,false,16,3,3,true,true,true
nfl,e86227938fd3cf008fc5648fb5128344,e86227938fd3cf008fc5648fb5128344,2026-10-18,2026-10-18T17:00:00Z,Cleveland Browns,Baltimore Ravens,CLE,BAL,,,0,,,,,odds_api_flattened,false,12,2,3,true,true,true
nfl,3729ac6d2a66b642850caf2044cdc658,3729ac6d2a66b642850caf2044cdc658,2026-10-18,2026-10-18T20:05:00Z,Los Angeles Rams,Arizona Cardinals,LAR,ARI,,,0,,,,,odds_api_flattened,false,12,2,3,true,true,true
nfl,20fefae8c296247460ba5773caa42218,20fefae8c296247460ba5773caa42218,2026-10-18,2026-10-18T20:25:00Z,Kansas City Chiefs,Los Angeles Chargers,KC,LAC,,,0,,,,,odds_api_flattened,false,16,3,3,true,true,true
nfl,45b2690b350ed45145c7a716b18e8e66,45b2690b350ed45145c7a716b18e8e66,2026-10-18,2026-10-18T20:25:00Z,Las Vegas Raiders,Buffalo Bills,LV,BUF,,,0,,,,,odds_api_flattened,false,12,2,3,true,true,true
nfl,82fd5a159fa130e67abab93a9537f70b,82fd5a159fa130e67abab93a9537f70b,2026-10-19,2026-10-19T00:20:00Z,Green Bay Packers,Dallas Cowboys,GB,DAL,,,0,,,,,odds_api_flattened,false,16,3,3,true,true,true
nfl,f122527f003276d3bca19efa48c902c1,f122527f003276d3bca19efa48c902c1,2026-10-20,2026-10-20T00:15:00Z,San Francisco 49ers,Washington Commanders,SF,WAS,,,0,,,,,odds_api_flattened,false,16,3,3,true,true,true
nfl,ffebea881c1d7b2dfb85b3e590c35985,ffebea881c1d7b2dfb85b3e590c35985,2026-10-23,2026-10-23T00:15:00Z,Chicago Bears,New England Patriots,CHI,NE,,,0,,,,,odds_api_flattened,false,12,2,3,true,true,true
nfl,2e710ea5a306b614f0f966e3d78732f8,2e710ea5a306b614f0f966e3d78732f8,2026-10-25,2026-10-25T13:30:00Z,New Orleans Saints,Pittsburgh Steelers,NO,PIT,,,0,,,,,odds_api_flattened,false,22,4,3,true,true,true
nfl,2823e986597c449ab94126cd5ed3fae9,2823e986597c449ab94126cd5ed3fae9,2026-10-25,2026-10-25T17:00:00Z,Carolina Panthers,Tampa Bay Buccaneers,CAR,TB,,,0,,,,,odds_api_flattened,false,16,3,3,true,true,true
nfl,2bba7fde6f97d0e54403d53676e4ab63,2bba7fde6f97d0e54403d53676e4ab63,2026-10-25,2026-10-25T17:00:00Z,Houston Texans,New York Giants,HOU,NYG,,,0,,,,,odds_api_flattened,false,16,3,3,true,true,true
nfl,550ec5290f935d311995affbcb0b5c79,550ec5290f935d311995affbcb0b5c79,2026-10-25,2026-10-25T17:00:00Z,Baltimore Ravens,Cincinnati Bengals,BAL,CIN,,,0,,,,,odds_api_flattened,false,16,3,3,true,true,true
nfl,5dce18baccec5d3ad5fb3a3ce52f7619,5dce18baccec5d3ad5fb3a3ce52f7619,2026-10-25,2026-10-25T17:00:00Z,Tennessee Titans,Cleveland Browns,TEN,CLE,,,0,,,,,odds_api_flattened,false,12,2,3,true,true,true
nfl,b1be064fb52a198a62109c279e7ab24c,b1be064fb52a198a62109c279e7ab24c,2026-10-25,2026-10-25T17:00:00Z,Atlanta Falcons,San Francisco 49ers,ATL,SF,,,0,,,,,odds_api_flattened,false,16,3,3,true,true,true
nfl,be5dd120ca08b43d647b6caa8953500a,be5dd120ca08b43d647b6caa8953500a,2026-10-25,2026-10-25T17:00:00Z,New York Jets,Miami Dolphins,NYJ,MIA,,,0,,,,,odds_api_flattened,false,12,2,3,true,true,true
nfl,f3992ad4496724baf7dcd1ef58245d6b,f3992ad4496724baf7dcd1ef58245d6b,2026-10-25,2026-10-25T17:00:00Z,Minnesota Vikings,Indianapolis Colts,MIN,IND,,,0,,,,,odds_api_flattened,false,16,3,3,true,true,true
nfl,436119bb3ccdaa6ed7808aa3ebd82b76,436119bb3ccdaa6ed7808aa3ebd82b76,2026-10-25,2026-10-25T20:05:00Z,Arizona Cardinals,Denver Broncos,ARI,DEN,,,0,,,,,odds_api_flattened,false,16,3,3,true,true,true
nfl,e8e5715eefb6a9ce64765e9ddf49c0cc,e8e5715eefb6a9ce64765e9ddf49c0cc,2026-10-25,2026-10-25T20:25:00Z,Detroit Lions,Green Bay Packers,DET,GB,,,0,,,,,odds_api_flattened,false,12,2,3,true,true,true
nfl,f7679cf18454e4d88a8f2b990c3f08ac,f7679cf18454e4d88a8f2b990c3f08ac,2026-10-25,2026-10-25T20:25:00Z,Las Vegas Raiders,Los Angeles Rams,LV,LAR,,,0,,,,,odds_api_flattened,false,12,2,3,true,true,true
nfl,176d474ed8b2bbf1eb4d7e9c56b4bf22,176d474ed8b2bbf1eb4d7e9c56b4bf22,2026-10-26,2026-10-26T00:20:00Z,Seattle Seahawks,Kansas City Chiefs,SEA,KC,,,0,,,,,odds_api_flattened,false,16,3,3,true,true,true
nfl,4853610e63c246f2027a6a248e642c9a,4853610e63c246f2027a6a248e642c9a,2026-10-27,2026-10-27T00:15:00Z,Philadelphia Eagles,Dallas Cowboys,PHI,DAL,,,0,,,,,odds_api_flattened,false,16,3,3,true,true,true
nfl,ab2865e9f2d4b012de8bc6fb6de11a7c,ab2865e9f2d4b012de8bc6fb6de11a7c,2026-10-30,2026-10-30T00:15:00Z,Green Bay Packers,Carolina Panthers,GB,CAR,,,0,,,,,odds_api_flattened,false,16,3,3,true,true,true
nfl,159dbf0253dd2038eda2212f84387f0c,159dbf0253dd2038eda2212f84387f0c,2026-11-01,2026-11-01T18:00:00Z,Jacksonville Jaguars,Indianapolis Colts,JAX,IND,,,0,,,,,odds_api_flattened,false,16,3,3,true,true,true
nfl,52e7ee9c42525e6deec02da32dc2fad8,52e7ee9c42525e6deec02da32dc2fad8,2026-11-01,2026-11-01T18:00:00Z,Detroit Lions,Minnesota Vikings,DET,MIN,,,0,,,,,odds_api_flattened,false,12,2,3,true,true,true
nfl,921859689f5f8b3b8b1caf4248bdb1ec,921859689f5f8b3b8b1caf4248bdb1ec,2026-11-01,2026-11-01T18:00:00Z,Tampa Bay Buccaneers,Atlanta Falcons,TB,ATL,,,0,,,,,odds_api_flattened,false,16,3,3,true,true,true
nfl,9255ca8f32aea590d00aa57de79f6bb6,9255ca8f32aea590d00aa57de79f6bb6,2026-11-01,2026-11-01T18:00:00Z,Dallas Cowboys,Arizona Cardinals,DAL,ARI,,,0,,,,,odds_api_flattened,false,16,3,3,true,true,true
nfl,98f1b121b793977434c046e76c707145,98f1b121b793977434c046e76c707145,2026-11-01,2026-11-01T18:00:00Z,New York Jets,Las Vegas Raiders,NYJ,LV,,,0,,,,,odds_api_flattened,false,12,2,3,true,true,true
nfl,9c5d8f57e0ba0fbd9ef436c1f0898f99,9c5d8f57e0ba0fbd9ef436c1f0898f99,2026-11-01,2026-11-01T18:00:00Z,Cincinnati Bengals,Tennessee Titans,CIN,TEN,,,0,,,,,odds_api_flattened,false,16,3,3,true,true,true
nfl,ab5ab731ab655bd6308bc7a922275518,ab5ab731ab655bd6308bc7a922275518,2026-11-01,2026-11-01T18:00:00Z,Pittsburgh Steelers,Cleveland Browns,PIT,CLE,,,0,,,,,odds_api_flattened,false,12,2,3,true,true,true
nfl,c93c421e5fa46031a43162d111d981d0,c93c421e5fa46031a43162d111d981d0,2026-11-01,2026-11-01T18:00:00Z,Buffalo Bills,Baltimore Ravens,BUF,BAL,,,0,,,,,odds_api_flattened,false,12,2,3,true,true,true
nfl,2ff84d3f6053d083c8c0a5bebf7cdd4c,2ff84d3f6053d083c8c0a5bebf7cdd4c,2026-11-01,2026-11-01T21:05:00Z,Los Angeles Rams,Los Angeles Chargers,LAR,LAC,,,0,,,,,odds_api_flattened,false,12,2,3,true,true,true
nfl,05405af79752f5e742cdf50b61f6745e,05405af79752f5e742cdf50b61f6745e,2026-11-01,2026-11-01T21:25:00Z,Miami Dolphins,New England Patriots,MIA,NE,,,0,,,,,odds_api_flattened,false,16,3,3,true,true,true
nfl,f2a036d5edf483a277880014861e78ad,f2a036d5edf483a277880014861e78ad,2026-11-01,2026-11-01T21:25:00Z,Denver Broncos,Kansas City Chiefs,DEN,KC,,,0,,,,,odds_api_flattened,false,16,3,3,true,true,true
nfl,b9c60db63b1a19ad319f24b33c0defe8,b9c60db63b1a19ad319f24b33c0defe8,2026-11-02,2026-11-02T01:20:00Z,Washington Commanders,Philadelphia Eagles,WAS,PHI,,,0,,,,,odds_api_flattened,false,16,3,3,true,true,true
nfl,7d664fbcd39350e559d83c0068ba7169,7d664fbcd39350e559d83c0068ba7169,2026-11-03,2026-11-03T01:20:00Z,Seattle Seahawks,Chicago Bears,SEA,CHI,,,0,,,,,odds_api_flattened,false,12,2,3,true,true,true
nfl,c75744790b7acf6260c78ba5e739c0e5,c75744790b7acf6260c78ba5e739c0e5,2026-11-06,2026-11-06T01:15:00Z,Baltimore Ravens,Jacksonville Jaguars,BAL,JAX,,,0,,,,,odds_api_flattened,false,16,3,3,true,true,true
nfl,dc56d980f527ffeef89940133b211b13,dc56d980f527ffeef89940133b211b13,2026-11-08,2026-11-08T14:30:00Z,Atlanta Falcons,Cincinnati Bengals,ATL,CIN,,,0,,,,,odds_api_flattened,false,22,4,3,true,true,true
nfl,014282b888c741b7d70c857c09f40aa7,014282b888c741b7d70c857c09f40aa7,2026-11-08,2026-11-08T18:00:00Z,Carolina Panthers,Denver Broncos,CAR,DEN,,,0,,,,,odds_api_flattened,false,16,3,3,true,true,true
nfl,415fc42e72888c63e82f7bce24c65391,415fc42e72888c63e82f7bce24c65391,2026-11-08,2026-11-08T18:00:00Z,Indianapolis Colts,Dallas Cowboys,IND,DAL,,,0,,,,,odds_api_flattened,false,16,3,3,true,true,true
nfl,44d8c37868b700e90f816db7c5df5cdd,44d8c37868b700e90f816db7c5df5cdd,2026-11-08,2026-11-08T18:00:00Z,Miami Dolphins,Detroit Lions,MIA,DET,,,0,,,,,odds_api_flattened,false,12,2,3,true,true,true
nfl,89de07377e0aa8ffaa2ae6a7dc0855cc,89de07377e0aa8ffaa2ae6a7dc0855cc,2026-11-08,2026-11-08T18:00:00Z,Washington Commanders,Los Angeles Rams,WAS,LAR,,,0,,,,,odds_api_flattened,false,12,2,3,true,true,true
nfl,e354e6a04b1cb9c96e549b863debb92e,e354e6a04b1cb9c96e549b863debb92e,2026-11-08,2026-11-08T18:00:00Z,Kansas City Chiefs,New York Jets,KC,NYJ,,,0,,,,,odds_api_flattened,false,12,2,3,true,true,true
nfl,e571bab6736f9338130a78a4f75c3231,e571bab6736f9338130a78a4f75c3231,2026-11-08,2026-11-08T18:00:00Z,New Orleans Saints,Cleveland Browns,NO,CLE,,,0,,,,,odds_api_flattened,false,12,2,3,true,true,true
nfl,fe93e6ab1e553c0169936a0a983c324f,fe93e6ab1e553c0169936a0a983c324f,2026-11-08,2026-11-08T18:00:00Z,Philadelphia Eagles,New York Giants,PHI,NYG,,,0,,,,,odds_api_flattened,false,16,3,3,true,true,true
nfl,39aeac43cea7b12558b91cdab1255a10,39aeac43cea7b12558b91cdab1255a10,2026-11-08,2026-11-08T21:05:00Z,Los Angeles Chargers,Houston Texans,LAC,HOU,,,0,,,,,odds_api_flattened,false,16,3,3,true,true,true
nfl,ac9d38a18d5c92814233a31aa9a48d78,ac9d38a18d5c92814233a31aa9a48d78,2026-11-08,2026-11-08T21:05:00Z,San Francisco 49ers,Las Vegas Raiders,SF,LV,,,0,,,,,odds_api_flattened,false,16,3,3,true,true,true
nfl,240e23b02b1e3fef655d04a286b5a623,240e23b02b1e3fef655d04a286b5a623,2026-11-08,2026-11-08T21:25:00Z,Seattle Seahawks,Arizona Cardinals,SEA,ARI,,,0,,,,,odds_api_flattened,false,16,3,3,true,true,true
nfl,2922c573ec3df8466c4a34975e446898,2922c573ec3df8466c4a34975e446898,2026-11-08,2026-11-08T21:25:00Z,New England Patriots,Green Bay Packers,NE,GB,,,0,,,,,odds_api_flattened,false,16,3,3,true,true,true
nfl,9760d8f19f84bfee300a74ceb656c95d,9760d8f19f84bfee300a74ceb656c95d,2026-11-09,2026-11-09T01:20:00Z,Chicago Bears,Tampa Bay Buccaneers,CHI,TB,,,0,,,,,odds_api_flattened,false,12,2,3,true,true,true
nfl,17ad7eff2f7875e20a8109abe40470e3,17ad7eff2f7875e20a8109abe40470e3,2026-11-10,2026-11-10T01:15:00Z,Minnesota Vikings,Buffalo Bills,MIN,BUF,,,0,,,,,odds_api_flattened,false,12,2,3,true,true,true
nfl,74d39e19225caf211ad2c8eb4110179f,74d39e19225caf211ad2c8eb4110179f,2026-11-13,2026-11-13T01:15:00Z,New York Giants,Washington Commanders,NYG,WAS,,,0,,,,,odds_api_flattened,false,12,2,3,true,true,true
nfl,b8c10fdf1e0ac4e13deee7f7c0af0b0b,b8c10fdf1e0ac4e13deee7f7c0af0b0b,2026-11-15,2026-11-15T14:30:00Z,Detroit Lions,New England Patriots,DET,NE,,,0,,,,,odds_api_flattened,false,18,3,3,true,true,true
nfl,1057d50949844ddf483da9c8c20354be,1057d50949844ddf483da9c8c20354be,2026-11-15,2026-11-15T18:00:00Z,New York Jets,Buffalo Bills,NYJ,BUF,,,0,,,,,odds_api_flattened,false,12,2,3,true,true,true
nfl,28800df7e768ecec14f116454d560f9b,28800df7e768ecec14f116454d560f9b,2026-11-15,2026-11-15T18:00:00Z,Tennessee Titans,Jacksonville Jaguars,TEN,JAX,,,0,,,,,odds_api_flattened,false,16,3,3,true,true,true
nfl,3c71d515b726f1096aabb435badb83fd,3c71d515b726f1096aabb435badb83fd,2026-11-15,2026-11-15T18:00:00Z,Atlanta Falcons,Kansas City Chiefs,ATL,KC,,,0,,,,,odds_api_flattened,false,12,2,3,true,true,true
nfl,5d8d85473b87f772a979ecf294acab94,5d8d85473b87f772a979ecf294acab94,2026-11-15,2026-11-15T18:00:00Z,Green Bay Packers,Minnesota Vikings,GB,MIN,,,0,,,,,odds_api_flattened,false,16,3,3,true,true,true
nfl,b5700b4d938fd94429f60d4622cc9c0a,b5700b4d938fd94429f60d4622cc9c0a,2026-11-15,2026-11-15T18:00:00Z,Indianapolis Colts,Miami Dolphins,IND,MIA,,,0,,,,,odds_api_flattened,false,12,2,3,true,true,true
nfl,be0e03cc42fbc9b6962467b22c7bf9dd,be0e03cc42fbc9b6962467b22c7bf9dd,2026-11-15,2026-11-15T18:00:00Z,Cleveland Browns,Houston Texans,CLE,HOU,,,0,,,,,odds_api_flattened,false,12,2,3,true,true,true
nfl,e5aa20e1364dd639f042af1c2281bbe2,e5aa20e1364dd639f042af1c2281bbe2,2026-11-15,2026-11-15T18:00:00Z,New Orleans Saints,Carolina Panthers,NO,CAR,,,0,,,,,odds_api_flattened,false,16,3,3,true,true,true
nfl,6079a5cbabf99b265a17edfc92a1da60,6079a5cbabf99b265a17edfc92a1da60,2026-11-15,2026-11-15T21:05:00Z,Las Vegas Raiders,Seattle Seahawks,LV,SEA,,,0,,,,,odds_api_flattened,false,16,3,3,true,true,true
nfl,6c932a965110f3f89ec4a5f1a6ac256e,6c932a965110f3f89ec4a5f1a6ac256e,2026-11-15,2026-11-15T21:05:00Z,Arizona Cardinals,Los Angeles Rams,ARI,LAR,,,0,,,,,odds_api_flattened,false,12,2,3,true,true,true
nfl,7627192fd89b05120ab6c712aa23fd81,7627192fd89b05120ab6c712aa23fd81,2026-11-15,2026-11-15T21:25:00Z,Dallas Cowboys,San Francisco 49ers,DAL,SF,,,0,,,,,odds_api_flattened,false,12,2,3,true,true,true
nfl,48e497c230e6c9afcb3b600091d28e17,48e497c230e6c9afcb3b600091d28e17,2026-11-16,2026-11-16T01:20:00Z,Cincinnati Bengals,Pittsburgh Steelers,CIN,PIT,,,0,,,,,odds_api_flattened,false,16,3,3,true,true,true
nfl,35e3bdff558b5d1506251e814986f164,35e3bdff558b5d1506251e814986f164,2026-11-17,2026-11-17T01:15:00Z,Baltimore Ravens,Los Angeles Chargers,BAL,LAC,,,0,,,,,odds_api_flattened,false,16,3,3,true,true,true
nfl,66f9e83cf025d58acee12bce18661fb3,66f9e83cf025d58acee12bce18661fb3,2026-11-20,2026-11-20T01:15:00Z,Houston Texans,Indianapolis Colts,HOU,IND,,,0,,,,,odds_api_flattened,false,12,2,3,true,true,true
nfl,3ea90704fb576633bd1e2fa5aafd9ea3,3ea90704fb576633bd1e2fa5aafd9ea3,2026-11-22,2026-11-22T18:00:00Z,Chicago Bears,New Orleans Saints,CHI,NO,,,0,,,,,odds_api_flattened,false,12,2,3,true,true,true
nfl,403a88701352da05b0710a9e883b803e,403a88701352da05b0710a9e883b803e,2026-11-22,2026-11-22T18:00:00Z,Kansas City Chiefs,Arizona Cardinals,KC,ARI,,,0,,,,,odds_api_flattened,false,16,3,3,true,true,true
nfl,41e2dd69bddd65d7e823d9ed61cc2afc,41e2dd69bddd65d7e823d9ed61cc2afc,2026-11-22,2026-11-22T18:00:00Z,Detroit Lions,Tampa Bay Buccaneers,DET,TB,,,0,,,,,odds_api_flattened,false,12,2,3,true,true,true
nfl,4527f57f5bc32742d8194af1ccf7da7e,4527f57f5bc32742d8194af1ccf7da7e,2026-11-22,2026-11-22T18:00:00Z,Carolina Panthers,Baltimore Ravens,CAR,BAL,,,0,,,,,odds_api_flattened,false,16,3,3,true,true,true
nfl,4c5b1c0843a260278e95eb93e7787576,4c5b1c0843a260278e95eb93e7787576,2026-11-22,2026-11-22T18:00:00Z,Buffalo Bills,Miami Dolphins,BUF,MIA,,,0,,,,,odds_api_flattened,false,12,2,3,true,true,true
nfl,5e63079b678f8c13419adc169fff02d3,5e63079b678f8c13419adc169fff02d3,2026-11-22,2026-11-22T18:00:00Z,Dallas Cowboys,Tennessee Titans,DAL,TEN,,,0,,,,,odds_api_flattened,false,12,2,3,true,true,true
nfl,8ba112fabf4e87639338a5f437c5abfe,8ba112fabf4e87639338a5f437c5abfe,2026-11-22,2026-11-22T18:00:00Z,New York Giants,Jacksonville Jaguars,NYG,JAX,,,0,,,,,odds_api_flattened,false,12,2,3,true,true,true
nfl,4b20b742b6168aaca4f25d87f11b1526,4b20b742b6168aaca4f25d87f11b1526,2026-11-22,2026-11-22T21:05:00Z,Los Angeles Chargers,New York Jets,LAC,NYJ,,,0,,,,,odds_api_flattened,false,12,2,3,true,true,true
nfl,1940706a79cbcbafacdcbf231069716b,1940706a79cbcbafacdcbf231069716b,2026-11-22,2026-11-22T21:25:00Z,Denver Broncos,Las Vegas Raiders,DEN,LV,,,0,,,,,odds_api_flattened,false,12,2,3,true,true,true
nfl,cbe45bafcc2615fc1d96cbc12840377a,cbe45bafcc2615fc1d96cbc12840377a,2026-11-22,2026-11-22T21:25:00Z,Philadelphia Eagles,Pittsburgh Steelers,PHI,PIT,,,0,,,,,odds_api_flattened,false,16,3,3,true,true,true
nfl,60e1d27b083a335b722c2c852ea85612,60e1d27b083a335b722c2c852ea85612,2026-11-23,2026-11-23T01:20:00Z,San Francisco 49ers,Minnesota Vikings,SF,MIN,,,0,,,,,odds_api_flattened,false,22,4,3,true,true,true
nfl,3a60ed1d20004aa4d4772b2c1a2272e7,3a60ed1d20004aa4d4772b2c1a2272e7,2026-11-24,2026-11-24T01:15:00Z,Washington Commanders,Cincinnati Bengals,WAS,CIN,,,0,,,,,odds_api_flattened,false,16,3,3,true,true,true
nfl,5b612899d6dcdf998107f2c6c6e49a58,5b612899d6dcdf998107f2c6c6e49a58,2026-11-26,2026-11-26T01:00:00Z,Los Angeles Rams,Green Bay Packers,LAR,GB,,,0,,,,,odds_api_flattened,false,18,3,3,true,true,true
nfl,9b825e6518156008da499be041975fdd,9b825e6518156008da499be041975fdd,2026-11-26,2026-11-26T18:00:00Z,Detroit Lions,Chicago Bears,DET,CHI,,,0,,,,,odds_api_flattened,false,18,3,3,true,true,true
nfl,ffaa06af56a7137d4b078c5c46c0b730,ffaa06af56a7137d4b078c5c46c0b730,2026-11-26,2026-11-26T20:30:00Z,Dallas Cowboys,Philadelphia Eagles,DAL,PHI,,,0,,,,,odds_api_flattened,false,26,5,3,true,true,true
nfl,f36f518585aec40e8cb40e071c0844aa,f36f518585aec40e8cb40e071c0844aa,2026-11-27,2026-11-27T01:20:00Z,Buffalo Bills,Kansas City Chiefs,BUF,KC,,,0,,,,,odds_api_flattened,false,18,3,3,true,true,true
nfl,44a3bcf5bd002583ddef2207a92dd977,44a3bcf5bd002583ddef2207a92dd977,2026-11-27,2026-11-27T20:00:00Z,Pittsburgh Steelers,Denver Broncos,PIT,DEN,,,0,,,,,odds_api_flattened,false,18,3,3,true,true,true
nfl,5ea0e3ea5944b0ad5169f21c0787b331,5ea0e3ea5944b0ad5169f21c0787b331,2026-11-29,2026-11-29T18:00:00Z,Miami Dolphins,New York Jets,MIA,NYJ,,,0,,,,,odds_api_flattened,false,12,2,3,true,true,true
nfl,60d0c074801985c1062795362a24200e,60d0c074801985c1062795362a24200e,2026-11-29,2026-11-29T18:00:00Z,Houston Texans,Baltimore Ravens,HOU,BAL,,,0,,,,,odds_api_flattened,false,12,2,3,true,true,true
nfl,6a05021bdb6bab24b9bb381ffff10f0c,6a05021bdb6bab24b9bb381ffff10f0c,2026-11-29,2026-11-29T18:00:00Z,Minnesota Vikings,Atlanta Falcons,MIN,ATL,,,0,,,,,odds_api_flattened,false,12,2,3,true,true,true
nfl,81a8fee5b649a3ad5ad59e9528f2f376,81a8fee5b649a3ad5ad59e9528f2f376,2026-11-29,2026-11-29T18:00:00Z,Jacksonville Jaguars,Tennessee Titans,JAX,TEN,,,0,,,,,odds_api_flattened,false,16,3,3,true,true,true
nfl,e9da808e36e1b7475698a57465ad4519,e9da808e36e1b7475698a57465ad4519,2026-11-29,2026-11-29T18:00:00Z,Indianapolis Colts,New York Giants,IND,NYG,,,0,,,,,odds_api_flattened,false,12,2,3,true,true,true
nfl,eaa993c3d62d6b5aeb6142cdd7862fd5,eaa993c3d62d6b5aeb6142cdd7862fd5,2026-11-29,2026-11-29T18:00:00Z,Cleveland Browns,Las Vegas Raiders,CLE,LV,,,0,,,,,odds_api_flattened,false,12,2,3,true,true,true
nfl,f7d3ae7a8fe2438cef7d7d7bc67e31db,f7d3ae7a8fe2438cef7d7d7bc67e31db,2026-11-29,2026-11-29T18:00:00Z,Cincinnati Bengals,New Orleans Saints,CIN,NO,,,0,,,,,odds_api_flattened,false,16,3,3,true,true,true
nfl,69a1dbe9de3d3212c3a7a55be5d204ab,69a1dbe9de3d3212c3a7a55be5d204ab,2026-11-29,2026-11-29T21:25:00Z,Arizona Cardinals,Washington Commanders,ARI,WAS,,,0,,,,,odds_api_flattened,false,16,3,3,true,true,true
nfl,d68dced0b26726890b9c79bd19a5ffe5,d68dced0b26726890b9c79bd19a5ffe5,2026-11-29,2026-11-29T21:25:00Z,San Francisco 49ers,Seattle Seahawks,SF,SEA,,,0,,,,,odds_api_flattened,false,16,3,3,true,true,true
nfl,c64ceba13ede564e8658693e3171e7f9,c64ceba13ede564e8658693e3171e7f9,2026-11-30,2026-11-30T01:20:00Z,Los Angeles Chargers,New England Patriots,LAC,NE,,,0,,,,,odds_api_flattened,false,16,3,3,true,true,true
nfl,2cdaecba7c0bff9b58a48a82e6ee17a7,2cdaecba7c0bff9b58a48a82e6ee17a7,2026-12-01,2026-12-01T01:15:00Z,Tampa Bay Buccaneers,Carolina Panthers,TB,CAR,,,0,,,,,odds_api_flattened,false,16,3,3,true,true,true
nfl,06e52a676b516186989e3b181a37c8a7,06e52a676b516186989e3b181a37c8a7,2026-12-04,2026-12-04T01:15:00Z,Los Angeles Rams,Kansas City Chiefs,LAR,KC,,,0,,,,,odds_api_flattened,false,12,2,3,true,true,true
nfl,0236f9aa68d65ea03bd1ca025b749c20,0236f9aa68d65ea03bd1ca025b749c20,2026-12-06,2026-12-06T18:00:00Z,Chicago Bears,Jacksonville Jaguars,CHI,JAX,,,0,,,,,odds_api_flattened,false,12,2,3,true,true,true
nfl,1ccb61b811b7aae4270df22a67e6459f,1ccb61b811b7aae4270df22a67e6459f,2026-12-06,2026-12-06T18:00:00Z,New Orleans Saints,Green Bay Packers,NO,GB,,,0,,,,,odds_api_flattened,false,16,3,3,true,true,true
nfl,9a55467e1cd6310ae2af20d8154612e1,9a55467e1cd6310ae2af20d8154612e1,2026-12-06,2026-12-06T18:00:00Z,Denver Broncos,Miami Dolphins,DEN,MIA,,,0,,,,,odds_api_flattened,false,12,2,3,true,true,true
nfl,a5495c3360b3bb13da76ba23a675c9ef,a5495c3360b3bb13da76ba23a675c9ef,2026-12-06,2026-12-06T18:00:00Z,New York Giants,San Francisco 49ers,NYG,SF,,,0,,,,,odds_api_flattened,false,12,2,3,true,true,true
nfl,ae3429e95ee704c7fd001cade20072d0,ae3429e95ee704c7fd001cade20072d0,2026-12-06,2026-12-06T18:00:00Z,Tennessee Titans,Washington Commanders,TEN,WAS,,,0,,,,,odds_api_flattened,false,16,3,3,true,true,true
nfl,b447fab53534af892f98a74eae26c1c6,b447fab53534af892f98a74eae26c1c6,2026-12-06,2026-12-06T18:00:00Z,Cleveland Browns,Cincinnati Bengals,CLE,CIN,,,0,,,,,odds_api_flattened,false,12,2,3,true,true,true
nfl,c94419ba8fb818fc36a5b21b526aab75,c94419ba8fb818fc36a5b21b526aab75,2026-12-06,2026-12-06T18:00:00Z,Atlanta Falcons,Detroit Lions,ATL,DET,,,0,,,,,odds_api_flattened,false,12,2,3,true,true,true
nfl,f8a92363386bd337975650879086cca6,f8a92363386bd337975650879086cca6,2026-12-06,2026-12-06T18:00:00Z,Tampa Bay Buccaneers,Los Angeles Chargers,TB,LAC,,,0,,,,,odds_api_flattened,false,16,3,3,true,true,true
nfl,f4897f48a5351881280f7598bd826408,f4897f48a5351881280f7598bd826408,2026-12-06,2026-12-06T21:05:00Z,Arizona Cardinals,Philadelphia Eagles,ARI,PHI,,,0,,,,,odds_api_flattened,false,16,3,3,true,true,true
nfl,4116dbff75ab7957b69c2152f204b74d,4116dbff75ab7957b69c2152f204b74d,2026-12-06,2026-12-06T21:25:00Z,New England Patriots,Buffalo Bills,NE,BUF,,,0,,,,,odds_api_flattened,false,12,2,3,true,true,true
nfl,c186c605febd6370b292469c9151cfb3,c186c605febd6370b292469c9151cfb3,2026-12-06,2026-12-06T21:25:00Z,Minnesota Vikings,Carolina Panthers,MIN,CAR,,,0,,,,,odds_api_flattened,false,16,3,3,true,true,true
nfl,26bf8e165d2d273ed0772a355f07ab16,26bf8e165d2d273ed0772a355f07ab16,2026-12-07,2026-12-07T01:20:00Z,Pittsburgh Steelers,Houston Texans,PIT,HOU,,,0,,,,,odds_api_flattened,false,12,2,3,true,true,true
nfl,0db4646c964ecdff19957373fe707546,0db4646c964ecdff19957373fe707546,2026-12-08,2026-12-08T01:15:00Z,Seattle Seahawks,Dallas Cowboys,SEA,DAL,,,0,,,,,odds_api_flattened,false,12,2,3,true,true,true
nfl,01548e41e7ba5318bb25c9bc2a32f73d,01548e41e7ba5318bb25c9bc2a32f73d,2026-12-11,2026-12-11T01:15:00Z,New England Patriots,Minnesota Vikings,NE,MIN,,,0,,,,,odds_api_flattened,false,16,3,3,true,true,true
nfl,2c6added7199a59f1e9dae8492c29da4,2c6added7199a59f1e9dae8492c29da4,2026-12-13,2026-12-13T18:00:00Z,Miami Dolphins,Chicago Bears,MIA,CHI,,,0,,,,,odds_api_flattened,false,12,2,3,true,true,true
nfl,45203f985f8d1567ad19b0617dd267f8,45203f985f8d1567ad19b0617dd267f8,2026-12-13,2026-12-13T18:00:00Z,Philadelphia Eagles,Indianapolis Colts,PHI,IND,,,0,,,,,odds_api_flattened,false,16,3,3,true,true,true
nfl,5185ace33aebc87d39074147940f2fa5,5185ace33aebc87d39074147940f2fa5,2026-12-13,2026-12-13T18:00:00Z,New York Jets,Denver Broncos,NYJ,DEN,,,0,,,,,odds_api_flattened,false,12,2,3,true,true,true
nfl,5dc9cb8fba610d682dc670ae4e7d59f3,5dc9cb8fba610d682dc670ae4e7d59f3,2026-12-13,2026-12-13T18:00:00Z,Washington Commanders,Houston Texans,WAS,HOU,,,0,,,,,odds_api_flattened,false,12,2,3,true,true,true
nfl,a31f461ccd92e1072f23ccfae281ae9a,a31f461ccd92e1072f23ccfae281ae9a,2026-12-13,2026-12-13T18:00:00Z,Detroit Lions,Tennessee Titans,DET,TEN,,,0,,,,,odds_api_flattened,false,12,2,3,true,true,true
nfl,bec99e2f2b4c80e345731d69ee38d831,bec99e2f2b4c80e345731d69ee38d831,2026-12-13,2026-12-13T18:00:00Z,Baltimore Ravens,Tampa Bay Buccaneers,BAL,TB,,,0,,,,,odds_api_flattened,false,16,3,3,true,true,true
nfl,dcc7b377d3b3ec990304612bbef47d3d,dcc7b377d3b3ec990304612bbef47d3d,2026-12-13,2026-12-13T18:00:00Z,Carolina Panthers,New Orleans Saints,CAR,NO,,,0,,,,,odds_api_flattened,false,16,3,3,true,true,true
nfl,f7fba6b1804e02292ee0ce4738484258,f7fba6b1804e02292ee0ce4738484258,2026-12-13,2026-12-13T18:00:00Z,Cleveland Browns,Atlanta Falcons,CLE,ATL,,,0,,,,,odds_api_flattened,false,12,2,3,true,true,true
nfl,484c491dc1dee090d740ba077b7d9709,484c491dc1dee090d740ba077b7d9709,2026-12-13,2026-12-13T21:05:00Z,Las Vegas Raiders,Los Angeles Chargers,LV,LAC,,,0,,,,,odds_api_flattened,false,16,3,3,true,true,true
nfl,180b5fa7ea6bd0d2d9ddb9ba5ee38cc0,180b5fa7ea6bd0d2d9ddb9ba5ee38cc0,2026-12-13,2026-12-13T21:25:00Z,Cincinnati Bengals,Kansas City Chiefs,CIN,KC,,,0,,,,,odds_api_flattened,false,16,3,3,true,true,true
nfl,6174916c7e2df8d1b80a88cfbd259d44,6174916c7e2df8d1b80a88cfbd259d44,2026-12-13,2026-12-13T21:25:00Z,San Francisco 49ers,Los Angeles Rams,SF,LAR,,,0,,,,,odds_api_flattened,false,12,2,3,true,true,true
nfl,f5ab9d8455daf9e2a6c4c443fe0cd19f,f5ab9d8455daf9e2a6c4c443fe0cd19f,2026-12-13,2026-12-13T21:25:00Z,Seattle Seahawks,New York Giants,SEA,NYG,,,0,,,,,odds_api_flattened,false,12,2,3,true,true,true
nfl,c4877c048defcb80e0ab37c0688f37f6,c4877c048defcb80e0ab37c0688f37f6,2026-12-14,2026-12-14T01:20:00Z,Green Bay Packers,Buffalo Bills,GB,BUF,,,0,,,,,odds_api_flattened,false,12,2,3,true,true,true
nfl,690e2ee2ed5f0875f7cbaecdc51373f5,690e2ee2ed5f0875f7cbaecdc51373f5,2026-12-15,2026-12-15T01:15:00Z,Jacksonville Jaguars,Pittsburgh Steelers,JAX,PIT,,,0,,,,,odds_api_flattened,false,16,3,3,true,true,true
nfl,790af233087803c297861901ffa271d7,790af233087803c297861901ffa271d7,2026-12-18,2026-12-18T01:15:00Z,Los Angeles Chargers,San Francisco 49ers,LAC,SF,,,0,,,,,odds_api_flattened,false,16,3,3,true,true,true
nfl,171aba127aaad3dcbe32a02fc194eb32,171aba127aaad3dcbe32a02fc194eb32,2026-12-19,2026-12-19T22:00:00Z,Philadelphia Eagles,Seattle Seahawks,PHI,SEA,,,0,,,,,odds_api_flattened,false,16,3,3,true,true,true
nfl,784568b1df055bf7eb8780c110d5e910,784568b1df055bf7eb8780c110d5e910,2026-12-20,2026-12-20T01:20:00Z,Buffalo Bills,Chicago Bears,BUF,CHI,,,0,,,,,odds_api_flattened,false,12,2,3,true,true,true
nfl,000fc688beb4fc004ecdad115d9adb1c,000fc688beb4fc004ecdad115d9adb1c,2026-12-20,2026-12-20T18:00:00Z,Carolina Panthers,Cincinnati Bengals,CAR,CIN,,,0,,,,,odds_api_flattened,false,16,3,3,true,true,true
nfl,1cb23c83ae4af84cffcdae6b31d06e83,1cb23c83ae4af84cffcdae6b31d06e83,2026-12-20,2026-12-20T18:00:00Z,New York Giants,Cleveland Browns,NYG,CLE,,,0,,,,,odds_api_flattened,false,12,2,3,true,true,true
nfl,29211b6e78461220a2833184233f70e5,29211b6e78461220a2833184233f70e5,2026-12-20,2026-12-20T18:00:00Z,Houston Texans,Jacksonville Jaguars,HOU,JAX,,,0,,,,,odds_api_flattened,false,12,2,3,true,true,true
nfl,2f4b1899c1c278947920e0254b682d90,2f4b1899c1c278947920e0254b682d90,2026-12-20,2026-12-20T18:00:00Z,Pittsburgh Steelers,Baltimore Ravens,PIT,BAL,,,0,,,,,odds_api_flattened,false,16,3,3,true,true,true
nfl,3b696c07ff6a1ef461d023a73db17584,3b696c07ff6a1ef461d023a73db17584,2026-12-20,2026-12-20T18:00:00Z,Tennessee Titans,Indianapolis Colts,TEN,IND,,,0,,,,,odds_api_flattened,false,16,3,3,true,true,true
nfl,5931eee49f5f2656a5344e1388a68816,5931eee49f5f2656a5344e1388a68816,2026-12-20,2026-12-20T18:00:00Z,Washington Commanders,Atlanta Falcons,WAS,ATL,,,0,,,,,odds_api_flattened,false,12,2,3,true,true,true
nfl,99719df35bc2efdcc72096f865ed8841,99719df35bc2efdcc72096f865ed8841,2026-12-20,2026-12-20T18:00:00Z,Green Bay Packers,Miami Dolphins,GB,MIA,,,0,,,,,odds_api_flattened,false,12,2,3,true,true,true
nfl,e15a91cebf3480ff0b93b4fbacb09797,e15a91cebf3480ff0b93b4fbacb09797,2026-12-20,2026-12-20T18:00:00Z,Tampa Bay Buccaneers,New Orleans Saints,TB,NO,,,0,,,,,odds_api_flattened,false,16,3,3,true,true,true
nfl,d8cd12e7684fa2aa39f5b188ef6e62e0,d8cd12e7684fa2aa39f5b188ef6e62e0,2026-12-20,2026-12-20T21:05:00Z,Arizona Cardinals,New York Jets,ARI,NYJ,,,0,,,,,odds_api_flattened,false,12,2,3,true,true,true
nfl,77396e9d565860fbfd05779028223a8a,77396e9d565860fbfd05779028223a8a,2026-12-20,2026-12-20T21:25:00Z,Los Angeles Rams,Dallas Cowboys,LAR,DAL,,,0,,,,,odds_api_flattened,false,12,2,3,true,true,true
nfl,9f507007b9c0a7082c1471a5fa841336,9f507007b9c0a7082c1471a5fa841336,2026-12-20,2026-12-20T21:25:00Z,Las Vegas Raiders,Denver Broncos,LV,DEN,,,0,,,,,odds_api_flattened,false,12,2,3,true,true,true
nfl,b34897a0368d570291d44e176c0c2331,b34897a0368d570291d44e176c0c2331,2026-12-21,2026-12-21T01:20:00Z,Minnesota Vikings,Detroit Lions,MIN,DET,,,0,,,,,odds_api_flattened,false,12,2,3,true,true,true
nfl,b2759105c27a25289ea1938f290c50fd,b2759105c27a25289ea1938f290c50fd,2026-12-22,2026-12-22T01:15:00Z,Kansas City Chiefs,New England Patriots,KC,NE,,,0,,,,,odds_api_flattened,false,16,3,3,true,true,true
nfl,3f226ec5402c6ec4d84a59be80c2fa67,3f226ec5402c6ec4d84a59be80c2fa67,2026-12-25,2026-12-25T01:15:00Z,Philadelphia Eagles,Houston Texans,PHI,HOU,,,0,,,,,odds_api_flattened,false,18,3,3,true,true,true
nfl,2828c07018dfafbe96aba205809cc7ac,2828c07018dfafbe96aba205809cc7ac,2026-12-25,2026-12-25T18:00:00Z,Chicago Bears,Green Bay Packers,CHI,GB,,,0,,,,,odds_api_flattened,false,18,3,3,true,true,true
nfl,126f27c71e8130ef87de0d137e833d9b,126f27c71e8130ef87de0d137e833d9b,2026-12-25,2026-12-25T21:30:00Z,Denver Broncos,Buffalo Bills,DEN,BUF,,,0,,,,,odds_api_flattened,false,18,3,3,true,true,true
nfl,f1af9705dbd2bbe4f1555f080ad06ba2,f1af9705dbd2bbe4f1555f080ad06ba2,2026-12-26,2026-12-26T01:15:00Z,Seattle Seahawks,Los Angeles Rams,SEA,LAR,,,0,,,,,odds_api_flattened,false,18,3,3,true,true,true
nfl,0f23afce92c2f0af28973c0a7533763e,0f23afce92c2f0af28973c0a7533763e,2026-12-27,2026-12-27T18:00:00Z,Baltimore Ravens,Cleveland Browns,BAL,CLE,,,0,,,,,odds_api_flattened,false,16,3,3,true,true,true
nfl,29425f5c68826d615277cf9be2b82e00,29425f5c68826d615277cf9be2b82e00,2026-12-27,2026-12-27T18:00:00Z,Las Vegas Raiders,Tennessee Titans,LV,TEN,,,0,,,,,odds_api_flattened,false,16,3,3,true,true,true
nfl,669a7b568c2a64f9a136dadb0eda1da8,669a7b568c2a64f9a136dadb0eda1da8,2026-12-27,2026-12-27T18:00:00Z,New York Jets,New England Patriots,NYJ,NE,,,0,,,,,odds_api_flattened,false,12,2,3,true,true,true
nfl,74cb0e112d069cdbda1671ae85531f43,74cb0e112d069cdbda1671ae85531f43,2026-12-27,2026-12-27T18:00:00Z,Pittsburgh Steelers,Carolina Panthers,PIT,CAR,,,0,,,,,odds_api_flattened,false,16,3,3,true,true,true
nfl,8fd00347b6d77ce384d83cba814430d7,8fd00347b6d77ce384d83cba814430d7,2026-12-27,2026-12-27T18:00:00Z,New Orleans Saints,Arizona Cardinals,NO,ARI,,,0,,,,,odds_api_flattened,false,16,3,3,true,true,true
nfl,bd13d00f06ad222b0a1b6ea4d0add763,bd13d00f06ad222b0a1b6ea4d0add763,2026-12-27,2026-12-27T18:00:00Z,Atlanta Falcons,Tampa Bay Buccaneers,ATL,TB,,,0,,,,,odds_api_flattened,false,12,2,3,true,true,true
nfl,ca8982dccb6c3ae01525800317287f02,ca8982dccb6c3ae01525800317287f02,2026-12-27,2026-12-27T18:00:00Z,Indianapolis Colts,Cincinnati Bengals,IND,CIN,,,0,,,,,odds_api_flattened,false,16,3,3,true,true,true
nfl,cf5cefa5556bcd0156bd394171ef6c8e,cf5cefa5556bcd0156bd394171ef6c8e,2026-12-27,2026-12-27T18:00:00Z,Minnesota Vikings,Washington Commanders,MIN,WAS,,,0,,,,,odds_api_flattened,false,16,3,3,true,true,true
nfl,fe2eb511d4c2da3a8e88b85b4f4e9f7e,fe2eb511d4c2da3a8e88b85b4f4e9f7e,2026-12-27,2026-12-27T18:00:00Z,Miami Dolphins,Los Angeles Chargers,MIA,LAC,,,0,,,,,odds_api_flattened,false,12,2,3,true,true,true
nfl,fc7cce3ae7c73cc7151357829e11b6d5,fc7cce3ae7c73cc7151357829e11b6d5,2026-12-27,2026-12-27T21:25:00Z,Kansas City Chiefs,San Francisco 49ers,KC,SF,,,0,,,,,odds_api_flattened,false,16,3,3,true,true,true
nfl,b1c4ec04c3398a9efa25492000858384,b1c4ec04c3398a9efa25492000858384,2026-12-28,2026-12-28T01:20:00Z,Dallas Cowboys,Jacksonville Jaguars,DAL,JAX,,,0,,,,,odds_api_flattened,false,12,2,3,true,true,true
nfl,ca92c191ebf7361ea56f9bbc09a5f51b,ca92c191ebf7361ea56f9bbc09a5f51b,2026-12-29,2026-12-29T01:15:00Z,Detroit Lions,New York Giants,DET,NYG,,,0,,,,,odds_api_flattened,false,12,2,3,true,true,true
nfl,be268ce293cf4fad1c0c867a3ca4c257,be268ce293cf4fad1c0c867a3ca4c257,2027-01-01,2027-01-01T01:15:00Z,Cincinnati Bengals,Baltimore Ravens,CIN,BAL,,,0,,,,,odds_api_flattened,false,16,3,3,true,true,true
nfl,419106b9bcc9f7ef39cfc2d1ee9a3f87,419106b9bcc9f7ef39cfc2d1ee9a3f87,2027-01-03,2027-01-03T18:00:00Z,Tampa Bay Buccaneers,Los Angeles Rams,TB,LAR,,,0,,,,,odds_api_flattened,false,12,2,3,true,true,true
nfl,b009f04b4f61b264a5163157c3439dc1,b009f04b4f61b264a5163157c3439dc1,2027-01-03,2027-01-03T18:00:00Z,Carolina Panthers,Seattle Seahawks,CAR,SEA,,,0,,,,,odds_api_flattened,false,16,3,3,true,true,true
nfl,bfe51fa0034c9d22a69ffd80e2d717f5,bfe51fa0034c9d22a69ffd80e2d717f5,2027-01-03,2027-01-03T18:00:00Z,New York Jets,Minnesota Vikings,NYJ,MIN,,,0,,,,,odds_api_flattened,false,12,2,3,true,true,true
nfl,c8945d476449633912cf51a346ac98ca,c8945d476449633912cf51a346ac98ca,2027-01-03,2027-01-03T18:00:00Z,Dallas Cowboys,New York Giants,DAL,NYG,,,0,,,,,odds_api_flattened,false,12,2,3,true,true,true
nfl,c96a3e9e40569b4ed5a546dff131c61d,c96a3e9e40569b4ed5a546dff131c61d,2027-01-03,2027-01-03T18:00:00Z,Jacksonville Jaguars,Washington Commanders,JAX,WAS,,,0,,,,,odds_api_flattened,false,16,3,3,true,true,true
nfl,d0ffa5ed13cbd7610f9176041464404a,d0ffa5ed13cbd7610f9176041464404a,2027-01-03,2027-01-03T18:00:00Z,Tennessee Titans,Pittsburgh Steelers,TEN,PIT,,,0,,,,,odds_api_flattened,false,16,3,3,true,true,true
nfl,d9a186d988a3ede2a33e504f4890fe52,d9a186d988a3ede2a33e504f4890fe52,2027-01-03,2027-01-03T18:00:00Z,Miami Dolphins,Buffalo Bills,MIA,BUF,,,0,,,,,odds_api_flattened,false,12,2,3,true,true,true
nfl,e5dd9cc3fd5452d55c250949e946743d,e5dd9cc3fd5452d55c250949e946743d,2027-01-03,2027-01-03T18:00:00Z,Atlanta Falcons,New Orleans Saints,ATL,NO,,,0,,,,,odds_api_flattened,false,12,2,3,true,true,true
nfl,f2e03f9b857485bb13211ee0f5eb5935,f2e03f9b857485bb13211ee0f5eb5935,2027-01-03,2027-01-03T18:00:00Z,Cleveland Browns,Indianapolis Colts,CLE,IND,,,0,,,,,odds_api_flattened,false,12,2,3,true,true,true
nfl,f62dba1e231083f489c391271a1f171c,f62dba1e231083f489c391271a1f171c,2027-01-03,2027-01-03T18:00:00Z,New England Patriots,Denver Broncos,NE,DEN,,,0,,,,,odds_api_flattened,false,12,2,3,true,true,true
nfl,08abdb683fcb6d77f66baed136f47283,08abdb683fcb6d77f66baed136f47283,2027-01-03,2027-01-03T21:05:00Z,Arizona Cardinals,Las Vegas Raiders,ARI,LV,,,0,,,,,odds_api_flattened,false,16,3,3,true,true,true
nfl,12089441cea51add4694cdde98b4a5b7,12089441cea51add4694cdde98b4a5b7,2027-01-03,2027-01-03T21:25:00Z,Chicago Bears,Detroit Lions,CHI,DET,,,0,,,,,odds_api_flattened,false,12,2,3,true,true,true
nfl,67d842cb73300ef923959105698b63bb,67d842cb73300ef923959105698b63bb,2027-01-03,2027-01-03T21:25:00Z,Los Angeles Chargers,Kansas City Chiefs,LAC,KC,,,0,,,,,odds_api_flattened,false,16,3,3,true,true,true
nfl,e7820b1226edbb1ef1fddce6b20f963d,e7820b1226edbb1ef1fddce6b20f963d,2027-01-04,2027-01-04T01:20:00Z,San Francisco 49ers,Philadelphia Eagles,SF,PHI,,,0,,,,,odds_api_flattened,false,16,3,3,true,true,true
nfl,37bc346543da471e067b695b862ccfe9,37bc346543da471e067b695b862ccfe9,2027-01-05,2027-01-05T01:15:00Z,Green Bay Packers,Houston Texans,GB,HOU,,,0,,,,,odds_api_flattened,false,12,2,3,true,true,true
nfl,01baed6f9d6482c5d89d37379c7c63c7,01baed6f9d6482c5d89d37379c7c63c7,2027-01-10,2027-01-10T18:00:00Z,New York Giants,Philadelphia Eagles,NYG,PHI,,,0,,,,,odds_api_flattened,false,6,1,3,true,true,true
nfl,3f460f14b810d7bf642bdf7b658530c0,3f460f14b810d7bf642bdf7b658530c0,2027-01-10,2027-01-10T18:00:00Z,Washington Commanders,Dallas Cowboys,WAS,DAL,,,0,,,,,odds_api_flattened,false,6,1,3,true,true,true
nfl,71d0d10e384393c1e071c39dd3931c19,71d0d10e384393c1e071c39dd3931c19,2027-01-10,2027-01-10T18:00:00Z,Denver Broncos,Los Angeles Chargers,DEN,LAC,,,0,,,,,odds_api_flattened,false,6,1,3,true,true,true
nfl,7b8ce34c0e173e4ff6ccf8e8caa09113,7b8ce34c0e173e4ff6ccf8e8caa09113,2027-01-10,2027-01-10T18:00:00Z,New Orleans Saints,Tampa Bay Buccaneers,NO,TB,,,0,,,,,odds_api_flattened,false,10,2,3,true,true,true
nfl,7f809a45bc8baedf0cb0259e7da7cd29,7f809a45bc8baedf0cb0259e7da7cd29,2027-01-10,2027-01-10T18:00:00Z,Carolina Panthers,Atlanta Falcons,CAR,ATL,,,0,,,,,odds_api_flattened,false,6,1,3,true,true,true
nfl,8c16104c8afc72b583531508b2aa1c33,8c16104c8afc72b583531508b2aa1c33,2027-01-10,2027-01-10T18:00:00Z,Cincinnati Bengals,Cleveland Browns,CIN,CLE,,,0,,,,,odds_api_flattened,false,6,1,3,true,true,true
nfl,8f81778bbdb984be44e24a3d55a49b4d,8f81778bbdb984be44e24a3d55a49b4d,2027-01-10,2027-01-10T18:00:00Z,Green Bay Packers,Detroit Lions,GB,DET,,,0,,,,,odds_api_flattened,false,6,1,3,true,true,true
nfl,97cbd9ad26dff1af47192120defe112d,97cbd9ad26dff1af47192120defe112d,2027-01-10,2027-01-10T18:00:00Z,Buffalo Bills,New York Jets,BUF,NYJ,,,0,,,,,odds_api_flattened,false,6,1,3,true,true,true
nfl,9bb63096709ba607443c454d2a813b14,9bb63096709ba607443c454d2a813b14,2027-01-10,2027-01-10T18:00:00Z,Houston Texans,Tennessee Titans,HOU,TEN,,,0,,,,,odds_api_flattened,false,6,1,3,true,true,true
nfl,bb66a6f02c535c0cd8b9c689a5513687,bb66a6f02c535c0cd8b9c689a5513687,2027-01-10,2027-01-10T18:00:00Z,Kansas City Chiefs,Las Vegas Raiders,KC,LV,,,0,,,,,odds_api_flattened,false,10,2,3,true,true,true
nfl,bea47af467e217653bba8d69888e4d95,bea47af467e217653bba8d69888e4d95,2027-01-10,2027-01-10T18:00:00Z,Indianapolis Colts,Jacksonville Jaguars,IND,JAX,,,0,,,,,odds_api_flattened,false,10,2,3,true,true,true
nfl,d190fb7ea85c33b96a495041dad22142,d190fb7ea85c33b96a495041dad22142,2027-01-10,2027-01-10T18:00:00Z,Minnesota Vikings,Chicago Bears,MIN,CHI,,,0,,,,,odds_api_flattened,false,6,1,3,true,true,true
nfl,d7da5587a88a7fc35c36b453d3264d5a,d7da5587a88a7fc35c36b453d3264d5a,2027-01-10,2027-01-10T18:00:00Z,Baltimore Ravens,Pittsburgh Steelers,BAL,PIT,,,0,,,,,odds_api_flattened,false,10,2,3,true,true,true
nfl,f370f9410ef82b37bd15d1719434370b,f370f9410ef82b37bd15d1719434370b,2027-01-10,2027-01-10T18:00:00Z,New England Patriots,Miami Dolphins,NE,MIA,,,0,,,,,odds_api_flattened,false,6,1,3,true,true,true
nfl,dc2d9177b48e6f3962dabb1407aba7d3,dc2d9177b48e6f3962dabb1407aba7d3,2027-01-10,2027-01-10T21:05:00Z,Los Angeles Rams,Seattle Seahawks,LAR,SEA,,,0,,,,,odds_api_flattened,false,6,1,3,true,true,true
nfl,f1480276ab67dcf60686556ba9336695,f1480276ab67dcf60686556ba9336695,2027-01-10,2027-01-10T21:05:00Z,Arizona Cardinals,San Francisco 49ers,ARI,SF,,,0,,,,,odds_api_flattened,false,10,2,3,true,true,true
